<?xml version="1.0" encoding="utf-8"?>
<COLLADA xmlns="http://www.collada.org/2005/11/COLLADASchema" version="1.4.1">
  <asset><contributor><author></author><authoring_tool>FBX COLLADA exporter</authoring_tool><comments></comments></contributor><created>2025-11-23T18:57:59Z</created><keywords></keywords><modified>2025-11-23T18:57:59Z</modified><revision></revision><subject></subject><title></title><unit meter="0.010000" name="centimeter"></unit><up_axis>Y_UP</up_axis></asset>
  <library_animations>
    <animation id="Armature.001-anim" name="Armature.001"><animation><source id="Armature.001-Matrix-animation-input"><float_array id="Armature.001-Matrix-animation-input-array" count="30">

0.033333 0.066667 0.100000 0.133333 0.166667 0.200000 0.233333 0.266667 0.300000 0.333333 0.366667 0.400000 0.433333 0.466667 0.500000 0.533333
0.566667 0.600000 0.633333 0.666667 0.700000 0.733333 0.766667 0.800000 0.833333 0.866667 0.900000 0.933333 0.966667 1.000000</float_array><technique_common><accessor source="#Armature.001-Matrix-animation-input-array" count="30"><param name="TIME" type="float"/></accessor></technique_common></source><source id="Armature.001-Matrix-animation-output-transform"><float_array id="Armature.001-Matrix-animation-output-transform-array" count="480">

1.000000 0.000000 0.000000 0.000000 0.000000 1.000000 -0.000000 0.000000 0.000000 0.000000 1.000000 0.000000 0.000000 0.000000 0.000000 1.000000
1.000000 0.000000 0.000000 0.000000 0.000000 1.000000 -0.000000 0.000000 0.000000 0.000000 1.000000 0.000000 0.000000 0.000000 0.000000 1.000000
1.000000 0.000000 0.000000 0.000000 0.000000 1.000000 -0.000000 0.000000 0.000000 0.000000 1.000000 0.000000 0.000000 0.000000 0.000000 1.000000
1.000000 0.000000 0.000000 0.000000 0.000000 1.000000 -0.000000 0.000000 0.000000 0.000000 1.000000 0.000000 0.000000 0.000000 0.000000 1.000000
1.000000 0.000000 0.000000 0.000000 0.000000 1.000000 -0.000000 0.000000 0.000000 0.000000 1.000000 0.000000 0.000000 0.000000 0.000000 1.000000
1.000000 0.000000 0.000000 0.000000 0.000000 1.000000 -0.000000 0.000000 0.000000 0.000000 1.000000 0.000000 0.000000 0.000000 0.000000 1.000000
1.000000 0.000000 0.000000 0.000000 0.000000 1.000000 -0.000000 0.000000 0.000000 0.000000 1.000000 0.000000 0.000000 0.000000 0.000000 1.000000
1.000000 0.000000 0.000000 0.000000 0.000000 1.000000 -0.000000 0.000000 0.000000 0.000000 1.000000 0.000000 0.000000 0.000000 0.000000 1.000000
1.000000 0.000000 0.000000 0.000000 0.000000 1.000000 -0.000000 0.000000 0.000000 0.000000 1.000000 0.000000 0.000000 0.000000 0.000000 1.000000
1.000000 0.000000 0.000000 0.000000 0.000000 1.000000 -0.000000 0.000000 0.000000 0.000000 1.000000 0.000000 0.000000 0.000000 0.000000 1.000000
1.000000 0.000000 0.000000 0.000000 0.000000 1.000000 -0.000000 0.000000 0.000000 0.000000 1.000000 0.000000 0.000000 0.000000 0.000000 1.000000
1.000000 0.000000 0.000000 0.000000 0.000000 1.000000 -0.000000 0.000000 0.000000 0.000000 1.000000 0.000000 0.000000 0.000000 0.000000 1.000000
1.000000 0.000000 0.000000 0.000000 0.000000 1.000000 -0.000000 0.000000 0.000000 0.000000 1.000000 0.000000 0.000000 0.000000 0.000000 1.000000
1.000000 0.000000 0.000000 0.000000 0.000000 1.000000 -0.000000 0.000000 0.000000 0.000000 1.000000 0.000000 0.000000 0.000000 0.000000 1.000000
1.000000 0.000000 0.000000 0.000000 0.000000 1.000000 -0.000000 0.000000 0.000000 0.000000 1.000000 0.000000 0.000000 0.000000 0.000000 1.000000
1.000000 0.000000 0.000000 0.000000 0.000000 1.000000 -0.000000 0.000000 0.000000 0.000000 1.000000 0.000000 0.000000 0.000000 0.000000 1.000000
1.000000 0.000000 0.000000 0.000000 0.000000 1.000000 -0.000000 0.000000 0.000000 0.000000 1.000000 0.000000 0.000000 0.000000 0.000000 1.000000
1.000000 0.000000 0.000000 0.000000 0.000000 1.000000 -0.000000 0.000000 0.000000 0.000000 1.000000 0.000000 0.000000 0.000000 0.000000 1.000000
1.000000 0.000000 0.000000 0.000000 0.000000 1.000000 -0.000000 0.000000 0.000000 0.000000 1.000000 0.000000 0.000000 0.000000 0.000000 1.000000
1.000000 0.000000 0.000000 0.000000 0.000000 1.000000 -0.000000 0.000000 0.000000 0.000000 1.000000 0.000000 0.000000 0.000000 0.000000 1.000000
1.000000 0.000000 0.000000 0.000000 0.000000 1.000000 -0.000000 0.000000 0.000000 0.000000 1.000000 0.000000 0.000000 0.000000 0.000000 1.000000
1.000000 0.000000 0.000000 0.000000 0.000000 1.000000 -0.000000 0.000000 0.000000 0.000000 1.000000 0.000000 0.000000 0.000000 0.000000 1.000000
1.000000 0.000000 0.000000 0.000000 0.000000 1.000000 -0.000000 0.000000 0.000000 0.000000 1.000000 0.000000 0.000000 0.000000 0.000000 1.000000
1.000000 0.000000 0.000000 0.000000 0.000000 1.000000 -0.000000 0.000000 0.000000 0.000000 1.000000 0.000000 0.000000 0.000000 0.000000 1.000000
1.000000 0.000000 0.000000 0.000000 0.000000 1.000000 -0.000000 0.000000 0.000000 0.000000 1.000000 0.000000 0.000000 0.000000 0.000000 1.000000
1.000000 0.000000 0.000000 0.000000 0.000000 1.000000 -0.000000 0.000000 0.000000 0.000000 1.000000 0.000000 0.000000 0.000000 0.000000 1.000000
1.000000 0.000000 0.000000 0.000000 0.000000 1.000000 -0.000000 0.000000 0.000000 0.000000 1.000000 0.000000 0.000000 0.000000 0.000000 1.000000
1.000000 0.000000 0.000000 0.000000 0.000000 1.000000 -0.000000 0.000000 0.000000 0.000000 1.000000 0.000000 0.000000 0.000000 0.000000 1.000000
1.000000 0.000000 0.000000 0.000000 0.000000 1.000000 -0.000000 0.000000 0.000000 0.000000 1.000000 0.000000 0.000000 0.000000 0.000000 1.000000
1.000000 0.000000 0.000000 0.000000 0.000000 1.000000 -0.000000 0.000000 0.000000 0.000000 1.000000 0.000000 0.000000 0.000000 0.000000 1.000000</float_array><technique_common><accessor source="#Armature.001-Matrix-animation-output-transform-array" count="30" stride="16"><param type="float4x4"/></accessor></technique_common></source><source id="Armature.001-Interpolations"><Name_array id="Armature.001-Interpolations-array" count="30">
 LINEAR LINEAR LINEAR LINEAR LINEAR LINEAR LINEAR LINEAR LINEAR LINEAR LINEAR
LINEAR LINEAR LINEAR LINEAR LINEAR LINEAR LINEAR LINEAR LINEAR LINEAR LINEAR LINEAR
LINEAR LINEAR LINEAR LINEAR LINEAR LINEAR LINEAR</Name_array><technique_common><accessor source="#Armature.001-Interpolations-array" count="30"><param type="name"/></accessor></technique_common></source><sampler id="Armature.001-Matrix-animation-transform"><input semantic="INPUT" source="#Armature.001-Matrix-animation-input"/><input semantic="OUTPUT" source="#Armature.001-Matrix-animation-output-transform"/><input semantic="INTERPOLATION" source="#Armature.001-Interpolations"/></sampler><channel source="#Armature.001-Matrix-animation-transform" target="Armature.001/matrix"/></animation></animation>
    <animation id="HIK_root_jnt-anim" name="HIK_root_jnt"><animation><source id="HIK_root_jnt-Matrix-animation-input"><float_array id="HIK_root_jnt-Matrix-animation-input-array" count="30">

0.033333 0.066667 0.100000 0.133333 0.166667 0.200000 0.233333 0.266667 0.300000 0.333333 0.366667 0.400000 0.433333 0.466667 0.500000 0.533333
0.566667 0.600000 0.633333 0.666667 0.700000 0.733333 0.766667 0.800000 0.833333 0.866667 0.900000 0.933333 0.966667 1.000000</float_array><technique_common><accessor source="#HIK_root_jnt-Matrix-animation-input-array" count="30"><param name="TIME" type="float"/></accessor></technique_common></source><source id="HIK_root_jnt-Matrix-animation-output-transform"><float_array id="HIK_root_jnt-Matrix-animation-output-transform-array" count="480">

1.000000 0.000000 0.000000 0.000000 0.000000 1.000000 -0.000000 0.000000 0.000000 0.000000 1.000000 0.000000 0.000000 0.000000 0.000000 1.000000
1.000000 0.000000 0.000000 0.000000 0.000000 1.000000 -0.000000 0.000000 0.000000 0.000000 1.000000 0.000000 0.000000 0.000000 0.000000 1.000000
1.000000 0.000000 0.000000 0.000000 0.000000 1.000000 -0.000000 0.000000 0.000000 0.000000 1.000000 0.000000 0.000000 0.000000 0.000000 1.000000
1.000000 0.000000 0.000000 0.000000 0.000000 1.000000 -0.000000 0.000000 0.000000 0.000000 1.000000 0.000000 0.000000 0.000000 0.000000 1.000000
1.000000 0.000000 0.000000 0.000000 0.000000 1.000000 -0.000000 0.000000 0.000000 0.000000 1.000000 0.000000 0.000000 0.000000 0.000000 1.000000
1.000000 0.000000 0.000000 0.000000 0.000000 1.000000 -0.000000 0.000000 0.000000 0.000000 1.000000 0.000000 0.000000 0.000000 0.000000 1.000000
1.000000 0.000000 0.000000 0.000000 0.000000 1.000000 -0.000000 0.000000 0.000000 0.000000 1.000000 0.000000 0.000000 0.000000 0.000000 1.000000
1.000000 0.000000 0.000000 0.000000 0.000000 1.000000 -0.000000 0.000000 0.000000 0.000000 1.000000 0.000000 0.000000 0.000000 0.000000 1.000000
1.000000 0.000000 0.000000 0.000000 0.000000 1.000000 -0.000000 0.000000 0.000000 0.000000 1.000000 0.000000 0.000000 0.000000 0.000000 1.000000
1.000000 0.000000 0.000000 0.000000 0.000000 1.000000 -0.000000 0.000000 0.000000 0.000000 1.000000 0.000000 0.000000 0.000000 0.000000 1.000000
1.000000 0.000000 0.000000 0.000000 0.000000 1.000000 -0.000000 0.000000 0.000000 0.000000 1.000000 0.000000 0.000000 0.000000 0.000000 1.000000
1.000000 0.000000 0.000000 0.000000 0.000000 1.000000 -0.000000 0.000000 0.000000 0.000000 1.000000 0.000000 0.000000 0.000000 0.000000 1.000000
1.000000 0.000000 0.000000 0.000000 0.000000 1.000000 -0.000000 0.000000 0.000000 0.000000 1.000000 0.000000 0.000000 0.000000 0.000000 1.000000
1.000000 0.000000 0.000000 0.000000 0.000000 1.000000 -0.000000 0.000000 0.000000 0.000000 1.000000 0.000000 0.000000 0.000000 0.000000 1.000000
1.000000 0.000000 0.000000 0.000000 0.000000 1.000000 -0.000000 0.000000 0.000000 0.000000 1.000000 0.000000 0.000000 0.000000 0.000000 1.000000
1.000000 0.000000 0.000000 0.000000 0.000000 1.000000 -0.000000 0.000000 0.000000 0.000000 1.000000 0.000000 0.000000 0.000000 0.000000 1.000000
1.000000 0.000000 0.000000 0.000000 0.000000 1.000000 -0.000000 0.000000 0.000000 0.000000 1.000000 0.000000 0.000000 0.000000 0.000000 1.000000
1.000000 0.000000 0.000000 0.000000 0.000000 1.000000 -0.000000 0.000000 0.000000 0.000000 1.000000 0.000000 0.000000 0.000000 0.000000 1.000000
1.000000 0.000000 0.000000 0.000000 0.000000 1.000000 -0.000000 0.000000 0.000000 0.000000 1.000000 0.000000 0.000000 0.000000 0.000000 1.000000
1.000000 0.000000 0.000000 0.000000 0.000000 1.000000 -0.000000 0.000000 0.000000 0.000000 1.000000 0.000000 0.000000 0.000000 0.000000 1.000000
1.000000 0.000000 0.000000 0.000000 0.000000 1.000000 -0.000000 0.000000 0.000000 0.000000 1.000000 0.000000 0.000000 0.000000 0.000000 1.000000
1.000000 0.000000 0.000000 0.000000 0.000000 1.000000 -0.000000 0.000000 0.000000 0.000000 1.000000 0.000000 0.000000 0.000000 0.000000 1.000000
1.000000 0.000000 0.000000 0.000000 0.000000 1.000000 -0.000000 0.000000 0.000000 0.000000 1.000000 0.000000 0.000000 0.000000 0.000000 1.000000
1.000000 0.000000 0.000000 0.000000 0.000000 1.000000 -0.000000 0.000000 0.000000 0.000000 1.000000 0.000000 0.000000 0.000000 0.000000 1.000000
1.000000 0.000000 0.000000 0.000000 0.000000 1.000000 -0.000000 0.000000 0.000000 0.000000 1.000000 0.000000 0.000000 0.000000 0.000000 1.000000
1.000000 0.000000 0.000000 0.000000 0.000000 1.000000 -0.000000 0.000000 0.000000 0.000000 1.000000 0.000000 0.000000 0.000000 0.000000 1.000000
1.000000 0.000000 0.000000 0.000000 0.000000 1.000000 -0.000000 0.000000 0.000000 0.000000 1.000000 0.000000 0.000000 0.000000 0.000000 1.000000
1.000000 0.000000 0.000000 0.000000 0.000000 1.000000 -0.000000 0.000000 0.000000 0.000000 1.000000 0.000000 0.000000 0.000000 0.000000 1.000000
1.000000 0.000000 0.000000 0.000000 0.000000 1.000000 -0.000000 0.000000 0.000000 0.000000 1.000000 0.000000 0.000000 0.000000 0.000000 1.000000
1.000000 0.000000 0.000000 0.000000 0.000000 1.000000 -0.000000 0.000000 0.000000 0.000000 1.000000 0.000000 0.000000 0.000000 0.000000 1.000000</float_array><technique_common><accessor source="#HIK_root_jnt-Matrix-animation-output-transform-array" count="30" stride="16"><param type="float4x4"/></accessor></technique_common></source><source id="HIK_root_jnt-Interpolations"><Name_array id="HIK_root_jnt-Interpolations-array" count="30">
 LINEAR LINEAR LINEAR LINEAR LINEAR LINEAR LINEAR LINEAR LINEAR LINEAR LINEAR
LINEAR LINEAR LINEAR LINEAR LINEAR LINEAR LINEAR LINEAR LINEAR LINEAR LINEAR LINEAR
LINEAR LINEAR LINEAR LINEAR LINEAR LINEAR LINEAR</Name_array><technique_common><accessor source="#HIK_root_jnt-Interpolations-array" count="30"><param type="name"/></accessor></technique_common></source><sampler id="HIK_root_jnt-Matrix-animation-transform"><input semantic="INPUT" source="#HIK_root_jnt-Matrix-animation-input"/><input semantic="OUTPUT" source="#HIK_root_jnt-Matrix-animation-output-transform"/><input semantic="INTERPOLATION" source="#HIK_root_jnt-Interpolations"/></sampler><channel source="#HIK_root_jnt-Matrix-animation-transform" target="HIK_root_jnt/matrix"/></animation></animation>
    <animation id="root_jnt-anim" name="root_jnt"><animation><source id="root_jnt-Matrix-animation-input"><float_array id="root_jnt-Matrix-animation-input-array" count="30">

0.033333 0.066667 0.100000 0.133333 0.166667 0.200000 0.233333 0.266667 0.300000 0.333333 0.366667 0.400000 0.433333 0.466667 0.500000 0.533333
0.566667 0.600000 0.633333 0.666667 0.700000 0.733333 0.766667 0.800000 0.833333 0.866667 0.900000 0.933333 0.966667 1.000000</float_array><technique_common><accessor source="#root_jnt-Matrix-animation-input-array" count="30"><param name="TIME" type="float"/></accessor></technique_common></source><source id="root_jnt-Matrix-animation-output-transform"><float_array id="root_jnt-Matrix-animation-output-transform-array" count="480">

1.000000 0.000000 0.000000 0.000000 0.000000 1.000000 -0.000000 0.000000 0.000000 0.000000 1.000000 0.000000 0.000000 0.000000 0.000000 1.000000
1.000000 0.000000 0.000000 0.000000 0.000000 1.000000 -0.000000 0.000000 0.000000 0.000000 1.000000 0.000000 0.000000 0.000000 0.000000 1.000000
1.000000 0.000000 0.000000 0.000000 0.000000 1.000000 -0.000000 0.000000 0.000000 0.000000 1.000000 0.000000 0.000000 0.000000 0.000000 1.000000
1.000000 0.000000 0.000000 0.000000 0.000000 1.000000 -0.000000 0.000000 0.000000 0.000000 1.000000 0.000000 0.000000 0.000000 0.000000 1.000000
1.000000 0.000000 0.000000 0.000000 0.000000 1.000000 -0.000000 0.000000 0.000000 0.000000 1.000000 0.000000 0.000000 0.000000 0.000000 1.000000
1.000000 0.000000 0.000000 0.000000 0.000000 1.000000 -0.000000 0.000000 0.000000 0.000000 1.000000 0.000000 0.000000 0.000000 0.000000 1.000000
1.000000 0.000000 0.000000 0.000000 0.000000 1.000000 -0.000000 0.000000 0.000000 0.000000 1.000000 0.000000 0.000000 0.000000 0.000000 1.000000
1.000000 0.000000 0.000000 0.000000 0.000000 1.000000 -0.000000 0.000000 0.000000 0.000000 1.000000 0.000000 0.000000 0.000000 0.000000 1.000000
1.000000 0.000000 0.000000 0.000000 0.000000 1.000000 -0.000000 0.000000 0.000000 0.000000 1.000000 0.000000 0.000000 0.000000 0.000000 1.000000
1.000000 0.000000 0.000000 0.000000 0.000000 1.000000 -0.000000 0.000000 0.000000 0.000000 1.000000 0.000000 0.000000 0.000000 0.000000 1.000000
1.000000 0.000000 0.000000 0.000000 0.000000 1.000000 -0.000000 0.000000 0.000000 0.000000 1.000000 0.000000 0.000000 0.000000 0.000000 1.000000
1.000000 0.000000 0.000000 0.000000 0.000000 1.000000 -0.000000 0.000000 0.000000 0.000000 1.000000 0.000000 0.000000 0.000000 0.000000 1.000000
1.000000 0.000000 0.000000 0.000000 0.000000 1.000000 -0.000000 0.000000 0.000000 0.000000 1.000000 0.000000 0.000000 0.000000 0.000000 1.000000
1.000000 0.000000 0.000000 0.000000 0.000000 1.000000 -0.000000 0.000000 0.000000 0.000000 1.000000 0.000000 0.000000 0.000000 0.000000 1.000000
1.000000 0.000000 0.000000 0.000000 0.000000 1.000000 -0.000000 0.000000 0.000000 0.000000 1.000000 0.000000 0.000000 0.000000 0.000000 1.000000
1.000000 0.000000 0.000000 0.000000 0.000000 1.000000 -0.000000 0.000000 0.000000 0.000000 1.000000 0.000000 0.000000 0.000000 0.000000 1.000000
1.000000 0.000000 0.000000 0.000000 0.000000 1.000000 -0.000000 0.000000 0.000000 0.000000 1.000000 0.000000 0.000000 0.000000 0.000000 1.000000
1.000000 0.000000 0.000000 0.000000 0.000000 1.000000 -0.000000 0.000000 0.000000 0.000000 1.000000 0.000000 0.000000 0.000000 0.000000 1.000000
1.000000 0.000000 0.000000 0.000000 0.000000 1.000000 -0.000000 0.000000 0.000000 0.000000 1.000000 0.000000 0.000000 0.000000 0.000000 1.000000
1.000000 0.000000 0.000000 0.000000 0.000000 1.000000 -0.000000 0.000000 0.000000 0.000000 1.000000 0.000000 0.000000 0.000000 0.000000 1.000000
1.000000 0.000000 0.000000 0.000000 0.000000 1.000000 -0.000000 0.000000 0.000000 0.000000 1.000000 0.000000 0.000000 0.000000 0.000000 1.000000
1.000000 0.000000 0.000000 0.000000 0.000000 1.000000 -0.000000 0.000000 0.000000 0.000000 1.000000 0.000000 0.000000 0.000000 0.000000 1.000000
1.000000 0.000000 0.000000 0.000000 0.000000 1.000000 -0.000000 0.000000 0.000000 0.000000 1.000000 0.000000 0.000000 0.000000 0.000000 1.000000
1.000000 0.000000 0.000000 0.000000 0.000000 1.000000 -0.000000 0.000000 0.000000 0.000000 1.000000 0.000000 0.000000 0.000000 0.000000 1.000000
1.000000 0.000000 0.000000 0.000000 0.000000 1.000000 -0.000000 0.000000 0.000000 0.000000 1.000000 0.000000 0.000000 0.000000 0.000000 1.000000
1.000000 0.000000 0.000000 0.000000 0.000000 1.000000 -0.000000 0.000000 0.000000 0.000000 1.000000 0.000000 0.000000 0.000000 0.000000 1.000000
1.000000 0.000000 0.000000 0.000000 0.000000 1.000000 -0.000000 0.000000 0.000000 0.000000 1.000000 0.000000 0.000000 0.000000 0.000000 1.000000
1.000000 0.000000 0.000000 0.000000 0.000000 1.000000 -0.000000 0.000000 0.000000 0.000000 1.000000 0.000000 0.000000 0.000000 0.000000 1.000000
1.000000 0.000000 0.000000 0.000000 0.000000 1.000000 -0.000000 0.000000 0.000000 0.000000 1.000000 0.000000 0.000000 0.000000 0.000000 1.000000
1.000000 0.000000 0.000000 0.000000 0.000000 1.000000 -0.000000 0.000000 0.000000 0.000000 1.000000 0.000000 0.000000 0.000000 0.000000 1.000000</float_array><technique_common><accessor source="#root_jnt-Matrix-animation-output-transform-array" count="30" stride="16"><param type="float4x4"/></accessor></technique_common></source><source id="root_jnt-Interpolations"><Name_array id="root_jnt-Interpolations-array" count="30">
 LINEAR LINEAR LINEAR LINEAR LINEAR LINEAR LINEAR LINEAR LINEAR LINEAR LINEAR
LINEAR LINEAR LINEAR LINEAR LINEAR LINEAR LINEAR LINEAR LINEAR LINEAR LINEAR LINEAR
LINEAR LINEAR LINEAR LINEAR LINEAR LINEAR LINEAR</Name_array><technique_common><accessor source="#root_jnt-Interpolations-array" count="30"><param type="name"/></accessor></technique_common></source><sampler id="root_jnt-Matrix-animation-transform"><input semantic="INPUT" source="#root_jnt-Matrix-animation-input"/><input semantic="OUTPUT" source="#root_jnt-Matrix-animation-output-transform"/><input semantic="INTERPOLATION" source="#root_jnt-Interpolations"/></sampler><channel source="#root_jnt-Matrix-animation-transform" target="root_jnt/matrix"/></animation></animation>
    <animation id="jnt_hips-anim" name="jnt_hips"><animation><source id="jnt_hips-Matrix-animation-input"><float_array id="jnt_hips-Matrix-animation-input-array" count="30">

0.033333 0.066667 0.100000 0.133333 0.166667 0.200000 0.233333 0.266667 0.300000 0.333333 0.366667 0.400000 0.433333 0.466667 0.500000 0.533333
0.566667 0.600000 0.633333 0.666667 0.700000 0.733333 0.766667 0.800000 0.833333 0.866667 0.900000 0.933333 0.966667 1.000000</float_array><technique_common><accessor source="#jnt_hips-Matrix-animation-input-array" count="30"><param name="TIME" type="float"/></accessor></technique_common></source><source id="jnt_hips-Matrix-animation-output-transform"><float_array id="jnt_hips-Matrix-animation-output-transform-array" count="480">

1.000000 0.000000 0.000000 0.000000 0.000000 1.000000 0.000000 2.061423 0.000000 -0.000000 1.000000 -0.094053 0.000000 0.000000 0.000000 1.000000
1.000000 0.000000 0.000000 0.000000 0.000000 1.000000 0.000000 2.061423 0.000000 -0.000000 1.000000 -0.094053 0.000000 0.000000 0.000000 1.000000
1.000000 0.000000 0.000000 0.000000 0.000000 1.000000 0.000000 2.061423 0.000000 -0.000000 1.000000 -0.094053 0.000000 0.000000 0.000000 1.000000
1.000000 0.000000 0.000000 0.000000 0.000000 1.000000 0.000000 2.061423 0.000000 -0.000000 1.000000 -0.094053 0.000000 0.000000 0.000000 1.000000
1.000000 0.000000 0.000000 0.000000 0.000000 1.000000 0.000000 2.061423 0.000000 -0.000000 1.000000 -0.094053 0.000000 0.000000 0.000000 1.000000
1.000000 0.000000 0.000000 0.000000 0.000000 1.000000 0.000000 2.061423 0.000000 -0.000000 1.000000 -0.094053 0.000000 0.000000 0.000000 1.000000
1.000000 0.000000 0.000000 0.000000 0.000000 1.000000 0.000000 2.061423 0.000000 -0.000000 1.000000 -0.094053 0.000000 0.000000 0.000000 1.000000
1.000000 0.000000 0.000000 0.000000 0.000000 1.000000 0.000000 2.061423 0.000000 -0.000000 1.000000 -0.094053 0.000000 0.000000 0.000000 1.000000
1.000000 0.000000 0.000000 0.000000 0.000000 1.000000 0.000000 2.061423 0.000000 -0.000000 1.000000 -0.094053 0.000000 0.000000 0.000000 1.000000
1.000000 0.000000 0.000000 0.000000 0.000000 1.000000 0.000000 2.061423 0.000000 -0.000000 1.000000 -0.094053 0.000000 0.000000 0.000000 1.000000
1.000000 0.000000 0.000000 0.000000 0.000000 1.000000 0.000000 2.061423 0.000000 -0.000000 1.000000 -0.094053 0.000000 0.000000 0.000000 1.000000
1.000000 0.000000 0.000000 0.000000 0.000000 1.000000 0.000000 2.061423 0.000000 -0.000000 1.000000 -0.094053 0.000000 0.000000 0.000000 1.000000
1.000000 0.000000 0.000000 0.000000 0.000000 1.000000 0.000000 2.061423 0.000000 -0.000000 1.000000 -0.094053 0.000000 0.000000 0.000000 1.000000
1.000000 0.000000 0.000000 0.000000 0.000000 1.000000 0.000000 2.061423 0.000000 -0.000000 1.000000 -0.094053 0.000000 0.000000 0.000000 1.000000
1.000000 0.000000 0.000000 0.000000 0.000000 1.000000 0.000000 2.061423 0.000000 -0.000000 1.000000 -0.094053 0.000000 0.000000 0.000000 1.000000
1.000000 0.000000 0.000000 0.000000 0.000000 1.000000 0.000000 2.061423 0.000000 -0.000000 1.000000 -0.094053 0.000000 0.000000 0.000000 1.000000
1.000000 0.000000 0.000000 0.000000 0.000000 1.000000 0.000000 2.061423 0.000000 -0.000000 1.000000 -0.094053 0.000000 0.000000 0.000000 1.000000
1.000000 0.000000 0.000000 0.000000 0.000000 1.000000 0.000000 2.061423 0.000000 -0.000000 1.000000 -0.094053 0.000000 0.000000 0.000000 1.000000
1.000000 0.000000 0.000000 0.000000 0.000000 1.000000 0.000000 2.061423 0.000000 -0.000000 1.000000 -0.094053 0.000000 0.000000 0.000000 1.000000
1.000000 0.000000 0.000000 0.000000 0.000000 1.000000 0.000000 2.061423 0.000000 -0.000000 1.000000 -0.094053 0.000000 0.000000 0.000000 1.000000
1.000000 0.000000 0.000000 0.000000 0.000000 1.000000 0.000000 2.061423 0.000000 -0.000000 1.000000 -0.094053 0.000000 0.000000 0.000000 1.000000
1.000000 0.000000 0.000000 0.000000 0.000000 1.000000 0.000000 2.061423 0.000000 -0.000000 1.000000 -0.094053 0.000000 0.000000 0.000000 1.000000
1.000000 0.000000 0.000000 0.000000 0.000000 1.000000 0.000000 2.061423 0.000000 -0.000000 1.000000 -0.094053 0.000000 0.000000 0.000000 1.000000
1.000000 0.000000 0.000000 0.000000 0.000000 1.000000 0.000000 2.061423 0.000000 -0.000000 1.000000 -0.094053 0.000000 0.000000 0.000000 1.000000
1.000000 0.000000 0.000000 0.000000 0.000000 1.000000 0.000000 2.061423 0.000000 -0.000000 1.000000 -0.094053 0.000000 0.000000 0.000000 1.000000
1.000000 0.000000 0.000000 0.000000 0.000000 1.000000 0.000000 2.061423 0.000000 -0.000000 1.000000 -0.094053 0.000000 0.000000 0.000000 1.000000
1.000000 0.000000 0.000000 0.000000 0.000000 1.000000 0.000000 2.061423 0.000000 -0.000000 1.000000 -0.094053 0.000000 0.000000 0.000000 1.000000
1.000000 0.000000 0.000000 0.000000 0.000000 1.000000 0.000000 2.061423 0.000000 -0.000000 1.000000 -0.094053 0.000000 0.000000 0.000000 1.000000
1.000000 0.000000 0.000000 0.000000 0.000000 1.000000 0.000000 2.061423 0.000000 -0.000000 1.000000 -0.094053 0.000000 0.000000 0.000000 1.000000
1.000000 0.000000 0.000000 0.000000 0.000000 1.000000 0.000000 2.061423 0.000000 -0.000000 1.000000 -0.094053 0.000000 0.000000 0.000000 1.000000</float_array><technique_common><accessor source="#jnt_hips-Matrix-animation-output-transform-array" count="30" stride="16"><param type="float4x4"/></accessor></technique_common></source><source id="jnt_hips-Interpolations"><Name_array id="jnt_hips-Interpolations-array" count="30">
 LINEAR LINEAR LINEAR LINEAR LINEAR LINEAR LINEAR LINEAR LINEAR LINEAR LINEAR
LINEAR LINEAR LINEAR LINEAR LINEAR LINEAR LINEAR LINEAR LINEAR LINEAR LINEAR LINEAR
LINEAR LINEAR LINEAR LINEAR LINEAR LINEAR LINEAR</Name_array><technique_common><accessor source="#jnt_hips-Interpolations-array" count="30"><param type="name"/></accessor></technique_common></source><sampler id="jnt_hips-Matrix-animation-transform"><input semantic="INPUT" source="#jnt_hips-Matrix-animation-input"/><input semantic="OUTPUT" source="#jnt_hips-Matrix-animation-output-transform"/><input semantic="INTERPOLATION" source="#jnt_hips-Interpolations"/></sampler><channel source="#jnt_hips-Matrix-animation-transform" target="jnt_hips/matrix"/></animation></animation>
    <animation id="jnt_height-anim" name="jnt_height"><animation><source id="jnt_height-Matrix-animation-input"><float_array id="jnt_height-Matrix-animation-input-array" count="30">

0.033333 0.066667 0.100000 0.133333 0.166667 0.200000 0.233333 0.266667 0.300000 0.333333 0.366667 0.400000 0.433333 0.466667 0.500000 0.533333
0.566667 0.600000 0.633333 0.666667 0.700000 0.733333 0.766667 0.800000 0.833333 0.866667 0.900000 0.933333 0.966667 1.000000</float_array><technique_common><accessor source="#jnt_height-Matrix-animation-input-array" count="30"><param name="TIME" type="float"/></accessor></technique_common></source><source id="jnt_height-Matrix-animation-output-transform"><float_array id="jnt_height-Matrix-animation-output-transform-array" count="480">

0.987715 0.153770 0.027804 0.000000 -0.153887 0.926257 0.344044 0.000000 0.027150 -0.344096 0.938542 0.000000 0.000000 0.000000 0.000000 1.000000
0.987715 0.153770 0.027804 0.000000 -0.153887 0.926257 0.344044 0.000000 0.027150 -0.344096 0.938542 0.000000 0.000000 0.000000 0.000000 1.000000
0.987715 0.153770 0.027804 0.000000 -0.153887 0.926257 0.344044 0.000000 0.027150 -0.344096 0.938542 0.000000 0.000000 0.000000 0.000000 1.000000
0.987715 0.153770 0.027804 0.000000 -0.153887 0.926257 0.344044 0.000000 0.027150 -0.344096 0.938542 0.000000 0.000000 0.000000 0.000000 1.000000
0.987715 0.153770 0.027804 0.000000 -0.153887 0.926257 0.344044 0.000000 0.027150 -0.344096 0.938542 0.000000 0.000000 0.000000 0.000000 1.000000
0.987715 0.153770 0.027804 0.000000 -0.153887 0.926257 0.344044 0.000000 0.027150 -0.344096 0.938542 0.000000 0.000000 0.000000 0.000000 1.000000
0.987715 0.153770 0.027804 0.000000 -0.153887 0.926257 0.344044 0.000000 0.027150 -0.344096 0.938542 0.000000 0.000000 0.000000 0.000000 1.000000
0.987715 0.153770 0.027804 0.000000 -0.153887 0.926257 0.344044 0.000000 0.027150 -0.344096 0.938542 0.000000 0.000000 0.000000 0.000000 1.000000
0.987715 0.153770 0.027804 0.000000 -0.153887 0.926257 0.344044 0.000000 0.027150 -0.344096 0.938542 0.000000 0.000000 0.000000 0.000000 1.000000
0.987715 0.153770 0.027804 0.000000 -0.153887 0.926257 0.344044 0.000000 0.027150 -0.344096 0.938542 0.000000 0.000000 0.000000 0.000000 1.000000
0.987715 0.153770 0.027804 0.000000 -0.153887 0.926257 0.344044 0.000000 0.027150 -0.344096 0.938542 0.000000 0.000000 0.000000 0.000000 1.000000
0.987715 0.153770 0.027804 0.000000 -0.153887 0.926257 0.344044 0.000000 0.027150 -0.344096 0.938542 0.000000 0.000000 0.000000 0.000000 1.000000
0.987715 0.153770 0.027804 0.000000 -0.153887 0.926257 0.344044 0.000000 0.027150 -0.344096 0.938542 0.000000 0.000000 0.000000 0.000000 1.000000
0.987715 0.153770 0.027804 0.000000 -0.153887 0.926257 0.344044 0.000000 0.027150 -0.344096 0.938542 0.000000 0.000000 0.000000 0.000000 1.000000
0.987715 0.153770 0.027804 0.000000 -0.153887 0.926257 0.344044 0.000000 0.027150 -0.344096 0.938542 0.000000 0.000000 0.000000 0.000000 1.000000
0.987715 0.153770 0.027804 0.000000 -0.153887 0.926257 0.344044 0.000000 0.027150 -0.344096 0.938542 0.000000 0.000000 0.000000 0.000000 1.000000
0.987715 0.153770 0.027804 0.000000 -0.153887 0.926257 0.344044 0.000000 0.027150 -0.344096 0.938542 0.000000 0.000000 0.000000 0.000000 1.000000
0.987715 0.153770 0.027804 0.000000 -0.153887 0.926257 0.344044 0.000000 0.027150 -0.344096 0.938542 0.000000 0.000000 0.000000 0.000000 1.000000
0.987715 0.153770 0.027804 0.000000 -0.153887 0.926257 0.344044 0.000000 0.027150 -0.344096 0.938542 0.000000 0.000000 0.000000 0.000000 1.000000
0.987715 0.153770 0.027804 0.000000 -0.153887 0.926257 0.344044 0.000000 0.027150 -0.344096 0.938542 0.000000 0.000000 0.000000 0.000000 1.000000
0.987715 0.153770 0.027804 0.000000 -0.153887 0.926257 0.344044 0.000000 0.027150 -0.344096 0.938542 0.000000 0.000000 0.000000 0.000000 1.000000
0.987715 0.153770 0.027804 0.000000 -0.153887 0.926257 0.344044 0.000000 0.027150 -0.344096 0.938542 0.000000 0.000000 0.000000 0.000000 1.000000
0.987715 0.153770 0.027804 0.000000 -0.153887 0.926257 0.344044 0.000000 0.027150 -0.344096 0.938542 0.000000 0.000000 0.000000 0.000000 1.000000
0.987715 0.153770 0.027804 0.000000 -0.153887 0.926257 0.344044 0.000000 0.027150 -0.344096 0.938542 0.000000 0.000000 0.000000 0.000000 1.000000
0.987715 0.153770 0.027804 0.000000 -0.153887 0.926257 0.344044 0.000000 0.027150 -0.344096 0.938542 0.000000 0.000000 0.000000 0.000000 1.000000
0.987715 0.153770 0.027804 0.000000 -0.153887 0.926257 0.344044 0.000000 0.027150 -0.344096 0.938542 0.000000 0.000000 0.000000 0.000000 1.000000
0.987715 0.153770 0.027804 0.000000 -0.153887 0.926257 0.344044 0.000000 0.027150 -0.344096 0.938542 0.000000 0.000000 0.000000 0.000000 1.000000
0.987715 0.153770 0.027804 0.000000 -0.153887 0.926257 0.344044 0.000000 0.027150 -0.344096 0.938542 0.000000 0.000000 0.000000 0.000000 1.000000
0.987715 0.153770 0.027804 0.000000 -0.153887 0.926257 0.344044 0.000000 0.027150 -0.344096 0.938542 0.000000 0.000000 0.000000 0.000000 1.000000
0.987715 0.153770 0.027804 0.000000 -0.153887 0.926257 0.344044 0.000000 0.027150 -0.344096 0.938542 0.000000 0.000000 0.000000 0.000000 1.000000</float_array><technique_common><accessor source="#jnt_height-Matrix-animation-output-transform-array" count="30" stride="16"><param type="float4x4"/></accessor></technique_common></source><source id="jnt_height-Interpolations"><Name_array id="jnt_height-Interpolations-array" count="30">
 LINEAR LINEAR LINEAR LINEAR LINEAR LINEAR LINEAR LINEAR LINEAR LINEAR LINEAR
LINEAR LINEAR LINEAR LINEAR LINEAR LINEAR LINEAR LINEAR LINEAR LINEAR LINEAR LINEAR
LINEAR LINEAR LINEAR LINEAR LINEAR LINEAR LINEAR</Name_array><technique_common><accessor source="#jnt_height-Interpolations-array" count="30"><param type="name"/></accessor></technique_common></source><sampler id="jnt_height-Matrix-animation-transform"><input semantic="INPUT" source="#jnt_height-Matrix-animation-input"/><input semantic="OUTPUT" source="#jnt_height-Matrix-animation-output-transform"/><input semantic="INTERPOLATION" source="#jnt_height-Interpolations"/></sampler><channel source="#jnt_height-Matrix-animation-transform" target="jnt_height/matrix"/></animation></animation>
    <animation id="jnt_spine1-anim" name="jnt_spine1"><animation><source id="jnt_spine1-Matrix-animation-input"><float_array id="jnt_spine1-Matrix-animation-input-array" count="30">

0.033333 0.066667 0.100000 0.133333 0.166667 0.200000 0.233333 0.266667 0.300000 0.333333 0.366667 0.400000 0.433333 0.466667 0.500000 0.533333
0.566667 0.600000 0.633333 0.666667 0.700000 0.733333 0.766667 0.800000 0.833333 0.866667 0.900000 0.933333 0.966667 1.000000</float_array><technique_common><accessor source="#jnt_spine1-Matrix-animation-input-array" count="30"><param name="TIME" type="float"/></accessor></technique_common></source><source id="jnt_spine1-Matrix-animation-output-transform"><float_array id="jnt_spine1-Matrix-animation-output-transform-array" count="480">

-0.001149 -0.473914 0.880571 0.000000 0.957093 -0.255691 -0.136361 0.212133 0.289778 0.842632 0.453874 0.023482 0.000000 0.000000 0.000000 1.000000
-0.001149 -0.473914 0.880571 0.000000 0.957093 -0.255691 -0.136361 0.212133 0.289778 0.842632 0.453874 0.023482 0.000000 0.000000 0.000000 1.000000
-0.001149 -0.473914 0.880571 0.000000 0.957093 -0.255691 -0.136361 0.212133 0.289778 0.842632 0.453874 0.023482 0.000000 0.000000 0.000000 1.000000
-0.001149 -0.473914 0.880571 0.000000 0.957093 -0.255691 -0.136361 0.212133 0.289778 0.842632 0.453874 0.023482 0.000000 0.000000 0.000000 1.000000
-0.001149 -0.473914 0.880571 0.000000 0.957093 -0.255691 -0.136361 0.212133 0.289778 0.842632 0.453874 0.023482 0.000000 0.000000 0.000000 1.000000
-0.001149 -0.473914 0.880571 0.000000 0.957093 -0.255691 -0.136361 0.212133 0.289778 0.842632 0.453874 0.023482 0.000000 0.000000 0.000000 1.000000
-0.001149 -0.473914 0.880571 0.000000 0.957093 -0.255691 -0.136361 0.212133 0.289778 0.842632 0.453874 0.023482 0.000000 0.000000 0.000000 1.000000
-0.001149 -0.473914 0.880571 0.000000 0.957093 -0.255691 -0.136361 0.212133 0.289778 0.842632 0.453874 0.023482 0.000000 0.000000 0.000000 1.000000
-0.001149 -0.473914 0.880571 0.000000 0.957093 -0.255691 -0.136361 0.212133 0.289778 0.842632 0.453874 0.023482 0.000000 0.000000 0.000000 1.000000
-0.001149 -0.473914 0.880571 0.000000 0.957093 -0.255691 -0.136361 0.212133 0.289778 0.842632 0.453874 0.023482 0.000000 0.000000 0.000000 1.000000
-0.001149 -0.473914 0.880571 0.000000 0.957093 -0.255691 -0.136361 0.212133 0.289778 0.842632 0.453874 0.023482 0.000000 0.000000 0.000000 1.000000
-0.001149 -0.473914 0.880571 0.000000 0.957093 -0.255691 -0.136361 0.212133 0.289778 0.842632 0.453874 0.023482 0.000000 0.000000 0.000000 1.000000
-0.001149 -0.473914 0.880571 0.000000 0.957093 -0.255691 -0.136361 0.212133 0.289778 0.842632 0.453874 0.023482 0.000000 0.000000 0.000000 1.000000
-0.001149 -0.473914 0.880571 0.000000 0.957093 -0.255691 -0.136361 0.212133 0.289778 0.842632 0.453874 0.023482 0.000000 0.000000 0.000000 1.000000
-0.001149 -0.473914 0.880571 0.000000 0.957093 -0.255691 -0.136361 0.212133 0.289778 0.842632 0.453874 0.023482 0.000000 0.000000 0.000000 1.000000
-0.001149 -0.473914 0.880571 0.000000 0.957093 -0.255691 -0.136361 0.212133 0.289778 0.842632 0.453874 0.023482 0.000000 0.000000 0.000000 1.000000
-0.001149 -0.473914 0.880571 0.000000 0.957093 -0.255691 -0.136361 0.212133 0.289778 0.842632 0.453874 0.023482 0.000000 0.000000 0.000000 1.000000
-0.001149 -0.473914 0.880571 0.000000 0.957093 -0.255691 -0.136361 0.212133 0.289778 0.842632 0.453874 0.023482 0.000000 0.000000 0.000000 1.000000
-0.001149 -0.473914 0.880571 0.000000 0.957093 -0.255691 -0.136361 0.212133 0.289778 0.842632 0.453874 0.023482 0.000000 0.000000 0.000000 1.000000
-0.001149 -0.473914 0.880571 0.000000 0.957093 -0.255691 -0.136361 0.212133 0.289778 0.842632 0.453874 0.023482 0.000000 0.000000 0.000000 1.000000
-0.001149 -0.473914 0.880571 0.000000 0.957093 -0.255691 -0.136361 0.212133 0.289778 0.842632 0.453874 0.023482 0.000000 0.000000 0.000000 1.000000
-0.001149 -0.473914 0.880571 0.000000 0.957093 -0.255691 -0.136361 0.212133 0.289778 0.842632 0.453874 0.023482 0.000000 0.000000 0.000000 1.000000
-0.001149 -0.473914 0.880571 0.000000 0.957093 -0.255691 -0.136361 0.212133 0.289778 0.842632 0.453874 0.023482 0.000000 0.000000 0.000000 1.000000
-0.001149 -0.473914 0.880571 0.000000 0.957093 -0.255691 -0.136361 0.212133 0.289778 0.842632 0.453874 0.023482 0.000000 0.000000 0.000000 1.000000
-0.001149 -0.473914 0.880571 0.000000 0.957093 -0.255691 -0.136361 0.212133 0.289778 0.842632 0.453874 0.023482 0.000000 0.000000 0.000000 1.000000
-0.001149 -0.473914 0.880571 0.000000 0.957093 -0.255691 -0.136361 0.212133 0.289778 0.842632 0.453874 0.023482 0.000000 0.000000 0.000000 1.000000
-0.001149 -0.473914 0.880571 0.000000 0.957093 -0.255691 -0.136361 0.212133 0.289778 0.842632 0.453874 0.023482 0.000000 0.000000 0.000000 1.000000
-0.001149 -0.473914 0.880571 0.000000 0.957093 -0.255691 -0.136361 0.212133 0.289778 0.842632 0.453874 0.023482 0.000000 0.000000 0.000000 1.000000
-0.001149 -0.473914 0.880571 0.000000 0.957093 -0.255691 -0.136361 0.212133 0.289778 0.842632 0.453874 0.023482 0.000000 0.000000 0.000000 1.000000
-0.001149 -0.473914 0.880571 0.000000 0.957093 -0.255691 -0.136361 0.212133 0.289778 0.842632 0.453874 0.023482 0.000000 0.000000 0.000000 1.000000</float_array><technique_common><accessor source="#jnt_spine1-Matrix-animation-output-transform-array" count="30" stride="16"><param type="float4x4"/></accessor></technique_common></source><source id="jnt_spine1-Interpolations"><Name_array id="jnt_spine1-Interpolations-array" count="30">
 LINEAR LINEAR LINEAR LINEAR LINEAR LINEAR LINEAR LINEAR LINEAR LINEAR LINEAR
LINEAR LINEAR LINEAR LINEAR LINEAR LINEAR LINEAR LINEAR LINEAR LINEAR LINEAR LINEAR
LINEAR LINEAR LINEAR LINEAR LINEAR LINEAR LINEAR</Name_array><technique_common><accessor source="#jnt_spine1-Interpolations-array" count="30"><param type="name"/></accessor></technique_common></source><sampler id="jnt_spine1-Matrix-animation-transform"><input semantic="INPUT" source="#jnt_spine1-Matrix-animation-input"/><input semantic="OUTPUT" source="#jnt_spine1-Matrix-animation-output-transform"/><input semantic="INTERPOLATION" source="#jnt_spine1-Interpolations"/></sampler><channel source="#jnt_spine1-Matrix-animation-transform" target="jnt_spine1/matrix"/></animation></animation>
    <animation id="jnt_spine2-anim" name="jnt_spine2"><animation><source id="jnt_spine2-Matrix-animation-input"><float_array id="jnt_spine2-Matrix-animation-input-array" count="30">

0.033333 0.066667 0.100000 0.133333 0.166667 0.200000 0.233333 0.266667 0.300000 0.333333 0.366667 0.400000 0.433333 0.466667 0.500000 0.533333
0.566667 0.600000 0.633333 0.666667 0.700000 0.733333 0.766667 0.800000 0.833333 0.866667 0.900000 0.933333 0.966667 1.000000</float_array><technique_common><accessor source="#jnt_spine2-Matrix-animation-input-array" count="30"><param name="TIME" type="float"/></accessor></technique_common></source><source id="jnt_spine2-Matrix-animation-output-transform"><float_array id="jnt_spine2-Matrix-animation-output-transform-array" count="480">

0.993385 -0.085799 0.076325 0.426848 0.077696 0.991594 0.103457 0.000003 -0.084560 -0.096842 0.991701 -0.000000 0.000000 0.000000 0.000000 1.000000
0.993493 -0.082127 0.078914 0.426848 0.073743 0.991855 0.103848 0.000003 -0.086800 -0.097353 0.991458 -0.000000 0.000000 0.000000 0.000000 1.000000
0.993580 -0.078455 0.081504 0.426848 0.069789 0.992102 0.104228 0.000003 -0.089037 -0.097871 0.991208 -0.000000 0.000000 0.000000 0.000000 1.000000
0.993493 -0.082127 0.078914 0.426848 0.073743 0.991855 0.103848 0.000003 -0.086800 -0.097353 0.991458 -0.000000 0.000000 0.000000 0.000000 1.000000
0.993385 -0.085799 0.076325 0.426848 0.077696 0.991594 0.103457 0.000003 -0.084560 -0.096842 0.991701 -0.000000 0.000000 0.000000 0.000000 1.000000
0.993493 -0.082127 0.078914 0.426848 0.073743 0.991855 0.103848 0.000003 -0.086800 -0.097353 0.991458 -0.000000 0.000000 0.000000 0.000000 1.000000
0.993580 -0.078455 0.081504 0.426848 0.069789 0.992102 0.104228 0.000003 -0.089037 -0.097871 0.991208 -0.000000 0.000000 0.000000 0.000000 1.000000
0.993493 -0.082127 0.078914 0.426848 0.073743 0.991855 0.103848 0.000003 -0.086800 -0.097353 0.991458 -0.000000 0.000000 0.000000 0.000000 1.000000
0.993385 -0.085799 0.076325 0.426848 0.077696 0.991594 0.103457 0.000003 -0.084560 -0.096842 0.991701 -0.000000 0.000000 0.000000 0.000000 1.000000
0.993493 -0.082127 0.078914 0.426848 0.073743 0.991855 0.103848 0.000003 -0.086800 -0.097353 0.991458 -0.000000 0.000000 0.000000 0.000000 1.000000
0.993580 -0.078455 0.081504 0.426848 0.069789 0.992102 0.104228 0.000003 -0.089037 -0.097871 0.991208 -0.000000 0.000000 0.000000 0.000000 1.000000
0.993385 -0.085799 0.076325 0.426848 0.077696 0.991594 0.103457 0.000003 -0.084560 -0.096842 0.991701 -0.000000 0.000000 0.000000 0.000000 1.000000
0.993493 -0.082127 0.078914 0.426848 0.073743 0.991855 0.103848 0.000003 -0.086800 -0.097353 0.991458 -0.000000 0.000000 0.000000 0.000000 1.000000
0.993580 -0.078455 0.081504 0.426848 0.069789 0.992102 0.104228 0.000003 -0.089037 -0.097871 0.991208 -0.000000 0.000000 0.000000 0.000000 1.000000
0.993493 -0.082127 0.078914 0.426848 0.073743 0.991855 0.103848 0.000003 -0.086800 -0.097353 0.991458 -0.000000 0.000000 0.000000 0.000000 1.000000
0.993385 -0.085799 0.076325 0.426848 0.077696 0.991594 0.103457 0.000003 -0.084560 -0.096842 0.991701 -0.000000 0.000000 0.000000 0.000000 1.000000
0.993493 -0.082127 0.078914 0.426848 0.073743 0.991855 0.103848 0.000003 -0.086800 -0.097353 0.991458 -0.000000 0.000000 0.000000 0.000000 1.000000
0.993580 -0.078455 0.081504 0.426848 0.069789 0.992102 0.104228 0.000003 -0.089037 -0.097871 0.991208 -0.000000 0.000000 0.000000 0.000000 1.000000
0.993493 -0.082127 0.078914 0.426848 0.073743 0.991855 0.103848 0.000003 -0.086800 -0.097353 0.991458 -0.000000 0.000000 0.000000 0.000000 1.000000
0.993385 -0.085799 0.076325 0.426848 0.077696 0.991594 0.103457 0.000003 -0.084560 -0.096842 0.991701 -0.000000 0.000000 0.000000 0.000000 1.000000
0.993493 -0.082127 0.078914 0.426848 0.073743 0.991855 0.103848 0.000003 -0.086800 -0.097353 0.991458 -0.000000 0.000000 0.000000 0.000000 1.000000
0.993580 -0.078455 0.081504 0.426848 0.069789 0.992102 0.104228 0.000003 -0.089037 -0.097871 0.991208 -0.000000 0.000000 0.000000 0.000000 1.000000
0.993493 -0.082127 0.078914 0.426848 0.073743 0.991855 0.103848 0.000003 -0.086800 -0.097353 0.991458 -0.000000 0.000000 0.000000 0.000000 1.000000
0.993385 -0.085799 0.076325 0.426848 0.077696 0.991594 0.103457 0.000003 -0.084560 -0.096842 0.991701 -0.000000 0.000000 0.000000 0.000000 1.000000
0.993493 -0.082127 0.078914 0.426848 0.073743 0.991855 0.103848 0.000003 -0.086800 -0.097353 0.991458 -0.000000 0.000000 0.000000 0.000000 1.000000
0.993580 -0.078455 0.081504 0.426848 0.069789 0.992102 0.104228 0.000003 -0.089037 -0.097871 0.991208 -0.000000 0.000000 0.000000 0.000000 1.000000
0.993493 -0.082127 0.078914 0.426848 0.073743 0.991855 0.103848 0.000003 -0.086800 -0.097353 0.991458 -0.000000 0.000000 0.000000 0.000000 1.000000
0.993385 -0.085799 0.076325 0.426848 0.077696 0.991594 0.103457 0.000003 -0.084560 -0.096842 0.991701 -0.000000 0.000000 0.000000 0.000000 1.000000
0.993493 -0.082127 0.078914 0.426848 0.073743 0.991855 0.103848 0.000003 -0.086800 -0.097353 0.991458 -0.000000 0.000000 0.000000 0.000000 1.000000
0.993580 -0.078455 0.081504 0.426848 0.069789 0.992102 0.104228 0.000003 -0.089037 -0.097871 0.991208 -0.000000 0.000000 0.000000 0.000000 1.000000</float_array><technique_common><accessor source="#jnt_spine2-Matrix-animation-output-transform-array" count="30" stride="16"><param type="float4x4"/></accessor></technique_common></source><source id="jnt_spine2-Interpolations"><Name_array id="jnt_spine2-Interpolations-array" count="30">
 LINEAR LINEAR LINEAR LINEAR LINEAR LINEAR LINEAR LINEAR LINEAR LINEAR LINEAR
LINEAR LINEAR LINEAR LINEAR LINEAR LINEAR LINEAR LINEAR LINEAR LINEAR LINEAR LINEAR
LINEAR LINEAR LINEAR LINEAR LINEAR LINEAR LINEAR</Name_array><technique_common><accessor source="#jnt_spine2-Interpolations-array" count="30"><param type="name"/></accessor></technique_common></source><sampler id="jnt_spine2-Matrix-animation-transform"><input semantic="INPUT" source="#jnt_spine2-Matrix-animation-input"/><input semantic="OUTPUT" source="#jnt_spine2-Matrix-animation-output-transform"/><input semantic="INTERPOLATION" source="#jnt_spine2-Interpolations"/></sampler><channel source="#jnt_spine2-Matrix-animation-transform" target="jnt_spine2/matrix"/></animation></animation>
    <animation id="jnt_spine3-anim" name="jnt_spine3"><animation><source id="jnt_spine3-Matrix-animation-input"><float_array id="jnt_spine3-Matrix-animation-input-array" count="30">

0.033333 0.066667 0.100000 0.133333 0.166667 0.200000 0.233333 0.266667 0.300000 0.333333 0.366667 0.400000 0.433333 0.466667 0.500000 0.533333
0.566667 0.600000 0.633333 0.666667 0.700000 0.733333 0.766667 0.800000 0.833333 0.866667 0.900000 0.933333 0.966667 1.000000</float_array><technique_common><accessor source="#jnt_spine3-Matrix-animation-input-array" count="30"><param name="TIME" type="float"/></accessor></technique_common></source><source id="jnt_spine3-Matrix-animation-output-transform"><float_array id="jnt_spine3-Matrix-animation-output-transform-array" count="480">

0.974284 -0.223897 0.025327 0.555067 0.221229 0.971845 0.081082 0.000000 -0.042768 -0.073394 0.996386 -0.000000 0.000000 0.000000 0.000000 1.000000
0.975438 -0.218193 0.030190 0.555067 0.215176 0.973190 0.081246 0.000000 -0.047108 -0.072754 0.996237 0.000000 0.000000 0.000000 0.000000 1.000000
0.976537 -0.212476 0.035056 0.555067 0.209112 0.974502 0.081353 0.000000 -0.051448 -0.072114 0.996069 -0.000000 0.000000 0.000000 0.000000 1.000000
0.975438 -0.218193 0.030190 0.555067 0.215176 0.973190 0.081246 0.000000 -0.047108 -0.072754 0.996237 0.000000 0.000000 0.000000 0.000000 1.000000
0.974284 -0.223897 0.025327 0.555067 0.221229 0.971845 0.081082 0.000000 -0.042768 -0.073394 0.996386 -0.000000 0.000000 0.000000 0.000000 1.000000
0.975438 -0.218193 0.030190 0.555067 0.215176 0.973190 0.081246 0.000000 -0.047108 -0.072754 0.996237 0.000000 0.000000 0.000000 0.000000 1.000000
0.976537 -0.212476 0.035056 0.555067 0.209112 0.974502 0.081353 0.000000 -0.051448 -0.072114 0.996069 -0.000000 0.000000 0.000000 0.000000 1.000000
0.975438 -0.218193 0.030190 0.555067 0.215176 0.973190 0.081246 0.000000 -0.047108 -0.072754 0.996237 0.000000 0.000000 0.000000 0.000000 1.000000
0.974284 -0.223897 0.025327 0.555067 0.221229 0.971845 0.081082 0.000000 -0.042768 -0.073394 0.996386 -0.000000 0.000000 0.000000 0.000000 1.000000
0.975438 -0.218193 0.030190 0.555067 0.215176 0.973190 0.081246 0.000000 -0.047108 -0.072754 0.996237 0.000000 0.000000 0.000000 0.000000 1.000000
0.976537 -0.212476 0.035056 0.555067 0.209112 0.974502 0.081353 0.000000 -0.051448 -0.072114 0.996069 -0.000000 0.000000 0.000000 0.000000 1.000000
0.974284 -0.223897 0.025327 0.555067 0.221229 0.971845 0.081082 0.000000 -0.042768 -0.073394 0.996386 -0.000000 0.000000 0.000000 0.000000 1.000000
0.975438 -0.218193 0.030190 0.555067 0.215176 0.973190 0.081246 0.000000 -0.047108 -0.072754 0.996237 0.000000 0.000000 0.000000 0.000000 1.000000
0.976537 -0.212476 0.035056 0.555067 0.209112 0.974502 0.081353 0.000000 -0.051448 -0.072114 0.996069 -0.000000 0.000000 0.000000 0.000000 1.000000
0.975438 -0.218193 0.030190 0.555067 0.215176 0.973190 0.081246 0.000000 -0.047108 -0.072754 0.996237 0.000000 0.000000 0.000000 0.000000 1.000000
0.974284 -0.223897 0.025327 0.555067 0.221229 0.971845 0.081082 0.000000 -0.042768 -0.073394 0.996386 -0.000000 0.000000 0.000000 0.000000 1.000000
0.975438 -0.218193 0.030190 0.555067 0.215176 0.973190 0.081246 0.000000 -0.047108 -0.072754 0.996237 0.000000 0.000000 0.000000 0.000000 1.000000
0.976537 -0.212476 0.035056 0.555067 0.209112 0.974502 0.081353 0.000000 -0.051448 -0.072114 0.996069 -0.000000 0.000000 0.000000 0.000000 1.000000
0.975438 -0.218193 0.030190 0.555067 0.215176 0.973190 0.081246 0.000000 -0.047108 -0.072754 0.996237 0.000000 0.000000 0.000000 0.000000 1.000000
0.974284 -0.223897 0.025327 0.555067 0.221229 0.971845 0.081082 0.000000 -0.042768 -0.073394 0.996386 -0.000000 0.000000 0.000000 0.000000 1.000000
0.975438 -0.218193 0.030190 0.555067 0.215176 0.973190 0.081246 0.000000 -0.047108 -0.072754 0.996237 0.000000 0.000000 0.000000 0.000000 1.000000
0.976537 -0.212476 0.035056 0.555067 0.209112 0.974502 0.081353 0.000000 -0.051448 -0.072114 0.996069 -0.000000 0.000000 0.000000 0.000000 1.000000
0.975438 -0.218193 0.030190 0.555067 0.215176 0.973190 0.081246 0.000000 -0.047108 -0.072754 0.996237 0.000000 0.000000 0.000000 0.000000 1.000000
0.974284 -0.223897 0.025327 0.555067 0.221229 0.971845 0.081082 0.000000 -0.042768 -0.073394 0.996386 -0.000000 0.000000 0.000000 0.000000 1.000000
0.975438 -0.218193 0.030190 0.555067 0.215176 0.973190 0.081246 0.000000 -0.047108 -0.072754 0.996237 0.000000 0.000000 0.000000 0.000000 1.000000
0.976537 -0.212476 0.035056 0.555067 0.209112 0.974502 0.081353 0.000000 -0.051448 -0.072114 0.996069 -0.000000 0.000000 0.000000 0.000000 1.000000
0.975438 -0.218193 0.030190 0.555067 0.215176 0.973190 0.081246 0.000000 -0.047108 -0.072754 0.996237 0.000000 0.000000 0.000000 0.000000 1.000000
0.974284 -0.223897 0.025327 0.555067 0.221229 0.971845 0.081082 0.000000 -0.042768 -0.073394 0.996386 -0.000000 0.000000 0.000000 0.000000 1.000000
0.975438 -0.218193 0.030190 0.555067 0.215176 0.973190 0.081246 0.000000 -0.047108 -0.072754 0.996237 0.000000 0.000000 0.000000 0.000000 1.000000
0.976537 -0.212476 0.035056 0.555067 0.209112 0.974502 0.081353 0.000000 -0.051448 -0.072114 0.996069 -0.000000 0.000000 0.000000 0.000000 1.000000</float_array><technique_common><accessor source="#jnt_spine3-Matrix-animation-output-transform-array" count="30" stride="16"><param type="float4x4"/></accessor></technique_common></source><source id="jnt_spine3-Interpolations"><Name_array id="jnt_spine3-Interpolations-array" count="30">
 LINEAR LINEAR LINEAR LINEAR LINEAR LINEAR LINEAR LINEAR LINEAR LINEAR LINEAR
LINEAR LINEAR LINEAR LINEAR LINEAR LINEAR LINEAR LINEAR LINEAR LINEAR LINEAR LINEAR
LINEAR LINEAR LINEAR LINEAR LINEAR LINEAR LINEAR</Name_array><technique_common><accessor source="#jnt_spine3-Interpolations-array" count="30"><param type="name"/></accessor></technique_common></source><sampler id="jnt_spine3-Matrix-animation-transform"><input semantic="INPUT" source="#jnt_spine3-Matrix-animation-input"/><input semantic="OUTPUT" source="#jnt_spine3-Matrix-animation-output-transform"/><input semantic="INTERPOLATION" source="#jnt_spine3-Interpolations"/></sampler><channel source="#jnt_spine3-Matrix-animation-transform" target="jnt_spine3/matrix"/></animation></animation>
    <animation id="jnt_neck-anim" name="jnt_neck"><animation><source id="jnt_neck-Matrix-animation-input"><float_array id="jnt_neck-Matrix-animation-input-array" count="30">

0.033333 0.066667 0.100000 0.133333 0.166667 0.200000 0.233333 0.266667 0.300000 0.333333 0.366667 0.400000 0.433333 0.466667 0.500000 0.533333
0.566667 0.600000 0.633333 0.666667 0.700000 0.733333 0.766667 0.800000 0.833333 0.866667 0.900000 0.933333 0.966667 1.000000</float_array><technique_common><accessor source="#jnt_neck-Matrix-animation-input-array" count="30"><param name="TIME" type="float"/></accessor></technique_common></source><source id="jnt_neck-Matrix-animation-output-transform"><float_array id="jnt_neck-Matrix-animation-output-transform-array" count="480">

0.958992 -0.283431 -0.000000 0.867450 0.283431 0.958992 0.000000 0.171572 0.000000 -0.000000 1.000000 -0.000000 0.000000 0.000000 0.000000 1.000000
0.958993 -0.283431 -0.000000 0.867450 0.283431 0.958993 -0.000000 0.171572 0.000000 0.000000 1.000000 0.000000 0.000000 0.000000 0.000000 1.000000
0.958993 -0.283431 -0.000000 0.867450 0.283431 0.958993 -0.000000 0.171572 0.000000 0.000000 1.000000 0.000000 0.000000 0.000000 0.000000 1.000000
0.958993 -0.283431 -0.000000 0.867450 0.283431 0.958993 -0.000000 0.171572 0.000000 0.000000 1.000000 0.000000 0.000000 0.000000 0.000000 1.000000
0.958992 -0.283431 -0.000000 0.867450 0.283431 0.958992 0.000000 0.171572 0.000000 -0.000000 1.000000 -0.000000 0.000000 0.000000 0.000000 1.000000
0.958993 -0.283431 -0.000000 0.867450 0.283431 0.958993 -0.000000 0.171572 0.000000 0.000000 1.000000 0.000000 0.000000 0.000000 0.000000 1.000000
0.958993 -0.283431 -0.000000 0.867450 0.283431 0.958993 -0.000000 0.171572 0.000000 0.000000 1.000000 0.000000 0.000000 0.000000 0.000000 1.000000
0.958993 -0.283431 -0.000000 0.867450 0.283431 0.958993 -0.000000 0.171572 0.000000 0.000000 1.000000 0.000000 0.000000 0.000000 0.000000 1.000000
0.958992 -0.283431 -0.000000 0.867450 0.283431 0.958992 0.000000 0.171572 0.000000 -0.000000 1.000000 -0.000000 0.000000 0.000000 0.000000 1.000000
0.958993 -0.283431 -0.000000 0.867450 0.283431 0.958993 -0.000000 0.171572 0.000000 0.000000 1.000000 0.000000 0.000000 0.000000 0.000000 1.000000
0.958993 -0.283431 -0.000000 0.867450 0.283431 0.958993 -0.000000 0.171572 0.000000 0.000000 1.000000 0.000000 0.000000 0.000000 0.000000 1.000000
0.958992 -0.283431 -0.000000 0.867450 0.283431 0.958992 0.000000 0.171572 0.000000 -0.000000 1.000000 -0.000000 0.000000 0.000000 0.000000 1.000000
0.958993 -0.283431 -0.000000 0.867450 0.283431 0.958993 -0.000000 0.171572 0.000000 0.000000 1.000000 0.000000 0.000000 0.000000 0.000000 1.000000
0.958993 -0.283431 -0.000000 0.867450 0.283431 0.958993 -0.000000 0.171572 0.000000 0.000000 1.000000 0.000000 0.000000 0.000000 0.000000 1.000000
0.958993 -0.283431 -0.000000 0.867450 0.283431 0.958993 -0.000000 0.171572 0.000000 0.000000 1.000000 0.000000 0.000000 0.000000 0.000000 1.000000
0.958992 -0.283431 -0.000000 0.867450 0.283431 0.958992 0.000000 0.171572 0.000000 -0.000000 1.000000 -0.000000 0.000000 0.000000 0.000000 1.000000
0.958993 -0.283431 -0.000000 0.867450 0.283431 0.958993 -0.000000 0.171572 0.000000 0.000000 1.000000 0.000000 0.000000 0.000000 0.000000 1.000000
0.958993 -0.283431 -0.000000 0.867450 0.283431 0.958993 -0.000000 0.171572 0.000000 0.000000 1.000000 0.000000 0.000000 0.000000 0.000000 1.000000
0.958993 -0.283431 -0.000000 0.867450 0.283431 0.958993 -0.000000 0.171572 0.000000 0.000000 1.000000 0.000000 0.000000 0.000000 0.000000 1.000000
0.958992 -0.283431 -0.000000 0.867450 0.283431 0.958992 0.000000 0.171572 0.000000 -0.000000 1.000000 -0.000000 0.000000 0.000000 0.000000 1.000000
0.958993 -0.283431 -0.000000 0.867450 0.283431 0.958993 -0.000000 0.171572 0.000000 0.000000 1.000000 0.000000 0.000000 0.000000 0.000000 1.000000
0.958993 -0.283431 -0.000000 0.867450 0.283431 0.958993 -0.000000 0.171572 0.000000 0.000000 1.000000 0.000000 0.000000 0.000000 0.000000 1.000000
0.958993 -0.283431 -0.000000 0.867450 0.283431 0.958993 -0.000000 0.171572 0.000000 0.000000 1.000000 0.000000 0.000000 0.000000 0.000000 1.000000
0.958992 -0.283431 -0.000000 0.867450 0.283431 0.958992 0.000000 0.171572 0.000000 -0.000000 1.000000 -0.000000 0.000000 0.000000 0.000000 1.000000
0.958993 -0.283431 -0.000000 0.867450 0.283431 0.958993 -0.000000 0.171572 0.000000 0.000000 1.000000 0.000000 0.000000 0.000000 0.000000 1.000000
0.958993 -0.283431 -0.000000 0.867450 0.283431 0.958993 -0.000000 0.171572 0.000000 0.000000 1.000000 0.000000 0.000000 0.000000 0.000000 1.000000
0.958993 -0.283431 -0.000000 0.867450 0.283431 0.958993 -0.000000 0.171572 0.000000 0.000000 1.000000 0.000000 0.000000 0.000000 0.000000 1.000000
0.958992 -0.283431 -0.000000 0.867450 0.283431 0.958992 0.000000 0.171572 0.000000 -0.000000 1.000000 -0.000000 0.000000 0.000000 0.000000 1.000000
0.958993 -0.283431 -0.000000 0.867450 0.283431 0.958993 -0.000000 0.171572 0.000000 0.000000 1.000000 0.000000 0.000000 0.000000 0.000000 1.000000
0.958993 -0.283431 -0.000000 0.867450 0.283431 0.958993 -0.000000 0.171572 0.000000 0.000000 1.000000 0.000000 0.000000 0.000000 0.000000 1.000000</float_array><technique_common><accessor source="#jnt_neck-Matrix-animation-output-transform-array" count="30" stride="16"><param type="float4x4"/></accessor></technique_common></source><source id="jnt_neck-Interpolations"><Name_array id="jnt_neck-Interpolations-array" count="30">
 LINEAR LINEAR LINEAR LINEAR LINEAR LINEAR LINEAR LINEAR LINEAR LINEAR LINEAR
LINEAR LINEAR LINEAR LINEAR LINEAR LINEAR LINEAR LINEAR LINEAR LINEAR LINEAR LINEAR
LINEAR LINEAR LINEAR LINEAR LINEAR LINEAR LINEAR</Name_array><technique_common><accessor source="#jnt_neck-Interpolations-array" count="30"><param type="name"/></accessor></technique_common></source><sampler id="jnt_neck-Matrix-animation-transform"><input semantic="INPUT" source="#jnt_neck-Matrix-animation-input"/><input semantic="OUTPUT" source="#jnt_neck-Matrix-animation-output-transform"/><input semantic="INTERPOLATION" source="#jnt_neck-Interpolations"/></sampler><channel source="#jnt_neck-Matrix-animation-transform" target="jnt_neck/matrix"/></animation></animation>
    <animation id="jnt_head-anim" name="jnt_head"><animation><source id="jnt_head-Matrix-animation-input"><float_array id="jnt_head-Matrix-animation-input-array" count="30">

0.033333 0.066667 0.100000 0.133333 0.166667 0.200000 0.233333 0.266667 0.300000 0.333333 0.366667 0.400000 0.433333 0.466667 0.500000 0.533333
0.566667 0.600000 0.633333 0.666667 0.700000 0.733333 0.766667 0.800000 0.833333 0.866667 0.900000 0.933333 0.966667 1.000000</float_array><technique_common><accessor source="#jnt_head-Matrix-animation-input-array" count="30"><param name="TIME" type="float"/></accessor></technique_common></source><source id="jnt_head-Matrix-animation-output-transform"><float_array id="jnt_head-Matrix-animation-output-transform-array" count="480">

0.982377 0.168412 -0.081072 0.273591 -0.186910 0.885153 -0.426109 0.000002 -0.000000 0.433753 0.901032 -0.000000 0.000000 0.000000 0.000000 1.000000
0.982377 0.168412 -0.081072 0.273591 -0.186910 0.885153 -0.426109 0.000001 -0.000000 0.433753 0.901032 0.000000 0.000000 0.000000 0.000000 1.000000
0.982377 0.168412 -0.081072 0.273591 -0.186910 0.885153 -0.426109 0.000002 -0.000000 0.433753 0.901032 0.000000 0.000000 0.000000 0.000000 1.000000
0.982377 0.168412 -0.081072 0.273591 -0.186910 0.885153 -0.426109 0.000001 -0.000000 0.433753 0.901032 0.000000 0.000000 0.000000 0.000000 1.000000
0.982377 0.168412 -0.081072 0.273591 -0.186910 0.885153 -0.426109 0.000002 -0.000000 0.433753 0.901032 -0.000000 0.000000 0.000000 0.000000 1.000000
0.982377 0.168412 -0.081072 0.273591 -0.186910 0.885153 -0.426109 0.000001 -0.000000 0.433753 0.901032 0.000000 0.000000 0.000000 0.000000 1.000000
0.982377 0.168412 -0.081072 0.273591 -0.186910 0.885153 -0.426109 0.000002 -0.000000 0.433753 0.901032 0.000000 0.000000 0.000000 0.000000 1.000000
0.982377 0.168412 -0.081072 0.273591 -0.186910 0.885153 -0.426109 0.000001 -0.000000 0.433753 0.901032 0.000000 0.000000 0.000000 0.000000 1.000000
0.982377 0.168412 -0.081072 0.273591 -0.186910 0.885153 -0.426109 0.000002 -0.000000 0.433753 0.901032 -0.000000 0.000000 0.000000 0.000000 1.000000
0.982377 0.168412 -0.081072 0.273591 -0.186910 0.885153 -0.426109 0.000001 -0.000000 0.433753 0.901032 0.000000 0.000000 0.000000 0.000000 1.000000
0.982377 0.168412 -0.081072 0.273591 -0.186910 0.885153 -0.426109 0.000002 -0.000000 0.433753 0.901032 0.000000 0.000000 0.000000 0.000000 1.000000
0.982377 0.168412 -0.081072 0.273591 -0.186910 0.885153 -0.426109 0.000002 -0.000000 0.433753 0.901032 -0.000000 0.000000 0.000000 0.000000 1.000000
0.982377 0.168412 -0.081072 0.273591 -0.186910 0.885153 -0.426109 0.000001 -0.000000 0.433753 0.901032 0.000000 0.000000 0.000000 0.000000 1.000000
0.982377 0.168412 -0.081072 0.273591 -0.186910 0.885153 -0.426109 0.000002 -0.000000 0.433753 0.901032 0.000000 0.000000 0.000000 0.000000 1.000000
0.982377 0.168412 -0.081072 0.273591 -0.186910 0.885153 -0.426109 0.000001 -0.000000 0.433753 0.901032 0.000000 0.000000 0.000000 0.000000 1.000000
0.982377 0.168412 -0.081072 0.273591 -0.186910 0.885153 -0.426109 0.000002 -0.000000 0.433753 0.901032 -0.000000 0.000000 0.000000 0.000000 1.000000
0.982377 0.168412 -0.081072 0.273591 -0.186910 0.885153 -0.426109 0.000001 -0.000000 0.433753 0.901032 0.000000 0.000000 0.000000 0.000000 1.000000
0.982377 0.168412 -0.081072 0.273591 -0.186910 0.885153 -0.426109 0.000002 -0.000000 0.433753 0.901032 0.000000 0.000000 0.000000 0.000000 1.000000
0.982377 0.168412 -0.081072 0.273591 -0.186910 0.885153 -0.426109 0.000001 -0.000000 0.433753 0.901032 0.000000 0.000000 0.000000 0.000000 1.000000
0.982377 0.168412 -0.081072 0.273591 -0.186910 0.885153 -0.426109 0.000002 -0.000000 0.433753 0.901032 -0.000000 0.000000 0.000000 0.000000 1.000000
0.982377 0.168412 -0.081072 0.273591 -0.186910 0.885153 -0.426109 0.000001 -0.000000 0.433753 0.901032 0.000000 0.000000 0.000000 0.000000 1.000000
0.982377 0.168412 -0.081072 0.273591 -0.186910 0.885153 -0.426109 0.000002 -0.000000 0.433753 0.901032 0.000000 0.000000 0.000000 0.000000 1.000000
0.982377 0.168412 -0.081072 0.273591 -0.186910 0.885153 -0.426109 0.000001 -0.000000 0.433753 0.901032 0.000000 0.000000 0.000000 0.000000 1.000000
0.982377 0.168412 -0.081072 0.273591 -0.186910 0.885153 -0.426109 0.000002 -0.000000 0.433753 0.901032 -0.000000 0.000000 0.000000 0.000000 1.000000
0.982377 0.168412 -0.081072 0.273591 -0.186910 0.885153 -0.426109 0.000001 -0.000000 0.433753 0.901032 0.000000 0.000000 0.000000 0.000000 1.000000
0.982377 0.168412 -0.081072 0.273591 -0.186910 0.885153 -0.426109 0.000002 -0.000000 0.433753 0.901032 0.000000 0.000000 0.000000 0.000000 1.000000
0.982377 0.168412 -0.081072 0.273591 -0.186910 0.885153 -0.426109 0.000001 -0.000000 0.433753 0.901032 0.000000 0.000000 0.000000 0.000000 1.000000
0.982377 0.168412 -0.081072 0.273591 -0.186910 0.885153 -0.426109 0.000002 -0.000000 0.433753 0.901032 -0.000000 0.000000 0.000000 0.000000 1.000000
0.982377 0.168412 -0.081072 0.273591 -0.186910 0.885153 -0.426109 0.000001 -0.000000 0.433753 0.901032 0.000000 0.000000 0.000000 0.000000 1.000000
0.982377 0.168412 -0.081072 0.273591 -0.186910 0.885153 -0.426109 0.000002 -0.000000 0.433753 0.901032 0.000000 0.000000 0.000000 0.000000 1.000000</float_array><technique_common><accessor source="#jnt_head-Matrix-animation-output-transform-array" count="30" stride="16"><param type="float4x4"/></accessor></technique_common></source><source id="jnt_head-Interpolations"><Name_array id="jnt_head-Interpolations-array" count="30">
 LINEAR LINEAR LINEAR LINEAR LINEAR LINEAR LINEAR LINEAR LINEAR LINEAR LINEAR
LINEAR LINEAR LINEAR LINEAR LINEAR LINEAR LINEAR LINEAR LINEAR LINEAR LINEAR LINEAR
LINEAR LINEAR LINEAR LINEAR LINEAR LINEAR LINEAR</Name_array><technique_common><accessor source="#jnt_head-Interpolations-array" count="30"><param type="name"/></accessor></technique_common></source><sampler id="jnt_head-Matrix-animation-transform"><input semantic="INPUT" source="#jnt_head-Matrix-animation-input"/><input semantic="OUTPUT" source="#jnt_head-Matrix-animation-output-transform"/><input semantic="INTERPOLATION" source="#jnt_head-Interpolations"/></sampler><channel source="#jnt_head-Matrix-animation-transform" target="jnt_head/matrix"/></animation></animation>
    <animation id="jnt_headappend-anim" name="jnt_headappend"><animation><source id="jnt_headappend-Matrix-animation-input"><float_array id="jnt_headappend-Matrix-animation-input-array" count="30">

0.033333 0.066667 0.100000 0.133333 0.166667 0.200000 0.233333 0.266667 0.300000 0.333333 0.366667 0.400000 0.433333 0.466667 0.500000 0.533333
0.566667 0.600000 0.633333 0.666667 0.700000 0.733333 0.766667 0.800000 0.833333 0.866667 0.900000 0.933333 0.966667 1.000000</float_array><technique_common><accessor source="#jnt_headappend-Matrix-animation-input-array" count="30"><param name="TIME" type="float"/></accessor></technique_common></source><source id="jnt_headappend-Matrix-animation-output-transform"><float_array id="jnt_headappend-Matrix-animation-output-transform-array" count="480">

1.000000 0.000000 -0.000000 -0.000000 -0.000000 1.000000 -0.000000 0.000000 0.000000 0.000000 1.000000 -0.000000 0.000000 0.000000 0.000000 1.000000
1.000000 0.000000 -0.000000 0.000000 -0.000000 1.000000 -0.000000 0.000000 0.000000 0.000000 1.000000 0.000000 0.000000 0.000000 0.000000 1.000000
1.000000 0.000000 -0.000000 -0.000001 -0.000000 1.000000 -0.000000 0.000000 0.000000 0.000000 1.000000 -0.000000 0.000000 0.000000 0.000000 1.000000
1.000000 0.000000 -0.000000 0.000000 -0.000000 1.000000 -0.000000 0.000000 0.000000 0.000000 1.000000 0.000000 0.000000 0.000000 0.000000 1.000000
1.000000 0.000000 -0.000000 -0.000000 -0.000000 1.000000 -0.000000 0.000000 0.000000 0.000000 1.000000 -0.000000 0.000000 0.000000 0.000000 1.000000
1.000000 0.000000 -0.000000 0.000000 -0.000000 1.000000 -0.000000 0.000000 0.000000 0.000000 1.000000 0.000000 0.000000 0.000000 0.000000 1.000000
1.000000 0.000000 -0.000000 -0.000001 -0.000000 1.000000 -0.000000 0.000000 0.000000 0.000000 1.000000 -0.000000 0.000000 0.000000 0.000000 1.000000
1.000000 0.000000 -0.000000 0.000000 -0.000000 1.000000 -0.000000 0.000000 0.000000 0.000000 1.000000 0.000000 0.000000 0.000000 0.000000 1.000000
1.000000 0.000000 -0.000000 -0.000000 -0.000000 1.000000 -0.000000 0.000000 0.000000 0.000000 1.000000 -0.000000 0.000000 0.000000 0.000000 1.000000
1.000000 0.000000 -0.000000 0.000000 -0.000000 1.000000 -0.000000 0.000000 0.000000 0.000000 1.000000 0.000000 0.000000 0.000000 0.000000 1.000000
1.000000 0.000000 -0.000000 -0.000001 -0.000000 1.000000 -0.000000 0.000000 0.000000 0.000000 1.000000 -0.000000 0.000000 0.000000 0.000000 1.000000
1.000000 0.000000 -0.000000 -0.000000 -0.000000 1.000000 -0.000000 0.000000 0.000000 0.000000 1.000000 -0.000000 0.000000 0.000000 0.000000 1.000000
1.000000 0.000000 -0.000000 0.000000 -0.000000 1.000000 -0.000000 0.000000 0.000000 0.000000 1.000000 0.000000 0.000000 0.000000 0.000000 1.000000
1.000000 0.000000 -0.000000 -0.000001 -0.000000 1.000000 -0.000000 0.000000 0.000000 0.000000 1.000000 -0.000000 0.000000 0.000000 0.000000 1.000000
1.000000 0.000000 -0.000000 0.000000 -0.000000 1.000000 -0.000000 0.000000 0.000000 0.000000 1.000000 0.000000 0.000000 0.000000 0.000000 1.000000
1.000000 0.000000 -0.000000 -0.000000 -0.000000 1.000000 -0.000000 0.000000 0.000000 0.000000 1.000000 -0.000000 0.000000 0.000000 0.000000 1.000000
1.000000 0.000000 -0.000000 0.000000 -0.000000 1.000000 -0.000000 0.000000 0.000000 0.000000 1.000000 0.000000 0.000000 0.000000 0.000000 1.000000
1.000000 0.000000 -0.000000 -0.000001 -0.000000 1.000000 -0.000000 0.000000 0.000000 0.000000 1.000000 -0.000000 0.000000 0.000000 0.000000 1.000000
1.000000 0.000000 -0.000000 0.000000 -0.000000 1.000000 -0.000000 0.000000 0.000000 0.000000 1.000000 0.000000 0.000000 0.000000 0.000000 1.000000
1.000000 0.000000 -0.000000 -0.000000 -0.000000 1.000000 -0.000000 0.000000 0.000000 0.000000 1.000000 -0.000000 0.000000 0.000000 0.000000 1.000000
1.000000 0.000000 -0.000000 0.000000 -0.000000 1.000000 -0.000000 0.000000 0.000000 0.000000 1.000000 0.000000 0.000000 0.000000 0.000000 1.000000
1.000000 0.000000 -0.000000 -0.000001 -0.000000 1.000000 -0.000000 0.000000 0.000000 0.000000 1.000000 -0.000000 0.000000 0.000000 0.000000 1.000000
1.000000 0.000000 -0.000000 0.000000 -0.000000 1.000000 -0.000000 0.000000 0.000000 0.000000 1.000000 0.000000 0.000000 0.000000 0.000000 1.000000
1.000000 0.000000 -0.000000 -0.000000 -0.000000 1.000000 -0.000000 0.000000 0.000000 0.000000 1.000000 -0.000000 0.000000 0.000000 0.000000 1.000000
1.000000 0.000000 -0.000000 0.000000 -0.000000 1.000000 -0.000000 0.000000 0.000000 0.000000 1.000000 0.000000 0.000000 0.000000 0.000000 1.000000
1.000000 0.000000 -0.000000 -0.000001 -0.000000 1.000000 -0.000000 0.000000 0.000000 0.000000 1.000000 -0.000000 0.000000 0.000000 0.000000 1.000000
1.000000 0.000000 -0.000000 0.000000 -0.000000 1.000000 -0.000000 0.000000 0.000000 0.000000 1.000000 0.000000 0.000000 0.000000 0.000000 1.000000
1.000000 0.000000 -0.000000 -0.000000 -0.000000 1.000000 -0.000000 0.000000 0.000000 0.000000 1.000000 -0.000000 0.000000 0.000000 0.000000 1.000000
1.000000 0.000000 -0.000000 0.000000 -0.000000 1.000000 -0.000000 0.000000 0.000000 0.000000 1.000000 0.000000 0.000000 0.000000 0.000000 1.000000
1.000000 0.000000 -0.000000 -0.000001 -0.000000 1.000000 -0.000000 0.000000 0.000000 0.000000 1.000000 -0.000000 0.000000 0.000000 0.000000 1.000000</float_array><technique_common><accessor source="#jnt_headappend-Matrix-animation-output-transform-array" count="30" stride="16"><param type="float4x4"/></accessor></technique_common></source><source id="jnt_headappend-Interpolations"><Name_array id="jnt_headappend-Interpolations-array" count="30">
 LINEAR LINEAR LINEAR LINEAR LINEAR LINEAR LINEAR LINEAR LINEAR LINEAR LINEAR
LINEAR LINEAR LINEAR LINEAR LINEAR LINEAR LINEAR LINEAR LINEAR LINEAR LINEAR LINEAR
LINEAR LINEAR LINEAR LINEAR LINEAR LINEAR LINEAR</Name_array><technique_common><accessor source="#jnt_headappend-Interpolations-array" count="30"><param type="name"/></accessor></technique_common></source><sampler id="jnt_headappend-Matrix-animation-transform"><input semantic="INPUT" source="#jnt_headappend-Matrix-animation-input"/><input semantic="OUTPUT" source="#jnt_headappend-Matrix-animation-output-transform"/><input semantic="INTERPOLATION" source="#jnt_headappend-Interpolations"/></sampler><channel source="#jnt_headappend-Matrix-animation-transform" target="jnt_headappend/matrix"/></animation></animation>
    <animation id="jnt_left_armroot-anim" name="jnt_left_armroot"><animation><source id="jnt_left_armroot-Matrix-animation-input"><float_array id="jnt_left_armroot-Matrix-animation-input-array" count="30">

0.033333 0.066667 0.100000 0.133333 0.166667 0.200000 0.233333 0.266667 0.300000 0.333333 0.366667 0.400000 0.433333 0.466667 0.500000 0.533333
0.566667 0.600000 0.633333 0.666667 0.700000 0.733333 0.766667 0.800000 0.833333 0.866667 0.900000 0.933333 0.966667 1.000000</float_array><technique_common><accessor source="#jnt_left_armroot-Matrix-animation-input-array" count="30"><param name="TIME" type="float"/></accessor></technique_common></source><source id="jnt_left_armroot-Matrix-animation-output-transform"><float_array id="jnt_left_armroot-Matrix-animation-output-transform-array" count="480">

1.000000 -0.000004 -0.000000 -0.000000 0.000004 1.000000 0.000000 -0.000000 0.000000 -0.000000 1.000000 0.000000 0.000000 0.000000 0.000000 1.000000
1.000000 -0.000004 -0.000000 -0.000745 0.000004 1.000000 -0.000000 -0.004520 0.000000 0.000000 1.000000 -0.003826 0.000000 0.000000 0.000000 1.000000
1.000000 -0.000004 -0.000000 -0.001489 0.000004 1.000000 0.000000 -0.009039 0.000000 -0.000000 1.000000 -0.007653 0.000000 0.000000 0.000000 1.000000
1.000000 -0.000004 -0.000000 -0.000745 0.000004 1.000000 -0.000000 -0.004520 0.000000 0.000000 1.000000 -0.003826 0.000000 0.000000 0.000000 1.000000
1.000000 -0.000004 -0.000000 -0.000000 0.000004 1.000000 0.000000 -0.000000 0.000000 -0.000000 1.000000 0.000000 0.000000 0.000000 0.000000 1.000000
1.000000 -0.000004 -0.000000 -0.000745 0.000004 1.000000 -0.000000 -0.004520 0.000000 0.000000 1.000000 -0.003826 0.000000 0.000000 0.000000 1.000000
1.000000 -0.000004 -0.000000 -0.001489 0.000004 1.000000 0.000000 -0.009039 0.000000 -0.000000 1.000000 -0.007653 0.000000 0.000000 0.000000 1.000000
1.000000 -0.000004 -0.000000 -0.000745 0.000004 1.000000 -0.000000 -0.004520 0.000000 0.000000 1.000000 -0.003826 0.000000 0.000000 0.000000 1.000000
1.000000 -0.000004 -0.000000 -0.000000 0.000004 1.000000 0.000000 -0.000000 0.000000 -0.000000 1.000000 0.000000 0.000000 0.000000 0.000000 1.000000
1.000000 -0.000004 -0.000000 -0.000745 0.000004 1.000000 -0.000000 -0.004520 0.000000 0.000000 1.000000 -0.003826 0.000000 0.000000 0.000000 1.000000
1.000000 -0.000004 -0.000000 -0.001489 0.000004 1.000000 0.000000 -0.009039 0.000000 -0.000000 1.000000 -0.007653 0.000000 0.000000 0.000000 1.000000
1.000000 -0.000004 -0.000000 -0.000000 0.000004 1.000000 0.000000 -0.000000 0.000000 -0.000000 1.000000 0.000000 0.000000 0.000000 0.000000 1.000000
1.000000 -0.000004 -0.000000 -0.000745 0.000004 1.000000 -0.000000 -0.004520 0.000000 0.000000 1.000000 -0.003826 0.000000 0.000000 0.000000 1.000000
1.000000 -0.000004 -0.000000 -0.001489 0.000004 1.000000 0.000000 -0.009039 0.000000 -0.000000 1.000000 -0.007653 0.000000 0.000000 0.000000 1.000000
1.000000 -0.000004 -0.000000 -0.000745 0.000004 1.000000 -0.000000 -0.004520 0.000000 0.000000 1.000000 -0.003826 0.000000 0.000000 0.000000 1.000000
1.000000 -0.000004 -0.000000 -0.000000 0.000004 1.000000 0.000000 -0.000000 0.000000 -0.000000 1.000000 0.000000 0.000000 0.000000 0.000000 1.000000
1.000000 -0.000004 -0.000000 -0.000745 0.000004 1.000000 -0.000000 -0.004520 0.000000 0.000000 1.000000 -0.003826 0.000000 0.000000 0.000000 1.000000
1.000000 -0.000004 -0.000000 -0.001489 0.000004 1.000000 0.000000 -0.009039 0.000000 -0.000000 1.000000 -0.007653 0.000000 0.000000 0.000000 1.000000
1.000000 -0.000004 -0.000000 -0.000745 0.000004 1.000000 -0.000000 -0.004520 0.000000 0.000000 1.000000 -0.003826 0.000000 0.000000 0.000000 1.000000
1.000000 -0.000004 -0.000000 -0.000000 0.000004 1.000000 0.000000 -0.000000 0.000000 -0.000000 1.000000 0.000000 0.000000 0.000000 0.000000 1.000000
1.000000 -0.000004 -0.000000 -0.000745 0.000004 1.000000 -0.000000 -0.004520 0.000000 0.000000 1.000000 -0.003826 0.000000 0.000000 0.000000 1.000000
1.000000 -0.000004 -0.000000 -0.001489 0.000004 1.000000 0.000000 -0.009039 0.000000 -0.000000 1.000000 -0.007653 0.000000 0.000000 0.000000 1.000000
1.000000 -0.000004 -0.000000 -0.000745 0.000004 1.000000 -0.000000 -0.004520 0.000000 0.000000 1.000000 -0.003826 0.000000 0.000000 0.000000 1.000000
1.000000 -0.000004 -0.000000 -0.000000 0.000004 1.000000 0.000000 -0.000000 0.000000 -0.000000 1.000000 0.000000 0.000000 0.000000 0.000000 1.000000
1.000000 -0.000004 -0.000000 -0.000745 0.000004 1.000000 -0.000000 -0.004520 0.000000 0.000000 1.000000 -0.003826 0.000000 0.000000 0.000000 1.000000
1.000000 -0.000004 -0.000000 -0.001489 0.000004 1.000000 0.000000 -0.009039 0.000000 -0.000000 1.000000 -0.007653 0.000000 0.000000 0.000000 1.000000
1.000000 -0.000004 -0.000000 -0.000745 0.000004 1.000000 -0.000000 -0.004520 0.000000 0.000000 1.000000 -0.003826 0.000000 0.000000 0.000000 1.000000
1.000000 -0.000004 -0.000000 -0.000000 0.000004 1.000000 0.000000 -0.000000 0.000000 -0.000000 1.000000 0.000000 0.000000 0.000000 0.000000 1.000000
1.000000 -0.000004 -0.000000 -0.000745 0.000004 1.000000 -0.000000 -0.004520 0.000000 0.000000 1.000000 -0.003826 0.000000 0.000000 0.000000 1.000000
1.000000 -0.000004 -0.000000 -0.001489 0.000004 1.000000 0.000000 -0.009039 0.000000 -0.000000 1.000000 -0.007653 0.000000 0.000000 0.000000 1.000000</float_array><technique_common><accessor source="#jnt_left_armroot-Matrix-animation-output-transform-array" count="30" stride="16"><param type="float4x4"/></accessor></technique_common></source><source id="jnt_left_armroot-Interpolations"><Name_array id="jnt_left_armroot-Interpolations-array" count="30">
 LINEAR LINEAR LINEAR LINEAR LINEAR LINEAR LINEAR LINEAR LINEAR LINEAR LINEAR
LINEAR LINEAR LINEAR LINEAR LINEAR LINEAR LINEAR LINEAR LINEAR LINEAR LINEAR LINEAR
LINEAR LINEAR LINEAR LINEAR LINEAR LINEAR LINEAR</Name_array><technique_common><accessor source="#jnt_left_armroot-Interpolations-array" count="30"><param type="name"/></accessor></technique_common></source><sampler id="jnt_left_armroot-Matrix-animation-transform"><input semantic="INPUT" source="#jnt_left_armroot-Matrix-animation-input"/><input semantic="OUTPUT" source="#jnt_left_armroot-Matrix-animation-output-transform"/><input semantic="INTERPOLATION" source="#jnt_left_armroot-Interpolations"/></sampler><channel source="#jnt_left_armroot-Matrix-animation-transform" target="jnt_left_armroot/matrix"/></animation></animation>
    <animation id="jnt_left_shoulder-anim" name="jnt_left_shoulder"><animation><source id="jnt_left_shoulder-Matrix-animation-input"><float_array id="jnt_left_shoulder-Matrix-animation-input-array" count="30">

0.033333 0.066667 0.100000 0.133333 0.166667 0.200000 0.233333 0.266667 0.300000 0.333333 0.366667 0.400000 0.433333 0.466667 0.500000 0.533333
0.566667 0.600000 0.633333 0.666667 0.700000 0.733333 0.766667 0.800000 0.833333 0.866667 0.900000 0.933333 0.966667 1.000000</float_array><technique_common><accessor source="#jnt_left_shoulder-Matrix-animation-input-array" count="30"><param name="TIME" type="float"/></accessor></technique_common></source><source id="jnt_left_shoulder-Matrix-animation-output-transform"><float_array id="jnt_left_shoulder-Matrix-animation-output-transform-array" count="480">

-0.019289 0.092832 -0.995495 0.635987 0.352002 -0.931301 -0.093666 0.114390 -0.935800 -0.352223 -0.014713 0.266187 0.000000 0.000000 0.000000 1.000000
-0.019289 0.092831 -0.995495 0.634994 0.352002 -0.931301 -0.093665 0.108363 -0.935800 -0.352223 -0.014713 0.261084 0.000000 0.000000 0.000000 1.000000
-0.019289 0.092831 -0.995495 0.634001 0.352002 -0.931301 -0.093665 0.102335 -0.935800 -0.352223 -0.014713 0.255980 0.000000 0.000000 0.000000 1.000000
-0.019289 0.092831 -0.995495 0.634994 0.352002 -0.931301 -0.093665 0.108363 -0.935800 -0.352223 -0.014713 0.261084 0.000000 0.000000 0.000000 1.000000
-0.019289 0.092832 -0.995495 0.635987 0.352002 -0.931301 -0.093666 0.114390 -0.935800 -0.352223 -0.014713 0.266187 0.000000 0.000000 0.000000 1.000000
-0.019289 0.092831 -0.995495 0.634994 0.352002 -0.931301 -0.093665 0.108363 -0.935800 -0.352223 -0.014713 0.261084 0.000000 0.000000 0.000000 1.000000
-0.019289 0.092831 -0.995495 0.634001 0.352002 -0.931301 -0.093665 0.102335 -0.935800 -0.352223 -0.014713 0.255980 0.000000 0.000000 0.000000 1.000000
-0.019289 0.092831 -0.995495 0.634994 0.352002 -0.931301 -0.093665 0.108363 -0.935800 -0.352223 -0.014713 0.261084 0.000000 0.000000 0.000000 1.000000
-0.019289 0.092832 -0.995495 0.635987 0.352002 -0.931301 -0.093666 0.114390 -0.935800 -0.352223 -0.014713 0.266187 0.000000 0.000000 0.000000 1.000000
-0.019289 0.092831 -0.995495 0.634994 0.352002 -0.931301 -0.093665 0.108363 -0.935800 -0.352223 -0.014713 0.261084 0.000000 0.000000 0.000000 1.000000
-0.019289 0.092831 -0.995495 0.634001 0.352002 -0.931301 -0.093665 0.102335 -0.935800 -0.352223 -0.014713 0.255980 0.000000 0.000000 0.000000 1.000000
-0.019289 0.092832 -0.995495 0.635987 0.352002 -0.931301 -0.093666 0.114390 -0.935800 -0.352223 -0.014713 0.266187 0.000000 0.000000 0.000000 1.000000
-0.019289 0.092831 -0.995495 0.634994 0.352002 -0.931301 -0.093665 0.108363 -0.935800 -0.352223 -0.014713 0.261084 0.000000 0.000000 0.000000 1.000000
-0.019289 0.092831 -0.995495 0.634001 0.352002 -0.931301 -0.093665 0.102335 -0.935800 -0.352223 -0.014713 0.255980 0.000000 0.000000 0.000000 1.000000
-0.019289 0.092831 -0.995495 0.634994 0.352002 -0.931301 -0.093665 0.108363 -0.935800 -0.352223 -0.014713 0.261084 0.000000 0.000000 0.000000 1.000000
-0.019289 0.092832 -0.995495 0.635987 0.352002 -0.931301 -0.093666 0.114390 -0.935800 -0.352223 -0.014713 0.266187 0.000000 0.000000 0.000000 1.000000
-0.019289 0.092831 -0.995495 0.634994 0.352002 -0.931301 -0.093665 0.108363 -0.935800 -0.352223 -0.014713 0.261084 0.000000 0.000000 0.000000 1.000000
-0.019289 0.092831 -0.995495 0.634001 0.352002 -0.931301 -0.093665 0.102335 -0.935800 -0.352223 -0.014713 0.255980 0.000000 0.000000 0.000000 1.000000
-0.019289 0.092831 -0.995495 0.634994 0.352002 -0.931301 -0.093665 0.108363 -0.935800 -0.352223 -0.014713 0.261084 0.000000 0.000000 0.000000 1.000000
-0.019289 0.092832 -0.995495 0.635987 0.352002 -0.931301 -0.093666 0.114390 -0.935800 -0.352223 -0.014713 0.266187 0.000000 0.000000 0.000000 1.000000
-0.019289 0.092831 -0.995495 0.634994 0.352002 -0.931301 -0.093665 0.108363 -0.935800 -0.352223 -0.014713 0.261084 0.000000 0.000000 0.000000 1.000000
-0.019289 0.092831 -0.995495 0.634001 0.352002 -0.931301 -0.093665 0.102335 -0.935800 -0.352223 -0.014713 0.255980 0.000000 0.000000 0.000000 1.000000
-0.019289 0.092831 -0.995495 0.634994 0.352002 -0.931301 -0.093665 0.108363 -0.935800 -0.352223 -0.014713 0.261084 0.000000 0.000000 0.000000 1.000000
-0.019289 0.092832 -0.995495 0.635987 0.352002 -0.931301 -0.093666 0.114390 -0.935800 -0.352223 -0.014713 0.266187 0.000000 0.000000 0.000000 1.000000
-0.019289 0.092831 -0.995495 0.634994 0.352002 -0.931301 -0.093665 0.108363 -0.935800 -0.352223 -0.014713 0.261084 0.000000 0.000000 0.000000 1.000000
-0.019289 0.092831 -0.995495 0.634001 0.352002 -0.931301 -0.093665 0.102335 -0.935800 -0.352223 -0.014713 0.255980 0.000000 0.000000 0.000000 1.000000
-0.019289 0.092831 -0.995495 0.634994 0.352002 -0.931301 -0.093665 0.108363 -0.935800 -0.352223 -0.014713 0.261084 0.000000 0.000000 0.000000 1.000000
-0.019289 0.092832 -0.995495 0.635987 0.352002 -0.931301 -0.093666 0.114390 -0.935800 -0.352223 -0.014713 0.266187 0.000000 0.000000 0.000000 1.000000
-0.019289 0.092831 -0.995495 0.634994 0.352002 -0.931301 -0.093665 0.108363 -0.935800 -0.352223 -0.014713 0.261084 0.000000 0.000000 0.000000 1.000000
-0.019289 0.092831 -0.995495 0.634001 0.352002 -0.931301 -0.093665 0.102335 -0.935800 -0.352223 -0.014713 0.255980 0.000000 0.000000 0.000000 1.000000</float_array><technique_common><accessor source="#jnt_left_shoulder-Matrix-animation-output-transform-array" count="30" stride="16"><param type="float4x4"/></accessor></technique_common></source><source id="jnt_left_shoulder-Interpolations"><Name_array id="jnt_left_shoulder-Interpolations-array" count="30">
 LINEAR LINEAR LINEAR LINEAR LINEAR LINEAR LINEAR LINEAR LINEAR LINEAR LINEAR
LINEAR LINEAR LINEAR LINEAR LINEAR LINEAR LINEAR LINEAR LINEAR LINEAR LINEAR LINEAR
LINEAR LINEAR LINEAR LINEAR LINEAR LINEAR LINEAR</Name_array><technique_common><accessor source="#jnt_left_shoulder-Interpolations-array" count="30"><param type="name"/></accessor></technique_common></source><sampler id="jnt_left_shoulder-Matrix-animation-transform"><input semantic="INPUT" source="#jnt_left_shoulder-Matrix-animation-input"/><input semantic="OUTPUT" source="#jnt_left_shoulder-Matrix-animation-output-transform"/><input semantic="INTERPOLATION" source="#jnt_left_shoulder-Interpolations"/></sampler><channel source="#jnt_left_shoulder-Matrix-animation-transform" target="jnt_left_shoulder/matrix"/></animation></animation>
    <animation id="jnt_left_arm-anim" name="jnt_left_arm"><animation><source id="jnt_left_arm-Matrix-animation-input"><float_array id="jnt_left_arm-Matrix-animation-input-array" count="30">

0.033333 0.066667 0.100000 0.133333 0.166667 0.200000 0.233333 0.266667 0.300000 0.333333 0.366667 0.400000 0.433333 0.466667 0.500000 0.533333
0.566667 0.600000 0.633333 0.666667 0.700000 0.733333 0.766667 0.800000 0.833333 0.866667 0.900000 0.933333 0.966667 1.000000</float_array><technique_common><accessor source="#jnt_left_arm-Matrix-animation-input-array" count="30"><param name="TIME" type="float"/></accessor></technique_common></source><source id="jnt_left_arm-Matrix-animation-output-transform"><float_array id="jnt_left_arm-Matrix-animation-output-transform-array" count="480">

0.256249 -0.358698 0.897592 -0.482844 0.755573 0.653486 0.045444 -0.078572 -0.602865 0.666551 0.438478 0.105215 0.000000 0.000000 0.000000 1.000000
0.255934 -0.359725 0.897271 -0.482844 0.751246 0.658158 0.049580 -0.078572 -0.608382 0.661381 0.438687 0.105215 0.000000 0.000000 0.000000 1.000000
0.255627 -0.360753 0.896946 -0.482844 0.746877 0.662789 0.053718 -0.078573 -0.613865 0.656176 0.438865 0.105216 0.000000 0.000000 0.000000 1.000000
0.255934 -0.359725 0.897271 -0.482844 0.751246 0.658158 0.049580 -0.078572 -0.608382 0.661381 0.438687 0.105215 0.000000 0.000000 0.000000 1.000000
0.256249 -0.358698 0.897592 -0.482844 0.755573 0.653486 0.045444 -0.078572 -0.602865 0.666551 0.438478 0.105215 0.000000 0.000000 0.000000 1.000000
0.255934 -0.359725 0.897271 -0.482844 0.751246 0.658158 0.049580 -0.078572 -0.608382 0.661381 0.438687 0.105215 0.000000 0.000000 0.000000 1.000000
0.255627 -0.360753 0.896946 -0.482844 0.746877 0.662789 0.053718 -0.078573 -0.613865 0.656176 0.438865 0.105216 0.000000 0.000000 0.000000 1.000000
0.255934 -0.359725 0.897271 -0.482844 0.751246 0.658158 0.049580 -0.078572 -0.608382 0.661381 0.438687 0.105215 0.000000 0.000000 0.000000 1.000000
0.256249 -0.358698 0.897592 -0.482844 0.755573 0.653486 0.045444 -0.078572 -0.602865 0.666551 0.438478 0.105215 0.000000 0.000000 0.000000 1.000000
0.255934 -0.359725 0.897271 -0.482844 0.751246 0.658158 0.049580 -0.078572 -0.608382 0.661381 0.438687 0.105215 0.000000 0.000000 0.000000 1.000000
0.255627 -0.360753 0.896946 -0.482844 0.746877 0.662789 0.053718 -0.078573 -0.613865 0.656176 0.438865 0.105216 0.000000 0.000000 0.000000 1.000000
0.256249 -0.358698 0.897592 -0.482844 0.755573 0.653486 0.045444 -0.078572 -0.602865 0.666551 0.438478 0.105215 0.000000 0.000000 0.000000 1.000000
0.255934 -0.359725 0.897271 -0.482844 0.751246 0.658158 0.049580 -0.078572 -0.608382 0.661381 0.438687 0.105215 0.000000 0.000000 0.000000 1.000000
0.255627 -0.360753 0.896946 -0.482844 0.746877 0.662789 0.053718 -0.078573 -0.613865 0.656176 0.438865 0.105216 0.000000 0.000000 0.000000 1.000000
0.255934 -0.359725 0.897271 -0.482844 0.751246 0.658158 0.049580 -0.078572 -0.608382 0.661381 0.438687 0.105215 0.000000 0.000000 0.000000 1.000000
0.256249 -0.358698 0.897592 -0.482844 0.755573 0.653486 0.045444 -0.078572 -0.602865 0.666551 0.438478 0.105215 0.000000 0.000000 0.000000 1.000000
0.255934 -0.359725 0.897271 -0.482844 0.751246 0.658158 0.049580 -0.078572 -0.608382 0.661381 0.438687 0.105215 0.000000 0.000000 0.000000 1.000000
0.255627 -0.360753 0.896946 -0.482844 0.746877 0.662789 0.053718 -0.078573 -0.613865 0.656176 0.438865 0.105216 0.000000 0.000000 0.000000 1.000000
0.255934 -0.359725 0.897271 -0.482844 0.751246 0.658158 0.049580 -0.078572 -0.608382 0.661381 0.438687 0.105215 0.000000 0.000000 0.000000 1.000000
0.256249 -0.358698 0.897592 -0.482844 0.755573 0.653486 0.045444 -0.078572 -0.602865 0.666551 0.438478 0.105215 0.000000 0.000000 0.000000 1.000000
0.255934 -0.359725 0.897271 -0.482844 0.751246 0.658158 0.049580 -0.078572 -0.608382 0.661381 0.438687 0.105215 0.000000 0.000000 0.000000 1.000000
0.255627 -0.360753 0.896946 -0.482844 0.746877 0.662789 0.053718 -0.078573 -0.613865 0.656176 0.438865 0.105216 0.000000 0.000000 0.000000 1.000000
0.255934 -0.359725 0.897271 -0.482844 0.751246 0.658158 0.049580 -0.078572 -0.608382 0.661381 0.438687 0.105215 0.000000 0.000000 0.000000 1.000000
0.256249 -0.358698 0.897592 -0.482844 0.755573 0.653486 0.045444 -0.078572 -0.602865 0.666551 0.438478 0.105215 0.000000 0.000000 0.000000 1.000000
0.255934 -0.359725 0.897271 -0.482844 0.751246 0.658158 0.049580 -0.078572 -0.608382 0.661381 0.438687 0.105215 0.000000 0.000000 0.000000 1.000000
0.255627 -0.360753 0.896946 -0.482844 0.746877 0.662789 0.053718 -0.078573 -0.613865 0.656176 0.438865 0.105216 0.000000 0.000000 0.000000 1.000000
0.255934 -0.359725 0.897271 -0.482844 0.751246 0.658158 0.049580 -0.078572 -0.608382 0.661381 0.438687 0.105215 0.000000 0.000000 0.000000 1.000000
0.256249 -0.358698 0.897592 -0.482844 0.755573 0.653486 0.045444 -0.078572 -0.602865 0.666551 0.438478 0.105215 0.000000 0.000000 0.000000 1.000000
0.255934 -0.359725 0.897271 -0.482844 0.751246 0.658158 0.049580 -0.078572 -0.608382 0.661381 0.438687 0.105215 0.000000 0.000000 0.000000 1.000000
0.255627 -0.360753 0.896946 -0.482844 0.746877 0.662789 0.053718 -0.078573 -0.613865 0.656176 0.438865 0.105216 0.000000 0.000000 0.000000 1.000000</float_array><technique_common><accessor source="#jnt_left_arm-Matrix-animation-output-transform-array" count="30" stride="16"><param type="float4x4"/></accessor></technique_common></source><source id="jnt_left_arm-Interpolations"><Name_array id="jnt_left_arm-Interpolations-array" count="30">
 LINEAR LINEAR LINEAR LINEAR LINEAR LINEAR LINEAR LINEAR LINEAR LINEAR LINEAR
LINEAR LINEAR LINEAR LINEAR LINEAR LINEAR LINEAR LINEAR LINEAR LINEAR LINEAR LINEAR
LINEAR LINEAR LINEAR LINEAR LINEAR LINEAR LINEAR</Name_array><technique_common><accessor source="#jnt_left_arm-Interpolations-array" count="30"><param type="name"/></accessor></technique_common></source><sampler id="jnt_left_arm-Matrix-animation-transform"><input semantic="INPUT" source="#jnt_left_arm-Matrix-animation-input"/><input semantic="OUTPUT" source="#jnt_left_arm-Matrix-animation-output-transform"/><input semantic="INTERPOLATION" source="#jnt_left_arm-Interpolations"/></sampler><channel source="#jnt_left_arm-Matrix-animation-transform" target="jnt_left_arm/matrix"/></animation></animation>
    <animation id="jnt_left_armroll-anim" name="jnt_left_armroll"><animation><source id="jnt_left_armroll-Matrix-animation-input"><float_array id="jnt_left_armroll-Matrix-animation-input-array" count="30">

0.033333 0.066667 0.100000 0.133333 0.166667 0.200000 0.233333 0.266667 0.300000 0.333333 0.366667 0.400000 0.433333 0.466667 0.500000 0.533333
0.566667 0.600000 0.633333 0.666667 0.700000 0.733333 0.766667 0.800000 0.833333 0.866667 0.900000 0.933333 0.966667 1.000000</float_array><technique_common><accessor source="#jnt_left_armroll-Matrix-animation-input-array" count="30"><param name="TIME" type="float"/></accessor></technique_common></source><source id="jnt_left_armroll-Matrix-animation-output-transform"><float_array id="jnt_left_armroll-Matrix-animation-output-transform-array" count="480">

1.000000 -0.000000 0.000000 -0.421995 0.000000 1.000000 -0.000000 0.000002 -0.000000 0.000000 1.000000 -0.000004 0.000000 0.000000 0.000000 1.000000
1.000000 -0.000000 0.000000 -0.421995 0.000000 1.000000 -0.000000 0.000002 -0.000000 0.000000 1.000000 -0.000003 0.000000 0.000000 0.000000 1.000000
1.000000 -0.000000 -0.000000 -0.421995 0.000000 1.000000 0.000000 0.000002 0.000000 -0.000000 1.000000 -0.000004 0.000000 0.000000 0.000000 1.000000
1.000000 -0.000000 0.000000 -0.421995 0.000000 1.000000 -0.000000 0.000002 -0.000000 0.000000 1.000000 -0.000003 0.000000 0.000000 0.000000 1.000000
1.000000 -0.000000 0.000000 -0.421995 0.000000 1.000000 -0.000000 0.000002 -0.000000 0.000000 1.000000 -0.000004 0.000000 0.000000 0.000000 1.000000
1.000000 -0.000000 0.000000 -0.421995 0.000000 1.000000 -0.000000 0.000002 -0.000000 0.000000 1.000000 -0.000003 0.000000 0.000000 0.000000 1.000000
1.000000 -0.000000 -0.000000 -0.421995 0.000000 1.000000 0.000000 0.000002 0.000000 -0.000000 1.000000 -0.000004 0.000000 0.000000 0.000000 1.000000
1.000000 -0.000000 0.000000 -0.421995 0.000000 1.000000 -0.000000 0.000002 -0.000000 0.000000 1.000000 -0.000003 0.000000 0.000000 0.000000 1.000000
1.000000 -0.000000 0.000000 -0.421995 0.000000 1.000000 -0.000000 0.000002 -0.000000 0.000000 1.000000 -0.000004 0.000000 0.000000 0.000000 1.000000
1.000000 -0.000000 0.000000 -0.421995 0.000000 1.000000 -0.000000 0.000002 -0.000000 0.000000 1.000000 -0.000003 0.000000 0.000000 0.000000 1.000000
1.000000 -0.000000 -0.000000 -0.421995 0.000000 1.000000 0.000000 0.000002 0.000000 -0.000000 1.000000 -0.000004 0.000000 0.000000 0.000000 1.000000
1.000000 -0.000000 0.000000 -0.421995 0.000000 1.000000 -0.000000 0.000002 -0.000000 0.000000 1.000000 -0.000004 0.000000 0.000000 0.000000 1.000000
1.000000 -0.000000 0.000000 -0.421995 0.000000 1.000000 -0.000000 0.000002 -0.000000 0.000000 1.000000 -0.000003 0.000000 0.000000 0.000000 1.000000
1.000000 -0.000000 -0.000000 -0.421995 0.000000 1.000000 0.000000 0.000002 0.000000 -0.000000 1.000000 -0.000004 0.000000 0.000000 0.000000 1.000000
1.000000 -0.000000 0.000000 -0.421995 0.000000 1.000000 -0.000000 0.000002 -0.000000 0.000000 1.000000 -0.000003 0.000000 0.000000 0.000000 1.000000
1.000000 -0.000000 0.000000 -0.421995 0.000000 1.000000 -0.000000 0.000002 -0.000000 0.000000 1.000000 -0.000004 0.000000 0.000000 0.000000 1.000000
1.000000 -0.000000 0.000000 -0.421995 0.000000 1.000000 -0.000000 0.000002 -0.000000 0.000000 1.000000 -0.000003 0.000000 0.000000 0.000000 1.000000
1.000000 -0.000000 -0.000000 -0.421995 0.000000 1.000000 0.000000 0.000002 0.000000 -0.000000 1.000000 -0.000004 0.000000 0.000000 0.000000 1.000000
1.000000 -0.000000 0.000000 -0.421995 0.000000 1.000000 -0.000000 0.000002 -0.000000 0.000000 1.000000 -0.000003 0.000000 0.000000 0.000000 1.000000
1.000000 -0.000000 0.000000 -0.421995 0.000000 1.000000 -0.000000 0.000002 -0.000000 0.000000 1.000000 -0.000004 0.000000 0.000000 0.000000 1.000000
1.000000 -0.000000 0.000000 -0.421995 0.000000 1.000000 -0.000000 0.000002 -0.000000 0.000000 1.000000 -0.000003 0.000000 0.000000 0.000000 1.000000
1.000000 -0.000000 -0.000000 -0.421995 0.000000 1.000000 0.000000 0.000002 0.000000 -0.000000 1.000000 -0.000004 0.000000 0.000000 0.000000 1.000000
1.000000 -0.000000 0.000000 -0.421995 0.000000 1.000000 -0.000000 0.000002 -0.000000 0.000000 1.000000 -0.000003 0.000000 0.000000 0.000000 1.000000
1.000000 -0.000000 0.000000 -0.421995 0.000000 1.000000 -0.000000 0.000002 -0.000000 0.000000 1.000000 -0.000004 0.000000 0.000000 0.000000 1.000000
1.000000 -0.000000 0.000000 -0.421995 0.000000 1.000000 -0.000000 0.000002 -0.000000 0.000000 1.000000 -0.000003 0.000000 0.000000 0.000000 1.000000
1.000000 -0.000000 -0.000000 -0.421995 0.000000 1.000000 0.000000 0.000002 0.000000 -0.000000 1.000000 -0.000004 0.000000 0.000000 0.000000 1.000000
1.000000 -0.000000 0.000000 -0.421995 0.000000 1.000000 -0.000000 0.000002 -0.000000 0.000000 1.000000 -0.000003 0.000000 0.000000 0.000000 1.000000
1.000000 -0.000000 0.000000 -0.421995 0.000000 1.000000 -0.000000 0.000002 -0.000000 0.000000 1.000000 -0.000004 0.000000 0.000000 0.000000 1.000000
1.000000 -0.000000 0.000000 -0.421995 0.000000 1.000000 -0.000000 0.000002 -0.000000 0.000000 1.000000 -0.000003 0.000000 0.000000 0.000000 1.000000
1.000000 -0.000000 -0.000000 -0.421995 0.000000 1.000000 0.000000 0.000002 0.000000 -0.000000 1.000000 -0.000004 0.000000 0.000000 0.000000 1.000000</float_array><technique_common><accessor source="#jnt_left_armroll-Matrix-animation-output-transform-array" count="30" stride="16"><param type="float4x4"/></accessor></technique_common></source><source id="jnt_left_armroll-Interpolations"><Name_array id="jnt_left_armroll-Interpolations-array" count="30">
 LINEAR LINEAR LINEAR LINEAR LINEAR LINEAR LINEAR LINEAR LINEAR LINEAR LINEAR
LINEAR LINEAR LINEAR LINEAR LINEAR LINEAR LINEAR LINEAR LINEAR LINEAR LINEAR LINEAR
LINEAR LINEAR LINEAR LINEAR LINEAR LINEAR LINEAR</Name_array><technique_common><accessor source="#jnt_left_armroll-Interpolations-array" count="30"><param type="name"/></accessor></technique_common></source><sampler id="jnt_left_armroll-Matrix-animation-transform"><input semantic="INPUT" source="#jnt_left_armroll-Matrix-animation-input"/><input semantic="OUTPUT" source="#jnt_left_armroll-Matrix-animation-output-transform"/><input semantic="INTERPOLATION" source="#jnt_left_armroll-Interpolations"/></sampler><channel source="#jnt_left_armroll-Matrix-animation-transform" target="jnt_left_armroll/matrix"/></animation></animation>
    <animation id="jnt_left_forearm-anim" name="jnt_left_forearm"><animation><source id="jnt_left_forearm-Matrix-animation-input"><float_array id="jnt_left_forearm-Matrix-animation-input-array" count="30">

0.033333 0.066667 0.100000 0.133333 0.166667 0.200000 0.233333 0.266667 0.300000 0.333333 0.366667 0.400000 0.433333 0.466667 0.500000 0.533333
0.566667 0.600000 0.633333 0.666667 0.700000 0.733333 0.766667 0.800000 0.833333 0.866667 0.900000 0.933333 0.966667 1.000000</float_array><technique_common><accessor source="#jnt_left_forearm-Matrix-animation-input-array" count="30"><param name="TIME" type="float"/></accessor></technique_common></source><source id="jnt_left_forearm-Matrix-animation-output-transform"><float_array id="jnt_left_forearm-Matrix-animation-output-transform-array" count="480">

-0.250546 -0.967990 -0.014927 -0.843981 0.967944 -0.250756 0.014377 0.000002 -0.017659 -0.010846 0.999785 0.000004 0.000000 0.000000 0.000000 1.000000
-0.290469 -0.956768 -0.014927 -0.843981 0.956713 -0.290676 0.014377 0.000002 -0.018094 -0.010105 0.999785 0.000004 0.000000 0.000000 0.000000 1.000000
-0.329895 -0.943899 -0.014927 -0.843981 0.943836 -0.330100 0.014377 0.000002 -0.018498 -0.009346 0.999785 0.000004 0.000000 0.000000 0.000000 1.000000
-0.290469 -0.956768 -0.014927 -0.843981 0.956713 -0.290676 0.014377 0.000002 -0.018094 -0.010105 0.999785 0.000004 0.000000 0.000000 0.000000 1.000000
-0.250546 -0.967990 -0.014927 -0.843981 0.967944 -0.250756 0.014377 0.000002 -0.017659 -0.010846 0.999785 0.000004 0.000000 0.000000 0.000000 1.000000
-0.290469 -0.956768 -0.014927 -0.843981 0.956713 -0.290676 0.014377 0.000002 -0.018094 -0.010105 0.999785 0.000004 0.000000 0.000000 0.000000 1.000000
-0.329895 -0.943899 -0.014927 -0.843981 0.943836 -0.330100 0.014377 0.000002 -0.018498 -0.009346 0.999785 0.000004 0.000000 0.000000 0.000000 1.000000
-0.290469 -0.956768 -0.014927 -0.843981 0.956713 -0.290676 0.014377 0.000002 -0.018094 -0.010105 0.999785 0.000004 0.000000 0.000000 0.000000 1.000000
-0.250546 -0.967990 -0.014927 -0.843981 0.967944 -0.250756 0.014377 0.000002 -0.017659 -0.010846 0.999785 0.000004 0.000000 0.000000 0.000000 1.000000
-0.290469 -0.956768 -0.014927 -0.843981 0.956713 -0.290676 0.014377 0.000002 -0.018094 -0.010105 0.999785 0.000004 0.000000 0.000000 0.000000 1.000000
-0.329895 -0.943899 -0.014927 -0.843981 0.943836 -0.330100 0.014377 0.000002 -0.018498 -0.009346 0.999785 0.000004 0.000000 0.000000 0.000000 1.000000
-0.250546 -0.967990 -0.014927 -0.843981 0.967944 -0.250756 0.014377 0.000002 -0.017659 -0.010846 0.999785 0.000004 0.000000 0.000000 0.000000 1.000000
-0.290469 -0.956768 -0.014927 -0.843981 0.956713 -0.290676 0.014377 0.000002 -0.018094 -0.010105 0.999785 0.000004 0.000000 0.000000 0.000000 1.000000
-0.329895 -0.943899 -0.014927 -0.843981 0.943836 -0.330100 0.014377 0.000002 -0.018498 -0.009346 0.999785 0.000004 0.000000 0.000000 0.000000 1.000000
-0.290469 -0.956768 -0.014927 -0.843981 0.956713 -0.290676 0.014377 0.000002 -0.018094 -0.010105 0.999785 0.000004 0.000000 0.000000 0.000000 1.000000
-0.250546 -0.967990 -0.014927 -0.843981 0.967944 -0.250756 0.014377 0.000002 -0.017659 -0.010846 0.999785 0.000004 0.000000 0.000000 0.000000 1.000000
-0.290469 -0.956768 -0.014927 -0.843981 0.956713 -0.290676 0.014377 0.000002 -0.018094 -0.010105 0.999785 0.000004 0.000000 0.000000 0.000000 1.000000
-0.329895 -0.943899 -0.014927 -0.843981 0.943836 -0.330100 0.014377 0.000002 -0.018498 -0.009346 0.999785 0.000004 0.000000 0.000000 0.000000 1.000000
-0.290469 -0.956768 -0.014927 -0.843981 0.956713 -0.290676 0.014377 0.000002 -0.018094 -0.010105 0.999785 0.000004 0.000000 0.000000 0.000000 1.000000
-0.250546 -0.967990 -0.014927 -0.843981 0.967944 -0.250756 0.014377 0.000002 -0.017659 -0.010846 0.999785 0.000004 0.000000 0.000000 0.000000 1.000000
-0.290469 -0.956768 -0.014927 -0.843981 0.956713 -0.290676 0.014377 0.000002 -0.018094 -0.010105 0.999785 0.000004 0.000000 0.000000 0.000000 1.000000
-0.329895 -0.943899 -0.014927 -0.843981 0.943836 -0.330100 0.014377 0.000002 -0.018498 -0.009346 0.999785 0.000004 0.000000 0.000000 0.000000 1.000000
-0.290469 -0.956768 -0.014927 -0.843981 0.956713 -0.290676 0.014377 0.000002 -0.018094 -0.010105 0.999785 0.000004 0.000000 0.000000 0.000000 1.000000
-0.250546 -0.967990 -0.014927 -0.843981 0.967944 -0.250756 0.014377 0.000002 -0.017659 -0.010846 0.999785 0.000004 0.000000 0.000000 0.000000 1.000000
-0.290469 -0.956768 -0.014927 -0.843981 0.956713 -0.290676 0.014377 0.000002 -0.018094 -0.010105 0.999785 0.000004 0.000000 0.000000 0.000000 1.000000
-0.329895 -0.943899 -0.014927 -0.843981 0.943836 -0.330100 0.014377 0.000002 -0.018498 -0.009346 0.999785 0.000004 0.000000 0.000000 0.000000 1.000000
-0.290469 -0.956768 -0.014927 -0.843981 0.956713 -0.290676 0.014377 0.000002 -0.018094 -0.010105 0.999785 0.000004 0.000000 0.000000 0.000000 1.000000
-0.250546 -0.967990 -0.014927 -0.843981 0.967944 -0.250756 0.014377 0.000002 -0.017659 -0.010846 0.999785 0.000004 0.000000 0.000000 0.000000 1.000000
-0.290469 -0.956768 -0.014927 -0.843981 0.956713 -0.290676 0.014377 0.000002 -0.018094 -0.010105 0.999785 0.000004 0.000000 0.000000 0.000000 1.000000
-0.329895 -0.943899 -0.014927 -0.843981 0.943836 -0.330100 0.014377 0.000002 -0.018498 -0.009346 0.999785 0.000004 0.000000 0.000000 0.000000 1.000000</float_array><technique_common><accessor source="#jnt_left_forearm-Matrix-animation-output-transform-array" count="30" stride="16"><param type="float4x4"/></accessor></technique_common></source><source id="jnt_left_forearm-Interpolations"><Name_array id="jnt_left_forearm-Interpolations-array" count="30">
 LINEAR LINEAR LINEAR LINEAR LINEAR LINEAR LINEAR LINEAR LINEAR LINEAR LINEAR
LINEAR LINEAR LINEAR LINEAR LINEAR LINEAR LINEAR LINEAR LINEAR LINEAR LINEAR LINEAR
LINEAR LINEAR LINEAR LINEAR LINEAR LINEAR LINEAR</Name_array><technique_common><accessor source="#jnt_left_forearm-Interpolations-array" count="30"><param type="name"/></accessor></technique_common></source><sampler id="jnt_left_forearm-Matrix-animation-transform"><input semantic="INPUT" source="#jnt_left_forearm-Matrix-animation-input"/><input semantic="OUTPUT" source="#jnt_left_forearm-Matrix-animation-output-transform"/><input semantic="INTERPOLATION" source="#jnt_left_forearm-Interpolations"/></sampler><channel source="#jnt_left_forearm-Matrix-animation-transform" target="jnt_left_forearm/matrix"/></animation></animation>
    <animation id="jnt_left_forearmroll-anim" name="jnt_left_forearmroll"><animation><source id="jnt_left_forearmroll-Matrix-animation-input"><float_array id="jnt_left_forearmroll-Matrix-animation-input-array" count="30">

0.033333 0.066667 0.100000 0.133333 0.166667 0.200000 0.233333 0.266667 0.300000 0.333333 0.366667 0.400000 0.433333 0.466667 0.500000 0.533333
0.566667 0.600000 0.633333 0.666667 0.700000 0.733333 0.766667 0.800000 0.833333 0.866667 0.900000 0.933333 0.966667 1.000000</float_array><technique_common><accessor source="#jnt_left_forearmroll-Matrix-animation-input-array" count="30"><param name="TIME" type="float"/></accessor></technique_common></source><source id="jnt_left_forearmroll-Matrix-animation-output-transform"><float_array id="jnt_left_forearmroll-Matrix-animation-output-transform-array" count="480">

1.000000 0.000001 -0.000000 -0.487001 -0.000001 1.000000 -0.000000 -0.000000 0.000000 0.000000 1.000000 -0.000004 0.000000 0.000000 0.000000 1.000000
1.000000 0.000001 -0.000000 -0.487001 -0.000001 1.000000 -0.000000 -0.000001 0.000000 0.000000 1.000000 -0.000004 0.000000 0.000000 0.000000 1.000000
1.000000 0.000001 -0.000000 -0.487001 -0.000001 1.000000 -0.000000 -0.000001 0.000000 0.000000 1.000000 -0.000004 0.000000 0.000000 0.000000 1.000000
1.000000 0.000001 -0.000000 -0.487001 -0.000001 1.000000 -0.000000 -0.000001 0.000000 0.000000 1.000000 -0.000004 0.000000 0.000000 0.000000 1.000000
1.000000 0.000001 -0.000000 -0.487001 -0.000001 1.000000 -0.000000 -0.000000 0.000000 0.000000 1.000000 -0.000004 0.000000 0.000000 0.000000 1.000000
1.000000 0.000001 -0.000000 -0.487001 -0.000001 1.000000 -0.000000 -0.000001 0.000000 0.000000 1.000000 -0.000004 0.000000 0.000000 0.000000 1.000000
1.000000 0.000001 -0.000000 -0.487001 -0.000001 1.000000 -0.000000 -0.000001 0.000000 0.000000 1.000000 -0.000004 0.000000 0.000000 0.000000 1.000000
1.000000 0.000001 -0.000000 -0.487001 -0.000001 1.000000 -0.000000 -0.000001 0.000000 0.000000 1.000000 -0.000004 0.000000 0.000000 0.000000 1.000000
1.000000 0.000001 -0.000000 -0.487001 -0.000001 1.000000 -0.000000 -0.000000 0.000000 0.000000 1.000000 -0.000004 0.000000 0.000000 0.000000 1.000000
1.000000 0.000001 -0.000000 -0.487001 -0.000001 1.000000 -0.000000 -0.000001 0.000000 0.000000 1.000000 -0.000004 0.000000 0.000000 0.000000 1.000000
1.000000 0.000001 -0.000000 -0.487001 -0.000001 1.000000 -0.000000 -0.000001 0.000000 0.000000 1.000000 -0.000004 0.000000 0.000000 0.000000 1.000000
1.000000 0.000001 -0.000000 -0.487001 -0.000001 1.000000 -0.000000 -0.000000 0.000000 0.000000 1.000000 -0.000004 0.000000 0.000000 0.000000 1.000000
1.000000 0.000001 -0.000000 -0.487001 -0.000001 1.000000 -0.000000 -0.000001 0.000000 0.000000 1.000000 -0.000004 0.000000 0.000000 0.000000 1.000000
1.000000 0.000001 -0.000000 -0.487001 -0.000001 1.000000 -0.000000 -0.000001 0.000000 0.000000 1.000000 -0.000004 0.000000 0.000000 0.000000 1.000000
1.000000 0.000001 -0.000000 -0.487001 -0.000001 1.000000 -0.000000 -0.000001 0.000000 0.000000 1.000000 -0.000004 0.000000 0.000000 0.000000 1.000000
1.000000 0.000001 -0.000000 -0.487001 -0.000001 1.000000 -0.000000 -0.000000 0.000000 0.000000 1.000000 -0.000004 0.000000 0.000000 0.000000 1.000000
1.000000 0.000001 -0.000000 -0.487001 -0.000001 1.000000 -0.000000 -0.000001 0.000000 0.000000 1.000000 -0.000004 0.000000 0.000000 0.000000 1.000000
1.000000 0.000001 -0.000000 -0.487001 -0.000001 1.000000 -0.000000 -0.000001 0.000000 0.000000 1.000000 -0.000004 0.000000 0.000000 0.000000 1.000000
1.000000 0.000001 -0.000000 -0.487001 -0.000001 1.000000 -0.000000 -0.000001 0.000000 0.000000 1.000000 -0.000004 0.000000 0.000000 0.000000 1.000000
1.000000 0.000001 -0.000000 -0.487001 -0.000001 1.000000 -0.000000 -0.000000 0.000000 0.000000 1.000000 -0.000004 0.000000 0.000000 0.000000 1.000000
1.000000 0.000001 -0.000000 -0.487001 -0.000001 1.000000 -0.000000 -0.000001 0.000000 0.000000 1.000000 -0.000004 0.000000 0.000000 0.000000 1.000000
1.000000 0.000001 -0.000000 -0.487001 -0.000001 1.000000 -0.000000 -0.000001 0.000000 0.000000 1.000000 -0.000004 0.000000 0.000000 0.000000 1.000000
1.000000 0.000001 -0.000000 -0.487001 -0.000001 1.000000 -0.000000 -0.000001 0.000000 0.000000 1.000000 -0.000004 0.000000 0.000000 0.000000 1.000000
1.000000 0.000001 -0.000000 -0.487001 -0.000001 1.000000 -0.000000 -0.000000 0.000000 0.000000 1.000000 -0.000004 0.000000 0.000000 0.000000 1.000000
1.000000 0.000001 -0.000000 -0.487001 -0.000001 1.000000 -0.000000 -0.000001 0.000000 0.000000 1.000000 -0.000004 0.000000 0.000000 0.000000 1.000000
1.000000 0.000001 -0.000000 -0.487001 -0.000001 1.000000 -0.000000 -0.000001 0.000000 0.000000 1.000000 -0.000004 0.000000 0.000000 0.000000 1.000000
1.000000 0.000001 -0.000000 -0.487001 -0.000001 1.000000 -0.000000 -0.000001 0.000000 0.000000 1.000000 -0.000004 0.000000 0.000000 0.000000 1.000000
1.000000 0.000001 -0.000000 -0.487001 -0.000001 1.000000 -0.000000 -0.000000 0.000000 0.000000 1.000000 -0.000004 0.000000 0.000000 0.000000 1.000000
1.000000 0.000001 -0.000000 -0.487001 -0.000001 1.000000 -0.000000 -0.000001 0.000000 0.000000 1.000000 -0.000004 0.000000 0.000000 0.000000 1.000000
1.000000 0.000001 -0.000000 -0.487001 -0.000001 1.000000 -0.000000 -0.000001 0.000000 0.000000 1.000000 -0.000004 0.000000 0.000000 0.000000 1.000000</float_array><technique_common><accessor source="#jnt_left_forearmroll-Matrix-animation-output-transform-array" count="30" stride="16"><param type="float4x4"/></accessor></technique_common></source><source id="jnt_left_forearmroll-Interpolations"><Name_array id="jnt_left_forearmroll-Interpolations-array" count="30">
 LINEAR LINEAR LINEAR LINEAR LINEAR LINEAR LINEAR LINEAR LINEAR LINEAR LINEAR
LINEAR LINEAR LINEAR LINEAR LINEAR LINEAR LINEAR LINEAR LINEAR LINEAR LINEAR LINEAR
LINEAR LINEAR LINEAR LINEAR LINEAR LINEAR LINEAR</Name_array><technique_common><accessor source="#jnt_left_forearmroll-Interpolations-array" count="30"><param type="name"/></accessor></technique_common></source><sampler id="jnt_left_forearmroll-Matrix-animation-transform"><input semantic="INPUT" source="#jnt_left_forearmroll-Matrix-animation-input"/><input semantic="OUTPUT" source="#jnt_left_forearmroll-Matrix-animation-output-transform"/><input semantic="INTERPOLATION" source="#jnt_left_forearmroll-Interpolations"/></sampler><channel source="#jnt_left_forearmroll-Matrix-animation-transform" target="jnt_left_forearmroll/matrix"/></animation></animation>
    <animation id="jnt_left_hand-anim" name="jnt_left_hand"><animation><source id="jnt_left_hand-Matrix-animation-input"><float_array id="jnt_left_hand-Matrix-animation-input-array" count="30">

0.033333 0.066667 0.100000 0.133333 0.166667 0.200000 0.233333 0.266667 0.300000 0.333333 0.366667 0.400000 0.433333 0.466667 0.500000 0.533333
0.566667 0.600000 0.633333 0.666667 0.700000 0.733333 0.766667 0.800000 0.833333 0.866667 0.900000 0.933333 0.966667 1.000000</float_array><technique_common><accessor source="#jnt_left_hand-Matrix-animation-input-array" count="30"><param name="TIME" type="float"/></accessor></technique_common></source><source id="jnt_left_hand-Matrix-animation-output-transform"><float_array id="jnt_left_hand-Matrix-animation-output-transform-array" count="480">

0.829226 0.515640 0.215637 -0.975262 -0.371147 0.219547 0.902246 -0.000001 0.417892 -0.828200 0.373433 0.000000 0.000000 0.000000 0.000000 1.000000
0.827206 0.518456 0.216643 -0.975262 -0.372013 0.216367 0.902658 -0.000001 0.421114 -0.827278 0.371852 0.000000 0.000000 0.000000 0.000000 1.000000
0.825174 0.521263 0.217654 -0.975261 -0.372866 0.213182 0.903064 -0.000001 0.424333 -0.826341 0.370273 0.000000 0.000000 0.000000 0.000000 1.000000
0.827206 0.518456 0.216643 -0.975262 -0.372013 0.216367 0.902658 -0.000001 0.421114 -0.827278 0.371852 0.000000 0.000000 0.000000 0.000000 1.000000
0.829226 0.515640 0.215637 -0.975262 -0.371147 0.219547 0.902246 -0.000001 0.417892 -0.828200 0.373433 0.000000 0.000000 0.000000 0.000000 1.000000
0.827206 0.518456 0.216643 -0.975262 -0.372013 0.216367 0.902658 -0.000001 0.421114 -0.827278 0.371852 0.000000 0.000000 0.000000 0.000000 1.000000
0.825174 0.521263 0.217654 -0.975261 -0.372866 0.213182 0.903064 -0.000001 0.424333 -0.826341 0.370273 0.000000 0.000000 0.000000 0.000000 1.000000
0.827206 0.518456 0.216643 -0.975262 -0.372013 0.216367 0.902658 -0.000001 0.421114 -0.827278 0.371852 0.000000 0.000000 0.000000 0.000000 1.000000
0.829226 0.515640 0.215637 -0.975262 -0.371147 0.219547 0.902246 -0.000001 0.417892 -0.828200 0.373433 0.000000 0.000000 0.000000 0.000000 1.000000
0.827206 0.518456 0.216643 -0.975262 -0.372013 0.216367 0.902658 -0.000001 0.421114 -0.827278 0.371852 0.000000 0.000000 0.000000 0.000000 1.000000
0.825174 0.521263 0.217654 -0.975261 -0.372866 0.213182 0.903064 -0.000001 0.424333 -0.826341 0.370273 0.000000 0.000000 0.000000 0.000000 1.000000
0.829226 0.515640 0.215637 -0.975262 -0.371147 0.219547 0.902246 -0.000001 0.417892 -0.828200 0.373433 0.000000 0.000000 0.000000 0.000000 1.000000
0.827206 0.518456 0.216643 -0.975262 -0.372013 0.216367 0.902658 -0.000001 0.421114 -0.827278 0.371852 0.000000 0.000000 0.000000 0.000000 1.000000
0.825174 0.521263 0.217654 -0.975261 -0.372866 0.213182 0.903064 -0.000001 0.424333 -0.826341 0.370273 0.000000 0.000000 0.000000 0.000000 1.000000
0.827206 0.518456 0.216643 -0.975262 -0.372013 0.216367 0.902658 -0.000001 0.421114 -0.827278 0.371852 0.000000 0.000000 0.000000 0.000000 1.000000
0.829226 0.515640 0.215637 -0.975262 -0.371147 0.219547 0.902246 -0.000001 0.417892 -0.828200 0.373433 0.000000 0.000000 0.000000 0.000000 1.000000
0.827206 0.518456 0.216643 -0.975262 -0.372013 0.216367 0.902658 -0.000001 0.421114 -0.827278 0.371852 0.000000 0.000000 0.000000 0.000000 1.000000
0.825174 0.521263 0.217654 -0.975261 -0.372866 0.213182 0.903064 -0.000001 0.424333 -0.826341 0.370273 0.000000 0.000000 0.000000 0.000000 1.000000
0.827206 0.518456 0.216643 -0.975262 -0.372013 0.216367 0.902658 -0.000001 0.421114 -0.827278 0.371852 0.000000 0.000000 0.000000 0.000000 1.000000
0.829226 0.515640 0.215637 -0.975262 -0.371147 0.219547 0.902246 -0.000001 0.417892 -0.828200 0.373433 0.000000 0.000000 0.000000 0.000000 1.000000
0.827206 0.518456 0.216643 -0.975262 -0.372013 0.216367 0.902658 -0.000001 0.421114 -0.827278 0.371852 0.000000 0.000000 0.000000 0.000000 1.000000
0.825174 0.521263 0.217654 -0.975261 -0.372866 0.213182 0.903064 -0.000001 0.424333 -0.826341 0.370273 0.000000 0.000000 0.000000 0.000000 1.000000
0.827206 0.518456 0.216643 -0.975262 -0.372013 0.216367 0.902658 -0.000001 0.421114 -0.827278 0.371852 0.000000 0.000000 0.000000 0.000000 1.000000
0.829226 0.515640 0.215637 -0.975262 -0.371147 0.219547 0.902246 -0.000001 0.417892 -0.828200 0.373433 0.000000 0.000000 0.000000 0.000000 1.000000
0.827206 0.518456 0.216643 -0.975262 -0.372013 0.216367 0.902658 -0.000001 0.421114 -0.827278 0.371852 0.000000 0.000000 0.000000 0.000000 1.000000
0.825174 0.521263 0.217654 -0.975261 -0.372866 0.213182 0.903064 -0.000001 0.424333 -0.826341 0.370273 0.000000 0.000000 0.000000 0.000000 1.000000
0.827206 0.518456 0.216643 -0.975262 -0.372013 0.216367 0.902658 -0.000001 0.421114 -0.827278 0.371852 0.000000 0.000000 0.000000 0.000000 1.000000
0.829226 0.515640 0.215637 -0.975262 -0.371147 0.219547 0.902246 -0.000001 0.417892 -0.828200 0.373433 0.000000 0.000000 0.000000 0.000000 1.000000
0.827206 0.518456 0.216643 -0.975262 -0.372013 0.216367 0.902658 -0.000001 0.421114 -0.827278 0.371852 0.000000 0.000000 0.000000 0.000000 1.000000
0.825174 0.521263 0.217654 -0.975261 -0.372866 0.213182 0.903064 -0.000001 0.424333 -0.826341 0.370273 0.000000 0.000000 0.000000 0.000000 1.000000</float_array><technique_common><accessor source="#jnt_left_hand-Matrix-animation-output-transform-array" count="30" stride="16"><param type="float4x4"/></accessor></technique_common></source><source id="jnt_left_hand-Interpolations"><Name_array id="jnt_left_hand-Interpolations-array" count="30">
 LINEAR LINEAR LINEAR LINEAR LINEAR LINEAR LINEAR LINEAR LINEAR LINEAR LINEAR
LINEAR LINEAR LINEAR LINEAR LINEAR LINEAR LINEAR LINEAR LINEAR LINEAR LINEAR LINEAR
LINEAR LINEAR LINEAR LINEAR LINEAR LINEAR LINEAR</Name_array><technique_common><accessor source="#jnt_left_hand-Interpolations-array" count="30"><param type="name"/></accessor></technique_common></source><sampler id="jnt_left_hand-Matrix-animation-transform"><input semantic="INPUT" source="#jnt_left_hand-Matrix-animation-input"/><input semantic="OUTPUT" source="#jnt_left_hand-Matrix-animation-output-transform"/><input semantic="INTERPOLATION" source="#jnt_left_hand-Interpolations"/></sampler><channel source="#jnt_left_hand-Matrix-animation-transform" target="jnt_left_hand/matrix"/></animation></animation>
    <animation id="jnt_left_handthumb1-anim" name="jnt_left_handthumb1"><animation><source id="jnt_left_handthumb1-Matrix-animation-input"><float_array id="jnt_left_handthumb1-Matrix-animation-input-array" count="30">

0.033333 0.066667 0.100000 0.133333 0.166667 0.200000 0.233333 0.266667 0.300000 0.333333 0.366667 0.400000 0.433333 0.466667 0.500000 0.533333
0.566667 0.600000 0.633333 0.666667 0.700000 0.733333 0.766667 0.800000 0.833333 0.866667 0.900000 0.933333 0.966667 1.000000</float_array><technique_common><accessor source="#jnt_left_handthumb1-Matrix-animation-input-array" count="30"><param name="TIME" type="float"/></accessor></technique_common></source><source id="jnt_left_handthumb1-Matrix-animation-output-transform"><float_array id="jnt_left_handthumb1-Matrix-animation-output-transform-array" count="480">

0.801419 -0.583361 0.131974 -0.060229 0.332986 0.618476 0.711764 -0.203939 -0.496838 -0.526476 0.689909 0.155677 0.000000 0.000000 0.000000 1.000000
0.801419 -0.583362 0.131974 -0.060229 0.332986 0.618476 0.711764 -0.203940 -0.496838 -0.526475 0.689910 0.155678 0.000000 0.000000 0.000000 1.000000
0.801419 -0.583362 0.131974 -0.060229 0.332986 0.618476 0.711764 -0.203940 -0.496838 -0.526475 0.689910 0.155678 0.000000 0.000000 0.000000 1.000000
0.801419 -0.583362 0.131974 -0.060229 0.332986 0.618476 0.711764 -0.203940 -0.496838 -0.526475 0.689910 0.155678 0.000000 0.000000 0.000000 1.000000
0.801419 -0.583361 0.131974 -0.060229 0.332986 0.618476 0.711764 -0.203939 -0.496838 -0.526476 0.689909 0.155677 0.000000 0.000000 0.000000 1.000000
0.801419 -0.583362 0.131974 -0.060229 0.332986 0.618476 0.711764 -0.203940 -0.496838 -0.526475 0.689910 0.155678 0.000000 0.000000 0.000000 1.000000
0.801419 -0.583362 0.131974 -0.060229 0.332986 0.618476 0.711764 -0.203940 -0.496838 -0.526475 0.689910 0.155678 0.000000 0.000000 0.000000 1.000000
0.801419 -0.583362 0.131974 -0.060229 0.332986 0.618476 0.711764 -0.203940 -0.496838 -0.526475 0.689910 0.155678 0.000000 0.000000 0.000000 1.000000
0.801419 -0.583361 0.131974 -0.060229 0.332986 0.618476 0.711764 -0.203939 -0.496838 -0.526476 0.689909 0.155677 0.000000 0.000000 0.000000 1.000000
0.801419 -0.583362 0.131974 -0.060229 0.332986 0.618476 0.711764 -0.203940 -0.496838 -0.526475 0.689910 0.155678 0.000000 0.000000 0.000000 1.000000
0.801419 -0.583362 0.131974 -0.060229 0.332986 0.618476 0.711764 -0.203940 -0.496838 -0.526475 0.689910 0.155678 0.000000 0.000000 0.000000 1.000000
0.801419 -0.583361 0.131974 -0.060229 0.332986 0.618476 0.711764 -0.203939 -0.496838 -0.526476 0.689909 0.155677 0.000000 0.000000 0.000000 1.000000
0.801419 -0.583362 0.131974 -0.060229 0.332986 0.618476 0.711764 -0.203940 -0.496838 -0.526475 0.689910 0.155678 0.000000 0.000000 0.000000 1.000000
0.801419 -0.583362 0.131974 -0.060229 0.332986 0.618476 0.711764 -0.203940 -0.496838 -0.526475 0.689910 0.155678 0.000000 0.000000 0.000000 1.000000
0.801419 -0.583362 0.131974 -0.060229 0.332986 0.618476 0.711764 -0.203940 -0.496838 -0.526475 0.689910 0.155678 0.000000 0.000000 0.000000 1.000000
0.801419 -0.583361 0.131974 -0.060229 0.332986 0.618476 0.711764 -0.203939 -0.496838 -0.526476 0.689909 0.155677 0.000000 0.000000 0.000000 1.000000
0.801419 -0.583362 0.131974 -0.060229 0.332986 0.618476 0.711764 -0.203940 -0.496838 -0.526475 0.689910 0.155678 0.000000 0.000000 0.000000 1.000000
0.801419 -0.583362 0.131974 -0.060229 0.332986 0.618476 0.711764 -0.203940 -0.496838 -0.526475 0.689910 0.155678 0.000000 0.000000 0.000000 1.000000
0.801419 -0.583362 0.131974 -0.060229 0.332986 0.618476 0.711764 -0.203940 -0.496838 -0.526475 0.689910 0.155678 0.000000 0.000000 0.000000 1.000000
0.801419 -0.583361 0.131974 -0.060229 0.332986 0.618476 0.711764 -0.203939 -0.496838 -0.526476 0.689909 0.155677 0.000000 0.000000 0.000000 1.000000
0.801419 -0.583362 0.131974 -0.060229 0.332986 0.618476 0.711764 -0.203940 -0.496838 -0.526475 0.689910 0.155678 0.000000 0.000000 0.000000 1.000000
0.801419 -0.583362 0.131974 -0.060229 0.332986 0.618476 0.711764 -0.203940 -0.496838 -0.526475 0.689910 0.155678 0.000000 0.000000 0.000000 1.000000
0.801419 -0.583362 0.131974 -0.060229 0.332986 0.618476 0.711764 -0.203940 -0.496838 -0.526475 0.689910 0.155678 0.000000 0.000000 0.000000 1.000000
0.801419 -0.583361 0.131974 -0.060229 0.332986 0.618476 0.711764 -0.203939 -0.496838 -0.526476 0.689909 0.155677 0.000000 0.000000 0.000000 1.000000
0.801419 -0.583362 0.131974 -0.060229 0.332986 0.618476 0.711764 -0.203940 -0.496838 -0.526475 0.689910 0.155678 0.000000 0.000000 0.000000 1.000000
0.801419 -0.583362 0.131974 -0.060229 0.332986 0.618476 0.711764 -0.203940 -0.496838 -0.526475 0.689910 0.155678 0.000000 0.000000 0.000000 1.000000
0.801419 -0.583362 0.131974 -0.060229 0.332986 0.618476 0.711764 -0.203940 -0.496838 -0.526475 0.689910 0.155678 0.000000 0.000000 0.000000 1.000000
0.801419 -0.583361 0.131974 -0.060229 0.332986 0.618476 0.711764 -0.203939 -0.496838 -0.526476 0.689909 0.155677 0.000000 0.000000 0.000000 1.000000
0.801419 -0.583362 0.131974 -0.060229 0.332986 0.618476 0.711764 -0.203940 -0.496838 -0.526475 0.689910 0.155678 0.000000 0.000000 0.000000 1.000000
0.801419 -0.583362 0.131974 -0.060229 0.332986 0.618476 0.711764 -0.203940 -0.496838 -0.526475 0.689910 0.155678 0.000000 0.000000 0.000000 1.000000</float_array><technique_common><accessor source="#jnt_left_handthumb1-Matrix-animation-output-transform-array" count="30" stride="16"><param type="float4x4"/></accessor></technique_common></source><source id="jnt_left_handthumb1-Interpolations"><Name_array id="jnt_left_handthumb1-Interpolations-array" count="30">
 LINEAR LINEAR LINEAR LINEAR LINEAR LINEAR LINEAR LINEAR LINEAR LINEAR LINEAR
LINEAR LINEAR LINEAR LINEAR LINEAR LINEAR LINEAR LINEAR LINEAR LINEAR LINEAR LINEAR
LINEAR LINEAR LINEAR LINEAR LINEAR LINEAR LINEAR</Name_array><technique_common><accessor source="#jnt_left_handthumb1-Interpolations-array" count="30"><param type="name"/></accessor></technique_common></source><sampler id="jnt_left_handthumb1-Matrix-animation-transform"><input semantic="INPUT" source="#jnt_left_handthumb1-Matrix-animation-input"/><input semantic="OUTPUT" source="#jnt_left_handthumb1-Matrix-animation-output-transform"/><input semantic="INTERPOLATION" source="#jnt_left_handthumb1-Interpolations"/></sampler><channel source="#jnt_left_handthumb1-Matrix-animation-transform" target="jnt_left_handthumb1/matrix"/></animation></animation>
    <animation id="jnt_left_handthumb2-anim" name="jnt_left_handthumb2"><animation><source id="jnt_left_handthumb2-Matrix-animation-input"><float_array id="jnt_left_handthumb2-Matrix-animation-input-array" count="30">

0.033333 0.066667 0.100000 0.133333 0.166667 0.200000 0.233333 0.266667 0.300000 0.333333 0.366667 0.400000 0.433333 0.466667 0.500000 0.533333
0.566667 0.600000 0.633333 0.666667 0.700000 0.733333 0.766667 0.800000 0.833333 0.866667 0.900000 0.933333 0.966667 1.000000</float_array><technique_common><accessor source="#jnt_left_handthumb2-Matrix-animation-input-array" count="30"><param name="TIME" type="float"/></accessor></technique_common></source><source id="jnt_left_handthumb2-Matrix-animation-output-transform"><float_array id="jnt_left_handthumb2-Matrix-animation-output-transform-array" count="480">

0.959263 0.282516 -0.000001 -0.213227 -0.282516 0.959263 -0.000003 -0.000001 -0.000000 0.000003 1.000000 0.000004 0.000000 0.000000 0.000000 1.000000
0.959263 0.282516 -0.000000 -0.213227 -0.282516 0.959262 -0.000003 -0.000002 -0.000000 0.000003 1.000000 0.000003 0.000000 0.000000 0.000000 1.000000
0.959262 0.282516 -0.000001 -0.213227 -0.282516 0.959262 -0.000003 -0.000002 -0.000000 0.000003 1.000000 0.000004 0.000000 0.000000 0.000000 1.000000
0.959263 0.282516 -0.000000 -0.213227 -0.282516 0.959262 -0.000003 -0.000002 -0.000000 0.000003 1.000000 0.000003 0.000000 0.000000 0.000000 1.000000
0.959263 0.282516 -0.000001 -0.213227 -0.282516 0.959263 -0.000003 -0.000001 -0.000000 0.000003 1.000000 0.000004 0.000000 0.000000 0.000000 1.000000
0.959263 0.282516 -0.000000 -0.213227 -0.282516 0.959262 -0.000003 -0.000002 -0.000000 0.000003 1.000000 0.000003 0.000000 0.000000 0.000000 1.000000
0.959262 0.282516 -0.000001 -0.213227 -0.282516 0.959262 -0.000003 -0.000002 -0.000000 0.000003 1.000000 0.000004 0.000000 0.000000 0.000000 1.000000
0.959263 0.282516 -0.000000 -0.213227 -0.282516 0.959262 -0.000003 -0.000002 -0.000000 0.000003 1.000000 0.000003 0.000000 0.000000 0.000000 1.000000
0.959263 0.282516 -0.000001 -0.213227 -0.282516 0.959263 -0.000003 -0.000001 -0.000000 0.000003 1.000000 0.000004 0.000000 0.000000 0.000000 1.000000
0.959263 0.282516 -0.000000 -0.213227 -0.282516 0.959262 -0.000003 -0.000002 -0.000000 0.000003 1.000000 0.000003 0.000000 0.000000 0.000000 1.000000
0.959262 0.282516 -0.000001 -0.213227 -0.282516 0.959262 -0.000003 -0.000002 -0.000000 0.000003 1.000000 0.000004 0.000000 0.000000 0.000000 1.000000
0.959263 0.282516 -0.000001 -0.213227 -0.282516 0.959263 -0.000003 -0.000001 -0.000000 0.000003 1.000000 0.000004 0.000000 0.000000 0.000000 1.000000
0.959263 0.282516 -0.000000 -0.213227 -0.282516 0.959262 -0.000003 -0.000002 -0.000000 0.000003 1.000000 0.000003 0.000000 0.000000 0.000000 1.000000
0.959262 0.282516 -0.000001 -0.213227 -0.282516 0.959262 -0.000003 -0.000002 -0.000000 0.000003 1.000000 0.000004 0.000000 0.000000 0.000000 1.000000
0.959263 0.282516 -0.000000 -0.213227 -0.282516 0.959262 -0.000003 -0.000002 -0.000000 0.000003 1.000000 0.000003 0.000000 0.000000 0.000000 1.000000
0.959263 0.282516 -0.000001 -0.213227 -0.282516 0.959263 -0.000003 -0.000001 -0.000000 0.000003 1.000000 0.000004 0.000000 0.000000 0.000000 1.000000
0.959263 0.282516 -0.000000 -0.213227 -0.282516 0.959262 -0.000003 -0.000002 -0.000000 0.000003 1.000000 0.000003 0.000000 0.000000 0.000000 1.000000
0.959262 0.282516 -0.000001 -0.213227 -0.282516 0.959262 -0.000003 -0.000002 -0.000000 0.000003 1.000000 0.000004 0.000000 0.000000 0.000000 1.000000
0.959263 0.282516 -0.000000 -0.213227 -0.282516 0.959262 -0.000003 -0.000002 -0.000000 0.000003 1.000000 0.000003 0.000000 0.000000 0.000000 1.000000
0.959263 0.282516 -0.000001 -0.213227 -0.282516 0.959263 -0.000003 -0.000001 -0.000000 0.000003 1.000000 0.000004 0.000000 0.000000 0.000000 1.000000
0.959263 0.282516 -0.000000 -0.213227 -0.282516 0.959262 -0.000003 -0.000002 -0.000000 0.000003 1.000000 0.000003 0.000000 0.000000 0.000000 1.000000
0.959262 0.282516 -0.000001 -0.213227 -0.282516 0.959262 -0.000003 -0.000002 -0.000000 0.000003 1.000000 0.000004 0.000000 0.000000 0.000000 1.000000
0.959263 0.282516 -0.000000 -0.213227 -0.282516 0.959262 -0.000003 -0.000002 -0.000000 0.000003 1.000000 0.000003 0.000000 0.000000 0.000000 1.000000
0.959263 0.282516 -0.000001 -0.213227 -0.282516 0.959263 -0.000003 -0.000001 -0.000000 0.000003 1.000000 0.000004 0.000000 0.000000 0.000000 1.000000
0.959263 0.282516 -0.000000 -0.213227 -0.282516 0.959262 -0.000003 -0.000002 -0.000000 0.000003 1.000000 0.000003 0.000000 0.000000 0.000000 1.000000
0.959262 0.282516 -0.000001 -0.213227 -0.282516 0.959262 -0.000003 -0.000002 -0.000000 0.000003 1.000000 0.000004 0.000000 0.000000 0.000000 1.000000
0.959263 0.282516 -0.000000 -0.213227 -0.282516 0.959262 -0.000003 -0.000002 -0.000000 0.000003 1.000000 0.000003 0.000000 0.000000 0.000000 1.000000
0.959263 0.282516 -0.000001 -0.213227 -0.282516 0.959263 -0.000003 -0.000001 -0.000000 0.000003 1.000000 0.000004 0.000000 0.000000 0.000000 1.000000
0.959263 0.282516 -0.000000 -0.213227 -0.282516 0.959262 -0.000003 -0.000002 -0.000000 0.000003 1.000000 0.000003 0.000000 0.000000 0.000000 1.000000
0.959262 0.282516 -0.000001 -0.213227 -0.282516 0.959262 -0.000003 -0.000002 -0.000000 0.000003 1.000000 0.000004 0.000000 0.000000 0.000000 1.000000</float_array><technique_common><accessor source="#jnt_left_handthumb2-Matrix-animation-output-transform-array" count="30" stride="16"><param type="float4x4"/></accessor></technique_common></source><source id="jnt_left_handthumb2-Interpolations"><Name_array id="jnt_left_handthumb2-Interpolations-array" count="30">
 LINEAR LINEAR LINEAR LINEAR LINEAR LINEAR LINEAR LINEAR LINEAR LINEAR LINEAR
LINEAR LINEAR LINEAR LINEAR LINEAR LINEAR LINEAR LINEAR LINEAR LINEAR LINEAR LINEAR
LINEAR LINEAR LINEAR LINEAR LINEAR LINEAR LINEAR</Name_array><technique_common><accessor source="#jnt_left_handthumb2-Interpolations-array" count="30"><param type="name"/></accessor></technique_common></source><sampler id="jnt_left_handthumb2-Matrix-animation-transform"><input semantic="INPUT" source="#jnt_left_handthumb2-Matrix-animation-input"/><input semantic="OUTPUT" source="#jnt_left_handthumb2-Matrix-animation-output-transform"/><input semantic="INTERPOLATION" source="#jnt_left_handthumb2-Interpolations"/></sampler><channel source="#jnt_left_handthumb2-Matrix-animation-transform" target="jnt_left_handthumb2/matrix"/></animation></animation>
    <animation id="jnt_left_handthumb3-anim" name="jnt_left_handthumb3"><animation><source id="jnt_left_handthumb3-Matrix-animation-input"><float_array id="jnt_left_handthumb3-Matrix-animation-input-array" count="30">

0.033333 0.066667 0.100000 0.133333 0.166667 0.200000 0.233333 0.266667 0.300000 0.333333 0.366667 0.400000 0.433333 0.466667 0.500000 0.533333
0.566667 0.600000 0.633333 0.666667 0.700000 0.733333 0.766667 0.800000 0.833333 0.866667 0.900000 0.933333 0.966667 1.000000</float_array><technique_common><accessor source="#jnt_left_handthumb3-Matrix-animation-input-array" count="30"><param name="TIME" type="float"/></accessor></technique_common></source><source id="jnt_left_handthumb3-Matrix-animation-output-transform"><float_array id="jnt_left_handthumb3-Matrix-animation-output-transform-array" count="480">

0.975492 0.220037 -0.000001 -0.141879 -0.220037 0.975492 -0.000003 0.000003 0.000000 0.000003 1.000000 -0.000027 0.000000 0.000000 0.000000 1.000000
0.975492 0.220037 -0.000001 -0.141879 -0.220037 0.975492 -0.000003 0.000003 0.000000 0.000003 1.000000 -0.000027 0.000000 0.000000 0.000000 1.000000
0.975491 0.220037 -0.000001 -0.141879 -0.220037 0.975492 -0.000003 0.000003 0.000000 0.000003 1.000000 -0.000027 0.000000 0.000000 0.000000 1.000000
0.975492 0.220037 -0.000001 -0.141879 -0.220037 0.975492 -0.000003 0.000003 0.000000 0.000003 1.000000 -0.000027 0.000000 0.000000 0.000000 1.000000
0.975492 0.220037 -0.000001 -0.141879 -0.220037 0.975492 -0.000003 0.000003 0.000000 0.000003 1.000000 -0.000027 0.000000 0.000000 0.000000 1.000000
0.975492 0.220037 -0.000001 -0.141879 -0.220037 0.975492 -0.000003 0.000003 0.000000 0.000003 1.000000 -0.000027 0.000000 0.000000 0.000000 1.000000
0.975491 0.220037 -0.000001 -0.141879 -0.220037 0.975492 -0.000003 0.000003 0.000000 0.000003 1.000000 -0.000027 0.000000 0.000000 0.000000 1.000000
0.975492 0.220037 -0.000001 -0.141879 -0.220037 0.975492 -0.000003 0.000003 0.000000 0.000003 1.000000 -0.000027 0.000000 0.000000 0.000000 1.000000
0.975492 0.220037 -0.000001 -0.141879 -0.220037 0.975492 -0.000003 0.000003 0.000000 0.000003 1.000000 -0.000027 0.000000 0.000000 0.000000 1.000000
0.975492 0.220037 -0.000001 -0.141879 -0.220037 0.975492 -0.000003 0.000003 0.000000 0.000003 1.000000 -0.000027 0.000000 0.000000 0.000000 1.000000
0.975491 0.220037 -0.000001 -0.141879 -0.220037 0.975492 -0.000003 0.000003 0.000000 0.000003 1.000000 -0.000027 0.000000 0.000000 0.000000 1.000000
0.975492 0.220037 -0.000001 -0.141879 -0.220037 0.975492 -0.000003 0.000003 0.000000 0.000003 1.000000 -0.000027 0.000000 0.000000 0.000000 1.000000
0.975492 0.220037 -0.000001 -0.141879 -0.220037 0.975492 -0.000003 0.000003 0.000000 0.000003 1.000000 -0.000027 0.000000 0.000000 0.000000 1.000000
0.975491 0.220037 -0.000001 -0.141879 -0.220037 0.975492 -0.000003 0.000003 0.000000 0.000003 1.000000 -0.000027 0.000000 0.000000 0.000000 1.000000
0.975492 0.220037 -0.000001 -0.141879 -0.220037 0.975492 -0.000003 0.000003 0.000000 0.000003 1.000000 -0.000027 0.000000 0.000000 0.000000 1.000000
0.975492 0.220037 -0.000001 -0.141879 -0.220037 0.975492 -0.000003 0.000003 0.000000 0.000003 1.000000 -0.000027 0.000000 0.000000 0.000000 1.000000
0.975492 0.220037 -0.000001 -0.141879 -0.220037 0.975492 -0.000003 0.000003 0.000000 0.000003 1.000000 -0.000027 0.000000 0.000000 0.000000 1.000000
0.975491 0.220037 -0.000001 -0.141879 -0.220037 0.975492 -0.000003 0.000003 0.000000 0.000003 1.000000 -0.000027 0.000000 0.000000 0.000000 1.000000
0.975492 0.220037 -0.000001 -0.141879 -0.220037 0.975492 -0.000003 0.000003 0.000000 0.000003 1.000000 -0.000027 0.000000 0.000000 0.000000 1.000000
0.975492 0.220037 -0.000001 -0.141879 -0.220037 0.975492 -0.000003 0.000003 0.000000 0.000003 1.000000 -0.000027 0.000000 0.000000 0.000000 1.000000
0.975492 0.220037 -0.000001 -0.141879 -0.220037 0.975492 -0.000003 0.000003 0.000000 0.000003 1.000000 -0.000027 0.000000 0.000000 0.000000 1.000000
0.975491 0.220037 -0.000001 -0.141879 -0.220037 0.975492 -0.000003 0.000003 0.000000 0.000003 1.000000 -0.000027 0.000000 0.000000 0.000000 1.000000
0.975492 0.220037 -0.000001 -0.141879 -0.220037 0.975492 -0.000003 0.000003 0.000000 0.000003 1.000000 -0.000027 0.000000 0.000000 0.000000 1.000000
0.975492 0.220037 -0.000001 -0.141879 -0.220037 0.975492 -0.000003 0.000003 0.000000 0.000003 1.000000 -0.000027 0.000000 0.000000 0.000000 1.000000
0.975492 0.220037 -0.000001 -0.141879 -0.220037 0.975492 -0.000003 0.000003 0.000000 0.000003 1.000000 -0.000027 0.000000 0.000000 0.000000 1.000000
0.975491 0.220037 -0.000001 -0.141879 -0.220037 0.975492 -0.000003 0.000003 0.000000 0.000003 1.000000 -0.000027 0.000000 0.000000 0.000000 1.000000
0.975492 0.220037 -0.000001 -0.141879 -0.220037 0.975492 -0.000003 0.000003 0.000000 0.000003 1.000000 -0.000027 0.000000 0.000000 0.000000 1.000000
0.975492 0.220037 -0.000001 -0.141879 -0.220037 0.975492 -0.000003 0.000003 0.000000 0.000003 1.000000 -0.000027 0.000000 0.000000 0.000000 1.000000
0.975492 0.220037 -0.000001 -0.141879 -0.220037 0.975492 -0.000003 0.000003 0.000000 0.000003 1.000000 -0.000027 0.000000 0.000000 0.000000 1.000000
0.975491 0.220037 -0.000001 -0.141879 -0.220037 0.975492 -0.000003 0.000003 0.000000 0.000003 1.000000 -0.000027 0.000000 0.000000 0.000000 1.000000</float_array><technique_common><accessor source="#jnt_left_handthumb3-Matrix-animation-output-transform-array" count="30" stride="16"><param type="float4x4"/></accessor></technique_common></source><source id="jnt_left_handthumb3-Interpolations"><Name_array id="jnt_left_handthumb3-Interpolations-array" count="30">
 LINEAR LINEAR LINEAR LINEAR LINEAR LINEAR LINEAR LINEAR LINEAR LINEAR LINEAR
LINEAR LINEAR LINEAR LINEAR LINEAR LINEAR LINEAR LINEAR LINEAR LINEAR LINEAR LINEAR
LINEAR LINEAR LINEAR LINEAR LINEAR LINEAR LINEAR</Name_array><technique_common><accessor source="#jnt_left_handthumb3-Interpolations-array" count="30"><param type="name"/></accessor></technique_common></source><sampler id="jnt_left_handthumb3-Matrix-animation-transform"><input semantic="INPUT" source="#jnt_left_handthumb3-Matrix-animation-input"/><input semantic="OUTPUT" source="#jnt_left_handthumb3-Matrix-animation-output-transform"/><input semantic="INTERPOLATION" source="#jnt_left_handthumb3-Interpolations"/></sampler><channel source="#jnt_left_handthumb3-Matrix-animation-transform" target="jnt_left_handthumb3/matrix"/></animation></animation>
    <animation id="jnt_left_handthumb4-anim" name="jnt_left_handthumb4"><animation><source id="jnt_left_handthumb4-Matrix-animation-input"><float_array id="jnt_left_handthumb4-Matrix-animation-input-array" count="30">

0.033333 0.066667 0.100000 0.133333 0.166667 0.200000 0.233333 0.266667 0.300000 0.333333 0.366667 0.400000 0.433333 0.466667 0.500000 0.533333
0.566667 0.600000 0.633333 0.666667 0.700000 0.733333 0.766667 0.800000 0.833333 0.866667 0.900000 0.933333 0.966667 1.000000</float_array><technique_common><accessor source="#jnt_left_handthumb4-Matrix-animation-input-array" count="30"><param name="TIME" type="float"/></accessor></technique_common></source><source id="jnt_left_handthumb4-Matrix-animation-output-transform"><float_array id="jnt_left_handthumb4-Matrix-animation-output-transform-array" count="480">

1.000000 -0.000000 0.000000 -0.122601 0.000000 1.000000 0.000000 -0.000006 -0.000000 -0.000000 1.000000 0.000005 0.000000 0.000000 0.000000 1.000000
1.000000 -0.000000 0.000000 -0.122601 0.000000 1.000000 0.000000 -0.000006 -0.000000 -0.000000 1.000000 0.000005 0.000000 0.000000 0.000000 1.000000
1.000000 -0.000000 0.000000 -0.122601 0.000000 1.000000 0.000000 -0.000005 -0.000000 -0.000000 1.000000 0.000005 0.000000 0.000000 0.000000 1.000000
1.000000 -0.000000 0.000000 -0.122601 0.000000 1.000000 0.000000 -0.000006 -0.000000 -0.000000 1.000000 0.000005 0.000000 0.000000 0.000000 1.000000
1.000000 -0.000000 0.000000 -0.122601 0.000000 1.000000 0.000000 -0.000006 -0.000000 -0.000000 1.000000 0.000005 0.000000 0.000000 0.000000 1.000000
1.000000 -0.000000 0.000000 -0.122601 0.000000 1.000000 0.000000 -0.000006 -0.000000 -0.000000 1.000000 0.000005 0.000000 0.000000 0.000000 1.000000
1.000000 -0.000000 0.000000 -0.122601 0.000000 1.000000 0.000000 -0.000005 -0.000000 -0.000000 1.000000 0.000005 0.000000 0.000000 0.000000 1.000000
1.000000 -0.000000 0.000000 -0.122601 0.000000 1.000000 0.000000 -0.000006 -0.000000 -0.000000 1.000000 0.000005 0.000000 0.000000 0.000000 1.000000
1.000000 -0.000000 0.000000 -0.122601 0.000000 1.000000 0.000000 -0.000006 -0.000000 -0.000000 1.000000 0.000005 0.000000 0.000000 0.000000 1.000000
1.000000 -0.000000 0.000000 -0.122601 0.000000 1.000000 0.000000 -0.000006 -0.000000 -0.000000 1.000000 0.000005 0.000000 0.000000 0.000000 1.000000
1.000000 -0.000000 0.000000 -0.122601 0.000000 1.000000 0.000000 -0.000005 -0.000000 -0.000000 1.000000 0.000005 0.000000 0.000000 0.000000 1.000000
1.000000 -0.000000 0.000000 -0.122601 0.000000 1.000000 0.000000 -0.000006 -0.000000 -0.000000 1.000000 0.000005 0.000000 0.000000 0.000000 1.000000
1.000000 -0.000000 0.000000 -0.122601 0.000000 1.000000 0.000000 -0.000006 -0.000000 -0.000000 1.000000 0.000005 0.000000 0.000000 0.000000 1.000000
1.000000 -0.000000 0.000000 -0.122601 0.000000 1.000000 0.000000 -0.000005 -0.000000 -0.000000 1.000000 0.000005 0.000000 0.000000 0.000000 1.000000
1.000000 -0.000000 0.000000 -0.122601 0.000000 1.000000 0.000000 -0.000006 -0.000000 -0.000000 1.000000 0.000005 0.000000 0.000000 0.000000 1.000000
1.000000 -0.000000 0.000000 -0.122601 0.000000 1.000000 0.000000 -0.000006 -0.000000 -0.000000 1.000000 0.000005 0.000000 0.000000 0.000000 1.000000
1.000000 -0.000000 0.000000 -0.122601 0.000000 1.000000 0.000000 -0.000006 -0.000000 -0.000000 1.000000 0.000005 0.000000 0.000000 0.000000 1.000000
1.000000 -0.000000 0.000000 -0.122601 0.000000 1.000000 0.000000 -0.000005 -0.000000 -0.000000 1.000000 0.000005 0.000000 0.000000 0.000000 1.000000
1.000000 -0.000000 0.000000 -0.122601 0.000000 1.000000 0.000000 -0.000006 -0.000000 -0.000000 1.000000 0.000005 0.000000 0.000000 0.000000 1.000000
1.000000 -0.000000 0.000000 -0.122601 0.000000 1.000000 0.000000 -0.000006 -0.000000 -0.000000 1.000000 0.000005 0.000000 0.000000 0.000000 1.000000
1.000000 -0.000000 0.000000 -0.122601 0.000000 1.000000 0.000000 -0.000006 -0.000000 -0.000000 1.000000 0.000005 0.000000 0.000000 0.000000 1.000000
1.000000 -0.000000 0.000000 -0.122601 0.000000 1.000000 0.000000 -0.000005 -0.000000 -0.000000 1.000000 0.000005 0.000000 0.000000 0.000000 1.000000
1.000000 -0.000000 0.000000 -0.122601 0.000000 1.000000 0.000000 -0.000006 -0.000000 -0.000000 1.000000 0.000005 0.000000 0.000000 0.000000 1.000000
1.000000 -0.000000 0.000000 -0.122601 0.000000 1.000000 0.000000 -0.000006 -0.000000 -0.000000 1.000000 0.000005 0.000000 0.000000 0.000000 1.000000
1.000000 -0.000000 0.000000 -0.122601 0.000000 1.000000 0.000000 -0.000006 -0.000000 -0.000000 1.000000 0.000005 0.000000 0.000000 0.000000 1.000000
1.000000 -0.000000 0.000000 -0.122601 0.000000 1.000000 0.000000 -0.000005 -0.000000 -0.000000 1.000000 0.000005 0.000000 0.000000 0.000000 1.000000
1.000000 -0.000000 0.000000 -0.122601 0.000000 1.000000 0.000000 -0.000006 -0.000000 -0.000000 1.000000 0.000005 0.000000 0.000000 0.000000 1.000000
1.000000 -0.000000 0.000000 -0.122601 0.000000 1.000000 0.000000 -0.000006 -0.000000 -0.000000 1.000000 0.000005 0.000000 0.000000 0.000000 1.000000
1.000000 -0.000000 0.000000 -0.122601 0.000000 1.000000 0.000000 -0.000006 -0.000000 -0.000000 1.000000 0.000005 0.000000 0.000000 0.000000 1.000000
1.000000 -0.000000 0.000000 -0.122601 0.000000 1.000000 0.000000 -0.000005 -0.000000 -0.000000 1.000000 0.000005 0.000000 0.000000 0.000000 1.000000</float_array><technique_common><accessor source="#jnt_left_handthumb4-Matrix-animation-output-transform-array" count="30" stride="16"><param type="float4x4"/></accessor></technique_common></source><source id="jnt_left_handthumb4-Interpolations"><Name_array id="jnt_left_handthumb4-Interpolations-array" count="30">
 LINEAR LINEAR LINEAR LINEAR LINEAR LINEAR LINEAR LINEAR LINEAR LINEAR LINEAR
LINEAR LINEAR LINEAR LINEAR LINEAR LINEAR LINEAR LINEAR LINEAR LINEAR LINEAR LINEAR
LINEAR LINEAR LINEAR LINEAR LINEAR LINEAR LINEAR</Name_array><technique_common><accessor source="#jnt_left_handthumb4-Interpolations-array" count="30"><param type="name"/></accessor></technique_common></source><sampler id="jnt_left_handthumb4-Matrix-animation-transform"><input semantic="INPUT" source="#jnt_left_handthumb4-Matrix-animation-input"/><input semantic="OUTPUT" source="#jnt_left_handthumb4-Matrix-animation-output-transform"/><input semantic="INTERPOLATION" source="#jnt_left_handthumb4-Interpolations"/></sampler><channel source="#jnt_left_handthumb4-Matrix-animation-transform" target="jnt_left_handthumb4/matrix"/></animation></animation>
    <animation id="jnt_left_handindex1-anim" name="jnt_left_handindex1"><animation><source id="jnt_left_handindex1-Matrix-animation-input"><float_array id="jnt_left_handindex1-Matrix-animation-input-array" count="30">

0.033333 0.066667 0.100000 0.133333 0.166667 0.200000 0.233333 0.266667 0.300000 0.333333 0.366667 0.400000 0.433333 0.466667 0.500000 0.533333
0.566667 0.600000 0.633333 0.666667 0.700000 0.733333 0.766667 0.800000 0.833333 0.866667 0.900000 0.933333 0.966667 1.000000</float_array><technique_common><accessor source="#jnt_left_handindex1-Matrix-animation-input-array" count="30"><param name="TIME" type="float"/></accessor></technique_common></source><source id="jnt_left_handindex1-Matrix-animation-output-transform"><float_array id="jnt_left_handindex1-Matrix-animation-output-transform-array" count="480">

0.588734 0.807600 0.034271 -0.494375 -0.002254 0.044037 -0.999027 -0.203977 -0.808324 0.588084 0.027746 -0.029847 0.000000 0.000000 0.000000 1.000000
0.588734 0.807600 0.034271 -0.494374 -0.002253 0.044037 -0.999027 -0.203977 -0.808324 0.588084 0.027746 -0.029846 0.000000 0.000000 0.000000 1.000000
0.588734 0.807600 0.034271 -0.494375 -0.002253 0.044037 -0.999028 -0.203977 -0.808324 0.588084 0.027746 -0.029847 0.000000 0.000000 0.000000 1.000000
0.588734 0.807600 0.034271 -0.494374 -0.002253 0.044037 -0.999027 -0.203977 -0.808324 0.588084 0.027746 -0.029846 0.000000 0.000000 0.000000 1.000000
0.588734 0.807600 0.034271 -0.494375 -0.002254 0.044037 -0.999027 -0.203977 -0.808324 0.588084 0.027746 -0.029847 0.000000 0.000000 0.000000 1.000000
0.588734 0.807600 0.034271 -0.494374 -0.002253 0.044037 -0.999027 -0.203977 -0.808324 0.588084 0.027746 -0.029846 0.000000 0.000000 0.000000 1.000000
0.588734 0.807600 0.034271 -0.494375 -0.002253 0.044037 -0.999028 -0.203977 -0.808324 0.588084 0.027746 -0.029847 0.000000 0.000000 0.000000 1.000000
0.588734 0.807600 0.034271 -0.494374 -0.002253 0.044037 -0.999027 -0.203977 -0.808324 0.588084 0.027746 -0.029846 0.000000 0.000000 0.000000 1.000000
0.588734 0.807600 0.034271 -0.494375 -0.002254 0.044037 -0.999027 -0.203977 -0.808324 0.588084 0.027746 -0.029847 0.000000 0.000000 0.000000 1.000000
0.588734 0.807600 0.034271 -0.494374 -0.002253 0.044037 -0.999027 -0.203977 -0.808324 0.588084 0.027746 -0.029846 0.000000 0.000000 0.000000 1.000000
0.588734 0.807600 0.034271 -0.494375 -0.002253 0.044037 -0.999028 -0.203977 -0.808324 0.588084 0.027746 -0.029847 0.000000 0.000000 0.000000 1.000000
0.588734 0.807600 0.034271 -0.494375 -0.002254 0.044037 -0.999027 -0.203977 -0.808324 0.588084 0.027746 -0.029847 0.000000 0.000000 0.000000 1.000000
0.588734 0.807600 0.034271 -0.494374 -0.002253 0.044037 -0.999027 -0.203977 -0.808324 0.588084 0.027746 -0.029846 0.000000 0.000000 0.000000 1.000000
0.588734 0.807600 0.034271 -0.494375 -0.002253 0.044037 -0.999028 -0.203977 -0.808324 0.588084 0.027746 -0.029847 0.000000 0.000000 0.000000 1.000000
0.588734 0.807600 0.034271 -0.494374 -0.002253 0.044037 -0.999027 -0.203977 -0.808324 0.588084 0.027746 -0.029846 0.000000 0.000000 0.000000 1.000000
0.588734 0.807600 0.034271 -0.494375 -0.002254 0.044037 -0.999027 -0.203977 -0.808324 0.588084 0.027746 -0.029847 0.000000 0.000000 0.000000 1.000000
0.588734 0.807600 0.034271 -0.494374 -0.002253 0.044037 -0.999027 -0.203977 -0.808324 0.588084 0.027746 -0.029846 0.000000 0.000000 0.000000 1.000000
0.588734 0.807600 0.034271 -0.494375 -0.002253 0.044037 -0.999028 -0.203977 -0.808324 0.588084 0.027746 -0.029847 0.000000 0.000000 0.000000 1.000000
0.588734 0.807600 0.034271 -0.494374 -0.002253 0.044037 -0.999027 -0.203977 -0.808324 0.588084 0.027746 -0.029846 0.000000 0.000000 0.000000 1.000000
0.588734 0.807600 0.034271 -0.494375 -0.002254 0.044037 -0.999027 -0.203977 -0.808324 0.588084 0.027746 -0.029847 0.000000 0.000000 0.000000 1.000000
0.588734 0.807600 0.034271 -0.494374 -0.002253 0.044037 -0.999027 -0.203977 -0.808324 0.588084 0.027746 -0.029846 0.000000 0.000000 0.000000 1.000000
0.588734 0.807600 0.034271 -0.494375 -0.002253 0.044037 -0.999028 -0.203977 -0.808324 0.588084 0.027746 -0.029847 0.000000 0.000000 0.000000 1.000000
0.588734 0.807600 0.034271 -0.494374 -0.002253 0.044037 -0.999027 -0.203977 -0.808324 0.588084 0.027746 -0.029846 0.000000 0.000000 0.000000 1.000000
0.588734 0.807600 0.034271 -0.494375 -0.002254 0.044037 -0.999027 -0.203977 -0.808324 0.588084 0.027746 -0.029847 0.000000 0.000000 0.000000 1.000000
0.588734 0.807600 0.034271 -0.494374 -0.002253 0.044037 -0.999027 -0.203977 -0.808324 0.588084 0.027746 -0.029846 0.000000 0.000000 0.000000 1.000000
0.588734 0.807600 0.034271 -0.494375 -0.002253 0.044037 -0.999028 -0.203977 -0.808324 0.588084 0.027746 -0.029847 0.000000 0.000000 0.000000 1.000000
0.588734 0.807600 0.034271 -0.494374 -0.002253 0.044037 -0.999027 -0.203977 -0.808324 0.588084 0.027746 -0.029846 0.000000 0.000000 0.000000 1.000000
0.588734 0.807600 0.034271 -0.494375 -0.002254 0.044037 -0.999027 -0.203977 -0.808324 0.588084 0.027746 -0.029847 0.000000 0.000000 0.000000 1.000000
0.588734 0.807600 0.034271 -0.494374 -0.002253 0.044037 -0.999027 -0.203977 -0.808324 0.588084 0.027746 -0.029846 0.000000 0.000000 0.000000 1.000000
0.588734 0.807600 0.034271 -0.494375 -0.002253 0.044037 -0.999028 -0.203977 -0.808324 0.588084 0.027746 -0.029847 0.000000 0.000000 0.000000 1.000000</float_array><technique_common><accessor source="#jnt_left_handindex1-Matrix-animation-output-transform-array" count="30" stride="16"><param type="float4x4"/></accessor></technique_common></source><source id="jnt_left_handindex1-Interpolations"><Name_array id="jnt_left_handindex1-Interpolations-array" count="30">
 LINEAR LINEAR LINEAR LINEAR LINEAR LINEAR LINEAR LINEAR LINEAR LINEAR LINEAR
LINEAR LINEAR LINEAR LINEAR LINEAR LINEAR LINEAR LINEAR LINEAR LINEAR LINEAR LINEAR
LINEAR LINEAR LINEAR LINEAR LINEAR LINEAR LINEAR</Name_array><technique_common><accessor source="#jnt_left_handindex1-Interpolations-array" count="30"><param type="name"/></accessor></technique_common></source><sampler id="jnt_left_handindex1-Matrix-animation-transform"><input semantic="INPUT" source="#jnt_left_handindex1-Matrix-animation-input"/><input semantic="OUTPUT" source="#jnt_left_handindex1-Matrix-animation-output-transform"/><input semantic="INTERPOLATION" source="#jnt_left_handindex1-Interpolations"/></sampler><channel source="#jnt_left_handindex1-Matrix-animation-transform" target="jnt_left_handindex1/matrix"/></animation></animation>
    <animation id="jnt_left_handindex2-anim" name="jnt_left_handindex2"><animation><source id="jnt_left_handindex2-Matrix-animation-input"><float_array id="jnt_left_handindex2-Matrix-animation-input-array" count="30">

0.033333 0.066667 0.100000 0.133333 0.166667 0.200000 0.233333 0.266667 0.300000 0.333333 0.366667 0.400000 0.433333 0.466667 0.500000 0.533333
0.566667 0.600000 0.633333 0.666667 0.700000 0.733333 0.766667 0.800000 0.833333 0.866667 0.900000 0.933333 0.966667 1.000000</float_array><technique_common><accessor source="#jnt_left_handindex2-Matrix-animation-input-array" count="30"><param name="TIME" type="float"/></accessor></technique_common></source><source id="jnt_left_handindex2-Matrix-animation-output-transform"><float_array id="jnt_left_handindex2-Matrix-animation-output-transform-array" count="480">

0.867861 0.496806 -0.000000 -0.145432 -0.496806 0.867862 -0.000000 0.001126 0.000000 0.000001 1.000000 0.000040 0.000000 0.000000 0.000000 1.000000
0.867862 0.496806 -0.000000 -0.145433 -0.496806 0.867861 -0.000000 0.001126 0.000000 0.000001 1.000000 0.000040 0.000000 0.000000 0.000000 1.000000
0.867861 0.496806 -0.000000 -0.145432 -0.496806 0.867861 -0.000000 0.001125 0.000000 0.000001 1.000000 0.000040 0.000000 0.000000 0.000000 1.000000
0.867862 0.496806 -0.000000 -0.145433 -0.496806 0.867861 -0.000000 0.001126 0.000000 0.000001 1.000000 0.000040 0.000000 0.000000 0.000000 1.000000
0.867861 0.496806 -0.000000 -0.145432 -0.496806 0.867862 -0.000000 0.001126 0.000000 0.000001 1.000000 0.000040 0.000000 0.000000 0.000000 1.000000
0.867862 0.496806 -0.000000 -0.145433 -0.496806 0.867861 -0.000000 0.001126 0.000000 0.000001 1.000000 0.000040 0.000000 0.000000 0.000000 1.000000
0.867861 0.496806 -0.000000 -0.145432 -0.496806 0.867861 -0.000000 0.001125 0.000000 0.000001 1.000000 0.000040 0.000000 0.000000 0.000000 1.000000
0.867862 0.496806 -0.000000 -0.145433 -0.496806 0.867861 -0.000000 0.001126 0.000000 0.000001 1.000000 0.000040 0.000000 0.000000 0.000000 1.000000
0.867861 0.496806 -0.000000 -0.145432 -0.496806 0.867862 -0.000000 0.001126 0.000000 0.000001 1.000000 0.000040 0.000000 0.000000 0.000000 1.000000
0.867862 0.496806 -0.000000 -0.145433 -0.496806 0.867861 -0.000000 0.001126 0.000000 0.000001 1.000000 0.000040 0.000000 0.000000 0.000000 1.000000
0.867861 0.496806 -0.000000 -0.145432 -0.496806 0.867861 -0.000000 0.001125 0.000000 0.000001 1.000000 0.000040 0.000000 0.000000 0.000000 1.000000
0.867861 0.496806 -0.000000 -0.145432 -0.496806 0.867862 -0.000000 0.001126 0.000000 0.000001 1.000000 0.000040 0.000000 0.000000 0.000000 1.000000
0.867862 0.496806 -0.000000 -0.145433 -0.496806 0.867861 -0.000000 0.001126 0.000000 0.000001 1.000000 0.000040 0.000000 0.000000 0.000000 1.000000
0.867861 0.496806 -0.000000 -0.145432 -0.496806 0.867861 -0.000000 0.001125 0.000000 0.000001 1.000000 0.000040 0.000000 0.000000 0.000000 1.000000
0.867862 0.496806 -0.000000 -0.145433 -0.496806 0.867861 -0.000000 0.001126 0.000000 0.000001 1.000000 0.000040 0.000000 0.000000 0.000000 1.000000
0.867861 0.496806 -0.000000 -0.145432 -0.496806 0.867862 -0.000000 0.001126 0.000000 0.000001 1.000000 0.000040 0.000000 0.000000 0.000000 1.000000
0.867862 0.496806 -0.000000 -0.145433 -0.496806 0.867861 -0.000000 0.001126 0.000000 0.000001 1.000000 0.000040 0.000000 0.000000 0.000000 1.000000
0.867861 0.496806 -0.000000 -0.145432 -0.496806 0.867861 -0.000000 0.001125 0.000000 0.000001 1.000000 0.000040 0.000000 0.000000 0.000000 1.000000
0.867862 0.496806 -0.000000 -0.145433 -0.496806 0.867861 -0.000000 0.001126 0.000000 0.000001 1.000000 0.000040 0.000000 0.000000 0.000000 1.000000
0.867861 0.496806 -0.000000 -0.145432 -0.496806 0.867862 -0.000000 0.001126 0.000000 0.000001 1.000000 0.000040 0.000000 0.000000 0.000000 1.000000
0.867862 0.496806 -0.000000 -0.145433 -0.496806 0.867861 -0.000000 0.001126 0.000000 0.000001 1.000000 0.000040 0.000000 0.000000 0.000000 1.000000
0.867861 0.496806 -0.000000 -0.145432 -0.496806 0.867861 -0.000000 0.001125 0.000000 0.000001 1.000000 0.000040 0.000000 0.000000 0.000000 1.000000
0.867862 0.496806 -0.000000 -0.145433 -0.496806 0.867861 -0.000000 0.001126 0.000000 0.000001 1.000000 0.000040 0.000000 0.000000 0.000000 1.000000
0.867861 0.496806 -0.000000 -0.145432 -0.496806 0.867862 -0.000000 0.001126 0.000000 0.000001 1.000000 0.000040 0.000000 0.000000 0.000000 1.000000
0.867862 0.496806 -0.000000 -0.145433 -0.496806 0.867861 -0.000000 0.001126 0.000000 0.000001 1.000000 0.000040 0.000000 0.000000 0.000000 1.000000
0.867861 0.496806 -0.000000 -0.145432 -0.496806 0.867861 -0.000000 0.001125 0.000000 0.000001 1.000000 0.000040 0.000000 0.000000 0.000000 1.000000
0.867862 0.496806 -0.000000 -0.145433 -0.496806 0.867861 -0.000000 0.001126 0.000000 0.000001 1.000000 0.000040 0.000000 0.000000 0.000000 1.000000
0.867861 0.496806 -0.000000 -0.145432 -0.496806 0.867862 -0.000000 0.001126 0.000000 0.000001 1.000000 0.000040 0.000000 0.000000 0.000000 1.000000
0.867862 0.496806 -0.000000 -0.145433 -0.496806 0.867861 -0.000000 0.001126 0.000000 0.000001 1.000000 0.000040 0.000000 0.000000 0.000000 1.000000
0.867861 0.496806 -0.000000 -0.145432 -0.496806 0.867861 -0.000000 0.001125 0.000000 0.000001 1.000000 0.000040 0.000000 0.000000 0.000000 1.000000</float_array><technique_common><accessor source="#jnt_left_handindex2-Matrix-animation-output-transform-array" count="30" stride="16"><param type="float4x4"/></accessor></technique_common></source><source id="jnt_left_handindex2-Interpolations"><Name_array id="jnt_left_handindex2-Interpolations-array" count="30">
 LINEAR LINEAR LINEAR LINEAR LINEAR LINEAR LINEAR LINEAR LINEAR LINEAR LINEAR
LINEAR LINEAR LINEAR LINEAR LINEAR LINEAR LINEAR LINEAR LINEAR LINEAR LINEAR LINEAR
LINEAR LINEAR LINEAR LINEAR LINEAR LINEAR LINEAR</Name_array><technique_common><accessor source="#jnt_left_handindex2-Interpolations-array" count="30"><param type="name"/></accessor></technique_common></source><sampler id="jnt_left_handindex2-Matrix-animation-transform"><input semantic="INPUT" source="#jnt_left_handindex2-Matrix-animation-input"/><input semantic="OUTPUT" source="#jnt_left_handindex2-Matrix-animation-output-transform"/><input semantic="INTERPOLATION" source="#jnt_left_handindex2-Interpolations"/></sampler><channel source="#jnt_left_handindex2-Matrix-animation-transform" target="jnt_left_handindex2/matrix"/></animation></animation>
    <animation id="jnt_left_handindex3-anim" name="jnt_left_handindex3"><animation><source id="jnt_left_handindex3-Matrix-animation-input"><float_array id="jnt_left_handindex3-Matrix-animation-input-array" count="30">

0.033333 0.066667 0.100000 0.133333 0.166667 0.200000 0.233333 0.266667 0.300000 0.333333 0.366667 0.400000 0.433333 0.466667 0.500000 0.533333
0.566667 0.600000 0.633333 0.666667 0.700000 0.733333 0.766667 0.800000 0.833333 0.866667 0.900000 0.933333 0.966667 1.000000</float_array><technique_common><accessor source="#jnt_left_handindex3-Matrix-animation-input-array" count="30"><param name="TIME" type="float"/></accessor></technique_common></source><source id="jnt_left_handindex3-Matrix-animation-output-transform"><float_array id="jnt_left_handindex3-Matrix-animation-output-transform-array" count="480">

0.857075 0.515192 -0.000000 -0.093752 -0.515192 0.857075 0.000001 0.000003 0.000000 -0.000001 1.000000 -0.000000 0.000000 0.000000 0.000000 1.000000
0.857075 0.515192 -0.000000 -0.093752 -0.515192 0.857075 0.000001 0.000002 0.000000 -0.000001 1.000000 0.000000 0.000000 0.000000 0.000000 1.000000
0.857075 0.515192 -0.000000 -0.093752 -0.515192 0.857075 0.000001 0.000003 0.000000 -0.000001 1.000000 0.000000 0.000000 0.000000 0.000000 1.000000
0.857075 0.515192 -0.000000 -0.093752 -0.515192 0.857075 0.000001 0.000002 0.000000 -0.000001 1.000000 0.000000 0.000000 0.000000 0.000000 1.000000
0.857075 0.515192 -0.000000 -0.093752 -0.515192 0.857075 0.000001 0.000003 0.000000 -0.000001 1.000000 -0.000000 0.000000 0.000000 0.000000 1.000000
0.857075 0.515192 -0.000000 -0.093752 -0.515192 0.857075 0.000001 0.000002 0.000000 -0.000001 1.000000 0.000000 0.000000 0.000000 0.000000 1.000000
0.857075 0.515192 -0.000000 -0.093752 -0.515192 0.857075 0.000001 0.000003 0.000000 -0.000001 1.000000 0.000000 0.000000 0.000000 0.000000 1.000000
0.857075 0.515192 -0.000000 -0.093752 -0.515192 0.857075 0.000001 0.000002 0.000000 -0.000001 1.000000 0.000000 0.000000 0.000000 0.000000 1.000000
0.857075 0.515192 -0.000000 -0.093752 -0.515192 0.857075 0.000001 0.000003 0.000000 -0.000001 1.000000 -0.000000 0.000000 0.000000 0.000000 1.000000
0.857075 0.515192 -0.000000 -0.093752 -0.515192 0.857075 0.000001 0.000002 0.000000 -0.000001 1.000000 0.000000 0.000000 0.000000 0.000000 1.000000
0.857075 0.515192 -0.000000 -0.093752 -0.515192 0.857075 0.000001 0.000003 0.000000 -0.000001 1.000000 0.000000 0.000000 0.000000 0.000000 1.000000
0.857075 0.515192 -0.000000 -0.093752 -0.515192 0.857075 0.000001 0.000003 0.000000 -0.000001 1.000000 -0.000000 0.000000 0.000000 0.000000 1.000000
0.857075 0.515192 -0.000000 -0.093752 -0.515192 0.857075 0.000001 0.000002 0.000000 -0.000001 1.000000 0.000000 0.000000 0.000000 0.000000 1.000000
0.857075 0.515192 -0.000000 -0.093752 -0.515192 0.857075 0.000001 0.000003 0.000000 -0.000001 1.000000 0.000000 0.000000 0.000000 0.000000 1.000000
0.857075 0.515192 -0.000000 -0.093752 -0.515192 0.857075 0.000001 0.000002 0.000000 -0.000001 1.000000 0.000000 0.000000 0.000000 0.000000 1.000000
0.857075 0.515192 -0.000000 -0.093752 -0.515192 0.857075 0.000001 0.000003 0.000000 -0.000001 1.000000 -0.000000 0.000000 0.000000 0.000000 1.000000
0.857075 0.515192 -0.000000 -0.093752 -0.515192 0.857075 0.000001 0.000002 0.000000 -0.000001 1.000000 0.000000 0.000000 0.000000 0.000000 1.000000
0.857075 0.515192 -0.000000 -0.093752 -0.515192 0.857075 0.000001 0.000003 0.000000 -0.000001 1.000000 0.000000 0.000000 0.000000 0.000000 1.000000
0.857075 0.515192 -0.000000 -0.093752 -0.515192 0.857075 0.000001 0.000002 0.000000 -0.000001 1.000000 0.000000 0.000000 0.000000 0.000000 1.000000
0.857075 0.515192 -0.000000 -0.093752 -0.515192 0.857075 0.000001 0.000003 0.000000 -0.000001 1.000000 -0.000000 0.000000 0.000000 0.000000 1.000000
0.857075 0.515192 -0.000000 -0.093752 -0.515192 0.857075 0.000001 0.000002 0.000000 -0.000001 1.000000 0.000000 0.000000 0.000000 0.000000 1.000000
0.857075 0.515192 -0.000000 -0.093752 -0.515192 0.857075 0.000001 0.000003 0.000000 -0.000001 1.000000 0.000000 0.000000 0.000000 0.000000 1.000000
0.857075 0.515192 -0.000000 -0.093752 -0.515192 0.857075 0.000001 0.000002 0.000000 -0.000001 1.000000 0.000000 0.000000 0.000000 0.000000 1.000000
0.857075 0.515192 -0.000000 -0.093752 -0.515192 0.857075 0.000001 0.000003 0.000000 -0.000001 1.000000 -0.000000 0.000000 0.000000 0.000000 1.000000
0.857075 0.515192 -0.000000 -0.093752 -0.515192 0.857075 0.000001 0.000002 0.000000 -0.000001 1.000000 0.000000 0.000000 0.000000 0.000000 1.000000
0.857075 0.515192 -0.000000 -0.093752 -0.515192 0.857075 0.000001 0.000003 0.000000 -0.000001 1.000000 0.000000 0.000000 0.000000 0.000000 1.000000
0.857075 0.515192 -0.000000 -0.093752 -0.515192 0.857075 0.000001 0.000002 0.000000 -0.000001 1.000000 0.000000 0.000000 0.000000 0.000000 1.000000
0.857075 0.515192 -0.000000 -0.093752 -0.515192 0.857075 0.000001 0.000003 0.000000 -0.000001 1.000000 -0.000000 0.000000 0.000000 0.000000 1.000000
0.857075 0.515192 -0.000000 -0.093752 -0.515192 0.857075 0.000001 0.000002 0.000000 -0.000001 1.000000 0.000000 0.000000 0.000000 0.000000 1.000000
0.857075 0.515192 -0.000000 -0.093752 -0.515192 0.857075 0.000001 0.000003 0.000000 -0.000001 1.000000 0.000000 0.000000 0.000000 0.000000 1.000000</float_array><technique_common><accessor source="#jnt_left_handindex3-Matrix-animation-output-transform-array" count="30" stride="16"><param type="float4x4"/></accessor></technique_common></source><source id="jnt_left_handindex3-Interpolations"><Name_array id="jnt_left_handindex3-Interpolations-array" count="30">
 LINEAR LINEAR LINEAR LINEAR LINEAR LINEAR LINEAR LINEAR LINEAR LINEAR LINEAR
LINEAR LINEAR LINEAR LINEAR LINEAR LINEAR LINEAR LINEAR LINEAR LINEAR LINEAR LINEAR
LINEAR LINEAR LINEAR LINEAR LINEAR LINEAR LINEAR</Name_array><technique_common><accessor source="#jnt_left_handindex3-Interpolations-array" count="30"><param type="name"/></accessor></technique_common></source><sampler id="jnt_left_handindex3-Matrix-animation-transform"><input semantic="INPUT" source="#jnt_left_handindex3-Matrix-animation-input"/><input semantic="OUTPUT" source="#jnt_left_handindex3-Matrix-animation-output-transform"/><input semantic="INTERPOLATION" source="#jnt_left_handindex3-Interpolations"/></sampler><channel source="#jnt_left_handindex3-Matrix-animation-transform" target="jnt_left_handindex3/matrix"/></animation></animation>
    <animation id="jnt_left_handindex4-anim" name="jnt_left_handindex4"><animation><source id="jnt_left_handindex4-Matrix-animation-input"><float_array id="jnt_left_handindex4-Matrix-animation-input-array" count="30">

0.033333 0.066667 0.100000 0.133333 0.166667 0.200000 0.233333 0.266667 0.300000 0.333333 0.366667 0.400000 0.433333 0.466667 0.500000 0.533333
0.566667 0.600000 0.633333 0.666667 0.700000 0.733333 0.766667 0.800000 0.833333 0.866667 0.900000 0.933333 0.966667 1.000000</float_array><technique_common><accessor source="#jnt_left_handindex4-Matrix-animation-input-array" count="30"><param name="TIME" type="float"/></accessor></technique_common></source><source id="jnt_left_handindex4-Matrix-animation-output-transform"><float_array id="jnt_left_handindex4-Matrix-animation-output-transform-array" count="480">

1.000000 -0.000000 -0.000000 -0.107084 0.000000 1.000000 0.000000 0.000048 0.000000 -0.000000 1.000000 -0.001504 0.000000 0.000000 0.000000 1.000000
1.000000 -0.000000 0.000000 -0.107084 0.000000 1.000000 0.000000 0.000049 -0.000000 -0.000000 1.000000 -0.001504 0.000000 0.000000 0.000000 1.000000
1.000000 -0.000000 -0.000000 -0.107085 0.000000 1.000000 -0.000000 0.000048 0.000000 0.000000 1.000000 -0.001504 0.000000 0.000000 0.000000 1.000000
1.000000 -0.000000 0.000000 -0.107084 0.000000 1.000000 0.000000 0.000049 -0.000000 -0.000000 1.000000 -0.001504 0.000000 0.000000 0.000000 1.000000
1.000000 -0.000000 -0.000000 -0.107084 0.000000 1.000000 0.000000 0.000048 0.000000 -0.000000 1.000000 -0.001504 0.000000 0.000000 0.000000 1.000000
1.000000 -0.000000 0.000000 -0.107084 0.000000 1.000000 0.000000 0.000049 -0.000000 -0.000000 1.000000 -0.001504 0.000000 0.000000 0.000000 1.000000
1.000000 -0.000000 -0.000000 -0.107085 0.000000 1.000000 -0.000000 0.000048 0.000000 0.000000 1.000000 -0.001504 0.000000 0.000000 0.000000 1.000000
1.000000 -0.000000 0.000000 -0.107084 0.000000 1.000000 0.000000 0.000049 -0.000000 -0.000000 1.000000 -0.001504 0.000000 0.000000 0.000000 1.000000
1.000000 -0.000000 -0.000000 -0.107084 0.000000 1.000000 0.000000 0.000048 0.000000 -0.000000 1.000000 -0.001504 0.000000 0.000000 0.000000 1.000000
1.000000 -0.000000 0.000000 -0.107084 0.000000 1.000000 0.000000 0.000049 -0.000000 -0.000000 1.000000 -0.001504 0.000000 0.000000 0.000000 1.000000
1.000000 -0.000000 -0.000000 -0.107085 0.000000 1.000000 -0.000000 0.000048 0.000000 0.000000 1.000000 -0.001504 0.000000 0.000000 0.000000 1.000000
1.000000 -0.000000 -0.000000 -0.107084 0.000000 1.000000 0.000000 0.000048 0.000000 -0.000000 1.000000 -0.001504 0.000000 0.000000 0.000000 1.000000
1.000000 -0.000000 0.000000 -0.107084 0.000000 1.000000 0.000000 0.000049 -0.000000 -0.000000 1.000000 -0.001504 0.000000 0.000000 0.000000 1.000000
1.000000 -0.000000 -0.000000 -0.107085 0.000000 1.000000 -0.000000 0.000048 0.000000 0.000000 1.000000 -0.001504 0.000000 0.000000 0.000000 1.000000
1.000000 -0.000000 0.000000 -0.107084 0.000000 1.000000 0.000000 0.000049 -0.000000 -0.000000 1.000000 -0.001504 0.000000 0.000000 0.000000 1.000000
1.000000 -0.000000 -0.000000 -0.107084 0.000000 1.000000 0.000000 0.000048 0.000000 -0.000000 1.000000 -0.001504 0.000000 0.000000 0.000000 1.000000
1.000000 -0.000000 0.000000 -0.107084 0.000000 1.000000 0.000000 0.000049 -0.000000 -0.000000 1.000000 -0.001504 0.000000 0.000000 0.000000 1.000000
1.000000 -0.000000 -0.000000 -0.107085 0.000000 1.000000 -0.000000 0.000048 0.000000 0.000000 1.000000 -0.001504 0.000000 0.000000 0.000000 1.000000
1.000000 -0.000000 0.000000 -0.107084 0.000000 1.000000 0.000000 0.000049 -0.000000 -0.000000 1.000000 -0.001504 0.000000 0.000000 0.000000 1.000000
1.000000 -0.000000 -0.000000 -0.107084 0.000000 1.000000 0.000000 0.000048 0.000000 -0.000000 1.000000 -0.001504 0.000000 0.000000 0.000000 1.000000
1.000000 -0.000000 0.000000 -0.107084 0.000000 1.000000 0.000000 0.000049 -0.000000 -0.000000 1.000000 -0.001504 0.000000 0.000000 0.000000 1.000000
1.000000 -0.000000 -0.000000 -0.107085 0.000000 1.000000 -0.000000 0.000048 0.000000 0.000000 1.000000 -0.001504 0.000000 0.000000 0.000000 1.000000
1.000000 -0.000000 0.000000 -0.107084 0.000000 1.000000 0.000000 0.000049 -0.000000 -0.000000 1.000000 -0.001504 0.000000 0.000000 0.000000 1.000000
1.000000 -0.000000 -0.000000 -0.107084 0.000000 1.000000 0.000000 0.000048 0.000000 -0.000000 1.000000 -0.001504 0.000000 0.000000 0.000000 1.000000
1.000000 -0.000000 0.000000 -0.107084 0.000000 1.000000 0.000000 0.000049 -0.000000 -0.000000 1.000000 -0.001504 0.000000 0.000000 0.000000 1.000000
1.000000 -0.000000 -0.000000 -0.107085 0.000000 1.000000 -0.000000 0.000048 0.000000 0.000000 1.000000 -0.001504 0.000000 0.000000 0.000000 1.000000
1.000000 -0.000000 0.000000 -0.107084 0.000000 1.000000 0.000000 0.000049 -0.000000 -0.000000 1.000000 -0.001504 0.000000 0.000000 0.000000 1.000000
1.000000 -0.000000 -0.000000 -0.107084 0.000000 1.000000 0.000000 0.000048 0.000000 -0.000000 1.000000 -0.001504 0.000000 0.000000 0.000000 1.000000
1.000000 -0.000000 0.000000 -0.107084 0.000000 1.000000 0.000000 0.000049 -0.000000 -0.000000 1.000000 -0.001504 0.000000 0.000000 0.000000 1.000000
1.000000 -0.000000 -0.000000 -0.107085 0.000000 1.000000 -0.000000 0.000048 0.000000 0.000000 1.000000 -0.001504 0.000000 0.000000 0.000000 1.000000</float_array><technique_common><accessor source="#jnt_left_handindex4-Matrix-animation-output-transform-array" count="30" stride="16"><param type="float4x4"/></accessor></technique_common></source><source id="jnt_left_handindex4-Interpolations"><Name_array id="jnt_left_handindex4-Interpolations-array" count="30">
 LINEAR LINEAR LINEAR LINEAR LINEAR LINEAR LINEAR LINEAR LINEAR LINEAR LINEAR
LINEAR LINEAR LINEAR LINEAR LINEAR LINEAR LINEAR LINEAR LINEAR LINEAR LINEAR LINEAR
LINEAR LINEAR LINEAR LINEAR LINEAR LINEAR LINEAR</Name_array><technique_common><accessor source="#jnt_left_handindex4-Interpolations-array" count="30"><param type="name"/></accessor></technique_common></source><sampler id="jnt_left_handindex4-Matrix-animation-transform"><input semantic="INPUT" source="#jnt_left_handindex4-Matrix-animation-input"/><input semantic="OUTPUT" source="#jnt_left_handindex4-Matrix-animation-output-transform"/><input semantic="INTERPOLATION" source="#jnt_left_handindex4-Interpolations"/></sampler><channel source="#jnt_left_handindex4-Matrix-animation-transform" target="jnt_left_handindex4/matrix"/></animation></animation>
    <animation id="jnt_left_weapon-anim" name="jnt_left_weapon"><animation><source id="jnt_left_weapon-Matrix-animation-input"><float_array id="jnt_left_weapon-Matrix-animation-input-array" count="30">

0.033333 0.066667 0.100000 0.133333 0.166667 0.200000 0.233333 0.266667 0.300000 0.333333 0.366667 0.400000 0.433333 0.466667 0.500000 0.533333
0.566667 0.600000 0.633333 0.666667 0.700000 0.733333 0.766667 0.800000 0.833333 0.866667 0.900000 0.933333 0.966667 1.000000</float_array><technique_common><accessor source="#jnt_left_weapon-Matrix-animation-input-array" count="30"><param name="TIME" type="float"/></accessor></technique_common></source><source id="jnt_left_weapon-Matrix-animation-output-transform"><float_array id="jnt_left_weapon-Matrix-animation-output-transform-array" count="480">

-0.068652 -0.108938 -0.991679 -0.369354 0.108715 -0.988918 0.101110 -0.054074 -0.991705 -0.100868 0.079734 0.296616 0.000000 0.000000 0.000000 1.000000
-0.068652 -0.108938 -0.991680 -0.369354 0.108715 -0.988918 0.101110 -0.054074 -0.991705 -0.100868 0.079734 0.296616 0.000000 0.000000 0.000000 1.000000
-0.068652 -0.108938 -0.991680 -0.369354 0.108715 -0.988918 0.101110 -0.054074 -0.991705 -0.100868 0.079734 0.296616 0.000000 0.000000 0.000000 1.000000
-0.068652 -0.108938 -0.991680 -0.369354 0.108715 -0.988918 0.101110 -0.054074 -0.991705 -0.100868 0.079734 0.296616 0.000000 0.000000 0.000000 1.000000
-0.068652 -0.108938 -0.991679 -0.369354 0.108715 -0.988918 0.101110 -0.054074 -0.991705 -0.100868 0.079734 0.296616 0.000000 0.000000 0.000000 1.000000
-0.068652 -0.108938 -0.991680 -0.369354 0.108715 -0.988918 0.101110 -0.054074 -0.991705 -0.100868 0.079734 0.296616 0.000000 0.000000 0.000000 1.000000
-0.068652 -0.108938 -0.991680 -0.369354 0.108715 -0.988918 0.101110 -0.054074 -0.991705 -0.100868 0.079734 0.296616 0.000000 0.000000 0.000000 1.000000
-0.068652 -0.108938 -0.991680 -0.369354 0.108715 -0.988918 0.101110 -0.054074 -0.991705 -0.100868 0.079734 0.296616 0.000000 0.000000 0.000000 1.000000
-0.068652 -0.108938 -0.991679 -0.369354 0.108715 -0.988918 0.101110 -0.054074 -0.991705 -0.100868 0.079734 0.296616 0.000000 0.000000 0.000000 1.000000
-0.068652 -0.108938 -0.991680 -0.369354 0.108715 -0.988918 0.101110 -0.054074 -0.991705 -0.100868 0.079734 0.296616 0.000000 0.000000 0.000000 1.000000
-0.068652 -0.108938 -0.991680 -0.369354 0.108715 -0.988918 0.101110 -0.054074 -0.991705 -0.100868 0.079734 0.296616 0.000000 0.000000 0.000000 1.000000
-0.068652 -0.108938 -0.991679 -0.369354 0.108715 -0.988918 0.101110 -0.054074 -0.991705 -0.100868 0.079734 0.296616 0.000000 0.000000 0.000000 1.000000
-0.068652 -0.108938 -0.991680 -0.369354 0.108715 -0.988918 0.101110 -0.054074 -0.991705 -0.100868 0.079734 0.296616 0.000000 0.000000 0.000000 1.000000
-0.068652 -0.108938 -0.991680 -0.369354 0.108715 -0.988918 0.101110 -0.054074 -0.991705 -0.100868 0.079734 0.296616 0.000000 0.000000 0.000000 1.000000
-0.068652 -0.108938 -0.991680 -0.369354 0.108715 -0.988918 0.101110 -0.054074 -0.991705 -0.100868 0.079734 0.296616 0.000000 0.000000 0.000000 1.000000
-0.068652 -0.108938 -0.991679 -0.369354 0.108715 -0.988918 0.101110 -0.054074 -0.991705 -0.100868 0.079734 0.296616 0.000000 0.000000 0.000000 1.000000
-0.068652 -0.108938 -0.991680 -0.369354 0.108715 -0.988918 0.101110 -0.054074 -0.991705 -0.100868 0.079734 0.296616 0.000000 0.000000 0.000000 1.000000
-0.068652 -0.108938 -0.991680 -0.369354 0.108715 -0.988918 0.101110 -0.054074 -0.991705 -0.100868 0.079734 0.296616 0.000000 0.000000 0.000000 1.000000
-0.068652 -0.108938 -0.991680 -0.369354 0.108715 -0.988918 0.101110 -0.054074 -0.991705 -0.100868 0.079734 0.296616 0.000000 0.000000 0.000000 1.000000
-0.068652 -0.108938 -0.991679 -0.369354 0.108715 -0.988918 0.101110 -0.054074 -0.991705 -0.100868 0.079734 0.296616 0.000000 0.000000 0.000000 1.000000
-0.068652 -0.108938 -0.991680 -0.369354 0.108715 -0.988918 0.101110 -0.054074 -0.991705 -0.100868 0.079734 0.296616 0.000000 0.000000 0.000000 1.000000
-0.068652 -0.108938 -0.991680 -0.369354 0.108715 -0.988918 0.101110 -0.054074 -0.991705 -0.100868 0.079734 0.296616 0.000000 0.000000 0.000000 1.000000
-0.068652 -0.108938 -0.991680 -0.369354 0.108715 -0.988918 0.101110 -0.054074 -0.991705 -0.100868 0.079734 0.296616 0.000000 0.000000 0.000000 1.000000
-0.068652 -0.108938 -0.991679 -0.369354 0.108715 -0.988918 0.101110 -0.054074 -0.991705 -0.100868 0.079734 0.296616 0.000000 0.000000 0.000000 1.000000
-0.068652 -0.108938 -0.991680 -0.369354 0.108715 -0.988918 0.101110 -0.054074 -0.991705 -0.100868 0.079734 0.296616 0.000000 0.000000 0.000000 1.000000
-0.068652 -0.108938 -0.991680 -0.369354 0.108715 -0.988918 0.101110 -0.054074 -0.991705 -0.100868 0.079734 0.296616 0.000000 0.000000 0.000000 1.000000
-0.068652 -0.108938 -0.991680 -0.369354 0.108715 -0.988918 0.101110 -0.054074 -0.991705 -0.100868 0.079734 0.296616 0.000000 0.000000 0.000000 1.000000
-0.068652 -0.108938 -0.991679 -0.369354 0.108715 -0.988918 0.101110 -0.054074 -0.991705 -0.100868 0.079734 0.296616 0.000000 0.000000 0.000000 1.000000
-0.068652 -0.108938 -0.991680 -0.369354 0.108715 -0.988918 0.101110 -0.054074 -0.991705 -0.100868 0.079734 0.296616 0.000000 0.000000 0.000000 1.000000
-0.068652 -0.108938 -0.991680 -0.369354 0.108715 -0.988918 0.101110 -0.054074 -0.991705 -0.100868 0.079734 0.296616 0.000000 0.000000 0.000000 1.000000</float_array><technique_common><accessor source="#jnt_left_weapon-Matrix-animation-output-transform-array" count="30" stride="16"><param type="float4x4"/></accessor></technique_common></source><source id="jnt_left_weapon-Interpolations"><Name_array id="jnt_left_weapon-Interpolations-array" count="30">
 LINEAR LINEAR LINEAR LINEAR LINEAR LINEAR LINEAR LINEAR LINEAR LINEAR LINEAR
LINEAR LINEAR LINEAR LINEAR LINEAR LINEAR LINEAR LINEAR LINEAR LINEAR LINEAR LINEAR
LINEAR LINEAR LINEAR LINEAR LINEAR LINEAR LINEAR</Name_array><technique_common><accessor source="#jnt_left_weapon-Interpolations-array" count="30"><param type="name"/></accessor></technique_common></source><sampler id="jnt_left_weapon-Matrix-animation-transform"><input semantic="INPUT" source="#jnt_left_weapon-Matrix-animation-input"/><input semantic="OUTPUT" source="#jnt_left_weapon-Matrix-animation-output-transform"/><input semantic="INTERPOLATION" source="#jnt_left_weapon-Interpolations"/></sampler><channel source="#jnt_left_weapon-Matrix-animation-transform" target="jnt_left_weapon/matrix"/></animation></animation>
    <animation id="jnt_left_handmiddle1-anim" name="jnt_left_handmiddle1"><animation><source id="jnt_left_handmiddle1-Matrix-animation-input"><float_array id="jnt_left_handmiddle1-Matrix-animation-input-array" count="30">

0.033333 0.066667 0.100000 0.133333 0.166667 0.200000 0.233333 0.266667 0.300000 0.333333 0.366667 0.400000 0.433333 0.466667 0.500000 0.533333
0.566667 0.600000 0.633333 0.666667 0.700000 0.733333 0.766667 0.800000 0.833333 0.866667 0.900000 0.933333 0.966667 1.000000</float_array><technique_common><accessor source="#jnt_left_handmiddle1-Matrix-animation-input-array" count="30"><param name="TIME" type="float"/></accessor></technique_common></source><source id="jnt_left_handmiddle1-Matrix-animation-output-transform"><float_array id="jnt_left_handmiddle1-Matrix-animation-output-transform-array" count="480">

0.276890 0.958480 -0.068176 -0.489248 -0.019209 -0.065415 -0.997673 -0.062066 -0.960710 0.277556 0.000299 -0.036308 0.000000 0.000000 0.000000 1.000000
0.276891 0.958480 -0.068176 -0.489248 -0.019209 -0.065414 -0.997673 -0.062066 -0.960709 0.277556 0.000299 -0.036307 0.000000 0.000000 0.000000 1.000000
0.276891 0.958480 -0.068176 -0.489248 -0.019209 -0.065415 -0.997674 -0.062066 -0.960709 0.277556 0.000299 -0.036308 0.000000 0.000000 0.000000 1.000000
0.276891 0.958480 -0.068176 -0.489248 -0.019209 -0.065414 -0.997673 -0.062066 -0.960709 0.277556 0.000299 -0.036307 0.000000 0.000000 0.000000 1.000000
0.276890 0.958480 -0.068176 -0.489248 -0.019209 -0.065415 -0.997673 -0.062066 -0.960710 0.277556 0.000299 -0.036308 0.000000 0.000000 0.000000 1.000000
0.276891 0.958480 -0.068176 -0.489248 -0.019209 -0.065414 -0.997673 -0.062066 -0.960709 0.277556 0.000299 -0.036307 0.000000 0.000000 0.000000 1.000000
0.276891 0.958480 -0.068176 -0.489248 -0.019209 -0.065415 -0.997674 -0.062066 -0.960709 0.277556 0.000299 -0.036308 0.000000 0.000000 0.000000 1.000000
0.276891 0.958480 -0.068176 -0.489248 -0.019209 -0.065414 -0.997673 -0.062066 -0.960709 0.277556 0.000299 -0.036307 0.000000 0.000000 0.000000 1.000000
0.276890 0.958480 -0.068176 -0.489248 -0.019209 -0.065415 -0.997673 -0.062066 -0.960710 0.277556 0.000299 -0.036308 0.000000 0.000000 0.000000 1.000000
0.276891 0.958480 -0.068176 -0.489248 -0.019209 -0.065414 -0.997673 -0.062066 -0.960709 0.277556 0.000299 -0.036307 0.000000 0.000000 0.000000 1.000000
0.276891 0.958480 -0.068176 -0.489248 -0.019209 -0.065415 -0.997674 -0.062066 -0.960709 0.277556 0.000299 -0.036308 0.000000 0.000000 0.000000 1.000000
0.276890 0.958480 -0.068176 -0.489248 -0.019209 -0.065415 -0.997673 -0.062066 -0.960710 0.277556 0.000299 -0.036308 0.000000 0.000000 0.000000 1.000000
0.276891 0.958480 -0.068176 -0.489248 -0.019209 -0.065414 -0.997673 -0.062066 -0.960709 0.277556 0.000299 -0.036307 0.000000 0.000000 0.000000 1.000000
0.276891 0.958480 -0.068176 -0.489248 -0.019209 -0.065415 -0.997674 -0.062066 -0.960709 0.277556 0.000299 -0.036308 0.000000 0.000000 0.000000 1.000000
0.276891 0.958480 -0.068176 -0.489248 -0.019209 -0.065414 -0.997673 -0.062066 -0.960709 0.277556 0.000299 -0.036307 0.000000 0.000000 0.000000 1.000000
0.276890 0.958480 -0.068176 -0.489248 -0.019209 -0.065415 -0.997673 -0.062066 -0.960710 0.277556 0.000299 -0.036308 0.000000 0.000000 0.000000 1.000000
0.276891 0.958480 -0.068176 -0.489248 -0.019209 -0.065414 -0.997673 -0.062066 -0.960709 0.277556 0.000299 -0.036307 0.000000 0.000000 0.000000 1.000000
0.276891 0.958480 -0.068176 -0.489248 -0.019209 -0.065415 -0.997674 -0.062066 -0.960709 0.277556 0.000299 -0.036308 0.000000 0.000000 0.000000 1.000000
0.276891 0.958480 -0.068176 -0.489248 -0.019209 -0.065414 -0.997673 -0.062066 -0.960709 0.277556 0.000299 -0.036307 0.000000 0.000000 0.000000 1.000000
0.276890 0.958480 -0.068176 -0.489248 -0.019209 -0.065415 -0.997673 -0.062066 -0.960710 0.277556 0.000299 -0.036308 0.000000 0.000000 0.000000 1.000000
0.276891 0.958480 -0.068176 -0.489248 -0.019209 -0.065414 -0.997673 -0.062066 -0.960709 0.277556 0.000299 -0.036307 0.000000 0.000000 0.000000 1.000000
0.276891 0.958480 -0.068176 -0.489248 -0.019209 -0.065415 -0.997674 -0.062066 -0.960709 0.277556 0.000299 -0.036308 0.000000 0.000000 0.000000 1.000000
0.276891 0.958480 -0.068176 -0.489248 -0.019209 -0.065414 -0.997673 -0.062066 -0.960709 0.277556 0.000299 -0.036307 0.000000 0.000000 0.000000 1.000000
0.276890 0.958480 -0.068176 -0.489248 -0.019209 -0.065415 -0.997673 -0.062066 -0.960710 0.277556 0.000299 -0.036308 0.000000 0.000000 0.000000 1.000000
0.276891 0.958480 -0.068176 -0.489248 -0.019209 -0.065414 -0.997673 -0.062066 -0.960709 0.277556 0.000299 -0.036307 0.000000 0.000000 0.000000 1.000000
0.276891 0.958480 -0.068176 -0.489248 -0.019209 -0.065415 -0.997674 -0.062066 -0.960709 0.277556 0.000299 -0.036308 0.000000 0.000000 0.000000 1.000000
0.276891 0.958480 -0.068176 -0.489248 -0.019209 -0.065414 -0.997673 -0.062066 -0.960709 0.277556 0.000299 -0.036307 0.000000 0.000000 0.000000 1.000000
0.276890 0.958480 -0.068176 -0.489248 -0.019209 -0.065415 -0.997673 -0.062066 -0.960710 0.277556 0.000299 -0.036308 0.000000 0.000000 0.000000 1.000000
0.276891 0.958480 -0.068176 -0.489248 -0.019209 -0.065414 -0.997673 -0.062066 -0.960709 0.277556 0.000299 -0.036307 0.000000 0.000000 0.000000 1.000000
0.276891 0.958480 -0.068176 -0.489248 -0.019209 -0.065415 -0.997674 -0.062066 -0.960709 0.277556 0.000299 -0.036308 0.000000 0.000000 0.000000 1.000000</float_array><technique_common><accessor source="#jnt_left_handmiddle1-Matrix-animation-output-transform-array" count="30" stride="16"><param type="float4x4"/></accessor></technique_common></source><source id="jnt_left_handmiddle1-Interpolations"><Name_array id="jnt_left_handmiddle1-Interpolations-array" count="30">
 LINEAR LINEAR LINEAR LINEAR LINEAR LINEAR LINEAR LINEAR LINEAR LINEAR LINEAR
LINEAR LINEAR LINEAR LINEAR LINEAR LINEAR LINEAR LINEAR LINEAR LINEAR LINEAR LINEAR
LINEAR LINEAR LINEAR LINEAR LINEAR LINEAR LINEAR</Name_array><technique_common><accessor source="#jnt_left_handmiddle1-Interpolations-array" count="30"><param type="name"/></accessor></technique_common></source><sampler id="jnt_left_handmiddle1-Matrix-animation-transform"><input semantic="INPUT" source="#jnt_left_handmiddle1-Matrix-animation-input"/><input semantic="OUTPUT" source="#jnt_left_handmiddle1-Matrix-animation-output-transform"/><input semantic="INTERPOLATION" source="#jnt_left_handmiddle1-Interpolations"/></sampler><channel source="#jnt_left_handmiddle1-Matrix-animation-transform" target="jnt_left_handmiddle1/matrix"/></animation></animation>
    <animation id="jnt_left_handmiddle2-anim" name="jnt_left_handmiddle2"><animation><source id="jnt_left_handmiddle2-Matrix-animation-input"><float_array id="jnt_left_handmiddle2-Matrix-animation-input-array" count="30">

0.033333 0.066667 0.100000 0.133333 0.166667 0.200000 0.233333 0.266667 0.300000 0.333333 0.366667 0.400000 0.433333 0.466667 0.500000 0.533333
0.566667 0.600000 0.633333 0.666667 0.700000 0.733333 0.766667 0.800000 0.833333 0.866667 0.900000 0.933333 0.966667 1.000000</float_array><technique_common><accessor source="#jnt_left_handmiddle2-Matrix-animation-input-array" count="30"><param name="TIME" type="float"/></accessor></technique_common></source><source id="jnt_left_handmiddle2-Matrix-animation-output-transform"><float_array id="jnt_left_handmiddle2-Matrix-animation-output-transform-array" count="480">

0.618845 0.785513 -0.000000 -0.176688 -0.785513 0.618845 0.000000 0.000004 0.000000 0.000000 1.000000 -0.000000 0.000000 0.000000 0.000000 1.000000
0.618845 0.785513 -0.000000 -0.176688 -0.785513 0.618845 0.000000 0.000003 0.000000 0.000000 1.000000 0.000000 0.000000 0.000000 0.000000 1.000000
0.618845 0.785513 -0.000000 -0.176688 -0.785513 0.618845 0.000000 0.000004 0.000000 0.000000 1.000000 -0.000000 0.000000 0.000000 0.000000 1.000000
0.618845 0.785513 -0.000000 -0.176688 -0.785513 0.618845 0.000000 0.000003 0.000000 0.000000 1.000000 0.000000 0.000000 0.000000 0.000000 1.000000
0.618845 0.785513 -0.000000 -0.176688 -0.785513 0.618845 0.000000 0.000004 0.000000 0.000000 1.000000 -0.000000 0.000000 0.000000 0.000000 1.000000
0.618845 0.785513 -0.000000 -0.176688 -0.785513 0.618845 0.000000 0.000003 0.000000 0.000000 1.000000 0.000000 0.000000 0.000000 0.000000 1.000000
0.618845 0.785513 -0.000000 -0.176688 -0.785513 0.618845 0.000000 0.000004 0.000000 0.000000 1.000000 -0.000000 0.000000 0.000000 0.000000 1.000000
0.618845 0.785513 -0.000000 -0.176688 -0.785513 0.618845 0.000000 0.000003 0.000000 0.000000 1.000000 0.000000 0.000000 0.000000 0.000000 1.000000
0.618845 0.785513 -0.000000 -0.176688 -0.785513 0.618845 0.000000 0.000004 0.000000 0.000000 1.000000 -0.000000 0.000000 0.000000 0.000000 1.000000
0.618845 0.785513 -0.000000 -0.176688 -0.785513 0.618845 0.000000 0.000003 0.000000 0.000000 1.000000 0.000000 0.000000 0.000000 0.000000 1.000000
0.618845 0.785513 -0.000000 -0.176688 -0.785513 0.618845 0.000000 0.000004 0.000000 0.000000 1.000000 -0.000000 0.000000 0.000000 0.000000 1.000000
0.618845 0.785513 -0.000000 -0.176688 -0.785513 0.618845 0.000000 0.000004 0.000000 0.000000 1.000000 -0.000000 0.000000 0.000000 0.000000 1.000000
0.618845 0.785513 -0.000000 -0.176688 -0.785513 0.618845 0.000000 0.000003 0.000000 0.000000 1.000000 0.000000 0.000000 0.000000 0.000000 1.000000
0.618845 0.785513 -0.000000 -0.176688 -0.785513 0.618845 0.000000 0.000004 0.000000 0.000000 1.000000 -0.000000 0.000000 0.000000 0.000000 1.000000
0.618845 0.785513 -0.000000 -0.176688 -0.785513 0.618845 0.000000 0.000003 0.000000 0.000000 1.000000 0.000000 0.000000 0.000000 0.000000 1.000000
0.618845 0.785513 -0.000000 -0.176688 -0.785513 0.618845 0.000000 0.000004 0.000000 0.000000 1.000000 -0.000000 0.000000 0.000000 0.000000 1.000000
0.618845 0.785513 -0.000000 -0.176688 -0.785513 0.618845 0.000000 0.000003 0.000000 0.000000 1.000000 0.000000 0.000000 0.000000 0.000000 1.000000
0.618845 0.785513 -0.000000 -0.176688 -0.785513 0.618845 0.000000 0.000004 0.000000 0.000000 1.000000 -0.000000 0.000000 0.000000 0.000000 1.000000
0.618845 0.785513 -0.000000 -0.176688 -0.785513 0.618845 0.000000 0.000003 0.000000 0.000000 1.000000 0.000000 0.000000 0.000000 0.000000 1.000000
0.618845 0.785513 -0.000000 -0.176688 -0.785513 0.618845 0.000000 0.000004 0.000000 0.000000 1.000000 -0.000000 0.000000 0.000000 0.000000 1.000000
0.618845 0.785513 -0.000000 -0.176688 -0.785513 0.618845 0.000000 0.000003 0.000000 0.000000 1.000000 0.000000 0.000000 0.000000 0.000000 1.000000
0.618845 0.785513 -0.000000 -0.176688 -0.785513 0.618845 0.000000 0.000004 0.000000 0.000000 1.000000 -0.000000 0.000000 0.000000 0.000000 1.000000
0.618845 0.785513 -0.000000 -0.176688 -0.785513 0.618845 0.000000 0.000003 0.000000 0.000000 1.000000 0.000000 0.000000 0.000000 0.000000 1.000000
0.618845 0.785513 -0.000000 -0.176688 -0.785513 0.618845 0.000000 0.000004 0.000000 0.000000 1.000000 -0.000000 0.000000 0.000000 0.000000 1.000000
0.618845 0.785513 -0.000000 -0.176688 -0.785513 0.618845 0.000000 0.000003 0.000000 0.000000 1.000000 0.000000 0.000000 0.000000 0.000000 1.000000
0.618845 0.785513 -0.000000 -0.176688 -0.785513 0.618845 0.000000 0.000004 0.000000 0.000000 1.000000 -0.000000 0.000000 0.000000 0.000000 1.000000
0.618845 0.785513 -0.000000 -0.176688 -0.785513 0.618845 0.000000 0.000003 0.000000 0.000000 1.000000 0.000000 0.000000 0.000000 0.000000 1.000000
0.618845 0.785513 -0.000000 -0.176688 -0.785513 0.618845 0.000000 0.000004 0.000000 0.000000 1.000000 -0.000000 0.000000 0.000000 0.000000 1.000000
0.618845 0.785513 -0.000000 -0.176688 -0.785513 0.618845 0.000000 0.000003 0.000000 0.000000 1.000000 0.000000 0.000000 0.000000 0.000000 1.000000
0.618845 0.785513 -0.000000 -0.176688 -0.785513 0.618845 0.000000 0.000004 0.000000 0.000000 1.000000 -0.000000 0.000000 0.000000 0.000000 1.000000</float_array><technique_common><accessor source="#jnt_left_handmiddle2-Matrix-animation-output-transform-array" count="30" stride="16"><param type="float4x4"/></accessor></technique_common></source><source id="jnt_left_handmiddle2-Interpolations"><Name_array id="jnt_left_handmiddle2-Interpolations-array" count="30">
 LINEAR LINEAR LINEAR LINEAR LINEAR LINEAR LINEAR LINEAR LINEAR LINEAR LINEAR
LINEAR LINEAR LINEAR LINEAR LINEAR LINEAR LINEAR LINEAR LINEAR LINEAR LINEAR LINEAR
LINEAR LINEAR LINEAR LINEAR LINEAR LINEAR LINEAR</Name_array><technique_common><accessor source="#jnt_left_handmiddle2-Interpolations-array" count="30"><param type="name"/></accessor></technique_common></source><sampler id="jnt_left_handmiddle2-Matrix-animation-transform"><input semantic="INPUT" source="#jnt_left_handmiddle2-Matrix-animation-input"/><input semantic="OUTPUT" source="#jnt_left_handmiddle2-Matrix-animation-output-transform"/><input semantic="INTERPOLATION" source="#jnt_left_handmiddle2-Interpolations"/></sampler><channel source="#jnt_left_handmiddle2-Matrix-animation-transform" target="jnt_left_handmiddle2/matrix"/></animation></animation>
    <animation id="jnt_left_handmiddle3-anim" name="jnt_left_handmiddle3"><animation><source id="jnt_left_handmiddle3-Matrix-animation-input"><float_array id="jnt_left_handmiddle3-Matrix-animation-input-array" count="30">

0.033333 0.066667 0.100000 0.133333 0.166667 0.200000 0.233333 0.266667 0.300000 0.333333 0.366667 0.400000 0.433333 0.466667 0.500000 0.533333
0.566667 0.600000 0.633333 0.666667 0.700000 0.733333 0.766667 0.800000 0.833333 0.866667 0.900000 0.933333 0.966667 1.000000</float_array><technique_common><accessor source="#jnt_left_handmiddle3-Matrix-animation-input-array" count="30"><param name="TIME" type="float"/></accessor></technique_common></source><source id="jnt_left_handmiddle3-Matrix-animation-output-transform"><float_array id="jnt_left_handmiddle3-Matrix-animation-output-transform-array" count="480">

0.875758 0.482750 0.000000 -0.108367 -0.482750 0.875758 0.000000 0.000001 -0.000000 -0.000000 1.000000 0.000000 0.000000 0.000000 0.000000 1.000000
0.875758 0.482750 0.000000 -0.108367 -0.482750 0.875758 0.000000 0.000002 -0.000000 -0.000000 1.000000 -0.000000 0.000000 0.000000 0.000000 1.000000
0.875758 0.482750 0.000000 -0.108367 -0.482750 0.875758 0.000000 0.000002 -0.000000 -0.000000 1.000000 0.000000 0.000000 0.000000 0.000000 1.000000
0.875758 0.482750 0.000000 -0.108367 -0.482750 0.875758 0.000000 0.000002 -0.000000 -0.000000 1.000000 -0.000000 0.000000 0.000000 0.000000 1.000000
0.875758 0.482750 0.000000 -0.108367 -0.482750 0.875758 0.000000 0.000001 -0.000000 -0.000000 1.000000 0.000000 0.000000 0.000000 0.000000 1.000000
0.875758 0.482750 0.000000 -0.108367 -0.482750 0.875758 0.000000 0.000002 -0.000000 -0.000000 1.000000 -0.000000 0.000000 0.000000 0.000000 1.000000
0.875758 0.482750 0.000000 -0.108367 -0.482750 0.875758 0.000000 0.000002 -0.000000 -0.000000 1.000000 0.000000 0.000000 0.000000 0.000000 1.000000
0.875758 0.482750 0.000000 -0.108367 -0.482750 0.875758 0.000000 0.000002 -0.000000 -0.000000 1.000000 -0.000000 0.000000 0.000000 0.000000 1.000000
0.875758 0.482750 0.000000 -0.108367 -0.482750 0.875758 0.000000 0.000001 -0.000000 -0.000000 1.000000 0.000000 0.000000 0.000000 0.000000 1.000000
0.875758 0.482750 0.000000 -0.108367 -0.482750 0.875758 0.000000 0.000002 -0.000000 -0.000000 1.000000 -0.000000 0.000000 0.000000 0.000000 1.000000
0.875758 0.482750 0.000000 -0.108367 -0.482750 0.875758 0.000000 0.000002 -0.000000 -0.000000 1.000000 0.000000 0.000000 0.000000 0.000000 1.000000
0.875758 0.482750 0.000000 -0.108367 -0.482750 0.875758 0.000000 0.000001 -0.000000 -0.000000 1.000000 0.000000 0.000000 0.000000 0.000000 1.000000
0.875758 0.482750 0.000000 -0.108367 -0.482750 0.875758 0.000000 0.000002 -0.000000 -0.000000 1.000000 -0.000000 0.000000 0.000000 0.000000 1.000000
0.875758 0.482750 0.000000 -0.108367 -0.482750 0.875758 0.000000 0.000002 -0.000000 -0.000000 1.000000 0.000000 0.000000 0.000000 0.000000 1.000000
0.875758 0.482750 0.000000 -0.108367 -0.482750 0.875758 0.000000 0.000002 -0.000000 -0.000000 1.000000 -0.000000 0.000000 0.000000 0.000000 1.000000
0.875758 0.482750 0.000000 -0.108367 -0.482750 0.875758 0.000000 0.000001 -0.000000 -0.000000 1.000000 0.000000 0.000000 0.000000 0.000000 1.000000
0.875758 0.482750 0.000000 -0.108367 -0.482750 0.875758 0.000000 0.000002 -0.000000 -0.000000 1.000000 -0.000000 0.000000 0.000000 0.000000 1.000000
0.875758 0.482750 0.000000 -0.108367 -0.482750 0.875758 0.000000 0.000002 -0.000000 -0.000000 1.000000 0.000000 0.000000 0.000000 0.000000 1.000000
0.875758 0.482750 0.000000 -0.108367 -0.482750 0.875758 0.000000 0.000002 -0.000000 -0.000000 1.000000 -0.000000 0.000000 0.000000 0.000000 1.000000
0.875758 0.482750 0.000000 -0.108367 -0.482750 0.875758 0.000000 0.000001 -0.000000 -0.000000 1.000000 0.000000 0.000000 0.000000 0.000000 1.000000
0.875758 0.482750 0.000000 -0.108367 -0.482750 0.875758 0.000000 0.000002 -0.000000 -0.000000 1.000000 -0.000000 0.000000 0.000000 0.000000 1.000000
0.875758 0.482750 0.000000 -0.108367 -0.482750 0.875758 0.000000 0.000002 -0.000000 -0.000000 1.000000 0.000000 0.000000 0.000000 0.000000 1.000000
0.875758 0.482750 0.000000 -0.108367 -0.482750 0.875758 0.000000 0.000002 -0.000000 -0.000000 1.000000 -0.000000 0.000000 0.000000 0.000000 1.000000
0.875758 0.482750 0.000000 -0.108367 -0.482750 0.875758 0.000000 0.000001 -0.000000 -0.000000 1.000000 0.000000 0.000000 0.000000 0.000000 1.000000
0.875758 0.482750 0.000000 -0.108367 -0.482750 0.875758 0.000000 0.000002 -0.000000 -0.000000 1.000000 -0.000000 0.000000 0.000000 0.000000 1.000000
0.875758 0.482750 0.000000 -0.108367 -0.482750 0.875758 0.000000 0.000002 -0.000000 -0.000000 1.000000 0.000000 0.000000 0.000000 0.000000 1.000000
0.875758 0.482750 0.000000 -0.108367 -0.482750 0.875758 0.000000 0.000002 -0.000000 -0.000000 1.000000 -0.000000 0.000000 0.000000 0.000000 1.000000
0.875758 0.482750 0.000000 -0.108367 -0.482750 0.875758 0.000000 0.000001 -0.000000 -0.000000 1.000000 0.000000 0.000000 0.000000 0.000000 1.000000
0.875758 0.482750 0.000000 -0.108367 -0.482750 0.875758 0.000000 0.000002 -0.000000 -0.000000 1.000000 -0.000000 0.000000 0.000000 0.000000 1.000000
0.875758 0.482750 0.000000 -0.108367 -0.482750 0.875758 0.000000 0.000002 -0.000000 -0.000000 1.000000 0.000000 0.000000 0.000000 0.000000 1.000000</float_array><technique_common><accessor source="#jnt_left_handmiddle3-Matrix-animation-output-transform-array" count="30" stride="16"><param type="float4x4"/></accessor></technique_common></source><source id="jnt_left_handmiddle3-Interpolations"><Name_array id="jnt_left_handmiddle3-Interpolations-array" count="30">
 LINEAR LINEAR LINEAR LINEAR LINEAR LINEAR LINEAR LINEAR LINEAR LINEAR LINEAR
LINEAR LINEAR LINEAR LINEAR LINEAR LINEAR LINEAR LINEAR LINEAR LINEAR LINEAR LINEAR
LINEAR LINEAR LINEAR LINEAR LINEAR LINEAR LINEAR</Name_array><technique_common><accessor source="#jnt_left_handmiddle3-Interpolations-array" count="30"><param type="name"/></accessor></technique_common></source><sampler id="jnt_left_handmiddle3-Matrix-animation-transform"><input semantic="INPUT" source="#jnt_left_handmiddle3-Matrix-animation-input"/><input semantic="OUTPUT" source="#jnt_left_handmiddle3-Matrix-animation-output-transform"/><input semantic="INTERPOLATION" source="#jnt_left_handmiddle3-Interpolations"/></sampler><channel source="#jnt_left_handmiddle3-Matrix-animation-transform" target="jnt_left_handmiddle3/matrix"/></animation></animation>
    <animation id="jnt_left_handmiddle4-anim" name="jnt_left_handmiddle4"><animation><source id="jnt_left_handmiddle4-Matrix-animation-input"><float_array id="jnt_left_handmiddle4-Matrix-animation-input-array" count="30">

0.033333 0.066667 0.100000 0.133333 0.166667 0.200000 0.233333 0.266667 0.300000 0.333333 0.366667 0.400000 0.433333 0.466667 0.500000 0.533333
0.566667 0.600000 0.633333 0.666667 0.700000 0.733333 0.766667 0.800000 0.833333 0.866667 0.900000 0.933333 0.966667 1.000000</float_array><technique_common><accessor source="#jnt_left_handmiddle4-Matrix-animation-input-array" count="30"><param name="TIME" type="float"/></accessor></technique_common></source><source id="jnt_left_handmiddle4-Matrix-animation-output-transform"><float_array id="jnt_left_handmiddle4-Matrix-animation-output-transform-array" count="480">

1.000000 0.000000 -0.000000 -0.119193 -0.000000 1.000000 0.000000 -0.000107 0.000000 -0.000000 1.000000 0.000005 0.000000 0.000000 0.000000 1.000000
1.000000 0.000000 0.000000 -0.119193 -0.000000 1.000000 -0.000000 -0.000107 -0.000000 0.000000 1.000000 0.000005 0.000000 0.000000 0.000000 1.000000
1.000000 -0.000000 0.000000 -0.119193 0.000000 1.000000 -0.000000 -0.000107 -0.000000 0.000000 1.000000 0.000005 0.000000 0.000000 0.000000 1.000000
1.000000 0.000000 0.000000 -0.119193 -0.000000 1.000000 -0.000000 -0.000107 -0.000000 0.000000 1.000000 0.000005 0.000000 0.000000 0.000000 1.000000
1.000000 0.000000 -0.000000 -0.119193 -0.000000 1.000000 0.000000 -0.000107 0.000000 -0.000000 1.000000 0.000005 0.000000 0.000000 0.000000 1.000000
1.000000 0.000000 0.000000 -0.119193 -0.000000 1.000000 -0.000000 -0.000107 -0.000000 0.000000 1.000000 0.000005 0.000000 0.000000 0.000000 1.000000
1.000000 -0.000000 0.000000 -0.119193 0.000000 1.000000 -0.000000 -0.000107 -0.000000 0.000000 1.000000 0.000005 0.000000 0.000000 0.000000 1.000000
1.000000 0.000000 0.000000 -0.119193 -0.000000 1.000000 -0.000000 -0.000107 -0.000000 0.000000 1.000000 0.000005 0.000000 0.000000 0.000000 1.000000
1.000000 0.000000 -0.000000 -0.119193 -0.000000 1.000000 0.000000 -0.000107 0.000000 -0.000000 1.000000 0.000005 0.000000 0.000000 0.000000 1.000000
1.000000 0.000000 0.000000 -0.119193 -0.000000 1.000000 -0.000000 -0.000107 -0.000000 0.000000 1.000000 0.000005 0.000000 0.000000 0.000000 1.000000
1.000000 -0.000000 0.000000 -0.119193 0.000000 1.000000 -0.000000 -0.000107 -0.000000 0.000000 1.000000 0.000005 0.000000 0.000000 0.000000 1.000000
1.000000 0.000000 -0.000000 -0.119193 -0.000000 1.000000 0.000000 -0.000107 0.000000 -0.000000 1.000000 0.000005 0.000000 0.000000 0.000000 1.000000
1.000000 0.000000 0.000000 -0.119193 -0.000000 1.000000 -0.000000 -0.000107 -0.000000 0.000000 1.000000 0.000005 0.000000 0.000000 0.000000 1.000000
1.000000 -0.000000 0.000000 -0.119193 0.000000 1.000000 -0.000000 -0.000107 -0.000000 0.000000 1.000000 0.000005 0.000000 0.000000 0.000000 1.000000
1.000000 0.000000 0.000000 -0.119193 -0.000000 1.000000 -0.000000 -0.000107 -0.000000 0.000000 1.000000 0.000005 0.000000 0.000000 0.000000 1.000000
1.000000 0.000000 -0.000000 -0.119193 -0.000000 1.000000 0.000000 -0.000107 0.000000 -0.000000 1.000000 0.000005 0.000000 0.000000 0.000000 1.000000
1.000000 0.000000 0.000000 -0.119193 -0.000000 1.000000 -0.000000 -0.000107 -0.000000 0.000000 1.000000 0.000005 0.000000 0.000000 0.000000 1.000000
1.000000 -0.000000 0.000000 -0.119193 0.000000 1.000000 -0.000000 -0.000107 -0.000000 0.000000 1.000000 0.000005 0.000000 0.000000 0.000000 1.000000
1.000000 0.000000 0.000000 -0.119193 -0.000000 1.000000 -0.000000 -0.000107 -0.000000 0.000000 1.000000 0.000005 0.000000 0.000000 0.000000 1.000000
1.000000 0.000000 -0.000000 -0.119193 -0.000000 1.000000 0.000000 -0.000107 0.000000 -0.000000 1.000000 0.000005 0.000000 0.000000 0.000000 1.000000
1.000000 0.000000 0.000000 -0.119193 -0.000000 1.000000 -0.000000 -0.000107 -0.000000 0.000000 1.000000 0.000005 0.000000 0.000000 0.000000 1.000000
1.000000 -0.000000 0.000000 -0.119193 0.000000 1.000000 -0.000000 -0.000107 -0.000000 0.000000 1.000000 0.000005 0.000000 0.000000 0.000000 1.000000
1.000000 0.000000 0.000000 -0.119193 -0.000000 1.000000 -0.000000 -0.000107 -0.000000 0.000000 1.000000 0.000005 0.000000 0.000000 0.000000 1.000000
1.000000 0.000000 -0.000000 -0.119193 -0.000000 1.000000 0.000000 -0.000107 0.000000 -0.000000 1.000000 0.000005 0.000000 0.000000 0.000000 1.000000
1.000000 0.000000 0.000000 -0.119193 -0.000000 1.000000 -0.000000 -0.000107 -0.000000 0.000000 1.000000 0.000005 0.000000 0.000000 0.000000 1.000000
1.000000 -0.000000 0.000000 -0.119193 0.000000 1.000000 -0.000000 -0.000107 -0.000000 0.000000 1.000000 0.000005 0.000000 0.000000 0.000000 1.000000
1.000000 0.000000 0.000000 -0.119193 -0.000000 1.000000 -0.000000 -0.000107 -0.000000 0.000000 1.000000 0.000005 0.000000 0.000000 0.000000 1.000000
1.000000 0.000000 -0.000000 -0.119193 -0.000000 1.000000 0.000000 -0.000107 0.000000 -0.000000 1.000000 0.000005 0.000000 0.000000 0.000000 1.000000
1.000000 0.000000 0.000000 -0.119193 -0.000000 1.000000 -0.000000 -0.000107 -0.000000 0.000000 1.000000 0.000005 0.000000 0.000000 0.000000 1.000000
1.000000 -0.000000 0.000000 -0.119193 0.000000 1.000000 -0.000000 -0.000107 -0.000000 0.000000 1.000000 0.000005 0.000000 0.000000 0.000000 1.000000</float_array><technique_common><accessor source="#jnt_left_handmiddle4-Matrix-animation-output-transform-array" count="30" stride="16"><param type="float4x4"/></accessor></technique_common></source><source id="jnt_left_handmiddle4-Interpolations"><Name_array id="jnt_left_handmiddle4-Interpolations-array" count="30">
 LINEAR LINEAR LINEAR LINEAR LINEAR LINEAR LINEAR LINEAR LINEAR LINEAR LINEAR
LINEAR LINEAR LINEAR LINEAR LINEAR LINEAR LINEAR LINEAR LINEAR LINEAR LINEAR LINEAR
LINEAR LINEAR LINEAR LINEAR LINEAR LINEAR LINEAR</Name_array><technique_common><accessor source="#jnt_left_handmiddle4-Interpolations-array" count="30"><param type="name"/></accessor></technique_common></source><sampler id="jnt_left_handmiddle4-Matrix-animation-transform"><input semantic="INPUT" source="#jnt_left_handmiddle4-Matrix-animation-input"/><input semantic="OUTPUT" source="#jnt_left_handmiddle4-Matrix-animation-output-transform"/><input semantic="INTERPOLATION" source="#jnt_left_handmiddle4-Interpolations"/></sampler><channel source="#jnt_left_handmiddle4-Matrix-animation-transform" target="jnt_left_handmiddle4/matrix"/></animation></animation>
    <animation id="jnt_left_handring1-anim" name="jnt_left_handring1"><animation><source id="jnt_left_handring1-Matrix-animation-input"><float_array id="jnt_left_handring1-Matrix-animation-input-array" count="30">

0.033333 0.066667 0.100000 0.133333 0.166667 0.200000 0.233333 0.266667 0.300000 0.333333 0.366667 0.400000 0.433333 0.466667 0.500000 0.533333
0.566667 0.600000 0.633333 0.666667 0.700000 0.733333 0.766667 0.800000 0.833333 0.866667 0.900000 0.933333 0.966667 1.000000</float_array><technique_common><accessor source="#jnt_left_handring1-Matrix-animation-input-array" count="30"><param name="TIME" type="float"/></accessor></technique_common></source><source id="jnt_left_handring1-Matrix-animation-output-transform"><float_array id="jnt_left_handring1-Matrix-animation-output-transform-array" count="480">

0.299274 0.927645 -0.223406 -0.469962 -0.003317 -0.233124 -0.972441 0.076797 -0.954161 0.291768 -0.066691 -0.036647 0.000000 0.000000 0.000000 1.000000
0.299274 0.927645 -0.223405 -0.469963 -0.003317 -0.233124 -0.972442 0.076797 -0.954162 0.291768 -0.066691 -0.036646 0.000000 0.000000 0.000000 1.000000
0.299274 0.927645 -0.223406 -0.469962 -0.003317 -0.233124 -0.972442 0.076797 -0.954162 0.291767 -0.066691 -0.036646 0.000000 0.000000 0.000000 1.000000
0.299274 0.927645 -0.223405 -0.469963 -0.003317 -0.233124 -0.972442 0.076797 -0.954162 0.291768 -0.066691 -0.036646 0.000000 0.000000 0.000000 1.000000
0.299274 0.927645 -0.223406 -0.469962 -0.003317 -0.233124 -0.972441 0.076797 -0.954161 0.291768 -0.066691 -0.036647 0.000000 0.000000 0.000000 1.000000
0.299274 0.927645 -0.223405 -0.469963 -0.003317 -0.233124 -0.972442 0.076797 -0.954162 0.291768 -0.066691 -0.036646 0.000000 0.000000 0.000000 1.000000
0.299274 0.927645 -0.223406 -0.469962 -0.003317 -0.233124 -0.972442 0.076797 -0.954162 0.291767 -0.066691 -0.036646 0.000000 0.000000 0.000000 1.000000
0.299274 0.927645 -0.223405 -0.469963 -0.003317 -0.233124 -0.972442 0.076797 -0.954162 0.291768 -0.066691 -0.036646 0.000000 0.000000 0.000000 1.000000
0.299274 0.927645 -0.223406 -0.469962 -0.003317 -0.233124 -0.972441 0.076797 -0.954161 0.291768 -0.066691 -0.036647 0.000000 0.000000 0.000000 1.000000
0.299274 0.927645 -0.223405 -0.469963 -0.003317 -0.233124 -0.972442 0.076797 -0.954162 0.291768 -0.066691 -0.036646 0.000000 0.000000 0.000000 1.000000
0.299274 0.927645 -0.223406 -0.469962 -0.003317 -0.233124 -0.972442 0.076797 -0.954162 0.291767 -0.066691 -0.036646 0.000000 0.000000 0.000000 1.000000
0.299274 0.927645 -0.223406 -0.469962 -0.003317 -0.233124 -0.972441 0.076797 -0.954161 0.291768 -0.066691 -0.036647 0.000000 0.000000 0.000000 1.000000
0.299274 0.927645 -0.223405 -0.469963 -0.003317 -0.233124 -0.972442 0.076797 -0.954162 0.291768 -0.066691 -0.036646 0.000000 0.000000 0.000000 1.000000
0.299274 0.927645 -0.223406 -0.469962 -0.003317 -0.233124 -0.972442 0.076797 -0.954162 0.291767 -0.066691 -0.036646 0.000000 0.000000 0.000000 1.000000
0.299274 0.927645 -0.223405 -0.469963 -0.003317 -0.233124 -0.972442 0.076797 -0.954162 0.291768 -0.066691 -0.036646 0.000000 0.000000 0.000000 1.000000
0.299274 0.927645 -0.223406 -0.469962 -0.003317 -0.233124 -0.972441 0.076797 -0.954161 0.291768 -0.066691 -0.036647 0.000000 0.000000 0.000000 1.000000
0.299274 0.927645 -0.223405 -0.469963 -0.003317 -0.233124 -0.972442 0.076797 -0.954162 0.291768 -0.066691 -0.036646 0.000000 0.000000 0.000000 1.000000
0.299274 0.927645 -0.223406 -0.469962 -0.003317 -0.233124 -0.972442 0.076797 -0.954162 0.291767 -0.066691 -0.036646 0.000000 0.000000 0.000000 1.000000
0.299274 0.927645 -0.223405 -0.469963 -0.003317 -0.233124 -0.972442 0.076797 -0.954162 0.291768 -0.066691 -0.036646 0.000000 0.000000 0.000000 1.000000
0.299274 0.927645 -0.223406 -0.469962 -0.003317 -0.233124 -0.972441 0.076797 -0.954161 0.291768 -0.066691 -0.036647 0.000000 0.000000 0.000000 1.000000
0.299274 0.927645 -0.223405 -0.469963 -0.003317 -0.233124 -0.972442 0.076797 -0.954162 0.291768 -0.066691 -0.036646 0.000000 0.000000 0.000000 1.000000
0.299274 0.927645 -0.223406 -0.469962 -0.003317 -0.233124 -0.972442 0.076797 -0.954162 0.291767 -0.066691 -0.036646 0.000000 0.000000 0.000000 1.000000
0.299274 0.927645 -0.223405 -0.469963 -0.003317 -0.233124 -0.972442 0.076797 -0.954162 0.291768 -0.066691 -0.036646 0.000000 0.000000 0.000000 1.000000
0.299274 0.927645 -0.223406 -0.469962 -0.003317 -0.233124 -0.972441 0.076797 -0.954161 0.291768 -0.066691 -0.036647 0.000000 0.000000 0.000000 1.000000
0.299274 0.927645 -0.223405 -0.469963 -0.003317 -0.233124 -0.972442 0.076797 -0.954162 0.291768 -0.066691 -0.036646 0.000000 0.000000 0.000000 1.000000
0.299274 0.927645 -0.223406 -0.469962 -0.003317 -0.233124 -0.972442 0.076797 -0.954162 0.291767 -0.066691 -0.036646 0.000000 0.000000 0.000000 1.000000
0.299274 0.927645 -0.223405 -0.469963 -0.003317 -0.233124 -0.972442 0.076797 -0.954162 0.291768 -0.066691 -0.036646 0.000000 0.000000 0.000000 1.000000
0.299274 0.927645 -0.223406 -0.469962 -0.003317 -0.233124 -0.972441 0.076797 -0.954161 0.291768 -0.066691 -0.036647 0.000000 0.000000 0.000000 1.000000
0.299274 0.927645 -0.223405 -0.469963 -0.003317 -0.233124 -0.972442 0.076797 -0.954162 0.291768 -0.066691 -0.036646 0.000000 0.000000 0.000000 1.000000
0.299274 0.927645 -0.223406 -0.469962 -0.003317 -0.233124 -0.972442 0.076797 -0.954162 0.291767 -0.066691 -0.036646 0.000000 0.000000 0.000000 1.000000</float_array><technique_common><accessor source="#jnt_left_handring1-Matrix-animation-output-transform-array" count="30" stride="16"><param type="float4x4"/></accessor></technique_common></source><source id="jnt_left_handring1-Interpolations"><Name_array id="jnt_left_handring1-Interpolations-array" count="30">
 LINEAR LINEAR LINEAR LINEAR LINEAR LINEAR LINEAR LINEAR LINEAR LINEAR LINEAR
LINEAR LINEAR LINEAR LINEAR LINEAR LINEAR LINEAR LINEAR LINEAR LINEAR LINEAR LINEAR
LINEAR LINEAR LINEAR LINEAR LINEAR LINEAR LINEAR</Name_array><technique_common><accessor source="#jnt_left_handring1-Interpolations-array" count="30"><param type="name"/></accessor></technique_common></source><sampler id="jnt_left_handring1-Matrix-animation-transform"><input semantic="INPUT" source="#jnt_left_handring1-Matrix-animation-input"/><input semantic="OUTPUT" source="#jnt_left_handring1-Matrix-animation-output-transform"/><input semantic="INTERPOLATION" source="#jnt_left_handring1-Interpolations"/></sampler><channel source="#jnt_left_handring1-Matrix-animation-transform" target="jnt_left_handring1/matrix"/></animation></animation>
    <animation id="jnt_left_handring2-anim" name="jnt_left_handring2"><animation><source id="jnt_left_handring2-Matrix-animation-input"><float_array id="jnt_left_handring2-Matrix-animation-input-array" count="30">

0.033333 0.066667 0.100000 0.133333 0.166667 0.200000 0.233333 0.266667 0.300000 0.333333 0.366667 0.400000 0.433333 0.466667 0.500000 0.533333
0.566667 0.600000 0.633333 0.666667 0.700000 0.733333 0.766667 0.800000 0.833333 0.866667 0.900000 0.933333 0.966667 1.000000</float_array><technique_common><accessor source="#jnt_left_handring2-Matrix-animation-input-array" count="30"><param name="TIME" type="float"/></accessor></technique_common></source><source id="jnt_left_handring2-Matrix-animation-output-transform"><float_array id="jnt_left_handring2-Matrix-animation-output-transform-array" count="480">

0.697854 0.716240 0.000000 -0.184233 -0.716241 0.697853 -0.000001 -0.000002 -0.000001 0.000001 1.000000 -0.000001 0.000000 0.000000 0.000000 1.000000
0.697854 0.716240 0.000000 -0.184232 -0.716241 0.697853 -0.000001 -0.000001 -0.000001 0.000001 1.000000 -0.000001 0.000000 0.000000 0.000000 1.000000
0.697853 0.716241 0.000000 -0.184233 -0.716240 0.697854 -0.000001 -0.000001 -0.000001 0.000001 1.000000 -0.000001 0.000000 0.000000 0.000000 1.000000
0.697854 0.716240 0.000000 -0.184232 -0.716241 0.697853 -0.000001 -0.000001 -0.000001 0.000001 1.000000 -0.000001 0.000000 0.000000 0.000000 1.000000
0.697854 0.716240 0.000000 -0.184233 -0.716241 0.697853 -0.000001 -0.000002 -0.000001 0.000001 1.000000 -0.000001 0.000000 0.000000 0.000000 1.000000
0.697854 0.716240 0.000000 -0.184232 -0.716241 0.697853 -0.000001 -0.000001 -0.000001 0.000001 1.000000 -0.000001 0.000000 0.000000 0.000000 1.000000
0.697853 0.716241 0.000000 -0.184233 -0.716240 0.697854 -0.000001 -0.000001 -0.000001 0.000001 1.000000 -0.000001 0.000000 0.000000 0.000000 1.000000
0.697854 0.716240 0.000000 -0.184232 -0.716241 0.697853 -0.000001 -0.000001 -0.000001 0.000001 1.000000 -0.000001 0.000000 0.000000 0.000000 1.000000
0.697854 0.716240 0.000000 -0.184233 -0.716241 0.697853 -0.000001 -0.000002 -0.000001 0.000001 1.000000 -0.000001 0.000000 0.000000 0.000000 1.000000
0.697854 0.716240 0.000000 -0.184232 -0.716241 0.697853 -0.000001 -0.000001 -0.000001 0.000001 1.000000 -0.000001 0.000000 0.000000 0.000000 1.000000
0.697853 0.716241 0.000000 -0.184233 -0.716240 0.697854 -0.000001 -0.000001 -0.000001 0.000001 1.000000 -0.000001 0.000000 0.000000 0.000000 1.000000
0.697854 0.716240 0.000000 -0.184233 -0.716241 0.697853 -0.000001 -0.000002 -0.000001 0.000001 1.000000 -0.000001 0.000000 0.000000 0.000000 1.000000
0.697854 0.716240 0.000000 -0.184232 -0.716241 0.697853 -0.000001 -0.000001 -0.000001 0.000001 1.000000 -0.000001 0.000000 0.000000 0.000000 1.000000
0.697853 0.716241 0.000000 -0.184233 -0.716240 0.697854 -0.000001 -0.000001 -0.000001 0.000001 1.000000 -0.000001 0.000000 0.000000 0.000000 1.000000
0.697854 0.716240 0.000000 -0.184232 -0.716241 0.697853 -0.000001 -0.000001 -0.000001 0.000001 1.000000 -0.000001 0.000000 0.000000 0.000000 1.000000
0.697854 0.716240 0.000000 -0.184233 -0.716241 0.697853 -0.000001 -0.000002 -0.000001 0.000001 1.000000 -0.000001 0.000000 0.000000 0.000000 1.000000
0.697854 0.716240 0.000000 -0.184232 -0.716241 0.697853 -0.000001 -0.000001 -0.000001 0.000001 1.000000 -0.000001 0.000000 0.000000 0.000000 1.000000
0.697853 0.716241 0.000000 -0.184233 -0.716240 0.697854 -0.000001 -0.000001 -0.000001 0.000001 1.000000 -0.000001 0.000000 0.000000 0.000000 1.000000
0.697854 0.716240 0.000000 -0.184232 -0.716241 0.697853 -0.000001 -0.000001 -0.000001 0.000001 1.000000 -0.000001 0.000000 0.000000 0.000000 1.000000
0.697854 0.716240 0.000000 -0.184233 -0.716241 0.697853 -0.000001 -0.000002 -0.000001 0.000001 1.000000 -0.000001 0.000000 0.000000 0.000000 1.000000
0.697854 0.716240 0.000000 -0.184232 -0.716241 0.697853 -0.000001 -0.000001 -0.000001 0.000001 1.000000 -0.000001 0.000000 0.000000 0.000000 1.000000
0.697853 0.716241 0.000000 -0.184233 -0.716240 0.697854 -0.000001 -0.000001 -0.000001 0.000001 1.000000 -0.000001 0.000000 0.000000 0.000000 1.000000
0.697854 0.716240 0.000000 -0.184232 -0.716241 0.697853 -0.000001 -0.000001 -0.000001 0.000001 1.000000 -0.000001 0.000000 0.000000 0.000000 1.000000
0.697854 0.716240 0.000000 -0.184233 -0.716241 0.697853 -0.000001 -0.000002 -0.000001 0.000001 1.000000 -0.000001 0.000000 0.000000 0.000000 1.000000
0.697854 0.716240 0.000000 -0.184232 -0.716241 0.697853 -0.000001 -0.000001 -0.000001 0.000001 1.000000 -0.000001 0.000000 0.000000 0.000000 1.000000
0.697853 0.716241 0.000000 -0.184233 -0.716240 0.697854 -0.000001 -0.000001 -0.000001 0.000001 1.000000 -0.000001 0.000000 0.000000 0.000000 1.000000
0.697854 0.716240 0.000000 -0.184232 -0.716241 0.697853 -0.000001 -0.000001 -0.000001 0.000001 1.000000 -0.000001 0.000000 0.000000 0.000000 1.000000
0.697854 0.716240 0.000000 -0.184233 -0.716241 0.697853 -0.000001 -0.000002 -0.000001 0.000001 1.000000 -0.000001 0.000000 0.000000 0.000000 1.000000
0.697854 0.716240 0.000000 -0.184232 -0.716241 0.697853 -0.000001 -0.000001 -0.000001 0.000001 1.000000 -0.000001 0.000000 0.000000 0.000000 1.000000
0.697853 0.716241 0.000000 -0.184233 -0.716240 0.697854 -0.000001 -0.000001 -0.000001 0.000001 1.000000 -0.000001 0.000000 0.000000 0.000000 1.000000</float_array><technique_common><accessor source="#jnt_left_handring2-Matrix-animation-output-transform-array" count="30" stride="16"><param type="float4x4"/></accessor></technique_common></source><source id="jnt_left_handring2-Interpolations"><Name_array id="jnt_left_handring2-Interpolations-array" count="30">
 LINEAR LINEAR LINEAR LINEAR LINEAR LINEAR LINEAR LINEAR LINEAR LINEAR LINEAR
LINEAR LINEAR LINEAR LINEAR LINEAR LINEAR LINEAR LINEAR LINEAR LINEAR LINEAR LINEAR
LINEAR LINEAR LINEAR LINEAR LINEAR LINEAR LINEAR</Name_array><technique_common><accessor source="#jnt_left_handring2-Interpolations-array" count="30"><param type="name"/></accessor></technique_common></source><sampler id="jnt_left_handring2-Matrix-animation-transform"><input semantic="INPUT" source="#jnt_left_handring2-Matrix-animation-input"/><input semantic="OUTPUT" source="#jnt_left_handring2-Matrix-animation-output-transform"/><input semantic="INTERPOLATION" source="#jnt_left_handring2-Interpolations"/></sampler><channel source="#jnt_left_handring2-Matrix-animation-transform" target="jnt_left_handring2/matrix"/></animation></animation>
    <animation id="jnt_left_handring3-anim" name="jnt_left_handring3"><animation><source id="jnt_left_handring3-Matrix-animation-input"><float_array id="jnt_left_handring3-Matrix-animation-input-array" count="30">

0.033333 0.066667 0.100000 0.133333 0.166667 0.200000 0.233333 0.266667 0.300000 0.333333 0.366667 0.400000 0.433333 0.466667 0.500000 0.533333
0.566667 0.600000 0.633333 0.666667 0.700000 0.733333 0.766667 0.800000 0.833333 0.866667 0.900000 0.933333 0.966667 1.000000</float_array><technique_common><accessor source="#jnt_left_handring3-Matrix-animation-input-array" count="30"><param name="TIME" type="float"/></accessor></technique_common></source><source id="jnt_left_handring3-Matrix-animation-output-transform"><float_array id="jnt_left_handring3-Matrix-animation-output-transform-array" count="480">

0.825905 0.563809 0.000000 -0.103958 -0.563809 0.825905 0.000001 0.000003 0.000001 -0.000001 1.000000 -0.000000 0.000000 0.000000 0.000000 1.000000
0.825905 0.563809 0.000000 -0.103958 -0.563809 0.825905 0.000001 0.000003 0.000001 -0.000001 1.000000 -0.000000 0.000000 0.000000 0.000000 1.000000
0.825905 0.563809 0.000000 -0.103958 -0.563809 0.825905 0.000001 0.000003 0.000001 -0.000001 1.000000 -0.000000 0.000000 0.000000 0.000000 1.000000
0.825905 0.563809 0.000000 -0.103958 -0.563809 0.825905 0.000001 0.000003 0.000001 -0.000001 1.000000 -0.000000 0.000000 0.000000 0.000000 1.000000
0.825905 0.563809 0.000000 -0.103958 -0.563809 0.825905 0.000001 0.000003 0.000001 -0.000001 1.000000 -0.000000 0.000000 0.000000 0.000000 1.000000
0.825905 0.563809 0.000000 -0.103958 -0.563809 0.825905 0.000001 0.000003 0.000001 -0.000001 1.000000 -0.000000 0.000000 0.000000 0.000000 1.000000
0.825905 0.563809 0.000000 -0.103958 -0.563809 0.825905 0.000001 0.000003 0.000001 -0.000001 1.000000 -0.000000 0.000000 0.000000 0.000000 1.000000
0.825905 0.563809 0.000000 -0.103958 -0.563809 0.825905 0.000001 0.000003 0.000001 -0.000001 1.000000 -0.000000 0.000000 0.000000 0.000000 1.000000
0.825905 0.563809 0.000000 -0.103958 -0.563809 0.825905 0.000001 0.000003 0.000001 -0.000001 1.000000 -0.000000 0.000000 0.000000 0.000000 1.000000
0.825905 0.563809 0.000000 -0.103958 -0.563809 0.825905 0.000001 0.000003 0.000001 -0.000001 1.000000 -0.000000 0.000000 0.000000 0.000000 1.000000
0.825905 0.563809 0.000000 -0.103958 -0.563809 0.825905 0.000001 0.000003 0.000001 -0.000001 1.000000 -0.000000 0.000000 0.000000 0.000000 1.000000
0.825905 0.563809 0.000000 -0.103958 -0.563809 0.825905 0.000001 0.000003 0.000001 -0.000001 1.000000 -0.000000 0.000000 0.000000 0.000000 1.000000
0.825905 0.563809 0.000000 -0.103958 -0.563809 0.825905 0.000001 0.000003 0.000001 -0.000001 1.000000 -0.000000 0.000000 0.000000 0.000000 1.000000
0.825905 0.563809 0.000000 -0.103958 -0.563809 0.825905 0.000001 0.000003 0.000001 -0.000001 1.000000 -0.000000 0.000000 0.000000 0.000000 1.000000
0.825905 0.563809 0.000000 -0.103958 -0.563809 0.825905 0.000001 0.000003 0.000001 -0.000001 1.000000 -0.000000 0.000000 0.000000 0.000000 1.000000
0.825905 0.563809 0.000000 -0.103958 -0.563809 0.825905 0.000001 0.000003 0.000001 -0.000001 1.000000 -0.000000 0.000000 0.000000 0.000000 1.000000
0.825905 0.563809 0.000000 -0.103958 -0.563809 0.825905 0.000001 0.000003 0.000001 -0.000001 1.000000 -0.000000 0.000000 0.000000 0.000000 1.000000
0.825905 0.563809 0.000000 -0.103958 -0.563809 0.825905 0.000001 0.000003 0.000001 -0.000001 1.000000 -0.000000 0.000000 0.000000 0.000000 1.000000
0.825905 0.563809 0.000000 -0.103958 -0.563809 0.825905 0.000001 0.000003 0.000001 -0.000001 1.000000 -0.000000 0.000000 0.000000 0.000000 1.000000
0.825905 0.563809 0.000000 -0.103958 -0.563809 0.825905 0.000001 0.000003 0.000001 -0.000001 1.000000 -0.000000 0.000000 0.000000 0.000000 1.000000
0.825905 0.563809 0.000000 -0.103958 -0.563809 0.825905 0.000001 0.000003 0.000001 -0.000001 1.000000 -0.000000 0.000000 0.000000 0.000000 1.000000
0.825905 0.563809 0.000000 -0.103958 -0.563809 0.825905 0.000001 0.000003 0.000001 -0.000001 1.000000 -0.000000 0.000000 0.000000 0.000000 1.000000
0.825905 0.563809 0.000000 -0.103958 -0.563809 0.825905 0.000001 0.000003 0.000001 -0.000001 1.000000 -0.000000 0.000000 0.000000 0.000000 1.000000
0.825905 0.563809 0.000000 -0.103958 -0.563809 0.825905 0.000001 0.000003 0.000001 -0.000001 1.000000 -0.000000 0.000000 0.000000 0.000000 1.000000
0.825905 0.563809 0.000000 -0.103958 -0.563809 0.825905 0.000001 0.000003 0.000001 -0.000001 1.000000 -0.000000 0.000000 0.000000 0.000000 1.000000
0.825905 0.563809 0.000000 -0.103958 -0.563809 0.825905 0.000001 0.000003 0.000001 -0.000001 1.000000 -0.000000 0.000000 0.000000 0.000000 1.000000
0.825905 0.563809 0.000000 -0.103958 -0.563809 0.825905 0.000001 0.000003 0.000001 -0.000001 1.000000 -0.000000 0.000000 0.000000 0.000000 1.000000
0.825905 0.563809 0.000000 -0.103958 -0.563809 0.825905 0.000001 0.000003 0.000001 -0.000001 1.000000 -0.000000 0.000000 0.000000 0.000000 1.000000
0.825905 0.563809 0.000000 -0.103958 -0.563809 0.825905 0.000001 0.000003 0.000001 -0.000001 1.000000 -0.000000 0.000000 0.000000 0.000000 1.000000
0.825905 0.563809 0.000000 -0.103958 -0.563809 0.825905 0.000001 0.000003 0.000001 -0.000001 1.000000 -0.000000 0.000000 0.000000 0.000000 1.000000</float_array><technique_common><accessor source="#jnt_left_handring3-Matrix-animation-output-transform-array" count="30" stride="16"><param type="float4x4"/></accessor></technique_common></source><source id="jnt_left_handring3-Interpolations"><Name_array id="jnt_left_handring3-Interpolations-array" count="30">
 LINEAR LINEAR LINEAR LINEAR LINEAR LINEAR LINEAR LINEAR LINEAR LINEAR LINEAR
LINEAR LINEAR LINEAR LINEAR LINEAR LINEAR LINEAR LINEAR LINEAR LINEAR LINEAR LINEAR
LINEAR LINEAR LINEAR LINEAR LINEAR LINEAR LINEAR</Name_array><technique_common><accessor source="#jnt_left_handring3-Interpolations-array" count="30"><param type="name"/></accessor></technique_common></source><sampler id="jnt_left_handring3-Matrix-animation-transform"><input semantic="INPUT" source="#jnt_left_handring3-Matrix-animation-input"/><input semantic="OUTPUT" source="#jnt_left_handring3-Matrix-animation-output-transform"/><input semantic="INTERPOLATION" source="#jnt_left_handring3-Interpolations"/></sampler><channel source="#jnt_left_handring3-Matrix-animation-transform" target="jnt_left_handring3/matrix"/></animation></animation>
    <animation id="jnt_left_handring4-anim" name="jnt_left_handring4"><animation><source id="jnt_left_handring4-Matrix-animation-input"><float_array id="jnt_left_handring4-Matrix-animation-input-array" count="30">

0.033333 0.066667 0.100000 0.133333 0.166667 0.200000 0.233333 0.266667 0.300000 0.333333 0.366667 0.400000 0.433333 0.466667 0.500000 0.533333
0.566667 0.600000 0.633333 0.666667 0.700000 0.733333 0.766667 0.800000 0.833333 0.866667 0.900000 0.933333 0.966667 1.000000</float_array><technique_common><accessor source="#jnt_left_handring4-Matrix-animation-input-array" count="30"><param name="TIME" type="float"/></accessor></technique_common></source><source id="jnt_left_handring4-Matrix-animation-output-transform"><float_array id="jnt_left_handring4-Matrix-animation-output-transform-array" count="480">

1.000000 0.000000 -0.000000 -0.120246 -0.000000 1.000000 0.000000 -0.000105 0.000000 -0.000000 1.000000 0.000017 0.000000 0.000000 0.000000 1.000000
1.000000 0.000000 -0.000000 -0.120246 -0.000000 1.000000 0.000000 -0.000105 0.000000 -0.000000 1.000000 0.000017 0.000000 0.000000 0.000000 1.000000
1.000000 0.000000 -0.000000 -0.120246 -0.000000 1.000000 0.000000 -0.000105 0.000000 0.000000 1.000000 0.000017 0.000000 0.000000 0.000000 1.000000
1.000000 0.000000 -0.000000 -0.120246 -0.000000 1.000000 0.000000 -0.000105 0.000000 -0.000000 1.000000 0.000017 0.000000 0.000000 0.000000 1.000000
1.000000 0.000000 -0.000000 -0.120246 -0.000000 1.000000 0.000000 -0.000105 0.000000 -0.000000 1.000000 0.000017 0.000000 0.000000 0.000000 1.000000
1.000000 0.000000 -0.000000 -0.120246 -0.000000 1.000000 0.000000 -0.000105 0.000000 -0.000000 1.000000 0.000017 0.000000 0.000000 0.000000 1.000000
1.000000 0.000000 -0.000000 -0.120246 -0.000000 1.000000 0.000000 -0.000105 0.000000 0.000000 1.000000 0.000017 0.000000 0.000000 0.000000 1.000000
1.000000 0.000000 -0.000000 -0.120246 -0.000000 1.000000 0.000000 -0.000105 0.000000 -0.000000 1.000000 0.000017 0.000000 0.000000 0.000000 1.000000
1.000000 0.000000 -0.000000 -0.120246 -0.000000 1.000000 0.000000 -0.000105 0.000000 -0.000000 1.000000 0.000017 0.000000 0.000000 0.000000 1.000000
1.000000 0.000000 -0.000000 -0.120246 -0.000000 1.000000 0.000000 -0.000105 0.000000 -0.000000 1.000000 0.000017 0.000000 0.000000 0.000000 1.000000
1.000000 0.000000 -0.000000 -0.120246 -0.000000 1.000000 0.000000 -0.000105 0.000000 0.000000 1.000000 0.000017 0.000000 0.000000 0.000000 1.000000
1.000000 0.000000 -0.000000 -0.120246 -0.000000 1.000000 0.000000 -0.000105 0.000000 -0.000000 1.000000 0.000017 0.000000 0.000000 0.000000 1.000000
1.000000 0.000000 -0.000000 -0.120246 -0.000000 1.000000 0.000000 -0.000105 0.000000 -0.000000 1.000000 0.000017 0.000000 0.000000 0.000000 1.000000
1.000000 0.000000 -0.000000 -0.120246 -0.000000 1.000000 0.000000 -0.000105 0.000000 0.000000 1.000000 0.000017 0.000000 0.000000 0.000000 1.000000
1.000000 0.000000 -0.000000 -0.120246 -0.000000 1.000000 0.000000 -0.000105 0.000000 -0.000000 1.000000 0.000017 0.000000 0.000000 0.000000 1.000000
1.000000 0.000000 -0.000000 -0.120246 -0.000000 1.000000 0.000000 -0.000105 0.000000 -0.000000 1.000000 0.000017 0.000000 0.000000 0.000000 1.000000
1.000000 0.000000 -0.000000 -0.120246 -0.000000 1.000000 0.000000 -0.000105 0.000000 -0.000000 1.000000 0.000017 0.000000 0.000000 0.000000 1.000000
1.000000 0.000000 -0.000000 -0.120246 -0.000000 1.000000 0.000000 -0.000105 0.000000 0.000000 1.000000 0.000017 0.000000 0.000000 0.000000 1.000000
1.000000 0.000000 -0.000000 -0.120246 -0.000000 1.000000 0.000000 -0.000105 0.000000 -0.000000 1.000000 0.000017 0.000000 0.000000 0.000000 1.000000
1.000000 0.000000 -0.000000 -0.120246 -0.000000 1.000000 0.000000 -0.000105 0.000000 -0.000000 1.000000 0.000017 0.000000 0.000000 0.000000 1.000000
1.000000 0.000000 -0.000000 -0.120246 -0.000000 1.000000 0.000000 -0.000105 0.000000 -0.000000 1.000000 0.000017 0.000000 0.000000 0.000000 1.000000
1.000000 0.000000 -0.000000 -0.120246 -0.000000 1.000000 0.000000 -0.000105 0.000000 0.000000 1.000000 0.000017 0.000000 0.000000 0.000000 1.000000
1.000000 0.000000 -0.000000 -0.120246 -0.000000 1.000000 0.000000 -0.000105 0.000000 -0.000000 1.000000 0.000017 0.000000 0.000000 0.000000 1.000000
1.000000 0.000000 -0.000000 -0.120246 -0.000000 1.000000 0.000000 -0.000105 0.000000 -0.000000 1.000000 0.000017 0.000000 0.000000 0.000000 1.000000
1.000000 0.000000 -0.000000 -0.120246 -0.000000 1.000000 0.000000 -0.000105 0.000000 -0.000000 1.000000 0.000017 0.000000 0.000000 0.000000 1.000000
1.000000 0.000000 -0.000000 -0.120246 -0.000000 1.000000 0.000000 -0.000105 0.000000 0.000000 1.000000 0.000017 0.000000 0.000000 0.000000 1.000000
1.000000 0.000000 -0.000000 -0.120246 -0.000000 1.000000 0.000000 -0.000105 0.000000 -0.000000 1.000000 0.000017 0.000000 0.000000 0.000000 1.000000
1.000000 0.000000 -0.000000 -0.120246 -0.000000 1.000000 0.000000 -0.000105 0.000000 -0.000000 1.000000 0.000017 0.000000 0.000000 0.000000 1.000000
1.000000 0.000000 -0.000000 -0.120246 -0.000000 1.000000 0.000000 -0.000105 0.000000 -0.000000 1.000000 0.000017 0.000000 0.000000 0.000000 1.000000
1.000000 0.000000 -0.000000 -0.120246 -0.000000 1.000000 0.000000 -0.000105 0.000000 0.000000 1.000000 0.000017 0.000000 0.000000 0.000000 1.000000</float_array><technique_common><accessor source="#jnt_left_handring4-Matrix-animation-output-transform-array" count="30" stride="16"><param type="float4x4"/></accessor></technique_common></source><source id="jnt_left_handring4-Interpolations"><Name_array id="jnt_left_handring4-Interpolations-array" count="30">
 LINEAR LINEAR LINEAR LINEAR LINEAR LINEAR LINEAR LINEAR LINEAR LINEAR LINEAR
LINEAR LINEAR LINEAR LINEAR LINEAR LINEAR LINEAR LINEAR LINEAR LINEAR LINEAR LINEAR
LINEAR LINEAR LINEAR LINEAR LINEAR LINEAR LINEAR</Name_array><technique_common><accessor source="#jnt_left_handring4-Interpolations-array" count="30"><param type="name"/></accessor></technique_common></source><sampler id="jnt_left_handring4-Matrix-animation-transform"><input semantic="INPUT" source="#jnt_left_handring4-Matrix-animation-input"/><input semantic="OUTPUT" source="#jnt_left_handring4-Matrix-animation-output-transform"/><input semantic="INTERPOLATION" source="#jnt_left_handring4-Interpolations"/></sampler><channel source="#jnt_left_handring4-Matrix-animation-transform" target="jnt_left_handring4/matrix"/></animation></animation>
    <animation id="jnt_left_handpinky1-anim" name="jnt_left_handpinky1"><animation><source id="jnt_left_handpinky1-Matrix-animation-input"><float_array id="jnt_left_handpinky1-Matrix-animation-input-array" count="30">

0.033333 0.066667 0.100000 0.133333 0.166667 0.200000 0.233333 0.266667 0.300000 0.333333 0.366667 0.400000 0.433333 0.466667 0.500000 0.533333
0.566667 0.600000 0.633333 0.666667 0.700000 0.733333 0.766667 0.800000 0.833333 0.866667 0.900000 0.933333 0.966667 1.000000</float_array><technique_common><accessor source="#jnt_left_handpinky1-Matrix-animation-input-array" count="30"><param name="TIME" type="float"/></accessor></technique_common></source><source id="jnt_left_handpinky1-Matrix-animation-output-transform"><float_array id="jnt_left_handpinky1-Matrix-animation-output-transform-array" count="480">

-0.060145 0.984088 -0.167192 -0.407612 0.006260 -0.167120 -0.985916 0.208155 -0.998170 -0.060345 0.003891 0.012223 0.000000 0.000000 0.000000 1.000000
-0.060145 0.984088 -0.167194 -0.407613 0.006260 -0.167122 -0.985916 0.208155 -0.998170 -0.060344 0.003891 0.012223 0.000000 0.000000 0.000000 1.000000
-0.060145 0.984088 -0.167192 -0.407612 0.006260 -0.167120 -0.985917 0.208155 -0.998170 -0.060345 0.003891 0.012223 0.000000 0.000000 0.000000 1.000000
-0.060145 0.984088 -0.167194 -0.407613 0.006260 -0.167122 -0.985916 0.208155 -0.998170 -0.060344 0.003891 0.012223 0.000000 0.000000 0.000000 1.000000
-0.060145 0.984088 -0.167192 -0.407612 0.006260 -0.167120 -0.985916 0.208155 -0.998170 -0.060345 0.003891 0.012223 0.000000 0.000000 0.000000 1.000000
-0.060145 0.984088 -0.167194 -0.407613 0.006260 -0.167122 -0.985916 0.208155 -0.998170 -0.060344 0.003891 0.012223 0.000000 0.000000 0.000000 1.000000
-0.060145 0.984088 -0.167192 -0.407612 0.006260 -0.167120 -0.985917 0.208155 -0.998170 -0.060345 0.003891 0.012223 0.000000 0.000000 0.000000 1.000000
-0.060145 0.984088 -0.167194 -0.407613 0.006260 -0.167122 -0.985916 0.208155 -0.998170 -0.060344 0.003891 0.012223 0.000000 0.000000 0.000000 1.000000
-0.060145 0.984088 -0.167192 -0.407612 0.006260 -0.167120 -0.985916 0.208155 -0.998170 -0.060345 0.003891 0.012223 0.000000 0.000000 0.000000 1.000000
-0.060145 0.984088 -0.167194 -0.407613 0.006260 -0.167122 -0.985916 0.208155 -0.998170 -0.060344 0.003891 0.012223 0.000000 0.000000 0.000000 1.000000
-0.060145 0.984088 -0.167192 -0.407612 0.006260 -0.167120 -0.985917 0.208155 -0.998170 -0.060345 0.003891 0.012223 0.000000 0.000000 0.000000 1.000000
-0.060145 0.984088 -0.167192 -0.407612 0.006260 -0.167120 -0.985916 0.208155 -0.998170 -0.060345 0.003891 0.012223 0.000000 0.000000 0.000000 1.000000
-0.060145 0.984088 -0.167194 -0.407613 0.006260 -0.167122 -0.985916 0.208155 -0.998170 -0.060344 0.003891 0.012223 0.000000 0.000000 0.000000 1.000000
-0.060145 0.984088 -0.167192 -0.407612 0.006260 -0.167120 -0.985917 0.208155 -0.998170 -0.060345 0.003891 0.012223 0.000000 0.000000 0.000000 1.000000
-0.060145 0.984088 -0.167194 -0.407613 0.006260 -0.167122 -0.985916 0.208155 -0.998170 -0.060344 0.003891 0.012223 0.000000 0.000000 0.000000 1.000000
-0.060145 0.984088 -0.167192 -0.407612 0.006260 -0.167120 -0.985916 0.208155 -0.998170 -0.060345 0.003891 0.012223 0.000000 0.000000 0.000000 1.000000
-0.060145 0.984088 -0.167194 -0.407613 0.006260 -0.167122 -0.985916 0.208155 -0.998170 -0.060344 0.003891 0.012223 0.000000 0.000000 0.000000 1.000000
-0.060145 0.984088 -0.167192 -0.407612 0.006260 -0.167120 -0.985917 0.208155 -0.998170 -0.060345 0.003891 0.012223 0.000000 0.000000 0.000000 1.000000
-0.060145 0.984088 -0.167194 -0.407613 0.006260 -0.167122 -0.985916 0.208155 -0.998170 -0.060344 0.003891 0.012223 0.000000 0.000000 0.000000 1.000000
-0.060145 0.984088 -0.167192 -0.407612 0.006260 -0.167120 -0.985916 0.208155 -0.998170 -0.060345 0.003891 0.012223 0.000000 0.000000 0.000000 1.000000
-0.060145 0.984088 -0.167194 -0.407613 0.006260 -0.167122 -0.985916 0.208155 -0.998170 -0.060344 0.003891 0.012223 0.000000 0.000000 0.000000 1.000000
-0.060145 0.984088 -0.167192 -0.407612 0.006260 -0.167120 -0.985917 0.208155 -0.998170 -0.060345 0.003891 0.012223 0.000000 0.000000 0.000000 1.000000
-0.060145 0.984088 -0.167194 -0.407613 0.006260 -0.167122 -0.985916 0.208155 -0.998170 -0.060344 0.003891 0.012223 0.000000 0.000000 0.000000 1.000000
-0.060145 0.984088 -0.167192 -0.407612 0.006260 -0.167120 -0.985916 0.208155 -0.998170 -0.060345 0.003891 0.012223 0.000000 0.000000 0.000000 1.000000
-0.060145 0.984088 -0.167194 -0.407613 0.006260 -0.167122 -0.985916 0.208155 -0.998170 -0.060344 0.003891 0.012223 0.000000 0.000000 0.000000 1.000000
-0.060145 0.984088 -0.167192 -0.407612 0.006260 -0.167120 -0.985917 0.208155 -0.998170 -0.060345 0.003891 0.012223 0.000000 0.000000 0.000000 1.000000
-0.060145 0.984088 -0.167194 -0.407613 0.006260 -0.167122 -0.985916 0.208155 -0.998170 -0.060344 0.003891 0.012223 0.000000 0.000000 0.000000 1.000000
-0.060145 0.984088 -0.167192 -0.407612 0.006260 -0.167120 -0.985916 0.208155 -0.998170 -0.060345 0.003891 0.012223 0.000000 0.000000 0.000000 1.000000
-0.060145 0.984088 -0.167194 -0.407613 0.006260 -0.167122 -0.985916 0.208155 -0.998170 -0.060344 0.003891 0.012223 0.000000 0.000000 0.000000 1.000000
-0.060145 0.984088 -0.167192 -0.407612 0.006260 -0.167120 -0.985917 0.208155 -0.998170 -0.060345 0.003891 0.012223 0.000000 0.000000 0.000000 1.000000</float_array><technique_common><accessor source="#jnt_left_handpinky1-Matrix-animation-output-transform-array" count="30" stride="16"><param type="float4x4"/></accessor></technique_common></source><source id="jnt_left_handpinky1-Interpolations"><Name_array id="jnt_left_handpinky1-Interpolations-array" count="30">
 LINEAR LINEAR LINEAR LINEAR LINEAR LINEAR LINEAR LINEAR LINEAR LINEAR LINEAR
LINEAR LINEAR LINEAR LINEAR LINEAR LINEAR LINEAR LINEAR LINEAR LINEAR LINEAR LINEAR
LINEAR LINEAR LINEAR LINEAR LINEAR LINEAR LINEAR</Name_array><technique_common><accessor source="#jnt_left_handpinky1-Interpolations-array" count="30"><param type="name"/></accessor></technique_common></source><sampler id="jnt_left_handpinky1-Matrix-animation-transform"><input semantic="INPUT" source="#jnt_left_handpinky1-Matrix-animation-input"/><input semantic="OUTPUT" source="#jnt_left_handpinky1-Matrix-animation-output-transform"/><input semantic="INTERPOLATION" source="#jnt_left_handpinky1-Interpolations"/></sampler><channel source="#jnt_left_handpinky1-Matrix-animation-transform" target="jnt_left_handpinky1/matrix"/></animation></animation>
    <animation id="jnt_left_handpinky2-anim" name="jnt_left_handpinky2"><animation><source id="jnt_left_handpinky2-Matrix-animation-input"><float_array id="jnt_left_handpinky2-Matrix-animation-input-array" count="30">

0.033333 0.066667 0.100000 0.133333 0.166667 0.200000 0.233333 0.266667 0.300000 0.333333 0.366667 0.400000 0.433333 0.466667 0.500000 0.533333
0.566667 0.600000 0.633333 0.666667 0.700000 0.733333 0.766667 0.800000 0.833333 0.866667 0.900000 0.933333 0.966667 1.000000</float_array><technique_common><accessor source="#jnt_left_handpinky2-Matrix-animation-input-array" count="30"><param name="TIME" type="float"/></accessor></technique_common></source><source id="jnt_left_handpinky2-Matrix-animation-output-transform"><float_array id="jnt_left_handpinky2-Matrix-animation-output-transform-array" count="480">

0.832048 0.554703 0.000001 -0.148503 -0.554703 0.832048 -0.000000 0.000001 -0.000001 -0.000000 1.000000 -0.000001 0.000000 0.000000 0.000000 1.000000
0.832048 0.554703 0.000001 -0.148503 -0.554703 0.832048 -0.000000 0.000001 -0.000001 -0.000000 1.000000 -0.000001 0.000000 0.000000 0.000000 1.000000
0.832048 0.554703 0.000001 -0.148502 -0.554703 0.832048 -0.000000 0.000001 -0.000001 -0.000000 1.000000 -0.000001 0.000000 0.000000 0.000000 1.000000
0.832048 0.554703 0.000001 -0.148503 -0.554703 0.832048 -0.000000 0.000001 -0.000001 -0.000000 1.000000 -0.000001 0.000000 0.000000 0.000000 1.000000
0.832048 0.554703 0.000001 -0.148503 -0.554703 0.832048 -0.000000 0.000001 -0.000001 -0.000000 1.000000 -0.000001 0.000000 0.000000 0.000000 1.000000
0.832048 0.554703 0.000001 -0.148503 -0.554703 0.832048 -0.000000 0.000001 -0.000001 -0.000000 1.000000 -0.000001 0.000000 0.000000 0.000000 1.000000
0.832048 0.554703 0.000001 -0.148502 -0.554703 0.832048 -0.000000 0.000001 -0.000001 -0.000000 1.000000 -0.000001 0.000000 0.000000 0.000000 1.000000
0.832048 0.554703 0.000001 -0.148503 -0.554703 0.832048 -0.000000 0.000001 -0.000001 -0.000000 1.000000 -0.000001 0.000000 0.000000 0.000000 1.000000
0.832048 0.554703 0.000001 -0.148503 -0.554703 0.832048 -0.000000 0.000001 -0.000001 -0.000000 1.000000 -0.000001 0.000000 0.000000 0.000000 1.000000
0.832048 0.554703 0.000001 -0.148503 -0.554703 0.832048 -0.000000 0.000001 -0.000001 -0.000000 1.000000 -0.000001 0.000000 0.000000 0.000000 1.000000
0.832048 0.554703 0.000001 -0.148502 -0.554703 0.832048 -0.000000 0.000001 -0.000001 -0.000000 1.000000 -0.000001 0.000000 0.000000 0.000000 1.000000
0.832048 0.554703 0.000001 -0.148503 -0.554703 0.832048 -0.000000 0.000001 -0.000001 -0.000000 1.000000 -0.000001 0.000000 0.000000 0.000000 1.000000
0.832048 0.554703 0.000001 -0.148503 -0.554703 0.832048 -0.000000 0.000001 -0.000001 -0.000000 1.000000 -0.000001 0.000000 0.000000 0.000000 1.000000
0.832048 0.554703 0.000001 -0.148502 -0.554703 0.832048 -0.000000 0.000001 -0.000001 -0.000000 1.000000 -0.000001 0.000000 0.000000 0.000000 1.000000
0.832048 0.554703 0.000001 -0.148503 -0.554703 0.832048 -0.000000 0.000001 -0.000001 -0.000000 1.000000 -0.000001 0.000000 0.000000 0.000000 1.000000
0.832048 0.554703 0.000001 -0.148503 -0.554703 0.832048 -0.000000 0.000001 -0.000001 -0.000000 1.000000 -0.000001 0.000000 0.000000 0.000000 1.000000
0.832048 0.554703 0.000001 -0.148503 -0.554703 0.832048 -0.000000 0.000001 -0.000001 -0.000000 1.000000 -0.000001 0.000000 0.000000 0.000000 1.000000
0.832048 0.554703 0.000001 -0.148502 -0.554703 0.832048 -0.000000 0.000001 -0.000001 -0.000000 1.000000 -0.000001 0.000000 0.000000 0.000000 1.000000
0.832048 0.554703 0.000001 -0.148503 -0.554703 0.832048 -0.000000 0.000001 -0.000001 -0.000000 1.000000 -0.000001 0.000000 0.000000 0.000000 1.000000
0.832048 0.554703 0.000001 -0.148503 -0.554703 0.832048 -0.000000 0.000001 -0.000001 -0.000000 1.000000 -0.000001 0.000000 0.000000 0.000000 1.000000
0.832048 0.554703 0.000001 -0.148503 -0.554703 0.832048 -0.000000 0.000001 -0.000001 -0.000000 1.000000 -0.000001 0.000000 0.000000 0.000000 1.000000
0.832048 0.554703 0.000001 -0.148502 -0.554703 0.832048 -0.000000 0.000001 -0.000001 -0.000000 1.000000 -0.000001 0.000000 0.000000 0.000000 1.000000
0.832048 0.554703 0.000001 -0.148503 -0.554703 0.832048 -0.000000 0.000001 -0.000001 -0.000000 1.000000 -0.000001 0.000000 0.000000 0.000000 1.000000
0.832048 0.554703 0.000001 -0.148503 -0.554703 0.832048 -0.000000 0.000001 -0.000001 -0.000000 1.000000 -0.000001 0.000000 0.000000 0.000000 1.000000
0.832048 0.554703 0.000001 -0.148503 -0.554703 0.832048 -0.000000 0.000001 -0.000001 -0.000000 1.000000 -0.000001 0.000000 0.000000 0.000000 1.000000
0.832048 0.554703 0.000001 -0.148502 -0.554703 0.832048 -0.000000 0.000001 -0.000001 -0.000000 1.000000 -0.000001 0.000000 0.000000 0.000000 1.000000
0.832048 0.554703 0.000001 -0.148503 -0.554703 0.832048 -0.000000 0.000001 -0.000001 -0.000000 1.000000 -0.000001 0.000000 0.000000 0.000000 1.000000
0.832048 0.554703 0.000001 -0.148503 -0.554703 0.832048 -0.000000 0.000001 -0.000001 -0.000000 1.000000 -0.000001 0.000000 0.000000 0.000000 1.000000
0.832048 0.554703 0.000001 -0.148503 -0.554703 0.832048 -0.000000 0.000001 -0.000001 -0.000000 1.000000 -0.000001 0.000000 0.000000 0.000000 1.000000
0.832048 0.554703 0.000001 -0.148502 -0.554703 0.832048 -0.000000 0.000001 -0.000001 -0.000000 1.000000 -0.000001 0.000000 0.000000 0.000000 1.000000</float_array><technique_common><accessor source="#jnt_left_handpinky2-Matrix-animation-output-transform-array" count="30" stride="16"><param type="float4x4"/></accessor></technique_common></source><source id="jnt_left_handpinky2-Interpolations"><Name_array id="jnt_left_handpinky2-Interpolations-array" count="30">
 LINEAR LINEAR LINEAR LINEAR LINEAR LINEAR LINEAR LINEAR LINEAR LINEAR LINEAR
LINEAR LINEAR LINEAR LINEAR LINEAR LINEAR LINEAR LINEAR LINEAR LINEAR LINEAR LINEAR
LINEAR LINEAR LINEAR LINEAR LINEAR LINEAR LINEAR</Name_array><technique_common><accessor source="#jnt_left_handpinky2-Interpolations-array" count="30"><param type="name"/></accessor></technique_common></source><sampler id="jnt_left_handpinky2-Matrix-animation-transform"><input semantic="INPUT" source="#jnt_left_handpinky2-Matrix-animation-input"/><input semantic="OUTPUT" source="#jnt_left_handpinky2-Matrix-animation-output-transform"/><input semantic="INTERPOLATION" source="#jnt_left_handpinky2-Interpolations"/></sampler><channel source="#jnt_left_handpinky2-Matrix-animation-transform" target="jnt_left_handpinky2/matrix"/></animation></animation>
    <animation id="jnt_left_handpinky3-anim" name="jnt_left_handpinky3"><animation><source id="jnt_left_handpinky3-Matrix-animation-input"><float_array id="jnt_left_handpinky3-Matrix-animation-input-array" count="30">

0.033333 0.066667 0.100000 0.133333 0.166667 0.200000 0.233333 0.266667 0.300000 0.333333 0.366667 0.400000 0.433333 0.466667 0.500000 0.533333
0.566667 0.600000 0.633333 0.666667 0.700000 0.733333 0.766667 0.800000 0.833333 0.866667 0.900000 0.933333 0.966667 1.000000</float_array><technique_common><accessor source="#jnt_left_handpinky3-Matrix-animation-input-array" count="30"><param name="TIME" type="float"/></accessor></technique_common></source><source id="jnt_left_handpinky3-Matrix-animation-output-transform"><float_array id="jnt_left_handpinky3-Matrix-animation-output-transform-array" count="480">

0.956393 0.292082 -0.000000 -0.075474 -0.292082 0.956393 -0.000001 0.000002 0.000000 0.000001 1.000000 -0.000000 0.000000 0.000000 0.000000 1.000000
0.956393 0.292082 -0.000000 -0.075475 -0.292082 0.956393 -0.000001 0.000002 0.000000 0.000001 1.000000 -0.000000 0.000000 0.000000 0.000000 1.000000
0.956393 0.292082 -0.000000 -0.075474 -0.292082 0.956393 -0.000001 0.000002 0.000000 0.000001 1.000000 0.000000 0.000000 0.000000 0.000000 1.000000
0.956393 0.292082 -0.000000 -0.075475 -0.292082 0.956393 -0.000001 0.000002 0.000000 0.000001 1.000000 -0.000000 0.000000 0.000000 0.000000 1.000000
0.956393 0.292082 -0.000000 -0.075474 -0.292082 0.956393 -0.000001 0.000002 0.000000 0.000001 1.000000 -0.000000 0.000000 0.000000 0.000000 1.000000
0.956393 0.292082 -0.000000 -0.075475 -0.292082 0.956393 -0.000001 0.000002 0.000000 0.000001 1.000000 -0.000000 0.000000 0.000000 0.000000 1.000000
0.956393 0.292082 -0.000000 -0.075474 -0.292082 0.956393 -0.000001 0.000002 0.000000 0.000001 1.000000 0.000000 0.000000 0.000000 0.000000 1.000000
0.956393 0.292082 -0.000000 -0.075475 -0.292082 0.956393 -0.000001 0.000002 0.000000 0.000001 1.000000 -0.000000 0.000000 0.000000 0.000000 1.000000
0.956393 0.292082 -0.000000 -0.075474 -0.292082 0.956393 -0.000001 0.000002 0.000000 0.000001 1.000000 -0.000000 0.000000 0.000000 0.000000 1.000000
0.956393 0.292082 -0.000000 -0.075475 -0.292082 0.956393 -0.000001 0.000002 0.000000 0.000001 1.000000 -0.000000 0.000000 0.000000 0.000000 1.000000
0.956393 0.292082 -0.000000 -0.075474 -0.292082 0.956393 -0.000001 0.000002 0.000000 0.000001 1.000000 0.000000 0.000000 0.000000 0.000000 1.000000
0.956393 0.292082 -0.000000 -0.075474 -0.292082 0.956393 -0.000001 0.000002 0.000000 0.000001 1.000000 -0.000000 0.000000 0.000000 0.000000 1.000000
0.956393 0.292082 -0.000000 -0.075475 -0.292082 0.956393 -0.000001 0.000002 0.000000 0.000001 1.000000 -0.000000 0.000000 0.000000 0.000000 1.000000
0.956393 0.292082 -0.000000 -0.075474 -0.292082 0.956393 -0.000001 0.000002 0.000000 0.000001 1.000000 0.000000 0.000000 0.000000 0.000000 1.000000
0.956393 0.292082 -0.000000 -0.075475 -0.292082 0.956393 -0.000001 0.000002 0.000000 0.000001 1.000000 -0.000000 0.000000 0.000000 0.000000 1.000000
0.956393 0.292082 -0.000000 -0.075474 -0.292082 0.956393 -0.000001 0.000002 0.000000 0.000001 1.000000 -0.000000 0.000000 0.000000 0.000000 1.000000
0.956393 0.292082 -0.000000 -0.075475 -0.292082 0.956393 -0.000001 0.000002 0.000000 0.000001 1.000000 -0.000000 0.000000 0.000000 0.000000 1.000000
0.956393 0.292082 -0.000000 -0.075474 -0.292082 0.956393 -0.000001 0.000002 0.000000 0.000001 1.000000 0.000000 0.000000 0.000000 0.000000 1.000000
0.956393 0.292082 -0.000000 -0.075475 -0.292082 0.956393 -0.000001 0.000002 0.000000 0.000001 1.000000 -0.000000 0.000000 0.000000 0.000000 1.000000
0.956393 0.292082 -0.000000 -0.075474 -0.292082 0.956393 -0.000001 0.000002 0.000000 0.000001 1.000000 -0.000000 0.000000 0.000000 0.000000 1.000000
0.956393 0.292082 -0.000000 -0.075475 -0.292082 0.956393 -0.000001 0.000002 0.000000 0.000001 1.000000 -0.000000 0.000000 0.000000 0.000000 1.000000
0.956393 0.292082 -0.000000 -0.075474 -0.292082 0.956393 -0.000001 0.000002 0.000000 0.000001 1.000000 0.000000 0.000000 0.000000 0.000000 1.000000
0.956393 0.292082 -0.000000 -0.075475 -0.292082 0.956393 -0.000001 0.000002 0.000000 0.000001 1.000000 -0.000000 0.000000 0.000000 0.000000 1.000000
0.956393 0.292082 -0.000000 -0.075474 -0.292082 0.956393 -0.000001 0.000002 0.000000 0.000001 1.000000 -0.000000 0.000000 0.000000 0.000000 1.000000
0.956393 0.292082 -0.000000 -0.075475 -0.292082 0.956393 -0.000001 0.000002 0.000000 0.000001 1.000000 -0.000000 0.000000 0.000000 0.000000 1.000000
0.956393 0.292082 -0.000000 -0.075474 -0.292082 0.956393 -0.000001 0.000002 0.000000 0.000001 1.000000 0.000000 0.000000 0.000000 0.000000 1.000000
0.956393 0.292082 -0.000000 -0.075475 -0.292082 0.956393 -0.000001 0.000002 0.000000 0.000001 1.000000 -0.000000 0.000000 0.000000 0.000000 1.000000
0.956393 0.292082 -0.000000 -0.075474 -0.292082 0.956393 -0.000001 0.000002 0.000000 0.000001 1.000000 -0.000000 0.000000 0.000000 0.000000 1.000000
0.956393 0.292082 -0.000000 -0.075475 -0.292082 0.956393 -0.000001 0.000002 0.000000 0.000001 1.000000 -0.000000 0.000000 0.000000 0.000000 1.000000
0.956393 0.292082 -0.000000 -0.075474 -0.292082 0.956393 -0.000001 0.000002 0.000000 0.000001 1.000000 0.000000 0.000000 0.000000 0.000000 1.000000</float_array><technique_common><accessor source="#jnt_left_handpinky3-Matrix-animation-output-transform-array" count="30" stride="16"><param type="float4x4"/></accessor></technique_common></source><source id="jnt_left_handpinky3-Interpolations"><Name_array id="jnt_left_handpinky3-Interpolations-array" count="30">
 LINEAR LINEAR LINEAR LINEAR LINEAR LINEAR LINEAR LINEAR LINEAR LINEAR LINEAR
LINEAR LINEAR LINEAR LINEAR LINEAR LINEAR LINEAR LINEAR LINEAR LINEAR LINEAR LINEAR
LINEAR LINEAR LINEAR LINEAR LINEAR LINEAR LINEAR</Name_array><technique_common><accessor source="#jnt_left_handpinky3-Interpolations-array" count="30"><param type="name"/></accessor></technique_common></source><sampler id="jnt_left_handpinky3-Matrix-animation-transform"><input semantic="INPUT" source="#jnt_left_handpinky3-Matrix-animation-input"/><input semantic="OUTPUT" source="#jnt_left_handpinky3-Matrix-animation-output-transform"/><input semantic="INTERPOLATION" source="#jnt_left_handpinky3-Interpolations"/></sampler><channel source="#jnt_left_handpinky3-Matrix-animation-transform" target="jnt_left_handpinky3/matrix"/></animation></animation>
    <animation id="jnt_left_handpinky4-anim" name="jnt_left_handpinky4"><animation><source id="jnt_left_handpinky4-Matrix-animation-input"><float_array id="jnt_left_handpinky4-Matrix-animation-input-array" count="30">

0.033333 0.066667 0.100000 0.133333 0.166667 0.200000 0.233333 0.266667 0.300000 0.333333 0.366667 0.400000 0.433333 0.466667 0.500000 0.533333
0.566667 0.600000 0.633333 0.666667 0.700000 0.733333 0.766667 0.800000 0.833333 0.866667 0.900000 0.933333 0.966667 1.000000</float_array><technique_common><accessor source="#jnt_left_handpinky4-Matrix-animation-input-array" count="30"><param name="TIME" type="float"/></accessor></technique_common></source><source id="jnt_left_handpinky4-Matrix-animation-output-transform"><float_array id="jnt_left_handpinky4-Matrix-animation-output-transform-array" count="480">

1.000000 0.000000 -0.000000 -0.101158 -0.000000 1.000000 0.000000 -0.000003 0.000000 -0.000000 1.000000 0.000000 0.000000 0.000000 0.000000 1.000000
1.000000 0.000000 0.000000 -0.101158 -0.000000 1.000000 -0.000000 -0.000003 -0.000000 0.000000 1.000000 0.000000 0.000000 0.000000 0.000000 1.000000
1.000000 0.000000 -0.000000 -0.101158 -0.000000 1.000000 -0.000000 -0.000003 0.000000 0.000000 1.000000 -0.000000 0.000000 0.000000 0.000000 1.000000
1.000000 0.000000 0.000000 -0.101158 -0.000000 1.000000 -0.000000 -0.000003 -0.000000 0.000000 1.000000 0.000000 0.000000 0.000000 0.000000 1.000000
1.000000 0.000000 -0.000000 -0.101158 -0.000000 1.000000 0.000000 -0.000003 0.000000 -0.000000 1.000000 0.000000 0.000000 0.000000 0.000000 1.000000
1.000000 0.000000 0.000000 -0.101158 -0.000000 1.000000 -0.000000 -0.000003 -0.000000 0.000000 1.000000 0.000000 0.000000 0.000000 0.000000 1.000000
1.000000 0.000000 -0.000000 -0.101158 -0.000000 1.000000 -0.000000 -0.000003 0.000000 0.000000 1.000000 -0.000000 0.000000 0.000000 0.000000 1.000000
1.000000 0.000000 0.000000 -0.101158 -0.000000 1.000000 -0.000000 -0.000003 -0.000000 0.000000 1.000000 0.000000 0.000000 0.000000 0.000000 1.000000
1.000000 0.000000 -0.000000 -0.101158 -0.000000 1.000000 0.000000 -0.000003 0.000000 -0.000000 1.000000 0.000000 0.000000 0.000000 0.000000 1.000000
1.000000 0.000000 0.000000 -0.101158 -0.000000 1.000000 -0.000000 -0.000003 -0.000000 0.000000 1.000000 0.000000 0.000000 0.000000 0.000000 1.000000
1.000000 0.000000 -0.000000 -0.101158 -0.000000 1.000000 -0.000000 -0.000003 0.000000 0.000000 1.000000 -0.000000 0.000000 0.000000 0.000000 1.000000
1.000000 0.000000 -0.000000 -0.101158 -0.000000 1.000000 0.000000 -0.000003 0.000000 -0.000000 1.000000 0.000000 0.000000 0.000000 0.000000 1.000000
1.000000 0.000000 0.000000 -0.101158 -0.000000 1.000000 -0.000000 -0.000003 -0.000000 0.000000 1.000000 0.000000 0.000000 0.000000 0.000000 1.000000
1.000000 0.000000 -0.000000 -0.101158 -0.000000 1.000000 -0.000000 -0.000003 0.000000 0.000000 1.000000 -0.000000 0.000000 0.000000 0.000000 1.000000
1.000000 0.000000 0.000000 -0.101158 -0.000000 1.000000 -0.000000 -0.000003 -0.000000 0.000000 1.000000 0.000000 0.000000 0.000000 0.000000 1.000000
1.000000 0.000000 -0.000000 -0.101158 -0.000000 1.000000 0.000000 -0.000003 0.000000 -0.000000 1.000000 0.000000 0.000000 0.000000 0.000000 1.000000
1.000000 0.000000 0.000000 -0.101158 -0.000000 1.000000 -0.000000 -0.000003 -0.000000 0.000000 1.000000 0.000000 0.000000 0.000000 0.000000 1.000000
1.000000 0.000000 -0.000000 -0.101158 -0.000000 1.000000 -0.000000 -0.000003 0.000000 0.000000 1.000000 -0.000000 0.000000 0.000000 0.000000 1.000000
1.000000 0.000000 0.000000 -0.101158 -0.000000 1.000000 -0.000000 -0.000003 -0.000000 0.000000 1.000000 0.000000 0.000000 0.000000 0.000000 1.000000
1.000000 0.000000 -0.000000 -0.101158 -0.000000 1.000000 0.000000 -0.000003 0.000000 -0.000000 1.000000 0.000000 0.000000 0.000000 0.000000 1.000000
1.000000 0.000000 0.000000 -0.101158 -0.000000 1.000000 -0.000000 -0.000003 -0.000000 0.000000 1.000000 0.000000 0.000000 0.000000 0.000000 1.000000
1.000000 0.000000 -0.000000 -0.101158 -0.000000 1.000000 -0.000000 -0.000003 0.000000 0.000000 1.000000 -0.000000 0.000000 0.000000 0.000000 1.000000
1.000000 0.000000 0.000000 -0.101158 -0.000000 1.000000 -0.000000 -0.000003 -0.000000 0.000000 1.000000 0.000000 0.000000 0.000000 0.000000 1.000000
1.000000 0.000000 -0.000000 -0.101158 -0.000000 1.000000 0.000000 -0.000003 0.000000 -0.000000 1.000000 0.000000 0.000000 0.000000 0.000000 1.000000
1.000000 0.000000 0.000000 -0.101158 -0.000000 1.000000 -0.000000 -0.000003 -0.000000 0.000000 1.000000 0.000000 0.000000 0.000000 0.000000 1.000000
1.000000 0.000000 -0.000000 -0.101158 -0.000000 1.000000 -0.000000 -0.000003 0.000000 0.000000 1.000000 -0.000000 0.000000 0.000000 0.000000 1.000000
1.000000 0.000000 0.000000 -0.101158 -0.000000 1.000000 -0.000000 -0.000003 -0.000000 0.000000 1.000000 0.000000 0.000000 0.000000 0.000000 1.000000
1.000000 0.000000 -0.000000 -0.101158 -0.000000 1.000000 0.000000 -0.000003 0.000000 -0.000000 1.000000 0.000000 0.000000 0.000000 0.000000 1.000000
1.000000 0.000000 0.000000 -0.101158 -0.000000 1.000000 -0.000000 -0.000003 -0.000000 0.000000 1.000000 0.000000 0.000000 0.000000 0.000000 1.000000
1.000000 0.000000 -0.000000 -0.101158 -0.000000 1.000000 -0.000000 -0.000003 0.000000 0.000000 1.000000 -0.000000 0.000000 0.000000 0.000000 1.000000</float_array><technique_common><accessor source="#jnt_left_handpinky4-Matrix-animation-output-transform-array" count="30" stride="16"><param type="float4x4"/></accessor></technique_common></source><source id="jnt_left_handpinky4-Interpolations"><Name_array id="jnt_left_handpinky4-Interpolations-array" count="30">
 LINEAR LINEAR LINEAR LINEAR LINEAR LINEAR LINEAR LINEAR LINEAR LINEAR LINEAR
LINEAR LINEAR LINEAR LINEAR LINEAR LINEAR LINEAR LINEAR LINEAR LINEAR LINEAR LINEAR
LINEAR LINEAR LINEAR LINEAR LINEAR LINEAR LINEAR</Name_array><technique_common><accessor source="#jnt_left_handpinky4-Interpolations-array" count="30"><param type="name"/></accessor></technique_common></source><sampler id="jnt_left_handpinky4-Matrix-animation-transform"><input semantic="INPUT" source="#jnt_left_handpinky4-Matrix-animation-input"/><input semantic="OUTPUT" source="#jnt_left_handpinky4-Matrix-animation-output-transform"/><input semantic="INTERPOLATION" source="#jnt_left_handpinky4-Interpolations"/></sampler><channel source="#jnt_left_handpinky4-Matrix-animation-transform" target="jnt_left_handpinky4/matrix"/></animation></animation>
    <animation id="jnt_right_armroot-anim" name="jnt_right_armroot"><animation><source id="jnt_right_armroot-Matrix-animation-input"><float_array id="jnt_right_armroot-Matrix-animation-input-array" count="30">

0.033333 0.066667 0.100000 0.133333 0.166667 0.200000 0.233333 0.266667 0.300000 0.333333 0.366667 0.400000 0.433333 0.466667 0.500000 0.533333
0.566667 0.600000 0.633333 0.666667 0.700000 0.733333 0.766667 0.800000 0.833333 0.866667 0.900000 0.933333 0.966667 1.000000</float_array><technique_common><accessor source="#jnt_right_armroot-Matrix-animation-input-array" count="30"><param name="TIME" type="float"/></accessor></technique_common></source><source id="jnt_right_armroot-Matrix-animation-output-transform"><float_array id="jnt_right_armroot-Matrix-animation-output-transform-array" count="480">

1.000000 -0.000004 -0.000000 -0.000000 0.000004 1.000000 0.000000 -0.000000 0.000000 -0.000000 1.000000 0.000000 0.000000 0.000000 0.000000 1.000000
1.000000 -0.000004 -0.000000 -0.000745 0.000004 1.000000 -0.000000 -0.004520 0.000000 0.000000 1.000000 -0.003826 0.000000 0.000000 0.000000 1.000000
1.000000 -0.000004 -0.000000 -0.001489 0.000004 1.000000 0.000000 -0.009039 0.000000 -0.000000 1.000000 -0.007653 0.000000 0.000000 0.000000 1.000000
1.000000 -0.000004 -0.000000 -0.000745 0.000004 1.000000 -0.000000 -0.004520 0.000000 0.000000 1.000000 -0.003826 0.000000 0.000000 0.000000 1.000000
1.000000 -0.000004 -0.000000 -0.000000 0.000004 1.000000 0.000000 -0.000000 0.000000 -0.000000 1.000000 0.000000 0.000000 0.000000 0.000000 1.000000
1.000000 -0.000004 -0.000000 -0.000745 0.000004 1.000000 -0.000000 -0.004520 0.000000 0.000000 1.000000 -0.003826 0.000000 0.000000 0.000000 1.000000
1.000000 -0.000004 -0.000000 -0.001489 0.000004 1.000000 0.000000 -0.009039 0.000000 -0.000000 1.000000 -0.007653 0.000000 0.000000 0.000000 1.000000
1.000000 -0.000004 -0.000000 -0.000745 0.000004 1.000000 -0.000000 -0.004520 0.000000 0.000000 1.000000 -0.003826 0.000000 0.000000 0.000000 1.000000
1.000000 -0.000004 -0.000000 -0.000000 0.000004 1.000000 0.000000 -0.000000 0.000000 -0.000000 1.000000 0.000000 0.000000 0.000000 0.000000 1.000000
1.000000 -0.000004 -0.000000 -0.000745 0.000004 1.000000 -0.000000 -0.004520 0.000000 0.000000 1.000000 -0.003826 0.000000 0.000000 0.000000 1.000000
1.000000 -0.000004 -0.000000 -0.001489 0.000004 1.000000 0.000000 -0.009039 0.000000 -0.000000 1.000000 -0.007653 0.000000 0.000000 0.000000 1.000000
1.000000 -0.000004 -0.000000 -0.000000 0.000004 1.000000 0.000000 -0.000000 0.000000 -0.000000 1.000000 0.000000 0.000000 0.000000 0.000000 1.000000
1.000000 -0.000004 -0.000000 -0.000745 0.000004 1.000000 -0.000000 -0.004520 0.000000 0.000000 1.000000 -0.003826 0.000000 0.000000 0.000000 1.000000
1.000000 -0.000004 -0.000000 -0.001489 0.000004 1.000000 0.000000 -0.009039 0.000000 -0.000000 1.000000 -0.007653 0.000000 0.000000 0.000000 1.000000
1.000000 -0.000004 -0.000000 -0.000745 0.000004 1.000000 -0.000000 -0.004520 0.000000 0.000000 1.000000 -0.003826 0.000000 0.000000 0.000000 1.000000
1.000000 -0.000004 -0.000000 -0.000000 0.000004 1.000000 0.000000 -0.000000 0.000000 -0.000000 1.000000 0.000000 0.000000 0.000000 0.000000 1.000000
1.000000 -0.000004 -0.000000 -0.000745 0.000004 1.000000 -0.000000 -0.004520 0.000000 0.000000 1.000000 -0.003826 0.000000 0.000000 0.000000 1.000000
1.000000 -0.000004 -0.000000 -0.001489 0.000004 1.000000 0.000000 -0.009039 0.000000 -0.000000 1.000000 -0.007653 0.000000 0.000000 0.000000 1.000000
1.000000 -0.000004 -0.000000 -0.000745 0.000004 1.000000 -0.000000 -0.004520 0.000000 0.000000 1.000000 -0.003826 0.000000 0.000000 0.000000 1.000000
1.000000 -0.000004 -0.000000 -0.000000 0.000004 1.000000 0.000000 -0.000000 0.000000 -0.000000 1.000000 0.000000 0.000000 0.000000 0.000000 1.000000
1.000000 -0.000004 -0.000000 -0.000745 0.000004 1.000000 -0.000000 -0.004520 0.000000 0.000000 1.000000 -0.003826 0.000000 0.000000 0.000000 1.000000
1.000000 -0.000004 -0.000000 -0.001489 0.000004 1.000000 0.000000 -0.009039 0.000000 -0.000000 1.000000 -0.007653 0.000000 0.000000 0.000000 1.000000
1.000000 -0.000004 -0.000000 -0.000745 0.000004 1.000000 -0.000000 -0.004520 0.000000 0.000000 1.000000 -0.003826 0.000000 0.000000 0.000000 1.000000
1.000000 -0.000004 -0.000000 -0.000000 0.000004 1.000000 0.000000 -0.000000 0.000000 -0.000000 1.000000 0.000000 0.000000 0.000000 0.000000 1.000000
1.000000 -0.000004 -0.000000 -0.000745 0.000004 1.000000 -0.000000 -0.004520 0.000000 0.000000 1.000000 -0.003826 0.000000 0.000000 0.000000 1.000000
1.000000 -0.000004 -0.000000 -0.001489 0.000004 1.000000 0.000000 -0.009039 0.000000 -0.000000 1.000000 -0.007653 0.000000 0.000000 0.000000 1.000000
1.000000 -0.000004 -0.000000 -0.000745 0.000004 1.000000 -0.000000 -0.004520 0.000000 0.000000 1.000000 -0.003826 0.000000 0.000000 0.000000 1.000000
1.000000 -0.000004 -0.000000 -0.000000 0.000004 1.000000 0.000000 -0.000000 0.000000 -0.000000 1.000000 0.000000 0.000000 0.000000 0.000000 1.000000
1.000000 -0.000004 -0.000000 -0.000745 0.000004 1.000000 -0.000000 -0.004520 0.000000 0.000000 1.000000 -0.003826 0.000000 0.000000 0.000000 1.000000
1.000000 -0.000004 -0.000000 -0.001489 0.000004 1.000000 0.000000 -0.009039 0.000000 -0.000000 1.000000 -0.007653 0.000000 0.000000 0.000000 1.000000</float_array><technique_common><accessor source="#jnt_right_armroot-Matrix-animation-output-transform-array" count="30" stride="16"><param type="float4x4"/></accessor></technique_common></source><source id="jnt_right_armroot-Interpolations"><Name_array id="jnt_right_armroot-Interpolations-array" count="30">
 LINEAR LINEAR LINEAR LINEAR LINEAR LINEAR LINEAR LINEAR LINEAR LINEAR LINEAR
LINEAR LINEAR LINEAR LINEAR LINEAR LINEAR LINEAR LINEAR LINEAR LINEAR LINEAR LINEAR
LINEAR LINEAR LINEAR LINEAR LINEAR LINEAR LINEAR</Name_array><technique_common><accessor source="#jnt_right_armroot-Interpolations-array" count="30"><param type="name"/></accessor></technique_common></source><sampler id="jnt_right_armroot-Matrix-animation-transform"><input semantic="INPUT" source="#jnt_right_armroot-Matrix-animation-input"/><input semantic="OUTPUT" source="#jnt_right_armroot-Matrix-animation-output-transform"/><input semantic="INTERPOLATION" source="#jnt_right_armroot-Interpolations"/></sampler><channel source="#jnt_right_armroot-Matrix-animation-transform" target="jnt_right_armroot/matrix"/></animation></animation>
    <animation id="jnt_right_shoulder-anim" name="jnt_right_shoulder"><animation><source id="jnt_right_shoulder-Matrix-animation-input"><float_array id="jnt_right_shoulder-Matrix-animation-input-array" count="30">

0.033333 0.066667 0.100000 0.133333 0.166667 0.200000 0.233333 0.266667 0.300000 0.333333 0.366667 0.400000 0.433333 0.466667 0.500000 0.533333
0.566667 0.600000 0.633333 0.666667 0.700000 0.733333 0.766667 0.800000 0.833333 0.866667 0.900000 0.933333 0.966667 1.000000</float_array><technique_common><accessor source="#jnt_right_shoulder-Matrix-animation-input-array" count="30"><param name="TIME" type="float"/></accessor></technique_common></source><source id="jnt_right_shoulder-Matrix-animation-output-transform"><float_array id="jnt_right_shoulder-Matrix-animation-output-transform-array" count="480">

0.019288 -0.092831 0.995495 0.635987 -0.352003 0.931301 0.093665 0.114390 -0.935800 -0.352224 -0.014713 -0.266187 0.000000 0.000000 0.000000 1.000000
0.019288 -0.092831 0.995495 0.634994 -0.352003 0.931300 0.093665 0.108363 -0.935800 -0.352224 -0.014713 -0.271290 0.000000 0.000000 0.000000 1.000000
0.019288 -0.092831 0.995495 0.634001 -0.352003 0.931300 0.093665 0.102335 -0.935800 -0.352224 -0.014713 -0.276394 0.000000 0.000000 0.000000 1.000000
0.019288 -0.092831 0.995495 0.634994 -0.352003 0.931300 0.093665 0.108363 -0.935800 -0.352224 -0.014713 -0.271290 0.000000 0.000000 0.000000 1.000000
0.019288 -0.092831 0.995495 0.635987 -0.352003 0.931301 0.093665 0.114390 -0.935800 -0.352224 -0.014713 -0.266187 0.000000 0.000000 0.000000 1.000000
0.019288 -0.092831 0.995495 0.634994 -0.352003 0.931300 0.093665 0.108363 -0.935800 -0.352224 -0.014713 -0.271290 0.000000 0.000000 0.000000 1.000000
0.019288 -0.092831 0.995495 0.634001 -0.352003 0.931300 0.093665 0.102335 -0.935800 -0.352224 -0.014713 -0.276394 0.000000 0.000000 0.000000 1.000000
0.019288 -0.092831 0.995495 0.634994 -0.352003 0.931300 0.093665 0.108363 -0.935800 -0.352224 -0.014713 -0.271290 0.000000 0.000000 0.000000 1.000000
0.019288 -0.092831 0.995495 0.635987 -0.352003 0.931301 0.093665 0.114390 -0.935800 -0.352224 -0.014713 -0.266187 0.000000 0.000000 0.000000 1.000000
0.019288 -0.092831 0.995495 0.634994 -0.352003 0.931300 0.093665 0.108363 -0.935800 -0.352224 -0.014713 -0.271290 0.000000 0.000000 0.000000 1.000000
0.019288 -0.092831 0.995495 0.634001 -0.352003 0.931300 0.093665 0.102335 -0.935800 -0.352224 -0.014713 -0.276394 0.000000 0.000000 0.000000 1.000000
0.019288 -0.092831 0.995495 0.635987 -0.352003 0.931301 0.093665 0.114390 -0.935800 -0.352224 -0.014713 -0.266187 0.000000 0.000000 0.000000 1.000000
0.019288 -0.092831 0.995495 0.634994 -0.352003 0.931300 0.093665 0.108363 -0.935800 -0.352224 -0.014713 -0.271290 0.000000 0.000000 0.000000 1.000000
0.019288 -0.092831 0.995495 0.634001 -0.352003 0.931300 0.093665 0.102335 -0.935800 -0.352224 -0.014713 -0.276394 0.000000 0.000000 0.000000 1.000000
0.019288 -0.092831 0.995495 0.634994 -0.352003 0.931300 0.093665 0.108363 -0.935800 -0.352224 -0.014713 -0.271290 0.000000 0.000000 0.000000 1.000000
0.019288 -0.092831 0.995495 0.635987 -0.352003 0.931301 0.093665 0.114390 -0.935800 -0.352224 -0.014713 -0.266187 0.000000 0.000000 0.000000 1.000000
0.019288 -0.092831 0.995495 0.634994 -0.352003 0.931300 0.093665 0.108363 -0.935800 -0.352224 -0.014713 -0.271290 0.000000 0.000000 0.000000 1.000000
0.019288 -0.092831 0.995495 0.634001 -0.352003 0.931300 0.093665 0.102335 -0.935800 -0.352224 -0.014713 -0.276394 0.000000 0.000000 0.000000 1.000000
0.019288 -0.092831 0.995495 0.634994 -0.352003 0.931300 0.093665 0.108363 -0.935800 -0.352224 -0.014713 -0.271290 0.000000 0.000000 0.000000 1.000000
0.019288 -0.092831 0.995495 0.635987 -0.352003 0.931301 0.093665 0.114390 -0.935800 -0.352224 -0.014713 -0.266187 0.000000 0.000000 0.000000 1.000000
0.019288 -0.092831 0.995495 0.634994 -0.352003 0.931300 0.093665 0.108363 -0.935800 -0.352224 -0.014713 -0.271290 0.000000 0.000000 0.000000 1.000000
0.019288 -0.092831 0.995495 0.634001 -0.352003 0.931300 0.093665 0.102335 -0.935800 -0.352224 -0.014713 -0.276394 0.000000 0.000000 0.000000 1.000000
0.019288 -0.092831 0.995495 0.634994 -0.352003 0.931300 0.093665 0.108363 -0.935800 -0.352224 -0.014713 -0.271290 0.000000 0.000000 0.000000 1.000000
0.019288 -0.092831 0.995495 0.635987 -0.352003 0.931301 0.093665 0.114390 -0.935800 -0.352224 -0.014713 -0.266187 0.000000 0.000000 0.000000 1.000000
0.019288 -0.092831 0.995495 0.634994 -0.352003 0.931300 0.093665 0.108363 -0.935800 -0.352224 -0.014713 -0.271290 0.000000 0.000000 0.000000 1.000000
0.019288 -0.092831 0.995495 0.634001 -0.352003 0.931300 0.093665 0.102335 -0.935800 -0.352224 -0.014713 -0.276394 0.000000 0.000000 0.000000 1.000000
0.019288 -0.092831 0.995495 0.634994 -0.352003 0.931300 0.093665 0.108363 -0.935800 -0.352224 -0.014713 -0.271290 0.000000 0.000000 0.000000 1.000000
0.019288 -0.092831 0.995495 0.635987 -0.352003 0.931301 0.093665 0.114390 -0.935800 -0.352224 -0.014713 -0.266187 0.000000 0.000000 0.000000 1.000000
0.019288 -0.092831 0.995495 0.634994 -0.352003 0.931300 0.093665 0.108363 -0.935800 -0.352224 -0.014713 -0.271290 0.000000 0.000000 0.000000 1.000000
0.019288 -0.092831 0.995495 0.634001 -0.352003 0.931300 0.093665 0.102335 -0.935800 -0.352224 -0.014713 -0.276394 0.000000 0.000000 0.000000 1.000000</float_array><technique_common><accessor source="#jnt_right_shoulder-Matrix-animation-output-transform-array" count="30" stride="16"><param type="float4x4"/></accessor></technique_common></source><source id="jnt_right_shoulder-Interpolations"><Name_array id="jnt_right_shoulder-Interpolations-array" count="30">
 LINEAR LINEAR LINEAR LINEAR LINEAR LINEAR LINEAR LINEAR LINEAR LINEAR LINEAR
LINEAR LINEAR LINEAR LINEAR LINEAR LINEAR LINEAR LINEAR LINEAR LINEAR LINEAR LINEAR
LINEAR LINEAR LINEAR LINEAR LINEAR LINEAR LINEAR</Name_array><technique_common><accessor source="#jnt_right_shoulder-Interpolations-array" count="30"><param type="name"/></accessor></technique_common></source><sampler id="jnt_right_shoulder-Matrix-animation-transform"><input semantic="INPUT" source="#jnt_right_shoulder-Matrix-animation-input"/><input semantic="OUTPUT" source="#jnt_right_shoulder-Matrix-animation-output-transform"/><input semantic="INTERPOLATION" source="#jnt_right_shoulder-Interpolations"/></sampler><channel source="#jnt_right_shoulder-Matrix-animation-transform" target="jnt_right_shoulder/matrix"/></animation></animation>
    <animation id="jnt_right_arm-anim" name="jnt_right_arm"><animation><source id="jnt_right_arm-Matrix-animation-input"><float_array id="jnt_right_arm-Matrix-animation-input-array" count="30">

0.033333 0.066667 0.100000 0.133333 0.166667 0.200000 0.233333 0.266667 0.300000 0.333333 0.366667 0.400000 0.433333 0.466667 0.500000 0.533333
0.566667 0.600000 0.633333 0.666667 0.700000 0.733333 0.766667 0.800000 0.833333 0.866667 0.900000 0.933333 0.966667 1.000000</float_array><technique_common><accessor source="#jnt_right_arm-Matrix-animation-input-array" count="30"><param name="TIME" type="float"/></accessor></technique_common></source><source id="jnt_right_arm-Matrix-animation-output-transform"><float_array id="jnt_right_arm-Matrix-animation-output-transform-array" count="480">

0.125842 -0.986568 0.104156 0.529638 0.584237 0.158553 0.795945 0.096185 -0.801767 -0.039311 0.596342 -0.104480 0.000000 0.000000 0.000000 1.000000
0.157361 -0.982276 0.101842 0.529638 0.576312 0.175088 0.798254 0.096185 -0.801937 -0.066922 0.593649 -0.104480 0.000000 0.000000 0.000000 1.000000
0.188733 -0.976960 0.099642 0.529638 0.567848 0.191352 0.800583 0.096185 -0.801204 -0.094515 0.590879 -0.104481 0.000000 0.000000 0.000000 1.000000
0.157361 -0.982276 0.101842 0.529638 0.576312 0.175088 0.798254 0.096185 -0.801937 -0.066922 0.593649 -0.104480 0.000000 0.000000 0.000000 1.000000
0.125842 -0.986568 0.104156 0.529638 0.584237 0.158553 0.795945 0.096185 -0.801767 -0.039311 0.596342 -0.104480 0.000000 0.000000 0.000000 1.000000
0.157361 -0.982276 0.101842 0.529638 0.576312 0.175088 0.798254 0.096185 -0.801937 -0.066922 0.593649 -0.104480 0.000000 0.000000 0.000000 1.000000
0.188733 -0.976960 0.099642 0.529638 0.567848 0.191352 0.800583 0.096185 -0.801204 -0.094515 0.590879 -0.104481 0.000000 0.000000 0.000000 1.000000
0.157361 -0.982276 0.101842 0.529638 0.576312 0.175088 0.798254 0.096185 -0.801937 -0.066922 0.593649 -0.104480 0.000000 0.000000 0.000000 1.000000
0.125842 -0.986568 0.104156 0.529638 0.584237 0.158553 0.795945 0.096185 -0.801767 -0.039311 0.596342 -0.104480 0.000000 0.000000 0.000000 1.000000
0.157361 -0.982276 0.101842 0.529638 0.576312 0.175088 0.798254 0.096185 -0.801937 -0.066922 0.593649 -0.104480 0.000000 0.000000 0.000000 1.000000
0.188733 -0.976960 0.099642 0.529638 0.567848 0.191352 0.800583 0.096185 -0.801204 -0.094515 0.590879 -0.104481 0.000000 0.000000 0.000000 1.000000
0.125842 -0.986568 0.104156 0.529638 0.584237 0.158553 0.795945 0.096185 -0.801767 -0.039311 0.596342 -0.104480 0.000000 0.000000 0.000000 1.000000
0.157361 -0.982276 0.101842 0.529638 0.576312 0.175088 0.798254 0.096185 -0.801937 -0.066922 0.593649 -0.104480 0.000000 0.000000 0.000000 1.000000
0.188733 -0.976960 0.099642 0.529638 0.567848 0.191352 0.800583 0.096185 -0.801204 -0.094515 0.590879 -0.104481 0.000000 0.000000 0.000000 1.000000
0.157361 -0.982276 0.101842 0.529638 0.576312 0.175088 0.798254 0.096185 -0.801937 -0.066922 0.593649 -0.104480 0.000000 0.000000 0.000000 1.000000
0.125842 -0.986568 0.104156 0.529638 0.584237 0.158553 0.795945 0.096185 -0.801767 -0.039311 0.596342 -0.104480 0.000000 0.000000 0.000000 1.000000
0.157361 -0.982276 0.101842 0.529638 0.576312 0.175088 0.798254 0.096185 -0.801937 -0.066922 0.593649 -0.104480 0.000000 0.000000 0.000000 1.000000
0.188733 -0.976960 0.099642 0.529638 0.567848 0.191352 0.800583 0.096185 -0.801204 -0.094515 0.590879 -0.104481 0.000000 0.000000 0.000000 1.000000
0.157361 -0.982276 0.101842 0.529638 0.576312 0.175088 0.798254 0.096185 -0.801937 -0.066922 0.593649 -0.104480 0.000000 0.000000 0.000000 1.000000
0.125842 -0.986568 0.104156 0.529638 0.584237 0.158553 0.795945 0.096185 -0.801767 -0.039311 0.596342 -0.104480 0.000000 0.000000 0.000000 1.000000
0.157361 -0.982276 0.101842 0.529638 0.576312 0.175088 0.798254 0.096185 -0.801937 -0.066922 0.593649 -0.104480 0.000000 0.000000 0.000000 1.000000
0.188733 -0.976960 0.099642 0.529638 0.567848 0.191352 0.800583 0.096185 -0.801204 -0.094515 0.590879 -0.104481 0.000000 0.000000 0.000000 1.000000
0.157361 -0.982276 0.101842 0.529638 0.576312 0.175088 0.798254 0.096185 -0.801937 -0.066922 0.593649 -0.104480 0.000000 0.000000 0.000000 1.000000
0.125842 -0.986568 0.104156 0.529638 0.584237 0.158553 0.795945 0.096185 -0.801767 -0.039311 0.596342 -0.104480 0.000000 0.000000 0.000000 1.000000
0.157361 -0.982276 0.101842 0.529638 0.576312 0.175088 0.798254 0.096185 -0.801937 -0.066922 0.593649 -0.104480 0.000000 0.000000 0.000000 1.000000
0.188733 -0.976960 0.099642 0.529638 0.567848 0.191352 0.800583 0.096185 -0.801204 -0.094515 0.590879 -0.104481 0.000000 0.000000 0.000000 1.000000
0.157361 -0.982276 0.101842 0.529638 0.576312 0.175088 0.798254 0.096185 -0.801937 -0.066922 0.593649 -0.104480 0.000000 0.000000 0.000000 1.000000
0.125842 -0.986568 0.104156 0.529638 0.584237 0.158553 0.795945 0.096185 -0.801767 -0.039311 0.596342 -0.104480 0.000000 0.000000 0.000000 1.000000
0.157361 -0.982276 0.101842 0.529638 0.576312 0.175088 0.798254 0.096185 -0.801937 -0.066922 0.593649 -0.104480 0.000000 0.000000 0.000000 1.000000
0.188733 -0.976960 0.099642 0.529638 0.567848 0.191352 0.800583 0.096185 -0.801204 -0.094515 0.590879 -0.104481 0.000000 0.000000 0.000000 1.000000</float_array><technique_common><accessor source="#jnt_right_arm-Matrix-animation-output-transform-array" count="30" stride="16"><param type="float4x4"/></accessor></technique_common></source><source id="jnt_right_arm-Interpolations"><Name_array id="jnt_right_arm-Interpolations-array" count="30">
 LINEAR LINEAR LINEAR LINEAR LINEAR LINEAR LINEAR LINEAR LINEAR LINEAR LINEAR
LINEAR LINEAR LINEAR LINEAR LINEAR LINEAR LINEAR LINEAR LINEAR LINEAR LINEAR LINEAR
LINEAR LINEAR LINEAR LINEAR LINEAR LINEAR LINEAR</Name_array><technique_common><accessor source="#jnt_right_arm-Interpolations-array" count="30"><param type="name"/></accessor></technique_common></source><sampler id="jnt_right_arm-Matrix-animation-transform"><input semantic="INPUT" source="#jnt_right_arm-Matrix-animation-input"/><input semantic="OUTPUT" source="#jnt_right_arm-Matrix-animation-output-transform"/><input semantic="INTERPOLATION" source="#jnt_right_arm-Interpolations"/></sampler><channel source="#jnt_right_arm-Matrix-animation-transform" target="jnt_right_arm/matrix"/></animation></animation>
    <animation id="jnt_right_armroll-anim" name="jnt_right_armroll"><animation><source id="jnt_right_armroll-Matrix-animation-input"><float_array id="jnt_right_armroll-Matrix-animation-input-array" count="30">

0.033333 0.066667 0.100000 0.133333 0.166667 0.200000 0.233333 0.266667 0.300000 0.333333 0.366667 0.400000 0.433333 0.466667 0.500000 0.533333
0.566667 0.600000 0.633333 0.666667 0.700000 0.733333 0.766667 0.800000 0.833333 0.866667 0.900000 0.933333 0.966667 1.000000</float_array><technique_common><accessor source="#jnt_right_armroll-Matrix-animation-input-array" count="30"><param name="TIME" type="float"/></accessor></technique_common></source><source id="jnt_right_armroll-Matrix-animation-output-transform"><float_array id="jnt_right_armroll-Matrix-animation-output-transform-array" count="480">

1.000000 0.000000 -0.000006 0.421996 -0.000000 1.000000 0.000000 -0.000002 0.000006 -0.000000 1.000000 0.000007 0.000000 0.000000 0.000000 1.000000
1.000000 -0.000000 -0.000006 0.421995 0.000000 1.000000 -0.000000 -0.000002 0.000006 0.000000 1.000000 0.000007 0.000000 0.000000 0.000000 1.000000
1.000000 0.000000 -0.000006 0.421995 -0.000000 1.000000 0.000000 -0.000002 0.000006 -0.000000 1.000000 0.000007 0.000000 0.000000 0.000000 1.000000
1.000000 -0.000000 -0.000006 0.421995 0.000000 1.000000 -0.000000 -0.000002 0.000006 0.000000 1.000000 0.000007 0.000000 0.000000 0.000000 1.000000
1.000000 0.000000 -0.000006 0.421996 -0.000000 1.000000 0.000000 -0.000002 0.000006 -0.000000 1.000000 0.000007 0.000000 0.000000 0.000000 1.000000
1.000000 -0.000000 -0.000006 0.421995 0.000000 1.000000 -0.000000 -0.000002 0.000006 0.000000 1.000000 0.000007 0.000000 0.000000 0.000000 1.000000
1.000000 0.000000 -0.000006 0.421995 -0.000000 1.000000 0.000000 -0.000002 0.000006 -0.000000 1.000000 0.000007 0.000000 0.000000 0.000000 1.000000
1.000000 -0.000000 -0.000006 0.421995 0.000000 1.000000 -0.000000 -0.000002 0.000006 0.000000 1.000000 0.000007 0.000000 0.000000 0.000000 1.000000
1.000000 0.000000 -0.000006 0.421996 -0.000000 1.000000 0.000000 -0.000002 0.000006 -0.000000 1.000000 0.000007 0.000000 0.000000 0.000000 1.000000
1.000000 -0.000000 -0.000006 0.421995 0.000000 1.000000 -0.000000 -0.000002 0.000006 0.000000 1.000000 0.000007 0.000000 0.000000 0.000000 1.000000
1.000000 0.000000 -0.000006 0.421995 -0.000000 1.000000 0.000000 -0.000002 0.000006 -0.000000 1.000000 0.000007 0.000000 0.000000 0.000000 1.000000
1.000000 0.000000 -0.000006 0.421996 -0.000000 1.000000 0.000000 -0.000002 0.000006 -0.000000 1.000000 0.000007 0.000000 0.000000 0.000000 1.000000
1.000000 -0.000000 -0.000006 0.421995 0.000000 1.000000 -0.000000 -0.000002 0.000006 0.000000 1.000000 0.000007 0.000000 0.000000 0.000000 1.000000
1.000000 0.000000 -0.000006 0.421995 -0.000000 1.000000 0.000000 -0.000002 0.000006 -0.000000 1.000000 0.000007 0.000000 0.000000 0.000000 1.000000
1.000000 -0.000000 -0.000006 0.421995 0.000000 1.000000 -0.000000 -0.000002 0.000006 0.000000 1.000000 0.000007 0.000000 0.000000 0.000000 1.000000
1.000000 0.000000 -0.000006 0.421996 -0.000000 1.000000 0.000000 -0.000002 0.000006 -0.000000 1.000000 0.000007 0.000000 0.000000 0.000000 1.000000
1.000000 -0.000000 -0.000006 0.421995 0.000000 1.000000 -0.000000 -0.000002 0.000006 0.000000 1.000000 0.000007 0.000000 0.000000 0.000000 1.000000
1.000000 0.000000 -0.000006 0.421995 -0.000000 1.000000 0.000000 -0.000002 0.000006 -0.000000 1.000000 0.000007 0.000000 0.000000 0.000000 1.000000
1.000000 -0.000000 -0.000006 0.421995 0.000000 1.000000 -0.000000 -0.000002 0.000006 0.000000 1.000000 0.000007 0.000000 0.000000 0.000000 1.000000
1.000000 0.000000 -0.000006 0.421996 -0.000000 1.000000 0.000000 -0.000002 0.000006 -0.000000 1.000000 0.000007 0.000000 0.000000 0.000000 1.000000
1.000000 -0.000000 -0.000006 0.421995 0.000000 1.000000 -0.000000 -0.000002 0.000006 0.000000 1.000000 0.000007 0.000000 0.000000 0.000000 1.000000
1.000000 0.000000 -0.000006 0.421995 -0.000000 1.000000 0.000000 -0.000002 0.000006 -0.000000 1.000000 0.000007 0.000000 0.000000 0.000000 1.000000
1.000000 -0.000000 -0.000006 0.421995 0.000000 1.000000 -0.000000 -0.000002 0.000006 0.000000 1.000000 0.000007 0.000000 0.000000 0.000000 1.000000
1.000000 0.000000 -0.000006 0.421996 -0.000000 1.000000 0.000000 -0.000002 0.000006 -0.000000 1.000000 0.000007 0.000000 0.000000 0.000000 1.000000
1.000000 -0.000000 -0.000006 0.421995 0.000000 1.000000 -0.000000 -0.000002 0.000006 0.000000 1.000000 0.000007 0.000000 0.000000 0.000000 1.000000
1.000000 0.000000 -0.000006 0.421995 -0.000000 1.000000 0.000000 -0.000002 0.000006 -0.000000 1.000000 0.000007 0.000000 0.000000 0.000000 1.000000
1.000000 -0.000000 -0.000006 0.421995 0.000000 1.000000 -0.000000 -0.000002 0.000006 0.000000 1.000000 0.000007 0.000000 0.000000 0.000000 1.000000
1.000000 0.000000 -0.000006 0.421996 -0.000000 1.000000 0.000000 -0.000002 0.000006 -0.000000 1.000000 0.000007 0.000000 0.000000 0.000000 1.000000
1.000000 -0.000000 -0.000006 0.421995 0.000000 1.000000 -0.000000 -0.000002 0.000006 0.000000 1.000000 0.000007 0.000000 0.000000 0.000000 1.000000
1.000000 0.000000 -0.000006 0.421995 -0.000000 1.000000 0.000000 -0.000002 0.000006 -0.000000 1.000000 0.000007 0.000000 0.000000 0.000000 1.000000</float_array><technique_common><accessor source="#jnt_right_armroll-Matrix-animation-output-transform-array" count="30" stride="16"><param type="float4x4"/></accessor></technique_common></source><source id="jnt_right_armroll-Interpolations"><Name_array id="jnt_right_armroll-Interpolations-array" count="30">
 LINEAR LINEAR LINEAR LINEAR LINEAR LINEAR LINEAR LINEAR LINEAR LINEAR LINEAR
LINEAR LINEAR LINEAR LINEAR LINEAR LINEAR LINEAR LINEAR LINEAR LINEAR LINEAR LINEAR
LINEAR LINEAR LINEAR LINEAR LINEAR LINEAR LINEAR</Name_array><technique_common><accessor source="#jnt_right_armroll-Interpolations-array" count="30"><param type="name"/></accessor></technique_common></source><sampler id="jnt_right_armroll-Matrix-animation-transform"><input semantic="INPUT" source="#jnt_right_armroll-Matrix-animation-input"/><input semantic="OUTPUT" source="#jnt_right_armroll-Matrix-animation-output-transform"/><input semantic="INTERPOLATION" source="#jnt_right_armroll-Interpolations"/></sampler><channel source="#jnt_right_armroll-Matrix-animation-transform" target="jnt_right_armroll/matrix"/></animation></animation>
    <animation id="jnt_right_forearm-anim" name="jnt_right_forearm"><animation><source id="jnt_right_forearm-Matrix-animation-input"><float_array id="jnt_right_forearm-Matrix-animation-input-array" count="30">

0.033333 0.066667 0.100000 0.133333 0.166667 0.200000 0.233333 0.266667 0.300000 0.333333 0.366667 0.400000 0.433333 0.466667 0.500000 0.533333
0.566667 0.600000 0.633333 0.666667 0.700000 0.733333 0.766667 0.800000 0.833333 0.866667 0.900000 0.933333 0.966667 1.000000</float_array><technique_common><accessor source="#jnt_right_forearm-Matrix-animation-input-array" count="30"><param name="TIME" type="float"/></accessor></technique_common></source><source id="jnt_right_forearm-Matrix-animation-output-transform"><float_array id="jnt_right_forearm-Matrix-animation-output-transform-array" count="480">

0.219966 -0.975393 -0.014934 0.843981 0.975448 0.219759 0.014374 -0.000002 -0.010738 -0.017730 0.999785 0.000003 0.000000 0.000000 0.000000 1.000000
0.181988 -0.983188 -0.014934 0.843981 0.983235 0.181778 0.014374 -0.000002 -0.011418 -0.017300 0.999785 0.000002 0.000000 0.000000 0.000000 1.000000
0.143860 -0.989486 -0.014934 0.843982 0.989524 0.143649 0.014374 -0.000002 -0.012078 -0.016846 0.999785 0.000003 0.000000 0.000000 0.000000 1.000000
0.181988 -0.983188 -0.014934 0.843981 0.983235 0.181778 0.014374 -0.000002 -0.011418 -0.017300 0.999785 0.000002 0.000000 0.000000 0.000000 1.000000
0.219966 -0.975393 -0.014934 0.843981 0.975448 0.219759 0.014374 -0.000002 -0.010738 -0.017730 0.999785 0.000003 0.000000 0.000000 0.000000 1.000000
0.181988 -0.983188 -0.014934 0.843981 0.983235 0.181778 0.014374 -0.000002 -0.011418 -0.017300 0.999785 0.000002 0.000000 0.000000 0.000000 1.000000
0.143860 -0.989486 -0.014934 0.843982 0.989524 0.143649 0.014374 -0.000002 -0.012078 -0.016846 0.999785 0.000003 0.000000 0.000000 0.000000 1.000000
0.181988 -0.983188 -0.014934 0.843981 0.983235 0.181778 0.014374 -0.000002 -0.011418 -0.017300 0.999785 0.000002 0.000000 0.000000 0.000000 1.000000
0.219966 -0.975393 -0.014934 0.843981 0.975448 0.219759 0.014374 -0.000002 -0.010738 -0.017730 0.999785 0.000003 0.000000 0.000000 0.000000 1.000000
0.181988 -0.983188 -0.014934 0.843981 0.983235 0.181778 0.014374 -0.000002 -0.011418 -0.017300 0.999785 0.000002 0.000000 0.000000 0.000000 1.000000
0.143860 -0.989486 -0.014934 0.843982 0.989524 0.143649 0.014374 -0.000002 -0.012078 -0.016846 0.999785 0.000003 0.000000 0.000000 0.000000 1.000000
0.219966 -0.975393 -0.014934 0.843981 0.975448 0.219759 0.014374 -0.000002 -0.010738 -0.017730 0.999785 0.000003 0.000000 0.000000 0.000000 1.000000
0.181988 -0.983188 -0.014934 0.843981 0.983235 0.181778 0.014374 -0.000002 -0.011418 -0.017300 0.999785 0.000002 0.000000 0.000000 0.000000 1.000000
0.143860 -0.989486 -0.014934 0.843982 0.989524 0.143649 0.014374 -0.000002 -0.012078 -0.016846 0.999785 0.000003 0.000000 0.000000 0.000000 1.000000
0.181988 -0.983188 -0.014934 0.843981 0.983235 0.181778 0.014374 -0.000002 -0.011418 -0.017300 0.999785 0.000002 0.000000 0.000000 0.000000 1.000000
0.219966 -0.975393 -0.014934 0.843981 0.975448 0.219759 0.014374 -0.000002 -0.010738 -0.017730 0.999785 0.000003 0.000000 0.000000 0.000000 1.000000
0.181988 -0.983188 -0.014934 0.843981 0.983235 0.181778 0.014374 -0.000002 -0.011418 -0.017300 0.999785 0.000002 0.000000 0.000000 0.000000 1.000000
0.143860 -0.989486 -0.014934 0.843982 0.989524 0.143649 0.014374 -0.000002 -0.012078 -0.016846 0.999785 0.000003 0.000000 0.000000 0.000000 1.000000
0.181988 -0.983188 -0.014934 0.843981 0.983235 0.181778 0.014374 -0.000002 -0.011418 -0.017300 0.999785 0.000002 0.000000 0.000000 0.000000 1.000000
0.219966 -0.975393 -0.014934 0.843981 0.975448 0.219759 0.014374 -0.000002 -0.010738 -0.017730 0.999785 0.000003 0.000000 0.000000 0.000000 1.000000
0.181988 -0.983188 -0.014934 0.843981 0.983235 0.181778 0.014374 -0.000002 -0.011418 -0.017300 0.999785 0.000002 0.000000 0.000000 0.000000 1.000000
0.143860 -0.989486 -0.014934 0.843982 0.989524 0.143649 0.014374 -0.000002 -0.012078 -0.016846 0.999785 0.000003 0.000000 0.000000 0.000000 1.000000
0.181988 -0.983188 -0.014934 0.843981 0.983235 0.181778 0.014374 -0.000002 -0.011418 -0.017300 0.999785 0.000002 0.000000 0.000000 0.000000 1.000000
0.219966 -0.975393 -0.014934 0.843981 0.975448 0.219759 0.014374 -0.000002 -0.010738 -0.017730 0.999785 0.000003 0.000000 0.000000 0.000000 1.000000
0.181988 -0.983188 -0.014934 0.843981 0.983235 0.181778 0.014374 -0.000002 -0.011418 -0.017300 0.999785 0.000002 0.000000 0.000000 0.000000 1.000000
0.143860 -0.989486 -0.014934 0.843982 0.989524 0.143649 0.014374 -0.000002 -0.012078 -0.016846 0.999785 0.000003 0.000000 0.000000 0.000000 1.000000
0.181988 -0.983188 -0.014934 0.843981 0.983235 0.181778 0.014374 -0.000002 -0.011418 -0.017300 0.999785 0.000002 0.000000 0.000000 0.000000 1.000000
0.219966 -0.975393 -0.014934 0.843981 0.975448 0.219759 0.014374 -0.000002 -0.010738 -0.017730 0.999785 0.000003 0.000000 0.000000 0.000000 1.000000
0.181988 -0.983188 -0.014934 0.843981 0.983235 0.181778 0.014374 -0.000002 -0.011418 -0.017300 0.999785 0.000002 0.000000 0.000000 0.000000 1.000000
0.143860 -0.989486 -0.014934 0.843982 0.989524 0.143649 0.014374 -0.000002 -0.012078 -0.016846 0.999785 0.000003 0.000000 0.000000 0.000000 1.000000</float_array><technique_common><accessor source="#jnt_right_forearm-Matrix-animation-output-transform-array" count="30" stride="16"><param type="float4x4"/></accessor></technique_common></source><source id="jnt_right_forearm-Interpolations"><Name_array id="jnt_right_forearm-Interpolations-array" count="30">
 LINEAR LINEAR LINEAR LINEAR LINEAR LINEAR LINEAR LINEAR LINEAR LINEAR LINEAR
LINEAR LINEAR LINEAR LINEAR LINEAR LINEAR LINEAR LINEAR LINEAR LINEAR LINEAR LINEAR
LINEAR LINEAR LINEAR LINEAR LINEAR LINEAR LINEAR</Name_array><technique_common><accessor source="#jnt_right_forearm-Interpolations-array" count="30"><param type="name"/></accessor></technique_common></source><sampler id="jnt_right_forearm-Matrix-animation-transform"><input semantic="INPUT" source="#jnt_right_forearm-Matrix-animation-input"/><input semantic="OUTPUT" source="#jnt_right_forearm-Matrix-animation-output-transform"/><input semantic="INTERPOLATION" source="#jnt_right_forearm-Interpolations"/></sampler><channel source="#jnt_right_forearm-Matrix-animation-transform" target="jnt_right_forearm/matrix"/></animation></animation>
    <animation id="jnt_right_forearmroll-anim" name="jnt_right_forearmroll"><animation><source id="jnt_right_forearmroll-Matrix-animation-input"><float_array id="jnt_right_forearmroll-Matrix-animation-input-array" count="30">

0.033333 0.066667 0.100000 0.133333 0.166667 0.200000 0.233333 0.266667 0.300000 0.333333 0.366667 0.400000 0.433333 0.466667 0.500000 0.533333
0.566667 0.600000 0.633333 0.666667 0.700000 0.733333 0.766667 0.800000 0.833333 0.866667 0.900000 0.933333 0.966667 1.000000</float_array><technique_common><accessor source="#jnt_right_forearmroll-Matrix-animation-input-array" count="30"><param name="TIME" type="float"/></accessor></technique_common></source><source id="jnt_right_forearmroll-Matrix-animation-output-transform"><float_array id="jnt_right_forearmroll-Matrix-animation-output-transform-array" count="480">

1.000000 0.000001 0.000000 0.487001 -0.000001 1.000000 -0.000000 -0.000000 -0.000000 0.000000 1.000000 0.000004 0.000000 0.000000 0.000000 1.000000
1.000000 0.000001 0.000000 0.487001 -0.000001 1.000000 -0.000000 -0.000000 -0.000000 0.000000 1.000000 0.000004 0.000000 0.000000 0.000000 1.000000
1.000000 0.000001 0.000000 0.487001 -0.000001 1.000000 -0.000000 0.000000 -0.000000 0.000000 1.000000 0.000003 0.000000 0.000000 0.000000 1.000000
1.000000 0.000001 0.000000 0.487001 -0.000001 1.000000 -0.000000 -0.000000 -0.000000 0.000000 1.000000 0.000004 0.000000 0.000000 0.000000 1.000000
1.000000 0.000001 0.000000 0.487001 -0.000001 1.000000 -0.000000 -0.000000 -0.000000 0.000000 1.000000 0.000004 0.000000 0.000000 0.000000 1.000000
1.000000 0.000001 0.000000 0.487001 -0.000001 1.000000 -0.000000 -0.000000 -0.000000 0.000000 1.000000 0.000004 0.000000 0.000000 0.000000 1.000000
1.000000 0.000001 0.000000 0.487001 -0.000001 1.000000 -0.000000 0.000000 -0.000000 0.000000 1.000000 0.000003 0.000000 0.000000 0.000000 1.000000
1.000000 0.000001 0.000000 0.487001 -0.000001 1.000000 -0.000000 -0.000000 -0.000000 0.000000 1.000000 0.000004 0.000000 0.000000 0.000000 1.000000
1.000000 0.000001 0.000000 0.487001 -0.000001 1.000000 -0.000000 -0.000000 -0.000000 0.000000 1.000000 0.000004 0.000000 0.000000 0.000000 1.000000
1.000000 0.000001 0.000000 0.487001 -0.000001 1.000000 -0.000000 -0.000000 -0.000000 0.000000 1.000000 0.000004 0.000000 0.000000 0.000000 1.000000
1.000000 0.000001 0.000000 0.487001 -0.000001 1.000000 -0.000000 0.000000 -0.000000 0.000000 1.000000 0.000003 0.000000 0.000000 0.000000 1.000000
1.000000 0.000001 0.000000 0.487001 -0.000001 1.000000 -0.000000 -0.000000 -0.000000 0.000000 1.000000 0.000004 0.000000 0.000000 0.000000 1.000000
1.000000 0.000001 0.000000 0.487001 -0.000001 1.000000 -0.000000 -0.000000 -0.000000 0.000000 1.000000 0.000004 0.000000 0.000000 0.000000 1.000000
1.000000 0.000001 0.000000 0.487001 -0.000001 1.000000 -0.000000 0.000000 -0.000000 0.000000 1.000000 0.000003 0.000000 0.000000 0.000000 1.000000
1.000000 0.000001 0.000000 0.487001 -0.000001 1.000000 -0.000000 -0.000000 -0.000000 0.000000 1.000000 0.000004 0.000000 0.000000 0.000000 1.000000
1.000000 0.000001 0.000000 0.487001 -0.000001 1.000000 -0.000000 -0.000000 -0.000000 0.000000 1.000000 0.000004 0.000000 0.000000 0.000000 1.000000
1.000000 0.000001 0.000000 0.487001 -0.000001 1.000000 -0.000000 -0.000000 -0.000000 0.000000 1.000000 0.000004 0.000000 0.000000 0.000000 1.000000
1.000000 0.000001 0.000000 0.487001 -0.000001 1.000000 -0.000000 0.000000 -0.000000 0.000000 1.000000 0.000003 0.000000 0.000000 0.000000 1.000000
1.000000 0.000001 0.000000 0.487001 -0.000001 1.000000 -0.000000 -0.000000 -0.000000 0.000000 1.000000 0.000004 0.000000 0.000000 0.000000 1.000000
1.000000 0.000001 0.000000 0.487001 -0.000001 1.000000 -0.000000 -0.000000 -0.000000 0.000000 1.000000 0.000004 0.000000 0.000000 0.000000 1.000000
1.000000 0.000001 0.000000 0.487001 -0.000001 1.000000 -0.000000 -0.000000 -0.000000 0.000000 1.000000 0.000004 0.000000 0.000000 0.000000 1.000000
1.000000 0.000001 0.000000 0.487001 -0.000001 1.000000 -0.000000 0.000000 -0.000000 0.000000 1.000000 0.000003 0.000000 0.000000 0.000000 1.000000
1.000000 0.000001 0.000000 0.487001 -0.000001 1.000000 -0.000000 -0.000000 -0.000000 0.000000 1.000000 0.000004 0.000000 0.000000 0.000000 1.000000
1.000000 0.000001 0.000000 0.487001 -0.000001 1.000000 -0.000000 -0.000000 -0.000000 0.000000 1.000000 0.000004 0.000000 0.000000 0.000000 1.000000
1.000000 0.000001 0.000000 0.487001 -0.000001 1.000000 -0.000000 -0.000000 -0.000000 0.000000 1.000000 0.000004 0.000000 0.000000 0.000000 1.000000
1.000000 0.000001 0.000000 0.487001 -0.000001 1.000000 -0.000000 0.000000 -0.000000 0.000000 1.000000 0.000003 0.000000 0.000000 0.000000 1.000000
1.000000 0.000001 0.000000 0.487001 -0.000001 1.000000 -0.000000 -0.000000 -0.000000 0.000000 1.000000 0.000004 0.000000 0.000000 0.000000 1.000000
1.000000 0.000001 0.000000 0.487001 -0.000001 1.000000 -0.000000 -0.000000 -0.000000 0.000000 1.000000 0.000004 0.000000 0.000000 0.000000 1.000000
1.000000 0.000001 0.000000 0.487001 -0.000001 1.000000 -0.000000 -0.000000 -0.000000 0.000000 1.000000 0.000004 0.000000 0.000000 0.000000 1.000000
1.000000 0.000001 0.000000 0.487001 -0.000001 1.000000 -0.000000 0.000000 -0.000000 0.000000 1.000000 0.000003 0.000000 0.000000 0.000000 1.000000</float_array><technique_common><accessor source="#jnt_right_forearmroll-Matrix-animation-output-transform-array" count="30" stride="16"><param type="float4x4"/></accessor></technique_common></source><source id="jnt_right_forearmroll-Interpolations"><Name_array id="jnt_right_forearmroll-Interpolations-array" count="30">
 LINEAR LINEAR LINEAR LINEAR LINEAR LINEAR LINEAR LINEAR LINEAR LINEAR LINEAR
LINEAR LINEAR LINEAR LINEAR LINEAR LINEAR LINEAR LINEAR LINEAR LINEAR LINEAR LINEAR
LINEAR LINEAR LINEAR LINEAR LINEAR LINEAR LINEAR</Name_array><technique_common><accessor source="#jnt_right_forearmroll-Interpolations-array" count="30"><param type="name"/></accessor></technique_common></source><sampler id="jnt_right_forearmroll-Matrix-animation-transform"><input semantic="INPUT" source="#jnt_right_forearmroll-Matrix-animation-input"/><input semantic="OUTPUT" source="#jnt_right_forearmroll-Matrix-animation-output-transform"/><input semantic="INTERPOLATION" source="#jnt_right_forearmroll-Interpolations"/></sampler><channel source="#jnt_right_forearmroll-Matrix-animation-transform" target="jnt_right_forearmroll/matrix"/></animation></animation>
    <animation id="jnt_right_hand-anim" name="jnt_right_hand"><animation><source id="jnt_right_hand-Matrix-animation-input"><float_array id="jnt_right_hand-Matrix-animation-input-array" count="30">

0.033333 0.066667 0.100000 0.133333 0.166667 0.200000 0.233333 0.266667 0.300000 0.333333 0.366667 0.400000 0.433333 0.466667 0.500000 0.533333
0.566667 0.600000 0.633333 0.666667 0.700000 0.733333 0.766667 0.800000 0.833333 0.866667 0.900000 0.933333 0.966667 1.000000</float_array><technique_common><accessor source="#jnt_right_hand-Matrix-animation-input-array" count="30"><param name="TIME" type="float"/></accessor></technique_common></source><source id="jnt_right_hand-Matrix-animation-output-transform"><float_array id="jnt_right_hand-Matrix-animation-output-transform-array" count="480">

0.886858 -0.383155 -0.258216 0.975261 0.261707 0.877129 -0.402684 -0.000000 0.380779 0.289547 0.878163 0.000003 0.000000 0.000000 0.000000 1.000000
0.883906 -0.389925 -0.258203 0.975261 0.268343 0.875050 -0.402839 0.000000 0.383018 0.286785 0.878096 0.000003 0.000000 0.000000 0.000000 1.000000
0.880902 -0.396673 -0.258189 0.975261 0.274963 0.872921 -0.402994 0.000000 0.385235 0.284006 0.878029 0.000003 0.000000 0.000000 0.000000 1.000000
0.883906 -0.389925 -0.258203 0.975261 0.268343 0.875050 -0.402839 0.000000 0.383018 0.286785 0.878096 0.000003 0.000000 0.000000 0.000000 1.000000
0.886858 -0.383155 -0.258216 0.975261 0.261707 0.877129 -0.402684 -0.000000 0.380779 0.289547 0.878163 0.000003 0.000000 0.000000 0.000000 1.000000
0.883906 -0.389925 -0.258203 0.975261 0.268343 0.875050 -0.402839 0.000000 0.383018 0.286785 0.878096 0.000003 0.000000 0.000000 0.000000 1.000000
0.880902 -0.396673 -0.258189 0.975261 0.274963 0.872921 -0.402994 0.000000 0.385235 0.284006 0.878029 0.000003 0.000000 0.000000 0.000000 1.000000
0.883906 -0.389925 -0.258203 0.975261 0.268343 0.875050 -0.402839 0.000000 0.383018 0.286785 0.878096 0.000003 0.000000 0.000000 0.000000 1.000000
0.886858 -0.383155 -0.258216 0.975261 0.261707 0.877129 -0.402684 -0.000000 0.380779 0.289547 0.878163 0.000003 0.000000 0.000000 0.000000 1.000000
0.883906 -0.389925 -0.258203 0.975261 0.268343 0.875050 -0.402839 0.000000 0.383018 0.286785 0.878096 0.000003 0.000000 0.000000 0.000000 1.000000
0.880902 -0.396673 -0.258189 0.975261 0.274963 0.872921 -0.402994 0.000000 0.385235 0.284006 0.878029 0.000003 0.000000 0.000000 0.000000 1.000000
0.886858 -0.383155 -0.258216 0.975261 0.261707 0.877129 -0.402684 -0.000000 0.380779 0.289547 0.878163 0.000003 0.000000 0.000000 0.000000 1.000000
0.883906 -0.389925 -0.258203 0.975261 0.268343 0.875050 -0.402839 0.000000 0.383018 0.286785 0.878096 0.000003 0.000000 0.000000 0.000000 1.000000
0.880902 -0.396673 -0.258189 0.975261 0.274963 0.872921 -0.402994 0.000000 0.385235 0.284006 0.878029 0.000003 0.000000 0.000000 0.000000 1.000000
0.883906 -0.389925 -0.258203 0.975261 0.268343 0.875050 -0.402839 0.000000 0.383018 0.286785 0.878096 0.000003 0.000000 0.000000 0.000000 1.000000
0.886858 -0.383155 -0.258216 0.975261 0.261707 0.877129 -0.402684 -0.000000 0.380779 0.289547 0.878163 0.000003 0.000000 0.000000 0.000000 1.000000
0.883906 -0.389925 -0.258203 0.975261 0.268343 0.875050 -0.402839 0.000000 0.383018 0.286785 0.878096 0.000003 0.000000 0.000000 0.000000 1.000000
0.880902 -0.396673 -0.258189 0.975261 0.274963 0.872921 -0.402994 0.000000 0.385235 0.284006 0.878029 0.000003 0.000000 0.000000 0.000000 1.000000
0.883906 -0.389925 -0.258203 0.975261 0.268343 0.875050 -0.402839 0.000000 0.383018 0.286785 0.878096 0.000003 0.000000 0.000000 0.000000 1.000000
0.886858 -0.383155 -0.258216 0.975261 0.261707 0.877129 -0.402684 -0.000000 0.380779 0.289547 0.878163 0.000003 0.000000 0.000000 0.000000 1.000000
0.883906 -0.389925 -0.258203 0.975261 0.268343 0.875050 -0.402839 0.000000 0.383018 0.286785 0.878096 0.000003 0.000000 0.000000 0.000000 1.000000
0.880902 -0.396673 -0.258189 0.975261 0.274963 0.872921 -0.402994 0.000000 0.385235 0.284006 0.878029 0.000003 0.000000 0.000000 0.000000 1.000000
0.883906 -0.389925 -0.258203 0.975261 0.268343 0.875050 -0.402839 0.000000 0.383018 0.286785 0.878096 0.000003 0.000000 0.000000 0.000000 1.000000
0.886858 -0.383155 -0.258216 0.975261 0.261707 0.877129 -0.402684 -0.000000 0.380779 0.289547 0.878163 0.000003 0.000000 0.000000 0.000000 1.000000
0.883906 -0.389925 -0.258203 0.975261 0.268343 0.875050 -0.402839 0.000000 0.383018 0.286785 0.878096 0.000003 0.000000 0.000000 0.000000 1.000000
0.880902 -0.396673 -0.258189 0.975261 0.274963 0.872921 -0.402994 0.000000 0.385235 0.284006 0.878029 0.000003 0.000000 0.000000 0.000000 1.000000
0.883906 -0.389925 -0.258203 0.975261 0.268343 0.875050 -0.402839 0.000000 0.383018 0.286785 0.878096 0.000003 0.000000 0.000000 0.000000 1.000000
0.886858 -0.383155 -0.258216 0.975261 0.261707 0.877129 -0.402684 -0.000000 0.380779 0.289547 0.878163 0.000003 0.000000 0.000000 0.000000 1.000000
0.883906 -0.389925 -0.258203 0.975261 0.268343 0.875050 -0.402839 0.000000 0.383018 0.286785 0.878096 0.000003 0.000000 0.000000 0.000000 1.000000
0.880902 -0.396673 -0.258189 0.975261 0.274963 0.872921 -0.402994 0.000000 0.385235 0.284006 0.878029 0.000003 0.000000 0.000000 0.000000 1.000000</float_array><technique_common><accessor source="#jnt_right_hand-Matrix-animation-output-transform-array" count="30" stride="16"><param type="float4x4"/></accessor></technique_common></source><source id="jnt_right_hand-Interpolations"><Name_array id="jnt_right_hand-Interpolations-array" count="30">
 LINEAR LINEAR LINEAR LINEAR LINEAR LINEAR LINEAR LINEAR LINEAR LINEAR LINEAR
LINEAR LINEAR LINEAR LINEAR LINEAR LINEAR LINEAR LINEAR LINEAR LINEAR LINEAR LINEAR
LINEAR LINEAR LINEAR LINEAR LINEAR LINEAR LINEAR</Name_array><technique_common><accessor source="#jnt_right_hand-Interpolations-array" count="30"><param type="name"/></accessor></technique_common></source><sampler id="jnt_right_hand-Matrix-animation-transform"><input semantic="INPUT" source="#jnt_right_hand-Matrix-animation-input"/><input semantic="OUTPUT" source="#jnt_right_hand-Matrix-animation-output-transform"/><input semantic="INTERPOLATION" source="#jnt_right_hand-Interpolations"/></sampler><channel source="#jnt_right_hand-Matrix-animation-transform" target="jnt_right_hand/matrix"/></animation></animation>
    <animation id="jnt_right_handthumb1-anim" name="jnt_right_handthumb1"><animation><source id="jnt_right_handthumb1-Matrix-animation-input"><float_array id="jnt_right_handthumb1-Matrix-animation-input-array" count="30">

0.033333 0.066667 0.100000 0.133333 0.166667 0.200000 0.233333 0.266667 0.300000 0.333333 0.366667 0.400000 0.433333 0.466667 0.500000 0.533333
0.566667 0.600000 0.633333 0.666667 0.700000 0.733333 0.766667 0.800000 0.833333 0.866667 0.900000 0.933333 0.966667 1.000000</float_array><technique_common><accessor source="#jnt_right_handthumb1-Matrix-animation-input-array" count="30"><param name="TIME" type="float"/></accessor></technique_common></source><source id="jnt_right_handthumb1-Matrix-animation-output-transform"><float_array id="jnt_right_handthumb1-Matrix-animation-output-transform-array" count="480">

0.774279 -0.393889 0.495322 0.060227 0.116771 0.858174 0.499902 0.203940 -0.621978 -0.329224 0.710461 -0.155682 0.000000 0.000000 0.000000 1.000000
0.774279 -0.393889 0.495321 0.060227 0.116771 0.858174 0.499902 0.203939 -0.621978 -0.329224 0.710461 -0.155683 0.000000 0.000000 0.000000 1.000000
0.774279 -0.393889 0.495321 0.060226 0.116771 0.858174 0.499902 0.203939 -0.621978 -0.329224 0.710461 -0.155682 0.000000 0.000000 0.000000 1.000000
0.774279 -0.393889 0.495321 0.060227 0.116771 0.858174 0.499902 0.203939 -0.621978 -0.329224 0.710461 -0.155683 0.000000 0.000000 0.000000 1.000000
0.774279 -0.393889 0.495322 0.060227 0.116771 0.858174 0.499902 0.203940 -0.621978 -0.329224 0.710461 -0.155682 0.000000 0.000000 0.000000 1.000000
0.774279 -0.393889 0.495321 0.060227 0.116771 0.858174 0.499902 0.203939 -0.621978 -0.329224 0.710461 -0.155683 0.000000 0.000000 0.000000 1.000000
0.774279 -0.393889 0.495321 0.060226 0.116771 0.858174 0.499902 0.203939 -0.621978 -0.329224 0.710461 -0.155682 0.000000 0.000000 0.000000 1.000000
0.774279 -0.393889 0.495321 0.060227 0.116771 0.858174 0.499902 0.203939 -0.621978 -0.329224 0.710461 -0.155683 0.000000 0.000000 0.000000 1.000000
0.774279 -0.393889 0.495322 0.060227 0.116771 0.858174 0.499902 0.203940 -0.621978 -0.329224 0.710461 -0.155682 0.000000 0.000000 0.000000 1.000000
0.774279 -0.393889 0.495321 0.060227 0.116771 0.858174 0.499902 0.203939 -0.621978 -0.329224 0.710461 -0.155683 0.000000 0.000000 0.000000 1.000000
0.774279 -0.393889 0.495321 0.060226 0.116771 0.858174 0.499902 0.203939 -0.621978 -0.329224 0.710461 -0.155682 0.000000 0.000000 0.000000 1.000000
0.774279 -0.393889 0.495322 0.060227 0.116771 0.858174 0.499902 0.203940 -0.621978 -0.329224 0.710461 -0.155682 0.000000 0.000000 0.000000 1.000000
0.774279 -0.393889 0.495321 0.060227 0.116771 0.858174 0.499902 0.203939 -0.621978 -0.329224 0.710461 -0.155683 0.000000 0.000000 0.000000 1.000000
0.774279 -0.393889 0.495321 0.060226 0.116771 0.858174 0.499902 0.203939 -0.621978 -0.329224 0.710461 -0.155682 0.000000 0.000000 0.000000 1.000000
0.774279 -0.393889 0.495321 0.060227 0.116771 0.858174 0.499902 0.203939 -0.621978 -0.329224 0.710461 -0.155683 0.000000 0.000000 0.000000 1.000000
0.774279 -0.393889 0.495322 0.060227 0.116771 0.858174 0.499902 0.203940 -0.621978 -0.329224 0.710461 -0.155682 0.000000 0.000000 0.000000 1.000000
0.774279 -0.393889 0.495321 0.060227 0.116771 0.858174 0.499902 0.203939 -0.621978 -0.329224 0.710461 -0.155683 0.000000 0.000000 0.000000 1.000000
0.774279 -0.393889 0.495321 0.060226 0.116771 0.858174 0.499902 0.203939 -0.621978 -0.329224 0.710461 -0.155682 0.000000 0.000000 0.000000 1.000000
0.774279 -0.393889 0.495321 0.060227 0.116771 0.858174 0.499902 0.203939 -0.621978 -0.329224 0.710461 -0.155683 0.000000 0.000000 0.000000 1.000000
0.774279 -0.393889 0.495322 0.060227 0.116771 0.858174 0.499902 0.203940 -0.621978 -0.329224 0.710461 -0.155682 0.000000 0.000000 0.000000 1.000000
0.774279 -0.393889 0.495321 0.060227 0.116771 0.858174 0.499902 0.203939 -0.621978 -0.329224 0.710461 -0.155683 0.000000 0.000000 0.000000 1.000000
0.774279 -0.393889 0.495321 0.060226 0.116771 0.858174 0.499902 0.203939 -0.621978 -0.329224 0.710461 -0.155682 0.000000 0.000000 0.000000 1.000000
0.774279 -0.393889 0.495321 0.060227 0.116771 0.858174 0.499902 0.203939 -0.621978 -0.329224 0.710461 -0.155683 0.000000 0.000000 0.000000 1.000000
0.774279 -0.393889 0.495322 0.060227 0.116771 0.858174 0.499902 0.203940 -0.621978 -0.329224 0.710461 -0.155682 0.000000 0.000000 0.000000 1.000000
0.774279 -0.393889 0.495321 0.060227 0.116771 0.858174 0.499902 0.203939 -0.621978 -0.329224 0.710461 -0.155683 0.000000 0.000000 0.000000 1.000000
0.774279 -0.393889 0.495321 0.060226 0.116771 0.858174 0.499902 0.203939 -0.621978 -0.329224 0.710461 -0.155682 0.000000 0.000000 0.000000 1.000000
0.774279 -0.393889 0.495321 0.060227 0.116771 0.858174 0.499902 0.203939 -0.621978 -0.329224 0.710461 -0.155683 0.000000 0.000000 0.000000 1.000000
0.774279 -0.393889 0.495322 0.060227 0.116771 0.858174 0.499902 0.203940 -0.621978 -0.329224 0.710461 -0.155682 0.000000 0.000000 0.000000 1.000000
0.774279 -0.393889 0.495321 0.060227 0.116771 0.858174 0.499902 0.203939 -0.621978 -0.329224 0.710461 -0.155683 0.000000 0.000000 0.000000 1.000000
0.774279 -0.393889 0.495321 0.060226 0.116771 0.858174 0.499902 0.203939 -0.621978 -0.329224 0.710461 -0.155682 0.000000 0.000000 0.000000 1.000000</float_array><technique_common><accessor source="#jnt_right_handthumb1-Matrix-animation-output-transform-array" count="30" stride="16"><param type="float4x4"/></accessor></technique_common></source><source id="jnt_right_handthumb1-Interpolations"><Name_array id="jnt_right_handthumb1-Interpolations-array" count="30">
 LINEAR LINEAR LINEAR LINEAR LINEAR LINEAR LINEAR LINEAR LINEAR LINEAR LINEAR
LINEAR LINEAR LINEAR LINEAR LINEAR LINEAR LINEAR LINEAR LINEAR LINEAR LINEAR LINEAR
LINEAR LINEAR LINEAR LINEAR LINEAR LINEAR LINEAR</Name_array><technique_common><accessor source="#jnt_right_handthumb1-Interpolations-array" count="30"><param type="name"/></accessor></technique_common></source><sampler id="jnt_right_handthumb1-Matrix-animation-transform"><input semantic="INPUT" source="#jnt_right_handthumb1-Matrix-animation-input"/><input semantic="OUTPUT" source="#jnt_right_handthumb1-Matrix-animation-output-transform"/><input semantic="INTERPOLATION" source="#jnt_right_handthumb1-Interpolations"/></sampler><channel source="#jnt_right_handthumb1-Matrix-animation-transform" target="jnt_right_handthumb1/matrix"/></animation></animation>
    <animation id="jnt_right_handthumb2-anim" name="jnt_right_handthumb2"><animation><source id="jnt_right_handthumb2-Matrix-animation-input"><float_array id="jnt_right_handthumb2-Matrix-animation-input-array" count="30">

0.033333 0.066667 0.100000 0.133333 0.166667 0.200000 0.233333 0.266667 0.300000 0.333333 0.366667 0.400000 0.433333 0.466667 0.500000 0.533333
0.566667 0.600000 0.633333 0.666667 0.700000 0.733333 0.766667 0.800000 0.833333 0.866667 0.900000 0.933333 0.966667 1.000000</float_array><technique_common><accessor source="#jnt_right_handthumb2-Matrix-animation-input-array" count="30"><param name="TIME" type="float"/></accessor></technique_common></source><source id="jnt_right_handthumb2-Matrix-animation-output-transform"><float_array id="jnt_right_handthumb2-Matrix-animation-output-transform-array" count="480">

0.959263 0.282514 -0.000001 0.213224 -0.282514 0.959263 -0.000004 -0.000000 -0.000000 0.000004 1.000000 0.000000 0.000000 0.000000 0.000000 1.000000
0.959263 0.282514 -0.000001 0.213224 -0.282514 0.959263 -0.000004 0.000000 -0.000000 0.000004 1.000000 0.000000 0.000000 0.000000 0.000000 1.000000
0.959263 0.282514 -0.000001 0.213224 -0.282514 0.959263 -0.000004 -0.000002 -0.000000 0.000004 1.000000 -0.000000 0.000000 0.000000 0.000000 1.000000
0.959263 0.282514 -0.000001 0.213224 -0.282514 0.959263 -0.000004 0.000000 -0.000000 0.000004 1.000000 0.000000 0.000000 0.000000 0.000000 1.000000
0.959263 0.282514 -0.000001 0.213224 -0.282514 0.959263 -0.000004 -0.000000 -0.000000 0.000004 1.000000 0.000000 0.000000 0.000000 0.000000 1.000000
0.959263 0.282514 -0.000001 0.213224 -0.282514 0.959263 -0.000004 0.000000 -0.000000 0.000004 1.000000 0.000000 0.000000 0.000000 0.000000 1.000000
0.959263 0.282514 -0.000001 0.213224 -0.282514 0.959263 -0.000004 -0.000002 -0.000000 0.000004 1.000000 -0.000000 0.000000 0.000000 0.000000 1.000000
0.959263 0.282514 -0.000001 0.213224 -0.282514 0.959263 -0.000004 0.000000 -0.000000 0.000004 1.000000 0.000000 0.000000 0.000000 0.000000 1.000000
0.959263 0.282514 -0.000001 0.213224 -0.282514 0.959263 -0.000004 -0.000000 -0.000000 0.000004 1.000000 0.000000 0.000000 0.000000 0.000000 1.000000
0.959263 0.282514 -0.000001 0.213224 -0.282514 0.959263 -0.000004 0.000000 -0.000000 0.000004 1.000000 0.000000 0.000000 0.000000 0.000000 1.000000
0.959263 0.282514 -0.000001 0.213224 -0.282514 0.959263 -0.000004 -0.000002 -0.000000 0.000004 1.000000 -0.000000 0.000000 0.000000 0.000000 1.000000
0.959263 0.282514 -0.000001 0.213224 -0.282514 0.959263 -0.000004 -0.000000 -0.000000 0.000004 1.000000 0.000000 0.000000 0.000000 0.000000 1.000000
0.959263 0.282514 -0.000001 0.213224 -0.282514 0.959263 -0.000004 0.000000 -0.000000 0.000004 1.000000 0.000000 0.000000 0.000000 0.000000 1.000000
0.959263 0.282514 -0.000001 0.213224 -0.282514 0.959263 -0.000004 -0.000002 -0.000000 0.000004 1.000000 -0.000000 0.000000 0.000000 0.000000 1.000000
0.959263 0.282514 -0.000001 0.213224 -0.282514 0.959263 -0.000004 0.000000 -0.000000 0.000004 1.000000 0.000000 0.000000 0.000000 0.000000 1.000000
0.959263 0.282514 -0.000001 0.213224 -0.282514 0.959263 -0.000004 -0.000000 -0.000000 0.000004 1.000000 0.000000 0.000000 0.000000 0.000000 1.000000
0.959263 0.282514 -0.000001 0.213224 -0.282514 0.959263 -0.000004 0.000000 -0.000000 0.000004 1.000000 0.000000 0.000000 0.000000 0.000000 1.000000
0.959263 0.282514 -0.000001 0.213224 -0.282514 0.959263 -0.000004 -0.000002 -0.000000 0.000004 1.000000 -0.000000 0.000000 0.000000 0.000000 1.000000
0.959263 0.282514 -0.000001 0.213224 -0.282514 0.959263 -0.000004 0.000000 -0.000000 0.000004 1.000000 0.000000 0.000000 0.000000 0.000000 1.000000
0.959263 0.282514 -0.000001 0.213224 -0.282514 0.959263 -0.000004 -0.000000 -0.000000 0.000004 1.000000 0.000000 0.000000 0.000000 0.000000 1.000000
0.959263 0.282514 -0.000001 0.213224 -0.282514 0.959263 -0.000004 0.000000 -0.000000 0.000004 1.000000 0.000000 0.000000 0.000000 0.000000 1.000000
0.959263 0.282514 -0.000001 0.213224 -0.282514 0.959263 -0.000004 -0.000002 -0.000000 0.000004 1.000000 -0.000000 0.000000 0.000000 0.000000 1.000000
0.959263 0.282514 -0.000001 0.213224 -0.282514 0.959263 -0.000004 0.000000 -0.000000 0.000004 1.000000 0.000000 0.000000 0.000000 0.000000 1.000000
0.959263 0.282514 -0.000001 0.213224 -0.282514 0.959263 -0.000004 -0.000000 -0.000000 0.000004 1.000000 0.000000 0.000000 0.000000 0.000000 1.000000
0.959263 0.282514 -0.000001 0.213224 -0.282514 0.959263 -0.000004 0.000000 -0.000000 0.000004 1.000000 0.000000 0.000000 0.000000 0.000000 1.000000
0.959263 0.282514 -0.000001 0.213224 -0.282514 0.959263 -0.000004 -0.000002 -0.000000 0.000004 1.000000 -0.000000 0.000000 0.000000 0.000000 1.000000
0.959263 0.282514 -0.000001 0.213224 -0.282514 0.959263 -0.000004 0.000000 -0.000000 0.000004 1.000000 0.000000 0.000000 0.000000 0.000000 1.000000
0.959263 0.282514 -0.000001 0.213224 -0.282514 0.959263 -0.000004 -0.000000 -0.000000 0.000004 1.000000 0.000000 0.000000 0.000000 0.000000 1.000000
0.959263 0.282514 -0.000001 0.213224 -0.282514 0.959263 -0.000004 0.000000 -0.000000 0.000004 1.000000 0.000000 0.000000 0.000000 0.000000 1.000000
0.959263 0.282514 -0.000001 0.213224 -0.282514 0.959263 -0.000004 -0.000002 -0.000000 0.000004 1.000000 -0.000000 0.000000 0.000000 0.000000 1.000000</float_array><technique_common><accessor source="#jnt_right_handthumb2-Matrix-animation-output-transform-array" count="30" stride="16"><param type="float4x4"/></accessor></technique_common></source><source id="jnt_right_handthumb2-Interpolations"><Name_array id="jnt_right_handthumb2-Interpolations-array" count="30">
 LINEAR LINEAR LINEAR LINEAR LINEAR LINEAR LINEAR LINEAR LINEAR LINEAR LINEAR
LINEAR LINEAR LINEAR LINEAR LINEAR LINEAR LINEAR LINEAR LINEAR LINEAR LINEAR LINEAR
LINEAR LINEAR LINEAR LINEAR LINEAR LINEAR LINEAR</Name_array><technique_common><accessor source="#jnt_right_handthumb2-Interpolations-array" count="30"><param type="name"/></accessor></technique_common></source><sampler id="jnt_right_handthumb2-Matrix-animation-transform"><input semantic="INPUT" source="#jnt_right_handthumb2-Matrix-animation-input"/><input semantic="OUTPUT" source="#jnt_right_handthumb2-Matrix-animation-output-transform"/><input semantic="INTERPOLATION" source="#jnt_right_handthumb2-Interpolations"/></sampler><channel source="#jnt_right_handthumb2-Matrix-animation-transform" target="jnt_right_handthumb2/matrix"/></animation></animation>
    <animation id="jnt_right_handthumb3-anim" name="jnt_right_handthumb3"><animation><source id="jnt_right_handthumb3-Matrix-animation-input"><float_array id="jnt_right_handthumb3-Matrix-animation-input-array" count="30">

0.033333 0.066667 0.100000 0.133333 0.166667 0.200000 0.233333 0.266667 0.300000 0.333333 0.366667 0.400000 0.433333 0.466667 0.500000 0.533333
0.566667 0.600000 0.633333 0.666667 0.700000 0.733333 0.766667 0.800000 0.833333 0.866667 0.900000 0.933333 0.966667 1.000000</float_array><technique_common><accessor source="#jnt_right_handthumb3-Matrix-animation-input-array" count="30"><param name="TIME" type="float"/></accessor></technique_common></source><source id="jnt_right_handthumb3-Matrix-animation-output-transform"><float_array id="jnt_right_handthumb3-Matrix-animation-output-transform-array" count="480">

0.975492 0.220037 0.000001 0.141882 -0.220037 0.975492 0.000006 -0.000000 0.000000 -0.000006 1.000000 0.000023 0.000000 0.000000 0.000000 1.000000
0.975492 0.220037 0.000001 0.141882 -0.220037 0.975492 0.000006 -0.000001 0.000000 -0.000006 1.000000 0.000023 0.000000 0.000000 0.000000 1.000000
0.975492 0.220037 0.000001 0.141882 -0.220037 0.975492 0.000006 -0.000000 0.000000 -0.000006 1.000000 0.000023 0.000000 0.000000 0.000000 1.000000
0.975492 0.220037 0.000001 0.141882 -0.220037 0.975492 0.000006 -0.000001 0.000000 -0.000006 1.000000 0.000023 0.000000 0.000000 0.000000 1.000000
0.975492 0.220037 0.000001 0.141882 -0.220037 0.975492 0.000006 -0.000000 0.000000 -0.000006 1.000000 0.000023 0.000000 0.000000 0.000000 1.000000
0.975492 0.220037 0.000001 0.141882 -0.220037 0.975492 0.000006 -0.000001 0.000000 -0.000006 1.000000 0.000023 0.000000 0.000000 0.000000 1.000000
0.975492 0.220037 0.000001 0.141882 -0.220037 0.975492 0.000006 -0.000000 0.000000 -0.000006 1.000000 0.000023 0.000000 0.000000 0.000000 1.000000
0.975492 0.220037 0.000001 0.141882 -0.220037 0.975492 0.000006 -0.000001 0.000000 -0.000006 1.000000 0.000023 0.000000 0.000000 0.000000 1.000000
0.975492 0.220037 0.000001 0.141882 -0.220037 0.975492 0.000006 -0.000000 0.000000 -0.000006 1.000000 0.000023 0.000000 0.000000 0.000000 1.000000
0.975492 0.220037 0.000001 0.141882 -0.220037 0.975492 0.000006 -0.000001 0.000000 -0.000006 1.000000 0.000023 0.000000 0.000000 0.000000 1.000000
0.975492 0.220037 0.000001 0.141882 -0.220037 0.975492 0.000006 -0.000000 0.000000 -0.000006 1.000000 0.000023 0.000000 0.000000 0.000000 1.000000
0.975492 0.220037 0.000001 0.141882 -0.220037 0.975492 0.000006 -0.000000 0.000000 -0.000006 1.000000 0.000023 0.000000 0.000000 0.000000 1.000000
0.975492 0.220037 0.000001 0.141882 -0.220037 0.975492 0.000006 -0.000001 0.000000 -0.000006 1.000000 0.000023 0.000000 0.000000 0.000000 1.000000
0.975492 0.220037 0.000001 0.141882 -0.220037 0.975492 0.000006 -0.000000 0.000000 -0.000006 1.000000 0.000023 0.000000 0.000000 0.000000 1.000000
0.975492 0.220037 0.000001 0.141882 -0.220037 0.975492 0.000006 -0.000001 0.000000 -0.000006 1.000000 0.000023 0.000000 0.000000 0.000000 1.000000
0.975492 0.220037 0.000001 0.141882 -0.220037 0.975492 0.000006 -0.000000 0.000000 -0.000006 1.000000 0.000023 0.000000 0.000000 0.000000 1.000000
0.975492 0.220037 0.000001 0.141882 -0.220037 0.975492 0.000006 -0.000001 0.000000 -0.000006 1.000000 0.000023 0.000000 0.000000 0.000000 1.000000
0.975492 0.220037 0.000001 0.141882 -0.220037 0.975492 0.000006 -0.000000 0.000000 -0.000006 1.000000 0.000023 0.000000 0.000000 0.000000 1.000000
0.975492 0.220037 0.000001 0.141882 -0.220037 0.975492 0.000006 -0.000001 0.000000 -0.000006 1.000000 0.000023 0.000000 0.000000 0.000000 1.000000
0.975492 0.220037 0.000001 0.141882 -0.220037 0.975492 0.000006 -0.000000 0.000000 -0.000006 1.000000 0.000023 0.000000 0.000000 0.000000 1.000000
0.975492 0.220037 0.000001 0.141882 -0.220037 0.975492 0.000006 -0.000001 0.000000 -0.000006 1.000000 0.000023 0.000000 0.000000 0.000000 1.000000
0.975492 0.220037 0.000001 0.141882 -0.220037 0.975492 0.000006 -0.000000 0.000000 -0.000006 1.000000 0.000023 0.000000 0.000000 0.000000 1.000000
0.975492 0.220037 0.000001 0.141882 -0.220037 0.975492 0.000006 -0.000001 0.000000 -0.000006 1.000000 0.000023 0.000000 0.000000 0.000000 1.000000
0.975492 0.220037 0.000001 0.141882 -0.220037 0.975492 0.000006 -0.000000 0.000000 -0.000006 1.000000 0.000023 0.000000 0.000000 0.000000 1.000000
0.975492 0.220037 0.000001 0.141882 -0.220037 0.975492 0.000006 -0.000001 0.000000 -0.000006 1.000000 0.000023 0.000000 0.000000 0.000000 1.000000
0.975492 0.220037 0.000001 0.141882 -0.220037 0.975492 0.000006 -0.000000 0.000000 -0.000006 1.000000 0.000023 0.000000 0.000000 0.000000 1.000000
0.975492 0.220037 0.000001 0.141882 -0.220037 0.975492 0.000006 -0.000001 0.000000 -0.000006 1.000000 0.000023 0.000000 0.000000 0.000000 1.000000
0.975492 0.220037 0.000001 0.141882 -0.220037 0.975492 0.000006 -0.000000 0.000000 -0.000006 1.000000 0.000023 0.000000 0.000000 0.000000 1.000000
0.975492 0.220037 0.000001 0.141882 -0.220037 0.975492 0.000006 -0.000001 0.000000 -0.000006 1.000000 0.000023 0.000000 0.000000 0.000000 1.000000
0.975492 0.220037 0.000001 0.141882 -0.220037 0.975492 0.000006 -0.000000 0.000000 -0.000006 1.000000 0.000023 0.000000 0.000000 0.000000 1.000000</float_array><technique_common><accessor source="#jnt_right_handthumb3-Matrix-animation-output-transform-array" count="30" stride="16"><param type="float4x4"/></accessor></technique_common></source><source id="jnt_right_handthumb3-Interpolations"><Name_array id="jnt_right_handthumb3-Interpolations-array" count="30">
 LINEAR LINEAR LINEAR LINEAR LINEAR LINEAR LINEAR LINEAR LINEAR LINEAR LINEAR
LINEAR LINEAR LINEAR LINEAR LINEAR LINEAR LINEAR LINEAR LINEAR LINEAR LINEAR LINEAR
LINEAR LINEAR LINEAR LINEAR LINEAR LINEAR LINEAR</Name_array><technique_common><accessor source="#jnt_right_handthumb3-Interpolations-array" count="30"><param type="name"/></accessor></technique_common></source><sampler id="jnt_right_handthumb3-Matrix-animation-transform"><input semantic="INPUT" source="#jnt_right_handthumb3-Matrix-animation-input"/><input semantic="OUTPUT" source="#jnt_right_handthumb3-Matrix-animation-output-transform"/><input semantic="INTERPOLATION" source="#jnt_right_handthumb3-Interpolations"/></sampler><channel source="#jnt_right_handthumb3-Matrix-animation-transform" target="jnt_right_handthumb3/matrix"/></animation></animation>
    <animation id="jnt_right_handthumb4-anim" name="jnt_right_handthumb4"><animation><source id="jnt_right_handthumb4-Matrix-animation-input"><float_array id="jnt_right_handthumb4-Matrix-animation-input-array" count="30">

0.033333 0.066667 0.100000 0.133333 0.166667 0.200000 0.233333 0.266667 0.300000 0.333333 0.366667 0.400000 0.433333 0.466667 0.500000 0.533333
0.566667 0.600000 0.633333 0.666667 0.700000 0.733333 0.766667 0.800000 0.833333 0.866667 0.900000 0.933333 0.966667 1.000000</float_array><technique_common><accessor source="#jnt_right_handthumb4-Matrix-animation-input-array" count="30"><param name="TIME" type="float"/></accessor></technique_common></source><source id="jnt_right_handthumb4-Matrix-animation-output-transform"><float_array id="jnt_right_handthumb4-Matrix-animation-output-transform-array" count="480">

1.000000 0.000000 0.000000 0.122606 -0.000000 1.000000 0.000000 0.000000 -0.000000 -0.000000 1.000000 0.000000 0.000000 0.000000 0.000000 1.000000
1.000000 0.000000 -0.000000 0.122606 -0.000000 1.000000 -0.000000 -0.000000 -0.000000 0.000000 1.000000 0.000000 0.000000 0.000000 0.000000 1.000000
1.000000 0.000000 -0.000000 0.122606 -0.000000 1.000000 0.000000 0.000000 0.000000 -0.000000 1.000000 0.000000 0.000000 0.000000 0.000000 1.000000
1.000000 0.000000 -0.000000 0.122606 -0.000000 1.000000 -0.000000 -0.000000 -0.000000 0.000000 1.000000 0.000000 0.000000 0.000000 0.000000 1.000000
1.000000 0.000000 0.000000 0.122606 -0.000000 1.000000 0.000000 0.000000 -0.000000 -0.000000 1.000000 0.000000 0.000000 0.000000 0.000000 1.000000
1.000000 0.000000 -0.000000 0.122606 -0.000000 1.000000 -0.000000 -0.000000 -0.000000 0.000000 1.000000 0.000000 0.000000 0.000000 0.000000 1.000000
1.000000 0.000000 -0.000000 0.122606 -0.000000 1.000000 0.000000 0.000000 0.000000 -0.000000 1.000000 0.000000 0.000000 0.000000 0.000000 1.000000
1.000000 0.000000 -0.000000 0.122606 -0.000000 1.000000 -0.000000 -0.000000 -0.000000 0.000000 1.000000 0.000000 0.000000 0.000000 0.000000 1.000000
1.000000 0.000000 0.000000 0.122606 -0.000000 1.000000 0.000000 0.000000 -0.000000 -0.000000 1.000000 0.000000 0.000000 0.000000 0.000000 1.000000
1.000000 0.000000 -0.000000 0.122606 -0.000000 1.000000 -0.000000 -0.000000 -0.000000 0.000000 1.000000 0.000000 0.000000 0.000000 0.000000 1.000000
1.000000 0.000000 -0.000000 0.122606 -0.000000 1.000000 0.000000 0.000000 0.000000 -0.000000 1.000000 0.000000 0.000000 0.000000 0.000000 1.000000
1.000000 0.000000 0.000000 0.122606 -0.000000 1.000000 0.000000 0.000000 -0.000000 -0.000000 1.000000 0.000000 0.000000 0.000000 0.000000 1.000000
1.000000 0.000000 -0.000000 0.122606 -0.000000 1.000000 -0.000000 -0.000000 -0.000000 0.000000 1.000000 0.000000 0.000000 0.000000 0.000000 1.000000
1.000000 0.000000 -0.000000 0.122606 -0.000000 1.000000 0.000000 0.000000 0.000000 -0.000000 1.000000 0.000000 0.000000 0.000000 0.000000 1.000000
1.000000 0.000000 -0.000000 0.122606 -0.000000 1.000000 -0.000000 -0.000000 -0.000000 0.000000 1.000000 0.000000 0.000000 0.000000 0.000000 1.000000
1.000000 0.000000 0.000000 0.122606 -0.000000 1.000000 0.000000 0.000000 -0.000000 -0.000000 1.000000 0.000000 0.000000 0.000000 0.000000 1.000000
1.000000 0.000000 -0.000000 0.122606 -0.000000 1.000000 -0.000000 -0.000000 -0.000000 0.000000 1.000000 0.000000 0.000000 0.000000 0.000000 1.000000
1.000000 0.000000 -0.000000 0.122606 -0.000000 1.000000 0.000000 0.000000 0.000000 -0.000000 1.000000 0.000000 0.000000 0.000000 0.000000 1.000000
1.000000 0.000000 -0.000000 0.122606 -0.000000 1.000000 -0.000000 -0.000000 -0.000000 0.000000 1.000000 0.000000 0.000000 0.000000 0.000000 1.000000
1.000000 0.000000 0.000000 0.122606 -0.000000 1.000000 0.000000 0.000000 -0.000000 -0.000000 1.000000 0.000000 0.000000 0.000000 0.000000 1.000000
1.000000 0.000000 -0.000000 0.122606 -0.000000 1.000000 -0.000000 -0.000000 -0.000000 0.000000 1.000000 0.000000 0.000000 0.000000 0.000000 1.000000
1.000000 0.000000 -0.000000 0.122606 -0.000000 1.000000 0.000000 0.000000 0.000000 -0.000000 1.000000 0.000000 0.000000 0.000000 0.000000 1.000000
1.000000 0.000000 -0.000000 0.122606 -0.000000 1.000000 -0.000000 -0.000000 -0.000000 0.000000 1.000000 0.000000 0.000000 0.000000 0.000000 1.000000
1.000000 0.000000 0.000000 0.122606 -0.000000 1.000000 0.000000 0.000000 -0.000000 -0.000000 1.000000 0.000000 0.000000 0.000000 0.000000 1.000000
1.000000 0.000000 -0.000000 0.122606 -0.000000 1.000000 -0.000000 -0.000000 -0.000000 0.000000 1.000000 0.000000 0.000000 0.000000 0.000000 1.000000
1.000000 0.000000 -0.000000 0.122606 -0.000000 1.000000 0.000000 0.000000 0.000000 -0.000000 1.000000 0.000000 0.000000 0.000000 0.000000 1.000000
1.000000 0.000000 -0.000000 0.122606 -0.000000 1.000000 -0.000000 -0.000000 -0.000000 0.000000 1.000000 0.000000 0.000000 0.000000 0.000000 1.000000
1.000000 0.000000 0.000000 0.122606 -0.000000 1.000000 0.000000 0.000000 -0.000000 -0.000000 1.000000 0.000000 0.000000 0.000000 0.000000 1.000000
1.000000 0.000000 -0.000000 0.122606 -0.000000 1.000000 -0.000000 -0.000000 -0.000000 0.000000 1.000000 0.000000 0.000000 0.000000 0.000000 1.000000
1.000000 0.000000 -0.000000 0.122606 -0.000000 1.000000 0.000000 0.000000 0.000000 -0.000000 1.000000 0.000000 0.000000 0.000000 0.000000 1.000000</float_array><technique_common><accessor source="#jnt_right_handthumb4-Matrix-animation-output-transform-array" count="30" stride="16"><param type="float4x4"/></accessor></technique_common></source><source id="jnt_right_handthumb4-Interpolations"><Name_array id="jnt_right_handthumb4-Interpolations-array" count="30">
 LINEAR LINEAR LINEAR LINEAR LINEAR LINEAR LINEAR LINEAR LINEAR LINEAR LINEAR
LINEAR LINEAR LINEAR LINEAR LINEAR LINEAR LINEAR LINEAR LINEAR LINEAR LINEAR LINEAR
LINEAR LINEAR LINEAR LINEAR LINEAR LINEAR LINEAR</Name_array><technique_common><accessor source="#jnt_right_handthumb4-Interpolations-array" count="30"><param type="name"/></accessor></technique_common></source><sampler id="jnt_right_handthumb4-Matrix-animation-transform"><input semantic="INPUT" source="#jnt_right_handthumb4-Matrix-animation-input"/><input semantic="OUTPUT" source="#jnt_right_handthumb4-Matrix-animation-output-transform"/><input semantic="INTERPOLATION" source="#jnt_right_handthumb4-Interpolations"/></sampler><channel source="#jnt_right_handthumb4-Matrix-animation-transform" target="jnt_right_handthumb4/matrix"/></animation></animation>
    <animation id="jnt_right_handindex1-anim" name="jnt_right_handindex1"><animation><source id="jnt_right_handindex1-Matrix-animation-input"><float_array id="jnt_right_handindex1-Matrix-animation-input-array" count="30">

0.033333 0.066667 0.100000 0.133333 0.166667 0.200000 0.233333 0.266667 0.300000 0.333333 0.366667 0.400000 0.433333 0.466667 0.500000 0.533333
0.566667 0.600000 0.633333 0.666667 0.700000 0.733333 0.766667 0.800000 0.833333 0.866667 0.900000 0.933333 0.966667 1.000000</float_array><technique_common><accessor source="#jnt_right_handindex1-Matrix-animation-input-array" count="30"><param name="TIME" type="float"/></accessor></technique_common></source><source id="jnt_right_handindex1-Matrix-animation-output-transform"><float_array id="jnt_right_handindex1-Matrix-animation-output-transform-array" count="480">

0.947292 0.318533 0.034271 0.494372 0.023622 0.037233 -0.999027 0.203977 -0.319499 0.947180 0.027746 0.029845 0.000000 0.000000 0.000000 1.000000
0.947292 0.318533 0.034271 0.494372 0.023622 0.037233 -0.999027 0.203976 -0.319499 0.947180 0.027746 0.029845 0.000000 0.000000 0.000000 1.000000
0.947292 0.318533 0.034271 0.494373 0.023622 0.037233 -0.999027 0.203977 -0.319499 0.947180 0.027746 0.029845 0.000000 0.000000 0.000000 1.000000
0.947292 0.318533 0.034271 0.494372 0.023622 0.037233 -0.999027 0.203976 -0.319499 0.947180 0.027746 0.029845 0.000000 0.000000 0.000000 1.000000
0.947292 0.318533 0.034271 0.494372 0.023622 0.037233 -0.999027 0.203977 -0.319499 0.947180 0.027746 0.029845 0.000000 0.000000 0.000000 1.000000
0.947292 0.318533 0.034271 0.494372 0.023622 0.037233 -0.999027 0.203976 -0.319499 0.947180 0.027746 0.029845 0.000000 0.000000 0.000000 1.000000
0.947292 0.318533 0.034271 0.494373 0.023622 0.037233 -0.999027 0.203977 -0.319499 0.947180 0.027746 0.029845 0.000000 0.000000 0.000000 1.000000
0.947292 0.318533 0.034271 0.494372 0.023622 0.037233 -0.999027 0.203976 -0.319499 0.947180 0.027746 0.029845 0.000000 0.000000 0.000000 1.000000
0.947292 0.318533 0.034271 0.494372 0.023622 0.037233 -0.999027 0.203977 -0.319499 0.947180 0.027746 0.029845 0.000000 0.000000 0.000000 1.000000
0.947292 0.318533 0.034271 0.494372 0.023622 0.037233 -0.999027 0.203976 -0.319499 0.947180 0.027746 0.029845 0.000000 0.000000 0.000000 1.000000
0.947292 0.318533 0.034271 0.494373 0.023622 0.037233 -0.999027 0.203977 -0.319499 0.947180 0.027746 0.029845 0.000000 0.000000 0.000000 1.000000
0.947292 0.318533 0.034271 0.494372 0.023622 0.037233 -0.999027 0.203977 -0.319499 0.947180 0.027746 0.029845 0.000000 0.000000 0.000000 1.000000
0.947292 0.318533 0.034271 0.494372 0.023622 0.037233 -0.999027 0.203976 -0.319499 0.947180 0.027746 0.029845 0.000000 0.000000 0.000000 1.000000
0.947292 0.318533 0.034271 0.494373 0.023622 0.037233 -0.999027 0.203977 -0.319499 0.947180 0.027746 0.029845 0.000000 0.000000 0.000000 1.000000
0.947292 0.318533 0.034271 0.494372 0.023622 0.037233 -0.999027 0.203976 -0.319499 0.947180 0.027746 0.029845 0.000000 0.000000 0.000000 1.000000
0.947292 0.318533 0.034271 0.494372 0.023622 0.037233 -0.999027 0.203977 -0.319499 0.947180 0.027746 0.029845 0.000000 0.000000 0.000000 1.000000
0.947292 0.318533 0.034271 0.494372 0.023622 0.037233 -0.999027 0.203976 -0.319499 0.947180 0.027746 0.029845 0.000000 0.000000 0.000000 1.000000
0.947292 0.318533 0.034271 0.494373 0.023622 0.037233 -0.999027 0.203977 -0.319499 0.947180 0.027746 0.029845 0.000000 0.000000 0.000000 1.000000
0.947292 0.318533 0.034271 0.494372 0.023622 0.037233 -0.999027 0.203976 -0.319499 0.947180 0.027746 0.029845 0.000000 0.000000 0.000000 1.000000
0.947292 0.318533 0.034271 0.494372 0.023622 0.037233 -0.999027 0.203977 -0.319499 0.947180 0.027746 0.029845 0.000000 0.000000 0.000000 1.000000
0.947292 0.318533 0.034271 0.494372 0.023622 0.037233 -0.999027 0.203976 -0.319499 0.947180 0.027746 0.029845 0.000000 0.000000 0.000000 1.000000
0.947292 0.318533 0.034271 0.494373 0.023622 0.037233 -0.999027 0.203977 -0.319499 0.947180 0.027746 0.029845 0.000000 0.000000 0.000000 1.000000
0.947292 0.318533 0.034271 0.494372 0.023622 0.037233 -0.999027 0.203976 -0.319499 0.947180 0.027746 0.029845 0.000000 0.000000 0.000000 1.000000
0.947292 0.318533 0.034271 0.494372 0.023622 0.037233 -0.999027 0.203977 -0.319499 0.947180 0.027746 0.029845 0.000000 0.000000 0.000000 1.000000
0.947292 0.318533 0.034271 0.494372 0.023622 0.037233 -0.999027 0.203976 -0.319499 0.947180 0.027746 0.029845 0.000000 0.000000 0.000000 1.000000
0.947292 0.318533 0.034271 0.494373 0.023622 0.037233 -0.999027 0.203977 -0.319499 0.947180 0.027746 0.029845 0.000000 0.000000 0.000000 1.000000
0.947292 0.318533 0.034271 0.494372 0.023622 0.037233 -0.999027 0.203976 -0.319499 0.947180 0.027746 0.029845 0.000000 0.000000 0.000000 1.000000
0.947292 0.318533 0.034271 0.494372 0.023622 0.037233 -0.999027 0.203977 -0.319499 0.947180 0.027746 0.029845 0.000000 0.000000 0.000000 1.000000
0.947292 0.318533 0.034271 0.494372 0.023622 0.037233 -0.999027 0.203976 -0.319499 0.947180 0.027746 0.029845 0.000000 0.000000 0.000000 1.000000
0.947292 0.318533 0.034271 0.494373 0.023622 0.037233 -0.999027 0.203977 -0.319499 0.947180 0.027746 0.029845 0.000000 0.000000 0.000000 1.000000</float_array><technique_common><accessor source="#jnt_right_handindex1-Matrix-animation-output-transform-array" count="30" stride="16"><param type="float4x4"/></accessor></technique_common></source><source id="jnt_right_handindex1-Interpolations"><Name_array id="jnt_right_handindex1-Interpolations-array" count="30">
 LINEAR LINEAR LINEAR LINEAR LINEAR LINEAR LINEAR LINEAR LINEAR LINEAR LINEAR
LINEAR LINEAR LINEAR LINEAR LINEAR LINEAR LINEAR LINEAR LINEAR LINEAR LINEAR LINEAR
LINEAR LINEAR LINEAR LINEAR LINEAR LINEAR LINEAR</Name_array><technique_common><accessor source="#jnt_right_handindex1-Interpolations-array" count="30"><param type="name"/></accessor></technique_common></source><sampler id="jnt_right_handindex1-Matrix-animation-transform"><input semantic="INPUT" source="#jnt_right_handindex1-Matrix-animation-input"/><input semantic="OUTPUT" source="#jnt_right_handindex1-Matrix-animation-output-transform"/><input semantic="INTERPOLATION" source="#jnt_right_handindex1-Interpolations"/></sampler><channel source="#jnt_right_handindex1-Matrix-animation-transform" target="jnt_right_handindex1/matrix"/></animation></animation>
    <animation id="jnt_right_handindex2-anim" name="jnt_right_handindex2"><animation><source id="jnt_right_handindex2-Matrix-animation-input"><float_array id="jnt_right_handindex2-Matrix-animation-input-array" count="30">

0.033333 0.066667 0.100000 0.133333 0.166667 0.200000 0.233333 0.266667 0.300000 0.333333 0.366667 0.400000 0.433333 0.466667 0.500000 0.533333
0.566667 0.600000 0.633333 0.666667 0.700000 0.733333 0.766667 0.800000 0.833333 0.866667 0.900000 0.933333 0.966667 1.000000</float_array><technique_common><accessor source="#jnt_right_handindex2-Matrix-animation-input-array" count="30"><param name="TIME" type="float"/></accessor></technique_common></source><source id="jnt_right_handindex2-Matrix-animation-output-transform"><float_array id="jnt_right_handindex2-Matrix-animation-output-transform-array" count="480">

0.956203 0.292705 -0.000000 0.145440 -0.292705 0.956203 -0.000001 -0.001121 -0.000000 0.000001 1.000000 -0.000039 0.000000 0.000000 0.000000 1.000000
0.956203 0.292705 -0.000000 0.145440 -0.292705 0.956203 -0.000001 -0.001121 -0.000000 0.000001 1.000000 -0.000039 0.000000 0.000000 0.000000 1.000000
0.956203 0.292705 -0.000000 0.145440 -0.292705 0.956203 -0.000001 -0.001121 -0.000000 0.000001 1.000000 -0.000039 0.000000 0.000000 0.000000 1.000000
0.956203 0.292705 -0.000000 0.145440 -0.292705 0.956203 -0.000001 -0.001121 -0.000000 0.000001 1.000000 -0.000039 0.000000 0.000000 0.000000 1.000000
0.956203 0.292705 -0.000000 0.145440 -0.292705 0.956203 -0.000001 -0.001121 -0.000000 0.000001 1.000000 -0.000039 0.000000 0.000000 0.000000 1.000000
0.956203 0.292705 -0.000000 0.145440 -0.292705 0.956203 -0.000001 -0.001121 -0.000000 0.000001 1.000000 -0.000039 0.000000 0.000000 0.000000 1.000000
0.956203 0.292705 -0.000000 0.145440 -0.292705 0.956203 -0.000001 -0.001121 -0.000000 0.000001 1.000000 -0.000039 0.000000 0.000000 0.000000 1.000000
0.956203 0.292705 -0.000000 0.145440 -0.292705 0.956203 -0.000001 -0.001121 -0.000000 0.000001 1.000000 -0.000039 0.000000 0.000000 0.000000 1.000000
0.956203 0.292705 -0.000000 0.145440 -0.292705 0.956203 -0.000001 -0.001121 -0.000000 0.000001 1.000000 -0.000039 0.000000 0.000000 0.000000 1.000000
0.956203 0.292705 -0.000000 0.145440 -0.292705 0.956203 -0.000001 -0.001121 -0.000000 0.000001 1.000000 -0.000039 0.000000 0.000000 0.000000 1.000000
0.956203 0.292705 -0.000000 0.145440 -0.292705 0.956203 -0.000001 -0.001121 -0.000000 0.000001 1.000000 -0.000039 0.000000 0.000000 0.000000 1.000000
0.956203 0.292705 -0.000000 0.145440 -0.292705 0.956203 -0.000001 -0.001121 -0.000000 0.000001 1.000000 -0.000039 0.000000 0.000000 0.000000 1.000000
0.956203 0.292705 -0.000000 0.145440 -0.292705 0.956203 -0.000001 -0.001121 -0.000000 0.000001 1.000000 -0.000039 0.000000 0.000000 0.000000 1.000000
0.956203 0.292705 -0.000000 0.145440 -0.292705 0.956203 -0.000001 -0.001121 -0.000000 0.000001 1.000000 -0.000039 0.000000 0.000000 0.000000 1.000000
0.956203 0.292705 -0.000000 0.145440 -0.292705 0.956203 -0.000001 -0.001121 -0.000000 0.000001 1.000000 -0.000039 0.000000 0.000000 0.000000 1.000000
0.956203 0.292705 -0.000000 0.145440 -0.292705 0.956203 -0.000001 -0.001121 -0.000000 0.000001 1.000000 -0.000039 0.000000 0.000000 0.000000 1.000000
0.956203 0.292705 -0.000000 0.145440 -0.292705 0.956203 -0.000001 -0.001121 -0.000000 0.000001 1.000000 -0.000039 0.000000 0.000000 0.000000 1.000000
0.956203 0.292705 -0.000000 0.145440 -0.292705 0.956203 -0.000001 -0.001121 -0.000000 0.000001 1.000000 -0.000039 0.000000 0.000000 0.000000 1.000000
0.956203 0.292705 -0.000000 0.145440 -0.292705 0.956203 -0.000001 -0.001121 -0.000000 0.000001 1.000000 -0.000039 0.000000 0.000000 0.000000 1.000000
0.956203 0.292705 -0.000000 0.145440 -0.292705 0.956203 -0.000001 -0.001121 -0.000000 0.000001 1.000000 -0.000039 0.000000 0.000000 0.000000 1.000000
0.956203 0.292705 -0.000000 0.145440 -0.292705 0.956203 -0.000001 -0.001121 -0.000000 0.000001 1.000000 -0.000039 0.000000 0.000000 0.000000 1.000000
0.956203 0.292705 -0.000000 0.145440 -0.292705 0.956203 -0.000001 -0.001121 -0.000000 0.000001 1.000000 -0.000039 0.000000 0.000000 0.000000 1.000000
0.956203 0.292705 -0.000000 0.145440 -0.292705 0.956203 -0.000001 -0.001121 -0.000000 0.000001 1.000000 -0.000039 0.000000 0.000000 0.000000 1.000000
0.956203 0.292705 -0.000000 0.145440 -0.292705 0.956203 -0.000001 -0.001121 -0.000000 0.000001 1.000000 -0.000039 0.000000 0.000000 0.000000 1.000000
0.956203 0.292705 -0.000000 0.145440 -0.292705 0.956203 -0.000001 -0.001121 -0.000000 0.000001 1.000000 -0.000039 0.000000 0.000000 0.000000 1.000000
0.956203 0.292705 -0.000000 0.145440 -0.292705 0.956203 -0.000001 -0.001121 -0.000000 0.000001 1.000000 -0.000039 0.000000 0.000000 0.000000 1.000000
0.956203 0.292705 -0.000000 0.145440 -0.292705 0.956203 -0.000001 -0.001121 -0.000000 0.000001 1.000000 -0.000039 0.000000 0.000000 0.000000 1.000000
0.956203 0.292705 -0.000000 0.145440 -0.292705 0.956203 -0.000001 -0.001121 -0.000000 0.000001 1.000000 -0.000039 0.000000 0.000000 0.000000 1.000000
0.956203 0.292705 -0.000000 0.145440 -0.292705 0.956203 -0.000001 -0.001121 -0.000000 0.000001 1.000000 -0.000039 0.000000 0.000000 0.000000 1.000000
0.956203 0.292705 -0.000000 0.145440 -0.292705 0.956203 -0.000001 -0.001121 -0.000000 0.000001 1.000000 -0.000039 0.000000 0.000000 0.000000 1.000000</float_array><technique_common><accessor source="#jnt_right_handindex2-Matrix-animation-output-transform-array" count="30" stride="16"><param type="float4x4"/></accessor></technique_common></source><source id="jnt_right_handindex2-Interpolations"><Name_array id="jnt_right_handindex2-Interpolations-array" count="30">
 LINEAR LINEAR LINEAR LINEAR LINEAR LINEAR LINEAR LINEAR LINEAR LINEAR LINEAR
LINEAR LINEAR LINEAR LINEAR LINEAR LINEAR LINEAR LINEAR LINEAR LINEAR LINEAR LINEAR
LINEAR LINEAR LINEAR LINEAR LINEAR LINEAR LINEAR</Name_array><technique_common><accessor source="#jnt_right_handindex2-Interpolations-array" count="30"><param type="name"/></accessor></technique_common></source><sampler id="jnt_right_handindex2-Matrix-animation-transform"><input semantic="INPUT" source="#jnt_right_handindex2-Matrix-animation-input"/><input semantic="OUTPUT" source="#jnt_right_handindex2-Matrix-animation-output-transform"/><input semantic="INTERPOLATION" source="#jnt_right_handindex2-Interpolations"/></sampler><channel source="#jnt_right_handindex2-Matrix-animation-transform" target="jnt_right_handindex2/matrix"/></animation></animation>
    <animation id="jnt_right_handindex3-anim" name="jnt_right_handindex3"><animation><source id="jnt_right_handindex3-Matrix-animation-input"><float_array id="jnt_right_handindex3-Matrix-animation-input-array" count="30">

0.033333 0.066667 0.100000 0.133333 0.166667 0.200000 0.233333 0.266667 0.300000 0.333333 0.366667 0.400000 0.433333 0.466667 0.500000 0.533333
0.566667 0.600000 0.633333 0.666667 0.700000 0.733333 0.766667 0.800000 0.833333 0.866667 0.900000 0.933333 0.966667 1.000000</float_array><technique_common><accessor source="#jnt_right_handindex3-Matrix-animation-input-array" count="30"><param name="TIME" type="float"/></accessor></technique_common></source><source id="jnt_right_handindex3-Matrix-animation-output-transform"><float_array id="jnt_right_handindex3-Matrix-animation-output-transform-array" count="480">

0.992091 0.125520 -0.000000 0.093746 -0.125520 0.992091 0.000000 0.000001 0.000000 -0.000000 1.000000 0.000000 0.000000 0.000000 0.000000 1.000000
0.992091 0.125520 -0.000000 0.093746 -0.125520 0.992091 0.000000 0.000000 0.000000 -0.000000 1.000000 0.000000 0.000000 0.000000 0.000000 1.000000
0.992091 0.125520 -0.000000 0.093746 -0.125520 0.992091 0.000000 0.000000 0.000000 -0.000000 1.000000 0.000000 0.000000 0.000000 0.000000 1.000000
0.992091 0.125520 -0.000000 0.093746 -0.125520 0.992091 0.000000 0.000000 0.000000 -0.000000 1.000000 0.000000 0.000000 0.000000 0.000000 1.000000
0.992091 0.125520 -0.000000 0.093746 -0.125520 0.992091 0.000000 0.000001 0.000000 -0.000000 1.000000 0.000000 0.000000 0.000000 0.000000 1.000000
0.992091 0.125520 -0.000000 0.093746 -0.125520 0.992091 0.000000 0.000000 0.000000 -0.000000 1.000000 0.000000 0.000000 0.000000 0.000000 1.000000
0.992091 0.125520 -0.000000 0.093746 -0.125520 0.992091 0.000000 0.000000 0.000000 -0.000000 1.000000 0.000000 0.000000 0.000000 0.000000 1.000000
0.992091 0.125520 -0.000000 0.093746 -0.125520 0.992091 0.000000 0.000000 0.000000 -0.000000 1.000000 0.000000 0.000000 0.000000 0.000000 1.000000
0.992091 0.125520 -0.000000 0.093746 -0.125520 0.992091 0.000000 0.000001 0.000000 -0.000000 1.000000 0.000000 0.000000 0.000000 0.000000 1.000000
0.992091 0.125520 -0.000000 0.093746 -0.125520 0.992091 0.000000 0.000000 0.000000 -0.000000 1.000000 0.000000 0.000000 0.000000 0.000000 1.000000
0.992091 0.125520 -0.000000 0.093746 -0.125520 0.992091 0.000000 0.000000 0.000000 -0.000000 1.000000 0.000000 0.000000 0.000000 0.000000 1.000000
0.992091 0.125520 -0.000000 0.093746 -0.125520 0.992091 0.000000 0.000001 0.000000 -0.000000 1.000000 0.000000 0.000000 0.000000 0.000000 1.000000
0.992091 0.125520 -0.000000 0.093746 -0.125520 0.992091 0.000000 0.000000 0.000000 -0.000000 1.000000 0.000000 0.000000 0.000000 0.000000 1.000000
0.992091 0.125520 -0.000000 0.093746 -0.125520 0.992091 0.000000 0.000000 0.000000 -0.000000 1.000000 0.000000 0.000000 0.000000 0.000000 1.000000
0.992091 0.125520 -0.000000 0.093746 -0.125520 0.992091 0.000000 0.000000 0.000000 -0.000000 1.000000 0.000000 0.000000 0.000000 0.000000 1.000000
0.992091 0.125520 -0.000000 0.093746 -0.125520 0.992091 0.000000 0.000001 0.000000 -0.000000 1.000000 0.000000 0.000000 0.000000 0.000000 1.000000
0.992091 0.125520 -0.000000 0.093746 -0.125520 0.992091 0.000000 0.000000 0.000000 -0.000000 1.000000 0.000000 0.000000 0.000000 0.000000 1.000000
0.992091 0.125520 -0.000000 0.093746 -0.125520 0.992091 0.000000 0.000000 0.000000 -0.000000 1.000000 0.000000 0.000000 0.000000 0.000000 1.000000
0.992091 0.125520 -0.000000 0.093746 -0.125520 0.992091 0.000000 0.000000 0.000000 -0.000000 1.000000 0.000000 0.000000 0.000000 0.000000 1.000000
0.992091 0.125520 -0.000000 0.093746 -0.125520 0.992091 0.000000 0.000001 0.000000 -0.000000 1.000000 0.000000 0.000000 0.000000 0.000000 1.000000
0.992091 0.125520 -0.000000 0.093746 -0.125520 0.992091 0.000000 0.000000 0.000000 -0.000000 1.000000 0.000000 0.000000 0.000000 0.000000 1.000000
0.992091 0.125520 -0.000000 0.093746 -0.125520 0.992091 0.000000 0.000000 0.000000 -0.000000 1.000000 0.000000 0.000000 0.000000 0.000000 1.000000
0.992091 0.125520 -0.000000 0.093746 -0.125520 0.992091 0.000000 0.000000 0.000000 -0.000000 1.000000 0.000000 0.000000 0.000000 0.000000 1.000000
0.992091 0.125520 -0.000000 0.093746 -0.125520 0.992091 0.000000 0.000001 0.000000 -0.000000 1.000000 0.000000 0.000000 0.000000 0.000000 1.000000
0.992091 0.125520 -0.000000 0.093746 -0.125520 0.992091 0.000000 0.000000 0.000000 -0.000000 1.000000 0.000000 0.000000 0.000000 0.000000 1.000000
0.992091 0.125520 -0.000000 0.093746 -0.125520 0.992091 0.000000 0.000000 0.000000 -0.000000 1.000000 0.000000 0.000000 0.000000 0.000000 1.000000
0.992091 0.125520 -0.000000 0.093746 -0.125520 0.992091 0.000000 0.000000 0.000000 -0.000000 1.000000 0.000000 0.000000 0.000000 0.000000 1.000000
0.992091 0.125520 -0.000000 0.093746 -0.125520 0.992091 0.000000 0.000001 0.000000 -0.000000 1.000000 0.000000 0.000000 0.000000 0.000000 1.000000
0.992091 0.125520 -0.000000 0.093746 -0.125520 0.992091 0.000000 0.000000 0.000000 -0.000000 1.000000 0.000000 0.000000 0.000000 0.000000 1.000000
0.992091 0.125520 -0.000000 0.093746 -0.125520 0.992091 0.000000 0.000000 0.000000 -0.000000 1.000000 0.000000 0.000000 0.000000 0.000000 1.000000</float_array><technique_common><accessor source="#jnt_right_handindex3-Matrix-animation-output-transform-array" count="30" stride="16"><param type="float4x4"/></accessor></technique_common></source><source id="jnt_right_handindex3-Interpolations"><Name_array id="jnt_right_handindex3-Interpolations-array" count="30">
 LINEAR LINEAR LINEAR LINEAR LINEAR LINEAR LINEAR LINEAR LINEAR LINEAR LINEAR
LINEAR LINEAR LINEAR LINEAR LINEAR LINEAR LINEAR LINEAR LINEAR LINEAR LINEAR LINEAR
LINEAR LINEAR LINEAR LINEAR LINEAR LINEAR LINEAR</Name_array><technique_common><accessor source="#jnt_right_handindex3-Interpolations-array" count="30"><param type="name"/></accessor></technique_common></source><sampler id="jnt_right_handindex3-Matrix-animation-transform"><input semantic="INPUT" source="#jnt_right_handindex3-Matrix-animation-input"/><input semantic="OUTPUT" source="#jnt_right_handindex3-Matrix-animation-output-transform"/><input semantic="INTERPOLATION" source="#jnt_right_handindex3-Interpolations"/></sampler><channel source="#jnt_right_handindex3-Matrix-animation-transform" target="jnt_right_handindex3/matrix"/></animation></animation>
    <animation id="jnt_right_handindex4-anim" name="jnt_right_handindex4"><animation><source id="jnt_right_handindex4-Matrix-animation-input"><float_array id="jnt_right_handindex4-Matrix-animation-input-array" count="30">

0.033333 0.066667 0.100000 0.133333 0.166667 0.200000 0.233333 0.266667 0.300000 0.333333 0.366667 0.400000 0.433333 0.466667 0.500000 0.533333
0.566667 0.600000 0.633333 0.666667 0.700000 0.733333 0.766667 0.800000 0.833333 0.866667 0.900000 0.933333 0.966667 1.000000</float_array><technique_common><accessor source="#jnt_right_handindex4-Matrix-animation-input-array" count="30"><param name="TIME" type="float"/></accessor></technique_common></source><source id="jnt_right_handindex4-Matrix-animation-output-transform"><float_array id="jnt_right_handindex4-Matrix-animation-output-transform-array" count="480">

1.000000 0.000000 -0.000000 0.107088 -0.000000 1.000000 -0.000000 -0.000052 0.000000 0.000000 1.000000 0.001503 0.000000 0.000000 0.000000 1.000000
1.000000 0.000000 -0.000000 0.107088 -0.000000 1.000000 -0.000000 -0.000052 0.000000 0.000000 1.000000 0.001503 0.000000 0.000000 0.000000 1.000000
1.000000 0.000000 0.000000 0.107088 -0.000000 1.000000 -0.000000 -0.000052 -0.000000 0.000000 1.000000 0.001503 0.000000 0.000000 0.000000 1.000000
1.000000 0.000000 -0.000000 0.107088 -0.000000 1.000000 -0.000000 -0.000052 0.000000 0.000000 1.000000 0.001503 0.000000 0.000000 0.000000 1.000000
1.000000 0.000000 -0.000000 0.107088 -0.000000 1.000000 -0.000000 -0.000052 0.000000 0.000000 1.000000 0.001503 0.000000 0.000000 0.000000 1.000000
1.000000 0.000000 -0.000000 0.107088 -0.000000 1.000000 -0.000000 -0.000052 0.000000 0.000000 1.000000 0.001503 0.000000 0.000000 0.000000 1.000000
1.000000 0.000000 0.000000 0.107088 -0.000000 1.000000 -0.000000 -0.000052 -0.000000 0.000000 1.000000 0.001503 0.000000 0.000000 0.000000 1.000000
1.000000 0.000000 -0.000000 0.107088 -0.000000 1.000000 -0.000000 -0.000052 0.000000 0.000000 1.000000 0.001503 0.000000 0.000000 0.000000 1.000000
1.000000 0.000000 -0.000000 0.107088 -0.000000 1.000000 -0.000000 -0.000052 0.000000 0.000000 1.000000 0.001503 0.000000 0.000000 0.000000 1.000000
1.000000 0.000000 -0.000000 0.107088 -0.000000 1.000000 -0.000000 -0.000052 0.000000 0.000000 1.000000 0.001503 0.000000 0.000000 0.000000 1.000000
1.000000 0.000000 0.000000 0.107088 -0.000000 1.000000 -0.000000 -0.000052 -0.000000 0.000000 1.000000 0.001503 0.000000 0.000000 0.000000 1.000000
1.000000 0.000000 -0.000000 0.107088 -0.000000 1.000000 -0.000000 -0.000052 0.000000 0.000000 1.000000 0.001503 0.000000 0.000000 0.000000 1.000000
1.000000 0.000000 -0.000000 0.107088 -0.000000 1.000000 -0.000000 -0.000052 0.000000 0.000000 1.000000 0.001503 0.000000 0.000000 0.000000 1.000000
1.000000 0.000000 0.000000 0.107088 -0.000000 1.000000 -0.000000 -0.000052 -0.000000 0.000000 1.000000 0.001503 0.000000 0.000000 0.000000 1.000000
1.000000 0.000000 -0.000000 0.107088 -0.000000 1.000000 -0.000000 -0.000052 0.000000 0.000000 1.000000 0.001503 0.000000 0.000000 0.000000 1.000000
1.000000 0.000000 -0.000000 0.107088 -0.000000 1.000000 -0.000000 -0.000052 0.000000 0.000000 1.000000 0.001503 0.000000 0.000000 0.000000 1.000000
1.000000 0.000000 -0.000000 0.107088 -0.000000 1.000000 -0.000000 -0.000052 0.000000 0.000000 1.000000 0.001503 0.000000 0.000000 0.000000 1.000000
1.000000 0.000000 0.000000 0.107088 -0.000000 1.000000 -0.000000 -0.000052 -0.000000 0.000000 1.000000 0.001503 0.000000 0.000000 0.000000 1.000000
1.000000 0.000000 -0.000000 0.107088 -0.000000 1.000000 -0.000000 -0.000052 0.000000 0.000000 1.000000 0.001503 0.000000 0.000000 0.000000 1.000000
1.000000 0.000000 -0.000000 0.107088 -0.000000 1.000000 -0.000000 -0.000052 0.000000 0.000000 1.000000 0.001503 0.000000 0.000000 0.000000 1.000000
1.000000 0.000000 -0.000000 0.107088 -0.000000 1.000000 -0.000000 -0.000052 0.000000 0.000000 1.000000 0.001503 0.000000 0.000000 0.000000 1.000000
1.000000 0.000000 0.000000 0.107088 -0.000000 1.000000 -0.000000 -0.000052 -0.000000 0.000000 1.000000 0.001503 0.000000 0.000000 0.000000 1.000000
1.000000 0.000000 -0.000000 0.107088 -0.000000 1.000000 -0.000000 -0.000052 0.000000 0.000000 1.000000 0.001503 0.000000 0.000000 0.000000 1.000000
1.000000 0.000000 -0.000000 0.107088 -0.000000 1.000000 -0.000000 -0.000052 0.000000 0.000000 1.000000 0.001503 0.000000 0.000000 0.000000 1.000000
1.000000 0.000000 -0.000000 0.107088 -0.000000 1.000000 -0.000000 -0.000052 0.000000 0.000000 1.000000 0.001503 0.000000 0.000000 0.000000 1.000000
1.000000 0.000000 0.000000 0.107088 -0.000000 1.000000 -0.000000 -0.000052 -0.000000 0.000000 1.000000 0.001503 0.000000 0.000000 0.000000 1.000000
1.000000 0.000000 -0.000000 0.107088 -0.000000 1.000000 -0.000000 -0.000052 0.000000 0.000000 1.000000 0.001503 0.000000 0.000000 0.000000 1.000000
1.000000 0.000000 -0.000000 0.107088 -0.000000 1.000000 -0.000000 -0.000052 0.000000 0.000000 1.000000 0.001503 0.000000 0.000000 0.000000 1.000000
1.000000 0.000000 -0.000000 0.107088 -0.000000 1.000000 -0.000000 -0.000052 0.000000 0.000000 1.000000 0.001503 0.000000 0.000000 0.000000 1.000000
1.000000 0.000000 0.000000 0.107088 -0.000000 1.000000 -0.000000 -0.000052 -0.000000 0.000000 1.000000 0.001503 0.000000 0.000000 0.000000 1.000000</float_array><technique_common><accessor source="#jnt_right_handindex4-Matrix-animation-output-transform-array" count="30" stride="16"><param type="float4x4"/></accessor></technique_common></source><source id="jnt_right_handindex4-Interpolations"><Name_array id="jnt_right_handindex4-Interpolations-array" count="30">
 LINEAR LINEAR LINEAR LINEAR LINEAR LINEAR LINEAR LINEAR LINEAR LINEAR LINEAR
LINEAR LINEAR LINEAR LINEAR LINEAR LINEAR LINEAR LINEAR LINEAR LINEAR LINEAR LINEAR
LINEAR LINEAR LINEAR LINEAR LINEAR LINEAR LINEAR</Name_array><technique_common><accessor source="#jnt_right_handindex4-Interpolations-array" count="30"><param type="name"/></accessor></technique_common></source><sampler id="jnt_right_handindex4-Matrix-animation-transform"><input semantic="INPUT" source="#jnt_right_handindex4-Matrix-animation-input"/><input semantic="OUTPUT" source="#jnt_right_handindex4-Matrix-animation-output-transform"/><input semantic="INTERPOLATION" source="#jnt_right_handindex4-Interpolations"/></sampler><channel source="#jnt_right_handindex4-Matrix-animation-transform" target="jnt_right_handindex4/matrix"/></animation></animation>
    <animation id="jnt_right_weapon-anim" name="jnt_right_weapon"><animation><source id="jnt_right_weapon-Matrix-animation-input"><float_array id="jnt_right_weapon-Matrix-animation-input-array" count="30">

0.033333 0.066667 0.100000 0.133333 0.166667 0.200000 0.233333 0.266667 0.300000 0.333333 0.366667 0.400000 0.433333 0.466667 0.500000 0.533333
0.566667 0.600000 0.633333 0.666667 0.700000 0.733333 0.766667 0.800000 0.833333 0.866667 0.900000 0.933333 0.966667 1.000000</float_array><technique_common><accessor source="#jnt_right_weapon-Matrix-animation-input-array" count="30"><param name="TIME" type="float"/></accessor></technique_common></source><source id="jnt_right_weapon-Matrix-animation-output-transform"><float_array id="jnt_right_weapon-Matrix-animation-output-transform-array" count="480">

-0.068672 0.108968 0.991670 0.369354 0.108723 0.988914 -0.101136 0.054074 -0.991697 0.100872 -0.079758 -0.296619 0.000000 0.000000 0.000000 1.000000
-0.068672 0.108968 0.991670 0.369354 0.108723 0.988914 -0.101136 0.054074 -0.991697 0.100872 -0.079758 -0.296619 0.000000 0.000000 0.000000 1.000000
-0.068672 0.108968 0.991670 0.369354 0.108723 0.988914 -0.101136 0.054074 -0.991697 0.100872 -0.079758 -0.296619 0.000000 0.000000 0.000000 1.000000
-0.068672 0.108968 0.991670 0.369354 0.108723 0.988914 -0.101136 0.054074 -0.991697 0.100872 -0.079758 -0.296619 0.000000 0.000000 0.000000 1.000000
-0.068672 0.108968 0.991670 0.369354 0.108723 0.988914 -0.101136 0.054074 -0.991697 0.100872 -0.079758 -0.296619 0.000000 0.000000 0.000000 1.000000
-0.068672 0.108968 0.991670 0.369354 0.108723 0.988914 -0.101136 0.054074 -0.991697 0.100872 -0.079758 -0.296619 0.000000 0.000000 0.000000 1.000000
-0.068672 0.108968 0.991670 0.369354 0.108723 0.988914 -0.101136 0.054074 -0.991697 0.100872 -0.079758 -0.296619 0.000000 0.000000 0.000000 1.000000
-0.068672 0.108968 0.991670 0.369354 0.108723 0.988914 -0.101136 0.054074 -0.991697 0.100872 -0.079758 -0.296619 0.000000 0.000000 0.000000 1.000000
-0.068672 0.108968 0.991670 0.369354 0.108723 0.988914 -0.101136 0.054074 -0.991697 0.100872 -0.079758 -0.296619 0.000000 0.000000 0.000000 1.000000
-0.068672 0.108968 0.991670 0.369354 0.108723 0.988914 -0.101136 0.054074 -0.991697 0.100872 -0.079758 -0.296619 0.000000 0.000000 0.000000 1.000000
-0.068672 0.108968 0.991670 0.369354 0.108723 0.988914 -0.101136 0.054074 -0.991697 0.100872 -0.079758 -0.296619 0.000000 0.000000 0.000000 1.000000
-0.068672 0.108968 0.991670 0.369354 0.108723 0.988914 -0.101136 0.054074 -0.991697 0.100872 -0.079758 -0.296619 0.000000 0.000000 0.000000 1.000000
-0.068672 0.108968 0.991670 0.369354 0.108723 0.988914 -0.101136 0.054074 -0.991697 0.100872 -0.079758 -0.296619 0.000000 0.000000 0.000000 1.000000
-0.068672 0.108968 0.991670 0.369354 0.108723 0.988914 -0.101136 0.054074 -0.991697 0.100872 -0.079758 -0.296619 0.000000 0.000000 0.000000 1.000000
-0.068672 0.108968 0.991670 0.369354 0.108723 0.988914 -0.101136 0.054074 -0.991697 0.100872 -0.079758 -0.296619 0.000000 0.000000 0.000000 1.000000
-0.068672 0.108968 0.991670 0.369354 0.108723 0.988914 -0.101136 0.054074 -0.991697 0.100872 -0.079758 -0.296619 0.000000 0.000000 0.000000 1.000000
-0.068672 0.108968 0.991670 0.369354 0.108723 0.988914 -0.101136 0.054074 -0.991697 0.100872 -0.079758 -0.296619 0.000000 0.000000 0.000000 1.000000
-0.068672 0.108968 0.991670 0.369354 0.108723 0.988914 -0.101136 0.054074 -0.991697 0.100872 -0.079758 -0.296619 0.000000 0.000000 0.000000 1.000000
-0.068672 0.108968 0.991670 0.369354 0.108723 0.988914 -0.101136 0.054074 -0.991697 0.100872 -0.079758 -0.296619 0.000000 0.000000 0.000000 1.000000
-0.068672 0.108968 0.991670 0.369354 0.108723 0.988914 -0.101136 0.054074 -0.991697 0.100872 -0.079758 -0.296619 0.000000 0.000000 0.000000 1.000000
-0.068672 0.108968 0.991670 0.369354 0.108723 0.988914 -0.101136 0.054074 -0.991697 0.100872 -0.079758 -0.296619 0.000000 0.000000 0.000000 1.000000
-0.068672 0.108968 0.991670 0.369354 0.108723 0.988914 -0.101136 0.054074 -0.991697 0.100872 -0.079758 -0.296619 0.000000 0.000000 0.000000 1.000000
-0.068672 0.108968 0.991670 0.369354 0.108723 0.988914 -0.101136 0.054074 -0.991697 0.100872 -0.079758 -0.296619 0.000000 0.000000 0.000000 1.000000
-0.068672 0.108968 0.991670 0.369354 0.108723 0.988914 -0.101136 0.054074 -0.991697 0.100872 -0.079758 -0.296619 0.000000 0.000000 0.000000 1.000000
-0.068672 0.108968 0.991670 0.369354 0.108723 0.988914 -0.101136 0.054074 -0.991697 0.100872 -0.079758 -0.296619 0.000000 0.000000 0.000000 1.000000
-0.068672 0.108968 0.991670 0.369354 0.108723 0.988914 -0.101136 0.054074 -0.991697 0.100872 -0.079758 -0.296619 0.000000 0.000000 0.000000 1.000000
-0.068672 0.108968 0.991670 0.369354 0.108723 0.988914 -0.101136 0.054074 -0.991697 0.100872 -0.079758 -0.296619 0.000000 0.000000 0.000000 1.000000
-0.068672 0.108968 0.991670 0.369354 0.108723 0.988914 -0.101136 0.054074 -0.991697 0.100872 -0.079758 -0.296619 0.000000 0.000000 0.000000 1.000000
-0.068672 0.108968 0.991670 0.369354 0.108723 0.988914 -0.101136 0.054074 -0.991697 0.100872 -0.079758 -0.296619 0.000000 0.000000 0.000000 1.000000
-0.068672 0.108968 0.991670 0.369354 0.108723 0.988914 -0.101136 0.054074 -0.991697 0.100872 -0.079758 -0.296619 0.000000 0.000000 0.000000 1.000000</float_array><technique_common><accessor source="#jnt_right_weapon-Matrix-animation-output-transform-array" count="30" stride="16"><param type="float4x4"/></accessor></technique_common></source><source id="jnt_right_weapon-Interpolations"><Name_array id="jnt_right_weapon-Interpolations-array" count="30">
 LINEAR LINEAR LINEAR LINEAR LINEAR LINEAR LINEAR LINEAR LINEAR LINEAR LINEAR
LINEAR LINEAR LINEAR LINEAR LINEAR LINEAR LINEAR LINEAR LINEAR LINEAR LINEAR LINEAR
LINEAR LINEAR LINEAR LINEAR LINEAR LINEAR LINEAR</Name_array><technique_common><accessor source="#jnt_right_weapon-Interpolations-array" count="30"><param type="name"/></accessor></technique_common></source><sampler id="jnt_right_weapon-Matrix-animation-transform"><input semantic="INPUT" source="#jnt_right_weapon-Matrix-animation-input"/><input semantic="OUTPUT" source="#jnt_right_weapon-Matrix-animation-output-transform"/><input semantic="INTERPOLATION" source="#jnt_right_weapon-Interpolations"/></sampler><channel source="#jnt_right_weapon-Matrix-animation-transform" target="jnt_right_weapon/matrix"/></animation></animation>
    <animation id="jnt_right_handmiddle1-anim" name="jnt_right_handmiddle1"><animation><source id="jnt_right_handmiddle1-Matrix-animation-input"><float_array id="jnt_right_handmiddle1-Matrix-animation-input-array" count="30">

0.033333 0.066667 0.100000 0.133333 0.166667 0.200000 0.233333 0.266667 0.300000 0.333333 0.366667 0.400000 0.433333 0.466667 0.500000 0.533333
0.566667 0.600000 0.633333 0.666667 0.700000 0.733333 0.766667 0.800000 0.833333 0.866667 0.900000 0.933333 0.966667 1.000000</float_array><technique_common><accessor source="#jnt_right_handmiddle1-Matrix-animation-input-array" count="30"><param name="TIME" type="float"/></accessor></technique_common></source><source id="jnt_right_handmiddle1-Matrix-animation-output-transform"><float_array id="jnt_right_handmiddle1-Matrix-animation-output-transform-array" count="480">

0.567422 0.820600 -0.068176 0.489245 -0.039021 -0.055905 -0.997673 0.062066 -0.822502 0.568762 0.000299 0.036303 0.000000 0.000000 0.000000 1.000000
0.567422 0.820600 -0.068176 0.489245 -0.039021 -0.055905 -0.997673 0.062065 -0.822502 0.568762 0.000299 0.036302 0.000000 0.000000 0.000000 1.000000
0.567422 0.820600 -0.068176 0.489245 -0.039021 -0.055905 -0.997673 0.062066 -0.822502 0.568762 0.000299 0.036302 0.000000 0.000000 0.000000 1.000000
0.567422 0.820600 -0.068176 0.489245 -0.039021 -0.055905 -0.997673 0.062065 -0.822502 0.568762 0.000299 0.036302 0.000000 0.000000 0.000000 1.000000
0.567422 0.820600 -0.068176 0.489245 -0.039021 -0.055905 -0.997673 0.062066 -0.822502 0.568762 0.000299 0.036303 0.000000 0.000000 0.000000 1.000000
0.567422 0.820600 -0.068176 0.489245 -0.039021 -0.055905 -0.997673 0.062065 -0.822502 0.568762 0.000299 0.036302 0.000000 0.000000 0.000000 1.000000
0.567422 0.820600 -0.068176 0.489245 -0.039021 -0.055905 -0.997673 0.062066 -0.822502 0.568762 0.000299 0.036302 0.000000 0.000000 0.000000 1.000000
0.567422 0.820600 -0.068176 0.489245 -0.039021 -0.055905 -0.997673 0.062065 -0.822502 0.568762 0.000299 0.036302 0.000000 0.000000 0.000000 1.000000
0.567422 0.820600 -0.068176 0.489245 -0.039021 -0.055905 -0.997673 0.062066 -0.822502 0.568762 0.000299 0.036303 0.000000 0.000000 0.000000 1.000000
0.567422 0.820600 -0.068176 0.489245 -0.039021 -0.055905 -0.997673 0.062065 -0.822502 0.568762 0.000299 0.036302 0.000000 0.000000 0.000000 1.000000
0.567422 0.820600 -0.068176 0.489245 -0.039021 -0.055905 -0.997673 0.062066 -0.822502 0.568762 0.000299 0.036302 0.000000 0.000000 0.000000 1.000000
0.567422 0.820600 -0.068176 0.489245 -0.039021 -0.055905 -0.997673 0.062066 -0.822502 0.568762 0.000299 0.036303 0.000000 0.000000 0.000000 1.000000
0.567422 0.820600 -0.068176 0.489245 -0.039021 -0.055905 -0.997673 0.062065 -0.822502 0.568762 0.000299 0.036302 0.000000 0.000000 0.000000 1.000000
0.567422 0.820600 -0.068176 0.489245 -0.039021 -0.055905 -0.997673 0.062066 -0.822502 0.568762 0.000299 0.036302 0.000000 0.000000 0.000000 1.000000
0.567422 0.820600 -0.068176 0.489245 -0.039021 -0.055905 -0.997673 0.062065 -0.822502 0.568762 0.000299 0.036302 0.000000 0.000000 0.000000 1.000000
0.567422 0.820600 -0.068176 0.489245 -0.039021 -0.055905 -0.997673 0.062066 -0.822502 0.568762 0.000299 0.036303 0.000000 0.000000 0.000000 1.000000
0.567422 0.820600 -0.068176 0.489245 -0.039021 -0.055905 -0.997673 0.062065 -0.822502 0.568762 0.000299 0.036302 0.000000 0.000000 0.000000 1.000000
0.567422 0.820600 -0.068176 0.489245 -0.039021 -0.055905 -0.997673 0.062066 -0.822502 0.568762 0.000299 0.036302 0.000000 0.000000 0.000000 1.000000
0.567422 0.820600 -0.068176 0.489245 -0.039021 -0.055905 -0.997673 0.062065 -0.822502 0.568762 0.000299 0.036302 0.000000 0.000000 0.000000 1.000000
0.567422 0.820600 -0.068176 0.489245 -0.039021 -0.055905 -0.997673 0.062066 -0.822502 0.568762 0.000299 0.036303 0.000000 0.000000 0.000000 1.000000
0.567422 0.820600 -0.068176 0.489245 -0.039021 -0.055905 -0.997673 0.062065 -0.822502 0.568762 0.000299 0.036302 0.000000 0.000000 0.000000 1.000000
0.567422 0.820600 -0.068176 0.489245 -0.039021 -0.055905 -0.997673 0.062066 -0.822502 0.568762 0.000299 0.036302 0.000000 0.000000 0.000000 1.000000
0.567422 0.820600 -0.068176 0.489245 -0.039021 -0.055905 -0.997673 0.062065 -0.822502 0.568762 0.000299 0.036302 0.000000 0.000000 0.000000 1.000000
0.567422 0.820600 -0.068176 0.489245 -0.039021 -0.055905 -0.997673 0.062066 -0.822502 0.568762 0.000299 0.036303 0.000000 0.000000 0.000000 1.000000
0.567422 0.820600 -0.068176 0.489245 -0.039021 -0.055905 -0.997673 0.062065 -0.822502 0.568762 0.000299 0.036302 0.000000 0.000000 0.000000 1.000000
0.567422 0.820600 -0.068176 0.489245 -0.039021 -0.055905 -0.997673 0.062066 -0.822502 0.568762 0.000299 0.036302 0.000000 0.000000 0.000000 1.000000
0.567422 0.820600 -0.068176 0.489245 -0.039021 -0.055905 -0.997673 0.062065 -0.822502 0.568762 0.000299 0.036302 0.000000 0.000000 0.000000 1.000000
0.567422 0.820600 -0.068176 0.489245 -0.039021 -0.055905 -0.997673 0.062066 -0.822502 0.568762 0.000299 0.036303 0.000000 0.000000 0.000000 1.000000
0.567422 0.820600 -0.068176 0.489245 -0.039021 -0.055905 -0.997673 0.062065 -0.822502 0.568762 0.000299 0.036302 0.000000 0.000000 0.000000 1.000000
0.567422 0.820600 -0.068176 0.489245 -0.039021 -0.055905 -0.997673 0.062066 -0.822502 0.568762 0.000299 0.036302 0.000000 0.000000 0.000000 1.000000</float_array><technique_common><accessor source="#jnt_right_handmiddle1-Matrix-animation-output-transform-array" count="30" stride="16"><param type="float4x4"/></accessor></technique_common></source><source id="jnt_right_handmiddle1-Interpolations"><Name_array id="jnt_right_handmiddle1-Interpolations-array" count="30">
 LINEAR LINEAR LINEAR LINEAR LINEAR LINEAR LINEAR LINEAR LINEAR LINEAR LINEAR
LINEAR LINEAR LINEAR LINEAR LINEAR LINEAR LINEAR LINEAR LINEAR LINEAR LINEAR LINEAR
LINEAR LINEAR LINEAR LINEAR LINEAR LINEAR LINEAR</Name_array><technique_common><accessor source="#jnt_right_handmiddle1-Interpolations-array" count="30"><param type="name"/></accessor></technique_common></source><sampler id="jnt_right_handmiddle1-Matrix-animation-transform"><input semantic="INPUT" source="#jnt_right_handmiddle1-Matrix-animation-input"/><input semantic="OUTPUT" source="#jnt_right_handmiddle1-Matrix-animation-output-transform"/><input semantic="INTERPOLATION" source="#jnt_right_handmiddle1-Interpolations"/></sampler><channel source="#jnt_right_handmiddle1-Matrix-animation-transform" target="jnt_right_handmiddle1/matrix"/></animation></animation>
    <animation id="jnt_right_handmiddle2-anim" name="jnt_right_handmiddle2"><animation><source id="jnt_right_handmiddle2-Matrix-animation-input"><float_array id="jnt_right_handmiddle2-Matrix-animation-input-array" count="30">

0.033333 0.066667 0.100000 0.133333 0.166667 0.200000 0.233333 0.266667 0.300000 0.333333 0.366667 0.400000 0.433333 0.466667 0.500000 0.533333
0.566667 0.600000 0.633333 0.666667 0.700000 0.733333 0.766667 0.800000 0.833333 0.866667 0.900000 0.933333 0.966667 1.000000</float_array><technique_common><accessor source="#jnt_right_handmiddle2-Matrix-animation-input-array" count="30"><param name="TIME" type="float"/></accessor></technique_common></source><source id="jnt_right_handmiddle2-Matrix-animation-output-transform"><float_array id="jnt_right_handmiddle2-Matrix-animation-output-transform-array" count="480">

0.940502 0.339787 -0.000000 0.176685 -0.339787 0.940502 -0.000000 0.000000 0.000000 0.000000 1.000000 -0.000000 0.000000 0.000000 0.000000 1.000000
0.940502 0.339787 -0.000000 0.176685 -0.339787 0.940502 -0.000000 0.000000 0.000000 0.000000 1.000000 -0.000000 0.000000 0.000000 0.000000 1.000000
0.940502 0.339787 -0.000000 0.176685 -0.339787 0.940502 -0.000000 0.000000 0.000000 0.000000 1.000000 0.000000 0.000000 0.000000 0.000000 1.000000
0.940502 0.339787 -0.000000 0.176685 -0.339787 0.940502 -0.000000 0.000000 0.000000 0.000000 1.000000 -0.000000 0.000000 0.000000 0.000000 1.000000
0.940502 0.339787 -0.000000 0.176685 -0.339787 0.940502 -0.000000 0.000000 0.000000 0.000000 1.000000 -0.000000 0.000000 0.000000 0.000000 1.000000
0.940502 0.339787 -0.000000 0.176685 -0.339787 0.940502 -0.000000 0.000000 0.000000 0.000000 1.000000 -0.000000 0.000000 0.000000 0.000000 1.000000
0.940502 0.339787 -0.000000 0.176685 -0.339787 0.940502 -0.000000 0.000000 0.000000 0.000000 1.000000 0.000000 0.000000 0.000000 0.000000 1.000000
0.940502 0.339787 -0.000000 0.176685 -0.339787 0.940502 -0.000000 0.000000 0.000000 0.000000 1.000000 -0.000000 0.000000 0.000000 0.000000 1.000000
0.940502 0.339787 -0.000000 0.176685 -0.339787 0.940502 -0.000000 0.000000 0.000000 0.000000 1.000000 -0.000000 0.000000 0.000000 0.000000 1.000000
0.940502 0.339787 -0.000000 0.176685 -0.339787 0.940502 -0.000000 0.000000 0.000000 0.000000 1.000000 -0.000000 0.000000 0.000000 0.000000 1.000000
0.940502 0.339787 -0.000000 0.176685 -0.339787 0.940502 -0.000000 0.000000 0.000000 0.000000 1.000000 0.000000 0.000000 0.000000 0.000000 1.000000
0.940502 0.339787 -0.000000 0.176685 -0.339787 0.940502 -0.000000 0.000000 0.000000 0.000000 1.000000 -0.000000 0.000000 0.000000 0.000000 1.000000
0.940502 0.339787 -0.000000 0.176685 -0.339787 0.940502 -0.000000 0.000000 0.000000 0.000000 1.000000 -0.000000 0.000000 0.000000 0.000000 1.000000
0.940502 0.339787 -0.000000 0.176685 -0.339787 0.940502 -0.000000 0.000000 0.000000 0.000000 1.000000 0.000000 0.000000 0.000000 0.000000 1.000000
0.940502 0.339787 -0.000000 0.176685 -0.339787 0.940502 -0.000000 0.000000 0.000000 0.000000 1.000000 -0.000000 0.000000 0.000000 0.000000 1.000000
0.940502 0.339787 -0.000000 0.176685 -0.339787 0.940502 -0.000000 0.000000 0.000000 0.000000 1.000000 -0.000000 0.000000 0.000000 0.000000 1.000000
0.940502 0.339787 -0.000000 0.176685 -0.339787 0.940502 -0.000000 0.000000 0.000000 0.000000 1.000000 -0.000000 0.000000 0.000000 0.000000 1.000000
0.940502 0.339787 -0.000000 0.176685 -0.339787 0.940502 -0.000000 0.000000 0.000000 0.000000 1.000000 0.000000 0.000000 0.000000 0.000000 1.000000
0.940502 0.339787 -0.000000 0.176685 -0.339787 0.940502 -0.000000 0.000000 0.000000 0.000000 1.000000 -0.000000 0.000000 0.000000 0.000000 1.000000
0.940502 0.339787 -0.000000 0.176685 -0.339787 0.940502 -0.000000 0.000000 0.000000 0.000000 1.000000 -0.000000 0.000000 0.000000 0.000000 1.000000
0.940502 0.339787 -0.000000 0.176685 -0.339787 0.940502 -0.000000 0.000000 0.000000 0.000000 1.000000 -0.000000 0.000000 0.000000 0.000000 1.000000
0.940502 0.339787 -0.000000 0.176685 -0.339787 0.940502 -0.000000 0.000000 0.000000 0.000000 1.000000 0.000000 0.000000 0.000000 0.000000 1.000000
0.940502 0.339787 -0.000000 0.176685 -0.339787 0.940502 -0.000000 0.000000 0.000000 0.000000 1.000000 -0.000000 0.000000 0.000000 0.000000 1.000000
0.940502 0.339787 -0.000000 0.176685 -0.339787 0.940502 -0.000000 0.000000 0.000000 0.000000 1.000000 -0.000000 0.000000 0.000000 0.000000 1.000000
0.940502 0.339787 -0.000000 0.176685 -0.339787 0.940502 -0.000000 0.000000 0.000000 0.000000 1.000000 -0.000000 0.000000 0.000000 0.000000 1.000000
0.940502 0.339787 -0.000000 0.176685 -0.339787 0.940502 -0.000000 0.000000 0.000000 0.000000 1.000000 0.000000 0.000000 0.000000 0.000000 1.000000
0.940502 0.339787 -0.000000 0.176685 -0.339787 0.940502 -0.000000 0.000000 0.000000 0.000000 1.000000 -0.000000 0.000000 0.000000 0.000000 1.000000
0.940502 0.339787 -0.000000 0.176685 -0.339787 0.940502 -0.000000 0.000000 0.000000 0.000000 1.000000 -0.000000 0.000000 0.000000 0.000000 1.000000
0.940502 0.339787 -0.000000 0.176685 -0.339787 0.940502 -0.000000 0.000000 0.000000 0.000000 1.000000 -0.000000 0.000000 0.000000 0.000000 1.000000
0.940502 0.339787 -0.000000 0.176685 -0.339787 0.940502 -0.000000 0.000000 0.000000 0.000000 1.000000 0.000000 0.000000 0.000000 0.000000 1.000000</float_array><technique_common><accessor source="#jnt_right_handmiddle2-Matrix-animation-output-transform-array" count="30" stride="16"><param type="float4x4"/></accessor></technique_common></source><source id="jnt_right_handmiddle2-Interpolations"><Name_array id="jnt_right_handmiddle2-Interpolations-array" count="30">
 LINEAR LINEAR LINEAR LINEAR LINEAR LINEAR LINEAR LINEAR LINEAR LINEAR LINEAR
LINEAR LINEAR LINEAR LINEAR LINEAR LINEAR LINEAR LINEAR LINEAR LINEAR LINEAR LINEAR
LINEAR LINEAR LINEAR LINEAR LINEAR LINEAR LINEAR</Name_array><technique_common><accessor source="#jnt_right_handmiddle2-Interpolations-array" count="30"><param type="name"/></accessor></technique_common></source><sampler id="jnt_right_handmiddle2-Matrix-animation-transform"><input semantic="INPUT" source="#jnt_right_handmiddle2-Matrix-animation-input"/><input semantic="OUTPUT" source="#jnt_right_handmiddle2-Matrix-animation-output-transform"/><input semantic="INTERPOLATION" source="#jnt_right_handmiddle2-Interpolations"/></sampler><channel source="#jnt_right_handmiddle2-Matrix-animation-transform" target="jnt_right_handmiddle2/matrix"/></animation></animation>
    <animation id="jnt_right_handmiddle3-anim" name="jnt_right_handmiddle3"><animation><source id="jnt_right_handmiddle3-Matrix-animation-input"><float_array id="jnt_right_handmiddle3-Matrix-animation-input-array" count="30">

0.033333 0.066667 0.100000 0.133333 0.166667 0.200000 0.233333 0.266667 0.300000 0.333333 0.366667 0.400000 0.433333 0.466667 0.500000 0.533333
0.566667 0.600000 0.633333 0.666667 0.700000 0.733333 0.766667 0.800000 0.833333 0.866667 0.900000 0.933333 0.966667 1.000000</float_array><technique_common><accessor source="#jnt_right_handmiddle3-Matrix-animation-input-array" count="30"><param name="TIME" type="float"/></accessor></technique_common></source><source id="jnt_right_handmiddle3-Matrix-animation-output-transform"><float_array id="jnt_right_handmiddle3-Matrix-animation-output-transform-array" count="480">

0.992141 0.125129 -0.000000 0.108374 -0.125129 0.992141 0.000000 -0.000000 0.000000 -0.000000 1.000000 -0.000000 0.000000 0.000000 0.000000 1.000000
0.992140 0.125129 -0.000000 0.108374 -0.125129 0.992140 0.000000 0.000000 0.000000 -0.000000 1.000000 -0.000000 0.000000 0.000000 0.000000 1.000000
0.992140 0.125129 -0.000000 0.108374 -0.125129 0.992141 0.000000 0.000000 0.000000 -0.000000 1.000000 0.000001 0.000000 0.000000 0.000000 1.000000
0.992140 0.125129 -0.000000 0.108374 -0.125129 0.992140 0.000000 0.000000 0.000000 -0.000000 1.000000 -0.000000 0.000000 0.000000 0.000000 1.000000
0.992141 0.125129 -0.000000 0.108374 -0.125129 0.992141 0.000000 -0.000000 0.000000 -0.000000 1.000000 -0.000000 0.000000 0.000000 0.000000 1.000000
0.992140 0.125129 -0.000000 0.108374 -0.125129 0.992140 0.000000 0.000000 0.000000 -0.000000 1.000000 -0.000000 0.000000 0.000000 0.000000 1.000000
0.992140 0.125129 -0.000000 0.108374 -0.125129 0.992141 0.000000 0.000000 0.000000 -0.000000 1.000000 0.000001 0.000000 0.000000 0.000000 1.000000
0.992140 0.125129 -0.000000 0.108374 -0.125129 0.992140 0.000000 0.000000 0.000000 -0.000000 1.000000 -0.000000 0.000000 0.000000 0.000000 1.000000
0.992141 0.125129 -0.000000 0.108374 -0.125129 0.992141 0.000000 -0.000000 0.000000 -0.000000 1.000000 -0.000000 0.000000 0.000000 0.000000 1.000000
0.992140 0.125129 -0.000000 0.108374 -0.125129 0.992140 0.000000 0.000000 0.000000 -0.000000 1.000000 -0.000000 0.000000 0.000000 0.000000 1.000000
0.992140 0.125129 -0.000000 0.108374 -0.125129 0.992141 0.000000 0.000000 0.000000 -0.000000 1.000000 0.000001 0.000000 0.000000 0.000000 1.000000
0.992141 0.125129 -0.000000 0.108374 -0.125129 0.992141 0.000000 -0.000000 0.000000 -0.000000 1.000000 -0.000000 0.000000 0.000000 0.000000 1.000000
0.992140 0.125129 -0.000000 0.108374 -0.125129 0.992140 0.000000 0.000000 0.000000 -0.000000 1.000000 -0.000000 0.000000 0.000000 0.000000 1.000000
0.992140 0.125129 -0.000000 0.108374 -0.125129 0.992141 0.000000 0.000000 0.000000 -0.000000 1.000000 0.000001 0.000000 0.000000 0.000000 1.000000
0.992140 0.125129 -0.000000 0.108374 -0.125129 0.992140 0.000000 0.000000 0.000000 -0.000000 1.000000 -0.000000 0.000000 0.000000 0.000000 1.000000
0.992141 0.125129 -0.000000 0.108374 -0.125129 0.992141 0.000000 -0.000000 0.000000 -0.000000 1.000000 -0.000000 0.000000 0.000000 0.000000 1.000000
0.992140 0.125129 -0.000000 0.108374 -0.125129 0.992140 0.000000 0.000000 0.000000 -0.000000 1.000000 -0.000000 0.000000 0.000000 0.000000 1.000000
0.992140 0.125129 -0.000000 0.108374 -0.125129 0.992141 0.000000 0.000000 0.000000 -0.000000 1.000000 0.000001 0.000000 0.000000 0.000000 1.000000
0.992140 0.125129 -0.000000 0.108374 -0.125129 0.992140 0.000000 0.000000 0.000000 -0.000000 1.000000 -0.000000 0.000000 0.000000 0.000000 1.000000
0.992141 0.125129 -0.000000 0.108374 -0.125129 0.992141 0.000000 -0.000000 0.000000 -0.000000 1.000000 -0.000000 0.000000 0.000000 0.000000 1.000000
0.992140 0.125129 -0.000000 0.108374 -0.125129 0.992140 0.000000 0.000000 0.000000 -0.000000 1.000000 -0.000000 0.000000 0.000000 0.000000 1.000000
0.992140 0.125129 -0.000000 0.108374 -0.125129 0.992141 0.000000 0.000000 0.000000 -0.000000 1.000000 0.000001 0.000000 0.000000 0.000000 1.000000
0.992140 0.125129 -0.000000 0.108374 -0.125129 0.992140 0.000000 0.000000 0.000000 -0.000000 1.000000 -0.000000 0.000000 0.000000 0.000000 1.000000
0.992141 0.125129 -0.000000 0.108374 -0.125129 0.992141 0.000000 -0.000000 0.000000 -0.000000 1.000000 -0.000000 0.000000 0.000000 0.000000 1.000000
0.992140 0.125129 -0.000000 0.108374 -0.125129 0.992140 0.000000 0.000000 0.000000 -0.000000 1.000000 -0.000000 0.000000 0.000000 0.000000 1.000000
0.992140 0.125129 -0.000000 0.108374 -0.125129 0.992141 0.000000 0.000000 0.000000 -0.000000 1.000000 0.000001 0.000000 0.000000 0.000000 1.000000
0.992140 0.125129 -0.000000 0.108374 -0.125129 0.992140 0.000000 0.000000 0.000000 -0.000000 1.000000 -0.000000 0.000000 0.000000 0.000000 1.000000
0.992141 0.125129 -0.000000 0.108374 -0.125129 0.992141 0.000000 -0.000000 0.000000 -0.000000 1.000000 -0.000000 0.000000 0.000000 0.000000 1.000000
0.992140 0.125129 -0.000000 0.108374 -0.125129 0.992140 0.000000 0.000000 0.000000 -0.000000 1.000000 -0.000000 0.000000 0.000000 0.000000 1.000000
0.992140 0.125129 -0.000000 0.108374 -0.125129 0.992141 0.000000 0.000000 0.000000 -0.000000 1.000000 0.000001 0.000000 0.000000 0.000000 1.000000</float_array><technique_common><accessor source="#jnt_right_handmiddle3-Matrix-animation-output-transform-array" count="30" stride="16"><param type="float4x4"/></accessor></technique_common></source><source id="jnt_right_handmiddle3-Interpolations"><Name_array id="jnt_right_handmiddle3-Interpolations-array" count="30">
 LINEAR LINEAR LINEAR LINEAR LINEAR LINEAR LINEAR LINEAR LINEAR LINEAR LINEAR
LINEAR LINEAR LINEAR LINEAR LINEAR LINEAR LINEAR LINEAR LINEAR LINEAR LINEAR LINEAR
LINEAR LINEAR LINEAR LINEAR LINEAR LINEAR LINEAR</Name_array><technique_common><accessor source="#jnt_right_handmiddle3-Interpolations-array" count="30"><param type="name"/></accessor></technique_common></source><sampler id="jnt_right_handmiddle3-Matrix-animation-transform"><input semantic="INPUT" source="#jnt_right_handmiddle3-Matrix-animation-input"/><input semantic="OUTPUT" source="#jnt_right_handmiddle3-Matrix-animation-output-transform"/><input semantic="INTERPOLATION" source="#jnt_right_handmiddle3-Interpolations"/></sampler><channel source="#jnt_right_handmiddle3-Matrix-animation-transform" target="jnt_right_handmiddle3/matrix"/></animation></animation>
    <animation id="jnt_right_handmiddle4-anim" name="jnt_right_handmiddle4"><animation><source id="jnt_right_handmiddle4-Matrix-animation-input"><float_array id="jnt_right_handmiddle4-Matrix-animation-input-array" count="30">

0.033333 0.066667 0.100000 0.133333 0.166667 0.200000 0.233333 0.266667 0.300000 0.333333 0.366667 0.400000 0.433333 0.466667 0.500000 0.533333
0.566667 0.600000 0.633333 0.666667 0.700000 0.733333 0.766667 0.800000 0.833333 0.866667 0.900000 0.933333 0.966667 1.000000</float_array><technique_common><accessor source="#jnt_right_handmiddle4-Matrix-animation-input-array" count="30"><param name="TIME" type="float"/></accessor></technique_common></source><source id="jnt_right_handmiddle4-Matrix-animation-output-transform"><float_array id="jnt_right_handmiddle4-Matrix-animation-output-transform-array" count="480">

1.000000 0.000000 -0.000000 0.119191 -0.000000 1.000000 -0.000000 0.000105 0.000000 0.000000 1.000000 -0.000005 0.000000 0.000000 0.000000 1.000000
1.000000 0.000000 0.000000 0.119191 -0.000000 1.000000 -0.000000 0.000105 -0.000000 0.000000 1.000000 -0.000005 0.000000 0.000000 0.000000 1.000000
1.000000 0.000000 -0.000000 0.119191 -0.000000 1.000000 -0.000000 0.000105 0.000000 0.000000 1.000000 -0.000005 0.000000 0.000000 0.000000 1.000000
1.000000 0.000000 0.000000 0.119191 -0.000000 1.000000 -0.000000 0.000105 -0.000000 0.000000 1.000000 -0.000005 0.000000 0.000000 0.000000 1.000000
1.000000 0.000000 -0.000000 0.119191 -0.000000 1.000000 -0.000000 0.000105 0.000000 0.000000 1.000000 -0.000005 0.000000 0.000000 0.000000 1.000000
1.000000 0.000000 0.000000 0.119191 -0.000000 1.000000 -0.000000 0.000105 -0.000000 0.000000 1.000000 -0.000005 0.000000 0.000000 0.000000 1.000000
1.000000 0.000000 -0.000000 0.119191 -0.000000 1.000000 -0.000000 0.000105 0.000000 0.000000 1.000000 -0.000005 0.000000 0.000000 0.000000 1.000000
1.000000 0.000000 0.000000 0.119191 -0.000000 1.000000 -0.000000 0.000105 -0.000000 0.000000 1.000000 -0.000005 0.000000 0.000000 0.000000 1.000000
1.000000 0.000000 -0.000000 0.119191 -0.000000 1.000000 -0.000000 0.000105 0.000000 0.000000 1.000000 -0.000005 0.000000 0.000000 0.000000 1.000000
1.000000 0.000000 0.000000 0.119191 -0.000000 1.000000 -0.000000 0.000105 -0.000000 0.000000 1.000000 -0.000005 0.000000 0.000000 0.000000 1.000000
1.000000 0.000000 -0.000000 0.119191 -0.000000 1.000000 -0.000000 0.000105 0.000000 0.000000 1.000000 -0.000005 0.000000 0.000000 0.000000 1.000000
1.000000 0.000000 -0.000000 0.119191 -0.000000 1.000000 -0.000000 0.000105 0.000000 0.000000 1.000000 -0.000005 0.000000 0.000000 0.000000 1.000000
1.000000 0.000000 0.000000 0.119191 -0.000000 1.000000 -0.000000 0.000105 -0.000000 0.000000 1.000000 -0.000005 0.000000 0.000000 0.000000 1.000000
1.000000 0.000000 -0.000000 0.119191 -0.000000 1.000000 -0.000000 0.000105 0.000000 0.000000 1.000000 -0.000005 0.000000 0.000000 0.000000 1.000000
1.000000 0.000000 0.000000 0.119191 -0.000000 1.000000 -0.000000 0.000105 -0.000000 0.000000 1.000000 -0.000005 0.000000 0.000000 0.000000 1.000000
1.000000 0.000000 -0.000000 0.119191 -0.000000 1.000000 -0.000000 0.000105 0.000000 0.000000 1.000000 -0.000005 0.000000 0.000000 0.000000 1.000000
1.000000 0.000000 0.000000 0.119191 -0.000000 1.000000 -0.000000 0.000105 -0.000000 0.000000 1.000000 -0.000005 0.000000 0.000000 0.000000 1.000000
1.000000 0.000000 -0.000000 0.119191 -0.000000 1.000000 -0.000000 0.000105 0.000000 0.000000 1.000000 -0.000005 0.000000 0.000000 0.000000 1.000000
1.000000 0.000000 0.000000 0.119191 -0.000000 1.000000 -0.000000 0.000105 -0.000000 0.000000 1.000000 -0.000005 0.000000 0.000000 0.000000 1.000000
1.000000 0.000000 -0.000000 0.119191 -0.000000 1.000000 -0.000000 0.000105 0.000000 0.000000 1.000000 -0.000005 0.000000 0.000000 0.000000 1.000000
1.000000 0.000000 0.000000 0.119191 -0.000000 1.000000 -0.000000 0.000105 -0.000000 0.000000 1.000000 -0.000005 0.000000 0.000000 0.000000 1.000000
1.000000 0.000000 -0.000000 0.119191 -0.000000 1.000000 -0.000000 0.000105 0.000000 0.000000 1.000000 -0.000005 0.000000 0.000000 0.000000 1.000000
1.000000 0.000000 0.000000 0.119191 -0.000000 1.000000 -0.000000 0.000105 -0.000000 0.000000 1.000000 -0.000005 0.000000 0.000000 0.000000 1.000000
1.000000 0.000000 -0.000000 0.119191 -0.000000 1.000000 -0.000000 0.000105 0.000000 0.000000 1.000000 -0.000005 0.000000 0.000000 0.000000 1.000000
1.000000 0.000000 0.000000 0.119191 -0.000000 1.000000 -0.000000 0.000105 -0.000000 0.000000 1.000000 -0.000005 0.000000 0.000000 0.000000 1.000000
1.000000 0.000000 -0.000000 0.119191 -0.000000 1.000000 -0.000000 0.000105 0.000000 0.000000 1.000000 -0.000005 0.000000 0.000000 0.000000 1.000000
1.000000 0.000000 0.000000 0.119191 -0.000000 1.000000 -0.000000 0.000105 -0.000000 0.000000 1.000000 -0.000005 0.000000 0.000000 0.000000 1.000000
1.000000 0.000000 -0.000000 0.119191 -0.000000 1.000000 -0.000000 0.000105 0.000000 0.000000 1.000000 -0.000005 0.000000 0.000000 0.000000 1.000000
1.000000 0.000000 0.000000 0.119191 -0.000000 1.000000 -0.000000 0.000105 -0.000000 0.000000 1.000000 -0.000005 0.000000 0.000000 0.000000 1.000000
1.000000 0.000000 -0.000000 0.119191 -0.000000 1.000000 -0.000000 0.000105 0.000000 0.000000 1.000000 -0.000005 0.000000 0.000000 0.000000 1.000000</float_array><technique_common><accessor source="#jnt_right_handmiddle4-Matrix-animation-output-transform-array" count="30" stride="16"><param type="float4x4"/></accessor></technique_common></source><source id="jnt_right_handmiddle4-Interpolations"><Name_array id="jnt_right_handmiddle4-Interpolations-array" count="30">
 LINEAR LINEAR LINEAR LINEAR LINEAR LINEAR LINEAR LINEAR LINEAR LINEAR LINEAR
LINEAR LINEAR LINEAR LINEAR LINEAR LINEAR LINEAR LINEAR LINEAR LINEAR LINEAR LINEAR
LINEAR LINEAR LINEAR LINEAR LINEAR LINEAR LINEAR</Name_array><technique_common><accessor source="#jnt_right_handmiddle4-Interpolations-array" count="30"><param type="name"/></accessor></technique_common></source><sampler id="jnt_right_handmiddle4-Matrix-animation-transform"><input semantic="INPUT" source="#jnt_right_handmiddle4-Matrix-animation-input"/><input semantic="OUTPUT" source="#jnt_right_handmiddle4-Matrix-animation-output-transform"/><input semantic="INTERPOLATION" source="#jnt_right_handmiddle4-Interpolations"/></sampler><channel source="#jnt_right_handmiddle4-Matrix-animation-transform" target="jnt_right_handmiddle4/matrix"/></animation></animation>
    <animation id="jnt_right_handring1-anim" name="jnt_right_handring1"><animation><source id="jnt_right_handring1-Matrix-animation-input"><float_array id="jnt_right_handring1-Matrix-animation-input-array" count="30">

0.033333 0.066667 0.100000 0.133333 0.166667 0.200000 0.233333 0.266667 0.300000 0.333333 0.366667 0.400000 0.433333 0.466667 0.500000 0.533333
0.566667 0.600000 0.633333 0.666667 0.700000 0.733333 0.766667 0.800000 0.833333 0.866667 0.900000 0.933333 0.966667 1.000000</float_array><technique_common><accessor source="#jnt_right_handring1-Matrix-animation-input-array" count="30"><param name="TIME" type="float"/></accessor></technique_common></source><source id="jnt_right_handring1-Matrix-animation-output-transform"><float_array id="jnt_right_handring1-Matrix-animation-output-transform-array" count="480">

0.439183 0.870177 -0.223407 0.469962 -0.039341 -0.229806 -0.972441 -0.076798 -0.897536 0.435869 -0.066693 0.036646 0.000000 0.000000 0.000000 1.000000
0.439183 0.870177 -0.223407 0.469962 -0.039342 -0.229806 -0.972441 -0.076798 -0.897536 0.435869 -0.066693 0.036646 0.000000 0.000000 0.000000 1.000000
0.439183 0.870177 -0.223407 0.469962 -0.039342 -0.229806 -0.972441 -0.076799 -0.897536 0.435869 -0.066693 0.036646 0.000000 0.000000 0.000000 1.000000
0.439183 0.870177 -0.223407 0.469962 -0.039342 -0.229806 -0.972441 -0.076798 -0.897536 0.435869 -0.066693 0.036646 0.000000 0.000000 0.000000 1.000000
0.439183 0.870177 -0.223407 0.469962 -0.039341 -0.229806 -0.972441 -0.076798 -0.897536 0.435869 -0.066693 0.036646 0.000000 0.000000 0.000000 1.000000
0.439183 0.870177 -0.223407 0.469962 -0.039342 -0.229806 -0.972441 -0.076798 -0.897536 0.435869 -0.066693 0.036646 0.000000 0.000000 0.000000 1.000000
0.439183 0.870177 -0.223407 0.469962 -0.039342 -0.229806 -0.972441 -0.076799 -0.897536 0.435869 -0.066693 0.036646 0.000000 0.000000 0.000000 1.000000
0.439183 0.870177 -0.223407 0.469962 -0.039342 -0.229806 -0.972441 -0.076798 -0.897536 0.435869 -0.066693 0.036646 0.000000 0.000000 0.000000 1.000000
0.439183 0.870177 -0.223407 0.469962 -0.039341 -0.229806 -0.972441 -0.076798 -0.897536 0.435869 -0.066693 0.036646 0.000000 0.000000 0.000000 1.000000
0.439183 0.870177 -0.223407 0.469962 -0.039342 -0.229806 -0.972441 -0.076798 -0.897536 0.435869 -0.066693 0.036646 0.000000 0.000000 0.000000 1.000000
0.439183 0.870177 -0.223407 0.469962 -0.039342 -0.229806 -0.972441 -0.076799 -0.897536 0.435869 -0.066693 0.036646 0.000000 0.000000 0.000000 1.000000
0.439183 0.870177 -0.223407 0.469962 -0.039341 -0.229806 -0.972441 -0.076798 -0.897536 0.435869 -0.066693 0.036646 0.000000 0.000000 0.000000 1.000000
0.439183 0.870177 -0.223407 0.469962 -0.039342 -0.229806 -0.972441 -0.076798 -0.897536 0.435869 -0.066693 0.036646 0.000000 0.000000 0.000000 1.000000
0.439183 0.870177 -0.223407 0.469962 -0.039342 -0.229806 -0.972441 -0.076799 -0.897536 0.435869 -0.066693 0.036646 0.000000 0.000000 0.000000 1.000000
0.439183 0.870177 -0.223407 0.469962 -0.039342 -0.229806 -0.972441 -0.076798 -0.897536 0.435869 -0.066693 0.036646 0.000000 0.000000 0.000000 1.000000
0.439183 0.870177 -0.223407 0.469962 -0.039341 -0.229806 -0.972441 -0.076798 -0.897536 0.435869 -0.066693 0.036646 0.000000 0.000000 0.000000 1.000000
0.439183 0.870177 -0.223407 0.469962 -0.039342 -0.229806 -0.972441 -0.076798 -0.897536 0.435869 -0.066693 0.036646 0.000000 0.000000 0.000000 1.000000
0.439183 0.870177 -0.223407 0.469962 -0.039342 -0.229806 -0.972441 -0.076799 -0.897536 0.435869 -0.066693 0.036646 0.000000 0.000000 0.000000 1.000000
0.439183 0.870177 -0.223407 0.469962 -0.039342 -0.229806 -0.972441 -0.076798 -0.897536 0.435869 -0.066693 0.036646 0.000000 0.000000 0.000000 1.000000
0.439183 0.870177 -0.223407 0.469962 -0.039341 -0.229806 -0.972441 -0.076798 -0.897536 0.435869 -0.066693 0.036646 0.000000 0.000000 0.000000 1.000000
0.439183 0.870177 -0.223407 0.469962 -0.039342 -0.229806 -0.972441 -0.076798 -0.897536 0.435869 -0.066693 0.036646 0.000000 0.000000 0.000000 1.000000
0.439183 0.870177 -0.223407 0.469962 -0.039342 -0.229806 -0.972441 -0.076799 -0.897536 0.435869 -0.066693 0.036646 0.000000 0.000000 0.000000 1.000000
0.439183 0.870177 -0.223407 0.469962 -0.039342 -0.229806 -0.972441 -0.076798 -0.897536 0.435869 -0.066693 0.036646 0.000000 0.000000 0.000000 1.000000
0.439183 0.870177 -0.223407 0.469962 -0.039341 -0.229806 -0.972441 -0.076798 -0.897536 0.435869 -0.066693 0.036646 0.000000 0.000000 0.000000 1.000000
0.439183 0.870177 -0.223407 0.469962 -0.039342 -0.229806 -0.972441 -0.076798 -0.897536 0.435869 -0.066693 0.036646 0.000000 0.000000 0.000000 1.000000
0.439183 0.870177 -0.223407 0.469962 -0.039342 -0.229806 -0.972441 -0.076799 -0.897536 0.435869 -0.066693 0.036646 0.000000 0.000000 0.000000 1.000000
0.439183 0.870177 -0.223407 0.469962 -0.039342 -0.229806 -0.972441 -0.076798 -0.897536 0.435869 -0.066693 0.036646 0.000000 0.000000 0.000000 1.000000
0.439183 0.870177 -0.223407 0.469962 -0.039341 -0.229806 -0.972441 -0.076798 -0.897536 0.435869 -0.066693 0.036646 0.000000 0.000000 0.000000 1.000000
0.439183 0.870177 -0.223407 0.469962 -0.039342 -0.229806 -0.972441 -0.076798 -0.897536 0.435869 -0.066693 0.036646 0.000000 0.000000 0.000000 1.000000
0.439183 0.870177 -0.223407 0.469962 -0.039342 -0.229806 -0.972441 -0.076799 -0.897536 0.435869 -0.066693 0.036646 0.000000 0.000000 0.000000 1.000000</float_array><technique_common><accessor source="#jnt_right_handring1-Matrix-animation-output-transform-array" count="30" stride="16"><param type="float4x4"/></accessor></technique_common></source><source id="jnt_right_handring1-Interpolations"><Name_array id="jnt_right_handring1-Interpolations-array" count="30">
 LINEAR LINEAR LINEAR LINEAR LINEAR LINEAR LINEAR LINEAR LINEAR LINEAR LINEAR
LINEAR LINEAR LINEAR LINEAR LINEAR LINEAR LINEAR LINEAR LINEAR LINEAR LINEAR LINEAR
LINEAR LINEAR LINEAR LINEAR LINEAR LINEAR LINEAR</Name_array><technique_common><accessor source="#jnt_right_handring1-Interpolations-array" count="30"><param type="name"/></accessor></technique_common></source><sampler id="jnt_right_handring1-Matrix-animation-transform"><input semantic="INPUT" source="#jnt_right_handring1-Matrix-animation-input"/><input semantic="OUTPUT" source="#jnt_right_handring1-Matrix-animation-output-transform"/><input semantic="INTERPOLATION" source="#jnt_right_handring1-Interpolations"/></sampler><channel source="#jnt_right_handring1-Matrix-animation-transform" target="jnt_right_handring1/matrix"/></animation></animation>
    <animation id="jnt_right_handring2-anim" name="jnt_right_handring2"><animation><source id="jnt_right_handring2-Matrix-animation-input"><float_array id="jnt_right_handring2-Matrix-animation-input-array" count="30">

0.033333 0.066667 0.100000 0.133333 0.166667 0.200000 0.233333 0.266667 0.300000 0.333333 0.366667 0.400000 0.433333 0.466667 0.500000 0.533333
0.566667 0.600000 0.633333 0.666667 0.700000 0.733333 0.766667 0.800000 0.833333 0.866667 0.900000 0.933333 0.966667 1.000000</float_array><technique_common><accessor source="#jnt_right_handring2-Matrix-animation-input-array" count="30"><param name="TIME" type="float"/></accessor></technique_common></source><source id="jnt_right_handring2-Matrix-animation-output-transform"><float_array id="jnt_right_handring2-Matrix-animation-output-transform-array" count="480">

0.935170 0.354198 -0.000001 0.184241 -0.354198 0.935170 -0.000000 0.000000 0.000001 0.000000 1.000000 -0.000000 0.000000 0.000000 0.000000 1.000000
0.935170 0.354198 -0.000001 0.184241 -0.354198 0.935170 -0.000000 -0.000000 0.000001 0.000000 1.000000 0.000001 0.000000 0.000000 0.000000 1.000000
0.935170 0.354198 -0.000001 0.184241 -0.354198 0.935170 -0.000000 0.000000 0.000001 0.000000 1.000000 0.000000 0.000000 0.000000 0.000000 1.000000
0.935170 0.354198 -0.000001 0.184241 -0.354198 0.935170 -0.000000 -0.000000 0.000001 0.000000 1.000000 0.000001 0.000000 0.000000 0.000000 1.000000
0.935170 0.354198 -0.000001 0.184241 -0.354198 0.935170 -0.000000 0.000000 0.000001 0.000000 1.000000 -0.000000 0.000000 0.000000 0.000000 1.000000
0.935170 0.354198 -0.000001 0.184241 -0.354198 0.935170 -0.000000 -0.000000 0.000001 0.000000 1.000000 0.000001 0.000000 0.000000 0.000000 1.000000
0.935170 0.354198 -0.000001 0.184241 -0.354198 0.935170 -0.000000 0.000000 0.000001 0.000000 1.000000 0.000000 0.000000 0.000000 0.000000 1.000000
0.935170 0.354198 -0.000001 0.184241 -0.354198 0.935170 -0.000000 -0.000000 0.000001 0.000000 1.000000 0.000001 0.000000 0.000000 0.000000 1.000000
0.935170 0.354198 -0.000001 0.184241 -0.354198 0.935170 -0.000000 0.000000 0.000001 0.000000 1.000000 -0.000000 0.000000 0.000000 0.000000 1.000000
0.935170 0.354198 -0.000001 0.184241 -0.354198 0.935170 -0.000000 -0.000000 0.000001 0.000000 1.000000 0.000001 0.000000 0.000000 0.000000 1.000000
0.935170 0.354198 -0.000001 0.184241 -0.354198 0.935170 -0.000000 0.000000 0.000001 0.000000 1.000000 0.000000 0.000000 0.000000 0.000000 1.000000
0.935170 0.354198 -0.000001 0.184241 -0.354198 0.935170 -0.000000 0.000000 0.000001 0.000000 1.000000 -0.000000 0.000000 0.000000 0.000000 1.000000
0.935170 0.354198 -0.000001 0.184241 -0.354198 0.935170 -0.000000 -0.000000 0.000001 0.000000 1.000000 0.000001 0.000000 0.000000 0.000000 1.000000
0.935170 0.354198 -0.000001 0.184241 -0.354198 0.935170 -0.000000 0.000000 0.000001 0.000000 1.000000 0.000000 0.000000 0.000000 0.000000 1.000000
0.935170 0.354198 -0.000001 0.184241 -0.354198 0.935170 -0.000000 -0.000000 0.000001 0.000000 1.000000 0.000001 0.000000 0.000000 0.000000 1.000000
0.935170 0.354198 -0.000001 0.184241 -0.354198 0.935170 -0.000000 0.000000 0.000001 0.000000 1.000000 -0.000000 0.000000 0.000000 0.000000 1.000000
0.935170 0.354198 -0.000001 0.184241 -0.354198 0.935170 -0.000000 -0.000000 0.000001 0.000000 1.000000 0.000001 0.000000 0.000000 0.000000 1.000000
0.935170 0.354198 -0.000001 0.184241 -0.354198 0.935170 -0.000000 0.000000 0.000001 0.000000 1.000000 0.000000 0.000000 0.000000 0.000000 1.000000
0.935170 0.354198 -0.000001 0.184241 -0.354198 0.935170 -0.000000 -0.000000 0.000001 0.000000 1.000000 0.000001 0.000000 0.000000 0.000000 1.000000
0.935170 0.354198 -0.000001 0.184241 -0.354198 0.935170 -0.000000 0.000000 0.000001 0.000000 1.000000 -0.000000 0.000000 0.000000 0.000000 1.000000
0.935170 0.354198 -0.000001 0.184241 -0.354198 0.935170 -0.000000 -0.000000 0.000001 0.000000 1.000000 0.000001 0.000000 0.000000 0.000000 1.000000
0.935170 0.354198 -0.000001 0.184241 -0.354198 0.935170 -0.000000 0.000000 0.000001 0.000000 1.000000 0.000000 0.000000 0.000000 0.000000 1.000000
0.935170 0.354198 -0.000001 0.184241 -0.354198 0.935170 -0.000000 -0.000000 0.000001 0.000000 1.000000 0.000001 0.000000 0.000000 0.000000 1.000000
0.935170 0.354198 -0.000001 0.184241 -0.354198 0.935170 -0.000000 0.000000 0.000001 0.000000 1.000000 -0.000000 0.000000 0.000000 0.000000 1.000000
0.935170 0.354198 -0.000001 0.184241 -0.354198 0.935170 -0.000000 -0.000000 0.000001 0.000000 1.000000 0.000001 0.000000 0.000000 0.000000 1.000000
0.935170 0.354198 -0.000001 0.184241 -0.354198 0.935170 -0.000000 0.000000 0.000001 0.000000 1.000000 0.000000 0.000000 0.000000 0.000000 1.000000
0.935170 0.354198 -0.000001 0.184241 -0.354198 0.935170 -0.000000 -0.000000 0.000001 0.000000 1.000000 0.000001 0.000000 0.000000 0.000000 1.000000
0.935170 0.354198 -0.000001 0.184241 -0.354198 0.935170 -0.000000 0.000000 0.000001 0.000000 1.000000 -0.000000 0.000000 0.000000 0.000000 1.000000
0.935170 0.354198 -0.000001 0.184241 -0.354198 0.935170 -0.000000 -0.000000 0.000001 0.000000 1.000000 0.000001 0.000000 0.000000 0.000000 1.000000
0.935170 0.354198 -0.000001 0.184241 -0.354198 0.935170 -0.000000 0.000000 0.000001 0.000000 1.000000 0.000000 0.000000 0.000000 0.000000 1.000000</float_array><technique_common><accessor source="#jnt_right_handring2-Matrix-animation-output-transform-array" count="30" stride="16"><param type="float4x4"/></accessor></technique_common></source><source id="jnt_right_handring2-Interpolations"><Name_array id="jnt_right_handring2-Interpolations-array" count="30">
 LINEAR LINEAR LINEAR LINEAR LINEAR LINEAR LINEAR LINEAR LINEAR LINEAR LINEAR
LINEAR LINEAR LINEAR LINEAR LINEAR LINEAR LINEAR LINEAR LINEAR LINEAR LINEAR LINEAR
LINEAR LINEAR LINEAR LINEAR LINEAR LINEAR LINEAR</Name_array><technique_common><accessor source="#jnt_right_handring2-Interpolations-array" count="30"><param type="name"/></accessor></technique_common></source><sampler id="jnt_right_handring2-Matrix-animation-transform"><input semantic="INPUT" source="#jnt_right_handring2-Matrix-animation-input"/><input semantic="OUTPUT" source="#jnt_right_handring2-Matrix-animation-output-transform"/><input semantic="INTERPOLATION" source="#jnt_right_handring2-Interpolations"/></sampler><channel source="#jnt_right_handring2-Matrix-animation-transform" target="jnt_right_handring2/matrix"/></animation></animation>
    <animation id="jnt_right_handring3-anim" name="jnt_right_handring3"><animation><source id="jnt_right_handring3-Matrix-animation-input"><float_array id="jnt_right_handring3-Matrix-animation-input-array" count="30">

0.033333 0.066667 0.100000 0.133333 0.166667 0.200000 0.233333 0.266667 0.300000 0.333333 0.366667 0.400000 0.433333 0.466667 0.500000 0.533333
0.566667 0.600000 0.633333 0.666667 0.700000 0.733333 0.766667 0.800000 0.833333 0.866667 0.900000 0.933333 0.966667 1.000000</float_array><technique_common><accessor source="#jnt_right_handring3-Matrix-animation-input-array" count="30"><param name="TIME" type="float"/></accessor></technique_common></source><source id="jnt_right_handring3-Matrix-animation-output-transform"><float_array id="jnt_right_handring3-Matrix-animation-output-transform-array" count="480">

0.992311 0.123771 0.000000 0.103951 -0.123771 0.992311 0.000001 0.000001 0.000000 -0.000001 1.000000 -0.000000 0.000000 0.000000 0.000000 1.000000
0.992311 0.123771 0.000000 0.103951 -0.123771 0.992311 0.000001 0.000001 0.000000 -0.000001 1.000000 0.000000 0.000000 0.000000 0.000000 1.000000
0.992311 0.123771 0.000000 0.103951 -0.123771 0.992311 0.000001 0.000001 0.000000 -0.000001 1.000000 0.000000 0.000000 0.000000 0.000000 1.000000
0.992311 0.123771 0.000000 0.103951 -0.123771 0.992311 0.000001 0.000001 0.000000 -0.000001 1.000000 0.000000 0.000000 0.000000 0.000000 1.000000
0.992311 0.123771 0.000000 0.103951 -0.123771 0.992311 0.000001 0.000001 0.000000 -0.000001 1.000000 -0.000000 0.000000 0.000000 0.000000 1.000000
0.992311 0.123771 0.000000 0.103951 -0.123771 0.992311 0.000001 0.000001 0.000000 -0.000001 1.000000 0.000000 0.000000 0.000000 0.000000 1.000000
0.992311 0.123771 0.000000 0.103951 -0.123771 0.992311 0.000001 0.000001 0.000000 -0.000001 1.000000 0.000000 0.000000 0.000000 0.000000 1.000000
0.992311 0.123771 0.000000 0.103951 -0.123771 0.992311 0.000001 0.000001 0.000000 -0.000001 1.000000 0.000000 0.000000 0.000000 0.000000 1.000000
0.992311 0.123771 0.000000 0.103951 -0.123771 0.992311 0.000001 0.000001 0.000000 -0.000001 1.000000 -0.000000 0.000000 0.000000 0.000000 1.000000
0.992311 0.123771 0.000000 0.103951 -0.123771 0.992311 0.000001 0.000001 0.000000 -0.000001 1.000000 0.000000 0.000000 0.000000 0.000000 1.000000
0.992311 0.123771 0.000000 0.103951 -0.123771 0.992311 0.000001 0.000001 0.000000 -0.000001 1.000000 0.000000 0.000000 0.000000 0.000000 1.000000
0.992311 0.123771 0.000000 0.103951 -0.123771 0.992311 0.000001 0.000001 0.000000 -0.000001 1.000000 -0.000000 0.000000 0.000000 0.000000 1.000000
0.992311 0.123771 0.000000 0.103951 -0.123771 0.992311 0.000001 0.000001 0.000000 -0.000001 1.000000 0.000000 0.000000 0.000000 0.000000 1.000000
0.992311 0.123771 0.000000 0.103951 -0.123771 0.992311 0.000001 0.000001 0.000000 -0.000001 1.000000 0.000000 0.000000 0.000000 0.000000 1.000000
0.992311 0.123771 0.000000 0.103951 -0.123771 0.992311 0.000001 0.000001 0.000000 -0.000001 1.000000 0.000000 0.000000 0.000000 0.000000 1.000000
0.992311 0.123771 0.000000 0.103951 -0.123771 0.992311 0.000001 0.000001 0.000000 -0.000001 1.000000 -0.000000 0.000000 0.000000 0.000000 1.000000
0.992311 0.123771 0.000000 0.103951 -0.123771 0.992311 0.000001 0.000001 0.000000 -0.000001 1.000000 0.000000 0.000000 0.000000 0.000000 1.000000
0.992311 0.123771 0.000000 0.103951 -0.123771 0.992311 0.000001 0.000001 0.000000 -0.000001 1.000000 0.000000 0.000000 0.000000 0.000000 1.000000
0.992311 0.123771 0.000000 0.103951 -0.123771 0.992311 0.000001 0.000001 0.000000 -0.000001 1.000000 0.000000 0.000000 0.000000 0.000000 1.000000
0.992311 0.123771 0.000000 0.103951 -0.123771 0.992311 0.000001 0.000001 0.000000 -0.000001 1.000000 -0.000000 0.000000 0.000000 0.000000 1.000000
0.992311 0.123771 0.000000 0.103951 -0.123771 0.992311 0.000001 0.000001 0.000000 -0.000001 1.000000 0.000000 0.000000 0.000000 0.000000 1.000000
0.992311 0.123771 0.000000 0.103951 -0.123771 0.992311 0.000001 0.000001 0.000000 -0.000001 1.000000 0.000000 0.000000 0.000000 0.000000 1.000000
0.992311 0.123771 0.000000 0.103951 -0.123771 0.992311 0.000001 0.000001 0.000000 -0.000001 1.000000 0.000000 0.000000 0.000000 0.000000 1.000000
0.992311 0.123771 0.000000 0.103951 -0.123771 0.992311 0.000001 0.000001 0.000000 -0.000001 1.000000 -0.000000 0.000000 0.000000 0.000000 1.000000
0.992311 0.123771 0.000000 0.103951 -0.123771 0.992311 0.000001 0.000001 0.000000 -0.000001 1.000000 0.000000 0.000000 0.000000 0.000000 1.000000
0.992311 0.123771 0.000000 0.103951 -0.123771 0.992311 0.000001 0.000001 0.000000 -0.000001 1.000000 0.000000 0.000000 0.000000 0.000000 1.000000
0.992311 0.123771 0.000000 0.103951 -0.123771 0.992311 0.000001 0.000001 0.000000 -0.000001 1.000000 0.000000 0.000000 0.000000 0.000000 1.000000
0.992311 0.123771 0.000000 0.103951 -0.123771 0.992311 0.000001 0.000001 0.000000 -0.000001 1.000000 -0.000000 0.000000 0.000000 0.000000 1.000000
0.992311 0.123771 0.000000 0.103951 -0.123771 0.992311 0.000001 0.000001 0.000000 -0.000001 1.000000 0.000000 0.000000 0.000000 0.000000 1.000000
0.992311 0.123771 0.000000 0.103951 -0.123771 0.992311 0.000001 0.000001 0.000000 -0.000001 1.000000 0.000000 0.000000 0.000000 0.000000 1.000000</float_array><technique_common><accessor source="#jnt_right_handring3-Matrix-animation-output-transform-array" count="30" stride="16"><param type="float4x4"/></accessor></technique_common></source><source id="jnt_right_handring3-Interpolations"><Name_array id="jnt_right_handring3-Interpolations-array" count="30">
 LINEAR LINEAR LINEAR LINEAR LINEAR LINEAR LINEAR LINEAR LINEAR LINEAR LINEAR
LINEAR LINEAR LINEAR LINEAR LINEAR LINEAR LINEAR LINEAR LINEAR LINEAR LINEAR LINEAR
LINEAR LINEAR LINEAR LINEAR LINEAR LINEAR LINEAR</Name_array><technique_common><accessor source="#jnt_right_handring3-Interpolations-array" count="30"><param type="name"/></accessor></technique_common></source><sampler id="jnt_right_handring3-Matrix-animation-transform"><input semantic="INPUT" source="#jnt_right_handring3-Matrix-animation-input"/><input semantic="OUTPUT" source="#jnt_right_handring3-Matrix-animation-output-transform"/><input semantic="INTERPOLATION" source="#jnt_right_handring3-Interpolations"/></sampler><channel source="#jnt_right_handring3-Matrix-animation-transform" target="jnt_right_handring3/matrix"/></animation></animation>
    <animation id="jnt_right_handring4-anim" name="jnt_right_handring4"><animation><source id="jnt_right_handring4-Matrix-animation-input"><float_array id="jnt_right_handring4-Matrix-animation-input-array" count="30">

0.033333 0.066667 0.100000 0.133333 0.166667 0.200000 0.233333 0.266667 0.300000 0.333333 0.366667 0.400000 0.433333 0.466667 0.500000 0.533333
0.566667 0.600000 0.633333 0.666667 0.700000 0.733333 0.766667 0.800000 0.833333 0.866667 0.900000 0.933333 0.966667 1.000000</float_array><technique_common><accessor source="#jnt_right_handring4-Matrix-animation-input-array" count="30"><param name="TIME" type="float"/></accessor></technique_common></source><source id="jnt_right_handring4-Matrix-animation-output-transform"><float_array id="jnt_right_handring4-Matrix-animation-output-transform-array" count="480">

1.000000 0.000000 0.000000 0.120247 -0.000000 1.000000 0.000000 0.000103 -0.000000 -0.000000 1.000000 -0.000016 0.000000 0.000000 0.000000 1.000000
1.000000 0.000000 0.000000 0.120247 -0.000000 1.000000 0.000000 0.000103 -0.000000 -0.000000 1.000000 -0.000016 0.000000 0.000000 0.000000 1.000000
1.000000 0.000000 0.000000 0.120247 -0.000000 1.000000 0.000000 0.000103 -0.000000 -0.000000 1.000000 -0.000016 0.000000 0.000000 0.000000 1.000000
1.000000 0.000000 0.000000 0.120247 -0.000000 1.000000 0.000000 0.000103 -0.000000 -0.000000 1.000000 -0.000016 0.000000 0.000000 0.000000 1.000000
1.000000 0.000000 0.000000 0.120247 -0.000000 1.000000 0.000000 0.000103 -0.000000 -0.000000 1.000000 -0.000016 0.000000 0.000000 0.000000 1.000000
1.000000 0.000000 0.000000 0.120247 -0.000000 1.000000 0.000000 0.000103 -0.000000 -0.000000 1.000000 -0.000016 0.000000 0.000000 0.000000 1.000000
1.000000 0.000000 0.000000 0.120247 -0.000000 1.000000 0.000000 0.000103 -0.000000 -0.000000 1.000000 -0.000016 0.000000 0.000000 0.000000 1.000000
1.000000 0.000000 0.000000 0.120247 -0.000000 1.000000 0.000000 0.000103 -0.000000 -0.000000 1.000000 -0.000016 0.000000 0.000000 0.000000 1.000000
1.000000 0.000000 0.000000 0.120247 -0.000000 1.000000 0.000000 0.000103 -0.000000 -0.000000 1.000000 -0.000016 0.000000 0.000000 0.000000 1.000000
1.000000 0.000000 0.000000 0.120247 -0.000000 1.000000 0.000000 0.000103 -0.000000 -0.000000 1.000000 -0.000016 0.000000 0.000000 0.000000 1.000000
1.000000 0.000000 0.000000 0.120247 -0.000000 1.000000 0.000000 0.000103 -0.000000 -0.000000 1.000000 -0.000016 0.000000 0.000000 0.000000 1.000000
1.000000 0.000000 0.000000 0.120247 -0.000000 1.000000 0.000000 0.000103 -0.000000 -0.000000 1.000000 -0.000016 0.000000 0.000000 0.000000 1.000000
1.000000 0.000000 0.000000 0.120247 -0.000000 1.000000 0.000000 0.000103 -0.000000 -0.000000 1.000000 -0.000016 0.000000 0.000000 0.000000 1.000000
1.000000 0.000000 0.000000 0.120247 -0.000000 1.000000 0.000000 0.000103 -0.000000 -0.000000 1.000000 -0.000016 0.000000 0.000000 0.000000 1.000000
1.000000 0.000000 0.000000 0.120247 -0.000000 1.000000 0.000000 0.000103 -0.000000 -0.000000 1.000000 -0.000016 0.000000 0.000000 0.000000 1.000000
1.000000 0.000000 0.000000 0.120247 -0.000000 1.000000 0.000000 0.000103 -0.000000 -0.000000 1.000000 -0.000016 0.000000 0.000000 0.000000 1.000000
1.000000 0.000000 0.000000 0.120247 -0.000000 1.000000 0.000000 0.000103 -0.000000 -0.000000 1.000000 -0.000016 0.000000 0.000000 0.000000 1.000000
1.000000 0.000000 0.000000 0.120247 -0.000000 1.000000 0.000000 0.000103 -0.000000 -0.000000 1.000000 -0.000016 0.000000 0.000000 0.000000 1.000000
1.000000 0.000000 0.000000 0.120247 -0.000000 1.000000 0.000000 0.000103 -0.000000 -0.000000 1.000000 -0.000016 0.000000 0.000000 0.000000 1.000000
1.000000 0.000000 0.000000 0.120247 -0.000000 1.000000 0.000000 0.000103 -0.000000 -0.000000 1.000000 -0.000016 0.000000 0.000000 0.000000 1.000000
1.000000 0.000000 0.000000 0.120247 -0.000000 1.000000 0.000000 0.000103 -0.000000 -0.000000 1.000000 -0.000016 0.000000 0.000000 0.000000 1.000000
1.000000 0.000000 0.000000 0.120247 -0.000000 1.000000 0.000000 0.000103 -0.000000 -0.000000 1.000000 -0.000016 0.000000 0.000000 0.000000 1.000000
1.000000 0.000000 0.000000 0.120247 -0.000000 1.000000 0.000000 0.000103 -0.000000 -0.000000 1.000000 -0.000016 0.000000 0.000000 0.000000 1.000000
1.000000 0.000000 0.000000 0.120247 -0.000000 1.000000 0.000000 0.000103 -0.000000 -0.000000 1.000000 -0.000016 0.000000 0.000000 0.000000 1.000000
1.000000 0.000000 0.000000 0.120247 -0.000000 1.000000 0.000000 0.000103 -0.000000 -0.000000 1.000000 -0.000016 0.000000 0.000000 0.000000 1.000000
1.000000 0.000000 0.000000 0.120247 -0.000000 1.000000 0.000000 0.000103 -0.000000 -0.000000 1.000000 -0.000016 0.000000 0.000000 0.000000 1.000000
1.000000 0.000000 0.000000 0.120247 -0.000000 1.000000 0.000000 0.000103 -0.000000 -0.000000 1.000000 -0.000016 0.000000 0.000000 0.000000 1.000000
1.000000 0.000000 0.000000 0.120247 -0.000000 1.000000 0.000000 0.000103 -0.000000 -0.000000 1.000000 -0.000016 0.000000 0.000000 0.000000 1.000000
1.000000 0.000000 0.000000 0.120247 -0.000000 1.000000 0.000000 0.000103 -0.000000 -0.000000 1.000000 -0.000016 0.000000 0.000000 0.000000 1.000000
1.000000 0.000000 0.000000 0.120247 -0.000000 1.000000 0.000000 0.000103 -0.000000 -0.000000 1.000000 -0.000016 0.000000 0.000000 0.000000 1.000000</float_array><technique_common><accessor source="#jnt_right_handring4-Matrix-animation-output-transform-array" count="30" stride="16"><param type="float4x4"/></accessor></technique_common></source><source id="jnt_right_handring4-Interpolations"><Name_array id="jnt_right_handring4-Interpolations-array" count="30">
 LINEAR LINEAR LINEAR LINEAR LINEAR LINEAR LINEAR LINEAR LINEAR LINEAR LINEAR
LINEAR LINEAR LINEAR LINEAR LINEAR LINEAR LINEAR LINEAR LINEAR LINEAR LINEAR LINEAR
LINEAR LINEAR LINEAR LINEAR LINEAR LINEAR LINEAR</Name_array><technique_common><accessor source="#jnt_right_handring4-Interpolations-array" count="30"><param type="name"/></accessor></technique_common></source><sampler id="jnt_right_handring4-Matrix-animation-transform"><input semantic="INPUT" source="#jnt_right_handring4-Matrix-animation-input"/><input semantic="OUTPUT" source="#jnt_right_handring4-Matrix-animation-output-transform"/><input semantic="INTERPOLATION" source="#jnt_right_handring4-Interpolations"/></sampler><channel source="#jnt_right_handring4-Matrix-animation-transform" target="jnt_right_handring4/matrix"/></animation></animation>
    <animation id="jnt_right_handpinky1-anim" name="jnt_right_handpinky1"><animation><source id="jnt_right_handpinky1-Matrix-animation-input"><float_array id="jnt_right_handpinky1-Matrix-animation-input-array" count="30">

0.033333 0.066667 0.100000 0.133333 0.166667 0.200000 0.233333 0.266667 0.300000 0.333333 0.366667 0.400000 0.433333 0.466667 0.500000 0.533333
0.566667 0.600000 0.633333 0.666667 0.700000 0.733333 0.766667 0.800000 0.833333 0.866667 0.900000 0.933333 0.966667 1.000000</float_array><technique_common><accessor source="#jnt_right_handpinky1-Matrix-animation-input-array" count="30"><param name="TIME" type="float"/></accessor></technique_common></source><source id="jnt_right_handpinky1-Matrix-animation-output-transform"><float_array id="jnt_right_handpinky1-Matrix-animation-output-transform-array" count="480">

0.619346 0.766768 -0.168750 0.407608 -0.087886 -0.145876 -0.985391 -0.208155 -0.780184 0.625129 -0.022960 -0.012229 0.000000 0.000000 0.000000 1.000000
0.619346 0.766768 -0.168750 0.407608 -0.087886 -0.145876 -0.985391 -0.208156 -0.780183 0.625129 -0.022960 -0.012229 0.000000 0.000000 0.000000 1.000000
0.619346 0.766768 -0.168750 0.407608 -0.087886 -0.145876 -0.985391 -0.208155 -0.780184 0.625129 -0.022960 -0.012229 0.000000 0.000000 0.000000 1.000000
0.619346 0.766768 -0.168750 0.407608 -0.087886 -0.145876 -0.985391 -0.208156 -0.780183 0.625129 -0.022960 -0.012229 0.000000 0.000000 0.000000 1.000000
0.619346 0.766768 -0.168750 0.407608 -0.087886 -0.145876 -0.985391 -0.208155 -0.780184 0.625129 -0.022960 -0.012229 0.000000 0.000000 0.000000 1.000000
0.619346 0.766768 -0.168750 0.407608 -0.087886 -0.145876 -0.985391 -0.208156 -0.780183 0.625129 -0.022960 -0.012229 0.000000 0.000000 0.000000 1.000000
0.619346 0.766768 -0.168750 0.407608 -0.087886 -0.145876 -0.985391 -0.208155 -0.780184 0.625129 -0.022960 -0.012229 0.000000 0.000000 0.000000 1.000000
0.619346 0.766768 -0.168750 0.407608 -0.087886 -0.145876 -0.985391 -0.208156 -0.780183 0.625129 -0.022960 -0.012229 0.000000 0.000000 0.000000 1.000000
0.619346 0.766768 -0.168750 0.407608 -0.087886 -0.145876 -0.985391 -0.208155 -0.780184 0.625129 -0.022960 -0.012229 0.000000 0.000000 0.000000 1.000000
0.619346 0.766768 -0.168750 0.407608 -0.087886 -0.145876 -0.985391 -0.208156 -0.780183 0.625129 -0.022960 -0.012229 0.000000 0.000000 0.000000 1.000000
0.619346 0.766768 -0.168750 0.407608 -0.087886 -0.145876 -0.985391 -0.208155 -0.780184 0.625129 -0.022960 -0.012229 0.000000 0.000000 0.000000 1.000000
0.619346 0.766768 -0.168750 0.407608 -0.087886 -0.145876 -0.985391 -0.208155 -0.780184 0.625129 -0.022960 -0.012229 0.000000 0.000000 0.000000 1.000000
0.619346 0.766768 -0.168750 0.407608 -0.087886 -0.145876 -0.985391 -0.208156 -0.780183 0.625129 -0.022960 -0.012229 0.000000 0.000000 0.000000 1.000000
0.619346 0.766768 -0.168750 0.407608 -0.087886 -0.145876 -0.985391 -0.208155 -0.780184 0.625129 -0.022960 -0.012229 0.000000 0.000000 0.000000 1.000000
0.619346 0.766768 -0.168750 0.407608 -0.087886 -0.145876 -0.985391 -0.208156 -0.780183 0.625129 -0.022960 -0.012229 0.000000 0.000000 0.000000 1.000000
0.619346 0.766768 -0.168750 0.407608 -0.087886 -0.145876 -0.985391 -0.208155 -0.780184 0.625129 -0.022960 -0.012229 0.000000 0.000000 0.000000 1.000000
0.619346 0.766768 -0.168750 0.407608 -0.087886 -0.145876 -0.985391 -0.208156 -0.780183 0.625129 -0.022960 -0.012229 0.000000 0.000000 0.000000 1.000000
0.619346 0.766768 -0.168750 0.407608 -0.087886 -0.145876 -0.985391 -0.208155 -0.780184 0.625129 -0.022960 -0.012229 0.000000 0.000000 0.000000 1.000000
0.619346 0.766768 -0.168750 0.407608 -0.087886 -0.145876 -0.985391 -0.208156 -0.780183 0.625129 -0.022960 -0.012229 0.000000 0.000000 0.000000 1.000000
0.619346 0.766768 -0.168750 0.407608 -0.087886 -0.145876 -0.985391 -0.208155 -0.780184 0.625129 -0.022960 -0.012229 0.000000 0.000000 0.000000 1.000000
0.619346 0.766768 -0.168750 0.407608 -0.087886 -0.145876 -0.985391 -0.208156 -0.780183 0.625129 -0.022960 -0.012229 0.000000 0.000000 0.000000 1.000000
0.619346 0.766768 -0.168750 0.407608 -0.087886 -0.145876 -0.985391 -0.208155 -0.780184 0.625129 -0.022960 -0.012229 0.000000 0.000000 0.000000 1.000000
0.619346 0.766768 -0.168750 0.407608 -0.087886 -0.145876 -0.985391 -0.208156 -0.780183 0.625129 -0.022960 -0.012229 0.000000 0.000000 0.000000 1.000000
0.619346 0.766768 -0.168750 0.407608 -0.087886 -0.145876 -0.985391 -0.208155 -0.780184 0.625129 -0.022960 -0.012229 0.000000 0.000000 0.000000 1.000000
0.619346 0.766768 -0.168750 0.407608 -0.087886 -0.145876 -0.985391 -0.208156 -0.780183 0.625129 -0.022960 -0.012229 0.000000 0.000000 0.000000 1.000000
0.619346 0.766768 -0.168750 0.407608 -0.087886 -0.145876 -0.985391 -0.208155 -0.780184 0.625129 -0.022960 -0.012229 0.000000 0.000000 0.000000 1.000000
0.619346 0.766768 -0.168750 0.407608 -0.087886 -0.145876 -0.985391 -0.208156 -0.780183 0.625129 -0.022960 -0.012229 0.000000 0.000000 0.000000 1.000000
0.619346 0.766768 -0.168750 0.407608 -0.087886 -0.145876 -0.985391 -0.208155 -0.780184 0.625129 -0.022960 -0.012229 0.000000 0.000000 0.000000 1.000000
0.619346 0.766768 -0.168750 0.407608 -0.087886 -0.145876 -0.985391 -0.208156 -0.780183 0.625129 -0.022960 -0.012229 0.000000 0.000000 0.000000 1.000000
0.619346 0.766768 -0.168750 0.407608 -0.087886 -0.145876 -0.985391 -0.208155 -0.780184 0.625129 -0.022960 -0.012229 0.000000 0.000000 0.000000 1.000000</float_array><technique_common><accessor source="#jnt_right_handpinky1-Matrix-animation-output-transform-array" count="30" stride="16"><param type="float4x4"/></accessor></technique_common></source><source id="jnt_right_handpinky1-Interpolations"><Name_array id="jnt_right_handpinky1-Interpolations-array" count="30">
 LINEAR LINEAR LINEAR LINEAR LINEAR LINEAR LINEAR LINEAR LINEAR LINEAR LINEAR
LINEAR LINEAR LINEAR LINEAR LINEAR LINEAR LINEAR LINEAR LINEAR LINEAR LINEAR LINEAR
LINEAR LINEAR LINEAR LINEAR LINEAR LINEAR LINEAR</Name_array><technique_common><accessor source="#jnt_right_handpinky1-Interpolations-array" count="30"><param type="name"/></accessor></technique_common></source><sampler id="jnt_right_handpinky1-Matrix-animation-transform"><input semantic="INPUT" source="#jnt_right_handpinky1-Matrix-animation-input"/><input semantic="OUTPUT" source="#jnt_right_handpinky1-Matrix-animation-output-transform"/><input semantic="INTERPOLATION" source="#jnt_right_handpinky1-Interpolations"/></sampler><channel source="#jnt_right_handpinky1-Matrix-animation-transform" target="jnt_right_handpinky1/matrix"/></animation></animation>
    <animation id="jnt_right_handpinky2-anim" name="jnt_right_handpinky2"><animation><source id="jnt_right_handpinky2-Matrix-animation-input"><float_array id="jnt_right_handpinky2-Matrix-animation-input-array" count="30">

0.033333 0.066667 0.100000 0.133333 0.166667 0.200000 0.233333 0.266667 0.300000 0.333333 0.366667 0.400000 0.433333 0.466667 0.500000 0.533333
0.566667 0.600000 0.633333 0.666667 0.700000 0.733333 0.766667 0.800000 0.833333 0.866667 0.900000 0.933333 0.966667 1.000000</float_array><technique_common><accessor source="#jnt_right_handpinky2-Matrix-animation-input-array" count="30"><param name="TIME" type="float"/></accessor></technique_common></source><source id="jnt_right_handpinky2-Matrix-animation-output-transform"><float_array id="jnt_right_handpinky2-Matrix-animation-output-transform-array" count="480">

0.937785 0.347217 -0.000000 0.148507 -0.347217 0.937785 -0.000001 0.000001 0.000000 0.000001 1.000000 0.000000 0.000000 0.000000 0.000000 1.000000
0.937785 0.347217 -0.000000 0.148507 -0.347217 0.937785 -0.000001 0.000001 0.000000 0.000001 1.000000 -0.000000 0.000000 0.000000 0.000000 1.000000
0.937785 0.347217 -0.000000 0.148507 -0.347217 0.937785 -0.000001 0.000001 0.000000 0.000001 1.000000 0.000000 0.000000 0.000000 0.000000 1.000000
0.937785 0.347217 -0.000000 0.148507 -0.347217 0.937785 -0.000001 0.000001 0.000000 0.000001 1.000000 -0.000000 0.000000 0.000000 0.000000 1.000000
0.937785 0.347217 -0.000000 0.148507 -0.347217 0.937785 -0.000001 0.000001 0.000000 0.000001 1.000000 0.000000 0.000000 0.000000 0.000000 1.000000
0.937785 0.347217 -0.000000 0.148507 -0.347217 0.937785 -0.000001 0.000001 0.000000 0.000001 1.000000 -0.000000 0.000000 0.000000 0.000000 1.000000
0.937785 0.347217 -0.000000 0.148507 -0.347217 0.937785 -0.000001 0.000001 0.000000 0.000001 1.000000 0.000000 0.000000 0.000000 0.000000 1.000000
0.937785 0.347217 -0.000000 0.148507 -0.347217 0.937785 -0.000001 0.000001 0.000000 0.000001 1.000000 -0.000000 0.000000 0.000000 0.000000 1.000000
0.937785 0.347217 -0.000000 0.148507 -0.347217 0.937785 -0.000001 0.000001 0.000000 0.000001 1.000000 0.000000 0.000000 0.000000 0.000000 1.000000
0.937785 0.347217 -0.000000 0.148507 -0.347217 0.937785 -0.000001 0.000001 0.000000 0.000001 1.000000 -0.000000 0.000000 0.000000 0.000000 1.000000
0.937785 0.347217 -0.000000 0.148507 -0.347217 0.937785 -0.000001 0.000001 0.000000 0.000001 1.000000 0.000000 0.000000 0.000000 0.000000 1.000000
0.937785 0.347217 -0.000000 0.148507 -0.347217 0.937785 -0.000001 0.000001 0.000000 0.000001 1.000000 0.000000 0.000000 0.000000 0.000000 1.000000
0.937785 0.347217 -0.000000 0.148507 -0.347217 0.937785 -0.000001 0.000001 0.000000 0.000001 1.000000 -0.000000 0.000000 0.000000 0.000000 1.000000
0.937785 0.347217 -0.000000 0.148507 -0.347217 0.937785 -0.000001 0.000001 0.000000 0.000001 1.000000 0.000000 0.000000 0.000000 0.000000 1.000000
0.937785 0.347217 -0.000000 0.148507 -0.347217 0.937785 -0.000001 0.000001 0.000000 0.000001 1.000000 -0.000000 0.000000 0.000000 0.000000 1.000000
0.937785 0.347217 -0.000000 0.148507 -0.347217 0.937785 -0.000001 0.000001 0.000000 0.000001 1.000000 0.000000 0.000000 0.000000 0.000000 1.000000
0.937785 0.347217 -0.000000 0.148507 -0.347217 0.937785 -0.000001 0.000001 0.000000 0.000001 1.000000 -0.000000 0.000000 0.000000 0.000000 1.000000
0.937785 0.347217 -0.000000 0.148507 -0.347217 0.937785 -0.000001 0.000001 0.000000 0.000001 1.000000 0.000000 0.000000 0.000000 0.000000 1.000000
0.937785 0.347217 -0.000000 0.148507 -0.347217 0.937785 -0.000001 0.000001 0.000000 0.000001 1.000000 -0.000000 0.000000 0.000000 0.000000 1.000000
0.937785 0.347217 -0.000000 0.148507 -0.347217 0.937785 -0.000001 0.000001 0.000000 0.000001 1.000000 0.000000 0.000000 0.000000 0.000000 1.000000
0.937785 0.347217 -0.000000 0.148507 -0.347217 0.937785 -0.000001 0.000001 0.000000 0.000001 1.000000 -0.000000 0.000000 0.000000 0.000000 1.000000
0.937785 0.347217 -0.000000 0.148507 -0.347217 0.937785 -0.000001 0.000001 0.000000 0.000001 1.000000 0.000000 0.000000 0.000000 0.000000 1.000000
0.937785 0.347217 -0.000000 0.148507 -0.347217 0.937785 -0.000001 0.000001 0.000000 0.000001 1.000000 -0.000000 0.000000 0.000000 0.000000 1.000000
0.937785 0.347217 -0.000000 0.148507 -0.347217 0.937785 -0.000001 0.000001 0.000000 0.000001 1.000000 0.000000 0.000000 0.000000 0.000000 1.000000
0.937785 0.347217 -0.000000 0.148507 -0.347217 0.937785 -0.000001 0.000001 0.000000 0.000001 1.000000 -0.000000 0.000000 0.000000 0.000000 1.000000
0.937785 0.347217 -0.000000 0.148507 -0.347217 0.937785 -0.000001 0.000001 0.000000 0.000001 1.000000 0.000000 0.000000 0.000000 0.000000 1.000000
0.937785 0.347217 -0.000000 0.148507 -0.347217 0.937785 -0.000001 0.000001 0.000000 0.000001 1.000000 -0.000000 0.000000 0.000000 0.000000 1.000000
0.937785 0.347217 -0.000000 0.148507 -0.347217 0.937785 -0.000001 0.000001 0.000000 0.000001 1.000000 0.000000 0.000000 0.000000 0.000000 1.000000
0.937785 0.347217 -0.000000 0.148507 -0.347217 0.937785 -0.000001 0.000001 0.000000 0.000001 1.000000 -0.000000 0.000000 0.000000 0.000000 1.000000
0.937785 0.347217 -0.000000 0.148507 -0.347217 0.937785 -0.000001 0.000001 0.000000 0.000001 1.000000 0.000000 0.000000 0.000000 0.000000 1.000000</float_array><technique_common><accessor source="#jnt_right_handpinky2-Matrix-animation-output-transform-array" count="30" stride="16"><param type="float4x4"/></accessor></technique_common></source><source id="jnt_right_handpinky2-Interpolations"><Name_array id="jnt_right_handpinky2-Interpolations-array" count="30">
 LINEAR LINEAR LINEAR LINEAR LINEAR LINEAR LINEAR LINEAR LINEAR LINEAR LINEAR
LINEAR LINEAR LINEAR LINEAR LINEAR LINEAR LINEAR LINEAR LINEAR LINEAR LINEAR LINEAR
LINEAR LINEAR LINEAR LINEAR LINEAR LINEAR LINEAR</Name_array><technique_common><accessor source="#jnt_right_handpinky2-Interpolations-array" count="30"><param type="name"/></accessor></technique_common></source><sampler id="jnt_right_handpinky2-Matrix-animation-transform"><input semantic="INPUT" source="#jnt_right_handpinky2-Matrix-animation-input"/><input semantic="OUTPUT" source="#jnt_right_handpinky2-Matrix-animation-output-transform"/><input semantic="INTERPOLATION" source="#jnt_right_handpinky2-Interpolations"/></sampler><channel source="#jnt_right_handpinky2-Matrix-animation-transform" target="jnt_right_handpinky2/matrix"/></animation></animation>
    <animation id="jnt_right_handpinky3-anim" name="jnt_right_handpinky3"><animation><source id="jnt_right_handpinky3-Matrix-animation-input"><float_array id="jnt_right_handpinky3-Matrix-animation-input-array" count="30">

0.033333 0.066667 0.100000 0.133333 0.166667 0.200000 0.233333 0.266667 0.300000 0.333333 0.366667 0.400000 0.433333 0.466667 0.500000 0.533333
0.566667 0.600000 0.633333 0.666667 0.700000 0.733333 0.766667 0.800000 0.833333 0.866667 0.900000 0.933333 0.966667 1.000000</float_array><technique_common><accessor source="#jnt_right_handpinky3-Matrix-animation-input-array" count="30"><param name="TIME" type="float"/></accessor></technique_common></source><source id="jnt_right_handpinky3-Matrix-animation-output-transform"><float_array id="jnt_right_handpinky3-Matrix-animation-output-transform-array" count="480">

0.994339 0.106248 -0.000000 0.075471 -0.106248 0.994340 0.000002 -0.000001 0.000000 -0.000002 1.000000 0.000001 0.000000 0.000000 0.000000 1.000000
0.994340 0.106248 -0.000000 0.075471 -0.106248 0.994340 0.000002 -0.000001 0.000000 -0.000002 1.000000 0.000000 0.000000 0.000000 0.000000 1.000000
0.994340 0.106248 -0.000000 0.075471 -0.106248 0.994340 0.000002 -0.000001 0.000000 -0.000002 1.000000 -0.000000 0.000000 0.000000 0.000000 1.000000
0.994340 0.106248 -0.000000 0.075471 -0.106248 0.994340 0.000002 -0.000001 0.000000 -0.000002 1.000000 0.000000 0.000000 0.000000 0.000000 1.000000
0.994339 0.106248 -0.000000 0.075471 -0.106248 0.994340 0.000002 -0.000001 0.000000 -0.000002 1.000000 0.000001 0.000000 0.000000 0.000000 1.000000
0.994340 0.106248 -0.000000 0.075471 -0.106248 0.994340 0.000002 -0.000001 0.000000 -0.000002 1.000000 0.000000 0.000000 0.000000 0.000000 1.000000
0.994340 0.106248 -0.000000 0.075471 -0.106248 0.994340 0.000002 -0.000001 0.000000 -0.000002 1.000000 -0.000000 0.000000 0.000000 0.000000 1.000000
0.994340 0.106248 -0.000000 0.075471 -0.106248 0.994340 0.000002 -0.000001 0.000000 -0.000002 1.000000 0.000000 0.000000 0.000000 0.000000 1.000000
0.994339 0.106248 -0.000000 0.075471 -0.106248 0.994340 0.000002 -0.000001 0.000000 -0.000002 1.000000 0.000001 0.000000 0.000000 0.000000 1.000000
0.994340 0.106248 -0.000000 0.075471 -0.106248 0.994340 0.000002 -0.000001 0.000000 -0.000002 1.000000 0.000000 0.000000 0.000000 0.000000 1.000000
0.994340 0.106248 -0.000000 0.075471 -0.106248 0.994340 0.000002 -0.000001 0.000000 -0.000002 1.000000 -0.000000 0.000000 0.000000 0.000000 1.000000
0.994339 0.106248 -0.000000 0.075471 -0.106248 0.994340 0.000002 -0.000001 0.000000 -0.000002 1.000000 0.000001 0.000000 0.000000 0.000000 1.000000
0.994340 0.106248 -0.000000 0.075471 -0.106248 0.994340 0.000002 -0.000001 0.000000 -0.000002 1.000000 0.000000 0.000000 0.000000 0.000000 1.000000
0.994340 0.106248 -0.000000 0.075471 -0.106248 0.994340 0.000002 -0.000001 0.000000 -0.000002 1.000000 -0.000000 0.000000 0.000000 0.000000 1.000000
0.994340 0.106248 -0.000000 0.075471 -0.106248 0.994340 0.000002 -0.000001 0.000000 -0.000002 1.000000 0.000000 0.000000 0.000000 0.000000 1.000000
0.994339 0.106248 -0.000000 0.075471 -0.106248 0.994340 0.000002 -0.000001 0.000000 -0.000002 1.000000 0.000001 0.000000 0.000000 0.000000 1.000000
0.994340 0.106248 -0.000000 0.075471 -0.106248 0.994340 0.000002 -0.000001 0.000000 -0.000002 1.000000 0.000000 0.000000 0.000000 0.000000 1.000000
0.994340 0.106248 -0.000000 0.075471 -0.106248 0.994340 0.000002 -0.000001 0.000000 -0.000002 1.000000 -0.000000 0.000000 0.000000 0.000000 1.000000
0.994340 0.106248 -0.000000 0.075471 -0.106248 0.994340 0.000002 -0.000001 0.000000 -0.000002 1.000000 0.000000 0.000000 0.000000 0.000000 1.000000
0.994339 0.106248 -0.000000 0.075471 -0.106248 0.994340 0.000002 -0.000001 0.000000 -0.000002 1.000000 0.000001 0.000000 0.000000 0.000000 1.000000
0.994340 0.106248 -0.000000 0.075471 -0.106248 0.994340 0.000002 -0.000001 0.000000 -0.000002 1.000000 0.000000 0.000000 0.000000 0.000000 1.000000
0.994340 0.106248 -0.000000 0.075471 -0.106248 0.994340 0.000002 -0.000001 0.000000 -0.000002 1.000000 -0.000000 0.000000 0.000000 0.000000 1.000000
0.994340 0.106248 -0.000000 0.075471 -0.106248 0.994340 0.000002 -0.000001 0.000000 -0.000002 1.000000 0.000000 0.000000 0.000000 0.000000 1.000000
0.994339 0.106248 -0.000000 0.075471 -0.106248 0.994340 0.000002 -0.000001 0.000000 -0.000002 1.000000 0.000001 0.000000 0.000000 0.000000 1.000000
0.994340 0.106248 -0.000000 0.075471 -0.106248 0.994340 0.000002 -0.000001 0.000000 -0.000002 1.000000 0.000000 0.000000 0.000000 0.000000 1.000000
0.994340 0.106248 -0.000000 0.075471 -0.106248 0.994340 0.000002 -0.000001 0.000000 -0.000002 1.000000 -0.000000 0.000000 0.000000 0.000000 1.000000
0.994340 0.106248 -0.000000 0.075471 -0.106248 0.994340 0.000002 -0.000001 0.000000 -0.000002 1.000000 0.000000 0.000000 0.000000 0.000000 1.000000
0.994339 0.106248 -0.000000 0.075471 -0.106248 0.994340 0.000002 -0.000001 0.000000 -0.000002 1.000000 0.000001 0.000000 0.000000 0.000000 1.000000
0.994340 0.106248 -0.000000 0.075471 -0.106248 0.994340 0.000002 -0.000001 0.000000 -0.000002 1.000000 0.000000 0.000000 0.000000 0.000000 1.000000
0.994340 0.106248 -0.000000 0.075471 -0.106248 0.994340 0.000002 -0.000001 0.000000 -0.000002 1.000000 -0.000000 0.000000 0.000000 0.000000 1.000000</float_array><technique_common><accessor source="#jnt_right_handpinky3-Matrix-animation-output-transform-array" count="30" stride="16"><param type="float4x4"/></accessor></technique_common></source><source id="jnt_right_handpinky3-Interpolations"><Name_array id="jnt_right_handpinky3-Interpolations-array" count="30">
 LINEAR LINEAR LINEAR LINEAR LINEAR LINEAR LINEAR LINEAR LINEAR LINEAR LINEAR
LINEAR LINEAR LINEAR LINEAR LINEAR LINEAR LINEAR LINEAR LINEAR LINEAR LINEAR LINEAR
LINEAR LINEAR LINEAR LINEAR LINEAR LINEAR LINEAR</Name_array><technique_common><accessor source="#jnt_right_handpinky3-Interpolations-array" count="30"><param type="name"/></accessor></technique_common></source><sampler id="jnt_right_handpinky3-Matrix-animation-transform"><input semantic="INPUT" source="#jnt_right_handpinky3-Matrix-animation-input"/><input semantic="OUTPUT" source="#jnt_right_handpinky3-Matrix-animation-output-transform"/><input semantic="INTERPOLATION" source="#jnt_right_handpinky3-Interpolations"/></sampler><channel source="#jnt_right_handpinky3-Matrix-animation-transform" target="jnt_right_handpinky3/matrix"/></animation></animation>
    <animation id="jnt_right_handpinky4-anim" name="jnt_right_handpinky4"><animation><source id="jnt_right_handpinky4-Matrix-animation-input"><float_array id="jnt_right_handpinky4-Matrix-animation-input-array" count="30">

0.033333 0.066667 0.100000 0.133333 0.166667 0.200000 0.233333 0.266667 0.300000 0.333333 0.366667 0.400000 0.433333 0.466667 0.500000 0.533333
0.566667 0.600000 0.633333 0.666667 0.700000 0.733333 0.766667 0.800000 0.833333 0.866667 0.900000 0.933333 0.966667 1.000000</float_array><technique_common><accessor source="#jnt_right_handpinky4-Matrix-animation-input-array" count="30"><param name="TIME" type="float"/></accessor></technique_common></source><source id="jnt_right_handpinky4-Matrix-animation-output-transform"><float_array id="jnt_right_handpinky4-Matrix-animation-output-transform-array" count="480">

1.000000 0.000000 0.000000 0.101152 -0.000000 1.000000 0.000000 0.000000 -0.000000 -0.000000 1.000000 -0.000000 0.000000 0.000000 0.000000 1.000000
1.000000 0.000000 0.000000 0.101152 -0.000000 1.000000 0.000000 0.000000 -0.000000 -0.000000 1.000000 -0.000000 0.000000 0.000000 0.000000 1.000000
1.000000 0.000000 -0.000000 0.101152 -0.000000 1.000000 0.000000 0.000000 0.000000 -0.000000 1.000000 0.000000 0.000000 0.000000 0.000000 1.000000
1.000000 0.000000 0.000000 0.101152 -0.000000 1.000000 0.000000 0.000000 -0.000000 -0.000000 1.000000 -0.000000 0.000000 0.000000 0.000000 1.000000
1.000000 0.000000 0.000000 0.101152 -0.000000 1.000000 0.000000 0.000000 -0.000000 -0.000000 1.000000 -0.000000 0.000000 0.000000 0.000000 1.000000
1.000000 0.000000 0.000000 0.101152 -0.000000 1.000000 0.000000 0.000000 -0.000000 -0.000000 1.000000 -0.000000 0.000000 0.000000 0.000000 1.000000
1.000000 0.000000 -0.000000 0.101152 -0.000000 1.000000 0.000000 0.000000 0.000000 -0.000000 1.000000 0.000000 0.000000 0.000000 0.000000 1.000000
1.000000 0.000000 0.000000 0.101152 -0.000000 1.000000 0.000000 0.000000 -0.000000 -0.000000 1.000000 -0.000000 0.000000 0.000000 0.000000 1.000000
1.000000 0.000000 0.000000 0.101152 -0.000000 1.000000 0.000000 0.000000 -0.000000 -0.000000 1.000000 -0.000000 0.000000 0.000000 0.000000 1.000000
1.000000 0.000000 0.000000 0.101152 -0.000000 1.000000 0.000000 0.000000 -0.000000 -0.000000 1.000000 -0.000000 0.000000 0.000000 0.000000 1.000000
1.000000 0.000000 -0.000000 0.101152 -0.000000 1.000000 0.000000 0.000000 0.000000 -0.000000 1.000000 0.000000 0.000000 0.000000 0.000000 1.000000
1.000000 0.000000 0.000000 0.101152 -0.000000 1.000000 0.000000 0.000000 -0.000000 -0.000000 1.000000 -0.000000 0.000000 0.000000 0.000000 1.000000
1.000000 0.000000 0.000000 0.101152 -0.000000 1.000000 0.000000 0.000000 -0.000000 -0.000000 1.000000 -0.000000 0.000000 0.000000 0.000000 1.000000
1.000000 0.000000 -0.000000 0.101152 -0.000000 1.000000 0.000000 0.000000 0.000000 -0.000000 1.000000 0.000000 0.000000 0.000000 0.000000 1.000000
1.000000 0.000000 0.000000 0.101152 -0.000000 1.000000 0.000000 0.000000 -0.000000 -0.000000 1.000000 -0.000000 0.000000 0.000000 0.000000 1.000000
1.000000 0.000000 0.000000 0.101152 -0.000000 1.000000 0.000000 0.000000 -0.000000 -0.000000 1.000000 -0.000000 0.000000 0.000000 0.000000 1.000000
1.000000 0.000000 0.000000 0.101152 -0.000000 1.000000 0.000000 0.000000 -0.000000 -0.000000 1.000000 -0.000000 0.000000 0.000000 0.000000 1.000000
1.000000 0.000000 -0.000000 0.101152 -0.000000 1.000000 0.000000 0.000000 0.000000 -0.000000 1.000000 0.000000 0.000000 0.000000 0.000000 1.000000
1.000000 0.000000 0.000000 0.101152 -0.000000 1.000000 0.000000 0.000000 -0.000000 -0.000000 1.000000 -0.000000 0.000000 0.000000 0.000000 1.000000
1.000000 0.000000 0.000000 0.101152 -0.000000 1.000000 0.000000 0.000000 -0.000000 -0.000000 1.000000 -0.000000 0.000000 0.000000 0.000000 1.000000
1.000000 0.000000 0.000000 0.101152 -0.000000 1.000000 0.000000 0.000000 -0.000000 -0.000000 1.000000 -0.000000 0.000000 0.000000 0.000000 1.000000
1.000000 0.000000 -0.000000 0.101152 -0.000000 1.000000 0.000000 0.000000 0.000000 -0.000000 1.000000 0.000000 0.000000 0.000000 0.000000 1.000000
1.000000 0.000000 0.000000 0.101152 -0.000000 1.000000 0.000000 0.000000 -0.000000 -0.000000 1.000000 -0.000000 0.000000 0.000000 0.000000 1.000000
1.000000 0.000000 0.000000 0.101152 -0.000000 1.000000 0.000000 0.000000 -0.000000 -0.000000 1.000000 -0.000000 0.000000 0.000000 0.000000 1.000000
1.000000 0.000000 0.000000 0.101152 -0.000000 1.000000 0.000000 0.000000 -0.000000 -0.000000 1.000000 -0.000000 0.000000 0.000000 0.000000 1.000000
1.000000 0.000000 -0.000000 0.101152 -0.000000 1.000000 0.000000 0.000000 0.000000 -0.000000 1.000000 0.000000 0.000000 0.000000 0.000000 1.000000
1.000000 0.000000 0.000000 0.101152 -0.000000 1.000000 0.000000 0.000000 -0.000000 -0.000000 1.000000 -0.000000 0.000000 0.000000 0.000000 1.000000
1.000000 0.000000 0.000000 0.101152 -0.000000 1.000000 0.000000 0.000000 -0.000000 -0.000000 1.000000 -0.000000 0.000000 0.000000 0.000000 1.000000
1.000000 0.000000 0.000000 0.101152 -0.000000 1.000000 0.000000 0.000000 -0.000000 -0.000000 1.000000 -0.000000 0.000000 0.000000 0.000000 1.000000
1.000000 0.000000 -0.000000 0.101152 -0.000000 1.000000 0.000000 0.000000 0.000000 -0.000000 1.000000 0.000000 0.000000 0.000000 0.000000 1.000000</float_array><technique_common><accessor source="#jnt_right_handpinky4-Matrix-animation-output-transform-array" count="30" stride="16"><param type="float4x4"/></accessor></technique_common></source><source id="jnt_right_handpinky4-Interpolations"><Name_array id="jnt_right_handpinky4-Interpolations-array" count="30">
 LINEAR LINEAR LINEAR LINEAR LINEAR LINEAR LINEAR LINEAR LINEAR LINEAR LINEAR
LINEAR LINEAR LINEAR LINEAR LINEAR LINEAR LINEAR LINEAR LINEAR LINEAR LINEAR LINEAR
LINEAR LINEAR LINEAR LINEAR LINEAR LINEAR LINEAR</Name_array><technique_common><accessor source="#jnt_right_handpinky4-Interpolations-array" count="30"><param type="name"/></accessor></technique_common></source><sampler id="jnt_right_handpinky4-Matrix-animation-transform"><input semantic="INPUT" source="#jnt_right_handpinky4-Matrix-animation-input"/><input semantic="OUTPUT" source="#jnt_right_handpinky4-Matrix-animation-output-transform"/><input semantic="INTERPOLATION" source="#jnt_right_handpinky4-Interpolations"/></sampler><channel source="#jnt_right_handpinky4-Matrix-animation-transform" target="jnt_right_handpinky4/matrix"/></animation></animation>
    <animation id="jnt_backpack-anim" name="jnt_backpack"><animation><source id="jnt_backpack-Matrix-animation-input"><float_array id="jnt_backpack-Matrix-animation-input-array" count="30">

0.033333 0.066667 0.100000 0.133333 0.166667 0.200000 0.233333 0.266667 0.300000 0.333333 0.366667 0.400000 0.433333 0.466667 0.500000 0.533333
0.566667 0.600000 0.633333 0.666667 0.700000 0.733333 0.766667 0.800000 0.833333 0.866667 0.900000 0.933333 0.966667 1.000000</float_array><technique_common><accessor source="#jnt_backpack-Matrix-animation-input-array" count="30"><param name="TIME" type="float"/></accessor></technique_common></source><source id="jnt_backpack-Matrix-animation-output-transform"><float_array id="jnt_backpack-Matrix-animation-output-transform-array" count="480">

0.000000 0.995068 -0.099191 0.682545 0.000000 0.099191 0.995068 -0.705658 1.000000 -0.000000 0.000000 -0.000000 0.000000 0.000000 0.000000 1.000000
0.000000 0.995068 -0.099191 0.682545 0.000000 0.099191 0.995068 -0.705658 1.000000 -0.000000 0.000000 -0.000000 0.000000 0.000000 0.000000 1.000000
0.000000 0.995068 -0.099191 0.682545 0.000000 0.099191 0.995068 -0.705658 1.000000 -0.000000 0.000000 0.000000 0.000000 0.000000 0.000000 1.000000
0.000000 0.995068 -0.099191 0.682545 0.000000 0.099191 0.995068 -0.705658 1.000000 -0.000000 0.000000 -0.000000 0.000000 0.000000 0.000000 1.000000
0.000000 0.995068 -0.099191 0.682545 0.000000 0.099191 0.995068 -0.705658 1.000000 -0.000000 0.000000 -0.000000 0.000000 0.000000 0.000000 1.000000
0.000000 0.995068 -0.099191 0.682545 0.000000 0.099191 0.995068 -0.705658 1.000000 -0.000000 0.000000 -0.000000 0.000000 0.000000 0.000000 1.000000
0.000000 0.995068 -0.099191 0.682545 0.000000 0.099191 0.995068 -0.705658 1.000000 -0.000000 0.000000 0.000000 0.000000 0.000000 0.000000 1.000000
0.000000 0.995068 -0.099191 0.682545 0.000000 0.099191 0.995068 -0.705658 1.000000 -0.000000 0.000000 -0.000000 0.000000 0.000000 0.000000 1.000000
0.000000 0.995068 -0.099191 0.682545 0.000000 0.099191 0.995068 -0.705658 1.000000 -0.000000 0.000000 -0.000000 0.000000 0.000000 0.000000 1.000000
0.000000 0.995068 -0.099191 0.682545 0.000000 0.099191 0.995068 -0.705658 1.000000 -0.000000 0.000000 -0.000000 0.000000 0.000000 0.000000 1.000000
0.000000 0.995068 -0.099191 0.682545 0.000000 0.099191 0.995068 -0.705658 1.000000 -0.000000 0.000000 0.000000 0.000000 0.000000 0.000000 1.000000
0.000000 0.995068 -0.099191 0.682545 0.000000 0.099191 0.995068 -0.705658 1.000000 -0.000000 0.000000 -0.000000 0.000000 0.000000 0.000000 1.000000
0.000000 0.995068 -0.099191 0.682545 0.000000 0.099191 0.995068 -0.705658 1.000000 -0.000000 0.000000 -0.000000 0.000000 0.000000 0.000000 1.000000
0.000000 0.995068 -0.099191 0.682545 0.000000 0.099191 0.995068 -0.705658 1.000000 -0.000000 0.000000 0.000000 0.000000 0.000000 0.000000 1.000000
0.000000 0.995068 -0.099191 0.682545 0.000000 0.099191 0.995068 -0.705658 1.000000 -0.000000 0.000000 -0.000000 0.000000 0.000000 0.000000 1.000000
0.000000 0.995068 -0.099191 0.682545 0.000000 0.099191 0.995068 -0.705658 1.000000 -0.000000 0.000000 -0.000000 0.000000 0.000000 0.000000 1.000000
0.000000 0.995068 -0.099191 0.682545 0.000000 0.099191 0.995068 -0.705658 1.000000 -0.000000 0.000000 -0.000000 0.000000 0.000000 0.000000 1.000000
0.000000 0.995068 -0.099191 0.682545 0.000000 0.099191 0.995068 -0.705658 1.000000 -0.000000 0.000000 0.000000 0.000000 0.000000 0.000000 1.000000
0.000000 0.995068 -0.099191 0.682545 0.000000 0.099191 0.995068 -0.705658 1.000000 -0.000000 0.000000 -0.000000 0.000000 0.000000 0.000000 1.000000
0.000000 0.995068 -0.099191 0.682545 0.000000 0.099191 0.995068 -0.705658 1.000000 -0.000000 0.000000 -0.000000 0.000000 0.000000 0.000000 1.000000
0.000000 0.995068 -0.099191 0.682545 0.000000 0.099191 0.995068 -0.705658 1.000000 -0.000000 0.000000 -0.000000 0.000000 0.000000 0.000000 1.000000
0.000000 0.995068 -0.099191 0.682545 0.000000 0.099191 0.995068 -0.705658 1.000000 -0.000000 0.000000 0.000000 0.000000 0.000000 0.000000 1.000000
0.000000 0.995068 -0.099191 0.682545 0.000000 0.099191 0.995068 -0.705658 1.000000 -0.000000 0.000000 -0.000000 0.000000 0.000000 0.000000 1.000000
0.000000 0.995068 -0.099191 0.682545 0.000000 0.099191 0.995068 -0.705658 1.000000 -0.000000 0.000000 -0.000000 0.000000 0.000000 0.000000 1.000000
0.000000 0.995068 -0.099191 0.682545 0.000000 0.099191 0.995068 -0.705658 1.000000 -0.000000 0.000000 -0.000000 0.000000 0.000000 0.000000 1.000000
0.000000 0.995068 -0.099191 0.682545 0.000000 0.099191 0.995068 -0.705658 1.000000 -0.000000 0.000000 0.000000 0.000000 0.000000 0.000000 1.000000
0.000000 0.995068 -0.099191 0.682545 0.000000 0.099191 0.995068 -0.705658 1.000000 -0.000000 0.000000 -0.000000 0.000000 0.000000 0.000000 1.000000
0.000000 0.995068 -0.099191 0.682545 0.000000 0.099191 0.995068 -0.705658 1.000000 -0.000000 0.000000 -0.000000 0.000000 0.000000 0.000000 1.000000
0.000000 0.995068 -0.099191 0.682545 0.000000 0.099191 0.995068 -0.705658 1.000000 -0.000000 0.000000 -0.000000 0.000000 0.000000 0.000000 1.000000
0.000000 0.995068 -0.099191 0.682545 0.000000 0.099191 0.995068 -0.705658 1.000000 -0.000000 0.000000 0.000000 0.000000 0.000000 0.000000 1.000000</float_array><technique_common><accessor source="#jnt_backpack-Matrix-animation-output-transform-array" count="30" stride="16"><param type="float4x4"/></accessor></technique_common></source><source id="jnt_backpack-Interpolations"><Name_array id="jnt_backpack-Interpolations-array" count="30">
 LINEAR LINEAR LINEAR LINEAR LINEAR LINEAR LINEAR LINEAR LINEAR LINEAR LINEAR
LINEAR LINEAR LINEAR LINEAR LINEAR LINEAR LINEAR LINEAR LINEAR LINEAR LINEAR LINEAR
LINEAR LINEAR LINEAR LINEAR LINEAR LINEAR LINEAR</Name_array><technique_common><accessor source="#jnt_backpack-Interpolations-array" count="30"><param type="name"/></accessor></technique_common></source><sampler id="jnt_backpack-Matrix-animation-transform"><input semantic="INPUT" source="#jnt_backpack-Matrix-animation-input"/><input semantic="OUTPUT" source="#jnt_backpack-Matrix-animation-output-transform"/><input semantic="INTERPOLATION" source="#jnt_backpack-Interpolations"/></sampler><channel source="#jnt_backpack-Matrix-animation-transform" target="jnt_backpack/matrix"/></animation></animation>
    <animation id="jnt_camera-anim" name="jnt_camera"><animation><source id="jnt_camera-Matrix-animation-input"><float_array id="jnt_camera-Matrix-animation-input-array" count="30">

0.033333 0.066667 0.100000 0.133333 0.166667 0.200000 0.233333 0.266667 0.300000 0.333333 0.366667 0.400000 0.433333 0.466667 0.500000 0.533333
0.566667 0.600000 0.633333 0.666667 0.700000 0.733333 0.766667 0.800000 0.833333 0.866667 0.900000 0.933333 0.966667 1.000000</float_array><technique_common><accessor source="#jnt_camera-Matrix-animation-input-array" count="30"><param name="TIME" type="float"/></accessor></technique_common></source><source id="jnt_camera-Matrix-animation-output-transform"><float_array id="jnt_camera-Matrix-animation-output-transform-array" count="480">

0.987715 -0.153887 0.027150 0.000000 0.153770 0.926257 -0.344096 1.193611 0.027804 0.344044 0.938542 0.007402 0.000000 0.000000 0.000000 1.000000
0.987715 -0.153887 0.027150 0.000000 0.153770 0.926257 -0.344096 1.193611 0.027804 0.344044 0.938542 0.007402 0.000000 0.000000 0.000000 1.000000
0.987715 -0.153887 0.027150 0.000000 0.153770 0.926257 -0.344096 1.193611 0.027804 0.344044 0.938542 0.007402 0.000000 0.000000 0.000000 1.000000
0.987715 -0.153887 0.027150 0.000000 0.153770 0.926257 -0.344096 1.193611 0.027804 0.344044 0.938542 0.007402 0.000000 0.000000 0.000000 1.000000
0.987715 -0.153887 0.027150 0.000000 0.153770 0.926257 -0.344096 1.193611 0.027804 0.344044 0.938542 0.007402 0.000000 0.000000 0.000000 1.000000
0.987715 -0.153887 0.027150 0.000000 0.153770 0.926257 -0.344096 1.193611 0.027804 0.344044 0.938542 0.007402 0.000000 0.000000 0.000000 1.000000
0.987715 -0.153887 0.027150 0.000000 0.153770 0.926257 -0.344096 1.193611 0.027804 0.344044 0.938542 0.007402 0.000000 0.000000 0.000000 1.000000
0.987715 -0.153887 0.027150 0.000000 0.153770 0.926257 -0.344096 1.193611 0.027804 0.344044 0.938542 0.007402 0.000000 0.000000 0.000000 1.000000
0.987715 -0.153887 0.027150 0.000000 0.153770 0.926257 -0.344096 1.193611 0.027804 0.344044 0.938542 0.007402 0.000000 0.000000 0.000000 1.000000
0.987715 -0.153887 0.027150 0.000000 0.153770 0.926257 -0.344096 1.193611 0.027804 0.344044 0.938542 0.007402 0.000000 0.000000 0.000000 1.000000
0.987715 -0.153887 0.027150 0.000000 0.153770 0.926257 -0.344096 1.193611 0.027804 0.344044 0.938542 0.007402 0.000000 0.000000 0.000000 1.000000
0.987715 -0.153887 0.027150 0.000000 0.153770 0.926257 -0.344096 1.193611 0.027804 0.344044 0.938542 0.007402 0.000000 0.000000 0.000000 1.000000
0.987715 -0.153887 0.027150 0.000000 0.153770 0.926257 -0.344096 1.193611 0.027804 0.344044 0.938542 0.007402 0.000000 0.000000 0.000000 1.000000
0.987715 -0.153887 0.027150 0.000000 0.153770 0.926257 -0.344096 1.193611 0.027804 0.344044 0.938542 0.007402 0.000000 0.000000 0.000000 1.000000
0.987715 -0.153887 0.027150 0.000000 0.153770 0.926257 -0.344096 1.193611 0.027804 0.344044 0.938542 0.007402 0.000000 0.000000 0.000000 1.000000
0.987715 -0.153887 0.027150 0.000000 0.153770 0.926257 -0.344096 1.193611 0.027804 0.344044 0.938542 0.007402 0.000000 0.000000 0.000000 1.000000
0.987715 -0.153887 0.027150 0.000000 0.153770 0.926257 -0.344096 1.193611 0.027804 0.344044 0.938542 0.007402 0.000000 0.000000 0.000000 1.000000
0.987715 -0.153887 0.027150 0.000000 0.153770 0.926257 -0.344096 1.193611 0.027804 0.344044 0.938542 0.007402 0.000000 0.000000 0.000000 1.000000
0.987715 -0.153887 0.027150 0.000000 0.153770 0.926257 -0.344096 1.193611 0.027804 0.344044 0.938542 0.007402 0.000000 0.000000 0.000000 1.000000
0.987715 -0.153887 0.027150 0.000000 0.153770 0.926257 -0.344096 1.193611 0.027804 0.344044 0.938542 0.007402 0.000000 0.000000 0.000000 1.000000
0.987715 -0.153887 0.027150 0.000000 0.153770 0.926257 -0.344096 1.193611 0.027804 0.344044 0.938542 0.007402 0.000000 0.000000 0.000000 1.000000
0.987715 -0.153887 0.027150 0.000000 0.153770 0.926257 -0.344096 1.193611 0.027804 0.344044 0.938542 0.007402 0.000000 0.000000 0.000000 1.000000
0.987715 -0.153887 0.027150 0.000000 0.153770 0.926257 -0.344096 1.193611 0.027804 0.344044 0.938542 0.007402 0.000000 0.000000 0.000000 1.000000
0.987715 -0.153887 0.027150 0.000000 0.153770 0.926257 -0.344096 1.193611 0.027804 0.344044 0.938542 0.007402 0.000000 0.000000 0.000000 1.000000
0.987715 -0.153887 0.027150 0.000000 0.153770 0.926257 -0.344096 1.193611 0.027804 0.344044 0.938542 0.007402 0.000000 0.000000 0.000000 1.000000
0.987715 -0.153887 0.027150 0.000000 0.153770 0.926257 -0.344096 1.193611 0.027804 0.344044 0.938542 0.007402 0.000000 0.000000 0.000000 1.000000
0.987715 -0.153887 0.027150 0.000000 0.153770 0.926257 -0.344096 1.193611 0.027804 0.344044 0.938542 0.007402 0.000000 0.000000 0.000000 1.000000
0.987715 -0.153887 0.027150 0.000000 0.153770 0.926257 -0.344096 1.193611 0.027804 0.344044 0.938542 0.007402 0.000000 0.000000 0.000000 1.000000
0.987715 -0.153887 0.027150 0.000000 0.153770 0.926257 -0.344096 1.193611 0.027804 0.344044 0.938542 0.007402 0.000000 0.000000 0.000000 1.000000
0.987715 -0.153887 0.027150 0.000000 0.153770 0.926257 -0.344096 1.193611 0.027804 0.344044 0.938542 0.007402 0.000000 0.000000 0.000000 1.000000</float_array><technique_common><accessor source="#jnt_camera-Matrix-animation-output-transform-array" count="30" stride="16"><param type="float4x4"/></accessor></technique_common></source><source id="jnt_camera-Interpolations"><Name_array id="jnt_camera-Interpolations-array" count="30">
 LINEAR LINEAR LINEAR LINEAR LINEAR LINEAR LINEAR LINEAR LINEAR LINEAR LINEAR
LINEAR LINEAR LINEAR LINEAR LINEAR LINEAR LINEAR LINEAR LINEAR LINEAR LINEAR LINEAR
LINEAR LINEAR LINEAR LINEAR LINEAR LINEAR LINEAR</Name_array><technique_common><accessor source="#jnt_camera-Interpolations-array" count="30"><param type="name"/></accessor></technique_common></source><sampler id="jnt_camera-Matrix-animation-transform"><input semantic="INPUT" source="#jnt_camera-Matrix-animation-input"/><input semantic="OUTPUT" source="#jnt_camera-Matrix-animation-output-transform"/><input semantic="INTERPOLATION" source="#jnt_camera-Interpolations"/></sampler><channel source="#jnt_camera-Matrix-animation-transform" target="jnt_camera/matrix"/></animation></animation>
    <animation id="jnt_right_upleg-anim" name="jnt_right_upleg"><animation><source id="jnt_right_upleg-Matrix-animation-input"><float_array id="jnt_right_upleg-Matrix-animation-input-array" count="30">

0.033333 0.066667 0.100000 0.133333 0.166667 0.200000 0.233333 0.266667 0.300000 0.333333 0.366667 0.400000 0.433333 0.466667 0.500000 0.533333
0.566667 0.600000 0.633333 0.666667 0.700000 0.733333 0.766667 0.800000 0.833333 0.866667 0.900000 0.933333 0.966667 1.000000</float_array><technique_common><accessor source="#jnt_right_upleg-Matrix-animation-input-array" count="30"><param name="TIME" type="float"/></accessor></technique_common></source><source id="jnt_right_upleg-Matrix-animation-output-transform"><float_array id="jnt_right_upleg-Matrix-animation-output-transform-array" count="480">

-0.175337 -0.001756 -0.984507 -0.446779 -0.984438 -0.011647 0.175345 -0.111214 -0.011775 0.999931 0.000313 0.043020 0.000000 0.000000 0.000000 1.000000
-0.175337 -0.001756 -0.984507 -0.446779 -0.984438 -0.011647 0.175345 -0.111214 -0.011775 0.999931 0.000313 0.043020 0.000000 0.000000 0.000000 1.000000
-0.175337 -0.001756 -0.984507 -0.446779 -0.984438 -0.011647 0.175345 -0.111214 -0.011775 0.999931 0.000313 0.043020 0.000000 0.000000 0.000000 1.000000
-0.175337 -0.001756 -0.984507 -0.446779 -0.984438 -0.011647 0.175345 -0.111214 -0.011775 0.999931 0.000313 0.043020 0.000000 0.000000 0.000000 1.000000
-0.175337 -0.001756 -0.984507 -0.446779 -0.984438 -0.011647 0.175345 -0.111214 -0.011775 0.999931 0.000313 0.043020 0.000000 0.000000 0.000000 1.000000
-0.175337 -0.001756 -0.984507 -0.446779 -0.984438 -0.011647 0.175345 -0.111214 -0.011775 0.999931 0.000313 0.043020 0.000000 0.000000 0.000000 1.000000
-0.175337 -0.001756 -0.984507 -0.446779 -0.984438 -0.011647 0.175345 -0.111214 -0.011775 0.999931 0.000313 0.043020 0.000000 0.000000 0.000000 1.000000
-0.175337 -0.001756 -0.984507 -0.446779 -0.984438 -0.011647 0.175345 -0.111214 -0.011775 0.999931 0.000313 0.043020 0.000000 0.000000 0.000000 1.000000
-0.175337 -0.001756 -0.984507 -0.446779 -0.984438 -0.011647 0.175345 -0.111214 -0.011775 0.999931 0.000313 0.043020 0.000000 0.000000 0.000000 1.000000
-0.175337 -0.001756 -0.984507 -0.446779 -0.984438 -0.011647 0.175345 -0.111214 -0.011775 0.999931 0.000313 0.043020 0.000000 0.000000 0.000000 1.000000
-0.175337 -0.001756 -0.984507 -0.446779 -0.984438 -0.011647 0.175345 -0.111214 -0.011775 0.999931 0.000313 0.043020 0.000000 0.000000 0.000000 1.000000
-0.175337 -0.001756 -0.984507 -0.446779 -0.984438 -0.011647 0.175345 -0.111214 -0.011775 0.999931 0.000313 0.043020 0.000000 0.000000 0.000000 1.000000
-0.175337 -0.001756 -0.984507 -0.446779 -0.984438 -0.011647 0.175345 -0.111214 -0.011775 0.999931 0.000313 0.043020 0.000000 0.000000 0.000000 1.000000
-0.175337 -0.001756 -0.984507 -0.446779 -0.984438 -0.011647 0.175345 -0.111214 -0.011775 0.999931 0.000313 0.043020 0.000000 0.000000 0.000000 1.000000
-0.175337 -0.001756 -0.984507 -0.446779 -0.984438 -0.011647 0.175345 -0.111214 -0.011775 0.999931 0.000313 0.043020 0.000000 0.000000 0.000000 1.000000
-0.175337 -0.001756 -0.984507 -0.446779 -0.984438 -0.011647 0.175345 -0.111214 -0.011775 0.999931 0.000313 0.043020 0.000000 0.000000 0.000000 1.000000
-0.175337 -0.001756 -0.984507 -0.446779 -0.984438 -0.011647 0.175345 -0.111214 -0.011775 0.999931 0.000313 0.043020 0.000000 0.000000 0.000000 1.000000
-0.175337 -0.001756 -0.984507 -0.446779 -0.984438 -0.011647 0.175345 -0.111214 -0.011775 0.999931 0.000313 0.043020 0.000000 0.000000 0.000000 1.000000
-0.175337 -0.001756 -0.984507 -0.446779 -0.984438 -0.011647 0.175345 -0.111214 -0.011775 0.999931 0.000313 0.043020 0.000000 0.000000 0.000000 1.000000
-0.175337 -0.001756 -0.984507 -0.446779 -0.984438 -0.011647 0.175345 -0.111214 -0.011775 0.999931 0.000313 0.043020 0.000000 0.000000 0.000000 1.000000
-0.175337 -0.001756 -0.984507 -0.446779 -0.984438 -0.011647 0.175345 -0.111214 -0.011775 0.999931 0.000313 0.043020 0.000000 0.000000 0.000000 1.000000
-0.175337 -0.001756 -0.984507 -0.446779 -0.984438 -0.011647 0.175345 -0.111214 -0.011775 0.999931 0.000313 0.043020 0.000000 0.000000 0.000000 1.000000
-0.175337 -0.001756 -0.984507 -0.446779 -0.984438 -0.011647 0.175345 -0.111214 -0.011775 0.999931 0.000313 0.043020 0.000000 0.000000 0.000000 1.000000
-0.175337 -0.001756 -0.984507 -0.446779 -0.984438 -0.011647 0.175345 -0.111214 -0.011775 0.999931 0.000313 0.043020 0.000000 0.000000 0.000000 1.000000
-0.175337 -0.001756 -0.984507 -0.446779 -0.984438 -0.011647 0.175345 -0.111214 -0.011775 0.999931 0.000313 0.043020 0.000000 0.000000 0.000000 1.000000
-0.175337 -0.001756 -0.984507 -0.446779 -0.984438 -0.011647 0.175345 -0.111214 -0.011775 0.999931 0.000313 0.043020 0.000000 0.000000 0.000000 1.000000
-0.175337 -0.001756 -0.984507 -0.446779 -0.984438 -0.011647 0.175345 -0.111214 -0.011775 0.999931 0.000313 0.043020 0.000000 0.000000 0.000000 1.000000
-0.175337 -0.001756 -0.984507 -0.446779 -0.984438 -0.011647 0.175345 -0.111214 -0.011775 0.999931 0.000313 0.043020 0.000000 0.000000 0.000000 1.000000
-0.175337 -0.001756 -0.984507 -0.446779 -0.984438 -0.011647 0.175345 -0.111214 -0.011775 0.999931 0.000313 0.043020 0.000000 0.000000 0.000000 1.000000
-0.175337 -0.001756 -0.984507 -0.446779 -0.984438 -0.011647 0.175345 -0.111214 -0.011775 0.999931 0.000313 0.043020 0.000000 0.000000 0.000000 1.000000</float_array><technique_common><accessor source="#jnt_right_upleg-Matrix-animation-output-transform-array" count="30" stride="16"><param type="float4x4"/></accessor></technique_common></source><source id="jnt_right_upleg-Interpolations"><Name_array id="jnt_right_upleg-Interpolations-array" count="30">
 LINEAR LINEAR LINEAR LINEAR LINEAR LINEAR LINEAR LINEAR LINEAR LINEAR LINEAR
LINEAR LINEAR LINEAR LINEAR LINEAR LINEAR LINEAR LINEAR LINEAR LINEAR LINEAR LINEAR
LINEAR LINEAR LINEAR LINEAR LINEAR LINEAR LINEAR</Name_array><technique_common><accessor source="#jnt_right_upleg-Interpolations-array" count="30"><param type="name"/></accessor></technique_common></source><sampler id="jnt_right_upleg-Matrix-animation-transform"><input semantic="INPUT" source="#jnt_right_upleg-Matrix-animation-input"/><input semantic="OUTPUT" source="#jnt_right_upleg-Matrix-animation-output-transform"/><input semantic="INTERPOLATION" source="#jnt_right_upleg-Interpolations"/></sampler><channel source="#jnt_right_upleg-Matrix-animation-transform" target="jnt_right_upleg/matrix"/></animation></animation>
    <animation id="jnt_right_uplegroll-anim" name="jnt_right_uplegroll"><animation><source id="jnt_right_uplegroll-Matrix-animation-input"><float_array id="jnt_right_uplegroll-Matrix-animation-input-array" count="30">

0.033333 0.066667 0.100000 0.133333 0.166667 0.200000 0.233333 0.266667 0.300000 0.333333 0.366667 0.400000 0.433333 0.466667 0.500000 0.533333
0.566667 0.600000 0.633333 0.666667 0.700000 0.733333 0.766667 0.800000 0.833333 0.866667 0.900000 0.933333 0.966667 1.000000</float_array><technique_common><accessor source="#jnt_right_uplegroll-Matrix-animation-input-array" count="30"><param name="TIME" type="float"/></accessor></technique_common></source><source id="jnt_right_uplegroll-Matrix-animation-output-transform"><float_array id="jnt_right_uplegroll-Matrix-animation-output-transform-array" count="480">

1.000000 -0.000000 0.000000 0.430000 0.000000 1.000000 0.000000 0.000000 -0.000000 -0.000000 1.000000 -0.000000 0.000000 0.000000 0.000000 1.000000
1.000000 -0.000000 0.000000 0.430000 0.000000 1.000000 0.000000 0.000000 -0.000000 -0.000000 1.000000 -0.000000 0.000000 0.000000 0.000000 1.000000
1.000000 -0.000000 0.000000 0.430000 0.000000 1.000000 0.000000 0.000000 -0.000000 -0.000000 1.000000 -0.000000 0.000000 0.000000 0.000000 1.000000
1.000000 -0.000000 0.000000 0.430000 0.000000 1.000000 0.000000 0.000000 -0.000000 -0.000000 1.000000 -0.000000 0.000000 0.000000 0.000000 1.000000
1.000000 -0.000000 0.000000 0.430000 0.000000 1.000000 0.000000 0.000000 -0.000000 -0.000000 1.000000 -0.000000 0.000000 0.000000 0.000000 1.000000
1.000000 -0.000000 0.000000 0.430000 0.000000 1.000000 0.000000 0.000000 -0.000000 -0.000000 1.000000 -0.000000 0.000000 0.000000 0.000000 1.000000
1.000000 -0.000000 0.000000 0.430000 0.000000 1.000000 0.000000 0.000000 -0.000000 -0.000000 1.000000 -0.000000 0.000000 0.000000 0.000000 1.000000
1.000000 -0.000000 0.000000 0.430000 0.000000 1.000000 0.000000 0.000000 -0.000000 -0.000000 1.000000 -0.000000 0.000000 0.000000 0.000000 1.000000
1.000000 -0.000000 0.000000 0.430000 0.000000 1.000000 0.000000 0.000000 -0.000000 -0.000000 1.000000 -0.000000 0.000000 0.000000 0.000000 1.000000
1.000000 -0.000000 0.000000 0.430000 0.000000 1.000000 0.000000 0.000000 -0.000000 -0.000000 1.000000 -0.000000 0.000000 0.000000 0.000000 1.000000
1.000000 -0.000000 0.000000 0.430000 0.000000 1.000000 0.000000 0.000000 -0.000000 -0.000000 1.000000 -0.000000 0.000000 0.000000 0.000000 1.000000
1.000000 -0.000000 0.000000 0.430000 0.000000 1.000000 0.000000 0.000000 -0.000000 -0.000000 1.000000 -0.000000 0.000000 0.000000 0.000000 1.000000
1.000000 -0.000000 0.000000 0.430000 0.000000 1.000000 0.000000 0.000000 -0.000000 -0.000000 1.000000 -0.000000 0.000000 0.000000 0.000000 1.000000
1.000000 -0.000000 0.000000 0.430000 0.000000 1.000000 0.000000 0.000000 -0.000000 -0.000000 1.000000 -0.000000 0.000000 0.000000 0.000000 1.000000
1.000000 -0.000000 0.000000 0.430000 0.000000 1.000000 0.000000 0.000000 -0.000000 -0.000000 1.000000 -0.000000 0.000000 0.000000 0.000000 1.000000
1.000000 -0.000000 0.000000 0.430000 0.000000 1.000000 0.000000 0.000000 -0.000000 -0.000000 1.000000 -0.000000 0.000000 0.000000 0.000000 1.000000
1.000000 -0.000000 0.000000 0.430000 0.000000 1.000000 0.000000 0.000000 -0.000000 -0.000000 1.000000 -0.000000 0.000000 0.000000 0.000000 1.000000
1.000000 -0.000000 0.000000 0.430000 0.000000 1.000000 0.000000 0.000000 -0.000000 -0.000000 1.000000 -0.000000 0.000000 0.000000 0.000000 1.000000
1.000000 -0.000000 0.000000 0.430000 0.000000 1.000000 0.000000 0.000000 -0.000000 -0.000000 1.000000 -0.000000 0.000000 0.000000 0.000000 1.000000
1.000000 -0.000000 0.000000 0.430000 0.000000 1.000000 0.000000 0.000000 -0.000000 -0.000000 1.000000 -0.000000 0.000000 0.000000 0.000000 1.000000
1.000000 -0.000000 0.000000 0.430000 0.000000 1.000000 0.000000 0.000000 -0.000000 -0.000000 1.000000 -0.000000 0.000000 0.000000 0.000000 1.000000
1.000000 -0.000000 0.000000 0.430000 0.000000 1.000000 0.000000 0.000000 -0.000000 -0.000000 1.000000 -0.000000 0.000000 0.000000 0.000000 1.000000
1.000000 -0.000000 0.000000 0.430000 0.000000 1.000000 0.000000 0.000000 -0.000000 -0.000000 1.000000 -0.000000 0.000000 0.000000 0.000000 1.000000
1.000000 -0.000000 0.000000 0.430000 0.000000 1.000000 0.000000 0.000000 -0.000000 -0.000000 1.000000 -0.000000 0.000000 0.000000 0.000000 1.000000
1.000000 -0.000000 0.000000 0.430000 0.000000 1.000000 0.000000 0.000000 -0.000000 -0.000000 1.000000 -0.000000 0.000000 0.000000 0.000000 1.000000
1.000000 -0.000000 0.000000 0.430000 0.000000 1.000000 0.000000 0.000000 -0.000000 -0.000000 1.000000 -0.000000 0.000000 0.000000 0.000000 1.000000
1.000000 -0.000000 0.000000 0.430000 0.000000 1.000000 0.000000 0.000000 -0.000000 -0.000000 1.000000 -0.000000 0.000000 0.000000 0.000000 1.000000
1.000000 -0.000000 0.000000 0.430000 0.000000 1.000000 0.000000 0.000000 -0.000000 -0.000000 1.000000 -0.000000 0.000000 0.000000 0.000000 1.000000
1.000000 -0.000000 0.000000 0.430000 0.000000 1.000000 0.000000 0.000000 -0.000000 -0.000000 1.000000 -0.000000 0.000000 0.000000 0.000000 1.000000
1.000000 -0.000000 0.000000 0.430000 0.000000 1.000000 0.000000 0.000000 -0.000000 -0.000000 1.000000 -0.000000 0.000000 0.000000 0.000000 1.000000</float_array><technique_common><accessor source="#jnt_right_uplegroll-Matrix-animation-output-transform-array" count="30" stride="16"><param type="float4x4"/></accessor></technique_common></source><source id="jnt_right_uplegroll-Interpolations"><Name_array id="jnt_right_uplegroll-Interpolations-array" count="30">
 LINEAR LINEAR LINEAR LINEAR LINEAR LINEAR LINEAR LINEAR LINEAR LINEAR LINEAR
LINEAR LINEAR LINEAR LINEAR LINEAR LINEAR LINEAR LINEAR LINEAR LINEAR LINEAR LINEAR
LINEAR LINEAR LINEAR LINEAR LINEAR LINEAR LINEAR</Name_array><technique_common><accessor source="#jnt_right_uplegroll-Interpolations-array" count="30"><param type="name"/></accessor></technique_common></source><sampler id="jnt_right_uplegroll-Matrix-animation-transform"><input semantic="INPUT" source="#jnt_right_uplegroll-Matrix-animation-input"/><input semantic="OUTPUT" source="#jnt_right_uplegroll-Matrix-animation-output-transform"/><input semantic="INTERPOLATION" source="#jnt_right_uplegroll-Interpolations"/></sampler><channel source="#jnt_right_uplegroll-Matrix-animation-transform" target="jnt_right_uplegroll/matrix"/></animation></animation>
    <animation id="jnt_right_leg-anim" name="jnt_right_leg"><animation><source id="jnt_right_leg-Matrix-animation-input"><float_array id="jnt_right_leg-Matrix-animation-input-array" count="30">

0.033333 0.066667 0.100000 0.133333 0.166667 0.200000 0.233333 0.266667 0.300000 0.333333 0.366667 0.400000 0.433333 0.466667 0.500000 0.533333
0.566667 0.600000 0.633333 0.666667 0.700000 0.733333 0.766667 0.800000 0.833333 0.866667 0.900000 0.933333 0.966667 1.000000</float_array><technique_common><accessor source="#jnt_right_leg-Matrix-animation-input-array" count="30"><param name="TIME" type="float"/></accessor></technique_common></source><source id="jnt_right_leg-Matrix-animation-output-transform"><float_array id="jnt_right_leg-Matrix-animation-output-transform-array" count="480">

0.984636 0.174618 -0.000000 0.860324 -0.174618 0.984636 -0.000001 0.000000 -0.000000 0.000001 1.000000 0.000000 0.000000 0.000000 0.000000 1.000000
0.984636 0.174618 -0.000000 0.860324 -0.174618 0.984636 -0.000001 0.000000 -0.000000 0.000001 1.000000 0.000000 0.000000 0.000000 0.000000 1.000000
0.984636 0.174618 -0.000000 0.860324 -0.174618 0.984636 -0.000001 0.000000 -0.000000 0.000001 1.000000 0.000000 0.000000 0.000000 0.000000 1.000000
0.984636 0.174618 -0.000000 0.860324 -0.174618 0.984636 -0.000001 0.000000 -0.000000 0.000001 1.000000 0.000000 0.000000 0.000000 0.000000 1.000000
0.984636 0.174618 -0.000000 0.860324 -0.174618 0.984636 -0.000001 0.000000 -0.000000 0.000001 1.000000 0.000000 0.000000 0.000000 0.000000 1.000000
0.984636 0.174618 -0.000000 0.860324 -0.174618 0.984636 -0.000001 0.000000 -0.000000 0.000001 1.000000 0.000000 0.000000 0.000000 0.000000 1.000000
0.984636 0.174618 -0.000000 0.860324 -0.174618 0.984636 -0.000001 0.000000 -0.000000 0.000001 1.000000 0.000000 0.000000 0.000000 0.000000 1.000000
0.984636 0.174618 -0.000000 0.860324 -0.174618 0.984636 -0.000001 0.000000 -0.000000 0.000001 1.000000 0.000000 0.000000 0.000000 0.000000 1.000000
0.984636 0.174618 -0.000000 0.860324 -0.174618 0.984636 -0.000001 0.000000 -0.000000 0.000001 1.000000 0.000000 0.000000 0.000000 0.000000 1.000000
0.984636 0.174618 -0.000000 0.860324 -0.174618 0.984636 -0.000001 0.000000 -0.000000 0.000001 1.000000 0.000000 0.000000 0.000000 0.000000 1.000000
0.984636 0.174618 -0.000000 0.860324 -0.174618 0.984636 -0.000001 0.000000 -0.000000 0.000001 1.000000 0.000000 0.000000 0.000000 0.000000 1.000000
0.984636 0.174618 -0.000000 0.860324 -0.174618 0.984636 -0.000001 0.000000 -0.000000 0.000001 1.000000 0.000000 0.000000 0.000000 0.000000 1.000000
0.984636 0.174618 -0.000000 0.860324 -0.174618 0.984636 -0.000001 0.000000 -0.000000 0.000001 1.000000 0.000000 0.000000 0.000000 0.000000 1.000000
0.984636 0.174618 -0.000000 0.860324 -0.174618 0.984636 -0.000001 0.000000 -0.000000 0.000001 1.000000 0.000000 0.000000 0.000000 0.000000 1.000000
0.984636 0.174618 -0.000000 0.860324 -0.174618 0.984636 -0.000001 0.000000 -0.000000 0.000001 1.000000 0.000000 0.000000 0.000000 0.000000 1.000000
0.984636 0.174618 -0.000000 0.860324 -0.174618 0.984636 -0.000001 0.000000 -0.000000 0.000001 1.000000 0.000000 0.000000 0.000000 0.000000 1.000000
0.984636 0.174618 -0.000000 0.860324 -0.174618 0.984636 -0.000001 0.000000 -0.000000 0.000001 1.000000 0.000000 0.000000 0.000000 0.000000 1.000000
0.984636 0.174618 -0.000000 0.860324 -0.174618 0.984636 -0.000001 0.000000 -0.000000 0.000001 1.000000 0.000000 0.000000 0.000000 0.000000 1.000000
0.984636 0.174618 -0.000000 0.860324 -0.174618 0.984636 -0.000001 0.000000 -0.000000 0.000001 1.000000 0.000000 0.000000 0.000000 0.000000 1.000000
0.984636 0.174618 -0.000000 0.860324 -0.174618 0.984636 -0.000001 0.000000 -0.000000 0.000001 1.000000 0.000000 0.000000 0.000000 0.000000 1.000000
0.984636 0.174618 -0.000000 0.860324 -0.174618 0.984636 -0.000001 0.000000 -0.000000 0.000001 1.000000 0.000000 0.000000 0.000000 0.000000 1.000000
0.984636 0.174618 -0.000000 0.860324 -0.174618 0.984636 -0.000001 0.000000 -0.000000 0.000001 1.000000 0.000000 0.000000 0.000000 0.000000 1.000000
0.984636 0.174618 -0.000000 0.860324 -0.174618 0.984636 -0.000001 0.000000 -0.000000 0.000001 1.000000 0.000000 0.000000 0.000000 0.000000 1.000000
0.984636 0.174618 -0.000000 0.860324 -0.174618 0.984636 -0.000001 0.000000 -0.000000 0.000001 1.000000 0.000000 0.000000 0.000000 0.000000 1.000000
0.984636 0.174618 -0.000000 0.860324 -0.174618 0.984636 -0.000001 0.000000 -0.000000 0.000001 1.000000 0.000000 0.000000 0.000000 0.000000 1.000000
0.984636 0.174618 -0.000000 0.860324 -0.174618 0.984636 -0.000001 0.000000 -0.000000 0.000001 1.000000 0.000000 0.000000 0.000000 0.000000 1.000000
0.984636 0.174618 -0.000000 0.860324 -0.174618 0.984636 -0.000001 0.000000 -0.000000 0.000001 1.000000 0.000000 0.000000 0.000000 0.000000 1.000000
0.984636 0.174618 -0.000000 0.860324 -0.174618 0.984636 -0.000001 0.000000 -0.000000 0.000001 1.000000 0.000000 0.000000 0.000000 0.000000 1.000000
0.984636 0.174618 -0.000000 0.860324 -0.174618 0.984636 -0.000001 0.000000 -0.000000 0.000001 1.000000 0.000000 0.000000 0.000000 0.000000 1.000000
0.984636 0.174618 -0.000000 0.860324 -0.174618 0.984636 -0.000001 0.000000 -0.000000 0.000001 1.000000 0.000000 0.000000 0.000000 0.000000 1.000000</float_array><technique_common><accessor source="#jnt_right_leg-Matrix-animation-output-transform-array" count="30" stride="16"><param type="float4x4"/></accessor></technique_common></source><source id="jnt_right_leg-Interpolations"><Name_array id="jnt_right_leg-Interpolations-array" count="30">
 LINEAR LINEAR LINEAR LINEAR LINEAR LINEAR LINEAR LINEAR LINEAR LINEAR LINEAR
LINEAR LINEAR LINEAR LINEAR LINEAR LINEAR LINEAR LINEAR LINEAR LINEAR LINEAR LINEAR
LINEAR LINEAR LINEAR LINEAR LINEAR LINEAR LINEAR</Name_array><technique_common><accessor source="#jnt_right_leg-Interpolations-array" count="30"><param type="name"/></accessor></technique_common></source><sampler id="jnt_right_leg-Matrix-animation-transform"><input semantic="INPUT" source="#jnt_right_leg-Matrix-animation-input"/><input semantic="OUTPUT" source="#jnt_right_leg-Matrix-animation-output-transform"/><input semantic="INTERPOLATION" source="#jnt_right_leg-Interpolations"/></sampler><channel source="#jnt_right_leg-Matrix-animation-transform" target="jnt_right_leg/matrix"/></animation></animation>
    <animation id="jnt_right_legroll-anim" name="jnt_right_legroll"><animation><source id="jnt_right_legroll-Matrix-animation-input"><float_array id="jnt_right_legroll-Matrix-animation-input-array" count="30">

0.033333 0.066667 0.100000 0.133333 0.166667 0.200000 0.233333 0.266667 0.300000 0.333333 0.366667 0.400000 0.433333 0.466667 0.500000 0.533333
0.566667 0.600000 0.633333 0.666667 0.700000 0.733333 0.766667 0.800000 0.833333 0.866667 0.900000 0.933333 0.966667 1.000000</float_array><technique_common><accessor source="#jnt_right_legroll-Matrix-animation-input-array" count="30"><param name="TIME" type="float"/></accessor></technique_common></source><source id="jnt_right_legroll-Matrix-animation-output-transform"><float_array id="jnt_right_legroll-Matrix-animation-output-transform-array" count="480">

1.000000 0.000000 0.000000 0.384000 -0.000000 1.000000 0.000000 -0.000000 -0.000000 -0.000000 1.000000 -0.000000 0.000000 0.000000 0.000000 1.000000
1.000000 0.000000 0.000000 0.384000 -0.000000 1.000000 0.000000 -0.000000 -0.000000 -0.000000 1.000000 -0.000000 0.000000 0.000000 0.000000 1.000000
1.000000 0.000000 0.000000 0.384000 -0.000000 1.000000 0.000000 -0.000000 -0.000000 -0.000000 1.000000 -0.000000 0.000000 0.000000 0.000000 1.000000
1.000000 0.000000 0.000000 0.384000 -0.000000 1.000000 0.000000 -0.000000 -0.000000 -0.000000 1.000000 -0.000000 0.000000 0.000000 0.000000 1.000000
1.000000 0.000000 0.000000 0.384000 -0.000000 1.000000 0.000000 -0.000000 -0.000000 -0.000000 1.000000 -0.000000 0.000000 0.000000 0.000000 1.000000
1.000000 0.000000 0.000000 0.384000 -0.000000 1.000000 0.000000 -0.000000 -0.000000 -0.000000 1.000000 -0.000000 0.000000 0.000000 0.000000 1.000000
1.000000 0.000000 0.000000 0.384000 -0.000000 1.000000 0.000000 -0.000000 -0.000000 -0.000000 1.000000 -0.000000 0.000000 0.000000 0.000000 1.000000
1.000000 0.000000 0.000000 0.384000 -0.000000 1.000000 0.000000 -0.000000 -0.000000 -0.000000 1.000000 -0.000000 0.000000 0.000000 0.000000 1.000000
1.000000 0.000000 0.000000 0.384000 -0.000000 1.000000 0.000000 -0.000000 -0.000000 -0.000000 1.000000 -0.000000 0.000000 0.000000 0.000000 1.000000
1.000000 0.000000 0.000000 0.384000 -0.000000 1.000000 0.000000 -0.000000 -0.000000 -0.000000 1.000000 -0.000000 0.000000 0.000000 0.000000 1.000000
1.000000 0.000000 0.000000 0.384000 -0.000000 1.000000 0.000000 -0.000000 -0.000000 -0.000000 1.000000 -0.000000 0.000000 0.000000 0.000000 1.000000
1.000000 0.000000 0.000000 0.384000 -0.000000 1.000000 0.000000 -0.000000 -0.000000 -0.000000 1.000000 -0.000000 0.000000 0.000000 0.000000 1.000000
1.000000 0.000000 0.000000 0.384000 -0.000000 1.000000 0.000000 -0.000000 -0.000000 -0.000000 1.000000 -0.000000 0.000000 0.000000 0.000000 1.000000
1.000000 0.000000 0.000000 0.384000 -0.000000 1.000000 0.000000 -0.000000 -0.000000 -0.000000 1.000000 -0.000000 0.000000 0.000000 0.000000 1.000000
1.000000 0.000000 0.000000 0.384000 -0.000000 1.000000 0.000000 -0.000000 -0.000000 -0.000000 1.000000 -0.000000 0.000000 0.000000 0.000000 1.000000
1.000000 0.000000 0.000000 0.384000 -0.000000 1.000000 0.000000 -0.000000 -0.000000 -0.000000 1.000000 -0.000000 0.000000 0.000000 0.000000 1.000000
1.000000 0.000000 0.000000 0.384000 -0.000000 1.000000 0.000000 -0.000000 -0.000000 -0.000000 1.000000 -0.000000 0.000000 0.000000 0.000000 1.000000
1.000000 0.000000 0.000000 0.384000 -0.000000 1.000000 0.000000 -0.000000 -0.000000 -0.000000 1.000000 -0.000000 0.000000 0.000000 0.000000 1.000000
1.000000 0.000000 0.000000 0.384000 -0.000000 1.000000 0.000000 -0.000000 -0.000000 -0.000000 1.000000 -0.000000 0.000000 0.000000 0.000000 1.000000
1.000000 0.000000 0.000000 0.384000 -0.000000 1.000000 0.000000 -0.000000 -0.000000 -0.000000 1.000000 -0.000000 0.000000 0.000000 0.000000 1.000000
1.000000 0.000000 0.000000 0.384000 -0.000000 1.000000 0.000000 -0.000000 -0.000000 -0.000000 1.000000 -0.000000 0.000000 0.000000 0.000000 1.000000
1.000000 0.000000 0.000000 0.384000 -0.000000 1.000000 0.000000 -0.000000 -0.000000 -0.000000 1.000000 -0.000000 0.000000 0.000000 0.000000 1.000000
1.000000 0.000000 0.000000 0.384000 -0.000000 1.000000 0.000000 -0.000000 -0.000000 -0.000000 1.000000 -0.000000 0.000000 0.000000 0.000000 1.000000
1.000000 0.000000 0.000000 0.384000 -0.000000 1.000000 0.000000 -0.000000 -0.000000 -0.000000 1.000000 -0.000000 0.000000 0.000000 0.000000 1.000000
1.000000 0.000000 0.000000 0.384000 -0.000000 1.000000 0.000000 -0.000000 -0.000000 -0.000000 1.000000 -0.000000 0.000000 0.000000 0.000000 1.000000
1.000000 0.000000 0.000000 0.384000 -0.000000 1.000000 0.000000 -0.000000 -0.000000 -0.000000 1.000000 -0.000000 0.000000 0.000000 0.000000 1.000000
1.000000 0.000000 0.000000 0.384000 -0.000000 1.000000 0.000000 -0.000000 -0.000000 -0.000000 1.000000 -0.000000 0.000000 0.000000 0.000000 1.000000
1.000000 0.000000 0.000000 0.384000 -0.000000 1.000000 0.000000 -0.000000 -0.000000 -0.000000 1.000000 -0.000000 0.000000 0.000000 0.000000 1.000000
1.000000 0.000000 0.000000 0.384000 -0.000000 1.000000 0.000000 -0.000000 -0.000000 -0.000000 1.000000 -0.000000 0.000000 0.000000 0.000000 1.000000
1.000000 0.000000 0.000000 0.384000 -0.000000 1.000000 0.000000 -0.000000 -0.000000 -0.000000 1.000000 -0.000000 0.000000 0.000000 0.000000 1.000000</float_array><technique_common><accessor source="#jnt_right_legroll-Matrix-animation-output-transform-array" count="30" stride="16"><param type="float4x4"/></accessor></technique_common></source><source id="jnt_right_legroll-Interpolations"><Name_array id="jnt_right_legroll-Interpolations-array" count="30">
 LINEAR LINEAR LINEAR LINEAR LINEAR LINEAR LINEAR LINEAR LINEAR LINEAR LINEAR
LINEAR LINEAR LINEAR LINEAR LINEAR LINEAR LINEAR LINEAR LINEAR LINEAR LINEAR LINEAR
LINEAR LINEAR LINEAR LINEAR LINEAR LINEAR LINEAR</Name_array><technique_common><accessor source="#jnt_right_legroll-Interpolations-array" count="30"><param type="name"/></accessor></technique_common></source><sampler id="jnt_right_legroll-Matrix-animation-transform"><input semantic="INPUT" source="#jnt_right_legroll-Matrix-animation-input"/><input semantic="OUTPUT" source="#jnt_right_legroll-Matrix-animation-output-transform"/><input semantic="INTERPOLATION" source="#jnt_right_legroll-Interpolations"/></sampler><channel source="#jnt_right_legroll-Matrix-animation-transform" target="jnt_right_legroll/matrix"/></animation></animation>
    <animation id="jnt_right_foot-anim" name="jnt_right_foot"><animation><source id="jnt_right_foot-Matrix-animation-input"><float_array id="jnt_right_foot-Matrix-animation-input-array" count="30">

0.033333 0.066667 0.100000 0.133333 0.166667 0.200000 0.233333 0.266667 0.300000 0.333333 0.366667 0.400000 0.433333 0.466667 0.500000 0.533333
0.566667 0.600000 0.633333 0.666667 0.700000 0.733333 0.766667 0.800000 0.833333 0.866667 0.900000 0.933333 0.966667 1.000000</float_array><technique_common><accessor source="#jnt_right_foot-Matrix-animation-input-array" count="30"><param name="TIME" type="float"/></accessor></technique_common></source><source id="jnt_right_foot-Matrix-animation-output-transform"><float_array id="jnt_right_foot-Matrix-animation-output-transform-array" count="480">

0.322357 -0.926717 0.193087 0.768144 0.946459 0.311782 -0.083714 -0.000001 0.017378 0.209735 0.977604 -0.000000 0.000000 0.000000 0.000000 1.000000
0.322357 -0.926717 0.193087 0.768144 0.946459 0.311782 -0.083714 -0.000001 0.017378 0.209735 0.977604 -0.000000 0.000000 0.000000 0.000000 1.000000
0.322357 -0.926717 0.193087 0.768144 0.946459 0.311782 -0.083714 -0.000001 0.017378 0.209735 0.977604 -0.000000 0.000000 0.000000 0.000000 1.000000
0.322357 -0.926717 0.193087 0.768144 0.946459 0.311782 -0.083714 -0.000001 0.017378 0.209735 0.977604 -0.000000 0.000000 0.000000 0.000000 1.000000
0.322357 -0.926717 0.193087 0.768144 0.946459 0.311782 -0.083714 -0.000001 0.017378 0.209735 0.977604 -0.000000 0.000000 0.000000 0.000000 1.000000
0.322357 -0.926717 0.193087 0.768144 0.946459 0.311782 -0.083714 -0.000001 0.017378 0.209735 0.977604 -0.000000 0.000000 0.000000 0.000000 1.000000
0.322357 -0.926717 0.193087 0.768144 0.946459 0.311782 -0.083714 -0.000001 0.017378 0.209735 0.977604 -0.000000 0.000000 0.000000 0.000000 1.000000
0.322357 -0.926717 0.193087 0.768144 0.946459 0.311782 -0.083714 -0.000001 0.017378 0.209735 0.977604 -0.000000 0.000000 0.000000 0.000000 1.000000
0.322357 -0.926717 0.193087 0.768144 0.946459 0.311782 -0.083714 -0.000001 0.017378 0.209735 0.977604 -0.000000 0.000000 0.000000 0.000000 1.000000
0.322357 -0.926717 0.193087 0.768144 0.946459 0.311782 -0.083714 -0.000001 0.017378 0.209735 0.977604 -0.000000 0.000000 0.000000 0.000000 1.000000
0.322357 -0.926717 0.193087 0.768144 0.946459 0.311782 -0.083714 -0.000001 0.017378 0.209735 0.977604 -0.000000 0.000000 0.000000 0.000000 1.000000
0.322357 -0.926717 0.193087 0.768144 0.946459 0.311782 -0.083714 -0.000001 0.017378 0.209735 0.977604 -0.000000 0.000000 0.000000 0.000000 1.000000
0.322357 -0.926717 0.193087 0.768144 0.946459 0.311782 -0.083714 -0.000001 0.017378 0.209735 0.977604 -0.000000 0.000000 0.000000 0.000000 1.000000
0.322357 -0.926717 0.193087 0.768144 0.946459 0.311782 -0.083714 -0.000001 0.017378 0.209735 0.977604 -0.000000 0.000000 0.000000 0.000000 1.000000
0.322357 -0.926717 0.193087 0.768144 0.946459 0.311782 -0.083714 -0.000001 0.017378 0.209735 0.977604 -0.000000 0.000000 0.000000 0.000000 1.000000
0.322357 -0.926717 0.193087 0.768144 0.946459 0.311782 -0.083714 -0.000001 0.017378 0.209735 0.977604 -0.000000 0.000000 0.000000 0.000000 1.000000
0.322357 -0.926717 0.193087 0.768144 0.946459 0.311782 -0.083714 -0.000001 0.017378 0.209735 0.977604 -0.000000 0.000000 0.000000 0.000000 1.000000
0.322357 -0.926717 0.193087 0.768144 0.946459 0.311782 -0.083714 -0.000001 0.017378 0.209735 0.977604 -0.000000 0.000000 0.000000 0.000000 1.000000
0.322357 -0.926717 0.193087 0.768144 0.946459 0.311782 -0.083714 -0.000001 0.017378 0.209735 0.977604 -0.000000 0.000000 0.000000 0.000000 1.000000
0.322357 -0.926717 0.193087 0.768144 0.946459 0.311782 -0.083714 -0.000001 0.017378 0.209735 0.977604 -0.000000 0.000000 0.000000 0.000000 1.000000
0.322357 -0.926717 0.193087 0.768144 0.946459 0.311782 -0.083714 -0.000001 0.017378 0.209735 0.977604 -0.000000 0.000000 0.000000 0.000000 1.000000
0.322357 -0.926717 0.193087 0.768144 0.946459 0.311782 -0.083714 -0.000001 0.017378 0.209735 0.977604 -0.000000 0.000000 0.000000 0.000000 1.000000
0.322357 -0.926717 0.193087 0.768144 0.946459 0.311782 -0.083714 -0.000001 0.017378 0.209735 0.977604 -0.000000 0.000000 0.000000 0.000000 1.000000
0.322357 -0.926717 0.193087 0.768144 0.946459 0.311782 -0.083714 -0.000001 0.017378 0.209735 0.977604 -0.000000 0.000000 0.000000 0.000000 1.000000
0.322357 -0.926717 0.193087 0.768144 0.946459 0.311782 -0.083714 -0.000001 0.017378 0.209735 0.977604 -0.000000 0.000000 0.000000 0.000000 1.000000
0.322357 -0.926717 0.193087 0.768144 0.946459 0.311782 -0.083714 -0.000001 0.017378 0.209735 0.977604 -0.000000 0.000000 0.000000 0.000000 1.000000
0.322357 -0.926717 0.193087 0.768144 0.946459 0.311782 -0.083714 -0.000001 0.017378 0.209735 0.977604 -0.000000 0.000000 0.000000 0.000000 1.000000
0.322357 -0.926717 0.193087 0.768144 0.946459 0.311782 -0.083714 -0.000001 0.017378 0.209735 0.977604 -0.000000 0.000000 0.000000 0.000000 1.000000
0.322357 -0.926717 0.193087 0.768144 0.946459 0.311782 -0.083714 -0.000001 0.017378 0.209735 0.977604 -0.000000 0.000000 0.000000 0.000000 1.000000
0.322357 -0.926717 0.193087 0.768144 0.946459 0.311782 -0.083714 -0.000001 0.017378 0.209735 0.977604 -0.000000 0.000000 0.000000 0.000000 1.000000</float_array><technique_common><accessor source="#jnt_right_foot-Matrix-animation-output-transform-array" count="30" stride="16"><param type="float4x4"/></accessor></technique_common></source><source id="jnt_right_foot-Interpolations"><Name_array id="jnt_right_foot-Interpolations-array" count="30">
 LINEAR LINEAR LINEAR LINEAR LINEAR LINEAR LINEAR LINEAR LINEAR LINEAR LINEAR
LINEAR LINEAR LINEAR LINEAR LINEAR LINEAR LINEAR LINEAR LINEAR LINEAR LINEAR LINEAR
LINEAR LINEAR LINEAR LINEAR LINEAR LINEAR LINEAR</Name_array><technique_common><accessor source="#jnt_right_foot-Interpolations-array" count="30"><param type="name"/></accessor></technique_common></source><sampler id="jnt_right_foot-Matrix-animation-transform"><input semantic="INPUT" source="#jnt_right_foot-Matrix-animation-input"/><input semantic="OUTPUT" source="#jnt_right_foot-Matrix-animation-output-transform"/><input semantic="INTERPOLATION" source="#jnt_right_foot-Interpolations"/></sampler><channel source="#jnt_right_foot-Matrix-animation-transform" target="jnt_right_foot/matrix"/></animation></animation>
    <animation id="jnt_right_toebase-anim" name="jnt_right_toebase"><animation><source id="jnt_right_toebase-Matrix-animation-input"><float_array id="jnt_right_toebase-Matrix-animation-input-array" count="30">

0.033333 0.066667 0.100000 0.133333 0.166667 0.200000 0.233333 0.266667 0.300000 0.333333 0.366667 0.400000 0.433333 0.466667 0.500000 0.533333
0.566667 0.600000 0.633333 0.666667 0.700000 0.733333 0.766667 0.800000 0.833333 0.866667 0.900000 0.933333 0.966667 1.000000</float_array><technique_common><accessor source="#jnt_right_toebase-Matrix-animation-input-array" count="30"><param name="TIME" type="float"/></accessor></technique_common></source><source id="jnt_right_toebase-Matrix-animation-output-transform"><float_array id="jnt_right_toebase-Matrix-animation-output-transform-array" count="480">

0.918936 -0.394407 -0.000000 0.441847 0.394407 0.918936 0.000000 -0.000000 0.000000 -0.000000 1.000000 0.000000 0.000000 0.000000 0.000000 1.000000
0.918936 -0.394407 -0.000000 0.441847 0.394407 0.918936 0.000000 -0.000000 0.000000 -0.000000 1.000000 0.000000 0.000000 0.000000 0.000000 1.000000
0.918936 -0.394407 -0.000000 0.441847 0.394407 0.918936 0.000000 -0.000000 0.000000 -0.000000 1.000000 0.000000 0.000000 0.000000 0.000000 1.000000
0.918936 -0.394407 -0.000000 0.441847 0.394407 0.918936 0.000000 -0.000000 0.000000 -0.000000 1.000000 0.000000 0.000000 0.000000 0.000000 1.000000
0.918936 -0.394407 -0.000000 0.441847 0.394407 0.918936 0.000000 -0.000000 0.000000 -0.000000 1.000000 0.000000 0.000000 0.000000 0.000000 1.000000
0.918936 -0.394407 -0.000000 0.441847 0.394407 0.918936 0.000000 -0.000000 0.000000 -0.000000 1.000000 0.000000 0.000000 0.000000 0.000000 1.000000
0.918936 -0.394407 -0.000000 0.441847 0.394407 0.918936 0.000000 -0.000000 0.000000 -0.000000 1.000000 0.000000 0.000000 0.000000 0.000000 1.000000
0.918936 -0.394407 -0.000000 0.441847 0.394407 0.918936 0.000000 -0.000000 0.000000 -0.000000 1.000000 0.000000 0.000000 0.000000 0.000000 1.000000
0.918936 -0.394407 -0.000000 0.441847 0.394407 0.918936 0.000000 -0.000000 0.000000 -0.000000 1.000000 0.000000 0.000000 0.000000 0.000000 1.000000
0.918936 -0.394407 -0.000000 0.441847 0.394407 0.918936 0.000000 -0.000000 0.000000 -0.000000 1.000000 0.000000 0.000000 0.000000 0.000000 1.000000
0.918936 -0.394407 -0.000000 0.441847 0.394407 0.918936 0.000000 -0.000000 0.000000 -0.000000 1.000000 0.000000 0.000000 0.000000 0.000000 1.000000
0.918936 -0.394407 -0.000000 0.441847 0.394407 0.918936 0.000000 -0.000000 0.000000 -0.000000 1.000000 0.000000 0.000000 0.000000 0.000000 1.000000
0.918936 -0.394407 -0.000000 0.441847 0.394407 0.918936 0.000000 -0.000000 0.000000 -0.000000 1.000000 0.000000 0.000000 0.000000 0.000000 1.000000
0.918936 -0.394407 -0.000000 0.441847 0.394407 0.918936 0.000000 -0.000000 0.000000 -0.000000 1.000000 0.000000 0.000000 0.000000 0.000000 1.000000
0.918936 -0.394407 -0.000000 0.441847 0.394407 0.918936 0.000000 -0.000000 0.000000 -0.000000 1.000000 0.000000 0.000000 0.000000 0.000000 1.000000
0.918936 -0.394407 -0.000000 0.441847 0.394407 0.918936 0.000000 -0.000000 0.000000 -0.000000 1.000000 0.000000 0.000000 0.000000 0.000000 1.000000
0.918936 -0.394407 -0.000000 0.441847 0.394407 0.918936 0.000000 -0.000000 0.000000 -0.000000 1.000000 0.000000 0.000000 0.000000 0.000000 1.000000
0.918936 -0.394407 -0.000000 0.441847 0.394407 0.918936 0.000000 -0.000000 0.000000 -0.000000 1.000000 0.000000 0.000000 0.000000 0.000000 1.000000
0.918936 -0.394407 -0.000000 0.441847 0.394407 0.918936 0.000000 -0.000000 0.000000 -0.000000 1.000000 0.000000 0.000000 0.000000 0.000000 1.000000
0.918936 -0.394407 -0.000000 0.441847 0.394407 0.918936 0.000000 -0.000000 0.000000 -0.000000 1.000000 0.000000 0.000000 0.000000 0.000000 1.000000
0.918936 -0.394407 -0.000000 0.441847 0.394407 0.918936 0.000000 -0.000000 0.000000 -0.000000 1.000000 0.000000 0.000000 0.000000 0.000000 1.000000
0.918936 -0.394407 -0.000000 0.441847 0.394407 0.918936 0.000000 -0.000000 0.000000 -0.000000 1.000000 0.000000 0.000000 0.000000 0.000000 1.000000
0.918936 -0.394407 -0.000000 0.441847 0.394407 0.918936 0.000000 -0.000000 0.000000 -0.000000 1.000000 0.000000 0.000000 0.000000 0.000000 1.000000
0.918936 -0.394407 -0.000000 0.441847 0.394407 0.918936 0.000000 -0.000000 0.000000 -0.000000 1.000000 0.000000 0.000000 0.000000 0.000000 1.000000
0.918936 -0.394407 -0.000000 0.441847 0.394407 0.918936 0.000000 -0.000000 0.000000 -0.000000 1.000000 0.000000 0.000000 0.000000 0.000000 1.000000
0.918936 -0.394407 -0.000000 0.441847 0.394407 0.918936 0.000000 -0.000000 0.000000 -0.000000 1.000000 0.000000 0.000000 0.000000 0.000000 1.000000
0.918936 -0.394407 -0.000000 0.441847 0.394407 0.918936 0.000000 -0.000000 0.000000 -0.000000 1.000000 0.000000 0.000000 0.000000 0.000000 1.000000
0.918936 -0.394407 -0.000000 0.441847 0.394407 0.918936 0.000000 -0.000000 0.000000 -0.000000 1.000000 0.000000 0.000000 0.000000 0.000000 1.000000
0.918936 -0.394407 -0.000000 0.441847 0.394407 0.918936 0.000000 -0.000000 0.000000 -0.000000 1.000000 0.000000 0.000000 0.000000 0.000000 1.000000
0.918936 -0.394407 -0.000000 0.441847 0.394407 0.918936 0.000000 -0.000000 0.000000 -0.000000 1.000000 0.000000 0.000000 0.000000 0.000000 1.000000</float_array><technique_common><accessor source="#jnt_right_toebase-Matrix-animation-output-transform-array" count="30" stride="16"><param type="float4x4"/></accessor></technique_common></source><source id="jnt_right_toebase-Interpolations"><Name_array id="jnt_right_toebase-Interpolations-array" count="30">
 LINEAR LINEAR LINEAR LINEAR LINEAR LINEAR LINEAR LINEAR LINEAR LINEAR LINEAR
LINEAR LINEAR LINEAR LINEAR LINEAR LINEAR LINEAR LINEAR LINEAR LINEAR LINEAR LINEAR
LINEAR LINEAR LINEAR LINEAR LINEAR LINEAR LINEAR</Name_array><technique_common><accessor source="#jnt_right_toebase-Interpolations-array" count="30"><param type="name"/></accessor></technique_common></source><sampler id="jnt_right_toebase-Matrix-animation-transform"><input semantic="INPUT" source="#jnt_right_toebase-Matrix-animation-input"/><input semantic="OUTPUT" source="#jnt_right_toebase-Matrix-animation-output-transform"/><input semantic="INTERPOLATION" source="#jnt_right_toebase-Interpolations"/></sampler><channel source="#jnt_right_toebase-Matrix-animation-transform" target="jnt_right_toebase/matrix"/></animation></animation>
    <animation id="jnt_right_toeend-anim" name="jnt_right_toeend"><animation><source id="jnt_right_toeend-Matrix-animation-input"><float_array id="jnt_right_toeend-Matrix-animation-input-array" count="30">

0.033333 0.066667 0.100000 0.133333 0.166667 0.200000 0.233333 0.266667 0.300000 0.333333 0.366667 0.400000 0.433333 0.466667 0.500000 0.533333
0.566667 0.600000 0.633333 0.666667 0.700000 0.733333 0.766667 0.800000 0.833333 0.866667 0.900000 0.933333 0.966667 1.000000</float_array><technique_common><accessor source="#jnt_right_toeend-Matrix-animation-input-array" count="30"><param name="TIME" type="float"/></accessor></technique_common></source><source id="jnt_right_toeend-Matrix-animation-output-transform"><float_array id="jnt_right_toeend-Matrix-animation-output-transform-array" count="480">

1.000000 -0.000001 -0.000000 0.379397 0.000001 1.000000 -0.000000 0.000000 0.000000 0.000000 1.000000 0.000000 0.000000 0.000000 0.000000 1.000000
1.000000 -0.000001 -0.000000 0.379397 0.000001 1.000000 -0.000000 0.000000 0.000000 0.000000 1.000000 0.000000 0.000000 0.000000 0.000000 1.000000
1.000000 -0.000001 -0.000000 0.379397 0.000001 1.000000 -0.000000 0.000000 0.000000 0.000000 1.000000 0.000000 0.000000 0.000000 0.000000 1.000000
1.000000 -0.000001 -0.000000 0.379397 0.000001 1.000000 -0.000000 0.000000 0.000000 0.000000 1.000000 0.000000 0.000000 0.000000 0.000000 1.000000
1.000000 -0.000001 -0.000000 0.379397 0.000001 1.000000 -0.000000 0.000000 0.000000 0.000000 1.000000 0.000000 0.000000 0.000000 0.000000 1.000000
1.000000 -0.000001 -0.000000 0.379397 0.000001 1.000000 -0.000000 0.000000 0.000000 0.000000 1.000000 0.000000 0.000000 0.000000 0.000000 1.000000
1.000000 -0.000001 -0.000000 0.379397 0.000001 1.000000 -0.000000 0.000000 0.000000 0.000000 1.000000 0.000000 0.000000 0.000000 0.000000 1.000000
1.000000 -0.000001 -0.000000 0.379397 0.000001 1.000000 -0.000000 0.000000 0.000000 0.000000 1.000000 0.000000 0.000000 0.000000 0.000000 1.000000
1.000000 -0.000001 -0.000000 0.379397 0.000001 1.000000 -0.000000 0.000000 0.000000 0.000000 1.000000 0.000000 0.000000 0.000000 0.000000 1.000000
1.000000 -0.000001 -0.000000 0.379397 0.000001 1.000000 -0.000000 0.000000 0.000000 0.000000 1.000000 0.000000 0.000000 0.000000 0.000000 1.000000
1.000000 -0.000001 -0.000000 0.379397 0.000001 1.000000 -0.000000 0.000000 0.000000 0.000000 1.000000 0.000000 0.000000 0.000000 0.000000 1.000000
1.000000 -0.000001 -0.000000 0.379397 0.000001 1.000000 -0.000000 0.000000 0.000000 0.000000 1.000000 0.000000 0.000000 0.000000 0.000000 1.000000
1.000000 -0.000001 -0.000000 0.379397 0.000001 1.000000 -0.000000 0.000000 0.000000 0.000000 1.000000 0.000000 0.000000 0.000000 0.000000 1.000000
1.000000 -0.000001 -0.000000 0.379397 0.000001 1.000000 -0.000000 0.000000 0.000000 0.000000 1.000000 0.000000 0.000000 0.000000 0.000000 1.000000
1.000000 -0.000001 -0.000000 0.379397 0.000001 1.000000 -0.000000 0.000000 0.000000 0.000000 1.000000 0.000000 0.000000 0.000000 0.000000 1.000000
1.000000 -0.000001 -0.000000 0.379397 0.000001 1.000000 -0.000000 0.000000 0.000000 0.000000 1.000000 0.000000 0.000000 0.000000 0.000000 1.000000
1.000000 -0.000001 -0.000000 0.379397 0.000001 1.000000 -0.000000 0.000000 0.000000 0.000000 1.000000 0.000000 0.000000 0.000000 0.000000 1.000000
1.000000 -0.000001 -0.000000 0.379397 0.000001 1.000000 -0.000000 0.000000 0.000000 0.000000 1.000000 0.000000 0.000000 0.000000 0.000000 1.000000
1.000000 -0.000001 -0.000000 0.379397 0.000001 1.000000 -0.000000 0.000000 0.000000 0.000000 1.000000 0.000000 0.000000 0.000000 0.000000 1.000000
1.000000 -0.000001 -0.000000 0.379397 0.000001 1.000000 -0.000000 0.000000 0.000000 0.000000 1.000000 0.000000 0.000000 0.000000 0.000000 1.000000
1.000000 -0.000001 -0.000000 0.379397 0.000001 1.000000 -0.000000 0.000000 0.000000 0.000000 1.000000 0.000000 0.000000 0.000000 0.000000 1.000000
1.000000 -0.000001 -0.000000 0.379397 0.000001 1.000000 -0.000000 0.000000 0.000000 0.000000 1.000000 0.000000 0.000000 0.000000 0.000000 1.000000
1.000000 -0.000001 -0.000000 0.379397 0.000001 1.000000 -0.000000 0.000000 0.000000 0.000000 1.000000 0.000000 0.000000 0.000000 0.000000 1.000000
1.000000 -0.000001 -0.000000 0.379397 0.000001 1.000000 -0.000000 0.000000 0.000000 0.000000 1.000000 0.000000 0.000000 0.000000 0.000000 1.000000
1.000000 -0.000001 -0.000000 0.379397 0.000001 1.000000 -0.000000 0.000000 0.000000 0.000000 1.000000 0.000000 0.000000 0.000000 0.000000 1.000000
1.000000 -0.000001 -0.000000 0.379397 0.000001 1.000000 -0.000000 0.000000 0.000000 0.000000 1.000000 0.000000 0.000000 0.000000 0.000000 1.000000
1.000000 -0.000001 -0.000000 0.379397 0.000001 1.000000 -0.000000 0.000000 0.000000 0.000000 1.000000 0.000000 0.000000 0.000000 0.000000 1.000000
1.000000 -0.000001 -0.000000 0.379397 0.000001 1.000000 -0.000000 0.000000 0.000000 0.000000 1.000000 0.000000 0.000000 0.000000 0.000000 1.000000
1.000000 -0.000001 -0.000000 0.379397 0.000001 1.000000 -0.000000 0.000000 0.000000 0.000000 1.000000 0.000000 0.000000 0.000000 0.000000 1.000000
1.000000 -0.000001 -0.000000 0.379397 0.000001 1.000000 -0.000000 0.000000 0.000000 0.000000 1.000000 0.000000 0.000000 0.000000 0.000000 1.000000</float_array><technique_common><accessor source="#jnt_right_toeend-Matrix-animation-output-transform-array" count="30" stride="16"><param type="float4x4"/></accessor></technique_common></source><source id="jnt_right_toeend-Interpolations"><Name_array id="jnt_right_toeend-Interpolations-array" count="30">
 LINEAR LINEAR LINEAR LINEAR LINEAR LINEAR LINEAR LINEAR LINEAR LINEAR LINEAR
LINEAR LINEAR LINEAR LINEAR LINEAR LINEAR LINEAR LINEAR LINEAR LINEAR LINEAR LINEAR
LINEAR LINEAR LINEAR LINEAR LINEAR LINEAR LINEAR</Name_array><technique_common><accessor source="#jnt_right_toeend-Interpolations-array" count="30"><param type="name"/></accessor></technique_common></source><sampler id="jnt_right_toeend-Matrix-animation-transform"><input semantic="INPUT" source="#jnt_right_toeend-Matrix-animation-input"/><input semantic="OUTPUT" source="#jnt_right_toeend-Matrix-animation-output-transform"/><input semantic="INTERPOLATION" source="#jnt_right_toeend-Interpolations"/></sampler><channel source="#jnt_right_toeend-Matrix-animation-transform" target="jnt_right_toeend/matrix"/></animation></animation>
    <animation id="jnt_left_upleg-anim" name="jnt_left_upleg"><animation><source id="jnt_left_upleg-Matrix-animation-input"><float_array id="jnt_left_upleg-Matrix-animation-input-array" count="30">

0.033333 0.066667 0.100000 0.133333 0.166667 0.200000 0.233333 0.266667 0.300000 0.333333 0.366667 0.400000 0.433333 0.466667 0.500000 0.533333
0.566667 0.600000 0.633333 0.666667 0.700000 0.733333 0.766667 0.800000 0.833333 0.866667 0.900000 0.933333 0.966667 1.000000</float_array><technique_common><accessor source="#jnt_left_upleg-Matrix-animation-input-array" count="30"><param name="TIME" type="float"/></accessor></technique_common></source><source id="jnt_left_upleg-Matrix-animation-output-transform"><float_array id="jnt_left_upleg-Matrix-animation-output-transform-array" count="480">

0.175337 0.001757 -0.984507 0.446779 -0.984438 -0.011648 -0.175345 -0.111213 -0.011776 0.999931 -0.000313 0.043020 0.000000 0.000000 0.000000 1.000000
0.175337 0.001757 -0.984507 0.446779 -0.984438 -0.011648 -0.175345 -0.111213 -0.011776 0.999931 -0.000313 0.043020 0.000000 0.000000 0.000000 1.000000
0.175337 0.001757 -0.984507 0.446779 -0.984438 -0.011648 -0.175345 -0.111213 -0.011776 0.999931 -0.000313 0.043020 0.000000 0.000000 0.000000 1.000000
0.175337 0.001757 -0.984507 0.446779 -0.984438 -0.011648 -0.175345 -0.111213 -0.011776 0.999931 -0.000313 0.043020 0.000000 0.000000 0.000000 1.000000
0.175337 0.001757 -0.984507 0.446779 -0.984438 -0.011648 -0.175345 -0.111213 -0.011776 0.999931 -0.000313 0.043020 0.000000 0.000000 0.000000 1.000000
0.175337 0.001757 -0.984507 0.446779 -0.984438 -0.011648 -0.175345 -0.111213 -0.011776 0.999931 -0.000313 0.043020 0.000000 0.000000 0.000000 1.000000
0.175337 0.001757 -0.984507 0.446779 -0.984438 -0.011648 -0.175345 -0.111213 -0.011776 0.999931 -0.000313 0.043020 0.000000 0.000000 0.000000 1.000000
0.175337 0.001757 -0.984507 0.446779 -0.984438 -0.011648 -0.175345 -0.111213 -0.011776 0.999931 -0.000313 0.043020 0.000000 0.000000 0.000000 1.000000
0.175337 0.001757 -0.984507 0.446779 -0.984438 -0.011648 -0.175345 -0.111213 -0.011776 0.999931 -0.000313 0.043020 0.000000 0.000000 0.000000 1.000000
0.175337 0.001757 -0.984507 0.446779 -0.984438 -0.011648 -0.175345 -0.111213 -0.011776 0.999931 -0.000313 0.043020 0.000000 0.000000 0.000000 1.000000
0.175337 0.001757 -0.984507 0.446779 -0.984438 -0.011648 -0.175345 -0.111213 -0.011776 0.999931 -0.000313 0.043020 0.000000 0.000000 0.000000 1.000000
0.175337 0.001757 -0.984507 0.446779 -0.984438 -0.011648 -0.175345 -0.111213 -0.011776 0.999931 -0.000313 0.043020 0.000000 0.000000 0.000000 1.000000
0.175337 0.001757 -0.984507 0.446779 -0.984438 -0.011648 -0.175345 -0.111213 -0.011776 0.999931 -0.000313 0.043020 0.000000 0.000000 0.000000 1.000000
0.175337 0.001757 -0.984507 0.446779 -0.984438 -0.011648 -0.175345 -0.111213 -0.011776 0.999931 -0.000313 0.043020 0.000000 0.000000 0.000000 1.000000
0.175337 0.001757 -0.984507 0.446779 -0.984438 -0.011648 -0.175345 -0.111213 -0.011776 0.999931 -0.000313 0.043020 0.000000 0.000000 0.000000 1.000000
0.175337 0.001757 -0.984507 0.446779 -0.984438 -0.011648 -0.175345 -0.111213 -0.011776 0.999931 -0.000313 0.043020 0.000000 0.000000 0.000000 1.000000
0.175337 0.001757 -0.984507 0.446779 -0.984438 -0.011648 -0.175345 -0.111213 -0.011776 0.999931 -0.000313 0.043020 0.000000 0.000000 0.000000 1.000000
0.175337 0.001757 -0.984507 0.446779 -0.984438 -0.011648 -0.175345 -0.111213 -0.011776 0.999931 -0.000313 0.043020 0.000000 0.000000 0.000000 1.000000
0.175337 0.001757 -0.984507 0.446779 -0.984438 -0.011648 -0.175345 -0.111213 -0.011776 0.999931 -0.000313 0.043020 0.000000 0.000000 0.000000 1.000000
0.175337 0.001757 -0.984507 0.446779 -0.984438 -0.011648 -0.175345 -0.111213 -0.011776 0.999931 -0.000313 0.043020 0.000000 0.000000 0.000000 1.000000
0.175337 0.001757 -0.984507 0.446779 -0.984438 -0.011648 -0.175345 -0.111213 -0.011776 0.999931 -0.000313 0.043020 0.000000 0.000000 0.000000 1.000000
0.175337 0.001757 -0.984507 0.446779 -0.984438 -0.011648 -0.175345 -0.111213 -0.011776 0.999931 -0.000313 0.043020 0.000000 0.000000 0.000000 1.000000
0.175337 0.001757 -0.984507 0.446779 -0.984438 -0.011648 -0.175345 -0.111213 -0.011776 0.999931 -0.000313 0.043020 0.000000 0.000000 0.000000 1.000000
0.175337 0.001757 -0.984507 0.446779 -0.984438 -0.011648 -0.175345 -0.111213 -0.011776 0.999931 -0.000313 0.043020 0.000000 0.000000 0.000000 1.000000
0.175337 0.001757 -0.984507 0.446779 -0.984438 -0.011648 -0.175345 -0.111213 -0.011776 0.999931 -0.000313 0.043020 0.000000 0.000000 0.000000 1.000000
0.175337 0.001757 -0.984507 0.446779 -0.984438 -0.011648 -0.175345 -0.111213 -0.011776 0.999931 -0.000313 0.043020 0.000000 0.000000 0.000000 1.000000
0.175337 0.001757 -0.984507 0.446779 -0.984438 -0.011648 -0.175345 -0.111213 -0.011776 0.999931 -0.000313 0.043020 0.000000 0.000000 0.000000 1.000000
0.175337 0.001757 -0.984507 0.446779 -0.984438 -0.011648 -0.175345 -0.111213 -0.011776 0.999931 -0.000313 0.043020 0.000000 0.000000 0.000000 1.000000
0.175337 0.001757 -0.984507 0.446779 -0.984438 -0.011648 -0.175345 -0.111213 -0.011776 0.999931 -0.000313 0.043020 0.000000 0.000000 0.000000 1.000000
0.175337 0.001757 -0.984507 0.446779 -0.984438 -0.011648 -0.175345 -0.111213 -0.011776 0.999931 -0.000313 0.043020 0.000000 0.000000 0.000000 1.000000</float_array><technique_common><accessor source="#jnt_left_upleg-Matrix-animation-output-transform-array" count="30" stride="16"><param type="float4x4"/></accessor></technique_common></source><source id="jnt_left_upleg-Interpolations"><Name_array id="jnt_left_upleg-Interpolations-array" count="30">
 LINEAR LINEAR LINEAR LINEAR LINEAR LINEAR LINEAR LINEAR LINEAR LINEAR LINEAR
LINEAR LINEAR LINEAR LINEAR LINEAR LINEAR LINEAR LINEAR LINEAR LINEAR LINEAR LINEAR
LINEAR LINEAR LINEAR LINEAR LINEAR LINEAR LINEAR</Name_array><technique_common><accessor source="#jnt_left_upleg-Interpolations-array" count="30"><param type="name"/></accessor></technique_common></source><sampler id="jnt_left_upleg-Matrix-animation-transform"><input semantic="INPUT" source="#jnt_left_upleg-Matrix-animation-input"/><input semantic="OUTPUT" source="#jnt_left_upleg-Matrix-animation-output-transform"/><input semantic="INTERPOLATION" source="#jnt_left_upleg-Interpolations"/></sampler><channel source="#jnt_left_upleg-Matrix-animation-transform" target="jnt_left_upleg/matrix"/></animation></animation>
    <animation id="jnt_left_uplegroll-anim" name="jnt_left_uplegroll"><animation><source id="jnt_left_uplegroll-Matrix-animation-input"><float_array id="jnt_left_uplegroll-Matrix-animation-input-array" count="30">

0.033333 0.066667 0.100000 0.133333 0.166667 0.200000 0.233333 0.266667 0.300000 0.333333 0.366667 0.400000 0.433333 0.466667 0.500000 0.533333
0.566667 0.600000 0.633333 0.666667 0.700000 0.733333 0.766667 0.800000 0.833333 0.866667 0.900000 0.933333 0.966667 1.000000</float_array><technique_common><accessor source="#jnt_left_uplegroll-Matrix-animation-input-array" count="30"><param name="TIME" type="float"/></accessor></technique_common></source><source id="jnt_left_uplegroll-Matrix-animation-output-transform"><float_array id="jnt_left_uplegroll-Matrix-animation-output-transform-array" count="480">

1.000000 -0.000000 -0.000000 0.430000 0.000000 1.000000 -0.000000 -0.000000 0.000000 0.000000 1.000000 0.000000 0.000000 0.000000 0.000000 1.000000
1.000000 -0.000000 -0.000000 0.430000 0.000000 1.000000 -0.000000 -0.000000 0.000000 0.000000 1.000000 0.000000 0.000000 0.000000 0.000000 1.000000
1.000000 -0.000000 -0.000000 0.430000 0.000000 1.000000 -0.000000 -0.000000 0.000000 0.000000 1.000000 0.000000 0.000000 0.000000 0.000000 1.000000
1.000000 -0.000000 -0.000000 0.430000 0.000000 1.000000 -0.000000 -0.000000 0.000000 0.000000 1.000000 0.000000 0.000000 0.000000 0.000000 1.000000
1.000000 -0.000000 -0.000000 0.430000 0.000000 1.000000 -0.000000 -0.000000 0.000000 0.000000 1.000000 0.000000 0.000000 0.000000 0.000000 1.000000
1.000000 -0.000000 -0.000000 0.430000 0.000000 1.000000 -0.000000 -0.000000 0.000000 0.000000 1.000000 0.000000 0.000000 0.000000 0.000000 1.000000
1.000000 -0.000000 -0.000000 0.430000 0.000000 1.000000 -0.000000 -0.000000 0.000000 0.000000 1.000000 0.000000 0.000000 0.000000 0.000000 1.000000
1.000000 -0.000000 -0.000000 0.430000 0.000000 1.000000 -0.000000 -0.000000 0.000000 0.000000 1.000000 0.000000 0.000000 0.000000 0.000000 1.000000
1.000000 -0.000000 -0.000000 0.430000 0.000000 1.000000 -0.000000 -0.000000 0.000000 0.000000 1.000000 0.000000 0.000000 0.000000 0.000000 1.000000
1.000000 -0.000000 -0.000000 0.430000 0.000000 1.000000 -0.000000 -0.000000 0.000000 0.000000 1.000000 0.000000 0.000000 0.000000 0.000000 1.000000
1.000000 -0.000000 -0.000000 0.430000 0.000000 1.000000 -0.000000 -0.000000 0.000000 0.000000 1.000000 0.000000 0.000000 0.000000 0.000000 1.000000
1.000000 -0.000000 -0.000000 0.430000 0.000000 1.000000 -0.000000 -0.000000 0.000000 0.000000 1.000000 0.000000 0.000000 0.000000 0.000000 1.000000
1.000000 -0.000000 -0.000000 0.430000 0.000000 1.000000 -0.000000 -0.000000 0.000000 0.000000 1.000000 0.000000 0.000000 0.000000 0.000000 1.000000
1.000000 -0.000000 -0.000000 0.430000 0.000000 1.000000 -0.000000 -0.000000 0.000000 0.000000 1.000000 0.000000 0.000000 0.000000 0.000000 1.000000
1.000000 -0.000000 -0.000000 0.430000 0.000000 1.000000 -0.000000 -0.000000 0.000000 0.000000 1.000000 0.000000 0.000000 0.000000 0.000000 1.000000
1.000000 -0.000000 -0.000000 0.430000 0.000000 1.000000 -0.000000 -0.000000 0.000000 0.000000 1.000000 0.000000 0.000000 0.000000 0.000000 1.000000
1.000000 -0.000000 -0.000000 0.430000 0.000000 1.000000 -0.000000 -0.000000 0.000000 0.000000 1.000000 0.000000 0.000000 0.000000 0.000000 1.000000
1.000000 -0.000000 -0.000000 0.430000 0.000000 1.000000 -0.000000 -0.000000 0.000000 0.000000 1.000000 0.000000 0.000000 0.000000 0.000000 1.000000
1.000000 -0.000000 -0.000000 0.430000 0.000000 1.000000 -0.000000 -0.000000 0.000000 0.000000 1.000000 0.000000 0.000000 0.000000 0.000000 1.000000
1.000000 -0.000000 -0.000000 0.430000 0.000000 1.000000 -0.000000 -0.000000 0.000000 0.000000 1.000000 0.000000 0.000000 0.000000 0.000000 1.000000
1.000000 -0.000000 -0.000000 0.430000 0.000000 1.000000 -0.000000 -0.000000 0.000000 0.000000 1.000000 0.000000 0.000000 0.000000 0.000000 1.000000
1.000000 -0.000000 -0.000000 0.430000 0.000000 1.000000 -0.000000 -0.000000 0.000000 0.000000 1.000000 0.000000 0.000000 0.000000 0.000000 1.000000
1.000000 -0.000000 -0.000000 0.430000 0.000000 1.000000 -0.000000 -0.000000 0.000000 0.000000 1.000000 0.000000 0.000000 0.000000 0.000000 1.000000
1.000000 -0.000000 -0.000000 0.430000 0.000000 1.000000 -0.000000 -0.000000 0.000000 0.000000 1.000000 0.000000 0.000000 0.000000 0.000000 1.000000
1.000000 -0.000000 -0.000000 0.430000 0.000000 1.000000 -0.000000 -0.000000 0.000000 0.000000 1.000000 0.000000 0.000000 0.000000 0.000000 1.000000
1.000000 -0.000000 -0.000000 0.430000 0.000000 1.000000 -0.000000 -0.000000 0.000000 0.000000 1.000000 0.000000 0.000000 0.000000 0.000000 1.000000
1.000000 -0.000000 -0.000000 0.430000 0.000000 1.000000 -0.000000 -0.000000 0.000000 0.000000 1.000000 0.000000 0.000000 0.000000 0.000000 1.000000
1.000000 -0.000000 -0.000000 0.430000 0.000000 1.000000 -0.000000 -0.000000 0.000000 0.000000 1.000000 0.000000 0.000000 0.000000 0.000000 1.000000
1.000000 -0.000000 -0.000000 0.430000 0.000000 1.000000 -0.000000 -0.000000 0.000000 0.000000 1.000000 0.000000 0.000000 0.000000 0.000000 1.000000
1.000000 -0.000000 -0.000000 0.430000 0.000000 1.000000 -0.000000 -0.000000 0.000000 0.000000 1.000000 0.000000 0.000000 0.000000 0.000000 1.000000</float_array><technique_common><accessor source="#jnt_left_uplegroll-Matrix-animation-output-transform-array" count="30" stride="16"><param type="float4x4"/></accessor></technique_common></source><source id="jnt_left_uplegroll-Interpolations"><Name_array id="jnt_left_uplegroll-Interpolations-array" count="30">
 LINEAR LINEAR LINEAR LINEAR LINEAR LINEAR LINEAR LINEAR LINEAR LINEAR LINEAR
LINEAR LINEAR LINEAR LINEAR LINEAR LINEAR LINEAR LINEAR LINEAR LINEAR LINEAR LINEAR
LINEAR LINEAR LINEAR LINEAR LINEAR LINEAR LINEAR</Name_array><technique_common><accessor source="#jnt_left_uplegroll-Interpolations-array" count="30"><param type="name"/></accessor></technique_common></source><sampler id="jnt_left_uplegroll-Matrix-animation-transform"><input semantic="INPUT" source="#jnt_left_uplegroll-Matrix-animation-input"/><input semantic="OUTPUT" source="#jnt_left_uplegroll-Matrix-animation-output-transform"/><input semantic="INTERPOLATION" source="#jnt_left_uplegroll-Interpolations"/></sampler><channel source="#jnt_left_uplegroll-Matrix-animation-transform" target="jnt_left_uplegroll/matrix"/></animation></animation>
    <animation id="jnt_left_leg-anim" name="jnt_left_leg"><animation><source id="jnt_left_leg-Matrix-animation-input"><float_array id="jnt_left_leg-Matrix-animation-input-array" count="30">

0.033333 0.066667 0.100000 0.133333 0.166667 0.200000 0.233333 0.266667 0.300000 0.333333 0.366667 0.400000 0.433333 0.466667 0.500000 0.533333
0.566667 0.600000 0.633333 0.666667 0.700000 0.733333 0.766667 0.800000 0.833333 0.866667 0.900000 0.933333 0.966667 1.000000</float_array><technique_common><accessor source="#jnt_left_leg-Matrix-animation-input-array" count="30"><param name="TIME" type="float"/></accessor></technique_common></source><source id="jnt_left_leg-Matrix-animation-output-transform"><float_array id="jnt_left_leg-Matrix-animation-output-transform-array" count="480">

0.984637 0.174615 -0.000000 0.860328 -0.174615 0.984637 0.000000 -0.000000 0.000000 -0.000000 1.000000 0.000001 0.000000 0.000000 0.000000 1.000000
0.984637 0.174615 -0.000000 0.860328 -0.174615 0.984637 0.000000 -0.000000 0.000000 -0.000000 1.000000 0.000001 0.000000 0.000000 0.000000 1.000000
0.984637 0.174615 -0.000000 0.860328 -0.174615 0.984637 0.000000 -0.000000 0.000000 -0.000000 1.000000 0.000001 0.000000 0.000000 0.000000 1.000000
0.984637 0.174615 -0.000000 0.860328 -0.174615 0.984637 0.000000 -0.000000 0.000000 -0.000000 1.000000 0.000001 0.000000 0.000000 0.000000 1.000000
0.984637 0.174615 -0.000000 0.860328 -0.174615 0.984637 0.000000 -0.000000 0.000000 -0.000000 1.000000 0.000001 0.000000 0.000000 0.000000 1.000000
0.984637 0.174615 -0.000000 0.860328 -0.174615 0.984637 0.000000 -0.000000 0.000000 -0.000000 1.000000 0.000001 0.000000 0.000000 0.000000 1.000000
0.984637 0.174615 -0.000000 0.860328 -0.174615 0.984637 0.000000 -0.000000 0.000000 -0.000000 1.000000 0.000001 0.000000 0.000000 0.000000 1.000000
0.984637 0.174615 -0.000000 0.860328 -0.174615 0.984637 0.000000 -0.000000 0.000000 -0.000000 1.000000 0.000001 0.000000 0.000000 0.000000 1.000000
0.984637 0.174615 -0.000000 0.860328 -0.174615 0.984637 0.000000 -0.000000 0.000000 -0.000000 1.000000 0.000001 0.000000 0.000000 0.000000 1.000000
0.984637 0.174615 -0.000000 0.860328 -0.174615 0.984637 0.000000 -0.000000 0.000000 -0.000000 1.000000 0.000001 0.000000 0.000000 0.000000 1.000000
0.984637 0.174615 -0.000000 0.860328 -0.174615 0.984637 0.000000 -0.000000 0.000000 -0.000000 1.000000 0.000001 0.000000 0.000000 0.000000 1.000000
0.984637 0.174615 -0.000000 0.860328 -0.174615 0.984637 0.000000 -0.000000 0.000000 -0.000000 1.000000 0.000001 0.000000 0.000000 0.000000 1.000000
0.984637 0.174615 -0.000000 0.860328 -0.174615 0.984637 0.000000 -0.000000 0.000000 -0.000000 1.000000 0.000001 0.000000 0.000000 0.000000 1.000000
0.984637 0.174615 -0.000000 0.860328 -0.174615 0.984637 0.000000 -0.000000 0.000000 -0.000000 1.000000 0.000001 0.000000 0.000000 0.000000 1.000000
0.984637 0.174615 -0.000000 0.860328 -0.174615 0.984637 0.000000 -0.000000 0.000000 -0.000000 1.000000 0.000001 0.000000 0.000000 0.000000 1.000000
0.984637 0.174615 -0.000000 0.860328 -0.174615 0.984637 0.000000 -0.000000 0.000000 -0.000000 1.000000 0.000001 0.000000 0.000000 0.000000 1.000000
0.984637 0.174615 -0.000000 0.860328 -0.174615 0.984637 0.000000 -0.000000 0.000000 -0.000000 1.000000 0.000001 0.000000 0.000000 0.000000 1.000000
0.984637 0.174615 -0.000000 0.860328 -0.174615 0.984637 0.000000 -0.000000 0.000000 -0.000000 1.000000 0.000001 0.000000 0.000000 0.000000 1.000000
0.984637 0.174615 -0.000000 0.860328 -0.174615 0.984637 0.000000 -0.000000 0.000000 -0.000000 1.000000 0.000001 0.000000 0.000000 0.000000 1.000000
0.984637 0.174615 -0.000000 0.860328 -0.174615 0.984637 0.000000 -0.000000 0.000000 -0.000000 1.000000 0.000001 0.000000 0.000000 0.000000 1.000000
0.984637 0.174615 -0.000000 0.860328 -0.174615 0.984637 0.000000 -0.000000 0.000000 -0.000000 1.000000 0.000001 0.000000 0.000000 0.000000 1.000000
0.984637 0.174615 -0.000000 0.860328 -0.174615 0.984637 0.000000 -0.000000 0.000000 -0.000000 1.000000 0.000001 0.000000 0.000000 0.000000 1.000000
0.984637 0.174615 -0.000000 0.860328 -0.174615 0.984637 0.000000 -0.000000 0.000000 -0.000000 1.000000 0.000001 0.000000 0.000000 0.000000 1.000000
0.984637 0.174615 -0.000000 0.860328 -0.174615 0.984637 0.000000 -0.000000 0.000000 -0.000000 1.000000 0.000001 0.000000 0.000000 0.000000 1.000000
0.984637 0.174615 -0.000000 0.860328 -0.174615 0.984637 0.000000 -0.000000 0.000000 -0.000000 1.000000 0.000001 0.000000 0.000000 0.000000 1.000000
0.984637 0.174615 -0.000000 0.860328 -0.174615 0.984637 0.000000 -0.000000 0.000000 -0.000000 1.000000 0.000001 0.000000 0.000000 0.000000 1.000000
0.984637 0.174615 -0.000000 0.860328 -0.174615 0.984637 0.000000 -0.000000 0.000000 -0.000000 1.000000 0.000001 0.000000 0.000000 0.000000 1.000000
0.984637 0.174615 -0.000000 0.860328 -0.174615 0.984637 0.000000 -0.000000 0.000000 -0.000000 1.000000 0.000001 0.000000 0.000000 0.000000 1.000000
0.984637 0.174615 -0.000000 0.860328 -0.174615 0.984637 0.000000 -0.000000 0.000000 -0.000000 1.000000 0.000001 0.000000 0.000000 0.000000 1.000000
0.984637 0.174615 -0.000000 0.860328 -0.174615 0.984637 0.000000 -0.000000 0.000000 -0.000000 1.000000 0.000001 0.000000 0.000000 0.000000 1.000000</float_array><technique_common><accessor source="#jnt_left_leg-Matrix-animation-output-transform-array" count="30" stride="16"><param type="float4x4"/></accessor></technique_common></source><source id="jnt_left_leg-Interpolations"><Name_array id="jnt_left_leg-Interpolations-array" count="30">
 LINEAR LINEAR LINEAR LINEAR LINEAR LINEAR LINEAR LINEAR LINEAR LINEAR LINEAR
LINEAR LINEAR LINEAR LINEAR LINEAR LINEAR LINEAR LINEAR LINEAR LINEAR LINEAR LINEAR
LINEAR LINEAR LINEAR LINEAR LINEAR LINEAR LINEAR</Name_array><technique_common><accessor source="#jnt_left_leg-Interpolations-array" count="30"><param type="name"/></accessor></technique_common></source><sampler id="jnt_left_leg-Matrix-animation-transform"><input semantic="INPUT" source="#jnt_left_leg-Matrix-animation-input"/><input semantic="OUTPUT" source="#jnt_left_leg-Matrix-animation-output-transform"/><input semantic="INTERPOLATION" source="#jnt_left_leg-Interpolations"/></sampler><channel source="#jnt_left_leg-Matrix-animation-transform" target="jnt_left_leg/matrix"/></animation></animation>
    <animation id="jnt_left_legroll-anim" name="jnt_left_legroll"><animation><source id="jnt_left_legroll-Matrix-animation-input"><float_array id="jnt_left_legroll-Matrix-animation-input-array" count="30">

0.033333 0.066667 0.100000 0.133333 0.166667 0.200000 0.233333 0.266667 0.300000 0.333333 0.366667 0.400000 0.433333 0.466667 0.500000 0.533333
0.566667 0.600000 0.633333 0.666667 0.700000 0.733333 0.766667 0.800000 0.833333 0.866667 0.900000 0.933333 0.966667 1.000000</float_array><technique_common><accessor source="#jnt_left_legroll-Matrix-animation-input-array" count="30"><param name="TIME" type="float"/></accessor></technique_common></source><source id="jnt_left_legroll-Matrix-animation-output-transform"><float_array id="jnt_left_legroll-Matrix-animation-output-transform-array" count="480">

1.000000 0.000000 -0.000000 0.384000 -0.000000 1.000000 -0.000000 0.000000 0.000000 0.000000 1.000000 0.000000 0.000000 0.000000 0.000000 1.000000
1.000000 0.000000 -0.000000 0.384000 -0.000000 1.000000 -0.000000 0.000000 0.000000 0.000000 1.000000 0.000000 0.000000 0.000000 0.000000 1.000000
1.000000 0.000000 -0.000000 0.384000 -0.000000 1.000000 -0.000000 0.000000 0.000000 0.000000 1.000000 0.000000 0.000000 0.000000 0.000000 1.000000
1.000000 0.000000 -0.000000 0.384000 -0.000000 1.000000 -0.000000 0.000000 0.000000 0.000000 1.000000 0.000000 0.000000 0.000000 0.000000 1.000000
1.000000 0.000000 -0.000000 0.384000 -0.000000 1.000000 -0.000000 0.000000 0.000000 0.000000 1.000000 0.000000 0.000000 0.000000 0.000000 1.000000
1.000000 0.000000 -0.000000 0.384000 -0.000000 1.000000 -0.000000 0.000000 0.000000 0.000000 1.000000 0.000000 0.000000 0.000000 0.000000 1.000000
1.000000 0.000000 -0.000000 0.384000 -0.000000 1.000000 -0.000000 0.000000 0.000000 0.000000 1.000000 0.000000 0.000000 0.000000 0.000000 1.000000
1.000000 0.000000 -0.000000 0.384000 -0.000000 1.000000 -0.000000 0.000000 0.000000 0.000000 1.000000 0.000000 0.000000 0.000000 0.000000 1.000000
1.000000 0.000000 -0.000000 0.384000 -0.000000 1.000000 -0.000000 0.000000 0.000000 0.000000 1.000000 0.000000 0.000000 0.000000 0.000000 1.000000
1.000000 0.000000 -0.000000 0.384000 -0.000000 1.000000 -0.000000 0.000000 0.000000 0.000000 1.000000 0.000000 0.000000 0.000000 0.000000 1.000000
1.000000 0.000000 -0.000000 0.384000 -0.000000 1.000000 -0.000000 0.000000 0.000000 0.000000 1.000000 0.000000 0.000000 0.000000 0.000000 1.000000
1.000000 0.000000 -0.000000 0.384000 -0.000000 1.000000 -0.000000 0.000000 0.000000 0.000000 1.000000 0.000000 0.000000 0.000000 0.000000 1.000000
1.000000 0.000000 -0.000000 0.384000 -0.000000 1.000000 -0.000000 0.000000 0.000000 0.000000 1.000000 0.000000 0.000000 0.000000 0.000000 1.000000
1.000000 0.000000 -0.000000 0.384000 -0.000000 1.000000 -0.000000 0.000000 0.000000 0.000000 1.000000 0.000000 0.000000 0.000000 0.000000 1.000000
1.000000 0.000000 -0.000000 0.384000 -0.000000 1.000000 -0.000000 0.000000 0.000000 0.000000 1.000000 0.000000 0.000000 0.000000 0.000000 1.000000
1.000000 0.000000 -0.000000 0.384000 -0.000000 1.000000 -0.000000 0.000000 0.000000 0.000000 1.000000 0.000000 0.000000 0.000000 0.000000 1.000000
1.000000 0.000000 -0.000000 0.384000 -0.000000 1.000000 -0.000000 0.000000 0.000000 0.000000 1.000000 0.000000 0.000000 0.000000 0.000000 1.000000
1.000000 0.000000 -0.000000 0.384000 -0.000000 1.000000 -0.000000 0.000000 0.000000 0.000000 1.000000 0.000000 0.000000 0.000000 0.000000 1.000000
1.000000 0.000000 -0.000000 0.384000 -0.000000 1.000000 -0.000000 0.000000 0.000000 0.000000 1.000000 0.000000 0.000000 0.000000 0.000000 1.000000
1.000000 0.000000 -0.000000 0.384000 -0.000000 1.000000 -0.000000 0.000000 0.000000 0.000000 1.000000 0.000000 0.000000 0.000000 0.000000 1.000000
1.000000 0.000000 -0.000000 0.384000 -0.000000 1.000000 -0.000000 0.000000 0.000000 0.000000 1.000000 0.000000 0.000000 0.000000 0.000000 1.000000
1.000000 0.000000 -0.000000 0.384000 -0.000000 1.000000 -0.000000 0.000000 0.000000 0.000000 1.000000 0.000000 0.000000 0.000000 0.000000 1.000000
1.000000 0.000000 -0.000000 0.384000 -0.000000 1.000000 -0.000000 0.000000 0.000000 0.000000 1.000000 0.000000 0.000000 0.000000 0.000000 1.000000
1.000000 0.000000 -0.000000 0.384000 -0.000000 1.000000 -0.000000 0.000000 0.000000 0.000000 1.000000 0.000000 0.000000 0.000000 0.000000 1.000000
1.000000 0.000000 -0.000000 0.384000 -0.000000 1.000000 -0.000000 0.000000 0.000000 0.000000 1.000000 0.000000 0.000000 0.000000 0.000000 1.000000
1.000000 0.000000 -0.000000 0.384000 -0.000000 1.000000 -0.000000 0.000000 0.000000 0.000000 1.000000 0.000000 0.000000 0.000000 0.000000 1.000000
1.000000 0.000000 -0.000000 0.384000 -0.000000 1.000000 -0.000000 0.000000 0.000000 0.000000 1.000000 0.000000 0.000000 0.000000 0.000000 1.000000
1.000000 0.000000 -0.000000 0.384000 -0.000000 1.000000 -0.000000 0.000000 0.000000 0.000000 1.000000 0.000000 0.000000 0.000000 0.000000 1.000000
1.000000 0.000000 -0.000000 0.384000 -0.000000 1.000000 -0.000000 0.000000 0.000000 0.000000 1.000000 0.000000 0.000000 0.000000 0.000000 1.000000
1.000000 0.000000 -0.000000 0.384000 -0.000000 1.000000 -0.000000 0.000000 0.000000 0.000000 1.000000 0.000000 0.000000 0.000000 0.000000 1.000000</float_array><technique_common><accessor source="#jnt_left_legroll-Matrix-animation-output-transform-array" count="30" stride="16"><param type="float4x4"/></accessor></technique_common></source><source id="jnt_left_legroll-Interpolations"><Name_array id="jnt_left_legroll-Interpolations-array" count="30">
 LINEAR LINEAR LINEAR LINEAR LINEAR LINEAR LINEAR LINEAR LINEAR LINEAR LINEAR
LINEAR LINEAR LINEAR LINEAR LINEAR LINEAR LINEAR LINEAR LINEAR LINEAR LINEAR LINEAR
LINEAR LINEAR LINEAR LINEAR LINEAR LINEAR LINEAR</Name_array><technique_common><accessor source="#jnt_left_legroll-Interpolations-array" count="30"><param type="name"/></accessor></technique_common></source><sampler id="jnt_left_legroll-Matrix-animation-transform"><input semantic="INPUT" source="#jnt_left_legroll-Matrix-animation-input"/><input semantic="OUTPUT" source="#jnt_left_legroll-Matrix-animation-output-transform"/><input semantic="INTERPOLATION" source="#jnt_left_legroll-Interpolations"/></sampler><channel source="#jnt_left_legroll-Matrix-animation-transform" target="jnt_left_legroll/matrix"/></animation></animation>
    <animation id="jnt_left_foot-anim" name="jnt_left_foot"><animation><source id="jnt_left_foot-Matrix-animation-input"><float_array id="jnt_left_foot-Matrix-animation-input-array" count="30">

0.033333 0.066667 0.100000 0.133333 0.166667 0.200000 0.233333 0.266667 0.300000 0.333333 0.366667 0.400000 0.433333 0.466667 0.500000 0.533333
0.566667 0.600000 0.633333 0.666667 0.700000 0.733333 0.766667 0.800000 0.833333 0.866667 0.900000 0.933333 0.966667 1.000000</float_array><technique_common><accessor source="#jnt_left_foot-Matrix-animation-input-array" count="30"><param name="TIME" type="float"/></accessor></technique_common></source><source id="jnt_left_foot-Matrix-animation-output-transform"><float_array id="jnt_left_foot-Matrix-animation-output-transform-array" count="480">

0.322359 -0.926716 -0.193087 0.768142 0.946458 0.311784 0.083715 0.000000 -0.017378 -0.209735 0.977604 -0.000001 0.000000 0.000000 0.000000 1.000000
0.322359 -0.926716 -0.193087 0.768142 0.946458 0.311784 0.083715 0.000000 -0.017378 -0.209735 0.977604 -0.000001 0.000000 0.000000 0.000000 1.000000
0.322359 -0.926716 -0.193087 0.768142 0.946458 0.311784 0.083715 0.000000 -0.017378 -0.209735 0.977604 -0.000001 0.000000 0.000000 0.000000 1.000000
0.322359 -0.926716 -0.193087 0.768142 0.946458 0.311784 0.083715 0.000000 -0.017378 -0.209735 0.977604 -0.000001 0.000000 0.000000 0.000000 1.000000
0.322359 -0.926716 -0.193087 0.768142 0.946458 0.311784 0.083715 0.000000 -0.017378 -0.209735 0.977604 -0.000001 0.000000 0.000000 0.000000 1.000000
0.322359 -0.926716 -0.193087 0.768142 0.946458 0.311784 0.083715 0.000000 -0.017378 -0.209735 0.977604 -0.000001 0.000000 0.000000 0.000000 1.000000
0.322359 -0.926716 -0.193087 0.768142 0.946458 0.311784 0.083715 0.000000 -0.017378 -0.209735 0.977604 -0.000001 0.000000 0.000000 0.000000 1.000000
0.322359 -0.926716 -0.193087 0.768142 0.946458 0.311784 0.083715 0.000000 -0.017378 -0.209735 0.977604 -0.000001 0.000000 0.000000 0.000000 1.000000
0.322359 -0.926716 -0.193087 0.768142 0.946458 0.311784 0.083715 0.000000 -0.017378 -0.209735 0.977604 -0.000001 0.000000 0.000000 0.000000 1.000000
0.322359 -0.926716 -0.193087 0.768142 0.946458 0.311784 0.083715 0.000000 -0.017378 -0.209735 0.977604 -0.000001 0.000000 0.000000 0.000000 1.000000
0.322359 -0.926716 -0.193087 0.768142 0.946458 0.311784 0.083715 0.000000 -0.017378 -0.209735 0.977604 -0.000001 0.000000 0.000000 0.000000 1.000000
0.322359 -0.926716 -0.193087 0.768142 0.946458 0.311784 0.083715 0.000000 -0.017378 -0.209735 0.977604 -0.000001 0.000000 0.000000 0.000000 1.000000
0.322359 -0.926716 -0.193087 0.768142 0.946458 0.311784 0.083715 0.000000 -0.017378 -0.209735 0.977604 -0.000001 0.000000 0.000000 0.000000 1.000000
0.322359 -0.926716 -0.193087 0.768142 0.946458 0.311784 0.083715 0.000000 -0.017378 -0.209735 0.977604 -0.000001 0.000000 0.000000 0.000000 1.000000
0.322359 -0.926716 -0.193087 0.768142 0.946458 0.311784 0.083715 0.000000 -0.017378 -0.209735 0.977604 -0.000001 0.000000 0.000000 0.000000 1.000000
0.322359 -0.926716 -0.193087 0.768142 0.946458 0.311784 0.083715 0.000000 -0.017378 -0.209735 0.977604 -0.000001 0.000000 0.000000 0.000000 1.000000
0.322359 -0.926716 -0.193087 0.768142 0.946458 0.311784 0.083715 0.000000 -0.017378 -0.209735 0.977604 -0.000001 0.000000 0.000000 0.000000 1.000000
0.322359 -0.926716 -0.193087 0.768142 0.946458 0.311784 0.083715 0.000000 -0.017378 -0.209735 0.977604 -0.000001 0.000000 0.000000 0.000000 1.000000
0.322359 -0.926716 -0.193087 0.768142 0.946458 0.311784 0.083715 0.000000 -0.017378 -0.209735 0.977604 -0.000001 0.000000 0.000000 0.000000 1.000000
0.322359 -0.926716 -0.193087 0.768142 0.946458 0.311784 0.083715 0.000000 -0.017378 -0.209735 0.977604 -0.000001 0.000000 0.000000 0.000000 1.000000
0.322359 -0.926716 -0.193087 0.768142 0.946458 0.311784 0.083715 0.000000 -0.017378 -0.209735 0.977604 -0.000001 0.000000 0.000000 0.000000 1.000000
0.322359 -0.926716 -0.193087 0.768142 0.946458 0.311784 0.083715 0.000000 -0.017378 -0.209735 0.977604 -0.000001 0.000000 0.000000 0.000000 1.000000
0.322359 -0.926716 -0.193087 0.768142 0.946458 0.311784 0.083715 0.000000 -0.017378 -0.209735 0.977604 -0.000001 0.000000 0.000000 0.000000 1.000000
0.322359 -0.926716 -0.193087 0.768142 0.946458 0.311784 0.083715 0.000000 -0.017378 -0.209735 0.977604 -0.000001 0.000000 0.000000 0.000000 1.000000
0.322359 -0.926716 -0.193087 0.768142 0.946458 0.311784 0.083715 0.000000 -0.017378 -0.209735 0.977604 -0.000001 0.000000 0.000000 0.000000 1.000000
0.322359 -0.926716 -0.193087 0.768142 0.946458 0.311784 0.083715 0.000000 -0.017378 -0.209735 0.977604 -0.000001 0.000000 0.000000 0.000000 1.000000
0.322359 -0.926716 -0.193087 0.768142 0.946458 0.311784 0.083715 0.000000 -0.017378 -0.209735 0.977604 -0.000001 0.000000 0.000000 0.000000 1.000000
0.322359 -0.926716 -0.193087 0.768142 0.946458 0.311784 0.083715 0.000000 -0.017378 -0.209735 0.977604 -0.000001 0.000000 0.000000 0.000000 1.000000
0.322359 -0.926716 -0.193087 0.768142 0.946458 0.311784 0.083715 0.000000 -0.017378 -0.209735 0.977604 -0.000001 0.000000 0.000000 0.000000 1.000000
0.322359 -0.926716 -0.193087 0.768142 0.946458 0.311784 0.083715 0.000000 -0.017378 -0.209735 0.977604 -0.000001 0.000000 0.000000 0.000000 1.000000</float_array><technique_common><accessor source="#jnt_left_foot-Matrix-animation-output-transform-array" count="30" stride="16"><param type="float4x4"/></accessor></technique_common></source><source id="jnt_left_foot-Interpolations"><Name_array id="jnt_left_foot-Interpolations-array" count="30">
 LINEAR LINEAR LINEAR LINEAR LINEAR LINEAR LINEAR LINEAR LINEAR LINEAR LINEAR
LINEAR LINEAR LINEAR LINEAR LINEAR LINEAR LINEAR LINEAR LINEAR LINEAR LINEAR LINEAR
LINEAR LINEAR LINEAR LINEAR LINEAR LINEAR LINEAR</Name_array><technique_common><accessor source="#jnt_left_foot-Interpolations-array" count="30"><param type="name"/></accessor></technique_common></source><sampler id="jnt_left_foot-Matrix-animation-transform"><input semantic="INPUT" source="#jnt_left_foot-Matrix-animation-input"/><input semantic="OUTPUT" source="#jnt_left_foot-Matrix-animation-output-transform"/><input semantic="INTERPOLATION" source="#jnt_left_foot-Interpolations"/></sampler><channel source="#jnt_left_foot-Matrix-animation-transform" target="jnt_left_foot/matrix"/></animation></animation>
    <animation id="jnt_left_toebase-anim" name="jnt_left_toebase"><animation><source id="jnt_left_toebase-Matrix-animation-input"><float_array id="jnt_left_toebase-Matrix-animation-input-array" count="30">

0.033333 0.066667 0.100000 0.133333 0.166667 0.200000 0.233333 0.266667 0.300000 0.333333 0.366667 0.400000 0.433333 0.466667 0.500000 0.533333
0.566667 0.600000 0.633333 0.666667 0.700000 0.733333 0.766667 0.800000 0.833333 0.866667 0.900000 0.933333 0.966667 1.000000</float_array><technique_common><accessor source="#jnt_left_toebase-Matrix-animation-input-array" count="30"><param name="TIME" type="float"/></accessor></technique_common></source><source id="jnt_left_toebase-Matrix-animation-output-transform"><float_array id="jnt_left_toebase-Matrix-animation-output-transform-array" count="480">

0.918936 -0.394408 0.000000 0.441847 0.394407 0.918936 -0.000000 0.000000 0.000000 0.000000 1.000000 -0.000000 0.000000 0.000000 0.000000 1.000000
0.918936 -0.394408 0.000000 0.441847 0.394407 0.918936 -0.000000 0.000000 0.000000 0.000000 1.000000 -0.000000 0.000000 0.000000 0.000000 1.000000
0.918936 -0.394408 0.000000 0.441847 0.394407 0.918936 -0.000000 0.000000 0.000000 0.000000 1.000000 -0.000000 0.000000 0.000000 0.000000 1.000000
0.918936 -0.394408 0.000000 0.441847 0.394407 0.918936 -0.000000 0.000000 0.000000 0.000000 1.000000 -0.000000 0.000000 0.000000 0.000000 1.000000
0.918936 -0.394408 0.000000 0.441847 0.394407 0.918936 -0.000000 0.000000 0.000000 0.000000 1.000000 -0.000000 0.000000 0.000000 0.000000 1.000000
0.918936 -0.394408 0.000000 0.441847 0.394407 0.918936 -0.000000 0.000000 0.000000 0.000000 1.000000 -0.000000 0.000000 0.000000 0.000000 1.000000
0.918936 -0.394408 0.000000 0.441847 0.394407 0.918936 -0.000000 0.000000 0.000000 0.000000 1.000000 -0.000000 0.000000 0.000000 0.000000 1.000000
0.918936 -0.394408 0.000000 0.441847 0.394407 0.918936 -0.000000 0.000000 0.000000 0.000000 1.000000 -0.000000 0.000000 0.000000 0.000000 1.000000
0.918936 -0.394408 0.000000 0.441847 0.394407 0.918936 -0.000000 0.000000 0.000000 0.000000 1.000000 -0.000000 0.000000 0.000000 0.000000 1.000000
0.918936 -0.394408 0.000000 0.441847 0.394407 0.918936 -0.000000 0.000000 0.000000 0.000000 1.000000 -0.000000 0.000000 0.000000 0.000000 1.000000
0.918936 -0.394408 0.000000 0.441847 0.394407 0.918936 -0.000000 0.000000 0.000000 0.000000 1.000000 -0.000000 0.000000 0.000000 0.000000 1.000000
0.918936 -0.394408 0.000000 0.441847 0.394407 0.918936 -0.000000 0.000000 0.000000 0.000000 1.000000 -0.000000 0.000000 0.000000 0.000000 1.000000
0.918936 -0.394408 0.000000 0.441847 0.394407 0.918936 -0.000000 0.000000 0.000000 0.000000 1.000000 -0.000000 0.000000 0.000000 0.000000 1.000000
0.918936 -0.394408 0.000000 0.441847 0.394407 0.918936 -0.000000 0.000000 0.000000 0.000000 1.000000 -0.000000 0.000000 0.000000 0.000000 1.000000
0.918936 -0.394408 0.000000 0.441847 0.394407 0.918936 -0.000000 0.000000 0.000000 0.000000 1.000000 -0.000000 0.000000 0.000000 0.000000 1.000000
0.918936 -0.394408 0.000000 0.441847 0.394407 0.918936 -0.000000 0.000000 0.000000 0.000000 1.000000 -0.000000 0.000000 0.000000 0.000000 1.000000
0.918936 -0.394408 0.000000 0.441847 0.394407 0.918936 -0.000000 0.000000 0.000000 0.000000 1.000000 -0.000000 0.000000 0.000000 0.000000 1.000000
0.918936 -0.394408 0.000000 0.441847 0.394407 0.918936 -0.000000 0.000000 0.000000 0.000000 1.000000 -0.000000 0.000000 0.000000 0.000000 1.000000
0.918936 -0.394408 0.000000 0.441847 0.394407 0.918936 -0.000000 0.000000 0.000000 0.000000 1.000000 -0.000000 0.000000 0.000000 0.000000 1.000000
0.918936 -0.394408 0.000000 0.441847 0.394407 0.918936 -0.000000 0.000000 0.000000 0.000000 1.000000 -0.000000 0.000000 0.000000 0.000000 1.000000
0.918936 -0.394408 0.000000 0.441847 0.394407 0.918936 -0.000000 0.000000 0.000000 0.000000 1.000000 -0.000000 0.000000 0.000000 0.000000 1.000000
0.918936 -0.394408 0.000000 0.441847 0.394407 0.918936 -0.000000 0.000000 0.000000 0.000000 1.000000 -0.000000 0.000000 0.000000 0.000000 1.000000
0.918936 -0.394408 0.000000 0.441847 0.394407 0.918936 -0.000000 0.000000 0.000000 0.000000 1.000000 -0.000000 0.000000 0.000000 0.000000 1.000000
0.918936 -0.394408 0.000000 0.441847 0.394407 0.918936 -0.000000 0.000000 0.000000 0.000000 1.000000 -0.000000 0.000000 0.000000 0.000000 1.000000
0.918936 -0.394408 0.000000 0.441847 0.394407 0.918936 -0.000000 0.000000 0.000000 0.000000 1.000000 -0.000000 0.000000 0.000000 0.000000 1.000000
0.918936 -0.394408 0.000000 0.441847 0.394407 0.918936 -0.000000 0.000000 0.000000 0.000000 1.000000 -0.000000 0.000000 0.000000 0.000000 1.000000
0.918936 -0.394408 0.000000 0.441847 0.394407 0.918936 -0.000000 0.000000 0.000000 0.000000 1.000000 -0.000000 0.000000 0.000000 0.000000 1.000000
0.918936 -0.394408 0.000000 0.441847 0.394407 0.918936 -0.000000 0.000000 0.000000 0.000000 1.000000 -0.000000 0.000000 0.000000 0.000000 1.000000
0.918936 -0.394408 0.000000 0.441847 0.394407 0.918936 -0.000000 0.000000 0.000000 0.000000 1.000000 -0.000000 0.000000 0.000000 0.000000 1.000000
0.918936 -0.394408 0.000000 0.441847 0.394407 0.918936 -0.000000 0.000000 0.000000 0.000000 1.000000 -0.000000 0.000000 0.000000 0.000000 1.000000</float_array><technique_common><accessor source="#jnt_left_toebase-Matrix-animation-output-transform-array" count="30" stride="16"><param type="float4x4"/></accessor></technique_common></source><source id="jnt_left_toebase-Interpolations"><Name_array id="jnt_left_toebase-Interpolations-array" count="30">
 LINEAR LINEAR LINEAR LINEAR LINEAR LINEAR LINEAR LINEAR LINEAR LINEAR LINEAR
LINEAR LINEAR LINEAR LINEAR LINEAR LINEAR LINEAR LINEAR LINEAR LINEAR LINEAR LINEAR
LINEAR LINEAR LINEAR LINEAR LINEAR LINEAR LINEAR</Name_array><technique_common><accessor source="#jnt_left_toebase-Interpolations-array" count="30"><param type="name"/></accessor></technique_common></source><sampler id="jnt_left_toebase-Matrix-animation-transform"><input semantic="INPUT" source="#jnt_left_toebase-Matrix-animation-input"/><input semantic="OUTPUT" source="#jnt_left_toebase-Matrix-animation-output-transform"/><input semantic="INTERPOLATION" source="#jnt_left_toebase-Interpolations"/></sampler><channel source="#jnt_left_toebase-Matrix-animation-transform" target="jnt_left_toebase/matrix"/></animation></animation>
    <animation id="jnt_left_toeend-anim" name="jnt_left_toeend"><animation><source id="jnt_left_toeend-Matrix-animation-input"><float_array id="jnt_left_toeend-Matrix-animation-input-array" count="30">

0.033333 0.066667 0.100000 0.133333 0.166667 0.200000 0.233333 0.266667 0.300000 0.333333 0.366667 0.400000 0.433333 0.466667 0.500000 0.533333
0.566667 0.600000 0.633333 0.666667 0.700000 0.733333 0.766667 0.800000 0.833333 0.866667 0.900000 0.933333 0.966667 1.000000</float_array><technique_common><accessor source="#jnt_left_toeend-Matrix-animation-input-array" count="30"><param name="TIME" type="float"/></accessor></technique_common></source><source id="jnt_left_toeend-Matrix-animation-output-transform"><float_array id="jnt_left_toeend-Matrix-animation-output-transform-array" count="480">

1.000000 -0.000001 -0.000000 0.379397 0.000001 1.000000 -0.000000 -0.000000 0.000000 0.000000 1.000000 -0.000000 0.000000 0.000000 0.000000 1.000000
1.000000 -0.000001 -0.000000 0.379397 0.000001 1.000000 -0.000000 -0.000000 0.000000 0.000000 1.000000 -0.000000 0.000000 0.000000 0.000000 1.000000
1.000000 -0.000001 -0.000000 0.379397 0.000001 1.000000 -0.000000 -0.000000 0.000000 0.000000 1.000000 -0.000000 0.000000 0.000000 0.000000 1.000000
1.000000 -0.000001 -0.000000 0.379397 0.000001 1.000000 -0.000000 -0.000000 0.000000 0.000000 1.000000 -0.000000 0.000000 0.000000 0.000000 1.000000
1.000000 -0.000001 -0.000000 0.379397 0.000001 1.000000 -0.000000 -0.000000 0.000000 0.000000 1.000000 -0.000000 0.000000 0.000000 0.000000 1.000000
1.000000 -0.000001 -0.000000 0.379397 0.000001 1.000000 -0.000000 -0.000000 0.000000 0.000000 1.000000 -0.000000 0.000000 0.000000 0.000000 1.000000
1.000000 -0.000001 -0.000000 0.379397 0.000001 1.000000 -0.000000 -0.000000 0.000000 0.000000 1.000000 -0.000000 0.000000 0.000000 0.000000 1.000000
1.000000 -0.000001 -0.000000 0.379397 0.000001 1.000000 -0.000000 -0.000000 0.000000 0.000000 1.000000 -0.000000 0.000000 0.000000 0.000000 1.000000
1.000000 -0.000001 -0.000000 0.379397 0.000001 1.000000 -0.000000 -0.000000 0.000000 0.000000 1.000000 -0.000000 0.000000 0.000000 0.000000 1.000000
1.000000 -0.000001 -0.000000 0.379397 0.000001 1.000000 -0.000000 -0.000000 0.000000 0.000000 1.000000 -0.000000 0.000000 0.000000 0.000000 1.000000
1.000000 -0.000001 -0.000000 0.379397 0.000001 1.000000 -0.000000 -0.000000 0.000000 0.000000 1.000000 -0.000000 0.000000 0.000000 0.000000 1.000000
1.000000 -0.000001 -0.000000 0.379397 0.000001 1.000000 -0.000000 -0.000000 0.000000 0.000000 1.000000 -0.000000 0.000000 0.000000 0.000000 1.000000
1.000000 -0.000001 -0.000000 0.379397 0.000001 1.000000 -0.000000 -0.000000 0.000000 0.000000 1.000000 -0.000000 0.000000 0.000000 0.000000 1.000000
1.000000 -0.000001 -0.000000 0.379397 0.000001 1.000000 -0.000000 -0.000000 0.000000 0.000000 1.000000 -0.000000 0.000000 0.000000 0.000000 1.000000
1.000000 -0.000001 -0.000000 0.379397 0.000001 1.000000 -0.000000 -0.000000 0.000000 0.000000 1.000000 -0.000000 0.000000 0.000000 0.000000 1.000000
1.000000 -0.000001 -0.000000 0.379397 0.000001 1.000000 -0.000000 -0.000000 0.000000 0.000000 1.000000 -0.000000 0.000000 0.000000 0.000000 1.000000
1.000000 -0.000001 -0.000000 0.379397 0.000001 1.000000 -0.000000 -0.000000 0.000000 0.000000 1.000000 -0.000000 0.000000 0.000000 0.000000 1.000000
1.000000 -0.000001 -0.000000 0.379397 0.000001 1.000000 -0.000000 -0.000000 0.000000 0.000000 1.000000 -0.000000 0.000000 0.000000 0.000000 1.000000
1.000000 -0.000001 -0.000000 0.379397 0.000001 1.000000 -0.000000 -0.000000 0.000000 0.000000 1.000000 -0.000000 0.000000 0.000000 0.000000 1.000000
1.000000 -0.000001 -0.000000 0.379397 0.000001 1.000000 -0.000000 -0.000000 0.000000 0.000000 1.000000 -0.000000 0.000000 0.000000 0.000000 1.000000
1.000000 -0.000001 -0.000000 0.379397 0.000001 1.000000 -0.000000 -0.000000 0.000000 0.000000 1.000000 -0.000000 0.000000 0.000000 0.000000 1.000000
1.000000 -0.000001 -0.000000 0.379397 0.000001 1.000000 -0.000000 -0.000000 0.000000 0.000000 1.000000 -0.000000 0.000000 0.000000 0.000000 1.000000
1.000000 -0.000001 -0.000000 0.379397 0.000001 1.000000 -0.000000 -0.000000 0.000000 0.000000 1.000000 -0.000000 0.000000 0.000000 0.000000 1.000000
1.000000 -0.000001 -0.000000 0.379397 0.000001 1.000000 -0.000000 -0.000000 0.000000 0.000000 1.000000 -0.000000 0.000000 0.000000 0.000000 1.000000
1.000000 -0.000001 -0.000000 0.379397 0.000001 1.000000 -0.000000 -0.000000 0.000000 0.000000 1.000000 -0.000000 0.000000 0.000000 0.000000 1.000000
1.000000 -0.000001 -0.000000 0.379397 0.000001 1.000000 -0.000000 -0.000000 0.000000 0.000000 1.000000 -0.000000 0.000000 0.000000 0.000000 1.000000
1.000000 -0.000001 -0.000000 0.379397 0.000001 1.000000 -0.000000 -0.000000 0.000000 0.000000 1.000000 -0.000000 0.000000 0.000000 0.000000 1.000000
1.000000 -0.000001 -0.000000 0.379397 0.000001 1.000000 -0.000000 -0.000000 0.000000 0.000000 1.000000 -0.000000 0.000000 0.000000 0.000000 1.000000
1.000000 -0.000001 -0.000000 0.379397 0.000001 1.000000 -0.000000 -0.000000 0.000000 0.000000 1.000000 -0.000000 0.000000 0.000000 0.000000 1.000000
1.000000 -0.000001 -0.000000 0.379397 0.000001 1.000000 -0.000000 -0.000000 0.000000 0.000000 1.000000 -0.000000 0.000000 0.000000 0.000000 1.000000</float_array><technique_common><accessor source="#jnt_left_toeend-Matrix-animation-output-transform-array" count="30" stride="16"><param type="float4x4"/></accessor></technique_common></source><source id="jnt_left_toeend-Interpolations"><Name_array id="jnt_left_toeend-Interpolations-array" count="30">
 LINEAR LINEAR LINEAR LINEAR LINEAR LINEAR LINEAR LINEAR LINEAR LINEAR LINEAR
LINEAR LINEAR LINEAR LINEAR LINEAR LINEAR LINEAR LINEAR LINEAR LINEAR LINEAR LINEAR
LINEAR LINEAR LINEAR LINEAR LINEAR LINEAR LINEAR</Name_array><technique_common><accessor source="#jnt_left_toeend-Interpolations-array" count="30"><param type="name"/></accessor></technique_common></source><sampler id="jnt_left_toeend-Matrix-animation-transform"><input semantic="INPUT" source="#jnt_left_toeend-Matrix-animation-input"/><input semantic="OUTPUT" source="#jnt_left_toeend-Matrix-animation-output-transform"/><input semantic="INTERPOLATION" source="#jnt_left_toeend-Interpolations"/></sampler><channel source="#jnt_left_toeend-Matrix-animation-transform" target="jnt_left_toeend/matrix"/></animation></animation>
  </library_animations>
  <library_visual_scenes>
<visual_scene id="Scene" name="Scene">
        <node name="HIK_root_jnt" id="HIK_root_jnt" sid="HIK_root_jnt" type="JOINT">
            <matrix sid="matrix">1.000000 0.000000 0.000000 0.000000 0.000000 1.000000 -0.000000 0.000000 0.000000 0.000000 1.000000 0.000000 0.000000 0.000000 0.000000 1.000000</matrix>
            <extra>
                <technique profile="FCOLLADA">
                    <visibility>1.000000</visibility>
                </technique>
            </extra>
        </node>
        <node name="root_jnt" id="root_jnt" sid="root_jnt" type="JOINT">
            <matrix sid="matrix">1.000000 0.000000 0.000000 0.000000 0.000000 1.000000 -0.000000 0.000000 0.000000 0.000000 1.000000 0.000000 0.000000 0.000000 0.000000 1.000000</matrix>
            <extra>
                <technique profile="FCOLLADA">
                    <visibility>1.000000</visibility>
                </technique>
            </extra>
            <node name="jnt_hips" id="jnt_hips" sid="jnt_hips" type="JOINT">
                <matrix sid="matrix">1.000000 0.000000 0.000000 0.000000 0.000000 1.000000 0.000000 2.061423 0.000000 -0.000000 1.000000 -0.094053 0.000000 0.000000 0.000000 1.000000</matrix>
                <extra>
                    <technique profile="FCOLLADA">
                        <visibility>1.000000</visibility>
                    </technique>
                </extra>
                <node name="jnt_height" id="jnt_height" sid="jnt_height" type="JOINT">
                    <matrix sid="matrix">0.987715 0.153770 0.027804 0.000000 -0.153887 0.926257 0.344044 0.000000 0.027150 -0.344096 0.938542 0.000000 0.000000 0.000000 0.000000 1.000000</matrix>
                    <extra>
                        <technique profile="FCOLLADA">
                            <visibility>1.000000</visibility>
                        </technique>
                    </extra>
                    <node name="jnt_spine1" id="jnt_spine1" sid="jnt_spine1" type="JOINT">
                        <matrix sid="matrix">-0.001149 -0.473914 0.880571 0.000000 0.957093 -0.255691 -0.136361 0.212133 0.289778 0.842632 0.453874 0.023482 0.000000 0.000000 0.000000 1.000000</matrix>
                        <extra>
                            <technique profile="FCOLLADA">
                                <visibility>1.000000</visibility>
                            </technique>
                        </extra>
                        <node name="jnt_spine2" id="jnt_spine2" sid="jnt_spine2" type="JOINT">
                            <matrix sid="matrix">0.993385 -0.085799 0.076325 0.426848 0.077696 0.991594 0.103457 0.000003 -0.084560 -0.096842 0.991701 -0.000000 0.000000 0.000000 0.000000 1.000000</matrix>
                            <extra>
                                <technique profile="FCOLLADA">
                                    <visibility>1.000000</visibility>
                                </technique>
                            </extra>
                            <node name="jnt_spine3" id="jnt_spine3" sid="jnt_spine3" type="JOINT">
                                <matrix sid="matrix">0.974284 -0.223897 0.025327 0.555067 0.221229 0.971845 0.081082 0.000000 -0.042768 -0.073394 0.996386 -0.000000 0.000000 0.000000 0.000000 1.000000</matrix>
                                <extra>
                                    <technique profile="FCOLLADA">
                                        <visibility>1.000000</visibility>
                                    </technique>
                                </extra>
                                <node name="jnt_neck" id="jnt_neck" sid="jnt_neck" type="JOINT">
                                    <matrix sid="matrix">0.958992 -0.283431 -0.000000 0.867450 0.283431 0.958992 0.000000 0.171572 0.000000 -0.000000 1.000000 -0.000000 0.000000 0.000000 0.000000 1.000000</matrix>
                                    <extra>
                                        <technique profile="FCOLLADA">
                                            <visibility>1.000000</visibility>
                                        </technique>
                                    </extra>
                                    <node name="jnt_head" id="jnt_head" sid="jnt_head" type="JOINT">
                                        <matrix sid="matrix">0.982377 0.168412 -0.081072 0.273591 -0.186910 0.885153 -0.426109 0.000002 -0.000000 0.433753 0.901032 -0.000000 0.000000 0.000000 0.000000 1.000000</matrix>
                                        <extra>
                                            <technique profile="FCOLLADA">
                                                <visibility>1.000000</visibility>
                                            </technique>
                                        </extra>
                                        <node name="jnt_headappend" id="jnt_headappend" sid="jnt_headappend" type="JOINT">
                                            <matrix sid="matrix">1.000000 0.000000 -0.000000 -0.000000 -0.000000 1.000000 -0.000000 0.000000 0.000000 0.000000 1.000000 -0.000000 0.000000 0.000000 0.000000 1.000000</matrix>
                                            <extra>
                                                <technique profile="FCOLLADA">
                                                    <visibility>1.000000</visibility>
                                                </technique>
                                            </extra>
                                        </node>
                                    </node>
                                </node>
                                <node name="jnt_left_armroot" id="jnt_left_armroot" sid="jnt_left_armroot" type="JOINT">
                                    <matrix sid="matrix">1.000000 -0.000004 -0.000000 -0.000000 0.000004 1.000000 0.000000 -0.000000 0.000000 -0.000000 1.000000 0.000000 0.000000 0.000000 0.000000 1.000000</matrix>
                                    <extra>
                                        <technique profile="FCOLLADA">
                                            <visibility>1.000000</visibility>
                                        </technique>
                                    </extra>
                                    <node name="jnt_left_shoulder" id="jnt_left_shoulder" sid="jnt_left_shoulder" type="JOINT">
                                        <matrix sid="matrix">-0.019289 0.092832 -0.995495 0.635987 0.352002 -0.931301 -0.093666 0.114390 -0.935800 -0.352223 -0.014713 0.266187 0.000000 0.000000 0.000000 1.000000</matrix>
                                        <extra>
                                            <technique profile="FCOLLADA">
                                                <visibility>1.000000</visibility>
                                            </technique>
                                        </extra>
                                        <node name="jnt_left_arm" id="jnt_left_arm" sid="jnt_left_arm" type="JOINT">
                                            <matrix sid="matrix">0.256249 -0.358698 0.897592 -0.482844 0.755573 0.653486 0.045444 -0.078572 -0.602865 0.666551 0.438478 0.105215 0.000000 0.000000 0.000000 1.000000</matrix>
                                            <extra>
                                                <technique profile="FCOLLADA">
                                                    <visibility>1.000000</visibility>
                                                </technique>
                                            </extra>
                                            <node name="jnt_left_armroll" id="jnt_left_armroll" sid="jnt_left_armroll" type="JOINT">
                                                <matrix sid="matrix">1.000000 -0.000000 0.000000 -0.421995 0.000000 1.000000 -0.000000 0.000002 -0.000000 0.000000 1.000000 -0.000004 0.000000 0.000000 0.000000 1.000000</matrix>
                                                <extra>
                                                    <technique profile="FCOLLADA">
                                                        <visibility>1.000000</visibility>
                                                    </technique>
                                                </extra>
                                            </node>
                                            <node name="jnt_left_forearm" id="jnt_left_forearm" sid="jnt_left_forearm" type="JOINT">
                                                <matrix sid="matrix">-0.250546 -0.967990 -0.014927 -0.843981 0.967944 -0.250756 0.014377 0.000002 -0.017659 -0.010846 0.999785 0.000004 0.000000 0.000000 0.000000 1.000000</matrix>
                                                <extra>
                                                    <technique profile="FCOLLADA">
                                                        <visibility>1.000000</visibility>
                                                    </technique>
                                                </extra>
                                                <node name="jnt_left_forearmroll" id="jnt_left_forearmroll" sid="jnt_left_forearmroll" type="JOINT">
                                                    <matrix sid="matrix">1.000000 0.000001 -0.000000 -0.487001 -0.000001 1.000000 -0.000000 -0.000000 0.000000 0.000000 1.000000 -0.000004 0.000000 0.000000 0.000000 1.000000</matrix>
                                                    <extra>
                                                        <technique profile="FCOLLADA">
                                                            <visibility>1.000000</visibility>
                                                        </technique>
                                                    </extra>
                                                </node>
                                                <node name="jnt_left_hand" id="jnt_left_hand" sid="jnt_left_hand" type="JOINT">
                                                    <matrix sid="matrix">0.829226 0.515640 0.215637 -0.975262 -0.371147 0.219547 0.902246 -0.000001 0.417892 -0.828200 0.373433 0.000000 0.000000 0.000000 0.000000 1.000000</matrix>
                                                    <extra>
                                                        <technique profile="FCOLLADA">
                                                            <visibility>1.000000</visibility>
                                                        </technique>
                                                    </extra>
                                                    <node name="jnt_left_handthumb1" id="jnt_left_handthumb1" sid="jnt_left_handthumb1" type="JOINT">
                                                        <matrix sid="matrix">0.801419 -0.583361 0.131974 -0.060229 0.332986 0.618476 0.711764 -0.203939 -0.496838 -0.526476 0.689909 0.155677 0.000000 0.000000 0.000000 1.000000</matrix>
                                                        <extra>
                                                            <technique profile="FCOLLADA">
                                                                <visibility>1.000000</visibility>
                                                            </technique>
                                                        </extra>
                                                        <node name="jnt_left_handthumb2" id="jnt_left_handthumb2" sid="jnt_left_handthumb2" type="JOINT">
                                                            <matrix sid="matrix">0.959263 0.282516 -0.000001 -0.213227 -0.282516 0.959263 -0.000003 -0.000001 -0.000000 0.000003 1.000000 0.000004 0.000000 0.000000 0.000000 1.000000</matrix>
                                                            <extra>
                                                                <technique profile="FCOLLADA">
                                                                    <visibility>1.000000</visibility>
                                                                </technique>
                                                            </extra>
                                                            <node name="jnt_left_handthumb3" id="jnt_left_handthumb3" sid="jnt_left_handthumb3" type="JOINT">
                                                                <matrix sid="matrix">0.975492 0.220037 -0.000001 -0.141879 -0.220037 0.975492 -0.000003 0.000003 0.000000 0.000003 1.000000 -0.000027 0.000000 0.000000 0.000000 1.000000</matrix>
                                                                <extra>
                                                                    <technique profile="FCOLLADA">
                                                                        <visibility>1.000000</visibility>
                                                                    </technique>
                                                                </extra>
                                                                <node name="jnt_left_handthumb4" id="jnt_left_handthumb4" sid="jnt_left_handthumb4" type="JOINT">
                                                                    <matrix sid="matrix">1.000000 -0.000000 0.000000 -0.122601 0.000000 1.000000 0.000000 -0.000006 -0.000000 -0.000000 1.000000 0.000005 0.000000 0.000000 0.000000 1.000000</matrix>
                                                                    <extra>
                                                                        <technique profile="FCOLLADA">
                                                                            <visibility>1.000000</visibility>
                                                                        </technique>
                                                                    </extra>
                                                                </node>
                                                            </node>
                                                        </node>
                                                    </node>
                                                    <node name="jnt_left_handindex1" id="jnt_left_handindex1" sid="jnt_left_handindex1" type="JOINT">
                                                        <matrix sid="matrix">0.588734 0.807600 0.034271 -0.494375 -0.002254 0.044037 -0.999027 -0.203977 -0.808324 0.588084 0.027746 -0.029847 0.000000 0.000000 0.000000 1.000000</matrix>
                                                        <extra>
                                                            <technique profile="FCOLLADA">
                                                                <visibility>1.000000</visibility>
                                                            </technique>
                                                        </extra>
                                                        <node name="jnt_left_handindex2" id="jnt_left_handindex2" sid="jnt_left_handindex2" type="JOINT">
                                                            <matrix sid="matrix">0.867861 0.496806 -0.000000 -0.145432 -0.496806 0.867862 -0.000000 0.001126 0.000000 0.000001 1.000000 0.000040 0.000000 0.000000 0.000000 1.000000</matrix>
                                                            <extra>
                                                                <technique profile="FCOLLADA">
                                                                    <visibility>1.000000</visibility>
                                                                </technique>
                                                            </extra>
                                                            <node name="jnt_left_handindex3" id="jnt_left_handindex3" sid="jnt_left_handindex3" type="JOINT">
                                                                <matrix sid="matrix">0.857075 0.515192 -0.000000 -0.093752 -0.515192 0.857075 0.000001 0.000003 0.000000 -0.000001 1.000000 -0.000000 0.000000 0.000000 0.000000 1.000000</matrix>
                                                                <extra>
                                                                    <technique profile="FCOLLADA">
                                                                        <visibility>1.000000</visibility>
                                                                    </technique>
                                                                </extra>
                                                                <node name="jnt_left_handindex4" id="jnt_left_handindex4" sid="jnt_left_handindex4" type="JOINT">
                                                                    <matrix sid="matrix">1.000000 -0.000000 -0.000000 -0.107084 0.000000 1.000000 0.000000 0.000048 0.000000 -0.000000 1.000000 -0.001504 0.000000 0.000000 0.000000 1.000000</matrix>
                                                                    <extra>
                                                                        <technique profile="FCOLLADA">
                                                                            <visibility>1.000000</visibility>
                                                                        </technique>
                                                                    </extra>
                                                                </node>
                                                            </node>
                                                        </node>
                                                    </node>
                                                    <node name="jnt_left_weapon" id="jnt_left_weapon" sid="jnt_left_weapon" type="JOINT">
                                                        <matrix sid="matrix">-0.068652 -0.108938 -0.991679 -0.369354 0.108715 -0.988918 0.101110 -0.054074 -0.991705 -0.100868 0.079734 0.296616 0.000000 0.000000 0.000000 1.000000</matrix>
                                                        <extra>
                                                            <technique profile="FCOLLADA">
                                                                <visibility>1.000000</visibility>
                                                            </technique>
                                                        </extra>
                                                    </node>
                                                    <node name="jnt_left_handmiddle1" id="jnt_left_handmiddle1" sid="jnt_left_handmiddle1" type="JOINT">
                                                        <matrix sid="matrix">0.276890 0.958480 -0.068176 -0.489248 -0.019209 -0.065415 -0.997673 -0.062066 -0.960710 0.277556 0.000299 -0.036308 0.000000 0.000000 0.000000 1.000000</matrix>
                                                        <extra>
                                                            <technique profile="FCOLLADA">
                                                                <visibility>1.000000</visibility>
                                                            </technique>
                                                        </extra>
                                                        <node name="jnt_left_handmiddle2" id="jnt_left_handmiddle2" sid="jnt_left_handmiddle2" type="JOINT">
                                                            <matrix sid="matrix">0.618845 0.785513 -0.000000 -0.176688 -0.785513 0.618845 0.000000 0.000004 0.000000 0.000000 1.000000 -0.000000 0.000000 0.000000 0.000000 1.000000</matrix>
                                                            <extra>
                                                                <technique profile="FCOLLADA">
                                                                    <visibility>1.000000</visibility>
                                                                </technique>
                                                            </extra>
                                                            <node name="jnt_left_handmiddle3" id="jnt_left_handmiddle3" sid="jnt_left_handmiddle3" type="JOINT">
                                                                <matrix sid="matrix">0.875758 0.482750 0.000000 -0.108367 -0.482750 0.875758 0.000000 0.000001 -0.000000 -0.000000 1.000000 0.000000 0.000000 0.000000 0.000000 1.000000</matrix>
                                                                <extra>
                                                                    <technique profile="FCOLLADA">
                                                                        <visibility>1.000000</visibility>
                                                                    </technique>
                                                                </extra>
                                                                <node name="jnt_left_handmiddle4" id="jnt_left_handmiddle4" sid="jnt_left_handmiddle4" type="JOINT">
                                                                    <matrix sid="matrix">1.000000 0.000000 -0.000000 -0.119193 -0.000000 1.000000 0.000000 -0.000107 0.000000 -0.000000 1.000000 0.000005 0.000000 0.000000 0.000000 1.000000</matrix>
                                                                    <extra>
                                                                        <technique profile="FCOLLADA">
                                                                            <visibility>1.000000</visibility>
                                                                        </technique>
                                                                    </extra>
                                                                </node>
                                                            </node>
                                                        </node>
                                                    </node>
                                                    <node name="jnt_left_handring1" id="jnt_left_handring1" sid="jnt_left_handring1" type="JOINT">
                                                        <matrix sid="matrix">0.299274 0.927645 -0.223406 -0.469962 -0.003317 -0.233124 -0.972441 0.076797 -0.954161 0.291768 -0.066691 -0.036647 0.000000 0.000000 0.000000 1.000000</matrix>
                                                        <extra>
                                                            <technique profile="FCOLLADA">
                                                                <visibility>1.000000</visibility>
                                                            </technique>
                                                        </extra>
                                                        <node name="jnt_left_handring2" id="jnt_left_handring2" sid="jnt_left_handring2" type="JOINT">
                                                            <matrix sid="matrix">0.697854 0.716240 0.000000 -0.184233 -0.716241 0.697853 -0.000001 -0.000002 -0.000001 0.000001 1.000000 -0.000001 0.000000 0.000000 0.000000 1.000000</matrix>
                                                            <extra>
                                                                <technique profile="FCOLLADA">
                                                                    <visibility>1.000000</visibility>
                                                                </technique>
                                                            </extra>
                                                            <node name="jnt_left_handring3" id="jnt_left_handring3" sid="jnt_left_handring3" type="JOINT">
                                                                <matrix sid="matrix">0.825905 0.563809 0.000000 -0.103958 -0.563809 0.825905 0.000001 0.000003 0.000001 -0.000001 1.000000 -0.000000 0.000000 0.000000 0.000000 1.000000</matrix>
                                                                <extra>
                                                                    <technique profile="FCOLLADA">
                                                                        <visibility>1.000000</visibility>
                                                                    </technique>
                                                                </extra>
                                                                <node name="jnt_left_handring4" id="jnt_left_handring4" sid="jnt_left_handring4" type="JOINT">
                                                                    <matrix sid="matrix">1.000000 0.000000 -0.000000 -0.120246 -0.000000 1.000000 0.000000 -0.000105 0.000000 -0.000000 1.000000 0.000017 0.000000 0.000000 0.000000 1.000000</matrix>
                                                                    <extra>
                                                                        <technique profile="FCOLLADA">
                                                                            <visibility>1.000000</visibility>
                                                                        </technique>
                                                                    </extra>
                                                                </node>
                                                            </node>
                                                        </node>
                                                    </node>
                                                    <node name="jnt_left_handpinky1" id="jnt_left_handpinky1" sid="jnt_left_handpinky1" type="JOINT">
                                                        <matrix sid="matrix">-0.060145 0.984088 -0.167192 -0.407612 0.006260 -0.167120 -0.985916 0.208155 -0.998170 -0.060345 0.003891 0.012223 0.000000 0.000000 0.000000 1.000000</matrix>
                                                        <extra>
                                                            <technique profile="FCOLLADA">
                                                                <visibility>1.000000</visibility>
                                                            </technique>
                                                        </extra>
                                                        <node name="jnt_left_handpinky2" id="jnt_left_handpinky2" sid="jnt_left_handpinky2" type="JOINT">
                                                            <matrix sid="matrix">0.832048 0.554703 0.000001 -0.148503 -0.554703 0.832048 -0.000000 0.000001 -0.000001 -0.000000 1.000000 -0.000001 0.000000 0.000000 0.000000 1.000000</matrix>
                                                            <extra>
                                                                <technique profile="FCOLLADA">
                                                                    <visibility>1.000000</visibility>
                                                                </technique>
                                                            </extra>
                                                            <node name="jnt_left_handpinky3" id="jnt_left_handpinky3" sid="jnt_left_handpinky3" type="JOINT">
                                                                <matrix sid="matrix">0.956393 0.292082 -0.000000 -0.075474 -0.292082 0.956393 -0.000001 0.000002 0.000000 0.000001 1.000000 -0.000000 0.000000 0.000000 0.000000 1.000000</matrix>
                                                                <extra>
                                                                    <technique profile="FCOLLADA">
                                                                        <visibility>1.000000</visibility>
                                                                    </technique>
                                                                </extra>
                                                                <node name="jnt_left_handpinky4" id="jnt_left_handpinky4" sid="jnt_left_handpinky4" type="JOINT">
                                                                    <matrix sid="matrix">1.000000 0.000000 -0.000000 -0.101158 -0.000000 1.000000 0.000000 -0.000003 0.000000 -0.000000 1.000000 0.000000 0.000000 0.000000 0.000000 1.000000</matrix>
                                                                    <extra>
                                                                        <technique profile="FCOLLADA">
                                                                            <visibility>1.000000</visibility>
                                                                        </technique>
                                                                    </extra>
                                                                </node>
                                                            </node>
                                                        </node>
                                                    </node>
                                                </node>
                                            </node>
                                        </node>
                                    </node>
                                </node>
                                <node name="jnt_right_armroot" id="jnt_right_armroot" sid="jnt_right_armroot" type="JOINT">
                                    <matrix sid="matrix">1.000000 -0.000004 -0.000000 -0.000000 0.000004 1.000000 0.000000 -0.000000 0.000000 -0.000000 1.000000 0.000000 0.000000 0.000000 0.000000 1.000000</matrix>
                                    <extra>
                                        <technique profile="FCOLLADA">
                                            <visibility>1.000000</visibility>
                                        </technique>
                                    </extra>
                                    <node name="jnt_right_shoulder" id="jnt_right_shoulder" sid="jnt_right_shoulder" type="JOINT">
                                        <matrix sid="matrix">0.019288 -0.092831 0.995495 0.635987 -0.352003 0.931301 0.093665 0.114390 -0.935800 -0.352224 -0.014713 -0.266187 0.000000 0.000000 0.000000 1.000000</matrix>
                                        <extra>
                                            <technique profile="FCOLLADA">
                                                <visibility>1.000000</visibility>
                                            </technique>
                                        </extra>
                                        <node name="jnt_right_arm" id="jnt_right_arm" sid="jnt_right_arm" type="JOINT">
                                            <matrix sid="matrix">0.125842 -0.986568 0.104156 0.529638 0.584237 0.158553 0.795945 0.096185 -0.801767 -0.039311 0.596342 -0.104480 0.000000 0.000000 0.000000 1.000000</matrix>
                                            <extra>
                                                <technique profile="FCOLLADA">
                                                    <visibility>1.000000</visibility>
                                                </technique>
                                            </extra>
                                            <node name="jnt_right_armroll" id="jnt_right_armroll" sid="jnt_right_armroll" type="JOINT">
                                                <matrix sid="matrix">1.000000 0.000000 -0.000006 0.421996 -0.000000 1.000000 0.000000 -0.000002 0.000006 -0.000000 1.000000 0.000007 0.000000 0.000000 0.000000 1.000000</matrix>
                                                <extra>
                                                    <technique profile="FCOLLADA">
                                                        <visibility>1.000000</visibility>
                                                    </technique>
                                                </extra>
                                            </node>
                                            <node name="jnt_right_forearm" id="jnt_right_forearm" sid="jnt_right_forearm" type="JOINT">
                                                <matrix sid="matrix">0.219966 -0.975393 -0.014934 0.843981 0.975448 0.219759 0.014374 -0.000002 -0.010738 -0.017730 0.999785 0.000003 0.000000 0.000000 0.000000 1.000000</matrix>
                                                <extra>
                                                    <technique profile="FCOLLADA">
                                                        <visibility>1.000000</visibility>
                                                    </technique>
                                                </extra>
                                                <node name="jnt_right_forearmroll" id="jnt_right_forearmroll" sid="jnt_right_forearmroll" type="JOINT">
                                                    <matrix sid="matrix">1.000000 0.000001 0.000000 0.487001 -0.000001 1.000000 -0.000000 -0.000000 -0.000000 0.000000 1.000000 0.000004 0.000000 0.000000 0.000000 1.000000</matrix>
                                                    <extra>
                                                        <technique profile="FCOLLADA">
                                                            <visibility>1.000000</visibility>
                                                        </technique>
                                                    </extra>
                                                </node>
                                                <node name="jnt_right_hand" id="jnt_right_hand" sid="jnt_right_hand" type="JOINT">
                                                    <matrix sid="matrix">0.886858 -0.383155 -0.258216 0.975261 0.261707 0.877129 -0.402684 -0.000000 0.380779 0.289547 0.878163 0.000003 0.000000 0.000000 0.000000 1.000000</matrix>
                                                    <extra>
                                                        <technique profile="FCOLLADA">
                                                            <visibility>1.000000</visibility>
                                                        </technique>
                                                    </extra>
                                                    <node name="jnt_right_handthumb1" id="jnt_right_handthumb1" sid="jnt_right_handthumb1" type="JOINT">
                                                        <matrix sid="matrix">0.774279 -0.393889 0.495322 0.060227 0.116771 0.858174 0.499902 0.203940 -0.621978 -0.329224 0.710461 -0.155682 0.000000 0.000000 0.000000 1.000000</matrix>
                                                        <extra>
                                                            <technique profile="FCOLLADA">
                                                                <visibility>1.000000</visibility>
                                                            </technique>
                                                        </extra>
                                                        <node name="jnt_right_handthumb2" id="jnt_right_handthumb2" sid="jnt_right_handthumb2" type="JOINT">
                                                            <matrix sid="matrix">0.959263 0.282514 -0.000001 0.213224 -0.282514 0.959263 -0.000004 -0.000000 -0.000000 0.000004 1.000000 0.000000 0.000000 0.000000 0.000000 1.000000</matrix>
                                                            <extra>
                                                                <technique profile="FCOLLADA">
                                                                    <visibility>1.000000</visibility>
                                                                </technique>
                                                            </extra>
                                                            <node name="jnt_right_handthumb3" id="jnt_right_handthumb3" sid="jnt_right_handthumb3" type="JOINT">
                                                                <matrix sid="matrix">0.975492 0.220037 0.000001 0.141882 -0.220037 0.975492 0.000006 -0.000000 0.000000 -0.000006 1.000000 0.000023 0.000000 0.000000 0.000000 1.000000</matrix>
                                                                <extra>
                                                                    <technique profile="FCOLLADA">
                                                                        <visibility>1.000000</visibility>
                                                                    </technique>
                                                                </extra>
                                                                <node name="jnt_right_handthumb4" id="jnt_right_handthumb4" sid="jnt_right_handthumb4" type="JOINT">
                                                                    <matrix sid="matrix">1.000000 0.000000 0.000000 0.122606 -0.000000 1.000000 0.000000 0.000000 -0.000000 -0.000000 1.000000 0.000000 0.000000 0.000000 0.000000 1.000000</matrix>
                                                                    <extra>
                                                                        <technique profile="FCOLLADA">
                                                                            <visibility>1.000000</visibility>
                                                                        </technique>
                                                                    </extra>
                                                                </node>
                                                            </node>
                                                        </node>
                                                    </node>
                                                    <node name="jnt_right_handindex1" id="jnt_right_handindex1" sid="jnt_right_handindex1" type="JOINT">
                                                        <matrix sid="matrix">0.947292 0.318533 0.034271 0.494372 0.023622 0.037233 -0.999027 0.203977 -0.319499 0.947180 0.027746 0.029845 0.000000 0.000000 0.000000 1.000000</matrix>
                                                        <extra>
                                                            <technique profile="FCOLLADA">
                                                                <visibility>1.000000</visibility>
                                                            </technique>
                                                        </extra>
                                                        <node name="jnt_right_handindex2" id="jnt_right_handindex2" sid="jnt_right_handindex2" type="JOINT">
                                                            <matrix sid="matrix">0.956203 0.292705 -0.000000 0.145440 -0.292705 0.956203 -0.000001 -0.001121 -0.000000 0.000001 1.000000 -0.000039 0.000000 0.000000 0.000000 1.000000</matrix>
                                                            <extra>
                                                                <technique profile="FCOLLADA">
                                                                    <visibility>1.000000</visibility>
                                                                </technique>
                                                            </extra>
                                                            <node name="jnt_right_handindex3" id="jnt_right_handindex3" sid="jnt_right_handindex3" type="JOINT">
                                                                <matrix sid="matrix">0.992091 0.125520 -0.000000 0.093746 -0.125520 0.992091 0.000000 0.000001 0.000000 -0.000000 1.000000 0.000000 0.000000 0.000000 0.000000 1.000000</matrix>
                                                                <extra>
                                                                    <technique profile="FCOLLADA">
                                                                        <visibility>1.000000</visibility>
                                                                    </technique>
                                                                </extra>
                                                                <node name="jnt_right_handindex4" id="jnt_right_handindex4" sid="jnt_right_handindex4" type="JOINT">
                                                                    <matrix sid="matrix">1.000000 0.000000 -0.000000 0.107088 -0.000000 1.000000 -0.000000 -0.000052 0.000000 0.000000 1.000000 0.001503 0.000000 0.000000 0.000000 1.000000</matrix>
                                                                    <extra>
                                                                        <technique profile="FCOLLADA">
                                                                            <visibility>1.000000</visibility>
                                                                        </technique>
                                                                    </extra>
                                                                </node>
                                                            </node>
                                                        </node>
                                                    </node>
                                                    <node name="jnt_right_weapon" id="jnt_right_weapon" sid="jnt_right_weapon" type="JOINT">
                                                        <matrix sid="matrix">-0.068672 0.108968 0.991670 0.369354 0.108723 0.988914 -0.101136 0.054074 -0.991697 0.100872 -0.079758 -0.296619 0.000000 0.000000 0.000000 1.000000</matrix>
                                                        <extra>
                                                            <technique profile="FCOLLADA">
                                                                <visibility>1.000000</visibility>
                                                            </technique>
                                                        </extra>
                                                    </node>
                                                    <node name="jnt_right_handmiddle1" id="jnt_right_handmiddle1" sid="jnt_right_handmiddle1" type="JOINT">
                                                        <matrix sid="matrix">0.567422 0.820600 -0.068176 0.489245 -0.039021 -0.055905 -0.997673 0.062066 -0.822502 0.568762 0.000299 0.036303 0.000000 0.000000 0.000000 1.000000</matrix>
                                                        <extra>
                                                            <technique profile="FCOLLADA">
                                                                <visibility>1.000000</visibility>
                                                            </technique>
                                                        </extra>
                                                        <node name="jnt_right_handmiddle2" id="jnt_right_handmiddle2" sid="jnt_right_handmiddle2" type="JOINT">
                                                            <matrix sid="matrix">0.940502 0.339787 -0.000000 0.176685 -0.339787 0.940502 -0.000000 0.000000 0.000000 0.000000 1.000000 -0.000000 0.000000 0.000000 0.000000 1.000000</matrix>
                                                            <extra>
                                                                <technique profile="FCOLLADA">
                                                                    <visibility>1.000000</visibility>
                                                                </technique>
                                                            </extra>
                                                            <node name="jnt_right_handmiddle3" id="jnt_right_handmiddle3" sid="jnt_right_handmiddle3" type="JOINT">
                                                                <matrix sid="matrix">0.992141 0.125129 -0.000000 0.108374 -0.125129 0.992141 0.000000 -0.000000 0.000000 -0.000000 1.000000 -0.000000 0.000000 0.000000 0.000000 1.000000</matrix>
                                                                <extra>
                                                                    <technique profile="FCOLLADA">
                                                                        <visibility>1.000000</visibility>
                                                                    </technique>
                                                                </extra>
                                                                <node name="jnt_right_handmiddle4" id="jnt_right_handmiddle4" sid="jnt_right_handmiddle4" type="JOINT">
                                                                    <matrix sid="matrix">1.000000 0.000000 -0.000000 0.119191 -0.000000 1.000000 -0.000000 0.000105 0.000000 0.000000 1.000000 -0.000005 0.000000 0.000000 0.000000 1.000000</matrix>
                                                                    <extra>
                                                                        <technique profile="FCOLLADA">
                                                                            <visibility>1.000000</visibility>
                                                                        </technique>
                                                                    </extra>
                                                                </node>
                                                            </node>
                                                        </node>
                                                    </node>
                                                    <node name="jnt_right_handring1" id="jnt_right_handring1" sid="jnt_right_handring1" type="JOINT">
                                                        <matrix sid="matrix">0.439183 0.870177 -0.223407 0.469962 -0.039341 -0.229806 -0.972441 -0.076798 -0.897536 0.435869 -0.066693 0.036646 0.000000 0.000000 0.000000 1.000000</matrix>
                                                        <extra>
                                                            <technique profile="FCOLLADA">
                                                                <visibility>1.000000</visibility>
                                                            </technique>
                                                        </extra>
                                                        <node name="jnt_right_handring2" id="jnt_right_handring2" sid="jnt_right_handring2" type="JOINT">
                                                            <matrix sid="matrix">0.935170 0.354198 -0.000001 0.184241 -0.354198 0.935170 -0.000000 0.000000 0.000001 0.000000 1.000000 -0.000000 0.000000 0.000000 0.000000 1.000000</matrix>
                                                            <extra>
                                                                <technique profile="FCOLLADA">
                                                                    <visibility>1.000000</visibility>
                                                                </technique>
                                                            </extra>
                                                            <node name="jnt_right_handring3" id="jnt_right_handring3" sid="jnt_right_handring3" type="JOINT">
                                                                <matrix sid="matrix">0.992311 0.123771 0.000000 0.103951 -0.123771 0.992311 0.000001 0.000001 0.000000 -0.000001 1.000000 -0.000000 0.000000 0.000000 0.000000 1.000000</matrix>
                                                                <extra>
                                                                    <technique profile="FCOLLADA">
                                                                        <visibility>1.000000</visibility>
                                                                    </technique>
                                                                </extra>
                                                                <node name="jnt_right_handring4" id="jnt_right_handring4" sid="jnt_right_handring4" type="JOINT">
                                                                    <matrix sid="matrix">1.000000 0.000000 0.000000 0.120247 -0.000000 1.000000 0.000000 0.000103 -0.000000 -0.000000 1.000000 -0.000016 0.000000 0.000000 0.000000 1.000000</matrix>
                                                                    <extra>
                                                                        <technique profile="FCOLLADA">
                                                                            <visibility>1.000000</visibility>
                                                                        </technique>
                                                                    </extra>
                                                                </node>
                                                            </node>
                                                        </node>
                                                    </node>
                                                    <node name="jnt_right_handpinky1" id="jnt_right_handpinky1" sid="jnt_right_handpinky1" type="JOINT">
                                                        <matrix sid="matrix">0.619346 0.766768 -0.168750 0.407608 -0.087886 -0.145876 -0.985391 -0.208155 -0.780184 0.625129 -0.022960 -0.012229 0.000000 0.000000 0.000000 1.000000</matrix>
                                                        <extra>
                                                            <technique profile="FCOLLADA">
                                                                <visibility>1.000000</visibility>
                                                            </technique>
                                                        </extra>
                                                        <node name="jnt_right_handpinky2" id="jnt_right_handpinky2" sid="jnt_right_handpinky2" type="JOINT">
                                                            <matrix sid="matrix">0.937785 0.347217 -0.000000 0.148507 -0.347217 0.937785 -0.000001 0.000001 0.000000 0.000001 1.000000 0.000000 0.000000 0.000000 0.000000 1.000000</matrix>
                                                            <extra>
                                                                <technique profile="FCOLLADA">
                                                                    <visibility>1.000000</visibility>
                                                                </technique>
                                                            </extra>
                                                            <node name="jnt_right_handpinky3" id="jnt_right_handpinky3" sid="jnt_right_handpinky3" type="JOINT">
                                                                <matrix sid="matrix">0.994339 0.106248 -0.000000 0.075471 -0.106248 0.994340 0.000002 -0.000001 0.000000 -0.000002 1.000000 0.000001 0.000000 0.000000 0.000000 1.000000</matrix>
                                                                <extra>
                                                                    <technique profile="FCOLLADA">
                                                                        <visibility>1.000000</visibility>
                                                                    </technique>
                                                                </extra>
                                                                <node name="jnt_right_handpinky4" id="jnt_right_handpinky4" sid="jnt_right_handpinky4" type="JOINT">
                                                                    <matrix sid="matrix">1.000000 0.000000 0.000000 0.101152 -0.000000 1.000000 0.000000 0.000000 -0.000000 -0.000000 1.000000 -0.000000 0.000000 0.000000 0.000000 1.000000</matrix>
                                                                    <extra>
                                                                        <technique profile="FCOLLADA">
                                                                            <visibility>1.000000</visibility>
                                                                        </technique>
                                                                    </extra>
                                                                </node>
                                                            </node>
                                                        </node>
                                                    </node>
                                                </node>
                                            </node>
                                        </node>
                                    </node>
                                </node>
                                <node name="jnt_backpack" id="jnt_backpack" sid="jnt_backpack" type="JOINT">
                                    <matrix sid="matrix">0.000000 0.995068 -0.099191 0.682545 0.000000 0.099191 0.995068 -0.705658 1.000000 -0.000000 0.000000 -0.000000 0.000000 0.000000 0.000000 1.000000</matrix>
                                    <extra>
                                        <technique profile="FCOLLADA">
                                            <visibility>1.000000</visibility>
                                        </technique>
                                    </extra>
                                </node>
                            </node>
                        </node>
                    </node>
                    <node name="jnt_camera" id="jnt_camera" sid="jnt_camera" type="JOINT">
                        <matrix sid="matrix">0.987715 -0.153887 0.027150 0.000000 0.153770 0.926257 -0.344096 1.193611 0.027804 0.344044 0.938542 0.007402 0.000000 0.000000 0.000000 1.000000</matrix>
                        <extra>
                            <technique profile="FCOLLADA">
                                <visibility>1.000000</visibility>
                            </technique>
                        </extra>
                    </node>
                </node>
                <node name="jnt_right_upleg" id="jnt_right_upleg" sid="jnt_right_upleg" type="JOINT">
                    <matrix sid="matrix">-0.175337 -0.001756 -0.984507 -0.446779 -0.984438 -0.011647 0.175345 -0.111214 -0.011775 0.999931 0.000313 0.043020 0.000000 0.000000 0.000000 1.000000</matrix>
                    <extra>
                        <technique profile="FCOLLADA">
                            <visibility>1.000000</visibility>
                        </technique>
                    </extra>
                    <node name="jnt_right_uplegroll" id="jnt_right_uplegroll" sid="jnt_right_uplegroll" type="JOINT">
                        <matrix sid="matrix">1.000000 -0.000000 0.000000 0.430000 0.000000 1.000000 0.000000 0.000000 -0.000000 -0.000000 1.000000 -0.000000 0.000000 0.000000 0.000000 1.000000</matrix>
                        <extra>
                            <technique profile="FCOLLADA">
                                <visibility>1.000000</visibility>
                            </technique>
                        </extra>
                    </node>
                    <node name="jnt_right_leg" id="jnt_right_leg" sid="jnt_right_leg" type="JOINT">
                        <matrix sid="matrix">0.984636 0.174618 -0.000000 0.860324 -0.174618 0.984636 -0.000001 0.000000 -0.000000 0.000001 1.000000 0.000000 0.000000 0.000000 0.000000 1.000000</matrix>
                        <extra>
                            <technique profile="FCOLLADA">
                                <visibility>1.000000</visibility>
                            </technique>
                        </extra>
                        <node name="jnt_right_legroll" id="jnt_right_legroll" sid="jnt_right_legroll" type="JOINT">
                            <matrix sid="matrix">1.000000 0.000000 0.000000 0.384000 -0.000000 1.000000 0.000000 -0.000000 -0.000000 -0.000000 1.000000 -0.000000 0.000000 0.000000 0.000000 1.000000</matrix>
                            <extra>
                                <technique profile="FCOLLADA">
                                    <visibility>1.000000</visibility>
                                </technique>
                            </extra>
                        </node>
                        <node name="jnt_right_foot" id="jnt_right_foot" sid="jnt_right_foot" type="JOINT">
                            <matrix sid="matrix">0.322357 -0.926717 0.193087 0.768144 0.946459 0.311782 -0.083714 -0.000001 0.017378 0.209735 0.977604 -0.000000 0.000000 0.000000 0.000000 1.000000</matrix>
                            <extra>
                                <technique profile="FCOLLADA">
                                    <visibility>1.000000</visibility>
                                </technique>
                            </extra>
                            <node name="jnt_right_toebase" id="jnt_right_toebase" sid="jnt_right_toebase" type="JOINT">
                                <matrix sid="matrix">0.918936 -0.394407 -0.000000 0.441847 0.394407 0.918936 0.000000 -0.000000 0.000000 -0.000000 1.000000 0.000000 0.000000 0.000000 0.000000 1.000000</matrix>
                                <extra>
                                    <technique profile="FCOLLADA">
                                        <visibility>1.000000</visibility>
                                    </technique>
                                </extra>
                                <node name="jnt_right_toeend" id="jnt_right_toeend" sid="jnt_right_toeend" type="JOINT">
                                    <matrix sid="matrix">1.000000 -0.000001 -0.000000 0.379397 0.000001 1.000000 -0.000000 0.000000 0.000000 0.000000 1.000000 0.000000 0.000000 0.000000 0.000000 1.000000</matrix>
                                    <extra>
                                        <technique profile="FCOLLADA">
                                            <visibility>1.000000</visibility>
                                        </technique>
                                    </extra>
                                </node>
                            </node>
                        </node>
                    </node>
                </node>
                <node name="jnt_left_upleg" id="jnt_left_upleg" sid="jnt_left_upleg" type="JOINT">
                    <matrix sid="matrix">0.175337 0.001757 -0.984507 0.446779 -0.984438 -0.011648 -0.175345 -0.111213 -0.011776 0.999931 -0.000313 0.043020 0.000000 0.000000 0.000000 1.000000</matrix>
                    <extra>
                        <technique profile="FCOLLADA">
                            <visibility>1.000000</visibility>
                        </technique>
                    </extra>
                    <node name="jnt_left_uplegroll" id="jnt_left_uplegroll" sid="jnt_left_uplegroll" type="JOINT">
                        <matrix sid="matrix">1.000000 -0.000000 -0.000000 0.430000 0.000000 1.000000 -0.000000 -0.000000 0.000000 0.000000 1.000000 0.000000 0.000000 0.000000 0.000000 1.000000</matrix>
                        <extra>
                            <technique profile="FCOLLADA">
                                <visibility>1.000000</visibility>
                            </technique>
                        </extra>
                    </node>
                    <node name="jnt_left_leg" id="jnt_left_leg" sid="jnt_left_leg" type="JOINT">
                        <matrix sid="matrix">0.984637 0.174615 -0.000000 0.860328 -0.174615 0.984637 0.000000 -0.000000 0.000000 -0.000000 1.000000 0.000001 0.000000 0.000000 0.000000 1.000000</matrix>
                        <extra>
                            <technique profile="FCOLLADA">
                                <visibility>1.000000</visibility>
                            </technique>
                        </extra>
                        <node name="jnt_left_legroll" id="jnt_left_legroll" sid="jnt_left_legroll" type="JOINT">
                            <matrix sid="matrix">1.000000 0.000000 -0.000000 0.384000 -0.000000 1.000000 -0.000000 0.000000 0.000000 0.000000 1.000000 0.000000 0.000000 0.000000 0.000000 1.000000</matrix>
                            <extra>
                                <technique profile="FCOLLADA">
                                    <visibility>1.000000</visibility>
                                </technique>
                            </extra>
                        </node>
                        <node name="jnt_left_foot" id="jnt_left_foot" sid="jnt_left_foot" type="JOINT">
                            <matrix sid="matrix">0.322359 -0.926716 -0.193087 0.768142 0.946458 0.311784 0.083715 0.000000 -0.017378 -0.209735 0.977604 -0.000001 0.000000 0.000000 0.000000 1.000000</matrix>
                            <extra>
                                <technique profile="FCOLLADA">
                                    <visibility>1.000000</visibility>
                                </technique>
                            </extra>
                            <node name="jnt_left_toebase" id="jnt_left_toebase" sid="jnt_left_toebase" type="JOINT">
                                <matrix sid="matrix">0.918936 -0.394408 0.000000 0.441847 0.394407 0.918936 -0.000000 0.000000 0.000000 0.000000 1.000000 -0.000000 0.000000 0.000000 0.000000 1.000000</matrix>
                                <extra>
                                    <technique profile="FCOLLADA">
                                        <visibility>1.000000</visibility>
                                    </technique>
                                </extra>
                                <node name="jnt_left_toeend" id="jnt_left_toeend" sid="jnt_left_toeend" type="JOINT">
                                    <matrix sid="matrix">1.000000 -0.000001 -0.000000 0.379397 0.000001 1.000000 -0.000000 -0.000000 0.000000 0.000000 1.000000 -0.000000 0.000000 0.000000 0.000000 1.000000</matrix>
                                    <extra>
                                        <technique profile="FCOLLADA">
                                            <visibility>1.000000</visibility>
                                        </technique>
                                    </extra>
                                </node>
                            </node>
                        </node>
                    </node>
                </node>
            </node>
        </node>
    <extra>
        <technique profile="MAX3D">
            <frame_rate>30.000000</frame_rate>
        </technique>
        <technique profile="FCOLLADA">
            <start_time>0.000000</start_time>
            <end_time>1.000000</end_time>
        </technique>
    </extra>
</visual_scene>
  </library_visual_scenes>
  <scene>
    <instance_visual_scene url="#Scene"></instance_visual_scene>
  </scene>
</COLLADA>
