<?xml version="1.0" encoding="utf-8"?>
<COLLADA xmlns="http://www.collada.org/2005/11/COLLADASchema" version="1.4.1">
  <asset><contributor><author></author><authoring_tool>FBX COLLADA exporter</authoring_tool><comments></comments></contributor><created>2025-11-23T19:37:14Z</created><keywords></keywords><modified>2025-11-23T19:37:14Z</modified><revision></revision><subject></subject><title></title><unit meter="0.010000" name="centimeter"></unit><up_axis>Y_UP</up_axis></asset>
  <library_animations>
    <animation id="Armature.004-anim" name="Armature.004"><animation><source id="Armature.004-Matrix-animation-input"><float_array id="Armature.004-Matrix-animation-input-array" count="8">

0.033333 0.066667 0.100000 0.133333 0.166667 0.200000 0.233333 0.266667</float_array><technique_common><accessor source="#Armature.004-Matrix-animation-input-array" count="8"><param name="TIME" type="float"/></accessor></technique_common></source><source id="Armature.004-Matrix-animation-output-transform"><float_array id="Armature.004-Matrix-animation-output-transform-array" count="128">

1.000000 0.000000 0.000000 0.000000 0.000000 1.000000 -0.000000 0.000000 0.000000 0.000000 1.000000 0.000000 0.000000 0.000000 0.000000 1.000000
1.000000 0.000000 0.000000 0.000000 0.000000 1.000000 -0.000000 0.000000 0.000000 0.000000 1.000000 0.000000 0.000000 0.000000 0.000000 1.000000
1.000000 0.000000 0.000000 0.000000 0.000000 1.000000 -0.000000 0.000000 0.000000 0.000000 1.000000 0.000000 0.000000 0.000000 0.000000 1.000000
1.000000 0.000000 0.000000 0.000000 0.000000 1.000000 -0.000000 0.000000 0.000000 0.000000 1.000000 0.000000 0.000000 0.000000 0.000000 1.000000
1.000000 0.000000 0.000000 0.000000 0.000000 1.000000 -0.000000 0.000000 0.000000 0.000000 1.000000 0.000000 0.000000 0.000000 0.000000 1.000000
1.000000 0.000000 0.000000 0.000000 0.000000 1.000000 -0.000000 0.000000 0.000000 0.000000 1.000000 0.000000 0.000000 0.000000 0.000000 1.000000
1.000000 0.000000 0.000000 0.000000 0.000000 1.000000 -0.000000 0.000000 0.000000 0.000000 1.000000 0.000000 0.000000 0.000000 0.000000 1.000000
1.000000 0.000000 0.000000 0.000000 0.000000 1.000000 -0.000000 0.000000 0.000000 0.000000 1.000000 0.000000 0.000000 0.000000 0.000000 1.000000</float_array><technique_common><accessor source="#Armature.004-Matrix-animation-output-transform-array" count="8" stride="16"><param type="float4x4"/></accessor></technique_common></source><source id="Armature.004-Interpolations"><Name_array id="Armature.004-Interpolations-array" count="8">
 LINEAR LINEAR LINEAR LINEAR LINEAR LINEAR LINEAR LINEAR</Name_array><technique_common><accessor source="#Armature.004-Interpolations-array" count="8"><param type="name"/></accessor></technique_common></source><sampler id="Armature.004-Matrix-animation-transform"><input semantic="INPUT" source="#Armature.004-Matrix-animation-input"/><input semantic="OUTPUT" source="#Armature.004-Matrix-animation-output-transform"/><input semantic="INTERPOLATION" source="#Armature.004-Interpolations"/></sampler><channel source="#Armature.004-Matrix-animation-transform" target="Armature.004/matrix"/></animation></animation>
    <animation id="HIK_root_jnt-anim" name="HIK_root_jnt"><animation><source id="HIK_root_jnt-Matrix-animation-input"><float_array id="HIK_root_jnt-Matrix-animation-input-array" count="8">

0.033333 0.066667 0.100000 0.133333 0.166667 0.200000 0.233333 0.266667</float_array><technique_common><accessor source="#HIK_root_jnt-Matrix-animation-input-array" count="8"><param name="TIME" type="float"/></accessor></technique_common></source><source id="HIK_root_jnt-Matrix-animation-output-transform"><float_array id="HIK_root_jnt-Matrix-animation-output-transform-array" count="128">

1.000000 0.000000 0.000000 0.000000 0.000000 1.000000 -0.000000 0.000000 0.000000 0.000000 1.000000 0.000000 0.000000 0.000000 0.000000 1.000000
1.000000 0.000000 0.000000 0.000000 0.000000 1.000000 -0.000000 0.000000 0.000000 0.000000 1.000000 0.000000 0.000000 0.000000 0.000000 1.000000
1.000000 0.000000 0.000000 0.000000 0.000000 1.000000 -0.000000 0.000000 0.000000 0.000000 1.000000 0.000000 0.000000 0.000000 0.000000 1.000000
1.000000 0.000000 0.000000 0.000000 0.000000 1.000000 -0.000000 0.000000 0.000000 0.000000 1.000000 0.000000 0.000000 0.000000 0.000000 1.000000
1.000000 0.000000 0.000000 0.000000 0.000000 1.000000 -0.000000 0.000000 0.000000 0.000000 1.000000 0.000000 0.000000 0.000000 0.000000 1.000000
1.000000 0.000000 0.000000 0.000000 0.000000 1.000000 -0.000000 0.000000 0.000000 0.000000 1.000000 0.000000 0.000000 0.000000 0.000000 1.000000
1.000000 0.000000 0.000000 0.000000 0.000000 1.000000 -0.000000 0.000000 0.000000 0.000000 1.000000 0.000000 0.000000 0.000000 0.000000 1.000000
1.000000 0.000000 0.000000 0.000000 0.000000 1.000000 -0.000000 0.000000 0.000000 0.000000 1.000000 0.000000 0.000000 0.000000 0.000000 1.000000</float_array><technique_common><accessor source="#HIK_root_jnt-Matrix-animation-output-transform-array" count="8" stride="16"><param type="float4x4"/></accessor></technique_common></source><source id="HIK_root_jnt-Interpolations"><Name_array id="HIK_root_jnt-Interpolations-array" count="8">
 LINEAR LINEAR LINEAR LINEAR LINEAR LINEAR LINEAR LINEAR</Name_array><technique_common><accessor source="#HIK_root_jnt-Interpolations-array" count="8"><param type="name"/></accessor></technique_common></source><sampler id="HIK_root_jnt-Matrix-animation-transform"><input semantic="INPUT" source="#HIK_root_jnt-Matrix-animation-input"/><input semantic="OUTPUT" source="#HIK_root_jnt-Matrix-animation-output-transform"/><input semantic="INTERPOLATION" source="#HIK_root_jnt-Interpolations"/></sampler><channel source="#HIK_root_jnt-Matrix-animation-transform" target="HIK_root_jnt/matrix"/></animation></animation>
    <animation id="root_jnt-anim" name="root_jnt"><animation><source id="root_jnt-Matrix-animation-input"><float_array id="root_jnt-Matrix-animation-input-array" count="8">

0.033333 0.066667 0.100000 0.133333 0.166667 0.200000 0.233333 0.266667</float_array><technique_common><accessor source="#root_jnt-Matrix-animation-input-array" count="8"><param name="TIME" type="float"/></accessor></technique_common></source><source id="root_jnt-Matrix-animation-output-transform"><float_array id="root_jnt-Matrix-animation-output-transform-array" count="128">

1.000000 0.000000 0.000000 0.000000 0.000000 1.000000 -0.000000 0.000000 0.000000 0.000000 1.000000 0.000000 0.000000 0.000000 0.000000 1.000000
1.000000 0.000000 0.000000 0.000000 0.000000 1.000000 -0.000000 0.000000 0.000000 0.000000 1.000000 0.000000 0.000000 0.000000 0.000000 1.000000
1.000000 0.000000 0.000000 0.000000 0.000000 1.000000 -0.000000 0.000000 0.000000 0.000000 1.000000 0.000000 0.000000 0.000000 0.000000 1.000000
1.000000 0.000000 0.000000 0.000000 0.000000 1.000000 -0.000000 0.000000 0.000000 0.000000 1.000000 0.000000 0.000000 0.000000 0.000000 1.000000
1.000000 0.000000 0.000000 0.000000 0.000000 1.000000 -0.000000 0.000000 0.000000 0.000000 1.000000 0.000000 0.000000 0.000000 0.000000 1.000000
1.000000 0.000000 0.000000 0.000000 0.000000 1.000000 -0.000000 0.000000 0.000000 0.000000 1.000000 0.000000 0.000000 0.000000 0.000000 1.000000
1.000000 0.000000 0.000000 0.000000 0.000000 1.000000 -0.000000 0.000000 0.000000 0.000000 1.000000 0.000000 0.000000 0.000000 0.000000 1.000000
1.000000 0.000000 0.000000 0.000000 0.000000 1.000000 -0.000000 0.000000 0.000000 0.000000 1.000000 0.000000 0.000000 0.000000 0.000000 1.000000</float_array><technique_common><accessor source="#root_jnt-Matrix-animation-output-transform-array" count="8" stride="16"><param type="float4x4"/></accessor></technique_common></source><source id="root_jnt-Interpolations"><Name_array id="root_jnt-Interpolations-array" count="8">
 LINEAR LINEAR LINEAR LINEAR LINEAR LINEAR LINEAR LINEAR</Name_array><technique_common><accessor source="#root_jnt-Interpolations-array" count="8"><param type="name"/></accessor></technique_common></source><sampler id="root_jnt-Matrix-animation-transform"><input semantic="INPUT" source="#root_jnt-Matrix-animation-input"/><input semantic="OUTPUT" source="#root_jnt-Matrix-animation-output-transform"/><input semantic="INTERPOLATION" source="#root_jnt-Interpolations"/></sampler><channel source="#root_jnt-Matrix-animation-transform" target="root_jnt/matrix"/></animation></animation>
    <animation id="jnt_hips-anim" name="jnt_hips"><animation><source id="jnt_hips-Matrix-animation-input"><float_array id="jnt_hips-Matrix-animation-input-array" count="8">

0.033333 0.066667 0.100000 0.133333 0.166667 0.200000 0.233333 0.266667</float_array><technique_common><accessor source="#jnt_hips-Matrix-animation-input-array" count="8"><param name="TIME" type="float"/></accessor></technique_common></source><source id="jnt_hips-Matrix-animation-output-transform"><float_array id="jnt_hips-Matrix-animation-output-transform-array" count="128">

1.000000 0.000000 0.000000 0.000000 0.000000 1.000000 0.000000 2.061423 0.000000 -0.000000 1.000000 -0.094053 0.000000 0.000000 0.000000 1.000000
1.000000 0.000000 0.000000 0.000000 0.000000 1.000000 0.000000 2.061423 0.000000 -0.000000 1.000000 -0.094053 0.000000 0.000000 0.000000 1.000000
1.000000 0.000000 0.000000 0.000000 0.000000 1.000000 0.000000 2.061423 0.000000 -0.000000 1.000000 -0.094053 0.000000 0.000000 0.000000 1.000000
1.000000 0.000000 0.000000 0.000000 0.000000 1.000000 0.000000 2.061423 0.000000 -0.000000 1.000000 -0.094053 0.000000 0.000000 0.000000 1.000000
1.000000 0.000000 0.000000 0.000000 0.000000 1.000000 0.000000 2.061423 0.000000 -0.000000 1.000000 -0.094053 0.000000 0.000000 0.000000 1.000000
1.000000 0.000000 0.000000 0.000000 0.000000 1.000000 0.000000 2.061423 0.000000 -0.000000 1.000000 -0.094053 0.000000 0.000000 0.000000 1.000000
1.000000 0.000000 0.000000 0.000000 0.000000 1.000000 0.000000 2.061423 0.000000 -0.000000 1.000000 -0.094053 0.000000 0.000000 0.000000 1.000000
1.000000 0.000000 0.000000 0.000000 0.000000 1.000000 0.000000 2.061423 0.000000 -0.000000 1.000000 -0.094053 0.000000 0.000000 0.000000 1.000000</float_array><technique_common><accessor source="#jnt_hips-Matrix-animation-output-transform-array" count="8" stride="16"><param type="float4x4"/></accessor></technique_common></source><source id="jnt_hips-Interpolations"><Name_array id="jnt_hips-Interpolations-array" count="8">
 LINEAR LINEAR LINEAR LINEAR LINEAR LINEAR LINEAR LINEAR</Name_array><technique_common><accessor source="#jnt_hips-Interpolations-array" count="8"><param type="name"/></accessor></technique_common></source><sampler id="jnt_hips-Matrix-animation-transform"><input semantic="INPUT" source="#jnt_hips-Matrix-animation-input"/><input semantic="OUTPUT" source="#jnt_hips-Matrix-animation-output-transform"/><input semantic="INTERPOLATION" source="#jnt_hips-Interpolations"/></sampler><channel source="#jnt_hips-Matrix-animation-transform" target="jnt_hips/matrix"/></animation></animation>
    <animation id="jnt_height-anim" name="jnt_height"><animation><source id="jnt_height-Matrix-animation-input"><float_array id="jnt_height-Matrix-animation-input-array" count="8">

0.033333 0.066667 0.100000 0.133333 0.166667 0.200000 0.233333 0.266667</float_array><technique_common><accessor source="#jnt_height-Matrix-animation-input-array" count="8"><param name="TIME" type="float"/></accessor></technique_common></source><source id="jnt_height-Matrix-animation-output-transform"><float_array id="jnt_height-Matrix-animation-output-transform-array" count="128">

0.987715 0.153770 0.027804 0.000000 -0.153887 0.926257 0.344044 0.000000 0.027150 -0.344096 0.938542 -0.864928 0.000000 0.000000 0.000000 1.000000
0.987715 0.153770 0.027804 0.000000 -0.153887 0.926257 0.344044 0.000000 0.027150 -0.344096 0.938542 -0.864928 0.000000 0.000000 0.000000 1.000000
0.987715 0.153770 0.027804 0.000000 -0.153887 0.926257 0.344044 0.000000 0.027150 -0.344096 0.938542 -0.864928 0.000000 0.000000 0.000000 1.000000
0.987715 0.153770 0.027804 0.000000 -0.153887 0.926257 0.344044 0.000000 0.027150 -0.344096 0.938542 -0.864928 0.000000 0.000000 0.000000 1.000000
0.987715 0.153770 0.027804 0.000000 -0.153887 0.926257 0.344044 0.000000 0.027150 -0.344096 0.938542 -0.864928 0.000000 0.000000 0.000000 1.000000
0.987715 0.153770 0.027804 0.000000 -0.153887 0.926257 0.344044 0.000000 0.027150 -0.344096 0.938542 -0.864928 0.000000 0.000000 0.000000 1.000000
0.987715 0.153770 0.027804 0.000000 -0.153887 0.926257 0.344044 0.000000 0.027150 -0.344096 0.938542 -0.864928 0.000000 0.000000 0.000000 1.000000
0.987715 0.153770 0.027804 0.000000 -0.153887 0.926257 0.344044 0.000000 0.027150 -0.344096 0.938542 -0.864928 0.000000 0.000000 0.000000 1.000000</float_array><technique_common><accessor source="#jnt_height-Matrix-animation-output-transform-array" count="8" stride="16"><param type="float4x4"/></accessor></technique_common></source><source id="jnt_height-Interpolations"><Name_array id="jnt_height-Interpolations-array" count="8">
 LINEAR LINEAR LINEAR LINEAR LINEAR LINEAR LINEAR LINEAR</Name_array><technique_common><accessor source="#jnt_height-Interpolations-array" count="8"><param type="name"/></accessor></technique_common></source><sampler id="jnt_height-Matrix-animation-transform"><input semantic="INPUT" source="#jnt_height-Matrix-animation-input"/><input semantic="OUTPUT" source="#jnt_height-Matrix-animation-output-transform"/><input semantic="INTERPOLATION" source="#jnt_height-Interpolations"/></sampler><channel source="#jnt_height-Matrix-animation-transform" target="jnt_height/matrix"/></animation></animation>
    <animation id="jnt_spine1-anim" name="jnt_spine1"><animation><source id="jnt_spine1-Matrix-animation-input"><float_array id="jnt_spine1-Matrix-animation-input-array" count="8">

0.033333 0.066667 0.100000 0.133333 0.166667 0.200000 0.233333 0.266667</float_array><technique_common><accessor source="#jnt_spine1-Matrix-animation-input-array" count="8"><param name="TIME" type="float"/></accessor></technique_common></source><source id="jnt_spine1-Matrix-animation-output-transform"><float_array id="jnt_spine1-Matrix-animation-output-transform-array" count="128">

-0.001149 -0.473914 0.880571 0.000000 0.957093 -0.255691 -0.136361 0.212132 0.289778 0.842632 0.453874 0.023482 0.000000 0.000000 0.000000 1.000000
-0.001149 -0.473914 0.880571 0.000000 0.957093 -0.255691 -0.136361 0.212132 0.289778 0.842632 0.453874 0.023482 0.000000 0.000000 0.000000 1.000000
-0.001149 -0.473914 0.880571 0.000000 0.957093 -0.255691 -0.136361 0.212132 0.289778 0.842632 0.453874 0.023482 0.000000 0.000000 0.000000 1.000000
-0.001149 -0.473914 0.880571 0.000000 0.957093 -0.255691 -0.136361 0.212132 0.289778 0.842632 0.453874 0.023482 0.000000 0.000000 0.000000 1.000000
-0.001149 -0.473914 0.880571 0.000000 0.957093 -0.255691 -0.136361 0.212132 0.289778 0.842632 0.453874 0.023482 0.000000 0.000000 0.000000 1.000000
-0.001149 -0.473914 0.880571 0.000000 0.957093 -0.255691 -0.136361 0.212132 0.289778 0.842632 0.453874 0.023482 0.000000 0.000000 0.000000 1.000000
-0.001149 -0.473914 0.880571 0.000000 0.957093 -0.255691 -0.136361 0.212132 0.289778 0.842632 0.453874 0.023482 0.000000 0.000000 0.000000 1.000000
-0.001149 -0.473914 0.880571 0.000000 0.957093 -0.255691 -0.136361 0.212132 0.289778 0.842632 0.453874 0.023482 0.000000 0.000000 0.000000 1.000000</float_array><technique_common><accessor source="#jnt_spine1-Matrix-animation-output-transform-array" count="8" stride="16"><param type="float4x4"/></accessor></technique_common></source><source id="jnt_spine1-Interpolations"><Name_array id="jnt_spine1-Interpolations-array" count="8">
 LINEAR LINEAR LINEAR LINEAR LINEAR LINEAR LINEAR LINEAR</Name_array><technique_common><accessor source="#jnt_spine1-Interpolations-array" count="8"><param type="name"/></accessor></technique_common></source><sampler id="jnt_spine1-Matrix-animation-transform"><input semantic="INPUT" source="#jnt_spine1-Matrix-animation-input"/><input semantic="OUTPUT" source="#jnt_spine1-Matrix-animation-output-transform"/><input semantic="INTERPOLATION" source="#jnt_spine1-Interpolations"/></sampler><channel source="#jnt_spine1-Matrix-animation-transform" target="jnt_spine1/matrix"/></animation></animation>
    <animation id="jnt_spine2-anim" name="jnt_spine2"><animation><source id="jnt_spine2-Matrix-animation-input"><float_array id="jnt_spine2-Matrix-animation-input-array" count="8">

0.033333 0.066667 0.100000 0.133333 0.166667 0.200000 0.233333 0.266667</float_array><technique_common><accessor source="#jnt_spine2-Matrix-animation-input-array" count="8"><param name="TIME" type="float"/></accessor></technique_common></source><source id="jnt_spine2-Matrix-animation-output-transform"><float_array id="jnt_spine2-Matrix-animation-output-transform-array" count="128">

0.993385 -0.085799 0.076325 0.430260 0.077696 0.991594 0.103457 -0.051483 -0.084560 -0.096842 0.991701 -0.029538 0.000000 0.000000 0.000000 1.000000
0.993385 -0.085799 0.076325 0.430260 0.077696 0.991594 0.103457 -0.051483 -0.084560 -0.096842 0.991701 -0.029538 0.000000 0.000000 0.000000 1.000000
0.993385 -0.085799 0.076325 0.430260 0.077696 0.991594 0.103457 -0.051483 -0.084560 -0.096842 0.991701 -0.029538 0.000000 0.000000 0.000000 1.000000
0.993385 -0.085799 0.076325 0.430260 0.077696 0.991594 0.103457 -0.051483 -0.084560 -0.096842 0.991701 -0.029538 0.000000 0.000000 0.000000 1.000000
0.993385 -0.085799 0.076325 0.430260 0.077696 0.991594 0.103457 -0.051483 -0.084560 -0.096842 0.991701 -0.029538 0.000000 0.000000 0.000000 1.000000
0.993385 -0.085799 0.076325 0.430260 0.077696 0.991594 0.103457 -0.051483 -0.084560 -0.096842 0.991701 -0.029538 0.000000 0.000000 0.000000 1.000000
0.993385 -0.085799 0.076325 0.430260 0.077696 0.991594 0.103457 -0.051483 -0.084560 -0.096842 0.991701 -0.029538 0.000000 0.000000 0.000000 1.000000
0.993385 -0.085799 0.076325 0.430260 0.077696 0.991594 0.103457 -0.051483 -0.084560 -0.096842 0.991701 -0.029538 0.000000 0.000000 0.000000 1.000000</float_array><technique_common><accessor source="#jnt_spine2-Matrix-animation-output-transform-array" count="8" stride="16"><param type="float4x4"/></accessor></technique_common></source><source id="jnt_spine2-Interpolations"><Name_array id="jnt_spine2-Interpolations-array" count="8">
 LINEAR LINEAR LINEAR LINEAR LINEAR LINEAR LINEAR LINEAR</Name_array><technique_common><accessor source="#jnt_spine2-Interpolations-array" count="8"><param type="name"/></accessor></technique_common></source><sampler id="jnt_spine2-Matrix-animation-transform"><input semantic="INPUT" source="#jnt_spine2-Matrix-animation-input"/><input semantic="OUTPUT" source="#jnt_spine2-Matrix-animation-output-transform"/><input semantic="INTERPOLATION" source="#jnt_spine2-Interpolations"/></sampler><channel source="#jnt_spine2-Matrix-animation-transform" target="jnt_spine2/matrix"/></animation></animation>
    <animation id="jnt_spine3-anim" name="jnt_spine3"><animation><source id="jnt_spine3-Matrix-animation-input"><float_array id="jnt_spine3-Matrix-animation-input-array" count="8">

0.033333 0.066667 0.100000 0.133333 0.166667 0.200000 0.233333 0.266667</float_array><technique_common><accessor source="#jnt_spine3-Matrix-animation-input-array" count="8"><param name="TIME" type="float"/></accessor></technique_common></source><source id="jnt_spine3-Matrix-animation-output-transform"><float_array id="jnt_spine3-Matrix-animation-output-transform-array" count="128">

0.974284 -0.223897 0.025327 0.555067 0.221229 0.971845 0.081082 0.000000 -0.042768 -0.073394 0.996386 -0.000000 0.000000 0.000000 0.000000 1.000000
0.974284 -0.223897 0.025327 0.555067 0.221229 0.971845 0.081082 0.000000 -0.042768 -0.073394 0.996386 -0.000000 0.000000 0.000000 0.000000 1.000000
0.974284 -0.223897 0.025327 0.555067 0.221229 0.971845 0.081082 0.000000 -0.042768 -0.073394 0.996386 -0.000000 0.000000 0.000000 0.000000 1.000000
0.974284 -0.223897 0.025327 0.555067 0.221229 0.971845 0.081082 0.000000 -0.042768 -0.073394 0.996386 -0.000000 0.000000 0.000000 0.000000 1.000000
0.974284 -0.223897 0.025327 0.555067 0.221229 0.971845 0.081082 0.000000 -0.042768 -0.073394 0.996386 -0.000000 0.000000 0.000000 0.000000 1.000000
0.974284 -0.223897 0.025327 0.555067 0.221229 0.971845 0.081082 0.000000 -0.042768 -0.073394 0.996386 -0.000000 0.000000 0.000000 0.000000 1.000000
0.974284 -0.223897 0.025327 0.555067 0.221229 0.971845 0.081082 0.000000 -0.042768 -0.073394 0.996386 -0.000000 0.000000 0.000000 0.000000 1.000000
0.974284 -0.223897 0.025327 0.555067 0.221229 0.971845 0.081082 0.000000 -0.042768 -0.073394 0.996386 -0.000000 0.000000 0.000000 0.000000 1.000000</float_array><technique_common><accessor source="#jnt_spine3-Matrix-animation-output-transform-array" count="8" stride="16"><param type="float4x4"/></accessor></technique_common></source><source id="jnt_spine3-Interpolations"><Name_array id="jnt_spine3-Interpolations-array" count="8">
 LINEAR LINEAR LINEAR LINEAR LINEAR LINEAR LINEAR LINEAR</Name_array><technique_common><accessor source="#jnt_spine3-Interpolations-array" count="8"><param type="name"/></accessor></technique_common></source><sampler id="jnt_spine3-Matrix-animation-transform"><input semantic="INPUT" source="#jnt_spine3-Matrix-animation-input"/><input semantic="OUTPUT" source="#jnt_spine3-Matrix-animation-output-transform"/><input semantic="INTERPOLATION" source="#jnt_spine3-Interpolations"/></sampler><channel source="#jnt_spine3-Matrix-animation-transform" target="jnt_spine3/matrix"/></animation></animation>
    <animation id="jnt_neck-anim" name="jnt_neck"><animation><source id="jnt_neck-Matrix-animation-input"><float_array id="jnt_neck-Matrix-animation-input-array" count="8">

0.033333 0.066667 0.100000 0.133333 0.166667 0.200000 0.233333 0.266667</float_array><technique_common><accessor source="#jnt_neck-Matrix-animation-input-array" count="8"><param name="TIME" type="float"/></accessor></technique_common></source><source id="jnt_neck-Matrix-animation-output-transform"><float_array id="jnt_neck-Matrix-animation-output-transform-array" count="128">

0.958992 -0.283431 -0.000000 0.867450 0.283431 0.958992 0.000000 0.171573 0.000000 -0.000000 1.000000 -0.000000 0.000000 0.000000 0.000000 1.000000
0.958992 -0.283431 -0.000000 0.867450 0.283431 0.958992 0.000000 0.171573 0.000000 -0.000000 1.000000 -0.000000 0.000000 0.000000 0.000000 1.000000
0.958992 -0.283431 -0.000000 0.867450 0.283431 0.958992 0.000000 0.171573 0.000000 -0.000000 1.000000 -0.000000 0.000000 0.000000 0.000000 1.000000
0.958992 -0.283431 -0.000000 0.867450 0.283431 0.958992 0.000000 0.171573 0.000000 -0.000000 1.000000 -0.000000 0.000000 0.000000 0.000000 1.000000
0.958992 -0.283431 -0.000000 0.867450 0.283431 0.958992 0.000000 0.171573 0.000000 -0.000000 1.000000 -0.000000 0.000000 0.000000 0.000000 1.000000
0.958992 -0.283431 -0.000000 0.867450 0.283431 0.958992 0.000000 0.171573 0.000000 -0.000000 1.000000 -0.000000 0.000000 0.000000 0.000000 1.000000
0.958992 -0.283431 -0.000000 0.867450 0.283431 0.958992 0.000000 0.171573 0.000000 -0.000000 1.000000 -0.000000 0.000000 0.000000 0.000000 1.000000
0.958992 -0.283431 -0.000000 0.867450 0.283431 0.958992 0.000000 0.171573 0.000000 -0.000000 1.000000 -0.000000 0.000000 0.000000 0.000000 1.000000</float_array><technique_common><accessor source="#jnt_neck-Matrix-animation-output-transform-array" count="8" stride="16"><param type="float4x4"/></accessor></technique_common></source><source id="jnt_neck-Interpolations"><Name_array id="jnt_neck-Interpolations-array" count="8">
 LINEAR LINEAR LINEAR LINEAR LINEAR LINEAR LINEAR LINEAR</Name_array><technique_common><accessor source="#jnt_neck-Interpolations-array" count="8"><param type="name"/></accessor></technique_common></source><sampler id="jnt_neck-Matrix-animation-transform"><input semantic="INPUT" source="#jnt_neck-Matrix-animation-input"/><input semantic="OUTPUT" source="#jnt_neck-Matrix-animation-output-transform"/><input semantic="INTERPOLATION" source="#jnt_neck-Interpolations"/></sampler><channel source="#jnt_neck-Matrix-animation-transform" target="jnt_neck/matrix"/></animation></animation>
    <animation id="jnt_head-anim" name="jnt_head"><animation><source id="jnt_head-Matrix-animation-input"><float_array id="jnt_head-Matrix-animation-input-array" count="8">

0.033333 0.066667 0.100000 0.133333 0.166667 0.200000 0.233333 0.266667</float_array><technique_common><accessor source="#jnt_head-Matrix-animation-input-array" count="8"><param name="TIME" type="float"/></accessor></technique_common></source><source id="jnt_head-Matrix-animation-output-transform"><float_array id="jnt_head-Matrix-animation-output-transform-array" count="128">

0.982377 0.168412 -0.081072 0.273591 -0.186910 0.885153 -0.426109 0.000002 -0.000000 0.433753 0.901032 0.000000 0.000000 0.000000 0.000000 1.000000
0.982377 0.168412 -0.081072 0.273591 -0.186910 0.885153 -0.426109 0.000002 -0.000000 0.433753 0.901032 0.000000 0.000000 0.000000 0.000000 1.000000
0.982377 0.168412 -0.081072 0.273591 -0.186910 0.885153 -0.426109 0.000002 -0.000000 0.433753 0.901032 0.000000 0.000000 0.000000 0.000000 1.000000
0.982377 0.168412 -0.081072 0.273591 -0.186910 0.885153 -0.426109 0.000002 -0.000000 0.433753 0.901032 0.000000 0.000000 0.000000 0.000000 1.000000
0.982377 0.168412 -0.081072 0.273591 -0.186910 0.885153 -0.426109 0.000002 -0.000000 0.433753 0.901032 0.000000 0.000000 0.000000 0.000000 1.000000
0.982377 0.168412 -0.081072 0.273591 -0.186910 0.885153 -0.426109 0.000002 -0.000000 0.433753 0.901032 0.000000 0.000000 0.000000 0.000000 1.000000
0.982377 0.168412 -0.081072 0.273591 -0.186910 0.885153 -0.426109 0.000002 -0.000000 0.433753 0.901032 0.000000 0.000000 0.000000 0.000000 1.000000
0.982377 0.168412 -0.081072 0.273591 -0.186910 0.885153 -0.426109 0.000002 -0.000000 0.433753 0.901032 0.000000 0.000000 0.000000 0.000000 1.000000</float_array><technique_common><accessor source="#jnt_head-Matrix-animation-output-transform-array" count="8" stride="16"><param type="float4x4"/></accessor></technique_common></source><source id="jnt_head-Interpolations"><Name_array id="jnt_head-Interpolations-array" count="8">
 LINEAR LINEAR LINEAR LINEAR LINEAR LINEAR LINEAR LINEAR</Name_array><technique_common><accessor source="#jnt_head-Interpolations-array" count="8"><param type="name"/></accessor></technique_common></source><sampler id="jnt_head-Matrix-animation-transform"><input semantic="INPUT" source="#jnt_head-Matrix-animation-input"/><input semantic="OUTPUT" source="#jnt_head-Matrix-animation-output-transform"/><input semantic="INTERPOLATION" source="#jnt_head-Interpolations"/></sampler><channel source="#jnt_head-Matrix-animation-transform" target="jnt_head/matrix"/></animation></animation>
    <animation id="jnt_headappend-anim" name="jnt_headappend"><animation><source id="jnt_headappend-Matrix-animation-input"><float_array id="jnt_headappend-Matrix-animation-input-array" count="8">

0.033333 0.066667 0.100000 0.133333 0.166667 0.200000 0.233333 0.266667</float_array><technique_common><accessor source="#jnt_headappend-Matrix-animation-input-array" count="8"><param name="TIME" type="float"/></accessor></technique_common></source><source id="jnt_headappend-Matrix-animation-output-transform"><float_array id="jnt_headappend-Matrix-animation-output-transform-array" count="128">

1.000000 0.000000 -0.000000 0.000001 -0.000000 1.000000 -0.000000 -0.000000 0.000000 0.000000 1.000000 -0.000000 0.000000 0.000000 0.000000 1.000000
1.000000 0.000000 -0.000000 0.000001 -0.000000 1.000000 -0.000000 -0.000000 0.000000 0.000000 1.000000 -0.000000 0.000000 0.000000 0.000000 1.000000
1.000000 0.000000 -0.000000 0.000001 -0.000000 1.000000 -0.000000 -0.000000 0.000000 0.000000 1.000000 -0.000000 0.000000 0.000000 0.000000 1.000000
1.000000 0.000000 -0.000000 0.000001 -0.000000 1.000000 -0.000000 -0.000000 0.000000 0.000000 1.000000 -0.000000 0.000000 0.000000 0.000000 1.000000
1.000000 0.000000 -0.000000 0.000001 -0.000000 1.000000 -0.000000 -0.000000 0.000000 0.000000 1.000000 -0.000000 0.000000 0.000000 0.000000 1.000000
1.000000 0.000000 -0.000000 0.000001 -0.000000 1.000000 -0.000000 -0.000000 0.000000 0.000000 1.000000 -0.000000 0.000000 0.000000 0.000000 1.000000
1.000000 0.000000 -0.000000 0.000001 -0.000000 1.000000 -0.000000 -0.000000 0.000000 0.000000 1.000000 -0.000000 0.000000 0.000000 0.000000 1.000000
1.000000 0.000000 -0.000000 0.000001 -0.000000 1.000000 -0.000000 -0.000000 0.000000 0.000000 1.000000 -0.000000 0.000000 0.000000 0.000000 1.000000</float_array><technique_common><accessor source="#jnt_headappend-Matrix-animation-output-transform-array" count="8" stride="16"><param type="float4x4"/></accessor></technique_common></source><source id="jnt_headappend-Interpolations"><Name_array id="jnt_headappend-Interpolations-array" count="8">
 LINEAR LINEAR LINEAR LINEAR LINEAR LINEAR LINEAR LINEAR</Name_array><technique_common><accessor source="#jnt_headappend-Interpolations-array" count="8"><param type="name"/></accessor></technique_common></source><sampler id="jnt_headappend-Matrix-animation-transform"><input semantic="INPUT" source="#jnt_headappend-Matrix-animation-input"/><input semantic="OUTPUT" source="#jnt_headappend-Matrix-animation-output-transform"/><input semantic="INTERPOLATION" source="#jnt_headappend-Interpolations"/></sampler><channel source="#jnt_headappend-Matrix-animation-transform" target="jnt_headappend/matrix"/></animation></animation>
    <animation id="jnt_left_armroot-anim" name="jnt_left_armroot"><animation><source id="jnt_left_armroot-Matrix-animation-input"><float_array id="jnt_left_armroot-Matrix-animation-input-array" count="8">

0.033333 0.066667 0.100000 0.133333 0.166667 0.200000 0.233333 0.266667</float_array><technique_common><accessor source="#jnt_left_armroot-Matrix-animation-input-array" count="8"><param name="TIME" type="float"/></accessor></technique_common></source><source id="jnt_left_armroot-Matrix-animation-output-transform"><float_array id="jnt_left_armroot-Matrix-animation-output-transform-array" count="128">

1.000000 -0.000004 -0.000000 0.202348 0.000004 1.000000 0.000000 0.002358 0.000000 -0.000000 1.000000 -0.589975 0.000000 0.000000 0.000000 1.000000
1.000000 -0.000004 -0.000000 0.202348 0.000004 1.000000 0.000000 0.002358 0.000000 -0.000000 1.000000 -0.589975 0.000000 0.000000 0.000000 1.000000
1.000000 -0.000004 -0.000000 0.202348 0.000004 1.000000 0.000000 0.002358 0.000000 -0.000000 1.000000 -0.589975 0.000000 0.000000 0.000000 1.000000
1.000000 -0.000004 -0.000000 0.202348 0.000004 1.000000 0.000000 0.002358 0.000000 -0.000000 1.000000 -0.589975 0.000000 0.000000 0.000000 1.000000
1.000000 -0.000004 -0.000000 0.202348 0.000004 1.000000 0.000000 0.002358 0.000000 -0.000000 1.000000 -0.589975 0.000000 0.000000 0.000000 1.000000
1.000000 -0.000004 -0.000000 0.202348 0.000004 1.000000 0.000000 0.002358 0.000000 -0.000000 1.000000 -0.589975 0.000000 0.000000 0.000000 1.000000
1.000000 -0.000004 -0.000000 0.202348 0.000004 1.000000 0.000000 0.002358 0.000000 -0.000000 1.000000 -0.589975 0.000000 0.000000 0.000000 1.000000
1.000000 -0.000004 -0.000000 0.202348 0.000004 1.000000 0.000000 0.002358 0.000000 -0.000000 1.000000 -0.589975 0.000000 0.000000 0.000000 1.000000</float_array><technique_common><accessor source="#jnt_left_armroot-Matrix-animation-output-transform-array" count="8" stride="16"><param type="float4x4"/></accessor></technique_common></source><source id="jnt_left_armroot-Interpolations"><Name_array id="jnt_left_armroot-Interpolations-array" count="8">
 LINEAR LINEAR LINEAR LINEAR LINEAR LINEAR LINEAR LINEAR</Name_array><technique_common><accessor source="#jnt_left_armroot-Interpolations-array" count="8"><param type="name"/></accessor></technique_common></source><sampler id="jnt_left_armroot-Matrix-animation-transform"><input semantic="INPUT" source="#jnt_left_armroot-Matrix-animation-input"/><input semantic="OUTPUT" source="#jnt_left_armroot-Matrix-animation-output-transform"/><input semantic="INTERPOLATION" source="#jnt_left_armroot-Interpolations"/></sampler><channel source="#jnt_left_armroot-Matrix-animation-transform" target="jnt_left_armroot/matrix"/></animation></animation>
    <animation id="jnt_left_shoulder-anim" name="jnt_left_shoulder"><animation><source id="jnt_left_shoulder-Matrix-animation-input"><float_array id="jnt_left_shoulder-Matrix-animation-input-array" count="8">

0.033333 0.066667 0.100000 0.133333 0.166667 0.200000 0.233333 0.266667</float_array><technique_common><accessor source="#jnt_left_shoulder-Matrix-animation-input-array" count="8"><param name="TIME" type="float"/></accessor></technique_common></source><source id="jnt_left_shoulder-Matrix-animation-output-transform"><float_array id="jnt_left_shoulder-Matrix-animation-output-transform-array" count="128">

-0.019289 0.092832 -0.995495 0.635987 0.352002 -0.931301 -0.093666 0.114390 -0.935800 -0.352223 -0.014713 0.266187 0.000000 0.000000 0.000000 1.000000
-0.019289 0.092832 -0.995495 0.635987 0.352002 -0.931301 -0.093666 0.114390 -0.935800 -0.352223 -0.014713 0.266187 0.000000 0.000000 0.000000 1.000000
-0.019289 0.092832 -0.995495 0.635987 0.352002 -0.931301 -0.093666 0.114390 -0.935800 -0.352223 -0.014713 0.266187 0.000000 0.000000 0.000000 1.000000
-0.019289 0.092832 -0.995495 0.635987 0.352002 -0.931301 -0.093666 0.114390 -0.935800 -0.352223 -0.014713 0.266187 0.000000 0.000000 0.000000 1.000000
-0.019289 0.092832 -0.995495 0.635987 0.352002 -0.931301 -0.093666 0.114390 -0.935800 -0.352223 -0.014713 0.266187 0.000000 0.000000 0.000000 1.000000
-0.019289 0.092832 -0.995495 0.635987 0.352002 -0.931301 -0.093666 0.114390 -0.935800 -0.352223 -0.014713 0.266187 0.000000 0.000000 0.000000 1.000000
-0.019289 0.092832 -0.995495 0.635987 0.352002 -0.931301 -0.093666 0.114390 -0.935800 -0.352223 -0.014713 0.266187 0.000000 0.000000 0.000000 1.000000
-0.019289 0.092832 -0.995495 0.635987 0.352002 -0.931301 -0.093666 0.114390 -0.935800 -0.352223 -0.014713 0.266187 0.000000 0.000000 0.000000 1.000000</float_array><technique_common><accessor source="#jnt_left_shoulder-Matrix-animation-output-transform-array" count="8" stride="16"><param type="float4x4"/></accessor></technique_common></source><source id="jnt_left_shoulder-Interpolations"><Name_array id="jnt_left_shoulder-Interpolations-array" count="8">
 LINEAR LINEAR LINEAR LINEAR LINEAR LINEAR LINEAR LINEAR</Name_array><technique_common><accessor source="#jnt_left_shoulder-Interpolations-array" count="8"><param type="name"/></accessor></technique_common></source><sampler id="jnt_left_shoulder-Matrix-animation-transform"><input semantic="INPUT" source="#jnt_left_shoulder-Matrix-animation-input"/><input semantic="OUTPUT" source="#jnt_left_shoulder-Matrix-animation-output-transform"/><input semantic="INTERPOLATION" source="#jnt_left_shoulder-Interpolations"/></sampler><channel source="#jnt_left_shoulder-Matrix-animation-transform" target="jnt_left_shoulder/matrix"/></animation></animation>
    <animation id="jnt_left_arm-anim" name="jnt_left_arm"><animation><source id="jnt_left_arm-Matrix-animation-input"><float_array id="jnt_left_arm-Matrix-animation-input-array" count="8">

0.033333 0.066667 0.100000 0.133333 0.166667 0.200000 0.233333 0.266667</float_array><technique_common><accessor source="#jnt_left_arm-Matrix-animation-input-array" count="8"><param name="TIME" type="float"/></accessor></technique_common></source><source id="jnt_left_arm-Matrix-animation-output-transform"><float_array id="jnt_left_arm-Matrix-animation-output-transform-array" count="128">

-0.044048 -0.448268 0.892813 -0.616368 0.982528 -0.181200 -0.042503 -0.335613 0.180831 0.875341 0.448417 0.375083 0.000000 0.000000 0.000000 1.000000
-0.065244 -0.459031 0.886021 -0.616368 0.991123 -0.132883 0.004139 -0.335613 0.115837 0.878426 0.463626 0.375083 0.000000 0.000000 0.000000 1.000000
-0.085656 -0.470814 0.878064 -0.616368 0.995084 -0.084394 0.051820 -0.335613 0.049706 0.878186 0.475729 0.375083 0.000000 0.000000 0.000000 1.000000
-0.105120 -0.483545 0.868985 -0.616368 0.994313 -0.036088 0.100200 -0.335613 -0.017092 0.874575 0.484588 0.375083 0.000000 0.000000 0.000000 1.000000
-0.123486 -0.497135 0.858841 -0.616368 0.988779 0.011676 0.148927 -0.335613 -0.084065 0.867594 0.490115 0.375083 0.000000 0.000000 0.000000 1.000000
-0.140617 -0.511486 0.847708 -0.616368 0.978525 0.058544 0.197641 -0.335613 -0.150719 0.857295 0.492270 0.375083 0.000000 0.000000 0.000000 1.000000
-0.156398 -0.526485 0.835675 -0.616368 0.963659 0.104177 0.245983 -0.335613 -0.216565 0.843777 0.491059 0.375083 0.000000 0.000000 0.000000 1.000000
-0.170731 -0.542014 0.822843 -0.616368 0.944359 0.148262 0.293606 -0.335613 -0.281135 0.827187 0.486543 0.375083 0.000000 0.000000 0.000000 1.000000</float_array><technique_common><accessor source="#jnt_left_arm-Matrix-animation-output-transform-array" count="8" stride="16"><param type="float4x4"/></accessor></technique_common></source><source id="jnt_left_arm-Interpolations"><Name_array id="jnt_left_arm-Interpolations-array" count="8">
 LINEAR LINEAR LINEAR LINEAR LINEAR LINEAR LINEAR LINEAR</Name_array><technique_common><accessor source="#jnt_left_arm-Interpolations-array" count="8"><param type="name"/></accessor></technique_common></source><sampler id="jnt_left_arm-Matrix-animation-transform"><input semantic="INPUT" source="#jnt_left_arm-Matrix-animation-input"/><input semantic="OUTPUT" source="#jnt_left_arm-Matrix-animation-output-transform"/><input semantic="INTERPOLATION" source="#jnt_left_arm-Interpolations"/></sampler><channel source="#jnt_left_arm-Matrix-animation-transform" target="jnt_left_arm/matrix"/></animation></animation>
    <animation id="jnt_left_armroll-anim" name="jnt_left_armroll"><animation><source id="jnt_left_armroll-Matrix-animation-input"><float_array id="jnt_left_armroll-Matrix-animation-input-array" count="8">

0.033333 0.066667 0.100000 0.133333 0.166667 0.200000 0.233333 0.266667</float_array><technique_common><accessor source="#jnt_left_armroll-Matrix-animation-input-array" count="8"><param name="TIME" type="float"/></accessor></technique_common></source><source id="jnt_left_armroll-Matrix-animation-output-transform"><float_array id="jnt_left_armroll-Matrix-animation-output-transform-array" count="128">

1.000000 -0.000000 -0.000000 -0.421995 0.000000 1.000000 -0.000000 0.000002 0.000000 0.000000 1.000000 -0.000004 0.000000 0.000000 0.000000 1.000000
1.000000 -0.000000 -0.000000 -0.421995 0.000000 1.000000 0.000000 0.000002 0.000000 -0.000000 1.000000 -0.000004 0.000000 0.000000 0.000000 1.000000
1.000000 -0.000000 -0.000000 -0.421995 0.000000 1.000000 0.000000 0.000002 0.000000 -0.000000 1.000000 -0.000004 0.000000 0.000000 0.000000 1.000000
1.000000 -0.000000 -0.000000 -0.421995 0.000000 1.000000 -0.000000 0.000002 0.000000 0.000000 1.000000 -0.000004 0.000000 0.000000 0.000000 1.000000
1.000000 -0.000000 0.000000 -0.421995 0.000000 1.000000 -0.000000 0.000002 -0.000000 0.000000 1.000000 -0.000004 0.000000 0.000000 0.000000 1.000000
1.000000 -0.000000 0.000000 -0.421995 0.000000 1.000000 -0.000000 0.000002 -0.000000 0.000000 1.000000 -0.000004 0.000000 0.000000 0.000000 1.000000
1.000000 -0.000000 -0.000000 -0.421995 0.000000 1.000000 -0.000000 0.000002 0.000000 0.000000 1.000000 -0.000004 0.000000 0.000000 0.000000 1.000000
1.000000 -0.000000 -0.000000 -0.421995 0.000000 1.000000 0.000000 0.000002 0.000000 -0.000000 1.000000 -0.000004 0.000000 0.000000 0.000000 1.000000</float_array><technique_common><accessor source="#jnt_left_armroll-Matrix-animation-output-transform-array" count="8" stride="16"><param type="float4x4"/></accessor></technique_common></source><source id="jnt_left_armroll-Interpolations"><Name_array id="jnt_left_armroll-Interpolations-array" count="8">
 LINEAR LINEAR LINEAR LINEAR LINEAR LINEAR LINEAR LINEAR</Name_array><technique_common><accessor source="#jnt_left_armroll-Interpolations-array" count="8"><param type="name"/></accessor></technique_common></source><sampler id="jnt_left_armroll-Matrix-animation-transform"><input semantic="INPUT" source="#jnt_left_armroll-Matrix-animation-input"/><input semantic="OUTPUT" source="#jnt_left_armroll-Matrix-animation-output-transform"/><input semantic="INTERPOLATION" source="#jnt_left_armroll-Interpolations"/></sampler><channel source="#jnt_left_armroll-Matrix-animation-transform" target="jnt_left_armroll/matrix"/></animation></animation>
    <animation id="jnt_left_forearm-anim" name="jnt_left_forearm"><animation><source id="jnt_left_forearm-Matrix-animation-input"><float_array id="jnt_left_forearm-Matrix-animation-input-array" count="8">

0.033333 0.066667 0.100000 0.133333 0.166667 0.200000 0.233333 0.266667</float_array><technique_common><accessor source="#jnt_left_forearm-Matrix-animation-input-array" count="8"><param name="TIME" type="float"/></accessor></technique_common></source><source id="jnt_left_forearm-Matrix-animation-output-transform"><float_array id="jnt_left_forearm-Matrix-animation-output-transform-array" count="128">

0.728511 -0.684872 -0.014927 -0.843981 0.685034 0.728369 0.014377 0.000001 0.001026 -0.020699 0.999785 0.000003 0.000000 0.000000 0.000000 1.000000
0.779465 -0.626268 -0.014927 -0.843981 0.626440 0.779336 0.014377 0.000002 0.002629 -0.020557 0.999785 0.000003 0.000000 0.000000 0.000000 1.000000
0.826122 -0.563294 -0.014927 -0.843981 0.563476 0.826007 0.014377 0.000002 0.004231 -0.020288 0.999785 0.000003 0.000000 0.000000 0.000000 1.000000
0.867961 -0.496408 -0.014927 -0.843981 0.496598 0.867862 0.014377 0.000002 0.005818 -0.019891 0.999785 0.000003 0.000000 0.000000 0.000000 1.000000
0.904529 -0.426151 -0.014927 -0.843981 0.426349 0.904445 0.014377 0.000001 0.007374 -0.019368 0.999785 0.000003 0.000000 0.000000 0.000000 1.000000
0.935452 -0.353137 -0.014927 -0.843981 0.353341 0.935384 0.014377 0.000001 0.008885 -0.018723 0.999785 0.000003 0.000000 0.000000 0.000000 1.000000
0.960455 -0.278036 -0.014927 -0.843981 0.278244 0.960403 0.014377 0.000001 0.010339 -0.017962 0.999785 0.000003 0.000000 0.000000 0.000000 1.000000
0.979364 -0.201553 -0.014927 -0.843981 0.201765 0.979328 0.014377 0.000001 0.011721 -0.017092 0.999785 0.000003 0.000000 0.000000 0.000000 1.000000</float_array><technique_common><accessor source="#jnt_left_forearm-Matrix-animation-output-transform-array" count="8" stride="16"><param type="float4x4"/></accessor></technique_common></source><source id="jnt_left_forearm-Interpolations"><Name_array id="jnt_left_forearm-Interpolations-array" count="8">
 LINEAR LINEAR LINEAR LINEAR LINEAR LINEAR LINEAR LINEAR</Name_array><technique_common><accessor source="#jnt_left_forearm-Interpolations-array" count="8"><param type="name"/></accessor></technique_common></source><sampler id="jnt_left_forearm-Matrix-animation-transform"><input semantic="INPUT" source="#jnt_left_forearm-Matrix-animation-input"/><input semantic="OUTPUT" source="#jnt_left_forearm-Matrix-animation-output-transform"/><input semantic="INTERPOLATION" source="#jnt_left_forearm-Interpolations"/></sampler><channel source="#jnt_left_forearm-Matrix-animation-transform" target="jnt_left_forearm/matrix"/></animation></animation>
    <animation id="jnt_left_forearmroll-anim" name="jnt_left_forearmroll"><animation><source id="jnt_left_forearmroll-Matrix-animation-input"><float_array id="jnt_left_forearmroll-Matrix-animation-input-array" count="8">

0.033333 0.066667 0.100000 0.133333 0.166667 0.200000 0.233333 0.266667</float_array><technique_common><accessor source="#jnt_left_forearmroll-Matrix-animation-input-array" count="8"><param name="TIME" type="float"/></accessor></technique_common></source><source id="jnt_left_forearmroll-Matrix-animation-output-transform"><float_array id="jnt_left_forearmroll-Matrix-animation-output-transform-array" count="128">

1.000000 0.000001 -0.000000 -0.487002 -0.000001 1.000000 -0.000000 -0.000001 0.000000 0.000000 1.000000 -0.000004 0.000000 0.000000 0.000000 1.000000
1.000000 0.000001 -0.000000 -0.487001 -0.000001 1.000000 -0.000000 -0.000000 0.000000 0.000000 1.000000 -0.000004 0.000000 0.000000 0.000000 1.000000
1.000000 0.000001 -0.000000 -0.487001 -0.000001 1.000000 -0.000000 -0.000000 0.000000 0.000000 1.000000 -0.000004 0.000000 0.000000 0.000000 1.000000
1.000000 0.000001 -0.000000 -0.487001 -0.000001 1.000000 -0.000000 -0.000001 0.000000 0.000000 1.000000 -0.000004 0.000000 0.000000 0.000000 1.000000
1.000000 0.000001 -0.000000 -0.487001 -0.000001 1.000000 -0.000000 -0.000001 0.000000 0.000000 1.000000 -0.000004 0.000000 0.000000 0.000000 1.000000
1.000000 0.000001 -0.000000 -0.487001 -0.000001 1.000000 -0.000000 -0.000001 0.000000 0.000000 1.000000 -0.000004 0.000000 0.000000 0.000000 1.000000
1.000000 0.000001 -0.000000 -0.487001 -0.000001 1.000000 -0.000000 -0.000000 0.000000 0.000000 1.000000 -0.000004 0.000000 0.000000 0.000000 1.000000
1.000000 0.000001 -0.000000 -0.487001 -0.000001 1.000000 -0.000000 -0.000001 0.000000 0.000000 1.000000 -0.000004 0.000000 0.000000 0.000000 1.000000</float_array><technique_common><accessor source="#jnt_left_forearmroll-Matrix-animation-output-transform-array" count="8" stride="16"><param type="float4x4"/></accessor></technique_common></source><source id="jnt_left_forearmroll-Interpolations"><Name_array id="jnt_left_forearmroll-Interpolations-array" count="8">
 LINEAR LINEAR LINEAR LINEAR LINEAR LINEAR LINEAR LINEAR</Name_array><technique_common><accessor source="#jnt_left_forearmroll-Interpolations-array" count="8"><param type="name"/></accessor></technique_common></source><sampler id="jnt_left_forearmroll-Matrix-animation-transform"><input semantic="INPUT" source="#jnt_left_forearmroll-Matrix-animation-input"/><input semantic="OUTPUT" source="#jnt_left_forearmroll-Matrix-animation-output-transform"/><input semantic="INTERPOLATION" source="#jnt_left_forearmroll-Interpolations"/></sampler><channel source="#jnt_left_forearmroll-Matrix-animation-transform" target="jnt_left_forearmroll/matrix"/></animation></animation>
    <animation id="jnt_left_hand-anim" name="jnt_left_hand"><animation><source id="jnt_left_hand-Matrix-animation-input"><float_array id="jnt_left_hand-Matrix-animation-input-array" count="8">

0.033333 0.066667 0.100000 0.133333 0.166667 0.200000 0.233333 0.266667</float_array><technique_common><accessor source="#jnt_left_hand-Matrix-animation-input-array" count="8"><param name="TIME" type="float"/></accessor></technique_common></source><source id="jnt_left_hand-Matrix-animation-output-transform"><float_array id="jnt_left_hand-Matrix-animation-output-transform-array" count="128">

0.916916 0.343752 0.202730 -0.975262 -0.315657 0.313878 0.895456 -0.000001 0.244182 -0.885051 0.396307 0.000000 0.000000 0.000000 0.000000 1.000000
0.925150 0.321313 0.202129 -0.975262 -0.307482 0.322058 0.895396 -0.000001 0.222605 -0.890526 0.396749 0.000000 0.000000 0.000000 0.000000 1.000000
0.932836 0.298663 0.201538 -0.975262 -0.299102 0.330041 0.895327 -0.000001 0.200885 -0.895474 0.397204 0.000000 0.000000 0.000000 0.000000 1.000000
0.939968 0.275820 0.200957 -0.975262 -0.290525 0.337819 0.895250 -0.000001 0.179040 -0.899890 0.397671 0.000000 0.000000 0.000000 0.000000 1.000000
0.946538 0.252805 0.200388 -0.975262 -0.281759 0.345386 0.895165 -0.000002 0.157091 -0.903769 0.398151 0.000000 0.000000 0.000000 0.000000 1.000000
0.952541 0.229639 0.199830 -0.975262 -0.272811 0.352734 0.895071 -0.000001 0.135056 -0.907108 0.398642 -0.000000 0.000000 0.000000 0.000000 1.000000
0.957971 0.206342 0.199284 -0.975262 -0.263690 0.359858 0.894969 -0.000002 0.112956 -0.909904 0.399144 0.000000 0.000000 0.000000 0.000000 1.000000
0.962825 0.182938 0.198751 -0.975262 -0.254404 0.366751 0.894859 -0.000002 0.090812 -0.912156 0.399657 0.000000 0.000000 0.000000 0.000000 1.000000</float_array><technique_common><accessor source="#jnt_left_hand-Matrix-animation-output-transform-array" count="8" stride="16"><param type="float4x4"/></accessor></technique_common></source><source id="jnt_left_hand-Interpolations"><Name_array id="jnt_left_hand-Interpolations-array" count="8">
 LINEAR LINEAR LINEAR LINEAR LINEAR LINEAR LINEAR LINEAR</Name_array><technique_common><accessor source="#jnt_left_hand-Interpolations-array" count="8"><param type="name"/></accessor></technique_common></source><sampler id="jnt_left_hand-Matrix-animation-transform"><input semantic="INPUT" source="#jnt_left_hand-Matrix-animation-input"/><input semantic="OUTPUT" source="#jnt_left_hand-Matrix-animation-output-transform"/><input semantic="INTERPOLATION" source="#jnt_left_hand-Interpolations"/></sampler><channel source="#jnt_left_hand-Matrix-animation-transform" target="jnt_left_hand/matrix"/></animation></animation>
    <animation id="jnt_left_handthumb1-anim" name="jnt_left_handthumb1"><animation><source id="jnt_left_handthumb1-Matrix-animation-input"><float_array id="jnt_left_handthumb1-Matrix-animation-input-array" count="8">

0.033333 0.066667 0.100000 0.133333 0.166667 0.200000 0.233333 0.266667</float_array><technique_common><accessor source="#jnt_left_handthumb1-Matrix-animation-input-array" count="8"><param name="TIME" type="float"/></accessor></technique_common></source><source id="jnt_left_handthumb1-Matrix-animation-output-transform"><float_array id="jnt_left_handthumb1-Matrix-animation-output-transform-array" count="128">

0.801419 -0.583361 0.131974 -0.060229 0.332986 0.618476 0.711764 -0.203940 -0.496838 -0.526475 0.689910 0.155679 0.000000 0.000000 0.000000 1.000000
0.801419 -0.583362 0.131974 -0.060229 0.332986 0.618476 0.711764 -0.203939 -0.496838 -0.526475 0.689910 0.155678 0.000000 0.000000 0.000000 1.000000
0.801419 -0.583361 0.131974 -0.060229 0.332986 0.618476 0.711764 -0.203939 -0.496838 -0.526475 0.689910 0.155679 0.000000 0.000000 0.000000 1.000000
0.801419 -0.583361 0.131974 -0.060229 0.332986 0.618476 0.711764 -0.203939 -0.496838 -0.526475 0.689910 0.155678 0.000000 0.000000 0.000000 1.000000
0.801419 -0.583361 0.131974 -0.060229 0.332986 0.618476 0.711764 -0.203940 -0.496838 -0.526475 0.689910 0.155678 0.000000 0.000000 0.000000 1.000000
0.801419 -0.583361 0.131974 -0.060229 0.332986 0.618476 0.711764 -0.203940 -0.496838 -0.526475 0.689910 0.155677 0.000000 0.000000 0.000000 1.000000
0.801419 -0.583362 0.131974 -0.060229 0.332986 0.618476 0.711764 -0.203939 -0.496838 -0.526476 0.689910 0.155678 0.000000 0.000000 0.000000 1.000000
0.801419 -0.583361 0.131974 -0.060229 0.332986 0.618476 0.711764 -0.203939 -0.496838 -0.526475 0.689910 0.155678 0.000000 0.000000 0.000000 1.000000</float_array><technique_common><accessor source="#jnt_left_handthumb1-Matrix-animation-output-transform-array" count="8" stride="16"><param type="float4x4"/></accessor></technique_common></source><source id="jnt_left_handthumb1-Interpolations"><Name_array id="jnt_left_handthumb1-Interpolations-array" count="8">
 LINEAR LINEAR LINEAR LINEAR LINEAR LINEAR LINEAR LINEAR</Name_array><technique_common><accessor source="#jnt_left_handthumb1-Interpolations-array" count="8"><param type="name"/></accessor></technique_common></source><sampler id="jnt_left_handthumb1-Matrix-animation-transform"><input semantic="INPUT" source="#jnt_left_handthumb1-Matrix-animation-input"/><input semantic="OUTPUT" source="#jnt_left_handthumb1-Matrix-animation-output-transform"/><input semantic="INTERPOLATION" source="#jnt_left_handthumb1-Interpolations"/></sampler><channel source="#jnt_left_handthumb1-Matrix-animation-transform" target="jnt_left_handthumb1/matrix"/></animation></animation>
    <animation id="jnt_left_handthumb2-anim" name="jnt_left_handthumb2"><animation><source id="jnt_left_handthumb2-Matrix-animation-input"><float_array id="jnt_left_handthumb2-Matrix-animation-input-array" count="8">

0.033333 0.066667 0.100000 0.133333 0.166667 0.200000 0.233333 0.266667</float_array><technique_common><accessor source="#jnt_left_handthumb2-Matrix-animation-input-array" count="8"><param name="TIME" type="float"/></accessor></technique_common></source><source id="jnt_left_handthumb2-Matrix-animation-output-transform"><float_array id="jnt_left_handthumb2-Matrix-animation-output-transform-array" count="128">

0.959263 0.282516 -0.000001 -0.213227 -0.282516 0.959262 -0.000003 -0.000001 -0.000000 0.000003 1.000000 0.000003 0.000000 0.000000 0.000000 1.000000
0.959263 0.282516 -0.000000 -0.213227 -0.282516 0.959263 -0.000003 -0.000002 -0.000000 0.000003 1.000000 0.000004 0.000000 0.000000 0.000000 1.000000
0.959262 0.282516 -0.000001 -0.213227 -0.282516 0.959262 -0.000003 -0.000003 -0.000000 0.000003 1.000000 0.000004 0.000000 0.000000 0.000000 1.000000
0.959263 0.282516 -0.000000 -0.213227 -0.282516 0.959263 -0.000003 -0.000001 -0.000000 0.000003 1.000000 0.000004 0.000000 0.000000 0.000000 1.000000
0.959263 0.282516 -0.000001 -0.213227 -0.282516 0.959262 -0.000003 -0.000002 -0.000000 0.000003 1.000000 0.000004 0.000000 0.000000 0.000000 1.000000
0.959262 0.282516 -0.000001 -0.213227 -0.282516 0.959262 -0.000003 -0.000002 -0.000000 0.000003 1.000000 0.000003 0.000000 0.000000 0.000000 1.000000
0.959263 0.282516 -0.000001 -0.213227 -0.282516 0.959262 -0.000003 -0.000001 -0.000000 0.000003 1.000000 0.000004 0.000000 0.000000 0.000000 1.000000
0.959263 0.282516 -0.000001 -0.213227 -0.282516 0.959263 -0.000003 -0.000002 -0.000000 0.000003 1.000000 0.000004 0.000000 0.000000 0.000000 1.000000</float_array><technique_common><accessor source="#jnt_left_handthumb2-Matrix-animation-output-transform-array" count="8" stride="16"><param type="float4x4"/></accessor></technique_common></source><source id="jnt_left_handthumb2-Interpolations"><Name_array id="jnt_left_handthumb2-Interpolations-array" count="8">
 LINEAR LINEAR LINEAR LINEAR LINEAR LINEAR LINEAR LINEAR</Name_array><technique_common><accessor source="#jnt_left_handthumb2-Interpolations-array" count="8"><param type="name"/></accessor></technique_common></source><sampler id="jnt_left_handthumb2-Matrix-animation-transform"><input semantic="INPUT" source="#jnt_left_handthumb2-Matrix-animation-input"/><input semantic="OUTPUT" source="#jnt_left_handthumb2-Matrix-animation-output-transform"/><input semantic="INTERPOLATION" source="#jnt_left_handthumb2-Interpolations"/></sampler><channel source="#jnt_left_handthumb2-Matrix-animation-transform" target="jnt_left_handthumb2/matrix"/></animation></animation>
    <animation id="jnt_left_handthumb3-anim" name="jnt_left_handthumb3"><animation><source id="jnt_left_handthumb3-Matrix-animation-input"><float_array id="jnt_left_handthumb3-Matrix-animation-input-array" count="8">

0.033333 0.066667 0.100000 0.133333 0.166667 0.200000 0.233333 0.266667</float_array><technique_common><accessor source="#jnt_left_handthumb3-Matrix-animation-input-array" count="8"><param name="TIME" type="float"/></accessor></technique_common></source><source id="jnt_left_handthumb3-Matrix-animation-output-transform"><float_array id="jnt_left_handthumb3-Matrix-animation-output-transform-array" count="128">

0.975492 0.220037 -0.000001 -0.141879 -0.220037 0.975492 -0.000003 0.000002 0.000000 0.000003 1.000000 -0.000027 0.000000 0.000000 0.000000 1.000000
0.975491 0.220037 -0.000001 -0.141879 -0.220037 0.975492 -0.000003 0.000003 0.000000 0.000003 1.000000 -0.000027 0.000000 0.000000 0.000000 1.000000
0.975492 0.220037 -0.000001 -0.141879 -0.220037 0.975491 -0.000003 0.000003 0.000000 0.000003 1.000000 -0.000027 0.000000 0.000000 0.000000 1.000000
0.975492 0.220037 -0.000001 -0.141879 -0.220037 0.975492 -0.000003 0.000003 0.000000 0.000003 1.000000 -0.000026 0.000000 0.000000 0.000000 1.000000
0.975492 0.220037 -0.000001 -0.141880 -0.220037 0.975492 -0.000003 0.000003 0.000000 0.000003 1.000000 -0.000027 0.000000 0.000000 0.000000 1.000000
0.975492 0.220037 -0.000001 -0.141879 -0.220037 0.975492 -0.000003 0.000003 0.000000 0.000003 1.000000 -0.000027 0.000000 0.000000 0.000000 1.000000
0.975492 0.220037 -0.000001 -0.141879 -0.220037 0.975492 -0.000003 0.000003 0.000000 0.000003 1.000000 -0.000027 0.000000 0.000000 0.000000 1.000000
0.975491 0.220037 -0.000001 -0.141879 -0.220037 0.975491 -0.000003 0.000003 0.000000 0.000003 1.000000 -0.000027 0.000000 0.000000 0.000000 1.000000</float_array><technique_common><accessor source="#jnt_left_handthumb3-Matrix-animation-output-transform-array" count="8" stride="16"><param type="float4x4"/></accessor></technique_common></source><source id="jnt_left_handthumb3-Interpolations"><Name_array id="jnt_left_handthumb3-Interpolations-array" count="8">
 LINEAR LINEAR LINEAR LINEAR LINEAR LINEAR LINEAR LINEAR</Name_array><technique_common><accessor source="#jnt_left_handthumb3-Interpolations-array" count="8"><param type="name"/></accessor></technique_common></source><sampler id="jnt_left_handthumb3-Matrix-animation-transform"><input semantic="INPUT" source="#jnt_left_handthumb3-Matrix-animation-input"/><input semantic="OUTPUT" source="#jnt_left_handthumb3-Matrix-animation-output-transform"/><input semantic="INTERPOLATION" source="#jnt_left_handthumb3-Interpolations"/></sampler><channel source="#jnt_left_handthumb3-Matrix-animation-transform" target="jnt_left_handthumb3/matrix"/></animation></animation>
    <animation id="jnt_left_handthumb4-anim" name="jnt_left_handthumb4"><animation><source id="jnt_left_handthumb4-Matrix-animation-input"><float_array id="jnt_left_handthumb4-Matrix-animation-input-array" count="8">

0.033333 0.066667 0.100000 0.133333 0.166667 0.200000 0.233333 0.266667</float_array><technique_common><accessor source="#jnt_left_handthumb4-Matrix-animation-input-array" count="8"><param name="TIME" type="float"/></accessor></technique_common></source><source id="jnt_left_handthumb4-Matrix-animation-output-transform"><float_array id="jnt_left_handthumb4-Matrix-animation-output-transform-array" count="128">

1.000000 -0.000000 0.000000 -0.122601 0.000000 1.000000 0.000000 -0.000006 -0.000000 -0.000000 1.000000 0.000005 0.000000 0.000000 0.000000 1.000000
1.000000 -0.000000 -0.000000 -0.122601 0.000000 1.000000 0.000000 -0.000006 0.000000 -0.000000 1.000000 0.000005 0.000000 0.000000 0.000000 1.000000
1.000000 -0.000000 -0.000000 -0.122601 0.000000 1.000000 0.000000 -0.000006 0.000000 -0.000000 1.000000 0.000005 0.000000 0.000000 0.000000 1.000000
1.000000 -0.000000 -0.000000 -0.122601 0.000000 1.000000 0.000000 -0.000006 0.000000 -0.000000 1.000000 0.000005 0.000000 0.000000 0.000000 1.000000
1.000000 -0.000000 -0.000000 -0.122601 0.000000 1.000000 0.000000 -0.000005 0.000000 -0.000000 1.000000 0.000005 0.000000 0.000000 0.000000 1.000000
1.000000 -0.000000 0.000000 -0.122601 0.000000 1.000000 0.000000 -0.000006 -0.000000 -0.000000 1.000000 0.000005 0.000000 0.000000 0.000000 1.000000
1.000000 -0.000000 -0.000000 -0.122601 0.000000 1.000000 0.000000 -0.000006 0.000000 -0.000000 1.000000 0.000005 0.000000 0.000000 0.000000 1.000000
1.000000 -0.000000 0.000000 -0.122601 0.000000 1.000000 0.000000 -0.000006 -0.000000 -0.000000 1.000000 0.000005 0.000000 0.000000 0.000000 1.000000</float_array><technique_common><accessor source="#jnt_left_handthumb4-Matrix-animation-output-transform-array" count="8" stride="16"><param type="float4x4"/></accessor></technique_common></source><source id="jnt_left_handthumb4-Interpolations"><Name_array id="jnt_left_handthumb4-Interpolations-array" count="8">
 LINEAR LINEAR LINEAR LINEAR LINEAR LINEAR LINEAR LINEAR</Name_array><technique_common><accessor source="#jnt_left_handthumb4-Interpolations-array" count="8"><param type="name"/></accessor></technique_common></source><sampler id="jnt_left_handthumb4-Matrix-animation-transform"><input semantic="INPUT" source="#jnt_left_handthumb4-Matrix-animation-input"/><input semantic="OUTPUT" source="#jnt_left_handthumb4-Matrix-animation-output-transform"/><input semantic="INTERPOLATION" source="#jnt_left_handthumb4-Interpolations"/></sampler><channel source="#jnt_left_handthumb4-Matrix-animation-transform" target="jnt_left_handthumb4/matrix"/></animation></animation>
    <animation id="jnt_left_handindex1-anim" name="jnt_left_handindex1"><animation><source id="jnt_left_handindex1-Matrix-animation-input"><float_array id="jnt_left_handindex1-Matrix-animation-input-array" count="8">

0.033333 0.066667 0.100000 0.133333 0.166667 0.200000 0.233333 0.266667</float_array><technique_common><accessor source="#jnt_left_handindex1-Matrix-animation-input-array" count="8"><param name="TIME" type="float"/></accessor></technique_common></source><source id="jnt_left_handindex1-Matrix-animation-output-transform"><float_array id="jnt_left_handindex1-Matrix-animation-output-transform-array" count="128">

0.588734 0.807600 0.034271 -0.494375 -0.002254 0.044037 -0.999027 -0.203977 -0.808324 0.588084 0.027746 -0.029847 0.000000 0.000000 0.000000 1.000000
0.588734 0.807600 0.034271 -0.494375 -0.002254 0.044037 -0.999027 -0.203977 -0.808323 0.588084 0.027746 -0.029847 0.000000 0.000000 0.000000 1.000000
0.588734 0.807600 0.034271 -0.494374 -0.002253 0.044037 -0.999027 -0.203977 -0.808324 0.588084 0.027746 -0.029847 0.000000 0.000000 0.000000 1.000000
0.588734 0.807600 0.034271 -0.494375 -0.002253 0.044037 -0.999027 -0.203977 -0.808324 0.588084 0.027746 -0.029847 0.000000 0.000000 0.000000 1.000000
0.588734 0.807600 0.034271 -0.494375 -0.002253 0.044037 -0.999027 -0.203977 -0.808324 0.588084 0.027746 -0.029847 0.000000 0.000000 0.000000 1.000000
0.588734 0.807600 0.034271 -0.494375 -0.002254 0.044037 -0.999027 -0.203977 -0.808324 0.588084 0.027746 -0.029847 0.000000 0.000000 0.000000 1.000000
0.588734 0.807600 0.034271 -0.494375 -0.002253 0.044037 -0.999027 -0.203977 -0.808324 0.588084 0.027746 -0.029847 0.000000 0.000000 0.000000 1.000000
0.588734 0.807600 0.034271 -0.494375 -0.002254 0.044037 -0.999027 -0.203977 -0.808324 0.588084 0.027746 -0.029847 0.000000 0.000000 0.000000 1.000000</float_array><technique_common><accessor source="#jnt_left_handindex1-Matrix-animation-output-transform-array" count="8" stride="16"><param type="float4x4"/></accessor></technique_common></source><source id="jnt_left_handindex1-Interpolations"><Name_array id="jnt_left_handindex1-Interpolations-array" count="8">
 LINEAR LINEAR LINEAR LINEAR LINEAR LINEAR LINEAR LINEAR</Name_array><technique_common><accessor source="#jnt_left_handindex1-Interpolations-array" count="8"><param type="name"/></accessor></technique_common></source><sampler id="jnt_left_handindex1-Matrix-animation-transform"><input semantic="INPUT" source="#jnt_left_handindex1-Matrix-animation-input"/><input semantic="OUTPUT" source="#jnt_left_handindex1-Matrix-animation-output-transform"/><input semantic="INTERPOLATION" source="#jnt_left_handindex1-Interpolations"/></sampler><channel source="#jnt_left_handindex1-Matrix-animation-transform" target="jnt_left_handindex1/matrix"/></animation></animation>
    <animation id="jnt_left_handindex2-anim" name="jnt_left_handindex2"><animation><source id="jnt_left_handindex2-Matrix-animation-input"><float_array id="jnt_left_handindex2-Matrix-animation-input-array" count="8">

0.033333 0.066667 0.100000 0.133333 0.166667 0.200000 0.233333 0.266667</float_array><technique_common><accessor source="#jnt_left_handindex2-Matrix-animation-input-array" count="8"><param name="TIME" type="float"/></accessor></technique_common></source><source id="jnt_left_handindex2-Matrix-animation-output-transform"><float_array id="jnt_left_handindex2-Matrix-animation-output-transform-array" count="128">

0.867861 0.496806 -0.000000 -0.145432 -0.496806 0.867861 -0.000000 0.001125 0.000000 0.000001 1.000000 0.000040 0.000000 0.000000 0.000000 1.000000
0.867862 0.496806 -0.000000 -0.145432 -0.496806 0.867862 -0.000000 0.001124 -0.000000 0.000001 1.000000 0.000040 0.000000 0.000000 0.000000 1.000000
0.867861 0.496806 -0.000000 -0.145431 -0.496806 0.867861 -0.000000 0.001124 0.000000 0.000001 1.000000 0.000040 0.000000 0.000000 0.000000 1.000000
0.867862 0.496806 -0.000000 -0.145433 -0.496806 0.867861 -0.000000 0.001125 -0.000000 0.000001 1.000000 0.000040 0.000000 0.000000 0.000000 1.000000
0.867861 0.496806 -0.000000 -0.145433 -0.496806 0.867861 -0.000000 0.001125 -0.000000 0.000001 1.000000 0.000040 0.000000 0.000000 0.000000 1.000000
0.867862 0.496806 -0.000000 -0.145431 -0.496806 0.867862 -0.000000 0.001125 0.000000 0.000001 1.000000 0.000040 0.000000 0.000000 0.000000 1.000000
0.867861 0.496806 -0.000000 -0.145432 -0.496806 0.867861 -0.000000 0.001125 0.000000 0.000001 1.000000 0.000040 0.000000 0.000000 0.000000 1.000000
0.867861 0.496806 -0.000000 -0.145433 -0.496806 0.867861 -0.000000 0.001125 0.000000 0.000000 1.000000 0.000040 0.000000 0.000000 0.000000 1.000000</float_array><technique_common><accessor source="#jnt_left_handindex2-Matrix-animation-output-transform-array" count="8" stride="16"><param type="float4x4"/></accessor></technique_common></source><source id="jnt_left_handindex2-Interpolations"><Name_array id="jnt_left_handindex2-Interpolations-array" count="8">
 LINEAR LINEAR LINEAR LINEAR LINEAR LINEAR LINEAR LINEAR</Name_array><technique_common><accessor source="#jnt_left_handindex2-Interpolations-array" count="8"><param type="name"/></accessor></technique_common></source><sampler id="jnt_left_handindex2-Matrix-animation-transform"><input semantic="INPUT" source="#jnt_left_handindex2-Matrix-animation-input"/><input semantic="OUTPUT" source="#jnt_left_handindex2-Matrix-animation-output-transform"/><input semantic="INTERPOLATION" source="#jnt_left_handindex2-Interpolations"/></sampler><channel source="#jnt_left_handindex2-Matrix-animation-transform" target="jnt_left_handindex2/matrix"/></animation></animation>
    <animation id="jnt_left_handindex3-anim" name="jnt_left_handindex3"><animation><source id="jnt_left_handindex3-Matrix-animation-input"><float_array id="jnt_left_handindex3-Matrix-animation-input-array" count="8">

0.033333 0.066667 0.100000 0.133333 0.166667 0.200000 0.233333 0.266667</float_array><technique_common><accessor source="#jnt_left_handindex3-Matrix-animation-input-array" count="8"><param name="TIME" type="float"/></accessor></technique_common></source><source id="jnt_left_handindex3-Matrix-animation-output-transform"><float_array id="jnt_left_handindex3-Matrix-animation-output-transform-array" count="128">

0.857075 0.515192 -0.000000 -0.093752 -0.515192 0.857075 0.000001 0.000003 0.000000 -0.000001 1.000000 -0.000000 0.000000 0.000000 0.000000 1.000000
0.857075 0.515192 -0.000000 -0.093752 -0.515192 0.857075 0.000001 0.000003 0.000000 -0.000001 1.000000 0.000000 0.000000 0.000000 0.000000 1.000000
0.857075 0.515192 -0.000000 -0.093753 -0.515192 0.857075 0.000001 0.000003 0.000000 -0.000001 1.000000 0.000000 0.000000 0.000000 0.000000 1.000000
0.857075 0.515192 -0.000000 -0.093753 -0.515192 0.857075 0.000001 0.000003 0.000000 -0.000001 1.000000 0.000000 0.000000 0.000000 0.000000 1.000000
0.857075 0.515192 -0.000000 -0.093752 -0.515192 0.857075 0.000001 0.000003 0.000000 -0.000001 1.000000 -0.000000 0.000000 0.000000 0.000000 1.000000
0.857075 0.515192 -0.000000 -0.093752 -0.515192 0.857075 0.000001 0.000003 0.000000 -0.000001 1.000000 0.000000 0.000000 0.000000 0.000000 1.000000
0.857075 0.515192 -0.000000 -0.093753 -0.515192 0.857075 0.000001 0.000003 0.000000 -0.000001 1.000000 0.000000 0.000000 0.000000 0.000000 1.000000
0.857075 0.515192 -0.000000 -0.093753 -0.515192 0.857075 0.000001 0.000003 0.000000 -0.000001 1.000000 -0.000000 0.000000 0.000000 0.000000 1.000000</float_array><technique_common><accessor source="#jnt_left_handindex3-Matrix-animation-output-transform-array" count="8" stride="16"><param type="float4x4"/></accessor></technique_common></source><source id="jnt_left_handindex3-Interpolations"><Name_array id="jnt_left_handindex3-Interpolations-array" count="8">
 LINEAR LINEAR LINEAR LINEAR LINEAR LINEAR LINEAR LINEAR</Name_array><technique_common><accessor source="#jnt_left_handindex3-Interpolations-array" count="8"><param type="name"/></accessor></technique_common></source><sampler id="jnt_left_handindex3-Matrix-animation-transform"><input semantic="INPUT" source="#jnt_left_handindex3-Matrix-animation-input"/><input semantic="OUTPUT" source="#jnt_left_handindex3-Matrix-animation-output-transform"/><input semantic="INTERPOLATION" source="#jnt_left_handindex3-Interpolations"/></sampler><channel source="#jnt_left_handindex3-Matrix-animation-transform" target="jnt_left_handindex3/matrix"/></animation></animation>
    <animation id="jnt_left_handindex4-anim" name="jnt_left_handindex4"><animation><source id="jnt_left_handindex4-Matrix-animation-input"><float_array id="jnt_left_handindex4-Matrix-animation-input-array" count="8">

0.033333 0.066667 0.100000 0.133333 0.166667 0.200000 0.233333 0.266667</float_array><technique_common><accessor source="#jnt_left_handindex4-Matrix-animation-input-array" count="8"><param name="TIME" type="float"/></accessor></technique_common></source><source id="jnt_left_handindex4-Matrix-animation-output-transform"><float_array id="jnt_left_handindex4-Matrix-animation-output-transform-array" count="128">

1.000000 -0.000000 0.000000 -0.107084 0.000000 1.000000 -0.000000 0.000049 -0.000000 0.000000 1.000000 -0.001504 0.000000 0.000000 0.000000 1.000000
1.000000 -0.000000 0.000000 -0.107085 0.000000 1.000000 -0.000000 0.000048 0.000000 0.000000 1.000000 -0.001504 0.000000 0.000000 0.000000 1.000000
1.000000 -0.000000 0.000000 -0.107084 0.000000 1.000000 0.000000 0.000048 -0.000000 0.000000 1.000000 -0.001504 0.000000 0.000000 0.000000 1.000000
1.000000 -0.000000 0.000000 -0.107084 0.000000 1.000000 0.000000 0.000048 -0.000000 -0.000000 1.000000 -0.001504 0.000000 0.000000 0.000000 1.000000
1.000000 0.000000 0.000000 -0.107084 -0.000000 1.000000 -0.000000 0.000048 -0.000000 -0.000000 1.000000 -0.001504 0.000000 0.000000 0.000000 1.000000
1.000000 0.000000 -0.000000 -0.107084 -0.000000 1.000000 -0.000000 0.000049 0.000000 0.000000 1.000000 -0.001504 0.000000 0.000000 0.000000 1.000000
1.000000 -0.000000 0.000000 -0.107084 0.000000 1.000000 0.000000 0.000049 -0.000000 -0.000000 1.000000 -0.001504 0.000000 0.000000 0.000000 1.000000
1.000000 0.000000 0.000000 -0.107084 -0.000000 1.000000 0.000000 0.000049 -0.000000 -0.000000 1.000000 -0.001504 0.000000 0.000000 0.000000 1.000000</float_array><technique_common><accessor source="#jnt_left_handindex4-Matrix-animation-output-transform-array" count="8" stride="16"><param type="float4x4"/></accessor></technique_common></source><source id="jnt_left_handindex4-Interpolations"><Name_array id="jnt_left_handindex4-Interpolations-array" count="8">
 LINEAR LINEAR LINEAR LINEAR LINEAR LINEAR LINEAR LINEAR</Name_array><technique_common><accessor source="#jnt_left_handindex4-Interpolations-array" count="8"><param type="name"/></accessor></technique_common></source><sampler id="jnt_left_handindex4-Matrix-animation-transform"><input semantic="INPUT" source="#jnt_left_handindex4-Matrix-animation-input"/><input semantic="OUTPUT" source="#jnt_left_handindex4-Matrix-animation-output-transform"/><input semantic="INTERPOLATION" source="#jnt_left_handindex4-Interpolations"/></sampler><channel source="#jnt_left_handindex4-Matrix-animation-transform" target="jnt_left_handindex4/matrix"/></animation></animation>
    <animation id="jnt_left_weapon-anim" name="jnt_left_weapon"><animation><source id="jnt_left_weapon-Matrix-animation-input"><float_array id="jnt_left_weapon-Matrix-animation-input-array" count="8">

0.033333 0.066667 0.100000 0.133333 0.166667 0.200000 0.233333 0.266667</float_array><technique_common><accessor source="#jnt_left_weapon-Matrix-animation-input-array" count="8"><param name="TIME" type="float"/></accessor></technique_common></source><source id="jnt_left_weapon-Matrix-animation-output-transform"><float_array id="jnt_left_weapon-Matrix-animation-output-transform-array" count="128">

-0.068652 -0.108939 -0.991679 -0.369354 0.108715 -0.988918 0.101111 -0.054074 -0.991705 -0.100868 0.079734 0.296616 0.000000 0.000000 0.000000 1.000000
-0.068652 -0.108939 -0.991679 -0.369354 0.108715 -0.988918 0.101111 -0.054074 -0.991705 -0.100868 0.079734 0.296616 0.000000 0.000000 0.000000 1.000000
-0.068652 -0.108938 -0.991680 -0.369354 0.108715 -0.988918 0.101110 -0.054074 -0.991705 -0.100868 0.079734 0.296616 0.000000 0.000000 0.000000 1.000000
-0.068652 -0.108938 -0.991680 -0.369354 0.108715 -0.988918 0.101110 -0.054074 -0.991705 -0.100868 0.079734 0.296616 0.000000 0.000000 0.000000 1.000000
-0.068652 -0.108939 -0.991679 -0.369354 0.108715 -0.988918 0.101111 -0.054074 -0.991705 -0.100868 0.079734 0.296616 0.000000 0.000000 0.000000 1.000000
-0.068652 -0.108938 -0.991679 -0.369354 0.108715 -0.988918 0.101110 -0.054074 -0.991705 -0.100868 0.079734 0.296616 0.000000 0.000000 0.000000 1.000000
-0.068652 -0.108939 -0.991679 -0.369354 0.108715 -0.988918 0.101111 -0.054074 -0.991705 -0.100868 0.079734 0.296616 0.000000 0.000000 0.000000 1.000000
-0.068652 -0.108938 -0.991680 -0.369354 0.108715 -0.988918 0.101110 -0.054074 -0.991705 -0.100868 0.079734 0.296616 0.000000 0.000000 0.000000 1.000000</float_array><technique_common><accessor source="#jnt_left_weapon-Matrix-animation-output-transform-array" count="8" stride="16"><param type="float4x4"/></accessor></technique_common></source><source id="jnt_left_weapon-Interpolations"><Name_array id="jnt_left_weapon-Interpolations-array" count="8">
 LINEAR LINEAR LINEAR LINEAR LINEAR LINEAR LINEAR LINEAR</Name_array><technique_common><accessor source="#jnt_left_weapon-Interpolations-array" count="8"><param type="name"/></accessor></technique_common></source><sampler id="jnt_left_weapon-Matrix-animation-transform"><input semantic="INPUT" source="#jnt_left_weapon-Matrix-animation-input"/><input semantic="OUTPUT" source="#jnt_left_weapon-Matrix-animation-output-transform"/><input semantic="INTERPOLATION" source="#jnt_left_weapon-Interpolations"/></sampler><channel source="#jnt_left_weapon-Matrix-animation-transform" target="jnt_left_weapon/matrix"/></animation></animation>
    <animation id="jnt_left_handmiddle1-anim" name="jnt_left_handmiddle1"><animation><source id="jnt_left_handmiddle1-Matrix-animation-input"><float_array id="jnt_left_handmiddle1-Matrix-animation-input-array" count="8">

0.033333 0.066667 0.100000 0.133333 0.166667 0.200000 0.233333 0.266667</float_array><technique_common><accessor source="#jnt_left_handmiddle1-Matrix-animation-input-array" count="8"><param name="TIME" type="float"/></accessor></technique_common></source><source id="jnt_left_handmiddle1-Matrix-animation-output-transform"><float_array id="jnt_left_handmiddle1-Matrix-animation-output-transform-array" count="128">

0.276891 0.958480 -0.068176 -0.489247 -0.019209 -0.065414 -0.997673 -0.062066 -0.960710 0.277556 0.000299 -0.036308 0.000000 0.000000 0.000000 1.000000
0.276891 0.958480 -0.068176 -0.489248 -0.019209 -0.065415 -0.997673 -0.062066 -0.960710 0.277556 0.000299 -0.036308 0.000000 0.000000 0.000000 1.000000
0.276890 0.958480 -0.068176 -0.489248 -0.019209 -0.065414 -0.997673 -0.062066 -0.960709 0.277556 0.000299 -0.036308 0.000000 0.000000 0.000000 1.000000
0.276891 0.958480 -0.068176 -0.489248 -0.019209 -0.065414 -0.997673 -0.062066 -0.960709 0.277556 0.000299 -0.036308 0.000000 0.000000 0.000000 1.000000
0.276890 0.958480 -0.068176 -0.489247 -0.019209 -0.065415 -0.997674 -0.062066 -0.960710 0.277556 0.000299 -0.036308 0.000000 0.000000 0.000000 1.000000
0.276891 0.958480 -0.068176 -0.489247 -0.019209 -0.065414 -0.997673 -0.062066 -0.960710 0.277556 0.000299 -0.036308 0.000000 0.000000 0.000000 1.000000
0.276891 0.958480 -0.068176 -0.489248 -0.019209 -0.065414 -0.997673 -0.062066 -0.960709 0.277556 0.000299 -0.036308 0.000000 0.000000 0.000000 1.000000
0.276890 0.958480 -0.068176 -0.489248 -0.019209 -0.065414 -0.997673 -0.062066 -0.960709 0.277556 0.000299 -0.036308 0.000000 0.000000 0.000000 1.000000</float_array><technique_common><accessor source="#jnt_left_handmiddle1-Matrix-animation-output-transform-array" count="8" stride="16"><param type="float4x4"/></accessor></technique_common></source><source id="jnt_left_handmiddle1-Interpolations"><Name_array id="jnt_left_handmiddle1-Interpolations-array" count="8">
 LINEAR LINEAR LINEAR LINEAR LINEAR LINEAR LINEAR LINEAR</Name_array><technique_common><accessor source="#jnt_left_handmiddle1-Interpolations-array" count="8"><param type="name"/></accessor></technique_common></source><sampler id="jnt_left_handmiddle1-Matrix-animation-transform"><input semantic="INPUT" source="#jnt_left_handmiddle1-Matrix-animation-input"/><input semantic="OUTPUT" source="#jnt_left_handmiddle1-Matrix-animation-output-transform"/><input semantic="INTERPOLATION" source="#jnt_left_handmiddle1-Interpolations"/></sampler><channel source="#jnt_left_handmiddle1-Matrix-animation-transform" target="jnt_left_handmiddle1/matrix"/></animation></animation>
    <animation id="jnt_left_handmiddle2-anim" name="jnt_left_handmiddle2"><animation><source id="jnt_left_handmiddle2-Matrix-animation-input"><float_array id="jnt_left_handmiddle2-Matrix-animation-input-array" count="8">

0.033333 0.066667 0.100000 0.133333 0.166667 0.200000 0.233333 0.266667</float_array><technique_common><accessor source="#jnt_left_handmiddle2-Matrix-animation-input-array" count="8"><param name="TIME" type="float"/></accessor></technique_common></source><source id="jnt_left_handmiddle2-Matrix-animation-output-transform"><float_array id="jnt_left_handmiddle2-Matrix-animation-output-transform-array" count="128">

0.618845 0.785513 -0.000000 -0.176688 -0.785513 0.618845 0.000000 0.000003 0.000000 0.000000 1.000000 0.000000 0.000000 0.000000 0.000000 1.000000
0.618845 0.785513 -0.000000 -0.176688 -0.785513 0.618845 0.000000 0.000003 0.000000 0.000000 1.000000 0.000000 0.000000 0.000000 0.000000 1.000000
0.618845 0.785513 -0.000000 -0.176687 -0.785513 0.618845 0.000000 0.000003 0.000000 0.000000 1.000000 -0.000000 0.000000 0.000000 0.000000 1.000000
0.618845 0.785513 -0.000000 -0.176688 -0.785513 0.618845 0.000000 0.000003 0.000000 0.000000 1.000000 0.000000 0.000000 0.000000 0.000000 1.000000
0.618845 0.785513 -0.000000 -0.176688 -0.785513 0.618845 0.000000 0.000004 0.000000 0.000000 1.000000 0.000000 0.000000 0.000000 0.000000 1.000000
0.618845 0.785513 -0.000000 -0.176689 -0.785513 0.618845 0.000000 0.000004 0.000000 0.000000 1.000000 -0.000000 0.000000 0.000000 0.000000 1.000000
0.618845 0.785513 -0.000000 -0.176688 -0.785513 0.618845 0.000000 0.000003 0.000000 0.000000 1.000000 -0.000000 0.000000 0.000000 0.000000 1.000000
0.618845 0.785514 -0.000000 -0.176688 -0.785514 0.618845 0.000000 0.000004 0.000000 0.000000 1.000000 -0.000000 0.000000 0.000000 0.000000 1.000000</float_array><technique_common><accessor source="#jnt_left_handmiddle2-Matrix-animation-output-transform-array" count="8" stride="16"><param type="float4x4"/></accessor></technique_common></source><source id="jnt_left_handmiddle2-Interpolations"><Name_array id="jnt_left_handmiddle2-Interpolations-array" count="8">
 LINEAR LINEAR LINEAR LINEAR LINEAR LINEAR LINEAR LINEAR</Name_array><technique_common><accessor source="#jnt_left_handmiddle2-Interpolations-array" count="8"><param type="name"/></accessor></technique_common></source><sampler id="jnt_left_handmiddle2-Matrix-animation-transform"><input semantic="INPUT" source="#jnt_left_handmiddle2-Matrix-animation-input"/><input semantic="OUTPUT" source="#jnt_left_handmiddle2-Matrix-animation-output-transform"/><input semantic="INTERPOLATION" source="#jnt_left_handmiddle2-Interpolations"/></sampler><channel source="#jnt_left_handmiddle2-Matrix-animation-transform" target="jnt_left_handmiddle2/matrix"/></animation></animation>
    <animation id="jnt_left_handmiddle3-anim" name="jnt_left_handmiddle3"><animation><source id="jnt_left_handmiddle3-Matrix-animation-input"><float_array id="jnt_left_handmiddle3-Matrix-animation-input-array" count="8">

0.033333 0.066667 0.100000 0.133333 0.166667 0.200000 0.233333 0.266667</float_array><technique_common><accessor source="#jnt_left_handmiddle3-Matrix-animation-input-array" count="8"><param name="TIME" type="float"/></accessor></technique_common></source><source id="jnt_left_handmiddle3-Matrix-animation-output-transform"><float_array id="jnt_left_handmiddle3-Matrix-animation-output-transform-array" count="128">

0.875758 0.482750 0.000000 -0.108367 -0.482750 0.875758 0.000000 0.000001 -0.000000 -0.000000 1.000000 0.000000 0.000000 0.000000 0.000000 1.000000
0.875758 0.482750 0.000000 -0.108368 -0.482750 0.875758 0.000000 0.000002 -0.000000 -0.000000 1.000000 0.000000 0.000000 0.000000 0.000000 1.000000
0.875758 0.482750 0.000000 -0.108367 -0.482750 0.875758 0.000000 0.000001 -0.000000 -0.000000 1.000000 -0.000000 0.000000 0.000000 0.000000 1.000000
0.875758 0.482750 0.000000 -0.108367 -0.482750 0.875758 0.000000 0.000001 -0.000000 -0.000000 1.000000 0.000000 0.000000 0.000000 0.000000 1.000000
0.875758 0.482750 0.000000 -0.108367 -0.482750 0.875759 0.000000 0.000002 -0.000000 -0.000000 1.000000 0.000000 0.000000 0.000000 0.000000 1.000000
0.875758 0.482750 0.000000 -0.108367 -0.482750 0.875758 0.000000 0.000001 -0.000000 -0.000000 1.000000 -0.000000 0.000000 0.000000 0.000000 1.000000
0.875758 0.482750 0.000000 -0.108367 -0.482750 0.875758 0.000000 0.000002 -0.000000 -0.000000 1.000000 0.000000 0.000000 0.000000 0.000000 1.000000
0.875758 0.482750 0.000000 -0.108367 -0.482750 0.875758 0.000000 0.000001 -0.000000 -0.000000 1.000000 -0.000000 0.000000 0.000000 0.000000 1.000000</float_array><technique_common><accessor source="#jnt_left_handmiddle3-Matrix-animation-output-transform-array" count="8" stride="16"><param type="float4x4"/></accessor></technique_common></source><source id="jnt_left_handmiddle3-Interpolations"><Name_array id="jnt_left_handmiddle3-Interpolations-array" count="8">
 LINEAR LINEAR LINEAR LINEAR LINEAR LINEAR LINEAR LINEAR</Name_array><technique_common><accessor source="#jnt_left_handmiddle3-Interpolations-array" count="8"><param type="name"/></accessor></technique_common></source><sampler id="jnt_left_handmiddle3-Matrix-animation-transform"><input semantic="INPUT" source="#jnt_left_handmiddle3-Matrix-animation-input"/><input semantic="OUTPUT" source="#jnt_left_handmiddle3-Matrix-animation-output-transform"/><input semantic="INTERPOLATION" source="#jnt_left_handmiddle3-Interpolations"/></sampler><channel source="#jnt_left_handmiddle3-Matrix-animation-transform" target="jnt_left_handmiddle3/matrix"/></animation></animation>
    <animation id="jnt_left_handmiddle4-anim" name="jnt_left_handmiddle4"><animation><source id="jnt_left_handmiddle4-Matrix-animation-input"><float_array id="jnt_left_handmiddle4-Matrix-animation-input-array" count="8">

0.033333 0.066667 0.100000 0.133333 0.166667 0.200000 0.233333 0.266667</float_array><technique_common><accessor source="#jnt_left_handmiddle4-Matrix-animation-input-array" count="8"><param name="TIME" type="float"/></accessor></technique_common></source><source id="jnt_left_handmiddle4-Matrix-animation-output-transform"><float_array id="jnt_left_handmiddle4-Matrix-animation-output-transform-array" count="128">

1.000000 0.000000 0.000000 -0.119193 -0.000000 1.000000 0.000000 -0.000107 -0.000000 -0.000000 1.000000 0.000005 0.000000 0.000000 0.000000 1.000000
1.000000 0.000000 -0.000000 -0.119193 -0.000000 1.000000 0.000000 -0.000107 0.000000 -0.000000 1.000000 0.000005 0.000000 0.000000 0.000000 1.000000
1.000000 0.000000 0.000000 -0.119193 -0.000000 1.000000 -0.000000 -0.000107 -0.000000 0.000000 1.000000 0.000005 0.000000 0.000000 0.000000 1.000000
1.000000 0.000000 -0.000000 -0.119193 -0.000000 1.000000 0.000000 -0.000107 0.000000 -0.000000 1.000000 0.000005 0.000000 0.000000 0.000000 1.000000
1.000000 -0.000000 0.000000 -0.119193 0.000000 1.000000 0.000000 -0.000106 -0.000000 -0.000000 1.000000 0.000005 0.000000 0.000000 0.000000 1.000000
1.000000 -0.000000 0.000000 -0.119193 0.000000 1.000000 0.000000 -0.000106 -0.000000 -0.000000 1.000000 0.000005 0.000000 0.000000 0.000000 1.000000
1.000000 0.000000 0.000000 -0.119193 -0.000000 1.000000 0.000000 -0.000107 -0.000000 -0.000000 1.000000 0.000005 0.000000 0.000000 0.000000 1.000000
1.000000 0.000000 0.000000 -0.119193 -0.000000 1.000000 0.000000 -0.000107 -0.000000 -0.000000 1.000000 0.000005 0.000000 0.000000 0.000000 1.000000</float_array><technique_common><accessor source="#jnt_left_handmiddle4-Matrix-animation-output-transform-array" count="8" stride="16"><param type="float4x4"/></accessor></technique_common></source><source id="jnt_left_handmiddle4-Interpolations"><Name_array id="jnt_left_handmiddle4-Interpolations-array" count="8">
 LINEAR LINEAR LINEAR LINEAR LINEAR LINEAR LINEAR LINEAR</Name_array><technique_common><accessor source="#jnt_left_handmiddle4-Interpolations-array" count="8"><param type="name"/></accessor></technique_common></source><sampler id="jnt_left_handmiddle4-Matrix-animation-transform"><input semantic="INPUT" source="#jnt_left_handmiddle4-Matrix-animation-input"/><input semantic="OUTPUT" source="#jnt_left_handmiddle4-Matrix-animation-output-transform"/><input semantic="INTERPOLATION" source="#jnt_left_handmiddle4-Interpolations"/></sampler><channel source="#jnt_left_handmiddle4-Matrix-animation-transform" target="jnt_left_handmiddle4/matrix"/></animation></animation>
    <animation id="jnt_left_handring1-anim" name="jnt_left_handring1"><animation><source id="jnt_left_handring1-Matrix-animation-input"><float_array id="jnt_left_handring1-Matrix-animation-input-array" count="8">

0.033333 0.066667 0.100000 0.133333 0.166667 0.200000 0.233333 0.266667</float_array><technique_common><accessor source="#jnt_left_handring1-Matrix-animation-input-array" count="8"><param name="TIME" type="float"/></accessor></technique_common></source><source id="jnt_left_handring1-Matrix-animation-output-transform"><float_array id="jnt_left_handring1-Matrix-animation-output-transform-array" count="128">

0.299274 0.927645 -0.223406 -0.469964 -0.003317 -0.233124 -0.972441 0.076798 -0.954161 0.291767 -0.066691 -0.036648 0.000000 0.000000 0.000000 1.000000
0.299274 0.927645 -0.223406 -0.469964 -0.003317 -0.233124 -0.972441 0.076798 -0.954162 0.291768 -0.066691 -0.036647 0.000000 0.000000 0.000000 1.000000
0.299274 0.927645 -0.223406 -0.469963 -0.003317 -0.233124 -0.972441 0.076797 -0.954162 0.291768 -0.066691 -0.036647 0.000000 0.000000 0.000000 1.000000
0.299274 0.927645 -0.223406 -0.469963 -0.003317 -0.233124 -0.972441 0.076797 -0.954161 0.291768 -0.066691 -0.036647 0.000000 0.000000 0.000000 1.000000
0.299274 0.927645 -0.223406 -0.469963 -0.003317 -0.233124 -0.972441 0.076797 -0.954162 0.291767 -0.066691 -0.036647 0.000000 0.000000 0.000000 1.000000
0.299274 0.927645 -0.223406 -0.469963 -0.003317 -0.233124 -0.972441 0.076797 -0.954162 0.291768 -0.066691 -0.036648 0.000000 0.000000 0.000000 1.000000
0.299274 0.927645 -0.223405 -0.469963 -0.003317 -0.233124 -0.972441 0.076797 -0.954161 0.291768 -0.066691 -0.036647 0.000000 0.000000 0.000000 1.000000
0.299274 0.927645 -0.223406 -0.469963 -0.003317 -0.233124 -0.972441 0.076797 -0.954161 0.291767 -0.066691 -0.036647 0.000000 0.000000 0.000000 1.000000</float_array><technique_common><accessor source="#jnt_left_handring1-Matrix-animation-output-transform-array" count="8" stride="16"><param type="float4x4"/></accessor></technique_common></source><source id="jnt_left_handring1-Interpolations"><Name_array id="jnt_left_handring1-Interpolations-array" count="8">
 LINEAR LINEAR LINEAR LINEAR LINEAR LINEAR LINEAR LINEAR</Name_array><technique_common><accessor source="#jnt_left_handring1-Interpolations-array" count="8"><param type="name"/></accessor></technique_common></source><sampler id="jnt_left_handring1-Matrix-animation-transform"><input semantic="INPUT" source="#jnt_left_handring1-Matrix-animation-input"/><input semantic="OUTPUT" source="#jnt_left_handring1-Matrix-animation-output-transform"/><input semantic="INTERPOLATION" source="#jnt_left_handring1-Interpolations"/></sampler><channel source="#jnt_left_handring1-Matrix-animation-transform" target="jnt_left_handring1/matrix"/></animation></animation>
    <animation id="jnt_left_handring2-anim" name="jnt_left_handring2"><animation><source id="jnt_left_handring2-Matrix-animation-input"><float_array id="jnt_left_handring2-Matrix-animation-input-array" count="8">

0.033333 0.066667 0.100000 0.133333 0.166667 0.200000 0.233333 0.266667</float_array><technique_common><accessor source="#jnt_left_handring2-Matrix-animation-input-array" count="8"><param name="TIME" type="float"/></accessor></technique_common></source><source id="jnt_left_handring2-Matrix-animation-output-transform"><float_array id="jnt_left_handring2-Matrix-animation-output-transform-array" count="128">

0.697853 0.716241 0.000000 -0.184233 -0.716241 0.697853 -0.000001 -0.000001 -0.000001 0.000001 1.000000 -0.000001 0.000000 0.000000 0.000000 1.000000
0.697853 0.716241 0.000000 -0.184234 -0.716241 0.697853 -0.000001 -0.000001 -0.000001 0.000001 1.000000 -0.000001 0.000000 0.000000 0.000000 1.000000
0.697853 0.716241 0.000000 -0.184234 -0.716241 0.697853 -0.000001 -0.000001 -0.000001 0.000001 1.000000 -0.000001 0.000000 0.000000 0.000000 1.000000
0.697854 0.716240 0.000000 -0.184232 -0.716241 0.697854 -0.000001 -0.000002 -0.000001 0.000001 1.000000 -0.000001 0.000000 0.000000 0.000000 1.000000
0.697853 0.716240 0.000000 -0.184233 -0.716240 0.697853 -0.000001 -0.000001 -0.000001 0.000001 1.000000 -0.000001 0.000000 0.000000 0.000000 1.000000
0.697854 0.716241 0.000000 -0.184233 -0.716241 0.697854 -0.000001 -0.000001 -0.000001 0.000001 1.000000 -0.000001 0.000000 0.000000 0.000000 1.000000
0.697854 0.716241 0.000000 -0.184234 -0.716241 0.697854 -0.000001 -0.000001 -0.000001 0.000001 1.000000 -0.000001 0.000000 0.000000 0.000000 1.000000
0.697854 0.716241 0.000000 -0.184234 -0.716241 0.697854 -0.000001 -0.000001 -0.000001 0.000001 1.000000 -0.000001 0.000000 0.000000 0.000000 1.000000</float_array><technique_common><accessor source="#jnt_left_handring2-Matrix-animation-output-transform-array" count="8" stride="16"><param type="float4x4"/></accessor></technique_common></source><source id="jnt_left_handring2-Interpolations"><Name_array id="jnt_left_handring2-Interpolations-array" count="8">
 LINEAR LINEAR LINEAR LINEAR LINEAR LINEAR LINEAR LINEAR</Name_array><technique_common><accessor source="#jnt_left_handring2-Interpolations-array" count="8"><param type="name"/></accessor></technique_common></source><sampler id="jnt_left_handring2-Matrix-animation-transform"><input semantic="INPUT" source="#jnt_left_handring2-Matrix-animation-input"/><input semantic="OUTPUT" source="#jnt_left_handring2-Matrix-animation-output-transform"/><input semantic="INTERPOLATION" source="#jnt_left_handring2-Interpolations"/></sampler><channel source="#jnt_left_handring2-Matrix-animation-transform" target="jnt_left_handring2/matrix"/></animation></animation>
    <animation id="jnt_left_handring3-anim" name="jnt_left_handring3"><animation><source id="jnt_left_handring3-Matrix-animation-input"><float_array id="jnt_left_handring3-Matrix-animation-input-array" count="8">

0.033333 0.066667 0.100000 0.133333 0.166667 0.200000 0.233333 0.266667</float_array><technique_common><accessor source="#jnt_left_handring3-Matrix-animation-input-array" count="8"><param name="TIME" type="float"/></accessor></technique_common></source><source id="jnt_left_handring3-Matrix-animation-output-transform"><float_array id="jnt_left_handring3-Matrix-animation-output-transform-array" count="128">

0.825905 0.563809 0.000000 -0.103959 -0.563809 0.825905 0.000001 0.000003 0.000001 -0.000001 1.000000 0.000000 0.000000 0.000000 0.000000 1.000000
0.825905 0.563809 0.000000 -0.103958 -0.563809 0.825905 0.000001 0.000003 0.000001 -0.000001 1.000000 -0.000000 0.000000 0.000000 0.000000 1.000000
0.825905 0.563809 0.000000 -0.103958 -0.563809 0.825905 0.000001 0.000002 0.000001 -0.000001 1.000000 0.000000 0.000000 0.000000 0.000000 1.000000
0.825905 0.563809 0.000000 -0.103957 -0.563809 0.825905 0.000001 0.000003 0.000001 -0.000001 1.000000 -0.000000 0.000000 0.000000 0.000000 1.000000
0.825905 0.563809 0.000000 -0.103959 -0.563809 0.825905 0.000001 0.000003 0.000001 -0.000001 1.000000 0.000000 0.000000 0.000000 0.000000 1.000000
0.825905 0.563809 0.000000 -0.103958 -0.563809 0.825905 0.000001 0.000002 0.000001 -0.000001 1.000000 -0.000000 0.000000 0.000000 0.000000 1.000000
0.825905 0.563809 0.000000 -0.103958 -0.563809 0.825905 0.000001 0.000003 0.000001 -0.000001 1.000000 0.000000 0.000000 0.000000 0.000000 1.000000
0.825905 0.563809 0.000000 -0.103958 -0.563809 0.825905 0.000001 0.000003 0.000001 -0.000001 1.000000 -0.000000 0.000000 0.000000 0.000000 1.000000</float_array><technique_common><accessor source="#jnt_left_handring3-Matrix-animation-output-transform-array" count="8" stride="16"><param type="float4x4"/></accessor></technique_common></source><source id="jnt_left_handring3-Interpolations"><Name_array id="jnt_left_handring3-Interpolations-array" count="8">
 LINEAR LINEAR LINEAR LINEAR LINEAR LINEAR LINEAR LINEAR</Name_array><technique_common><accessor source="#jnt_left_handring3-Interpolations-array" count="8"><param type="name"/></accessor></technique_common></source><sampler id="jnt_left_handring3-Matrix-animation-transform"><input semantic="INPUT" source="#jnt_left_handring3-Matrix-animation-input"/><input semantic="OUTPUT" source="#jnt_left_handring3-Matrix-animation-output-transform"/><input semantic="INTERPOLATION" source="#jnt_left_handring3-Interpolations"/></sampler><channel source="#jnt_left_handring3-Matrix-animation-transform" target="jnt_left_handring3/matrix"/></animation></animation>
    <animation id="jnt_left_handring4-anim" name="jnt_left_handring4"><animation><source id="jnt_left_handring4-Matrix-animation-input"><float_array id="jnt_left_handring4-Matrix-animation-input-array" count="8">

0.033333 0.066667 0.100000 0.133333 0.166667 0.200000 0.233333 0.266667</float_array><technique_common><accessor source="#jnt_left_handring4-Matrix-animation-input-array" count="8"><param name="TIME" type="float"/></accessor></technique_common></source><source id="jnt_left_handring4-Matrix-animation-output-transform"><float_array id="jnt_left_handring4-Matrix-animation-output-transform-array" count="128">

1.000000 0.000000 -0.000000 -0.120246 -0.000000 1.000000 0.000000 -0.000105 0.000000 -0.000000 1.000000 0.000017 0.000000 0.000000 0.000000 1.000000
1.000000 0.000000 -0.000000 -0.120246 -0.000000 1.000000 0.000000 -0.000105 0.000000 -0.000000 1.000000 0.000017 0.000000 0.000000 0.000000 1.000000
1.000000 0.000000 -0.000000 -0.120246 -0.000000 1.000000 0.000000 -0.000105 0.000000 -0.000000 1.000000 0.000017 0.000000 0.000000 0.000000 1.000000
1.000000 0.000000 -0.000000 -0.120246 -0.000000 1.000000 0.000000 -0.000105 0.000000 -0.000000 1.000000 0.000017 0.000000 0.000000 0.000000 1.000000
1.000000 0.000000 -0.000000 -0.120246 -0.000000 1.000000 0.000000 -0.000105 0.000000 -0.000000 1.000000 0.000017 0.000000 0.000000 0.000000 1.000000
1.000000 0.000000 0.000000 -0.120246 -0.000000 1.000000 0.000000 -0.000105 -0.000000 -0.000000 1.000000 0.000017 0.000000 0.000000 0.000000 1.000000
1.000000 0.000000 -0.000000 -0.120246 -0.000000 1.000000 0.000000 -0.000105 0.000000 -0.000000 1.000000 0.000017 0.000000 0.000000 0.000000 1.000000
1.000000 0.000000 -0.000000 -0.120246 -0.000000 1.000000 0.000000 -0.000105 0.000000 -0.000000 1.000000 0.000017 0.000000 0.000000 0.000000 1.000000</float_array><technique_common><accessor source="#jnt_left_handring4-Matrix-animation-output-transform-array" count="8" stride="16"><param type="float4x4"/></accessor></technique_common></source><source id="jnt_left_handring4-Interpolations"><Name_array id="jnt_left_handring4-Interpolations-array" count="8">
 LINEAR LINEAR LINEAR LINEAR LINEAR LINEAR LINEAR LINEAR</Name_array><technique_common><accessor source="#jnt_left_handring4-Interpolations-array" count="8"><param type="name"/></accessor></technique_common></source><sampler id="jnt_left_handring4-Matrix-animation-transform"><input semantic="INPUT" source="#jnt_left_handring4-Matrix-animation-input"/><input semantic="OUTPUT" source="#jnt_left_handring4-Matrix-animation-output-transform"/><input semantic="INTERPOLATION" source="#jnt_left_handring4-Interpolations"/></sampler><channel source="#jnt_left_handring4-Matrix-animation-transform" target="jnt_left_handring4/matrix"/></animation></animation>
    <animation id="jnt_left_handpinky1-anim" name="jnt_left_handpinky1"><animation><source id="jnt_left_handpinky1-Matrix-animation-input"><float_array id="jnt_left_handpinky1-Matrix-animation-input-array" count="8">

0.033333 0.066667 0.100000 0.133333 0.166667 0.200000 0.233333 0.266667</float_array><technique_common><accessor source="#jnt_left_handpinky1-Matrix-animation-input-array" count="8"><param name="TIME" type="float"/></accessor></technique_common></source><source id="jnt_left_handpinky1-Matrix-animation-output-transform"><float_array id="jnt_left_handpinky1-Matrix-animation-output-transform-array" count="128">

-0.060145 0.984088 -0.167192 -0.407612 0.006260 -0.167120 -0.985917 0.208156 -0.998170 -0.060345 0.003891 0.012223 0.000000 0.000000 0.000000 1.000000
-0.060145 0.984088 -0.167193 -0.407612 0.006260 -0.167121 -0.985916 0.208156 -0.998170 -0.060345 0.003891 0.012224 0.000000 0.000000 0.000000 1.000000
-0.060145 0.984089 -0.167190 -0.407612 0.006260 -0.167118 -0.985917 0.208155 -0.998170 -0.060345 0.003891 0.012223 0.000000 0.000000 0.000000 1.000000
-0.060145 0.984088 -0.167193 -0.407612 0.006260 -0.167121 -0.985917 0.208155 -0.998170 -0.060345 0.003891 0.012223 0.000000 0.000000 0.000000 1.000000
-0.060145 0.984089 -0.167190 -0.407612 0.006260 -0.167118 -0.985917 0.208156 -0.998170 -0.060345 0.003891 0.012223 0.000000 0.000000 0.000000 1.000000
-0.060145 0.984088 -0.167192 -0.407612 0.006260 -0.167120 -0.985917 0.208155 -0.998170 -0.060344 0.003891 0.012223 0.000000 0.000000 0.000000 1.000000
-0.060145 0.984088 -0.167193 -0.407613 0.006260 -0.167121 -0.985917 0.208156 -0.998170 -0.060345 0.003891 0.012223 0.000000 0.000000 0.000000 1.000000
-0.060145 0.984088 -0.167192 -0.407612 0.006260 -0.167120 -0.985917 0.208155 -0.998170 -0.060345 0.003891 0.012223 0.000000 0.000000 0.000000 1.000000</float_array><technique_common><accessor source="#jnt_left_handpinky1-Matrix-animation-output-transform-array" count="8" stride="16"><param type="float4x4"/></accessor></technique_common></source><source id="jnt_left_handpinky1-Interpolations"><Name_array id="jnt_left_handpinky1-Interpolations-array" count="8">
 LINEAR LINEAR LINEAR LINEAR LINEAR LINEAR LINEAR LINEAR</Name_array><technique_common><accessor source="#jnt_left_handpinky1-Interpolations-array" count="8"><param type="name"/></accessor></technique_common></source><sampler id="jnt_left_handpinky1-Matrix-animation-transform"><input semantic="INPUT" source="#jnt_left_handpinky1-Matrix-animation-input"/><input semantic="OUTPUT" source="#jnt_left_handpinky1-Matrix-animation-output-transform"/><input semantic="INTERPOLATION" source="#jnt_left_handpinky1-Interpolations"/></sampler><channel source="#jnt_left_handpinky1-Matrix-animation-transform" target="jnt_left_handpinky1/matrix"/></animation></animation>
    <animation id="jnt_left_handpinky2-anim" name="jnt_left_handpinky2"><animation><source id="jnt_left_handpinky2-Matrix-animation-input"><float_array id="jnt_left_handpinky2-Matrix-animation-input-array" count="8">

0.033333 0.066667 0.100000 0.133333 0.166667 0.200000 0.233333 0.266667</float_array><technique_common><accessor source="#jnt_left_handpinky2-Matrix-animation-input-array" count="8"><param name="TIME" type="float"/></accessor></technique_common></source><source id="jnt_left_handpinky2-Matrix-animation-output-transform"><float_array id="jnt_left_handpinky2-Matrix-animation-output-transform-array" count="128">

0.832048 0.554703 0.000001 -0.148503 -0.554703 0.832048 -0.000000 0.000001 -0.000001 -0.000000 1.000000 -0.000001 0.000000 0.000000 0.000000 1.000000
0.832048 0.554703 0.000001 -0.148503 -0.554703 0.832048 -0.000000 0.000001 -0.000001 -0.000000 1.000000 -0.000001 0.000000 0.000000 0.000000 1.000000
0.832048 0.554703 0.000001 -0.148503 -0.554703 0.832048 -0.000000 0.000001 -0.000001 -0.000000 1.000000 -0.000001 0.000000 0.000000 0.000000 1.000000
0.832048 0.554703 0.000001 -0.148503 -0.554703 0.832048 -0.000000 0.000001 -0.000001 -0.000000 1.000000 -0.000001 0.000000 0.000000 0.000000 1.000000
0.832048 0.554703 0.000001 -0.148503 -0.554703 0.832048 -0.000000 0.000001 -0.000001 -0.000000 1.000000 -0.000001 0.000000 0.000000 0.000000 1.000000
0.832048 0.554703 0.000001 -0.148503 -0.554703 0.832048 -0.000000 0.000001 -0.000001 -0.000000 1.000000 -0.000001 0.000000 0.000000 0.000000 1.000000
0.832048 0.554703 0.000001 -0.148502 -0.554703 0.832048 -0.000000 0.000001 -0.000001 -0.000000 1.000000 -0.000001 0.000000 0.000000 0.000000 1.000000
0.832048 0.554703 0.000001 -0.148504 -0.554703 0.832048 -0.000000 0.000002 -0.000001 -0.000000 1.000000 -0.000001 0.000000 0.000000 0.000000 1.000000</float_array><technique_common><accessor source="#jnt_left_handpinky2-Matrix-animation-output-transform-array" count="8" stride="16"><param type="float4x4"/></accessor></technique_common></source><source id="jnt_left_handpinky2-Interpolations"><Name_array id="jnt_left_handpinky2-Interpolations-array" count="8">
 LINEAR LINEAR LINEAR LINEAR LINEAR LINEAR LINEAR LINEAR</Name_array><technique_common><accessor source="#jnt_left_handpinky2-Interpolations-array" count="8"><param type="name"/></accessor></technique_common></source><sampler id="jnt_left_handpinky2-Matrix-animation-transform"><input semantic="INPUT" source="#jnt_left_handpinky2-Matrix-animation-input"/><input semantic="OUTPUT" source="#jnt_left_handpinky2-Matrix-animation-output-transform"/><input semantic="INTERPOLATION" source="#jnt_left_handpinky2-Interpolations"/></sampler><channel source="#jnt_left_handpinky2-Matrix-animation-transform" target="jnt_left_handpinky2/matrix"/></animation></animation>
    <animation id="jnt_left_handpinky3-anim" name="jnt_left_handpinky3"><animation><source id="jnt_left_handpinky3-Matrix-animation-input"><float_array id="jnt_left_handpinky3-Matrix-animation-input-array" count="8">

0.033333 0.066667 0.100000 0.133333 0.166667 0.200000 0.233333 0.266667</float_array><technique_common><accessor source="#jnt_left_handpinky3-Matrix-animation-input-array" count="8"><param name="TIME" type="float"/></accessor></technique_common></source><source id="jnt_left_handpinky3-Matrix-animation-output-transform"><float_array id="jnt_left_handpinky3-Matrix-animation-output-transform-array" count="128">

0.956393 0.292082 -0.000000 -0.075474 -0.292082 0.956393 -0.000001 0.000002 0.000000 0.000001 1.000000 0.000000 0.000000 0.000000 0.000000 1.000000
0.956393 0.292082 -0.000000 -0.075473 -0.292082 0.956393 -0.000001 0.000002 0.000000 0.000001 1.000000 -0.000000 0.000000 0.000000 0.000000 1.000000
0.956393 0.292082 -0.000000 -0.075474 -0.292082 0.956393 -0.000001 0.000002 0.000000 0.000001 1.000000 0.000000 0.000000 0.000000 0.000000 1.000000
0.956393 0.292082 -0.000000 -0.075473 -0.292082 0.956393 -0.000001 0.000002 0.000000 0.000001 1.000000 0.000000 0.000000 0.000000 0.000000 1.000000
0.956393 0.292082 -0.000000 -0.075475 -0.292082 0.956393 -0.000001 0.000002 0.000000 0.000001 1.000000 -0.000000 0.000000 0.000000 0.000000 1.000000
0.956393 0.292082 -0.000000 -0.075474 -0.292082 0.956393 -0.000001 0.000001 0.000000 0.000001 1.000000 -0.000000 0.000000 0.000000 0.000000 1.000000
0.956393 0.292082 -0.000000 -0.075474 -0.292082 0.956393 -0.000001 0.000001 0.000000 0.000001 1.000000 0.000000 0.000000 0.000000 0.000000 1.000000
0.956393 0.292082 -0.000000 -0.075474 -0.292082 0.956393 -0.000001 0.000002 0.000000 0.000001 1.000000 0.000000 0.000000 0.000000 0.000000 1.000000</float_array><technique_common><accessor source="#jnt_left_handpinky3-Matrix-animation-output-transform-array" count="8" stride="16"><param type="float4x4"/></accessor></technique_common></source><source id="jnt_left_handpinky3-Interpolations"><Name_array id="jnt_left_handpinky3-Interpolations-array" count="8">
 LINEAR LINEAR LINEAR LINEAR LINEAR LINEAR LINEAR LINEAR</Name_array><technique_common><accessor source="#jnt_left_handpinky3-Interpolations-array" count="8"><param type="name"/></accessor></technique_common></source><sampler id="jnt_left_handpinky3-Matrix-animation-transform"><input semantic="INPUT" source="#jnt_left_handpinky3-Matrix-animation-input"/><input semantic="OUTPUT" source="#jnt_left_handpinky3-Matrix-animation-output-transform"/><input semantic="INTERPOLATION" source="#jnt_left_handpinky3-Interpolations"/></sampler><channel source="#jnt_left_handpinky3-Matrix-animation-transform" target="jnt_left_handpinky3/matrix"/></animation></animation>
    <animation id="jnt_left_handpinky4-anim" name="jnt_left_handpinky4"><animation><source id="jnt_left_handpinky4-Matrix-animation-input"><float_array id="jnt_left_handpinky4-Matrix-animation-input-array" count="8">

0.033333 0.066667 0.100000 0.133333 0.166667 0.200000 0.233333 0.266667</float_array><technique_common><accessor source="#jnt_left_handpinky4-Matrix-animation-input-array" count="8"><param name="TIME" type="float"/></accessor></technique_common></source><source id="jnt_left_handpinky4-Matrix-animation-output-transform"><float_array id="jnt_left_handpinky4-Matrix-animation-output-transform-array" count="128">

1.000000 0.000000 -0.000000 -0.101158 -0.000000 1.000000 -0.000000 -0.000003 0.000000 0.000000 1.000000 0.000000 0.000000 0.000000 0.000000 1.000000
1.000000 0.000000 0.000000 -0.101158 -0.000000 1.000000 -0.000000 -0.000003 -0.000000 0.000000 1.000000 -0.000000 0.000000 0.000000 0.000000 1.000000
1.000000 0.000001 0.000000 -0.101158 -0.000001 1.000000 -0.000000 -0.000003 -0.000000 0.000000 1.000000 -0.000000 0.000000 0.000000 0.000000 1.000000
1.000000 0.000000 0.000000 -0.101158 -0.000000 1.000000 -0.000000 -0.000003 -0.000000 0.000000 1.000000 0.000000 0.000000 0.000000 0.000000 1.000000
1.000000 0.000001 -0.000000 -0.101158 -0.000001 1.000000 -0.000000 -0.000003 0.000000 0.000000 1.000000 0.000000 0.000000 0.000000 0.000000 1.000000
1.000000 0.000000 0.000000 -0.101158 -0.000000 1.000000 -0.000000 -0.000003 -0.000000 0.000000 1.000000 0.000000 0.000000 0.000000 0.000000 1.000000
1.000000 0.000000 -0.000000 -0.101158 -0.000000 1.000000 -0.000000 -0.000003 0.000000 0.000000 1.000000 0.000000 0.000000 0.000000 0.000000 1.000000
1.000000 0.000000 0.000000 -0.101158 -0.000000 1.000000 0.000000 -0.000003 -0.000000 -0.000000 1.000000 0.000000 0.000000 0.000000 0.000000 1.000000</float_array><technique_common><accessor source="#jnt_left_handpinky4-Matrix-animation-output-transform-array" count="8" stride="16"><param type="float4x4"/></accessor></technique_common></source><source id="jnt_left_handpinky4-Interpolations"><Name_array id="jnt_left_handpinky4-Interpolations-array" count="8">
 LINEAR LINEAR LINEAR LINEAR LINEAR LINEAR LINEAR LINEAR</Name_array><technique_common><accessor source="#jnt_left_handpinky4-Interpolations-array" count="8"><param type="name"/></accessor></technique_common></source><sampler id="jnt_left_handpinky4-Matrix-animation-transform"><input semantic="INPUT" source="#jnt_left_handpinky4-Matrix-animation-input"/><input semantic="OUTPUT" source="#jnt_left_handpinky4-Matrix-animation-output-transform"/><input semantic="INTERPOLATION" source="#jnt_left_handpinky4-Interpolations"/></sampler><channel source="#jnt_left_handpinky4-Matrix-animation-transform" target="jnt_left_handpinky4/matrix"/></animation></animation>
    <animation id="jnt_right_armroot-anim" name="jnt_right_armroot"><animation><source id="jnt_right_armroot-Matrix-animation-input"><float_array id="jnt_right_armroot-Matrix-animation-input-array" count="8">

0.033333 0.066667 0.100000 0.133333 0.166667 0.200000 0.233333 0.266667</float_array><technique_common><accessor source="#jnt_right_armroot-Matrix-animation-input-array" count="8"><param name="TIME" type="float"/></accessor></technique_common></source><source id="jnt_right_armroot-Matrix-animation-output-transform"><float_array id="jnt_right_armroot-Matrix-animation-output-transform-array" count="128">

1.000000 -0.000004 -0.000000 0.362452 0.000004 1.000000 0.000000 0.473617 0.000000 -0.000000 1.000000 -0.293199 0.000000 0.000000 0.000000 1.000000
1.000000 -0.000004 -0.000000 0.362452 0.000004 1.000000 0.000000 0.473617 0.000000 -0.000000 1.000000 -0.293199 0.000000 0.000000 0.000000 1.000000
1.000000 -0.000004 -0.000000 0.362452 0.000004 1.000000 0.000000 0.473617 0.000000 -0.000000 1.000000 -0.293199 0.000000 0.000000 0.000000 1.000000
1.000000 -0.000004 -0.000000 0.362452 0.000004 1.000000 0.000000 0.473617 0.000000 -0.000000 1.000000 -0.293199 0.000000 0.000000 0.000000 1.000000
1.000000 -0.000004 -0.000000 0.362452 0.000004 1.000000 0.000000 0.473617 0.000000 -0.000000 1.000000 -0.293199 0.000000 0.000000 0.000000 1.000000
1.000000 -0.000004 -0.000000 0.362452 0.000004 1.000000 0.000000 0.473617 0.000000 -0.000000 1.000000 -0.293199 0.000000 0.000000 0.000000 1.000000
1.000000 -0.000004 -0.000000 0.362452 0.000004 1.000000 0.000000 0.473617 0.000000 -0.000000 1.000000 -0.293199 0.000000 0.000000 0.000000 1.000000
1.000000 -0.000004 -0.000000 0.362452 0.000004 1.000000 0.000000 0.473617 0.000000 -0.000000 1.000000 -0.293199 0.000000 0.000000 0.000000 1.000000</float_array><technique_common><accessor source="#jnt_right_armroot-Matrix-animation-output-transform-array" count="8" stride="16"><param type="float4x4"/></accessor></technique_common></source><source id="jnt_right_armroot-Interpolations"><Name_array id="jnt_right_armroot-Interpolations-array" count="8">
 LINEAR LINEAR LINEAR LINEAR LINEAR LINEAR LINEAR LINEAR</Name_array><technique_common><accessor source="#jnt_right_armroot-Interpolations-array" count="8"><param type="name"/></accessor></technique_common></source><sampler id="jnt_right_armroot-Matrix-animation-transform"><input semantic="INPUT" source="#jnt_right_armroot-Matrix-animation-input"/><input semantic="OUTPUT" source="#jnt_right_armroot-Matrix-animation-output-transform"/><input semantic="INTERPOLATION" source="#jnt_right_armroot-Interpolations"/></sampler><channel source="#jnt_right_armroot-Matrix-animation-transform" target="jnt_right_armroot/matrix"/></animation></animation>
    <animation id="jnt_right_shoulder-anim" name="jnt_right_shoulder"><animation><source id="jnt_right_shoulder-Matrix-animation-input"><float_array id="jnt_right_shoulder-Matrix-animation-input-array" count="8">

0.033333 0.066667 0.100000 0.133333 0.166667 0.200000 0.233333 0.266667</float_array><technique_common><accessor source="#jnt_right_shoulder-Matrix-animation-input-array" count="8"><param name="TIME" type="float"/></accessor></technique_common></source><source id="jnt_right_shoulder-Matrix-animation-output-transform"><float_array id="jnt_right_shoulder-Matrix-animation-output-transform-array" count="128">

0.019288 -0.092831 0.995495 0.635987 -0.352003 0.931301 0.093665 0.114390 -0.935800 -0.352224 -0.014713 -0.266187 0.000000 0.000000 0.000000 1.000000
0.019288 -0.092831 0.995495 0.635987 -0.352003 0.931301 0.093665 0.114390 -0.935800 -0.352224 -0.014713 -0.266187 0.000000 0.000000 0.000000 1.000000
0.019288 -0.092831 0.995495 0.635987 -0.352003 0.931301 0.093665 0.114390 -0.935800 -0.352224 -0.014713 -0.266187 0.000000 0.000000 0.000000 1.000000
0.019288 -0.092831 0.995495 0.635987 -0.352003 0.931301 0.093665 0.114390 -0.935800 -0.352224 -0.014713 -0.266187 0.000000 0.000000 0.000000 1.000000
0.019288 -0.092831 0.995495 0.635987 -0.352003 0.931301 0.093665 0.114390 -0.935800 -0.352224 -0.014713 -0.266187 0.000000 0.000000 0.000000 1.000000
0.019288 -0.092831 0.995495 0.635987 -0.352003 0.931301 0.093665 0.114390 -0.935800 -0.352224 -0.014713 -0.266187 0.000000 0.000000 0.000000 1.000000
0.019288 -0.092831 0.995495 0.635987 -0.352003 0.931301 0.093665 0.114390 -0.935800 -0.352224 -0.014713 -0.266187 0.000000 0.000000 0.000000 1.000000
0.019288 -0.092831 0.995495 0.635987 -0.352003 0.931301 0.093665 0.114390 -0.935800 -0.352224 -0.014713 -0.266187 0.000000 0.000000 0.000000 1.000000</float_array><technique_common><accessor source="#jnt_right_shoulder-Matrix-animation-output-transform-array" count="8" stride="16"><param type="float4x4"/></accessor></technique_common></source><source id="jnt_right_shoulder-Interpolations"><Name_array id="jnt_right_shoulder-Interpolations-array" count="8">
 LINEAR LINEAR LINEAR LINEAR LINEAR LINEAR LINEAR LINEAR</Name_array><technique_common><accessor source="#jnt_right_shoulder-Interpolations-array" count="8"><param type="name"/></accessor></technique_common></source><sampler id="jnt_right_shoulder-Matrix-animation-transform"><input semantic="INPUT" source="#jnt_right_shoulder-Matrix-animation-input"/><input semantic="OUTPUT" source="#jnt_right_shoulder-Matrix-animation-output-transform"/><input semantic="INTERPOLATION" source="#jnt_right_shoulder-Interpolations"/></sampler><channel source="#jnt_right_shoulder-Matrix-animation-transform" target="jnt_right_shoulder/matrix"/></animation></animation>
    <animation id="jnt_right_arm-anim" name="jnt_right_arm"><animation><source id="jnt_right_arm-Matrix-animation-input"><float_array id="jnt_right_arm-Matrix-animation-input-array" count="8">

0.033333 0.066667 0.100000 0.133333 0.166667 0.200000 0.233333 0.266667</float_array><technique_common><accessor source="#jnt_right_arm-Matrix-animation-input-array" count="8"><param name="TIME" type="float"/></accessor></technique_common></source><source id="jnt_right_arm-Matrix-animation-output-transform"><float_array id="jnt_right_arm-Matrix-animation-output-transform-array" count="128">

0.125842 -0.986568 0.104156 0.529638 0.584237 0.158553 0.795945 0.096185 -0.801767 -0.039311 0.596342 -0.104480 0.000000 0.000000 0.000000 1.000000
0.130790 -0.987055 0.092820 0.529638 0.566673 0.151252 0.809941 0.096185 -0.813496 -0.053334 0.579120 -0.104480 0.000000 0.000000 0.000000 1.000000
0.135977 -0.987348 0.081574 0.529638 0.548864 0.143625 0.823481 0.096185 -0.824778 -0.067202 0.561449 -0.104480 0.000000 0.000000 0.000000 1.000000
0.141398 -0.987444 0.070427 0.529638 0.530827 0.135677 0.836549 0.096185 -0.835601 -0.080902 0.543347 -0.104480 0.000000 0.000000 0.000000 1.000000
0.147048 -0.987345 0.059393 0.529637 0.512581 0.127419 0.849132 0.096185 -0.845953 -0.094419 0.524831 -0.104480 0.000000 0.000000 0.000000 1.000000
0.152921 -0.987048 0.048482 0.529638 0.494145 0.118858 0.861216 0.096186 -0.855825 -0.107741 0.505921 -0.104480 0.000000 0.000000 0.000000 1.000000
0.159011 -0.986557 0.037704 0.529638 0.475536 0.110002 0.872791 0.096186 -0.865205 -0.120854 0.486635 -0.104480 0.000000 0.000000 0.000000 1.000000
0.165311 -0.985870 0.027071 0.529638 0.456775 0.100861 0.883846 0.096186 -0.874087 -0.133744 0.466994 -0.104480 0.000000 0.000000 0.000000 1.000000</float_array><technique_common><accessor source="#jnt_right_arm-Matrix-animation-output-transform-array" count="8" stride="16"><param type="float4x4"/></accessor></technique_common></source><source id="jnt_right_arm-Interpolations"><Name_array id="jnt_right_arm-Interpolations-array" count="8">
 LINEAR LINEAR LINEAR LINEAR LINEAR LINEAR LINEAR LINEAR</Name_array><technique_common><accessor source="#jnt_right_arm-Interpolations-array" count="8"><param type="name"/></accessor></technique_common></source><sampler id="jnt_right_arm-Matrix-animation-transform"><input semantic="INPUT" source="#jnt_right_arm-Matrix-animation-input"/><input semantic="OUTPUT" source="#jnt_right_arm-Matrix-animation-output-transform"/><input semantic="INTERPOLATION" source="#jnt_right_arm-Interpolations"/></sampler><channel source="#jnt_right_arm-Matrix-animation-transform" target="jnt_right_arm/matrix"/></animation></animation>
    <animation id="jnt_right_armroll-anim" name="jnt_right_armroll"><animation><source id="jnt_right_armroll-Matrix-animation-input"><float_array id="jnt_right_armroll-Matrix-animation-input-array" count="8">

0.033333 0.066667 0.100000 0.133333 0.166667 0.200000 0.233333 0.266667</float_array><technique_common><accessor source="#jnt_right_armroll-Matrix-animation-input-array" count="8"><param name="TIME" type="float"/></accessor></technique_common></source><source id="jnt_right_armroll-Matrix-animation-output-transform"><float_array id="jnt_right_armroll-Matrix-animation-output-transform-array" count="128">

1.000000 0.000000 -0.000006 0.421995 -0.000000 1.000000 0.000000 -0.000003 0.000006 -0.000000 1.000000 0.000006 0.000000 0.000000 0.000000 1.000000
1.000000 0.000000 -0.000006 0.421995 -0.000000 1.000000 0.000000 -0.000002 0.000006 -0.000000 1.000000 0.000007 0.000000 0.000000 0.000000 1.000000
1.000000 -0.000000 -0.000006 0.421994 0.000000 1.000000 -0.000000 -0.000002 0.000006 0.000000 1.000000 0.000007 0.000000 0.000000 0.000000 1.000000
1.000000 -0.000000 -0.000006 0.421995 0.000000 1.000000 0.000000 -0.000003 0.000006 -0.000000 1.000000 0.000007 0.000000 0.000000 0.000000 1.000000
1.000000 -0.000000 -0.000006 0.421995 0.000000 1.000000 0.000000 -0.000002 0.000006 -0.000000 1.000000 0.000007 0.000000 0.000000 0.000000 1.000000
1.000000 -0.000000 -0.000006 0.421995 0.000000 1.000000 0.000000 -0.000002 0.000006 -0.000000 1.000000 0.000007 0.000000 0.000000 0.000000 1.000000
1.000000 -0.000000 -0.000006 0.421995 0.000000 1.000000 -0.000000 -0.000003 0.000006 0.000000 1.000000 0.000007 0.000000 0.000000 0.000000 1.000000
1.000000 -0.000000 -0.000006 0.421996 -0.000000 1.000000 -0.000000 -0.000002 0.000006 0.000000 1.000000 0.000007 0.000000 0.000000 0.000000 1.000000</float_array><technique_common><accessor source="#jnt_right_armroll-Matrix-animation-output-transform-array" count="8" stride="16"><param type="float4x4"/></accessor></technique_common></source><source id="jnt_right_armroll-Interpolations"><Name_array id="jnt_right_armroll-Interpolations-array" count="8">
 LINEAR LINEAR LINEAR LINEAR LINEAR LINEAR LINEAR LINEAR</Name_array><technique_common><accessor source="#jnt_right_armroll-Interpolations-array" count="8"><param type="name"/></accessor></technique_common></source><sampler id="jnt_right_armroll-Matrix-animation-transform"><input semantic="INPUT" source="#jnt_right_armroll-Matrix-animation-input"/><input semantic="OUTPUT" source="#jnt_right_armroll-Matrix-animation-output-transform"/><input semantic="INTERPOLATION" source="#jnt_right_armroll-Interpolations"/></sampler><channel source="#jnt_right_armroll-Matrix-animation-transform" target="jnt_right_armroll/matrix"/></animation></animation>
    <animation id="jnt_right_forearm-anim" name="jnt_right_forearm"><animation><source id="jnt_right_forearm-Matrix-animation-input"><float_array id="jnt_right_forearm-Matrix-animation-input-array" count="8">

0.033333 0.066667 0.100000 0.133333 0.166667 0.200000 0.233333 0.266667</float_array><technique_common><accessor source="#jnt_right_forearm-Matrix-animation-input-array" count="8"><param name="TIME" type="float"/></accessor></technique_common></source><source id="jnt_right_forearm-Matrix-animation-output-transform"><float_array id="jnt_right_forearm-Matrix-animation-output-transform-array" count="128">

0.219966 -0.975393 -0.014934 0.843981 0.975448 0.219759 0.014374 -0.000002 -0.010738 -0.017730 0.999785 0.000003 0.000000 0.000000 0.000000 1.000000
0.296030 -0.955062 -0.014934 0.843981 0.955133 0.295827 0.014374 -0.000001 -0.009310 -0.018519 0.999785 0.000003 0.000000 0.000000 0.000000 1.000000
0.370962 -0.928528 -0.014934 0.843980 0.928615 0.370766 0.014374 -0.000002 -0.007810 -0.019201 0.999785 0.000003 0.000000 0.000000 0.000000 1.000000
0.444049 -0.895878 -0.014934 0.843981 0.895981 0.443860 0.014374 -0.000002 -0.006249 -0.019764 0.999785 0.000003 0.000000 0.000000 0.000000 1.000000
0.514581 -0.857312 -0.014934 0.843982 0.857429 0.514401 0.014374 -0.000001 -0.004641 -0.020202 0.999785 0.000003 0.000000 0.000000 0.000000 1.000000
0.581876 -0.813140 -0.014934 0.843981 0.813272 0.581707 0.014374 -0.000002 -0.003001 -0.020510 0.999785 0.000003 0.000000 0.000000 0.000000 1.000000
0.645305 -0.763779 -0.014934 0.843981 0.763924 0.645146 0.014374 -0.000001 -0.001344 -0.020684 0.999785 0.000003 0.000000 0.000000 0.000000 1.000000
0.704302 -0.709743 -0.014934 0.843981 0.709900 0.704156 0.014374 -0.000002 0.000314 -0.020726 0.999785 0.000003 0.000000 0.000000 0.000000 1.000000</float_array><technique_common><accessor source="#jnt_right_forearm-Matrix-animation-output-transform-array" count="8" stride="16"><param type="float4x4"/></accessor></technique_common></source><source id="jnt_right_forearm-Interpolations"><Name_array id="jnt_right_forearm-Interpolations-array" count="8">
 LINEAR LINEAR LINEAR LINEAR LINEAR LINEAR LINEAR LINEAR</Name_array><technique_common><accessor source="#jnt_right_forearm-Interpolations-array" count="8"><param type="name"/></accessor></technique_common></source><sampler id="jnt_right_forearm-Matrix-animation-transform"><input semantic="INPUT" source="#jnt_right_forearm-Matrix-animation-input"/><input semantic="OUTPUT" source="#jnt_right_forearm-Matrix-animation-output-transform"/><input semantic="INTERPOLATION" source="#jnt_right_forearm-Interpolations"/></sampler><channel source="#jnt_right_forearm-Matrix-animation-transform" target="jnt_right_forearm/matrix"/></animation></animation>
    <animation id="jnt_right_forearmroll-anim" name="jnt_right_forearmroll"><animation><source id="jnt_right_forearmroll-Matrix-animation-input"><float_array id="jnt_right_forearmroll-Matrix-animation-input-array" count="8">

0.033333 0.066667 0.100000 0.133333 0.166667 0.200000 0.233333 0.266667</float_array><technique_common><accessor source="#jnt_right_forearmroll-Matrix-animation-input-array" count="8"><param name="TIME" type="float"/></accessor></technique_common></source><source id="jnt_right_forearmroll-Matrix-animation-output-transform"><float_array id="jnt_right_forearmroll-Matrix-animation-output-transform-array" count="128">

1.000000 0.000001 0.000000 0.487001 -0.000001 1.000000 -0.000000 -0.000000 -0.000000 0.000000 1.000000 0.000004 0.000000 0.000000 0.000000 1.000000
1.000000 0.000001 0.000000 0.487001 -0.000001 1.000000 -0.000000 -0.000000 -0.000000 0.000000 1.000000 0.000004 0.000000 0.000000 0.000000 1.000000
1.000000 0.000001 0.000000 0.487001 -0.000001 1.000000 -0.000000 0.000000 -0.000000 0.000000 1.000000 0.000004 0.000000 0.000000 0.000000 1.000000
1.000000 0.000001 0.000000 0.487001 -0.000001 1.000000 -0.000000 0.000000 -0.000000 0.000000 1.000000 0.000004 0.000000 0.000000 0.000000 1.000000
1.000000 0.000001 0.000000 0.487001 -0.000001 1.000000 -0.000000 -0.000000 -0.000000 0.000000 1.000000 0.000004 0.000000 0.000000 0.000000 1.000000
1.000000 0.000001 0.000000 0.487001 -0.000001 1.000000 -0.000000 -0.000000 -0.000000 0.000000 1.000000 0.000004 0.000000 0.000000 0.000000 1.000000
1.000000 0.000001 0.000000 0.487000 -0.000001 1.000000 -0.000000 0.000000 -0.000000 0.000000 1.000000 0.000004 0.000000 0.000000 0.000000 1.000000
1.000000 0.000001 0.000000 0.487000 -0.000001 1.000000 -0.000000 0.000000 -0.000000 0.000000 1.000000 0.000004 0.000000 0.000000 0.000000 1.000000</float_array><technique_common><accessor source="#jnt_right_forearmroll-Matrix-animation-output-transform-array" count="8" stride="16"><param type="float4x4"/></accessor></technique_common></source><source id="jnt_right_forearmroll-Interpolations"><Name_array id="jnt_right_forearmroll-Interpolations-array" count="8">
 LINEAR LINEAR LINEAR LINEAR LINEAR LINEAR LINEAR LINEAR</Name_array><technique_common><accessor source="#jnt_right_forearmroll-Interpolations-array" count="8"><param type="name"/></accessor></technique_common></source><sampler id="jnt_right_forearmroll-Matrix-animation-transform"><input semantic="INPUT" source="#jnt_right_forearmroll-Matrix-animation-input"/><input semantic="OUTPUT" source="#jnt_right_forearmroll-Matrix-animation-output-transform"/><input semantic="INTERPOLATION" source="#jnt_right_forearmroll-Interpolations"/></sampler><channel source="#jnt_right_forearmroll-Matrix-animation-transform" target="jnt_right_forearmroll/matrix"/></animation></animation>
    <animation id="jnt_right_hand-anim" name="jnt_right_hand"><animation><source id="jnt_right_hand-Matrix-animation-input"><float_array id="jnt_right_hand-Matrix-animation-input-array" count="8">

0.033333 0.066667 0.100000 0.133333 0.166667 0.200000 0.233333 0.266667</float_array><technique_common><accessor source="#jnt_right_hand-Matrix-animation-input-array" count="8"><param name="TIME" type="float"/></accessor></technique_common></source><source id="jnt_right_hand-Matrix-animation-output-transform"><float_array id="jnt_right_hand-Matrix-animation-output-transform-array" count="128">

0.886858 -0.383155 -0.258216 0.975261 0.261707 0.877129 -0.402684 -0.000000 0.380779 0.289547 0.878163 0.000003 0.000000 0.000000 0.000000 1.000000
0.889312 -0.377114 -0.258667 0.975261 0.256032 0.879274 -0.401653 -0.000000 0.378908 0.290968 0.878503 0.000003 0.000000 0.000000 0.000000 1.000000
0.891728 -0.371057 -0.259111 0.975261 0.250343 0.881381 -0.400619 -0.000000 0.377028 0.292376 0.878844 0.000003 0.000000 0.000000 0.000000 1.000000
0.894104 -0.364983 -0.259548 0.975261 0.244641 0.883450 -0.399582 0.000000 0.375139 0.293772 0.879187 0.000003 0.000000 0.000000 0.000000 1.000000
0.896441 -0.358894 -0.259978 0.975261 0.238925 0.885482 -0.398544 -0.000001 0.373240 0.295156 0.879531 0.000003 0.000000 0.000000 0.000000 1.000000
0.898739 -0.352790 -0.260400 0.975261 0.233196 0.887475 -0.397502 0.000000 0.371333 0.296526 0.879877 0.000003 0.000000 0.000000 0.000000 1.000000
0.900997 -0.346670 -0.260815 0.975260 0.227455 0.889429 -0.396459 -0.000000 0.369417 0.297884 0.880225 0.000003 0.000000 0.000000 0.000000 1.000000
0.903215 -0.340536 -0.261224 0.975260 0.221701 0.891346 -0.395413 0.000000 0.367493 0.299229 0.880575 0.000003 0.000000 0.000000 0.000000 1.000000</float_array><technique_common><accessor source="#jnt_right_hand-Matrix-animation-output-transform-array" count="8" stride="16"><param type="float4x4"/></accessor></technique_common></source><source id="jnt_right_hand-Interpolations"><Name_array id="jnt_right_hand-Interpolations-array" count="8">
 LINEAR LINEAR LINEAR LINEAR LINEAR LINEAR LINEAR LINEAR</Name_array><technique_common><accessor source="#jnt_right_hand-Interpolations-array" count="8"><param type="name"/></accessor></technique_common></source><sampler id="jnt_right_hand-Matrix-animation-transform"><input semantic="INPUT" source="#jnt_right_hand-Matrix-animation-input"/><input semantic="OUTPUT" source="#jnt_right_hand-Matrix-animation-output-transform"/><input semantic="INTERPOLATION" source="#jnt_right_hand-Interpolations"/></sampler><channel source="#jnt_right_hand-Matrix-animation-transform" target="jnt_right_hand/matrix"/></animation></animation>
    <animation id="jnt_right_handthumb1-anim" name="jnt_right_handthumb1"><animation><source id="jnt_right_handthumb1-Matrix-animation-input"><float_array id="jnt_right_handthumb1-Matrix-animation-input-array" count="8">

0.033333 0.066667 0.100000 0.133333 0.166667 0.200000 0.233333 0.266667</float_array><technique_common><accessor source="#jnt_right_handthumb1-Matrix-animation-input-array" count="8"><param name="TIME" type="float"/></accessor></technique_common></source><source id="jnt_right_handthumb1-Matrix-animation-output-transform"><float_array id="jnt_right_handthumb1-Matrix-animation-output-transform-array" count="128">

0.774279 -0.393889 0.495322 0.060226 0.116771 0.858174 0.499902 0.203939 -0.621978 -0.329224 0.710461 -0.155682 0.000000 0.000000 0.000000 1.000000
0.774279 -0.393889 0.495321 0.060226 0.116771 0.858174 0.499902 0.203938 -0.621978 -0.329225 0.710461 -0.155682 0.000000 0.000000 0.000000 1.000000
0.774279 -0.393889 0.495321 0.060226 0.116771 0.858174 0.499901 0.203940 -0.621978 -0.329224 0.710461 -0.155682 0.000000 0.000000 0.000000 1.000000
0.774279 -0.393889 0.495322 0.060226 0.116771 0.858174 0.499902 0.203939 -0.621978 -0.329224 0.710461 -0.155682 0.000000 0.000000 0.000000 1.000000
0.774279 -0.393889 0.495322 0.060227 0.116771 0.858174 0.499902 0.203939 -0.621978 -0.329224 0.710461 -0.155682 0.000000 0.000000 0.000000 1.000000
0.774279 -0.393889 0.495321 0.060227 0.116771 0.858174 0.499902 0.203939 -0.621978 -0.329224 0.710461 -0.155682 0.000000 0.000000 0.000000 1.000000
0.774279 -0.393889 0.495322 0.060226 0.116771 0.858174 0.499902 0.203940 -0.621978 -0.329225 0.710461 -0.155682 0.000000 0.000000 0.000000 1.000000
0.774279 -0.393889 0.495322 0.060227 0.116771 0.858174 0.499902 0.203939 -0.621978 -0.329224 0.710461 -0.155682 0.000000 0.000000 0.000000 1.000000</float_array><technique_common><accessor source="#jnt_right_handthumb1-Matrix-animation-output-transform-array" count="8" stride="16"><param type="float4x4"/></accessor></technique_common></source><source id="jnt_right_handthumb1-Interpolations"><Name_array id="jnt_right_handthumb1-Interpolations-array" count="8">
 LINEAR LINEAR LINEAR LINEAR LINEAR LINEAR LINEAR LINEAR</Name_array><technique_common><accessor source="#jnt_right_handthumb1-Interpolations-array" count="8"><param type="name"/></accessor></technique_common></source><sampler id="jnt_right_handthumb1-Matrix-animation-transform"><input semantic="INPUT" source="#jnt_right_handthumb1-Matrix-animation-input"/><input semantic="OUTPUT" source="#jnt_right_handthumb1-Matrix-animation-output-transform"/><input semantic="INTERPOLATION" source="#jnt_right_handthumb1-Interpolations"/></sampler><channel source="#jnt_right_handthumb1-Matrix-animation-transform" target="jnt_right_handthumb1/matrix"/></animation></animation>
    <animation id="jnt_right_handthumb2-anim" name="jnt_right_handthumb2"><animation><source id="jnt_right_handthumb2-Matrix-animation-input"><float_array id="jnt_right_handthumb2-Matrix-animation-input-array" count="8">

0.033333 0.066667 0.100000 0.133333 0.166667 0.200000 0.233333 0.266667</float_array><technique_common><accessor source="#jnt_right_handthumb2-Matrix-animation-input-array" count="8"><param name="TIME" type="float"/></accessor></technique_common></source><source id="jnt_right_handthumb2-Matrix-animation-output-transform"><float_array id="jnt_right_handthumb2-Matrix-animation-output-transform-array" count="128">

0.959263 0.282514 -0.000001 0.213224 -0.282514 0.959263 -0.000004 -0.000001 -0.000000 0.000004 1.000000 0.000000 0.000000 0.000000 0.000000 1.000000
0.959263 0.282514 -0.000001 0.213224 -0.282514 0.959263 -0.000004 0.000000 -0.000000 0.000004 1.000000 -0.000001 0.000000 0.000000 0.000000 1.000000
0.959263 0.282514 -0.000001 0.213224 -0.282514 0.959263 -0.000004 -0.000000 -0.000000 0.000004 1.000000 -0.000000 0.000000 0.000000 0.000000 1.000000
0.959263 0.282514 -0.000001 0.213224 -0.282514 0.959263 -0.000004 -0.000001 -0.000000 0.000004 1.000000 0.000000 0.000000 0.000000 0.000000 1.000000
0.959263 0.282514 -0.000001 0.213224 -0.282514 0.959263 -0.000004 0.000000 -0.000000 0.000004 1.000000 -0.000000 0.000000 0.000000 0.000000 1.000000
0.959263 0.282514 -0.000001 0.213224 -0.282514 0.959263 -0.000004 -0.000000 -0.000000 0.000004 1.000000 -0.000000 0.000000 0.000000 0.000000 1.000000
0.959263 0.282514 -0.000001 0.213224 -0.282514 0.959263 -0.000004 -0.000000 -0.000000 0.000004 1.000000 -0.000000 0.000000 0.000000 0.000000 1.000000
0.959263 0.282514 -0.000001 0.213225 -0.282514 0.959263 -0.000004 -0.000000 -0.000000 0.000004 1.000000 -0.000000 0.000000 0.000000 0.000000 1.000000</float_array><technique_common><accessor source="#jnt_right_handthumb2-Matrix-animation-output-transform-array" count="8" stride="16"><param type="float4x4"/></accessor></technique_common></source><source id="jnt_right_handthumb2-Interpolations"><Name_array id="jnt_right_handthumb2-Interpolations-array" count="8">
 LINEAR LINEAR LINEAR LINEAR LINEAR LINEAR LINEAR LINEAR</Name_array><technique_common><accessor source="#jnt_right_handthumb2-Interpolations-array" count="8"><param type="name"/></accessor></technique_common></source><sampler id="jnt_right_handthumb2-Matrix-animation-transform"><input semantic="INPUT" source="#jnt_right_handthumb2-Matrix-animation-input"/><input semantic="OUTPUT" source="#jnt_right_handthumb2-Matrix-animation-output-transform"/><input semantic="INTERPOLATION" source="#jnt_right_handthumb2-Interpolations"/></sampler><channel source="#jnt_right_handthumb2-Matrix-animation-transform" target="jnt_right_handthumb2/matrix"/></animation></animation>
    <animation id="jnt_right_handthumb3-anim" name="jnt_right_handthumb3"><animation><source id="jnt_right_handthumb3-Matrix-animation-input"><float_array id="jnt_right_handthumb3-Matrix-animation-input-array" count="8">

0.033333 0.066667 0.100000 0.133333 0.166667 0.200000 0.233333 0.266667</float_array><technique_common><accessor source="#jnt_right_handthumb3-Matrix-animation-input-array" count="8"><param name="TIME" type="float"/></accessor></technique_common></source><source id="jnt_right_handthumb3-Matrix-animation-output-transform"><float_array id="jnt_right_handthumb3-Matrix-animation-output-transform-array" count="128">

0.975492 0.220037 0.000001 0.141882 -0.220037 0.975492 0.000006 -0.000000 0.000000 -0.000006 1.000000 0.000023 0.000000 0.000000 0.000000 1.000000
0.975491 0.220037 0.000001 0.141882 -0.220037 0.975491 0.000006 -0.000000 0.000000 -0.000006 1.000000 0.000023 0.000000 0.000000 0.000000 1.000000
0.975492 0.220037 0.000001 0.141882 -0.220037 0.975492 0.000006 0.000001 0.000000 -0.000006 1.000000 0.000023 0.000000 0.000000 0.000000 1.000000
0.975492 0.220037 0.000001 0.141882 -0.220037 0.975491 0.000006 -0.000001 0.000000 -0.000006 1.000000 0.000023 0.000000 0.000000 0.000000 1.000000
0.975492 0.220037 0.000001 0.141882 -0.220037 0.975492 0.000006 -0.000001 0.000000 -0.000006 1.000000 0.000023 0.000000 0.000000 0.000000 1.000000
0.975491 0.220037 0.000001 0.141882 -0.220037 0.975491 0.000006 -0.000001 0.000000 -0.000006 1.000000 0.000023 0.000000 0.000000 0.000000 1.000000
0.975492 0.220037 0.000001 0.141882 -0.220037 0.975491 0.000006 -0.000000 0.000000 -0.000006 1.000000 0.000023 0.000000 0.000000 0.000000 1.000000
0.975491 0.220037 0.000001 0.141882 -0.220037 0.975491 0.000006 -0.000000 0.000000 -0.000006 1.000000 0.000023 0.000000 0.000000 0.000000 1.000000</float_array><technique_common><accessor source="#jnt_right_handthumb3-Matrix-animation-output-transform-array" count="8" stride="16"><param type="float4x4"/></accessor></technique_common></source><source id="jnt_right_handthumb3-Interpolations"><Name_array id="jnt_right_handthumb3-Interpolations-array" count="8">
 LINEAR LINEAR LINEAR LINEAR LINEAR LINEAR LINEAR LINEAR</Name_array><technique_common><accessor source="#jnt_right_handthumb3-Interpolations-array" count="8"><param type="name"/></accessor></technique_common></source><sampler id="jnt_right_handthumb3-Matrix-animation-transform"><input semantic="INPUT" source="#jnt_right_handthumb3-Matrix-animation-input"/><input semantic="OUTPUT" source="#jnt_right_handthumb3-Matrix-animation-output-transform"/><input semantic="INTERPOLATION" source="#jnt_right_handthumb3-Interpolations"/></sampler><channel source="#jnt_right_handthumb3-Matrix-animation-transform" target="jnt_right_handthumb3/matrix"/></animation></animation>
    <animation id="jnt_right_handthumb4-anim" name="jnt_right_handthumb4"><animation><source id="jnt_right_handthumb4-Matrix-animation-input"><float_array id="jnt_right_handthumb4-Matrix-animation-input-array" count="8">

0.033333 0.066667 0.100000 0.133333 0.166667 0.200000 0.233333 0.266667</float_array><technique_common><accessor source="#jnt_right_handthumb4-Matrix-animation-input-array" count="8"><param name="TIME" type="float"/></accessor></technique_common></source><source id="jnt_right_handthumb4-Matrix-animation-output-transform"><float_array id="jnt_right_handthumb4-Matrix-animation-output-transform-array" count="128">

1.000000 0.000000 0.000000 0.122606 -0.000000 1.000000 0.000000 0.000000 -0.000000 -0.000000 1.000000 0.000000 0.000000 0.000000 0.000000 1.000000
1.000000 0.000000 0.000000 0.122606 -0.000000 1.000000 0.000000 0.000001 -0.000000 -0.000000 1.000000 0.000000 0.000000 0.000000 0.000000 1.000000
1.000000 0.000000 0.000000 0.122606 -0.000000 1.000000 -0.000000 0.000000 -0.000000 0.000000 1.000000 -0.000000 0.000000 0.000000 0.000000 1.000000
1.000000 0.000000 -0.000000 0.122606 -0.000000 1.000000 -0.000000 0.000000 0.000000 0.000000 1.000000 0.000000 0.000000 0.000000 0.000000 1.000000
1.000000 0.000000 0.000000 0.122606 -0.000000 1.000000 0.000000 0.000000 0.000000 -0.000000 1.000000 -0.000000 0.000000 0.000000 0.000000 1.000000
1.000000 0.000000 0.000000 0.122606 -0.000000 1.000000 0.000000 0.000000 -0.000000 -0.000000 1.000000 0.000000 0.000000 0.000000 0.000000 1.000000
1.000000 0.000000 -0.000000 0.122606 -0.000000 1.000000 0.000000 0.000000 0.000000 0.000000 1.000000 -0.000000 0.000000 0.000000 0.000000 1.000000
1.000000 0.000000 0.000000 0.122606 -0.000000 1.000000 0.000000 0.000000 -0.000000 -0.000000 1.000000 0.000000 0.000000 0.000000 0.000000 1.000000</float_array><technique_common><accessor source="#jnt_right_handthumb4-Matrix-animation-output-transform-array" count="8" stride="16"><param type="float4x4"/></accessor></technique_common></source><source id="jnt_right_handthumb4-Interpolations"><Name_array id="jnt_right_handthumb4-Interpolations-array" count="8">
 LINEAR LINEAR LINEAR LINEAR LINEAR LINEAR LINEAR LINEAR</Name_array><technique_common><accessor source="#jnt_right_handthumb4-Interpolations-array" count="8"><param type="name"/></accessor></technique_common></source><sampler id="jnt_right_handthumb4-Matrix-animation-transform"><input semantic="INPUT" source="#jnt_right_handthumb4-Matrix-animation-input"/><input semantic="OUTPUT" source="#jnt_right_handthumb4-Matrix-animation-output-transform"/><input semantic="INTERPOLATION" source="#jnt_right_handthumb4-Interpolations"/></sampler><channel source="#jnt_right_handthumb4-Matrix-animation-transform" target="jnt_right_handthumb4/matrix"/></animation></animation>
    <animation id="jnt_right_handindex1-anim" name="jnt_right_handindex1"><animation><source id="jnt_right_handindex1-Matrix-animation-input"><float_array id="jnt_right_handindex1-Matrix-animation-input-array" count="8">

0.033333 0.066667 0.100000 0.133333 0.166667 0.200000 0.233333 0.266667</float_array><technique_common><accessor source="#jnt_right_handindex1-Matrix-animation-input-array" count="8"><param name="TIME" type="float"/></accessor></technique_common></source><source id="jnt_right_handindex1-Matrix-animation-output-transform"><float_array id="jnt_right_handindex1-Matrix-animation-output-transform-array" count="128">

0.947292 0.318533 0.034271 0.494373 0.023622 0.037233 -0.999027 0.203977 -0.319499 0.947180 0.027746 0.029845 0.000000 0.000000 0.000000 1.000000
0.947292 0.318533 0.034271 0.494373 0.023622 0.037233 -0.999027 0.203976 -0.319499 0.947180 0.027746 0.029845 0.000000 0.000000 0.000000 1.000000
0.947292 0.318533 0.034271 0.494373 0.023622 0.037233 -0.999027 0.203977 -0.319499 0.947180 0.027746 0.029845 0.000000 0.000000 0.000000 1.000000
0.947292 0.318533 0.034271 0.494372 0.023622 0.037233 -0.999027 0.203977 -0.319499 0.947180 0.027746 0.029845 0.000000 0.000000 0.000000 1.000000
0.947292 0.318533 0.034271 0.494372 0.023622 0.037233 -0.999027 0.203977 -0.319499 0.947180 0.027746 0.029845 0.000000 0.000000 0.000000 1.000000
0.947292 0.318533 0.034271 0.494373 0.023623 0.037233 -0.999027 0.203976 -0.319499 0.947180 0.027746 0.029845 0.000000 0.000000 0.000000 1.000000
0.947292 0.318533 0.034271 0.494372 0.023622 0.037233 -0.999027 0.203977 -0.319499 0.947180 0.027746 0.029845 0.000000 0.000000 0.000000 1.000000
0.947292 0.318533 0.034271 0.494372 0.023622 0.037233 -0.999027 0.203977 -0.319499 0.947180 0.027746 0.029845 0.000000 0.000000 0.000000 1.000000</float_array><technique_common><accessor source="#jnt_right_handindex1-Matrix-animation-output-transform-array" count="8" stride="16"><param type="float4x4"/></accessor></technique_common></source><source id="jnt_right_handindex1-Interpolations"><Name_array id="jnt_right_handindex1-Interpolations-array" count="8">
 LINEAR LINEAR LINEAR LINEAR LINEAR LINEAR LINEAR LINEAR</Name_array><technique_common><accessor source="#jnt_right_handindex1-Interpolations-array" count="8"><param type="name"/></accessor></technique_common></source><sampler id="jnt_right_handindex1-Matrix-animation-transform"><input semantic="INPUT" source="#jnt_right_handindex1-Matrix-animation-input"/><input semantic="OUTPUT" source="#jnt_right_handindex1-Matrix-animation-output-transform"/><input semantic="INTERPOLATION" source="#jnt_right_handindex1-Interpolations"/></sampler><channel source="#jnt_right_handindex1-Matrix-animation-transform" target="jnt_right_handindex1/matrix"/></animation></animation>
    <animation id="jnt_right_handindex2-anim" name="jnt_right_handindex2"><animation><source id="jnt_right_handindex2-Matrix-animation-input"><float_array id="jnt_right_handindex2-Matrix-animation-input-array" count="8">

0.033333 0.066667 0.100000 0.133333 0.166667 0.200000 0.233333 0.266667</float_array><technique_common><accessor source="#jnt_right_handindex2-Matrix-animation-input-array" count="8"><param name="TIME" type="float"/></accessor></technique_common></source><source id="jnt_right_handindex2-Matrix-animation-output-transform"><float_array id="jnt_right_handindex2-Matrix-animation-output-transform-array" count="128">

0.956203 0.292705 -0.000000 0.145440 -0.292705 0.956203 -0.000001 -0.001121 -0.000000 0.000001 1.000000 -0.000039 0.000000 0.000000 0.000000 1.000000
0.956203 0.292705 -0.000000 0.145440 -0.292705 0.956203 -0.000001 -0.001121 -0.000000 0.000001 1.000000 -0.000039 0.000000 0.000000 0.000000 1.000000
0.956203 0.292705 -0.000000 0.145440 -0.292705 0.956203 -0.000001 -0.001121 -0.000000 0.000001 1.000000 -0.000039 0.000000 0.000000 0.000000 1.000000
0.956203 0.292705 -0.000000 0.145440 -0.292705 0.956203 -0.000001 -0.001121 -0.000000 0.000001 1.000000 -0.000039 0.000000 0.000000 0.000000 1.000000
0.956203 0.292705 -0.000000 0.145440 -0.292705 0.956203 -0.000001 -0.001121 -0.000000 0.000001 1.000000 -0.000039 0.000000 0.000000 0.000000 1.000000
0.956203 0.292705 -0.000000 0.145440 -0.292705 0.956203 -0.000001 -0.001121 -0.000000 0.000001 1.000000 -0.000039 0.000000 0.000000 0.000000 1.000000
0.956203 0.292705 -0.000000 0.145440 -0.292705 0.956203 -0.000001 -0.001121 -0.000000 0.000001 1.000000 -0.000040 0.000000 0.000000 0.000000 1.000000
0.956203 0.292705 -0.000000 0.145439 -0.292705 0.956203 -0.000001 -0.001121 -0.000000 0.000001 1.000000 -0.000039 0.000000 0.000000 0.000000 1.000000</float_array><technique_common><accessor source="#jnt_right_handindex2-Matrix-animation-output-transform-array" count="8" stride="16"><param type="float4x4"/></accessor></technique_common></source><source id="jnt_right_handindex2-Interpolations"><Name_array id="jnt_right_handindex2-Interpolations-array" count="8">
 LINEAR LINEAR LINEAR LINEAR LINEAR LINEAR LINEAR LINEAR</Name_array><technique_common><accessor source="#jnt_right_handindex2-Interpolations-array" count="8"><param type="name"/></accessor></technique_common></source><sampler id="jnt_right_handindex2-Matrix-animation-transform"><input semantic="INPUT" source="#jnt_right_handindex2-Matrix-animation-input"/><input semantic="OUTPUT" source="#jnt_right_handindex2-Matrix-animation-output-transform"/><input semantic="INTERPOLATION" source="#jnt_right_handindex2-Interpolations"/></sampler><channel source="#jnt_right_handindex2-Matrix-animation-transform" target="jnt_right_handindex2/matrix"/></animation></animation>
    <animation id="jnt_right_handindex3-anim" name="jnt_right_handindex3"><animation><source id="jnt_right_handindex3-Matrix-animation-input"><float_array id="jnt_right_handindex3-Matrix-animation-input-array" count="8">

0.033333 0.066667 0.100000 0.133333 0.166667 0.200000 0.233333 0.266667</float_array><technique_common><accessor source="#jnt_right_handindex3-Matrix-animation-input-array" count="8"><param name="TIME" type="float"/></accessor></technique_common></source><source id="jnt_right_handindex3-Matrix-animation-output-transform"><float_array id="jnt_right_handindex3-Matrix-animation-output-transform-array" count="128">

0.992091 0.125520 -0.000000 0.093746 -0.125520 0.992091 0.000000 0.000001 0.000000 -0.000000 1.000000 0.000000 0.000000 0.000000 0.000000 1.000000
0.992091 0.125520 -0.000000 0.093746 -0.125520 0.992091 0.000000 0.000000 0.000000 -0.000000 1.000000 0.000000 0.000000 0.000000 0.000000 1.000000
0.992091 0.125520 -0.000000 0.093746 -0.125520 0.992091 0.000000 0.000000 0.000000 -0.000000 1.000000 0.000000 0.000000 0.000000 0.000000 1.000000
0.992091 0.125520 -0.000000 0.093746 -0.125520 0.992091 0.000000 0.000000 0.000000 -0.000000 1.000000 0.000000 0.000000 0.000000 0.000000 1.000000
0.992091 0.125520 -0.000000 0.093746 -0.125520 0.992091 0.000000 0.000000 0.000000 -0.000000 1.000000 0.000000 0.000000 0.000000 0.000000 1.000000
0.992091 0.125520 -0.000000 0.093746 -0.125520 0.992091 0.000000 0.000000 0.000000 -0.000000 1.000000 0.000000 0.000000 0.000000 0.000000 1.000000
0.992091 0.125520 -0.000000 0.093746 -0.125520 0.992091 0.000000 -0.000000 0.000000 -0.000000 1.000000 -0.000000 0.000000 0.000000 0.000000 1.000000
0.992091 0.125520 -0.000000 0.093746 -0.125520 0.992091 0.000000 0.000000 0.000000 -0.000000 1.000000 -0.000000 0.000000 0.000000 0.000000 1.000000</float_array><technique_common><accessor source="#jnt_right_handindex3-Matrix-animation-output-transform-array" count="8" stride="16"><param type="float4x4"/></accessor></technique_common></source><source id="jnt_right_handindex3-Interpolations"><Name_array id="jnt_right_handindex3-Interpolations-array" count="8">
 LINEAR LINEAR LINEAR LINEAR LINEAR LINEAR LINEAR LINEAR</Name_array><technique_common><accessor source="#jnt_right_handindex3-Interpolations-array" count="8"><param type="name"/></accessor></technique_common></source><sampler id="jnt_right_handindex3-Matrix-animation-transform"><input semantic="INPUT" source="#jnt_right_handindex3-Matrix-animation-input"/><input semantic="OUTPUT" source="#jnt_right_handindex3-Matrix-animation-output-transform"/><input semantic="INTERPOLATION" source="#jnt_right_handindex3-Interpolations"/></sampler><channel source="#jnt_right_handindex3-Matrix-animation-transform" target="jnt_right_handindex3/matrix"/></animation></animation>
    <animation id="jnt_right_handindex4-anim" name="jnt_right_handindex4"><animation><source id="jnt_right_handindex4-Matrix-animation-input"><float_array id="jnt_right_handindex4-Matrix-animation-input-array" count="8">

0.033333 0.066667 0.100000 0.133333 0.166667 0.200000 0.233333 0.266667</float_array><technique_common><accessor source="#jnt_right_handindex4-Matrix-animation-input-array" count="8"><param name="TIME" type="float"/></accessor></technique_common></source><source id="jnt_right_handindex4-Matrix-animation-output-transform"><float_array id="jnt_right_handindex4-Matrix-animation-output-transform-array" count="128">

1.000000 0.000000 -0.000000 0.107088 -0.000000 1.000000 -0.000000 -0.000052 0.000000 0.000000 1.000000 0.001503 0.000000 0.000000 0.000000 1.000000
1.000000 0.000000 0.000000 0.107088 -0.000000 1.000000 -0.000000 -0.000052 -0.000000 0.000000 1.000000 0.001503 0.000000 0.000000 0.000000 1.000000
1.000000 0.000000 0.000000 0.107088 -0.000000 1.000000 0.000000 -0.000052 -0.000000 -0.000000 1.000000 0.001503 0.000000 0.000000 0.000000 1.000000
1.000000 0.000000 -0.000000 0.107088 -0.000000 1.000000 -0.000000 -0.000052 0.000000 0.000000 1.000000 0.001503 0.000000 0.000000 0.000000 1.000000
1.000000 0.000000 0.000000 0.107088 -0.000000 1.000000 -0.000000 -0.000052 -0.000000 -0.000000 1.000000 0.001503 0.000000 0.000000 0.000000 1.000000
1.000000 0.000000 -0.000000 0.107088 -0.000000 1.000000 -0.000000 -0.000052 0.000000 0.000000 1.000000 0.001503 0.000000 0.000000 0.000000 1.000000
1.000000 0.000000 0.000000 0.107088 -0.000000 1.000000 0.000000 -0.000052 -0.000000 -0.000000 1.000000 0.001503 0.000000 0.000000 0.000000 1.000000
1.000000 0.000001 -0.000000 0.107088 -0.000001 1.000000 0.000000 -0.000052 0.000000 -0.000000 1.000000 0.001503 0.000000 0.000000 0.000000 1.000000</float_array><technique_common><accessor source="#jnt_right_handindex4-Matrix-animation-output-transform-array" count="8" stride="16"><param type="float4x4"/></accessor></technique_common></source><source id="jnt_right_handindex4-Interpolations"><Name_array id="jnt_right_handindex4-Interpolations-array" count="8">
 LINEAR LINEAR LINEAR LINEAR LINEAR LINEAR LINEAR LINEAR</Name_array><technique_common><accessor source="#jnt_right_handindex4-Interpolations-array" count="8"><param type="name"/></accessor></technique_common></source><sampler id="jnt_right_handindex4-Matrix-animation-transform"><input semantic="INPUT" source="#jnt_right_handindex4-Matrix-animation-input"/><input semantic="OUTPUT" source="#jnt_right_handindex4-Matrix-animation-output-transform"/><input semantic="INTERPOLATION" source="#jnt_right_handindex4-Interpolations"/></sampler><channel source="#jnt_right_handindex4-Matrix-animation-transform" target="jnt_right_handindex4/matrix"/></animation></animation>
    <animation id="jnt_right_weapon-anim" name="jnt_right_weapon"><animation><source id="jnt_right_weapon-Matrix-animation-input"><float_array id="jnt_right_weapon-Matrix-animation-input-array" count="8">

0.033333 0.066667 0.100000 0.133333 0.166667 0.200000 0.233333 0.266667</float_array><technique_common><accessor source="#jnt_right_weapon-Matrix-animation-input-array" count="8"><param name="TIME" type="float"/></accessor></technique_common></source><source id="jnt_right_weapon-Matrix-animation-output-transform"><float_array id="jnt_right_weapon-Matrix-animation-output-transform-array" count="128">

-0.068672 0.108968 0.991670 0.369354 0.108723 0.988914 -0.101136 0.054075 -0.991697 0.100872 -0.079758 -0.296619 0.000000 0.000000 0.000000 1.000000
-0.068672 0.108968 0.991670 0.369354 0.108723 0.988914 -0.101136 0.054074 -0.991697 0.100872 -0.079758 -0.296619 0.000000 0.000000 0.000000 1.000000
-0.068672 0.108968 0.991670 0.369354 0.108723 0.988914 -0.101136 0.054074 -0.991697 0.100872 -0.079758 -0.296619 0.000000 0.000000 0.000000 1.000000
-0.068672 0.108968 0.991670 0.369353 0.108723 0.988914 -0.101136 0.054074 -0.991697 0.100872 -0.079758 -0.296619 0.000000 0.000000 0.000000 1.000000
-0.068672 0.108968 0.991670 0.369354 0.108723 0.988914 -0.101136 0.054074 -0.991697 0.100872 -0.079758 -0.296619 0.000000 0.000000 0.000000 1.000000
-0.068672 0.108968 0.991670 0.369354 0.108723 0.988914 -0.101136 0.054074 -0.991697 0.100872 -0.079758 -0.296620 0.000000 0.000000 0.000000 1.000000
-0.068672 0.108968 0.991670 0.369354 0.108723 0.988914 -0.101136 0.054074 -0.991697 0.100872 -0.079758 -0.296619 0.000000 0.000000 0.000000 1.000000
-0.068672 0.108968 0.991670 0.369354 0.108723 0.988914 -0.101136 0.054074 -0.991697 0.100872 -0.079758 -0.296620 0.000000 0.000000 0.000000 1.000000</float_array><technique_common><accessor source="#jnt_right_weapon-Matrix-animation-output-transform-array" count="8" stride="16"><param type="float4x4"/></accessor></technique_common></source><source id="jnt_right_weapon-Interpolations"><Name_array id="jnt_right_weapon-Interpolations-array" count="8">
 LINEAR LINEAR LINEAR LINEAR LINEAR LINEAR LINEAR LINEAR</Name_array><technique_common><accessor source="#jnt_right_weapon-Interpolations-array" count="8"><param type="name"/></accessor></technique_common></source><sampler id="jnt_right_weapon-Matrix-animation-transform"><input semantic="INPUT" source="#jnt_right_weapon-Matrix-animation-input"/><input semantic="OUTPUT" source="#jnt_right_weapon-Matrix-animation-output-transform"/><input semantic="INTERPOLATION" source="#jnt_right_weapon-Interpolations"/></sampler><channel source="#jnt_right_weapon-Matrix-animation-transform" target="jnt_right_weapon/matrix"/></animation></animation>
    <animation id="jnt_right_handmiddle1-anim" name="jnt_right_handmiddle1"><animation><source id="jnt_right_handmiddle1-Matrix-animation-input"><float_array id="jnt_right_handmiddle1-Matrix-animation-input-array" count="8">

0.033333 0.066667 0.100000 0.133333 0.166667 0.200000 0.233333 0.266667</float_array><technique_common><accessor source="#jnt_right_handmiddle1-Matrix-animation-input-array" count="8"><param name="TIME" type="float"/></accessor></technique_common></source><source id="jnt_right_handmiddle1-Matrix-animation-output-transform"><float_array id="jnt_right_handmiddle1-Matrix-animation-output-transform-array" count="128">

0.567422 0.820600 -0.068176 0.489245 -0.039021 -0.055905 -0.997673 0.062066 -0.822502 0.568762 0.000299 0.036303 0.000000 0.000000 0.000000 1.000000
0.567422 0.820600 -0.068175 0.489245 -0.039021 -0.055905 -0.997673 0.062065 -0.822502 0.568762 0.000299 0.036303 0.000000 0.000000 0.000000 1.000000
0.567422 0.820600 -0.068176 0.489245 -0.039021 -0.055905 -0.997673 0.062067 -0.822502 0.568762 0.000299 0.036303 0.000000 0.000000 0.000000 1.000000
0.567422 0.820600 -0.068176 0.489245 -0.039021 -0.055905 -0.997673 0.062066 -0.822502 0.568762 0.000299 0.036303 0.000000 0.000000 0.000000 1.000000
0.567422 0.820600 -0.068176 0.489245 -0.039021 -0.055905 -0.997674 0.062066 -0.822502 0.568762 0.000299 0.036303 0.000000 0.000000 0.000000 1.000000
0.567422 0.820600 -0.068176 0.489245 -0.039021 -0.055905 -0.997673 0.062066 -0.822502 0.568762 0.000299 0.036303 0.000000 0.000000 0.000000 1.000000
0.567422 0.820600 -0.068175 0.489245 -0.039021 -0.055905 -0.997673 0.062066 -0.822502 0.568762 0.000299 0.036303 0.000000 0.000000 0.000000 1.000000
0.567422 0.820600 -0.068176 0.489244 -0.039021 -0.055905 -0.997673 0.062066 -0.822502 0.568762 0.000299 0.036303 0.000000 0.000000 0.000000 1.000000</float_array><technique_common><accessor source="#jnt_right_handmiddle1-Matrix-animation-output-transform-array" count="8" stride="16"><param type="float4x4"/></accessor></technique_common></source><source id="jnt_right_handmiddle1-Interpolations"><Name_array id="jnt_right_handmiddle1-Interpolations-array" count="8">
 LINEAR LINEAR LINEAR LINEAR LINEAR LINEAR LINEAR LINEAR</Name_array><technique_common><accessor source="#jnt_right_handmiddle1-Interpolations-array" count="8"><param type="name"/></accessor></technique_common></source><sampler id="jnt_right_handmiddle1-Matrix-animation-transform"><input semantic="INPUT" source="#jnt_right_handmiddle1-Matrix-animation-input"/><input semantic="OUTPUT" source="#jnt_right_handmiddle1-Matrix-animation-output-transform"/><input semantic="INTERPOLATION" source="#jnt_right_handmiddle1-Interpolations"/></sampler><channel source="#jnt_right_handmiddle1-Matrix-animation-transform" target="jnt_right_handmiddle1/matrix"/></animation></animation>
    <animation id="jnt_right_handmiddle2-anim" name="jnt_right_handmiddle2"><animation><source id="jnt_right_handmiddle2-Matrix-animation-input"><float_array id="jnt_right_handmiddle2-Matrix-animation-input-array" count="8">

0.033333 0.066667 0.100000 0.133333 0.166667 0.200000 0.233333 0.266667</float_array><technique_common><accessor source="#jnt_right_handmiddle2-Matrix-animation-input-array" count="8"><param name="TIME" type="float"/></accessor></technique_common></source><source id="jnt_right_handmiddle2-Matrix-animation-output-transform"><float_array id="jnt_right_handmiddle2-Matrix-animation-output-transform-array" count="128">

0.940502 0.339787 -0.000000 0.176685 -0.339787 0.940502 -0.000000 0.000000 0.000000 0.000000 1.000000 -0.000000 0.000000 0.000000 0.000000 1.000000
0.940503 0.339787 -0.000000 0.176685 -0.339787 0.940502 -0.000000 0.000001 0.000000 0.000000 1.000000 -0.000001 0.000000 0.000000 0.000000 1.000000
0.940502 0.339787 -0.000000 0.176685 -0.339787 0.940502 -0.000000 0.000001 0.000000 0.000000 1.000000 -0.000000 0.000000 0.000000 0.000000 1.000000
0.940503 0.339787 -0.000000 0.176685 -0.339787 0.940502 -0.000000 0.000000 0.000000 0.000000 1.000000 0.000000 0.000000 0.000000 0.000000 1.000000
0.940502 0.339787 -0.000000 0.176685 -0.339787 0.940502 -0.000000 0.000000 0.000000 0.000000 1.000000 0.000000 0.000000 0.000000 0.000000 1.000000
0.940503 0.339787 -0.000000 0.176685 -0.339787 0.940502 -0.000000 0.000000 0.000000 0.000000 1.000000 0.000000 0.000000 0.000000 0.000000 1.000000
0.940503 0.339787 -0.000000 0.176685 -0.339787 0.940503 -0.000000 0.000000 0.000000 0.000000 1.000000 0.000000 0.000000 0.000000 0.000000 1.000000
0.940503 0.339787 -0.000000 0.176684 -0.339787 0.940503 -0.000000 0.000000 0.000000 0.000000 1.000000 -0.000000 0.000000 0.000000 0.000000 1.000000</float_array><technique_common><accessor source="#jnt_right_handmiddle2-Matrix-animation-output-transform-array" count="8" stride="16"><param type="float4x4"/></accessor></technique_common></source><source id="jnt_right_handmiddle2-Interpolations"><Name_array id="jnt_right_handmiddle2-Interpolations-array" count="8">
 LINEAR LINEAR LINEAR LINEAR LINEAR LINEAR LINEAR LINEAR</Name_array><technique_common><accessor source="#jnt_right_handmiddle2-Interpolations-array" count="8"><param type="name"/></accessor></technique_common></source><sampler id="jnt_right_handmiddle2-Matrix-animation-transform"><input semantic="INPUT" source="#jnt_right_handmiddle2-Matrix-animation-input"/><input semantic="OUTPUT" source="#jnt_right_handmiddle2-Matrix-animation-output-transform"/><input semantic="INTERPOLATION" source="#jnt_right_handmiddle2-Interpolations"/></sampler><channel source="#jnt_right_handmiddle2-Matrix-animation-transform" target="jnt_right_handmiddle2/matrix"/></animation></animation>
    <animation id="jnt_right_handmiddle3-anim" name="jnt_right_handmiddle3"><animation><source id="jnt_right_handmiddle3-Matrix-animation-input"><float_array id="jnt_right_handmiddle3-Matrix-animation-input-array" count="8">

0.033333 0.066667 0.100000 0.133333 0.166667 0.200000 0.233333 0.266667</float_array><technique_common><accessor source="#jnt_right_handmiddle3-Matrix-animation-input-array" count="8"><param name="TIME" type="float"/></accessor></technique_common></source><source id="jnt_right_handmiddle3-Matrix-animation-output-transform"><float_array id="jnt_right_handmiddle3-Matrix-animation-output-transform-array" count="128">

0.992141 0.125129 -0.000000 0.108374 -0.125129 0.992141 0.000000 -0.000000 0.000000 -0.000000 1.000000 -0.000000 0.000000 0.000000 0.000000 1.000000
0.992140 0.125129 -0.000000 0.108374 -0.125129 0.992140 0.000000 -0.000000 0.000000 -0.000000 1.000000 0.000000 0.000000 0.000000 0.000000 1.000000
0.992141 0.125129 -0.000000 0.108374 -0.125129 0.992141 0.000000 -0.000000 0.000000 -0.000000 1.000000 0.000000 0.000000 0.000000 0.000000 1.000000
0.992140 0.125129 -0.000000 0.108374 -0.125129 0.992140 0.000000 -0.000000 0.000000 -0.000000 1.000000 0.000000 0.000000 0.000000 0.000000 1.000000
0.992140 0.125129 -0.000000 0.108374 -0.125129 0.992140 0.000000 0.000000 0.000000 -0.000000 1.000000 -0.000000 0.000000 0.000000 0.000000 1.000000
0.992141 0.125129 -0.000000 0.108374 -0.125129 0.992141 0.000000 0.000000 0.000000 -0.000000 1.000000 0.000000 0.000000 0.000000 0.000000 1.000000
0.992140 0.125129 -0.000000 0.108374 -0.125129 0.992141 0.000000 -0.000000 0.000000 -0.000000 1.000000 -0.000000 0.000000 0.000000 0.000000 1.000000
0.992141 0.125129 -0.000000 0.108374 -0.125129 0.992141 0.000000 -0.000000 0.000000 -0.000000 1.000000 -0.000000 0.000000 0.000000 0.000000 1.000000</float_array><technique_common><accessor source="#jnt_right_handmiddle3-Matrix-animation-output-transform-array" count="8" stride="16"><param type="float4x4"/></accessor></technique_common></source><source id="jnt_right_handmiddle3-Interpolations"><Name_array id="jnt_right_handmiddle3-Interpolations-array" count="8">
 LINEAR LINEAR LINEAR LINEAR LINEAR LINEAR LINEAR LINEAR</Name_array><technique_common><accessor source="#jnt_right_handmiddle3-Interpolations-array" count="8"><param type="name"/></accessor></technique_common></source><sampler id="jnt_right_handmiddle3-Matrix-animation-transform"><input semantic="INPUT" source="#jnt_right_handmiddle3-Matrix-animation-input"/><input semantic="OUTPUT" source="#jnt_right_handmiddle3-Matrix-animation-output-transform"/><input semantic="INTERPOLATION" source="#jnt_right_handmiddle3-Interpolations"/></sampler><channel source="#jnt_right_handmiddle3-Matrix-animation-transform" target="jnt_right_handmiddle3/matrix"/></animation></animation>
    <animation id="jnt_right_handmiddle4-anim" name="jnt_right_handmiddle4"><animation><source id="jnt_right_handmiddle4-Matrix-animation-input"><float_array id="jnt_right_handmiddle4-Matrix-animation-input-array" count="8">

0.033333 0.066667 0.100000 0.133333 0.166667 0.200000 0.233333 0.266667</float_array><technique_common><accessor source="#jnt_right_handmiddle4-Matrix-animation-input-array" count="8"><param name="TIME" type="float"/></accessor></technique_common></source><source id="jnt_right_handmiddle4-Matrix-animation-output-transform"><float_array id="jnt_right_handmiddle4-Matrix-animation-output-transform-array" count="128">

1.000000 0.000000 -0.000000 0.119191 -0.000000 1.000000 -0.000000 0.000105 0.000000 0.000000 1.000000 -0.000005 0.000000 0.000000 0.000000 1.000000
1.000000 0.000000 0.000000 0.119191 -0.000000 1.000000 -0.000000 0.000105 -0.000000 0.000000 1.000000 -0.000005 0.000000 0.000000 0.000000 1.000000
1.000000 0.000000 0.000000 0.119191 -0.000000 1.000000 -0.000000 0.000105 -0.000000 0.000000 1.000000 -0.000005 0.000000 0.000000 0.000000 1.000000
1.000000 0.000000 -0.000000 0.119191 -0.000000 1.000000 -0.000000 0.000105 0.000000 0.000000 1.000000 -0.000005 0.000000 0.000000 0.000000 1.000000
1.000000 0.000000 0.000000 0.119191 -0.000000 1.000000 0.000000 0.000105 -0.000000 -0.000000 1.000000 -0.000005 0.000000 0.000000 0.000000 1.000000
1.000000 0.000000 -0.000000 0.119191 -0.000000 1.000000 0.000000 0.000105 0.000000 -0.000000 1.000000 -0.000005 0.000000 0.000000 0.000000 1.000000
1.000000 0.000000 0.000000 0.119191 -0.000000 1.000000 0.000000 0.000105 -0.000000 -0.000000 1.000000 -0.000005 0.000000 0.000000 0.000000 1.000000
1.000000 0.000000 -0.000000 0.119191 -0.000000 1.000000 -0.000000 0.000105 0.000000 0.000000 1.000000 -0.000005 0.000000 0.000000 0.000000 1.000000</float_array><technique_common><accessor source="#jnt_right_handmiddle4-Matrix-animation-output-transform-array" count="8" stride="16"><param type="float4x4"/></accessor></technique_common></source><source id="jnt_right_handmiddle4-Interpolations"><Name_array id="jnt_right_handmiddle4-Interpolations-array" count="8">
 LINEAR LINEAR LINEAR LINEAR LINEAR LINEAR LINEAR LINEAR</Name_array><technique_common><accessor source="#jnt_right_handmiddle4-Interpolations-array" count="8"><param type="name"/></accessor></technique_common></source><sampler id="jnt_right_handmiddle4-Matrix-animation-transform"><input semantic="INPUT" source="#jnt_right_handmiddle4-Matrix-animation-input"/><input semantic="OUTPUT" source="#jnt_right_handmiddle4-Matrix-animation-output-transform"/><input semantic="INTERPOLATION" source="#jnt_right_handmiddle4-Interpolations"/></sampler><channel source="#jnt_right_handmiddle4-Matrix-animation-transform" target="jnt_right_handmiddle4/matrix"/></animation></animation>
    <animation id="jnt_right_handring1-anim" name="jnt_right_handring1"><animation><source id="jnt_right_handring1-Matrix-animation-input"><float_array id="jnt_right_handring1-Matrix-animation-input-array" count="8">

0.033333 0.066667 0.100000 0.133333 0.166667 0.200000 0.233333 0.266667</float_array><technique_common><accessor source="#jnt_right_handring1-Matrix-animation-input-array" count="8"><param name="TIME" type="float"/></accessor></technique_common></source><source id="jnt_right_handring1-Matrix-animation-output-transform"><float_array id="jnt_right_handring1-Matrix-animation-output-transform-array" count="128">

0.439183 0.870177 -0.223407 0.469962 -0.039341 -0.229806 -0.972441 -0.076798 -0.897536 0.435869 -0.066693 0.036646 0.000000 0.000000 0.000000 1.000000
0.439183 0.870177 -0.223407 0.469962 -0.039342 -0.229806 -0.972441 -0.076798 -0.897536 0.435869 -0.066693 0.036646 0.000000 0.000000 0.000000 1.000000
0.439183 0.870177 -0.223407 0.469962 -0.039342 -0.229806 -0.972441 -0.076798 -0.897536 0.435869 -0.066693 0.036646 0.000000 0.000000 0.000000 1.000000
0.439183 0.870177 -0.223406 0.469962 -0.039341 -0.229806 -0.972441 -0.076799 -0.897536 0.435869 -0.066693 0.036646 0.000000 0.000000 0.000000 1.000000
0.439183 0.870177 -0.223407 0.469962 -0.039342 -0.229806 -0.972441 -0.076799 -0.897536 0.435869 -0.066693 0.036646 0.000000 0.000000 0.000000 1.000000
0.439184 0.870177 -0.223407 0.469962 -0.039342 -0.229806 -0.972441 -0.076798 -0.897536 0.435869 -0.066693 0.036646 0.000000 0.000000 0.000000 1.000000
0.439183 0.870177 -0.223407 0.469962 -0.039342 -0.229806 -0.972441 -0.076799 -0.897536 0.435869 -0.066693 0.036645 0.000000 0.000000 0.000000 1.000000
0.439183 0.870177 -0.223407 0.469962 -0.039342 -0.229806 -0.972441 -0.076798 -0.897536 0.435869 -0.066693 0.036646 0.000000 0.000000 0.000000 1.000000</float_array><technique_common><accessor source="#jnt_right_handring1-Matrix-animation-output-transform-array" count="8" stride="16"><param type="float4x4"/></accessor></technique_common></source><source id="jnt_right_handring1-Interpolations"><Name_array id="jnt_right_handring1-Interpolations-array" count="8">
 LINEAR LINEAR LINEAR LINEAR LINEAR LINEAR LINEAR LINEAR</Name_array><technique_common><accessor source="#jnt_right_handring1-Interpolations-array" count="8"><param type="name"/></accessor></technique_common></source><sampler id="jnt_right_handring1-Matrix-animation-transform"><input semantic="INPUT" source="#jnt_right_handring1-Matrix-animation-input"/><input semantic="OUTPUT" source="#jnt_right_handring1-Matrix-animation-output-transform"/><input semantic="INTERPOLATION" source="#jnt_right_handring1-Interpolations"/></sampler><channel source="#jnt_right_handring1-Matrix-animation-transform" target="jnt_right_handring1/matrix"/></animation></animation>
    <animation id="jnt_right_handring2-anim" name="jnt_right_handring2"><animation><source id="jnt_right_handring2-Matrix-animation-input"><float_array id="jnt_right_handring2-Matrix-animation-input-array" count="8">

0.033333 0.066667 0.100000 0.133333 0.166667 0.200000 0.233333 0.266667</float_array><technique_common><accessor source="#jnt_right_handring2-Matrix-animation-input-array" count="8"><param name="TIME" type="float"/></accessor></technique_common></source><source id="jnt_right_handring2-Matrix-animation-output-transform"><float_array id="jnt_right_handring2-Matrix-animation-output-transform-array" count="128">

0.935170 0.354198 -0.000001 0.184241 -0.354198 0.935170 -0.000000 0.000000 0.000001 0.000000 1.000000 0.000001 0.000000 0.000000 0.000000 1.000000
0.935170 0.354198 -0.000001 0.184241 -0.354198 0.935170 -0.000000 0.000000 0.000001 0.000000 1.000000 -0.000001 0.000000 0.000000 0.000000 1.000000
0.935170 0.354198 -0.000001 0.184241 -0.354198 0.935171 -0.000000 0.000000 0.000001 0.000000 1.000000 0.000000 0.000000 0.000000 0.000000 1.000000
0.935171 0.354198 -0.000001 0.184241 -0.354198 0.935171 -0.000000 0.000000 0.000001 0.000000 1.000000 0.000000 0.000000 0.000000 0.000000 1.000000
0.935170 0.354198 -0.000001 0.184241 -0.354198 0.935170 -0.000000 0.000000 0.000001 0.000000 1.000000 -0.000000 0.000000 0.000000 0.000000 1.000000
0.935171 0.354198 -0.000001 0.184241 -0.354198 0.935171 -0.000000 -0.000000 0.000001 0.000000 1.000000 -0.000000 0.000000 0.000000 0.000000 1.000000
0.935170 0.354198 -0.000001 0.184241 -0.354198 0.935170 -0.000000 0.000000 0.000001 0.000000 1.000000 -0.000000 0.000000 0.000000 0.000000 1.000000
0.935170 0.354198 -0.000001 0.184241 -0.354198 0.935170 -0.000000 -0.000000 0.000001 0.000000 1.000000 0.000000 0.000000 0.000000 0.000000 1.000000</float_array><technique_common><accessor source="#jnt_right_handring2-Matrix-animation-output-transform-array" count="8" stride="16"><param type="float4x4"/></accessor></technique_common></source><source id="jnt_right_handring2-Interpolations"><Name_array id="jnt_right_handring2-Interpolations-array" count="8">
 LINEAR LINEAR LINEAR LINEAR LINEAR LINEAR LINEAR LINEAR</Name_array><technique_common><accessor source="#jnt_right_handring2-Interpolations-array" count="8"><param type="name"/></accessor></technique_common></source><sampler id="jnt_right_handring2-Matrix-animation-transform"><input semantic="INPUT" source="#jnt_right_handring2-Matrix-animation-input"/><input semantic="OUTPUT" source="#jnt_right_handring2-Matrix-animation-output-transform"/><input semantic="INTERPOLATION" source="#jnt_right_handring2-Interpolations"/></sampler><channel source="#jnt_right_handring2-Matrix-animation-transform" target="jnt_right_handring2/matrix"/></animation></animation>
    <animation id="jnt_right_handring3-anim" name="jnt_right_handring3"><animation><source id="jnt_right_handring3-Matrix-animation-input"><float_array id="jnt_right_handring3-Matrix-animation-input-array" count="8">

0.033333 0.066667 0.100000 0.133333 0.166667 0.200000 0.233333 0.266667</float_array><technique_common><accessor source="#jnt_right_handring3-Matrix-animation-input-array" count="8"><param name="TIME" type="float"/></accessor></technique_common></source><source id="jnt_right_handring3-Matrix-animation-output-transform"><float_array id="jnt_right_handring3-Matrix-animation-output-transform-array" count="128">

0.992311 0.123771 0.000000 0.103951 -0.123771 0.992311 0.000001 0.000001 0.000000 -0.000001 1.000000 0.000001 0.000000 0.000000 0.000000 1.000000
0.992311 0.123771 0.000000 0.103951 -0.123771 0.992311 0.000001 0.000001 0.000000 -0.000001 1.000000 0.000000 0.000000 0.000000 0.000000 1.000000
0.992311 0.123771 0.000000 0.103951 -0.123771 0.992311 0.000001 0.000001 0.000000 -0.000001 1.000000 -0.000001 0.000000 0.000000 0.000000 1.000000
0.992311 0.123771 0.000000 0.103951 -0.123771 0.992311 0.000001 0.000001 0.000000 -0.000001 1.000000 -0.000001 0.000000 0.000000 0.000000 1.000000
0.992311 0.123771 0.000000 0.103951 -0.123771 0.992311 0.000001 0.000001 0.000000 -0.000001 1.000000 -0.000000 0.000000 0.000000 0.000000 1.000000
0.992311 0.123771 0.000000 0.103951 -0.123771 0.992311 0.000001 0.000001 0.000000 -0.000001 1.000000 0.000000 0.000000 0.000000 0.000000 1.000000
0.992311 0.123771 0.000000 0.103951 -0.123771 0.992311 0.000001 0.000001 0.000000 -0.000001 1.000000 -0.000000 0.000000 0.000000 0.000000 1.000000
0.992311 0.123771 0.000000 0.103951 -0.123771 0.992311 0.000001 0.000001 0.000000 -0.000001 1.000000 0.000000 0.000000 0.000000 0.000000 1.000000</float_array><technique_common><accessor source="#jnt_right_handring3-Matrix-animation-output-transform-array" count="8" stride="16"><param type="float4x4"/></accessor></technique_common></source><source id="jnt_right_handring3-Interpolations"><Name_array id="jnt_right_handring3-Interpolations-array" count="8">
 LINEAR LINEAR LINEAR LINEAR LINEAR LINEAR LINEAR LINEAR</Name_array><technique_common><accessor source="#jnt_right_handring3-Interpolations-array" count="8"><param type="name"/></accessor></technique_common></source><sampler id="jnt_right_handring3-Matrix-animation-transform"><input semantic="INPUT" source="#jnt_right_handring3-Matrix-animation-input"/><input semantic="OUTPUT" source="#jnt_right_handring3-Matrix-animation-output-transform"/><input semantic="INTERPOLATION" source="#jnt_right_handring3-Interpolations"/></sampler><channel source="#jnt_right_handring3-Matrix-animation-transform" target="jnt_right_handring3/matrix"/></animation></animation>
    <animation id="jnt_right_handring4-anim" name="jnt_right_handring4"><animation><source id="jnt_right_handring4-Matrix-animation-input"><float_array id="jnt_right_handring4-Matrix-animation-input-array" count="8">

0.033333 0.066667 0.100000 0.133333 0.166667 0.200000 0.233333 0.266667</float_array><technique_common><accessor source="#jnt_right_handring4-Matrix-animation-input-array" count="8"><param name="TIME" type="float"/></accessor></technique_common></source><source id="jnt_right_handring4-Matrix-animation-output-transform"><float_array id="jnt_right_handring4-Matrix-animation-output-transform-array" count="128">

1.000000 0.000000 0.000000 0.120247 -0.000000 1.000000 0.000000 0.000103 -0.000000 -0.000000 1.000000 -0.000016 0.000000 0.000000 0.000000 1.000000
1.000000 0.000000 0.000000 0.120247 -0.000000 1.000000 0.000000 0.000103 -0.000000 -0.000000 1.000000 -0.000016 0.000000 0.000000 0.000000 1.000000
1.000000 0.000000 -0.000000 0.120247 -0.000000 1.000000 -0.000000 0.000103 0.000000 0.000000 1.000000 -0.000016 0.000000 0.000000 0.000000 1.000000
1.000000 0.000000 0.000000 0.120247 -0.000000 1.000000 0.000000 0.000103 0.000000 -0.000000 1.000000 -0.000016 0.000000 0.000000 0.000000 1.000000
1.000000 0.000000 0.000000 0.120247 -0.000000 1.000000 -0.000000 0.000103 -0.000000 0.000000 1.000000 -0.000016 0.000000 0.000000 0.000000 1.000000
1.000000 0.000000 -0.000000 0.120247 -0.000000 1.000000 -0.000000 0.000103 0.000000 0.000000 1.000000 -0.000016 0.000000 0.000000 0.000000 1.000000
1.000000 0.000000 0.000000 0.120247 -0.000000 1.000000 0.000000 0.000103 -0.000000 -0.000000 1.000000 -0.000016 0.000000 0.000000 0.000000 1.000000
1.000000 0.000000 0.000000 0.120247 -0.000000 1.000000 -0.000000 0.000103 -0.000000 0.000000 1.000000 -0.000016 0.000000 0.000000 0.000000 1.000000</float_array><technique_common><accessor source="#jnt_right_handring4-Matrix-animation-output-transform-array" count="8" stride="16"><param type="float4x4"/></accessor></technique_common></source><source id="jnt_right_handring4-Interpolations"><Name_array id="jnt_right_handring4-Interpolations-array" count="8">
 LINEAR LINEAR LINEAR LINEAR LINEAR LINEAR LINEAR LINEAR</Name_array><technique_common><accessor source="#jnt_right_handring4-Interpolations-array" count="8"><param type="name"/></accessor></technique_common></source><sampler id="jnt_right_handring4-Matrix-animation-transform"><input semantic="INPUT" source="#jnt_right_handring4-Matrix-animation-input"/><input semantic="OUTPUT" source="#jnt_right_handring4-Matrix-animation-output-transform"/><input semantic="INTERPOLATION" source="#jnt_right_handring4-Interpolations"/></sampler><channel source="#jnt_right_handring4-Matrix-animation-transform" target="jnt_right_handring4/matrix"/></animation></animation>
    <animation id="jnt_right_handpinky1-anim" name="jnt_right_handpinky1"><animation><source id="jnt_right_handpinky1-Matrix-animation-input"><float_array id="jnt_right_handpinky1-Matrix-animation-input-array" count="8">

0.033333 0.066667 0.100000 0.133333 0.166667 0.200000 0.233333 0.266667</float_array><technique_common><accessor source="#jnt_right_handpinky1-Matrix-animation-input-array" count="8"><param name="TIME" type="float"/></accessor></technique_common></source><source id="jnt_right_handpinky1-Matrix-animation-output-transform"><float_array id="jnt_right_handpinky1-Matrix-animation-output-transform-array" count="128">

0.619346 0.766768 -0.168750 0.407608 -0.087886 -0.145876 -0.985391 -0.208155 -0.780184 0.625129 -0.022960 -0.012229 0.000000 0.000000 0.000000 1.000000
0.619346 0.766768 -0.168750 0.407608 -0.087886 -0.145876 -0.985391 -0.208156 -0.780184 0.625129 -0.022960 -0.012229 0.000000 0.000000 0.000000 1.000000
0.619346 0.766768 -0.168750 0.407608 -0.087886 -0.145876 -0.985391 -0.208155 -0.780184 0.625129 -0.022960 -0.012229 0.000000 0.000000 0.000000 1.000000
0.619346 0.766768 -0.168750 0.407608 -0.087886 -0.145876 -0.985391 -0.208156 -0.780184 0.625129 -0.022960 -0.012230 0.000000 0.000000 0.000000 1.000000
0.619346 0.766768 -0.168750 0.407608 -0.087886 -0.145876 -0.985391 -0.208156 -0.780184 0.625129 -0.022960 -0.012229 0.000000 0.000000 0.000000 1.000000
0.619346 0.766769 -0.168750 0.407608 -0.087886 -0.145876 -0.985391 -0.208155 -0.780184 0.625129 -0.022960 -0.012229 0.000000 0.000000 0.000000 1.000000
0.619346 0.766768 -0.168750 0.407608 -0.087886 -0.145876 -0.985391 -0.208156 -0.780184 0.625129 -0.022960 -0.012230 0.000000 0.000000 0.000000 1.000000
0.619346 0.766768 -0.168750 0.407608 -0.087886 -0.145876 -0.985391 -0.208155 -0.780183 0.625129 -0.022960 -0.012230 0.000000 0.000000 0.000000 1.000000</float_array><technique_common><accessor source="#jnt_right_handpinky1-Matrix-animation-output-transform-array" count="8" stride="16"><param type="float4x4"/></accessor></technique_common></source><source id="jnt_right_handpinky1-Interpolations"><Name_array id="jnt_right_handpinky1-Interpolations-array" count="8">
 LINEAR LINEAR LINEAR LINEAR LINEAR LINEAR LINEAR LINEAR</Name_array><technique_common><accessor source="#jnt_right_handpinky1-Interpolations-array" count="8"><param type="name"/></accessor></technique_common></source><sampler id="jnt_right_handpinky1-Matrix-animation-transform"><input semantic="INPUT" source="#jnt_right_handpinky1-Matrix-animation-input"/><input semantic="OUTPUT" source="#jnt_right_handpinky1-Matrix-animation-output-transform"/><input semantic="INTERPOLATION" source="#jnt_right_handpinky1-Interpolations"/></sampler><channel source="#jnt_right_handpinky1-Matrix-animation-transform" target="jnt_right_handpinky1/matrix"/></animation></animation>
    <animation id="jnt_right_handpinky2-anim" name="jnt_right_handpinky2"><animation><source id="jnt_right_handpinky2-Matrix-animation-input"><float_array id="jnt_right_handpinky2-Matrix-animation-input-array" count="8">

0.033333 0.066667 0.100000 0.133333 0.166667 0.200000 0.233333 0.266667</float_array><technique_common><accessor source="#jnt_right_handpinky2-Matrix-animation-input-array" count="8"><param name="TIME" type="float"/></accessor></technique_common></source><source id="jnt_right_handpinky2-Matrix-animation-output-transform"><float_array id="jnt_right_handpinky2-Matrix-animation-output-transform-array" count="128">

0.937785 0.347217 -0.000000 0.148507 -0.347217 0.937785 -0.000001 0.000001 0.000000 0.000001 1.000000 0.000001 0.000000 0.000000 0.000000 1.000000
0.937785 0.347217 -0.000000 0.148507 -0.347217 0.937785 -0.000001 0.000001 0.000000 0.000001 1.000000 0.000000 0.000000 0.000000 0.000000 1.000000
0.937785 0.347217 -0.000000 0.148507 -0.347217 0.937785 -0.000001 0.000001 0.000000 0.000001 1.000000 -0.000000 0.000000 0.000000 0.000000 1.000000
0.937785 0.347217 -0.000000 0.148507 -0.347217 0.937785 -0.000001 0.000001 0.000000 0.000001 1.000000 -0.000001 0.000000 0.000000 0.000000 1.000000
0.937785 0.347217 -0.000000 0.148507 -0.347217 0.937785 -0.000001 0.000001 0.000000 0.000001 1.000000 0.000000 0.000000 0.000000 0.000000 1.000000
0.937785 0.347217 -0.000000 0.148507 -0.347217 0.937785 -0.000001 0.000001 0.000000 0.000001 1.000000 0.000000 0.000000 0.000000 0.000000 1.000000
0.937785 0.347217 -0.000000 0.148507 -0.347217 0.937785 -0.000001 0.000001 0.000000 0.000001 1.000000 -0.000000 0.000000 0.000000 0.000000 1.000000
0.937785 0.347217 -0.000000 0.148507 -0.347217 0.937785 -0.000001 0.000001 0.000000 0.000001 1.000000 0.000000 0.000000 0.000000 0.000000 1.000000</float_array><technique_common><accessor source="#jnt_right_handpinky2-Matrix-animation-output-transform-array" count="8" stride="16"><param type="float4x4"/></accessor></technique_common></source><source id="jnt_right_handpinky2-Interpolations"><Name_array id="jnt_right_handpinky2-Interpolations-array" count="8">
 LINEAR LINEAR LINEAR LINEAR LINEAR LINEAR LINEAR LINEAR</Name_array><technique_common><accessor source="#jnt_right_handpinky2-Interpolations-array" count="8"><param type="name"/></accessor></technique_common></source><sampler id="jnt_right_handpinky2-Matrix-animation-transform"><input semantic="INPUT" source="#jnt_right_handpinky2-Matrix-animation-input"/><input semantic="OUTPUT" source="#jnt_right_handpinky2-Matrix-animation-output-transform"/><input semantic="INTERPOLATION" source="#jnt_right_handpinky2-Interpolations"/></sampler><channel source="#jnt_right_handpinky2-Matrix-animation-transform" target="jnt_right_handpinky2/matrix"/></animation></animation>
    <animation id="jnt_right_handpinky3-anim" name="jnt_right_handpinky3"><animation><source id="jnt_right_handpinky3-Matrix-animation-input"><float_array id="jnt_right_handpinky3-Matrix-animation-input-array" count="8">

0.033333 0.066667 0.100000 0.133333 0.166667 0.200000 0.233333 0.266667</float_array><technique_common><accessor source="#jnt_right_handpinky3-Matrix-animation-input-array" count="8"><param name="TIME" type="float"/></accessor></technique_common></source><source id="jnt_right_handpinky3-Matrix-animation-output-transform"><float_array id="jnt_right_handpinky3-Matrix-animation-output-transform-array" count="128">

0.994339 0.106248 -0.000000 0.075471 -0.106248 0.994340 0.000002 -0.000001 0.000000 -0.000002 1.000000 -0.000000 0.000000 0.000000 0.000000 1.000000
0.994340 0.106248 -0.000000 0.075471 -0.106248 0.994340 0.000002 -0.000001 0.000000 -0.000002 1.000000 -0.000000 0.000000 0.000000 0.000000 1.000000
0.994340 0.106248 -0.000000 0.075471 -0.106248 0.994340 0.000002 -0.000001 0.000000 -0.000002 1.000000 0.000001 0.000000 0.000000 0.000000 1.000000
0.994340 0.106248 -0.000000 0.075471 -0.106248 0.994340 0.000002 -0.000002 0.000000 -0.000002 1.000000 0.000000 0.000000 0.000000 0.000000 1.000000
0.994340 0.106248 -0.000000 0.075471 -0.106248 0.994340 0.000002 -0.000001 0.000000 -0.000002 1.000000 0.000000 0.000000 0.000000 0.000000 1.000000
0.994340 0.106248 0.000000 0.075471 -0.106248 0.994339 0.000002 -0.000001 0.000000 -0.000002 1.000000 0.000000 0.000000 0.000000 0.000000 1.000000
0.994340 0.106248 -0.000000 0.075471 -0.106248 0.994340 0.000002 -0.000001 0.000000 -0.000002 1.000000 0.000000 0.000000 0.000000 0.000000 1.000000
0.994340 0.106248 -0.000000 0.075472 -0.106248 0.994340 0.000002 -0.000001 0.000000 -0.000002 1.000000 0.000000 0.000000 0.000000 0.000000 1.000000</float_array><technique_common><accessor source="#jnt_right_handpinky3-Matrix-animation-output-transform-array" count="8" stride="16"><param type="float4x4"/></accessor></technique_common></source><source id="jnt_right_handpinky3-Interpolations"><Name_array id="jnt_right_handpinky3-Interpolations-array" count="8">
 LINEAR LINEAR LINEAR LINEAR LINEAR LINEAR LINEAR LINEAR</Name_array><technique_common><accessor source="#jnt_right_handpinky3-Interpolations-array" count="8"><param type="name"/></accessor></technique_common></source><sampler id="jnt_right_handpinky3-Matrix-animation-transform"><input semantic="INPUT" source="#jnt_right_handpinky3-Matrix-animation-input"/><input semantic="OUTPUT" source="#jnt_right_handpinky3-Matrix-animation-output-transform"/><input semantic="INTERPOLATION" source="#jnt_right_handpinky3-Interpolations"/></sampler><channel source="#jnt_right_handpinky3-Matrix-animation-transform" target="jnt_right_handpinky3/matrix"/></animation></animation>
    <animation id="jnt_right_handpinky4-anim" name="jnt_right_handpinky4"><animation><source id="jnt_right_handpinky4-Matrix-animation-input"><float_array id="jnt_right_handpinky4-Matrix-animation-input-array" count="8">

0.033333 0.066667 0.100000 0.133333 0.166667 0.200000 0.233333 0.266667</float_array><technique_common><accessor source="#jnt_right_handpinky4-Matrix-animation-input-array" count="8"><param name="TIME" type="float"/></accessor></technique_common></source><source id="jnt_right_handpinky4-Matrix-animation-output-transform"><float_array id="jnt_right_handpinky4-Matrix-animation-output-transform-array" count="128">

1.000000 0.000000 0.000000 0.101152 -0.000000 1.000000 0.000000 0.000000 -0.000000 -0.000000 1.000000 0.000000 0.000000 0.000000 0.000000 1.000000
1.000000 0.000000 -0.000000 0.101152 -0.000000 1.000000 0.000000 0.000000 0.000000 -0.000000 1.000000 0.000000 0.000000 0.000000 0.000000 1.000000
1.000000 0.000000 0.000000 0.101152 -0.000000 1.000000 0.000000 0.000000 0.000000 -0.000000 1.000000 0.000000 0.000000 0.000000 0.000000 1.000000
1.000000 0.000000 0.000000 0.101152 -0.000000 1.000000 0.000000 0.000000 -0.000000 -0.000000 1.000000 -0.000000 0.000000 0.000000 0.000000 1.000000
1.000000 0.000000 -0.000000 0.101152 -0.000000 1.000000 -0.000000 0.000000 0.000000 0.000000 1.000000 0.000000 0.000000 0.000000 0.000000 1.000000
1.000000 0.000000 -0.000000 0.101152 -0.000000 1.000000 0.000000 -0.000000 0.000000 -0.000000 1.000000 -0.000000 0.000000 0.000000 0.000000 1.000000
1.000000 0.000000 0.000000 0.101152 -0.000000 1.000000 0.000000 0.000000 -0.000000 -0.000000 1.000000 0.000000 0.000000 0.000000 0.000000 1.000000
1.000000 0.000000 0.000000 0.101152 -0.000000 1.000000 0.000000 -0.000000 0.000000 -0.000000 1.000000 -0.000000 0.000000 0.000000 0.000000 1.000000</float_array><technique_common><accessor source="#jnt_right_handpinky4-Matrix-animation-output-transform-array" count="8" stride="16"><param type="float4x4"/></accessor></technique_common></source><source id="jnt_right_handpinky4-Interpolations"><Name_array id="jnt_right_handpinky4-Interpolations-array" count="8">
 LINEAR LINEAR LINEAR LINEAR LINEAR LINEAR LINEAR LINEAR</Name_array><technique_common><accessor source="#jnt_right_handpinky4-Interpolations-array" count="8"><param type="name"/></accessor></technique_common></source><sampler id="jnt_right_handpinky4-Matrix-animation-transform"><input semantic="INPUT" source="#jnt_right_handpinky4-Matrix-animation-input"/><input semantic="OUTPUT" source="#jnt_right_handpinky4-Matrix-animation-output-transform"/><input semantic="INTERPOLATION" source="#jnt_right_handpinky4-Interpolations"/></sampler><channel source="#jnt_right_handpinky4-Matrix-animation-transform" target="jnt_right_handpinky4/matrix"/></animation></animation>
    <animation id="jnt_backpack-anim" name="jnt_backpack"><animation><source id="jnt_backpack-Matrix-animation-input"><float_array id="jnt_backpack-Matrix-animation-input-array" count="8">

0.033333 0.066667 0.100000 0.133333 0.166667 0.200000 0.233333 0.266667</float_array><technique_common><accessor source="#jnt_backpack-Matrix-animation-input-array" count="8"><param name="TIME" type="float"/></accessor></technique_common></source><source id="jnt_backpack-Matrix-animation-output-transform"><float_array id="jnt_backpack-Matrix-animation-output-transform-array" count="128">

0.000000 0.995068 -0.099191 0.682545 0.000000 0.099191 0.995068 -0.705658 1.000000 -0.000000 0.000000 -0.000000 0.000000 0.000000 0.000000 1.000000
0.000000 0.995068 -0.099191 0.682545 0.000000 0.099191 0.995068 -0.705658 1.000000 -0.000000 0.000000 -0.000000 0.000000 0.000000 0.000000 1.000000
0.000000 0.995068 -0.099191 0.682545 0.000000 0.099191 0.995068 -0.705658 1.000000 -0.000000 0.000000 -0.000000 0.000000 0.000000 0.000000 1.000000
0.000000 0.995068 -0.099191 0.682545 0.000000 0.099191 0.995068 -0.705658 1.000000 -0.000000 0.000000 -0.000000 0.000000 0.000000 0.000000 1.000000
0.000000 0.995068 -0.099191 0.682545 0.000000 0.099191 0.995068 -0.705658 1.000000 -0.000000 0.000000 -0.000000 0.000000 0.000000 0.000000 1.000000
0.000000 0.995068 -0.099191 0.682545 0.000000 0.099191 0.995068 -0.705658 1.000000 -0.000000 0.000000 -0.000000 0.000000 0.000000 0.000000 1.000000
0.000000 0.995068 -0.099191 0.682545 0.000000 0.099191 0.995068 -0.705658 1.000000 -0.000000 0.000000 -0.000000 0.000000 0.000000 0.000000 1.000000
0.000000 0.995068 -0.099191 0.682545 0.000000 0.099191 0.995068 -0.705658 1.000000 -0.000000 0.000000 -0.000000 0.000000 0.000000 0.000000 1.000000</float_array><technique_common><accessor source="#jnt_backpack-Matrix-animation-output-transform-array" count="8" stride="16"><param type="float4x4"/></accessor></technique_common></source><source id="jnt_backpack-Interpolations"><Name_array id="jnt_backpack-Interpolations-array" count="8">
 LINEAR LINEAR LINEAR LINEAR LINEAR LINEAR LINEAR LINEAR</Name_array><technique_common><accessor source="#jnt_backpack-Interpolations-array" count="8"><param type="name"/></accessor></technique_common></source><sampler id="jnt_backpack-Matrix-animation-transform"><input semantic="INPUT" source="#jnt_backpack-Matrix-animation-input"/><input semantic="OUTPUT" source="#jnt_backpack-Matrix-animation-output-transform"/><input semantic="INTERPOLATION" source="#jnt_backpack-Interpolations"/></sampler><channel source="#jnt_backpack-Matrix-animation-transform" target="jnt_backpack/matrix"/></animation></animation>
    <animation id="jnt_camera-anim" name="jnt_camera"><animation><source id="jnt_camera-Matrix-animation-input"><float_array id="jnt_camera-Matrix-animation-input-array" count="8">

0.033333 0.066667 0.100000 0.133333 0.166667 0.200000 0.233333 0.266667</float_array><technique_common><accessor source="#jnt_camera-Matrix-animation-input-array" count="8"><param name="TIME" type="float"/></accessor></technique_common></source><source id="jnt_camera-Matrix-animation-output-transform"><float_array id="jnt_camera-Matrix-animation-output-transform-array" count="128">

0.987715 -0.153887 0.027150 0.000000 0.153770 0.926257 -0.344096 1.193611 0.027804 0.344044 0.938542 0.007402 0.000000 0.000000 0.000000 1.000000
0.987715 -0.153887 0.027150 0.000000 0.153770 0.926257 -0.344096 1.193611 0.027804 0.344044 0.938542 0.007402 0.000000 0.000000 0.000000 1.000000
0.987715 -0.153887 0.027150 0.000000 0.153770 0.926257 -0.344096 1.193611 0.027804 0.344044 0.938542 0.007402 0.000000 0.000000 0.000000 1.000000
0.987715 -0.153887 0.027150 0.000000 0.153770 0.926257 -0.344096 1.193611 0.027804 0.344044 0.938542 0.007402 0.000000 0.000000 0.000000 1.000000
0.987715 -0.153887 0.027150 0.000000 0.153770 0.926257 -0.344096 1.193611 0.027804 0.344044 0.938542 0.007402 0.000000 0.000000 0.000000 1.000000
0.987715 -0.153887 0.027150 0.000000 0.153770 0.926257 -0.344096 1.193611 0.027804 0.344044 0.938542 0.007402 0.000000 0.000000 0.000000 1.000000
0.987715 -0.153887 0.027150 0.000000 0.153770 0.926257 -0.344096 1.193611 0.027804 0.344044 0.938542 0.007402 0.000000 0.000000 0.000000 1.000000
0.987715 -0.153887 0.027150 0.000000 0.153770 0.926257 -0.344096 1.193611 0.027804 0.344044 0.938542 0.007402 0.000000 0.000000 0.000000 1.000000</float_array><technique_common><accessor source="#jnt_camera-Matrix-animation-output-transform-array" count="8" stride="16"><param type="float4x4"/></accessor></technique_common></source><source id="jnt_camera-Interpolations"><Name_array id="jnt_camera-Interpolations-array" count="8">
 LINEAR LINEAR LINEAR LINEAR LINEAR LINEAR LINEAR LINEAR</Name_array><technique_common><accessor source="#jnt_camera-Interpolations-array" count="8"><param type="name"/></accessor></technique_common></source><sampler id="jnt_camera-Matrix-animation-transform"><input semantic="INPUT" source="#jnt_camera-Matrix-animation-input"/><input semantic="OUTPUT" source="#jnt_camera-Matrix-animation-output-transform"/><input semantic="INTERPOLATION" source="#jnt_camera-Interpolations"/></sampler><channel source="#jnt_camera-Matrix-animation-transform" target="jnt_camera/matrix"/></animation></animation>
    <animation id="jnt_right_upleg-anim" name="jnt_right_upleg"><animation><source id="jnt_right_upleg-Matrix-animation-input"><float_array id="jnt_right_upleg-Matrix-animation-input-array" count="8">

0.033333 0.066667 0.100000 0.133333 0.166667 0.200000 0.233333 0.266667</float_array><technique_common><accessor source="#jnt_right_upleg-Matrix-animation-input-array" count="8"><param name="TIME" type="float"/></accessor></technique_common></source><source id="jnt_right_upleg-Matrix-animation-output-transform"><float_array id="jnt_right_upleg-Matrix-animation-output-transform-array" count="128">

-0.175337 -0.001756 -0.984507 -0.446779 -0.984438 -0.011647 0.175345 -0.111214 -0.011775 0.999931 0.000313 0.043020 0.000000 0.000000 0.000000 1.000000
-0.175337 -0.001756 -0.984507 -0.446779 -0.984438 -0.011647 0.175345 -0.111214 -0.011775 0.999931 0.000313 0.043020 0.000000 0.000000 0.000000 1.000000
-0.175337 -0.001756 -0.984507 -0.446779 -0.984438 -0.011647 0.175345 -0.111214 -0.011775 0.999931 0.000313 0.043020 0.000000 0.000000 0.000000 1.000000
-0.175337 -0.001756 -0.984507 -0.446779 -0.984438 -0.011647 0.175345 -0.111214 -0.011775 0.999931 0.000313 0.043020 0.000000 0.000000 0.000000 1.000000
-0.175337 -0.001756 -0.984507 -0.446779 -0.984438 -0.011647 0.175345 -0.111214 -0.011775 0.999931 0.000313 0.043020 0.000000 0.000000 0.000000 1.000000
-0.175337 -0.001756 -0.984507 -0.446779 -0.984438 -0.011647 0.175345 -0.111214 -0.011775 0.999931 0.000313 0.043020 0.000000 0.000000 0.000000 1.000000
-0.175337 -0.001756 -0.984507 -0.446779 -0.984438 -0.011647 0.175345 -0.111214 -0.011775 0.999931 0.000313 0.043020 0.000000 0.000000 0.000000 1.000000
-0.175337 -0.001756 -0.984507 -0.446779 -0.984438 -0.011647 0.175345 -0.111214 -0.011775 0.999931 0.000313 0.043020 0.000000 0.000000 0.000000 1.000000</float_array><technique_common><accessor source="#jnt_right_upleg-Matrix-animation-output-transform-array" count="8" stride="16"><param type="float4x4"/></accessor></technique_common></source><source id="jnt_right_upleg-Interpolations"><Name_array id="jnt_right_upleg-Interpolations-array" count="8">
 LINEAR LINEAR LINEAR LINEAR LINEAR LINEAR LINEAR LINEAR</Name_array><technique_common><accessor source="#jnt_right_upleg-Interpolations-array" count="8"><param type="name"/></accessor></technique_common></source><sampler id="jnt_right_upleg-Matrix-animation-transform"><input semantic="INPUT" source="#jnt_right_upleg-Matrix-animation-input"/><input semantic="OUTPUT" source="#jnt_right_upleg-Matrix-animation-output-transform"/><input semantic="INTERPOLATION" source="#jnt_right_upleg-Interpolations"/></sampler><channel source="#jnt_right_upleg-Matrix-animation-transform" target="jnt_right_upleg/matrix"/></animation></animation>
    <animation id="jnt_right_uplegroll-anim" name="jnt_right_uplegroll"><animation><source id="jnt_right_uplegroll-Matrix-animation-input"><float_array id="jnt_right_uplegroll-Matrix-animation-input-array" count="8">

0.033333 0.066667 0.100000 0.133333 0.166667 0.200000 0.233333 0.266667</float_array><technique_common><accessor source="#jnt_right_uplegroll-Matrix-animation-input-array" count="8"><param name="TIME" type="float"/></accessor></technique_common></source><source id="jnt_right_uplegroll-Matrix-animation-output-transform"><float_array id="jnt_right_uplegroll-Matrix-animation-output-transform-array" count="128">

1.000000 -0.000000 0.000000 0.430000 0.000000 1.000000 0.000000 0.000000 -0.000000 -0.000000 1.000000 -0.000000 0.000000 0.000000 0.000000 1.000000
1.000000 -0.000000 0.000000 0.430000 0.000000 1.000000 0.000000 0.000000 -0.000000 -0.000000 1.000000 -0.000000 0.000000 0.000000 0.000000 1.000000
1.000000 -0.000000 0.000000 0.430000 0.000000 1.000000 0.000000 0.000000 -0.000000 -0.000000 1.000000 -0.000000 0.000000 0.000000 0.000000 1.000000
1.000000 -0.000000 0.000000 0.430000 0.000000 1.000000 0.000000 0.000000 -0.000000 -0.000000 1.000000 -0.000000 0.000000 0.000000 0.000000 1.000000
1.000000 -0.000000 0.000000 0.430000 0.000000 1.000000 0.000000 0.000000 -0.000000 -0.000000 1.000000 -0.000000 0.000000 0.000000 0.000000 1.000000
1.000000 -0.000000 0.000000 0.430000 0.000000 1.000000 0.000000 0.000000 -0.000000 -0.000000 1.000000 -0.000000 0.000000 0.000000 0.000000 1.000000
1.000000 -0.000000 0.000000 0.430000 0.000000 1.000000 0.000000 0.000000 -0.000000 -0.000000 1.000000 -0.000000 0.000000 0.000000 0.000000 1.000000
1.000000 -0.000000 0.000000 0.430000 0.000000 1.000000 0.000000 0.000000 -0.000000 -0.000000 1.000000 -0.000000 0.000000 0.000000 0.000000 1.000000</float_array><technique_common><accessor source="#jnt_right_uplegroll-Matrix-animation-output-transform-array" count="8" stride="16"><param type="float4x4"/></accessor></technique_common></source><source id="jnt_right_uplegroll-Interpolations"><Name_array id="jnt_right_uplegroll-Interpolations-array" count="8">
 LINEAR LINEAR LINEAR LINEAR LINEAR LINEAR LINEAR LINEAR</Name_array><technique_common><accessor source="#jnt_right_uplegroll-Interpolations-array" count="8"><param type="name"/></accessor></technique_common></source><sampler id="jnt_right_uplegroll-Matrix-animation-transform"><input semantic="INPUT" source="#jnt_right_uplegroll-Matrix-animation-input"/><input semantic="OUTPUT" source="#jnt_right_uplegroll-Matrix-animation-output-transform"/><input semantic="INTERPOLATION" source="#jnt_right_uplegroll-Interpolations"/></sampler><channel source="#jnt_right_uplegroll-Matrix-animation-transform" target="jnt_right_uplegroll/matrix"/></animation></animation>
    <animation id="jnt_right_leg-anim" name="jnt_right_leg"><animation><source id="jnt_right_leg-Matrix-animation-input"><float_array id="jnt_right_leg-Matrix-animation-input-array" count="8">

0.033333 0.066667 0.100000 0.133333 0.166667 0.200000 0.233333 0.266667</float_array><technique_common><accessor source="#jnt_right_leg-Matrix-animation-input-array" count="8"><param name="TIME" type="float"/></accessor></technique_common></source><source id="jnt_right_leg-Matrix-animation-output-transform"><float_array id="jnt_right_leg-Matrix-animation-output-transform-array" count="128">

0.984636 0.174618 -0.000000 0.860324 -0.174618 0.984636 -0.000001 0.000000 -0.000000 0.000001 1.000000 0.000000 0.000000 0.000000 0.000000 1.000000
0.984636 0.174618 -0.000000 0.860324 -0.174618 0.984636 -0.000001 0.000000 -0.000000 0.000001 1.000000 0.000000 0.000000 0.000000 0.000000 1.000000
0.984636 0.174618 -0.000000 0.860324 -0.174618 0.984636 -0.000001 0.000000 -0.000000 0.000001 1.000000 0.000000 0.000000 0.000000 0.000000 1.000000
0.984636 0.174618 -0.000000 0.860324 -0.174618 0.984636 -0.000001 0.000000 -0.000000 0.000001 1.000000 0.000000 0.000000 0.000000 0.000000 1.000000
0.984636 0.174618 -0.000000 0.860324 -0.174618 0.984636 -0.000001 0.000000 -0.000000 0.000001 1.000000 0.000000 0.000000 0.000000 0.000000 1.000000
0.984636 0.174618 -0.000000 0.860324 -0.174618 0.984636 -0.000001 0.000000 -0.000000 0.000001 1.000000 0.000000 0.000000 0.000000 0.000000 1.000000
0.984636 0.174618 -0.000000 0.860324 -0.174618 0.984636 -0.000001 0.000000 -0.000000 0.000001 1.000000 0.000000 0.000000 0.000000 0.000000 1.000000
0.984636 0.174618 -0.000000 0.860324 -0.174618 0.984636 -0.000001 0.000000 -0.000000 0.000001 1.000000 0.000000 0.000000 0.000000 0.000000 1.000000</float_array><technique_common><accessor source="#jnt_right_leg-Matrix-animation-output-transform-array" count="8" stride="16"><param type="float4x4"/></accessor></technique_common></source><source id="jnt_right_leg-Interpolations"><Name_array id="jnt_right_leg-Interpolations-array" count="8">
 LINEAR LINEAR LINEAR LINEAR LINEAR LINEAR LINEAR LINEAR</Name_array><technique_common><accessor source="#jnt_right_leg-Interpolations-array" count="8"><param type="name"/></accessor></technique_common></source><sampler id="jnt_right_leg-Matrix-animation-transform"><input semantic="INPUT" source="#jnt_right_leg-Matrix-animation-input"/><input semantic="OUTPUT" source="#jnt_right_leg-Matrix-animation-output-transform"/><input semantic="INTERPOLATION" source="#jnt_right_leg-Interpolations"/></sampler><channel source="#jnt_right_leg-Matrix-animation-transform" target="jnt_right_leg/matrix"/></animation></animation>
    <animation id="jnt_right_legroll-anim" name="jnt_right_legroll"><animation><source id="jnt_right_legroll-Matrix-animation-input"><float_array id="jnt_right_legroll-Matrix-animation-input-array" count="8">

0.033333 0.066667 0.100000 0.133333 0.166667 0.200000 0.233333 0.266667</float_array><technique_common><accessor source="#jnt_right_legroll-Matrix-animation-input-array" count="8"><param name="TIME" type="float"/></accessor></technique_common></source><source id="jnt_right_legroll-Matrix-animation-output-transform"><float_array id="jnt_right_legroll-Matrix-animation-output-transform-array" count="128">

1.000000 0.000000 0.000000 0.384000 -0.000000 1.000000 0.000000 -0.000000 -0.000000 -0.000000 1.000000 -0.000000 0.000000 0.000000 0.000000 1.000000
1.000000 0.000000 0.000000 0.384000 -0.000000 1.000000 0.000000 -0.000000 -0.000000 -0.000000 1.000000 -0.000000 0.000000 0.000000 0.000000 1.000000
1.000000 0.000000 0.000000 0.384000 -0.000000 1.000000 0.000000 -0.000000 -0.000000 -0.000000 1.000000 -0.000000 0.000000 0.000000 0.000000 1.000000
1.000000 0.000000 0.000000 0.384000 -0.000000 1.000000 0.000000 -0.000000 -0.000000 -0.000000 1.000000 -0.000000 0.000000 0.000000 0.000000 1.000000
1.000000 0.000000 0.000000 0.384000 -0.000000 1.000000 0.000000 -0.000000 -0.000000 -0.000000 1.000000 -0.000000 0.000000 0.000000 0.000000 1.000000
1.000000 0.000000 0.000000 0.384000 -0.000000 1.000000 0.000000 -0.000000 -0.000000 -0.000000 1.000000 -0.000000 0.000000 0.000000 0.000000 1.000000
1.000000 0.000000 0.000000 0.384000 -0.000000 1.000000 0.000000 -0.000000 -0.000000 -0.000000 1.000000 -0.000000 0.000000 0.000000 0.000000 1.000000
1.000000 0.000000 0.000000 0.384000 -0.000000 1.000000 0.000000 -0.000000 -0.000000 -0.000000 1.000000 -0.000000 0.000000 0.000000 0.000000 1.000000</float_array><technique_common><accessor source="#jnt_right_legroll-Matrix-animation-output-transform-array" count="8" stride="16"><param type="float4x4"/></accessor></technique_common></source><source id="jnt_right_legroll-Interpolations"><Name_array id="jnt_right_legroll-Interpolations-array" count="8">
 LINEAR LINEAR LINEAR LINEAR LINEAR LINEAR LINEAR LINEAR</Name_array><technique_common><accessor source="#jnt_right_legroll-Interpolations-array" count="8"><param type="name"/></accessor></technique_common></source><sampler id="jnt_right_legroll-Matrix-animation-transform"><input semantic="INPUT" source="#jnt_right_legroll-Matrix-animation-input"/><input semantic="OUTPUT" source="#jnt_right_legroll-Matrix-animation-output-transform"/><input semantic="INTERPOLATION" source="#jnt_right_legroll-Interpolations"/></sampler><channel source="#jnt_right_legroll-Matrix-animation-transform" target="jnt_right_legroll/matrix"/></animation></animation>
    <animation id="jnt_right_foot-anim" name="jnt_right_foot"><animation><source id="jnt_right_foot-Matrix-animation-input"><float_array id="jnt_right_foot-Matrix-animation-input-array" count="8">

0.033333 0.066667 0.100000 0.133333 0.166667 0.200000 0.233333 0.266667</float_array><technique_common><accessor source="#jnt_right_foot-Matrix-animation-input-array" count="8"><param name="TIME" type="float"/></accessor></technique_common></source><source id="jnt_right_foot-Matrix-animation-output-transform"><float_array id="jnt_right_foot-Matrix-animation-output-transform-array" count="128">

0.322357 -0.926717 0.193087 0.768144 0.946459 0.311782 -0.083714 -0.000001 0.017378 0.209735 0.977604 -0.000000 0.000000 0.000000 0.000000 1.000000
0.322357 -0.926717 0.193087 0.768144 0.946459 0.311782 -0.083714 -0.000001 0.017378 0.209735 0.977604 -0.000000 0.000000 0.000000 0.000000 1.000000
0.322357 -0.926717 0.193087 0.768144 0.946459 0.311782 -0.083714 -0.000001 0.017378 0.209735 0.977604 -0.000000 0.000000 0.000000 0.000000 1.000000
0.322357 -0.926717 0.193087 0.768144 0.946459 0.311782 -0.083714 -0.000001 0.017378 0.209735 0.977604 -0.000000 0.000000 0.000000 0.000000 1.000000
0.322357 -0.926717 0.193087 0.768144 0.946459 0.311782 -0.083714 -0.000001 0.017378 0.209735 0.977604 -0.000000 0.000000 0.000000 0.000000 1.000000
0.322357 -0.926717 0.193087 0.768144 0.946459 0.311782 -0.083714 -0.000001 0.017378 0.209735 0.977604 -0.000000 0.000000 0.000000 0.000000 1.000000
0.322357 -0.926717 0.193087 0.768144 0.946459 0.311782 -0.083714 -0.000001 0.017378 0.209735 0.977604 -0.000000 0.000000 0.000000 0.000000 1.000000
0.322357 -0.926717 0.193087 0.768144 0.946459 0.311782 -0.083714 -0.000001 0.017378 0.209735 0.977604 -0.000000 0.000000 0.000000 0.000000 1.000000</float_array><technique_common><accessor source="#jnt_right_foot-Matrix-animation-output-transform-array" count="8" stride="16"><param type="float4x4"/></accessor></technique_common></source><source id="jnt_right_foot-Interpolations"><Name_array id="jnt_right_foot-Interpolations-array" count="8">
 LINEAR LINEAR LINEAR LINEAR LINEAR LINEAR LINEAR LINEAR</Name_array><technique_common><accessor source="#jnt_right_foot-Interpolations-array" count="8"><param type="name"/></accessor></technique_common></source><sampler id="jnt_right_foot-Matrix-animation-transform"><input semantic="INPUT" source="#jnt_right_foot-Matrix-animation-input"/><input semantic="OUTPUT" source="#jnt_right_foot-Matrix-animation-output-transform"/><input semantic="INTERPOLATION" source="#jnt_right_foot-Interpolations"/></sampler><channel source="#jnt_right_foot-Matrix-animation-transform" target="jnt_right_foot/matrix"/></animation></animation>
    <animation id="jnt_right_toebase-anim" name="jnt_right_toebase"><animation><source id="jnt_right_toebase-Matrix-animation-input"><float_array id="jnt_right_toebase-Matrix-animation-input-array" count="8">

0.033333 0.066667 0.100000 0.133333 0.166667 0.200000 0.233333 0.266667</float_array><technique_common><accessor source="#jnt_right_toebase-Matrix-animation-input-array" count="8"><param name="TIME" type="float"/></accessor></technique_common></source><source id="jnt_right_toebase-Matrix-animation-output-transform"><float_array id="jnt_right_toebase-Matrix-animation-output-transform-array" count="128">

0.918936 -0.394407 -0.000000 0.441847 0.394407 0.918936 0.000000 -0.000000 0.000000 -0.000000 1.000000 0.000000 0.000000 0.000000 0.000000 1.000000
0.918936 -0.394407 -0.000000 0.441847 0.394407 0.918936 0.000000 -0.000000 0.000000 -0.000000 1.000000 0.000000 0.000000 0.000000 0.000000 1.000000
0.918936 -0.394407 -0.000000 0.441847 0.394407 0.918936 0.000000 -0.000000 0.000000 -0.000000 1.000000 0.000000 0.000000 0.000000 0.000000 1.000000
0.918936 -0.394407 -0.000000 0.441847 0.394407 0.918936 0.000000 -0.000000 0.000000 -0.000000 1.000000 0.000000 0.000000 0.000000 0.000000 1.000000
0.918936 -0.394407 -0.000000 0.441847 0.394407 0.918936 0.000000 -0.000000 0.000000 -0.000000 1.000000 0.000000 0.000000 0.000000 0.000000 1.000000
0.918936 -0.394407 -0.000000 0.441847 0.394407 0.918936 0.000000 -0.000000 0.000000 -0.000000 1.000000 0.000000 0.000000 0.000000 0.000000 1.000000
0.918936 -0.394407 -0.000000 0.441847 0.394407 0.918936 0.000000 -0.000000 0.000000 -0.000000 1.000000 0.000000 0.000000 0.000000 0.000000 1.000000
0.918936 -0.394407 -0.000000 0.441847 0.394407 0.918936 0.000000 -0.000000 0.000000 -0.000000 1.000000 0.000000 0.000000 0.000000 0.000000 1.000000</float_array><technique_common><accessor source="#jnt_right_toebase-Matrix-animation-output-transform-array" count="8" stride="16"><param type="float4x4"/></accessor></technique_common></source><source id="jnt_right_toebase-Interpolations"><Name_array id="jnt_right_toebase-Interpolations-array" count="8">
 LINEAR LINEAR LINEAR LINEAR LINEAR LINEAR LINEAR LINEAR</Name_array><technique_common><accessor source="#jnt_right_toebase-Interpolations-array" count="8"><param type="name"/></accessor></technique_common></source><sampler id="jnt_right_toebase-Matrix-animation-transform"><input semantic="INPUT" source="#jnt_right_toebase-Matrix-animation-input"/><input semantic="OUTPUT" source="#jnt_right_toebase-Matrix-animation-output-transform"/><input semantic="INTERPOLATION" source="#jnt_right_toebase-Interpolations"/></sampler><channel source="#jnt_right_toebase-Matrix-animation-transform" target="jnt_right_toebase/matrix"/></animation></animation>
    <animation id="jnt_right_toeend-anim" name="jnt_right_toeend"><animation><source id="jnt_right_toeend-Matrix-animation-input"><float_array id="jnt_right_toeend-Matrix-animation-input-array" count="8">

0.033333 0.066667 0.100000 0.133333 0.166667 0.200000 0.233333 0.266667</float_array><technique_common><accessor source="#jnt_right_toeend-Matrix-animation-input-array" count="8"><param name="TIME" type="float"/></accessor></technique_common></source><source id="jnt_right_toeend-Matrix-animation-output-transform"><float_array id="jnt_right_toeend-Matrix-animation-output-transform-array" count="128">

1.000000 -0.000001 -0.000000 0.379397 0.000001 1.000000 -0.000000 0.000000 0.000000 0.000000 1.000000 0.000000 0.000000 0.000000 0.000000 1.000000
1.000000 -0.000001 -0.000000 0.379397 0.000001 1.000000 -0.000000 0.000000 0.000000 0.000000 1.000000 0.000000 0.000000 0.000000 0.000000 1.000000
1.000000 -0.000001 -0.000000 0.379397 0.000001 1.000000 -0.000000 0.000000 0.000000 0.000000 1.000000 0.000000 0.000000 0.000000 0.000000 1.000000
1.000000 -0.000001 -0.000000 0.379397 0.000001 1.000000 -0.000000 0.000000 0.000000 0.000000 1.000000 0.000000 0.000000 0.000000 0.000000 1.000000
1.000000 -0.000001 -0.000000 0.379397 0.000001 1.000000 -0.000000 0.000000 0.000000 0.000000 1.000000 0.000000 0.000000 0.000000 0.000000 1.000000
1.000000 -0.000001 -0.000000 0.379397 0.000001 1.000000 -0.000000 0.000000 0.000000 0.000000 1.000000 0.000000 0.000000 0.000000 0.000000 1.000000
1.000000 -0.000001 -0.000000 0.379397 0.000001 1.000000 -0.000000 0.000000 0.000000 0.000000 1.000000 0.000000 0.000000 0.000000 0.000000 1.000000
1.000000 -0.000001 -0.000000 0.379397 0.000001 1.000000 -0.000000 0.000000 0.000000 0.000000 1.000000 0.000000 0.000000 0.000000 0.000000 1.000000</float_array><technique_common><accessor source="#jnt_right_toeend-Matrix-animation-output-transform-array" count="8" stride="16"><param type="float4x4"/></accessor></technique_common></source><source id="jnt_right_toeend-Interpolations"><Name_array id="jnt_right_toeend-Interpolations-array" count="8">
 LINEAR LINEAR LINEAR LINEAR LINEAR LINEAR LINEAR LINEAR</Name_array><technique_common><accessor source="#jnt_right_toeend-Interpolations-array" count="8"><param type="name"/></accessor></technique_common></source><sampler id="jnt_right_toeend-Matrix-animation-transform"><input semantic="INPUT" source="#jnt_right_toeend-Matrix-animation-input"/><input semantic="OUTPUT" source="#jnt_right_toeend-Matrix-animation-output-transform"/><input semantic="INTERPOLATION" source="#jnt_right_toeend-Interpolations"/></sampler><channel source="#jnt_right_toeend-Matrix-animation-transform" target="jnt_right_toeend/matrix"/></animation></animation>
    <animation id="jnt_left_upleg-anim" name="jnt_left_upleg"><animation><source id="jnt_left_upleg-Matrix-animation-input"><float_array id="jnt_left_upleg-Matrix-animation-input-array" count="8">

0.033333 0.066667 0.100000 0.133333 0.166667 0.200000 0.233333 0.266667</float_array><technique_common><accessor source="#jnt_left_upleg-Matrix-animation-input-array" count="8"><param name="TIME" type="float"/></accessor></technique_common></source><source id="jnt_left_upleg-Matrix-animation-output-transform"><float_array id="jnt_left_upleg-Matrix-animation-output-transform-array" count="128">

0.175337 0.001757 -0.984507 0.446779 -0.984438 -0.011648 -0.175345 -0.111213 -0.011776 0.999931 -0.000313 0.043020 0.000000 0.000000 0.000000 1.000000
0.175337 0.001757 -0.984507 0.446779 -0.984438 -0.011648 -0.175345 -0.111213 -0.011776 0.999931 -0.000313 0.043020 0.000000 0.000000 0.000000 1.000000
0.175337 0.001757 -0.984507 0.446779 -0.984438 -0.011648 -0.175345 -0.111213 -0.011776 0.999931 -0.000313 0.043020 0.000000 0.000000 0.000000 1.000000
0.175337 0.001757 -0.984507 0.446779 -0.984438 -0.011648 -0.175345 -0.111213 -0.011776 0.999931 -0.000313 0.043020 0.000000 0.000000 0.000000 1.000000
0.175337 0.001757 -0.984507 0.446779 -0.984438 -0.011648 -0.175345 -0.111213 -0.011776 0.999931 -0.000313 0.043020 0.000000 0.000000 0.000000 1.000000
0.175337 0.001757 -0.984507 0.446779 -0.984438 -0.011648 -0.175345 -0.111213 -0.011776 0.999931 -0.000313 0.043020 0.000000 0.000000 0.000000 1.000000
0.175337 0.001757 -0.984507 0.446779 -0.984438 -0.011648 -0.175345 -0.111213 -0.011776 0.999931 -0.000313 0.043020 0.000000 0.000000 0.000000 1.000000
0.175337 0.001757 -0.984507 0.446779 -0.984438 -0.011648 -0.175345 -0.111213 -0.011776 0.999931 -0.000313 0.043020 0.000000 0.000000 0.000000 1.000000</float_array><technique_common><accessor source="#jnt_left_upleg-Matrix-animation-output-transform-array" count="8" stride="16"><param type="float4x4"/></accessor></technique_common></source><source id="jnt_left_upleg-Interpolations"><Name_array id="jnt_left_upleg-Interpolations-array" count="8">
 LINEAR LINEAR LINEAR LINEAR LINEAR LINEAR LINEAR LINEAR</Name_array><technique_common><accessor source="#jnt_left_upleg-Interpolations-array" count="8"><param type="name"/></accessor></technique_common></source><sampler id="jnt_left_upleg-Matrix-animation-transform"><input semantic="INPUT" source="#jnt_left_upleg-Matrix-animation-input"/><input semantic="OUTPUT" source="#jnt_left_upleg-Matrix-animation-output-transform"/><input semantic="INTERPOLATION" source="#jnt_left_upleg-Interpolations"/></sampler><channel source="#jnt_left_upleg-Matrix-animation-transform" target="jnt_left_upleg/matrix"/></animation></animation>
    <animation id="jnt_left_uplegroll-anim" name="jnt_left_uplegroll"><animation><source id="jnt_left_uplegroll-Matrix-animation-input"><float_array id="jnt_left_uplegroll-Matrix-animation-input-array" count="8">

0.033333 0.066667 0.100000 0.133333 0.166667 0.200000 0.233333 0.266667</float_array><technique_common><accessor source="#jnt_left_uplegroll-Matrix-animation-input-array" count="8"><param name="TIME" type="float"/></accessor></technique_common></source><source id="jnt_left_uplegroll-Matrix-animation-output-transform"><float_array id="jnt_left_uplegroll-Matrix-animation-output-transform-array" count="128">

1.000000 -0.000000 -0.000000 0.430000 0.000000 1.000000 -0.000000 -0.000000 0.000000 0.000000 1.000000 0.000000 0.000000 0.000000 0.000000 1.000000
1.000000 -0.000000 -0.000000 0.430000 0.000000 1.000000 -0.000000 -0.000000 0.000000 0.000000 1.000000 0.000000 0.000000 0.000000 0.000000 1.000000
1.000000 -0.000000 -0.000000 0.430000 0.000000 1.000000 -0.000000 -0.000000 0.000000 0.000000 1.000000 0.000000 0.000000 0.000000 0.000000 1.000000
1.000000 -0.000000 -0.000000 0.430000 0.000000 1.000000 -0.000000 -0.000000 0.000000 0.000000 1.000000 0.000000 0.000000 0.000000 0.000000 1.000000
1.000000 -0.000000 -0.000000 0.430000 0.000000 1.000000 -0.000000 -0.000000 0.000000 0.000000 1.000000 0.000000 0.000000 0.000000 0.000000 1.000000
1.000000 -0.000000 -0.000000 0.430000 0.000000 1.000000 -0.000000 -0.000000 0.000000 0.000000 1.000000 0.000000 0.000000 0.000000 0.000000 1.000000
1.000000 -0.000000 -0.000000 0.430000 0.000000 1.000000 -0.000000 -0.000000 0.000000 0.000000 1.000000 0.000000 0.000000 0.000000 0.000000 1.000000
1.000000 -0.000000 -0.000000 0.430000 0.000000 1.000000 -0.000000 -0.000000 0.000000 0.000000 1.000000 0.000000 0.000000 0.000000 0.000000 1.000000</float_array><technique_common><accessor source="#jnt_left_uplegroll-Matrix-animation-output-transform-array" count="8" stride="16"><param type="float4x4"/></accessor></technique_common></source><source id="jnt_left_uplegroll-Interpolations"><Name_array id="jnt_left_uplegroll-Interpolations-array" count="8">
 LINEAR LINEAR LINEAR LINEAR LINEAR LINEAR LINEAR LINEAR</Name_array><technique_common><accessor source="#jnt_left_uplegroll-Interpolations-array" count="8"><param type="name"/></accessor></technique_common></source><sampler id="jnt_left_uplegroll-Matrix-animation-transform"><input semantic="INPUT" source="#jnt_left_uplegroll-Matrix-animation-input"/><input semantic="OUTPUT" source="#jnt_left_uplegroll-Matrix-animation-output-transform"/><input semantic="INTERPOLATION" source="#jnt_left_uplegroll-Interpolations"/></sampler><channel source="#jnt_left_uplegroll-Matrix-animation-transform" target="jnt_left_uplegroll/matrix"/></animation></animation>
    <animation id="jnt_left_leg-anim" name="jnt_left_leg"><animation><source id="jnt_left_leg-Matrix-animation-input"><float_array id="jnt_left_leg-Matrix-animation-input-array" count="8">

0.033333 0.066667 0.100000 0.133333 0.166667 0.200000 0.233333 0.266667</float_array><technique_common><accessor source="#jnt_left_leg-Matrix-animation-input-array" count="8"><param name="TIME" type="float"/></accessor></technique_common></source><source id="jnt_left_leg-Matrix-animation-output-transform"><float_array id="jnt_left_leg-Matrix-animation-output-transform-array" count="128">

0.984637 0.174615 -0.000000 0.860328 -0.174615 0.984637 0.000000 -0.000000 0.000000 -0.000000 1.000000 0.000001 0.000000 0.000000 0.000000 1.000000
0.984637 0.174615 -0.000000 0.860328 -0.174615 0.984637 0.000000 -0.000000 0.000000 -0.000000 1.000000 0.000001 0.000000 0.000000 0.000000 1.000000
0.984637 0.174615 -0.000000 0.860328 -0.174615 0.984637 0.000000 -0.000000 0.000000 -0.000000 1.000000 0.000001 0.000000 0.000000 0.000000 1.000000
0.984637 0.174615 -0.000000 0.860328 -0.174615 0.984637 0.000000 -0.000000 0.000000 -0.000000 1.000000 0.000001 0.000000 0.000000 0.000000 1.000000
0.984637 0.174615 -0.000000 0.860328 -0.174615 0.984637 0.000000 -0.000000 0.000000 -0.000000 1.000000 0.000001 0.000000 0.000000 0.000000 1.000000
0.984637 0.174615 -0.000000 0.860328 -0.174615 0.984637 0.000000 -0.000000 0.000000 -0.000000 1.000000 0.000001 0.000000 0.000000 0.000000 1.000000
0.984637 0.174615 -0.000000 0.860328 -0.174615 0.984637 0.000000 -0.000000 0.000000 -0.000000 1.000000 0.000001 0.000000 0.000000 0.000000 1.000000
0.984637 0.174615 -0.000000 0.860328 -0.174615 0.984637 0.000000 -0.000000 0.000000 -0.000000 1.000000 0.000001 0.000000 0.000000 0.000000 1.000000</float_array><technique_common><accessor source="#jnt_left_leg-Matrix-animation-output-transform-array" count="8" stride="16"><param type="float4x4"/></accessor></technique_common></source><source id="jnt_left_leg-Interpolations"><Name_array id="jnt_left_leg-Interpolations-array" count="8">
 LINEAR LINEAR LINEAR LINEAR LINEAR LINEAR LINEAR LINEAR</Name_array><technique_common><accessor source="#jnt_left_leg-Interpolations-array" count="8"><param type="name"/></accessor></technique_common></source><sampler id="jnt_left_leg-Matrix-animation-transform"><input semantic="INPUT" source="#jnt_left_leg-Matrix-animation-input"/><input semantic="OUTPUT" source="#jnt_left_leg-Matrix-animation-output-transform"/><input semantic="INTERPOLATION" source="#jnt_left_leg-Interpolations"/></sampler><channel source="#jnt_left_leg-Matrix-animation-transform" target="jnt_left_leg/matrix"/></animation></animation>
    <animation id="jnt_left_legroll-anim" name="jnt_left_legroll"><animation><source id="jnt_left_legroll-Matrix-animation-input"><float_array id="jnt_left_legroll-Matrix-animation-input-array" count="8">

0.033333 0.066667 0.100000 0.133333 0.166667 0.200000 0.233333 0.266667</float_array><technique_common><accessor source="#jnt_left_legroll-Matrix-animation-input-array" count="8"><param name="TIME" type="float"/></accessor></technique_common></source><source id="jnt_left_legroll-Matrix-animation-output-transform"><float_array id="jnt_left_legroll-Matrix-animation-output-transform-array" count="128">

1.000000 0.000000 -0.000000 0.384000 -0.000000 1.000000 -0.000000 0.000000 0.000000 0.000000 1.000000 0.000000 0.000000 0.000000 0.000000 1.000000
1.000000 0.000000 -0.000000 0.384000 -0.000000 1.000000 -0.000000 0.000000 0.000000 0.000000 1.000000 0.000000 0.000000 0.000000 0.000000 1.000000
1.000000 0.000000 -0.000000 0.384000 -0.000000 1.000000 -0.000000 0.000000 0.000000 0.000000 1.000000 0.000000 0.000000 0.000000 0.000000 1.000000
1.000000 0.000000 -0.000000 0.384000 -0.000000 1.000000 -0.000000 0.000000 0.000000 0.000000 1.000000 0.000000 0.000000 0.000000 0.000000 1.000000
1.000000 0.000000 -0.000000 0.384000 -0.000000 1.000000 -0.000000 0.000000 0.000000 0.000000 1.000000 0.000000 0.000000 0.000000 0.000000 1.000000
1.000000 0.000000 -0.000000 0.384000 -0.000000 1.000000 -0.000000 0.000000 0.000000 0.000000 1.000000 0.000000 0.000000 0.000000 0.000000 1.000000
1.000000 0.000000 -0.000000 0.384000 -0.000000 1.000000 -0.000000 0.000000 0.000000 0.000000 1.000000 0.000000 0.000000 0.000000 0.000000 1.000000
1.000000 0.000000 -0.000000 0.384000 -0.000000 1.000000 -0.000000 0.000000 0.000000 0.000000 1.000000 0.000000 0.000000 0.000000 0.000000 1.000000</float_array><technique_common><accessor source="#jnt_left_legroll-Matrix-animation-output-transform-array" count="8" stride="16"><param type="float4x4"/></accessor></technique_common></source><source id="jnt_left_legroll-Interpolations"><Name_array id="jnt_left_legroll-Interpolations-array" count="8">
 LINEAR LINEAR LINEAR LINEAR LINEAR LINEAR LINEAR LINEAR</Name_array><technique_common><accessor source="#jnt_left_legroll-Interpolations-array" count="8"><param type="name"/></accessor></technique_common></source><sampler id="jnt_left_legroll-Matrix-animation-transform"><input semantic="INPUT" source="#jnt_left_legroll-Matrix-animation-input"/><input semantic="OUTPUT" source="#jnt_left_legroll-Matrix-animation-output-transform"/><input semantic="INTERPOLATION" source="#jnt_left_legroll-Interpolations"/></sampler><channel source="#jnt_left_legroll-Matrix-animation-transform" target="jnt_left_legroll/matrix"/></animation></animation>
    <animation id="jnt_left_foot-anim" name="jnt_left_foot"><animation><source id="jnt_left_foot-Matrix-animation-input"><float_array id="jnt_left_foot-Matrix-animation-input-array" count="8">

0.033333 0.066667 0.100000 0.133333 0.166667 0.200000 0.233333 0.266667</float_array><technique_common><accessor source="#jnt_left_foot-Matrix-animation-input-array" count="8"><param name="TIME" type="float"/></accessor></technique_common></source><source id="jnt_left_foot-Matrix-animation-output-transform"><float_array id="jnt_left_foot-Matrix-animation-output-transform-array" count="128">

0.322359 -0.926716 -0.193087 0.768142 0.946458 0.311784 0.083715 0.000000 -0.017378 -0.209735 0.977604 -0.000001 0.000000 0.000000 0.000000 1.000000
0.322359 -0.926716 -0.193087 0.768142 0.946458 0.311784 0.083715 0.000000 -0.017378 -0.209735 0.977604 -0.000001 0.000000 0.000000 0.000000 1.000000
0.322359 -0.926716 -0.193087 0.768142 0.946458 0.311784 0.083715 0.000000 -0.017378 -0.209735 0.977604 -0.000001 0.000000 0.000000 0.000000 1.000000
0.322359 -0.926716 -0.193087 0.768142 0.946458 0.311784 0.083715 0.000000 -0.017378 -0.209735 0.977604 -0.000001 0.000000 0.000000 0.000000 1.000000
0.322359 -0.926716 -0.193087 0.768142 0.946458 0.311784 0.083715 0.000000 -0.017378 -0.209735 0.977604 -0.000001 0.000000 0.000000 0.000000 1.000000
0.322359 -0.926716 -0.193087 0.768142 0.946458 0.311784 0.083715 0.000000 -0.017378 -0.209735 0.977604 -0.000001 0.000000 0.000000 0.000000 1.000000
0.322359 -0.926716 -0.193087 0.768142 0.946458 0.311784 0.083715 0.000000 -0.017378 -0.209735 0.977604 -0.000001 0.000000 0.000000 0.000000 1.000000
0.322359 -0.926716 -0.193087 0.768142 0.946458 0.311784 0.083715 0.000000 -0.017378 -0.209735 0.977604 -0.000001 0.000000 0.000000 0.000000 1.000000</float_array><technique_common><accessor source="#jnt_left_foot-Matrix-animation-output-transform-array" count="8" stride="16"><param type="float4x4"/></accessor></technique_common></source><source id="jnt_left_foot-Interpolations"><Name_array id="jnt_left_foot-Interpolations-array" count="8">
 LINEAR LINEAR LINEAR LINEAR LINEAR LINEAR LINEAR LINEAR</Name_array><technique_common><accessor source="#jnt_left_foot-Interpolations-array" count="8"><param type="name"/></accessor></technique_common></source><sampler id="jnt_left_foot-Matrix-animation-transform"><input semantic="INPUT" source="#jnt_left_foot-Matrix-animation-input"/><input semantic="OUTPUT" source="#jnt_left_foot-Matrix-animation-output-transform"/><input semantic="INTERPOLATION" source="#jnt_left_foot-Interpolations"/></sampler><channel source="#jnt_left_foot-Matrix-animation-transform" target="jnt_left_foot/matrix"/></animation></animation>
    <animation id="jnt_left_toebase-anim" name="jnt_left_toebase"><animation><source id="jnt_left_toebase-Matrix-animation-input"><float_array id="jnt_left_toebase-Matrix-animation-input-array" count="8">

0.033333 0.066667 0.100000 0.133333 0.166667 0.200000 0.233333 0.266667</float_array><technique_common><accessor source="#jnt_left_toebase-Matrix-animation-input-array" count="8"><param name="TIME" type="float"/></accessor></technique_common></source><source id="jnt_left_toebase-Matrix-animation-output-transform"><float_array id="jnt_left_toebase-Matrix-animation-output-transform-array" count="128">

0.918936 -0.394408 0.000000 0.441847 0.394407 0.918936 -0.000000 0.000000 0.000000 0.000000 1.000000 -0.000000 0.000000 0.000000 0.000000 1.000000
0.918936 -0.394408 0.000000 0.441847 0.394407 0.918936 -0.000000 0.000000 0.000000 0.000000 1.000000 -0.000000 0.000000 0.000000 0.000000 1.000000
0.918936 -0.394408 0.000000 0.441847 0.394407 0.918936 -0.000000 0.000000 0.000000 0.000000 1.000000 -0.000000 0.000000 0.000000 0.000000 1.000000
0.918936 -0.394408 0.000000 0.441847 0.394407 0.918936 -0.000000 0.000000 0.000000 0.000000 1.000000 -0.000000 0.000000 0.000000 0.000000 1.000000
0.918936 -0.394408 0.000000 0.441847 0.394407 0.918936 -0.000000 0.000000 0.000000 0.000000 1.000000 -0.000000 0.000000 0.000000 0.000000 1.000000
0.918936 -0.394408 0.000000 0.441847 0.394407 0.918936 -0.000000 0.000000 0.000000 0.000000 1.000000 -0.000000 0.000000 0.000000 0.000000 1.000000
0.918936 -0.394408 0.000000 0.441847 0.394407 0.918936 -0.000000 0.000000 0.000000 0.000000 1.000000 -0.000000 0.000000 0.000000 0.000000 1.000000
0.918936 -0.394408 0.000000 0.441847 0.394407 0.918936 -0.000000 0.000000 0.000000 0.000000 1.000000 -0.000000 0.000000 0.000000 0.000000 1.000000</float_array><technique_common><accessor source="#jnt_left_toebase-Matrix-animation-output-transform-array" count="8" stride="16"><param type="float4x4"/></accessor></technique_common></source><source id="jnt_left_toebase-Interpolations"><Name_array id="jnt_left_toebase-Interpolations-array" count="8">
 LINEAR LINEAR LINEAR LINEAR LINEAR LINEAR LINEAR LINEAR</Name_array><technique_common><accessor source="#jnt_left_toebase-Interpolations-array" count="8"><param type="name"/></accessor></technique_common></source><sampler id="jnt_left_toebase-Matrix-animation-transform"><input semantic="INPUT" source="#jnt_left_toebase-Matrix-animation-input"/><input semantic="OUTPUT" source="#jnt_left_toebase-Matrix-animation-output-transform"/><input semantic="INTERPOLATION" source="#jnt_left_toebase-Interpolations"/></sampler><channel source="#jnt_left_toebase-Matrix-animation-transform" target="jnt_left_toebase/matrix"/></animation></animation>
    <animation id="jnt_left_toeend-anim" name="jnt_left_toeend"><animation><source id="jnt_left_toeend-Matrix-animation-input"><float_array id="jnt_left_toeend-Matrix-animation-input-array" count="8">

0.033333 0.066667 0.100000 0.133333 0.166667 0.200000 0.233333 0.266667</float_array><technique_common><accessor source="#jnt_left_toeend-Matrix-animation-input-array" count="8"><param name="TIME" type="float"/></accessor></technique_common></source><source id="jnt_left_toeend-Matrix-animation-output-transform"><float_array id="jnt_left_toeend-Matrix-animation-output-transform-array" count="128">

1.000000 -0.000001 -0.000000 0.379397 0.000001 1.000000 -0.000000 -0.000000 0.000000 0.000000 1.000000 -0.000000 0.000000 0.000000 0.000000 1.000000
1.000000 -0.000001 -0.000000 0.379397 0.000001 1.000000 -0.000000 -0.000000 0.000000 0.000000 1.000000 -0.000000 0.000000 0.000000 0.000000 1.000000
1.000000 -0.000001 -0.000000 0.379397 0.000001 1.000000 -0.000000 -0.000000 0.000000 0.000000 1.000000 -0.000000 0.000000 0.000000 0.000000 1.000000
1.000000 -0.000001 -0.000000 0.379397 0.000001 1.000000 -0.000000 -0.000000 0.000000 0.000000 1.000000 -0.000000 0.000000 0.000000 0.000000 1.000000
1.000000 -0.000001 -0.000000 0.379397 0.000001 1.000000 -0.000000 -0.000000 0.000000 0.000000 1.000000 -0.000000 0.000000 0.000000 0.000000 1.000000
1.000000 -0.000001 -0.000000 0.379397 0.000001 1.000000 -0.000000 -0.000000 0.000000 0.000000 1.000000 -0.000000 0.000000 0.000000 0.000000 1.000000
1.000000 -0.000001 -0.000000 0.379397 0.000001 1.000000 -0.000000 -0.000000 0.000000 0.000000 1.000000 -0.000000 0.000000 0.000000 0.000000 1.000000
1.000000 -0.000001 -0.000000 0.379397 0.000001 1.000000 -0.000000 -0.000000 0.000000 0.000000 1.000000 -0.000000 0.000000 0.000000 0.000000 1.000000</float_array><technique_common><accessor source="#jnt_left_toeend-Matrix-animation-output-transform-array" count="8" stride="16"><param type="float4x4"/></accessor></technique_common></source><source id="jnt_left_toeend-Interpolations"><Name_array id="jnt_left_toeend-Interpolations-array" count="8">
 LINEAR LINEAR LINEAR LINEAR LINEAR LINEAR LINEAR LINEAR</Name_array><technique_common><accessor source="#jnt_left_toeend-Interpolations-array" count="8"><param type="name"/></accessor></technique_common></source><sampler id="jnt_left_toeend-Matrix-animation-transform"><input semantic="INPUT" source="#jnt_left_toeend-Matrix-animation-input"/><input semantic="OUTPUT" source="#jnt_left_toeend-Matrix-animation-output-transform"/><input semantic="INTERPOLATION" source="#jnt_left_toeend-Interpolations"/></sampler><channel source="#jnt_left_toeend-Matrix-animation-transform" target="jnt_left_toeend/matrix"/></animation></animation>
  </library_animations>
  <library_visual_scenes>
<visual_scene id="Scene" name="Scene">
        <node name="HIK_root_jnt" id="HIK_root_jnt" sid="HIK_root_jnt" type="JOINT">
            <matrix sid="matrix">1.000000 0.000000 0.000000 0.000000 0.000000 1.000000 -0.000000 0.000000 0.000000 0.000000 1.000000 0.000000 0.000000 0.000000 0.000000 1.000000</matrix>
            <extra>
                <technique profile="FCOLLADA">
                    <visibility>1.000000</visibility>
                </technique>
            </extra>
        </node>
        <node name="root_jnt" id="root_jnt" sid="root_jnt" type="JOINT">
            <matrix sid="matrix">1.000000 0.000000 0.000000 0.000000 0.000000 1.000000 -0.000000 0.000000 0.000000 0.000000 1.000000 0.000000 0.000000 0.000000 0.000000 1.000000</matrix>
            <extra>
                <technique profile="FCOLLADA">
                    <visibility>1.000000</visibility>
                </technique>
            </extra>
            <node name="jnt_hips" id="jnt_hips" sid="jnt_hips" type="JOINT">
                <matrix sid="matrix">1.000000 0.000000 0.000000 0.000000 0.000000 1.000000 0.000000 2.061423 0.000000 -0.000000 1.000000 -0.094053 0.000000 0.000000 0.000000 1.000000</matrix>
                <extra>
                    <technique profile="FCOLLADA">
                        <visibility>1.000000</visibility>
                    </technique>
                </extra>
                <node name="jnt_height" id="jnt_height" sid="jnt_height" type="JOINT">
                    <matrix sid="matrix">0.987715 0.153770 0.027804 0.000000 -0.153887 0.926257 0.344044 0.000000 0.027150 -0.344096 0.938542 -0.864928 0.000000 0.000000 0.000000 1.000000</matrix>
                    <extra>
                        <technique profile="FCOLLADA">
                            <visibility>1.000000</visibility>
                        </technique>
                    </extra>
                    <node name="jnt_spine1" id="jnt_spine1" sid="jnt_spine1" type="JOINT">
                        <matrix sid="matrix">-0.001149 -0.473914 0.880571 0.000000 0.957093 -0.255691 -0.136361 0.212132 0.289778 0.842632 0.453874 0.023482 0.000000 0.000000 0.000000 1.000000</matrix>
                        <extra>
                            <technique profile="FCOLLADA">
                                <visibility>1.000000</visibility>
                            </technique>
                        </extra>
                        <node name="jnt_spine2" id="jnt_spine2" sid="jnt_spine2" type="JOINT">
                            <matrix sid="matrix">0.993385 -0.085799 0.076325 0.430260 0.077696 0.991594 0.103457 -0.051483 -0.084560 -0.096842 0.991701 -0.029538 0.000000 0.000000 0.000000 1.000000</matrix>
                            <extra>
                                <technique profile="FCOLLADA">
                                    <visibility>1.000000</visibility>
                                </technique>
                            </extra>
                            <node name="jnt_spine3" id="jnt_spine3" sid="jnt_spine3" type="JOINT">
                                <matrix sid="matrix">0.974284 -0.223897 0.025327 0.555067 0.221229 0.971845 0.081082 0.000000 -0.042768 -0.073394 0.996386 -0.000000 0.000000 0.000000 0.000000 1.000000</matrix>
                                <extra>
                                    <technique profile="FCOLLADA">
                                        <visibility>1.000000</visibility>
                                    </technique>
                                </extra>
                                <node name="jnt_neck" id="jnt_neck" sid="jnt_neck" type="JOINT">
                                    <matrix sid="matrix">0.958992 -0.283431 -0.000000 0.867450 0.283431 0.958992 0.000000 0.171573 0.000000 -0.000000 1.000000 -0.000000 0.000000 0.000000 0.000000 1.000000</matrix>
                                    <extra>
                                        <technique profile="FCOLLADA">
                                            <visibility>1.000000</visibility>
                                        </technique>
                                    </extra>
                                    <node name="jnt_head" id="jnt_head" sid="jnt_head" type="JOINT">
                                        <matrix sid="matrix">0.982377 0.168412 -0.081072 0.273591 -0.186910 0.885153 -0.426109 0.000002 -0.000000 0.433753 0.901032 0.000000 0.000000 0.000000 0.000000 1.000000</matrix>
                                        <extra>
                                            <technique profile="FCOLLADA">
                                                <visibility>1.000000</visibility>
                                            </technique>
                                        </extra>
                                        <node name="jnt_headappend" id="jnt_headappend" sid="jnt_headappend" type="JOINT">
                                            <matrix sid="matrix">1.000000 0.000000 -0.000000 0.000001 -0.000000 1.000000 -0.000000 -0.000000 0.000000 0.000000 1.000000 -0.000000 0.000000 0.000000 0.000000 1.000000</matrix>
                                            <extra>
                                                <technique profile="FCOLLADA">
                                                    <visibility>1.000000</visibility>
                                                </technique>
                                            </extra>
                                        </node>
                                    </node>
                                </node>
                                <node name="jnt_left_armroot" id="jnt_left_armroot" sid="jnt_left_armroot" type="JOINT">
                                    <matrix sid="matrix">1.000000 -0.000004 -0.000000 0.202348 0.000004 1.000000 0.000000 0.002358 0.000000 -0.000000 1.000000 -0.589975 0.000000 0.000000 0.000000 1.000000</matrix>
                                    <extra>
                                        <technique profile="FCOLLADA">
                                            <visibility>1.000000</visibility>
                                        </technique>
                                    </extra>
                                    <node name="jnt_left_shoulder" id="jnt_left_shoulder" sid="jnt_left_shoulder" type="JOINT">
                                        <matrix sid="matrix">-0.019289 0.092832 -0.995495 0.635987 0.352002 -0.931301 -0.093666 0.114390 -0.935800 -0.352223 -0.014713 0.266187 0.000000 0.000000 0.000000 1.000000</matrix>
                                        <extra>
                                            <technique profile="FCOLLADA">
                                                <visibility>1.000000</visibility>
                                            </technique>
                                        </extra>
                                        <node name="jnt_left_arm" id="jnt_left_arm" sid="jnt_left_arm" type="JOINT">
                                            <matrix sid="matrix">-0.044048 -0.448268 0.892813 -0.616368 0.982528 -0.181200 -0.042503 -0.335613 0.180831 0.875341 0.448417 0.375083 0.000000 0.000000 0.000000 1.000000</matrix>
                                            <extra>
                                                <technique profile="FCOLLADA">
                                                    <visibility>1.000000</visibility>
                                                </technique>
                                            </extra>
                                            <node name="jnt_left_armroll" id="jnt_left_armroll" sid="jnt_left_armroll" type="JOINT">
                                                <matrix sid="matrix">1.000000 -0.000000 -0.000000 -0.421995 0.000000 1.000000 -0.000000 0.000002 0.000000 0.000000 1.000000 -0.000004 0.000000 0.000000 0.000000 1.000000</matrix>
                                                <extra>
                                                    <technique profile="FCOLLADA">
                                                        <visibility>1.000000</visibility>
                                                    </technique>
                                                </extra>
                                            </node>
                                            <node name="jnt_left_forearm" id="jnt_left_forearm" sid="jnt_left_forearm" type="JOINT">
                                                <matrix sid="matrix">0.728511 -0.684872 -0.014927 -0.843981 0.685034 0.728369 0.014377 0.000001 0.001026 -0.020699 0.999785 0.000003 0.000000 0.000000 0.000000 1.000000</matrix>
                                                <extra>
                                                    <technique profile="FCOLLADA">
                                                        <visibility>1.000000</visibility>
                                                    </technique>
                                                </extra>
                                                <node name="jnt_left_forearmroll" id="jnt_left_forearmroll" sid="jnt_left_forearmroll" type="JOINT">
                                                    <matrix sid="matrix">1.000000 0.000001 -0.000000 -0.487002 -0.000001 1.000000 -0.000000 -0.000001 0.000000 0.000000 1.000000 -0.000004 0.000000 0.000000 0.000000 1.000000</matrix>
                                                    <extra>
                                                        <technique profile="FCOLLADA">
                                                            <visibility>1.000000</visibility>
                                                        </technique>
                                                    </extra>
                                                </node>
                                                <node name="jnt_left_hand" id="jnt_left_hand" sid="jnt_left_hand" type="JOINT">
                                                    <matrix sid="matrix">0.916916 0.343752 0.202730 -0.975262 -0.315657 0.313878 0.895456 -0.000001 0.244182 -0.885051 0.396307 0.000000 0.000000 0.000000 0.000000 1.000000</matrix>
                                                    <extra>
                                                        <technique profile="FCOLLADA">
                                                            <visibility>1.000000</visibility>
                                                        </technique>
                                                    </extra>
                                                    <node name="jnt_left_handthumb1" id="jnt_left_handthumb1" sid="jnt_left_handthumb1" type="JOINT">
                                                        <matrix sid="matrix">0.801419 -0.583361 0.131974 -0.060229 0.332986 0.618476 0.711764 -0.203940 -0.496838 -0.526475 0.689910 0.155679 0.000000 0.000000 0.000000 1.000000</matrix>
                                                        <extra>
                                                            <technique profile="FCOLLADA">
                                                                <visibility>1.000000</visibility>
                                                            </technique>
                                                        </extra>
                                                        <node name="jnt_left_handthumb2" id="jnt_left_handthumb2" sid="jnt_left_handthumb2" type="JOINT">
                                                            <matrix sid="matrix">0.959263 0.282516 -0.000001 -0.213227 -0.282516 0.959262 -0.000003 -0.000001 -0.000000 0.000003 1.000000 0.000003 0.000000 0.000000 0.000000 1.000000</matrix>
                                                            <extra>
                                                                <technique profile="FCOLLADA">
                                                                    <visibility>1.000000</visibility>
                                                                </technique>
                                                            </extra>
                                                            <node name="jnt_left_handthumb3" id="jnt_left_handthumb3" sid="jnt_left_handthumb3" type="JOINT">
                                                                <matrix sid="matrix">0.975492 0.220037 -0.000001 -0.141879 -0.220037 0.975492 -0.000003 0.000002 0.000000 0.000003 1.000000 -0.000027 0.000000 0.000000 0.000000 1.000000</matrix>
                                                                <extra>
                                                                    <technique profile="FCOLLADA">
                                                                        <visibility>1.000000</visibility>
                                                                    </technique>
                                                                </extra>
                                                                <node name="jnt_left_handthumb4" id="jnt_left_handthumb4" sid="jnt_left_handthumb4" type="JOINT">
                                                                    <matrix sid="matrix">1.000000 -0.000000 0.000000 -0.122601 0.000000 1.000000 0.000000 -0.000006 -0.000000 -0.000000 1.000000 0.000005 0.000000 0.000000 0.000000 1.000000</matrix>
                                                                    <extra>
                                                                        <technique profile="FCOLLADA">
                                                                            <visibility>1.000000</visibility>
                                                                        </technique>
                                                                    </extra>
                                                                </node>
                                                            </node>
                                                        </node>
                                                    </node>
                                                    <node name="jnt_left_handindex1" id="jnt_left_handindex1" sid="jnt_left_handindex1" type="JOINT">
                                                        <matrix sid="matrix">0.588734 0.807600 0.034271 -0.494375 -0.002254 0.044037 -0.999027 -0.203977 -0.808324 0.588084 0.027746 -0.029847 0.000000 0.000000 0.000000 1.000000</matrix>
                                                        <extra>
                                                            <technique profile="FCOLLADA">
                                                                <visibility>1.000000</visibility>
                                                            </technique>
                                                        </extra>
                                                        <node name="jnt_left_handindex2" id="jnt_left_handindex2" sid="jnt_left_handindex2" type="JOINT">
                                                            <matrix sid="matrix">0.867861 0.496806 -0.000000 -0.145432 -0.496806 0.867861 -0.000000 0.001125 0.000000 0.000001 1.000000 0.000040 0.000000 0.000000 0.000000 1.000000</matrix>
                                                            <extra>
                                                                <technique profile="FCOLLADA">
                                                                    <visibility>1.000000</visibility>
                                                                </technique>
                                                            </extra>
                                                            <node name="jnt_left_handindex3" id="jnt_left_handindex3" sid="jnt_left_handindex3" type="JOINT">
                                                                <matrix sid="matrix">0.857075 0.515192 -0.000000 -0.093752 -0.515192 0.857075 0.000001 0.000003 0.000000 -0.000001 1.000000 -0.000000 0.000000 0.000000 0.000000 1.000000</matrix>
                                                                <extra>
                                                                    <technique profile="FCOLLADA">
                                                                        <visibility>1.000000</visibility>
                                                                    </technique>
                                                                </extra>
                                                                <node name="jnt_left_handindex4" id="jnt_left_handindex4" sid="jnt_left_handindex4" type="JOINT">
                                                                    <matrix sid="matrix">1.000000 -0.000000 0.000000 -0.107084 0.000000 1.000000 -0.000000 0.000049 -0.000000 0.000000 1.000000 -0.001504 0.000000 0.000000 0.000000 1.000000</matrix>
                                                                    <extra>
                                                                        <technique profile="FCOLLADA">
                                                                            <visibility>1.000000</visibility>
                                                                        </technique>
                                                                    </extra>
                                                                </node>
                                                            </node>
                                                        </node>
                                                    </node>
                                                    <node name="jnt_left_weapon" id="jnt_left_weapon" sid="jnt_left_weapon" type="JOINT">
                                                        <matrix sid="matrix">-0.068652 -0.108939 -0.991679 -0.369354 0.108715 -0.988918 0.101111 -0.054074 -0.991705 -0.100868 0.079734 0.296616 0.000000 0.000000 0.000000 1.000000</matrix>
                                                        <extra>
                                                            <technique profile="FCOLLADA">
                                                                <visibility>1.000000</visibility>
                                                            </technique>
                                                        </extra>
                                                    </node>
                                                    <node name="jnt_left_handmiddle1" id="jnt_left_handmiddle1" sid="jnt_left_handmiddle1" type="JOINT">
                                                        <matrix sid="matrix">0.276891 0.958480 -0.068176 -0.489247 -0.019209 -0.065414 -0.997673 -0.062066 -0.960710 0.277556 0.000299 -0.036308 0.000000 0.000000 0.000000 1.000000</matrix>
                                                        <extra>
                                                            <technique profile="FCOLLADA">
                                                                <visibility>1.000000</visibility>
                                                            </technique>
                                                        </extra>
                                                        <node name="jnt_left_handmiddle2" id="jnt_left_handmiddle2" sid="jnt_left_handmiddle2" type="JOINT">
                                                            <matrix sid="matrix">0.618845 0.785513 -0.000000 -0.176688 -0.785513 0.618845 0.000000 0.000003 0.000000 0.000000 1.000000 0.000000 0.000000 0.000000 0.000000 1.000000</matrix>
                                                            <extra>
                                                                <technique profile="FCOLLADA">
                                                                    <visibility>1.000000</visibility>
                                                                </technique>
                                                            </extra>
                                                            <node name="jnt_left_handmiddle3" id="jnt_left_handmiddle3" sid="jnt_left_handmiddle3" type="JOINT">
                                                                <matrix sid="matrix">0.875758 0.482750 0.000000 -0.108367 -0.482750 0.875758 0.000000 0.000001 -0.000000 -0.000000 1.000000 0.000000 0.000000 0.000000 0.000000 1.000000</matrix>
                                                                <extra>
                                                                    <technique profile="FCOLLADA">
                                                                        <visibility>1.000000</visibility>
                                                                    </technique>
                                                                </extra>
                                                                <node name="jnt_left_handmiddle4" id="jnt_left_handmiddle4" sid="jnt_left_handmiddle4" type="JOINT">
                                                                    <matrix sid="matrix">1.000000 0.000000 0.000000 -0.119193 -0.000000 1.000000 0.000000 -0.000107 -0.000000 -0.000000 1.000000 0.000005 0.000000 0.000000 0.000000 1.000000</matrix>
                                                                    <extra>
                                                                        <technique profile="FCOLLADA">
                                                                            <visibility>1.000000</visibility>
                                                                        </technique>
                                                                    </extra>
                                                                </node>
                                                            </node>
                                                        </node>
                                                    </node>
                                                    <node name="jnt_left_handring1" id="jnt_left_handring1" sid="jnt_left_handring1" type="JOINT">
                                                        <matrix sid="matrix">0.299274 0.927645 -0.223406 -0.469964 -0.003317 -0.233124 -0.972441 0.076798 -0.954161 0.291767 -0.066691 -0.036648 0.000000 0.000000 0.000000 1.000000</matrix>
                                                        <extra>
                                                            <technique profile="FCOLLADA">
                                                                <visibility>1.000000</visibility>
                                                            </technique>
                                                        </extra>
                                                        <node name="jnt_left_handring2" id="jnt_left_handring2" sid="jnt_left_handring2" type="JOINT">
                                                            <matrix sid="matrix">0.697853 0.716241 0.000000 -0.184233 -0.716241 0.697853 -0.000001 -0.000001 -0.000001 0.000001 1.000000 -0.000001 0.000000 0.000000 0.000000 1.000000</matrix>
                                                            <extra>
                                                                <technique profile="FCOLLADA">
                                                                    <visibility>1.000000</visibility>
                                                                </technique>
                                                            </extra>
                                                            <node name="jnt_left_handring3" id="jnt_left_handring3" sid="jnt_left_handring3" type="JOINT">
                                                                <matrix sid="matrix">0.825905 0.563809 0.000000 -0.103959 -0.563809 0.825905 0.000001 0.000003 0.000001 -0.000001 1.000000 0.000000 0.000000 0.000000 0.000000 1.000000</matrix>
                                                                <extra>
                                                                    <technique profile="FCOLLADA">
                                                                        <visibility>1.000000</visibility>
                                                                    </technique>
                                                                </extra>
                                                                <node name="jnt_left_handring4" id="jnt_left_handring4" sid="jnt_left_handring4" type="JOINT">
                                                                    <matrix sid="matrix">1.000000 0.000000 -0.000000 -0.120246 -0.000000 1.000000 0.000000 -0.000105 0.000000 -0.000000 1.000000 0.000017 0.000000 0.000000 0.000000 1.000000</matrix>
                                                                    <extra>
                                                                        <technique profile="FCOLLADA">
                                                                            <visibility>1.000000</visibility>
                                                                        </technique>
                                                                    </extra>
                                                                </node>
                                                            </node>
                                                        </node>
                                                    </node>
                                                    <node name="jnt_left_handpinky1" id="jnt_left_handpinky1" sid="jnt_left_handpinky1" type="JOINT">
                                                        <matrix sid="matrix">-0.060145 0.984088 -0.167192 -0.407612 0.006260 -0.167120 -0.985917 0.208156 -0.998170 -0.060345 0.003891 0.012223 0.000000 0.000000 0.000000 1.000000</matrix>
                                                        <extra>
                                                            <technique profile="FCOLLADA">
                                                                <visibility>1.000000</visibility>
                                                            </technique>
                                                        </extra>
                                                        <node name="jnt_left_handpinky2" id="jnt_left_handpinky2" sid="jnt_left_handpinky2" type="JOINT">
                                                            <matrix sid="matrix">0.832048 0.554703 0.000001 -0.148503 -0.554703 0.832048 -0.000000 0.000001 -0.000001 -0.000000 1.000000 -0.000001 0.000000 0.000000 0.000000 1.000000</matrix>
                                                            <extra>
                                                                <technique profile="FCOLLADA">
                                                                    <visibility>1.000000</visibility>
                                                                </technique>
                                                            </extra>
                                                            <node name="jnt_left_handpinky3" id="jnt_left_handpinky3" sid="jnt_left_handpinky3" type="JOINT">
                                                                <matrix sid="matrix">0.956393 0.292082 -0.000000 -0.075474 -0.292082 0.956393 -0.000001 0.000002 0.000000 0.000001 1.000000 0.000000 0.000000 0.000000 0.000000 1.000000</matrix>
                                                                <extra>
                                                                    <technique profile="FCOLLADA">
                                                                        <visibility>1.000000</visibility>
                                                                    </technique>
                                                                </extra>
                                                                <node name="jnt_left_handpinky4" id="jnt_left_handpinky4" sid="jnt_left_handpinky4" type="JOINT">
                                                                    <matrix sid="matrix">1.000000 0.000000 -0.000000 -0.101158 -0.000000 1.000000 -0.000000 -0.000003 0.000000 0.000000 1.000000 0.000000 0.000000 0.000000 0.000000 1.000000</matrix>
                                                                    <extra>
                                                                        <technique profile="FCOLLADA">
                                                                            <visibility>1.000000</visibility>
                                                                        </technique>
                                                                    </extra>
                                                                </node>
                                                            </node>
                                                        </node>
                                                    </node>
                                                </node>
                                            </node>
                                        </node>
                                    </node>
                                </node>
                                <node name="jnt_right_armroot" id="jnt_right_armroot" sid="jnt_right_armroot" type="JOINT">
                                    <matrix sid="matrix">1.000000 -0.000004 -0.000000 0.362452 0.000004 1.000000 0.000000 0.473617 0.000000 -0.000000 1.000000 -0.293199 0.000000 0.000000 0.000000 1.000000</matrix>
                                    <extra>
                                        <technique profile="FCOLLADA">
                                            <visibility>1.000000</visibility>
                                        </technique>
                                    </extra>
                                    <node name="jnt_right_shoulder" id="jnt_right_shoulder" sid="jnt_right_shoulder" type="JOINT">
                                        <matrix sid="matrix">0.019288 -0.092831 0.995495 0.635987 -0.352003 0.931301 0.093665 0.114390 -0.935800 -0.352224 -0.014713 -0.266187 0.000000 0.000000 0.000000 1.000000</matrix>
                                        <extra>
                                            <technique profile="FCOLLADA">
                                                <visibility>1.000000</visibility>
                                            </technique>
                                        </extra>
                                        <node name="jnt_right_arm" id="jnt_right_arm" sid="jnt_right_arm" type="JOINT">
                                            <matrix sid="matrix">0.125842 -0.986568 0.104156 0.529638 0.584237 0.158553 0.795945 0.096185 -0.801767 -0.039311 0.596342 -0.104480 0.000000 0.000000 0.000000 1.000000</matrix>
                                            <extra>
                                                <technique profile="FCOLLADA">
                                                    <visibility>1.000000</visibility>
                                                </technique>
                                            </extra>
                                            <node name="jnt_right_armroll" id="jnt_right_armroll" sid="jnt_right_armroll" type="JOINT">
                                                <matrix sid="matrix">1.000000 0.000000 -0.000006 0.421995 -0.000000 1.000000 0.000000 -0.000003 0.000006 -0.000000 1.000000 0.000006 0.000000 0.000000 0.000000 1.000000</matrix>
                                                <extra>
                                                    <technique profile="FCOLLADA">
                                                        <visibility>1.000000</visibility>
                                                    </technique>
                                                </extra>
                                            </node>
                                            <node name="jnt_right_forearm" id="jnt_right_forearm" sid="jnt_right_forearm" type="JOINT">
                                                <matrix sid="matrix">0.219966 -0.975393 -0.014934 0.843981 0.975448 0.219759 0.014374 -0.000002 -0.010738 -0.017730 0.999785 0.000003 0.000000 0.000000 0.000000 1.000000</matrix>
                                                <extra>
                                                    <technique profile="FCOLLADA">
                                                        <visibility>1.000000</visibility>
                                                    </technique>
                                                </extra>
                                                <node name="jnt_right_forearmroll" id="jnt_right_forearmroll" sid="jnt_right_forearmroll" type="JOINT">
                                                    <matrix sid="matrix">1.000000 0.000001 0.000000 0.487001 -0.000001 1.000000 -0.000000 -0.000000 -0.000000 0.000000 1.000000 0.000004 0.000000 0.000000 0.000000 1.000000</matrix>
                                                    <extra>
                                                        <technique profile="FCOLLADA">
                                                            <visibility>1.000000</visibility>
                                                        </technique>
                                                    </extra>
                                                </node>
                                                <node name="jnt_right_hand" id="jnt_right_hand" sid="jnt_right_hand" type="JOINT">
                                                    <matrix sid="matrix">0.886858 -0.383155 -0.258216 0.975261 0.261707 0.877129 -0.402684 -0.000000 0.380779 0.289547 0.878163 0.000003 0.000000 0.000000 0.000000 1.000000</matrix>
                                                    <extra>
                                                        <technique profile="FCOLLADA">
                                                            <visibility>1.000000</visibility>
                                                        </technique>
                                                    </extra>
                                                    <node name="jnt_right_handthumb1" id="jnt_right_handthumb1" sid="jnt_right_handthumb1" type="JOINT">
                                                        <matrix sid="matrix">0.774279 -0.393889 0.495322 0.060226 0.116771 0.858174 0.499902 0.203939 -0.621978 -0.329224 0.710461 -0.155682 0.000000 0.000000 0.000000 1.000000</matrix>
                                                        <extra>
                                                            <technique profile="FCOLLADA">
                                                                <visibility>1.000000</visibility>
                                                            </technique>
                                                        </extra>
                                                        <node name="jnt_right_handthumb2" id="jnt_right_handthumb2" sid="jnt_right_handthumb2" type="JOINT">
                                                            <matrix sid="matrix">0.959263 0.282514 -0.000001 0.213224 -0.282514 0.959263 -0.000004 -0.000001 -0.000000 0.000004 1.000000 0.000000 0.000000 0.000000 0.000000 1.000000</matrix>
                                                            <extra>
                                                                <technique profile="FCOLLADA">
                                                                    <visibility>1.000000</visibility>
                                                                </technique>
                                                            </extra>
                                                            <node name="jnt_right_handthumb3" id="jnt_right_handthumb3" sid="jnt_right_handthumb3" type="JOINT">
                                                                <matrix sid="matrix">0.975492 0.220037 0.000001 0.141882 -0.220037 0.975492 0.000006 -0.000000 0.000000 -0.000006 1.000000 0.000023 0.000000 0.000000 0.000000 1.000000</matrix>
                                                                <extra>
                                                                    <technique profile="FCOLLADA">
                                                                        <visibility>1.000000</visibility>
                                                                    </technique>
                                                                </extra>
                                                                <node name="jnt_right_handthumb4" id="jnt_right_handthumb4" sid="jnt_right_handthumb4" type="JOINT">
                                                                    <matrix sid="matrix">1.000000 0.000000 0.000000 0.122606 -0.000000 1.000000 0.000000 0.000000 -0.000000 -0.000000 1.000000 0.000000 0.000000 0.000000 0.000000 1.000000</matrix>
                                                                    <extra>
                                                                        <technique profile="FCOLLADA">
                                                                            <visibility>1.000000</visibility>
                                                                        </technique>
                                                                    </extra>
                                                                </node>
                                                            </node>
                                                        </node>
                                                    </node>
                                                    <node name="jnt_right_handindex1" id="jnt_right_handindex1" sid="jnt_right_handindex1" type="JOINT">
                                                        <matrix sid="matrix">0.947292 0.318533 0.034271 0.494373 0.023622 0.037233 -0.999027 0.203977 -0.319499 0.947180 0.027746 0.029845 0.000000 0.000000 0.000000 1.000000</matrix>
                                                        <extra>
                                                            <technique profile="FCOLLADA">
                                                                <visibility>1.000000</visibility>
                                                            </technique>
                                                        </extra>
                                                        <node name="jnt_right_handindex2" id="jnt_right_handindex2" sid="jnt_right_handindex2" type="JOINT">
                                                            <matrix sid="matrix">0.956203 0.292705 -0.000000 0.145440 -0.292705 0.956203 -0.000001 -0.001121 -0.000000 0.000001 1.000000 -0.000039 0.000000 0.000000 0.000000 1.000000</matrix>
                                                            <extra>
                                                                <technique profile="FCOLLADA">
                                                                    <visibility>1.000000</visibility>
                                                                </technique>
                                                            </extra>
                                                            <node name="jnt_right_handindex3" id="jnt_right_handindex3" sid="jnt_right_handindex3" type="JOINT">
                                                                <matrix sid="matrix">0.992091 0.125520 -0.000000 0.093746 -0.125520 0.992091 0.000000 0.000001 0.000000 -0.000000 1.000000 0.000000 0.000000 0.000000 0.000000 1.000000</matrix>
                                                                <extra>
                                                                    <technique profile="FCOLLADA">
                                                                        <visibility>1.000000</visibility>
                                                                    </technique>
                                                                </extra>
                                                                <node name="jnt_right_handindex4" id="jnt_right_handindex4" sid="jnt_right_handindex4" type="JOINT">
                                                                    <matrix sid="matrix">1.000000 0.000000 -0.000000 0.107088 -0.000000 1.000000 -0.000000 -0.000052 0.000000 0.000000 1.000000 0.001503 0.000000 0.000000 0.000000 1.000000</matrix>
                                                                    <extra>
                                                                        <technique profile="FCOLLADA">
                                                                            <visibility>1.000000</visibility>
                                                                        </technique>
                                                                    </extra>
                                                                </node>
                                                            </node>
                                                        </node>
                                                    </node>
                                                    <node name="jnt_right_weapon" id="jnt_right_weapon" sid="jnt_right_weapon" type="JOINT">
                                                        <matrix sid="matrix">-0.068672 0.108968 0.991670 0.369354 0.108723 0.988914 -0.101136 0.054075 -0.991697 0.100872 -0.079758 -0.296619 0.000000 0.000000 0.000000 1.000000</matrix>
                                                        <extra>
                                                            <technique profile="FCOLLADA">
                                                                <visibility>1.000000</visibility>
                                                            </technique>
                                                        </extra>
                                                    </node>
                                                    <node name="jnt_right_handmiddle1" id="jnt_right_handmiddle1" sid="jnt_right_handmiddle1" type="JOINT">
                                                        <matrix sid="matrix">0.567422 0.820600 -0.068176 0.489245 -0.039021 -0.055905 -0.997673 0.062066 -0.822502 0.568762 0.000299 0.036303 0.000000 0.000000 0.000000 1.000000</matrix>
                                                        <extra>
                                                            <technique profile="FCOLLADA">
                                                                <visibility>1.000000</visibility>
                                                            </technique>
                                                        </extra>
                                                        <node name="jnt_right_handmiddle2" id="jnt_right_handmiddle2" sid="jnt_right_handmiddle2" type="JOINT">
                                                            <matrix sid="matrix">0.940502 0.339787 -0.000000 0.176685 -0.339787 0.940502 -0.000000 0.000000 0.000000 0.000000 1.000000 -0.000000 0.000000 0.000000 0.000000 1.000000</matrix>
                                                            <extra>
                                                                <technique profile="FCOLLADA">
                                                                    <visibility>1.000000</visibility>
                                                                </technique>
                                                            </extra>
                                                            <node name="jnt_right_handmiddle3" id="jnt_right_handmiddle3" sid="jnt_right_handmiddle3" type="JOINT">
                                                                <matrix sid="matrix">0.992141 0.125129 -0.000000 0.108374 -0.125129 0.992141 0.000000 -0.000000 0.000000 -0.000000 1.000000 -0.000000 0.000000 0.000000 0.000000 1.000000</matrix>
                                                                <extra>
                                                                    <technique profile="FCOLLADA">
                                                                        <visibility>1.000000</visibility>
                                                                    </technique>
                                                                </extra>
                                                                <node name="jnt_right_handmiddle4" id="jnt_right_handmiddle4" sid="jnt_right_handmiddle4" type="JOINT">
                                                                    <matrix sid="matrix">1.000000 0.000000 -0.000000 0.119191 -0.000000 1.000000 -0.000000 0.000105 0.000000 0.000000 1.000000 -0.000005 0.000000 0.000000 0.000000 1.000000</matrix>
                                                                    <extra>
                                                                        <technique profile="FCOLLADA">
                                                                            <visibility>1.000000</visibility>
                                                                        </technique>
                                                                    </extra>
                                                                </node>
                                                            </node>
                                                        </node>
                                                    </node>
                                                    <node name="jnt_right_handring1" id="jnt_right_handring1" sid="jnt_right_handring1" type="JOINT">
                                                        <matrix sid="matrix">0.439183 0.870177 -0.223407 0.469962 -0.039341 -0.229806 -0.972441 -0.076798 -0.897536 0.435869 -0.066693 0.036646 0.000000 0.000000 0.000000 1.000000</matrix>
                                                        <extra>
                                                            <technique profile="FCOLLADA">
                                                                <visibility>1.000000</visibility>
                                                            </technique>
                                                        </extra>
                                                        <node name="jnt_right_handring2" id="jnt_right_handring2" sid="jnt_right_handring2" type="JOINT">
                                                            <matrix sid="matrix">0.935170 0.354198 -0.000001 0.184241 -0.354198 0.935170 -0.000000 0.000000 0.000001 0.000000 1.000000 0.000001 0.000000 0.000000 0.000000 1.000000</matrix>
                                                            <extra>
                                                                <technique profile="FCOLLADA">
                                                                    <visibility>1.000000</visibility>
                                                                </technique>
                                                            </extra>
                                                            <node name="jnt_right_handring3" id="jnt_right_handring3" sid="jnt_right_handring3" type="JOINT">
                                                                <matrix sid="matrix">0.992311 0.123771 0.000000 0.103951 -0.123771 0.992311 0.000001 0.000001 0.000000 -0.000001 1.000000 0.000001 0.000000 0.000000 0.000000 1.000000</matrix>
                                                                <extra>
                                                                    <technique profile="FCOLLADA">
                                                                        <visibility>1.000000</visibility>
                                                                    </technique>
                                                                </extra>
                                                                <node name="jnt_right_handring4" id="jnt_right_handring4" sid="jnt_right_handring4" type="JOINT">
                                                                    <matrix sid="matrix">1.000000 0.000000 0.000000 0.120247 -0.000000 1.000000 0.000000 0.000103 -0.000000 -0.000000 1.000000 -0.000016 0.000000 0.000000 0.000000 1.000000</matrix>
                                                                    <extra>
                                                                        <technique profile="FCOLLADA">
                                                                            <visibility>1.000000</visibility>
                                                                        </technique>
                                                                    </extra>
                                                                </node>
                                                            </node>
                                                        </node>
                                                    </node>
                                                    <node name="jnt_right_handpinky1" id="jnt_right_handpinky1" sid="jnt_right_handpinky1" type="JOINT">
                                                        <matrix sid="matrix">0.619346 0.766768 -0.168750 0.407608 -0.087886 -0.145876 -0.985391 -0.208155 -0.780184 0.625129 -0.022960 -0.012229 0.000000 0.000000 0.000000 1.000000</matrix>
                                                        <extra>
                                                            <technique profile="FCOLLADA">
                                                                <visibility>1.000000</visibility>
                                                            </technique>
                                                        </extra>
                                                        <node name="jnt_right_handpinky2" id="jnt_right_handpinky2" sid="jnt_right_handpinky2" type="JOINT">
                                                            <matrix sid="matrix">0.937785 0.347217 -0.000000 0.148507 -0.347217 0.937785 -0.000001 0.000001 0.000000 0.000001 1.000000 0.000001 0.000000 0.000000 0.000000 1.000000</matrix>
                                                            <extra>
                                                                <technique profile="FCOLLADA">
                                                                    <visibility>1.000000</visibility>
                                                                </technique>
                                                            </extra>
                                                            <node name="jnt_right_handpinky3" id="jnt_right_handpinky3" sid="jnt_right_handpinky3" type="JOINT">
                                                                <matrix sid="matrix">0.994339 0.106248 -0.000000 0.075471 -0.106248 0.994340 0.000002 -0.000001 0.000000 -0.000002 1.000000 -0.000000 0.000000 0.000000 0.000000 1.000000</matrix>
                                                                <extra>
                                                                    <technique profile="FCOLLADA">
                                                                        <visibility>1.000000</visibility>
                                                                    </technique>
                                                                </extra>
                                                                <node name="jnt_right_handpinky4" id="jnt_right_handpinky4" sid="jnt_right_handpinky4" type="JOINT">
                                                                    <matrix sid="matrix">1.000000 0.000000 0.000000 0.101152 -0.000000 1.000000 0.000000 0.000000 -0.000000 -0.000000 1.000000 0.000000 0.000000 0.000000 0.000000 1.000000</matrix>
                                                                    <extra>
                                                                        <technique profile="FCOLLADA">
                                                                            <visibility>1.000000</visibility>
                                                                        </technique>
                                                                    </extra>
                                                                </node>
                                                            </node>
                                                        </node>
                                                    </node>
                                                </node>
                                            </node>
                                        </node>
                                    </node>
                                </node>
                                <node name="jnt_backpack" id="jnt_backpack" sid="jnt_backpack" type="JOINT">
                                    <matrix sid="matrix">0.000000 0.995068 -0.099191 0.682545 0.000000 0.099191 0.995068 -0.705658 1.000000 -0.000000 0.000000 -0.000000 0.000000 0.000000 0.000000 1.000000</matrix>
                                    <extra>
                                        <technique profile="FCOLLADA">
                                            <visibility>1.000000</visibility>
                                        </technique>
                                    </extra>
                                </node>
                            </node>
                        </node>
                    </node>
                    <node name="jnt_camera" id="jnt_camera" sid="jnt_camera" type="JOINT">
                        <matrix sid="matrix">0.987715 -0.153887 0.027150 0.000000 0.153770 0.926257 -0.344096 1.193611 0.027804 0.344044 0.938542 0.007402 0.000000 0.000000 0.000000 1.000000</matrix>
                        <extra>
                            <technique profile="FCOLLADA">
                                <visibility>1.000000</visibility>
                            </technique>
                        </extra>
                    </node>
                </node>
                <node name="jnt_right_upleg" id="jnt_right_upleg" sid="jnt_right_upleg" type="JOINT">
                    <matrix sid="matrix">-0.175337 -0.001756 -0.984507 -0.446779 -0.984438 -0.011647 0.175345 -0.111214 -0.011775 0.999931 0.000313 0.043020 0.000000 0.000000 0.000000 1.000000</matrix>
                    <extra>
                        <technique profile="FCOLLADA">
                            <visibility>1.000000</visibility>
                        </technique>
                    </extra>
                    <node name="jnt_right_uplegroll" id="jnt_right_uplegroll" sid="jnt_right_uplegroll" type="JOINT">
                        <matrix sid="matrix">1.000000 -0.000000 0.000000 0.430000 0.000000 1.000000 0.000000 0.000000 -0.000000 -0.000000 1.000000 -0.000000 0.000000 0.000000 0.000000 1.000000</matrix>
                        <extra>
                            <technique profile="FCOLLADA">
                                <visibility>1.000000</visibility>
                            </technique>
                        </extra>
                    </node>
                    <node name="jnt_right_leg" id="jnt_right_leg" sid="jnt_right_leg" type="JOINT">
                        <matrix sid="matrix">0.984636 0.174618 -0.000000 0.860324 -0.174618 0.984636 -0.000001 0.000000 -0.000000 0.000001 1.000000 0.000000 0.000000 0.000000 0.000000 1.000000</matrix>
                        <extra>
                            <technique profile="FCOLLADA">
                                <visibility>1.000000</visibility>
                            </technique>
                        </extra>
                        <node name="jnt_right_legroll" id="jnt_right_legroll" sid="jnt_right_legroll" type="JOINT">
                            <matrix sid="matrix">1.000000 0.000000 0.000000 0.384000 -0.000000 1.000000 0.000000 -0.000000 -0.000000 -0.000000 1.000000 -0.000000 0.000000 0.000000 0.000000 1.000000</matrix>
                            <extra>
                                <technique profile="FCOLLADA">
                                    <visibility>1.000000</visibility>
                                </technique>
                            </extra>
                        </node>
                        <node name="jnt_right_foot" id="jnt_right_foot" sid="jnt_right_foot" type="JOINT">
                            <matrix sid="matrix">0.322357 -0.926717 0.193087 0.768144 0.946459 0.311782 -0.083714 -0.000001 0.017378 0.209735 0.977604 -0.000000 0.000000 0.000000 0.000000 1.000000</matrix>
                            <extra>
                                <technique profile="FCOLLADA">
                                    <visibility>1.000000</visibility>
                                </technique>
                            </extra>
                            <node name="jnt_right_toebase" id="jnt_right_toebase" sid="jnt_right_toebase" type="JOINT">
                                <matrix sid="matrix">0.918936 -0.394407 -0.000000 0.441847 0.394407 0.918936 0.000000 -0.000000 0.000000 -0.000000 1.000000 0.000000 0.000000 0.000000 0.000000 1.000000</matrix>
                                <extra>
                                    <technique profile="FCOLLADA">
                                        <visibility>1.000000</visibility>
                                    </technique>
                                </extra>
                                <node name="jnt_right_toeend" id="jnt_right_toeend" sid="jnt_right_toeend" type="JOINT">
                                    <matrix sid="matrix">1.000000 -0.000001 -0.000000 0.379397 0.000001 1.000000 -0.000000 0.000000 0.000000 0.000000 1.000000 0.000000 0.000000 0.000000 0.000000 1.000000</matrix>
                                    <extra>
                                        <technique profile="FCOLLADA">
                                            <visibility>1.000000</visibility>
                                        </technique>
                                    </extra>
                                </node>
                            </node>
                        </node>
                    </node>
                </node>
                <node name="jnt_left_upleg" id="jnt_left_upleg" sid="jnt_left_upleg" type="JOINT">
                    <matrix sid="matrix">0.175337 0.001757 -0.984507 0.446779 -0.984438 -0.011648 -0.175345 -0.111213 -0.011776 0.999931 -0.000313 0.043020 0.000000 0.000000 0.000000 1.000000</matrix>
                    <extra>
                        <technique profile="FCOLLADA">
                            <visibility>1.000000</visibility>
                        </technique>
                    </extra>
                    <node name="jnt_left_uplegroll" id="jnt_left_uplegroll" sid="jnt_left_uplegroll" type="JOINT">
                        <matrix sid="matrix">1.000000 -0.000000 -0.000000 0.430000 0.000000 1.000000 -0.000000 -0.000000 0.000000 0.000000 1.000000 0.000000 0.000000 0.000000 0.000000 1.000000</matrix>
                        <extra>
                            <technique profile="FCOLLADA">
                                <visibility>1.000000</visibility>
                            </technique>
                        </extra>
                    </node>
                    <node name="jnt_left_leg" id="jnt_left_leg" sid="jnt_left_leg" type="JOINT">
                        <matrix sid="matrix">0.984637 0.174615 -0.000000 0.860328 -0.174615 0.984637 0.000000 -0.000000 0.000000 -0.000000 1.000000 0.000001 0.000000 0.000000 0.000000 1.000000</matrix>
                        <extra>
                            <technique profile="FCOLLADA">
                                <visibility>1.000000</visibility>
                            </technique>
                        </extra>
                        <node name="jnt_left_legroll" id="jnt_left_legroll" sid="jnt_left_legroll" type="JOINT">
                            <matrix sid="matrix">1.000000 0.000000 -0.000000 0.384000 -0.000000 1.000000 -0.000000 0.000000 0.000000 0.000000 1.000000 0.000000 0.000000 0.000000 0.000000 1.000000</matrix>
                            <extra>
                                <technique profile="FCOLLADA">
                                    <visibility>1.000000</visibility>
                                </technique>
                            </extra>
                        </node>
                        <node name="jnt_left_foot" id="jnt_left_foot" sid="jnt_left_foot" type="JOINT">
                            <matrix sid="matrix">0.322359 -0.926716 -0.193087 0.768142 0.946458 0.311784 0.083715 0.000000 -0.017378 -0.209735 0.977604 -0.000001 0.000000 0.000000 0.000000 1.000000</matrix>
                            <extra>
                                <technique profile="FCOLLADA">
                                    <visibility>1.000000</visibility>
                                </technique>
                            </extra>
                            <node name="jnt_left_toebase" id="jnt_left_toebase" sid="jnt_left_toebase" type="JOINT">
                                <matrix sid="matrix">0.918936 -0.394408 0.000000 0.441847 0.394407 0.918936 -0.000000 0.000000 0.000000 0.000000 1.000000 -0.000000 0.000000 0.000000 0.000000 1.000000</matrix>
                                <extra>
                                    <technique profile="FCOLLADA">
                                        <visibility>1.000000</visibility>
                                    </technique>
                                </extra>
                                <node name="jnt_left_toeend" id="jnt_left_toeend" sid="jnt_left_toeend" type="JOINT">
                                    <matrix sid="matrix">1.000000 -0.000001 -0.000000 0.379397 0.000001 1.000000 -0.000000 -0.000000 0.000000 0.000000 1.000000 -0.000000 0.000000 0.000000 0.000000 1.000000</matrix>
                                    <extra>
                                        <technique profile="FCOLLADA">
                                            <visibility>1.000000</visibility>
                                        </technique>
                                    </extra>
                                </node>
                            </node>
                        </node>
                    </node>
                </node>
            </node>
        </node>
    <extra>
        <technique profile="MAX3D">
            <frame_rate>30.000000</frame_rate>
        </technique>
        <technique profile="FCOLLADA">
            <start_time>0.000000</start_time>
            <end_time>1.000000</end_time>
        </technique>
    </extra>
</visual_scene>
  </library_visual_scenes>
  <scene>
    <instance_visual_scene url="#Scene"></instance_visual_scene>
  </scene>
</COLLADA>
