# Blender v2.78 (sub 0) OBJ File: 'RailSwitchRight.blend'
# www.blender.org
mtllib RailSwitchLeft.mtl
o Cube
v -3.021119 0.500010 -64.000000
v -3.021119 0.500000 0.000000
v -1.978881 0.500000 -0.000002
v -1.978881 0.500010 -64.000000
v -1.978881 0.587549 -0.000002
v -1.978881 0.587559 -64.000000
v -3.021119 0.587549 0.000000
v -2.708235 0.733564 0.000000
v -2.708235 1.388508 0.000004
v -2.741135 1.447889 0.000004
v -2.934476 1.511428 0.000004
v -2.969422 1.600824 0.000004
v -2.969422 1.899785 0.000008
v -2.936016 1.955686 0.000008
v -2.797318 2.000000 0.000008
v -2.202682 2.000000 -0.000002
v -2.063983 1.955686 -0.000004
v -2.030577 1.899785 -0.000004
v -2.030577 1.600824 -0.000002
v -2.065524 1.511428 -0.000002
v -2.258865 1.447889 -0.000002
v -2.291765 1.388508 -0.000002
v -2.291765 0.733564 -0.000002
v -3.021119 0.587559 -64.000000
v -2.291765 0.733574 -64.000000
v -2.291765 1.388518 -64.000000
v -2.258865 1.447899 -64.000000
v -2.065524 1.511438 -64.000000
v -2.030577 1.600834 -64.000000
v -2.030577 1.899795 -64.000000
v -2.063983 1.955696 -64.000000
v -2.202682 2.000010 -64.000000
v -2.797318 2.000010 -63.999992
v -2.936017 1.955696 -63.999992
v -2.969423 1.899795 -63.999992
v -2.969423 1.600834 -63.999996
v -2.934476 1.511438 -63.999996
v -2.741135 1.447899 -63.999996
v -2.708235 1.388518 -63.999996
v -2.708235 0.733574 -64.000000
v -11.021119 0.500010 -64.000000
v -11.021119 0.587559 -64.000000
v -11.021119 0.587556 -41.083698
v -11.021119 0.500007 -41.083698
v -9.978881 0.500010 -64.000000
v -9.978881 0.587559 -64.000000
v -10.291765 0.733574 -64.000000
v -10.291765 1.388518 -64.000000
v -10.258864 1.447899 -64.000000
v -10.065524 1.511438 -64.000000
v -10.030578 1.600834 -64.000000
v -10.030578 1.899795 -64.000000
v -10.063984 1.955696 -64.000000
v -10.202682 2.000010 -64.000000
v -10.797318 2.000010 -63.999992
v -10.936017 1.955696 -63.999992
v -10.969423 1.899795 -63.999992
v -10.969423 1.600834 -63.999996
v -10.934477 1.511438 -63.999996
v -10.741135 1.447899 -63.999996
v -10.708235 1.388518 -63.999996
v -10.708235 0.733574 -64.000000
v -10.708235 0.733570 -39.511520
v -2.234654 0.640297 -3.594839
v -2.234654 0.640297 -4.405161
v -2.234654 0.734637 -4.405161
v -2.234654 0.734637 -3.594839
v -1.773540 0.640297 -4.405161
v -1.773540 0.734637 -4.405161
v -1.773540 0.640297 -3.594839
v -1.773540 0.734637 -3.594839
v -1.649999 0.484750 -4.405161
v -1.649999 0.484750 -3.594839
v -1.555658 0.484750 -3.594839
v -1.555658 0.484750 -4.405161
v -1.649999 0.566756 -4.405161
v -1.555658 0.566756 -4.405161
v -1.555658 0.566756 -3.594839
v -1.649999 0.566756 -3.594839
v -1.688008 0.617413 -3.594839
v -1.631909 0.693261 -3.594839
v -1.631909 0.693261 -4.405161
v -1.688008 0.617413 -4.405161
v -1.973993 0.449169 -4.050000
v -1.973993 0.449169 -3.950000
v -1.887391 0.449169 -3.900000
v -1.800788 0.449169 -3.950000
v -1.800788 0.449169 -4.050000
v -1.887391 0.449169 -4.100000
v -1.973993 0.827738 -4.050000
v -1.887391 0.827738 -4.100000
v -1.800788 0.827738 -4.050000
v -1.800788 0.827738 -3.950000
v -1.887391 0.827738 -3.900000
v -1.973993 0.827738 -3.950000
v -2.768038 0.640297 -4.405161
v -2.768038 0.640297 -3.594839
v -2.768038 0.734637 -3.594839
v -2.768038 0.734637 -4.405161
v -3.229153 0.640297 -3.594839
v -3.229153 0.734637 -3.594839
v -3.229153 0.640297 -4.405161
v -3.229153 0.734637 -4.405161
v -3.352694 0.484750 -3.594839
v -3.352694 0.484750 -4.405161
v -3.447034 0.484750 -4.405161
v -3.447034 0.484750 -3.594839
v -3.352694 0.566756 -3.594839
v -3.447034 0.566756 -3.594839
v -3.447034 0.566756 -4.405161
v -3.352694 0.566756 -4.405161
v -3.314684 0.617413 -4.405161
v -3.370783 0.693261 -4.405161
v -3.370783 0.693261 -3.594839
v -3.314684 0.617413 -3.594839
v -3.028699 0.449169 -3.950000
v -3.028699 0.449169 -4.050000
v -3.115302 0.449169 -4.100000
v -3.201904 0.449169 -4.050000
v -3.201904 0.449169 -3.950000
v -3.115302 0.449169 -3.900000
v -3.028699 0.827738 -3.950000
v -3.115302 0.827738 -3.900000
v -3.201904 0.827738 -3.950000
v -3.201904 0.827738 -4.050000
v -3.115302 0.827738 -4.100000
v -3.028699 0.827738 -4.050000
v -1.884698 0.449178 -59.900002
v -1.971301 0.449178 -59.950001
v -1.971301 0.827747 -59.950001
v -1.884698 0.827747 -59.900002
v -9.555658 0.566765 -59.594841
v -9.555658 0.484759 -59.594841
v -9.649999 0.484759 -59.594841
v -9.649999 0.566765 -59.594841
v -9.773540 0.640306 -59.594841
v -10.234654 0.640306 -59.594841
v -10.234654 0.734646 -59.594841
v -9.773540 0.734646 -59.594841
v -1.798096 0.449178 -60.049999
v -1.798096 0.449178 -59.950001
v -1.798096 0.827747 -59.950001
v -1.798096 0.827747 -60.049999
v -10.234654 0.640306 -60.405159
v -10.234654 0.734646 -60.405159
v -9.649999 0.566765 -60.405159
v -9.649999 0.484759 -60.405159
v -9.555658 0.484759 -60.405159
v -9.555658 0.566765 -60.405159
v -1.770847 0.640306 -60.405159
v -1.685316 0.617422 -60.405159
v -1.629217 0.693270 -60.405159
v -1.770847 0.734646 -60.405159
v -2.765345 0.640306 -60.405159
v -2.765345 0.734646 -60.405159
v -3.226461 0.734646 -60.405159
v -3.226461 0.640306 -60.405159
v -2.765345 0.640306 -59.594841
v -2.765345 0.734646 -59.594841
v -1.971301 0.449178 -60.049999
v -1.971301 0.827747 -60.049999
v -1.884698 0.449178 -60.099998
v -1.884698 0.827747 -60.099998
v -9.773540 0.640306 -60.405159
v -9.773540 0.734646 -60.405159
v -1.629217 0.693270 -59.594841
v -1.552966 0.566765 -59.594841
v -1.647306 0.566765 -59.594841
v -1.685316 0.617422 -59.594841
v -2.765345 0.640301 -28.405161
v -2.765345 0.734641 -28.405161
v -3.226461 0.734641 -28.405161
v -3.226461 0.640301 -28.405161
v -1.647306 0.566765 -60.405159
v -1.552966 0.566765 -60.405159
v -1.552966 0.484759 -59.594841
v -1.647306 0.484759 -59.594841
v -1.552966 0.484759 -60.405159
v -1.647306 0.484759 -60.405159
v -2.765345 0.640300 -27.594839
v -2.765345 0.734640 -27.594839
v -3.112609 0.449178 -60.099998
v -3.026007 0.449178 -60.049999
v -3.026007 0.827747 -60.049999
v -3.112609 0.827747 -60.099998
v -1.770847 0.734646 -59.594841
v -1.770847 0.640306 -59.594841
v -1.884698 0.449173 -27.900000
v -1.971301 0.449173 -27.950001
v -1.971301 0.827742 -27.950001
v -1.884698 0.827742 -27.900000
v -1.884698 0.449171 -19.900000
v -1.971301 0.449171 -19.950001
v -1.971301 0.827740 -19.950001
v -1.884698 0.827740 -19.900000
v -3.199212 0.449178 -60.049999
v -3.199212 0.827747 -60.049999
v -3.112609 0.449178 -59.900002
v -3.199212 0.449178 -59.950001
v -3.199212 0.827747 -59.950001
v -3.112609 0.827747 -59.900002
v -3.026007 0.449178 -59.950001
v -3.026007 0.827747 -59.950001
v -11.115301 0.449178 -59.900002
v -11.115301 0.827747 -59.900002
v -11.028699 0.827747 -59.950001
v -11.028699 0.449178 -59.950001
v -2.231962 0.640306 -59.594841
v -2.231962 0.734646 -59.594841
v -11.115301 0.449178 -60.099998
v -11.115301 0.827747 -60.099998
v -11.201904 0.827747 -60.049999
v -11.201904 0.449178 -60.049999
v -2.231962 0.640306 -60.405159
v -2.231962 0.734646 -60.405159
v -3.368091 0.693270 -60.405159
v -3.311992 0.617422 -60.405159
v -11.229153 0.734646 -59.594841
v -11.229153 0.640306 -59.594841
v -11.314684 0.617422 -59.594841
v -11.370783 0.693270 -59.594841
v -2.765345 0.640299 -19.594839
v -2.765345 0.734639 -19.594839
v -2.765345 0.734639 -20.405161
v -2.765345 0.640299 -20.405161
v -11.352694 0.566765 -59.594841
v -11.447034 0.566765 -59.594841
v -11.028699 0.449178 -60.049999
v -11.201904 0.449178 -59.950001
v -11.201904 0.827747 -59.950001
v -11.028699 0.827747 -60.049999
v -3.226461 0.734639 -20.405161
v -3.226461 0.640299 -20.405161
v -11.352694 0.484759 -59.594841
v -11.352694 0.484759 -60.405159
v -11.447034 0.484759 -60.405159
v -11.447034 0.484759 -59.594841
v -3.226461 0.640306 -59.594841
v -3.311992 0.617422 -59.594841
v -3.368091 0.693270 -59.594841
v -3.226461 0.734646 -59.594841
v -9.800788 0.449178 -59.950001
v -9.800788 0.827747 -59.950001
v -9.800788 0.827747 -60.049999
v -9.800788 0.449178 -60.049999
v -3.444341 0.566765 -59.594841
v -3.350001 0.566765 -59.594841
v -3.350001 0.484759 -59.594841
v -3.444341 0.484759 -59.594841
v -11.447034 0.566765 -60.405159
v -11.352694 0.566765 -60.405159
v -11.229153 0.640306 -60.405159
v -11.229153 0.734646 -60.405159
v -11.370783 0.693270 -60.405159
v -11.314684 0.617422 -60.405159
v -3.444341 0.566765 -60.405159
v -3.350001 0.566765 -60.405159
v -9.887390 0.449178 -60.099998
v -9.887390 0.827747 -60.099998
v -9.973993 0.827747 -60.049999
v -9.973993 0.449178 -60.049999
v -9.688008 0.617422 -60.405159
v -9.631908 0.693270 -60.405159
v -9.887390 0.827747 -59.900002
v -9.973993 0.827747 -59.950001
v -3.350001 0.484759 -60.405159
v -3.444341 0.484759 -60.405159
v -10.768038 0.640306 -59.594841
v -10.768038 0.734646 -59.594841
v -9.973993 0.449178 -59.950001
v -9.887390 0.449178 -59.900002
v -9.631908 0.693270 -59.594841
v -9.688008 0.617422 -59.594841
v -3.226461 0.640299 -19.594839
v -3.226461 0.734639 -19.594839
v -10.768038 0.640306 -60.405159
v -10.768038 0.734646 -60.405159
v -9.973993 0.449176 -52.049999
v -9.973993 0.827745 -52.049999
v -9.973993 0.827745 -51.950001
v -9.973993 0.449176 -51.950001
v -9.887390 0.449176 -51.900002
v -9.800788 0.449176 -51.950001
v -9.800788 0.449176 -52.049999
v -9.887390 0.449176 -52.099998
v -3.226461 0.640304 -51.594841
v -3.226461 0.734644 -51.594841
v -2.765345 0.734644 -51.594841
v -2.765345 0.640304 -51.594841
v -9.773540 0.640304 -51.594841
v -9.773540 0.734644 -51.594841
v -9.631908 0.693268 -51.594841
v -9.688008 0.617420 -51.594841
v -9.631908 0.693269 -52.405159
v -9.688008 0.617420 -52.405159
v -9.649999 0.566764 -52.405159
v -9.555658 0.566764 -52.405159
v -9.555658 0.566763 -51.594841
v -9.649999 0.566763 -51.594841
v -3.350001 0.484752 -20.405161
v -3.444341 0.484752 -20.405161
v -3.444341 0.484752 -19.594839
v -3.350001 0.484752 -19.594839
v -11.229153 0.640305 -52.405159
v -10.768038 0.640305 -52.405159
v -10.768038 0.734645 -52.405159
v -11.229153 0.734645 -52.405159
v -11.314684 0.617420 -52.405159
v -11.370783 0.693269 -52.405159
v -11.447034 0.566764 -52.405159
v -11.352694 0.566764 -52.405159
v -9.887390 0.827745 -51.900002
v -9.800788 0.827745 -51.950001
v -10.768038 0.640304 -51.594841
v -10.768038 0.734644 -51.594841
v -3.350001 0.484758 -52.405159
v -3.444341 0.484758 -52.405159
v -3.444341 0.484757 -51.594841
v -3.350001 0.484757 -51.594841
v -9.773540 0.734645 -52.405159
v -9.773540 0.640305 -52.405159
v -11.229153 0.640304 -51.594841
v -11.229153 0.734644 -51.594841
v -9.887390 0.827745 -52.099998
v -9.800788 0.827745 -52.049999
v -3.350001 0.566764 -52.405159
v -3.444341 0.566764 -52.405159
v -11.447034 0.484758 -52.405159
v -11.352694 0.484758 -52.405159
v -3.444341 0.566763 -51.594841
v -3.350001 0.566763 -51.594841
v -3.311992 0.617420 -51.594841
v -3.368091 0.693268 -51.594841
v -3.368091 0.693269 -52.405159
v -3.311992 0.617420 -52.405159
v -11.352694 0.566763 -51.594841
v -11.352694 0.484757 -51.594841
v -11.447034 0.484757 -51.594841
v -11.447034 0.566763 -51.594841
v -11.028699 0.449176 -51.950001
v -11.028699 0.827745 -51.950001
v -11.028699 0.827745 -52.049999
v -11.028699 0.449176 -52.049999
v -11.115301 0.827745 -51.900002
v -11.201904 0.827745 -51.950001
v -11.201904 0.827745 -52.049999
v -11.115301 0.827745 -52.099998
v -11.370783 0.693268 -51.594841
v -11.314684 0.617420 -51.594841
v -3.350001 0.566758 -20.405161
v -3.444341 0.566758 -20.405161
v -11.115301 0.449176 -52.099998
v -11.201904 0.449176 -52.049999
v -11.201904 0.449176 -51.950001
v -11.115301 0.449176 -51.900002
v -3.026007 0.449176 -52.049999
v -3.026007 0.449176 -51.950001
v -3.026007 0.827745 -51.950001
v -3.026007 0.827745 -52.049999
v -3.199212 0.449176 -51.950001
v -3.199212 0.449176 -52.049999
v -3.199212 0.827745 -52.049999
v -3.199212 0.827745 -51.950001
v -3.112609 0.449176 -52.099998
v -3.112609 0.449176 -51.900002
v -1.770847 0.640305 -52.405159
v -1.770847 0.734645 -52.405159
v -2.231962 0.734645 -52.405159
v -2.231962 0.640305 -52.405159
v -2.231962 0.734644 -51.594841
v -2.231962 0.640304 -51.594841
v -3.112609 0.827745 -51.900002
v -3.112609 0.827745 -52.099998
v -1.770847 0.734644 -51.594841
v -1.770847 0.640304 -51.594841
v -3.226461 0.734645 -52.405159
v -3.226461 0.640305 -52.405159
v -1.798096 0.449176 -51.950001
v -1.884698 0.449176 -51.900002
v -1.884698 0.827745 -51.900002
v -1.798096 0.827745 -51.950001
v -1.552966 0.566764 -52.405159
v -1.647306 0.566764 -52.405159
v -1.647306 0.484758 -52.405159
v -1.552966 0.484758 -52.405159
v -1.971301 0.449176 -51.950001
v -1.798096 0.449176 -52.049999
v -1.884698 0.449176 -52.099998
v -1.971301 0.449176 -52.049999
v -3.444341 0.566758 -19.594839
v -3.350001 0.566758 -19.594839
v -1.647306 0.484757 -51.594841
v -1.552966 0.484757 -51.594841
v -1.629217 0.693268 -51.594841
v -1.685316 0.617420 -51.594841
v -1.685316 0.617420 -52.405159
v -1.629217 0.693269 -52.405159
v -1.971301 0.827745 -51.950001
v -1.971301 0.827745 -52.049999
v -1.884698 0.827745 -52.099998
v -1.798096 0.827745 -52.049999
v -1.552966 0.566763 -51.594841
v -1.647306 0.566763 -51.594841
v -3.311992 0.617415 -19.594839
v -3.368091 0.693263 -19.594839
v -2.765345 0.734645 -52.405159
v -2.765345 0.640305 -52.405159
v -10.234654 0.640305 -52.405159
v -10.234654 0.734645 -52.405159
v -10.234654 0.640304 -51.594841
v -10.234654 0.734644 -51.594841
v -9.555658 0.484757 -51.594841
v -9.649999 0.484757 -51.594841
v -9.649999 0.484758 -52.405159
v -9.555658 0.484758 -52.405159
v -3.368091 0.693263 -20.405161
v -3.311992 0.617415 -20.405161
v -9.649999 0.484756 -44.405159
v -9.649999 0.484756 -43.594841
v -9.555658 0.484756 -43.594841
v -9.555658 0.484756 -44.405159
v -9.649999 0.566762 -44.405159
v -9.555658 0.566762 -44.405159
v -10.234654 0.640303 -43.594841
v -10.234654 0.640303 -44.405159
v -10.234654 0.734643 -44.405159
v -10.234654 0.734643 -43.594841
v -9.555658 0.566762 -43.594841
v -9.649999 0.566762 -43.594841
v -1.884698 0.449175 -43.900002
v -1.971301 0.449175 -43.950001
v -1.971301 0.827744 -43.950001
v -1.884698 0.827744 -43.900002
v -9.773540 0.640303 -44.405159
v -9.773540 0.734643 -44.405159
v -2.765345 0.640303 -44.405159
v -2.765345 0.734643 -44.405159
v -3.226461 0.734643 -44.405159
v -3.226461 0.640303 -44.405159
v -9.773540 0.640303 -43.594841
v -9.773540 0.734643 -43.594841
v -1.770847 0.640303 -44.405159
v -1.685316 0.617419 -44.405159
v -1.629217 0.693267 -44.405159
v -1.770847 0.734643 -44.405159
v -1.971301 0.449175 -44.049999
v -1.971301 0.827744 -44.049999
v -1.884698 0.449175 -44.099998
v -1.798096 0.449175 -44.049999
v -1.798096 0.827744 -44.049999
v -1.884698 0.827744 -44.099998
v -1.798096 0.449175 -43.950001
v -1.798096 0.827744 -43.950001
v -2.765345 0.640303 -43.594841
v -2.765345 0.734643 -43.594841
v -1.647306 0.566762 -43.594841
v -1.552966 0.566762 -43.594841
v -1.552966 0.484756 -43.594841
v -1.647306 0.484756 -43.594841
v -1.629217 0.693267 -43.594841
v -1.685316 0.617419 -43.594841
v -1.647306 0.566762 -44.405159
v -1.552966 0.566762 -44.405159
v -1.770847 0.734643 -43.594841
v -1.770847 0.640303 -43.594841
v -3.026007 0.449175 -43.950001
v -3.112609 0.449175 -43.900002
v -3.112609 0.827744 -43.900002
v -3.026007 0.827744 -43.950001
v -1.647306 0.484756 -44.405159
v -1.552966 0.484756 -44.405159
v -3.199212 0.449175 -44.049999
v -3.112609 0.449175 -44.099998
v -3.112609 0.827744 -44.099998
v -3.199212 0.827744 -44.049999
v -3.199212 0.449175 -43.950001
v -3.199212 0.827744 -43.950001
v -11.115301 0.449175 -43.900002
v -11.115301 0.827744 -43.900002
v -11.028699 0.827744 -43.950001
v -11.028699 0.449175 -43.950001
v -3.026007 0.449175 -44.049999
v -3.026007 0.827744 -44.049999
v -2.231962 0.640303 -43.594841
v -2.231962 0.734643 -43.594841
v -2.231962 0.640303 -44.405159
v -2.231962 0.734643 -44.405159
v -3.368091 0.693267 -44.405159
v -3.311992 0.617419 -44.405159
v -3.026007 0.827740 -20.049999
v -3.026007 0.827740 -19.950001
v -3.112609 0.827740 -19.900000
v -3.199212 0.827740 -19.950001
v -3.199212 0.827740 -20.049999
v -3.112609 0.827740 -20.100000
v -3.026007 0.449171 -20.049999
v -3.112609 0.449171 -20.100000
v -3.199212 0.449171 -20.049999
v -3.199212 0.449171 -19.950001
v -3.112609 0.449171 -19.900000
v -3.026007 0.449171 -19.950001
v -11.115301 0.449175 -44.099998
v -11.115301 0.827744 -44.099998
v -11.201904 0.827744 -44.049999
v -11.201904 0.449175 -44.049999
v -11.201904 0.449175 -43.950001
v -11.201904 0.827744 -43.950001
v -11.370783 0.693267 -43.594841
v -11.314684 0.617419 -43.594841
v -11.352694 0.566762 -43.594841
v -11.447034 0.566762 -43.594841
v -11.229153 0.734643 -43.594841
v -11.229153 0.640303 -43.594841
v -11.028699 0.449175 -44.049999
v -11.028699 0.827744 -44.049999
v -11.352694 0.484756 -43.594841
v -11.352694 0.484756 -44.405159
v -11.447034 0.484756 -44.405159
v -11.447034 0.484756 -43.594841
v -2.231962 0.640299 -20.405161
v -2.231962 0.734639 -20.405161
v -2.231962 0.734639 -19.594839
v -2.231962 0.640299 -19.594839
v -3.444341 0.566762 -44.405159
v -3.350001 0.566762 -44.405159
v -11.229153 0.640303 -44.405159
v -11.229153 0.734643 -44.405159
v -11.370783 0.693267 -44.405159
v -11.314684 0.617419 -44.405159
v -3.226461 0.640303 -43.594841
v -3.311992 0.617419 -43.594841
v -3.368091 0.693267 -43.594841
v -3.226461 0.734643 -43.594841
v -1.770847 0.734639 -19.594839
v -1.770847 0.640299 -19.594839
v -3.350001 0.566762 -43.594841
v -3.444341 0.566762 -43.594841
v -11.447034 0.566762 -44.405159
v -11.352694 0.566762 -44.405159
v -9.887390 0.449175 -44.099998
v -9.887390 0.827744 -44.099998
v -9.973993 0.827744 -44.049999
v -9.973993 0.449175 -44.049999
v -3.350001 0.484756 -43.594841
v -3.444341 0.484756 -43.594841
v -9.800788 0.449175 -43.950001
v -9.800788 0.827744 -43.950001
v -9.800788 0.827744 -44.049999
v -9.800788 0.449175 -44.049999
v -10.768038 0.640303 -43.594841
v -10.768038 0.734643 -43.594841
v -1.647306 0.484752 -19.594839
v -1.552966 0.484752 -19.594839
v -1.552966 0.484752 -20.405161
v -1.647306 0.484752 -20.405161
v -9.887390 0.827744 -43.900002
v -9.973993 0.827744 -43.950001
v -9.688008 0.617419 -44.405159
v -9.631908 0.693267 -44.405159
v -3.350001 0.484756 -44.405159
v -3.444341 0.484756 -44.405159
v -9.973993 0.449175 -43.950001
v -9.887390 0.449175 -43.900002
v -1.770847 0.640299 -20.405161
v -1.770847 0.734639 -20.405161
v -10.768038 0.640303 -44.405159
v -10.768038 0.734643 -44.405159
v -9.688008 0.617419 -43.594841
v -9.631908 0.693267 -43.594841
v -3.226461 0.640302 -35.594841
v -3.226461 0.734642 -35.594841
v -2.765345 0.734642 -35.594841
v -2.765345 0.640302 -35.594841
v -1.552966 0.566758 -20.405161
v -1.647306 0.566758 -20.405161
v -1.685316 0.617415 -20.405161
v -1.629217 0.693263 -20.405161
v -1.647306 0.566758 -19.594839
v -1.552966 0.566758 -19.594839
v -1.629217 0.693263 -19.594839
v -1.685316 0.617415 -19.594839
v -3.350001 0.484755 -36.405159
v -3.444341 0.484755 -36.405159
v -3.444341 0.484755 -35.594841
v -3.350001 0.484755 -35.594841
v -3.350001 0.566761 -36.405159
v -3.444341 0.566761 -36.405159
v -1.798096 0.449171 -19.950001
v -1.798096 0.449171 -20.049999
v -1.884698 0.449171 -20.100000
v -1.971301 0.449171 -20.049999
v -1.971301 0.827740 -20.049999
v -1.884698 0.827740 -20.100000
v -1.798096 0.827740 -20.049999
v -1.798096 0.827740 -19.950001
v -3.311992 0.617418 -35.594841
v -3.350001 0.566761 -35.594841
v -3.444341 0.566761 -35.594841
v -3.368091 0.693266 -35.594841
v -3.368091 0.693266 -36.405159
v -3.311992 0.617418 -36.405159
v -1.973993 0.827739 -12.050000
v -1.887391 0.827739 -12.100000
v -1.800788 0.827739 -12.050000
v -1.800788 0.827739 -11.950000
v -1.887391 0.827739 -11.900000
v -1.973993 0.827739 -11.950000
v -3.026007 0.449174 -36.049999
v -3.112609 0.449174 -36.099998
v -3.199212 0.449174 -36.049999
v -3.199212 0.449174 -35.950001
v -3.112609 0.449174 -35.900002
v -3.026007 0.449174 -35.950001
v -3.226461 0.734642 -36.405159
v -3.226461 0.640302 -36.405159
v -1.973993 0.449170 -11.950000
v -1.887391 0.449170 -11.900000
v -3.026007 0.827743 -36.049999
v -3.026007 0.827743 -35.950001
v -3.112609 0.827743 -35.900002
v -3.199212 0.827743 -35.950001
v -3.199212 0.827743 -36.049999
v -3.112609 0.827743 -36.099998
v -1.973993 0.449170 -12.050000
v -1.887391 0.449170 -12.100000
v -1.770847 0.640302 -36.405159
v -1.770847 0.734642 -36.405159
v -2.231962 0.734642 -36.405159
v -2.231962 0.640302 -36.405159
v -1.800788 0.449170 -12.050000
v -1.647306 0.484755 -35.594841
v -1.552966 0.484755 -35.594841
v -1.552966 0.484755 -36.405159
v -1.647306 0.484755 -36.405159
v -2.231962 0.640302 -35.594841
v -2.231962 0.734642 -35.594841
v -1.770847 0.734642 -35.594841
v -1.770847 0.640302 -35.594841
v -1.800788 0.449170 -11.950000
v -1.552966 0.566761 -36.405159
v -1.647306 0.566761 -36.405159
v -1.685316 0.617418 -36.405159
v -1.629217 0.693266 -36.405159
v -1.798096 0.449174 -35.950001
v -1.884698 0.449174 -35.900002
v -1.884698 0.827743 -35.900002
v -1.798096 0.827743 -35.950001
v -1.629217 0.693266 -35.594841
v -1.685316 0.617418 -35.594841
v -1.971301 0.449174 -35.950001
v -1.798096 0.449174 -36.049999
v -1.884698 0.449174 -36.099998
v -1.971301 0.449174 -36.049999
v -1.884698 0.827743 -36.099998
v -1.971301 0.827743 -36.049999
v -1.647306 0.566761 -35.594841
v -1.552966 0.566761 -35.594841
v -1.773540 0.734638 -12.405161
v -1.773540 0.640298 -12.405161
v -1.688008 0.617414 -12.405161
v -1.631909 0.693262 -12.405161
v -1.773540 0.640298 -11.594839
v -1.773540 0.734638 -11.594839
v -1.631909 0.693262 -11.594839
v -1.688008 0.617414 -11.594839
v -1.971301 0.827743 -35.950001
v -1.798096 0.827743 -36.049999
v -2.765345 0.734642 -36.405159
v -2.765345 0.640302 -36.405159
v -1.555658 0.566757 -11.594839
v -1.649999 0.566757 -11.594839
v -1.649999 0.566757 -12.405161
v -1.649999 0.484751 -12.405161
v -1.555658 0.484751 -12.405161
v -1.555658 0.566757 -12.405161
v -1.555658 0.484751 -11.594839
v -1.649999 0.484751 -11.594839
v -1.971301 0.449173 -28.049999
v -1.971301 0.827742 -28.049999
v -1.798096 0.449173 -28.049999
v -1.798096 0.449173 -27.950001
v -1.798096 0.827742 -27.950001
v -1.798096 0.827742 -28.049999
v -2.234654 0.640298 -12.405161
v -2.234654 0.734638 -12.405161
v -1.884698 0.449173 -28.100000
v -1.884698 0.827742 -28.100000
v -1.770847 0.640301 -28.405161
v -1.685316 0.617417 -28.405161
v -1.629217 0.693265 -28.405161
v -1.770847 0.734641 -28.405161
v -2.234654 0.640298 -11.594839
v -2.234654 0.734638 -11.594839
v -1.770847 0.734640 -27.594839
v -1.629217 0.693264 -27.594839
v -1.685316 0.617416 -27.594839
v -1.770847 0.640300 -27.594839
v -1.647306 0.566759 -27.594839
v -1.552966 0.566759 -27.594839
v -1.552966 0.484753 -27.594839
v -1.647306 0.484753 -27.594839
v -1.552966 0.566760 -28.405161
v -1.647306 0.566760 -28.405161
v -1.647306 0.484754 -28.405161
v -1.552966 0.484754 -28.405161
v -3.026007 0.449173 -27.950001
v -3.112609 0.449173 -27.900000
v -3.112609 0.827742 -27.900000
v -3.026007 0.827742 -27.950001
v -2.231962 0.640301 -28.405161
v -2.231962 0.734641 -28.405161
v -2.231962 0.734640 -27.594839
v -2.231962 0.640300 -27.594839
v -3.026007 0.449173 -28.049999
v -3.026007 0.827742 -28.049999
v -3.112609 0.449173 -28.100000
v -3.112609 0.827742 -28.100000
v -3.199212 0.449173 -27.950001
v -3.199212 0.449173 -28.049999
v -3.199212 0.827742 -28.049999
v -3.199212 0.827742 -27.950001
v -3.368091 0.693265 -28.405161
v -3.311992 0.617417 -28.405161
v -3.226461 0.640300 -27.594839
v -3.311992 0.617416 -27.594839
v -3.368091 0.693264 -27.594839
v -3.226461 0.734640 -27.594839
v -3.444341 0.566760 -28.405161
v -3.350001 0.566760 -28.405161
v -3.350001 0.566759 -27.594839
v -3.444341 0.566759 -27.594839
v -3.350001 0.484753 -27.594839
v -3.444341 0.484753 -27.594839
v -3.444341 0.484754 -28.405161
v -3.350001 0.484754 -28.405161
v -9.978881 0.587549 -0.000002
v -9.978881 0.500000 -0.000002
v -11.021119 0.500000 -0.000002
v -11.021119 0.587549 -0.000002
v -10.708235 0.733564 -0.000002
v -10.708235 1.388508 0.000001
v -10.741135 1.447889 0.000001
v -10.934477 1.511428 0.000001
v -10.969423 1.600824 0.000001
v -10.969423 1.899785 -0.000002
v -10.936017 1.955686 -0.000002
v -10.797318 2.000000 -0.000002
v -10.202682 2.000000 -0.000002
v -10.063984 1.955686 -0.000002
v -10.030578 1.899785 -0.000002
v -10.030578 1.600824 -0.000002
v -10.065524 1.511428 -0.000002
v -10.258864 1.447889 -0.000002
v -10.291765 1.388508 -0.000002
v -10.291765 0.733564 -0.000002
v -10.321434 0.500001 -7.845859
v -11.359711 0.500001 -7.755023
v -11.359711 0.587550 -7.755023
v -10.321434 0.587550 -7.845859
v -11.048019 0.733565 -7.782292
v -10.633125 0.733565 -7.818590
v -11.346504 0.500003 -15.632005
v -12.372910 0.500003 -15.451022
v -12.372910 0.587551 -15.451022
v -11.346504 0.587552 -15.632005
v -12.064774 0.733567 -15.505354
v -11.654625 0.733567 -15.577674
v -13.046272 0.500004 -23.299181
v -14.052994 0.500004 -23.029430
v -14.052994 0.587553 -23.029430
v -13.046272 0.587553 -23.299181
v -13.750771 0.733568 -23.110413
v -13.348488 0.733568 -23.218203
v -15.407814 0.500005 -30.789038
v -16.387192 0.500005 -30.432571
v -16.387192 0.587554 -30.432571
v -15.407814 0.587554 -30.789038
v -16.093178 0.733569 -30.539585
v -15.701820 0.733569 -30.682026
v -18.413155 0.500006 -38.044571
v -19.357735 0.500006 -37.604103
v -19.357735 0.587555 -37.604103
v -18.413155 0.587555 -38.044571
v -19.074165 0.733570 -37.736336
v -18.696716 0.733570 -37.912342
v -11.162704 0.500007 -41.425514
v -12.107285 0.500007 -40.985046
v -11.021119 0.500006 -38.362812
v -11.446266 0.733571 -41.293285
v -11.162704 0.587556 -41.425514
v -12.107285 0.587556 -40.985046
v -11.823700 0.733571 -41.117275
v -10.708235 0.733570 -38.424305
v -11.021119 0.587555 -38.362812
v -10.291765 0.733570 -37.418858
v -9.978881 0.587555 -35.846626
v -9.978881 0.500006 -35.846626
v -9.978881 0.587555 -38.567516
v -9.978881 0.500006 -38.567516
v -10.291765 0.733570 -38.506073
v -2.768038 0.640298 -12.405161
v -2.768038 0.640298 -11.594839
v -2.768038 0.734638 -11.594839
v -2.768038 0.734638 -12.405161
v -3.229153 0.640298 -11.594839
v -3.229153 0.734638 -11.594839
v -3.229153 0.640298 -12.405161
v -3.229153 0.734638 -12.405161
v -3.352694 0.484751 -11.594839
v -3.352694 0.484751 -12.405161
v -3.447034 0.484751 -12.405161
v -3.447034 0.484751 -11.594839
v -3.352694 0.566757 -11.594839
v -3.447034 0.566757 -11.594839
v -3.447034 0.566757 -12.405161
v -3.352694 0.566757 -12.405161
v -3.314684 0.617414 -12.405161
v -3.370783 0.693262 -12.405161
v -3.370783 0.693262 -11.594839
v -3.314684 0.617414 -11.594839
v -3.028699 0.449170 -11.950000
v -3.028699 0.449170 -12.050000
v -3.115302 0.449170 -12.100000
v -3.201904 0.449170 -12.050000
v -3.201904 0.449170 -11.950000
v -3.115302 0.449170 -11.900000
v -3.028699 0.827739 -11.950000
v -3.115302 0.827739 -11.900000
v -3.201904 0.827739 -11.950000
v -3.201904 0.827739 -12.050000
v -3.115302 0.827739 -12.100000
v -3.028699 0.827739 -12.050000
v -10.308685 0.640297 -3.667280
v -10.345444 0.640297 -4.476768
v -10.345444 0.734637 -4.476768
v -10.308685 0.734637 -3.667280
v -9.884796 0.640297 -4.497686
v -9.884796 0.734637 -4.497686
v -9.848038 0.640297 -3.688198
v -9.848038 0.734637 -3.688198
v -9.761391 0.484750 -4.503290
v -9.724632 0.484750 -3.693801
v -9.630386 0.484750 -3.698081
v -9.667145 0.484750 -4.507570
v -9.761391 0.566756 -4.503290
v -9.667145 0.566756 -4.507570
v -9.630386 0.566756 -3.698081
v -9.724632 0.566756 -3.693801
v -9.762604 0.617413 -3.692077
v -9.706558 0.693261 -3.694623
v -9.743317 0.693261 -4.504111
v -9.799362 0.617413 -4.501566
v -10.068932 0.449169 -4.133798
v -10.064400 0.449169 -4.033900
v -9.975616 0.449169 -3.987881
v -9.891380 0.449169 -4.041757
v -9.895912 0.449169 -4.141654
v -9.984695 0.449169 -4.187675
v -10.068932 0.827738 -4.133798
v -9.984695 0.827738 -4.187675
v -9.895912 0.827738 -4.141654
v -9.891380 0.827738 -4.041757
v -9.975616 0.827738 -3.987881
v -10.064400 0.827738 -4.033900
v -10.878273 0.640297 -4.452573
v -10.841515 0.640297 -3.643084
v -10.841515 0.734637 -3.643084
v -10.878273 0.734637 -4.452573
v -11.302162 0.640297 -3.622166
v -11.302162 0.734637 -3.622166
v -11.338921 0.640297 -4.431655
v -11.338921 0.734637 -4.431655
v -11.425568 0.484750 -3.616562
v -11.462326 0.484750 -4.426051
v -11.556572 0.484750 -4.421772
v -11.519814 0.484750 -3.612283
v -11.425568 0.566756 -3.616562
v -11.519814 0.566756 -3.612283
v -11.556572 0.566756 -4.421772
v -11.462326 0.566756 -4.426051
v -11.424355 0.617413 -4.427775
v -11.480400 0.693261 -4.425231
v -11.443642 0.693261 -3.615742
v -11.387596 0.617413 -3.618287
v -11.118027 0.449169 -3.986056
v -11.122559 0.449169 -4.085953
v -11.211342 0.449169 -4.131973
v -11.295578 0.449169 -4.078096
v -11.291046 0.449169 -3.978199
v -11.202263 0.449169 -3.932179
v -11.118027 0.827738 -3.986056
v -11.202263 0.827738 -3.932179
v -11.291046 0.827738 -3.978199
v -11.295578 0.827738 -4.078096
v -11.211342 0.827738 -4.131973
v -11.122559 0.827738 -4.085953
v -10.989769 0.640298 -11.625807
v -11.098335 0.640298 -12.428823
v -11.098335 0.734638 -12.428823
v -10.989769 0.734638 -11.625807
v -10.641373 0.640298 -12.490607
v -10.641373 0.734638 -12.490607
v -10.532799 0.640298 -11.687592
v -10.532799 0.734638 -11.687592
v -10.518951 0.484751 -12.507158
v -10.410385 0.484751 -11.704144
v -10.316887 0.484751 -11.716785
v -10.425461 0.484751 -12.519800
v -10.518951 0.566757 -12.507158
v -10.425461 0.566757 -12.519800
v -10.316887 0.566757 -11.716785
v -10.410385 0.566757 -11.704144
v -10.448051 0.617414 -11.699051
v -10.392456 0.693262 -11.706566
v -10.501030 0.693262 -12.509583
v -10.556625 0.617414 -12.502067
v -10.792435 0.449170 -12.111791
v -10.779037 0.449170 -12.012691
v -10.686516 0.449170 -11.974747
v -10.607407 0.449170 -12.035898
v -10.620804 0.449170 -12.134996
v -10.713326 0.449170 -12.172943
v -10.792435 0.827739 -12.111791
v -10.713326 0.827739 -12.172943
v -10.620804 0.827739 -12.134996
v -10.607407 0.827739 -12.035898
v -10.686516 0.827739 -11.974747
v -10.779037 0.827739 -12.012691
v -11.626907 0.640298 -12.357359
v -11.518341 0.640298 -11.554342
v -11.518341 0.734638 -11.554342
v -11.626907 0.734638 -12.357359
v -11.975304 0.640298 -11.492558
v -11.975304 0.734638 -11.492558
v -12.083878 0.640298 -12.295574
v -12.083878 0.734638 -12.295574
v -12.097725 0.484751 -11.476007
v -12.206291 0.484751 -12.279022
v -12.299789 0.484751 -12.266382
v -12.191216 0.484751 -11.463366
v -12.097725 0.566757 -11.476007
v -12.191216 0.566757 -11.463366
v -12.299789 0.566757 -12.266382
v -12.206291 0.566757 -12.279022
v -12.168617 0.617414 -12.284115
v -12.224220 0.693262 -12.276599
v -12.115646 0.693262 -11.473582
v -12.060059 0.617414 -11.481099
v -11.824242 0.449170 -11.871375
v -11.837639 0.449170 -11.970474
v -11.930161 0.449170 -12.008419
v -12.009270 0.449170 -11.947268
v -11.995880 0.449170 -11.848169
v -11.903358 0.449170 -11.810224
v -11.824242 0.827739 -11.871375
v -11.903358 0.827739 -11.810224
v -11.995880 0.827739 -11.848169
v -12.009270 0.827739 -11.947268
v -11.930161 0.827739 -12.008419
v -11.837639 0.827739 -11.970474
v -12.409775 0.640299 -19.645187
v -12.590675 0.640299 -20.435059
v -12.590675 0.734639 -20.435059
v -12.409775 0.734639 -19.645187
v -12.141190 0.640299 -20.538004
v -12.141190 0.734639 -20.538004
v -11.960281 0.640299 -19.748135
v -11.960281 0.734639 -19.748135
v -12.020767 0.484752 -20.565582
v -11.839874 0.484752 -19.775711
v -11.747902 0.484752 -19.796776
v -11.928818 0.484752 -20.586647
v -12.020767 0.566758 -20.565582
v -11.928818 0.566758 -20.586647
v -11.747902 0.566758 -19.796776
v -11.839874 0.566758 -19.775711
v -11.876930 0.617415 -19.767227
v -11.822243 0.693263 -19.779749
v -12.003143 0.693263 -20.569622
v -12.057831 0.617415 -20.557096
v -12.257301 0.449171 -20.147057
v -12.234970 0.449171 -20.049578
v -12.139397 0.449171 -20.020176
v -12.066154 0.449171 -20.088245
v -12.088470 0.449171 -20.185720
v -12.184059 0.449171 -20.215126
v -12.257301 0.827740 -20.147057
v -12.184059 0.827740 -20.215126
v -12.088470 0.827740 -20.185720
v -12.066154 0.827740 -20.088245
v -12.139397 0.827740 -20.020176
v -12.234970 0.827740 -20.049578
v -13.110596 0.640299 -20.315983
v -12.929695 0.640299 -19.526112
v -12.929695 0.734639 -19.526112
v -13.110596 0.734639 -20.315983
v -13.379181 0.640299 -19.423164
v -13.379181 0.734639 -19.423164
v -13.560081 0.640299 -20.213036
v -13.560081 0.734639 -20.213036
v -13.499596 0.484752 -19.395586
v -13.680489 0.484752 -20.185457
v -13.772461 0.484752 -20.164394
v -13.591553 0.484752 -19.374523
v -13.499596 0.566758 -19.395586
v -13.591553 0.566758 -19.374523
v -13.772461 0.566758 -20.164394
v -13.680489 0.566758 -20.185457
v -13.643440 0.617415 -20.193943
v -13.698135 0.693263 -20.181419
v -13.517220 0.693263 -19.391548
v -13.462540 0.617415 -19.404072
v -13.263069 0.449171 -19.814114
v -13.285393 0.449171 -19.911591
v -13.380974 0.449171 -19.940994
v -13.454208 0.449171 -19.872925
v -13.431900 0.449171 -19.775448
v -13.336319 0.449171 -19.746044
v -13.263069 0.827740 -19.814114
v -13.336319 0.827740 -19.746044
v -13.431900 0.827740 -19.775448
v -13.454208 0.827740 -19.872925
v -13.380974 0.827740 -19.940994
v -13.285393 0.827740 -19.911591
v -14.598885 0.640301 -27.651958
v -14.851974 0.640301 -28.421743
v -14.851974 0.734641 -28.421743
v -14.598885 0.734641 -27.651958
v -14.413925 0.640301 -28.565767
v -14.413925 0.734641 -28.565767
v -14.160828 0.640301 -27.795986
v -14.160828 0.734641 -27.795986
v -14.296562 0.484754 -28.604351
v -14.043480 0.484754 -27.834568
v -13.953842 0.484754 -27.864037
v -14.206955 0.484754 -28.633820
v -14.296562 0.566760 -28.604351
v -14.206955 0.566760 -28.633820
v -13.953842 0.566760 -27.864037
v -14.043480 0.566760 -27.834568
v -14.079597 0.617417 -27.822697
v -14.026299 0.693265 -27.840218
v -14.279381 0.693265 -28.610001
v -14.332687 0.617417 -28.592478
v -14.493423 0.449173 -28.165766
v -14.462181 0.449173 -28.070766
v -14.364304 0.449173 -28.050320
v -14.297661 0.449173 -28.124863
v -14.328888 0.449173 -28.219860
v -14.426788 0.449173 -28.240311
v -14.493423 0.827742 -28.165766
v -14.426788 0.827742 -28.240311
v -14.328888 0.827742 -28.219860
v -14.297661 0.827742 -28.124863
v -14.364304 0.827742 -28.050320
v -14.462181 0.827742 -28.070766
v -15.358681 0.640301 -28.255152
v -15.105591 0.640300 -27.485367
v -15.105591 0.734640 -27.485367
v -15.358681 0.734641 -28.255152
v -15.543640 0.640300 -27.341339
v -15.543640 0.734640 -27.341339
v -15.796730 0.640301 -28.111124
v -15.796730 0.734641 -28.111124
v -15.660995 0.484753 -27.302757
v -15.914070 0.484754 -28.072542
v -16.003708 0.484754 -28.043076
v -15.750610 0.484753 -27.273291
v -15.660995 0.566759 -27.302757
v -15.750610 0.566759 -27.273291
v -16.003708 0.566760 -28.043076
v -15.914070 0.566760 -28.072542
v -15.877968 0.617417 -28.084414
v -15.931267 0.693265 -28.066891
v -15.678169 0.693264 -27.297110
v -15.624878 0.617416 -27.314631
v -15.464134 0.449173 -27.741344
v -15.495377 0.449173 -27.836342
v -15.593262 0.449173 -27.856791
v -15.659889 0.449173 -27.782248
v -15.628677 0.449172 -27.687248
v -15.530785 0.449172 -27.666798
v -15.464134 0.827742 -27.741344
v -15.530785 0.827742 -27.666798
v -15.628677 0.827742 -27.687248
v -15.659889 0.827742 -27.782248
v -15.593262 0.827742 -27.856791
v -15.495377 0.827742 -27.836342
v -17.642380 0.640302 -35.709988
v -17.968086 0.640302 -36.451973
v -17.968086 0.734642 -36.451973
v -17.642380 0.734642 -35.709988
v -17.545853 0.640302 -36.637318
v -17.545853 0.734642 -36.637318
v -17.220139 0.640302 -35.895340
v -17.220139 0.734642 -35.895340
v -17.432732 0.484755 -36.686974
v -17.107033 0.484755 -35.944992
v -17.020630 0.484755 -35.982914
v -17.346359 0.484755 -36.724892
v -17.432732 0.566761 -36.686974
v -17.346359 0.566761 -36.724892
v -17.020630 0.566761 -35.982914
v -17.107033 0.566761 -35.944992
v -17.141846 0.617418 -35.929710
v -17.090469 0.693266 -35.952263
v -17.416168 0.693266 -36.694244
v -17.467552 0.617418 -36.671692
v -17.586647 0.449174 -36.231537
v -17.546440 0.449174 -36.139969
v -17.447060 0.449174 -36.128998
v -17.387863 0.449174 -36.209587
v -17.428047 0.449174 -36.301155
v -17.527458 0.449174 -36.312126
v -17.586647 0.827743 -36.231537
v -17.527458 0.827743 -36.312126
v -17.428047 0.827743 -36.301155
v -17.387863 0.827743 -36.209587
v -17.447060 0.827743 -36.128998
v -17.546440 0.827743 -36.139969
v -18.456490 0.640302 -36.237579
v -18.130783 0.640302 -35.495598
v -18.130783 0.734642 -35.495598
v -18.456490 0.734642 -36.237579
v -18.553009 0.640302 -35.310249
v -18.553009 0.734642 -35.310249
v -18.878716 0.640302 -36.052231
v -18.878716 0.734642 -36.052231
v -18.666130 0.484755 -35.260597
v -18.991821 0.484755 -36.002583
v -19.078224 0.484755 -35.964661
v -18.752510 0.484755 -35.222675
v -18.666130 0.566761 -35.260597
v -18.752510 0.566761 -35.222675
v -19.078224 0.566761 -35.964661
v -18.991821 0.566761 -36.002583
v -18.957024 0.617418 -36.017857
v -19.008400 0.693266 -35.995308
v -18.682678 0.693266 -35.253326
v -18.631310 0.617418 -35.275875
v -18.512207 0.449174 -35.716034
v -18.552414 0.449174 -35.807598
v -18.651810 0.449174 -35.818573
v -18.710983 0.449174 -35.737984
v -18.670807 0.449174 -35.646416
v -18.571411 0.449174 -35.635441
v -18.512207 0.827743 -35.716034
v -18.571411 0.827743 -35.635441
v -18.670807 0.827743 -35.646416
v -18.710983 0.827743 -35.737984
v -18.651810 0.827743 -35.818573
v -18.552414 0.827743 -35.807598
v -2.234654 0.640296 0.405161
v -2.234654 0.640296 -0.405161
v -2.234654 0.734636 -0.405161
v -2.234654 0.734636 0.405161
v -1.773540 0.640296 -0.405161
v -1.773540 0.734636 -0.405161
v -1.773540 0.640296 0.405161
v -1.773540 0.734636 0.405161
v -1.649999 0.484749 -0.405161
v -1.649999 0.484749 0.405161
v -1.555658 0.484749 0.405161
v -1.555658 0.484749 -0.405161
v -1.649999 0.566755 -0.405161
v -1.555658 0.566755 -0.405161
v -1.555658 0.566755 0.405161
v -1.649999 0.566755 0.405161
v -1.688008 0.617412 0.405161
v -1.631909 0.693260 0.405161
v -1.631909 0.693260 -0.405161
v -1.688008 0.617412 -0.405161
v -1.973993 0.449168 -0.050000
v -1.973993 0.449168 0.050000
v -1.887391 0.449168 0.100000
v -1.800788 0.449168 0.050000
v -1.800788 0.449168 -0.050000
v -1.887391 0.449168 -0.100000
v -1.973993 0.827737 -0.050000
v -1.887391 0.827737 -0.100000
v -1.800788 0.827737 -0.050000
v -1.800788 0.827737 0.050000
v -1.887391 0.827737 0.100000
v -1.973993 0.827737 0.050000
v -2.768038 0.640296 -0.405161
v -2.768038 0.640296 0.405161
v -2.768038 0.734636 0.405161
v -2.768038 0.734636 -0.405161
v -3.229153 0.640296 0.405161
v -3.229153 0.734636 0.405161
v -3.229153 0.640296 -0.405161
v -3.229153 0.734636 -0.405161
v -3.352694 0.484749 0.405161
v -3.352694 0.484749 -0.405161
v -3.447034 0.484749 -0.405161
v -3.447034 0.484749 0.405161
v -3.352694 0.566755 0.405161
v -3.447034 0.566755 0.405161
v -3.447034 0.566755 -0.405161
v -3.352694 0.566755 -0.405161
v -3.314684 0.617412 -0.405161
v -3.370783 0.693260 -0.405161
v -3.370783 0.693260 0.405161
v -3.314684 0.617412 0.405161
v -3.028699 0.449168 0.050000
v -3.028699 0.449168 -0.050000
v -3.115302 0.449168 -0.100000
v -3.201904 0.449168 -0.050000
v -3.201904 0.449168 0.050000
v -3.115302 0.449168 0.100000
v -3.028699 0.827737 0.050000
v -3.115302 0.827737 0.100000
v -3.201904 0.827737 0.050000
v -3.201904 0.827737 -0.050000
v -3.115302 0.827737 -0.100000
v -3.028699 0.827737 -0.050000
v -14.186050 0.733566 -47.278484
v -13.902489 0.587551 -47.410713
v -14.847069 0.587551 -46.970245
v -14.563484 0.733566 -47.102474
v -13.902489 0.500002 -47.410713
v -14.847069 0.500002 -46.970245
v -21.436501 0.733565 -43.897541
v -21.152939 0.587550 -44.029770
v -22.097519 0.587550 -43.589302
v -21.813950 0.733565 -43.721535
v -21.152939 0.500001 -44.029770
v -22.097519 0.500001 -43.589302
v -14.186050 1.388510 -47.278484
v -14.156219 1.447891 -47.292389
v -13.980995 1.511429 -47.374107
v -13.949326 1.600826 -47.388866
v -13.949326 1.899786 -47.388866
v -13.979599 1.955688 -47.374756
v -14.105309 2.000002 -47.316132
v -14.644226 2.000002 -47.064831
v -14.769943 1.955688 -47.006210
v -14.800201 1.899786 -46.992096
v -14.800201 1.600826 -46.992092
v -14.768524 1.511429 -47.006859
v -14.593300 1.447891 -47.088577
v -14.563484 1.388510 -47.102470
v -21.436501 1.388509 -43.897541
v -21.406685 1.447890 -43.911442
v -21.231453 1.511428 -43.993156
v -21.199783 1.600825 -44.007919
v -21.199783 1.899785 -44.007919
v -21.230072 1.955687 -43.993805
v -21.355774 2.000001 -43.935188
v -21.894676 2.000001 -43.683884
v -22.020386 1.955687 -43.625267
v -22.050659 1.899785 -43.611153
v -22.050659 1.600825 -43.611149
v -22.018997 1.511428 -43.625916
v -21.843773 1.447890 -43.707623
v -21.813950 1.388509 -43.721531
v -10.708235 1.388514 -39.511520
v -10.934476 1.511435 -40.648384
v -10.741135 1.447895 -39.676872
v -10.969422 1.899792 -40.823971
v -10.969422 1.600831 -40.823971
v -10.030577 1.899791 -38.557396
v -10.063983 1.955692 -38.550850
v -10.797318 2.000006 -39.959160
v -10.936016 1.955693 -40.656124
v -10.372940 1.600825 -7.841352
v -10.407745 1.511429 -7.838307
v -10.600357 1.447890 -7.821457
v -11.397415 1.600827 -15.623028
v -11.431824 1.511431 -15.616961
v -11.136757 2.000001 -7.774528
v -10.544388 2.000001 -7.826354
v -11.308205 1.899786 -7.759528
v -11.274933 1.955687 -7.762438
v -10.406212 1.955687 -7.838441
v -10.372940 1.899786 -7.841352
v -11.308205 1.600825 -7.759523
v -11.048019 1.388509 -7.782288
v -11.080788 1.447890 -7.779421
v -10.633125 1.388509 -7.818590
v -11.273399 1.511429 -7.762569
v -12.152504 2.000003 -15.489885
v -11.566902 2.000003 -15.593142
v -12.321983 1.899788 -15.459999
v -12.289101 1.955688 -15.465799
v -11.430305 1.955688 -15.617228
v -11.397415 1.899788 -15.623028
v -12.321983 1.600827 -15.459995
v -12.064774 1.388510 -15.505350
v -12.097176 1.447891 -15.499638
v -11.622231 1.447891 -15.583385
v -11.654625 1.388510 -15.577674
v -12.287582 1.511431 -15.466063
v -13.262444 2.000004 -23.241257
v -13.836815 2.000004 -23.087355
v -16.176880 2.000005 -30.509117
v -15.618118 2.000005 -30.712492
v -14.003052 1.899789 -23.042812
v -13.970795 1.955690 -23.051456
v -13.128471 1.955690 -23.277157
v -13.096207 1.899789 -23.285801
v -14.003052 1.600828 -23.042809
v -13.096207 1.600828 -23.285801
v -13.750771 1.388512 -23.110409
v -13.782555 1.447893 -23.101892
v -13.316719 1.447893 -23.226715
v -13.348488 1.388512 -23.218203
v -13.969307 1.511432 -23.051851
v -13.129959 1.511432 -23.276758
v -16.338608 1.899790 -30.450254
v -16.307220 1.955691 -30.461678
v -15.487785 1.955691 -30.759933
v -15.456390 1.899790 -30.771355
v -16.338608 1.600829 -30.450251
v -15.456390 1.600829 -30.771355
v -16.093178 1.388513 -30.539581
v -16.124100 1.447894 -30.528328
v -15.670914 1.447894 -30.693275
v -15.701820 1.388513 -30.682026
v -16.305779 1.511433 -30.462200
v -15.489227 1.511433 -30.759405
v -19.310875 1.899791 -37.625954
v -19.280602 1.955692 -37.640068
v -18.490288 1.955692 -38.008606
v -18.459999 1.899791 -38.022720
v -19.154892 2.000006 -37.698685
v -19.310875 1.600830 -37.625950
v -18.459999 1.600830 -38.022720
v -18.615990 2.000006 -37.949989
v -19.074165 1.388514 -37.736332
v -19.103989 1.447895 -37.722424
v -18.666901 1.447895 -37.926243
v -18.696716 1.388514 -37.912342
v -19.279213 1.511434 -37.640717
v -18.491669 1.511434 -38.007957
v -12.060417 1.899792 -41.006897
v -12.030159 1.955693 -41.021011
v -10.936016 1.955692 -38.379524
v -10.969422 1.899791 -38.373009
v -11.416435 1.447896 -41.307190
v -11.446266 1.388515 -41.293285
v -11.823700 1.388515 -41.117271
v -11.853516 1.447896 -41.103378
v -10.741135 1.447895 -38.417858
v -10.708235 1.388514 -38.424301
v -11.209541 1.600831 -41.403667
v -11.241211 1.511435 -41.388908
v -11.365524 2.000007 -41.330933
v -11.239815 1.955693 -41.389557
v -12.028740 1.511435 -41.021660
v -12.060417 1.600831 -41.006893
v -10.969422 1.600830 -38.373005
v -10.934476 1.511434 -38.379875
v -11.209541 1.899792 -41.403667
v -11.904442 2.000007 -41.079632
v -10.797318 2.000006 -38.406799
v -10.291765 1.388514 -37.418854
v -10.291765 1.388514 -38.506073
v -10.258864 1.447895 -37.253559
v -10.065524 1.511434 -36.282040
v -10.065524 1.511434 -38.550552
v -10.258864 1.447895 -38.512573
v -10.202682 2.000006 -36.971222
v -10.063983 1.955692 -36.274254
v -10.030578 1.600830 -36.106438
v -10.202682 2.000006 -38.523582
v -10.030577 1.600830 -38.557396
v -10.030577 1.899791 -36.106438
vt 0.1521 0.7148
vt 0.1517 0.7148
vt 0.1517 0.7346
vt 0.1521 0.7346
vt 0.1462 0.7342
vt 0.1462 0.7149
vt 0.1462 0.7149
vt 0.1462 0.7342
vt 0.1062 0.6702
vt 0.1064 0.6702
vt 0.1064 0.6702
vt 0.1064 0.6702
vt 0.1064 0.6701
vt 0.1064 0.6701
vt 0.1064 0.6700
vt 0.1064 0.6700
vt 0.1064 0.6700
vt 0.1064 0.6700
vt 0.1064 0.6699
vt 0.1063 0.6699
vt 0.1062 0.6700
vt 0.1062 0.6700
vt 0.1062 0.6700
vt 0.1062 0.6700
vt 0.1063 0.6701
vt 0.1063 0.6701
vt 0.1063 0.6702
vt 0.1062 0.6702
vt 0.1462 0.7340
vt 0.1462 0.7149
vt 0.1462 0.7149
vt 0.1462 0.7340
vt 0.1450 0.7346
vt 0.1450 0.7149
vt 0.1449 0.7149
vt 0.1449 0.7346
vt 0.1062 0.6702
vt 0.1062 0.6702
vt 0.1061 0.6702
vt 0.1061 0.6701
vt 0.1061 0.6701
vt 0.1062 0.6700
vt 0.1062 0.6700
vt 0.1062 0.6700
vt 0.1062 0.6700
vt 0.1062 0.6699
vt 0.1060 0.6699
vt 0.1060 0.6700
vt 0.1060 0.6700
vt 0.1060 0.6700
vt 0.1060 0.6700
vt 0.1061 0.6701
vt 0.1061 0.6701
vt 0.1061 0.6702
vt 0.1060 0.6702
vt 0.1060 0.6702
vt 0.1450 0.7149
vt 0.1450 0.7346
vt 0.1451 0.7346
vt 0.1451 0.7149
vt 0.1463 0.7217
vt 0.1463 0.7149
vt 0.1462 0.7149
vt 0.1462 0.7217
vt 0.1060 0.6702
vt 0.1060 0.6702
vt 0.1059 0.6702
vt 0.1059 0.6701
vt 0.1059 0.6701
vt 0.1060 0.6700
vt 0.1060 0.6700
vt 0.1060 0.6700
vt 0.1060 0.6700
vt 0.1060 0.6699
vt 0.1058 0.6699
vt 0.1058 0.6700
vt 0.1058 0.6700
vt 0.1058 0.6700
vt 0.1058 0.6700
vt 0.1058 0.6701
vt 0.1058 0.6701
vt 0.1058 0.6702
vt 0.1058 0.6702
vt 0.1058 0.6702
vt 0.1523 0.7211
vt 0.1563 0.7152
vt 0.1565 0.7148
vt 0.1522 0.7210
vt 0.0886 0.8489
vt 0.0879 0.8489
vt 0.0879 0.8560
vt 0.0886 0.8560
vt 0.0853 0.8634
vt 0.0846 0.8631
vt 0.0837 0.8671
vt 0.0844 0.8673
vt 0.0797 0.8653
vt 0.0791 0.8656
vt 0.0799 0.8695
vt 0.0806 0.8693
vt 0.0879 0.8560
vt 0.0872 0.8560
vt 0.0872 0.8631
vt 0.0879 0.8631
vt 0.0847 0.8685
vt 0.0845 0.8693
vt 0.0851 0.8695
vt 0.0853 0.8687
vt 0.0798 0.8633
vt 0.0800 0.8641
vt 0.0806 0.8639
vt 0.0804 0.8631
vt 0.0797 0.8646
vt 0.0791 0.8643
vt 0.0838 0.8684
vt 0.0844 0.8680
vt 0.1143 0.8696
vt 0.1162 0.8708
vt 0.1181 0.8696
vt 0.1181 0.8674
vt 0.1162 0.8663
vt 0.1143 0.8674
vt 0.1205 0.8549
vt 0.1185 0.8538
vt 0.1166 0.8549
vt 0.1166 0.8571
vt 0.1185 0.8583
vt 0.1205 0.8571
vt 0.1122 0.8663
vt 0.1133 0.8663
vt 0.1133 0.8578
vt 0.1122 0.8578
vt 0.1045 0.8663
vt 0.1067 0.8663
vt 0.1067 0.8578
vt 0.1045 0.8578
vt 0.1155 0.8663
vt 0.1166 0.8663
vt 0.1166 0.8578
vt 0.1155 0.8578
vt 0.1078 0.8663
vt 0.1078 0.8578
vt 0.1034 0.8663
vt 0.1034 0.8578
vt 0.0886 0.8560
vt 0.0879 0.8560
vt 0.0879 0.8631
vt 0.0886 0.8631
vt 0.0837 0.8634
vt 0.0830 0.8631
vt 0.0822 0.8671
vt 0.0828 0.8673
vt 0.0856 0.8582
vt 0.0849 0.8584
vt 0.0858 0.8623
vt 0.0865 0.8621
vt 0.0865 0.8631
vt 0.0872 0.8631
vt 0.0872 0.8560
vt 0.0865 0.8560
vt 0.0831 0.8685
vt 0.0830 0.8693
vt 0.0835 0.8695
vt 0.0837 0.8687
vt 0.0857 0.8562
vt 0.0859 0.8570
vt 0.0865 0.8568
vt 0.0863 0.8560
vt 0.0856 0.8574
vt 0.0850 0.8571
vt 0.0822 0.8684
vt 0.0828 0.8680
vt 0.1009 0.8708
vt 0.1028 0.8696
vt 0.1028 0.8674
vt 0.1009 0.8663
vt 0.0990 0.8674
vt 0.0990 0.8696
vt 0.1047 0.8708
vt 0.1066 0.8696
vt 0.1066 0.8674
vt 0.1047 0.8663
vt 0.1028 0.8674
vt 0.1028 0.8696
vt 0.1078 0.8663
vt 0.1089 0.8663
vt 0.1089 0.8578
vt 0.1078 0.8578
vt 0.1045 0.8578
vt 0.1067 0.8578
vt 0.1067 0.8493
vt 0.1045 0.8493
vt 0.1111 0.8663
vt 0.1122 0.8663
vt 0.1122 0.8578
vt 0.1111 0.8578
vt 0.1078 0.8578
vt 0.1078 0.8493
vt 0.1034 0.8578
vt 0.1034 0.8493
vt 0.1001 0.8578
vt 0.1001 0.8493
vt 0.0990 0.8493
vt 0.0990 0.8578
vt 0.0798 0.8633
vt 0.0800 0.8641
vt 0.0806 0.8639
vt 0.0804 0.8631
vt 0.0797 0.8653
vt 0.0791 0.8656
vt 0.0799 0.8695
vt 0.0806 0.8693
vt 0.1034 0.8578
vt 0.1034 0.8493
vt 0.1023 0.8493
vt 0.1023 0.8578
vt 0.0886 0.8489
vt 0.0879 0.8489
vt 0.0879 0.8560
vt 0.0886 0.8560
vt 0.0847 0.8685
vt 0.0845 0.8693
vt 0.0851 0.8695
vt 0.0853 0.8687
vt 0.0879 0.8560
vt 0.0872 0.8560
vt 0.0872 0.8631
vt 0.0879 0.8631
vt 0.0766 0.8673
vt 0.0759 0.8671
vt 0.0760 0.8684
vt 0.0766 0.8680
vt 0.0759 0.8693
vt 0.0751 0.8653
vt 0.0744 0.8656
vt 0.0753 0.8695
vt 0.0892 0.8703
vt 0.0892 0.8631
vt 0.0886 0.8631
vt 0.0886 0.8703
vt 0.1122 0.8578
vt 0.1122 0.8493
vt 0.1111 0.8493
vt 0.1111 0.8578
vt 0.1089 0.8493
vt 0.1089 0.8578
vt 0.1078 0.8493
vt 0.1078 0.8578
vt 0.0853 0.8634
vt 0.0846 0.8631
vt 0.0837 0.8671
vt 0.0844 0.8673
vt 0.0806 0.8643
vt 0.0813 0.8646
vt 0.0816 0.8641
vt 0.0814 0.8633
vt 0.0759 0.8693
vt 0.0751 0.8653
vt 0.0744 0.8656
vt 0.0753 0.8695
vt 0.0767 0.8693
vt 0.0769 0.8685
vt 0.1085 0.8663
vt 0.1066 0.8674
vt 0.1066 0.8696
vt 0.1085 0.8708
vt 0.1104 0.8696
vt 0.1104 0.8674
vt 0.0822 0.8639
vt 0.0820 0.8631
vt 0.0879 0.8703
vt 0.0879 0.8631
vt 0.0872 0.8631
vt 0.0872 0.8703
vt 0.0892 0.8703
vt 0.0892 0.8631
vt 0.0886 0.8631
vt 0.0886 0.8703
vt 0.1124 0.8663
vt 0.1104 0.8674
vt 0.1104 0.8696
vt 0.1124 0.8708
vt 0.1143 0.8696
vt 0.1143 0.8674
vt 0.1001 0.8663
vt 0.1001 0.8578
vt 0.0990 0.8578
vt 0.0990 0.8663
vt 0.0806 0.8656
vt 0.0813 0.8653
vt 0.1001 0.8578
vt 0.1001 0.8493
vt 0.0990 0.8493
vt 0.0990 0.8578
vt 0.1001 0.8578
vt 0.1001 0.8493
vt 0.0990 0.8493
vt 0.0990 0.8578
vt 0.1023 0.8663
vt 0.1023 0.8578
vt 0.1133 0.8578
vt 0.1133 0.8493
vt 0.1122 0.8493
vt 0.1122 0.8578
vt 0.1155 0.8578
vt 0.1155 0.8493
vt 0.0773 0.8695
vt 0.0775 0.8687
vt 0.1089 0.8663
vt 0.1111 0.8663
vt 0.1111 0.8578
vt 0.1089 0.8578
vt 0.0822 0.8693
vt 0.0815 0.8695
vt 0.1205 0.8504
vt 0.1185 0.8493
vt 0.1166 0.8504
vt 0.1166 0.8527
vt 0.1185 0.8538
vt 0.1205 0.8527
vt 0.1045 0.8578
vt 0.1067 0.8578
vt 0.1067 0.8493
vt 0.1045 0.8493
vt 0.0886 0.8703
vt 0.0886 0.8631
vt 0.0879 0.8631
vt 0.0879 0.8703
vt 0.0775 0.8634
vt 0.0768 0.8631
vt 0.0751 0.8646
vt 0.0744 0.8643
vt 0.1034 0.8663
vt 0.1034 0.8578
vt 0.1166 0.8616
vt 0.1185 0.8628
vt 0.1205 0.8616
vt 0.1205 0.8594
vt 0.1185 0.8583
vt 0.1166 0.8594
vt 0.0822 0.8671
vt 0.0822 0.8684
vt 0.0828 0.8680
vt 0.0828 0.8673
vt 0.0892 0.8703
vt 0.0892 0.8631
vt 0.0886 0.8631
vt 0.0886 0.8703
vt 0.1166 0.8578
vt 0.1166 0.8493
vt 0.0830 0.8693
vt 0.0831 0.8685
vt 0.1009 0.8708
vt 0.1028 0.8696
vt 0.1028 0.8674
vt 0.1009 0.8663
vt 0.0990 0.8674
vt 0.0990 0.8696
vt 0.1078 0.8578
vt 0.1078 0.8493
vt 0.1034 0.8578
vt 0.1034 0.8493
vt 0.1078 0.8663
vt 0.1078 0.8578
vt 0.0759 0.8693
vt 0.0751 0.8653
vt 0.0744 0.8656
vt 0.0753 0.8695
vt 0.1047 0.8708
vt 0.1066 0.8696
vt 0.1066 0.8674
vt 0.1047 0.8663
vt 0.1028 0.8674
vt 0.1028 0.8696
vt 0.0865 0.8631
vt 0.0872 0.8631
vt 0.0872 0.8560
vt 0.0865 0.8560
vt 0.0835 0.8695
vt 0.0837 0.8687
vt 0.1122 0.8663
vt 0.1122 0.8578
vt 0.0782 0.8673
vt 0.0775 0.8671
vt 0.0775 0.8684
vt 0.0782 0.8680
vt 0.1067 0.8663
vt 0.1078 0.8663
vt 0.1078 0.8578
vt 0.1067 0.8578
vt 0.0783 0.8693
vt 0.0789 0.8695
vt 0.0791 0.8687
vt 0.0785 0.8685
vt 0.0857 0.8562
vt 0.0859 0.8570
vt 0.0865 0.8568
vt 0.0863 0.8560
vt 0.0856 0.8582
vt 0.0856 0.8574
vt 0.0850 0.8571
vt 0.0849 0.8584
vt 0.0754 0.8641
vt 0.0752 0.8633
vt 0.1133 0.8663
vt 0.1155 0.8663
vt 0.1155 0.8578
vt 0.1133 0.8578
vt 0.1122 0.8663
vt 0.1122 0.8578
vt 0.0838 0.8684
vt 0.0844 0.8680
vt 0.1205 0.8549
vt 0.1185 0.8538
vt 0.1166 0.8549
vt 0.1166 0.8571
vt 0.1185 0.8583
vt 0.1205 0.8571
vt 0.0872 0.8489
vt 0.0872 0.8560
vt 0.0879 0.8560
vt 0.0879 0.8489
vt 0.0837 0.8634
vt 0.0830 0.8631
vt 0.0759 0.8639
vt 0.0758 0.8631
vt 0.1034 0.8663
vt 0.1045 0.8663
vt 0.1045 0.8578
vt 0.1034 0.8578
vt 0.0797 0.8646
vt 0.0791 0.8643
vt 0.0791 0.8634
vt 0.0784 0.8631
vt 0.0782 0.8673
vt 0.0791 0.8634
vt 0.0784 0.8631
vt 0.0775 0.8671
vt 0.0886 0.8560
vt 0.0879 0.8560
vt 0.0879 0.8631
vt 0.0886 0.8631
vt 0.0858 0.8623
vt 0.0865 0.8621
vt 0.1166 0.8663
vt 0.1166 0.8578
vt 0.1155 0.8663
vt 0.1166 0.8663
vt 0.1166 0.8578
vt 0.1155 0.8578
vt 0.1143 0.8696
vt 0.1162 0.8708
vt 0.1181 0.8696
vt 0.1181 0.8674
vt 0.1162 0.8663
vt 0.1143 0.8674
vt 0.0782 0.8673
vt 0.0791 0.8634
vt 0.0784 0.8631
vt 0.0775 0.8671
vt 0.0797 0.8653
vt 0.0797 0.8646
vt 0.0791 0.8643
vt 0.0791 0.8656
vt 0.1143 0.8696
vt 0.1162 0.8708
vt 0.1181 0.8696
vt 0.1181 0.8674
vt 0.1162 0.8663
vt 0.1143 0.8674
vt 0.0838 0.8684
vt 0.0845 0.8693
vt 0.0847 0.8685
vt 0.0844 0.8680
vt 0.0800 0.8641
vt 0.0798 0.8633
vt 0.0872 0.8489
vt 0.0872 0.8560
vt 0.0879 0.8560
vt 0.0879 0.8489
vt 0.0856 0.8582
vt 0.0849 0.8584
vt 0.0858 0.8623
vt 0.0865 0.8621
vt 0.0856 0.8574
vt 0.0859 0.8570
vt 0.0857 0.8562
vt 0.0850 0.8571
vt 0.1034 0.8663
vt 0.1045 0.8663
vt 0.1045 0.8578
vt 0.1034 0.8578
vt 0.1067 0.8663
vt 0.1067 0.8578
vt 0.0886 0.8560
vt 0.0879 0.8560
vt 0.0879 0.8631
vt 0.0886 0.8631
vt 0.0872 0.8489
vt 0.0872 0.8560
vt 0.0879 0.8560
vt 0.0879 0.8489
vt 0.0837 0.8671
vt 0.0844 0.8673
vt 0.0837 0.8634
vt 0.0830 0.8631
vt 0.0822 0.8671
vt 0.0828 0.8673
vt 0.1205 0.8549
vt 0.1185 0.8538
vt 0.1166 0.8549
vt 0.1166 0.8571
vt 0.1185 0.8583
vt 0.1205 0.8571
vt 0.1122 0.8663
vt 0.1133 0.8663
vt 0.1133 0.8578
vt 0.1122 0.8578
vt 0.0754 0.8641
vt 0.0759 0.8639
vt 0.0758 0.8631
vt 0.0752 0.8633
vt 0.0865 0.8568
vt 0.0863 0.8560
vt 0.0783 0.8693
vt 0.0789 0.8695
vt 0.0791 0.8687
vt 0.0785 0.8685
vt 0.0782 0.8680
vt 0.0775 0.8684
vt 0.0744 0.8643
vt 0.0751 0.8646
vt 0.1078 0.8663
vt 0.1078 0.8578
vt 0.0831 0.8685
vt 0.0830 0.8693
vt 0.0835 0.8695
vt 0.0837 0.8687
vt 0.1111 0.8663
vt 0.1122 0.8663
vt 0.1122 0.8578
vt 0.1111 0.8578
vt 0.0865 0.8631
vt 0.0872 0.8631
vt 0.0872 0.8560
vt 0.0865 0.8560
vt 0.1047 0.8708
vt 0.1066 0.8696
vt 0.1066 0.8674
vt 0.1047 0.8663
vt 0.1028 0.8674
vt 0.1028 0.8696
vt 0.0822 0.8684
vt 0.0828 0.8680
vt 0.0754 0.8641
vt 0.0759 0.8639
vt 0.0758 0.8631
vt 0.0752 0.8633
vt 0.1009 0.8708
vt 0.1028 0.8696
vt 0.1028 0.8674
vt 0.1009 0.8663
vt 0.0990 0.8674
vt 0.0990 0.8696
vt 0.1166 0.8578
vt 0.1166 0.8493
vt 0.1155 0.8493
vt 0.1155 0.8578
vt 0.1067 0.8578
vt 0.1078 0.8578
vt 0.1078 0.8493
vt 0.1067 0.8493
vt 0.1078 0.8663
vt 0.1089 0.8663
vt 0.1089 0.8578
vt 0.1078 0.8578
vt 0.1034 0.8663
vt 0.1034 0.8578
vt 0.1023 0.8578
vt 0.1023 0.8663
vt 0.1166 0.8616
vt 0.1185 0.8628
vt 0.1205 0.8616
vt 0.1205 0.8594
vt 0.1185 0.8583
vt 0.1166 0.8594
vt 0.1034 0.8578
vt 0.1045 0.8578
vt 0.1045 0.8493
vt 0.1034 0.8493
vt 0.0766 0.8673
vt 0.0775 0.8634
vt 0.0768 0.8631
vt 0.0759 0.8671
vt 0.0886 0.8703
vt 0.0886 0.8631
vt 0.0879 0.8631
vt 0.0879 0.8703
vt 0.1205 0.8504
vt 0.1185 0.8493
vt 0.1166 0.8504
vt 0.1166 0.8527
vt 0.1185 0.8538
vt 0.1205 0.8527
vt 0.0822 0.8693
vt 0.0813 0.8653
vt 0.0806 0.8656
vt 0.0815 0.8695
vt 0.0744 0.8656
vt 0.0751 0.8653
vt 0.1001 0.8578
vt 0.1001 0.8663
vt 0.1133 0.8578
vt 0.1133 0.8493
vt 0.1122 0.8493
vt 0.1122 0.8578
vt 0.1023 0.8578
vt 0.1023 0.8493
vt 0.1001 0.8493
vt 0.1001 0.8578
vt 0.0767 0.8693
vt 0.0773 0.8695
vt 0.0775 0.8687
vt 0.0769 0.8685
vt 0.1124 0.8663
vt 0.1104 0.8674
vt 0.1104 0.8696
vt 0.1124 0.8708
vt 0.1143 0.8696
vt 0.1143 0.8674
vt 0.0783 0.8693
vt 0.0789 0.8695
vt 0.0791 0.8687
vt 0.0785 0.8685
vt 0.0879 0.8703
vt 0.0879 0.8631
vt 0.0872 0.8631
vt 0.0872 0.8703
vt 0.0990 0.8578
vt 0.0990 0.8663
vt 0.0813 0.8646
vt 0.0806 0.8643
vt 0.0766 0.8680
vt 0.0760 0.8684
vt 0.1085 0.8663
vt 0.1066 0.8674
vt 0.1066 0.8696
vt 0.1085 0.8708
vt 0.1104 0.8696
vt 0.1104 0.8674
vt 0.0816 0.8641
vt 0.0814 0.8633
vt 0.0782 0.8680
vt 0.0775 0.8684
vt 0.0822 0.8639
vt 0.0820 0.8631
vt 0.1111 0.8578
vt 0.1111 0.8493
vt 0.1089 0.8493
vt 0.1089 0.8578
vt 0.0892 0.8703
vt 0.0892 0.8631
vt 0.0886 0.8631
vt 0.0886 0.8703
vt 0.1078 0.8493
vt 0.1078 0.8578
vt 0.1122 0.8578
vt 0.1122 0.8493
vt 0.0759 0.8693
vt 0.0753 0.8695
vt 0.0853 0.8634
vt 0.0846 0.8631
vt 0.0799 0.8695
vt 0.0806 0.8693
vt 0.1034 0.8578
vt 0.1034 0.8493
vt 0.0886 0.8489
vt 0.0879 0.8489
vt 0.0879 0.8560
vt 0.0886 0.8560
vt 0.0806 0.8639
vt 0.0804 0.8631
vt 0.0879 0.8560
vt 0.0872 0.8560
vt 0.0872 0.8631
vt 0.0879 0.8631
vt 0.0744 0.8643
vt 0.0751 0.8646
vt 0.0990 0.8493
vt 0.0990 0.8578
vt 0.0851 0.8695
vt 0.0853 0.8687
vt 0.0879 0.8560
vt 0.0872 0.8560
vt 0.0872 0.8631
vt 0.0879 0.8631
vt 0.0847 0.8685
vt 0.0845 0.8693
vt 0.0851 0.8695
vt 0.0853 0.8687
vt 0.0886 0.8489
vt 0.0879 0.8489
vt 0.0879 0.8560
vt 0.0886 0.8560
vt 0.0798 0.8633
vt 0.0800 0.8641
vt 0.0806 0.8639
vt 0.0804 0.8631
vt 0.1001 0.8578
vt 0.1001 0.8493
vt 0.0990 0.8493
vt 0.0990 0.8578
vt 0.0853 0.8634
vt 0.0846 0.8631
vt 0.0837 0.8671
vt 0.0844 0.8673
vt 0.0759 0.8693
vt 0.0751 0.8653
vt 0.0744 0.8656
vt 0.0753 0.8695
vt 0.0797 0.8653
vt 0.0791 0.8656
vt 0.0799 0.8695
vt 0.0806 0.8693
vt 0.0766 0.8673
vt 0.0759 0.8671
vt 0.0760 0.8684
vt 0.0766 0.8680
vt 0.1122 0.8578
vt 0.1122 0.8493
vt 0.1111 0.8493
vt 0.1111 0.8578
vt 0.1089 0.8578
vt 0.1089 0.8493
vt 0.1078 0.8493
vt 0.1078 0.8578
vt 0.1034 0.8578
vt 0.1034 0.8493
vt 0.1023 0.8493
vt 0.1023 0.8578
vt 0.0892 0.8703
vt 0.0892 0.8631
vt 0.0886 0.8631
vt 0.0886 0.8703
vt 0.1085 0.8663
vt 0.1066 0.8674
vt 0.1066 0.8696
vt 0.1085 0.8708
vt 0.1104 0.8696
vt 0.1104 0.8674
vt 0.0816 0.8641
vt 0.0822 0.8639
vt 0.0820 0.8631
vt 0.0814 0.8633
vt 0.0806 0.8643
vt 0.0813 0.8646
vt 0.0767 0.8693
vt 0.0769 0.8685
vt 0.0806 0.8656
vt 0.0813 0.8653
vt 0.1155 0.8578
vt 0.1155 0.8493
vt 0.1133 0.8493
vt 0.1133 0.8578
vt 0.0773 0.8695
vt 0.0775 0.8687
vt 0.1124 0.8663
vt 0.1104 0.8674
vt 0.1104 0.8696
vt 0.1124 0.8708
vt 0.1143 0.8696
vt 0.1143 0.8674
vt 0.1023 0.8663
vt 0.1023 0.8578
vt 0.1001 0.8578
vt 0.1001 0.8663
vt 0.1122 0.8493
vt 0.1122 0.8578
vt 0.0879 0.8703
vt 0.0879 0.8631
vt 0.0872 0.8631
vt 0.0872 0.8703
vt 0.1089 0.8663
vt 0.1111 0.8663
vt 0.1111 0.8578
vt 0.1089 0.8578
vt 0.0990 0.8578
vt 0.0990 0.8663
vt 0.0822 0.8693
vt 0.0815 0.8695
vt 0.0886 0.8703
vt 0.0886 0.8631
vt 0.0879 0.8631
vt 0.0879 0.8703
vt 0.0751 0.8646
vt 0.0744 0.8643
vt 0.1205 0.8504
vt 0.1185 0.8493
vt 0.1166 0.8504
vt 0.1166 0.8527
vt 0.1185 0.8538
vt 0.1205 0.8527
vt 0.0775 0.8634
vt 0.0768 0.8631
vt 0.1205 0.8504
vt 0.1185 0.8493
vt 0.1166 0.8504
vt 0.1166 0.8527
vt 0.1185 0.8538
vt 0.1205 0.8527
vt 0.1166 0.8616
vt 0.1185 0.8628
vt 0.1205 0.8616
vt 0.1205 0.8594
vt 0.1185 0.8583
vt 0.1166 0.8594
vt 0.1023 0.8663
vt 0.1023 0.8578
vt 0.1001 0.8578
vt 0.1001 0.8663
vt 0.1133 0.8578
vt 0.1133 0.8493
vt 0.1122 0.8493
vt 0.1122 0.8578
vt 0.1045 0.8578
vt 0.1067 0.8578
vt 0.1067 0.8493
vt 0.1045 0.8493
vt 0.1078 0.8663
vt 0.1078 0.8578
vt 0.1034 0.8663
vt 0.1034 0.8578
vt 0.1166 0.8578
vt 0.1166 0.8493
vt 0.1166 0.8616
vt 0.1185 0.8628
vt 0.1205 0.8616
vt 0.1205 0.8594
vt 0.1185 0.8583
vt 0.1166 0.8594
vt 0.1166 0.8578
vt 0.1166 0.8493
vt 0.1155 0.8493
vt 0.1155 0.8578
vt 0.1078 0.8578
vt 0.1078 0.8493
vt 0.0822 0.8684
vt 0.0830 0.8693
vt 0.0831 0.8685
vt 0.0828 0.8680
vt 0.0822 0.8671
vt 0.0828 0.8673
vt 0.1009 0.8708
vt 0.1028 0.8696
vt 0.1028 0.8674
vt 0.1009 0.8663
vt 0.0990 0.8674
vt 0.0990 0.8696
vt 0.1034 0.8578
vt 0.1034 0.8493
vt 0.1047 0.8708
vt 0.1066 0.8696
vt 0.1066 0.8674
vt 0.1047 0.8663
vt 0.1028 0.8674
vt 0.1028 0.8696
vt 0.1122 0.8663
vt 0.1122 0.8578
vt 0.0990 0.8578
vt 0.0990 0.8663
vt 0.0865 0.8631
vt 0.0872 0.8631
vt 0.0872 0.8560
vt 0.0865 0.8560
vt 0.0835 0.8695
vt 0.0837 0.8687
vt 0.0886 0.8703
vt 0.0886 0.8631
vt 0.0879 0.8631
vt 0.0879 0.8703
vt 0.0754 0.8641
vt 0.0752 0.8633
vt 0.1034 0.8663
vt 0.1034 0.8578
vt 0.0856 0.8582
vt 0.0856 0.8574
vt 0.0850 0.8571
vt 0.0849 0.8584
vt 0.0782 0.8673
vt 0.0775 0.8671
vt 0.0775 0.8684
vt 0.0782 0.8680
vt 0.0822 0.8693
vt 0.0813 0.8653
vt 0.0806 0.8656
vt 0.0815 0.8695
vt 0.0783 0.8693
vt 0.0785 0.8685
vt 0.0857 0.8562
vt 0.0859 0.8570
vt 0.0865 0.8568
vt 0.0863 0.8560
vt 0.1133 0.8663
vt 0.1155 0.8663
vt 0.1155 0.8578
vt 0.1133 0.8578
vt 0.0789 0.8695
vt 0.0791 0.8687
vt 0.1067 0.8663
vt 0.1078 0.8663
vt 0.1078 0.8578
vt 0.1067 0.8578
vt 0.1122 0.8663
vt 0.1122 0.8578
vt 0.0837 0.8634
vt 0.0830 0.8631
vt 0.0879 0.8703
vt 0.0879 0.8631
vt 0.0872 0.8631
vt 0.0872 0.8703
vt 0.1205 0.8549
vt 0.1185 0.8538
vt 0.1166 0.8549
vt 0.1166 0.8571
vt 0.1185 0.8583
vt 0.1205 0.8571
vt 0.0838 0.8684
vt 0.0844 0.8680
vt 0.0872 0.8489
vt 0.0872 0.8560
vt 0.0879 0.8560
vt 0.0879 0.8489
vt 0.0759 0.8639
vt 0.0758 0.8631
vt 0.1034 0.8663
vt 0.1045 0.8663
vt 0.1045 0.8578
vt 0.1034 0.8578
vt 0.0766 0.8673
vt 0.0775 0.8634
vt 0.0768 0.8631
vt 0.0759 0.8671
vt 0.0858 0.8623
vt 0.0865 0.8621
vt 0.0886 0.8560
vt 0.0879 0.8560
vt 0.0879 0.8631
vt 0.0886 0.8631
vt 0.0797 0.8646
vt 0.0791 0.8643
vt 0.1143 0.8696
vt 0.1162 0.8708
vt 0.1181 0.8696
vt 0.1181 0.8674
vt 0.1162 0.8663
vt 0.1143 0.8674
vt 0.0782 0.8673
vt 0.0791 0.8634
vt 0.0784 0.8631
vt 0.0775 0.8671
vt 0.0767 0.8693
vt 0.0773 0.8695
vt 0.0775 0.8687
vt 0.0769 0.8685
vt 0.0766 0.8680
vt 0.0760 0.8684
vt 0.0816 0.8641
vt 0.0822 0.8639
vt 0.0820 0.8631
vt 0.0814 0.8633
vt 0.0791 0.8634
vt 0.0784 0.8631
vt 0.1166 0.8663
vt 0.1166 0.8578
vt 0.0806 0.8643
vt 0.0813 0.8646
vt 0.0872 0.8489
vt 0.0872 0.8560
vt 0.0879 0.8560
vt 0.0879 0.8489
vt 0.0754 0.8641
vt 0.0759 0.8639
vt 0.0758 0.8631
vt 0.0752 0.8633
vt 0.1124 0.8663
vt 0.1104 0.8674
vt 0.1104 0.8696
vt 0.1124 0.8708
vt 0.1143 0.8696
vt 0.1143 0.8674
vt 0.1085 0.8663
vt 0.1066 0.8674
vt 0.1066 0.8696
vt 0.1085 0.8708
vt 0.1104 0.8696
vt 0.1104 0.8674
vt 0.1023 0.8578
vt 0.1023 0.8493
vt 0.0782 0.8680
vt 0.0775 0.8684
vt 0.0783 0.8693
vt 0.0785 0.8685
vt 0.0789 0.8695
vt 0.0791 0.8687
vt 0.1122 0.8578
vt 0.1122 0.8493
vt 0.1111 0.8493
vt 0.1111 0.8578
vt 0.0744 0.8643
vt 0.0751 0.8646
vt 0.1034 0.8578
vt 0.1034 0.8493
vt 0.1089 0.8493
vt 0.1089 0.8578
vt 0.1078 0.8493
vt 0.1078 0.8578
vt 0.1205 0.8549
vt 0.1185 0.8538
vt 0.1166 0.8549
vt 0.1166 0.8571
vt 0.1185 0.8583
vt 0.1205 0.8571
vt 0.1166 0.8616
vt 0.1185 0.8628
vt 0.1205 0.8616
vt 0.1205 0.8594
vt 0.1185 0.8583
vt 0.1166 0.8594
vt 0.0744 0.8656
vt 0.0751 0.8653
vt 0.1034 0.8663
vt 0.1045 0.8663
vt 0.1045 0.8578
vt 0.1034 0.8578
vt 0.1205 0.8504
vt 0.1185 0.8493
vt 0.1166 0.8504
vt 0.1166 0.8527
vt 0.1185 0.8538
vt 0.1205 0.8527
vt 0.1155 0.8663
vt 0.1166 0.8663
vt 0.1166 0.8578
vt 0.1155 0.8578
vt 0.1133 0.8663
vt 0.1133 0.8578
vt 0.1034 0.8663
vt 0.1034 0.8578
vt 0.1023 0.8578
vt 0.1023 0.8663
vt 0.0766 0.8673
vt 0.0775 0.8634
vt 0.0768 0.8631
vt 0.0759 0.8671
vt 0.1166 0.8578
vt 0.1166 0.8493
vt 0.1155 0.8493
vt 0.1155 0.8578
vt 0.1122 0.8663
vt 0.1122 0.8578
vt 0.1001 0.8663
vt 0.1001 0.8578
vt 0.0990 0.8578
vt 0.0990 0.8663
vt 0.0879 0.8703
vt 0.0879 0.8631
vt 0.0872 0.8631
vt 0.0872 0.8703
vt 0.0822 0.8693
vt 0.0813 0.8653
vt 0.0806 0.8656
vt 0.0815 0.8695
vt 0.1067 0.8663
vt 0.1067 0.8578
vt 0.1133 0.8578
vt 0.1133 0.8493
vt 0.1122 0.8493
vt 0.1122 0.8578
vt 0.1078 0.8663
vt 0.1078 0.8578
vt 0.0886 0.8703
vt 0.0886 0.8631
vt 0.0879 0.8631
vt 0.0879 0.8703
vt 0.1143 0.8696
vt 0.1162 0.8708
vt 0.1181 0.8696
vt 0.1181 0.8674
vt 0.1162 0.8663
vt 0.1143 0.8674
vt 0.0767 0.8693
vt 0.0773 0.8695
vt 0.0775 0.8687
vt 0.0769 0.8685
vt 0.0766 0.8680
vt 0.0760 0.8684
vt 0.1023 0.8578
vt 0.1023 0.8493
vt 0.1001 0.8493
vt 0.1001 0.8578
vt 0.0813 0.8646
vt 0.0806 0.8643
vt 0.1124 0.8663
vt 0.1104 0.8674
vt 0.1104 0.8696
vt 0.1124 0.8708
vt 0.1143 0.8696
vt 0.1143 0.8674
vt 0.1111 0.8578
vt 0.1111 0.8493
vt 0.1089 0.8493
vt 0.1089 0.8578
vt 0.0816 0.8641
vt 0.0822 0.8639
vt 0.0820 0.8631
vt 0.0814 0.8633
vt 0.0837 0.8671
vt 0.0838 0.8684
vt 0.0844 0.8680
vt 0.0844 0.8673
vt 0.0797 0.8653
vt 0.0797 0.8646
vt 0.0791 0.8643
vt 0.0791 0.8656
vt 0.1085 0.8663
vt 0.1066 0.8674
vt 0.1066 0.8696
vt 0.1085 0.8708
vt 0.1104 0.8696
vt 0.1104 0.8674
vt 0.1122 0.8578
vt 0.1122 0.8493
vt 0.1078 0.8493
vt 0.1078 0.8578
vt 0.1034 0.8578
vt 0.1034 0.8493
vt 0.0892 0.8703
vt 0.0892 0.8631
vt 0.0886 0.8631
vt 0.0886 0.8703
vt 0.0800 0.8641
vt 0.0798 0.8633
vt 0.0990 0.8493
vt 0.0990 0.8578
vt 0.0847 0.8685
vt 0.0845 0.8693
vt 0.0851 0.8695
vt 0.0853 0.8687
vt 0.0806 0.8639
vt 0.0804 0.8631
vt 0.0759 0.8693
vt 0.0753 0.8695
vt 0.0879 0.8560
vt 0.0872 0.8560
vt 0.0872 0.8631
vt 0.0879 0.8631
vt 0.1122 0.8578
vt 0.1122 0.8493
vt 0.1111 0.8493
vt 0.1111 0.8578
vt 0.1034 0.8578
vt 0.1034 0.8493
vt 0.1023 0.8493
vt 0.1023 0.8578
vt 0.0853 0.8634
vt 0.0846 0.8631
vt 0.1089 0.8578
vt 0.1089 0.8493
vt 0.1078 0.8493
vt 0.1078 0.8578
vt 0.1085 0.8663
vt 0.1066 0.8674
vt 0.1066 0.8696
vt 0.1085 0.8708
vt 0.1104 0.8696
vt 0.1104 0.8674
vt 0.0766 0.8673
vt 0.0759 0.8671
vt 0.0760 0.8684
vt 0.0766 0.8680
vt 0.0886 0.8489
vt 0.0879 0.8489
vt 0.0879 0.8560
vt 0.0886 0.8560
vt 0.0806 0.8656
vt 0.0813 0.8653
vt 0.0813 0.8646
vt 0.0806 0.8643
vt 0.1124 0.8663
vt 0.1104 0.8674
vt 0.1104 0.8696
vt 0.1124 0.8708
vt 0.1143 0.8696
vt 0.1143 0.8674
vt 0.0799 0.8695
vt 0.0806 0.8693
vt 0.0816 0.8641
vt 0.0822 0.8639
vt 0.0820 0.8631
vt 0.0814 0.8633
vt 0.0767 0.8693
vt 0.0773 0.8695
vt 0.0775 0.8687
vt 0.0769 0.8685
vt 0.1155 0.8578
vt 0.1155 0.8493
vt 0.1133 0.8493
vt 0.1133 0.8578
vt 0.0886 0.8703
vt 0.0886 0.8631
vt 0.0879 0.8631
vt 0.0879 0.8703
vt 0.1166 0.8578
vt 0.1166 0.8493
vt 0.1001 0.8663
vt 0.1001 0.8578
vt 0.0990 0.8578
vt 0.0990 0.8663
vt 0.1034 0.8663
vt 0.1034 0.8578
vt 0.1023 0.8578
vt 0.1023 0.8663
vt 0.0879 0.8703
vt 0.0879 0.8631
vt 0.0872 0.8631
vt 0.0872 0.8703
vt 0.0775 0.8634
vt 0.0768 0.8631
vt 0.0822 0.8693
vt 0.0815 0.8695
vt 0.1166 0.8616
vt 0.1185 0.8628
vt 0.1205 0.8616
vt 0.1205 0.8594
vt 0.1185 0.8583
vt 0.1166 0.8594
vt 0.0751 0.8646
vt 0.0744 0.8643
vt 0.1205 0.8504
vt 0.1185 0.8493
vt 0.1166 0.8504
vt 0.1166 0.8527
vt 0.1185 0.8538
vt 0.1205 0.8527
vt 0.1122 0.8493
vt 0.1122 0.8578
vt 0.0782 0.8673
vt 0.0775 0.8671
vt 0.0775 0.8684
vt 0.0782 0.8680
vt 0.0754 0.8641
vt 0.0752 0.8633
vt 0.0783 0.8693
vt 0.0785 0.8685
vt 0.0789 0.8695
vt 0.0791 0.8687
vt 0.0759 0.8639
vt 0.0758 0.8631
vt 0.0872 0.8489
vt 0.0872 0.8560
vt 0.0879 0.8560
vt 0.0879 0.8489
vt 0.0791 0.8634
vt 0.0784 0.8631
vt 0.1006 0.6703
vt 0.1005 0.6702
vt 0.1005 0.6701
vt 0.1005 0.6701
vt 0.1005 0.6701
vt 0.1005 0.6701
vt 0.1005 0.6700
vt 0.1005 0.6700
vt 0.1005 0.6700
vt 0.1004 0.6700
vt 0.1004 0.6700
vt 0.1004 0.6700
vt 0.1004 0.6701
vt 0.1004 0.6701
vt 0.1004 0.6701
vt 0.1004 0.6701
vt 0.1004 0.6702
vt 0.1003 0.6703
vt 0.1003 0.6703
vt 0.1006 0.6703
vt 0.1593 0.7239
vt 0.1585 0.7217
vt 0.1582 0.7218
vt 0.1590 0.7241
vt 0.1439 0.7357
vt 0.1438 0.7334
vt 0.1438 0.7334
vt 0.1438 0.7357
vt 0.1440 0.7358
vt 0.1440 0.7335
vt 0.1440 0.7335
vt 0.1440 0.7358
vt 0.1659 0.7028
vt 0.1651 0.7050
vt 0.1652 0.7051
vt 0.1660 0.7028
vt 0.1638 0.7028
vt 0.1629 0.7051
vt 0.1630 0.7051
vt 0.1639 0.7028
vt 0.1579 0.7194
vt 0.1576 0.7194
vt 0.1438 0.7310
vt 0.1437 0.7310
vt 0.1439 0.7310
vt 0.1439 0.7310
vt 0.1645 0.7074
vt 0.1646 0.7074
vt 0.1623 0.7074
vt 0.1624 0.7074
vt 0.1575 0.7170
vt 0.1571 0.7170
vt 0.1437 0.7286
vt 0.1437 0.7286
vt 0.1439 0.7286
vt 0.1439 0.7286
vt 0.1641 0.7097
vt 0.1642 0.7097
vt 0.1619 0.7098
vt 0.1620 0.7098
vt 0.1573 0.7146
vt 0.1569 0.7146
vt 0.1437 0.7262
vt 0.1437 0.7262
vt 0.1439 0.7262
vt 0.1439 0.7262
vt 0.1639 0.7121
vt 0.1640 0.7121
vt 0.1617 0.7122
vt 0.1618 0.7122
vt 0.1573 0.7122
vt 0.1569 0.7122
vt 0.1437 0.7239
vt 0.1437 0.7239
vt 0.1439 0.7238
vt 0.1439 0.7238
vt 0.1639 0.7145
vt 0.1640 0.7145
vt 0.1617 0.7146
vt 0.1618 0.7146
vt 0.1421 0.7133
vt 0.1421 0.7134
vt 0.1425 0.7141
vt 0.1424 0.7132
vt 0.1564 0.7153
vt 0.1563 0.7153
vt 0.1472 0.7045
vt 0.1473 0.7036
vt 0.1472 0.7036
vt 0.1471 0.7045
vt 0.1461 0.7246
vt 0.1461 0.7247
vt 0.1462 0.7247
vt 0.1462 0.7246
vt 0.1461 0.7247
vt 0.1461 0.7255
vt 0.1461 0.7255
vt 0.1461 0.7247
vt 0.1475 0.7028
vt 0.1473 0.7032
vt 0.1462 0.7149
vt 0.1462 0.7157
vt 0.1462 0.7157
vt 0.1462 0.7149
vt 0.1462 0.7234
vt 0.1462 0.7234
vt 0.1461 0.7264
vt 0.1461 0.7264
vt 0.1470 0.7035
vt 0.1471 0.7035
vt 0.1427 0.7100
vt 0.1428 0.7101
vt 0.0886 0.8560
vt 0.0879 0.8560
vt 0.0879 0.8631
vt 0.0886 0.8631
vt 0.0837 0.8634
vt 0.0830 0.8631
vt 0.0822 0.8671
vt 0.0828 0.8673
vt 0.0856 0.8582
vt 0.0849 0.8584
vt 0.0858 0.8623
vt 0.0865 0.8621
vt 0.0865 0.8631
vt 0.0872 0.8631
vt 0.0872 0.8560
vt 0.0865 0.8560
vt 0.0831 0.8685
vt 0.0830 0.8693
vt 0.0835 0.8695
vt 0.0837 0.8687
vt 0.0857 0.8562
vt 0.0859 0.8570
vt 0.0865 0.8568
vt 0.0863 0.8560
vt 0.0856 0.8574
vt 0.0850 0.8571
vt 0.0822 0.8684
vt 0.0828 0.8680
vt 0.1009 0.8708
vt 0.1028 0.8696
vt 0.1028 0.8674
vt 0.1009 0.8663
vt 0.0990 0.8674
vt 0.0990 0.8696
vt 0.1047 0.8708
vt 0.1066 0.8696
vt 0.1066 0.8674
vt 0.1047 0.8663
vt 0.1028 0.8674
vt 0.1028 0.8696
vt 0.1078 0.8663
vt 0.1089 0.8663
vt 0.1089 0.8578
vt 0.1078 0.8578
vt 0.1045 0.8578
vt 0.1067 0.8578
vt 0.1067 0.8493
vt 0.1045 0.8493
vt 0.1111 0.8663
vt 0.1122 0.8663
vt 0.1122 0.8578
vt 0.1111 0.8578
vt 0.1078 0.8578
vt 0.1078 0.8493
vt 0.1034 0.8578
vt 0.1034 0.8493
vt 0.0886 0.8489
vt 0.0879 0.8489
vt 0.0879 0.8560
vt 0.0886 0.8560
vt 0.0853 0.8634
vt 0.0846 0.8631
vt 0.0837 0.8671
vt 0.0844 0.8673
vt 0.0797 0.8653
vt 0.0791 0.8656
vt 0.0799 0.8695
vt 0.0806 0.8693
vt 0.0879 0.8560
vt 0.0872 0.8560
vt 0.0872 0.8631
vt 0.0879 0.8631
vt 0.0847 0.8685
vt 0.0845 0.8693
vt 0.0851 0.8695
vt 0.0853 0.8687
vt 0.0798 0.8633
vt 0.0800 0.8641
vt 0.0806 0.8639
vt 0.0804 0.8631
vt 0.0797 0.8646
vt 0.0791 0.8643
vt 0.0838 0.8684
vt 0.0844 0.8680
vt 0.1143 0.8696
vt 0.1162 0.8708
vt 0.1181 0.8696
vt 0.1181 0.8674
vt 0.1162 0.8663
vt 0.1143 0.8674
vt 0.1205 0.8549
vt 0.1185 0.8538
vt 0.1166 0.8549
vt 0.1166 0.8571
vt 0.1185 0.8583
vt 0.1205 0.8571
vt 0.1122 0.8663
vt 0.1133 0.8663
vt 0.1133 0.8578
vt 0.1122 0.8578
vt 0.1045 0.8663
vt 0.1067 0.8663
vt 0.1067 0.8578
vt 0.1045 0.8578
vt 0.1155 0.8663
vt 0.1166 0.8663
vt 0.1166 0.8578
vt 0.1155 0.8578
vt 0.1078 0.8663
vt 0.1078 0.8578
vt 0.1034 0.8663
vt 0.1034 0.8578
vt 0.0886 0.8560
vt 0.0879 0.8560
vt 0.0879 0.8631
vt 0.0886 0.8631
vt 0.0837 0.8634
vt 0.0830 0.8631
vt 0.0822 0.8671
vt 0.0828 0.8673
vt 0.0856 0.8582
vt 0.0849 0.8584
vt 0.0858 0.8623
vt 0.0865 0.8621
vt 0.0865 0.8631
vt 0.0872 0.8631
vt 0.0872 0.8560
vt 0.0865 0.8560
vt 0.0831 0.8685
vt 0.0830 0.8693
vt 0.0835 0.8695
vt 0.0837 0.8687
vt 0.0857 0.8562
vt 0.0859 0.8570
vt 0.0865 0.8568
vt 0.0863 0.8560
vt 0.0856 0.8574
vt 0.0850 0.8571
vt 0.0822 0.8684
vt 0.0828 0.8680
vt 0.1009 0.8708
vt 0.1028 0.8696
vt 0.1028 0.8674
vt 0.1009 0.8663
vt 0.0990 0.8674
vt 0.0990 0.8696
vt 0.1047 0.8708
vt 0.1066 0.8696
vt 0.1066 0.8674
vt 0.1047 0.8663
vt 0.1028 0.8674
vt 0.1028 0.8696
vt 0.1078 0.8663
vt 0.1089 0.8663
vt 0.1089 0.8578
vt 0.1078 0.8578
vt 0.1045 0.8578
vt 0.1067 0.8578
vt 0.1067 0.8493
vt 0.1045 0.8493
vt 0.1111 0.8663
vt 0.1122 0.8663
vt 0.1122 0.8578
vt 0.1111 0.8578
vt 0.1078 0.8578
vt 0.1078 0.8493
vt 0.1034 0.8578
vt 0.1034 0.8493
vt 0.0886 0.8489
vt 0.0879 0.8489
vt 0.0879 0.8560
vt 0.0886 0.8560
vt 0.0853 0.8634
vt 0.0846 0.8631
vt 0.0837 0.8671
vt 0.0844 0.8673
vt 0.0797 0.8653
vt 0.0791 0.8656
vt 0.0799 0.8695
vt 0.0806 0.8693
vt 0.0879 0.8560
vt 0.0872 0.8560
vt 0.0872 0.8631
vt 0.0879 0.8631
vt 0.0847 0.8685
vt 0.0845 0.8693
vt 0.0851 0.8695
vt 0.0853 0.8687
vt 0.0798 0.8633
vt 0.0800 0.8641
vt 0.0806 0.8639
vt 0.0804 0.8631
vt 0.0797 0.8646
vt 0.0791 0.8643
vt 0.0838 0.8684
vt 0.0844 0.8680
vt 0.1143 0.8696
vt 0.1162 0.8708
vt 0.1181 0.8696
vt 0.1181 0.8674
vt 0.1162 0.8663
vt 0.1143 0.8674
vt 0.1205 0.8549
vt 0.1185 0.8538
vt 0.1166 0.8549
vt 0.1166 0.8571
vt 0.1185 0.8583
vt 0.1205 0.8571
vt 0.1122 0.8663
vt 0.1133 0.8663
vt 0.1133 0.8578
vt 0.1122 0.8578
vt 0.1045 0.8663
vt 0.1067 0.8663
vt 0.1067 0.8578
vt 0.1045 0.8578
vt 0.1155 0.8663
vt 0.1166 0.8663
vt 0.1166 0.8578
vt 0.1155 0.8578
vt 0.1078 0.8663
vt 0.1078 0.8578
vt 0.1034 0.8663
vt 0.1034 0.8578
vt 0.0886 0.8560
vt 0.0879 0.8560
vt 0.0879 0.8631
vt 0.0886 0.8631
vt 0.0837 0.8634
vt 0.0830 0.8631
vt 0.0822 0.8671
vt 0.0828 0.8673
vt 0.0856 0.8582
vt 0.0849 0.8584
vt 0.0858 0.8623
vt 0.0865 0.8621
vt 0.0865 0.8631
vt 0.0872 0.8631
vt 0.0872 0.8560
vt 0.0865 0.8560
vt 0.0831 0.8685
vt 0.0830 0.8693
vt 0.0835 0.8695
vt 0.0837 0.8687
vt 0.0857 0.8562
vt 0.0859 0.8570
vt 0.0865 0.8568
vt 0.0863 0.8560
vt 0.0856 0.8574
vt 0.0850 0.8571
vt 0.0822 0.8684
vt 0.0828 0.8680
vt 0.1009 0.8708
vt 0.1028 0.8696
vt 0.1028 0.8674
vt 0.1009 0.8663
vt 0.0990 0.8674
vt 0.0990 0.8696
vt 0.1047 0.8708
vt 0.1066 0.8696
vt 0.1066 0.8674
vt 0.1047 0.8663
vt 0.1028 0.8674
vt 0.1028 0.8696
vt 0.1078 0.8663
vt 0.1089 0.8663
vt 0.1089 0.8578
vt 0.1078 0.8578
vt 0.1045 0.8578
vt 0.1067 0.8578
vt 0.1067 0.8493
vt 0.1045 0.8493
vt 0.1111 0.8663
vt 0.1122 0.8663
vt 0.1122 0.8578
vt 0.1111 0.8578
vt 0.1078 0.8578
vt 0.1078 0.8493
vt 0.1034 0.8578
vt 0.1034 0.8493
vt 0.0886 0.8489
vt 0.0879 0.8489
vt 0.0879 0.8560
vt 0.0886 0.8560
vt 0.0853 0.8634
vt 0.0846 0.8631
vt 0.0837 0.8671
vt 0.0844 0.8673
vt 0.0797 0.8653
vt 0.0791 0.8656
vt 0.0799 0.8695
vt 0.0806 0.8693
vt 0.0879 0.8560
vt 0.0872 0.8560
vt 0.0872 0.8631
vt 0.0879 0.8631
vt 0.0847 0.8685
vt 0.0845 0.8693
vt 0.0851 0.8695
vt 0.0853 0.8687
vt 0.0798 0.8633
vt 0.0800 0.8641
vt 0.0806 0.8639
vt 0.0804 0.8631
vt 0.0797 0.8646
vt 0.0791 0.8643
vt 0.0838 0.8684
vt 0.0844 0.8680
vt 0.1143 0.8696
vt 0.1162 0.8708
vt 0.1181 0.8696
vt 0.1181 0.8674
vt 0.1162 0.8663
vt 0.1143 0.8674
vt 0.1205 0.8549
vt 0.1185 0.8538
vt 0.1166 0.8549
vt 0.1166 0.8571
vt 0.1185 0.8583
vt 0.1205 0.8571
vt 0.1122 0.8663
vt 0.1133 0.8663
vt 0.1133 0.8578
vt 0.1122 0.8578
vt 0.1045 0.8663
vt 0.1067 0.8663
vt 0.1067 0.8578
vt 0.1045 0.8578
vt 0.1155 0.8663
vt 0.1166 0.8663
vt 0.1166 0.8578
vt 0.1155 0.8578
vt 0.1078 0.8663
vt 0.1078 0.8578
vt 0.1034 0.8663
vt 0.1034 0.8578
vt 0.0886 0.8560
vt 0.0879 0.8560
vt 0.0879 0.8631
vt 0.0886 0.8631
vt 0.0837 0.8634
vt 0.0830 0.8631
vt 0.0822 0.8671
vt 0.0828 0.8673
vt 0.0856 0.8582
vt 0.0849 0.8584
vt 0.0858 0.8623
vt 0.0865 0.8621
vt 0.0865 0.8631
vt 0.0872 0.8631
vt 0.0872 0.8560
vt 0.0865 0.8560
vt 0.0831 0.8685
vt 0.0830 0.8693
vt 0.0835 0.8695
vt 0.0837 0.8687
vt 0.0857 0.8562
vt 0.0859 0.8570
vt 0.0865 0.8568
vt 0.0863 0.8560
vt 0.0856 0.8574
vt 0.0850 0.8571
vt 0.0822 0.8684
vt 0.0828 0.8680
vt 0.1009 0.8708
vt 0.1028 0.8696
vt 0.1028 0.8674
vt 0.1009 0.8663
vt 0.0990 0.8674
vt 0.0990 0.8696
vt 0.1047 0.8708
vt 0.1066 0.8696
vt 0.1066 0.8674
vt 0.1047 0.8663
vt 0.1028 0.8674
vt 0.1028 0.8696
vt 0.1078 0.8663
vt 0.1089 0.8663
vt 0.1089 0.8578
vt 0.1078 0.8578
vt 0.1045 0.8578
vt 0.1067 0.8578
vt 0.1067 0.8493
vt 0.1045 0.8493
vt 0.1111 0.8663
vt 0.1122 0.8663
vt 0.1122 0.8578
vt 0.1111 0.8578
vt 0.1078 0.8578
vt 0.1078 0.8493
vt 0.1034 0.8578
vt 0.1034 0.8493
vt 0.0886 0.8489
vt 0.0879 0.8489
vt 0.0879 0.8560
vt 0.0886 0.8560
vt 0.0853 0.8634
vt 0.0846 0.8631
vt 0.0837 0.8671
vt 0.0844 0.8673
vt 0.0797 0.8653
vt 0.0791 0.8656
vt 0.0799 0.8695
vt 0.0806 0.8693
vt 0.0879 0.8560
vt 0.0872 0.8560
vt 0.0872 0.8631
vt 0.0879 0.8631
vt 0.0847 0.8685
vt 0.0845 0.8693
vt 0.0851 0.8695
vt 0.0853 0.8687
vt 0.0798 0.8633
vt 0.0800 0.8641
vt 0.0806 0.8639
vt 0.0804 0.8631
vt 0.0797 0.8646
vt 0.0791 0.8643
vt 0.0838 0.8684
vt 0.0844 0.8680
vt 0.1143 0.8696
vt 0.1162 0.8708
vt 0.1181 0.8696
vt 0.1181 0.8674
vt 0.1162 0.8663
vt 0.1143 0.8674
vt 0.1205 0.8549
vt 0.1185 0.8538
vt 0.1166 0.8549
vt 0.1166 0.8571
vt 0.1185 0.8583
vt 0.1205 0.8571
vt 0.1122 0.8663
vt 0.1133 0.8663
vt 0.1133 0.8578
vt 0.1122 0.8578
vt 0.1045 0.8663
vt 0.1067 0.8663
vt 0.1067 0.8578
vt 0.1045 0.8578
vt 0.1155 0.8663
vt 0.1166 0.8663
vt 0.1166 0.8578
vt 0.1155 0.8578
vt 0.1078 0.8663
vt 0.1078 0.8578
vt 0.1034 0.8663
vt 0.1034 0.8578
vt 0.0886 0.8560
vt 0.0879 0.8560
vt 0.0879 0.8631
vt 0.0886 0.8631
vt 0.0837 0.8634
vt 0.0830 0.8631
vt 0.0822 0.8671
vt 0.0828 0.8673
vt 0.0856 0.8582
vt 0.0849 0.8584
vt 0.0858 0.8623
vt 0.0865 0.8621
vt 0.0865 0.8631
vt 0.0872 0.8631
vt 0.0872 0.8560
vt 0.0865 0.8560
vt 0.0831 0.8685
vt 0.0830 0.8693
vt 0.0835 0.8695
vt 0.0837 0.8687
vt 0.0857 0.8562
vt 0.0859 0.8570
vt 0.0865 0.8568
vt 0.0863 0.8560
vt 0.0856 0.8574
vt 0.0850 0.8571
vt 0.0822 0.8684
vt 0.0828 0.8680
vt 0.1009 0.8708
vt 0.1028 0.8696
vt 0.1028 0.8674
vt 0.1009 0.8663
vt 0.0990 0.8674
vt 0.0990 0.8696
vt 0.1047 0.8708
vt 0.1066 0.8696
vt 0.1066 0.8674
vt 0.1047 0.8663
vt 0.1028 0.8674
vt 0.1028 0.8696
vt 0.1078 0.8663
vt 0.1089 0.8663
vt 0.1089 0.8578
vt 0.1078 0.8578
vt 0.1045 0.8578
vt 0.1067 0.8578
vt 0.1067 0.8493
vt 0.1045 0.8493
vt 0.1111 0.8663
vt 0.1122 0.8663
vt 0.1122 0.8578
vt 0.1111 0.8578
vt 0.1078 0.8578
vt 0.1078 0.8493
vt 0.1034 0.8578
vt 0.1034 0.8493
vt 0.0886 0.8489
vt 0.0879 0.8489
vt 0.0879 0.8560
vt 0.0886 0.8560
vt 0.0853 0.8634
vt 0.0846 0.8631
vt 0.0837 0.8671
vt 0.0844 0.8673
vt 0.0797 0.8653
vt 0.0791 0.8656
vt 0.0799 0.8695
vt 0.0806 0.8693
vt 0.0879 0.8560
vt 0.0872 0.8560
vt 0.0872 0.8631
vt 0.0879 0.8631
vt 0.0847 0.8685
vt 0.0845 0.8693
vt 0.0851 0.8695
vt 0.0853 0.8687
vt 0.0798 0.8633
vt 0.0800 0.8641
vt 0.0806 0.8639
vt 0.0804 0.8631
vt 0.0797 0.8646
vt 0.0791 0.8643
vt 0.0838 0.8684
vt 0.0844 0.8680
vt 0.1143 0.8696
vt 0.1162 0.8708
vt 0.1181 0.8696
vt 0.1181 0.8674
vt 0.1162 0.8663
vt 0.1143 0.8674
vt 0.1205 0.8549
vt 0.1185 0.8538
vt 0.1166 0.8549
vt 0.1166 0.8571
vt 0.1185 0.8583
vt 0.1205 0.8571
vt 0.1122 0.8663
vt 0.1133 0.8663
vt 0.1133 0.8578
vt 0.1122 0.8578
vt 0.1045 0.8663
vt 0.1067 0.8663
vt 0.1067 0.8578
vt 0.1045 0.8578
vt 0.1155 0.8663
vt 0.1166 0.8663
vt 0.1166 0.8578
vt 0.1155 0.8578
vt 0.1078 0.8663
vt 0.1078 0.8578
vt 0.1034 0.8663
vt 0.1034 0.8578
vt 0.0886 0.8560
vt 0.0879 0.8560
vt 0.0879 0.8631
vt 0.0886 0.8631
vt 0.0837 0.8634
vt 0.0830 0.8631
vt 0.0822 0.8671
vt 0.0828 0.8673
vt 0.0856 0.8582
vt 0.0849 0.8584
vt 0.0858 0.8623
vt 0.0865 0.8621
vt 0.0865 0.8631
vt 0.0872 0.8631
vt 0.0872 0.8560
vt 0.0865 0.8560
vt 0.0831 0.8685
vt 0.0830 0.8693
vt 0.0835 0.8695
vt 0.0837 0.8687
vt 0.0857 0.8562
vt 0.0859 0.8570
vt 0.0865 0.8568
vt 0.0863 0.8560
vt 0.0856 0.8574
vt 0.0850 0.8571
vt 0.0822 0.8684
vt 0.0828 0.8680
vt 0.1009 0.8708
vt 0.1028 0.8696
vt 0.1028 0.8674
vt 0.1009 0.8663
vt 0.0990 0.8674
vt 0.0990 0.8696
vt 0.1047 0.8708
vt 0.1066 0.8696
vt 0.1066 0.8674
vt 0.1047 0.8663
vt 0.1028 0.8674
vt 0.1028 0.8696
vt 0.1078 0.8663
vt 0.1089 0.8663
vt 0.1089 0.8578
vt 0.1078 0.8578
vt 0.1045 0.8578
vt 0.1067 0.8578
vt 0.1067 0.8493
vt 0.1045 0.8493
vt 0.1111 0.8663
vt 0.1122 0.8663
vt 0.1122 0.8578
vt 0.1111 0.8578
vt 0.1078 0.8578
vt 0.1078 0.8493
vt 0.1034 0.8578
vt 0.1034 0.8493
vt 0.1379 0.7077
vt 0.1422 0.7142
vt 0.1427 0.7149
vt 0.1382 0.7075
vt 0.0886 0.8489
vt 0.0879 0.8489
vt 0.0879 0.8560
vt 0.0886 0.8560
vt 0.0853 0.8634
vt 0.0846 0.8631
vt 0.0837 0.8671
vt 0.0844 0.8673
vt 0.0797 0.8653
vt 0.0791 0.8656
vt 0.0799 0.8695
vt 0.0806 0.8693
vt 0.0879 0.8560
vt 0.0872 0.8560
vt 0.0872 0.8631
vt 0.0879 0.8631
vt 0.0847 0.8685
vt 0.0845 0.8693
vt 0.0851 0.8695
vt 0.0853 0.8687
vt 0.0798 0.8633
vt 0.0800 0.8641
vt 0.0806 0.8639
vt 0.0804 0.8631
vt 0.0797 0.8646
vt 0.0791 0.8643
vt 0.0838 0.8684
vt 0.0844 0.8680
vt 0.1143 0.8696
vt 0.1162 0.8708
vt 0.1181 0.8696
vt 0.1181 0.8674
vt 0.1162 0.8663
vt 0.1143 0.8674
vt 0.1205 0.8549
vt 0.1185 0.8538
vt 0.1166 0.8549
vt 0.1166 0.8571
vt 0.1185 0.8583
vt 0.1205 0.8571
vt 0.1122 0.8663
vt 0.1133 0.8663
vt 0.1133 0.8578
vt 0.1122 0.8578
vt 0.1045 0.8663
vt 0.1067 0.8663
vt 0.1067 0.8578
vt 0.1045 0.8578
vt 0.1155 0.8663
vt 0.1166 0.8663
vt 0.1166 0.8578
vt 0.1155 0.8578
vt 0.1078 0.8663
vt 0.1078 0.8578
vt 0.1034 0.8663
vt 0.1034 0.8578
vt 0.0886 0.8560
vt 0.0879 0.8560
vt 0.0879 0.8631
vt 0.0886 0.8631
vt 0.0837 0.8634
vt 0.0830 0.8631
vt 0.0822 0.8671
vt 0.0828 0.8673
vt 0.0856 0.8582
vt 0.0849 0.8584
vt 0.0858 0.8623
vt 0.0865 0.8621
vt 0.0865 0.8631
vt 0.0872 0.8631
vt 0.0872 0.8560
vt 0.0865 0.8560
vt 0.0831 0.8685
vt 0.0830 0.8693
vt 0.0835 0.8695
vt 0.0837 0.8687
vt 0.0857 0.8562
vt 0.0859 0.8570
vt 0.0865 0.8568
vt 0.0863 0.8560
vt 0.0856 0.8574
vt 0.0850 0.8571
vt 0.0822 0.8684
vt 0.0828 0.8680
vt 0.1009 0.8708
vt 0.1028 0.8696
vt 0.1028 0.8674
vt 0.1009 0.8663
vt 0.0990 0.8674
vt 0.0990 0.8696
vt 0.1047 0.8708
vt 0.1066 0.8696
vt 0.1066 0.8674
vt 0.1047 0.8663
vt 0.1028 0.8674
vt 0.1028 0.8696
vt 0.1078 0.8663
vt 0.1089 0.8663
vt 0.1089 0.8578
vt 0.1078 0.8578
vt 0.1045 0.8578
vt 0.1067 0.8578
vt 0.1067 0.8493
vt 0.1045 0.8493
vt 0.1111 0.8663
vt 0.1122 0.8663
vt 0.1122 0.8578
vt 0.1111 0.8578
vt 0.1078 0.8578
vt 0.1078 0.8493
vt 0.1034 0.8578
vt 0.1034 0.8493
vt 0.1563 0.7153
vt 0.1564 0.7153
vt 0.1471 0.7045
vt 0.1472 0.7045
vt 0.1462 0.7246
vt 0.1461 0.7246
vt 0.1461 0.7247
vt 0.1461 0.7247
vt 0.1424 0.7132
vt 0.1421 0.7133
vt 0.1617 0.7146
vt 0.1618 0.7146
vt 0.1639 0.7145
vt 0.1640 0.7145
vt 0.1439 0.7238
vt 0.1439 0.7238
vt 0.1437 0.7239
vt 0.1437 0.7239
vt 0.1573 0.7122
vt 0.1569 0.7122
vt 0.1053 0.6711
vt 0.1059 0.6711
vt 0.1069 0.6689
vt 0.1114 0.6689
vt 0.1118 0.6692
vt 0.1122 0.6705
vt 0.1128 0.6707
vt 0.1149 0.6707
vt 0.1152 0.6705
vt 0.1155 0.6695
vt 0.1155 0.6655
vt 0.1152 0.6646
vt 0.1149 0.6643
vt 0.1128 0.6643
vt 0.1122 0.6646
vt 0.1118 0.6659
vt 0.1114 0.6661
vt 0.1069 0.6661
vt 0.1059 0.6640
vt 0.1053 0.6640
vt 0.1053 0.6711
vt 0.1053 0.6717
vt 0.1075 0.6727
vt 0.1075 0.6771
vt 0.1072 0.6775
vt 0.1059 0.6779
vt 0.1057 0.6786
vt 0.1057 0.6806
vt 0.1059 0.6810
vt 0.1069 0.6813
vt 0.1109 0.6813
vt 0.1119 0.6810
vt 0.1121 0.6806
vt 0.1121 0.6786
vt 0.1118 0.6779
vt 0.1105 0.6775
vt 0.1103 0.6771
vt 0.1103 0.6727
vt 0.1124 0.6717
vt 0.1124 0.6711
vt 0.1432 0.7346
vt 0.1432 0.7346
vt 0.1432 0.7149
vt 0.1432 0.7149
vt 0.1037 0.6699
vt 0.1037 0.6828
vt 0.1038 0.6828
vt 0.1038 0.6699
vt 0.1435 0.7149
vt 0.1435 0.7340
vt 0.1437 0.7340
vt 0.1437 0.7149
vt 0.1568 0.7148
vt 0.1568 0.7345
vt 0.1569 0.7345
vt 0.1569 0.7148
vt 0.1435 0.7342
vt 0.1435 0.7149
vt 0.1433 0.7149
vt 0.1433 0.7342
vt 0.1457 0.7149
vt 0.1457 0.7346
vt 0.1458 0.7346
vt 0.1458 0.7149
vt 0.1446 0.7149
vt 0.1446 0.7340
vt 0.1447 0.7340
vt 0.1447 0.7149
vt 0.1522 0.7341
vt 0.1522 0.7148
vt 0.1521 0.7148
vt 0.1521 0.7341
vt 0.1522 0.7341
vt 0.1522 0.7148
vt 0.1446 0.7149
vt 0.1446 0.7340
vt 0.1447 0.7340
vt 0.1447 0.7149
vt 0.1521 0.7148
vt 0.1521 0.7341
vt 0.1430 0.7149
vt 0.1430 0.7149
vt 0.1430 0.7346
vt 0.1430 0.7346
vt 0.1437 0.7149
vt 0.1437 0.7340
vt 0.1432 0.7342
vt 0.1432 0.7149
vt 0.1457 0.7222
vt 0.1457 0.7149
vt 0.1455 0.7149
vt 0.1455 0.7222
vt 0.1475 0.7196
vt 0.1517 0.7258
vt 0.1516 0.7255
vt 0.1475 0.7196
vt 0.1459 0.7149
vt 0.1459 0.7218
vt 0.1460 0.7218
vt 0.1460 0.7149
vt 0.1459 0.7149
vt 0.1459 0.7218
vt 0.1459 0.7233
vt 0.1459 0.7233
vt 0.1459 0.7156
vt 0.1459 0.7156
vt 0.1477 0.7101
vt 0.1477 0.7101
vt 0.1517 0.7041
vt 0.1518 0.7039
vt 0.1455 0.7222
vt 0.1455 0.7149
vt 0.0768 0.8560
vt 0.0734 0.8560
vt 0.0734 0.8631
vt 0.0768 0.8631
vt 0.0734 0.8560
vt 0.0768 0.8560
vt 0.0768 0.8489
vt 0.0734 0.8489
vt 0.0856 0.8631
vt 0.0856 0.8703
vt 0.0862 0.8703
vt 0.0862 0.8631
vt 0.0689 0.8631
vt 0.0689 0.8703
vt 0.0695 0.8703
vt 0.0695 0.8631
vt 0.0853 0.8703
vt 0.0853 0.8631
vt 0.0679 0.8703
vt 0.0679 0.8631
vt 0.0728 0.8560
vt 0.0728 0.8631
vt 0.0724 0.8489
vt 0.0724 0.8560
vt 0.0813 0.8560
vt 0.0847 0.8560
vt 0.0847 0.8489
vt 0.0813 0.8489
vt 0.0803 0.8489
vt 0.0768 0.8489
vt 0.0768 0.8560
vt 0.0803 0.8560
vt 0.0866 0.8489
vt 0.0866 0.8560
vt 0.0872 0.8560
vt 0.0872 0.8489
vt 0.0721 0.8631
vt 0.0721 0.8703
vt 0.0727 0.8703
vt 0.0727 0.8631
vt 0.0863 0.8560
vt 0.0863 0.8489
vt 0.0711 0.8703
vt 0.0711 0.8631
vt 0.0854 0.8560
vt 0.0854 0.8489
vt 0.0813 0.8560
vt 0.0813 0.8489
vt 0.0768 0.8560
vt 0.0768 0.8631
vt 0.0803 0.8631
vt 0.0803 0.8560
vt 0.0689 0.8631
vt 0.0689 0.8703
vt 0.0695 0.8703
vt 0.0695 0.8631
vt 0.0768 0.8560
vt 0.0768 0.8631
vt 0.0803 0.8631
vt 0.0803 0.8560
vt 0.0713 0.8560
vt 0.0713 0.8489
vt 0.0679 0.8489
vt 0.0679 0.8560
vt 0.0679 0.8703
vt 0.0679 0.8631
vt 0.0713 0.8560
vt 0.0713 0.8489
vt 0.0679 0.8489
vt 0.0679 0.8560
vt 0.0853 0.8703
vt 0.0856 0.8703
vt 0.0856 0.8631
vt 0.0853 0.8631
vt 0.0862 0.8703
vt 0.0862 0.8631
vt 0.0768 0.8560
vt 0.0734 0.8560
vt 0.0734 0.8631
vt 0.0768 0.8631
vt 0.0705 0.8703
vt 0.0711 0.8703
vt 0.0711 0.8631
vt 0.0705 0.8631
vt 0.0724 0.8560
vt 0.0724 0.8489
vt 0.0689 0.8631
vt 0.0689 0.8560
vt 0.0679 0.8560
vt 0.0679 0.8631
vt 0.0815 0.8631
vt 0.0815 0.8560
vt 0.0809 0.8560
vt 0.0809 0.8631
vt 0.0734 0.8560
vt 0.0768 0.8560
vt 0.0768 0.8489
vt 0.0734 0.8489
vt 0.0854 0.8489
vt 0.0854 0.8560
vt 0.0857 0.8560
vt 0.0857 0.8489
vt 0.0849 0.8631
vt 0.0849 0.8560
vt 0.0695 0.8631
vt 0.0695 0.8703
vt 0.0724 0.8631
vt 0.0724 0.8560
vt 0.0863 0.8560
vt 0.0863 0.8489
vt 0.0803 0.8560
vt 0.0813 0.8560
vt 0.0813 0.8489
vt 0.0803 0.8489
vt 0.0721 0.8631
vt 0.0721 0.8703
vt 0.0727 0.8703
vt 0.0727 0.8631
vt 0.0711 0.8703
vt 0.0711 0.8631
vt 0.0863 0.8560
vt 0.0866 0.8560
vt 0.0866 0.8489
vt 0.0863 0.8489
vt 0.0809 0.8631
vt 0.0809 0.8560
vt 0.0862 0.8631
vt 0.0862 0.8703
vt 0.0866 0.8703
vt 0.0866 0.8631
vt 0.0728 0.8631
vt 0.0728 0.8703
vt 0.0738 0.8703
vt 0.0738 0.8631
vt 0.0872 0.8560
vt 0.0872 0.8489
vt 0.0768 0.8489
vt 0.0768 0.8560
vt 0.0744 0.8703
vt 0.0744 0.8631
vt 0.0847 0.8560
vt 0.0854 0.8560
vt 0.0854 0.8489
vt 0.0847 0.8489
vt 0.0728 0.8560
vt 0.0728 0.8631
vt 0.0768 0.8560
vt 0.0768 0.8631
vt 0.0803 0.8631
vt 0.0803 0.8560
vt 0.0872 0.8703
vt 0.0872 0.8631
vt 0.0713 0.8560
vt 0.0713 0.8489
vt 0.0679 0.8489
vt 0.0679 0.8560
vt 0.0813 0.8560
vt 0.0813 0.8489
vt 0.0724 0.8489
vt 0.0724 0.8560
vt 0.0866 0.8703
vt 0.0872 0.8703
vt 0.0872 0.8631
vt 0.0866 0.8631
vt 0.0813 0.8560
vt 0.0847 0.8560
vt 0.0847 0.8489
vt 0.0813 0.8489
vt 0.0734 0.8489
vt 0.0724 0.8489
vt 0.0724 0.8560
vt 0.0734 0.8560
vt 0.0866 0.8703
vt 0.0872 0.8703
vt 0.0872 0.8631
vt 0.0866 0.8631
vt 0.0734 0.8560
vt 0.0728 0.8560
vt 0.0728 0.8631
vt 0.0734 0.8631
vt 0.0803 0.8489
vt 0.0768 0.8489
vt 0.0768 0.8560
vt 0.0803 0.8560
vt 0.0854 0.8560
vt 0.0854 0.8489
vt 0.0866 0.8489
vt 0.0866 0.8560
vt 0.0872 0.8560
vt 0.0872 0.8489
vt 0.0738 0.8703
vt 0.0744 0.8703
vt 0.0744 0.8631
vt 0.0738 0.8631
vt 0.0738 0.8703
vt 0.0744 0.8703
vt 0.0744 0.8631
vt 0.0738 0.8631
vt 0.0862 0.8631
vt 0.0862 0.8703
vt 0.0728 0.8631
vt 0.0728 0.8703
vt 0.0863 0.8560
vt 0.0863 0.8489
vt 0.0711 0.8703
vt 0.0721 0.8703
vt 0.0721 0.8631
vt 0.0711 0.8631
vt 0.0803 0.8560
vt 0.0803 0.8631
vt 0.0809 0.8631
vt 0.0809 0.8560
vt 0.0727 0.8703
vt 0.0727 0.8631
vt 0.0813 0.8560
vt 0.0813 0.8489
vt 0.0689 0.8560
vt 0.0689 0.8631
vt 0.0724 0.8631
vt 0.0724 0.8560
vt 0.0862 0.8631
vt 0.0862 0.8703
vt 0.0857 0.8560
vt 0.0863 0.8560
vt 0.0863 0.8489
vt 0.0857 0.8489
vt 0.0695 0.8631
vt 0.0695 0.8703
vt 0.0705 0.8703
vt 0.0705 0.8631
vt 0.0849 0.8631
vt 0.0849 0.8560
vt 0.0815 0.8560
vt 0.0815 0.8631
vt 0.0679 0.8560
vt 0.0679 0.8631
vt 0.0809 0.8560
vt 0.0809 0.8631
vt 0.0711 0.8703
vt 0.0711 0.8631
vt 0.0713 0.8489
vt 0.0713 0.8560
vt 0.0724 0.8560
vt 0.0724 0.8489
vt 0.0854 0.8489
vt 0.0854 0.8560
vt 0.0728 0.8631
vt 0.0728 0.8703
vt 0.0856 0.8631
vt 0.0856 0.8703
vt 0.0862 0.8703
vt 0.0862 0.8631
vt 0.0768 0.8560
vt 0.0768 0.8489
vt 0.0768 0.8560
vt 0.0768 0.8631
vt 0.0679 0.8489
vt 0.0679 0.8560
vt 0.0679 0.8703
vt 0.0689 0.8703
vt 0.0689 0.8631
vt 0.0679 0.8631
vt 0.0679 0.8703
vt 0.0689 0.8703
vt 0.0689 0.8631
vt 0.0679 0.8631
vt 0.0768 0.8560
vt 0.0768 0.8631
vt 0.0803 0.8631
vt 0.0803 0.8560
vt 0.0768 0.8560
vt 0.0768 0.8631
vt 0.0695 0.8703
vt 0.0695 0.8631
vt 0.0853 0.8703
vt 0.0853 0.8631
vt 0.0695 0.8703
vt 0.0695 0.8631
vt 0.0713 0.8560
vt 0.0713 0.8489
vt 0.0679 0.8489
vt 0.0679 0.8560
vt 0.0853 0.8703
vt 0.0856 0.8703
vt 0.0856 0.8631
vt 0.0853 0.8631
vt 0.0809 0.8631
vt 0.0809 0.8560
vt 0.0768 0.8560
vt 0.0734 0.8560
vt 0.0734 0.8631
vt 0.0768 0.8631
vt 0.0862 0.8703
vt 0.0862 0.8631
vt 0.0734 0.8560
vt 0.0768 0.8560
vt 0.0768 0.8489
vt 0.0734 0.8489
vt 0.0854 0.8489
vt 0.0854 0.8560
vt 0.0857 0.8560
vt 0.0857 0.8489
vt 0.0705 0.8703
vt 0.0711 0.8703
vt 0.0711 0.8631
vt 0.0705 0.8631
vt 0.0689 0.8631
vt 0.0689 0.8560
vt 0.0679 0.8560
vt 0.0679 0.8631
vt 0.0815 0.8631
vt 0.0815 0.8560
vt 0.0809 0.8560
vt 0.0809 0.8631
vt 0.0849 0.8631
vt 0.0849 0.8560
vt 0.0724 0.8560
vt 0.0724 0.8489
vt 0.0863 0.8560
vt 0.0863 0.8489
vt 0.0724 0.8631
vt 0.0724 0.8560
vt 0.0695 0.8631
vt 0.0695 0.8703
vt 0.0803 0.8560
vt 0.0813 0.8560
vt 0.0813 0.8489
vt 0.0803 0.8489
vt 0.0724 0.8560
vt 0.0724 0.8489
vt 0.0809 0.8631
vt 0.0809 0.8560
vt 0.0721 0.8631
vt 0.0721 0.8703
vt 0.0727 0.8703
vt 0.0727 0.8631
vt 0.0711 0.8703
vt 0.0711 0.8631
vt 0.0728 0.8631
vt 0.0728 0.8703
vt 0.0738 0.8703
vt 0.0738 0.8631
vt 0.0862 0.8631
vt 0.0862 0.8703
vt 0.0866 0.8703
vt 0.0866 0.8631
vt 0.0863 0.8560
vt 0.0866 0.8560
vt 0.0866 0.8489
vt 0.0863 0.8489
vt 0.0847 0.8560
vt 0.0854 0.8560
vt 0.0854 0.8489
vt 0.0847 0.8489
vt 0.0872 0.8560
vt 0.0872 0.8489
vt 0.0744 0.8703
vt 0.0744 0.8631
vt 0.0768 0.8489
vt 0.0768 0.8560
vt 0.0849 0.8631
vt 0.0849 0.8560
vt 0.0815 0.8560
vt 0.0815 0.8631
vt 0.0857 0.8560
vt 0.0863 0.8560
vt 0.0863 0.8489
vt 0.0857 0.8489
vt 0.0728 0.8560
vt 0.0728 0.8631
vt 0.0689 0.8560
vt 0.0689 0.8631
vt 0.0724 0.8631
vt 0.0724 0.8560
vt 0.0705 0.8703
vt 0.0711 0.8703
vt 0.0711 0.8631
vt 0.0705 0.8631
vt 0.0724 0.8489
vt 0.0724 0.8560
vt 0.0872 0.8703
vt 0.0872 0.8631
vt 0.0813 0.8560
vt 0.0813 0.8489
vt 0.0695 0.8631
vt 0.0695 0.8703
vt 0.0866 0.8703
vt 0.0872 0.8703
vt 0.0872 0.8631
vt 0.0866 0.8631
vt 0.0854 0.8489
vt 0.0854 0.8560
vt 0.0679 0.8560
vt 0.0679 0.8631
vt 0.0809 0.8560
vt 0.0809 0.8631
vt 0.0738 0.8703
vt 0.0744 0.8703
vt 0.0744 0.8631
vt 0.0738 0.8631
vt 0.0862 0.8631
vt 0.0862 0.8703
vt 0.0728 0.8631
vt 0.0728 0.8703
vt 0.0803 0.8560
vt 0.0803 0.8631
vt 0.0809 0.8631
vt 0.0809 0.8560
vt 0.0857 0.8560
vt 0.0863 0.8560
vt 0.0863 0.8489
vt 0.0857 0.8489
vt 0.0849 0.8631
vt 0.0849 0.8560
vt 0.0815 0.8560
vt 0.0815 0.8631
vt 0.0689 0.8560
vt 0.0689 0.8631
vt 0.0724 0.8631
vt 0.0724 0.8560
vt 0.0713 0.8489
vt 0.0713 0.8560
vt 0.0724 0.8560
vt 0.0724 0.8489
vt 0.0695 0.8631
vt 0.0695 0.8703
vt 0.0705 0.8703
vt 0.0705 0.8631
vt 0.0734 0.8560
vt 0.0728 0.8560
vt 0.0728 0.8631
vt 0.0734 0.8631
vt 0.0853 0.8703
vt 0.0856 0.8703
vt 0.0856 0.8631
vt 0.0853 0.8631
vt 0.0734 0.8489
vt 0.0724 0.8489
vt 0.0724 0.8560
vt 0.0734 0.8560
vt 0.0809 0.8560
vt 0.0809 0.8631
vt 0.0679 0.8703
vt 0.0689 0.8703
vt 0.0689 0.8631
vt 0.0679 0.8631
vt 0.0711 0.8703
vt 0.0711 0.8631
vt 0.0854 0.8489
vt 0.0854 0.8560
vt 0.0679 0.8560
vt 0.0679 0.8631
vt 0.0862 0.8703
vt 0.0862 0.8631
vt 0.0695 0.8703
vt 0.0695 0.8631
vt 0.0679 0.8489
vt 0.0679 0.8560
vt 0.0768 0.8560
vt 0.0768 0.8489
vt 0.0768 0.8560
vt 0.0768 0.8631
vt 0.0689 0.8631
vt 0.0689 0.8560
vt 0.0679 0.8560
vt 0.0679 0.8631
vt 0.0815 0.8631
vt 0.0815 0.8560
vt 0.0809 0.8560
vt 0.0809 0.8631
vt 0.0768 0.8560
vt 0.0768 0.8631
vt 0.0854 0.8489
vt 0.0854 0.8560
vt 0.0857 0.8560
vt 0.0857 0.8489
vt 0.0695 0.8631
vt 0.0695 0.8703
vt 0.0705 0.8703
vt 0.0705 0.8631
vt 0.0711 0.8703
vt 0.0711 0.8631
vt 0.0849 0.8631
vt 0.0849 0.8560
vt 0.0863 0.8560
vt 0.0863 0.8489
vt 0.0724 0.8631
vt 0.0724 0.8560
vt 0.0724 0.8560
vt 0.0724 0.8489
vt 0.0809 0.8631
vt 0.0809 0.8560
vt 0.0862 0.8631
vt 0.0862 0.8703
vt 0.0866 0.8703
vt 0.0866 0.8631
vt 0.0728 0.8631
vt 0.0728 0.8703
vt 0.0738 0.8703
vt 0.0738 0.8631
vt 0.0744 0.8703
vt 0.0744 0.8631
vt 0.0872 0.8703
vt 0.0872 0.8631
vt 0.1430 0.7358
vt 0.1429 0.7334
vt 0.1429 0.7334
vt 0.1429 0.7358
vt 0.1682 0.7240
vt 0.1673 0.7217
vt 0.1673 0.7218
vt 0.1681 0.7240
vt 0.1429 0.7310
vt 0.1429 0.7310
vt 0.1157 0.6621
vt 0.1151 0.6636
vt 0.1152 0.6636
vt 0.1158 0.6621
vt 0.1710 0.7237
vt 0.1709 0.7213
vt 0.1709 0.7213
vt 0.1710 0.7237
vt 0.1429 0.7358
vt 0.1428 0.7334
vt 0.1428 0.7334
vt 0.1428 0.7358
vt 0.1616 0.7029
vt 0.1608 0.7051
vt 0.1608 0.7051
vt 0.1617 0.7029
vt 0.1708 0.7213
vt 0.1709 0.7237
vt 0.1614 0.7028
vt 0.1606 0.7051
vt 0.1606 0.7051
vt 0.1615 0.7028
vt 0.1707 0.7237
vt 0.1706 0.7214
vt 0.1706 0.7214
vt 0.1707 0.7237
vt 0.1567 0.7148
vt 0.1567 0.7171
vt 0.1568 0.7171
vt 0.1567 0.7148
vt 0.1704 0.7214
vt 0.1705 0.7237
vt 0.1565 0.7148
vt 0.1565 0.7171
vt 0.1703 0.7239
vt 0.1695 0.7216
vt 0.1694 0.7216
vt 0.1703 0.7239
vt 0.1708 0.7213
vt 0.1708 0.7237
vt 0.1147 0.6651
vt 0.1148 0.6651
vt 0.1709 0.7189
vt 0.1709 0.7189
vt 0.1428 0.7310
vt 0.1427 0.7310
vt 0.1602 0.7074
vt 0.1602 0.7075
vt 0.1708 0.7189
vt 0.1600 0.7074
vt 0.1600 0.7074
vt 0.1706 0.7190
vt 0.1706 0.7190
vt 0.1568 0.7195
vt 0.1568 0.7195
vt 0.1704 0.7190
vt 0.1566 0.7195
vt 0.1689 0.7193
vt 0.1688 0.7193
vt 0.1707 0.7189
vt 0.1667 0.7194
vt 0.1667 0.7194
vt 0.1144 0.6666
vt 0.1143 0.6682
vt 0.1144 0.6682
vt 0.1146 0.6666
vt 0.1708 0.7165
vt 0.1708 0.7165
vt 0.1427 0.7286
vt 0.1427 0.7286
vt 0.1598 0.7098
vt 0.1598 0.7098
vt 0.1707 0.7165
vt 0.1428 0.7286
vt 0.1595 0.7098
vt 0.1596 0.7098
vt 0.1706 0.7166
vt 0.1705 0.7166
vt 0.1568 0.7220
vt 0.1568 0.7220
vt 0.1703 0.7166
vt 0.1566 0.7220
vt 0.1684 0.7169
vt 0.1684 0.7169
vt 0.1707 0.7165
vt 0.1663 0.7170
vt 0.1662 0.7170
vt 0.1429 0.7286
vt 0.1708 0.7141
vt 0.1708 0.7141
vt 0.1427 0.7262
vt 0.1427 0.7262
vt 0.1596 0.7122
vt 0.1596 0.7122
vt 0.1707 0.7141
vt 0.1428 0.7262
vt 0.1593 0.7122
vt 0.1594 0.7122
vt 0.1705 0.7142
vt 0.1705 0.7142
vt 0.1568 0.7244
vt 0.1568 0.7244
vt 0.1703 0.7142
vt 0.1566 0.7244
vt 0.1682 0.7145
vt 0.1682 0.7145
vt 0.1707 0.7141
vt 0.1661 0.7146
vt 0.1660 0.7146
vt 0.1428 0.7262
vt 0.1708 0.7118
vt 0.1708 0.7118
vt 0.1427 0.7238
vt 0.1427 0.7238
vt 0.1596 0.7146
vt 0.1596 0.7146
vt 0.1707 0.7118
vt 0.1428 0.7238
vt 0.1593 0.7146
vt 0.1594 0.7146
vt 0.1705 0.7118
vt 0.1705 0.7118
vt 0.1568 0.7267
vt 0.1568 0.7267
vt 0.1703 0.7118
vt 0.1566 0.7267
vt 0.1682 0.7121
vt 0.1682 0.7121
vt 0.1707 0.7118
vt 0.1661 0.7122
vt 0.1660 0.7122
vt 0.1428 0.7238
vt 0.1143 0.6698
vt 0.1144 0.6698
vt 0.1448 0.7247
vt 0.1449 0.7255
vt 0.1449 0.7255
vt 0.1449 0.7247
vt 0.1443 0.7246
vt 0.1443 0.7251
vt 0.1444 0.7252
vt 0.1444 0.7246
vt 0.1443 0.7247
vt 0.1443 0.7256
vt 0.1443 0.7256
vt 0.1443 0.7247
vt 0.1454 0.7246
vt 0.1454 0.7248
vt 0.1455 0.7248
vt 0.1455 0.7246
vt 0.1517 0.7043
vt 0.1516 0.7043
vt 0.1447 0.7247
vt 0.1447 0.7256
vt 0.1448 0.7256
vt 0.1448 0.7247
vt 0.1453 0.7246
vt 0.1454 0.7248
vt 0.1516 0.7253
vt 0.1516 0.7253
vt 0.1566 0.7132
vt 0.1567 0.7141
vt 0.1568 0.7141
vt 0.1566 0.7132
vt 0.1519 0.7043
vt 0.1521 0.7035
vt 0.1520 0.7035
vt 0.1519 0.7043
vt 0.1446 0.7252
vt 0.1446 0.7246
vt 0.1453 0.7246
vt 0.1453 0.7248
vt 0.1441 0.7247
vt 0.1441 0.7256
vt 0.1453 0.7229
vt 0.1453 0.7226
vt 0.1451 0.7226
vt 0.1451 0.7229
vt 0.1453 0.7149
vt 0.1451 0.7149
vt 0.1568 0.7145
vt 0.1566 0.7141
vt 0.1565 0.7142
vt 0.1569 0.7148
vt 0.1523 0.7076
vt 0.1522 0.7076
vt 0.1522 0.7028
vt 0.1521 0.7030
vt 0.1094 0.6631
vt 0.1095 0.6625
vt 0.1096 0.6622
vt 0.1094 0.6628
vt 0.1093 0.6631
vt 0.1443 0.7259
vt 0.1443 0.7260
vt 0.1447 0.7262
vt 0.1448 0.7263
vt 0.1518 0.7034
vt 0.1519 0.7034
vt 0.1441 0.7259
vt 0.1458 0.7149
vt 0.1458 0.7156
vt 0.1458 0.7156
vt 0.1458 0.7149
vt 0.1458 0.7233
vt 0.1458 0.7233
vt 0.1459 0.7149
vt 0.1459 0.7149
vt 0.1460 0.7218
vt 0.1460 0.7149
vt 0.1451 0.7226
vt 0.1451 0.7229
vt 0.1451 0.7149
vt 0.1449 0.7263
vt 0.1449 0.7262
vt 0.1475 0.7099
vt 0.1475 0.7100
vt 0.1067 0.6668
vt 0.1094 0.6625
vt 0.1066 0.6667
vt 0.0813 0.8560
vt 0.0847 0.8560
vt 0.0847 0.8489
vt 0.0813 0.8489
vt 0.0803 0.8489
vt 0.0768 0.8489
vt 0.0768 0.8560
vt 0.0803 0.8560
vt 0.0866 0.8489
vt 0.0866 0.8560
vt 0.0872 0.8560
vt 0.0872 0.8489
vt 0.0721 0.8631
vt 0.0721 0.8703
vt 0.0727 0.8703
vt 0.0727 0.8631
vt 0.0863 0.8560
vt 0.0863 0.8489
vt 0.0711 0.8703
vt 0.0711 0.8631
vt 0.0854 0.8560
vt 0.0854 0.8489
vt 0.0813 0.8560
vt 0.0813 0.8489
vt 0.0768 0.8560
vt 0.0734 0.8560
vt 0.0734 0.8631
vt 0.0768 0.8631
vt 0.0734 0.8560
vt 0.0768 0.8560
vt 0.0768 0.8489
vt 0.0734 0.8489
vt 0.0856 0.8631
vt 0.0856 0.8703
vt 0.0862 0.8703
vt 0.0862 0.8631
vt 0.0689 0.8631
vt 0.0689 0.8703
vt 0.0695 0.8703
vt 0.0695 0.8631
vt 0.0853 0.8703
vt 0.0853 0.8631
vt 0.0679 0.8703
vt 0.0679 0.8631
vt 0.0728 0.8560
vt 0.0728 0.8631
vt 0.0724 0.8489
vt 0.0724 0.8560
vt 0.0813 0.8560
vt 0.0847 0.8560
vt 0.0847 0.8489
vt 0.0813 0.8489
vt 0.0803 0.8489
vt 0.0768 0.8489
vt 0.0768 0.8560
vt 0.0803 0.8560
vt 0.0866 0.8489
vt 0.0866 0.8560
vt 0.0872 0.8560
vt 0.0872 0.8489
vt 0.0721 0.8631
vt 0.0721 0.8703
vt 0.0727 0.8703
vt 0.0727 0.8631
vt 0.0863 0.8560
vt 0.0863 0.8489
vt 0.0711 0.8703
vt 0.0711 0.8631
vt 0.0854 0.8560
vt 0.0854 0.8489
vt 0.0813 0.8560
vt 0.0813 0.8489
vt 0.0768 0.8560
vt 0.0734 0.8560
vt 0.0734 0.8631
vt 0.0768 0.8631
vt 0.0734 0.8560
vt 0.0768 0.8560
vt 0.0768 0.8489
vt 0.0734 0.8489
vt 0.0856 0.8631
vt 0.0856 0.8703
vt 0.0862 0.8703
vt 0.0862 0.8631
vt 0.0689 0.8631
vt 0.0689 0.8703
vt 0.0695 0.8703
vt 0.0695 0.8631
vt 0.0853 0.8703
vt 0.0853 0.8631
vt 0.0679 0.8703
vt 0.0679 0.8631
vt 0.0728 0.8560
vt 0.0728 0.8631
vt 0.0724 0.8489
vt 0.0724 0.8560
vt 0.0813 0.8560
vt 0.0847 0.8560
vt 0.0847 0.8489
vt 0.0813 0.8489
vt 0.0803 0.8489
vt 0.0768 0.8489
vt 0.0768 0.8560
vt 0.0803 0.8560
vt 0.0866 0.8489
vt 0.0866 0.8560
vt 0.0872 0.8560
vt 0.0872 0.8489
vt 0.0721 0.8631
vt 0.0721 0.8703
vt 0.0727 0.8703
vt 0.0727 0.8631
vt 0.0863 0.8560
vt 0.0863 0.8489
vt 0.0711 0.8703
vt 0.0711 0.8631
vt 0.0854 0.8560
vt 0.0854 0.8489
vt 0.0813 0.8560
vt 0.0813 0.8489
vt 0.0768 0.8560
vt 0.0734 0.8560
vt 0.0734 0.8631
vt 0.0768 0.8631
vt 0.0734 0.8560
vt 0.0768 0.8560
vt 0.0768 0.8489
vt 0.0734 0.8489
vt 0.0856 0.8631
vt 0.0856 0.8703
vt 0.0862 0.8703
vt 0.0862 0.8631
vt 0.0689 0.8631
vt 0.0689 0.8703
vt 0.0695 0.8703
vt 0.0695 0.8631
vt 0.0853 0.8703
vt 0.0853 0.8631
vt 0.0679 0.8703
vt 0.0679 0.8631
vt 0.0728 0.8560
vt 0.0728 0.8631
vt 0.0724 0.8489
vt 0.0724 0.8560
vt 0.0813 0.8560
vt 0.0847 0.8560
vt 0.0847 0.8489
vt 0.0813 0.8489
vt 0.0803 0.8489
vt 0.0768 0.8489
vt 0.0768 0.8560
vt 0.0803 0.8560
vt 0.0866 0.8489
vt 0.0866 0.8560
vt 0.0872 0.8560
vt 0.0872 0.8489
vt 0.0721 0.8631
vt 0.0721 0.8703
vt 0.0727 0.8703
vt 0.0727 0.8631
vt 0.0863 0.8560
vt 0.0863 0.8489
vt 0.0711 0.8703
vt 0.0711 0.8631
vt 0.0854 0.8560
vt 0.0854 0.8489
vt 0.0813 0.8560
vt 0.0813 0.8489
vt 0.0768 0.8560
vt 0.0734 0.8560
vt 0.0734 0.8631
vt 0.0768 0.8631
vt 0.0734 0.8560
vt 0.0768 0.8560
vt 0.0768 0.8489
vt 0.0734 0.8489
vt 0.0856 0.8631
vt 0.0856 0.8703
vt 0.0862 0.8703
vt 0.0862 0.8631
vt 0.0689 0.8631
vt 0.0689 0.8703
vt 0.0695 0.8703
vt 0.0695 0.8631
vt 0.0853 0.8703
vt 0.0853 0.8631
vt 0.0679 0.8703
vt 0.0679 0.8631
vt 0.0728 0.8560
vt 0.0728 0.8631
vt 0.0724 0.8489
vt 0.0724 0.8560
vt 0.0813 0.8560
vt 0.0847 0.8560
vt 0.0847 0.8489
vt 0.0813 0.8489
vt 0.0803 0.8489
vt 0.0768 0.8489
vt 0.0768 0.8560
vt 0.0803 0.8560
vt 0.0866 0.8489
vt 0.0866 0.8560
vt 0.0872 0.8560
vt 0.0872 0.8489
vt 0.0721 0.8631
vt 0.0721 0.8703
vt 0.0727 0.8703
vt 0.0727 0.8631
vt 0.0863 0.8560
vt 0.0863 0.8489
vt 0.0711 0.8703
vt 0.0711 0.8631
vt 0.0854 0.8560
vt 0.0854 0.8489
vt 0.0813 0.8560
vt 0.0813 0.8489
vt 0.0768 0.8560
vt 0.0734 0.8560
vt 0.0734 0.8631
vt 0.0768 0.8631
vt 0.0734 0.8560
vt 0.0768 0.8560
vt 0.0768 0.8489
vt 0.0734 0.8489
vt 0.0856 0.8631
vt 0.0856 0.8703
vt 0.0862 0.8703
vt 0.0862 0.8631
vt 0.0689 0.8631
vt 0.0689 0.8703
vt 0.0695 0.8703
vt 0.0695 0.8631
vt 0.0853 0.8703
vt 0.0853 0.8631
vt 0.0679 0.8703
vt 0.0679 0.8631
vt 0.0728 0.8560
vt 0.0728 0.8631
vt 0.0724 0.8489
vt 0.0724 0.8560
vt 0.0813 0.8560
vt 0.0847 0.8560
vt 0.0847 0.8489
vt 0.0813 0.8489
vt 0.0803 0.8489
vt 0.0768 0.8489
vt 0.0768 0.8560
vt 0.0803 0.8560
vt 0.0866 0.8489
vt 0.0866 0.8560
vt 0.0872 0.8560
vt 0.0872 0.8489
vt 0.0721 0.8631
vt 0.0721 0.8703
vt 0.0727 0.8703
vt 0.0727 0.8631
vt 0.0863 0.8560
vt 0.0863 0.8489
vt 0.0711 0.8703
vt 0.0711 0.8631
vt 0.0854 0.8560
vt 0.0854 0.8489
vt 0.0813 0.8560
vt 0.0813 0.8489
vt 0.0768 0.8560
vt 0.0734 0.8560
vt 0.0734 0.8631
vt 0.0768 0.8631
vt 0.0734 0.8560
vt 0.0768 0.8560
vt 0.0768 0.8489
vt 0.0734 0.8489
vt 0.0856 0.8631
vt 0.0856 0.8703
vt 0.0862 0.8703
vt 0.0862 0.8631
vt 0.0689 0.8631
vt 0.0689 0.8703
vt 0.0695 0.8703
vt 0.0695 0.8631
vt 0.0853 0.8703
vt 0.0853 0.8631
vt 0.0679 0.8703
vt 0.0679 0.8631
vt 0.0728 0.8560
vt 0.0728 0.8631
vt 0.0724 0.8489
vt 0.0724 0.8560
vt 0.0813 0.8560
vt 0.0847 0.8560
vt 0.0847 0.8489
vt 0.0813 0.8489
vt 0.0803 0.8489
vt 0.0768 0.8489
vt 0.0768 0.8560
vt 0.0803 0.8560
vt 0.0866 0.8489
vt 0.0866 0.8560
vt 0.0872 0.8560
vt 0.0872 0.8489
vt 0.0721 0.8631
vt 0.0721 0.8703
vt 0.0727 0.8703
vt 0.0727 0.8631
vt 0.0863 0.8560
vt 0.0863 0.8489
vt 0.0711 0.8703
vt 0.0711 0.8631
vt 0.0854 0.8560
vt 0.0854 0.8489
vt 0.0813 0.8560
vt 0.0813 0.8489
vt 0.1428 0.7238
vt 0.1427 0.7238
vt 0.1448 0.7247
vt 0.1447 0.7247
vt 0.1566 0.7132
vt 0.1566 0.7132
vt 0.1708 0.7118
vt 0.1707 0.7118
vt 0.1446 0.7246
vt 0.1444 0.7246
vt 0.1596 0.7146
vt 0.1596 0.7146
vt 0.1443 0.7247
vt 0.1441 0.7247
vt 0.1427 0.7238
vt 0.1443 0.7246
vt 0.1708 0.7118
vt 0.1443 0.7247
vt 0.1143 0.6698
vt 0.1144 0.6698
vt 0.1516 0.7043
vt 0.1517 0.7043
vt 0.1428 0.7238
vt 0.1661 0.7122
vt 0.1660 0.7122
vt 0.1454 0.7246
vt 0.1453 0.7246
vt 0.1707 0.7118
vt 0.1682 0.7121
vt 0.1682 0.7121
vt 0.1448 0.7247
vt 0.1566 0.7267
vt 0.1568 0.7267
vt 0.1519 0.7043
vt 0.1519 0.7043
vt 0.1705 0.7118
vt 0.1703 0.7118
vt 0.1453 0.7246
vt 0.1568 0.7267
vt 0.1449 0.7247
vt 0.1705 0.7118
vt 0.1093 0.6631
vt 0.1094 0.6631
vt 0.1593 0.7146
vt 0.1594 0.7146
vt 0.1455 0.7246
vt 0.1516 0.7253
vt 0.1516 0.7253
vn 0.0000 -1.0000 -0.0000
vn 1.0000 0.0000 0.0000
vn 0.0000 -0.0000 1.0000
vn -1.0000 0.0000 0.0000
vn 0.4229 0.9062 0.0000
vn -0.0000 0.0000 -1.0000
vn -0.4229 0.9062 0.0000
vn 0.0000 1.0000 0.0000
vn 0.5000 0.0000 -0.8660
vn 0.5000 -0.0000 0.8660
vn -0.5000 -0.0000 0.8660
vn -0.5000 0.0000 -0.8660
vn -0.9990 0.0000 0.0436
vn 0.9990 0.0000 -0.0436
vn -0.4228 0.9060 0.0185
vn 0.4228 0.9060 -0.0185
vn -0.9914 0.0000 0.1305
vn 0.9914 0.0000 -0.1305
vn -0.4196 0.9060 0.0552
vn 0.4196 0.9060 -0.0552
vn -0.9763 0.0000 0.2164
vn 0.9763 0.0000 -0.2164
vn -0.4132 0.9060 0.0916
vn 0.4132 0.9060 -0.0916
vn -0.9537 0.0000 0.3007
vn 0.9537 0.0000 -0.3007
vn -0.4036 0.9060 0.1273
vn 0.4036 0.9060 -0.1273
vn -0.9239 0.0000 0.3827
vn 0.9239 0.0000 -0.3827
vn -0.3910 0.9060 0.1620
vn 0.3910 0.9060 -0.1620
vn -0.9990 0.0000 0.0454
vn -0.0454 0.0000 -0.9990
vn 0.0454 -0.0000 0.9990
vn 0.4602 0.0000 -0.8878
vn 0.5388 -0.0000 0.8424
vn -0.9990 0.0000 0.0453
vn 0.9990 0.0000 -0.0453
vn -0.4602 0.0000 0.8878
vn -0.5388 0.0000 -0.8424
vn 0.9990 0.0000 -0.0454
vn -0.9910 0.0000 0.1340
vn -0.1340 0.0000 -0.9910
vn 0.1340 0.0000 0.9910
vn 0.3795 0.0000 -0.9252
vn 0.6116 0.0000 0.7912
vn 0.9910 0.0000 -0.1340
vn -0.3794 0.0000 0.9252
vn -0.6116 0.0000 -0.7912
vn -0.3795 0.0000 0.9252
vn -0.9910 0.0000 0.1339
vn 0.3794 0.0000 -0.9252
vn 0.6115 0.0000 0.7912
vn -0.9748 0.0000 0.2232
vn -0.2232 0.0000 -0.9748
vn 0.2232 0.0000 0.9748
vn -0.2233 0.0000 -0.9747
vn 0.2233 0.0000 0.9748
vn -0.2233 -0.0000 -0.9748
vn 0.2940 0.0000 -0.9558
vn 0.6808 0.0000 0.7325
vn -0.9747 0.0000 0.2233
vn 0.9748 0.0000 -0.2232
vn -0.2940 0.0000 0.9558
vn -0.6808 0.0000 -0.7325
vn -0.9748 0.0000 0.2231
vn 0.6807 0.0000 0.7325
vn -0.9500 0.0000 0.3123
vn -0.3123 0.0000 -0.9500
vn 0.3123 0.0000 0.9500
vn -0.3124 0.0000 -0.9500
vn 0.3124 -0.0000 0.9500
vn 0.2045 0.0000 -0.9789
vn 0.7455 0.0000 0.6665
vn -0.9499 0.0000 0.3124
vn 0.9500 0.0000 -0.3123
vn -0.2045 0.0000 0.9789
vn -0.7456 0.0000 -0.6664
vn 0.9499 0.0000 -0.3124
vn -0.9500 0.0000 0.3121
vn -0.9157 0.0000 0.4019
vn -0.4019 0.0000 -0.9157
vn 0.4019 0.0000 0.9157
vn -0.4020 0.0000 -0.9157
vn 0.4020 0.0000 0.9157
vn 0.1097 0.0000 -0.9940
vn 0.8059 0.0000 0.5920
vn -0.9156 0.0000 0.4020
vn 0.9157 0.0000 -0.4019
vn -0.1097 0.0000 0.9940
vn -0.8060 0.0000 -0.5920
vn 0.4020 0.0000 0.9156
vn -0.1098 0.0000 0.9940
vn -0.8060 0.0000 -0.5919
vn 0.9156 0.0000 -0.4021
vn -0.9157 0.0000 0.4018
vn 0.3845 0.9062 -0.1760
vn -0.3845 0.9062 0.1760
vn 0.9093 0.0000 -0.4162
vn -0.9093 0.0000 0.4162
vn -0.4226 0.0000 -0.9063
vn 0.1540 0.9881 0.0000
vn 0.6215 0.7834 0.0000
vn -0.1540 0.9881 0.0000
vn -0.9682 -0.2503 -0.0000
vn 0.6375 -0.7705 -0.0000
vn 0.6873 -0.7263 -0.0000
vn 0.9682 -0.2503 -0.0000
vn -0.6375 -0.7705 -0.0000
vn -0.6873 -0.7263 -0.0000
vn -0.9827 -0.1853 -0.0000
vn -0.9640 0.2661 0.0000
vn 0.9827 -0.1853 -0.0000
vn 0.9640 0.2661 0.0000
vn -0.6215 0.7834 0.0000
vn -0.9952 -0.0983 -0.0000
vn -0.8503 -0.5263 -0.0000
vn -0.4219 -0.9066 -0.0000
vn -0.9727 -0.2321 0.0000
vn -0.9409 0.3387 0.0000
vn 0.9639 0.2661 0.0000
vn -0.3758 0.9267 0.0000
vn -0.0199 0.9998 0.0000
vn -0.1303 -0.9915 -0.0000
vn 0.1416 0.9899 0.0000
vn -0.9487 -0.3163 -0.0000
vn 0.9634 0.2679 0.0000
vn -0.5599 -0.8286 -0.0000
vn 0.6102 0.7923 0.0000
vn 0.1303 -0.9915 -0.0000
vn -0.1416 0.9899 0.0000
vn 0.9486 -0.3163 -0.0000
vn -0.9634 0.2679 0.0000
vn 0.5599 -0.8286 -0.0000
vn -0.6102 0.7923 0.0000
vn -0.9486 -0.3163 -0.0000
vn 0.9487 -0.3163 -0.0000
vn 0.6932 -0.7201 -0.0303
vn 0.6909 -0.7204 -0.0604
vn 0.9791 -0.1843 -0.0857
vn 0.9820 -0.1841 -0.0429
vn 0.6311 -0.7752 -0.0276
vn 0.6290 -0.7755 -0.0550
vn 0.6830 -0.7204 -0.1204
vn 0.9679 -0.1843 -0.1707
vn 0.1582 0.9874 -0.0069
vn 0.1576 0.9874 -0.0138
vn -0.1493 0.9887 0.0131
vn -0.1498 0.9887 0.0065
vn -0.6152 0.7879 0.0269
vn -0.6131 0.7882 0.0536
vn -0.9598 0.2679 0.0840
vn -0.9626 0.2677 0.0420
vn 0.9636 0.2639 -0.0421
vn 0.9608 0.2642 -0.0841
vn 0.6251 0.7786 -0.0547
vn 0.6273 0.7783 -0.0274
vn -0.9788 -0.1862 0.0856
vn -0.9816 -0.1860 0.0429
vn -0.6432 -0.7652 0.0281
vn -0.6410 -0.7655 0.0561
vn -0.9649 -0.2486 0.0844
vn -0.9677 -0.2484 0.0423
vn 0.9669 -0.2517 -0.0422
vn 0.9641 -0.2520 -0.0843
vn -0.9962 -0.0000 0.0872
vn 0.9962 0.0000 -0.0872
vn -0.6807 -0.7319 0.0297
vn -0.6784 -0.7323 0.0594
vn 0.1558 0.9874 -0.0275
vn -0.1475 0.9887 0.0260
vn -0.6061 0.7881 0.1069
vn -0.9488 0.2679 0.1673
vn 0.9498 0.2642 -0.1675
vn 0.6180 0.7786 -0.1090
vn -0.9676 -0.1861 0.1706
vn -0.6336 -0.7655 0.1117
vn -0.9539 -0.2486 0.1682
vn 0.9530 -0.2519 -0.1680
vn 0.6218 -0.7755 -0.1096
vn -0.9848 -0.0000 0.1736
vn 0.9848 0.0000 -0.1736
vn -0.6707 -0.7322 0.1183
vn 0.1528 0.9874 -0.0409
vn 0.1486 0.9874 -0.0541
vn -0.1408 0.9887 0.0512
vn -0.1447 0.9887 0.0388
vn -0.5945 0.7882 0.1593
vn -0.9306 0.2679 0.2494
vn 0.9316 0.2642 -0.2496
vn 0.6061 0.7786 -0.1624
vn -0.9490 -0.1861 0.2543
vn 0.9494 -0.1843 -0.2544
vn -0.6214 -0.7656 0.1665
vn -0.9356 -0.2486 0.2507
vn 0.9348 -0.2519 -0.2505
vn 0.6099 -0.7755 -0.1634
vn -0.9659 -0.0000 0.2588
vn 0.9659 0.0000 -0.2588
vn -0.6578 -0.7322 0.1763
vn 0.6699 -0.7205 -0.1795
vn -0.5783 0.7882 0.2105
vn -0.9053 0.2680 0.3295
vn 0.9063 0.2642 -0.3299
vn 0.5896 0.7786 -0.2146
vn -0.9233 -0.1861 0.3360
vn 0.9236 -0.1843 -0.3362
vn -0.6046 -0.7656 0.2200
vn -0.9102 -0.2487 0.3313
vn 0.9094 -0.2519 -0.3310
vn 0.5933 -0.7755 -0.2159
vn -0.9397 -0.0000 0.3420
vn 0.9397 0.0000 -0.3420
vn -0.6400 -0.7322 0.2329
vn 0.6517 -0.7205 -0.2372
vn -0.5675 0.7853 0.2474
vn -0.8835 0.2668 0.3850
vn 0.8839 0.2653 -0.3853
vn 0.5721 0.7813 -0.2493
vn -0.1396 0.9883 0.0609
vn -0.9008 -0.1855 0.3925
vn 0.9009 -0.1848 -0.3927
vn 0.1428 0.9878 -0.0622
vn -0.5867 -0.7684 0.2557
vn -0.8877 -0.2496 0.3869
vn 0.8874 -0.2509 -0.3867
vn 0.5821 -0.7725 -0.2537
vn -0.9167 -0.0000 0.3995
vn 0.9167 0.0000 -0.3995
vn -0.6278 -0.7287 0.2736
vn 0.6326 -0.7238 -0.2757
vn -0.8835 0.2667 0.3850
vn -0.8907 0.2658 0.3689
vn -0.5745 0.7831 0.2380
vn -0.5676 0.7853 0.2474
vn 0.5821 -0.7726 -0.2537
vn 0.7857 -0.5261 -0.3254
vn 0.9194 -0.0982 -0.3808
vn 0.8874 -0.2510 -0.3867
vn -0.8877 -0.2495 0.3869
vn -0.8945 -0.2500 0.3705
vn -0.5892 -0.7702 0.2441
vn -0.5868 -0.7683 0.2557
vn 0.8987 -0.2318 -0.3723
vn 0.3900 -0.9065 -0.1615
vn 0.0184 0.9998 -0.0076
vn 0.3474 0.9266 -0.1439
vn 0.5722 0.7813 -0.2493
vn -0.6277 -0.7288 0.2736
vn -0.6352 -0.7261 0.2631
vn -0.9079 -0.1851 0.3761
vn -0.9008 -0.1856 0.3925
vn 0.8839 0.2652 -0.3853
vn 0.8694 0.3384 -0.3601
vn -0.1424 0.9880 0.0590
vn 0.9481 -0.3179 -0.0000
vn 0.3890 -0.9212 -0.0000
vn 0.6374 -0.7705 -0.0000
vn 0.9090 -0.4169 0.0000
vn -0.3596 -0.9211 0.1490
vn -0.8399 -0.4166 0.3479
vn -0.7705 0.5518 0.3192
vn -0.2645 0.9581 0.1096
vn -0.8761 -0.3176 0.3629
vn -0.9202 -0.0890 0.3812
vn 0.8336 0.5524 0.0000
vn 0.2861 0.9582 0.0000
vn 0.9960 -0.0891 0.0000
vn 0.9950 0.1000 0.0000
vn -0.9193 0.0999 0.3808
vn -0.1302 -0.9915 0.0059
vn 0.1415 0.9899 -0.0064
vn -0.9477 -0.3163 0.0430
vn 0.9625 0.2679 -0.0437
vn -0.5593 -0.8286 0.0254
vn 0.6096 0.7923 -0.0277
vn 0.1302 -0.9915 -0.0059
vn -0.1415 0.9899 0.0064
vn 0.9477 -0.3163 -0.0430
vn -0.9625 0.2679 0.0437
vn 0.5593 -0.8286 -0.0254
vn -0.6096 0.7923 0.0277
vn -0.1292 -0.9915 0.0175
vn 0.1404 0.9899 -0.0190
vn -0.9401 -0.3163 0.1271
vn 0.9548 0.2679 -0.1291
vn -0.5548 -0.8286 0.0750
vn 0.6047 0.7923 -0.0818
vn 0.1292 -0.9915 -0.0175
vn -0.1404 0.9899 0.0190
vn 0.9401 -0.3163 -0.1271
vn 0.9401 -0.3164 -0.1271
vn -0.9548 0.2679 0.1291
vn 0.5548 -0.8286 -0.0750
vn -0.6047 0.7923 0.0818
vn -0.1271 -0.9915 0.0291
vn 0.1381 0.9899 -0.0316
vn -0.9247 -0.3164 0.2118
vn 0.9391 0.2679 -0.2151
vn 0.9748 0.0000 -0.2233
vn -0.5457 -0.8286 0.1250
vn 0.5948 0.7923 -0.1362
vn 0.1271 -0.9915 -0.0291
vn -0.1381 0.9899 0.0316
vn 0.9247 -0.3163 -0.2118
vn -0.9391 0.2679 0.2151
vn -0.9748 0.0000 0.2233
vn 0.5458 -0.8286 -0.1250
vn -0.5948 0.7923 0.1362
vn -0.1238 -0.9915 0.0407
vn 0.1346 0.9899 -0.0442
vn -0.9012 -0.3164 0.2963
vn 0.9152 0.2679 -0.3009
vn 0.9500 0.0000 -0.3124
vn -0.5318 -0.8286 0.1749
vn 0.5797 0.7923 -0.1906
vn 0.1238 -0.9915 -0.0407
vn -0.1346 0.9899 0.0442
vn 0.9012 -0.3163 -0.2963
vn -0.9152 0.2679 0.3009
vn 0.5319 -0.8286 -0.1749
vn -0.5797 0.7923 0.1906
vn -0.1194 -0.9915 0.0524
vn 0.1297 0.9899 -0.0569
vn -0.8686 -0.3164 0.3813
vn 0.8822 0.2679 -0.3873
vn 0.9157 0.0000 -0.4020
vn -0.5126 -0.8286 0.2250
vn 0.5587 0.7923 -0.2453
vn 0.1194 -0.9915 -0.0524
vn -0.1297 0.9899 0.0569
vn 0.8686 -0.3163 -0.3813
vn 0.8686 -0.3164 -0.3813
vn -0.8822 0.2679 0.3873
vn -0.9157 0.0000 0.4020
vn 0.5127 -0.8286 -0.2250
vn -0.5587 0.7923 0.2453
vn 0.8936 -0.1851 -0.4090
vn 0.8765 0.2658 -0.4012
vn -0.8935 -0.1854 0.4090
vn -0.6241 -0.7273 0.2857
vn -0.5805 -0.7697 0.2657
vn -0.8764 0.2664 0.4012
vn -0.8935 -0.1853 0.4090
vn 0.8802 -0.2506 -0.4029
vn -0.1394 0.9882 0.0638
vn -0.5643 0.7841 0.2583
vn -0.8804 -0.2500 0.4030
vn 0.5660 0.7827 -0.2591
vn 0.5787 -0.7713 -0.2649
vn 0.1407 0.9880 -0.0644
vn 0.5660 0.7826 -0.2591
vn 0.1406 0.9880 -0.0644
vn 0.6259 -0.7254 -0.2865
vn 0.8766 0.2657 -0.4013
vn -0.6241 -0.7272 0.2857
vn -0.8764 0.2663 0.4012
vn 0.8803 -0.2505 -0.4029
vn -0.8804 -0.2501 0.4030
usemtl Material_UniTex_dif.png.001
s off
f 1/1/1 4/2/1 3/3/1 2/4/1
f 3/5/2 4/6/2 6/7/2 5/8/2
f 2/9/3 3/10/3 5/11/3 23/12/3 22/13/3 21/14/3 20/15/3 19/16/3 18/17/3 17/18/3 16/19/3 15/20/3 14/21/3 13/22/3 12/23/3 11/24/3 10/25/3 9/26/3 8/27/3 7/28/3
f 1/29/4 2/30/4 7/31/4 24/32/4
f 5/33/5 6/34/5 25/35/5 23/36/5
f 1/37/6 24/38/6 40/39/6 39/40/6 38/41/6 37/42/6 36/43/6 35/44/6 34/45/6 33/46/6 32/47/6 31/48/6 30/49/6 29/50/6 28/51/6 27/52/6 26/53/6 25/54/6 6/55/6 4/56/6
f 24/57/7 7/58/7 8/59/7 40/60/7
f 41/61/4 44/62/4 43/63/4 42/64/4
f 41/65/6 42/66/6 62/67/6 61/68/6 60/69/6 59/70/6 58/71/6 57/72/6 56/73/6 55/74/6 54/75/6 53/76/6 52/77/6 51/78/6 50/79/6 49/80/6 48/81/6 47/82/6 46/83/6 45/84/6
f 42/85/7 43/86/7 63/87/7 62/88/7
f 64/89/4 67/90/4 66/91/4 65/92/4
f 65/93/6 66/94/6 69/95/6 68/96/6
f 70/97/3 71/98/3 67/99/3 64/100/3
f 72/101/1 75/102/1 74/103/1 73/104/1
f 76/105/6 77/106/6 75/107/6 72/108/6
f 78/109/3 79/110/3 73/111/3 74/112/3
f 80/113/3 79/110/3 78/109/3 81/114/3
f 82/115/6 77/106/6 76/105/6 83/116/6
f 70/97/3 80/113/3 81/114/3 71/98/3
f 69/95/6 82/115/6 83/116/6 68/96/6
f 84/117/1 89/118/1 88/119/1 87/120/1 86/121/1 85/122/1
f 90/123/8 95/124/8 94/125/8 93/126/8 92/127/8 91/128/8
f 88/129/9 89/130/9 91/131/9 92/132/9
f 86/133/10 87/134/10 93/135/10 94/136/10
f 84/137/4 85/138/4 95/139/4 90/140/4
f 87/134/2 88/141/2 92/142/2 93/135/2
f 85/143/11 86/133/11 94/136/11 95/144/11
f 89/130/12 84/137/12 90/140/12 91/131/12
f 96/145/2 99/146/2 98/147/2 97/148/2
f 97/149/3 98/150/3 101/151/3 100/152/3
f 102/153/6 103/154/6 99/155/6 96/156/6
f 104/157/1 107/158/1 106/159/1 105/160/1
f 108/161/3 109/162/3 107/163/3 104/164/3
f 110/165/6 111/166/6 105/167/6 106/168/6
f 112/169/6 111/166/6 110/165/6 113/170/6
f 114/171/3 109/162/3 108/161/3 115/172/3
f 102/153/6 112/169/6 113/170/6 103/154/6
f 101/151/3 114/171/3 115/172/3 100/152/3
f 116/173/1 121/174/1 120/175/1 119/176/1 118/177/1 117/178/1
f 122/179/8 127/180/8 126/181/8 125/182/8 124/183/8 123/184/8
f 120/185/11 121/186/11 123/187/11 124/188/11
f 118/189/12 119/190/12 125/191/12 126/192/12
f 116/193/2 117/194/2 127/195/2 122/196/2
f 119/190/4 120/197/4 124/198/4 125/191/4
f 117/199/9 118/189/9 126/192/9 127/200/9
f 121/186/10 116/193/10 122/196/10 123/187/10
f 128/201/11 131/202/11 130/203/11 129/204/11
f 132/205/3 135/206/3 134/207/3 133/208/3
f 136/209/3 139/210/3 138/211/3 137/212/3
f 140/213/2 143/214/2 142/215/2 141/216/2
f 137/217/4 138/218/4 145/219/4 144/220/4
f 146/221/6 149/222/6 148/223/6 147/224/6
f 147/225/1 148/226/1 133/227/1 134/228/1
f 150/229/6 153/230/6 152/231/6 151/232/6
f 154/233/6 157/234/6 156/235/6 155/236/6
f 158/237/2 154/238/2 155/239/2 159/240/2
f 129/241/4 130/242/4 161/243/4 160/244/4
f 160/244/12 161/243/12 163/245/12 162/246/12
f 162/246/9 163/245/9 143/247/9 140/248/9
f 144/249/6 145/250/6 165/251/6 164/252/6
f 166/253/3 169/254/3 168/255/3 167/256/3
f 170/257/6 173/258/6 172/259/6 171/260/6
f 151/232/6 152/231/6 175/261/6 174/262/6
f 130/263/8 131/264/8 142/265/8 143/266/8 163/267/8 161/268/8
f 168/255/3 177/269/3 176/270/3 167/256/3
f 177/271/1 179/272/1 178/273/1 176/274/1
f 180/275/2 170/276/2 171/277/2 181/278/2
f 129/279/1 160/280/1 162/281/1 140/282/1 141/283/1 128/284/1
f 182/285/9 185/286/9 184/287/9 183/288/9
f 186/289/3 187/290/3 169/254/3 166/253/3
f 141/216/10 142/215/10 131/202/10 128/201/10
f 188/291/11 191/292/11 190/293/11 189/294/11
f 192/295/11 195/296/11 194/297/11 193/298/11
f 196/299/12 197/300/12 185/286/12 182/285/12
f 198/301/11 201/302/11 200/303/11 199/304/11
f 202/305/10 203/306/10 201/302/10 198/301/10
f 175/261/6 178/307/6 179/308/6 174/262/6
f 204/309/10 207/310/10 206/311/10 205/312/10
f 208/313/3 187/290/3 186/289/3 209/314/3
f 184/315/8 185/316/8 197/317/8 200/318/8 201/319/8 203/320/8
f 210/321/12 213/322/12 212/323/12 211/324/12
f 214/325/4 208/326/4 209/327/4 215/328/4
f 150/229/6 214/329/6 215/330/6 153/230/6
f 156/235/6 157/234/6 217/331/6 216/332/6
f 199/333/4 200/334/4 197/300/4 196/299/4
f 183/335/1 202/336/1 198/337/1 199/338/1 196/339/1 182/340/1
f 218/341/3 221/342/3 220/343/3 219/344/3
f 222/345/2 225/346/2 224/347/2 223/348/2
f 183/349/2 184/350/2 203/306/2 202/305/2
f 221/342/3 227/351/3 226/352/3 220/343/3
f 207/353/1 204/354/1 229/355/1 213/356/1 210/357/1 228/358/1
f 213/322/4 229/359/4 230/360/4 212/323/4
f 228/361/9 210/321/9 211/324/9 231/362/9
f 229/363/11 204/309/11 205/312/11 230/364/11
f 225/365/6 233/366/6 232/367/6 224/368/6
f 206/369/8 231/370/8 211/371/8 212/372/8 230/373/8 205/374/8
f 234/375/1 237/376/1 236/377/1 235/378/1
f 226/352/3 227/351/3 237/379/3 234/380/3
f 207/310/2 228/381/2 231/382/2 206/311/2
f 238/383/3 241/384/3 240/385/3 239/386/3
f 242/387/2 245/388/2 244/389/2 243/390/2
f 246/391/3 249/392/3 248/393/3 247/394/3
f 239/386/3 240/385/3 246/391/3 247/394/3
f 250/395/6 251/396/6 235/397/6 236/398/6
f 252/399/6 255/400/6 254/401/6 253/402/6
f 216/332/6 217/331/6 257/403/6 256/404/6
f 258/405/12 261/406/12 260/407/12 259/408/12
f 245/409/9 258/405/9 259/408/9 244/410/9
f 165/251/6 263/411/6 262/412/6 164/252/6
f 260/413/8 265/414/8 264/415/8 243/416/8 244/417/8 259/418/8
f 266/419/1 248/420/1 249/421/1 267/422/1
f 268/423/3 269/424/3 218/341/3 219/344/3
f 257/403/6 266/425/6 267/426/6 256/404/6
f 255/400/6 251/396/6 250/395/6 254/401/6
f 270/427/11 271/428/11 264/429/11 265/430/11
f 136/209/3 273/431/3 272/432/3 139/210/3
f 273/431/3 135/206/3 132/205/3 272/432/3
f 238/383/3 158/433/3 159/434/3 241/384/3
f 263/411/6 149/222/6 146/221/6 262/412/6
f 274/435/3 222/436/3 223/437/3 275/438/3
f 271/428/10 242/387/10 243/390/10 264/429/10
f 276/439/2 277/440/2 269/441/2 268/442/2
f 252/399/6 253/402/6 277/443/6 276/444/6
f 261/406/4 270/445/4 265/446/4 260/407/4
f 278/447/4 281/448/4 280/449/4 279/450/4
f 278/451/1 285/452/1 284/453/1 283/454/1 282/455/1 281/456/1
f 286/457/3 289/458/3 288/459/3 287/460/3
f 290/461/3 293/462/3 292/463/3 291/464/3
f 261/465/1 258/466/1 245/467/1 242/468/1 271/469/1 270/470/1
f 294/471/6 297/472/6 296/473/6 295/474/6
f 293/462/3 299/475/3 298/476/3 292/463/3
f 300/477/1 303/478/1 302/479/1 301/480/1
f 304/481/6 307/482/6 306/483/6 305/484/6
f 308/485/6 311/486/6 310/487/6 309/488/6
f 281/489/11 282/490/11 312/491/11 280/492/11
f 282/490/10 283/493/10 313/494/10 312/491/10
f 305/495/2 306/496/2 315/497/2 314/498/2
f 316/499/1 319/500/1 318/501/1 317/502/1
f 320/503/6 294/471/6 295/474/6 321/504/6
f 314/505/3 315/506/3 323/507/3 322/508/3
f 279/509/8 280/510/8 312/511/8 313/512/8 325/513/8 324/514/8
f 284/515/9 285/516/9 324/517/9 325/518/9
f 326/519/6 316/520/6 317/521/6 327/522/6
f 310/487/6 311/486/6 329/523/6 328/524/6
f 330/525/3 318/526/3 319/527/3 331/528/3
f 304/481/6 308/485/6 309/488/6 307/482/6
f 332/529/3 333/530/3 330/525/3 331/528/3
f 334/531/6 335/532/6 326/519/6 327/522/6
f 286/457/3 287/460/3 333/530/3 332/529/3
f 285/516/12 278/447/12 279/450/12 324/517/12
f 283/493/2 284/533/2 325/534/2 313/494/2
f 336/535/3 339/536/3 338/537/3 337/538/3
f 340/539/2 343/540/2 342/541/2 341/542/2
f 337/543/1 338/544/1 328/545/1 329/546/1
f 341/547/8 342/548/8 347/549/8 346/550/8 345/551/8 344/552/8
f 348/553/3 339/536/3 336/535/3 349/554/3
f 350/555/6 300/556/6 301/557/6 351/558/6
f 340/559/1 355/560/1 354/561/1 353/562/1 352/563/1 343/564/1
f 356/565/2 359/566/2 358/567/2 357/568/2
f 353/569/4 354/570/4 345/571/4 346/572/4
f 354/573/11 355/574/11 344/575/11 345/576/11
f 360/577/4 363/578/4 362/579/4 361/580/4
f 356/581/1 357/582/1 365/583/1 360/584/1 361/585/1 364/586/1
f 323/507/3 348/553/3 349/554/3 322/508/3
f 343/587/9 352/588/9 347/589/9 342/590/9
f 352/588/12 353/569/12 346/572/12 347/589/12
f 366/591/6 369/592/6 368/593/6 367/594/6
f 369/595/4 371/596/4 370/597/4 368/598/4
f 359/599/8 373/600/8 362/601/8 363/602/8 372/603/8 358/604/8
f 371/605/3 375/606/3 374/607/3 370/608/3
f 376/609/6 377/610/6 335/532/6 334/531/6
f 361/580/12 362/579/12 373/611/12 364/612/12
f 365/613/11 372/614/11 363/615/11 360/616/11
f 355/574/10 340/539/10 341/542/10 344/575/10
f 378/617/10 381/618/10 380/619/10 379/620/10
f 357/568/10 358/567/10 372/614/10 365/613/10
f 382/621/6 385/622/6 384/623/6 383/624/6
f 386/625/1 389/626/1 388/627/1 387/628/1 378/629/1 379/630/1
f 390/631/3 302/632/3 303/633/3 391/634/3
f 392/635/1 384/636/1 385/637/1 393/638/1
f 364/612/9 373/611/9 359/639/9 356/640/9
f 374/607/3 375/606/3 395/641/3 394/642/3
f 396/643/6 397/644/6 382/621/6 383/624/6
f 398/645/8 380/646/8 381/647/8 401/648/8 400/649/8 399/650/8
f 394/642/3 395/641/3 403/651/3 402/652/3
f 404/653/3 405/654/3 390/631/3 391/634/3
f 403/651/3 392/655/3 393/656/3 402/652/3
f 389/657/12 399/658/12 400/659/12 388/660/12
f 289/661/2 407/662/2 406/663/2 288/664/2
f 388/660/9 400/659/9 401/665/9 387/666/9
f 386/667/4 398/668/4 399/658/4 389/657/4
f 407/669/6 377/610/6 376/609/6 406/670/6
f 366/591/6 367/594/6 397/644/6 396/643/6
f 408/671/6 409/672/6 320/503/6 321/504/6
f 290/461/3 291/464/3 411/673/3 410/674/3
f 387/675/2 401/676/2 381/618/2 378/617/2
f 410/677/4 411/678/4 409/679/4 408/680/4
f 298/476/3 299/475/3 413/681/3 412/682/3
f 414/683/1 415/684/1 412/685/1 413/686/1
f 416/687/6 417/688/6 350/555/6 351/558/6
f 379/620/11 380/619/11 398/689/11 386/690/11
f 296/473/6 297/472/6 415/691/6 414/692/6
f 418/693/1 421/694/1 420/695/1 419/696/1
f 422/697/6 423/698/6 421/699/6 418/700/6
f 424/701/4 427/702/4 426/703/4 425/704/4
f 428/705/3 429/706/3 419/707/3 420/708/3
f 430/709/11 433/710/11 432/711/11 431/712/11
f 425/713/6 426/714/6 435/715/6 434/716/6
f 436/717/6 439/718/6 438/719/6 437/720/6
f 440/721/3 441/722/3 427/723/3 424/724/3
f 442/725/6 445/726/6 444/727/6 443/728/6
f 431/729/4 432/730/4 447/731/4 446/732/4
f 448/733/9 451/734/9 450/735/9 449/736/9
f 449/737/2 450/738/2 453/739/2 452/740/2
f 454/741/2 436/742/2 437/743/2 455/744/2
f 432/745/8 433/746/8 453/747/8 450/748/8 451/749/8 447/750/8
f 456/751/3 459/752/3 458/753/3 457/754/3
f 460/755/3 461/756/3 456/751/3 457/754/3
f 446/732/12 447/731/12 451/734/12 448/733/12
f 443/728/6 444/727/6 463/757/6 462/758/6
f 464/759/3 465/760/3 461/756/3 460/755/3
f 274/435/3 275/438/3 405/654/3 404/653/3
f 466/761/10 469/762/10 468/763/10 467/764/10
f 463/757/6 471/765/6 470/766/6 462/758/6
f 452/740/10 453/739/10 433/710/10 430/709/10
f 431/767/1 446/768/1 448/769/1 449/770/1 452/771/1 430/772/1
f 472/773/12 475/774/12 474/775/12 473/776/12
f 467/764/11 468/763/11 477/777/11 476/778/11
f 459/779/1 470/780/1 471/781/1 458/782/1
f 478/783/10 481/784/10 480/785/10 479/786/10
f 473/776/9 474/775/9 483/787/9 482/788/9
f 484/789/3 465/760/3 464/759/3 485/790/3
f 486/791/4 484/792/4 485/793/4 487/794/4
f 438/719/6 439/718/6 489/795/6 488/796/6
f 483/797/8 474/798/8 475/799/8 477/800/8 468/801/8 469/802/8
f 232/367/6 233/366/6 417/688/6 416/687/6
f 442/725/6 486/803/6 487/804/6 445/726/6
f 490/805/8 495/806/8 494/807/8 493/808/8 492/809/8 491/810/8
f 496/811/1 501/812/1 500/813/1 499/814/1 498/815/1 497/816/1
f 498/817/12 494/818/12 495/819/12 497/820/12
f 500/821/11 492/822/11 493/823/11 499/824/11
f 502/825/12 505/826/12 504/827/12 503/828/12
f 506/829/11 478/783/11 479/786/11 507/830/11
f 476/831/4 477/832/4 475/774/4 472/773/4
f 482/833/2 483/834/2 469/762/2 466/761/2
f 482/835/1 466/836/1 467/837/1 476/838/1 472/839/1 473/840/1
f 496/841/2 490/842/2 491/843/2 501/844/2
f 505/826/4 506/845/4 507/846/4 504/827/4
f 508/847/3 511/848/3 510/849/3 509/850/3
f 512/851/3 508/847/3 509/850/3 513/852/3
f 481/853/1 478/854/1 506/855/1 505/856/1 502/857/1 514/858/1
f 514/859/9 502/825/9 503/828/9 515/860/9
f 480/861/8 515/862/8 503/863/8 504/864/8 507/865/8 479/866/8
f 501/844/10 491/843/10 492/822/10 500/821/10
f 481/784/2 514/867/2 515/868/2 480/785/2
f 497/820/9 495/819/9 490/869/9 496/870/9
f 516/871/1 519/872/1 518/873/1 517/874/1
f 510/849/3 511/848/3 519/875/3 516/876/3
f 520/877/4 523/878/4 522/879/4 521/880/4
f 488/796/6 489/795/6 525/881/6 524/882/6
f 499/883/4 493/884/4 494/818/4 498/817/4
f 526/885/6 529/886/6 528/887/6 527/888/6
f 530/889/3 533/890/3 532/891/3 531/892/3
f 523/893/3 535/894/3 534/895/3 522/896/3
f 531/892/3 532/891/3 537/897/3 536/898/3
f 538/899/6 539/900/6 517/901/6 518/902/6
f 540/903/12 543/904/12 542/905/12 541/906/12
f 537/897/3 545/907/3 544/908/3 536/898/3
f 546/909/2 549/910/2 548/911/2 547/912/2
f 549/913/9 540/903/9 541/906/9 548/914/9
f 550/915/3 551/916/3 512/851/3 513/852/3
f 552/917/1 555/918/1 554/919/1 553/920/1
f 542/921/8 557/922/8 556/923/8 547/924/8 548/925/8 541/926/8
f 435/715/6 559/927/6 558/928/6 434/716/6
f 560/929/1 544/930/1 545/931/1 561/932/1
f 525/881/6 560/933/6 561/934/6 524/882/6
f 562/935/11 563/936/11 556/937/11 557/938/11
f 564/939/6 520/940/6 521/941/6 565/942/6
f 526/885/6 527/888/6 567/943/6 566/944/6
f 529/886/6 539/900/6 538/899/6 528/887/6
f 566/945/2 567/946/2 551/947/2 550/948/2
f 559/927/6 423/698/6 422/697/6 558/928/6
f 568/949/3 429/706/3 428/705/3 569/950/3
f 563/936/10 546/909/10 547/912/10 556/937/10
f 543/951/1 540/952/1 549/953/1 546/954/1 563/955/1 562/956/1
f 570/957/3 573/958/3 572/959/3 571/960/3
f 574/961/6 554/962/6 555/963/6 575/964/6
f 440/721/3 568/949/3 569/950/3 441/722/3
f 576/965/6 577/966/6 574/961/6 575/964/6
f 578/967/3 552/968/3 553/969/3 579/970/3
f 530/889/3 454/971/3 455/972/3 533/890/3
f 543/904/4 562/973/4 557/974/4 542/905/4
f 580/975/3 581/976/3 578/967/3 579/970/3
f 582/977/1 585/978/1 584/979/1 583/980/1
f 586/981/6 582/982/6 583/983/6 587/984/6
f 564/939/6 565/942/6 577/966/6 576/965/6
f 534/895/3 535/894/3 581/976/3 580/975/3
f 193/985/1 591/986/1 590/987/1 589/988/1 588/989/1 192/990/1
f 194/991/8 195/992/8 595/993/8 594/994/8 593/995/8 592/996/8
f 588/997/10 595/998/10 195/296/10 192/295/10
f 596/999/3 599/1000/3 598/1001/3 597/1002/3
f 598/1001/3 584/1003/3 585/1004/3 597/1002/3
f 193/1005/4 194/1006/4 592/1007/4 591/1008/4
f 600/1009/6 601/1010/6 586/981/6 587/984/6
f 589/1011/2 594/1012/2 595/998/2 588/997/2
f 570/957/3 571/960/3 599/1000/3 596/999/3
f 591/1008/12 592/1007/12 593/1013/12 590/1014/12
f 590/1014/9 593/1013/9 594/1015/9 589/1016/9
f 602/1017/8 607/1018/8 606/1019/8 605/1020/8 604/1021/8 603/1022/8
f 608/1023/1 613/1024/1 612/1025/1 611/1026/1 610/1027/1 609/1028/1
f 614/1029/6 615/1030/6 601/1010/6 600/1009/6
f 616/1031/11 617/1032/11 606/1033/11 607/1034/11
f 618/1035/8 623/1036/8 622/1037/8 621/1038/8 620/1039/8 619/1040/8
f 624/1041/4 616/1042/4 607/1043/4 602/1044/4
f 625/1045/12 624/1041/12 602/1044/12 603/1046/12
f 611/1047/4 621/1048/4 622/1049/4 610/1050/4
f 626/1051/6 629/1052/6 628/1053/6 627/1054/6
f 608/1055/2 618/1056/2 619/1057/2 613/1058/2
f 630/1059/9 625/1045/9 603/1046/9 604/1060/9
f 609/1061/9 623/1062/9 618/1063/9 608/1064/9
f 631/1065/1 634/1066/1 633/1067/1 632/1068/1
f 635/1069/3 638/1070/3 637/1071/3 636/1072/3
f 617/1032/10 639/1073/10 605/1074/10 606/1033/10
f 612/1075/11 620/1076/11 621/1077/11 611/1078/11
f 610/1050/12 622/1049/12 623/1062/12 609/1061/12
f 639/1073/2 630/1079/2 604/1080/2 605/1074/2
f 629/1081/4 635/1082/4 636/1083/4 628/1084/4
f 613/1058/10 619/1057/10 620/1076/10 612/1075/10
f 624/1085/1 625/1086/1 630/1087/1 639/1088/1 617/1089/1 616/1090/1
f 640/1091/6 633/1092/6 634/1093/6 641/1094/6
f 642/1095/6 643/1096/6 640/1091/6 641/1094/6
f 644/1097/10 647/1098/10 646/1099/10 645/1100/10
f 637/1071/3 638/1070/3 649/1101/3 648/1102/3
f 650/1103/1 653/1104/1 652/1105/1 651/1106/1 644/1107/1 645/1108/1
f 653/1109/12 655/1110/12 654/1111/12 652/1112/12
f 656/1113/3 631/1114/3 632/1115/3 657/1116/3
f 658/1117/6 661/1118/6 660/1119/6 659/1120/6
f 648/1102/3 649/1101/3 656/1113/3 657/1116/3
f 662/1121/3 665/1122/3 664/1123/3 663/1124/3
f 666/1125/8 646/1126/8 647/1127/8 667/1128/8 654/1129/8 655/1130/8
f 650/1131/4 666/1132/4 655/1110/4 653/1109/4
f 652/1112/9 654/1111/9 667/1133/9 651/1134/9
f 651/1135/2 667/1136/2 647/1098/2 644/1097/2
f 626/1051/6 627/1054/6 643/1096/6 642/1095/6
f 573/1137/2 669/1138/2 668/1139/2 572/1140/2
f 665/1122/3 671/1141/3 670/1142/3 664/1123/3
f 645/1100/11 646/1099/11 666/1143/11 650/1144/11
f 672/1145/6 675/1146/6 674/1147/6 673/1148/6
f 670/1142/3 671/1141/3 677/1149/3 676/1150/3
f 669/1151/6 615/1030/6 614/1029/6 668/1152/6
f 661/1118/6 675/1146/6 672/1145/6 660/1119/6
f 673/1153/1 674/1154/1 676/1155/1 677/1156/1
f 189/1157/4 190/1158/4 679/1159/4 678/1160/4
f 680/1161/2 683/1162/2 682/1163/2 681/1164/2
f 684/1165/6 685/1166/6 658/1117/6 659/1120/6
f 686/1167/9 687/1168/9 683/1169/9 680/1170/9
f 190/1171/8 191/1172/8 682/1173/8 683/1174/8 687/1175/8 679/1176/8
f 688/1177/6 691/1178/6 690/1179/6 689/1180/6
f 692/1181/4 693/1182/4 685/1183/4 684/1184/4
f 694/1185/3 697/1186/3 696/1187/3 695/1188/3
f 189/1189/1 678/1190/1 686/1191/1 680/1192/1 681/1193/1 188/1194/1
f 662/1121/3 663/1124/3 693/1195/3 692/1196/3
f 678/1160/12 679/1159/12 687/1168/12 686/1167/12
f 681/1164/10 682/1163/10 191/292/10 188/291/10
f 698/1197/3 701/1198/3 700/1199/3 699/1200/3
f 702/1201/6 705/1202/6 704/1203/6 703/1204/6
f 689/1180/6 690/1179/6 702/1201/6 703/1204/6
f 695/1188/3 696/1187/3 698/1197/3 699/1200/3
f 706/1205/10 709/1206/10 708/1207/10 707/1208/10
f 710/1209/4 713/1210/4 712/1211/4 711/1212/4
f 714/1213/2 715/1214/2 709/1206/2 706/1205/2
f 716/1215/9 717/1216/9 715/1217/9 714/1218/9
f 718/1219/4 721/1220/4 720/1221/4 719/1222/4
f 701/1223/1 704/1224/1 705/1225/1 700/1226/1
f 688/1177/6 710/1227/6 711/1228/6 691/1178/6
f 713/1229/3 697/1186/3 694/1185/3 712/1230/3
f 719/1222/12 720/1221/12 717/1216/12 716/1215/12
f 714/1231/1 706/1232/1 707/1233/1 718/1234/1 719/1235/1 716/1236/1
f 172/259/6 173/258/6 723/1237/6 722/1238/6
f 715/1239/8 717/1240/8 720/1241/8 721/1242/8 708/1243/8 709/1244/8
f 707/1208/11 708/1207/11 721/1245/11 718/1246/11
f 724/1247/3 727/1248/3 726/1249/3 725/1250/3
f 722/1238/6 723/1237/6 729/1251/6 728/1252/6
f 725/1250/3 726/1249/3 731/1253/3 730/1254/3
f 731/1253/3 733/1255/3 732/1256/3 730/1254/3
f 729/1251/6 735/1257/6 734/1258/6 728/1252/6
f 735/1259/1 732/1260/1 733/1261/1 734/1262/1
f 724/1247/3 180/1263/3 181/1264/3 727/1248/3
f 736/1265/3 755/1266/3 754/1267/3 753/1268/3 752/1269/3 751/1270/3 750/1271/3 749/1272/3 748/1273/3 747/1274/3 746/1275/3 745/1276/3 744/1277/3 743/1278/3 742/1279/3 741/1280/3 740/1281/3 739/1282/3 738/1283/3 737/1284/3
f 738/1285/1 757/1286/1 756/1287/1 737/1288/1
f 739/1289/13 758/1290/13 757/1291/13 738/1292/13
f 737/1293/14 756/1294/14 759/1295/14 736/1296/14
f 740/1297/15 760/1298/15 758/1299/15 739/1300/15
f 736/1301/16 759/1302/16 761/1303/16 755/1304/16
f 757/1286/1 763/1305/1 762/1306/1 756/1287/1
f 758/1290/17 764/1307/17 763/1308/17 757/1291/17
f 756/1294/18 762/1309/18 765/1310/18 759/1295/18
f 760/1298/19 766/1311/19 764/1312/19 758/1299/19
f 759/1302/20 765/1313/20 767/1314/20 761/1303/20
f 763/1305/1 769/1315/1 768/1316/1 762/1306/1
f 764/1307/21 770/1317/21 769/1318/21 763/1308/21
f 762/1309/22 768/1319/22 771/1320/22 765/1310/22
f 766/1311/23 772/1321/23 770/1322/23 764/1312/23
f 765/1313/24 771/1323/24 773/1324/24 767/1314/24
f 769/1315/1 775/1325/1 774/1326/1 768/1316/1
f 770/1317/25 776/1327/25 775/1328/25 769/1318/25
f 768/1319/26 774/1329/26 777/1330/26 771/1320/26
f 772/1321/27 778/1331/27 776/1332/27 770/1322/27
f 771/1323/28 777/1333/28 779/1334/28 773/1324/28
f 775/1325/1 781/1335/1 780/1336/1 774/1326/1
f 776/1327/29 782/1337/29 781/1338/29 775/1328/29
f 774/1329/30 780/1339/30 783/1340/30 777/1330/30
f 778/1331/31 784/1341/31 782/1342/31 776/1332/31
f 777/1333/32 783/1343/32 785/1344/32 779/1334/32
f 786/1345/1 44/1346/1 788/1347/1 787/1348/1
f 789/1349/32 63/87/32 43/86/32 790/1350/32
f 791/1351/31 794/1352/31 793/1353/31 792/1354/31
f 790/1355/30 43/1356/30 44/1357/30 786/1358/30
f 787/1359/29 788/1360/29 794/1361/29 791/1362/29
f 794/1352/31 796/1363/31 795/1364/31 793/1353/31
f 797/1365/2 799/1366/2 798/1367/2 796/1368/2
f 46/1369/2 798/1367/2 799/1366/2 45/1370/2
f 794/1361/29 788/1360/29 797/1371/29 796/1372/29
f 796/1363/5 798/1373/5 800/1374/5 795/1364/5
f 798/1373/5 46/1375/5 47/1376/5 800/1374/5
f 801/1377/2 804/1378/2 803/1379/2 802/1380/2
f 802/1381/3 803/1382/3 806/1383/3 805/1384/3
f 807/1385/6 808/1386/6 804/1387/6 801/1388/6
f 809/1389/1 812/1390/1 811/1391/1 810/1392/1
f 813/1393/3 814/1394/3 812/1395/3 809/1396/3
f 815/1397/6 816/1398/6 810/1399/6 811/1400/6
f 817/1401/6 816/1398/6 815/1397/6 818/1402/6
f 819/1403/3 814/1394/3 813/1393/3 820/1404/3
f 807/1385/6 817/1401/6 818/1402/6 808/1386/6
f 806/1383/3 819/1403/3 820/1404/3 805/1384/3
f 821/1405/1 826/1406/1 825/1407/1 824/1408/1 823/1409/1 822/1410/1
f 827/1411/8 832/1412/8 831/1413/8 830/1414/8 829/1415/8 828/1416/8
f 825/1417/11 826/1418/11 828/1419/11 829/1420/11
f 823/1421/12 824/1422/12 830/1423/12 831/1424/12
f 821/1425/2 822/1426/2 832/1427/2 827/1428/2
f 824/1422/4 825/1429/4 829/1430/4 830/1423/4
f 822/1431/9 823/1421/9 831/1424/9 832/1432/9
f 826/1418/10 821/1425/10 827/1428/10 828/1419/10
f 833/1433/33 836/1434/33 835/1435/33 834/1436/33
f 834/1437/34 835/1438/34 838/1439/34 837/1440/34
f 839/1441/35 840/1442/35 836/1443/35 833/1444/35
f 841/1445/1 844/1446/1 843/1447/1 842/1448/1
f 845/1449/34 846/1450/34 844/1451/34 841/1452/34
f 847/1453/35 848/1454/35 842/1455/35 843/1456/35
f 849/1457/35 848/1454/35 847/1453/35 850/1458/35
f 851/1459/34 846/1450/34 845/1449/34 852/1460/34
f 839/1441/35 849/1457/35 850/1458/35 840/1442/35
f 838/1439/34 851/1459/34 852/1460/34 837/1440/34
f 853/1461/1 858/1462/1 857/1463/1 856/1464/1 855/1465/1 854/1466/1
f 859/1467/8 864/1468/8 863/1469/8 862/1470/8 861/1471/8 860/1472/8
f 857/1473/36 858/1474/36 860/1475/36 861/1476/36
f 855/1477/37 856/1478/37 862/1479/37 863/1480/37
f 853/1481/38 854/1482/38 864/1483/38 859/1484/38
f 856/1478/39 857/1485/39 861/1486/39 862/1479/39
f 854/1487/40 855/1477/40 863/1480/40 864/1488/40
f 858/1474/41 853/1481/41 859/1484/41 860/1475/41
f 865/1489/42 868/1490/42 867/1491/42 866/1492/42
f 866/1493/35 867/1494/35 870/1495/35 869/1496/35
f 871/1497/34 872/1498/34 868/1499/34 865/1500/34
f 873/1501/1 876/1502/1 875/1503/1 874/1504/1
f 877/1505/35 878/1506/35 876/1507/35 873/1508/35
f 879/1509/34 880/1510/34 874/1511/34 875/1512/34
f 881/1513/34 880/1510/34 879/1509/34 882/1514/34
f 883/1515/35 878/1506/35 877/1505/35 884/1516/35
f 871/1497/34 881/1513/34 882/1514/34 872/1498/34
f 870/1495/35 883/1515/35 884/1516/35 869/1496/35
f 885/1517/1 890/1518/1 889/1519/1 888/1520/1 887/1521/1 886/1522/1
f 891/1523/8 896/1524/8 895/1525/8 894/1526/8 893/1527/8 892/1528/8
f 889/1529/40 890/1530/40 892/1531/40 893/1532/40
f 887/1533/41 888/1534/41 894/1535/41 895/1536/41
f 885/1537/39 886/1538/39 896/1539/39 891/1540/39
f 888/1534/38 889/1541/38 893/1542/38 894/1535/38
f 886/1543/36 887/1533/36 895/1536/36 896/1544/36
f 890/1530/37 885/1537/37 891/1540/37 892/1531/37
f 897/1545/43 900/1546/43 899/1547/43 898/1548/43
f 898/1549/44 899/1550/44 902/1551/44 901/1552/44
f 903/1553/45 904/1554/45 900/1555/45 897/1556/45
f 905/1557/1 908/1558/1 907/1559/1 906/1560/1
f 909/1561/44 910/1562/44 908/1563/44 905/1564/44
f 911/1565/45 912/1566/45 906/1567/45 907/1568/45
f 913/1569/45 912/1566/45 911/1565/45 914/1570/45
f 915/1571/44 910/1562/44 909/1561/44 916/1572/44
f 903/1553/45 913/1569/45 914/1570/45 904/1554/45
f 902/1551/44 915/1571/44 916/1572/44 901/1552/44
f 917/1573/1 922/1574/1 921/1575/1 920/1576/1 919/1577/1 918/1578/1
f 923/1579/8 928/1580/8 927/1581/8 926/1582/8 925/1583/8 924/1584/8
f 921/1585/46 922/1586/46 924/1587/46 925/1588/46
f 919/1589/47 920/1590/47 926/1591/47 927/1592/47
f 917/1593/43 918/1594/43 928/1595/43 923/1596/43
f 920/1590/48 921/1597/48 925/1598/48 926/1591/48
f 918/1599/49 919/1589/49 927/1592/49 928/1600/49
f 922/1586/50 917/1593/50 923/1596/50 924/1587/50
f 929/1601/48 932/1602/48 931/1603/48 930/1604/48
f 930/1605/45 931/1606/45 934/1607/45 933/1608/45
f 935/1609/44 936/1610/44 932/1611/44 929/1612/44
f 937/1613/1 940/1614/1 939/1615/1 938/1616/1
f 941/1617/45 942/1618/45 940/1619/45 937/1620/45
f 943/1621/44 944/1622/44 938/1623/44 939/1624/44
f 945/1625/44 944/1622/44 943/1621/44 946/1626/44
f 947/1627/45 942/1618/45 941/1617/45 948/1628/45
f 935/1609/44 945/1625/44 946/1626/44 936/1610/44
f 934/1607/45 947/1627/45 948/1628/45 933/1608/45
f 949/1629/1 954/1630/1 953/1631/1 952/1632/1 951/1633/1 950/1634/1
f 955/1635/8 960/1636/8 959/1637/8 958/1638/8 957/1639/8 956/1640/8
f 953/1641/51 954/1642/51 956/1643/51 957/1644/51
f 951/1645/50 952/1646/50 958/1647/50 959/1648/50
f 949/1649/48 950/1650/48 960/1651/48 955/1652/48
f 952/1646/52 953/1653/52 957/1654/52 958/1647/52
f 950/1655/53 951/1645/53 959/1648/53 960/1656/53
f 954/1642/54 949/1649/54 955/1652/54 956/1643/54
f 961/1657/55 964/1658/55 963/1659/55 962/1660/55
f 962/1661/56 963/1662/56 966/1663/56 965/1664/56
f 967/1665/57 968/1666/57 964/1667/57 961/1668/57
f 969/1669/1 972/1670/1 971/1671/1 970/1672/1
f 973/1673/58 974/1674/58 972/1675/58 969/1676/58
f 975/1677/59 976/1678/59 970/1679/59 971/1680/59
f 977/1681/57 976/1678/57 975/1677/57 978/1682/57
f 979/1683/60 974/1674/60 973/1673/60 980/1684/60
f 967/1665/57 977/1681/57 978/1682/57 968/1666/57
f 966/1663/60 979/1683/60 980/1684/60 965/1664/60
f 981/1685/1 986/1686/1 985/1687/1 984/1688/1 983/1689/1 982/1690/1
f 987/1691/8 992/1692/8 991/1693/8 990/1694/8 989/1695/8 988/1696/8
f 985/1697/61 986/1698/61 988/1699/61 989/1700/61
f 983/1701/62 984/1702/62 990/1703/62 991/1704/62
f 981/1705/63 982/1706/63 992/1707/63 987/1708/63
f 984/1702/64 985/1709/64 989/1710/64 990/1703/64
f 982/1711/65 983/1701/65 991/1704/65 992/1712/65
f 986/1698/66 981/1705/66 987/1708/66 988/1699/66
f 993/1713/64 996/1714/64 995/1715/64 994/1716/64
f 994/1717/59 995/1718/59 998/1719/59 997/1720/59
f 999/1721/60 1000/1722/60 996/1723/60 993/1724/60
f 1001/1725/1 1004/1726/1 1003/1727/1 1002/1728/1
f 1005/1729/59 1006/1730/59 1004/1731/59 1001/1732/59
f 1007/1733/56 1008/1734/56 1002/1735/56 1003/1736/56
f 1009/1737/60 1008/1734/60 1007/1733/60 1010/1738/60
f 1011/1739/59 1006/1730/59 1005/1729/59 1012/1740/59
f 999/1721/56 1009/1737/56 1010/1738/56 1000/1722/56
f 998/1719/59 1011/1739/59 1012/1740/59 997/1720/59
f 1013/1741/1 1018/1742/1 1017/1743/1 1016/1744/1 1015/1745/1 1014/1746/1
f 1019/1747/8 1024/1748/8 1023/1749/8 1022/1750/8 1021/1751/8 1020/1752/8
f 1017/1753/65 1018/1754/65 1020/1755/65 1021/1756/65
f 1015/1757/66 1016/1758/66 1022/1759/66 1023/1760/66
f 1013/1761/64 1014/1762/64 1024/1763/64 1019/1764/64
f 1016/1758/67 1017/1765/67 1021/1766/67 1022/1759/67
f 1014/1767/61 1015/1757/61 1023/1760/61 1024/1768/61
f 1018/1754/68 1013/1761/68 1019/1764/68 1020/1755/68
f 1025/1769/69 1028/1770/69 1027/1771/69 1026/1772/69
f 1026/1773/70 1027/1774/70 1030/1775/70 1029/1776/70
f 1031/1777/71 1032/1778/71 1028/1779/71 1025/1780/71
f 1033/1781/1 1036/1782/1 1035/1783/1 1034/1784/1
f 1037/1785/72 1038/1786/72 1036/1787/72 1033/1788/72
f 1039/1789/71 1040/1790/71 1034/1791/71 1035/1792/71
f 1041/1793/71 1040/1790/71 1039/1789/71 1042/1794/71
f 1043/1795/72 1038/1786/72 1037/1785/72 1044/1796/72
f 1031/1777/73 1041/1793/73 1042/1794/73 1032/1778/73
f 1030/1775/70 1043/1795/70 1044/1796/70 1029/1776/70
f 1045/1797/1 1050/1798/1 1049/1799/1 1048/1800/1 1047/1801/1 1046/1802/1
f 1051/1803/8 1056/1804/8 1055/1805/8 1054/1806/8 1053/1807/8 1052/1808/8
f 1049/1809/74 1050/1810/74 1052/1811/74 1053/1812/74
f 1047/1813/75 1048/1814/75 1054/1815/75 1055/1816/75
f 1045/1817/76 1046/1818/76 1056/1819/76 1051/1820/76
f 1048/1814/77 1049/1821/77 1053/1822/77 1054/1815/77
f 1046/1823/78 1047/1813/78 1055/1816/78 1056/1824/78
f 1050/1810/79 1045/1817/79 1051/1820/79 1052/1811/79
f 1057/1825/77 1060/1826/77 1059/1827/77 1058/1828/77
f 1058/1829/71 1059/1830/71 1062/1831/71 1061/1832/71
f 1063/1833/70 1064/1834/70 1060/1835/70 1057/1836/70
f 1065/1837/1 1068/1838/1 1067/1839/1 1066/1840/1
f 1069/1841/73 1070/1842/73 1068/1843/73 1065/1844/73
f 1071/1845/70 1072/1846/70 1066/1847/70 1067/1848/70
f 1073/1849/70 1072/1846/70 1071/1845/70 1074/1850/70
f 1075/1851/71 1070/1842/71 1069/1841/71 1076/1852/71
f 1063/1833/70 1073/1849/70 1074/1850/70 1064/1834/70
f 1062/1831/71 1075/1851/71 1076/1852/71 1061/1832/71
f 1077/1853/1 1082/1854/1 1081/1855/1 1080/1856/1 1079/1857/1 1078/1858/1
f 1083/1859/8 1088/1860/8 1087/1861/8 1086/1862/8 1085/1863/8 1084/1864/8
f 1081/1865/78 1082/1866/78 1084/1867/78 1085/1868/78
f 1079/1869/79 1080/1870/79 1086/1871/79 1087/1872/79
f 1077/1873/80 1078/1874/80 1088/1875/80 1083/1876/80
f 1080/1870/81 1081/1877/81 1085/1878/81 1086/1871/81
f 1078/1879/74 1079/1869/74 1087/1872/74 1088/1880/74
f 1082/1866/75 1077/1873/75 1083/1876/75 1084/1867/75
f 1089/1881/82 1092/1882/82 1091/1883/82 1090/1884/82
f 1090/1885/83 1091/1886/83 1094/1887/83 1093/1888/83
f 1095/1889/84 1096/1890/84 1092/1891/84 1089/1892/84
f 1097/1893/1 1100/1894/1 1099/1895/1 1098/1896/1
f 1101/1897/85 1102/1898/85 1100/1899/85 1097/1900/85
f 1103/1901/84 1104/1902/84 1098/1903/84 1099/1904/84
f 1105/1905/86 1104/1902/86 1103/1901/86 1106/1906/86
f 1107/1907/85 1102/1898/85 1101/1897/85 1108/1908/85
f 1095/1889/86 1105/1905/86 1106/1906/86 1096/1890/86
f 1094/1887/83 1107/1907/83 1108/1908/83 1093/1888/83
f 1109/1909/1 1114/1910/1 1113/1911/1 1112/1912/1 1111/1913/1 1110/1914/1
f 1115/1915/8 1120/1916/8 1119/1917/8 1118/1918/8 1117/1919/8 1116/1920/8
f 1113/1921/87 1114/1922/87 1116/1923/87 1117/1924/87
f 1111/1925/88 1112/1926/88 1118/1927/88 1119/1928/88
f 1109/1929/89 1110/1930/89 1120/1931/89 1115/1932/89
f 1112/1926/90 1113/1933/90 1117/1934/90 1118/1927/90
f 1110/1935/91 1111/1925/91 1119/1928/91 1120/1936/91
f 1114/1922/92 1109/1929/92 1115/1932/92 1116/1923/92
f 1121/1937/90 1124/1938/90 1123/1939/90 1122/1940/90
f 1122/1941/86 1123/1942/86 1126/1943/86 1125/1944/86
f 1127/1945/85 1128/1946/85 1124/1947/85 1121/1948/85
f 1129/1949/1 1132/1950/1 1131/1951/1 1130/1952/1
f 1133/1953/93 1134/1954/93 1132/1955/93 1129/1956/93
f 1135/1957/83 1136/1958/83 1130/1959/83 1131/1960/83
f 1137/1961/83 1136/1958/83 1135/1957/83 1138/1962/83
f 1139/1963/86 1134/1954/86 1133/1953/86 1140/1964/86
f 1127/1945/83 1137/1961/83 1138/1962/83 1128/1946/83
f 1126/1943/84 1139/1963/84 1140/1964/84 1125/1944/84
f 1141/1965/1 1146/1966/1 1145/1967/1 1144/1968/1 1143/1969/1 1142/1970/1
f 1147/1971/8 1152/1972/8 1151/1973/8 1150/1974/8 1149/1975/8 1148/1976/8
f 1145/1977/94 1146/1978/94 1148/1979/94 1149/1980/94
f 1143/1981/95 1144/1982/95 1150/1983/95 1151/1984/95
f 1141/1985/96 1142/1986/96 1152/1987/96 1147/1988/96
f 1144/1982/97 1145/1989/97 1149/1990/97 1150/1983/97
f 1142/1991/87 1143/1981/87 1151/1984/87 1152/1992/87
f 1146/1978/88 1141/1985/88 1147/1988/88 1148/1979/88
f 45/1993/1 799/1994/1 797/1995/1 788/1347/1 44/1346/1 41/1996/1
f 1153/1997/4 1156/1998/4 1155/1999/4 1154/2000/4
f 1154/2001/6 1155/2002/6 1158/2003/6 1157/2004/6
f 1159/2005/3 1160/2006/3 1156/2007/3 1153/2008/3
f 1161/2009/1 1164/2010/1 1163/2011/1 1162/2012/1
f 1165/2013/6 1166/2014/6 1164/2015/6 1161/2016/6
f 1167/2017/3 1168/2018/3 1162/2019/3 1163/2020/3
f 1169/2021/3 1168/2018/3 1167/2017/3 1170/2022/3
f 1171/2023/6 1166/2014/6 1165/2013/6 1172/2024/6
f 1159/2005/3 1169/2021/3 1170/2022/3 1160/2006/3
f 1158/2003/6 1171/2023/6 1172/2024/6 1157/2004/6
f 1173/2025/1 1178/2026/1 1177/2027/1 1176/2028/1 1175/2029/1 1174/2030/1
f 1179/2031/8 1184/2032/8 1183/2033/8 1182/2034/8 1181/2035/8 1180/2036/8
f 1177/2037/9 1178/2038/9 1180/2039/9 1181/2040/9
f 1175/2041/10 1176/2042/10 1182/2043/10 1183/2044/10
f 1173/2045/4 1174/2046/4 1184/2047/4 1179/2048/4
f 1176/2042/2 1177/2049/2 1181/2050/2 1182/2043/2
f 1174/2051/11 1175/2041/11 1183/2044/11 1184/2052/11
f 1178/2038/12 1173/2045/12 1179/2048/12 1180/2039/12
f 1185/2053/2 1188/2054/2 1187/2055/2 1186/2056/2
f 1186/2057/3 1187/2058/3 1190/2059/3 1189/2060/3
f 1191/2061/6 1192/2062/6 1188/2063/6 1185/2064/6
f 1193/2065/1 1196/2066/1 1195/2067/1 1194/2068/1
f 1197/2069/3 1198/2070/3 1196/2071/3 1193/2072/3
f 1199/2073/6 1200/2074/6 1194/2075/6 1195/2076/6
f 1201/2077/6 1200/2074/6 1199/2073/6 1202/2078/6
f 1203/2079/3 1198/2070/3 1197/2069/3 1204/2080/3
f 1191/2061/6 1201/2077/6 1202/2078/6 1192/2062/6
f 1190/2059/3 1203/2079/3 1204/2080/3 1189/2060/3
f 1205/2081/1 1210/2082/1 1209/2083/1 1208/2084/1 1207/2085/1 1206/2086/1
f 1211/2087/8 1216/2088/8 1215/2089/8 1214/2090/8 1213/2091/8 1212/2092/8
f 1209/2093/11 1210/2094/11 1212/2095/11 1213/2096/11
f 1207/2097/12 1208/2098/12 1214/2099/12 1215/2100/12
f 1205/2101/2 1206/2102/2 1216/2103/2 1211/2104/2
f 1208/2098/4 1209/2105/4 1213/2106/4 1214/2099/4
f 1206/2107/9 1207/2097/9 1215/2100/9 1216/2108/9
f 1210/2094/10 1205/2101/10 1211/2104/10 1212/2095/10
f 790/1350/98 1218/2109/98 1217/2110/98 789/1349/98
f 792/1354/99 1220/2111/99 1219/2112/99 791/1351/99
f 786/1358/100 1221/2113/100 1218/2114/100 790/1355/100
f 791/1362/101 1219/2115/101 1222/2116/101 787/1359/101
f 787/1348/1 1222/2117/1 1221/2118/1 786/1345/1
f 783/1343/98 1224/2119/98 1223/2120/98 785/1344/98
f 784/1341/99 1226/2121/99 1225/2122/99 782/1342/99
f 780/1339/100 1227/2123/100 1224/2124/100 783/1340/100
f 782/1337/101 1225/2125/101 1228/2126/101 781/1338/101
f 781/1335/1 1228/2127/1 1227/2128/1 780/1336/1
f 1222/2129/102 1219/2130/102 1220/2131/102 1242/2132/102 1241/2133/102 1240/2134/102 1239/2135/102 1238/2136/102 1237/2137/102 1236/2138/102 1235/2139/102 1234/2140/102 1233/2141/102 1232/2142/102 1231/2143/102 1230/2144/102 1229/2145/102 1217/2146/102 1218/2147/102 1221/2148/102
f 1228/2149/102 1225/2150/102 1226/2151/102 1256/2152/102 1255/2153/102 1254/2154/102 1253/2155/102 1252/2156/102 1251/2157/102 1250/2158/102 1249/2159/102 1248/2160/102 1247/2161/102 1246/2162/102 1245/2163/102 1244/2164/102 1243/2165/102 1223/2166/102 1224/2167/102 1227/2168/102
s 1
f 16/2169/103 17/2170/104 31/2171/104 32/2172/103
f 33/2173/105 15/2174/105 16/2175/103 32/2176/103
f 40/2177/4 8/2178/4 9/2179/106 39/2180/106
f 21/2181/107 27/2182/107 28/2183/108 20/2184/108
f 23/2185/2 25/2186/2 26/2187/109 22/2188/109
f 38/2189/110 10/2190/110 11/2191/111 37/2192/111
f 36/2193/112 12/2194/112 13/2195/113 35/2196/113
f 19/2197/114 29/2198/114 30/2199/115 18/2200/115
f 19/2197/114 20/2201/108 28/2202/108 29/2198/114
f 36/2193/112 37/2203/111 11/2204/111 12/2194/112
f 13/2195/113 14/2205/116 34/2206/116 35/2196/113
f 30/2199/115 31/2207/104 17/2208/104 18/2200/115
f 33/2209/105 34/2210/116 14/2211/116 15/2212/105
f 38/2213/110 39/2180/106 9/2179/106 10/2214/110
f 21/2215/107 22/2188/109 26/2187/109 27/2216/107
f 62/2217/4 63/2218/4 1257/2219/117 61/2220/106
f 60/2221/110 1259/2222/118 1258/2223/119 59/2224/111
f 58/2225/112 1261/2226/120 1260/2227/121 57/2228/113
f 58/2225/112 59/2229/111 1258/2230/119 1261/2226/120
f 52/2231/122 53/2232/104 1263/2233/104 1262/2234/122
f 55/2235/105 56/2236/116 1265/2237/123 1264/2238/124
f 60/2239/110 61/2220/106 1257/2219/117 1259/2240/118
f 65/2241/1 68/2242/125 70/2243/125 64/2244/1
f 69/2245/126 66/2246/8 67/2247/8 71/2248/126
f 79/2249/127 76/2250/127 72/2251/4 73/2252/4
f 77/2253/128 78/2254/128 74/2255/2 75/2256/2
f 83/2257/129 76/2250/127 79/2249/127 80/2258/129
f 81/2259/130 78/2254/128 77/2253/128 82/2260/130
f 68/2242/125 83/2261/129 80/2262/129 70/2243/125
f 71/2248/126 81/2263/130 82/2264/130 69/2245/126
f 97/2265/1 100/2266/131 102/2267/131 96/2268/1
f 101/2269/132 98/2270/8 99/2271/8 103/2272/132
f 111/2273/133 108/2274/133 104/2275/2 105/2276/2
f 109/2277/134 110/2278/134 106/2279/4 107/2280/4
f 115/2281/135 108/2274/133 111/2273/133 112/2282/135
f 113/2283/136 110/2278/134 109/2277/134 114/2284/136
f 100/2266/131 115/2285/135 112/2286/135 102/2267/131
f 103/2272/132 113/2287/136 114/2288/136 101/2269/132
f 154/2289/1 158/2290/1 238/2291/131 157/2292/131
f 149/2293/128 132/2294/128 133/2295/2 148/2296/2
f 170/2297/1 180/2298/1 724/2299/131 173/2300/131
f 156/2301/132 241/2302/132 159/2303/8 155/2304/8
f 272/2305/130 132/2294/128 149/2293/128 263/2306/130
f 172/2307/132 727/2308/132 181/2309/8 171/2310/8
f 262/2311/129 146/2312/137 135/2313/137 273/2314/129
f 135/2313/137 146/2312/137 147/2315/4 134/2316/4
f 144/2317/1 164/2318/125 136/2319/125 137/2320/1
f 167/2321/128 176/2322/2 178/2323/2 175/2324/128
f 241/2302/132 156/2301/132 216/2325/136 240/2326/136
f 153/2327/126 186/2328/126 166/2329/130 152/2330/130
f 187/2331/125 150/2332/125 151/2333/129 169/2334/129
f 165/2335/126 145/2336/8 138/2337/8 139/2338/126
f 169/2339/129 151/2340/129 174/2341/137 168/2342/137
f 208/2343/1 214/2344/1 150/2332/125 187/2331/125
f 152/2345/130 166/2346/130 167/2321/128 175/2324/128
f 186/2328/126 153/2327/126 215/2347/8 209/2348/8
f 174/2341/137 179/2349/4 177/2350/4 168/2342/137
f 253/2351/132 254/2352/136 221/2353/136 218/2354/132
f 227/2355/134 250/2356/134 236/2357/4 237/2358/4
f 254/2359/136 250/2356/134 227/2355/134 221/2360/136
f 220/2361/135 226/2362/133 251/2363/133 255/2364/135
f 157/2292/131 238/2291/131 239/2365/135 217/2366/135
f 217/2367/135 239/2368/135 247/2369/133 257/2370/133
f 240/2371/136 216/2372/136 256/2373/134 246/2374/134
f 251/2363/133 226/2362/133 234/2375/2 235/2376/2
f 218/2354/132 269/2377/8 277/2378/8 253/2351/132
f 256/2373/134 267/2379/4 249/2380/4 246/2374/134
f 219/2381/131 220/2382/135 255/2383/135 252/2384/131
f 164/2318/125 262/2385/129 273/2386/129 136/2319/125
f 225/2387/1 222/2388/1 274/2389/131 233/2390/131
f 247/2369/133 248/2391/2 266/2392/2 257/2370/133
f 232/2393/132 275/2394/132 223/2395/8 224/2396/8
f 268/2397/1 219/2381/131 252/2384/131 276/2398/1
f 139/2338/126 272/2399/130 263/2400/130 165/2335/126
f 391/2401/138 303/2402/2 300/2403/2 350/2404/138
f 314/2405/1 322/2406/131 304/2407/131 305/2408/1
f 291/2409/126 292/2410/130 294/2411/130 320/2412/126
f 331/2413/133 319/2414/2 316/2415/2 326/2416/133
f 321/2417/125 295/2418/129 293/2419/129 290/2420/125
f 323/2421/132 315/2422/8 306/2423/8 307/2424/132
f 322/2406/131 349/2425/135 308/2426/135 304/2407/131
f 311/2427/133 336/2428/133 337/2429/2 329/2430/2
f 351/2431/134 301/2432/4 302/2433/4 390/2434/134
f 327/2435/134 317/2436/4 318/2437/4 330/2438/134
f 335/2439/135 332/2440/135 331/2413/133 326/2416/133
f 333/2441/136 334/2442/136 327/2435/134 330/2438/134
f 349/2443/135 336/2428/133 311/2427/133 308/2444/135
f 309/2445/136 310/2446/134 339/2447/134 348/2448/136
f 377/2449/131 286/2450/131 332/2451/135 335/2452/135
f 339/2447/134 310/2446/134 328/2453/4 338/2454/4
f 307/2424/132 309/2455/136 348/2456/136 323/2421/132
f 374/2457/126 367/2458/126 368/2459/8 370/2460/8
f 417/2461/135 404/2462/135 391/2401/138 350/2404/138
f 383/2463/137 384/2464/4 392/2465/4 403/2466/137
f 397/2467/130 394/2468/130 402/2469/128 382/2470/128
f 371/2471/1 369/2472/1 366/2473/125 375/2474/125
f 367/2458/126 374/2457/126 394/2475/130 397/2476/130
f 375/2474/125 366/2473/125 396/2477/129 395/2478/129
f 402/2469/128 393/2479/2 385/2480/2 382/2470/128
f 287/2481/132 376/2482/132 334/2483/136 333/2484/136
f 395/2485/129 396/2486/129 383/2463/137 403/2466/137
f 405/2487/136 416/2488/136 351/2431/134 390/2434/134
f 299/2489/137 296/2490/137 414/2491/4 413/2492/4
f 320/2412/126 409/2493/8 411/2494/8 291/2409/126
f 408/2495/1 321/2417/125 290/2420/125 410/2496/1
f 376/2482/132 287/2481/132 288/2497/8 406/2498/8
f 292/2499/130 298/2500/128 297/2501/128 294/2502/130
f 569/2503/130 428/2504/128 423/2505/128 559/2506/130
f 436/2507/1 454/2508/1 530/2509/131 439/2510/131
f 407/2511/1 289/2512/1 286/2450/131 377/2449/131
f 297/2501/128 298/2500/128 412/2513/2 415/2514/2
f 295/2515/129 296/2490/137 299/2489/137 293/2516/129
f 423/2505/128 428/2504/128 420/2517/2 421/2518/2
f 438/2519/132 533/2520/132 455/2521/8 437/2522/8
f 558/2523/129 422/2524/137 429/2525/137 568/2526/129
f 233/2390/131 274/2389/131 404/2527/135 417/2528/135
f 425/2529/1 434/2530/125 440/2531/125 424/2532/1
f 429/2525/137 422/2524/137 418/2533/4 419/2534/4
f 435/2535/126 426/2536/8 427/2537/8 441/2538/126
f 461/2539/129 443/2540/129 462/2541/137 456/2542/137
f 457/2543/128 458/2544/2 471/2545/2 463/2546/128
f 445/2547/126 464/2548/126 460/2549/130 444/2550/130
f 465/2551/125 442/2552/125 443/2553/129 461/2554/129
f 484/2555/1 486/2556/1 442/2552/125 465/2551/125
f 533/2520/132 438/2519/132 488/2557/136 532/2558/136
f 462/2541/137 470/2559/4 459/2560/4 456/2542/137
f 464/2548/126 445/2547/126 487/2561/8 485/2562/8
f 444/2563/130 460/2564/130 457/2543/128 463/2546/128
f 527/2565/132 528/2566/136 508/2567/136 512/2568/132
f 275/2394/132 232/2393/132 416/2569/136 405/2570/136
f 439/2510/131 530/2509/131 531/2571/135 489/2572/135
f 511/2573/134 538/2574/134 518/2575/4 519/2576/4
f 528/2577/136 538/2574/134 511/2573/134 508/2578/136
f 532/2579/136 488/2580/136 524/2581/134 537/2582/134
f 489/2583/135 531/2584/135 536/2585/133 525/2586/133
f 509/2587/135 510/2588/133 539/2589/133 529/2590/135
f 513/2591/131 509/2592/135 529/2593/135 526/2594/131
f 539/2589/133 510/2588/133 516/2595/2 517/2596/2
f 524/2581/134 561/2597/4 545/2598/4 537/2582/134
f 512/2568/132 551/2599/8 567/2600/8 527/2565/132
f 523/2601/1 520/2602/1 564/2603/125 535/2604/125
f 575/2605/137 555/2606/4 552/2607/4 578/2608/137
f 434/2530/125 558/2609/129 568/2610/129 440/2531/125
f 534/2611/126 565/2612/126 521/2613/8 522/2614/8
f 579/2615/128 553/2616/2 554/2617/2 574/2618/128
f 441/2538/126 569/2619/130 559/2620/130 435/2535/126
f 536/2585/133 544/2621/2 560/2622/2 525/2586/133
f 550/2623/1 513/2591/131 526/2594/131 566/2624/1
f 577/2625/130 580/2626/130 579/2615/128 574/2618/128
f 597/2627/138 585/2628/2 582/2629/2 586/2630/138
f 581/2631/129 576/2632/129 575/2605/137 578/2608/137
f 565/2612/126 534/2611/126 580/2633/130 577/2634/130
f 535/2604/125 564/2603/125 576/2635/129 581/2636/129
f 587/2637/134 583/2638/4 584/2639/4 598/2640/134
f 601/2641/135 596/2642/135 597/2627/138 586/2630/138
f 599/2643/136 600/2644/136 587/2637/134 598/2640/134
f 615/2645/131 570/2646/131 596/2647/135 601/2648/135
f 641/2649/137 634/2650/4 631/2651/4 656/2652/137
f 635/2653/1 629/2654/1 626/2655/125 638/2656/125
f 637/2657/126 627/2658/126 628/2659/8 636/2660/8
f 571/2661/132 614/2662/132 600/2663/136 599/2664/136
f 643/2665/130 648/2666/130 657/2667/128 640/2668/128
f 659/2669/125 660/2670/129 665/2671/129 662/2672/125
f 660/2673/129 672/2674/127 671/2675/127 665/2676/129
f 663/2677/126 664/2678/130 661/2679/130 658/2680/126
f 638/2656/125 626/2655/125 642/2681/129 649/2682/129
f 664/2683/130 670/2684/128 675/2685/128 661/2686/130
f 657/2667/128 632/2687/2 633/2688/2 640/2668/128
f 649/2689/129 642/2690/129 641/2649/137 656/2652/137
f 627/2658/126 637/2657/126 648/2691/130 643/2692/130
f 671/2675/127 672/2674/127 673/2693/4 677/2694/4
f 675/2685/128 670/2684/128 676/2695/2 674/2696/2
f 614/2662/132 571/2661/132 572/2697/8 668/2698/8
f 658/2680/126 685/2699/8 693/2700/8 663/2677/126
f 684/2701/1 659/2669/125 662/2672/125 692/2702/1
f 691/2703/126 694/2704/126 695/2705/130 690/2706/130
f 697/2707/125 688/2708/125 689/2709/129 696/2710/129
f 669/2711/1 573/2712/1 570/2646/131 615/2645/131
f 696/2713/129 689/2714/129 703/2715/137 698/2716/137
f 690/2717/130 695/2718/130 699/2719/128 702/2720/128
f 699/2719/128 700/2721/2 705/2722/2 702/2720/128
f 713/2723/1 710/2724/1 688/2708/125 697/2707/125
f 703/2715/137 704/2725/4 701/2726/4 698/2716/137
f 694/2704/126 691/2703/126 711/2727/8 712/2728/8
f 727/2308/132 172/2307/132 722/2729/136 726/2730/136
f 173/2300/131 724/2299/131 725/2731/135 723/2732/135
f 723/2733/135 725/2734/135 730/2735/138 729/2736/138
f 726/2737/136 722/2738/136 728/2739/134 731/2740/134
f 728/2739/134 734/2741/4 733/2742/4 731/2740/134
f 730/2735/138 732/2743/2 735/2744/2 729/2736/138
f 752/2745/139 1267/2746/140 1266/2747/141 751/2748/142
f 753/2749/143 1268/2750/144 1267/2751/140 752/2752/139
f 1267/2746/140 1270/2753/145 1269/2754/146 1266/2747/141
f 748/2755/147 1272/2756/148 1271/2757/149 747/2758/150
f 746/2759/151 1274/2760/152 1273/2761/153 745/2762/154
f 750/2763/155 1276/2764/156 1275/2765/157 749/2766/158
f 747/2767/150 1271/2768/149 1274/2769/152 746/2770/151
f 745/2762/154 1273/2761/153 1277/2771/159 744/2772/160
f 751/2748/142 1266/2747/141 1276/2764/156 750/2763/155
f 749/2773/158 1275/2774/157 1272/2775/148 748/2776/147
f 742/2777/161 1279/2778/162 1278/2779/163 741/2780/164
f 754/2781/165 1280/2782/166 1268/2783/144 753/2784/143
f 741/2780/164 1278/2779/163 760/2785/167 740/2786/13
f 755/2787/14 761/2788/168 1280/2782/166 754/2781/165
f 743/2789/169 1281/2790/170 1279/2791/162 742/2792/161
f 744/2772/160 1277/2771/159 1281/2793/170 743/2794/169
f 1272/2756/148 1283/2795/171 1282/2796/172 1271/2757/149
f 1274/2760/152 1285/2797/173 1284/2798/174 1273/2761/153
f 1276/2764/156 1287/2799/175 1286/2800/176 1275/2765/157
f 1271/2768/149 1282/2801/172 1285/2802/173 1274/2769/152
f 1273/2761/153 1284/2798/174 1288/2803/177 1277/2771/159
f 1266/2747/141 1269/2754/146 1287/2799/175 1276/2764/156
f 1275/2774/157 1286/2804/176 1283/2805/171 1272/2775/148
f 1279/2778/162 1290/2806/178 1289/2807/179 1278/2779/163
f 1280/2782/166 1292/2808/180 1291/2809/181 1268/2783/144
f 1278/2779/163 1289/2807/179 766/2810/182 760/2785/167
f 761/2788/168 767/2811/183 1292/2808/180 1280/2782/166
f 1281/2790/170 1293/2812/184 1290/2813/178 1279/2791/162
f 1277/2771/159 1288/2803/177 1293/2814/184 1281/2793/170
f 1268/2750/144 1291/2815/181 1270/2816/145 1267/2751/140
f 1294/2817/185 1297/2818/186 1296/2819/187 1295/2820/188
f 1283/2795/171 1294/2817/185 1295/2820/188 1282/2796/172
f 1285/2797/173 1299/2821/189 1298/2822/190 1284/2798/174
f 1287/2799/175 1301/2823/191 1300/2824/192 1286/2800/176
f 1282/2801/172 1295/2825/188 1299/2826/189 1285/2802/173
f 1284/2798/174 1298/2822/190 1302/2827/193 1288/2803/177
f 1269/2754/146 1303/2828/194 1301/2823/191 1287/2799/175
f 1286/2804/176 1300/2829/192 1294/2830/185 1283/2805/171
f 1290/2806/178 1305/2831/195 1304/2832/196 1289/2807/179
f 1292/2808/180 1307/2833/197 1306/2834/198 1291/2809/181
f 1289/2807/179 1304/2832/196 772/2835/199 766/2810/182
f 767/2811/183 773/2836/200 1307/2833/197 1292/2808/180
f 1293/2812/184 1308/2837/201 1305/2838/195 1290/2813/178
f 1288/2803/177 1302/2827/193 1308/2839/201 1293/2814/184
f 1291/2815/181 1306/2840/198 1309/2841/202 1270/2816/145
f 1270/2753/145 1309/2842/202 1303/2828/194 1269/2754/146
f 1299/2821/189 1311/2843/203 1310/2844/204 1298/2822/190
f 1301/2823/191 1313/2845/205 1312/2846/206 1300/2824/192
f 1295/2825/188 1296/2847/187 1311/2848/203 1299/2826/189
f 1298/2822/190 1310/2844/204 1314/2849/207 1302/2827/193
f 1303/2828/194 1315/2850/208 1313/2845/205 1301/2823/191
f 1300/2829/192 1312/2851/206 1297/2852/186 1294/2830/185
f 1305/2831/195 1317/2853/209 1316/2854/210 1304/2832/196
f 1307/2833/197 1319/2855/211 1318/2856/212 1306/2834/198
f 1304/2832/196 1316/2854/210 778/2857/213 772/2835/199
f 773/2836/200 779/2858/214 1319/2855/211 1307/2833/197
f 1308/2837/201 1320/2859/215 1317/2860/209 1305/2838/195
f 1302/2827/193 1314/2849/207 1320/2861/215 1308/2839/201
f 1306/2840/198 1318/2862/212 1321/2863/216 1309/2841/202
f 1309/2842/202 1321/2864/216 1315/2850/208 1303/2828/194
f 1311/2843/203 1323/2865/217 1322/2866/218 1310/2844/204
f 1313/2845/205 1325/2867/219 1324/2868/220 1312/2846/206
f 1296/2847/187 1326/2869/221 1323/2870/217 1311/2848/203
f 1310/2844/204 1322/2866/218 1327/2871/222 1314/2849/207
f 1315/2850/208 1328/2872/223 1325/2867/219 1313/2845/205
f 1312/2851/206 1324/2873/220 1329/2874/224 1297/2852/186
f 1317/2853/209 1331/2875/225 1330/2876/226 1316/2854/210
f 1319/2855/211 1333/2877/227 1332/2878/228 1318/2856/212
f 1316/2854/210 1330/2876/226 784/2879/229 778/2857/213
f 779/2858/214 785/2880/230 1333/2877/227 1319/2855/211
f 1320/2859/215 1334/2881/231 1331/2882/225 1317/2860/209
f 1314/2849/207 1327/2871/222 1334/2883/231 1320/2861/215
f 1318/2862/212 1332/2884/228 1335/2885/232 1321/2863/216
f 1321/2864/216 1335/2886/232 1328/2872/223 1315/2850/208
f 1297/2818/186 1329/2887/224 1326/2888/221 1296/2819/187
f 1336/2889/233 1339/2890/234 1338/2891/235 1337/2892/236
f 1340/2893/237 1259/2894/238 1257/2895/239 1341/2896/240
f 1342/2897/241 1345/2898/242 1344/2899/243 1343/2900/244
f 1346/2901/223 1261/2902/245 1258/2903/246 1347/2904/232
f 1348/2905/224 1264/2238/247 1265/2237/248 1349/2906/249
f 1350/2907/250 1353/2908/251 1352/2909/252 1351/2910/253
f 1354/2911/254 1260/2912/255 1261/2902/245 1346/2901/223
f 1347/2913/232 1258/2223/246 1259/2222/238 1340/2914/237
f 1351/2910/253 1352/2909/252 1339/2890/234 1336/2889/233
f 1343/2915/244 1344/2916/243 1353/2917/251 1350/2918/250
f 1337/2919/236 1338/2920/235 1356/2921/256 1355/2922/221
f 1341/2896/240 1257/2895/239 63/2923/30 789/2924/230
f 1349/2925/249 1265/2926/248 1260/2912/255 1354/2911/254
f 792/2927/229 793/2928/29 1345/2898/242 1342/2897/241
f 795/2929/2 800/2930/2 1358/2931/109 1357/2932/257
f 800/2930/2 47/2933/2 48/2934/109 1358/2931/109
f 1359/2935/258 1362/2936/259 1361/2937/108 1360/2938/260
f 1362/2936/259 49/2939/259 50/2940/108 1361/2937/108
f 1344/2916/243 1359/2935/261 1360/2938/262 1353/2917/251
f 1338/2920/235 1364/2941/263 1363/2942/264 1356/2921/256
f 1355/2943/221 1356/2944/256 1363/2945/264 1264/2946/247 1348/2947/224
f 1345/2898/242 1357/2948/265 1359/2949/261 1344/2899/243
f 1353/2908/251 1360/2950/262 1365/2951/266 1352/2909/252
f 1364/2941/267 1263/2952/104 1366/2953/103 1363/2942/268
f 793/2928/29 795/2954/29 1357/2948/265 1345/2898/242
f 1360/2955/260 1361/2956/108 1367/2957/114 1365/2958/269
f 1361/2956/108 50/2959/108 51/2960/114 1367/2957/114
f 1263/2233/104 1364/2961/267 1368/2962/270 1262/2234/122
f 1265/2963/123 56/2964/116 57/2228/113 1260/2227/121
f 1357/2932/257 1358/2931/109 1362/2965/259 1359/2966/258
f 1358/2931/109 48/2934/109 49/2967/259 1362/2965/259
f 1339/2890/234 1368/2968/271 1364/2969/263 1338/2891/235
f 1352/2909/252 1365/2951/266 1368/2968/271 1339/2890/234
f 1365/2958/269 1367/2957/114 1262/2234/122 1368/2962/270
f 1367/2957/114 51/2960/114 52/2231/122 1262/2234/122
f 53/2970/104 54/2971/103 1366/2953/103 1263/2952/104
f 55/2972/105 1264/2946/124 1363/2945/268 1366/2973/103 54/2974/103
f 802/2975/1 805/2976/131 807/2977/131 801/2978/1
f 806/2979/132 803/2980/8 804/2981/8 808/2982/132
f 816/2983/133 813/2984/133 809/2985/2 810/2986/2
f 814/2987/134 815/2988/134 811/2989/4 812/2990/4
f 820/2991/135 813/2984/133 816/2983/133 817/2992/135
f 818/2993/136 815/2988/134 814/2987/134 819/2994/136
f 805/2976/131 820/2995/135 817/2996/135 807/2977/131
f 808/2982/132 818/2997/136 819/2998/136 806/2979/132
f 834/2999/1 837/3000/272 839/3001/272 833/3002/1
f 838/3003/273 835/3004/8 836/3005/8 840/3006/273
f 848/3007/274 845/3008/274 841/3009/33 842/3010/33
f 846/3011/275 847/3012/275 843/3013/42 844/3014/42
f 852/3015/276 845/3008/274 848/3007/274 849/3016/276
f 850/3017/277 847/3012/275 846/3011/275 851/3018/277
f 837/3000/272 852/3019/276 849/3020/276 839/3001/272
f 840/3006/273 850/3021/277 851/3022/277 838/3003/273
f 866/3023/1 869/3024/278 871/3025/278 865/3026/1
f 870/3027/279 867/3028/8 868/3029/8 872/3030/279
f 880/3031/280 877/3032/280 873/3033/42 874/3034/42
f 878/3035/281 879/3036/281 875/3037/33 876/3038/33
f 884/3039/282 877/3032/280 880/3031/280 881/3040/282
f 882/3041/283 879/3036/281 878/3035/281 883/3042/283
f 869/3024/278 884/3043/282 881/3044/282 871/3025/278
f 872/3030/279 882/3045/283 883/3046/283 870/3027/279
f 898/3047/1 901/3048/284 903/3049/284 897/3050/1
f 902/3051/285 899/3052/8 900/3053/8 904/3054/285
f 912/3055/286 909/3056/286 905/3057/43 906/3058/43
f 910/3059/287 911/3060/287 907/3061/48 908/3062/48
f 916/3063/288 909/3056/286 912/3055/286 913/3064/288
f 914/3065/289 911/3060/287 910/3059/287 915/3066/289
f 901/3048/284 916/3067/288 913/3068/288 903/3049/284
f 904/3054/285 914/3069/289 915/3070/289 902/3051/285
f 930/3071/1 933/3072/290 935/3073/290 929/3074/1
f 934/3075/291 931/3076/8 932/3077/8 936/3078/291
f 944/3079/292 941/3080/293 937/3081/48 938/3082/48
f 942/3083/294 943/3084/294 939/3085/43 940/3086/43
f 948/3087/295 941/3080/293 944/3079/292 945/3088/295
f 946/3089/296 943/3084/294 942/3083/294 947/3090/296
f 933/3072/290 948/3091/295 945/3092/295 935/3073/290
f 936/3078/291 946/3093/296 947/3094/296 934/3075/291
f 962/3095/1 965/3096/297 967/3097/297 961/3098/1
f 966/3099/298 963/3100/8 964/3101/8 968/3102/298
f 976/3103/299 973/3104/299 969/3105/55 970/3106/55
f 974/3107/300 975/3108/300 971/3109/301 972/3110/301
f 980/3111/302 973/3104/299 976/3103/299 977/3112/302
f 978/3113/303 975/3108/300 974/3107/300 979/3114/303
f 965/3096/297 980/3115/302 977/3116/302 967/3097/297
f 968/3102/298 978/3117/303 979/3118/303 966/3099/298
f 994/3119/1 997/3120/304 999/3121/304 993/3122/1
f 998/3123/305 995/3124/8 996/3125/8 1000/3126/305
f 1008/3127/306 1005/3128/306 1001/3129/64 1002/3130/64
f 1006/3131/307 1007/3132/307 1003/3133/308 1004/3134/308
f 1012/3135/309 1005/3128/306 1008/3127/306 1009/3136/309
f 1010/3137/310 1007/3132/307 1006/3131/307 1011/3138/310
f 997/3120/304 1012/3139/309 1009/3140/309 999/3121/304
f 1000/3126/305 1010/3141/310 1011/3142/310 998/3123/305
f 1026/3143/1 1029/3144/311 1031/3145/311 1025/3146/1
f 1030/3147/312 1027/3148/8 1028/3149/8 1032/3150/312
f 1040/3151/313 1037/3152/313 1033/3153/69 1034/3154/69
f 1038/3155/314 1039/3156/314 1035/3157/315 1036/3158/315
f 1044/3159/316 1037/3152/313 1040/3151/313 1041/3160/316
f 1042/3161/317 1039/3156/314 1038/3155/314 1043/3162/317
f 1029/3144/311 1044/3163/316 1041/3164/316 1031/3145/311
f 1032/3150/312 1042/3165/317 1043/3166/317 1030/3147/312
f 1058/3167/1 1061/3168/318 1063/3169/318 1057/3170/1
f 1062/3171/319 1059/3172/8 1060/3173/8 1064/3174/319
f 1072/3175/320 1069/3176/320 1065/3177/77 1066/3178/77
f 1070/3179/321 1071/3180/321 1067/3181/69 1068/3182/69
f 1076/3183/322 1069/3176/320 1072/3175/320 1073/3184/322
f 1074/3185/323 1071/3180/321 1070/3179/321 1075/3186/323
f 1061/3168/318 1076/3187/322 1073/3188/322 1063/3169/318
f 1064/3174/319 1074/3189/323 1075/3190/323 1062/3171/319
f 1090/3191/1 1093/3192/324 1095/3193/324 1089/3194/1
f 1094/3195/325 1091/3196/8 1092/3197/8 1096/3198/325
f 1104/3199/326 1101/3200/326 1097/3201/82 1098/3202/82
f 1102/3203/327 1103/3204/327 1099/3205/328 1100/3206/328
f 1108/3207/329 1101/3200/326 1104/3199/326 1105/3208/329
f 1106/3209/330 1103/3204/327 1102/3203/327 1107/3210/330
f 1093/3192/324 1108/3211/329 1105/3212/329 1095/3193/324
f 1096/3198/325 1106/3213/330 1107/3214/330 1094/3195/325
f 1122/3215/1 1125/3216/331 1127/3217/331 1121/3218/1
f 1126/3219/332 1123/3220/8 1124/3221/8 1128/3222/332
f 1136/3223/333 1133/3224/334 1129/3225/90 1130/3226/90
f 1134/3227/335 1135/3228/335 1131/3229/336 1132/3230/336
f 1140/3231/337 1133/3224/334 1136/3223/333 1137/3232/337
f 1138/3233/338 1135/3228/335 1134/3227/335 1139/3234/338
f 1125/3216/331 1140/3235/337 1137/3236/337 1127/3217/331
f 1128/3222/332 1138/3237/338 1139/3238/338 1126/3219/332
f 1154/3239/1 1157/3240/125 1159/3241/125 1153/3242/1
f 1158/3243/126 1155/3244/8 1156/3245/8 1160/3246/126
f 1168/3247/127 1165/3248/127 1161/3249/4 1162/3250/4
f 1166/3251/128 1167/3252/128 1163/3253/2 1164/3254/2
f 1172/3255/129 1165/3248/127 1168/3247/127 1169/3256/129
f 1170/3257/130 1167/3252/128 1166/3251/128 1171/3258/130
f 1157/3240/125 1172/3259/129 1169/3260/129 1159/3241/125
f 1160/3246/126 1170/3261/130 1171/3262/130 1158/3243/126
f 1186/3263/1 1189/3264/131 1191/3265/131 1185/3266/1
f 1190/3267/132 1187/3268/8 1188/3269/8 1192/3270/132
f 1200/3271/133 1197/3272/133 1193/3273/2 1194/3274/2
f 1198/3275/134 1199/3276/134 1195/3277/4 1196/3278/4
f 1204/3279/135 1197/3272/133 1200/3271/133 1201/3280/135
f 1202/3281/136 1199/3276/134 1198/3275/134 1203/3282/136
f 1189/3264/131 1204/3283/135 1201/3284/135 1191/3265/131
f 1192/3270/132 1202/3285/136 1203/3286/136 1190/3267/132
f 1328/2872/223 1246/3287/339 1247/3288/340 1325/2867/219
f 1351/2910/253 1239/3289/341 1240/3290/342 1350/2907/250
f 1350/2918/250 1240/3291/342 1241/3292/343 1343/2915/244
f 1322/2866/218 1252/3293/344 1253/3294/345 1327/2871/222
f 789/2924/230 1217/3295/100 1229/3296/346 1341/2896/240
f 1326/2869/221 1250/3297/347 1251/3298/348 1323/2870/217
f 1342/2897/241 1242/3299/349 1220/3300/101 792/2927/229
f 1325/2867/219 1247/3288/340 1248/3301/350 1324/2868/220
f 1341/2896/240 1229/3296/346 1230/3302/351 1340/2893/237
f 1323/2865/217 1251/3303/348 1252/3293/344 1322/2866/218
f 1343/2900/244 1241/3304/343 1242/3299/349 1342/2897/241
f 1329/2887/224 1249/3305/352 1250/3306/347 1326/2888/221
f 1349/2906/249 1234/3307/353 1235/3308/354 1348/2905/224
f 1335/2886/232 1245/3309/355 1246/3287/339 1328/2872/223
f 1332/2884/228 1244/3310/351 1245/3311/355 1335/2885/232
f 1346/2901/223 1232/3312/339 1233/3313/356 1354/2911/254
f 1327/2871/222 1253/3294/345 1254/3314/357 1334/2883/231
f 1334/2881/231 1254/3315/357 1255/3316/343 1331/2882/225
f 1336/2889/233 1238/3317/358 1239/3289/341 1351/2910/253
f 785/2880/230 1223/3318/100 1243/3319/359 1333/2877/227
f 1355/2922/221 1236/3320/347 1237/3321/348 1337/2919/236
f 1330/2876/226 1256/3322/360 1226/3323/101 784/2879/229
f 1354/2911/254 1233/3313/356 1234/3324/353 1349/2925/249
f 1333/2877/227 1243/3319/359 1244/3325/351 1332/2878/228
f 1337/2892/236 1237/3326/348 1238/3317/358 1336/2889/233
f 1331/2875/225 1255/3327/343 1256/3322/360 1330/2876/226
f 1348/2947/224 1235/3328/354 1236/3329/347 1355/2943/221
f 1324/2873/220 1248/3330/350 1249/3331/352 1329/2874/224
f 1347/2904/232 1231/3332/355 1232/3312/339 1346/2901/223
f 1340/2914/237 1230/3333/351 1231/3334/355 1347/2913/232
o Cube.001_Cube.000
v -11.765994 0.500001 -5.000000
v -11.765994 0.500000 -3.000000
v -13.000000 0.200000 -3.000000
v -13.000000 0.200001 -5.000000
v -5.000000 0.200000 -3.000000
v 0.000000 -0.500000 -3.000000
v -8.000000 0.200000 -3.000000
v -3.765994 0.500001 -5.000000
v -1.234006 0.500001 -5.000000
v -1.234006 0.500000 -3.000000
v -3.765994 0.500000 -3.000000
v -5.000000 0.200001 -5.000000
v 0.000000 -0.499999 -5.000000
v -13.000000 -0.499999 -5.000000
v -13.000000 -0.500000 -3.000000
v -9.234006 0.500001 -5.000000
v -9.234006 0.500000 -3.000000
v -8.000000 0.200001 -5.000000
v 0.000000 0.200000 -3.000000
v 0.000000 0.200001 -5.000000
v -5.000000 0.200010 -59.000000
v 0.000000 -0.499990 -59.000000
v -8.000000 0.200010 -59.000000
v -5.000000 0.200010 -61.000000
v -3.765994 0.500010 -61.000000
v -3.765994 0.500010 -59.000000
v -8.000000 0.200010 -61.000000
v -9.234006 0.500010 -61.000000
v -13.000000 -0.499990 -61.000000
v -13.000000 0.200010 -61.000000
v -13.000000 0.200010 -59.000000
v -13.000000 -0.499990 -59.000000
v 0.000000 -0.499990 -61.000000
v -1.234006 0.500010 -61.000000
v -1.234006 0.500010 -59.000000
v -11.765994 0.500010 -61.000000
v 0.000000 0.200010 -59.000000
v -11.765994 0.500010 -59.000000
v 0.000000 0.200010 -61.000000
v -9.234006 0.500010 -59.000000
v 0.000000 -0.499991 -53.000000
v -13.000000 -0.499991 -53.000000
v -13.000000 -0.499992 -51.000000
v 0.000000 -0.499992 -51.000000
v -8.000000 0.200008 -51.000000
v -3.765994 0.500009 -53.000000
v -1.234006 0.500009 -53.000000
v -1.234006 0.500008 -51.000000
v -3.765994 0.500008 -51.000000
v -9.234006 0.500009 -53.000000
v -8.000000 0.200009 -53.000000
v -9.234006 0.500008 -51.000000
v 0.000000 0.200008 -51.000000
v -5.000000 0.200009 -53.000000
v -5.000000 0.200008 -51.000000
v 0.000000 0.200009 -53.000000
v -11.765994 0.500008 -51.000000
v -11.765994 0.500009 -53.000000
v -13.000000 0.200008 -51.000000
v -13.000000 0.200009 -53.000000
v -8.000000 0.200007 -45.000000
v -13.000000 -0.499993 -45.000000
v 0.000000 -0.499993 -45.000000
v -1.234006 0.500007 -43.000000
v 0.000000 0.200007 -43.000000
v 0.000000 -0.499993 -43.000000
v 0.000000 0.200007 -45.000000
v -5.000000 0.200007 -45.000000
v -5.000000 0.200007 -43.000000
v -8.000000 0.200007 -43.000000
v -11.765994 0.500007 -45.000000
v -11.765994 0.500007 -43.000000
v -13.000000 0.200007 -43.000000
v -13.000000 0.200007 -45.000000
v -9.234006 0.500007 -43.000000
v -13.000000 -0.499993 -43.000000
v -3.765994 0.500007 -45.000000
v -3.765994 0.500007 -43.000000
v -9.234006 0.500007 -45.000000
v -1.234006 0.500007 -45.000000
v 0.000000 -0.499994 -37.000000
v -3.765994 0.500006 -37.000000
v -5.000000 0.200006 -37.000000
v -19.420841 0.500006 -37.000000
v -19.420841 0.500006 -35.000000
v -20.654846 0.200006 -35.000000
v -20.654846 0.200006 -37.000000
v -20.654846 -0.499994 -35.000000
v -16.888851 0.500006 -35.000000
v -15.654846 0.200006 -35.000000
v -5.000000 0.200006 -35.000000
v 0.000000 -0.499994 -35.000000
v -20.654846 -0.499994 -37.000000
v -1.234006 0.500006 -37.000000
v -1.234006 0.500006 -35.000000
v 0.000000 0.200006 -35.000000
v -3.765994 0.500006 -35.000000
v -16.888851 0.500006 -37.000000
v -15.654846 0.200006 -37.000000
v 0.000000 0.200006 -37.000000
v -5.000000 0.200005 -29.000000
v -3.765994 0.500005 -29.000000
v -3.765994 0.500004 -27.000000
v -5.000000 0.200004 -27.000000
v -17.575806 -0.499995 -29.000000
v -17.575806 0.200005 -29.000000
v -17.575806 0.200004 -27.000000
v -17.575806 -0.499996 -27.000000
v -16.341801 0.500005 -29.000000
v 0.000000 -0.499995 -29.000000
v 0.000000 -0.499996 -27.000000
v -13.809812 0.500005 -29.000000
v -12.575806 0.200005 -29.000000
v -12.575806 0.200004 -27.000000
v -13.809812 0.500004 -27.000000
v -16.341801 0.500004 -27.000000
v -1.234006 0.500004 -27.000000
v 0.000000 0.200004 -27.000000
v -1.234006 0.500005 -29.000000
v 0.000000 0.200005 -29.000000
v 0.000000 -0.499997 -19.000000
v -15.257965 -0.499997 -19.000000
v -10.257965 0.200003 -19.000000
v -11.491971 0.500003 -21.000000
v -10.257965 0.200003 -21.000000
v -11.491971 0.500003 -19.000000
v -1.234006 0.500003 -19.000000
v -1.234006 0.500003 -21.000000
v 0.000000 0.200003 -21.000000
v 0.000000 0.200003 -19.000000
v -15.257965 -0.499997 -21.000000
v 0.000000 -0.499997 -21.000000
v -5.000000 0.200003 -21.000000
v -5.000000 0.200003 -19.000000
v -15.257965 0.200003 -21.000000
v -15.257965 0.200003 -19.000000
v -14.023959 0.500003 -21.000000
v -14.023959 0.500003 -19.000000
v -3.765994 0.500003 -21.000000
v -3.765994 0.500003 -19.000000
v -1.234006 0.500002 -11.000000
v 0.000000 0.200002 -11.000000
v 0.000000 -0.499998 -11.000000
v -8.914375 0.200002 -13.000000
v -5.000000 0.200002 -13.000000
v -5.000000 0.200002 -11.000000
v -8.914375 0.200002 -11.000000
v -10.148381 0.500002 -13.000000
v -13.914375 -0.499998 -13.000000
v 0.000000 -0.499998 -13.000000
v -3.765994 0.500002 -13.000000
v -12.680369 0.500002 -13.000000
v -10.148381 0.500002 -11.000000
v -13.914375 0.200002 -13.000000
v -13.914375 0.200002 -11.000000
v -13.914375 -0.499998 -11.000000
v -1.234006 0.500002 -13.000000
v -3.765994 0.500002 -11.000000
v -12.680369 0.500002 -11.000000
v 0.000000 0.200002 -13.000000
vt 0.2985 0.9051
vt 0.2985 1.0000
vt 0.5970 1.0000
vt 0.5970 0.9051
vt 0.7015 0.6154
vt 0.7015 0.3846
vt 0.5970 1.0000
vt 0.2985 0.2897
vt 0.5970 0.2897
vt 0.5970 0.0949
vt 0.2985 0.0949
vt 0.2985 0.3846
vt 0.5970 0.3846
vt 0.0000 1.0000
vt 0.2985 1.0000
vt 0.2985 0.0000
vt 0.0000 0.0000
vt 0.5970 0.7103
vt 0.2985 0.7103
vt 0.2985 0.6154
vt 0.5970 0.6154
vt 1.0000 0.1538
vt 1.0000 0.0000
vt 0.8955 0.0000
vt 0.8955 0.1538
vt 1.0000 0.3077
vt 1.0000 0.1538
vt 0.8955 0.1538
vt 0.8955 0.3077
vt 0.5970 0.0000
vt 0.2985 0.0000
vt 0.8955 1.0000
vt 0.7910 0.3846
vt 0.7910 0.6154
vt 0.8955 0.0000
vt 0.7463 0.7103
vt 0.5970 0.0000
vt 0.7463 0.2897
vt 0.7463 0.9051
vt 0.7910 1.0000
vt 0.7463 0.7103
vt 0.7463 0.9051
vt 0.7015 1.0000
vt 0.7463 0.2897
vt 0.7463 0.0949
vt 0.7015 0.0000
vt 0.7463 0.0949
vt 0.7910 0.0000
vt 0.7015 0.6154
vt 0.7015 0.3846
vt 0.5970 1.0000
vt 0.2985 0.3846
vt 0.5970 0.3846
vt 0.5970 0.2897
vt 0.2985 0.2897
vt 0.7910 0.3846
vt 0.8955 0.0000
vt 0.7463 0.2897
vt 1.0000 0.3077
vt 1.0000 0.1538
vt 0.8955 0.1538
vt 0.8955 0.3077
vt 0.5970 0.0000
vt 0.7463 0.7103
vt 0.8955 1.0000
vt 0.7910 0.6154
vt 0.7463 0.7103
vt 0.5970 0.0949
vt 0.2985 0.0949
vt 0.0000 1.0000
vt 0.2985 1.0000
vt 0.2985 0.0000
vt 0.0000 0.0000
vt 0.7910 0.0000
vt 0.7463 0.0949
vt 0.7463 0.9051
vt 0.7015 1.0000
vt 0.2985 0.9051
vt 0.2985 1.0000
vt 0.5970 1.0000
vt 0.5970 0.9051
vt 1.0000 0.1538
vt 1.0000 0.0000
vt 0.8955 0.0000
vt 0.8955 0.1538
vt 0.5970 0.7103
vt 0.2985 0.7103
vt 0.7463 0.9051
vt 0.7910 1.0000
vt 0.2985 0.6154
vt 0.5970 0.6154
vt 0.7015 0.0000
vt 0.7463 0.0949
vt 0.7463 0.2897
vt 0.5970 0.0000
vt 0.2985 0.0000
vt 0.0000 1.0000
vt 0.2985 1.0000
vt 0.2985 0.0000
vt 0.0000 0.0000
vt 0.5970 1.0000
vt 0.7015 0.3846
vt 0.5970 0.0000
vt 0.2985 0.2897
vt 0.5970 0.2897
vt 0.5970 0.0949
vt 0.2985 0.0949
vt 0.2985 0.7103
vt 0.5970 0.7103
vt 0.5970 0.6154
vt 0.2985 0.6154
vt 0.7463 0.9051
vt 0.7015 1.0000
vt 0.7463 0.7103
vt 0.2985 0.3846
vt 0.5970 0.3846
vt 0.8955 1.0000
vt 0.7910 0.6154
vt 0.7463 0.7103
vt 1.0000 0.1538
vt 1.0000 0.0000
vt 0.8955 0.0000
vt 0.8955 0.1538
vt 0.7910 0.3846
vt 0.8955 0.0000
vt 0.5970 0.0000
vt 0.2985 0.0000
vt 0.7463 0.0949
vt 0.7463 0.2897
vt 0.2985 0.9051
vt 0.2985 1.0000
vt 0.5970 1.0000
vt 0.5970 0.9051
vt 1.0000 0.3077
vt 1.0000 0.1538
vt 0.8955 0.1538
vt 0.8955 0.3077
vt 0.7463 0.2897
vt 0.7463 0.0949
vt 0.7015 0.0000
vt 0.7015 0.6154
vt 0.7463 0.9051
vt 0.7910 1.0000
vt 0.7910 0.0000
vt 0.7910 0.3846
vt 0.8955 1.0000
vt 0.8955 0.0000
vt 0.7463 0.9051
vt 0.5970 1.0000
vt 0.7015 1.0000
vt 1.0000 0.1538
vt 1.0000 0.0000
vt 0.8955 0.0000
vt 0.8955 0.1538
vt 0.2985 0.6154
vt 0.5970 0.6154
vt 0.5970 0.3846
vt 0.2985 0.3846
vt 0.2985 0.9051
vt 0.2985 1.0000
vt 0.5970 1.0000
vt 0.5970 0.9051
vt 0.7463 0.0949
vt 0.5970 0.0000
vt 0.7463 0.2897
vt 0.7015 0.3846
vt 0.5970 0.2897
vt 0.2985 0.2897
vt 0.7910 0.6154
vt 0.7463 0.7103
vt 0.7463 0.2897
vt 0.7463 0.9051
vt 1.0000 0.3077
vt 1.0000 0.1538
vt 0.8955 0.1538
vt 0.8955 0.3077
vt 0.2985 0.7103
vt 0.5970 0.7103
vt 0.7910 0.0000
vt 0.7463 0.0949
vt 0.7015 0.6154
vt 0.7463 0.7103
vt 0.7910 1.0000
vt 0.0000 1.0000
vt 0.2985 1.0000
vt 0.2985 0.0000
vt 0.0000 0.0000
vt 0.7015 0.0000
vt 0.5970 0.0949
vt 0.2985 0.0949
vt 0.5970 0.0000
vt 0.2985 0.0000
vt 0.8955 1.0000
vt 0.7910 0.6154
vt 0.7463 0.7103
vt 0.2985 0.9051
vt 0.2985 1.0000
vt 0.5970 1.0000
vt 0.5970 0.9051
vt 0.5970 0.0000
vt 0.7015 0.3846
vt 0.7463 0.2897
vt 0.7015 0.6154
vt 0.5970 1.0000
vt 1.0000 0.3077
vt 1.0000 0.1538
vt 0.8955 0.1538
vt 0.8955 0.3077
vt 0.7463 0.9051
vt 0.7463 0.9051
vt 0.7015 1.0000
vt 0.7910 0.0000
vt 0.7463 0.0949
vt 0.8955 0.0000
vt 0.2985 0.3846
vt 0.5970 0.3846
vt 0.5970 0.2897
vt 0.2985 0.2897
vt 0.5970 0.0949
vt 0.2985 0.0949
vt 0.7015 0.0000
vt 0.7463 0.0949
vt 0.2985 0.7103
vt 0.5970 0.7103
vt 0.5970 0.6154
vt 0.2985 0.6154
vt 0.5970 0.0000
vt 0.2985 0.0000
vt 0.7463 0.7103
vt 0.7910 0.3846
vt 0.7463 0.2897
vt 0.0000 1.0000
vt 0.2985 1.0000
vt 0.2985 0.0000
vt 0.0000 0.0000
vt 0.7910 1.0000
vt 1.0000 0.1538
vt 1.0000 0.0000
vt 0.8955 0.0000
vt 0.8955 0.1538
vt 0.2985 0.3846
vt 0.5970 0.3846
vt 0.5970 0.2897
vt 0.2985 0.2897
vt 1.0000 0.3077
vt 1.0000 0.1538
vt 0.8955 0.1538
vt 0.8955 0.3077
vt 0.7910 0.0000
vt 0.7463 0.0949
vt 0.8955 0.0000
vt 0.0000 1.0000
vt 0.2985 1.0000
vt 0.2985 0.0000
vt 0.0000 0.0000
vt 0.2985 0.7103
vt 0.5970 0.7103
vt 0.5970 0.6154
vt 0.2985 0.6154
vt 0.7015 0.0000
vt 0.5970 0.0000
vt 0.7463 0.0949
vt 0.2985 0.9051
vt 0.2985 1.0000
vt 0.5970 1.0000
vt 0.5970 0.9051
vt 0.7463 0.9051
vt 0.5970 1.0000
vt 0.7015 1.0000
vt 0.5970 0.0949
vt 0.5970 0.0000
vt 0.2985 0.0000
vt 0.2985 0.0949
vt 0.7015 0.3846
vt 1.0000 0.1538
vt 1.0000 0.0000
vt 0.8955 0.0000
vt 0.8955 0.1538
vt 0.8955 1.0000
vt 0.7463 0.9051
vt 0.7910 1.0000
vt 0.7015 0.6154
vt 0.7910 0.3846
vt 0.7463 0.2897
vt 0.7463 0.2897
vt 0.7463 0.7103
vt 0.7910 0.6154
vt 0.7463 0.7103
vt 0.5970 1.0000
vt 0.7015 0.3846
vt 0.5970 0.0000
vt 0.2985 0.7103
vt 0.5970 0.7103
vt 0.5970 0.6154
vt 0.2985 0.6154
vt 0.5970 0.0949
vt 0.5970 0.0000
vt 0.2985 0.0000
vt 0.2985 0.0949
vt 0.7910 0.3846
vt 0.8955 1.0000
vt 0.8955 0.0000
vt 0.5970 0.3846
vt 0.2985 0.3846
vt 0.7463 0.9051
vt 0.7910 1.0000
vt 1.0000 0.3077
vt 1.0000 0.1538
vt 0.8955 0.1538
vt 0.8955 0.3077
vt 0.2985 0.9051
vt 0.2985 1.0000
vt 0.5970 1.0000
vt 0.5970 0.9051
vt 0.7463 0.2897
vt 0.7463 0.9051
vt 0.7015 1.0000
vt 0.7463 0.2897
vt 0.7463 0.0949
vt 0.7015 0.6154
vt 0.0000 1.0000
vt 0.2985 1.0000
vt 0.2985 0.0000
vt 0.0000 0.0000
vt 0.2985 0.2897
vt 0.5970 0.2897
vt 0.7463 0.7103
vt 0.7463 0.7103
vt 0.7910 0.6154
vt 0.7015 0.0000
vt 0.7463 0.0949
vt 0.7910 0.0000
vt 1.0000 0.1538
vt 1.0000 0.0000
vt 0.8955 0.0000
vt 0.8955 0.1538
vt 0.7463 0.9051
vt 0.5970 1.0000
vt 0.7015 1.0000
vt 0.2985 0.6154
vt 0.5970 0.6154
vt 0.5970 0.3846
vt 0.2985 0.3846
vt 0.7910 0.3846
vt 0.8955 0.0000
vt 0.7463 0.2897
vt 0.8955 1.0000
vt 0.7910 0.6154
vt 0.7463 0.7103
vt 0.7015 0.6154
vt 0.7015 0.3846
vt 0.7463 0.0949
vt 0.2985 0.7103
vt 0.5970 0.7103
vt 1.0000 0.3077
vt 1.0000 0.1538
vt 0.8955 0.1538
vt 0.8955 0.3077
vt 0.2985 0.2897
vt 0.5970 0.2897
vt 0.5970 0.0949
vt 0.2985 0.0949
vt 0.2985 0.9051
vt 0.2985 1.0000
vt 0.5970 1.0000
vt 0.5970 0.9051
vt 0.7910 0.0000
vt 0.0000 1.0000
vt 0.2985 1.0000
vt 0.2985 0.0000
vt 0.0000 0.0000
vt 1.0000 0.1538
vt 1.0000 0.0000
vt 0.8955 0.0000
vt 0.8955 0.1538
vt 0.7015 0.0000
vt 0.5970 0.0000
vt 0.7463 0.0949
vt 0.7463 0.2897
vt 0.7463 0.7103
vt 0.7463 0.9051
vt 0.7910 1.0000
vt 0.5970 0.0000
vt 0.2985 0.0000
vn -0.2362 0.9717 0.0000
vn 0.0000 0.0000 1.0000
vn 0.0000 1.0000 0.0000
vn 0.0000 -1.0000 -0.0000
vn 0.2362 0.9717 0.0000
vn 1.0000 0.0000 0.0000
vn -1.0000 0.0000 0.0000
vn 0.0000 0.0000 -1.0000
usemtl Material.002
s off
f 1369/3335/361 1372/3336/361 1371/3337/361 1370/3338/361
f 1373/3339/362 1375/3340/362 1374/3341/362
f 1376/3342/363 1379/3343/363 1378/3344/363 1377/3345/363
f 1380/3346/361 1373/3347/361 1379/3343/361 1376/3342/361
f 1381/3348/364 1374/3349/364 1383/3350/364 1382/3351/364
f 1369/3335/363 1370/3338/363 1385/3352/363 1384/3353/363
f 1386/3354/363 1375/3355/363 1373/3347/363 1380/3346/363
f 1384/3353/365 1385/3352/365 1375/3355/365 1386/3354/365
f 1374/3356/366 1381/3357/366 1388/3358/366 1387/3359/366
f 1382/3360/367 1383/3361/367 1371/3362/367 1372/3363/367
f 1378/3344/365 1387/3364/365 1388/3365/365 1377/3345/365
f 1381/3366/368 1386/3367/368 1380/3368/368
f 1386/3367/368 1381/3366/368 1382/3369/368
f 1381/3366/368 1380/3368/368 1376/3370/368
f 1383/3371/362 1375/3340/362 1385/3372/362
f 1381/3366/368 1377/3373/368 1388/3374/368
f 1377/3373/368 1381/3366/368 1376/3370/368
f 1379/3375/362 1374/3341/362 1378/3376/362
f 1378/3376/362 1374/3341/362 1387/3377/362
f 1384/3378/368 1382/3369/368 1369/3379/368
f 1371/3380/362 1383/3371/362 1370/3381/362
f 1370/3381/362 1383/3371/362 1385/3372/362
f 1374/3341/362 1375/3340/362 1383/3371/362
f 1373/3339/362 1374/3341/362 1379/3375/362
f 1386/3367/368 1382/3369/368 1384/3378/368
f 1372/3382/368 1369/3379/368 1382/3369/368
f 1389/3383/362 1391/3384/362 1390/3385/362
f 1392/3386/361 1389/3387/361 1394/3388/361 1393/3389/361
f 1395/3390/368 1397/3391/368 1396/3392/368
f 1397/3393/367 1400/3394/367 1399/3395/367 1398/3396/367
f 1390/3385/362 1391/3384/362 1400/3397/362
f 1389/3383/362 1390/3385/362 1394/3398/362
f 1401/3399/368 1392/3400/368 1393/3401/368
f 1395/3390/368 1401/3399/368 1397/3391/368
f 1393/3389/363 1394/3388/363 1403/3402/363 1402/3403/363
f 1401/3404/364 1390/3405/364 1400/3406/364 1397/3407/364
f 1398/3408/368 1404/3409/368 1397/3391/368
f 1394/3398/362 1390/3385/362 1403/3410/362
f 1403/3410/362 1390/3385/362 1405/3411/362
f 1404/3412/361 1398/3413/361 1399/3414/361 1406/3415/361
f 1390/3416/366 1401/3417/366 1407/3418/366 1405/3419/366
f 1404/3412/363 1406/3415/363 1408/3420/363 1396/3421/363
f 1401/3399/368 1402/3422/368 1407/3423/368
f 1402/3422/368 1401/3399/368 1393/3401/368
f 1395/3424/363 1391/3425/363 1389/3387/363 1392/3386/363
f 1401/3399/368 1395/3390/368 1392/3400/368
f 1396/3392/368 1397/3391/368 1404/3409/368
f 1399/3426/362 1400/3397/362 1406/3427/362
f 1396/3421/365 1408/3420/365 1391/3425/365 1395/3424/365
f 1406/3427/362 1400/3397/362 1408/3428/362
f 1403/3402/365 1405/3429/365 1407/3430/365 1402/3403/365
f 1400/3397/362 1391/3384/362 1408/3428/362
f 1409/3431/364 1412/3432/364 1411/3433/364 1410/3434/364
f 1412/3435/362 1413/3436/362 1411/3437/362
f 1414/3438/363 1417/3439/363 1416/3440/363 1415/3441/363
f 1418/3442/365 1420/3443/365 1413/3444/365 1419/3445/365
f 1416/3446/362 1412/3435/362 1421/3447/362
f 1417/3448/362 1412/3435/362 1416/3446/362
f 1422/3449/361 1423/3450/361 1417/3439/361 1414/3438/361
f 1409/3451/368 1422/3452/368 1414/3453/368
f 1412/3454/366 1409/3455/366 1424/3456/366 1421/3457/366
f 1419/3458/368 1409/3451/368 1410/3459/368
f 1416/3440/365 1421/3460/365 1424/3461/365 1415/3441/365
f 1425/3462/362 1411/3437/362 1420/3463/362
f 1426/3464/361 1428/3465/361 1427/3466/361 1425/3467/361
f 1410/3468/367 1411/3469/367 1427/3470/367 1428/3471/367
f 1411/3437/362 1413/3436/362 1420/3463/362
f 1409/3451/368 1419/3458/368 1422/3452/368
f 1418/3472/368 1410/3459/368 1426/3473/368
f 1427/3474/362 1411/3437/362 1425/3462/362
f 1423/3475/362 1413/3436/362 1412/3435/362
f 1423/3475/362 1412/3435/362 1417/3448/362
f 1426/3464/363 1425/3467/363 1420/3443/363 1418/3442/363
f 1409/3451/368 1415/3476/368 1424/3477/368
f 1419/3445/363 1413/3444/363 1423/3450/363 1422/3449/363
f 1415/3476/368 1409/3451/368 1414/3453/368
f 1419/3458/368 1410/3459/368 1418/3472/368
f 1428/3478/368 1426/3473/368 1410/3459/368
f 1429/3479/368 1431/3480/368 1430/3481/368
f 1432/3482/362 1434/3483/362 1433/3484/362
f 1434/3485/366 1431/3486/366 1435/3487/366 1433/3488/366
f 1429/3489/363 1438/3490/363 1437/3491/363 1436/3492/363
f 1439/3493/361 1442/3494/361 1441/3495/361 1440/3496/361
f 1440/3497/362 1444/3498/362 1443/3499/362
f 1434/3483/362 1438/3500/362 1444/3498/362
f 1436/3492/361 1437/3491/361 1446/3501/361 1445/3502/361
f 1444/3498/362 1438/3500/362 1443/3499/362
f 1431/3480/368 1436/3503/368 1445/3504/368
f 1429/3479/368 1430/3481/368 1447/3505/368
f 1448/3506/368 1431/3480/368 1445/3504/368
f 1430/3507/367 1444/3508/367 1441/3509/367 1442/3510/367
f 1447/3511/365 1443/3512/365 1438/3490/365 1429/3489/365
f 1442/3513/368 1439/3514/368 1430/3481/368
f 1437/3515/362 1434/3483/362 1446/3516/362
f 1439/3493/363 1440/3496/363 1443/3512/363 1447/3511/363
f 1431/3480/368 1448/3506/368 1435/3517/368
f 1431/3518/364 1434/3519/364 1444/3520/364 1430/3521/364
f 1446/3516/362 1434/3483/362 1432/3482/362
f 1431/3480/368 1429/3479/368 1436/3503/368
f 1447/3505/368 1430/3481/368 1439/3514/368
f 1437/3515/362 1438/3500/362 1434/3483/362
f 1441/3522/362 1444/3498/362 1440/3497/362
f 1445/3502/363 1446/3501/363 1432/3523/363 1448/3524/363
f 1432/3523/365 1433/3525/365 1435/3526/365 1448/3524/365
f 1449/3527/368 1451/3528/368 1450/3529/368
f 1452/3530/361 1455/3531/361 1454/3532/361 1453/3533/361
f 1456/3534/362 1458/3535/362 1457/3536/362
f 1459/3537/362 1458/3535/362 1460/3538/362
f 1461/3539/367 1456/3540/367 1454/3541/367 1455/3542/367
f 1462/3543/368 1449/3527/368 1450/3529/368
f 1463/3544/362 1460/3538/362 1464/3545/362
f 1460/3538/362 1458/3535/362 1456/3534/362
f 1455/3546/368 1452/3547/368 1461/3548/368
f 1451/3549/361 1459/3550/361 1465/3551/361 1450/3552/361
f 1450/3552/363 1465/3551/363 1463/3553/363 1462/3554/363
f 1454/3555/362 1456/3534/362 1453/3556/362
f 1466/3557/365 1457/3558/365 1458/3559/365 1467/3560/365
f 1467/3560/363 1458/3559/363 1459/3550/363 1451/3549/363
f 1463/3553/365 1464/3561/365 1468/3562/365 1462/3554/365
f 1465/3563/362 1460/3538/362 1463/3544/362
f 1449/3527/368 1467/3564/368 1451/3528/368
f 1466/3565/368 1461/3548/368 1452/3547/368
f 1467/3564/368 1449/3527/368 1461/3548/368
f 1453/3556/362 1456/3534/362 1457/3536/362
f 1459/3537/362 1460/3538/362 1465/3563/362
f 1452/3530/363 1453/3533/363 1457/3558/363 1466/3557/363
f 1449/3566/364 1460/3567/364 1456/3568/364 1461/3569/364
f 1449/3527/368 1462/3543/368 1468/3570/368
f 1460/3571/366 1449/3572/366 1468/3573/366 1464/3574/366
f 1467/3564/368 1461/3548/368 1466/3565/368
f 1469/3575/361 1472/3576/361 1471/3577/361 1470/3578/361
f 1473/3579/367 1476/3580/367 1475/3581/367 1474/3582/367
f 1474/3583/368 1477/3584/368 1473/3585/368
f 1478/3586/364 1479/3587/364 1476/3588/364 1473/3589/364
f 1480/3590/365 1483/3591/365 1482/3592/365 1481/3593/365
f 1475/3594/362 1476/3595/362 1484/3596/362
f 1477/3597/361 1474/3598/361 1475/3599/361 1484/3600/361
f 1485/3601/362 1479/3602/362 1486/3603/362
f 1485/3604/365 1486/3605/365 1488/3606/365 1487/3607/365
f 1479/3602/362 1482/3608/362 1476/3595/362
f 1479/3609/366 1478/3610/366 1488/3611/366 1486/3612/366
f 1478/3613/368 1487/3614/368 1488/3615/368
f 1481/3593/363 1482/3592/363 1472/3576/363 1469/3575/363
f 1472/3616/362 1482/3608/362 1479/3602/362
f 1481/3617/368 1473/3585/368 1480/3618/368
f 1484/3596/362 1476/3595/362 1483/3619/362
f 1472/3616/362 1479/3602/362 1471/3620/362
f 1477/3597/363 1484/3600/363 1483/3591/363 1480/3590/363
f 1478/3613/368 1469/3621/368 1470/3622/368
f 1487/3614/368 1478/3613/368 1470/3622/368
f 1471/3620/362 1479/3602/362 1485/3601/362
f 1478/3613/368 1481/3617/368 1469/3621/368
f 1481/3617/368 1478/3613/368 1473/3585/368
f 1480/3618/368 1473/3585/368 1477/3584/368
f 1476/3595/362 1482/3608/362 1483/3619/362
f 1470/3578/363 1471/3577/363 1485/3604/363 1487/3607/363
f 1489/3623/362 1491/3624/362 1490/3625/362
f 1492/3626/365 1494/3627/365 1491/3628/365 1493/3629/365
f 1495/3630/365 1498/3631/365 1497/3632/365 1496/3633/365
f 1493/3634/368 1500/3635/368 1499/3636/368
f 1493/3629/363 1491/3628/363 1502/3637/363 1501/3638/363
f 1500/3635/368 1496/3639/368 1497/3640/368
f 1499/3641/367 1490/3642/367 1504/3643/367 1503/3644/367
f 1505/3645/361 1503/3646/361 1504/3647/361 1506/3648/361
f 1493/3634/368 1499/3636/368 1492/3649/368
f 1495/3650/362 1489/3623/362 1498/3651/362
f 1490/3625/362 1491/3624/362 1494/3652/362
f 1492/3649/368 1499/3636/368 1505/3653/368
f 1502/3654/362 1491/3624/362 1489/3623/362
f 1500/3655/364 1489/3656/364 1490/3657/364 1499/3658/364
f 1507/3659/363 1508/3660/363 1495/3630/363 1496/3633/363
f 1496/3639/368 1500/3635/368 1507/3661/368
f 1508/3662/362 1489/3623/362 1495/3650/362
f 1500/3635/368 1493/3634/368 1501/3663/368
f 1501/3638/361 1502/3637/361 1508/3660/361 1507/3659/361
f 1504/3664/362 1490/3625/362 1506/3665/362
f 1506/3665/362 1490/3625/362 1494/3652/362
f 1502/3654/362 1489/3623/362 1508/3662/362
f 1500/3635/368 1501/3663/368 1507/3661/368
f 1505/3645/363 1506/3648/363 1494/3627/363 1492/3626/363
f 1503/3666/368 1505/3653/368 1499/3636/368
f 1489/3667/366 1500/3668/366 1497/3669/366 1498/3670/366
f 1509/3671/362 1511/3672/362 1510/3673/362
f 1512/3674/363 1515/3675/363 1514/3676/363 1513/3677/363
f 1512/3678/368 1517/3679/368 1516/3680/368
f 1518/3681/368 1513/3682/368 1519/3683/368
f 1514/3684/362 1515/3685/362 1511/3672/362
f 1516/3680/368 1517/3679/368 1520/3686/368
f 1516/3687/365 1521/3688/365 1515/3675/365 1512/3674/365
f 1517/3689/367 1524/3690/367 1523/3691/367 1522/3692/367
f 1519/3693/363 1526/3694/363 1509/3695/363 1525/3696/363
f 1520/3697/361 1522/3698/361 1523/3699/361 1527/3700/361
f 1522/3701/368 1520/3686/368 1517/3679/368
f 1520/3697/363 1527/3700/363 1521/3688/363 1516/3687/363
f 1518/3702/364 1511/3703/364 1524/3704/364 1517/3705/364
f 1512/3678/368 1518/3681/368 1517/3679/368
f 1511/3706/366 1518/3707/366 1528/3708/366 1510/3709/366
f 1523/3710/362 1524/3711/362 1527/3712/362
f 1527/3712/362 1524/3711/362 1521/3713/362
f 1514/3684/362 1511/3672/362 1526/3714/362
f 1511/3672/362 1515/3685/362 1524/3711/362
f 1518/3681/368 1525/3715/368 1528/3716/368
f 1525/3715/368 1518/3681/368 1519/3683/368
f 1526/3714/362 1511/3672/362 1509/3671/362
f 1513/3677/361 1514/3676/361 1526/3694/361 1519/3693/361
f 1518/3681/368 1512/3678/368 1513/3682/368
f 1509/3695/365 1510/3717/365 1528/3718/365 1525/3696/365
f 1524/3711/362 1515/3685/362 1521/3713/362
