# Blender v2.78 (sub 0) OBJ File: 'RailSlopeDown10.blend'
# www.blender.org
mtllib RailSlopeDown10.mtl
o Cube.001_Cube.002
v 1.234006 0.500000 -3.000000
v 1.234006 0.500000 -5.000000
v 11.765994 0.500000 -3.000000
v 11.765994 0.500000 -5.000000
v 3.765994 0.500000 -5.000000
v 3.765994 0.500000 -3.000000
v 9.234006 0.500000 -5.000000
v 9.234006 0.500000 -3.000000
v 5.000000 0.200000 -3.000000
v 5.000000 0.200000 -5.000000
v 8.000000 0.200000 -5.000000
v 8.000000 0.200000 -3.000000
v 0.000000 -0.500000 -5.000000
v 0.000000 -0.500000 -3.000000
v 0.000000 0.200000 -3.000000
v 0.000000 0.200000 -5.000000
v 13.000000 0.200000 -5.000000
v 13.000000 -0.500000 -5.000000
v 13.000000 -0.500000 -3.000000
v 13.000000 0.200000 -3.000000
v 13.000000 -4.644592 -57.723862
v 13.000000 -5.332886 -57.596291
v 13.000000 -5.697388 -59.562798
v 13.000000 -5.009064 -59.690365
v 0.000000 -5.009064 -59.690365
v 0.000000 -4.644592 -57.723862
v 0.000000 -5.332886 -57.596291
v 0.000000 -5.697388 -59.562798
v 8.000000 -4.644592 -57.723862
v 8.000000 -5.009064 -59.690365
v 5.000000 -5.009064 -59.690365
v 5.000000 -4.644592 -57.723862
v 9.234006 -4.349609 -57.778530
v 9.234006 -4.714203 -59.745033
v 3.765994 -4.349609 -57.778530
v 3.765994 -4.714203 -59.745033
v 11.765994 -4.714203 -59.745033
v 11.765994 -4.349609 -57.778530
v 1.234006 -4.714203 -59.745033
v 1.234006 -4.349609 -57.778530
v 1.234006 -3.043182 -50.020878
v 1.234006 -3.356140 -51.996246
v 11.765994 -3.043182 -50.020878
v 11.765994 -3.356140 -51.996246
v 3.765994 -3.356140 -51.996246
v 3.765994 -3.043182 -50.020878
v 9.234006 -3.356140 -51.996246
v 9.234006 -3.043182 -50.020878
v 5.000000 -3.339478 -49.973949
v 5.000000 -3.652344 -51.949318
v 8.000000 -3.652344 -51.949318
v 8.000000 -3.339478 -49.973949
v 0.000000 -4.343781 -51.839813
v 0.000000 -4.030884 -49.864437
v 0.000000 -3.339478 -49.973949
v 0.000000 -3.652344 -51.949318
v 13.000000 -3.652344 -51.949318
v 13.000000 -4.343781 -51.839813
v 13.000000 -4.030884 -49.864437
v 13.000000 -3.339478 -49.973949
v 13.000000 -2.237701 -42.192528
v 13.000000 -2.931702 -42.101154
v 13.000000 -3.192780 -44.084042
v 13.000000 -2.498749 -44.175411
v 0.000000 -2.498749 -44.175411
v 0.000000 -2.237701 -42.192528
v 0.000000 -2.931702 -42.101154
v 0.000000 -3.192780 -44.084042
v 8.000000 -2.237701 -42.192528
v 8.000000 -2.498749 -44.175411
v 5.000000 -2.498749 -44.175411
v 5.000000 -2.237701 -42.192528
v 9.234006 -1.940247 -42.231682
v 9.234006 -2.201385 -44.214565
v 3.765994 -1.940247 -42.231682
v 3.765994 -2.201385 -44.214565
v 11.765994 -2.201385 -44.214565
v 11.765994 -1.940247 -42.231682
v 1.234006 -2.201385 -44.214565
v 1.234006 -1.940247 -42.231682
v 1.234006 -1.041595 -34.416286
v 1.234006 -1.250732 -36.405327
v 11.765994 -1.041595 -34.416286
v 11.765994 -1.250732 -36.405327
v 3.765994 -1.250732 -36.405327
v 3.765994 -1.041595 -34.416286
v 9.234006 -1.250732 -36.405327
v 9.234006 -1.041595 -34.416286
v 5.000000 -1.339966 -34.384930
v 5.000000 -1.549042 -36.373970
v 8.000000 -1.549042 -36.373970
v 8.000000 -1.339966 -34.384930
v 0.000000 -2.245209 -36.300800
v 0.000000 -2.036133 -34.311756
v 0.000000 -1.339966 -34.384930
v 0.000000 -1.549042 -36.373970
v 13.000000 -1.549042 -36.373970
v 13.000000 -2.245209 -36.300800
v 13.000000 -2.036133 -34.311756
v 13.000000 -1.339966 -34.384930
v 13.000000 -0.646942 -26.556507
v 13.000000 -1.344788 -26.501585
v 13.000000 -1.501709 -28.495420
v 13.000000 -0.803864 -28.550341
v 0.000000 -0.803864 -28.550341
v 0.000000 -0.646942 -26.556507
v 0.000000 -1.344788 -26.501585
v 0.000000 -1.501709 -28.495420
v 8.000000 -0.646942 -26.556507
v 8.000000 -0.803864 -28.550341
v 5.000000 -0.803864 -28.550341
v 5.000000 -0.646942 -26.556507
v 9.234006 -0.347839 -26.580044
v 9.234006 -0.504822 -28.573875
v 3.765994 -0.347839 -26.580044
v 3.765994 -0.504822 -28.573875
v 11.765994 -0.504822 -28.573875
v 11.765994 -0.347839 -26.580044
v 1.234006 -0.504822 -28.573875
v 1.234006 -0.347839 -26.580044
v 1.234006 0.140533 -18.728327
v 1.234006 0.035828 -20.725584
v 11.765994 0.140533 -18.728327
v 11.765994 0.035828 -20.725584
v 3.765994 0.035828 -20.725584
v 3.765994 0.140533 -18.728327
v 9.234006 0.035828 -20.725584
v 9.234006 0.140533 -18.728327
v 5.000000 -0.159058 -18.712627
v 5.000000 -0.263733 -20.709885
v 8.000000 -0.263733 -20.709885
v 8.000000 -0.159058 -18.712627
v 0.000000 -0.962769 -20.673250
v 0.000000 -0.858093 -18.675991
v 0.000000 -0.159058 -18.712627
v 0.000000 -0.263733 -20.709885
v 13.000000 -0.263733 -20.709885
v 13.000000 -0.962769 -20.673250
v 13.000000 -0.858093 -18.675991
v 13.000000 -0.159058 -18.712627
v 13.000000 0.123322 -10.858664
v 13.000000 -0.576447 -10.840340
v 13.000000 -0.628815 -12.839654
v 13.000000 0.070953 -12.857978
v 0.000000 0.070953 -12.857978
v 0.000000 0.123322 -10.858664
v 0.000000 -0.576447 -10.840340
v 0.000000 -0.628815 -12.839654
v 8.000000 0.123322 -10.858664
v 8.000000 0.070953 -12.857978
v 5.000000 0.070953 -12.857978
v 5.000000 0.123322 -10.858664
v 9.234006 0.423218 -10.866516
v 9.234006 0.370850 -12.865830
v 3.765994 0.423218 -10.866516
v 3.765994 0.370850 -12.865830
v 11.765994 0.370850 -12.865830
v 11.765994 0.423218 -10.866516
v 1.234006 0.370850 -12.865830
v 1.234006 0.423218 -10.866516
vt 0.2985 0.9051
vt 0.5970 0.9051
vt 0.5970 1.0000
vt 0.2985 1.0000
vt 0.7015 0.6154
vt 0.5970 1.0000
vt 0.7015 0.3846
vt 0.2985 0.2897
vt 0.2985 0.0949
vt 0.5970 0.0949
vt 0.5970 0.2897
vt 0.2985 0.3846
vt 0.5970 0.3846
vt 0.0000 1.0000
vt 0.0000 0.0000
vt 0.2985 0.0000
vt 0.2985 1.0000
vt 0.2985 0.7103
vt 0.5970 0.7103
vt 0.2985 0.6154
vt 0.5970 0.6154
vt 1.0000 0.1538
vt 0.8955 0.1538
vt 0.8955 0.0000
vt 1.0000 0.0000
vt 1.0000 0.3077
vt 0.8955 0.3077
vt 0.8955 0.1538
vt 1.0000 0.1538
vt 0.2985 0.0000
vt 0.5970 0.0000
vt 0.8955 1.0000
vt 0.7910 0.6154
vt 0.7910 0.3846
vt 0.8955 0.0000
vt 0.7463 0.7103
vt 0.5970 0.0000
vt 0.7463 0.2897
vt 0.7910 1.0000
vt 0.7463 0.9051
vt 0.7463 0.7103
vt 0.7463 0.9051
vt 0.7015 1.0000
vt 0.7463 0.2897
vt 0.7463 0.0949
vt 0.7015 0.0000
vt 0.7463 0.0949
vt 0.7910 0.0000
vt 0.7463 0.0949
vt 0.7463 0.2897
vt 0.5970 0.0000
vt 1.0000 0.3077
vt 0.8955 0.3077
vt 0.8955 0.1538
vt 1.0000 0.1538
vt 0.7463 0.9051
vt 0.7463 0.7103
vt 0.8955 1.0000
vt 0.5970 0.0949
vt 0.2985 0.0949
vt 0.2985 0.0000
vt 0.5970 0.0000
vt 0.0000 1.0000
vt 0.0000 0.0000
vt 0.2985 0.0000
vt 0.2985 1.0000
vt 0.2985 0.7103
vt 0.2985 0.6154
vt 0.5970 0.6154
vt 0.5970 0.7103
vt 0.7910 0.6154
vt 0.2985 0.3846
vt 0.5970 0.3846
vt 0.7015 0.6154
vt 0.7463 0.7103
vt 0.5970 1.0000
vt 0.7015 0.3846
vt 0.7463 0.9051
vt 0.7015 1.0000
vt 0.2985 0.9051
vt 0.5970 0.9051
vt 0.5970 1.0000
vt 0.2985 1.0000
vt 0.7015 0.0000
vt 0.2985 0.2897
vt 0.5970 0.2897
vt 0.7910 0.3846
vt 0.8955 0.0000
vt 1.0000 0.1538
vt 0.8955 0.1538
vt 0.8955 0.0000
vt 1.0000 0.0000
vt 0.7463 0.2897
vt 0.7910 1.0000
vt 0.7463 0.0949
vt 0.7910 0.0000
vt 0.7910 0.0000
vt 0.8955 0.0000
vt 0.7463 0.0949
vt 0.5970 0.0000
vt 0.7463 0.2897
vt 0.7015 0.3846
vt 0.7463 0.0949
vt 0.0000 1.0000
vt 0.0000 0.0000
vt 0.2985 0.0000
vt 0.2985 1.0000
vt 0.2985 0.9051
vt 0.5970 0.9051
vt 0.5970 1.0000
vt 0.2985 1.0000
vt 0.7015 0.6154
vt 0.5970 1.0000
vt 0.7910 0.3846
vt 0.7463 0.2897
vt 0.7463 0.7103
vt 0.7463 0.9051
vt 0.8955 1.0000
vt 0.7910 1.0000
vt 0.7463 0.9051
vt 1.0000 0.1538
vt 0.8955 0.1538
vt 0.8955 0.0000
vt 1.0000 0.0000
vt 0.7015 0.0000
vt 0.2985 0.6154
vt 0.2985 0.3846
vt 0.5970 0.3846
vt 0.5970 0.6154
vt 0.7015 1.0000
vt 0.2985 0.7103
vt 0.5970 0.7103
vt 0.7463 0.7103
vt 0.2985 0.2897
vt 0.2985 0.0949
vt 0.5970 0.0949
vt 0.5970 0.2897
vt 0.2985 0.0000
vt 0.5970 0.0000
vt 0.7910 0.6154
vt 1.0000 0.3077
vt 0.8955 0.3077
vt 0.8955 0.1538
vt 1.0000 0.1538
vt 0.7910 0.3846
vt 0.7463 0.2897
vt 0.8955 0.0000
vt 0.7463 0.9051
vt 0.7015 1.0000
vt 0.5970 1.0000
vt 0.2985 0.7103
vt 0.2985 0.6154
vt 0.5970 0.6154
vt 0.5970 0.7103
vt 0.7910 0.0000
vt 0.7463 0.0949
vt 0.0000 1.0000
vt 0.0000 0.0000
vt 0.2985 0.0000
vt 0.2985 1.0000
vt 0.2985 0.2897
vt 0.2985 0.0949
vt 0.5970 0.0949
vt 0.5970 0.2897
vt 0.7015 0.6154
vt 0.7463 0.7103
vt 0.2985 0.9051
vt 0.5970 0.9051
vt 0.5970 1.0000
vt 0.2985 1.0000
vt 0.7015 0.0000
vt 0.7463 0.0949
vt 0.5970 0.0000
vt 0.7463 0.2897
vt 0.7015 0.3846
vt 0.8955 1.0000
vt 0.7910 1.0000
vt 0.7463 0.9051
vt 0.7910 0.6154
vt 0.2985 0.3846
vt 0.5970 0.3846
vt 1.0000 0.3077
vt 0.8955 0.3077
vt 0.8955 0.1538
vt 1.0000 0.1538
vt 0.2985 0.0000
vt 0.5970 0.0000
vt 0.7463 0.7103
vt 1.0000 0.1538
vt 0.8955 0.1538
vt 0.8955 0.0000
vt 1.0000 0.0000
vt 0.7015 0.0000
vt 0.7463 0.0949
vt 0.5970 0.0000
vt 0.8955 1.0000
vt 0.7910 0.6154
vt 0.7910 0.3846
vt 1.0000 0.1538
vt 0.8955 0.1538
vt 0.8955 0.0000
vt 1.0000 0.0000
vt 0.7463 0.9051
vt 0.7015 1.0000
vt 0.5970 1.0000
vt 0.7015 0.6154
vt 0.7463 0.7103
vt 0.7463 0.9051
vt 0.7463 0.7103
vt 0.7910 0.0000
vt 0.8955 0.0000
vt 0.7463 0.0949
vt 0.7015 0.3846
vt 0.7463 0.2897
vt 0.0000 1.0000
vt 0.0000 0.0000
vt 0.2985 0.0000
vt 0.2985 1.0000
vt 0.5970 0.0949
vt 0.2985 0.0949
vt 0.2985 0.0000
vt 0.5970 0.0000
vt 0.2985 0.6154
vt 0.2985 0.3846
vt 0.5970 0.3846
vt 0.5970 0.6154
vt 0.7463 0.2897
vt 0.7910 1.0000
vt 0.2985 0.7103
vt 0.5970 0.7103
vt 0.2985 0.2897
vt 0.5970 0.2897
vt 0.2985 0.9051
vt 0.5970 0.9051
vt 0.5970 1.0000
vt 0.2985 1.0000
vt 1.0000 0.3077
vt 0.8955 0.3077
vt 0.8955 0.1538
vt 1.0000 0.1538
vt 1.0000 0.3077
vt 0.8955 0.3077
vt 0.8955 0.1538
vt 1.0000 0.1538
vt 0.2985 0.7103
vt 0.2985 0.6154
vt 0.5970 0.6154
vt 0.5970 0.7103
vt 0.7015 0.0000
vt 0.7463 0.0949
vt 0.5970 0.0000
vt 0.7015 0.6154
vt 0.7463 0.7103
vt 0.5970 1.0000
vt 0.2985 0.3846
vt 0.5970 0.3846
vt 0.2985 0.2897
vt 0.2985 0.0949
vt 0.5970 0.0949
vt 0.5970 0.2897
vt 0.2985 0.9051
vt 0.5970 0.9051
vt 0.7463 0.9051
vt 0.7910 0.3846
vt 0.8955 0.0000
vt 0.8955 1.0000
vt 0.7463 0.7103
vt 0.7910 0.6154
vt 0.7015 0.3846
vt 0.7463 0.2897
vt 0.7463 0.0949
vt 0.2985 0.0000
vt 0.5970 0.0000
vt 1.0000 0.1538
vt 0.8955 0.1538
vt 0.8955 0.0000
vt 1.0000 0.0000
vt 0.7463 0.2897
vt 0.5970 1.0000
vt 0.2985 1.0000
vt 0.7015 1.0000
vt 0.0000 1.0000
vt 0.0000 0.0000
vt 0.2985 0.0000
vt 0.2985 1.0000
vt 0.7910 1.0000
vt 0.7463 0.9051
vt 0.7910 0.0000
vt 0.7463 0.9051
vt 0.7463 0.7103
vt 0.8955 1.0000
vt 0.7463 0.0949
vt 0.7463 0.2897
vt 0.5970 0.0000
vt 1.0000 0.3077
vt 0.8955 0.3077
vt 0.8955 0.1538
vt 1.0000 0.1538
vt 0.2985 0.6154
vt 0.2985 0.3846
vt 0.5970 0.3846
vt 0.5970 0.6154
vt 0.7463 0.2897
vt 0.7463 0.0949
vt 0.8955 0.0000
vt 0.2985 0.9051
vt 0.5970 0.9051
vt 0.5970 1.0000
vt 0.2985 1.0000
vt 0.7463 0.9051
vt 0.7015 1.0000
vt 0.5970 1.0000
vt 0.7015 0.3846
vt 0.0000 1.0000
vt 0.0000 0.0000
vt 0.2985 0.0000
vt 0.2985 1.0000
vt 1.0000 0.1538
vt 0.8955 0.1538
vt 0.8955 0.0000
vt 1.0000 0.0000
vt 0.5970 0.0949
vt 0.2985 0.0949
vt 0.2985 0.0000
vt 0.5970 0.0000
vt 0.7463 0.7103
vt 0.2985 0.2897
vt 0.5970 0.2897
vt 0.7910 0.6154
vt 0.7015 0.6154
vt 0.7910 1.0000
vt 0.7015 0.0000
vt 0.7910 0.3846
vt 0.7910 0.0000
vt 0.2985 0.7103
vt 0.5970 0.7103
vt 0.2985 0.2897
vt 0.2985 0.0949
vt 0.5970 0.0949
vt 0.5970 0.2897
vt 0.7910 0.3846
vt 0.7463 0.2897
vt 0.8955 0.0000
vt 0.7463 0.9051
vt 0.7463 0.7103
vt 0.8955 1.0000
vt 0.7463 0.0949
vt 0.2985 0.3846
vt 0.5970 0.3846
vt 0.7910 0.0000
vt 0.7015 0.6154
vt 0.7463 0.7103
vt 0.5970 1.0000
vt 0.7910 0.6154
vt 0.7015 0.0000
vt 0.7463 0.0949
vt 0.5970 0.0000
vt 0.7463 0.2897
vt 0.7015 0.3846
vt 0.0000 1.0000
vt 0.0000 0.0000
vt 0.2985 0.0000
vt 0.2985 1.0000
vt 0.2985 0.0000
vt 0.5970 0.0000
vt 0.7463 0.9051
vt 1.0000 0.3077
vt 0.8955 0.3077
vt 0.8955 0.1538
vt 1.0000 0.1538
vt 0.2985 0.9051
vt 0.2985 0.7103
vt 0.5970 0.7103
vt 0.5970 0.9051
vt 0.2985 0.6154
vt 0.5970 0.6154
vt 1.0000 0.1538
vt 0.8955 0.1538
vt 0.8955 0.0000
vt 1.0000 0.0000
vt 0.7910 1.0000
vt 0.7015 1.0000
vt 0.5970 1.0000
vt 0.2985 1.0000
vn 0.2362 0.9717 0.0000
vn 0.0000 0.0000 1.0000
vn 0.0000 1.0000 0.0000
vn 0.0000 -1.0000 0.0000
vn -0.2362 0.9717 0.0000
vn -1.0000 0.0000 0.0000
vn 1.0000 0.0000 0.0000
vn 0.0000 0.0000 -1.0000
vn 0.0000 0.1822 0.9833
vn 0.0000 -0.1822 -0.9833
vn -0.2362 0.9554 -0.1771
vn 0.0000 -0.9833 0.1823
vn 0.0000 -0.1823 -0.9832
vn 0.0000 0.9833 -0.1822
vn 0.0000 0.9832 -0.1823
vn 0.2362 0.9554 -0.1771
vn 0.0000 -0.1564 -0.9877
vn 0.0000 0.1564 0.9877
vn 0.0000 -0.9877 0.1564
vn 0.2362 0.9597 -0.1520
vn -0.0000 -0.1565 -0.9877
vn 0.0000 0.9877 -0.1564
vn 0.0000 0.9877 -0.1565
vn -0.2362 0.9597 -0.1520
vn 0.0000 -0.1305 -0.9914
vn -0.0000 0.1305 0.9914
vn -0.2362 0.9634 -0.1269
vn 0.0000 -0.9914 0.1305
vn 0.0000 0.9914 -0.1306
vn 0.2362 0.9634 -0.1269
vn 0.0000 0.9914 -0.1305
vn 0.0000 0.1045 0.9945
vn 0.0000 -0.1045 -0.9945
vn 0.0000 -0.9945 0.1045
vn -0.2362 0.9664 -0.1016
vn 0.0000 0.9945 -0.1045
vn 0.0000 0.9945 -0.1046
vn 0.2362 0.9664 -0.1016
vn -0.2362 0.9687 -0.0763
vn 0.0000 0.0785 0.9969
vn 0.0000 0.9969 -0.0785
vn 0.2362 0.9687 -0.0763
vn 0.0000 -0.0785 -0.9969
vn 0.0000 -0.9969 0.0785
vn 0.0000 -0.0523 -0.9986
vn 0.0000 0.0523 0.9986
vn 0.0000 0.9986 -0.0523
vn 0.2362 0.9704 -0.0509
vn 0.0000 -0.9986 0.0523
vn -0.2362 0.9704 -0.0509
vn 0.0000 0.9986 -0.0524
vn 0.0000 0.9997 -0.0262
vn 0.0000 -0.0262 -0.9997
vn 0.2362 0.9714 -0.0254
vn 0.0000 0.0262 0.9997
vn 0.0000 -0.9997 0.0262
vn -0.2362 0.9714 -0.0254
usemtl Material
s off
f 4/1/1 3/2/1 20/3/1 17/4/1
f 9/5/2 14/6/2 12/7/2
f 5/8/3 2/9/3 1/10/3 6/11/3
f 10/12/1 5/8/1 6/11/1 9/13/1
f 13/14/4 18/15/4 19/16/4 14/17/4
f 4/1/3 7/18/3 8/19/3 3/2/3
f 11/20/3 10/12/3 9/13/3 12/21/3
f 7/18/5 11/20/5 12/21/5 8/19/5
f 14/22/6 15/23/6 16/24/6 13/25/6
f 18/26/7 17/27/7 20/28/7 19/29/7
f 1/10/5 2/9/5 16/30/5 15/31/5
f 13/32/8 10/33/8 11/34/8
f 11/34/8 18/35/8 13/32/8
f 13/32/8 5/36/8 10/33/8
f 19/37/2 8/38/2 12/7/2
f 13/32/8 16/39/8 2/40/8
f 2/40/8 5/36/8 13/32/8
f 6/41/2 1/42/2 14/6/2
f 1/42/2 15/43/2 14/6/2
f 7/44/8 4/45/8 18/35/8
f 20/46/2 3/47/2 19/37/2
f 3/47/2 8/38/2 19/37/2
f 14/6/2 19/37/2 12/7/2
f 9/5/2 6/41/2 14/6/2
f 11/34/8 7/44/8 18/35/8
f 17/48/8 18/35/8 4/45/8
f 38/49/9 33/50/9 22/51/9
f 23/52/7 24/53/7 21/54/7 22/55/7
f 39/56/10 36/57/10 28/58/10
f 40/59/11 39/60/11 25/61/11 26/62/11
f 28/63/12 23/64/12 22/65/12 27/66/12
f 34/67/11 30/68/11 29/69/11 33/70/11
f 28/58/13 36/57/13 31/71/13
f 30/68/14 31/72/14 32/73/14 29/69/14
f 32/74/9 35/75/9 27/76/9
f 27/76/9 22/51/9 29/77/9
f 40/78/9 26/79/9 27/76/9
f 37/80/15 34/67/15 33/70/15 38/81/15
f 37/80/16 38/81/16 21/82/16 24/83/16
f 21/84/9 38/49/9 22/51/9
f 36/85/15 39/60/15 40/59/15 35/86/15
f 30/87/10 23/88/10 28/58/10
f 27/89/6 26/90/6 25/91/6 28/92/6
f 22/51/9 33/50/9 29/77/9
f 32/74/9 27/76/9 29/77/9
f 30/87/13 34/93/13 23/88/13
f 28/58/10 25/94/10 39/56/10
f 35/75/9 40/78/9 27/76/9
f 34/93/10 37/95/10 23/88/10
f 31/72/16 36/85/16 35/86/16 32/73/16
f 28/58/10 31/71/10 30/87/10
f 24/96/10 23/88/10 37/95/10
f 57/97/17 58/98/17 44/99/17
f 59/100/18 48/101/18 52/102/18
f 43/103/18 48/101/18 59/100/18
f 53/104/19 58/105/19 59/106/19 54/107/19
f 44/108/20 43/109/20 60/110/20 57/111/20
f 49/112/18 54/113/18 52/102/18
f 51/114/21 47/115/21 58/98/21
f 46/116/18 41/117/18 54/113/18
f 53/118/17 56/119/17 42/120/17
f 54/121/6 55/122/6 56/123/6 53/124/6
f 60/125/18 43/103/18 59/100/18
f 51/126/22 50/127/22 49/128/22 52/129/22
f 49/112/18 46/116/18 54/113/18
f 41/117/18 55/130/18 54/113/18
f 44/108/23 47/131/23 48/132/23 43/109/23
f 47/115/17 44/99/17 58/98/17
f 42/120/17 45/133/17 53/118/17
f 45/134/23 42/135/23 41/136/23 46/137/23
f 50/127/20 45/134/20 46/137/20 49/128/20
f 41/136/24 42/135/24 56/138/24 55/139/24
f 54/113/18 59/100/18 52/102/18
f 53/118/17 50/140/17 51/114/17
f 51/114/17 58/98/17 53/118/17
f 53/118/21 45/133/21 50/140/21
f 58/141/7 57/142/7 60/143/7 59/144/7
f 47/131/24 51/126/24 52/129/24 48/132/24
f 70/145/25 74/146/25 63/147/25
f 80/148/26 66/149/26 67/150/26
f 74/151/27 70/152/27 69/153/27 73/154/27
f 64/155/25 63/147/25 77/156/25
f 68/157/28 63/158/28 62/159/28 67/160/28
f 76/161/29 79/162/29 80/163/29 75/164/29
f 72/165/26 75/166/26 67/150/26
f 77/167/30 78/168/30 61/169/30 64/170/30
f 61/171/26 78/172/26 62/173/26
f 62/173/26 73/174/26 69/175/26
f 68/176/25 65/177/25 79/178/25
f 68/176/25 71/179/25 70/145/25
f 71/180/30 76/161/30 75/164/30 72/181/30
f 70/145/25 63/147/25 68/176/25
f 70/152/31 71/180/31 72/181/31 69/153/31
f 63/182/7 64/183/7 61/184/7 62/185/7
f 67/150/26 62/173/26 69/175/26
f 80/163/27 79/162/27 65/186/27 66/187/27
f 75/166/26 80/148/26 67/150/26
f 68/176/25 76/188/25 71/179/25
f 72/165/26 67/150/26 69/175/26
f 74/146/25 77/156/25 63/147/25
f 67/189/6 66/190/6 65/191/6 68/192/6
f 79/178/25 76/188/25 68/176/25
f 78/172/26 73/174/26 62/173/26
f 77/167/29 74/151/29 73/154/29 78/168/29
f 100/193/32 83/194/32 99/195/32
f 93/196/33 90/197/33 91/198/33
f 94/199/6 95/200/6 96/201/6 93/202/6
f 81/203/32 95/204/32 94/205/32
f 89/206/32 86/207/32 94/205/32
f 82/208/33 85/209/33 93/196/33
f 97/210/33 98/211/33 84/212/33
f 89/206/32 94/205/32 92/213/32
f 87/214/33 84/212/33 98/211/33
f 93/215/34 98/216/34 99/217/34 94/218/34
f 81/219/35 82/220/35 96/221/35 95/222/35
f 91/198/33 87/214/33 98/211/33
f 91/223/36 90/224/36 89/225/36 92/226/36
f 93/196/33 85/209/33 90/197/33
f 83/194/32 88/227/32 99/195/32
f 93/196/33 96/228/33 82/208/33
f 91/198/33 98/211/33 93/196/33
f 87/229/35 91/223/35 92/226/35 88/230/35
f 85/231/37 82/220/37 81/219/37 86/232/37
f 84/233/37 87/229/37 88/230/37 83/234/37
f 90/224/38 85/231/38 86/232/38 89/225/38
f 86/207/32 81/203/32 94/205/32
f 94/205/32 99/195/32 92/213/32
f 84/233/38 83/234/38 100/235/38 97/236/38
f 99/195/32 88/227/32 92/213/32
f 98/237/7 97/238/7 100/239/7 99/240/7
f 103/241/7 104/242/7 101/243/7 102/244/7
f 114/245/39 110/246/39 109/247/39 113/248/39
f 101/249/40 118/250/40 102/251/40
f 112/252/40 115/253/40 107/254/40
f 110/246/41 111/255/41 112/256/41 109/247/41
f 116/257/41 119/258/41 120/259/41 115/260/41
f 117/261/41 114/245/41 113/248/41 118/262/41
f 115/253/40 120/263/40 107/254/40
f 111/255/42 116/257/42 115/260/42 112/256/42
f 110/264/43 103/265/43 108/266/43
f 108/266/43 116/267/43 111/268/43
f 112/252/40 107/254/40 109/269/40
f 114/270/43 117/271/43 103/265/43
f 120/259/39 119/258/39 105/272/39 106/273/39
f 110/264/43 114/270/43 103/265/43
f 107/254/40 102/251/40 109/269/40
f 107/274/6 106/275/6 105/276/6 108/277/6
f 118/250/40 113/278/40 102/251/40
f 117/261/42 118/262/42 101/279/42 104/280/42
f 120/263/40 106/281/40 107/254/40
f 108/282/44 103/283/44 102/284/44 107/285/44
f 102/251/40 113/278/40 109/269/40
f 108/266/43 105/286/43 119/287/43
f 104/288/43 103/265/43 117/271/43
f 108/266/43 111/268/43 110/264/43
f 119/287/43 116/267/43 108/266/43
f 122/289/45 125/290/45 133/291/45
f 123/292/46 128/293/46 139/294/46
f 138/295/7 137/296/7 140/297/7 139/298/7
f 131/299/47 130/300/47 129/301/47 132/302/47
f 127/303/45 124/304/45 138/305/45
f 124/306/48 123/307/48 140/308/48 137/309/48
f 121/310/46 135/311/46 134/312/46
f 139/294/46 128/293/46 132/313/46
f 133/314/49 138/315/49 139/316/49 134/317/49
f 134/318/6 135/319/6 136/320/6 133/321/6
f 121/322/50 122/323/50 136/324/50 135/325/50
f 126/326/46 121/310/46 134/312/46
f 130/300/48 125/327/48 126/328/48 129/301/48
f 133/291/45 125/290/45 130/329/45
f 129/330/46 134/312/46 132/313/46
f 133/291/45 136/331/45 122/289/45
f 140/332/46 123/292/46 139/294/46
f 131/333/45 127/303/45 138/305/45
f 137/334/45 138/305/45 124/304/45
f 129/330/46 126/326/46 134/312/46
f 131/333/45 138/305/45 133/291/45
f 133/291/45 130/329/45 131/333/45
f 134/312/46 139/294/46 132/313/46
f 124/306/51 127/335/51 128/336/51 123/307/51
f 127/335/50 131/299/50 132/302/50 128/336/50
f 125/327/51 122/323/51 121/322/51 126/328/51
f 156/337/52 159/338/52 160/339/52 155/340/52
f 150/341/53 154/342/53 143/343/53
f 159/344/53 156/345/53 148/346/53
f 154/342/53 157/347/53 143/343/53
f 151/348/54 156/337/54 155/340/54 152/349/54
f 144/350/53 143/343/53 157/347/53
f 152/351/55 155/352/55 147/353/55
f 148/346/53 151/354/53 150/341/53
f 150/341/53 143/343/53 148/346/53
f 141/355/55 158/356/55 142/357/55
f 148/346/53 156/345/53 151/354/53
f 142/357/55 153/358/55 149/359/55
f 148/360/56 143/361/56 142/362/56 147/363/56
f 160/339/57 159/338/57 145/364/57 146/365/57
f 155/352/55 160/366/55 147/353/55
f 147/353/55 142/357/55 149/359/55
f 143/367/7 144/368/7 141/369/7 142/370/7
f 152/351/55 147/353/55 149/359/55
f 157/371/52 154/372/52 153/373/52 158/374/52
f 150/375/52 151/348/52 152/349/52 149/376/52
f 147/377/6 146/378/6 145/379/6 148/380/6
f 154/372/57 150/375/57 149/376/57 153/373/57
f 148/346/53 145/381/53 159/344/53
f 160/366/55 146/382/55 147/353/55
f 158/356/55 153/358/55 142/357/55
f 157/371/54 158/374/54 141/383/54 144/384/54
o Cube
v 2.765345 0.640297 -3.594839
v 2.765345 0.734637 -3.594839
v 2.765345 0.734637 -4.405161
v 2.765345 0.640297 -4.405161
v 3.226461 0.734637 -4.405161
v 3.226461 0.640297 -4.405161
v 3.226461 0.640297 -3.594839
v 3.226461 0.734637 -3.594839
v 3.350001 0.484750 -4.405161
v 3.444341 0.484750 -4.405161
v 3.444341 0.484750 -3.594839
v 3.350001 0.484750 -3.594839
v 3.350001 0.566756 -4.405161
v 3.444341 0.566756 -4.405161
v 3.444341 0.566756 -3.594839
v 3.350001 0.566756 -3.594839
v 3.311992 0.617413 -3.594839
v 3.368091 0.693261 -3.594839
v 3.368091 0.693261 -4.405161
v 3.311992 0.617413 -4.405161
v 3.026007 0.449169 -4.050000
v 3.112609 0.449169 -4.100000
v 3.199212 0.449169 -4.050000
v 3.199212 0.449169 -3.950000
v 3.112609 0.449169 -3.900000
v 3.026007 0.449169 -3.950000
v 3.026007 0.827738 -4.050000
v 3.026007 0.827738 -3.950000
v 3.112609 0.827738 -3.900000
v 3.199212 0.827738 -3.950000
v 3.199212 0.827738 -4.050000
v 3.112609 0.827738 -4.100000
v 2.231962 0.640297 -4.405161
v 2.231962 0.734637 -4.405161
v 2.231962 0.734637 -3.594839
v 2.231962 0.640297 -3.594839
v 1.770847 0.734637 -3.594839
v 1.770847 0.640297 -3.594839
v 1.770847 0.640297 -4.405161
v 1.770847 0.734637 -4.405161
v 1.647306 0.484750 -3.594839
v 1.552966 0.484750 -3.594839
v 1.552966 0.484750 -4.405161
v 1.647306 0.484750 -4.405161
v 1.647306 0.566756 -3.594839
v 1.552966 0.566756 -3.594839
v 1.552966 0.566756 -4.405161
v 1.647306 0.566756 -4.405161
v 1.685316 0.617413 -4.405161
v 1.629217 0.693261 -4.405161
v 1.629217 0.693261 -3.594839
v 1.685316 0.617413 -3.594839
v 1.971301 0.449169 -3.950000
v 1.884698 0.449169 -3.900000
v 1.798096 0.449169 -3.950000
v 1.798096 0.449169 -4.050000
v 1.884698 0.449169 -4.100000
v 1.971301 0.449169 -4.050000
v 1.971301 0.827738 -3.950000
v 1.971301 0.827738 -4.050000
v 1.884698 0.827738 -4.100000
v 1.798096 0.827738 -4.050000
v 1.798096 0.827738 -3.950000
v 1.884698 0.827738 -3.900000
v 10.234653 0.640297 -3.594839
v 10.234653 0.640297 -4.405161
v 10.234653 0.734637 -4.405161
v 10.234653 0.734637 -3.594839
v 9.773539 0.640297 -4.405161
v 9.773539 0.734637 -4.405161
v 9.773539 0.640297 -3.594839
v 9.773539 0.734637 -3.594839
v 9.649998 0.484750 -4.405161
v 9.649998 0.484750 -3.594839
v 9.555658 0.484750 -3.594839
v 9.555658 0.484750 -4.405161
v 9.649998 0.566756 -4.405161
v 9.555658 0.566756 -4.405161
v 9.555658 0.566756 -3.594839
v 9.649998 0.566756 -3.594839
v 9.688007 0.617413 -3.594839
v 9.631908 0.693261 -3.594839
v 9.631908 0.693261 -4.405161
v 9.688007 0.617413 -4.405161
v 9.973993 0.449169 -4.050000
v 9.973993 0.449169 -3.950000
v 9.887390 0.449169 -3.900000
v 9.800787 0.449169 -3.950000
v 9.800787 0.449169 -4.050000
v 9.887390 0.449169 -4.100000
v 9.973993 0.827738 -4.050000
v 9.887390 0.827738 -4.100000
v 9.800787 0.827738 -4.050000
v 9.800787 0.827738 -3.950000
v 9.887390 0.827738 -3.900000
v 9.973993 0.827738 -3.950000
v 10.768038 0.640297 -4.405161
v 10.768038 0.640297 -3.594839
v 10.768038 0.734637 -3.594839
v 10.768038 0.734637 -4.405161
v 11.229153 0.640297 -3.594839
v 11.229153 0.734637 -3.594839
v 11.229153 0.640297 -4.405161
v 11.229153 0.734637 -4.405161
v 11.352694 0.484750 -3.594839
v 11.352694 0.484750 -4.405161
v 11.447033 0.484750 -4.405161
v 11.447033 0.484750 -3.594839
v 11.352694 0.566756 -3.594839
v 11.447033 0.566756 -3.594839
v 11.447033 0.566756 -4.405161
v 11.352694 0.566756 -4.405161
v 11.314684 0.617413 -4.405161
v 11.370783 0.693261 -4.405161
v 11.370783 0.693261 -3.594839
v 11.314684 0.617413 -3.594839
v 11.028698 0.449169 -3.950000
v 11.028698 0.449169 -4.050000
v 11.115301 0.449169 -4.100000
v 11.201904 0.449169 -4.050000
v 11.201904 0.449169 -3.950000
v 11.115301 0.449169 -3.900000
v 11.028698 0.827738 -3.950000
v 11.115301 0.827738 -3.900000
v 11.201904 0.827738 -3.950000
v 11.201904 0.827738 -4.050000
v 11.115301 0.827738 -4.100000
v 11.028698 0.827738 -4.050000
v 3.021119 0.500000 -4.000000
v 3.021119 0.500000 0.000000
v 1.978881 0.500000 -0.000002
v 1.978881 0.500000 -4.000000
v 3.021119 0.587549 -4.000000
v 3.021119 0.587549 0.000000
v 1.978881 0.587549 -0.000002
v 1.978881 0.587549 -4.000000
v 2.708235 0.733564 -4.000000
v 2.708235 0.733564 0.000000
v 2.291765 0.733564 -0.000002
v 2.291765 0.733564 -4.000000
v 2.797318 2.000000 -3.999992
v 2.797318 2.000000 0.000008
v 2.202682 2.000000 -0.000002
v 2.202682 2.000000 -4.000000
v 2.969423 1.600824 -3.999996
v 2.934476 1.511428 -3.999996
v 2.934476 1.511428 0.000004
v 2.969422 1.600824 0.000004
v 2.030577 1.600824 -0.000002
v 2.065524 1.511428 -0.000002
v 2.065524 1.511428 -4.000000
v 2.030577 1.600824 -4.000000
v 2.936017 1.955686 -3.999992
v 2.969423 1.899785 -3.999992
v 2.969422 1.899785 0.000008
v 2.936016 1.955686 0.000008
v 2.063983 1.955686 -0.000004
v 2.030577 1.899785 -0.000004
v 2.030577 1.899785 -4.000000
v 2.063983 1.955686 -4.000000
v 2.741135 1.447889 -3.999996
v 2.708235 1.388508 -3.999996
v 2.708235 1.388508 0.000004
v 2.741135 1.447889 0.000004
v 2.258865 1.447889 -0.000002
v 2.291765 1.388508 -0.000002
v 2.291765 1.388508 -4.000000
v 2.258865 1.447889 -4.000000
v 11.021119 0.500000 -4.000000
v 11.021119 0.500000 0.000000
v 9.978881 0.500000 -0.000002
v 9.978881 0.500000 -4.000000
v 11.021119 0.587549 -4.000000
v 11.021119 0.587549 0.000000
v 9.978881 0.587549 -0.000002
v 9.978881 0.587549 -4.000000
v 10.708235 0.733564 -4.000000
v 10.708235 0.733564 0.000000
v 10.291765 0.733564 -0.000002
v 10.291765 0.733564 -4.000000
v 10.797318 2.000000 -3.999992
v 10.797318 2.000000 0.000008
v 10.202682 2.000000 -0.000002
v 10.202682 2.000000 -4.000000
v 10.969423 1.600824 -3.999996
v 10.934477 1.511428 -3.999996
v 10.934476 1.511428 0.000004
v 10.969422 1.600824 0.000004
v 10.030577 1.600824 -0.000002
v 10.065524 1.511428 -0.000002
v 10.065524 1.511428 -4.000000
v 10.030578 1.600824 -4.000000
v 10.936017 1.955686 -3.999992
v 10.969423 1.899785 -3.999992
v 10.969422 1.899785 0.000008
v 10.936016 1.955686 0.000008
v 10.063983 1.955686 -0.000004
v 10.030577 1.899785 -0.000004
v 10.030578 1.899785 -4.000000
v 10.063984 1.955686 -4.000000
v 10.741135 1.447889 -3.999996
v 10.708235 1.388508 -3.999996
v 10.708235 1.388508 0.000004
v 10.741135 1.447889 0.000004
v 10.258864 1.447889 -0.000002
v 10.291765 1.388508 -0.000002
v 10.291765 1.388508 -4.000000
v 10.258864 1.447889 -4.000000
v 2.934500 -4.513950 -64.275436
v 2.065547 -4.513950 -64.275436
v 2.030601 -4.426029 -64.291740
v 2.936040 -4.077091 -64.356400
v 2.969446 -4.132053 -64.346207
v 2.030601 -4.132053 -64.346214
v 2.064006 -4.077091 -64.356407
v 2.741159 -4.576389 -64.263855
v 2.708259 -4.634769 -64.253044
v 2.291789 -4.634769 -64.253044
v 2.258888 -4.576389 -64.263863
v 11.021143 -5.508396 -64.091125
v 9.978905 -5.508396 -64.091125
v 11.021143 -5.422306 -64.107086
v 9.978905 -5.422306 -64.107086
v 10.708258 -5.278751 -64.133690
v 10.291789 -5.278751 -64.133690
v 10.797340 -4.033482 -64.364471
v 10.202706 -4.033482 -64.364479
v 10.969446 -4.426029 -64.291733
v 10.934500 -4.513950 -64.275436
v 10.065548 -4.513950 -64.275436
v 10.030602 -4.426029 -64.291740
v 10.936041 -4.077091 -64.356400
v 10.969446 -4.132053 -64.346207
v 10.030602 -4.132053 -64.346214
v 10.064008 -4.077091 -64.356407
v 10.741158 -4.576389 -64.263855
v 10.708258 -4.634769 -64.253044
v 10.291789 -4.634769 -64.253044
v 10.258888 -4.576389 -64.263863
v 10.258864 -3.591526 -58.949512
v 10.291765 -3.649906 -58.938698
v 10.708235 -3.649906 -58.938694
v 10.741135 -3.591526 -58.949509
v 10.063984 -3.092228 -59.042061
v 10.030578 -3.147190 -59.031864
v 10.969423 -3.147190 -59.031857
v 10.936017 -3.092228 -59.042053
v 10.030578 -3.441166 -58.977390
v 10.065524 -3.529087 -58.961086
v 10.934477 -3.529087 -58.961086
v 10.969423 -3.441166 -58.977386
v 10.202682 -3.048619 -59.050129
v 10.797318 -3.048619 -59.050121
v 10.291765 -4.293888 -58.819340
v 10.708235 -4.293888 -58.819340
v 9.978881 -4.437443 -58.792736
v 11.021119 -4.437443 -58.792736
v 9.978881 -4.523533 -58.776775
v 11.021119 -4.523533 -58.776775
v 2.258865 -3.591526 -58.949512
v 2.291765 -3.649906 -58.938698
v 2.708235 -3.649906 -58.938694
v 2.741135 -3.591526 -58.949509
v 2.063983 -3.092228 -59.042061
v 2.030577 -3.147190 -59.031864
v 2.969423 -3.147190 -59.031857
v 2.936017 -3.092228 -59.042053
v 2.030577 -3.441166 -58.977390
v 2.065524 -3.529087 -58.961086
v 2.934476 -3.529087 -58.961086
v 2.969423 -3.441166 -58.977386
v 2.202682 -3.048619 -59.050129
v 2.797318 -3.048619 -59.050121
v 2.291765 -4.293888 -58.819340
v 2.708235 -4.293888 -58.819340
v 1.978881 -4.437443 -58.792736
v 3.021119 -4.437443 -58.792736
v 1.978881 -4.523533 -58.776775
v 3.021119 -4.523533 -58.776775
v 3.021119 -3.199646 -51.008560
v 1.978881 -3.199646 -51.008560
v 3.021119 -3.113159 -51.022263
v 1.978881 -3.113159 -51.022263
v 2.708235 -2.968964 -51.045097
v 2.291765 -2.968964 -51.045097
v 2.797318 -1.718079 -51.243206
v 2.202682 -1.718079 -51.243214
v 2.969423 -2.112396 -51.180767
v 2.934476 -2.200714 -51.166775
v 2.065524 -2.200714 -51.166779
v 2.030577 -2.112396 -51.180771
v 2.936017 -1.761871 -51.236279
v 2.969423 -1.817108 -51.227524
v 2.030577 -1.817108 -51.227531
v 2.063983 -1.761871 -51.236286
v 2.741135 -2.263428 -51.156837
v 2.708235 -2.322083 -51.147552
v 2.291765 -2.322083 -51.147556
v 2.258865 -2.263428 -51.156841
v 11.021119 -3.199646 -51.008560
v 9.978881 -3.199646 -51.008560
v 11.021119 -3.113159 -51.022263
v 9.978881 -3.113159 -51.022263
v 10.708235 -2.968964 -51.045097
v 10.291765 -2.968964 -51.045097
v 10.797318 -1.718079 -51.243206
v 10.202682 -1.718079 -51.243214
v 10.969423 -2.112396 -51.180767
v 10.934477 -2.200714 -51.166775
v 10.065524 -2.200714 -51.166779
v 10.030578 -2.112396 -51.180771
v 10.936017 -1.761871 -51.236279
v 10.969423 -1.817108 -51.227524
v 10.030578 -1.817108 -51.227531
v 10.063984 -1.761871 -51.236286
v 10.741135 -2.263428 -51.156837
v 10.708235 -2.322083 -51.147552
v 10.291765 -2.322083 -51.147556
v 10.258864 -2.263428 -51.156841
v 10.258864 -1.131042 -43.346844
v 10.291765 -1.189911 -43.339100
v 10.708235 -1.189911 -43.339096
v 10.741135 -1.131042 -43.346840
v 10.063984 -0.627563 -43.413132
v 10.030578 -0.683014 -43.405830
v 10.969423 -0.683014 -43.405823
v 10.936017 -0.627563 -43.413124
v 10.030578 -0.979401 -43.366814
v 10.065524 -1.068054 -43.355137
v 10.934477 -1.068054 -43.355133
v 10.969423 -0.979401 -43.366810
v 10.202682 -0.583618 -43.418915
v 10.797318 -0.583618 -43.418907
v 10.291765 -1.839264 -43.253609
v 10.708235 -1.839264 -43.253609
v 9.978881 -1.984009 -43.234554
v 11.021119 -1.984009 -43.234554
v 9.978881 -2.070831 -43.223122
v 11.021119 -2.070831 -43.223122
v 2.258865 -1.131042 -43.346844
v 2.291765 -1.189911 -43.339100
v 2.708235 -1.189911 -43.339096
v 2.741135 -1.131042 -43.346840
v 2.063983 -0.627563 -43.413132
v 2.030577 -0.683014 -43.405830
v 2.969423 -0.683014 -43.405823
v 2.936017 -0.627563 -43.413124
v 2.030577 -0.979401 -43.366814
v 2.065524 -1.068054 -43.355137
v 2.934476 -1.068054 -43.355133
v 2.969423 -0.979401 -43.366810
v 2.202682 -0.583618 -43.418915
v 2.797318 -0.583618 -43.418907
v 2.291765 -1.839264 -43.253609
v 2.708235 -1.839264 -43.253609
v 1.978881 -1.984009 -43.234554
v 3.021119 -1.984009 -43.234554
v 1.978881 -2.070831 -43.223122
v 3.021119 -2.070831 -43.223122
v 3.021119 -1.146179 -35.410805
v 1.978881 -1.146179 -35.410805
v 3.021119 -1.059082 -35.419960
v 1.978881 -1.059082 -35.419960
v 2.708235 -0.913910 -35.435219
v 2.291765 -0.913910 -35.435219
v 2.797318 0.345642 -35.567589
v 2.202682 0.345642 -35.567596
v 2.969423 -0.051361 -35.525871
v 2.934476 -0.140289 -35.516521
v 2.065524 -0.140289 -35.516525
v 2.030577 -0.051361 -35.525875
v 2.936017 0.301575 -35.562958
v 2.969423 0.245941 -35.557114
v 2.030577 0.245941 -35.557121
v 2.063983 0.301575 -35.562965
v 2.741135 -0.203491 -35.509880
v 2.708235 -0.262512 -35.503677
v 2.291765 -0.262512 -35.503681
v 2.258865 -0.203491 -35.509884
v 11.021119 -1.146179 -35.410805
v 9.978881 -1.146179 -35.410805
v 11.021119 -1.059082 -35.419960
v 9.978881 -1.059082 -35.419960
v 10.708235 -0.913910 -35.435219
v 10.291765 -0.913910 -35.435219
v 10.797318 0.345642 -35.567589
v 10.202682 0.345642 -35.567596
v 10.969423 -0.051361 -35.525871
v 10.934477 -0.140289 -35.516521
v 10.065524 -0.140289 -35.516525
v 10.030578 -0.051361 -35.525875
v 10.936017 0.301575 -35.562958
v 10.969423 0.245941 -35.557114
v 10.030578 0.245941 -35.557121
v 10.063984 0.301575 -35.562965
v 10.741135 -0.203491 -35.509880
v 10.708235 -0.262512 -35.503677
v 10.291765 -0.262512 -35.503681
v 10.258864 -0.203491 -35.509884
v 10.258864 0.518585 -27.651329
v 10.291765 0.459442 -27.646671
v 10.708235 0.459442 -27.646667
v 10.741135 0.518585 -27.651325
v 10.063984 1.024872 -27.691172
v 10.030578 0.969116 -27.686785
v 10.969423 0.969116 -27.686777
v 10.936017 1.024872 -27.691164
v 10.030578 0.671112 -27.663330
v 10.065524 0.581970 -27.656313
v 10.934477 0.581970 -27.656309
v 10.969423 0.671112 -27.663326
v 10.202682 1.069061 -27.694649
v 10.797318 1.069061 -27.694641
v 10.291765 -0.193542 -27.595284
v 10.708235 -0.193542 -27.595284
v 9.978881 -0.339050 -27.583830
v 11.021119 -0.339050 -27.583830
v 9.978881 -0.426331 -27.576960
v 11.021119 -0.426331 -27.576960
v 2.258865 0.518585 -27.651329
v 2.291765 0.459442 -27.646671
v 2.708235 0.459442 -27.646667
v 2.741135 0.518585 -27.651325
v 2.063983 1.024872 -27.691172
v 2.030577 0.969116 -27.686785
v 2.969423 0.969116 -27.686777
v 2.936017 1.024872 -27.691164
v 2.030577 0.671112 -27.663330
v 2.065524 0.581970 -27.656313
v 2.934476 0.581970 -27.656309
v 2.969423 0.671112 -27.663326
v 2.202682 1.069061 -27.694649
v 2.797318 1.069061 -27.694641
v 2.291765 -0.193542 -27.595284
v 2.708235 -0.193542 -27.595284
v 1.978881 -0.339050 -27.583830
v 3.021119 -0.339050 -27.583830
v 1.978881 -0.426331 -27.576960
v 3.021119 -0.426331 -27.576960
v 3.021119 0.088196 -19.726955
v 1.978881 0.088196 -19.726955
v 3.021119 0.175629 -19.731539
v 1.978881 0.175629 -19.731539
v 2.708235 0.321381 -19.739180
v 2.291765 0.321381 -19.739180
v 2.797318 1.586121 -19.805452
v 2.202682 1.586121 -19.805460
v 2.969423 1.187500 -19.784565
v 2.934476 1.098206 -19.779884
v 2.065524 1.098206 -19.779888
v 2.030577 1.187500 -19.784569
v 2.936017 1.541870 -19.803133
v 2.969423 1.486023 -19.800207
v 2.030577 1.486023 -19.800215
v 2.063983 1.541870 -19.803141
v 2.741135 1.034729 -19.776560
v 2.708235 0.975494 -19.773453
v 2.291765 0.975494 -19.773457
v 2.258865 1.034729 -19.776564
v 11.021119 0.088196 -19.726955
v 9.978881 0.088196 -19.726955
v 11.021119 0.175629 -19.731539
v 9.978881 0.175629 -19.731539
v 10.708235 0.321381 -19.739180
v 10.291765 0.321381 -19.739180
v 10.797318 1.586121 -19.805452
v 10.202682 1.586121 -19.805460
v 10.969423 1.187500 -19.784565
v 10.934477 1.098206 -19.779884
v 10.065524 1.098206 -19.779888
v 10.030578 1.187500 -19.784569
v 10.936017 1.541870 -19.803133
v 10.969423 1.486023 -19.800207
v 10.030578 1.486023 -19.800215
v 10.063984 1.541870 -19.803141
v 10.741135 1.034729 -19.776560
v 10.708235 0.975494 -19.773453
v 10.291765 0.975494 -19.773457
v 10.258864 1.034729 -19.776564
v 10.258864 1.344574 -11.890985
v 10.291765 1.285248 -11.889432
v 10.708235 1.285248 -11.889428
v 10.741135 1.344574 -11.890982
v 10.063984 1.852203 -11.904279
v 10.030578 1.796326 -11.902815
v 10.969423 1.796326 -11.902807
v 10.936017 1.852203 -11.904271
v 10.030578 1.497467 -11.894990
v 10.065524 1.408081 -11.892649
v 10.934477 1.408081 -11.892645
v 10.969423 1.497467 -11.894986
v 10.202682 1.896515 -11.905439
v 10.797318 1.896515 -11.905432
v 10.291765 0.630493 -11.872288
v 10.708235 0.630493 -11.872288
v 9.978881 0.484558 -11.868465
v 11.021119 0.484558 -11.868465
v 9.978881 0.397034 -11.866173
v 11.021119 0.397034 -11.866173
v 2.258865 1.344574 -11.890985
v 2.291765 1.285248 -11.889432
v 2.708235 1.285248 -11.889428
v 2.741135 1.344574 -11.890982
v 2.063983 1.852203 -11.904279
v 2.030577 1.796326 -11.902815
v 2.969423 1.796326 -11.902807
v 2.936017 1.852203 -11.904271
v 2.030577 1.497467 -11.894990
v 2.065524 1.408081 -11.892649
v 2.934476 1.408081 -11.892645
v 2.969423 1.497467 -11.894986
v 2.202682 1.896515 -11.905439
v 2.797318 1.896515 -11.905432
v 2.291765 0.630493 -11.872288
v 2.708235 0.630493 -11.872288
v 1.978881 0.484558 -11.868465
v 3.021119 0.484558 -11.868465
v 1.978881 0.397034 -11.866173
v 3.021119 0.397034 -11.866173
v 3.021143 -5.508396 -64.091125
v 1.978904 -5.508396 -64.091125
v 3.021143 -5.422306 -64.107086
v 1.978904 -5.422306 -64.107086
v 2.708259 -5.278751 -64.133690
v 2.291789 -5.278751 -64.133690
v 2.797342 -4.033482 -64.364471
v 2.202706 -4.033482 -64.364479
v 2.969446 -4.426029 -64.291733
v 2.765345 0.547882 -11.464824
v 2.765345 0.642212 -11.467294
v 2.765345 0.620972 -12.277338
v 2.765345 0.526642 -12.274868
v 3.226461 0.620972 -12.277338
v 3.226461 0.526642 -12.274868
v 3.226461 0.547882 -11.464824
v 3.226461 0.642212 -11.467294
v 3.350001 0.371155 -12.270796
v 3.444341 0.371155 -12.270796
v 3.444341 0.392395 -11.460752
v 3.350001 0.392395 -11.460752
v 3.350001 0.453125 -12.272943
v 3.444341 0.453125 -12.272943
v 3.444341 0.474365 -11.462898
v 3.350001 0.474365 -11.462898
v 3.311992 0.525024 -11.464224
v 3.368091 0.600861 -11.466210
v 3.368091 0.579620 -12.276255
v 3.311992 0.503784 -12.274268
v 3.026007 0.344879 -11.914825
v 3.112609 0.343567 -11.964808
v 3.199212 0.344879 -11.914825
v 3.199212 0.347504 -11.814859
v 3.112609 0.348816 -11.764877
v 3.026007 0.347504 -11.814859
v 3.026007 0.723328 -11.924736
v 3.026007 0.725952 -11.824770
v 3.112609 0.727264 -11.774786
v 3.199212 0.725952 -11.824770
v 3.199212 0.723328 -11.924736
v 3.112609 0.722015 -11.974718
v 2.231962 0.526642 -12.274868
v 2.231962 0.620972 -12.277338
v 2.231962 0.642212 -11.467294
v 2.231962 0.547882 -11.464824
v 1.770847 0.642212 -11.467294
v 1.770847 0.547882 -11.464824
v 1.770847 0.526642 -12.274868
v 1.770847 0.620972 -12.277338
v 1.647306 0.392395 -11.460752
v 1.552966 0.392395 -11.460752
v 1.552966 0.371155 -12.270796
v 1.647306 0.371155 -12.270796
v 1.647306 0.474365 -11.462898
v 1.552966 0.474365 -11.462898
v 1.552966 0.453125 -12.272943
v 1.647306 0.453125 -12.272943
v 1.685316 0.503784 -12.274268
v 1.629217 0.579620 -12.276255
v 1.629217 0.600861 -11.466210
v 1.685316 0.525024 -11.464224
v 1.971301 0.347504 -11.814859
v 1.884698 0.348816 -11.764877
v 1.798096 0.347504 -11.814859
v 1.798096 0.344879 -11.914825
v 1.884698 0.343567 -11.964808
v 1.971301 0.344879 -11.914825
v 1.971301 0.725952 -11.824770
v 1.971301 0.723328 -11.924736
v 1.884698 0.722015 -11.974718
v 1.798096 0.723328 -11.924736
v 1.798096 0.725952 -11.824770
v 1.884698 0.727264 -11.774786
v 10.234653 0.547882 -11.464824
v 10.234653 0.526642 -12.274868
v 10.234653 0.620972 -12.277338
v 10.234653 0.642212 -11.467294
v 9.773539 0.526642 -12.274868
v 9.773539 0.620972 -12.277338
v 9.773539 0.547882 -11.464824
v 9.773539 0.642212 -11.467294
v 9.649998 0.371155 -12.270796
v 9.649998 0.392395 -11.460752
v 9.555658 0.392395 -11.460752
v 9.555658 0.371155 -12.270796
v 9.649998 0.453125 -12.272943
v 9.555658 0.453125 -12.272943
v 9.555658 0.474365 -11.462898
v 9.649998 0.474365 -11.462898
v 9.688007 0.525024 -11.464224
v 9.631908 0.600861 -11.466210
v 9.631908 0.579620 -12.276255
v 9.688007 0.503784 -12.274268
v 9.973993 0.344879 -11.914825
v 9.973993 0.347504 -11.814859
v 9.887390 0.348816 -11.764877
v 9.800787 0.347504 -11.814859
v 9.800787 0.344879 -11.914825
v 9.887390 0.343567 -11.964808
v 9.973993 0.723328 -11.924736
v 9.887390 0.722015 -11.974718
v 9.800787 0.723328 -11.924736
v 9.800787 0.725952 -11.824770
v 9.887390 0.727264 -11.774786
v 9.973993 0.725952 -11.824770
v 10.768038 0.526642 -12.274868
v 10.768038 0.547882 -11.464824
v 10.768038 0.642212 -11.467294
v 10.768038 0.620972 -12.277338
v 11.229153 0.547882 -11.464824
v 11.229153 0.642212 -11.467294
v 11.229153 0.526642 -12.274868
v 11.229153 0.620972 -12.277338
v 11.352694 0.392395 -11.460752
v 11.352694 0.371155 -12.270796
v 11.447033 0.371155 -12.270796
v 11.447033 0.392395 -11.460752
v 11.352694 0.474365 -11.462898
v 11.447033 0.474365 -11.462898
v 11.447033 0.453125 -12.272943
v 11.352694 0.453125 -12.272943
v 11.314684 0.503784 -12.274268
v 11.370783 0.579620 -12.276255
v 11.370783 0.600861 -11.466210
v 11.314684 0.525024 -11.464224
v 11.028698 0.347504 -11.814859
v 11.028698 0.344879 -11.914825
v 11.115301 0.343567 -11.964808
v 11.201904 0.344879 -11.914825
v 11.201904 0.347504 -11.814859
v 11.115301 0.348816 -11.764877
v 11.028698 0.725952 -11.824770
v 11.115301 0.727264 -11.774786
v 11.201904 0.725952 -11.824770
v 11.201904 0.723328 -11.924736
v 11.115301 0.722015 -11.974718
v 11.028698 0.723328 -11.924736
v 2.765345 0.249481 -19.329693
v 2.765345 0.343719 -19.334631
v 2.765345 0.301270 -20.143841
v 2.765345 0.207062 -20.138905
v 3.226461 0.301270 -20.143841
v 3.226461 0.207062 -20.138905
v 3.226461 0.249481 -19.329693
v 3.226461 0.343719 -19.334631
v 3.350001 0.051727 -20.130762
v 3.444341 0.051727 -20.130762
v 3.444341 0.094147 -19.321552
v 3.350001 0.094147 -19.321552
v 3.350001 0.133606 -20.135054
v 3.444341 0.133606 -20.135054
v 3.444341 0.176056 -19.325844
v 3.350001 0.176056 -19.325844
v 3.311992 0.226654 -19.328495
v 3.368091 0.302429 -19.332466
v 3.368091 0.259979 -20.141676
v 3.311992 0.184235 -20.137705
v 3.026007 0.034790 -19.774227
v 3.112609 0.032166 -19.824158
v 3.199212 0.034790 -19.774227
v 3.199212 0.040039 -19.674362
v 3.112609 0.042664 -19.624432
v 3.026007 0.040039 -19.674362
v 3.026007 0.412811 -19.794041
v 3.026007 0.418060 -19.694178
v 3.112609 0.420685 -19.644245
v 3.199212 0.418060 -19.694178
v 3.199212 0.412811 -19.794041
v 3.112609 0.410217 -19.843971
v 2.231962 0.207062 -20.138905
v 2.231962 0.301270 -20.143841
v 2.231962 0.343719 -19.334631
v 2.231962 0.249481 -19.329693
v 1.770847 0.343719 -19.334631
v 1.770847 0.249481 -19.329693
v 1.770847 0.207062 -20.138905
v 1.770847 0.301270 -20.143841
v 1.647306 0.094147 -19.321552
v 1.552966 0.094147 -19.321552
v 1.552966 0.051727 -20.130762
v 1.647306 0.051727 -20.130762
v 1.647306 0.176056 -19.325844
v 1.552966 0.176056 -19.325844
v 1.552966 0.133606 -20.135054
v 1.647306 0.133606 -20.135054
v 1.685316 0.184235 -20.137705
v 1.629217 0.259979 -20.141676
v 1.629217 0.302429 -19.332466
v 1.685316 0.226654 -19.328495
v 1.971301 0.040039 -19.674362
v 1.884698 0.042664 -19.624432
v 1.798096 0.040039 -19.674362
v 1.798096 0.034790 -19.774227
v 1.884698 0.032166 -19.824158
v 1.971301 0.034790 -19.774227
v 1.971301 0.418060 -19.694178
v 1.971301 0.412811 -19.794041
v 1.884698 0.410217 -19.843971
v 1.798096 0.412811 -19.794041
v 1.798096 0.418060 -19.694178
v 1.884698 0.420685 -19.644245
v 10.234653 0.249481 -19.329693
v 10.234653 0.207062 -20.138905
v 10.234653 0.301270 -20.143841
v 10.234653 0.343719 -19.334631
v 9.773539 0.207062 -20.138905
v 9.773539 0.301270 -20.143841
v 9.773539 0.249481 -19.329693
v 9.773539 0.343719 -19.334631
v 9.649998 0.051727 -20.130762
v 9.649998 0.094147 -19.321552
v 9.555658 0.094147 -19.321552
v 9.555658 0.051727 -20.130762
v 9.649998 0.133606 -20.135054
v 9.555658 0.133606 -20.135054
v 9.555658 0.176056 -19.325844
v 9.649998 0.176056 -19.325844
v 9.688007 0.226654 -19.328495
v 9.631908 0.302429 -19.332466
v 9.631908 0.259979 -20.141676
v 9.688007 0.184235 -20.137705
v 9.973993 0.034790 -19.774227
v 9.973993 0.040039 -19.674362
v 9.887390 0.042664 -19.624432
v 9.800787 0.040039 -19.674362
v 9.800787 0.034790 -19.774227
v 9.887390 0.032166 -19.824158
v 9.973993 0.412811 -19.794041
v 9.887390 0.410217 -19.843971
v 9.800787 0.412811 -19.794041
v 9.800787 0.418060 -19.694178
v 9.887390 0.420685 -19.644245
v 9.973993 0.418060 -19.694178
v 10.768038 0.207062 -20.138905
v 10.768038 0.249481 -19.329693
v 10.768038 0.343719 -19.334631
v 10.768038 0.301270 -20.143841
v 11.229153 0.249481 -19.329693
v 11.229153 0.343719 -19.334631
v 11.229153 0.207062 -20.138905
v 11.229153 0.301270 -20.143841
v 11.352694 0.094147 -19.321552
v 11.352694 0.051727 -20.130762
v 11.447033 0.051727 -20.130762
v 11.447033 0.094147 -19.321552
v 11.352694 0.176056 -19.325844
v 11.447033 0.176056 -19.325844
v 11.447033 0.133606 -20.135054
v 11.352694 0.133606 -20.135054
v 11.314684 0.184235 -20.137705
v 11.370783 0.259979 -20.141676
v 11.370783 0.302429 -19.332466
v 11.314684 0.226654 -19.328495
v 11.028698 0.040039 -19.674362
v 11.028698 0.034790 -19.774227
v 11.115301 0.032166 -19.824158
v 11.201904 0.034790 -19.774227
v 11.201904 0.040039 -19.674362
v 11.115301 0.042664 -19.624432
v 11.028698 0.418060 -19.694178
v 11.115301 0.420685 -19.644245
v 11.201904 0.418060 -19.694178
v 11.201904 0.412811 -19.794041
v 11.115301 0.410217 -19.843971
v 11.028698 0.412811 -19.794041
v 2.765345 -0.254669 -27.184055
v 2.765345 -0.160614 -27.191460
v 2.765345 -0.224243 -27.999281
v 2.765345 -0.318268 -27.991880
v 3.226461 -0.224243 -27.999281
v 3.226461 -0.318268 -27.991880
v 3.226461 -0.254669 -27.184055
v 3.226461 -0.160614 -27.191460
v 3.350001 -0.473328 -27.979673
v 3.444341 -0.473328 -27.979673
v 3.444341 -0.409760 -27.171852
v 3.350001 -0.409760 -27.171852
v 3.350001 -0.391602 -27.986107
v 3.444341 -0.391602 -27.986107
v 3.444341 -0.328003 -27.178286
v 3.350001 -0.328003 -27.178286
v 3.311992 -0.277466 -27.182261
v 3.368091 -0.201843 -27.188213
v 3.368091 -0.265442 -27.996035
v 3.311992 -0.341064 -27.990084
v 3.026007 -0.480957 -27.622818
v 3.112609 -0.484863 -27.672663
v 3.199212 -0.480957 -27.622818
v 3.199212 -0.473083 -27.523125
v 3.112609 -0.469147 -27.473280
v 3.026007 -0.473083 -27.523125
v 3.026007 -0.103577 -27.652519
v 3.026007 -0.095703 -27.552828
v 3.112609 -0.091766 -27.502981
v 3.199212 -0.095703 -27.552828
v 3.199212 -0.103577 -27.652519
v 3.112609 -0.107452 -27.702366
v 2.231962 -0.318268 -27.991880
v 2.231962 -0.224243 -27.999281
v 2.231962 -0.160614 -27.191460
v 2.231962 -0.254669 -27.184055
v 1.770847 -0.160614 -27.191460
v 1.770847 -0.254669 -27.184055
v 1.770847 -0.318268 -27.991880
v 1.770847 -0.224243 -27.999281
v 1.647306 -0.409760 -27.171852
v 1.552966 -0.409760 -27.171852
v 1.552966 -0.473328 -27.979673
v 1.647306 -0.473328 -27.979673
v 1.647306 -0.328003 -27.178286
v 1.552966 -0.328003 -27.178286
v 1.552966 -0.391602 -27.986107
v 1.647306 -0.391602 -27.986107
v 1.685316 -0.341064 -27.990084
v 1.629217 -0.265442 -27.996035
v 1.629217 -0.201843 -27.188213
v 1.685316 -0.277466 -27.182261
v 1.971301 -0.473083 -27.523125
v 1.884698 -0.469147 -27.473280
v 1.798096 -0.473083 -27.523125
v 1.798096 -0.480957 -27.622818
v 1.884698 -0.484863 -27.672663
v 1.971301 -0.480957 -27.622818
v 1.971301 -0.095703 -27.552828
v 1.971301 -0.103577 -27.652519
v 1.884698 -0.107452 -27.702366
v 1.798096 -0.103577 -27.652519
v 1.798096 -0.095703 -27.552828
v 1.884698 -0.091766 -27.502981
v 10.234653 -0.254669 -27.184055
v 10.234653 -0.318268 -27.991880
v 10.234653 -0.224243 -27.999281
v 10.234653 -0.160614 -27.191460
v 9.773539 -0.318268 -27.991880
v 9.773539 -0.224243 -27.999281
v 9.773539 -0.254669 -27.184055
v 9.773539 -0.160614 -27.191460
v 9.649998 -0.473328 -27.979673
v 9.649998 -0.409760 -27.171852
v 9.555658 -0.409760 -27.171852
v 9.555658 -0.473328 -27.979673
v 9.649998 -0.391602 -27.986107
v 9.555658 -0.391602 -27.986107
v 9.555658 -0.328003 -27.178286
v 9.649998 -0.328003 -27.178286
v 9.688007 -0.277466 -27.182261
v 9.631908 -0.201843 -27.188213
v 9.631908 -0.265442 -27.996035
v 9.688007 -0.341064 -27.990084
v 9.973993 -0.480957 -27.622818
v 9.973993 -0.473083 -27.523125
v 9.887390 -0.469147 -27.473280
v 9.800787 -0.473083 -27.523125
v 9.800787 -0.480957 -27.622818
v 9.887390 -0.484863 -27.672663
v 9.973993 -0.103577 -27.652519
v 9.887390 -0.107452 -27.702366
v 9.800787 -0.103577 -27.652519
v 9.800787 -0.095703 -27.552828
v 9.887390 -0.091766 -27.502981
v 9.973993 -0.095703 -27.552828
v 10.768038 -0.318268 -27.991880
v 10.768038 -0.254669 -27.184055
v 10.768038 -0.160614 -27.191460
v 10.768038 -0.224243 -27.999281
v 11.229153 -0.254669 -27.184055
v 11.229153 -0.160614 -27.191460
v 11.229153 -0.318268 -27.991880
v 11.229153 -0.224243 -27.999281
v 11.352694 -0.409760 -27.171852
v 11.352694 -0.473328 -27.979673
v 11.447033 -0.473328 -27.979673
v 11.447033 -0.409760 -27.171852
v 11.352694 -0.328003 -27.178286
v 11.447033 -0.328003 -27.178286
v 11.447033 -0.391602 -27.986107
v 11.352694 -0.391602 -27.986107
v 11.314684 -0.341064 -27.990084
v 11.370783 -0.265442 -27.996035
v 11.370783 -0.201843 -27.188213
v 11.314684 -0.277466 -27.182261
v 11.028698 -0.473083 -27.523125
v 11.028698 -0.480957 -27.622818
v 11.115301 -0.484863 -27.672663
v 11.201904 -0.480957 -27.622818
v 11.201904 -0.473083 -27.523125
v 11.115301 -0.469147 -27.473280
v 11.028698 -0.095703 -27.552828
v 11.115301 -0.091766 -27.502981
v 11.201904 -0.095703 -27.552828
v 11.201904 -0.103577 -27.652519
v 11.115301 -0.107452 -27.702366
v 11.028698 -0.103577 -27.652519
v 2.765345 -0.964294 -35.022530
v 2.765345 -0.870453 -35.032394
v 2.765345 -0.955200 -35.838272
v 2.765345 -1.048981 -35.828415
v 3.226461 -0.955200 -35.838272
v 3.226461 -1.048981 -35.828415
v 3.226461 -0.964294 -35.022530
v 3.226461 -0.870453 -35.032394
v 3.350001 -1.203674 -35.812149
v 3.444341 -1.203674 -35.812149
v 3.444341 -1.118988 -35.006271
v 3.350001 -1.118988 -35.006271
v 3.350001 -1.122131 -35.820724
v 3.444341 -1.122131 -35.820724
v 3.444341 -1.037445 -35.014843
v 3.350001 -1.037445 -35.014843
v 3.311992 -0.987000 -35.020138
v 3.368091 -0.911560 -35.028069
v 3.368091 -0.996307 -35.833946
v 3.311992 -1.071747 -35.826019
v 3.026007 -1.201965 -35.455219
v 3.112609 -1.207184 -35.504944
v 3.199212 -1.201965 -35.455219
v 3.199212 -1.191467 -35.355766
v 3.112609 -1.186249 -35.306042
v 3.026007 -1.191467 -35.355766
v 3.026007 -0.825470 -35.494789
v 3.026007 -0.815002 -35.395340
v 3.112609 -0.809784 -35.345612
v 3.199212 -0.815002 -35.395340
v 3.199212 -0.825470 -35.494789
v 3.112609 -0.830658 -35.544518
v 2.231962 -1.048981 -35.828415
v 2.231962 -0.955200 -35.838272
v 2.231962 -0.870453 -35.032394
v 2.231962 -0.964294 -35.022530
v 1.770847 -0.870453 -35.032394
v 1.770847 -0.964294 -35.022530
v 1.770847 -1.048981 -35.828415
v 1.770847 -0.955200 -35.838272
v 1.647306 -1.118988 -35.006271
v 1.552966 -1.118988 -35.006271
v 1.552966 -1.203674 -35.812149
v 1.647306 -1.203674 -35.812149
v 1.647306 -1.037445 -35.014843
v 1.552966 -1.037445 -35.014843
v 1.552966 -1.122131 -35.820724
v 1.647306 -1.122131 -35.820724
v 1.685316 -1.071747 -35.826019
v 1.629217 -0.996307 -35.833946
v 1.629217 -0.911560 -35.028069
v 1.685316 -0.987000 -35.020138
v 1.971301 -1.191467 -35.355766
v 1.884698 -1.186249 -35.306042
v 1.798096 -1.191467 -35.355766
v 1.798096 -1.201965 -35.455219
v 1.884698 -1.207184 -35.504944
v 1.971301 -1.201965 -35.455219
v 1.971301 -0.815002 -35.395340
v 1.971301 -0.825470 -35.494789
v 1.884698 -0.830658 -35.544518
v 1.798096 -0.825470 -35.494789
v 1.798096 -0.815002 -35.395340
v 1.884698 -0.809784 -35.345612
v 10.234653 -0.964294 -35.022530
v 10.234653 -1.048981 -35.828415
v 10.234653 -0.955200 -35.838272
v 10.234653 -0.870453 -35.032394
v 9.773539 -1.048981 -35.828415
v 9.773539 -0.955200 -35.838272
v 9.773539 -0.964294 -35.022530
v 9.773539 -0.870453 -35.032394
v 9.649998 -1.203674 -35.812149
v 9.649998 -1.118988 -35.006271
v 9.555658 -1.118988 -35.006271
v 9.555658 -1.203674 -35.812149
v 9.649998 -1.122131 -35.820724
v 9.555658 -1.122131 -35.820724
v 9.555658 -1.037445 -35.014843
v 9.649998 -1.037445 -35.014843
v 9.688007 -0.987000 -35.020138
v 9.631908 -0.911560 -35.028069
v 9.631908 -0.996307 -35.833946
v 9.688007 -1.071747 -35.826019
v 9.973993 -1.201965 -35.455219
v 9.973993 -1.191467 -35.355766
v 9.887390 -1.186249 -35.306042
v 9.800787 -1.191467 -35.355766
v 9.800787 -1.201965 -35.455219
v 9.887390 -1.207184 -35.504944
v 9.973993 -0.825470 -35.494789
v 9.887390 -0.830658 -35.544518
v 9.800787 -0.825470 -35.494789
v 9.800787 -0.815002 -35.395340
v 9.887390 -0.809784 -35.345612
v 9.973993 -0.815002 -35.395340
v 10.768038 -1.048981 -35.828415
v 10.768038 -0.964294 -35.022530
v 10.768038 -0.870453 -35.032394
v 10.768038 -0.955200 -35.838272
v 11.229153 -0.964294 -35.022530
v 11.229153 -0.870453 -35.032394
v 11.229153 -1.048981 -35.828415
v 11.229153 -0.955200 -35.838272
v 11.352694 -1.118988 -35.006271
v 11.352694 -1.203674 -35.812149
v 11.447033 -1.203674 -35.812149
v 11.447033 -1.118988 -35.006271
v 11.352694 -1.037445 -35.014843
v 11.447033 -1.037445 -35.014843
v 11.447033 -1.122131 -35.820724
v 11.352694 -1.122131 -35.820724
v 11.314684 -1.071747 -35.826019
v 11.370783 -0.996307 -35.833946
v 11.370783 -0.911560 -35.028069
v 11.314684 -0.987000 -35.020138
v 11.028698 -1.191467 -35.355766
v 11.028698 -1.201965 -35.455219
v 11.115301 -1.207184 -35.504944
v 11.201904 -1.201965 -35.455219
v 11.201904 -1.191467 -35.355766
v 11.115301 -1.186249 -35.306042
v 11.028698 -0.815002 -35.395340
v 11.115301 -0.809784 -35.345612
v 11.201904 -0.815002 -35.395340
v 11.201904 -0.825470 -35.494789
v 11.115301 -0.830658 -35.544518
v 11.028698 -0.825470 -35.494789
v 2.765345 -1.878845 -42.839745
v 2.765345 -1.785309 -42.852058
v 2.765345 -1.891113 -43.655441
v 2.765345 -1.984589 -43.643135
v 3.226461 -1.891113 -43.655441
v 3.226461 -1.984589 -43.643135
v 3.226461 -1.878845 -42.839745
v 3.226461 -1.785309 -42.852058
v 3.350001 -2.138794 -43.622826
v 3.444341 -2.138794 -43.622826
v 3.444341 -2.033051 -42.819443
v 3.350001 -2.033051 -42.819443
v 3.350001 -2.057526 -43.633530
v 3.444341 -2.057526 -43.633530
v 3.444341 -1.951752 -42.830143
v 3.350001 -1.951752 -42.830143
v 3.311992 -1.901459 -42.836758
v 3.368091 -1.826263 -42.846661
v 3.368091 -1.932068 -43.650043
v 3.311992 -2.007294 -43.640144
v 3.026007 -2.127747 -43.266064
v 3.112609 -2.134277 -43.315632
v 3.199212 -2.127747 -43.266064
v 3.199212 -2.114655 -43.166920
v 3.112609 -2.108124 -43.117348
v 3.026007 -2.114655 -43.166920
v 3.026007 -1.752411 -43.315475
v 3.026007 -1.739349 -43.216331
v 3.112609 -1.732819 -43.166759
v 3.199212 -1.739349 -43.216331
v 3.199212 -1.752411 -43.315475
v 3.112609 -1.758911 -43.365051
v 2.231962 -1.984589 -43.643135
v 2.231962 -1.891113 -43.655441
v 2.231962 -1.785309 -42.852058
v 2.231962 -1.878845 -42.839745
v 1.770847 -1.785309 -42.852058
v 1.770847 -1.878845 -42.839745
v 1.770847 -1.984589 -43.643135
v 1.770847 -1.891113 -43.655441
v 1.647306 -2.033051 -42.819443
v 1.552966 -2.033051 -42.819443
v 1.552966 -2.138794 -43.622826
v 1.647306 -2.138794 -43.622826
v 1.647306 -1.951752 -42.830143
v 1.552966 -1.951752 -42.830143
v 1.552966 -2.057526 -43.633530
v 1.647306 -2.057526 -43.633530
v 1.685316 -2.007294 -43.640144
v 1.629217 -1.932068 -43.650043
v 1.629217 -1.826263 -42.846661
v 1.685316 -1.901459 -42.836758
v 1.971301 -2.114655 -43.166920
v 1.884698 -2.108124 -43.117348
v 1.798096 -2.114655 -43.166920
v 1.798096 -2.127747 -43.266064
v 1.884698 -2.134277 -43.315632
v 1.971301 -2.127747 -43.266064
v 1.971301 -1.739349 -43.216331
v 1.971301 -1.752411 -43.315475
v 1.884698 -1.758911 -43.365051
v 1.798096 -1.752411 -43.315475
v 1.798096 -1.739349 -43.216331
v 1.884698 -1.732819 -43.166759
v 10.234653 -1.878845 -42.839745
v 10.234653 -1.984589 -43.643135
v 10.234653 -1.891113 -43.655441
v 10.234653 -1.785309 -42.852058
v 9.773539 -1.984589 -43.643135
v 9.773539 -1.891113 -43.655441
v 9.773539 -1.878845 -42.839745
v 9.773539 -1.785309 -42.852058
v 9.649998 -2.138794 -43.622826
v 9.649998 -2.033051 -42.819443
v 9.555658 -2.033051 -42.819443
v 9.555658 -2.138794 -43.622826
v 9.649998 -2.057526 -43.633530
v 9.555658 -2.057526 -43.633530
v 9.555658 -1.951752 -42.830143
v 9.649998 -1.951752 -42.830143
v 9.688007 -1.901459 -42.836758
v 9.631908 -1.826263 -42.846661
v 9.631908 -1.932068 -43.650043
v 9.688007 -2.007294 -43.640144
v 9.973993 -2.127747 -43.266064
v 9.973993 -2.114655 -43.166920
v 9.887390 -2.108124 -43.117348
v 9.800787 -2.114655 -43.166920
v 9.800787 -2.127747 -43.266064
v 9.887390 -2.134277 -43.315632
v 9.973993 -1.752411 -43.315475
v 9.887390 -1.758911 -43.365051
v 9.800787 -1.752411 -43.315475
v 9.800787 -1.739349 -43.216331
v 9.887390 -1.732819 -43.166759
v 9.973993 -1.739349 -43.216331
v 10.768038 -1.984589 -43.643135
v 10.768038 -1.878845 -42.839745
v 10.768038 -1.785309 -42.852058
v 10.768038 -1.891113 -43.655441
v 11.229153 -1.878845 -42.839745
v 11.229153 -1.785309 -42.852058
v 11.229153 -1.984589 -43.643135
v 11.229153 -1.891113 -43.655441
v 11.352694 -2.033051 -42.819443
v 11.352694 -2.138794 -43.622826
v 11.447033 -2.138794 -43.622826
v 11.447033 -2.033051 -42.819443
v 11.352694 -1.951752 -42.830143
v 11.447033 -1.951752 -42.830143
v 11.447033 -2.057526 -43.633530
v 11.352694 -2.057526 -43.633530
v 11.314684 -2.007294 -43.640144
v 11.370783 -1.932068 -43.650043
v 11.370783 -1.826263 -42.846661
v 11.314684 -1.901459 -42.836758
v 11.028698 -2.114655 -43.166920
v 11.028698 -2.127747 -43.266064
v 11.115301 -2.134277 -43.315632
v 11.201904 -2.127747 -43.266064
v 11.201904 -2.114655 -43.166920
v 11.115301 -2.108124 -43.117348
v 11.028698 -1.739349 -43.216331
v 11.115301 -1.732819 -43.166759
v 11.201904 -1.739349 -43.216331
v 11.201904 -1.752411 -43.315475
v 11.115301 -1.758911 -43.365051
v 11.028698 -1.752411 -43.315475
v 2.765345 -2.997681 -50.630337
v 2.765345 -2.904541 -50.645096
v 2.765345 -3.031311 -51.445435
v 2.765345 -3.124451 -51.430687
v 3.226461 -3.031311 -51.445435
v 3.226461 -3.124451 -51.430687
v 3.226461 -2.997681 -50.630337
v 3.226461 -2.904541 -50.645096
v 3.350001 -3.278076 -51.406345
v 3.444341 -3.278076 -51.406345
v 3.444341 -3.151337 -50.606007
v 3.350001 -3.151337 -50.606007
v 3.350001 -3.197083 -51.419174
v 3.444341 -3.197083 -51.419174
v 3.444341 -3.070343 -50.618832
v 3.350001 -3.070343 -50.618832
v 3.311992 -3.020233 -50.626759
v 3.368091 -2.945312 -50.638626
v 3.368091 -3.072113 -51.438965
v 3.311992 -3.147064 -51.427101
v 3.026007 -3.257690 -51.049995
v 3.112609 -3.265533 -51.099373
v 3.199212 -3.257690 -51.049995
v 3.199212 -3.242004 -50.951229
v 3.112609 -3.234192 -50.901844
v 3.026007 -3.242004 -50.951229
v 3.026007 -2.883759 -51.109215
v 3.026007 -2.868103 -51.010445
v 3.112609 -2.860291 -50.961063
v 3.199212 -2.868103 -51.010445
v 3.199212 -2.883759 -51.109215
v 3.112609 -2.891571 -51.158604
v 2.231962 -3.124451 -51.430687
v 2.231962 -3.031311 -51.445435
v 2.231962 -2.904541 -50.645096
v 2.231962 -2.997681 -50.630337
v 1.770847 -2.904541 -50.645096
v 1.770847 -2.997681 -50.630337
v 1.770847 -3.124451 -51.430687
v 1.770847 -3.031311 -51.445435
v 1.647306 -3.151337 -50.606007
v 1.552966 -3.151337 -50.606007
v 1.552966 -3.278076 -51.406345
v 1.647306 -3.278076 -51.406345
v 1.647306 -3.070343 -50.618832
v 1.552966 -3.070343 -50.618832
v 1.552966 -3.197083 -51.419174
v 1.647306 -3.197083 -51.419174
v 1.685316 -3.147064 -51.427101
v 1.629217 -3.072113 -51.438965
v 1.629217 -2.945312 -50.638626
v 1.685316 -3.020233 -50.626759
v 1.971301 -3.242004 -50.951229
v 1.884698 -3.234192 -50.901844
v 1.798096 -3.242004 -50.951229
v 1.798096 -3.257690 -51.049995
v 1.884698 -3.265533 -51.099373
v 1.971301 -3.257690 -51.049995
v 1.971301 -2.868103 -51.010445
v 1.971301 -2.883759 -51.109215
v 1.884698 -2.891571 -51.158604
v 1.798096 -2.883759 -51.109215
v 1.798096 -2.868103 -51.010445
v 1.884698 -2.860291 -50.961063
v 10.234653 -2.997681 -50.630337
v 10.234653 -3.124451 -51.430687
v 10.234653 -3.031311 -51.445435
v 10.234653 -2.904541 -50.645096
v 9.773539 -3.124451 -51.430687
v 9.773539 -3.031311 -51.445435
v 9.773539 -2.997681 -50.630337
v 9.773539 -2.904541 -50.645096
v 9.649998 -3.278076 -51.406345
v 9.649998 -3.151337 -50.606007
v 9.555658 -3.151337 -50.606007
v 9.555658 -3.278076 -51.406345
v 9.649998 -3.197083 -51.419174
v 9.555658 -3.197083 -51.419174
v 9.555658 -3.070343 -50.618832
v 9.649998 -3.070343 -50.618832
v 9.688007 -3.020233 -50.626759
v 9.631908 -2.945312 -50.638626
v 9.631908 -3.072113 -51.438965
v 9.688007 -3.147064 -51.427101
v 9.973993 -3.257690 -51.049995
v 9.973993 -3.242004 -50.951229
v 9.887390 -3.234192 -50.901844
v 9.800787 -3.242004 -50.951229
v 9.800787 -3.257690 -51.049995
v 9.887390 -3.265533 -51.099373
v 9.973993 -2.883759 -51.109215
v 9.887390 -2.891571 -51.158604
v 9.800787 -2.883759 -51.109215
v 9.800787 -2.868103 -51.010445
v 9.887390 -2.860291 -50.961063
v 9.973993 -2.868103 -51.010445
v 10.768038 -3.124451 -51.430687
v 10.768038 -2.997681 -50.630337
v 10.768038 -2.904541 -50.645096
v 10.768038 -3.031311 -51.445435
v 11.229153 -2.997681 -50.630337
v 11.229153 -2.904541 -50.645096
v 11.229153 -3.124451 -51.430687
v 11.229153 -3.031311 -51.445435
v 11.352694 -3.151337 -50.606007
v 11.352694 -3.278076 -51.406345
v 11.447033 -3.278076 -51.406345
v 11.447033 -3.151337 -50.606007
v 11.352694 -3.070343 -50.618832
v 11.447033 -3.070343 -50.618832
v 11.447033 -3.197083 -51.419174
v 11.352694 -3.197083 -51.419174
v 11.314684 -3.147064 -51.427101
v 11.370783 -3.072113 -51.438965
v 11.370783 -2.945312 -50.638626
v 11.314684 -3.020233 -50.626759
v 11.028698 -3.242004 -50.951229
v 11.028698 -3.257690 -51.049995
v 11.115301 -3.265533 -51.099373
v 11.201904 -3.257690 -51.049995
v 11.201904 -3.242004 -50.951229
v 11.115301 -3.234192 -50.901844
v 11.028698 -2.868103 -51.010445
v 11.115301 -2.860291 -50.961063
v 11.201904 -2.868103 -51.010445
v 11.201904 -2.883759 -51.109215
v 11.115301 -2.891571 -51.158604
v 11.028698 -2.883759 -51.109215
v 2.765345 -4.320099 -58.388973
v 2.765345 -4.227386 -58.406166
v 2.765345 -4.375061 -59.202911
v 2.765345 -4.467743 -59.185730
v 3.226461 -4.375061 -59.202911
v 3.226461 -4.467743 -59.185730
v 3.226461 -4.320099 -58.388973
v 3.226461 -4.227386 -58.406166
v 3.350001 -4.620728 -59.157379
v 3.444341 -4.620728 -59.157379
v 3.444341 -4.473053 -58.360626
v 3.350001 -4.473053 -58.360626
v 3.350001 -4.540100 -59.172318
v 3.444341 -4.540100 -59.172318
v 3.444341 -4.392426 -58.375568
v 3.350001 -4.392426 -58.375568
v 3.311992 -4.342560 -58.384808
v 3.368091 -4.267944 -58.398632
v 3.368091 -4.415680 -59.195377
v 3.311992 -4.490265 -59.181557
v 3.026007 -4.591003 -58.801682
v 3.112609 -4.600128 -58.850838
v 3.199212 -4.591003 -58.801682
v 3.199212 -4.572723 -58.703358
v 3.112609 -4.563629 -58.654198
v 3.026007 -4.572723 -58.703358
v 3.026007 -4.218750 -58.870667
v 3.026007 -4.200500 -58.772343
v 3.112609 -4.191406 -58.723183
v 3.199212 -4.200500 -58.772343
v 3.199212 -4.218750 -58.870667
v 3.112609 -4.227844 -58.919838
v 2.231962 -4.467743 -59.185730
v 2.231962 -4.375061 -59.202911
v 2.231962 -4.227386 -58.406166
v 2.231962 -4.320099 -58.388973
v 1.770847 -4.227386 -58.406166
v 1.770847 -4.320099 -58.388973
v 1.770847 -4.467743 -59.185730
v 1.770847 -4.375061 -59.202911
v 1.647306 -4.473053 -58.360626
v 1.552966 -4.473053 -58.360626
v 1.552966 -4.620728 -59.157379
v 1.647306 -4.620728 -59.157379
v 1.647306 -4.392426 -58.375568
v 1.552966 -4.392426 -58.375568
v 1.552966 -4.540100 -59.172318
v 1.647306 -4.540100 -59.172318
v 1.685316 -4.490265 -59.181557
v 1.629217 -4.415680 -59.195377
v 1.629217 -4.267944 -58.398632
v 1.685316 -4.342560 -58.384808
v 1.971301 -4.572723 -58.703358
v 1.884698 -4.563629 -58.654198
v 1.798096 -4.572723 -58.703358
v 1.798096 -4.591003 -58.801682
v 1.884698 -4.600128 -58.850838
v 1.971301 -4.591003 -58.801682
v 1.971301 -4.200500 -58.772343
v 1.971301 -4.218750 -58.870667
v 1.884698 -4.227844 -58.919838
v 1.798096 -4.218750 -58.870667
v 1.798096 -4.200500 -58.772343
v 1.884698 -4.191406 -58.723183
v 10.234653 -4.320099 -58.388973
v 10.234653 -4.467743 -59.185730
v 10.234653 -4.375061 -59.202911
v 10.234653 -4.227386 -58.406166
v 9.773539 -4.467743 -59.185730
v 9.773539 -4.375061 -59.202911
v 9.773539 -4.320099 -58.388973
v 9.773539 -4.227386 -58.406166
v 9.649998 -4.620728 -59.157379
v 9.649998 -4.473053 -58.360626
v 9.555658 -4.473053 -58.360626
v 9.555658 -4.620728 -59.157379
v 9.649998 -4.540100 -59.172318
v 9.555658 -4.540100 -59.172318
v 9.555658 -4.392426 -58.375568
v 9.649998 -4.392426 -58.375568
v 9.688007 -4.342560 -58.384808
v 9.631908 -4.267944 -58.398632
v 9.631908 -4.415680 -59.195377
v 9.688007 -4.490265 -59.181557
v 9.973993 -4.591003 -58.801682
v 9.973993 -4.572723 -58.703358
v 9.887390 -4.563629 -58.654198
v 9.800787 -4.572723 -58.703358
v 9.800787 -4.591003 -58.801682
v 9.887390 -4.600128 -58.850838
v 9.973993 -4.218750 -58.870667
v 9.887390 -4.227844 -58.919838
v 9.800787 -4.218750 -58.870667
v 9.800787 -4.200500 -58.772343
v 9.887390 -4.191406 -58.723183
v 9.973993 -4.200500 -58.772343
v 10.768038 -4.467743 -59.185730
v 10.768038 -4.320099 -58.388973
v 10.768038 -4.227386 -58.406166
v 10.768038 -4.375061 -59.202911
v 11.229153 -4.320099 -58.388973
v 11.229153 -4.227386 -58.406166
v 11.229153 -4.467743 -59.185730
v 11.229153 -4.375061 -59.202911
v 11.352694 -4.473053 -58.360626
v 11.352694 -4.620728 -59.157379
v 11.447033 -4.620728 -59.157379
v 11.447033 -4.473053 -58.360626
v 11.352694 -4.392426 -58.375568
v 11.447033 -4.392426 -58.375568
v 11.447033 -4.540100 -59.172318
v 11.352694 -4.540100 -59.172318
v 11.314684 -4.490265 -59.181557
v 11.370783 -4.415680 -59.195377
v 11.370783 -4.267944 -58.398632
v 11.314684 -4.342560 -58.384808
v 11.028698 -4.572723 -58.703358
v 11.028698 -4.591003 -58.801682
v 11.115301 -4.600128 -58.850838
v 11.201904 -4.591003 -58.801682
v 11.201904 -4.572723 -58.703358
v 11.115301 -4.563629 -58.654198
v 11.028698 -4.200500 -58.772343
v 11.115301 -4.191406 -58.723183
v 11.201904 -4.200500 -58.772343
v 11.201904 -4.218750 -58.870667
v 11.115301 -4.227844 -58.919838
v 11.028698 -4.218750 -58.870667
vt 0.1477 0.7057
vt 0.1477 0.7307
vt 0.1455 0.7307
vt 0.1455 0.7057
vt 0.1658 0.7307
vt 0.1656 0.7307
vt 0.1656 0.7057
vt 0.1658 0.7057
vt 0.1662 0.7095
vt 0.1662 0.7094
vt 0.1668 0.7093
vt 0.1668 0.7089
vt 0.1667 0.7089
vt 0.1663 0.7088
vt 0.1663 0.7088
vt 0.1663 0.7086
vt 0.1663 0.7086
vt 0.1668 0.7085
vt 0.1677 0.7085
vt 0.1681 0.7086
vt 0.1682 0.7086
vt 0.1682 0.7088
vt 0.1681 0.7088
vt 0.1677 0.7089
vt 0.1677 0.7089
vt 0.1677 0.7093
vt 0.1683 0.7094
vt 0.1683 0.7095
vt 0.1662 0.7307
vt 0.1660 0.7307
vt 0.1660 0.7057
vt 0.1662 0.7057
vt 0.1625 0.7057
vt 0.1632 0.7057
vt 0.1632 0.7307
vt 0.1625 0.7307
vt 0.1625 0.7307
vt 0.1619 0.7307
vt 0.1619 0.7057
vt 0.1625 0.7057
vt 0.1455 0.7057
vt 0.1455 0.7307
vt 0.1434 0.7307
vt 0.1434 0.7057
vt 0.1656 0.7307
vt 0.1654 0.7307
vt 0.1654 0.7057
vt 0.1656 0.7057
vt 0.1662 0.7085
vt 0.1662 0.7085
vt 0.1668 0.7084
vt 0.1668 0.7080
vt 0.1667 0.7079
vt 0.1663 0.7079
vt 0.1663 0.7078
vt 0.1663 0.7077
vt 0.1663 0.7076
vt 0.1668 0.7076
vt 0.1677 0.7076
vt 0.1681 0.7076
vt 0.1682 0.7077
vt 0.1682 0.7078
vt 0.1681 0.7079
vt 0.1677 0.7079
vt 0.1677 0.7080
vt 0.1677 0.7084
vt 0.1683 0.7085
vt 0.1683 0.7085
vt 0.1660 0.7307
vt 0.1658 0.7307
vt 0.1658 0.7057
vt 0.1660 0.7057
vt 0.1632 0.7057
vt 0.1638 0.7057
vt 0.1638 0.7307
vt 0.1632 0.7307
vt 0.1619 0.7307
vt 0.1612 0.7307
vt 0.1612 0.7057
vt 0.1619 0.7057
vt 0.1455 0.7057
vt 0.1434 0.7057
vt 0.1434 0.7057
vt 0.1455 0.7057
vt 0.1658 0.7307
vt 0.1660 0.7307
vt 0.1660 0.7307
vt 0.1658 0.7307
vt 0.1656 0.7057
vt 0.1654 0.7057
vt 0.1654 0.7057
vt 0.1656 0.7057
vt 0.1612 0.7307
vt 0.1619 0.7307
vt 0.1619 0.7307
vt 0.1612 0.7307
vt 0.1632 0.7307
vt 0.1638 0.7307
vt 0.1638 0.7307
vt 0.1632 0.7307
vt 0.1477 0.7057
vt 0.1455 0.7057
vt 0.1455 0.7057
vt 0.1477 0.7057
vt 0.1660 0.7307
vt 0.1662 0.7307
vt 0.1662 0.7307
vt 0.1660 0.7307
vt 0.1658 0.7057
vt 0.1656 0.7057
vt 0.1656 0.7057
vt 0.1658 0.7057
vt 0.1619 0.7307
vt 0.1625 0.7307
vt 0.1625 0.7307
vt 0.1619 0.7307
vt 0.1560 0.7042
vt 0.1778 0.7042
vt 0.1778 0.7061
vt 0.1713 0.7091
vt 0.1713 0.7228
vt 0.1720 0.7240
vt 0.1760 0.7254
vt 0.1767 0.7272
vt 0.1767 0.7335
vt 0.1760 0.7346
vt 0.1731 0.7356
vt 0.1607 0.7356
vt 0.1578 0.7346
vt 0.1571 0.7335
vt 0.1571 0.7272
vt 0.1579 0.7254
vt 0.1619 0.7240
vt 0.1626 0.7228
vt 0.1626 0.7091
vt 0.1560 0.7061
vt 0.1343 0.7042
vt 0.1560 0.7042
vt 0.1560 0.7061
vt 0.1495 0.7091
vt 0.1495 0.7228
vt 0.1502 0.7240
vt 0.1542 0.7254
vt 0.1550 0.7272
vt 0.1550 0.7335
vt 0.1543 0.7346
vt 0.1514 0.7356
vt 0.1390 0.7356
vt 0.1361 0.7346
vt 0.1354 0.7335
vt 0.1354 0.7272
vt 0.1361 0.7254
vt 0.1401 0.7240
vt 0.1408 0.7228
vt 0.1408 0.7091
vt 0.1343 0.7061
vt 0.1455 0.7057
vt 0.1434 0.7057
vt 0.1625 0.7307
vt 0.1632 0.7307
vt 0.1632 0.7307
vt 0.1625 0.7307
vt 0.1619 0.7307
vt 0.1625 0.7307
vt 0.1658 0.7057
vt 0.1656 0.7057
vt 0.1660 0.7307
vt 0.1662 0.7307
vt 0.1477 0.7057
vt 0.1455 0.7057
vt 0.1632 0.7307
vt 0.1638 0.7307
vt 0.1612 0.7307
vt 0.1619 0.7307
vt 0.1656 0.7057
vt 0.1654 0.7057
vt 0.1632 0.7307
vt 0.1625 0.7307
vt 0.1455 0.7057
vt 0.1434 0.7057
vt 0.1658 0.7307
vt 0.1660 0.7307
vt 0.1660 0.7307
vt 0.1658 0.7307
vt 0.1656 0.7057
vt 0.1654 0.7057
vt 0.1612 0.7307
vt 0.1619 0.7307
vt 0.1632 0.7307
vt 0.1638 0.7307
vt 0.1477 0.7057
vt 0.1455 0.7057
vt 0.1660 0.7307
vt 0.1662 0.7307
vt 0.1658 0.7057
vt 0.1656 0.7057
vt 0.1619 0.7307
vt 0.1625 0.7307
vt 0.1625 0.7307
vt 0.1632 0.7307
vt 0.1625 0.7307
vt 0.1632 0.7307
vt 0.1619 0.7307
vt 0.1625 0.7307
vt 0.1658 0.7057
vt 0.1656 0.7057
vt 0.1660 0.7307
vt 0.1662 0.7307
vt 0.1477 0.7057
vt 0.1455 0.7057
vt 0.1632 0.7307
vt 0.1638 0.7307
vt 0.1612 0.7307
vt 0.1619 0.7307
vt 0.1656 0.7057
vt 0.1654 0.7057
vt 0.1658 0.7307
vt 0.1660 0.7307
vt 0.1658 0.7307
vt 0.1660 0.7307
vt 0.1656 0.7057
vt 0.1654 0.7057
vt 0.1612 0.7307
vt 0.1619 0.7307
vt 0.1632 0.7307
vt 0.1638 0.7307
vt 0.1477 0.7057
vt 0.1455 0.7057
vt 0.1660 0.7307
vt 0.1662 0.7307
vt 0.1658 0.7057
vt 0.1656 0.7057
vt 0.1619 0.7307
vt 0.1625 0.7307
vt 0.1625 0.7307
vt 0.1632 0.7307
vt 0.1455 0.7057
vt 0.1434 0.7057
vt 0.1625 0.7307
vt 0.1632 0.7307
vt 0.1619 0.7307
vt 0.1625 0.7307
vt 0.1658 0.7057
vt 0.1656 0.7057
vt 0.1660 0.7307
vt 0.1662 0.7307
vt 0.1477 0.7057
vt 0.1455 0.7057
vt 0.1632 0.7307
vt 0.1638 0.7307
vt 0.1612 0.7307
vt 0.1619 0.7307
vt 0.1656 0.7057
vt 0.1654 0.7057
vt 0.1658 0.7307
vt 0.1660 0.7307
vt 0.1455 0.7057
vt 0.1434 0.7057
vt 0.1434 0.7057
vt 0.1455 0.7057
vt 0.1656 0.7057
vt 0.1654 0.7057
vt 0.1612 0.7307
vt 0.1619 0.7307
vt 0.1632 0.7307
vt 0.1638 0.7307
vt 0.1477 0.7057
vt 0.1455 0.7057
vt 0.1660 0.7307
vt 0.1662 0.7307
vt 0.1658 0.7057
vt 0.1656 0.7057
vt 0.1619 0.7307
vt 0.1625 0.7307
vt 0.1625 0.7307
vt 0.1632 0.7307
vt 0.1455 0.7057
vt 0.1434 0.7057
vt 0.1660 0.7307
vt 0.1658 0.7307
vt 0.1509 0.7307
vt 0.1509 0.7057
vt 0.1513 0.7057
vt 0.1513 0.7307
vt 0.1042 0.6592
vt 0.1051 0.6592
vt 0.1051 0.6842
vt 0.1042 0.6842
vt 0.1528 0.7307
vt 0.1514 0.7307
vt 0.1514 0.7057
vt 0.1528 0.7057
vt 0.1646 0.7057
vt 0.1650 0.7057
vt 0.1650 0.7307
vt 0.1646 0.7307
vt 0.1544 0.7057
vt 0.1558 0.7057
vt 0.1558 0.7307
vt 0.1544 0.7307
vt 0.1646 0.7307
vt 0.1642 0.7307
vt 0.1642 0.7057
vt 0.1646 0.7057
vt 0.1591 0.7307
vt 0.1585 0.7307
vt 0.1585 0.7057
vt 0.1591 0.7057
vt 0.1605 0.7057
vt 0.1611 0.7057
vt 0.1611 0.7307
vt 0.1605 0.7307
vt 0.1603 0.7307
vt 0.1603 0.7057
vt 0.1593 0.7057
vt 0.1593 0.7307
vt 0.1584 0.7307
vt 0.1584 0.7057
vt 0.1612 0.7057
vt 0.1612 0.7307
vt 0.1499 0.7057
vt 0.1499 0.7307
vt 0.1495 0.7307
vt 0.1495 0.7057
vt 0.1513 0.7307
vt 0.1513 0.7057
vt 0.1559 0.7057
vt 0.1559 0.7307
vt 0.1491 0.7307
vt 0.1491 0.7057
vt 0.1495 0.7057
vt 0.1495 0.7307
vt 0.1024 0.6592
vt 0.1033 0.6592
vt 0.1033 0.6842
vt 0.1024 0.6842
vt 0.1544 0.7307
vt 0.1529 0.7307
vt 0.1529 0.7057
vt 0.1544 0.7057
vt 0.1638 0.7057
vt 0.1642 0.7057
vt 0.1642 0.7307
vt 0.1638 0.7307
vt 0.1559 0.7057
vt 0.1573 0.7057
vt 0.1573 0.7307
vt 0.1559 0.7307
vt 0.1654 0.7307
vt 0.1650 0.7307
vt 0.1650 0.7057
vt 0.1654 0.7057
vt 0.1601 0.7307
vt 0.1594 0.7307
vt 0.1594 0.7057
vt 0.1601 0.7057
vt 0.1576 0.7057
vt 0.1583 0.7057
vt 0.1583 0.7307
vt 0.1576 0.7307
vt 0.1574 0.7307
vt 0.1574 0.7057
vt 0.1603 0.7057
vt 0.1603 0.7307
vt 0.1593 0.7307
vt 0.1593 0.7057
vt 0.1584 0.7057
vt 0.1584 0.7307
vt 0.1481 0.7057
vt 0.1481 0.7307
vt 0.1477 0.7307
vt 0.1477 0.7057
vt 0.1528 0.7307
vt 0.1528 0.7057
vt 0.1574 0.7057
vt 0.1574 0.7307
vt 0.1642 0.7307
vt 0.1646 0.7307
vt 0.1646 0.7307
vt 0.1642 0.7307
vt 0.1591 0.7307
vt 0.1593 0.7307
vt 0.1593 0.7307
vt 0.1591 0.7307
vt 0.1576 0.7307
vt 0.1583 0.7307
vt 0.1583 0.7307
vt 0.1576 0.7307
vt 0.1646 0.7307
vt 0.1650 0.7307
vt 0.1650 0.7307
vt 0.1646 0.7307
vt 0.1603 0.7307
vt 0.1605 0.7307
vt 0.1605 0.7307
vt 0.1603 0.7307
vt 0.1495 0.7057
vt 0.1491 0.7057
vt 0.1491 0.7057
vt 0.1495 0.7057
vt 0.1051 0.6592
vt 0.1042 0.6592
vt 0.1042 0.6592
vt 0.1051 0.6592
vt 0.1528 0.7307
vt 0.1529 0.7307
vt 0.1529 0.7307
vt 0.1528 0.7307
vt 0.1584 0.7307
vt 0.1585 0.7307
vt 0.1585 0.7307
vt 0.1584 0.7307
vt 0.1573 0.7307
vt 0.1574 0.7307
vt 0.1574 0.7307
vt 0.1573 0.7307
vt 0.1611 0.7307
vt 0.1612 0.7307
vt 0.1612 0.7307
vt 0.1611 0.7307
vt 0.1544 0.7307
vt 0.1544 0.7307
vt 0.1499 0.7057
vt 0.1495 0.7057
vt 0.1495 0.7057
vt 0.1499 0.7057
vt 0.1559 0.7307
vt 0.1559 0.7307
vt 0.1650 0.7307
vt 0.1654 0.7307
vt 0.1654 0.7307
vt 0.1650 0.7307
vt 0.1601 0.7307
vt 0.1603 0.7307
vt 0.1603 0.7307
vt 0.1601 0.7307
vt 0.1638 0.7307
vt 0.1642 0.7307
vt 0.1642 0.7307
vt 0.1638 0.7307
vt 0.1574 0.7307
vt 0.1574 0.7307
vt 0.1513 0.7057
vt 0.1509 0.7057
vt 0.1509 0.7057
vt 0.1513 0.7057
vt 0.1033 0.6592
vt 0.1024 0.6592
vt 0.1024 0.6592
vt 0.1033 0.6592
vt 0.1513 0.7307
vt 0.1514 0.7307
vt 0.1514 0.7307
vt 0.1513 0.7307
vt 0.1593 0.7307
vt 0.1594 0.7307
vt 0.1594 0.7307
vt 0.1593 0.7307
vt 0.1558 0.7307
vt 0.1559 0.7307
vt 0.1559 0.7307
vt 0.1558 0.7307
vt 0.1584 0.7307
vt 0.1584 0.7307
vt 0.1528 0.7307
vt 0.1528 0.7307
vt 0.1481 0.7057
vt 0.1477 0.7057
vt 0.1477 0.7057
vt 0.1481 0.7057
vt 0.1544 0.7307
vt 0.1544 0.7307
vt 0.1528 0.7307
vt 0.1529 0.7307
vt 0.1051 0.6592
vt 0.1042 0.6592
vt 0.1495 0.7057
vt 0.1491 0.7057
vt 0.1603 0.7307
vt 0.1605 0.7307
vt 0.1646 0.7307
vt 0.1650 0.7307
vt 0.1576 0.7307
vt 0.1583 0.7307
vt 0.1591 0.7307
vt 0.1593 0.7307
vt 0.1642 0.7307
vt 0.1646 0.7307
vt 0.1594 0.7307
vt 0.1601 0.7307
vt 0.1544 0.7307
vt 0.1558 0.7307
vt 0.1481 0.7057
vt 0.1477 0.7057
vt 0.1514 0.7307
vt 0.1528 0.7307
vt 0.1584 0.7307
vt 0.1559 0.7307
vt 0.1593 0.7307
vt 0.1513 0.7307
vt 0.1033 0.6592
vt 0.1024 0.6592
vt 0.1513 0.7057
vt 0.1509 0.7057
vt 0.1574 0.7307
vt 0.1638 0.7307
vt 0.1642 0.7307
vt 0.1611 0.7307
vt 0.1603 0.7307
vt 0.1650 0.7307
vt 0.1654 0.7307
vt 0.1585 0.7307
vt 0.1559 0.7307
vt 0.1573 0.7307
vt 0.1499 0.7057
vt 0.1495 0.7057
vt 0.1544 0.7307
vt 0.1612 0.7307
vt 0.1574 0.7307
vt 0.1646 0.7307
vt 0.1650 0.7307
vt 0.1603 0.7307
vt 0.1605 0.7307
vt 0.1495 0.7057
vt 0.1491 0.7057
vt 0.1051 0.6592
vt 0.1042 0.6592
vt 0.1528 0.7307
vt 0.1529 0.7307
vt 0.1584 0.7307
vt 0.1585 0.7307
vt 0.1584 0.7307
vt 0.1573 0.7307
vt 0.1574 0.7307
vt 0.1611 0.7307
vt 0.1612 0.7307
vt 0.1544 0.7307
vt 0.1499 0.7057
vt 0.1495 0.7057
vt 0.1559 0.7307
vt 0.1591 0.7307
vt 0.1650 0.7307
vt 0.1654 0.7307
vt 0.1601 0.7307
vt 0.1603 0.7307
vt 0.1638 0.7307
vt 0.1642 0.7307
vt 0.1574 0.7307
vt 0.1576 0.7307
vt 0.1513 0.7057
vt 0.1509 0.7057
vt 0.1033 0.6592
vt 0.1024 0.6592
vt 0.1513 0.7307
vt 0.1514 0.7307
vt 0.1593 0.7307
vt 0.1594 0.7307
vt 0.1558 0.7307
vt 0.1559 0.7307
vt 0.1583 0.7307
vt 0.1584 0.7307
vt 0.1528 0.7307
vt 0.1481 0.7057
vt 0.1477 0.7057
vt 0.1544 0.7307
vt 0.1642 0.7307
vt 0.1646 0.7307
vt 0.1603 0.7307
vt 0.1605 0.7307
vt 0.1646 0.7307
vt 0.1650 0.7307
vt 0.1576 0.7307
vt 0.1583 0.7307
vt 0.1591 0.7307
vt 0.1593 0.7307
vt 0.1593 0.7307
vt 0.1642 0.7307
vt 0.1646 0.7307
vt 0.1594 0.7307
vt 0.1601 0.7307
vt 0.1544 0.7307
vt 0.1558 0.7307
vt 0.1481 0.7057
vt 0.1477 0.7057
vt 0.1514 0.7307
vt 0.1528 0.7307
vt 0.1584 0.7307
vt 0.1559 0.7307
vt 0.1593 0.7307
vt 0.1513 0.7307
vt 0.1033 0.6592
vt 0.1024 0.6592
vt 0.1513 0.7057
vt 0.1509 0.7057
vt 0.1574 0.7307
vt 0.1638 0.7307
vt 0.1642 0.7307
vt 0.1611 0.7307
vt 0.1603 0.7307
vt 0.1650 0.7307
vt 0.1654 0.7307
vt 0.1585 0.7307
vt 0.1559 0.7307
vt 0.1573 0.7307
vt 0.1499 0.7057
vt 0.1495 0.7057
vt 0.1529 0.7307
vt 0.1544 0.7307
vt 0.1612 0.7307
vt 0.1574 0.7307
vt 0.1584 0.7307
vt 0.1528 0.7307
vt 0.1051 0.6592
vt 0.1042 0.6592
vt 0.1051 0.6592
vt 0.1042 0.6592
vt 0.1528 0.7307
vt 0.1529 0.7307
vt 0.1584 0.7307
vt 0.1585 0.7307
vt 0.1573 0.7307
vt 0.1574 0.7307
vt 0.1611 0.7307
vt 0.1612 0.7307
vt 0.1544 0.7307
vt 0.1499 0.7057
vt 0.1495 0.7057
vt 0.1559 0.7307
vt 0.1591 0.7307
vt 0.1650 0.7307
vt 0.1654 0.7307
vt 0.1601 0.7307
vt 0.1603 0.7307
vt 0.1605 0.7307
vt 0.1638 0.7307
vt 0.1642 0.7307
vt 0.1574 0.7307
vt 0.1576 0.7307
vt 0.1513 0.7057
vt 0.1509 0.7057
vt 0.1033 0.6592
vt 0.1024 0.6592
vt 0.1513 0.7307
vt 0.1514 0.7307
vt 0.1593 0.7307
vt 0.1594 0.7307
vt 0.1558 0.7307
vt 0.1559 0.7307
vt 0.1583 0.7307
vt 0.1584 0.7307
vt 0.1528 0.7307
vt 0.1481 0.7057
vt 0.1477 0.7057
vt 0.1544 0.7307
vt 0.1642 0.7307
vt 0.1646 0.7307
vt 0.1593 0.7307
vt 0.1646 0.7307
vt 0.1650 0.7307
vt 0.1603 0.7307
vt 0.1495 0.7057
vt 0.1491 0.7057
vt 0.1642 0.7307
vt 0.1646 0.7307
vt 0.1594 0.7307
vt 0.1601 0.7307
vt 0.1544 0.7307
vt 0.1558 0.7307
vt 0.1481 0.7057
vt 0.1477 0.7057
vt 0.1514 0.7307
vt 0.1528 0.7307
vt 0.1583 0.7307
vt 0.1584 0.7307
vt 0.1559 0.7307
vt 0.1593 0.7307
vt 0.1513 0.7307
vt 0.1033 0.6592
vt 0.1024 0.6592
vt 0.1513 0.7057
vt 0.1509 0.7057
vt 0.1574 0.7307
vt 0.1576 0.7307
vt 0.1638 0.7307
vt 0.1642 0.7307
vt 0.1605 0.7307
vt 0.1611 0.7307
vt 0.1603 0.7307
vt 0.1650 0.7307
vt 0.1654 0.7307
vt 0.1585 0.7307
vt 0.1591 0.7307
vt 0.1559 0.7307
vt 0.1573 0.7307
vt 0.1499 0.7057
vt 0.1495 0.7057
vt 0.1529 0.7307
vt 0.1544 0.7307
vt 0.1612 0.7307
vt 0.1574 0.7307
vt 0.1584 0.7307
vt 0.1528 0.7307
vt 0.1051 0.6592
vt 0.1042 0.6592
vt 0.1495 0.7057
vt 0.1491 0.7057
vt 0.1491 0.7057
vt 0.1495 0.7057
vt 0.1603 0.7307
vt 0.1646 0.7307
vt 0.1650 0.7307
vt 0.1584 0.7307
vt 0.1585 0.7307
vt 0.1573 0.7307
vt 0.1574 0.7307
vt 0.1611 0.7307
vt 0.1612 0.7307
vt 0.1529 0.7307
vt 0.1544 0.7307
vt 0.1499 0.7057
vt 0.1495 0.7057
vt 0.1559 0.7307
vt 0.1591 0.7307
vt 0.1650 0.7307
vt 0.1654 0.7307
vt 0.1601 0.7307
vt 0.1603 0.7307
vt 0.1605 0.7307
vt 0.1638 0.7307
vt 0.1642 0.7307
vt 0.1574 0.7307
vt 0.1576 0.7307
vt 0.1513 0.7057
vt 0.1509 0.7057
vt 0.1033 0.6592
vt 0.1024 0.6592
vt 0.1513 0.7307
vt 0.1514 0.7307
vt 0.1593 0.7307
vt 0.1594 0.7307
vt 0.1558 0.7307
vt 0.1559 0.7307
vt 0.1583 0.7307
vt 0.1584 0.7307
vt 0.1528 0.7307
vt 0.1481 0.7057
vt 0.1477 0.7057
vt 0.1544 0.7307
vt 0.1642 0.7307
vt 0.1646 0.7307
vt 0.1593 0.7307
vt 0.1593 0.7307
vt 0.1646 0.7307
vt 0.1650 0.7307
vt 0.1603 0.7307
vt 0.1495 0.7057
vt 0.1491 0.7057
vt 0.1051 0.6592
vt 0.1042 0.6592
vt 0.1528 0.7307
vt 0.0892 0.8703
vt 0.0886 0.8703
vt 0.0886 0.8631
vt 0.0892 0.8631
vt 0.0759 0.8693
vt 0.0753 0.8695
vt 0.0744 0.8656
vt 0.0751 0.8653
vt 0.0782 0.8673
vt 0.0775 0.8671
vt 0.0784 0.8631
vt 0.0791 0.8634
vt 0.0872 0.8489
vt 0.0879 0.8489
vt 0.0879 0.8560
vt 0.0872 0.8560
vt 0.0754 0.8641
vt 0.0752 0.8633
vt 0.0758 0.8631
vt 0.0759 0.8639
vt 0.0783 0.8693
vt 0.0785 0.8685
vt 0.0791 0.8687
vt 0.0789 0.8695
vt 0.0782 0.8680
vt 0.0775 0.8684
vt 0.0744 0.8643
vt 0.0751 0.8646
vt 0.1166 0.8616
vt 0.1166 0.8594
vt 0.1185 0.8583
vt 0.1205 0.8594
vt 0.1205 0.8616
vt 0.1185 0.8628
vt 0.1205 0.8504
vt 0.1205 0.8527
vt 0.1185 0.8538
vt 0.1166 0.8527
vt 0.1166 0.8504
vt 0.1185 0.8493
vt 0.1023 0.8663
vt 0.1001 0.8663
vt 0.1001 0.8578
vt 0.1023 0.8578
vt 0.1133 0.8578
vt 0.1122 0.8578
vt 0.1122 0.8493
vt 0.1133 0.8493
vt 0.1166 0.8578
vt 0.1155 0.8578
vt 0.1155 0.8493
vt 0.1166 0.8493
vt 0.1034 0.8663
vt 0.1034 0.8578
vt 0.0990 0.8663
vt 0.0990 0.8578
vt 0.0886 0.8703
vt 0.0879 0.8703
vt 0.0879 0.8631
vt 0.0886 0.8631
vt 0.0822 0.8693
vt 0.0815 0.8695
vt 0.0806 0.8656
vt 0.0813 0.8653
vt 0.0766 0.8673
vt 0.0759 0.8671
vt 0.0768 0.8631
vt 0.0775 0.8634
vt 0.0879 0.8703
vt 0.0872 0.8703
vt 0.0872 0.8631
vt 0.0879 0.8631
vt 0.0816 0.8641
vt 0.0814 0.8633
vt 0.0820 0.8631
vt 0.0822 0.8639
vt 0.0767 0.8693
vt 0.0769 0.8685
vt 0.0775 0.8687
vt 0.0773 0.8695
vt 0.0766 0.8680
vt 0.0760 0.8684
vt 0.0806 0.8643
vt 0.0813 0.8646
vt 0.1124 0.8663
vt 0.1143 0.8674
vt 0.1143 0.8696
vt 0.1124 0.8708
vt 0.1104 0.8696
vt 0.1104 0.8674
vt 0.1085 0.8663
vt 0.1104 0.8674
vt 0.1104 0.8696
vt 0.1085 0.8708
vt 0.1066 0.8696
vt 0.1066 0.8674
vt 0.1023 0.8578
vt 0.1001 0.8578
vt 0.1001 0.8493
vt 0.1023 0.8493
vt 0.1089 0.8578
vt 0.1078 0.8578
vt 0.1078 0.8493
vt 0.1089 0.8493
vt 0.1122 0.8578
vt 0.1111 0.8578
vt 0.1111 0.8493
vt 0.1122 0.8493
vt 0.1034 0.8578
vt 0.1034 0.8493
vt 0.0990 0.8578
vt 0.0990 0.8493
vt 0.0886 0.8489
vt 0.0886 0.8560
vt 0.0879 0.8560
vt 0.0879 0.8489
vt 0.0853 0.8634
vt 0.0844 0.8673
vt 0.0837 0.8671
vt 0.0846 0.8631
vt 0.0797 0.8653
vt 0.0806 0.8693
vt 0.0799 0.8695
vt 0.0791 0.8656
vt 0.0879 0.8560
vt 0.0879 0.8631
vt 0.0872 0.8631
vt 0.0872 0.8560
vt 0.0847 0.8685
vt 0.0853 0.8687
vt 0.0851 0.8695
vt 0.0845 0.8693
vt 0.0798 0.8633
vt 0.0804 0.8631
vt 0.0806 0.8639
vt 0.0800 0.8641
vt 0.0797 0.8646
vt 0.0791 0.8643
vt 0.0838 0.8684
vt 0.0844 0.8680
vt 0.1143 0.8696
vt 0.1143 0.8674
vt 0.1162 0.8663
vt 0.1181 0.8674
vt 0.1181 0.8696
vt 0.1162 0.8708
vt 0.1205 0.8549
vt 0.1205 0.8571
vt 0.1185 0.8583
vt 0.1166 0.8571
vt 0.1166 0.8549
vt 0.1185 0.8538
vt 0.1122 0.8663
vt 0.1122 0.8578
vt 0.1133 0.8578
vt 0.1133 0.8663
vt 0.1045 0.8663
vt 0.1045 0.8578
vt 0.1067 0.8578
vt 0.1067 0.8663
vt 0.1155 0.8663
vt 0.1155 0.8578
vt 0.1166 0.8578
vt 0.1166 0.8663
vt 0.1078 0.8578
vt 0.1078 0.8663
vt 0.1034 0.8663
vt 0.1034 0.8578
vt 0.0886 0.8560
vt 0.0886 0.8631
vt 0.0879 0.8631
vt 0.0879 0.8560
vt 0.0837 0.8634
vt 0.0828 0.8673
vt 0.0822 0.8671
vt 0.0830 0.8631
vt 0.0856 0.8582
vt 0.0865 0.8621
vt 0.0858 0.8623
vt 0.0849 0.8584
vt 0.0865 0.8631
vt 0.0865 0.8560
vt 0.0872 0.8560
vt 0.0872 0.8631
vt 0.0831 0.8685
vt 0.0837 0.8687
vt 0.0835 0.8695
vt 0.0830 0.8693
vt 0.0857 0.8562
vt 0.0863 0.8560
vt 0.0865 0.8568
vt 0.0859 0.8570
vt 0.0856 0.8574
vt 0.0850 0.8571
vt 0.0822 0.8684
vt 0.0828 0.8680
vt 0.1009 0.8708
vt 0.0990 0.8696
vt 0.0990 0.8674
vt 0.1009 0.8663
vt 0.1028 0.8674
vt 0.1028 0.8696
vt 0.1047 0.8708
vt 0.1028 0.8696
vt 0.1028 0.8674
vt 0.1047 0.8663
vt 0.1066 0.8674
vt 0.1066 0.8696
vt 0.1078 0.8663
vt 0.1078 0.8578
vt 0.1089 0.8578
vt 0.1089 0.8663
vt 0.1045 0.8578
vt 0.1045 0.8493
vt 0.1067 0.8493
vt 0.1067 0.8578
vt 0.1111 0.8663
vt 0.1111 0.8578
vt 0.1122 0.8578
vt 0.1122 0.8663
vt 0.1078 0.8493
vt 0.1078 0.8578
vt 0.1034 0.8578
vt 0.1034 0.8493
vt 0.0892 0.8703
vt 0.0886 0.8703
vt 0.0886 0.8631
vt 0.0892 0.8631
vt 0.0759 0.8693
vt 0.0753 0.8695
vt 0.0744 0.8656
vt 0.0751 0.8653
vt 0.0782 0.8673
vt 0.0775 0.8671
vt 0.0784 0.8631
vt 0.0791 0.8634
vt 0.0872 0.8489
vt 0.0879 0.8489
vt 0.0879 0.8560
vt 0.0872 0.8560
vt 0.0754 0.8641
vt 0.0752 0.8633
vt 0.0758 0.8631
vt 0.0759 0.8639
vt 0.0783 0.8693
vt 0.0785 0.8685
vt 0.0791 0.8687
vt 0.0789 0.8695
vt 0.0782 0.8680
vt 0.0775 0.8684
vt 0.0744 0.8643
vt 0.0751 0.8646
vt 0.1166 0.8616
vt 0.1166 0.8594
vt 0.1185 0.8583
vt 0.1205 0.8594
vt 0.1205 0.8616
vt 0.1185 0.8628
vt 0.1205 0.8504
vt 0.1205 0.8527
vt 0.1185 0.8538
vt 0.1166 0.8527
vt 0.1166 0.8504
vt 0.1185 0.8493
vt 0.1023 0.8663
vt 0.1001 0.8663
vt 0.1001 0.8578
vt 0.1023 0.8578
vt 0.1133 0.8578
vt 0.1122 0.8578
vt 0.1122 0.8493
vt 0.1133 0.8493
vt 0.1166 0.8578
vt 0.1155 0.8578
vt 0.1155 0.8493
vt 0.1166 0.8493
vt 0.1034 0.8663
vt 0.1034 0.8578
vt 0.0990 0.8663
vt 0.0990 0.8578
vt 0.0886 0.8703
vt 0.0879 0.8703
vt 0.0879 0.8631
vt 0.0886 0.8631
vt 0.0822 0.8693
vt 0.0815 0.8695
vt 0.0806 0.8656
vt 0.0813 0.8653
vt 0.0766 0.8673
vt 0.0759 0.8671
vt 0.0768 0.8631
vt 0.0775 0.8634
vt 0.0879 0.8703
vt 0.0872 0.8703
vt 0.0872 0.8631
vt 0.0879 0.8631
vt 0.0816 0.8641
vt 0.0814 0.8633
vt 0.0820 0.8631
vt 0.0822 0.8639
vt 0.0767 0.8693
vt 0.0769 0.8685
vt 0.0775 0.8687
vt 0.0773 0.8695
vt 0.0766 0.8680
vt 0.0760 0.8684
vt 0.0806 0.8643
vt 0.0813 0.8646
vt 0.1124 0.8663
vt 0.1143 0.8674
vt 0.1143 0.8696
vt 0.1124 0.8708
vt 0.1104 0.8696
vt 0.1104 0.8674
vt 0.1085 0.8663
vt 0.1104 0.8674
vt 0.1104 0.8696
vt 0.1085 0.8708
vt 0.1066 0.8696
vt 0.1066 0.8674
vt 0.1023 0.8578
vt 0.1001 0.8578
vt 0.1001 0.8493
vt 0.1023 0.8493
vt 0.1089 0.8578
vt 0.1078 0.8578
vt 0.1078 0.8493
vt 0.1089 0.8493
vt 0.1122 0.8578
vt 0.1111 0.8578
vt 0.1111 0.8493
vt 0.1122 0.8493
vt 0.1034 0.8578
vt 0.1034 0.8493
vt 0.0990 0.8578
vt 0.0990 0.8493
vt 0.0886 0.8489
vt 0.0886 0.8560
vt 0.0879 0.8560
vt 0.0879 0.8489
vt 0.0853 0.8634
vt 0.0844 0.8673
vt 0.0837 0.8671
vt 0.0846 0.8631
vt 0.0797 0.8653
vt 0.0806 0.8693
vt 0.0799 0.8695
vt 0.0791 0.8656
vt 0.0879 0.8560
vt 0.0879 0.8631
vt 0.0872 0.8631
vt 0.0872 0.8560
vt 0.0847 0.8685
vt 0.0853 0.8687
vt 0.0851 0.8695
vt 0.0845 0.8693
vt 0.0798 0.8633
vt 0.0804 0.8631
vt 0.0806 0.8639
vt 0.0800 0.8641
vt 0.0797 0.8646
vt 0.0791 0.8643
vt 0.0838 0.8684
vt 0.0844 0.8680
vt 0.1143 0.8696
vt 0.1143 0.8674
vt 0.1162 0.8663
vt 0.1181 0.8674
vt 0.1181 0.8696
vt 0.1162 0.8708
vt 0.1205 0.8549
vt 0.1205 0.8571
vt 0.1185 0.8583
vt 0.1166 0.8571
vt 0.1166 0.8549
vt 0.1185 0.8538
vt 0.1122 0.8663
vt 0.1122 0.8578
vt 0.1133 0.8578
vt 0.1133 0.8663
vt 0.1045 0.8663
vt 0.1045 0.8578
vt 0.1067 0.8578
vt 0.1067 0.8663
vt 0.1155 0.8663
vt 0.1155 0.8578
vt 0.1166 0.8578
vt 0.1166 0.8663
vt 0.1078 0.8578
vt 0.1078 0.8663
vt 0.1034 0.8663
vt 0.1034 0.8578
vt 0.0886 0.8560
vt 0.0886 0.8631
vt 0.0879 0.8631
vt 0.0879 0.8560
vt 0.0837 0.8634
vt 0.0828 0.8673
vt 0.0822 0.8671
vt 0.0830 0.8631
vt 0.0856 0.8582
vt 0.0865 0.8621
vt 0.0858 0.8623
vt 0.0849 0.8584
vt 0.0865 0.8631
vt 0.0865 0.8560
vt 0.0872 0.8560
vt 0.0872 0.8631
vt 0.0831 0.8685
vt 0.0837 0.8687
vt 0.0835 0.8695
vt 0.0830 0.8693
vt 0.0857 0.8562
vt 0.0863 0.8560
vt 0.0865 0.8568
vt 0.0859 0.8570
vt 0.0856 0.8574
vt 0.0850 0.8571
vt 0.0822 0.8684
vt 0.0828 0.8680
vt 0.1009 0.8708
vt 0.0990 0.8696
vt 0.0990 0.8674
vt 0.1009 0.8663
vt 0.1028 0.8674
vt 0.1028 0.8696
vt 0.1047 0.8708
vt 0.1028 0.8696
vt 0.1028 0.8674
vt 0.1047 0.8663
vt 0.1066 0.8674
vt 0.1066 0.8696
vt 0.1078 0.8663
vt 0.1078 0.8578
vt 0.1089 0.8578
vt 0.1089 0.8663
vt 0.1045 0.8578
vt 0.1045 0.8493
vt 0.1067 0.8493
vt 0.1067 0.8578
vt 0.1111 0.8663
vt 0.1111 0.8578
vt 0.1122 0.8578
vt 0.1122 0.8663
vt 0.1078 0.8493
vt 0.1078 0.8578
vt 0.1034 0.8578
vt 0.1034 0.8493
vt 0.0892 0.8703
vt 0.0886 0.8703
vt 0.0886 0.8631
vt 0.0892 0.8631
vt 0.0759 0.8693
vt 0.0753 0.8695
vt 0.0744 0.8656
vt 0.0751 0.8653
vt 0.0782 0.8673
vt 0.0775 0.8671
vt 0.0784 0.8631
vt 0.0791 0.8634
vt 0.0872 0.8489
vt 0.0879 0.8489
vt 0.0879 0.8560
vt 0.0872 0.8560
vt 0.0754 0.8641
vt 0.0752 0.8633
vt 0.0758 0.8631
vt 0.0759 0.8639
vt 0.0783 0.8693
vt 0.0785 0.8685
vt 0.0791 0.8687
vt 0.0789 0.8695
vt 0.0782 0.8680
vt 0.0775 0.8684
vt 0.0744 0.8643
vt 0.0751 0.8646
vt 0.1166 0.8616
vt 0.1166 0.8594
vt 0.1185 0.8583
vt 0.1205 0.8594
vt 0.1205 0.8616
vt 0.1185 0.8628
vt 0.1205 0.8504
vt 0.1205 0.8527
vt 0.1185 0.8538
vt 0.1166 0.8527
vt 0.1166 0.8504
vt 0.1185 0.8493
vt 0.1023 0.8663
vt 0.1001 0.8663
vt 0.1001 0.8578
vt 0.1023 0.8578
vt 0.1133 0.8578
vt 0.1122 0.8578
vt 0.1122 0.8493
vt 0.1133 0.8493
vt 0.1166 0.8578
vt 0.1155 0.8578
vt 0.1155 0.8493
vt 0.1166 0.8493
vt 0.1034 0.8663
vt 0.1034 0.8578
vt 0.0990 0.8663
vt 0.0990 0.8578
vt 0.0886 0.8703
vt 0.0879 0.8703
vt 0.0879 0.8631
vt 0.0886 0.8631
vt 0.0822 0.8693
vt 0.0815 0.8695
vt 0.0806 0.8656
vt 0.0813 0.8653
vt 0.0766 0.8673
vt 0.0759 0.8671
vt 0.0768 0.8631
vt 0.0775 0.8634
vt 0.0879 0.8703
vt 0.0872 0.8703
vt 0.0872 0.8631
vt 0.0879 0.8631
vt 0.0816 0.8641
vt 0.0814 0.8633
vt 0.0820 0.8631
vt 0.0822 0.8639
vt 0.0767 0.8693
vt 0.0769 0.8685
vt 0.0775 0.8687
vt 0.0773 0.8695
vt 0.0766 0.8680
vt 0.0760 0.8684
vt 0.0806 0.8643
vt 0.0813 0.8646
vt 0.1124 0.8663
vt 0.1143 0.8674
vt 0.1143 0.8696
vt 0.1124 0.8708
vt 0.1104 0.8696
vt 0.1104 0.8674
vt 0.1085 0.8663
vt 0.1104 0.8674
vt 0.1104 0.8696
vt 0.1085 0.8708
vt 0.1066 0.8696
vt 0.1066 0.8674
vt 0.1023 0.8578
vt 0.1001 0.8578
vt 0.1001 0.8493
vt 0.1023 0.8493
vt 0.1089 0.8578
vt 0.1078 0.8578
vt 0.1078 0.8493
vt 0.1089 0.8493
vt 0.1122 0.8578
vt 0.1111 0.8578
vt 0.1111 0.8493
vt 0.1122 0.8493
vt 0.1034 0.8578
vt 0.1034 0.8493
vt 0.0990 0.8578
vt 0.0990 0.8493
vt 0.0886 0.8489
vt 0.0886 0.8560
vt 0.0879 0.8560
vt 0.0879 0.8489
vt 0.0853 0.8634
vt 0.0844 0.8673
vt 0.0837 0.8671
vt 0.0846 0.8631
vt 0.0797 0.8653
vt 0.0806 0.8693
vt 0.0799 0.8695
vt 0.0791 0.8656
vt 0.0879 0.8560
vt 0.0879 0.8631
vt 0.0872 0.8631
vt 0.0872 0.8560
vt 0.0847 0.8685
vt 0.0853 0.8687
vt 0.0851 0.8695
vt 0.0845 0.8693
vt 0.0798 0.8633
vt 0.0804 0.8631
vt 0.0806 0.8639
vt 0.0800 0.8641
vt 0.0797 0.8646
vt 0.0791 0.8643
vt 0.0838 0.8684
vt 0.0844 0.8680
vt 0.1143 0.8696
vt 0.1143 0.8674
vt 0.1162 0.8663
vt 0.1181 0.8674
vt 0.1181 0.8696
vt 0.1162 0.8708
vt 0.1205 0.8549
vt 0.1205 0.8571
vt 0.1185 0.8583
vt 0.1166 0.8571
vt 0.1166 0.8549
vt 0.1185 0.8538
vt 0.1122 0.8663
vt 0.1122 0.8578
vt 0.1133 0.8578
vt 0.1133 0.8663
vt 0.1045 0.8663
vt 0.1045 0.8578
vt 0.1067 0.8578
vt 0.1067 0.8663
vt 0.1155 0.8663
vt 0.1155 0.8578
vt 0.1166 0.8578
vt 0.1166 0.8663
vt 0.1078 0.8578
vt 0.1078 0.8663
vt 0.1034 0.8663
vt 0.1034 0.8578
vt 0.0886 0.8560
vt 0.0886 0.8631
vt 0.0879 0.8631
vt 0.0879 0.8560
vt 0.0837 0.8634
vt 0.0828 0.8673
vt 0.0822 0.8671
vt 0.0830 0.8631
vt 0.0856 0.8582
vt 0.0865 0.8621
vt 0.0858 0.8623
vt 0.0849 0.8584
vt 0.0865 0.8631
vt 0.0865 0.8560
vt 0.0872 0.8560
vt 0.0872 0.8631
vt 0.0831 0.8685
vt 0.0837 0.8687
vt 0.0835 0.8695
vt 0.0830 0.8693
vt 0.0857 0.8562
vt 0.0863 0.8560
vt 0.0865 0.8568
vt 0.0859 0.8570
vt 0.0856 0.8574
vt 0.0850 0.8571
vt 0.0822 0.8684
vt 0.0828 0.8680
vt 0.1009 0.8708
vt 0.0990 0.8696
vt 0.0990 0.8674
vt 0.1009 0.8663
vt 0.1028 0.8674
vt 0.1028 0.8696
vt 0.1047 0.8708
vt 0.1028 0.8696
vt 0.1028 0.8674
vt 0.1047 0.8663
vt 0.1066 0.8674
vt 0.1066 0.8696
vt 0.1078 0.8663
vt 0.1078 0.8578
vt 0.1089 0.8578
vt 0.1089 0.8663
vt 0.1045 0.8578
vt 0.1045 0.8493
vt 0.1067 0.8493
vt 0.1067 0.8578
vt 0.1111 0.8663
vt 0.1111 0.8578
vt 0.1122 0.8578
vt 0.1122 0.8663
vt 0.1078 0.8493
vt 0.1078 0.8578
vt 0.1034 0.8578
vt 0.1034 0.8493
vt 0.0892 0.8703
vt 0.0886 0.8703
vt 0.0886 0.8631
vt 0.0892 0.8631
vt 0.0759 0.8693
vt 0.0753 0.8695
vt 0.0744 0.8656
vt 0.0751 0.8653
vt 0.0782 0.8673
vt 0.0775 0.8671
vt 0.0784 0.8631
vt 0.0791 0.8634
vt 0.0872 0.8489
vt 0.0879 0.8489
vt 0.0879 0.8560
vt 0.0872 0.8560
vt 0.0754 0.8641
vt 0.0752 0.8633
vt 0.0758 0.8631
vt 0.0759 0.8639
vt 0.0783 0.8693
vt 0.0785 0.8685
vt 0.0791 0.8687
vt 0.0789 0.8695
vt 0.0782 0.8680
vt 0.0775 0.8684
vt 0.0744 0.8643
vt 0.0751 0.8646
vt 0.1166 0.8616
vt 0.1166 0.8594
vt 0.1185 0.8583
vt 0.1205 0.8594
vt 0.1205 0.8616
vt 0.1185 0.8628
vt 0.1205 0.8504
vt 0.1205 0.8527
vt 0.1185 0.8538
vt 0.1166 0.8527
vt 0.1166 0.8504
vt 0.1185 0.8493
vt 0.1023 0.8663
vt 0.1001 0.8663
vt 0.1001 0.8578
vt 0.1023 0.8578
vt 0.1133 0.8578
vt 0.1122 0.8578
vt 0.1122 0.8493
vt 0.1133 0.8493
vt 0.1166 0.8578
vt 0.1155 0.8578
vt 0.1155 0.8493
vt 0.1166 0.8493
vt 0.1034 0.8663
vt 0.1034 0.8578
vt 0.0990 0.8663
vt 0.0990 0.8578
vt 0.0886 0.8703
vt 0.0879 0.8703
vt 0.0879 0.8631
vt 0.0886 0.8631
vt 0.0822 0.8693
vt 0.0815 0.8695
vt 0.0806 0.8656
vt 0.0813 0.8653
vt 0.0766 0.8673
vt 0.0759 0.8671
vt 0.0768 0.8631
vt 0.0775 0.8634
vt 0.0879 0.8703
vt 0.0872 0.8703
vt 0.0872 0.8631
vt 0.0879 0.8631
vt 0.0816 0.8641
vt 0.0814 0.8633
vt 0.0820 0.8631
vt 0.0822 0.8639
vt 0.0767 0.8693
vt 0.0769 0.8685
vt 0.0775 0.8687
vt 0.0773 0.8695
vt 0.0766 0.8680
vt 0.0760 0.8684
vt 0.0806 0.8643
vt 0.0813 0.8646
vt 0.1124 0.8663
vt 0.1143 0.8674
vt 0.1143 0.8696
vt 0.1124 0.8708
vt 0.1104 0.8696
vt 0.1104 0.8674
vt 0.1085 0.8663
vt 0.1104 0.8674
vt 0.1104 0.8696
vt 0.1085 0.8708
vt 0.1066 0.8696
vt 0.1066 0.8674
vt 0.1023 0.8578
vt 0.1001 0.8578
vt 0.1001 0.8493
vt 0.1023 0.8493
vt 0.1089 0.8578
vt 0.1078 0.8578
vt 0.1078 0.8493
vt 0.1089 0.8493
vt 0.1122 0.8578
vt 0.1111 0.8578
vt 0.1111 0.8493
vt 0.1122 0.8493
vt 0.1034 0.8578
vt 0.1034 0.8493
vt 0.0990 0.8578
vt 0.0990 0.8493
vt 0.0886 0.8489
vt 0.0886 0.8560
vt 0.0879 0.8560
vt 0.0879 0.8489
vt 0.0853 0.8634
vt 0.0844 0.8673
vt 0.0837 0.8671
vt 0.0846 0.8631
vt 0.0797 0.8653
vt 0.0806 0.8693
vt 0.0799 0.8695
vt 0.0791 0.8656
vt 0.0879 0.8560
vt 0.0879 0.8631
vt 0.0872 0.8631
vt 0.0872 0.8560
vt 0.0847 0.8685
vt 0.0853 0.8687
vt 0.0851 0.8695
vt 0.0845 0.8693
vt 0.0798 0.8633
vt 0.0804 0.8631
vt 0.0806 0.8639
vt 0.0800 0.8641
vt 0.0797 0.8646
vt 0.0791 0.8643
vt 0.0838 0.8684
vt 0.0844 0.8680
vt 0.1143 0.8696
vt 0.1143 0.8674
vt 0.1162 0.8663
vt 0.1181 0.8674
vt 0.1181 0.8696
vt 0.1162 0.8708
vt 0.1205 0.8549
vt 0.1205 0.8571
vt 0.1185 0.8583
vt 0.1166 0.8571
vt 0.1166 0.8549
vt 0.1185 0.8538
vt 0.1122 0.8663
vt 0.1122 0.8578
vt 0.1133 0.8578
vt 0.1133 0.8663
vt 0.1045 0.8663
vt 0.1045 0.8578
vt 0.1067 0.8578
vt 0.1067 0.8663
vt 0.1155 0.8663
vt 0.1155 0.8578
vt 0.1166 0.8578
vt 0.1166 0.8663
vt 0.1078 0.8578
vt 0.1078 0.8663
vt 0.1034 0.8663
vt 0.1034 0.8578
vt 0.0886 0.8560
vt 0.0886 0.8631
vt 0.0879 0.8631
vt 0.0879 0.8560
vt 0.0837 0.8634
vt 0.0828 0.8673
vt 0.0822 0.8671
vt 0.0830 0.8631
vt 0.0856 0.8582
vt 0.0865 0.8621
vt 0.0858 0.8623
vt 0.0849 0.8584
vt 0.0865 0.8631
vt 0.0865 0.8560
vt 0.0872 0.8560
vt 0.0872 0.8631
vt 0.0831 0.8685
vt 0.0837 0.8687
vt 0.0835 0.8695
vt 0.0830 0.8693
vt 0.0857 0.8562
vt 0.0863 0.8560
vt 0.0865 0.8568
vt 0.0859 0.8570
vt 0.0856 0.8574
vt 0.0850 0.8571
vt 0.0822 0.8684
vt 0.0828 0.8680
vt 0.1009 0.8708
vt 0.0990 0.8696
vt 0.0990 0.8674
vt 0.1009 0.8663
vt 0.1028 0.8674
vt 0.1028 0.8696
vt 0.1047 0.8708
vt 0.1028 0.8696
vt 0.1028 0.8674
vt 0.1047 0.8663
vt 0.1066 0.8674
vt 0.1066 0.8696
vt 0.1078 0.8663
vt 0.1078 0.8578
vt 0.1089 0.8578
vt 0.1089 0.8663
vt 0.1045 0.8578
vt 0.1045 0.8493
vt 0.1067 0.8493
vt 0.1067 0.8578
vt 0.1111 0.8663
vt 0.1111 0.8578
vt 0.1122 0.8578
vt 0.1122 0.8663
vt 0.1078 0.8493
vt 0.1078 0.8578
vt 0.1034 0.8578
vt 0.1034 0.8493
vt 0.0892 0.8703
vt 0.0886 0.8703
vt 0.0886 0.8631
vt 0.0892 0.8631
vt 0.0759 0.8693
vt 0.0753 0.8695
vt 0.0744 0.8656
vt 0.0751 0.8653
vt 0.0782 0.8673
vt 0.0775 0.8671
vt 0.0784 0.8631
vt 0.0791 0.8634
vt 0.0872 0.8489
vt 0.0879 0.8489
vt 0.0879 0.8560
vt 0.0872 0.8560
vt 0.0754 0.8641
vt 0.0752 0.8633
vt 0.0758 0.8631
vt 0.0759 0.8639
vt 0.0783 0.8693
vt 0.0785 0.8685
vt 0.0791 0.8687
vt 0.0789 0.8695
vt 0.0782 0.8680
vt 0.0775 0.8684
vt 0.0744 0.8643
vt 0.0751 0.8646
vt 0.1166 0.8616
vt 0.1166 0.8594
vt 0.1185 0.8583
vt 0.1205 0.8594
vt 0.1205 0.8616
vt 0.1185 0.8628
vt 0.1205 0.8504
vt 0.1205 0.8527
vt 0.1185 0.8538
vt 0.1166 0.8527
vt 0.1166 0.8504
vt 0.1185 0.8493
vt 0.1023 0.8663
vt 0.1001 0.8663
vt 0.1001 0.8578
vt 0.1023 0.8578
vt 0.1133 0.8578
vt 0.1122 0.8578
vt 0.1122 0.8493
vt 0.1133 0.8493
vt 0.1166 0.8578
vt 0.1155 0.8578
vt 0.1155 0.8493
vt 0.1166 0.8493
vt 0.1034 0.8663
vt 0.1034 0.8578
vt 0.0990 0.8663
vt 0.0990 0.8578
vt 0.0886 0.8703
vt 0.0879 0.8703
vt 0.0879 0.8631
vt 0.0886 0.8631
vt 0.0822 0.8693
vt 0.0815 0.8695
vt 0.0806 0.8656
vt 0.0813 0.8653
vt 0.0766 0.8673
vt 0.0759 0.8671
vt 0.0768 0.8631
vt 0.0775 0.8634
vt 0.0879 0.8703
vt 0.0872 0.8703
vt 0.0872 0.8631
vt 0.0879 0.8631
vt 0.0816 0.8641
vt 0.0814 0.8633
vt 0.0820 0.8631
vt 0.0822 0.8639
vt 0.0767 0.8693
vt 0.0769 0.8685
vt 0.0775 0.8687
vt 0.0773 0.8695
vt 0.0766 0.8680
vt 0.0760 0.8684
vt 0.0806 0.8643
vt 0.0813 0.8646
vt 0.1124 0.8663
vt 0.1143 0.8674
vt 0.1143 0.8696
vt 0.1124 0.8708
vt 0.1104 0.8696
vt 0.1104 0.8674
vt 0.1085 0.8663
vt 0.1104 0.8674
vt 0.1104 0.8696
vt 0.1085 0.8708
vt 0.1066 0.8696
vt 0.1066 0.8674
vt 0.1023 0.8578
vt 0.1001 0.8578
vt 0.1001 0.8493
vt 0.1023 0.8493
vt 0.1089 0.8578
vt 0.1078 0.8578
vt 0.1078 0.8493
vt 0.1089 0.8493
vt 0.1122 0.8578
vt 0.1111 0.8578
vt 0.1111 0.8493
vt 0.1122 0.8493
vt 0.1034 0.8578
vt 0.1034 0.8493
vt 0.0990 0.8578
vt 0.0990 0.8493
vt 0.0886 0.8489
vt 0.0886 0.8560
vt 0.0879 0.8560
vt 0.0879 0.8489
vt 0.0853 0.8634
vt 0.0844 0.8673
vt 0.0837 0.8671
vt 0.0846 0.8631
vt 0.0797 0.8653
vt 0.0806 0.8693
vt 0.0799 0.8695
vt 0.0791 0.8656
vt 0.0879 0.8560
vt 0.0879 0.8631
vt 0.0872 0.8631
vt 0.0872 0.8560
vt 0.0847 0.8685
vt 0.0853 0.8687
vt 0.0851 0.8695
vt 0.0845 0.8693
vt 0.0798 0.8633
vt 0.0804 0.8631
vt 0.0806 0.8639
vt 0.0800 0.8641
vt 0.0797 0.8646
vt 0.0791 0.8643
vt 0.0838 0.8684
vt 0.0844 0.8680
vt 0.1143 0.8696
vt 0.1143 0.8674
vt 0.1162 0.8663
vt 0.1181 0.8674
vt 0.1181 0.8696
vt 0.1162 0.8708
vt 0.1205 0.8549
vt 0.1205 0.8571
vt 0.1185 0.8583
vt 0.1166 0.8571
vt 0.1166 0.8549
vt 0.1185 0.8538
vt 0.1122 0.8663
vt 0.1122 0.8578
vt 0.1133 0.8578
vt 0.1133 0.8663
vt 0.1045 0.8663
vt 0.1045 0.8578
vt 0.1067 0.8578
vt 0.1067 0.8663
vt 0.1155 0.8663
vt 0.1155 0.8578
vt 0.1166 0.8578
vt 0.1166 0.8663
vt 0.1078 0.8578
vt 0.1078 0.8663
vt 0.1034 0.8663
vt 0.1034 0.8578
vt 0.0886 0.8560
vt 0.0886 0.8631
vt 0.0879 0.8631
vt 0.0879 0.8560
vt 0.0837 0.8634
vt 0.0828 0.8673
vt 0.0822 0.8671
vt 0.0830 0.8631
vt 0.0856 0.8582
vt 0.0865 0.8621
vt 0.0858 0.8623
vt 0.0849 0.8584
vt 0.0865 0.8631
vt 0.0865 0.8560
vt 0.0872 0.8560
vt 0.0872 0.8631
vt 0.0831 0.8685
vt 0.0837 0.8687
vt 0.0835 0.8695
vt 0.0830 0.8693
vt 0.0857 0.8562
vt 0.0863 0.8560
vt 0.0865 0.8568
vt 0.0859 0.8570
vt 0.0856 0.8574
vt 0.0850 0.8571
vt 0.0822 0.8684
vt 0.0828 0.8680
vt 0.1009 0.8708
vt 0.0990 0.8696
vt 0.0990 0.8674
vt 0.1009 0.8663
vt 0.1028 0.8674
vt 0.1028 0.8696
vt 0.1047 0.8708
vt 0.1028 0.8696
vt 0.1028 0.8674
vt 0.1047 0.8663
vt 0.1066 0.8674
vt 0.1066 0.8696
vt 0.1078 0.8663
vt 0.1078 0.8578
vt 0.1089 0.8578
vt 0.1089 0.8663
vt 0.1045 0.8578
vt 0.1045 0.8493
vt 0.1067 0.8493
vt 0.1067 0.8578
vt 0.1111 0.8663
vt 0.1111 0.8578
vt 0.1122 0.8578
vt 0.1122 0.8663
vt 0.1078 0.8493
vt 0.1078 0.8578
vt 0.1034 0.8578
vt 0.1034 0.8493
vt 0.0892 0.8703
vt 0.0886 0.8703
vt 0.0886 0.8631
vt 0.0892 0.8631
vt 0.0759 0.8693
vt 0.0753 0.8695
vt 0.0744 0.8656
vt 0.0751 0.8653
vt 0.0782 0.8673
vt 0.0775 0.8671
vt 0.0784 0.8631
vt 0.0791 0.8634
vt 0.0872 0.8489
vt 0.0879 0.8489
vt 0.0879 0.8560
vt 0.0872 0.8560
vt 0.0754 0.8641
vt 0.0752 0.8633
vt 0.0758 0.8631
vt 0.0759 0.8639
vt 0.0783 0.8693
vt 0.0785 0.8685
vt 0.0791 0.8687
vt 0.0789 0.8695
vt 0.0782 0.8680
vt 0.0775 0.8684
vt 0.0744 0.8643
vt 0.0751 0.8646
vt 0.1166 0.8616
vt 0.1166 0.8594
vt 0.1185 0.8583
vt 0.1205 0.8594
vt 0.1205 0.8616
vt 0.1185 0.8628
vt 0.1205 0.8504
vt 0.1205 0.8527
vt 0.1185 0.8538
vt 0.1166 0.8527
vt 0.1166 0.8504
vt 0.1185 0.8493
vt 0.1023 0.8663
vt 0.1001 0.8663
vt 0.1001 0.8578
vt 0.1023 0.8578
vt 0.1133 0.8578
vt 0.1122 0.8578
vt 0.1122 0.8493
vt 0.1133 0.8493
vt 0.1166 0.8578
vt 0.1155 0.8578
vt 0.1155 0.8493
vt 0.1166 0.8493
vt 0.1034 0.8663
vt 0.1034 0.8578
vt 0.0990 0.8663
vt 0.0990 0.8578
vt 0.0886 0.8703
vt 0.0879 0.8703
vt 0.0879 0.8631
vt 0.0886 0.8631
vt 0.0822 0.8693
vt 0.0815 0.8695
vt 0.0806 0.8656
vt 0.0813 0.8653
vt 0.0766 0.8673
vt 0.0759 0.8671
vt 0.0768 0.8631
vt 0.0775 0.8634
vt 0.0879 0.8703
vt 0.0872 0.8703
vt 0.0872 0.8631
vt 0.0879 0.8631
vt 0.0816 0.8641
vt 0.0814 0.8633
vt 0.0820 0.8631
vt 0.0822 0.8639
vt 0.0767 0.8693
vt 0.0769 0.8685
vt 0.0775 0.8687
vt 0.0773 0.8695
vt 0.0766 0.8680
vt 0.0760 0.8684
vt 0.0806 0.8643
vt 0.0813 0.8646
vt 0.1124 0.8663
vt 0.1143 0.8674
vt 0.1143 0.8696
vt 0.1124 0.8708
vt 0.1104 0.8696
vt 0.1104 0.8674
vt 0.1085 0.8663
vt 0.1104 0.8674
vt 0.1104 0.8696
vt 0.1085 0.8708
vt 0.1066 0.8696
vt 0.1066 0.8674
vt 0.1023 0.8578
vt 0.1001 0.8578
vt 0.1001 0.8493
vt 0.1023 0.8493
vt 0.1089 0.8578
vt 0.1078 0.8578
vt 0.1078 0.8493
vt 0.1089 0.8493
vt 0.1122 0.8578
vt 0.1111 0.8578
vt 0.1111 0.8493
vt 0.1122 0.8493
vt 0.1034 0.8578
vt 0.1034 0.8493
vt 0.0990 0.8578
vt 0.0990 0.8493
vt 0.0886 0.8489
vt 0.0886 0.8560
vt 0.0879 0.8560
vt 0.0879 0.8489
vt 0.0853 0.8634
vt 0.0844 0.8673
vt 0.0837 0.8671
vt 0.0846 0.8631
vt 0.0797 0.8653
vt 0.0806 0.8693
vt 0.0799 0.8695
vt 0.0791 0.8656
vt 0.0879 0.8560
vt 0.0879 0.8631
vt 0.0872 0.8631
vt 0.0872 0.8560
vt 0.0847 0.8685
vt 0.0853 0.8687
vt 0.0851 0.8695
vt 0.0845 0.8693
vt 0.0798 0.8633
vt 0.0804 0.8631
vt 0.0806 0.8639
vt 0.0800 0.8641
vt 0.0797 0.8646
vt 0.0791 0.8643
vt 0.0838 0.8684
vt 0.0844 0.8680
vt 0.1143 0.8696
vt 0.1143 0.8674
vt 0.1162 0.8663
vt 0.1181 0.8674
vt 0.1181 0.8696
vt 0.1162 0.8708
vt 0.1205 0.8549
vt 0.1205 0.8571
vt 0.1185 0.8583
vt 0.1166 0.8571
vt 0.1166 0.8549
vt 0.1185 0.8538
vt 0.1122 0.8663
vt 0.1122 0.8578
vt 0.1133 0.8578
vt 0.1133 0.8663
vt 0.1045 0.8663
vt 0.1045 0.8578
vt 0.1067 0.8578
vt 0.1067 0.8663
vt 0.1155 0.8663
vt 0.1155 0.8578
vt 0.1166 0.8578
vt 0.1166 0.8663
vt 0.1078 0.8578
vt 0.1078 0.8663
vt 0.1034 0.8663
vt 0.1034 0.8578
vt 0.0886 0.8560
vt 0.0886 0.8631
vt 0.0879 0.8631
vt 0.0879 0.8560
vt 0.0837 0.8634
vt 0.0828 0.8673
vt 0.0822 0.8671
vt 0.0830 0.8631
vt 0.0856 0.8582
vt 0.0865 0.8621
vt 0.0858 0.8623
vt 0.0849 0.8584
vt 0.0865 0.8631
vt 0.0865 0.8560
vt 0.0872 0.8560
vt 0.0872 0.8631
vt 0.0831 0.8685
vt 0.0837 0.8687
vt 0.0835 0.8695
vt 0.0830 0.8693
vt 0.0857 0.8562
vt 0.0863 0.8560
vt 0.0865 0.8568
vt 0.0859 0.8570
vt 0.0856 0.8574
vt 0.0850 0.8571
vt 0.0822 0.8684
vt 0.0828 0.8680
vt 0.1009 0.8708
vt 0.0990 0.8696
vt 0.0990 0.8674
vt 0.1009 0.8663
vt 0.1028 0.8674
vt 0.1028 0.8696
vt 0.1047 0.8708
vt 0.1028 0.8696
vt 0.1028 0.8674
vt 0.1047 0.8663
vt 0.1066 0.8674
vt 0.1066 0.8696
vt 0.1078 0.8663
vt 0.1078 0.8578
vt 0.1089 0.8578
vt 0.1089 0.8663
vt 0.1045 0.8578
vt 0.1045 0.8493
vt 0.1067 0.8493
vt 0.1067 0.8578
vt 0.1111 0.8663
vt 0.1111 0.8578
vt 0.1122 0.8578
vt 0.1122 0.8663
vt 0.1078 0.8493
vt 0.1078 0.8578
vt 0.1034 0.8578
vt 0.1034 0.8493
vt 0.0892 0.8703
vt 0.0886 0.8703
vt 0.0886 0.8631
vt 0.0892 0.8631
vt 0.0759 0.8693
vt 0.0753 0.8695
vt 0.0744 0.8656
vt 0.0751 0.8653
vt 0.0782 0.8673
vt 0.0775 0.8671
vt 0.0784 0.8631
vt 0.0791 0.8634
vt 0.0872 0.8489
vt 0.0879 0.8489
vt 0.0879 0.8560
vt 0.0872 0.8560
vt 0.0754 0.8641
vt 0.0752 0.8633
vt 0.0758 0.8631
vt 0.0759 0.8639
vt 0.0783 0.8693
vt 0.0785 0.8685
vt 0.0791 0.8687
vt 0.0789 0.8695
vt 0.0782 0.8680
vt 0.0775 0.8684
vt 0.0744 0.8643
vt 0.0751 0.8646
vt 0.1166 0.8616
vt 0.1166 0.8594
vt 0.1185 0.8583
vt 0.1205 0.8594
vt 0.1205 0.8616
vt 0.1185 0.8628
vt 0.1205 0.8504
vt 0.1205 0.8527
vt 0.1185 0.8538
vt 0.1166 0.8527
vt 0.1166 0.8504
vt 0.1185 0.8493
vt 0.1023 0.8663
vt 0.1001 0.8663
vt 0.1001 0.8578
vt 0.1023 0.8578
vt 0.1133 0.8578
vt 0.1122 0.8578
vt 0.1122 0.8493
vt 0.1133 0.8493
vt 0.1166 0.8578
vt 0.1155 0.8578
vt 0.1155 0.8493
vt 0.1166 0.8493
vt 0.1034 0.8663
vt 0.1034 0.8578
vt 0.0990 0.8663
vt 0.0990 0.8578
vt 0.0886 0.8703
vt 0.0879 0.8703
vt 0.0879 0.8631
vt 0.0886 0.8631
vt 0.0822 0.8693
vt 0.0815 0.8695
vt 0.0806 0.8656
vt 0.0813 0.8653
vt 0.0766 0.8673
vt 0.0759 0.8671
vt 0.0768 0.8631
vt 0.0775 0.8634
vt 0.0879 0.8703
vt 0.0872 0.8703
vt 0.0872 0.8631
vt 0.0879 0.8631
vt 0.0816 0.8641
vt 0.0814 0.8633
vt 0.0820 0.8631
vt 0.0822 0.8639
vt 0.0767 0.8693
vt 0.0769 0.8685
vt 0.0775 0.8687
vt 0.0773 0.8695
vt 0.0766 0.8680
vt 0.0760 0.8684
vt 0.0806 0.8643
vt 0.0813 0.8646
vt 0.1124 0.8663
vt 0.1143 0.8674
vt 0.1143 0.8696
vt 0.1124 0.8708
vt 0.1104 0.8696
vt 0.1104 0.8674
vt 0.1085 0.8663
vt 0.1104 0.8674
vt 0.1104 0.8696
vt 0.1085 0.8708
vt 0.1066 0.8696
vt 0.1066 0.8674
vt 0.1023 0.8578
vt 0.1001 0.8578
vt 0.1001 0.8493
vt 0.1023 0.8493
vt 0.1089 0.8578
vt 0.1078 0.8578
vt 0.1078 0.8493
vt 0.1089 0.8493
vt 0.1122 0.8578
vt 0.1111 0.8578
vt 0.1111 0.8493
vt 0.1122 0.8493
vt 0.1034 0.8578
vt 0.1034 0.8493
vt 0.0990 0.8578
vt 0.0990 0.8493
vt 0.0886 0.8489
vt 0.0886 0.8560
vt 0.0879 0.8560
vt 0.0879 0.8489
vt 0.0853 0.8634
vt 0.0844 0.8673
vt 0.0837 0.8671
vt 0.0846 0.8631
vt 0.0797 0.8653
vt 0.0806 0.8693
vt 0.0799 0.8695
vt 0.0791 0.8656
vt 0.0879 0.8560
vt 0.0879 0.8631
vt 0.0872 0.8631
vt 0.0872 0.8560
vt 0.0847 0.8685
vt 0.0853 0.8687
vt 0.0851 0.8695
vt 0.0845 0.8693
vt 0.0798 0.8633
vt 0.0804 0.8631
vt 0.0806 0.8639
vt 0.0800 0.8641
vt 0.0797 0.8646
vt 0.0791 0.8643
vt 0.0838 0.8684
vt 0.0844 0.8680
vt 0.1143 0.8696
vt 0.1143 0.8674
vt 0.1162 0.8663
vt 0.1181 0.8674
vt 0.1181 0.8696
vt 0.1162 0.8708
vt 0.1205 0.8549
vt 0.1205 0.8571
vt 0.1185 0.8583
vt 0.1166 0.8571
vt 0.1166 0.8549
vt 0.1185 0.8538
vt 0.1122 0.8663
vt 0.1122 0.8578
vt 0.1133 0.8578
vt 0.1133 0.8663
vt 0.1045 0.8663
vt 0.1045 0.8578
vt 0.1067 0.8578
vt 0.1067 0.8663
vt 0.1155 0.8663
vt 0.1155 0.8578
vt 0.1166 0.8578
vt 0.1166 0.8663
vt 0.1078 0.8578
vt 0.1078 0.8663
vt 0.1034 0.8663
vt 0.1034 0.8578
vt 0.0886 0.8560
vt 0.0886 0.8631
vt 0.0879 0.8631
vt 0.0879 0.8560
vt 0.0837 0.8634
vt 0.0828 0.8673
vt 0.0822 0.8671
vt 0.0830 0.8631
vt 0.0856 0.8582
vt 0.0865 0.8621
vt 0.0858 0.8623
vt 0.0849 0.8584
vt 0.0865 0.8631
vt 0.0865 0.8560
vt 0.0872 0.8560
vt 0.0872 0.8631
vt 0.0831 0.8685
vt 0.0837 0.8687
vt 0.0835 0.8695
vt 0.0830 0.8693
vt 0.0857 0.8562
vt 0.0863 0.8560
vt 0.0865 0.8568
vt 0.0859 0.8570
vt 0.0856 0.8574
vt 0.0850 0.8571
vt 0.0822 0.8684
vt 0.0828 0.8680
vt 0.1009 0.8708
vt 0.0990 0.8696
vt 0.0990 0.8674
vt 0.1009 0.8663
vt 0.1028 0.8674
vt 0.1028 0.8696
vt 0.1047 0.8708
vt 0.1028 0.8696
vt 0.1028 0.8674
vt 0.1047 0.8663
vt 0.1066 0.8674
vt 0.1066 0.8696
vt 0.1078 0.8663
vt 0.1078 0.8578
vt 0.1089 0.8578
vt 0.1089 0.8663
vt 0.1045 0.8578
vt 0.1045 0.8493
vt 0.1067 0.8493
vt 0.1067 0.8578
vt 0.1111 0.8663
vt 0.1111 0.8578
vt 0.1122 0.8578
vt 0.1122 0.8663
vt 0.1078 0.8493
vt 0.1078 0.8578
vt 0.1034 0.8578
vt 0.1034 0.8493
vt 0.0892 0.8703
vt 0.0886 0.8703
vt 0.0886 0.8631
vt 0.0892 0.8631
vt 0.0759 0.8693
vt 0.0753 0.8695
vt 0.0744 0.8656
vt 0.0751 0.8653
vt 0.0782 0.8673
vt 0.0775 0.8671
vt 0.0784 0.8631
vt 0.0791 0.8634
vt 0.0872 0.8489
vt 0.0879 0.8489
vt 0.0879 0.8560
vt 0.0872 0.8560
vt 0.0754 0.8641
vt 0.0752 0.8633
vt 0.0758 0.8631
vt 0.0759 0.8639
vt 0.0783 0.8693
vt 0.0785 0.8685
vt 0.0791 0.8687
vt 0.0789 0.8695
vt 0.0782 0.8680
vt 0.0775 0.8684
vt 0.0744 0.8643
vt 0.0751 0.8646
vt 0.1166 0.8616
vt 0.1166 0.8594
vt 0.1185 0.8583
vt 0.1205 0.8594
vt 0.1205 0.8616
vt 0.1185 0.8628
vt 0.1205 0.8504
vt 0.1205 0.8527
vt 0.1185 0.8538
vt 0.1166 0.8527
vt 0.1166 0.8504
vt 0.1185 0.8493
vt 0.1023 0.8663
vt 0.1001 0.8663
vt 0.1001 0.8578
vt 0.1023 0.8578
vt 0.1133 0.8578
vt 0.1122 0.8578
vt 0.1122 0.8493
vt 0.1133 0.8493
vt 0.1166 0.8578
vt 0.1155 0.8578
vt 0.1155 0.8493
vt 0.1166 0.8493
vt 0.1034 0.8663
vt 0.1034 0.8578
vt 0.0990 0.8663
vt 0.0990 0.8578
vt 0.0886 0.8703
vt 0.0879 0.8703
vt 0.0879 0.8631
vt 0.0886 0.8631
vt 0.0822 0.8693
vt 0.0815 0.8695
vt 0.0806 0.8656
vt 0.0813 0.8653
vt 0.0766 0.8673
vt 0.0759 0.8671
vt 0.0768 0.8631
vt 0.0775 0.8634
vt 0.0879 0.8703
vt 0.0872 0.8703
vt 0.0872 0.8631
vt 0.0879 0.8631
vt 0.0816 0.8641
vt 0.0814 0.8633
vt 0.0820 0.8631
vt 0.0822 0.8639
vt 0.0767 0.8693
vt 0.0769 0.8685
vt 0.0775 0.8687
vt 0.0773 0.8695
vt 0.0766 0.8680
vt 0.0760 0.8684
vt 0.0806 0.8643
vt 0.0813 0.8646
vt 0.1124 0.8663
vt 0.1143 0.8674
vt 0.1143 0.8696
vt 0.1124 0.8708
vt 0.1104 0.8696
vt 0.1104 0.8674
vt 0.1085 0.8663
vt 0.1104 0.8674
vt 0.1104 0.8696
vt 0.1085 0.8708
vt 0.1066 0.8696
vt 0.1066 0.8674
vt 0.1023 0.8578
vt 0.1001 0.8578
vt 0.1001 0.8493
vt 0.1023 0.8493
vt 0.1089 0.8578
vt 0.1078 0.8578
vt 0.1078 0.8493
vt 0.1089 0.8493
vt 0.1122 0.8578
vt 0.1111 0.8578
vt 0.1111 0.8493
vt 0.1122 0.8493
vt 0.1034 0.8578
vt 0.1034 0.8493
vt 0.0990 0.8578
vt 0.0990 0.8493
vt 0.0886 0.8489
vt 0.0886 0.8560
vt 0.0879 0.8560
vt 0.0879 0.8489
vt 0.0853 0.8634
vt 0.0844 0.8673
vt 0.0837 0.8671
vt 0.0846 0.8631
vt 0.0797 0.8653
vt 0.0806 0.8693
vt 0.0799 0.8695
vt 0.0791 0.8656
vt 0.0879 0.8560
vt 0.0879 0.8631
vt 0.0872 0.8631
vt 0.0872 0.8560
vt 0.0847 0.8685
vt 0.0853 0.8687
vt 0.0851 0.8695
vt 0.0845 0.8693
vt 0.0798 0.8633
vt 0.0804 0.8631
vt 0.0806 0.8639
vt 0.0800 0.8641
vt 0.0797 0.8646
vt 0.0791 0.8643
vt 0.0838 0.8684
vt 0.0844 0.8680
vt 0.1143 0.8696
vt 0.1143 0.8674
vt 0.1162 0.8663
vt 0.1181 0.8674
vt 0.1181 0.8696
vt 0.1162 0.8708
vt 0.1205 0.8549
vt 0.1205 0.8571
vt 0.1185 0.8583
vt 0.1166 0.8571
vt 0.1166 0.8549
vt 0.1185 0.8538
vt 0.1122 0.8663
vt 0.1122 0.8578
vt 0.1133 0.8578
vt 0.1133 0.8663
vt 0.1045 0.8663
vt 0.1045 0.8578
vt 0.1067 0.8578
vt 0.1067 0.8663
vt 0.1155 0.8663
vt 0.1155 0.8578
vt 0.1166 0.8578
vt 0.1166 0.8663
vt 0.1078 0.8578
vt 0.1078 0.8663
vt 0.1034 0.8663
vt 0.1034 0.8578
vt 0.0886 0.8560
vt 0.0886 0.8631
vt 0.0879 0.8631
vt 0.0879 0.8560
vt 0.0837 0.8634
vt 0.0828 0.8673
vt 0.0822 0.8671
vt 0.0830 0.8631
vt 0.0856 0.8582
vt 0.0865 0.8621
vt 0.0858 0.8623
vt 0.0849 0.8584
vt 0.0865 0.8631
vt 0.0865 0.8560
vt 0.0872 0.8560
vt 0.0872 0.8631
vt 0.0831 0.8685
vt 0.0837 0.8687
vt 0.0835 0.8695
vt 0.0830 0.8693
vt 0.0857 0.8562
vt 0.0863 0.8560
vt 0.0865 0.8568
vt 0.0859 0.8570
vt 0.0856 0.8574
vt 0.0850 0.8571
vt 0.0822 0.8684
vt 0.0828 0.8680
vt 0.1009 0.8708
vt 0.0990 0.8696
vt 0.0990 0.8674
vt 0.1009 0.8663
vt 0.1028 0.8674
vt 0.1028 0.8696
vt 0.1047 0.8708
vt 0.1028 0.8696
vt 0.1028 0.8674
vt 0.1047 0.8663
vt 0.1066 0.8674
vt 0.1066 0.8696
vt 0.1078 0.8663
vt 0.1078 0.8578
vt 0.1089 0.8578
vt 0.1089 0.8663
vt 0.1045 0.8578
vt 0.1045 0.8493
vt 0.1067 0.8493
vt 0.1067 0.8578
vt 0.1111 0.8663
vt 0.1111 0.8578
vt 0.1122 0.8578
vt 0.1122 0.8663
vt 0.1078 0.8493
vt 0.1078 0.8578
vt 0.1034 0.8578
vt 0.1034 0.8493
vt 0.0768 0.8560
vt 0.0803 0.8560
vt 0.0803 0.8631
vt 0.0768 0.8631
vt 0.0713 0.8560
vt 0.0679 0.8560
vt 0.0679 0.8489
vt 0.0713 0.8489
vt 0.0866 0.8703
vt 0.0866 0.8631
vt 0.0872 0.8631
vt 0.0872 0.8703
vt 0.0738 0.8703
vt 0.0738 0.8631
vt 0.0744 0.8631
vt 0.0744 0.8703
vt 0.0862 0.8631
vt 0.0862 0.8703
vt 0.0728 0.8631
vt 0.0728 0.8703
vt 0.0809 0.8560
vt 0.0809 0.8631
vt 0.0724 0.8489
vt 0.0724 0.8560
vt 0.0849 0.8631
vt 0.0815 0.8631
vt 0.0815 0.8560
vt 0.0849 0.8560
vt 0.0689 0.8560
vt 0.0724 0.8560
vt 0.0724 0.8631
vt 0.0689 0.8631
vt 0.0857 0.8560
vt 0.0857 0.8489
vt 0.0863 0.8489
vt 0.0863 0.8560
vt 0.0705 0.8703
vt 0.0705 0.8631
vt 0.0711 0.8631
vt 0.0711 0.8703
vt 0.0854 0.8489
vt 0.0854 0.8560
vt 0.0695 0.8631
vt 0.0695 0.8703
vt 0.0809 0.8631
vt 0.0809 0.8560
vt 0.0679 0.8631
vt 0.0679 0.8560
vt 0.0768 0.8560
vt 0.0768 0.8631
vt 0.0734 0.8631
vt 0.0734 0.8560
vt 0.0734 0.8560
vt 0.0734 0.8489
vt 0.0768 0.8489
vt 0.0768 0.8560
vt 0.0856 0.8631
vt 0.0862 0.8631
vt 0.0862 0.8703
vt 0.0856 0.8703
vt 0.0689 0.8631
vt 0.0695 0.8631
vt 0.0695 0.8703
vt 0.0689 0.8703
vt 0.0853 0.8703
vt 0.0853 0.8631
vt 0.0679 0.8703
vt 0.0679 0.8631
vt 0.0728 0.8631
vt 0.0728 0.8560
vt 0.0724 0.8560
vt 0.0724 0.8489
vt 0.0813 0.8560
vt 0.0813 0.8489
vt 0.0847 0.8489
vt 0.0847 0.8560
vt 0.0803 0.8489
vt 0.0803 0.8560
vt 0.0768 0.8560
vt 0.0768 0.8489
vt 0.0866 0.8489
vt 0.0872 0.8489
vt 0.0872 0.8560
vt 0.0866 0.8560
vt 0.0721 0.8631
vt 0.0727 0.8631
vt 0.0727 0.8703
vt 0.0721 0.8703
vt 0.0863 0.8560
vt 0.0863 0.8489
vt 0.0711 0.8703
vt 0.0711 0.8631
vt 0.0854 0.8489
vt 0.0854 0.8560
vt 0.0813 0.8489
vt 0.0813 0.8560
vt 0.0768 0.8560
vt 0.0803 0.8560
vt 0.0803 0.8631
vt 0.0768 0.8631
vt 0.0713 0.8560
vt 0.0679 0.8560
vt 0.0679 0.8489
vt 0.0713 0.8489
vt 0.0866 0.8703
vt 0.0866 0.8631
vt 0.0872 0.8631
vt 0.0872 0.8703
vt 0.0738 0.8703
vt 0.0738 0.8631
vt 0.0744 0.8631
vt 0.0744 0.8703
vt 0.0862 0.8631
vt 0.0862 0.8703
vt 0.0728 0.8631
vt 0.0728 0.8703
vt 0.0809 0.8560
vt 0.0809 0.8631
vt 0.0724 0.8489
vt 0.0724 0.8560
vt 0.0849 0.8631
vt 0.0815 0.8631
vt 0.0815 0.8560
vt 0.0849 0.8560
vt 0.0689 0.8560
vt 0.0724 0.8560
vt 0.0724 0.8631
vt 0.0689 0.8631
vt 0.0857 0.8560
vt 0.0857 0.8489
vt 0.0863 0.8489
vt 0.0863 0.8560
vt 0.0705 0.8703
vt 0.0705 0.8631
vt 0.0711 0.8631
vt 0.0711 0.8703
vt 0.0854 0.8489
vt 0.0854 0.8560
vt 0.0695 0.8631
vt 0.0695 0.8703
vt 0.0809 0.8631
vt 0.0809 0.8560
vt 0.0679 0.8631
vt 0.0679 0.8560
vt 0.0768 0.8560
vt 0.0768 0.8631
vt 0.0734 0.8631
vt 0.0734 0.8560
vt 0.0734 0.8560
vt 0.0734 0.8489
vt 0.0768 0.8489
vt 0.0768 0.8560
vt 0.0856 0.8631
vt 0.0862 0.8631
vt 0.0862 0.8703
vt 0.0856 0.8703
vt 0.0689 0.8631
vt 0.0695 0.8631
vt 0.0695 0.8703
vt 0.0689 0.8703
vt 0.0853 0.8703
vt 0.0853 0.8631
vt 0.0679 0.8703
vt 0.0679 0.8631
vt 0.0728 0.8631
vt 0.0728 0.8560
vt 0.0724 0.8560
vt 0.0724 0.8489
vt 0.0813 0.8560
vt 0.0813 0.8489
vt 0.0847 0.8489
vt 0.0847 0.8560
vt 0.0803 0.8489
vt 0.0803 0.8560
vt 0.0768 0.8560
vt 0.0768 0.8489
vt 0.0866 0.8489
vt 0.0872 0.8489
vt 0.0872 0.8560
vt 0.0866 0.8560
vt 0.0721 0.8631
vt 0.0727 0.8631
vt 0.0727 0.8703
vt 0.0721 0.8703
vt 0.0863 0.8560
vt 0.0863 0.8489
vt 0.0711 0.8703
vt 0.0711 0.8631
vt 0.0854 0.8489
vt 0.0854 0.8560
vt 0.0813 0.8489
vt 0.0813 0.8560
vt 0.0768 0.8560
vt 0.0803 0.8560
vt 0.0803 0.8631
vt 0.0768 0.8631
vt 0.0713 0.8560
vt 0.0679 0.8560
vt 0.0679 0.8489
vt 0.0713 0.8489
vt 0.0866 0.8703
vt 0.0866 0.8631
vt 0.0872 0.8631
vt 0.0872 0.8703
vt 0.0738 0.8703
vt 0.0738 0.8631
vt 0.0744 0.8631
vt 0.0744 0.8703
vt 0.0862 0.8631
vt 0.0862 0.8703
vt 0.0728 0.8631
vt 0.0728 0.8703
vt 0.0809 0.8560
vt 0.0809 0.8631
vt 0.0724 0.8489
vt 0.0724 0.8560
vt 0.0849 0.8631
vt 0.0815 0.8631
vt 0.0815 0.8560
vt 0.0849 0.8560
vt 0.0689 0.8560
vt 0.0724 0.8560
vt 0.0724 0.8631
vt 0.0689 0.8631
vt 0.0857 0.8560
vt 0.0857 0.8489
vt 0.0863 0.8489
vt 0.0863 0.8560
vt 0.0705 0.8703
vt 0.0705 0.8631
vt 0.0711 0.8631
vt 0.0711 0.8703
vt 0.0854 0.8489
vt 0.0854 0.8560
vt 0.0695 0.8631
vt 0.0695 0.8703
vt 0.0809 0.8631
vt 0.0809 0.8560
vt 0.0679 0.8631
vt 0.0679 0.8560
vt 0.0768 0.8560
vt 0.0768 0.8631
vt 0.0734 0.8631
vt 0.0734 0.8560
vt 0.0734 0.8560
vt 0.0734 0.8489
vt 0.0768 0.8489
vt 0.0768 0.8560
vt 0.0856 0.8631
vt 0.0862 0.8631
vt 0.0862 0.8703
vt 0.0856 0.8703
vt 0.0689 0.8631
vt 0.0695 0.8631
vt 0.0695 0.8703
vt 0.0689 0.8703
vt 0.0853 0.8703
vt 0.0853 0.8631
vt 0.0679 0.8703
vt 0.0679 0.8631
vt 0.0728 0.8631
vt 0.0728 0.8560
vt 0.0724 0.8560
vt 0.0724 0.8489
vt 0.0813 0.8560
vt 0.0813 0.8489
vt 0.0847 0.8489
vt 0.0847 0.8560
vt 0.0803 0.8489
vt 0.0803 0.8560
vt 0.0768 0.8560
vt 0.0768 0.8489
vt 0.0866 0.8489
vt 0.0872 0.8489
vt 0.0872 0.8560
vt 0.0866 0.8560
vt 0.0721 0.8631
vt 0.0727 0.8631
vt 0.0727 0.8703
vt 0.0721 0.8703
vt 0.0863 0.8560
vt 0.0863 0.8489
vt 0.0711 0.8703
vt 0.0711 0.8631
vt 0.0854 0.8489
vt 0.0854 0.8560
vt 0.0813 0.8489
vt 0.0813 0.8560
vt 0.0768 0.8560
vt 0.0803 0.8560
vt 0.0803 0.8631
vt 0.0768 0.8631
vt 0.0713 0.8560
vt 0.0679 0.8560
vt 0.0679 0.8489
vt 0.0713 0.8489
vt 0.0866 0.8703
vt 0.0866 0.8631
vt 0.0872 0.8631
vt 0.0872 0.8703
vt 0.0738 0.8703
vt 0.0738 0.8631
vt 0.0744 0.8631
vt 0.0744 0.8703
vt 0.0862 0.8631
vt 0.0862 0.8703
vt 0.0728 0.8631
vt 0.0728 0.8703
vt 0.0809 0.8560
vt 0.0809 0.8631
vt 0.0724 0.8489
vt 0.0724 0.8560
vt 0.0849 0.8631
vt 0.0815 0.8631
vt 0.0815 0.8560
vt 0.0849 0.8560
vt 0.0689 0.8560
vt 0.0724 0.8560
vt 0.0724 0.8631
vt 0.0689 0.8631
vt 0.0857 0.8560
vt 0.0857 0.8489
vt 0.0863 0.8489
vt 0.0863 0.8560
vt 0.0705 0.8703
vt 0.0705 0.8631
vt 0.0711 0.8631
vt 0.0711 0.8703
vt 0.0854 0.8489
vt 0.0854 0.8560
vt 0.0695 0.8631
vt 0.0695 0.8703
vt 0.0809 0.8631
vt 0.0809 0.8560
vt 0.0679 0.8631
vt 0.0679 0.8560
vt 0.0768 0.8560
vt 0.0768 0.8631
vt 0.0734 0.8631
vt 0.0734 0.8560
vt 0.0734 0.8560
vt 0.0734 0.8489
vt 0.0768 0.8489
vt 0.0768 0.8560
vt 0.0856 0.8631
vt 0.0862 0.8631
vt 0.0862 0.8703
vt 0.0856 0.8703
vt 0.0689 0.8631
vt 0.0695 0.8631
vt 0.0695 0.8703
vt 0.0689 0.8703
vt 0.0853 0.8703
vt 0.0853 0.8631
vt 0.0679 0.8703
vt 0.0679 0.8631
vt 0.0728 0.8631
vt 0.0728 0.8560
vt 0.0724 0.8560
vt 0.0724 0.8489
vt 0.0813 0.8560
vt 0.0813 0.8489
vt 0.0847 0.8489
vt 0.0847 0.8560
vt 0.0803 0.8489
vt 0.0803 0.8560
vt 0.0768 0.8560
vt 0.0768 0.8489
vt 0.0866 0.8489
vt 0.0872 0.8489
vt 0.0872 0.8560
vt 0.0866 0.8560
vt 0.0721 0.8631
vt 0.0727 0.8631
vt 0.0727 0.8703
vt 0.0721 0.8703
vt 0.0863 0.8560
vt 0.0863 0.8489
vt 0.0711 0.8703
vt 0.0711 0.8631
vt 0.0854 0.8489
vt 0.0854 0.8560
vt 0.0813 0.8489
vt 0.0813 0.8560
vt 0.0768 0.8560
vt 0.0803 0.8560
vt 0.0803 0.8631
vt 0.0768 0.8631
vt 0.0713 0.8560
vt 0.0679 0.8560
vt 0.0679 0.8489
vt 0.0713 0.8489
vt 0.0866 0.8703
vt 0.0866 0.8631
vt 0.0872 0.8631
vt 0.0872 0.8703
vt 0.0738 0.8703
vt 0.0738 0.8631
vt 0.0744 0.8631
vt 0.0744 0.8703
vt 0.0862 0.8631
vt 0.0862 0.8703
vt 0.0728 0.8631
vt 0.0728 0.8703
vt 0.0809 0.8560
vt 0.0809 0.8631
vt 0.0724 0.8489
vt 0.0724 0.8560
vt 0.0849 0.8631
vt 0.0815 0.8631
vt 0.0815 0.8560
vt 0.0849 0.8560
vt 0.0689 0.8560
vt 0.0724 0.8560
vt 0.0724 0.8631
vt 0.0689 0.8631
vt 0.0857 0.8560
vt 0.0857 0.8489
vt 0.0863 0.8489
vt 0.0863 0.8560
vt 0.0705 0.8703
vt 0.0705 0.8631
vt 0.0711 0.8631
vt 0.0711 0.8703
vt 0.0854 0.8489
vt 0.0854 0.8560
vt 0.0695 0.8631
vt 0.0695 0.8703
vt 0.0809 0.8631
vt 0.0809 0.8560
vt 0.0679 0.8631
vt 0.0679 0.8560
vt 0.0768 0.8560
vt 0.0768 0.8631
vt 0.0734 0.8631
vt 0.0734 0.8560
vt 0.0734 0.8560
vt 0.0734 0.8489
vt 0.0768 0.8489
vt 0.0768 0.8560
vt 0.0856 0.8631
vt 0.0862 0.8631
vt 0.0862 0.8703
vt 0.0856 0.8703
vt 0.0689 0.8631
vt 0.0695 0.8631
vt 0.0695 0.8703
vt 0.0689 0.8703
vt 0.0853 0.8703
vt 0.0853 0.8631
vt 0.0679 0.8703
vt 0.0679 0.8631
vt 0.0728 0.8631
vt 0.0728 0.8560
vt 0.0724 0.8560
vt 0.0724 0.8489
vt 0.0813 0.8560
vt 0.0813 0.8489
vt 0.0847 0.8489
vt 0.0847 0.8560
vt 0.0803 0.8489
vt 0.0803 0.8560
vt 0.0768 0.8560
vt 0.0768 0.8489
vt 0.0866 0.8489
vt 0.0872 0.8489
vt 0.0872 0.8560
vt 0.0866 0.8560
vt 0.0721 0.8631
vt 0.0727 0.8631
vt 0.0727 0.8703
vt 0.0721 0.8703
vt 0.0863 0.8560
vt 0.0863 0.8489
vt 0.0711 0.8703
vt 0.0711 0.8631
vt 0.0854 0.8489
vt 0.0854 0.8560
vt 0.0813 0.8489
vt 0.0813 0.8560
vt 0.0768 0.8560
vt 0.0803 0.8560
vt 0.0803 0.8631
vt 0.0768 0.8631
vt 0.0713 0.8560
vt 0.0679 0.8560
vt 0.0679 0.8489
vt 0.0713 0.8489
vt 0.0866 0.8703
vt 0.0866 0.8631
vt 0.0872 0.8631
vt 0.0872 0.8703
vt 0.0738 0.8703
vt 0.0738 0.8631
vt 0.0744 0.8631
vt 0.0744 0.8703
vt 0.0862 0.8631
vt 0.0862 0.8703
vt 0.0728 0.8631
vt 0.0728 0.8703
vt 0.0809 0.8560
vt 0.0809 0.8631
vt 0.0724 0.8489
vt 0.0724 0.8560
vt 0.0849 0.8631
vt 0.0815 0.8631
vt 0.0815 0.8560
vt 0.0849 0.8560
vt 0.0689 0.8560
vt 0.0724 0.8560
vt 0.0724 0.8631
vt 0.0689 0.8631
vt 0.0857 0.8560
vt 0.0857 0.8489
vt 0.0863 0.8489
vt 0.0863 0.8560
vt 0.0705 0.8703
vt 0.0705 0.8631
vt 0.0711 0.8631
vt 0.0711 0.8703
vt 0.0854 0.8489
vt 0.0854 0.8560
vt 0.0695 0.8631
vt 0.0695 0.8703
vt 0.0809 0.8631
vt 0.0809 0.8560
vt 0.0679 0.8631
vt 0.0679 0.8560
vt 0.0768 0.8560
vt 0.0768 0.8631
vt 0.0734 0.8631
vt 0.0734 0.8560
vt 0.0734 0.8560
vt 0.0734 0.8489
vt 0.0768 0.8489
vt 0.0768 0.8560
vt 0.0856 0.8631
vt 0.0862 0.8631
vt 0.0862 0.8703
vt 0.0856 0.8703
vt 0.0689 0.8631
vt 0.0695 0.8631
vt 0.0695 0.8703
vt 0.0689 0.8703
vt 0.0853 0.8703
vt 0.0853 0.8631
vt 0.0679 0.8703
vt 0.0679 0.8631
vt 0.0728 0.8631
vt 0.0728 0.8560
vt 0.0724 0.8560
vt 0.0724 0.8489
vt 0.0813 0.8560
vt 0.0813 0.8489
vt 0.0847 0.8489
vt 0.0847 0.8560
vt 0.0803 0.8489
vt 0.0803 0.8560
vt 0.0768 0.8560
vt 0.0768 0.8489
vt 0.0866 0.8489
vt 0.0872 0.8489
vt 0.0872 0.8560
vt 0.0866 0.8560
vt 0.0721 0.8631
vt 0.0727 0.8631
vt 0.0727 0.8703
vt 0.0721 0.8703
vt 0.0863 0.8560
vt 0.0863 0.8489
vt 0.0711 0.8703
vt 0.0711 0.8631
vt 0.0854 0.8489
vt 0.0854 0.8560
vt 0.0813 0.8489
vt 0.0813 0.8560
vt 0.0768 0.8560
vt 0.0803 0.8560
vt 0.0803 0.8631
vt 0.0768 0.8631
vt 0.0713 0.8560
vt 0.0679 0.8560
vt 0.0679 0.8489
vt 0.0713 0.8489
vt 0.0866 0.8703
vt 0.0866 0.8631
vt 0.0872 0.8631
vt 0.0872 0.8703
vt 0.0738 0.8703
vt 0.0738 0.8631
vt 0.0744 0.8631
vt 0.0744 0.8703
vt 0.0862 0.8631
vt 0.0862 0.8703
vt 0.0728 0.8631
vt 0.0728 0.8703
vt 0.0809 0.8560
vt 0.0809 0.8631
vt 0.0724 0.8489
vt 0.0724 0.8560
vt 0.0849 0.8631
vt 0.0815 0.8631
vt 0.0815 0.8560
vt 0.0849 0.8560
vt 0.0689 0.8560
vt 0.0724 0.8560
vt 0.0724 0.8631
vt 0.0689 0.8631
vt 0.0857 0.8560
vt 0.0857 0.8489
vt 0.0863 0.8489
vt 0.0863 0.8560
vt 0.0705 0.8703
vt 0.0705 0.8631
vt 0.0711 0.8631
vt 0.0711 0.8703
vt 0.0854 0.8489
vt 0.0854 0.8560
vt 0.0695 0.8631
vt 0.0695 0.8703
vt 0.0809 0.8631
vt 0.0809 0.8560
vt 0.0679 0.8631
vt 0.0679 0.8560
vt 0.0768 0.8560
vt 0.0768 0.8631
vt 0.0734 0.8631
vt 0.0734 0.8560
vt 0.0734 0.8560
vt 0.0734 0.8489
vt 0.0768 0.8489
vt 0.0768 0.8560
vt 0.0856 0.8631
vt 0.0862 0.8631
vt 0.0862 0.8703
vt 0.0856 0.8703
vt 0.0689 0.8631
vt 0.0695 0.8631
vt 0.0695 0.8703
vt 0.0689 0.8703
vt 0.0853 0.8703
vt 0.0853 0.8631
vt 0.0679 0.8703
vt 0.0679 0.8631
vt 0.0728 0.8631
vt 0.0728 0.8560
vt 0.0724 0.8560
vt 0.0724 0.8489
vt 0.0813 0.8560
vt 0.0813 0.8489
vt 0.0847 0.8489
vt 0.0847 0.8560
vt 0.0803 0.8489
vt 0.0803 0.8560
vt 0.0768 0.8560
vt 0.0768 0.8489
vt 0.0866 0.8489
vt 0.0872 0.8489
vt 0.0872 0.8560
vt 0.0866 0.8560
vt 0.0721 0.8631
vt 0.0727 0.8631
vt 0.0727 0.8703
vt 0.0721 0.8703
vt 0.0863 0.8560
vt 0.0863 0.8489
vt 0.0711 0.8703
vt 0.0711 0.8631
vt 0.0854 0.8489
vt 0.0854 0.8560
vt 0.0813 0.8489
vt 0.0813 0.8560
vt 0.0768 0.8560
vt 0.0803 0.8560
vt 0.0803 0.8631
vt 0.0768 0.8631
vt 0.0713 0.8560
vt 0.0679 0.8560
vt 0.0679 0.8489
vt 0.0713 0.8489
vt 0.0866 0.8703
vt 0.0866 0.8631
vt 0.0872 0.8631
vt 0.0872 0.8703
vt 0.0738 0.8703
vt 0.0738 0.8631
vt 0.0744 0.8631
vt 0.0744 0.8703
vt 0.0862 0.8631
vt 0.0862 0.8703
vt 0.0728 0.8631
vt 0.0728 0.8703
vt 0.0809 0.8560
vt 0.0809 0.8631
vt 0.0724 0.8489
vt 0.0724 0.8560
vt 0.0849 0.8631
vt 0.0815 0.8631
vt 0.0815 0.8560
vt 0.0849 0.8560
vt 0.0689 0.8560
vt 0.0724 0.8560
vt 0.0724 0.8631
vt 0.0689 0.8631
vt 0.0857 0.8560
vt 0.0857 0.8489
vt 0.0863 0.8489
vt 0.0863 0.8560
vt 0.0705 0.8703
vt 0.0705 0.8631
vt 0.0711 0.8631
vt 0.0711 0.8703
vt 0.0854 0.8489
vt 0.0854 0.8560
vt 0.0695 0.8631
vt 0.0695 0.8703
vt 0.0809 0.8631
vt 0.0809 0.8560
vt 0.0679 0.8631
vt 0.0679 0.8560
vt 0.0768 0.8560
vt 0.0768 0.8631
vt 0.0734 0.8631
vt 0.0734 0.8560
vt 0.0734 0.8560
vt 0.0734 0.8489
vt 0.0768 0.8489
vt 0.0768 0.8560
vt 0.0856 0.8631
vt 0.0862 0.8631
vt 0.0862 0.8703
vt 0.0856 0.8703
vt 0.0689 0.8631
vt 0.0695 0.8631
vt 0.0695 0.8703
vt 0.0689 0.8703
vt 0.0853 0.8703
vt 0.0853 0.8631
vt 0.0679 0.8703
vt 0.0679 0.8631
vt 0.0728 0.8631
vt 0.0728 0.8560
vt 0.0724 0.8560
vt 0.0724 0.8489
vt 0.0813 0.8560
vt 0.0813 0.8489
vt 0.0847 0.8489
vt 0.0847 0.8560
vt 0.0803 0.8489
vt 0.0803 0.8560
vt 0.0768 0.8560
vt 0.0768 0.8489
vt 0.0866 0.8489
vt 0.0872 0.8489
vt 0.0872 0.8560
vt 0.0866 0.8560
vt 0.0721 0.8631
vt 0.0727 0.8631
vt 0.0727 0.8703
vt 0.0721 0.8703
vt 0.0863 0.8560
vt 0.0863 0.8489
vt 0.0711 0.8703
vt 0.0711 0.8631
vt 0.0854 0.8489
vt 0.0854 0.8560
vt 0.0813 0.8489
vt 0.0813 0.8560
vn 0.0000 -1.0000 0.0000
vn -1.0000 0.0000 0.0000
vn -0.0000 -0.0000 1.0000
vn 1.0000 0.0000 0.0000
vn -0.4229 0.9062 -0.0000
vn 0.4229 0.9062 0.0000
vn 0.0000 -0.9833 0.1822
vn 0.4229 0.8910 -0.1651
vn -0.4229 0.8910 -0.1651
vn 0.0000 -0.1822 -0.9833
vn 0.0000 -0.9858 0.1680
vn -0.4228 0.8933 -0.1522
vn 0.4228 0.8933 -0.1522
vn 0.0000 -0.9897 0.1435
vn 0.4228 0.8968 -0.1300
vn -0.4228 0.8968 -0.1300
vn -0.4228 0.8999 -0.1065
vn 0.4228 0.8999 -0.1065
vn 0.0000 -0.9931 0.1175
vn 0.4227 0.9024 -0.0829
vn -0.4227 0.9024 -0.0829
vn 0.0000 -0.9958 0.0915
vn -0.4227 0.9043 -0.0593
vn 0.4227 0.9043 -0.0593
vn 0.0000 -0.9979 0.0654
vn 0.4228 0.9055 -0.0356
vn -0.4228 0.9055 -0.0356
vn 0.0000 -0.9992 0.0393
vn -0.4228 0.9061 -0.0119
vn 0.4228 0.9061 -0.0119
vn 0.0000 -0.9999 0.0131
vn -0.1540 0.9881 -0.0000
vn -0.1539 0.9881 -0.0065
vn -0.6208 0.7839 -0.0051
vn -0.6215 0.7834 -0.0000
vn 0.1539 0.9881 -0.0065
vn 0.1540 0.9881 0.0000
vn 0.9679 -0.2513 0.0017
vn 0.9682 -0.2503 0.0000
vn -0.6374 -0.7705 -0.0000
vn -0.6873 -0.7263 -0.0000
vn -0.6882 -0.7255 0.0047
vn -0.6367 -0.7711 0.0050
vn -0.9682 -0.2503 -0.0000
vn -0.9679 -0.2513 0.0017
vn 0.6367 -0.7711 0.0050
vn 0.6882 -0.7255 0.0047
vn 0.6873 -0.7263 0.0000
vn 0.6374 -0.7705 0.0000
vn 0.9828 -0.1845 0.0012
vn 0.9637 0.2671 -0.0018
vn 0.9640 0.2661 0.0000
vn 0.9827 -0.1852 0.0000
vn -0.9827 -0.1853 -0.0000
vn -0.9640 0.2661 0.0000
vn -0.9637 0.2671 -0.0018
vn -0.9828 -0.1845 0.0012
vn 0.6208 0.7839 -0.0051
vn 0.6215 0.7834 0.0000
vn 0.9639 0.2661 0.0000
vn -0.9639 0.2661 -0.0000
vn 0.6883 -0.7142 0.1270
vn 0.6365 -0.7593 0.1351
vn 0.6374 -0.7577 0.1404
vn 0.6873 -0.7142 0.1324
vn 0.9829 -0.1815 0.0323
vn 0.9827 -0.1821 0.0338
vn -0.9829 -0.1815 0.0323
vn -0.9636 0.2631 -0.0468
vn -0.9640 0.2616 -0.0485
vn -0.9827 -0.1821 0.0337
vn -0.6365 -0.7593 0.1351
vn -0.6883 -0.7142 0.1270
vn -0.6873 -0.7142 0.1324
vn -0.6374 -0.7577 0.1404
vn -0.6208 0.7718 -0.1373
vn -0.1540 0.9728 -0.1730
vn -0.1541 0.9715 -0.1800
vn -0.6216 0.7702 -0.1427
vn 0.1540 0.9728 -0.1730
vn 0.1541 0.9715 -0.1800
vn 0.9679 -0.2475 0.0440
vn 0.9682 -0.2461 0.0456
vn 0.6208 0.7718 -0.1373
vn 0.9636 0.2631 -0.0468
vn 0.9639 0.2616 -0.0485
vn 0.6216 0.7702 -0.1427
vn -0.9679 -0.2475 0.0440
vn -0.9682 -0.2461 0.0456
vn -0.9639 0.2616 -0.0485
vn 0.6360 -0.7623 0.1202
vn 0.9677 -0.2491 0.0393
vn -0.1539 0.9760 -0.1539
vn 0.1539 0.9760 -0.1539
vn -0.6203 0.7748 -0.1222
vn -0.6890 -0.7159 0.1129
vn -0.9830 -0.1816 0.0286
vn -0.6360 -0.7623 0.1202
vn -0.9634 0.2647 -0.0417
vn 0.9830 -0.1816 0.0286
vn 0.6890 -0.7159 0.1129
vn 0.9634 0.2647 -0.0417
vn -0.9677 -0.2491 0.0393
vn 0.6203 0.7748 -0.1222
vn -0.6359 -0.7652 0.1007
vn -0.6891 -0.7184 0.0946
vn -0.9830 -0.1821 0.0240
vn -0.6202 0.7777 -0.1024
vn -0.1538 0.9796 -0.1290
vn 0.1538 0.9796 -0.1290
vn 0.6359 -0.7652 0.1007
vn 0.9677 -0.2501 0.0329
vn 0.6202 0.7777 -0.1024
vn 0.9634 0.2657 -0.0350
vn -0.9677 -0.2501 0.0329
vn -0.9634 0.2657 -0.0350
vn 0.9830 -0.1821 0.0240
vn 0.6891 -0.7184 0.0946
vn -0.6892 -0.7206 0.0757
vn -0.9830 -0.1827 0.0192
vn -0.6359 -0.7675 0.0807
vn -0.9634 0.2665 -0.0280
vn 0.9830 -0.1827 0.0192
vn 0.6892 -0.7206 0.0757
vn 0.6359 -0.7675 0.0807
vn 0.9634 0.2665 -0.0280
vn -0.9676 -0.2510 0.0264
vn 0.1538 0.9827 -0.1033
vn 0.6202 0.7801 -0.0820
vn 0.9676 -0.2510 0.0264
vn -0.6202 0.7801 -0.0820
vn -0.1538 0.9827 -0.1033
vn -0.6359 -0.7676 0.0807
vn -0.1538 0.9851 -0.0775
vn 0.1538 0.9851 -0.0775
vn 0.6359 -0.7694 0.0606
vn 0.9676 -0.2516 0.0198
vn 0.6202 0.7820 -0.0615
vn 0.9634 0.2672 -0.0210
vn -0.9676 -0.2516 0.0198
vn -0.6359 -0.7694 0.0606
vn -0.9634 0.2672 -0.0210
vn -0.6202 0.7820 -0.0615
vn 0.9830 -0.1832 0.0144
vn 0.6892 -0.7223 0.0568
vn 0.9830 -0.1831 0.0144
vn -0.9830 -0.1832 0.0144
vn -0.6892 -0.7223 0.0568
vn 0.6892 -0.7236 0.0379
vn 0.6358 -0.7708 0.0404
vn 0.9634 0.2677 -0.0140
vn 0.9830 -0.1835 0.0096
vn -0.9676 -0.2521 0.0132
vn 0.1538 0.9867 -0.0517
vn 0.6202 0.7834 -0.0411
vn 0.9676 -0.2521 0.0132
vn -0.9634 0.2677 -0.0140
vn -0.6202 0.7834 -0.0411
vn -0.6358 -0.7708 0.0404
vn -0.1538 0.9867 -0.0517
vn -0.6892 -0.7236 0.0379
vn -0.9830 -0.1835 0.0096
vn 0.6201 0.7842 -0.0205
vn 0.9634 0.2680 -0.0070
vn -0.9676 -0.2523 0.0066
vn -0.6359 -0.7715 0.0202
vn -0.9634 0.2680 -0.0070
vn -0.6201 0.7842 -0.0205
vn 0.9676 -0.2523 0.0066
vn 0.1538 0.9878 -0.0259
vn 0.9830 -0.1837 0.0048
vn 0.6891 -0.7244 0.0190
vn 0.6359 -0.7715 0.0202
vn -0.9830 -0.1837 0.0048
vn -0.6891 -0.7244 0.0190
vn -0.1538 0.9878 -0.0259
vn 0.0000 0.0000 -1.0000
vn 0.0000 1.0000 0.0000
vn 0.5000 0.0000 -0.8660
vn 0.5000 -0.0000 0.8660
vn -0.5000 -0.0000 0.8660
vn -0.5000 0.0000 -0.8660
vn 0.0000 -0.0262 -0.9997
vn 0.0000 0.0262 0.9997
vn 0.0000 -0.9997 0.0262
vn 0.0000 0.9997 -0.0262
vn 0.5000 -0.0227 -0.8657
vn 0.5000 0.0227 0.8657
vn -0.5000 0.0227 0.8657
vn -0.5000 -0.0227 -0.8657
vn 0.0000 -0.0523 -0.9986
vn 0.0000 0.0523 0.9986
vn 0.0000 -0.9986 0.0523
vn 0.0000 -0.9986 0.0525
vn 0.0000 0.9986 -0.0524
vn 0.5000 -0.0453 -0.8648
vn 0.5000 0.0453 0.8648
vn -0.5000 0.0453 0.8648
vn -0.5000 -0.0453 -0.8648
vn 0.0000 -0.0785 -0.9969
vn 0.0000 0.0785 0.9969
vn 0.0000 -0.9969 0.0784
vn 0.0000 0.0784 0.9969
vn -0.0000 -0.0784 -0.9969
vn 0.0000 -0.9969 0.0786
vn 0.0000 0.9969 -0.0785
vn 0.5000 -0.0679 -0.8634
vn 0.5000 0.0680 0.8634
vn -0.5000 0.0680 0.8634
vn -0.5000 -0.0679 -0.8634
vn 0.5000 -0.0680 -0.8634
vn 0.0000 -0.1045 -0.9945
vn 0.0000 0.1045 0.9945
vn 0.0000 -0.9945 0.1045
vn 0.0000 -0.1046 -0.9945
vn 0.0001 0.1045 0.9945
vn -0.0000 0.1046 0.9945
vn 0.0000 -0.9945 0.1048
vn 0.0000 0.9945 -0.1045
vn 0.5000 -0.0905 -0.8613
vn 0.5000 0.0905 0.8613
vn -0.5000 0.0905 0.8613
vn -0.5000 -0.0905 -0.8613
vn -0.0001 0.1045 0.9945
vn 0.0000 -0.1305 -0.9914
vn 0.0000 0.1305 0.9914
vn 0.0000 -0.9914 0.1305
vn 0.0000 -0.1306 -0.9914
vn 0.0001 0.1305 0.9914
vn 0.0001 -0.1305 -0.9914
vn -0.0001 0.1306 0.9914
vn 0.0000 -0.9914 0.1308
vn 0.0000 0.9914 -0.1305
vn 0.5000 -0.1130 -0.8586
vn 0.5000 0.1130 0.8586
vn -0.5000 0.1130 0.8586
vn -0.5000 -0.1130 -0.8586
vn -0.0001 -0.1305 -0.9914
vn -0.0001 0.1305 0.9914
vn 0.0001 0.1306 0.9914
vn 0.0000 0.1306 0.9914
vn 0.0000 -0.1564 -0.9877
vn 0.0000 0.1565 0.9877
vn 0.0000 -0.9877 0.1564
vn 0.0000 0.1564 0.9877
vn 0.0001 0.1564 0.9877
vn -0.0001 0.1565 0.9877
vn 0.0001 -0.1564 -0.9877
vn 0.0000 -0.9876 0.1568
vn 0.0000 0.9877 -0.1565
vn 0.5000 -0.1355 -0.8554
vn 0.5000 0.1355 0.8554
vn -0.5000 0.1355 0.8554
vn -0.5000 -0.1355 -0.8554
vn -0.0001 -0.1564 -0.9877
vn -0.0001 0.1564 0.9877
vn 0.0001 0.1565 0.9877
vn -0.5000 -0.1355 -0.8553
vn 0.5000 -0.1355 -0.8553
vn 0.0000 -0.1823 -0.9832
vn 0.0000 0.1823 0.9832
vn 0.0000 0.1822 0.9833
vn 0.0001 0.1822 0.9833
vn 0.0001 -0.1822 -0.9833
vn -0.0001 0.1823 0.9832
vn 0.0000 -0.9832 0.1826
vn -0.0000 0.9832 -0.1823
vn 0.5000 -0.1578 -0.8515
vn 0.5000 0.1578 0.8515
vn -0.5000 0.1578 0.8515
vn -0.5000 -0.1578 -0.8515
vn -0.0001 -0.1822 -0.9833
vn 0.0001 0.1823 0.9832
vn -0.0001 0.1822 0.9833
vn -0.1303 -0.9915 -0.0000
vn 0.1416 0.9899 0.0000
vn -0.9487 -0.3163 -0.0000
vn 0.9634 0.2679 0.0000
vn -0.5599 -0.8286 -0.0000
vn 0.6102 0.7923 0.0000
vn 0.1303 -0.9915 -0.0000
vn -0.1416 0.9899 0.0000
vn 0.9486 -0.3163 -0.0000
vn -0.9634 0.2679 0.0000
vn 0.5599 -0.8286 -0.0000
vn -0.6102 0.7923 0.0000
vn -0.9486 -0.3163 -0.0000
vn -0.1302 -0.9911 0.0260
vn 0.1416 0.9896 -0.0259
vn -0.9487 -0.3161 0.0083
vn 0.9635 0.2677 -0.0070
vn 0.9635 0.2678 -0.0070
vn -0.5599 -0.8283 0.0217
vn 0.6102 0.7920 -0.0208
vn 0.1302 -0.9911 0.0260
vn -0.1416 0.9896 -0.0259
vn 0.9487 -0.3161 0.0083
vn -0.9635 0.2678 -0.0070
vn 0.5599 -0.8283 0.0217
vn -0.6102 0.7920 -0.0208
vn -0.1302 -0.9901 0.0519
vn 0.1415 0.9886 -0.0519
vn -0.9487 -0.3158 0.0166
vn 0.9635 0.2675 -0.0140
vn -0.5599 -0.8274 0.0434
vn 0.6102 0.7912 -0.0415
vn 0.1302 -0.9901 0.0519
vn -0.1415 0.9886 -0.0519
vn 0.9487 -0.3158 0.0166
vn -0.9635 0.2675 -0.0140
vn 0.5599 -0.8274 0.0434
vn -0.6102 0.7912 -0.0415
vn 0.0000 -0.9969 0.0785
vn -0.1303 -0.9884 0.0778
vn 0.1415 0.9869 -0.0777
vn -0.9487 -0.3152 0.0248
vn 0.9635 0.2670 -0.0210
vn -0.5600 -0.8260 0.0650
vn 0.6102 0.7898 -0.0622
vn 0.1303 -0.9884 0.0778
vn -0.1415 0.9869 -0.0777
vn 0.9487 -0.3152 0.0248
vn -0.9635 0.2670 -0.0210
vn 0.5600 -0.8260 0.0650
vn -0.6102 0.7898 -0.0622
vn -0.1302 -0.9861 0.1036
vn 0.1415 0.9845 -0.1035
vn 0.0000 0.9945 -0.1046
vn -0.9487 -0.3144 0.0331
vn 0.9635 0.2664 -0.0280
vn -0.5599 -0.8240 0.0866
vn 0.6101 0.7880 -0.0829
vn 0.6101 0.7879 -0.0829
vn 0.1302 -0.9861 0.1036
vn -0.1415 0.9845 -0.1035
vn 0.9487 -0.3144 0.0331
vn -0.9635 0.2664 -0.0280
vn 0.5599 -0.8240 0.0866
vn -0.6101 0.7879 -0.0829
vn -0.6101 0.7880 -0.0829
vn -0.1302 -0.9830 0.1294
vn 0.1414 0.9815 -0.1293
vn 0.0000 0.9914 -0.1306
vn -0.9487 -0.3135 0.0413
vn 0.9635 0.2655 -0.0350
vn -0.5599 -0.8215 0.1082
vn 0.6101 0.7856 -0.1035
vn 0.1302 -0.9830 0.1294
vn -0.1414 0.9815 -0.1293
vn 0.9487 -0.3135 0.0413
vn -0.9635 0.2655 -0.0350
vn 0.5599 -0.8215 0.1082
vn -0.6101 0.7856 -0.1035
vn 0.9487 -0.3134 0.0413
vn -0.5599 -0.8214 0.1082
vn -0.1302 -0.9793 0.1551
vn 0.1414 0.9778 -0.1549
vn 0.0000 0.9877 -0.1564
vn -0.9487 -0.3123 0.0495
vn 0.9635 0.2645 -0.0419
vn -0.5599 -0.8183 0.1296
vn 0.6101 0.7826 -0.1240
vn 0.1302 -0.9793 0.1551
vn -0.1414 0.9778 -0.1549
vn 0.9487 -0.3123 0.0495
vn -0.9635 0.2645 -0.0419
vn 0.5599 -0.8183 0.1296
vn -0.6101 0.7826 -0.1240
vn 0.5599 -0.8184 0.1296
vn -0.1303 -0.9749 0.1807
vn 0.1413 0.9734 -0.1804
vn 0.0000 0.9833 -0.1822
vn -0.9487 -0.3108 0.0576
vn 0.9635 0.2633 -0.0488
vn -0.5600 -0.8146 0.1510
vn 0.6100 0.7791 -0.1444
vn 0.1303 -0.9749 0.1807
vn -0.1413 0.9734 -0.1804
vn 0.9487 -0.3108 0.0576
vn -0.9635 0.2633 -0.0488
vn 0.5600 -0.8146 0.1510
vn -0.6100 0.7791 -0.1444
vn -0.9487 -0.3109 0.0576
usemtl Material_UniTex_dif.png
s off
f 289/385/58 290/386/58 291/387/58 292/388/58
f 291/389/59 295/390/59 296/391/59 292/392/59
f 290/393/60 294/394/60 298/395/60 323/396/60 324/397/60 307/398/60 308/399/60 315/400/60 316/401/60 302/402/60 303/403/60 317/404/60 318/405/60 309/406/60 310/407/60 325/408/60 326/409/60 299/410/60 295/411/60 291/412/60
f 289/413/61 293/414/61 294/415/61 290/416/61
f 295/417/62 299/418/62 300/419/62 296/420/62
f 293/421/63 297/422/63 298/423/63 294/424/63
f 329/425/58 330/426/58 331/427/58 332/428/58
f 331/429/59 335/430/59 336/431/59 332/432/59
f 330/433/60 334/434/60 338/435/60 363/436/60 364/437/60 347/438/60 348/439/60 355/440/60 356/441/60 342/442/60 343/443/60 357/444/60 358/445/60 349/446/60 350/447/60 365/448/60 366/449/60 339/450/60 335/451/60 331/452/60
f 329/453/61 333/454/61 334/455/61 330/456/61
f 335/457/62 339/458/62 340/459/62 336/460/62
f 333/461/63 337/462/63 338/463/63 334/464/63
f 419/465/64 418/466/64 381/467/64 380/468/64
f 417/469/61 419/470/61 380/471/61 382/472/61
f 418/473/59 416/474/59 383/475/59 381/476/59
f 415/477/65 417/478/65 382/479/65 384/480/65
f 416/481/66 414/482/66 385/483/66 383/484/66
f 439/485/64 438/486/64 681/487/64 680/488/64
f 437/489/61 439/490/61 680/491/61 682/492/61
f 438/493/59 436/494/59 683/495/59 681/496/59
f 435/497/65 437/498/65 682/499/65 684/500/65
f 680/501/67 681/502/67 683/503/67 685/504/67 378/505/67 379/506/67 370/507/67 371/508/67 374/509/67 375/510/67 687/511/67 686/512/67 372/513/67 373/514/67 688/515/67 369/516/67 376/517/67 377/518/67 684/519/67 682/520/67
f 380/521/67 381/522/67 383/523/67 385/524/67 398/525/67 399/526/67 390/527/67 391/528/67 394/529/67 395/530/67 387/531/67 386/532/67 392/533/67 393/534/67 388/535/67 389/536/67 396/537/67 397/538/67 384/539/67 382/540/67
f 460/541/68 461/542/68 418/466/68 419/465/68
f 443/543/69 445/544/69 434/545/69 436/546/69
f 444/547/70 442/548/70 437/498/70 435/497/70
f 441/549/59 443/550/59 436/494/59 438/493/59
f 442/551/61 440/552/61 439/490/61 437/489/61
f 440/553/68 441/554/68 438/486/68 439/485/68
f 463/555/69 465/556/69 414/482/69 416/481/69
f 464/557/70 462/558/70 417/478/70 415/477/70
f 461/559/59 463/560/59 416/474/59 418/473/59
f 436/546/66 434/545/66 685/561/66 683/562/66
f 499/563/71 498/564/71 461/542/71 460/541/71
f 497/565/61 499/566/61 460/567/61 462/568/61
f 498/569/59 496/570/59 463/560/59 461/559/59
f 495/571/72 497/572/72 462/558/72 464/557/72
f 496/573/73 494/574/73 465/556/73 463/555/73
f 519/575/71 518/576/71 441/554/71 440/553/71
f 517/577/61 519/578/61 440/552/61 442/551/61
f 518/579/59 516/580/59 443/550/59 441/549/59
f 515/581/72 517/582/72 442/548/72 444/547/72
f 516/583/73 514/584/73 445/544/73 443/543/73
f 462/568/61 460/567/61 419/470/61 417/469/61
f 523/585/74 525/586/74 514/584/74 516/583/74
f 524/587/75 522/588/75 517/582/75 515/581/75
f 521/589/59 523/590/59 516/580/59 518/579/59
f 522/591/61 520/592/61 519/578/61 517/577/61
f 520/593/76 521/594/76 518/576/76 519/575/76
f 543/595/74 545/596/74 494/574/74 496/573/74
f 544/597/75 542/598/75 497/572/75 495/571/75
f 541/599/59 543/600/59 496/570/59 498/569/59
f 542/601/61 540/602/61 499/566/61 497/565/61
f 577/603/61 579/604/61 540/602/61 542/601/61
f 578/605/59 576/606/59 543/600/59 541/599/59
f 575/607/77 577/608/77 542/598/77 544/597/77
f 576/609/78 574/610/78 545/596/78 543/595/78
f 599/611/79 598/612/79 521/594/79 520/593/79
f 597/613/61 599/614/61 520/592/61 522/591/61
f 598/615/59 596/616/59 523/590/59 521/589/59
f 595/617/77 597/618/77 522/588/77 524/587/77
f 596/619/78 594/620/78 525/586/78 523/585/78
f 540/621/76 541/622/76 498/564/76 499/563/76
f 603/623/80 605/624/80 594/620/80 596/619/80
f 604/625/81 602/626/81 597/618/81 595/617/81
f 601/627/59 603/628/59 596/616/59 598/615/59
f 602/629/61 600/630/61 599/614/61 597/613/61
f 600/631/82 601/632/82 598/612/82 599/611/82
f 623/633/80 625/634/80 574/610/80 576/609/80
f 624/635/81 622/636/81 577/608/81 575/607/81
f 621/637/59 623/638/59 576/606/59 578/605/59
f 622/639/61 620/640/61 579/604/61 577/603/61
f 620/641/82 621/642/82 578/643/82 579/644/82
f 579/644/79 578/643/79 541/622/79 540/621/79
f 658/645/59 656/646/59 623/638/59 621/637/59
f 655/647/83 657/648/83 622/636/83 624/635/83
f 656/649/84 654/650/84 625/634/84 623/633/84
f 679/651/85 678/652/85 601/632/85 600/631/85
f 677/653/61 679/654/61 600/630/61 602/629/61
f 678/655/59 676/656/59 603/628/59 601/627/59
f 675/657/83 677/658/83 602/626/83 604/625/83
f 676/659/84 674/660/84 605/624/84 603/623/84
f 659/661/85 658/662/85 621/642/85 620/641/85
f 332/432/59 336/431/59 656/646/59 658/645/59
f 296/420/86 300/419/86 674/660/86 676/659/86
f 333/454/61 329/453/61 659/663/61 657/664/61
f 297/422/87 293/421/87 677/658/87 675/657/87
f 329/425/88 332/428/88 658/662/88 659/661/88
f 292/392/59 296/391/59 676/656/59 678/655/59
f 336/460/86 340/459/86 654/650/86 656/649/86
f 293/414/61 289/413/61 679/654/61 677/653/61
f 337/462/87 333/461/87 657/648/87 655/647/87
f 657/664/61 659/663/61 620/640/61 622/639/61
f 289/385/88 292/388/88 678/652/88 679/651/88
s 1
f 303/665/89 304/666/90 320/667/91 317/668/92
f 301/669/93 304/670/90 303/671/89 302/672/94
f 297/673/61 322/674/95 323/675/96 298/676/61
f 325/677/97 310/678/98 311/679/99 328/680/100
f 299/681/59 326/682/101 327/683/102 300/684/59
f 321/685/103 306/686/104 307/687/105 324/688/106
f 305/689/107 314/690/108 315/691/109 308/692/110
f 309/693/111 318/694/112 319/695/113 312/696/114
f 309/693/111 312/696/114 311/697/99 310/698/98
f 305/689/107 308/692/110 307/699/105 306/700/104
f 315/691/109 314/690/108 313/701/115 316/702/116
f 319/695/113 318/694/112 317/703/92 320/704/91
f 301/705/93 302/706/94 316/707/116 313/708/115
f 321/709/103 324/710/106 323/675/96 322/674/95
f 325/711/97 328/712/100 327/683/102 326/682/101
f 343/713/89 344/714/90 360/715/91 357/716/92
f 341/717/93 344/718/90 343/719/89 342/720/94
f 337/721/61 362/722/95 363/723/96 338/724/61
f 365/725/97 350/726/98 351/727/99 368/728/100
f 339/729/59 366/730/101 367/731/102 340/732/59
f 361/733/103 346/734/104 347/735/105 364/736/106
f 345/737/107 354/738/108 355/739/117 348/740/110
f 349/741/111 358/742/118 359/743/113 352/744/114
f 349/741/111 352/744/114 351/745/99 350/746/98
f 345/737/107 348/740/110 347/747/105 346/748/104
f 355/739/117 354/738/108 353/749/115 356/750/116
f 359/743/113 358/742/118 357/751/92 360/752/91
f 341/753/93 342/754/94 356/755/116 353/756/115
f 361/757/103 364/758/106 363/723/96 362/722/95
f 365/759/97 368/760/100 367/731/102 366/730/101
f 430/761/119 423/762/120 376/763/121 369/764/122
f 431/765/123 430/766/119 369/767/122 688/768/124
f 408/769/125 405/770/126 394/771/127 391/772/128
f 420/773/129 429/774/130 370/775/131 379/776/132
f 429/777/130 428/778/125 371/779/128 370/780/131
f 404/781/133 412/782/134 387/783/135 395/784/136
f 432/785/134 433/786/137 686/787/138 687/788/135
f 403/789/120 402/790/139 397/791/140 396/792/121
f 427/793/141 426/794/142 373/795/143 372/796/144
f 401/797/145 400/798/129 399/799/132 398/800/146
f 425/801/126 424/802/133 375/803/136 374/804/147
f 402/790/139 415/805/61 384/806/61 397/791/140
f 433/807/137 427/808/141 372/809/144 686/810/138
f 414/811/59 401/797/145 398/800/146 385/812/59
f 426/794/142 431/765/123 688/768/124 373/795/143
f 410/813/119 403/814/120 396/815/121 389/816/122
f 411/817/123 410/818/119 389/819/122 388/820/124
f 428/778/125 425/801/126 374/804/147 371/779/128
f 400/821/129 409/822/130 390/823/131 399/824/132
f 409/825/130 408/769/125 391/772/128 390/826/131
f 424/827/133 432/828/134 687/829/135 375/830/136
f 412/831/134 413/832/137 386/833/138 387/834/135
f 423/835/120 422/836/139 377/837/140 376/838/121
f 407/839/141 406/840/142 393/841/143 392/842/144
f 421/843/145 420/844/129 379/845/132 378/846/146
f 405/770/126 404/847/133 395/848/136 394/771/127
f 422/836/139 435/849/61 684/850/61 377/837/140
f 413/851/137 407/852/141 392/853/144 386/854/138
f 434/855/59 421/843/145 378/846/146 685/856/59
f 476/857/148 477/858/149 402/790/139 403/789/120
f 447/859/150 446/860/151 433/786/137 432/785/134
f 475/861/152 467/862/150 412/782/134 404/781/133
f 450/863/153 451/864/154 428/778/125 429/777/130
f 459/865/155 450/866/153 429/774/130 420/773/129
f 471/867/154 474/868/156 405/770/126 408/769/125
f 448/869/157 449/870/158 430/766/119 431/765/123
f 449/871/158 456/872/148 423/762/120 430/761/119
f 473/873/159 468/874/157 411/817/123 406/840/142
f 445/875/59 458/876/160 421/843/145 434/855/59
f 466/877/151 472/878/161 407/852/141 413/851/137
f 457/879/149 444/880/61 435/849/61 422/836/139
f 474/868/156 475/881/152 404/847/133 405/770/126
f 458/876/160 459/882/155 420/844/129 421/843/145
f 472/883/161 473/873/159 406/840/142 407/839/141
f 456/884/148 457/879/149 422/836/139 423/835/120
f 467/885/150 466/886/151 413/832/137 412/831/134
f 455/887/152 447/888/150 432/828/134 424/827/133
f 470/889/153 471/867/154 408/769/125 409/825/130
f 479/890/155 470/891/153 409/822/130 400/821/129
f 451/864/154 454/892/156 425/801/126 428/778/125
f 468/874/157 469/893/158 410/818/119 411/817/123
f 469/894/158 476/895/148 403/814/120 410/813/119
f 453/896/159 448/869/157 431/765/123 426/794/142
f 465/897/59 478/898/160 401/797/145 414/811/59
f 446/899/151 452/900/161 427/808/141 433/807/137
f 477/858/149 464/901/61 415/805/61 402/790/139
f 454/892/156 455/902/152 424/802/133 425/801/126
f 478/898/160 479/903/155 400/798/129 401/797/145
f 406/840/142 411/817/123 388/820/124 393/841/143
f 500/904/162 509/905/163 450/866/153 459/865/155
f 509/906/163 508/907/164 451/864/154 450/863/153
f 484/908/165 492/909/166 467/862/150 475/861/152
f 512/910/166 513/911/167 446/860/151 447/859/150
f 483/912/168 482/913/169 477/858/149 476/857/148
f 507/914/170 506/915/171 453/896/159 452/916/161
f 481/917/172 480/918/162 479/903/155 478/898/160
f 505/919/173 504/920/165 455/902/152 454/892/156
f 482/913/169 495/921/61 464/901/61 477/858/149
f 513/922/167 507/923/170 452/900/161 446/899/151
f 494/924/59 481/917/172 478/898/160 465/897/59
f 506/915/171 511/925/174 448/869/157 453/896/159
f 490/926/175 483/927/168 476/895/148 469/894/158
f 491/928/174 490/929/175 469/893/158 468/874/157
f 508/907/164 505/919/173 454/892/156 451/864/154
f 480/930/162 489/931/163 470/891/153 479/890/155
f 489/932/163 488/933/164 471/867/154 470/889/153
f 504/934/165 512/935/166 447/888/150 455/887/152
f 492/936/166 493/937/167 466/886/151 467/885/150
f 503/938/168 502/939/169 457/879/149 456/884/148
f 487/940/170 486/941/171 473/873/159 472/883/161
f 501/942/172 500/943/162 459/882/155 458/876/160
f 485/944/173 484/945/165 475/881/152 474/868/156
f 502/939/169 515/946/61 444/880/61 457/879/149
f 493/947/167 487/948/170 472/878/161 466/877/151
f 514/949/59 501/942/172 458/876/160 445/875/59
f 486/941/171 491/928/174 468/874/157 473/873/159
f 510/950/175 503/951/168 456/872/148 449/871/158
f 452/916/161 453/896/159 426/794/142 427/793/141
f 530/952/176 531/953/177 508/907/164 509/906/163
f 539/954/178 530/955/176 509/905/163 500/904/162
f 551/956/177 554/957/179 485/944/173 488/933/164
f 528/958/180 529/959/181 510/960/175 511/925/174
f 529/961/181 536/962/182 503/951/168 510/950/175
f 553/963/183 548/964/180 491/928/174 486/941/171
f 525/965/59 538/966/184 501/942/172 514/949/59
f 546/967/185 552/968/186 487/948/170 493/947/167
f 537/969/187 524/970/61 515/946/61 502/939/169
f 554/957/179 555/971/188 484/945/165 485/944/173
f 538/966/184 539/972/178 500/943/162 501/942/172
f 552/973/186 553/963/183 486/941/171 487/940/170
f 536/974/182 537/969/187 502/939/169 503/938/168
f 547/975/189 546/976/185 493/937/167 492/936/166
f 535/977/188 527/978/189 512/935/166 504/934/165
f 550/979/176 551/956/177 488/933/164 489/932/163
f 559/980/190 550/981/176 489/931/163 480/930/162
f 531/953/177 534/982/179 505/919/173 508/907/164
f 548/964/180 549/983/181 490/929/175 491/928/174
f 549/984/181 556/985/182 483/927/168 490/926/175
f 533/986/183 528/958/180 511/925/174 506/915/171
f 545/987/59 558/988/184 481/917/172 494/924/59
f 526/989/185 532/990/186 507/923/170 513/922/167
f 557/991/187 544/992/61 495/921/61 482/913/169
f 534/982/179 535/993/188 504/920/165 505/919/173
f 558/988/184 559/994/190 480/918/162 481/917/172
f 532/995/186 533/986/183 506/915/171 507/914/170
f 556/996/182 557/991/187 482/913/169 483/912/168
f 527/997/189 526/998/185 513/911/167 512/910/166
f 511/925/174 510/960/175 449/870/158 448/869/157
f 488/933/164 485/944/173 474/868/156 471/867/154
f 592/999/191 593/1000/192 526/998/185 527/997/189
f 563/1001/193 562/1002/194 557/991/187 556/996/182
f 587/1003/195 586/1004/196 533/986/183 532/995/186
f 561/1005/197 560/1006/198 559/994/190 558/988/184
f 585/1007/199 584/1008/200 535/993/188 534/982/179
f 562/1002/194 575/1009/61 544/992/61 557/991/187
f 593/1010/192 587/1011/195 532/990/186 526/989/185
f 574/1012/59 561/1005/197 558/988/184 545/987/59
f 586/1004/196 591/1013/201 528/958/180 533/986/183
f 570/1014/202 563/1015/193 556/985/182 549/984/181
f 571/1016/203 570/1017/202 549/983/181 548/964/180
f 588/1018/204 585/1007/199 534/982/179 531/953/177
f 560/1019/198 569/1020/205 550/981/176 559/980/190
f 569/1021/205 568/1022/204 551/956/177 550/979/176
f 584/1023/200 592/1024/191 527/978/189 535/977/188
f 572/1025/191 573/1026/192 546/976/185 547/975/189
f 583/1027/193 582/1028/194 537/969/187 536/974/182
f 567/1029/195 566/1030/196 553/963/183 552/973/186
f 581/1031/197 580/1032/198 539/972/178 538/966/184
f 565/1033/199 564/1034/200 555/971/188 554/957/179
f 582/1028/194 595/1035/61 524/970/61 537/969/187
f 573/1036/192 567/1037/195 552/968/186 546/967/185
f 594/1038/59 581/1031/197 538/966/184 525/965/59
f 566/1030/196 571/1016/203 548/964/180 553/963/183
f 590/1039/202 583/1040/193 536/962/182 529/961/181
f 591/1013/201 590/1041/202 529/959/181 528/958/180
f 568/1022/204 565/1033/199 554/957/179 551/956/177
f 580/1042/198 589/1043/205 530/955/176 539/954/178
f 589/1044/205 588/1018/204 531/953/177 530/952/176
f 555/1045/188 547/1046/189 492/909/166 484/908/165
f 609/1047/206 616/1048/207 583/1040/193 590/1039/202
f 633/1049/208 628/1050/209 571/1016/203 566/1030/196
f 605/1051/59 618/1052/210 581/1031/197 594/1038/59
f 626/1053/211 632/1054/212 567/1037/195 573/1036/192
f 617/1055/213 604/1056/61 595/1035/61 582/1028/194
f 634/1057/214 635/1058/215 564/1034/200 565/1033/199
f 618/1052/210 619/1059/216 580/1032/198 581/1031/197
f 632/1060/212 633/1049/208 566/1030/196 567/1029/195
f 616/1061/207 617/1055/213 582/1028/194 583/1027/193
f 627/1062/217 626/1063/211 573/1026/192 572/1025/191
f 615/1064/215 607/1065/217 592/1024/191 584/1023/200
f 630/1066/218 631/1067/219 568/1022/204 569/1021/205
f 639/1068/216 630/1069/218 569/1020/205 560/1019/198
f 611/1070/219 614/1071/214 585/1007/199 588/1018/204
f 628/1050/209 629/1072/206 570/1017/202 571/1016/203
f 629/1073/206 636/1074/207 563/1015/193 570/1014/202
f 613/1075/208 608/1076/209 591/1013/201 586/1004/196
f 625/1077/59 638/1078/210 561/1005/197 574/1012/59
f 606/1079/211 612/1080/212 587/1011/195 593/1010/192
f 637/1081/213 624/1082/61 575/1009/61 562/1002/194
f 614/1071/214 615/1083/215 584/1008/200 585/1007/199
f 638/1078/210 639/1084/216 560/1006/198 561/1005/197
f 612/1085/212 613/1075/208 586/1004/196 587/1003/195
f 636/1086/207 637/1081/213 562/1002/194 563/1001/193
f 607/1087/217 606/1088/211 593/1000/192 592/999/191
f 635/1089/215 627/1090/217 572/1091/191 564/1092/200
f 610/1093/218 611/1070/219 588/1018/204 589/1044/205
f 619/1094/216 610/1095/218 589/1043/205 580/1042/198
f 564/1092/200 572/1091/191 547/1046/189 555/1045/188
f 667/1096/220 666/1097/221 613/1075/208 612/1085/212
f 641/1098/222 640/1099/223 639/1084/216 638/1078/210
f 665/1100/224 664/1101/225 615/1083/215 614/1071/214
f 642/1102/226 655/1103/61 624/1082/61 637/1081/213
f 673/1104/227 667/1105/220 612/1080/212 606/1079/211
f 654/1106/59 641/1098/222 638/1078/210 625/1077/59
f 666/1097/221 671/1107/228 608/1076/209 613/1075/208
f 650/1108/229 643/1109/230 636/1074/207 629/1073/206
f 651/1110/228 650/1111/229 629/1072/206 628/1050/209
f 668/1112/231 665/1100/224 614/1071/214 611/1070/219
f 640/1113/223 649/1114/232 630/1069/218 639/1068/216
f 649/1115/232 648/1116/231 631/1067/219 630/1066/218
f 664/1117/225 672/1118/233 607/1065/217 615/1064/215
f 652/1119/233 653/1120/227 626/1063/211 627/1062/217
f 663/1121/230 662/1122/226 617/1055/213 616/1061/207
f 647/1123/220 646/1124/221 633/1049/208 632/1060/212
f 661/1125/222 660/1126/223 619/1059/216 618/1052/210
f 645/1127/224 644/1128/225 635/1058/215 634/1057/214
f 662/1122/226 675/1129/61 604/1056/61 617/1055/213
f 653/1130/227 647/1131/220 632/1054/212 626/1053/211
f 674/1132/59 661/1125/222 618/1052/210 605/1051/59
f 646/1124/221 651/1110/228 628/1050/209 633/1049/208
f 670/1133/229 663/1134/230 616/1048/207 609/1047/206
f 671/1107/228 670/1135/229 609/1136/206 608/1076/209
f 648/1116/231 645/1127/224 634/1057/214 631/1067/219
f 660/1137/223 669/1138/232 610/1095/218 619/1094/216
f 669/1139/232 668/1112/231 611/1070/219 610/1093/218
f 644/1140/225 652/1141/233 627/1090/217 635/1089/215
f 672/1142/233 673/1143/227 606/1088/211 607/1087/217
f 631/1067/219 634/1057/214 565/1033/199 568/1022/204
f 608/1076/209 609/1136/206 590/1041/202 591/1013/201
f 312/696/114 319/695/113 665/1100/224 668/1112/231
f 367/731/102 368/760/100 640/1099/223 641/1098/222
f 300/684/59 327/683/102 661/1125/222 674/1132/59
f 304/670/90 301/669/93 673/1143/227 672/1142/233
f 351/745/99 352/744/114 648/1116/231 649/1115/232
f 322/674/95 297/673/61 675/1129/61 662/1122/226
f 359/743/113 360/752/91 644/1128/225 645/1127/224
f 314/690/108 305/689/107 671/1107/228 666/1097/221
f 361/757/103 362/722/95 642/1102/226 643/1144/230
f 353/749/115 354/738/108 646/1124/221 647/1123/220
f 301/705/93 313/708/115 667/1105/220 673/1104/227
f 345/737/107 346/748/104 650/1111/229 651/1110/228
f 368/728/100 351/727/99 649/1114/232 640/1113/223
f 346/734/104 361/733/103 643/1109/230 650/1108/229
f 360/715/91 344/714/90 652/1141/233 644/1140/225
f 327/683/102 328/712/100 660/1126/223 661/1125/222
f 352/744/114 359/743/113 645/1127/224 648/1116/231
f 340/732/59 367/731/102 641/1098/222 654/1106/59
f 311/697/99 312/696/114 668/1112/231 669/1139/232
f 344/718/90 341/717/93 653/1120/227 652/1119/233
f 319/695/113 320/704/91 664/1101/225 665/1100/224
f 362/722/95 337/721/61 655/1103/61 642/1102/226
f 354/738/108 345/737/107 651/1110/228 646/1124/221
f 321/709/103 322/674/95 662/1122/226 663/1121/230
f 313/701/115 314/690/108 666/1097/221 667/1096/220
f 305/689/107 306/700/104 670/1135/229 671/1107/228
f 328/680/100 311/679/99 669/1138/232 660/1137/223
f 341/753/93 353/756/115 647/1131/220 653/1130/227
f 306/686/104 321/685/103 663/1134/230 670/1133/229
f 643/1144/230 642/1102/226 637/1081/213 636/1086/207
f 320/667/91 304/666/90 672/1118/233 664/1117/225
usemtl Material_UniTex_dif.png_UniTex_dif.png.001
s off
f 161/1145/59 162/1146/59 163/1147/59 164/1148/59
f 164/1149/234 163/1150/234 165/1151/234 166/1152/234
f 167/1153/60 168/1154/60 162/1155/60 161/1156/60
f 169/1157/58 170/1158/58 171/1159/58 172/1160/58
f 173/1161/234 174/1162/234 170/1163/234 169/1164/234
f 175/1165/60 176/1166/60 172/1167/60 171/1168/60
f 177/1169/60 176/1166/60 175/1165/60 178/1170/60
f 179/1171/234 174/1162/234 173/1161/234 180/1172/234
f 167/1153/60 177/1169/60 178/1170/60 168/1154/60
f 165/1151/234 179/1171/234 180/1172/234 166/1152/234
f 181/1173/58 182/1174/58 183/1175/58 184/1176/58 185/1177/58 186/1178/58
f 187/1179/235 188/1180/235 189/1181/235 190/1182/235 191/1183/235 192/1184/235
f 183/1185/236 182/1186/236 192/1187/236 191/1188/236
f 185/1189/237 184/1190/237 190/1191/237 189/1192/237
f 181/1193/59 186/1194/59 188/1195/59 187/1196/59
f 184/1197/61 183/1185/61 191/1188/61 190/1198/61
f 186/1194/238 185/1189/238 189/1192/238 188/1195/238
f 182/1186/239 181/1199/239 187/1200/239 192/1187/239
f 193/1201/61 194/1202/61 195/1203/61 196/1204/61
f 196/1205/60 195/1206/60 197/1207/60 198/1208/60
f 199/1209/234 200/1210/234 194/1211/234 193/1212/234
f 201/1213/58 202/1214/58 203/1215/58 204/1216/58
f 205/1217/60 206/1218/60 202/1219/60 201/1220/60
f 207/1221/234 208/1222/234 204/1223/234 203/1224/234
f 209/1225/234 208/1222/234 207/1221/234 210/1226/234
f 211/1227/60 206/1218/60 205/1217/60 212/1228/60
f 199/1209/234 209/1225/234 210/1226/234 200/1210/234
f 197/1207/60 211/1227/60 212/1228/60 198/1208/60
f 213/1229/58 214/1230/58 215/1231/58 216/1232/58 217/1233/58 218/1234/58
f 219/1235/235 220/1236/235 221/1237/235 222/1238/235 223/1239/235 224/1240/235
f 215/1241/238 214/1242/238 224/1243/238 223/1244/238
f 217/1245/239 216/1246/239 222/1247/239 221/1248/239
f 213/1249/61 218/1250/61 220/1251/61 219/1252/61
f 216/1253/59 215/1241/59 223/1244/59 222/1254/59
f 218/1250/236 217/1245/236 221/1248/236 220/1251/236
f 214/1242/237 213/1255/237 219/1256/237 224/1243/237
f 225/1257/61 226/1258/61 227/1259/61 228/1260/61
f 226/1261/234 229/1262/234 230/1263/234 227/1264/234
f 231/1265/60 225/1266/60 228/1267/60 232/1268/60
f 233/1269/58 234/1270/58 235/1271/58 236/1272/58
f 237/1273/234 233/1274/234 236/1275/234 238/1276/234
f 239/1277/60 235/1278/60 234/1279/60 240/1280/60
f 241/1281/60 242/1282/60 239/1277/60 240/1280/60
f 243/1283/234 244/1284/234 237/1273/234 238/1276/234
f 231/1265/60 232/1268/60 242/1282/60 241/1281/60
f 230/1263/234 229/1262/234 244/1284/234 243/1283/234
f 245/1285/58 246/1286/58 247/1287/58 248/1288/58 249/1289/58 250/1290/58
f 251/1291/235 252/1292/235 253/1293/235 254/1294/235 255/1295/235 256/1296/235
f 249/1297/239 253/1298/239 252/1299/239 250/1300/239
f 247/1301/238 255/1302/238 254/1303/238 248/1304/238
f 245/1305/61 251/1306/61 256/1307/61 246/1308/61
f 248/1304/59 254/1303/59 253/1309/59 249/1310/59
f 246/1311/237 256/1312/237 255/1302/237 247/1301/237
f 250/1300/236 252/1299/236 251/1306/236 245/1305/236
f 257/1313/59 258/1314/59 259/1315/59 260/1316/59
f 258/1317/60 261/1318/60 262/1319/60 259/1320/60
f 263/1321/234 257/1322/234 260/1323/234 264/1324/234
f 265/1325/58 266/1326/58 267/1327/58 268/1328/58
f 269/1329/60 265/1330/60 268/1331/60 270/1332/60
f 271/1333/234 267/1334/234 266/1335/234 272/1336/234
f 273/1337/234 274/1338/234 271/1333/234 272/1336/234
f 275/1339/60 276/1340/60 269/1329/60 270/1332/60
f 263/1321/234 264/1324/234 274/1338/234 273/1337/234
f 262/1319/60 261/1318/60 276/1340/60 275/1339/60
f 277/1341/58 278/1342/58 279/1343/58 280/1344/58 281/1345/58 282/1346/58
f 283/1347/235 284/1348/235 285/1349/235 286/1350/235 287/1351/235 288/1352/235
f 281/1353/237 285/1354/237 284/1355/237 282/1356/237
f 279/1357/236 287/1358/236 286/1359/236 280/1360/236
f 277/1361/59 283/1362/59 288/1363/59 278/1364/59
f 280/1360/61 286/1359/61 285/1365/61 281/1366/61
f 278/1367/239 288/1368/239 287/1358/239 279/1357/239
f 282/1356/238 284/1355/238 283/1362/238 277/1361/238
f 689/1369/59 690/1370/59 691/1371/59 692/1372/59
f 692/1373/240 691/1374/240 693/1375/240 694/1376/240
f 695/1377/241 696/1378/241 690/1379/241 689/1380/241
f 697/1381/242 698/1382/242 699/1383/242 700/1384/242
f 701/1385/240 702/1386/240 698/1387/240 697/1388/240
f 703/1389/241 704/1390/241 700/1391/241 699/1392/241
f 705/1393/241 704/1390/241 703/1389/241 706/1394/241
f 707/1395/240 702/1386/240 701/1385/240 708/1396/240
f 695/1377/241 705/1393/241 706/1394/241 696/1378/241
f 693/1375/240 707/1395/240 708/1396/240 694/1376/240
f 709/1397/242 710/1398/242 711/1399/242 712/1400/242 713/1401/242 714/1402/242
f 715/1403/243 716/1404/243 717/1405/243 718/1406/243 719/1407/243 720/1408/243
f 711/1409/244 710/1410/244 720/1411/244 719/1412/244
f 713/1413/245 712/1414/245 718/1415/245 717/1416/245
f 709/1417/59 714/1418/59 716/1419/59 715/1420/59
f 712/1421/61 711/1409/61 719/1412/61 718/1422/61
f 714/1418/246 713/1413/246 717/1416/246 716/1419/246
f 710/1410/247 709/1423/247 715/1424/247 720/1411/247
f 721/1425/61 722/1426/61 723/1427/61 724/1428/61
f 724/1429/241 723/1430/241 725/1431/241 726/1432/241
f 727/1433/240 728/1434/240 722/1435/240 721/1436/240
f 729/1437/242 730/1438/242 731/1439/242 732/1440/242
f 733/1441/241 734/1442/241 730/1443/241 729/1444/241
f 735/1445/240 736/1446/240 732/1447/240 731/1448/240
f 737/1449/240 736/1446/240 735/1445/240 738/1450/240
f 739/1451/241 734/1442/241 733/1441/241 740/1452/241
f 727/1433/240 737/1449/240 738/1450/240 728/1434/240
f 725/1431/241 739/1451/241 740/1452/241 726/1432/241
f 741/1453/242 742/1454/242 743/1455/242 744/1456/242 745/1457/242 746/1458/242
f 747/1459/243 748/1460/243 749/1461/243 750/1462/243 751/1463/243 752/1464/243
f 743/1465/246 742/1466/246 752/1467/246 751/1468/246
f 745/1469/247 744/1470/247 750/1471/247 749/1472/247
f 741/1473/61 746/1474/61 748/1475/61 747/1476/61
f 744/1477/59 743/1465/59 751/1468/59 750/1478/59
f 746/1474/244 745/1469/244 749/1472/244 748/1475/244
f 742/1466/245 741/1479/245 747/1480/245 752/1467/245
f 753/1481/61 754/1482/61 755/1483/61 756/1484/61
f 754/1485/240 757/1486/240 758/1487/240 755/1488/240
f 759/1489/241 753/1490/241 756/1491/241 760/1492/241
f 761/1493/242 762/1494/242 763/1495/242 764/1496/242
f 765/1497/240 761/1498/240 764/1499/240 766/1500/240
f 767/1501/241 763/1502/241 762/1503/241 768/1504/241
f 769/1505/241 770/1506/241 767/1501/241 768/1504/241
f 771/1507/240 772/1508/240 765/1497/240 766/1500/240
f 759/1489/241 760/1492/241 770/1506/241 769/1505/241
f 758/1487/240 757/1486/240 772/1508/240 771/1507/240
f 773/1509/242 774/1510/242 775/1511/242 776/1512/242 777/1513/242 778/1514/242
f 779/1515/243 780/1516/243 781/1517/243 782/1518/243 783/1519/243 784/1520/243
f 777/1521/247 781/1522/247 780/1523/247 778/1524/247
f 775/1525/246 783/1526/246 782/1527/246 776/1528/246
f 773/1529/61 779/1530/61 784/1531/61 774/1532/61
f 776/1528/59 782/1527/59 781/1533/59 777/1534/59
f 774/1535/245 784/1536/245 783/1526/245 775/1525/245
f 778/1524/244 780/1523/244 779/1530/244 773/1529/244
f 785/1537/59 786/1538/59 787/1539/59 788/1540/59
f 786/1541/241 789/1542/241 790/1543/241 787/1544/241
f 791/1545/240 785/1546/240 788/1547/240 792/1548/240
f 793/1549/242 794/1550/242 795/1551/242 796/1552/242
f 797/1553/241 793/1554/241 796/1555/241 798/1556/241
f 799/1557/240 795/1558/240 794/1559/240 800/1560/240
f 801/1561/240 802/1562/240 799/1557/240 800/1560/240
f 803/1563/241 804/1564/241 797/1553/241 798/1556/241
f 791/1545/240 792/1548/240 802/1562/240 801/1561/240
f 790/1543/241 789/1542/241 804/1564/241 803/1563/241
f 805/1565/242 806/1566/242 807/1567/242 808/1568/242 809/1569/242 810/1570/242
f 811/1571/243 812/1572/243 813/1573/243 814/1574/243 815/1575/243 816/1576/243
f 809/1577/245 813/1578/245 812/1579/245 810/1580/245
f 807/1581/244 815/1582/244 814/1583/244 808/1584/244
f 805/1585/59 811/1586/59 816/1587/59 806/1588/59
f 808/1584/61 814/1583/61 813/1589/61 809/1590/61
f 806/1591/247 816/1592/247 815/1582/247 807/1581/247
f 810/1580/246 812/1579/246 811/1586/246 805/1585/246
f 817/1593/59 818/1594/59 819/1595/59 820/1596/59
f 820/1597/248 819/1598/248 821/1599/248 822/1600/248
f 823/1601/249 824/1602/249 818/1603/249 817/1604/249
f 825/1605/250 826/1606/250 827/1607/250 828/1608/250
f 829/1609/248 830/1610/248 826/1611/248 825/1612/248
f 831/1613/249 832/1614/249 828/1615/249 827/1616/249
f 833/1617/249 832/1614/249 831/1613/249 834/1618/249
f 835/1619/248 830/1610/248 829/1609/248 836/1620/248
f 823/1601/249 833/1617/249 834/1618/249 824/1602/249
f 821/1599/248 835/1619/248 836/1620/248 822/1600/248
f 837/1621/251 838/1622/251 839/1623/251 840/1624/251 841/1625/251 842/1626/251
f 843/1627/252 844/1628/252 845/1629/252 846/1630/252 847/1631/252 848/1632/252
f 839/1633/253 838/1634/253 848/1635/253 847/1636/253
f 841/1637/254 840/1638/254 846/1639/254 845/1640/254
f 837/1641/59 842/1642/59 844/1643/59 843/1644/59
f 840/1645/61 839/1633/61 847/1636/61 846/1646/61
f 842/1642/255 841/1637/255 845/1640/255 844/1643/255
f 838/1634/256 837/1647/256 843/1648/256 848/1635/256
f 849/1649/61 850/1650/61 851/1651/61 852/1652/61
f 852/1653/249 851/1654/249 853/1655/249 854/1656/249
f 855/1657/248 856/1658/248 850/1659/248 849/1660/248
f 857/1661/250 858/1662/250 859/1663/250 860/1664/250
f 861/1665/249 862/1666/249 858/1667/249 857/1668/249
f 863/1669/248 864/1670/248 860/1671/248 859/1672/248
f 865/1673/248 864/1670/248 863/1669/248 866/1674/248
f 867/1675/249 862/1666/249 861/1665/249 868/1676/249
f 855/1657/248 865/1673/248 866/1674/248 856/1658/248
f 853/1655/249 867/1675/249 868/1676/249 854/1656/249
f 869/1677/251 870/1678/251 871/1679/251 872/1680/251 873/1681/251 874/1682/251
f 875/1683/252 876/1684/252 877/1685/252 878/1686/252 879/1687/252 880/1688/252
f 871/1689/255 870/1690/255 880/1691/255 879/1692/255
f 873/1693/256 872/1694/256 878/1695/256 877/1696/256
f 869/1697/61 874/1698/61 876/1699/61 875/1700/61
f 872/1701/59 871/1689/59 879/1692/59 878/1702/59
f 874/1698/253 873/1693/253 877/1696/253 876/1699/253
f 870/1690/254 869/1703/254 875/1704/254 880/1691/254
f 881/1705/61 882/1706/61 883/1707/61 884/1708/61
f 882/1709/248 885/1710/248 886/1711/248 883/1712/248
f 887/1713/249 881/1714/249 884/1715/249 888/1716/249
f 889/1717/250 890/1718/250 891/1719/250 892/1720/250
f 893/1721/248 889/1722/248 892/1723/248 894/1724/248
f 895/1725/249 891/1726/249 890/1727/249 896/1728/249
f 897/1729/249 898/1730/249 895/1725/249 896/1728/249
f 899/1731/248 900/1732/248 893/1721/248 894/1724/248
f 887/1713/249 888/1716/249 898/1730/249 897/1729/249
f 886/1711/248 885/1710/248 900/1732/248 899/1731/248
f 901/1733/251 902/1734/251 903/1735/251 904/1736/251 905/1737/251 906/1738/251
f 907/1739/252 908/1740/252 909/1741/252 910/1742/252 911/1743/252 912/1744/252
f 905/1745/256 909/1746/256 908/1747/256 906/1748/256
f 903/1749/255 911/1750/255 910/1751/255 904/1752/255
f 901/1753/61 907/1754/61 912/1755/61 902/1756/61
f 904/1752/59 910/1751/59 909/1757/59 905/1758/59
f 902/1759/254 912/1760/254 911/1750/254 903/1749/254
f 906/1748/253 908/1747/253 907/1754/253 901/1753/253
f 913/1761/59 914/1762/59 915/1763/59 916/1764/59
f 914/1765/249 917/1766/249 918/1767/249 915/1768/249
f 919/1769/248 913/1770/248 916/1771/248 920/1772/248
f 921/1773/250 922/1774/250 923/1775/250 924/1776/250
f 925/1777/249 921/1778/249 924/1779/249 926/1780/249
f 927/1781/248 923/1782/248 922/1783/248 928/1784/248
f 929/1785/248 930/1786/248 927/1781/248 928/1784/248
f 931/1787/249 932/1788/249 925/1777/249 926/1780/249
f 919/1769/248 920/1772/248 930/1786/248 929/1785/248
f 918/1767/249 917/1766/249 932/1788/249 931/1787/249
f 933/1789/251 934/1790/251 935/1791/251 936/1792/251 937/1793/251 938/1794/251
f 939/1795/252 940/1796/252 941/1797/252 942/1798/252 943/1799/252 944/1800/252
f 937/1801/254 941/1802/254 940/1803/254 938/1804/254
f 935/1805/253 943/1806/253 942/1807/253 936/1808/253
f 933/1809/59 939/1810/59 944/1811/59 934/1812/59
f 936/1808/61 942/1807/61 941/1813/61 937/1814/61
f 934/1815/256 944/1816/256 943/1806/256 935/1805/256
f 938/1804/255 940/1803/255 939/1810/255 933/1809/255
f 945/1817/59 946/1818/59 947/1819/59 948/1820/59
f 948/1821/257 947/1822/257 949/1823/257 950/1824/257
f 951/1825/258 952/1826/258 946/1827/258 945/1828/258
f 953/1829/259 954/1830/259 955/1831/259 956/1832/259
f 957/1833/257 958/1834/257 954/1835/257 953/1836/257
f 959/1837/260 960/1838/260 956/1839/260 955/1840/260
f 961/1841/260 960/1838/260 959/1837/260 962/1842/260
f 963/1843/261 958/1834/261 957/1833/261 964/1844/261
f 951/1825/258 961/1841/258 962/1842/258 952/1826/258
f 949/1823/257 963/1843/257 964/1844/257 950/1824/257
f 965/1845/262 966/1846/262 967/1847/262 968/1848/262 969/1849/262 970/1850/262
f 971/1851/263 972/1852/263 973/1853/263 974/1854/263 975/1855/263 976/1856/263
f 967/1857/264 966/1858/264 976/1859/264 975/1860/264
f 969/1861/265 968/1862/265 974/1863/265 973/1864/265
f 965/1865/59 970/1866/59 972/1867/59 971/1868/59
f 968/1869/61 967/1857/61 975/1860/61 974/1870/61
f 970/1866/266 969/1861/266 973/1864/266 972/1867/266
f 966/1858/267 965/1871/267 971/1872/267 976/1859/267
f 977/1873/61 978/1874/61 979/1875/61 980/1876/61
f 980/1877/258 979/1878/258 981/1879/258 982/1880/258
f 983/1881/257 984/1882/257 978/1883/257 977/1884/257
f 985/1885/259 986/1886/259 987/1887/259 988/1888/259
f 989/1889/260 990/1890/260 986/1891/260 985/1892/260
f 991/1893/257 992/1894/257 988/1895/257 987/1896/257
f 993/1897/261 992/1894/261 991/1893/261 994/1898/261
f 995/1899/260 990/1890/260 989/1889/260 996/1900/260
f 983/1881/257 993/1897/257 994/1898/257 984/1882/257
f 981/1879/258 995/1899/258 996/1900/258 982/1880/258
f 997/1901/262 998/1902/262 999/1903/262 1000/1904/262 1001/1905/262 1002/1906/262
f 1003/1907/263 1004/1908/263 1005/1909/263 1006/1910/263 1007/1911/263 1008/1912/263
f 999/1913/266 998/1914/266 1008/1915/266 1007/1916/266
f 1001/1917/267 1000/1918/267 1006/1919/267 1005/1920/267
f 997/1921/61 1002/1922/61 1004/1923/61 1003/1924/61
f 1000/1925/59 999/1913/59 1007/1916/59 1006/1926/59
f 1002/1922/264 1001/1917/264 1005/1920/264 1004/1923/264
f 998/1914/265 997/1927/265 1003/1928/265 1008/1915/265
f 1009/1929/61 1010/1930/61 1011/1931/61 1012/1932/61
f 1010/1933/257 1013/1934/257 1014/1935/257 1011/1936/257
f 1015/1937/258 1009/1938/258 1012/1939/258 1016/1940/258
f 1017/1941/259 1018/1942/259 1019/1943/259 1020/1944/259
f 1021/1945/257 1017/1946/257 1020/1947/257 1022/1948/257
f 1023/1949/260 1019/1950/260 1018/1951/260 1024/1952/260
f 1025/1953/260 1026/1954/260 1023/1949/260 1024/1952/260
f 1027/1955/261 1028/1956/261 1021/1945/261 1022/1948/261
f 1015/1937/258 1016/1940/258 1026/1954/258 1025/1953/258
f 1014/1935/257 1013/1934/257 1028/1956/257 1027/1955/257
f 1029/1957/262 1030/1958/262 1031/1959/262 1032/1960/262 1033/1961/262 1034/1962/262
f 1035/1963/263 1036/1964/263 1037/1965/263 1038/1966/263 1039/1967/263 1040/1968/263
f 1033/1969/267 1037/1970/267 1036/1971/267 1034/1972/267
f 1031/1973/266 1039/1974/266 1038/1975/266 1032/1976/266
f 1029/1977/61 1035/1978/61 1040/1979/61 1030/1980/61
f 1032/1976/59 1038/1975/59 1037/1981/59 1033/1982/59
f 1030/1983/265 1040/1984/265 1039/1974/265 1031/1973/265
f 1034/1972/264 1036/1971/264 1035/1978/264 1029/1977/264
f 1041/1985/59 1042/1986/59 1043/1987/59 1044/1988/59
f 1042/1989/258 1045/1990/258 1046/1991/258 1043/1992/258
f 1047/1993/257 1041/1994/257 1044/1995/257 1048/1996/257
f 1049/1997/259 1050/1998/259 1051/1999/259 1052/2000/259
f 1053/2001/260 1049/2002/260 1052/2003/260 1054/2004/260
f 1055/2005/257 1051/2006/257 1050/2007/257 1056/2008/257
f 1057/2009/261 1058/2010/261 1055/2005/261 1056/2008/261
f 1059/2011/260 1060/2012/260 1053/2001/260 1054/2004/260
f 1047/1993/257 1048/1996/257 1058/2010/257 1057/2009/257
f 1046/1991/258 1045/1990/258 1060/2012/258 1059/2011/258
f 1061/2013/262 1062/2014/262 1063/2015/262 1064/2016/262 1065/2017/262 1066/2018/262
f 1067/2019/263 1068/2020/263 1069/2021/263 1070/2022/263 1071/2023/263 1072/2024/263
f 1065/2025/265 1069/2026/265 1068/2027/265 1066/2028/265
f 1063/2029/268 1071/2030/268 1070/2031/268 1064/2032/268
f 1061/2033/59 1067/2034/59 1072/2035/59 1062/2036/59
f 1064/2032/61 1070/2031/61 1069/2037/61 1065/2038/61
f 1062/2039/267 1072/2040/267 1071/2030/267 1063/2029/267
f 1066/2028/266 1068/2027/266 1067/2034/266 1061/2033/266
f 1073/2041/59 1074/2042/59 1075/2043/59 1076/2044/59
f 1076/2045/269 1075/2046/269 1077/2047/269 1078/2048/269
f 1079/2049/270 1080/2050/270 1074/2051/270 1073/2052/270
f 1081/2053/271 1082/2054/271 1083/2055/271 1084/2056/271
f 1085/2057/272 1086/2058/272 1082/2059/272 1081/2060/272
f 1087/2061/270 1088/2062/270 1084/2063/270 1083/2064/270
f 1089/2065/273 1088/2062/273 1087/2061/273 1090/2066/273
f 1091/2067/269 1086/2058/269 1085/2057/269 1092/2068/269
f 1079/2049/274 1089/2065/274 1090/2066/274 1080/2050/274
f 1077/2047/269 1091/2067/269 1092/2068/269 1078/2048/269
f 1093/2069/275 1094/2070/275 1095/2071/275 1096/2072/275 1097/2073/275 1098/2074/275
f 1099/2075/276 1100/2076/276 1101/2077/276 1102/2078/276 1103/2079/276 1104/2080/276
f 1095/2081/277 1094/2082/277 1104/2083/277 1103/2084/277
f 1097/2085/278 1096/2086/278 1102/2087/278 1101/2088/278
f 1093/2089/59 1098/2090/59 1100/2091/59 1099/2092/59
f 1096/2093/61 1095/2081/61 1103/2084/61 1102/2094/61
f 1098/2090/279 1097/2085/279 1101/2088/279 1100/2091/279
f 1094/2082/280 1093/2095/280 1099/2096/280 1104/2083/280
f 1105/2097/61 1106/2098/61 1107/2099/61 1108/2100/61
f 1108/2101/270 1107/2102/270 1109/2103/270 1110/2104/270
f 1111/2105/269 1112/2106/269 1106/2107/269 1105/2108/269
f 1113/2109/271 1114/2110/271 1115/2111/271 1116/2112/271
f 1117/2113/270 1118/2114/270 1114/2115/270 1113/2116/270
f 1119/2117/272 1120/2118/272 1116/2119/272 1115/2120/272
f 1121/2121/269 1120/2118/269 1119/2117/269 1122/2122/269
f 1123/2123/270 1118/2114/270 1117/2113/270 1124/2124/270
f 1111/2105/269 1121/2121/269 1122/2122/269 1112/2106/269
f 1109/2103/274 1123/2123/274 1124/2124/274 1110/2104/274
f 1125/2125/275 1126/2126/275 1127/2127/275 1128/2128/275 1129/2129/275 1130/2130/275
f 1131/2131/276 1132/2132/276 1133/2133/276 1134/2134/276 1135/2135/276 1136/2136/276
f 1127/2137/279 1126/2138/279 1136/2139/279 1135/2140/279
f 1129/2141/280 1128/2142/280 1134/2143/280 1133/2144/280
f 1125/2145/61 1130/2146/61 1132/2147/61 1131/2148/61
f 1128/2149/59 1127/2137/59 1135/2140/59 1134/2150/59
f 1130/2146/277 1129/2141/277 1133/2144/277 1132/2147/277
f 1126/2138/278 1125/2151/278 1131/2152/278 1136/2139/278
f 1137/2153/61 1138/2154/61 1139/2155/61 1140/2156/61
f 1138/2157/269 1141/2158/269 1142/2159/269 1139/2160/269
f 1143/2161/270 1137/2162/270 1140/2163/270 1144/2164/270
f 1145/2165/271 1146/2166/271 1147/2167/271 1148/2168/271
f 1149/2169/272 1145/2170/272 1148/2171/272 1150/2172/272
f 1151/2173/270 1147/2174/270 1146/2175/270 1152/2176/270
f 1153/2177/281 1154/2178/281 1151/2173/281 1152/2176/281
f 1155/2179/269 1156/2180/269 1149/2169/269 1150/2172/269
f 1143/2161/274 1144/2164/274 1154/2178/274 1153/2177/274
f 1142/2159/269 1141/2158/269 1156/2180/269 1155/2179/269
f 1157/2181/275 1158/2182/275 1159/2183/275 1160/2184/275 1161/2185/275 1162/2186/275
f 1163/2187/276 1164/2188/276 1165/2189/276 1166/2190/276 1167/2191/276 1168/2192/276
f 1161/2193/280 1165/2194/280 1164/2195/280 1162/2196/280
f 1159/2197/279 1167/2198/279 1166/2199/279 1160/2200/279
f 1157/2201/61 1163/2202/61 1168/2203/61 1158/2204/61
f 1160/2200/59 1166/2199/59 1165/2205/59 1161/2206/59
f 1158/2207/278 1168/2208/278 1167/2198/278 1159/2197/278
f 1162/2196/277 1164/2195/277 1163/2202/277 1157/2201/277
f 1169/2209/59 1170/2210/59 1171/2211/59 1172/2212/59
f 1170/2213/270 1173/2214/270 1174/2215/270 1171/2216/270
f 1175/2217/269 1169/2218/269 1172/2219/269 1176/2220/269
f 1177/2221/271 1178/2222/271 1179/2223/271 1180/2224/271
f 1181/2225/270 1177/2226/270 1180/2227/270 1182/2228/270
f 1183/2229/272 1179/2230/272 1178/2231/272 1184/2232/272
f 1185/2233/269 1186/2234/269 1183/2229/269 1184/2232/269
f 1187/2235/270 1188/2236/270 1181/2225/270 1182/2228/270
f 1175/2217/269 1176/2220/269 1186/2234/269 1185/2233/269
f 1174/2215/274 1173/2214/274 1188/2236/274 1187/2235/274
f 1189/2237/275 1190/2238/275 1191/2239/275 1192/2240/275 1193/2241/275 1194/2242/275
f 1195/2243/276 1196/2244/276 1197/2245/276 1198/2246/276 1199/2247/276 1200/2248/276
f 1193/2249/278 1197/2250/278 1196/2251/278 1194/2252/278
f 1191/2253/277 1199/2254/277 1198/2255/277 1192/2256/277
f 1189/2257/59 1195/2258/59 1200/2259/59 1190/2260/59
f 1192/2256/61 1198/2255/61 1197/2261/61 1193/2262/61
f 1190/2263/280 1200/2264/280 1199/2254/280 1191/2253/280
f 1194/2252/279 1196/2251/279 1195/2258/279 1189/2257/279
f 1201/2265/59 1202/2266/59 1203/2267/59 1204/2268/59
f 1204/2269/282 1203/2270/282 1205/2271/282 1206/2272/282
f 1207/2273/283 1208/2274/283 1202/2275/283 1201/2276/283
f 1209/2277/284 1210/2278/284 1211/2279/284 1212/2280/284
f 1213/2281/285 1214/2282/285 1210/2283/285 1209/2284/285
f 1215/2285/283 1216/2286/283 1212/2287/283 1211/2288/283
f 1217/2289/286 1216/2286/286 1215/2285/286 1218/2290/286
f 1219/2291/287 1214/2282/287 1213/2281/287 1220/2292/287
f 1207/2273/288 1217/2289/288 1218/2290/288 1208/2274/288
f 1205/2271/282 1219/2291/282 1220/2292/282 1206/2272/282
f 1221/2293/289 1222/2294/289 1223/2295/289 1224/2296/289 1225/2297/289 1226/2298/289
f 1227/2299/290 1228/2300/290 1229/2301/290 1230/2302/290 1231/2303/290 1232/2304/290
f 1223/2305/291 1222/2306/291 1232/2307/291 1231/2308/291
f 1225/2309/292 1224/2310/292 1230/2311/292 1229/2312/292
f 1221/2313/59 1226/2314/59 1228/2315/59 1227/2316/59
f 1224/2317/61 1223/2305/61 1231/2308/61 1230/2318/61
f 1226/2314/293 1225/2309/293 1229/2312/293 1228/2315/293
f 1222/2306/294 1221/2319/294 1227/2320/294 1232/2307/294
f 1233/2321/61 1234/2322/61 1235/2323/61 1236/2324/61
f 1236/2325/283 1235/2326/283 1237/2327/283 1238/2328/283
f 1239/2329/282 1240/2330/282 1234/2331/282 1233/2332/282
f 1241/2333/284 1242/2334/284 1243/2335/284 1244/2336/284
f 1245/2337/283 1246/2338/283 1242/2339/283 1241/2340/283
f 1247/2341/285 1248/2342/285 1244/2343/285 1243/2344/285
f 1249/2345/295 1248/2342/295 1247/2341/295 1250/2346/295
f 1251/2347/296 1246/2338/296 1245/2337/296 1252/2348/296
f 1239/2329/282 1249/2345/282 1250/2346/282 1240/2330/282
f 1237/2327/297 1251/2347/297 1252/2348/297 1238/2328/297
f 1253/2349/289 1254/2350/289 1255/2351/289 1256/2352/289 1257/2353/289 1258/2354/289
f 1259/2355/290 1260/2356/290 1261/2357/290 1262/2358/290 1263/2359/290 1264/2360/290
f 1255/2361/293 1254/2362/293 1264/2363/293 1263/2364/293
f 1257/2365/294 1256/2366/294 1262/2367/294 1261/2368/294
f 1253/2369/61 1258/2370/61 1260/2371/61 1259/2372/61
f 1256/2373/59 1255/2361/59 1263/2364/59 1262/2374/59
f 1258/2370/291 1257/2365/291 1261/2368/291 1260/2371/291
f 1254/2362/292 1253/2375/292 1259/2376/292 1264/2363/292
f 1265/2377/61 1266/2378/61 1267/2379/61 1268/2380/61
f 1266/2381/282 1269/2382/282 1270/2383/282 1267/2384/282
f 1271/2385/283 1265/2386/283 1268/2387/283 1272/2388/283
f 1273/2389/284 1274/2390/284 1275/2391/284 1276/2392/284
f 1277/2393/285 1273/2394/285 1276/2395/285 1278/2396/285
f 1279/2397/283 1275/2398/283 1274/2399/283 1280/2400/283
f 1281/2401/296 1282/2402/296 1279/2397/296 1280/2400/296
f 1283/2403/295 1284/2404/295 1277/2393/295 1278/2396/295
f 1271/2385/298 1272/2388/298 1282/2402/298 1281/2401/298
f 1270/2383/282 1269/2382/282 1284/2404/282 1283/2403/282
f 1285/2405/289 1286/2406/289 1287/2407/289 1288/2408/289 1289/2409/289 1290/2410/289
f 1291/2411/290 1292/2412/290 1293/2413/290 1294/2414/290 1295/2415/290 1296/2416/290
f 1289/2417/294 1293/2418/294 1292/2419/294 1290/2420/294
f 1287/2421/293 1295/2422/293 1294/2423/293 1288/2424/293
f 1285/2425/61 1291/2426/61 1296/2427/61 1286/2428/61
f 1288/2424/59 1294/2423/59 1293/2429/59 1289/2430/59
f 1286/2431/292 1296/2432/292 1295/2422/292 1287/2421/292
f 1290/2420/291 1292/2419/291 1291/2426/291 1285/2425/291
f 1297/2433/59 1298/2434/59 1299/2435/59 1300/2436/59
f 1298/2437/283 1301/2438/283 1302/2439/283 1299/2440/283
f 1303/2441/282 1297/2442/282 1300/2443/282 1304/2444/282
f 1305/2445/284 1306/2446/284 1307/2447/284 1308/2448/284
f 1309/2449/283 1305/2450/283 1308/2451/283 1310/2452/283
f 1311/2453/285 1307/2454/285 1306/2455/285 1312/2456/285
f 1313/2457/287 1314/2458/287 1311/2453/287 1312/2456/287
f 1315/2459/286 1316/2460/286 1309/2449/286 1310/2452/286
f 1303/2441/282 1304/2444/282 1314/2458/282 1313/2457/282
f 1302/2439/298 1301/2438/298 1316/2460/298 1315/2459/298
f 1317/2461/289 1318/2462/289 1319/2463/289 1320/2464/289 1321/2465/289 1322/2466/289
f 1323/2467/290 1324/2468/290 1325/2469/290 1326/2470/290 1327/2471/290 1328/2472/290
f 1321/2473/292 1325/2474/292 1324/2475/292 1322/2476/292
f 1319/2477/291 1327/2478/291 1326/2479/291 1320/2480/291
f 1317/2481/59 1323/2482/59 1328/2483/59 1318/2484/59
f 1320/2480/61 1326/2479/61 1325/2485/61 1321/2486/61
f 1318/2487/294 1328/2488/294 1327/2478/294 1319/2477/294
f 1322/2476/293 1324/2475/293 1323/2482/293 1317/2481/293
f 1329/2489/59 1330/2490/59 1331/2491/59 1332/2492/59
f 1332/2493/299 1331/2494/299 1333/2495/299 1334/2496/299
f 1335/2497/300 1336/2498/300 1330/2499/300 1329/2500/300
f 1337/2501/301 1338/2502/301 1339/2503/301 1340/2504/301
f 1341/2505/299 1342/2506/299 1338/2507/299 1337/2508/299
f 1343/2509/302 1344/2510/302 1340/2511/302 1339/2512/302
f 1345/2513/303 1344/2510/303 1343/2509/303 1346/2514/303
f 1347/2515/299 1342/2506/299 1341/2505/299 1348/2516/299
f 1335/2497/304 1345/2513/304 1346/2514/304 1336/2498/304
f 1333/2495/305 1347/2515/305 1348/2516/305 1334/2496/305
f 1349/2517/306 1350/2518/306 1351/2519/306 1352/2520/306 1353/2521/306 1354/2522/306
f 1355/2523/307 1356/2524/307 1357/2525/307 1358/2526/307 1359/2527/307 1360/2528/307
f 1351/2529/308 1350/2530/308 1360/2531/308 1359/2532/308
f 1353/2533/309 1352/2534/309 1358/2535/309 1357/2536/309
f 1349/2537/59 1354/2538/59 1356/2539/59 1355/2540/59
f 1352/2541/61 1351/2529/61 1359/2532/61 1358/2542/61
f 1354/2538/310 1353/2533/310 1357/2536/310 1356/2539/310
f 1350/2530/311 1349/2543/311 1355/2544/311 1360/2531/311
f 1361/2545/61 1362/2546/61 1363/2547/61 1364/2548/61
f 1364/2549/300 1363/2550/300 1365/2551/300 1366/2552/300
f 1367/2553/299 1368/2554/299 1362/2555/299 1361/2556/299
f 1369/2557/301 1370/2558/301 1371/2559/301 1372/2560/301
f 1373/2561/302 1374/2562/302 1370/2563/302 1369/2564/302
f 1375/2565/299 1376/2566/299 1372/2567/299 1371/2568/299
f 1377/2569/312 1376/2566/312 1375/2565/312 1378/2570/312
f 1379/2571/313 1374/2562/313 1373/2561/313 1380/2572/313
f 1367/2553/312 1377/2569/312 1378/2570/312 1368/2554/312
f 1365/2551/314 1379/2571/314 1380/2572/314 1366/2552/314
f 1381/2573/306 1382/2574/306 1383/2575/306 1384/2576/306 1385/2577/306 1386/2578/306
f 1387/2579/307 1388/2580/307 1389/2581/307 1390/2582/307 1391/2583/307 1392/2584/307
f 1383/2585/310 1382/2586/310 1392/2587/310 1391/2588/310
f 1385/2589/311 1384/2590/311 1390/2591/311 1389/2592/311
f 1381/2593/61 1386/2594/61 1388/2595/61 1387/2596/61
f 1384/2597/59 1383/2585/59 1391/2588/59 1390/2598/59
f 1386/2594/308 1385/2589/308 1389/2592/308 1388/2595/308
f 1382/2586/309 1381/2599/309 1387/2600/309 1392/2587/309
f 1393/2601/61 1394/2602/61 1395/2603/61 1396/2604/61
f 1394/2605/299 1397/2606/299 1398/2607/299 1395/2608/299
f 1399/2609/300 1393/2610/300 1396/2611/300 1400/2612/300
f 1401/2613/301 1402/2614/301 1403/2615/301 1404/2616/301
f 1405/2617/299 1401/2618/299 1404/2619/299 1406/2620/299
f 1407/2621/302 1403/2622/302 1402/2623/302 1408/2624/302
f 1409/2625/313 1410/2626/313 1407/2621/313 1408/2624/313
f 1411/2627/299 1412/2628/299 1405/2617/299 1406/2620/299
f 1399/2609/314 1400/2612/314 1410/2626/314 1409/2625/314
f 1398/2607/312 1397/2606/312 1412/2628/312 1411/2627/312
f 1413/2629/306 1414/2630/306 1415/2631/306 1416/2632/306 1417/2633/306 1418/2634/306
f 1419/2635/307 1420/2636/307 1421/2637/307 1422/2638/307 1423/2639/307 1424/2640/307
f 1417/2641/315 1421/2642/315 1420/2643/315 1418/2644/315
f 1415/2645/310 1423/2646/310 1422/2647/310 1416/2648/310
f 1413/2649/61 1419/2650/61 1424/2651/61 1414/2652/61
f 1416/2648/59 1422/2647/59 1421/2653/59 1417/2654/59
f 1414/2655/309 1424/2656/309 1423/2646/309 1415/2645/309
f 1418/2644/316 1420/2643/316 1419/2650/316 1413/2649/316
f 1425/2657/59 1426/2658/59 1427/2659/59 1428/2660/59
f 1426/2661/300 1429/2662/300 1430/2663/300 1427/2664/300
f 1431/2665/299 1425/2666/299 1428/2667/299 1432/2668/299
f 1433/2669/301 1434/2670/301 1435/2671/301 1436/2672/301
f 1437/2673/302 1433/2674/302 1436/2675/302 1438/2676/302
f 1439/2677/299 1435/2678/299 1434/2679/299 1440/2680/299
f 1441/2681/305 1442/2682/305 1439/2677/305 1440/2680/305
f 1443/2683/303 1444/2684/303 1437/2673/303 1438/2676/303
f 1431/2665/305 1432/2668/305 1442/2682/305 1441/2681/305
f 1430/2663/304 1429/2662/304 1444/2684/304 1443/2683/304
f 1445/2685/306 1446/2686/306 1447/2687/306 1448/2688/306 1449/2689/306 1450/2690/306
f 1451/2691/307 1452/2692/307 1453/2693/307 1454/2694/307 1455/2695/307 1456/2696/307
f 1449/2697/309 1453/2698/309 1452/2699/309 1450/2700/309
f 1447/2701/316 1455/2702/316 1454/2703/316 1448/2704/316
f 1445/2705/59 1451/2706/59 1456/2707/59 1446/2708/59
f 1448/2704/61 1454/2703/61 1453/2709/61 1449/2710/61
f 1446/2711/315 1456/2712/315 1455/2702/315 1447/2701/315
f 1450/2700/310 1452/2699/310 1451/2706/310 1445/2705/310
f 1457/2713/59 1458/2714/59 1459/2715/59 1460/2716/59
f 1460/2717/317 1459/2718/317 1461/2719/317 1462/2720/317
f 1463/2721/318 1464/2722/318 1458/2723/318 1457/2724/318
f 1465/2725/64 1466/2726/64 1467/2727/64 1468/2728/64
f 1469/2729/67 1470/2730/67 1466/2731/67 1465/2732/67
f 1471/2733/319 1472/2734/319 1468/2735/319 1467/2736/319
f 1473/2737/320 1472/2734/320 1471/2733/320 1474/2738/320
f 1475/2739/321 1470/2730/321 1469/2729/321 1476/2740/321
f 1463/2721/322 1473/2737/322 1474/2738/322 1464/2722/322
f 1461/2719/67 1475/2739/67 1476/2740/67 1462/2720/67
f 1477/2741/323 1478/2742/323 1479/2743/323 1480/2744/323 1481/2745/323 1482/2746/323
f 1483/2747/324 1484/2748/324 1485/2749/324 1486/2750/324 1487/2751/324 1488/2752/324
f 1479/2753/325 1478/2754/325 1488/2755/325 1487/2756/325
f 1481/2757/326 1480/2758/326 1486/2759/326 1485/2760/326
f 1477/2761/59 1482/2762/59 1484/2763/59 1483/2764/59
f 1480/2765/61 1479/2753/61 1487/2756/61 1486/2766/61
f 1482/2762/327 1481/2757/327 1485/2760/327 1484/2763/327
f 1478/2754/328 1477/2767/328 1483/2768/328 1488/2755/328
f 1489/2769/61 1490/2770/61 1491/2771/61 1492/2772/61
f 1492/2773/318 1491/2774/318 1493/2775/318 1494/2776/318
f 1495/2777/317 1496/2778/317 1490/2779/317 1489/2780/317
f 1497/2781/64 1498/2782/64 1499/2783/64 1500/2784/64
f 1501/2785/319 1502/2786/319 1498/2787/319 1497/2788/319
f 1503/2789/67 1504/2790/67 1500/2791/67 1499/2792/67
f 1505/2793/329 1504/2790/329 1503/2789/329 1506/2794/329
f 1507/2795/319 1502/2786/319 1501/2785/319 1508/2796/319
f 1495/2777/67 1505/2793/67 1506/2794/67 1496/2778/67
f 1493/2775/330 1507/2795/330 1508/2796/330 1494/2776/330
f 1509/2797/323 1510/2798/323 1511/2799/323 1512/2800/323 1513/2801/323 1514/2802/323
f 1515/2803/324 1516/2804/324 1517/2805/324 1518/2806/324 1519/2807/324 1520/2808/324
f 1511/2809/327 1510/2810/327 1520/2811/327 1519/2812/327
f 1513/2813/328 1512/2814/328 1518/2815/328 1517/2816/328
f 1509/2817/61 1514/2818/61 1516/2819/61 1515/2820/61
f 1512/2821/59 1511/2809/59 1519/2812/59 1518/2822/59
f 1514/2818/325 1513/2813/325 1517/2816/325 1516/2819/325
f 1510/2810/326 1509/2823/326 1515/2824/326 1520/2811/326
f 1521/2825/61 1522/2826/61 1523/2827/61 1524/2828/61
f 1522/2829/317 1525/2830/317 1526/2831/317 1523/2832/317
f 1527/2833/318 1521/2834/318 1524/2835/318 1528/2836/318
f 1529/2837/64 1530/2838/64 1531/2839/64 1532/2840/64
f 1533/2841/67 1529/2842/67 1532/2843/67 1534/2844/67
f 1535/2845/319 1531/2846/319 1530/2847/319 1536/2848/319
f 1537/2849/331 1538/2850/331 1535/2845/331 1536/2848/331
f 1539/2851/329 1540/2852/329 1533/2841/329 1534/2844/329
f 1527/2833/330 1528/2836/330 1538/2850/330 1537/2849/330
f 1526/2831/67 1525/2830/67 1540/2852/67 1539/2851/67
f 1541/2853/323 1542/2854/323 1543/2855/323 1544/2856/323 1545/2857/323 1546/2858/323
f 1547/2859/324 1548/2860/324 1549/2861/324 1550/2862/324 1551/2863/324 1552/2864/324
f 1545/2865/328 1549/2866/328 1548/2867/328 1546/2868/328
f 1543/2869/327 1551/2870/327 1550/2871/327 1544/2872/327
f 1541/2873/61 1547/2874/61 1552/2875/61 1542/2876/61
f 1544/2872/59 1550/2871/59 1549/2877/59 1545/2878/59
f 1542/2879/326 1552/2880/326 1551/2870/326 1543/2869/326
f 1546/2868/325 1548/2867/325 1547/2874/325 1541/2873/325
f 1553/2881/59 1554/2882/59 1555/2883/59 1556/2884/59
f 1554/2885/318 1557/2886/318 1558/2887/318 1555/2888/318
f 1559/2889/317 1553/2890/317 1556/2891/317 1560/2892/317
f 1561/2893/64 1562/2894/64 1563/2895/64 1564/2896/64
f 1565/2897/319 1561/2898/319 1564/2899/319 1566/2900/319
f 1567/2901/67 1563/2902/67 1562/2903/67 1568/2904/67
f 1569/2905/321 1570/2906/321 1567/2901/321 1568/2904/321
f 1571/2907/319 1572/2908/319 1565/2897/319 1566/2900/319
f 1559/2889/67 1560/2892/67 1570/2906/67 1569/2905/67
f 1558/2887/322 1557/2886/322 1572/2908/322 1571/2907/322
f 1573/2909/323 1574/2910/323 1575/2911/323 1576/2912/323 1577/2913/323 1578/2914/323
f 1579/2915/324 1580/2916/324 1581/2917/324 1582/2918/324 1583/2919/324 1584/2920/324
f 1577/2921/326 1581/2922/326 1580/2923/326 1578/2924/326
f 1575/2925/325 1583/2926/325 1582/2927/325 1576/2928/325
f 1573/2929/59 1579/2930/59 1584/2931/59 1574/2932/59
f 1576/2928/61 1582/2927/61 1581/2933/61 1577/2934/61
f 1574/2935/328 1584/2936/328 1583/2926/328 1575/2925/328
f 1578/2924/327 1580/2923/327 1579/2930/327 1573/2929/327
s 1
f 164/2937/58 166/2938/332 167/2939/332 161/2940/58
f 165/2941/333 163/2942/235 162/2943/235 168/2944/333
f 176/2945/334 173/2946/334 169/2947/59 172/2948/59
f 174/2949/335 175/2950/335 171/2951/61 170/2952/61
f 180/2953/336 173/2946/334 176/2945/334 177/2954/336
f 178/2955/337 175/2950/335 174/2949/335 179/2956/337
f 166/2938/332 180/2957/336 177/2958/336 167/2939/332
f 168/2944/333 178/2959/337 179/2960/337 165/2941/333
f 196/2961/58 198/2962/338 199/2963/338 193/2964/58
f 197/2965/339 195/2966/235 194/2967/235 200/2968/339
f 208/2969/340 205/2970/340 201/2971/61 204/2972/61
f 206/2973/341 207/2974/341 203/2975/59 202/2976/59
f 212/2977/342 205/2970/340 208/2969/340 209/2978/342
f 210/2979/343 207/2974/341 206/2973/341 211/2980/343
f 198/2962/338 212/2981/342 209/2982/342 199/2963/338
f 200/2968/339 210/2983/343 211/2984/343 197/2965/339
f 226/2985/58 225/2986/58 231/2987/338 229/2988/338
f 230/2989/339 232/2990/339 228/2991/235 227/2992/235
f 240/2993/340 234/2994/61 233/2995/61 237/2996/340
f 238/2997/341 236/2998/59 235/2999/59 239/3000/341
f 244/3001/342 241/3002/342 240/2993/340 237/2996/340
f 242/3003/343 243/3004/343 238/2997/341 239/3000/341
f 229/2988/338 231/2987/338 241/3005/342 244/3006/342
f 232/2990/339 230/2989/339 243/3007/343 242/3008/343
f 258/3009/58 257/3010/58 263/3011/332 261/3012/332
f 262/3013/333 264/3014/333 260/3015/235 259/3016/235
f 272/3017/344 266/3018/59 265/3019/59 269/3020/344
f 270/3021/335 268/3022/61 267/3023/61 271/3024/335
f 276/3025/336 273/3026/336 272/3017/344 269/3020/344
f 274/3027/337 275/3028/337 270/3021/335 271/3024/335
f 261/3012/332 263/3011/332 273/3029/336 276/3030/336
f 264/3014/333 262/3013/333 275/3031/337 274/3032/337
f 692/3033/242 694/3034/345 695/3035/345 689/3036/242
f 693/3037/346 691/3038/243 690/3039/243 696/3040/346
f 704/3041/347 701/3042/347 697/3043/59 700/3044/59
f 702/3045/348 703/3046/349 699/3047/61 698/3048/61
f 708/3049/350 701/3042/347 704/3041/347 705/3050/350
f 706/3051/351 703/3046/349 702/3045/348 707/3052/351
f 694/3034/345 708/3053/350 705/3054/350 695/3035/345
f 696/3040/346 706/3055/351 707/3056/351 693/3037/346
f 724/3057/242 726/3058/352 727/3059/352 721/3060/242
f 725/3061/353 723/3062/243 722/3063/243 728/3064/353
f 736/3065/354 733/3066/354 729/3067/61 732/3068/61
f 734/3069/355 735/3070/355 731/3071/59 730/3072/59
f 740/3073/356 733/3066/354 736/3065/354 737/3074/356
f 738/3075/357 735/3070/355 734/3069/355 739/3076/357
f 726/3058/352 740/3077/356 737/3078/356 727/3059/352
f 728/3064/353 738/3079/357 739/3080/357 725/3061/353
f 754/3081/242 753/3082/242 759/3083/352 757/3084/352
f 758/3085/353 760/3086/353 756/3087/243 755/3088/243
f 768/3089/354 762/3090/61 761/3091/61 765/3092/354
f 766/3093/355 764/3094/59 763/3095/59 767/3096/355
f 772/3097/356 769/3098/356 768/3089/354 765/3092/354
f 770/3099/357 771/3100/357 766/3093/355 767/3096/355
f 757/3084/352 759/3083/352 769/3101/356 772/3102/356
f 760/3086/353 758/3085/353 771/3103/357 770/3104/357
f 786/3105/242 785/3106/242 791/3107/345 789/3108/345
f 790/3109/346 792/3110/346 788/3111/243 787/3112/243
f 800/3113/347 794/3114/59 793/3115/59 797/3116/347
f 798/3117/349 796/3118/61 795/3119/61 799/3120/348
f 804/3121/350 801/3122/350 800/3113/347 797/3116/347
f 802/3123/351 803/3124/351 798/3117/349 799/3120/348
f 789/3108/345 791/3107/345 801/3125/350 804/3126/350
f 792/3110/346 790/3109/346 803/3127/351 802/3128/351
f 820/3129/250 822/3130/358 823/3131/358 817/3132/250
f 821/3133/359 819/3134/252 818/3135/252 824/3136/359
f 832/3137/360 829/3138/360 825/3139/59 828/3140/59
f 830/3141/361 831/3142/361 827/3143/61 826/3144/61
f 836/3145/362 829/3138/360 832/3137/360 833/3146/362
f 834/3147/363 831/3142/361 830/3141/361 835/3148/363
f 822/3130/358 836/3149/362 833/3150/362 823/3131/358
f 824/3136/359 834/3151/363 835/3152/363 821/3133/359
f 852/3153/250 854/3154/364 855/3155/364 849/3156/250
f 853/3157/365 851/3158/252 850/3159/252 856/3160/365
f 864/3161/366 861/3162/366 857/3163/61 860/3164/61
f 862/3165/367 863/3166/367 859/3167/59 858/3168/59
f 868/3169/368 861/3162/366 864/3161/366 865/3170/368
f 866/3171/369 863/3166/367 862/3165/367 867/3172/369
f 854/3154/364 868/3173/368 865/3174/368 855/3155/364
f 856/3160/365 866/3175/369 867/3176/369 853/3157/365
f 882/3177/250 881/3178/250 887/3179/364 885/3180/364
f 886/3181/365 888/3182/365 884/3183/252 883/3184/252
f 896/3185/366 890/3186/61 889/3187/61 893/3188/366
f 894/3189/367 892/3190/59 891/3191/59 895/3192/367
f 900/3193/368 897/3194/368 896/3185/366 893/3188/366
f 898/3195/369 899/3196/369 894/3189/367 895/3192/367
f 885/3180/364 887/3179/364 897/3197/368 900/3198/368
f 888/3182/365 886/3181/365 899/3199/369 898/3200/369
f 914/3201/250 913/3202/250 919/3203/358 917/3204/358
f 918/3205/359 920/3206/359 916/3207/252 915/3208/252
f 928/3209/360 922/3210/59 921/3211/59 925/3212/360
f 926/3213/361 924/3214/61 923/3215/61 927/3216/361
f 932/3217/362 929/3218/362 928/3209/360 925/3212/360
f 930/3219/363 931/3220/363 926/3213/361 927/3216/361
f 917/3204/358 919/3203/358 929/3221/362 932/3222/362
f 920/3206/359 918/3205/359 931/3223/363 930/3224/363
f 948/3225/370 950/3226/371 951/3227/371 945/3228/370
f 949/3229/372 947/3230/263 946/3231/263 952/3232/372
f 960/3233/373 957/3234/373 953/3235/59 956/3236/59
f 958/3237/374 959/3238/374 955/3239/61 954/3240/61
f 964/3241/375 957/3234/373 960/3233/373 961/3242/375
f 962/3243/376 959/3238/374 958/3237/374 963/3244/376
f 950/3226/371 964/3245/375 961/3246/375 951/3227/371
f 952/3232/372 962/3247/376 963/3248/376 949/3229/372
f 980/3249/370 982/3250/377 983/3251/377 977/3252/370
f 981/3253/378 979/3254/263 978/3255/263 984/3256/378
f 992/3257/379 989/3258/379 985/3259/61 988/3260/61
f 990/3261/380 991/3262/380 987/3263/59 986/3264/59
f 996/3265/381 989/3258/379 992/3257/379 993/3266/381
f 994/3267/382 991/3262/380 990/3261/380 995/3268/382
f 982/3250/377 996/3269/381 993/3270/381 983/3251/377
f 984/3256/378 994/3271/382 995/3272/382 981/3253/378
f 1010/3273/370 1009/3274/370 1015/3275/377 1013/3276/377
f 1014/3277/378 1016/3278/378 1012/3279/263 1011/3280/263
f 1024/3281/379 1018/3282/61 1017/3283/61 1021/3284/379
f 1022/3285/380 1020/3286/59 1019/3287/59 1023/3288/380
f 1028/3289/381 1025/3290/381 1024/3281/379 1021/3284/379
f 1026/3291/382 1027/3292/382 1022/3285/380 1023/3288/380
f 1013/3276/377 1015/3275/377 1025/3293/381 1028/3294/381
f 1016/3278/378 1014/3277/378 1027/3295/382 1026/3296/382
f 1042/3297/370 1041/3298/370 1047/3299/371 1045/3300/371
f 1046/3301/372 1048/3302/372 1044/3303/263 1043/3304/263
f 1056/3305/373 1050/3306/59 1049/3307/59 1053/3308/373
f 1054/3309/374 1052/3310/61 1051/3311/61 1055/3312/374
f 1060/3313/375 1057/3314/375 1056/3305/373 1053/3308/373
f 1058/3315/376 1059/3316/376 1054/3309/374 1055/3312/374
f 1045/3300/371 1047/3299/371 1057/3317/375 1060/3318/375
f 1048/3302/372 1046/3301/372 1059/3319/376 1058/3320/376
f 1076/3321/271 1078/3322/383 1079/3323/383 1073/3324/271
f 1077/3325/384 1075/3326/385 1074/3327/385 1080/3328/384
f 1088/3329/386 1085/3330/386 1081/3331/59 1084/3332/59
f 1086/3333/387 1087/3334/387 1083/3335/61 1082/3336/61
f 1092/3337/388 1085/3330/386 1088/3329/386 1089/3338/388
f 1090/3339/389 1087/3334/387 1086/3333/387 1091/3340/390
f 1078/3322/383 1092/3341/388 1089/3342/388 1079/3323/383
f 1080/3328/384 1090/3343/389 1091/3344/390 1077/3325/384
f 1108/3345/271 1110/3346/391 1111/3347/391 1105/3348/271
f 1109/3349/392 1107/3350/385 1106/3351/385 1112/3352/392
f 1120/3353/393 1117/3354/393 1113/3355/61 1116/3356/61
f 1118/3357/394 1119/3358/394 1115/3359/59 1114/3360/59
f 1124/3361/395 1117/3354/393 1120/3353/393 1121/3362/395
f 1122/3363/396 1119/3358/394 1118/3357/394 1123/3364/397
f 1110/3346/391 1124/3365/395 1121/3366/395 1111/3347/391
f 1112/3352/392 1122/3367/396 1123/3368/397 1109/3349/392
f 1138/3369/271 1137/3370/271 1143/3371/391 1141/3372/391
f 1142/3373/392 1144/3374/392 1140/3375/385 1139/3376/385
f 1152/3377/393 1146/3378/61 1145/3379/61 1149/3380/393
f 1150/3381/394 1148/3382/59 1147/3383/59 1151/3384/394
f 1156/3385/395 1153/3386/395 1152/3377/393 1149/3380/393
f 1154/3387/397 1155/3388/396 1150/3381/394 1151/3384/394
f 1141/3372/391 1143/3371/391 1153/3389/395 1156/3390/395
f 1144/3374/392 1142/3373/392 1155/3391/396 1154/3392/397
f 1170/3393/271 1169/3394/271 1175/3395/383 1173/3396/383
f 1174/3397/384 1176/3398/384 1172/3399/385 1171/3400/385
f 1184/3401/386 1178/3402/59 1177/3403/59 1181/3404/386
f 1182/3405/387 1180/3406/61 1179/3407/61 1183/3408/387
f 1188/3409/388 1185/3410/388 1184/3401/386 1181/3404/386
f 1186/3411/390 1187/3412/389 1182/3405/387 1183/3408/387
f 1173/3396/383 1175/3395/383 1185/3413/388 1188/3414/388
f 1176/3398/384 1174/3397/384 1187/3415/389 1186/3416/390
f 1204/3417/284 1206/3418/398 1207/3419/398 1201/3420/284
f 1205/3421/399 1203/3422/400 1202/3423/400 1208/3424/399
f 1216/3425/401 1213/3426/401 1209/3427/59 1212/3428/59
f 1214/3429/402 1215/3430/402 1211/3431/61 1210/3432/61
f 1220/3433/403 1213/3426/401 1216/3425/401 1217/3434/403
f 1218/3435/404 1215/3430/402 1214/3429/402 1219/3436/404
f 1206/3418/398 1220/3437/403 1217/3438/403 1207/3419/398
f 1208/3424/399 1218/3439/404 1219/3440/404 1205/3421/399
f 1236/3441/284 1238/3442/405 1239/3443/405 1233/3444/284
f 1237/3445/406 1235/3446/400 1234/3447/400 1240/3448/406
f 1248/3449/407 1245/3450/407 1241/3451/61 1244/3452/61
f 1246/3453/408 1247/3454/408 1243/3455/59 1242/3456/59
f 1252/3457/409 1245/3450/407 1248/3449/407 1249/3458/409
f 1250/3459/410 1247/3454/408 1246/3453/408 1251/3460/410
f 1238/3442/405 1252/3461/409 1249/3462/409 1239/3443/405
f 1240/3448/406 1250/3463/410 1251/3464/410 1237/3445/406
f 1266/3465/284 1265/3466/284 1271/3467/405 1269/3468/405
f 1270/3469/406 1272/3470/406 1268/3471/400 1267/3472/400
f 1280/3473/407 1274/3474/61 1273/3475/61 1277/3476/411
f 1278/3477/408 1276/3478/59 1275/3479/59 1279/3480/408
f 1284/3481/409 1281/3482/409 1280/3473/407 1277/3476/411
f 1282/3483/410 1283/3484/410 1278/3477/408 1279/3480/408
f 1269/3468/405 1271/3467/405 1281/3485/409 1284/3486/409
f 1272/3470/406 1270/3469/406 1283/3487/410 1282/3488/410
f 1298/3489/284 1297/3490/284 1303/3491/398 1301/3492/398
f 1302/3493/399 1304/3494/399 1300/3495/400 1299/3496/400
f 1312/3497/401 1306/3498/59 1305/3499/59 1309/3500/401
f 1310/3501/402 1308/3502/61 1307/3503/61 1311/3504/402
f 1316/3505/403 1313/3506/412 1312/3497/401 1309/3500/401
f 1314/3507/404 1315/3508/404 1310/3501/402 1311/3504/402
f 1301/3492/398 1303/3491/398 1313/3509/412 1316/3510/403
f 1304/3494/399 1302/3493/399 1315/3511/404 1314/3512/404
f 1332/3513/301 1334/3514/413 1335/3515/413 1329/3516/301
f 1333/3517/414 1331/3518/415 1330/3519/415 1336/3520/414
f 1344/3521/416 1341/3522/416 1337/3523/59 1340/3524/59
f 1342/3525/417 1343/3526/417 1339/3527/61 1338/3528/61
f 1348/3529/418 1341/3522/416 1344/3521/416 1345/3530/418
f 1346/3531/419 1343/3526/417 1342/3525/417 1347/3532/419
f 1334/3514/413 1348/3533/418 1345/3534/418 1335/3515/413
f 1336/3520/414 1346/3535/419 1347/3536/419 1333/3517/414
f 1364/3537/301 1366/3538/420 1367/3539/420 1361/3540/301
f 1365/3541/421 1363/3542/415 1362/3543/415 1368/3544/421
f 1376/3545/422 1373/3546/422 1369/3547/61 1372/3548/61
f 1374/3549/423 1375/3550/423 1371/3551/59 1370/3552/59
f 1380/3553/424 1373/3546/422 1376/3545/422 1377/3554/424
f 1378/3555/425 1375/3550/423 1374/3549/423 1379/3556/425
f 1366/3538/420 1380/3557/424 1377/3558/424 1367/3539/420
f 1368/3544/421 1378/3559/425 1379/3560/425 1365/3541/421
f 1394/3561/301 1393/3562/301 1399/3563/420 1397/3564/420
f 1398/3565/421 1400/3566/421 1396/3567/415 1395/3568/415
f 1408/3569/422 1402/3570/61 1401/3571/61 1405/3572/422
f 1406/3573/423 1404/3574/59 1403/3575/59 1407/3576/423
f 1412/3577/424 1409/3578/426 1408/3569/422 1405/3572/422
f 1410/3579/425 1411/3580/425 1406/3573/423 1407/3576/423
f 1397/3564/420 1399/3563/420 1409/3581/426 1412/3582/424
f 1400/3566/421 1398/3565/421 1411/3583/425 1410/3584/425
f 1426/3585/301 1425/3586/301 1431/3587/413 1429/3588/413
f 1430/3589/414 1432/3590/414 1428/3591/415 1427/3592/415
f 1440/3593/416 1434/3594/59 1433/3595/59 1437/3596/416
f 1438/3597/417 1436/3598/61 1435/3599/61 1439/3600/417
f 1444/3601/418 1441/3602/418 1440/3593/416 1437/3596/416
f 1442/3603/419 1443/3604/419 1438/3597/417 1439/3600/417
f 1429/3588/413 1431/3587/413 1441/3605/418 1444/3606/418
f 1432/3590/414 1430/3589/414 1443/3607/419 1442/3608/419
f 1460/3609/64 1462/3610/427 1463/3611/427 1457/3612/64
f 1461/3613/428 1459/3614/429 1458/3615/429 1464/3616/428
f 1472/3617/430 1469/3618/430 1465/3619/59 1468/3620/59
f 1470/3621/431 1471/3622/431 1467/3623/61 1466/3624/61
f 1476/3625/432 1469/3618/430 1472/3617/430 1473/3626/432
f 1474/3627/433 1471/3622/431 1470/3621/431 1475/3628/433
f 1462/3610/427 1476/3629/432 1473/3630/432 1463/3611/427
f 1464/3616/428 1474/3631/433 1475/3632/433 1461/3613/428
f 1492/3633/64 1494/3634/434 1495/3635/434 1489/3636/64
f 1493/3637/435 1491/3638/429 1490/3639/429 1496/3640/435
f 1504/3641/436 1501/3642/436 1497/3643/61 1500/3644/61
f 1502/3645/437 1503/3646/437 1499/3647/59 1498/3648/59
f 1508/3649/438 1501/3642/436 1504/3641/436 1505/3650/438
f 1506/3651/439 1503/3646/437 1502/3645/437 1507/3652/439
f 1494/3634/434 1508/3653/438 1505/3654/438 1495/3635/434
f 1496/3640/435 1506/3655/439 1507/3656/439 1493/3637/435
f 1522/3657/64 1521/3658/64 1527/3659/434 1525/3660/434
f 1526/3661/435 1528/3662/435 1524/3663/429 1523/3664/429
f 1536/3665/436 1530/3666/61 1529/3667/61 1533/3668/436
f 1534/3669/437 1532/3670/59 1531/3671/59 1535/3672/437
f 1540/3673/438 1537/3674/438 1536/3665/436 1533/3668/436
f 1538/3675/439 1539/3676/439 1534/3669/437 1535/3672/437
f 1525/3660/434 1527/3659/434 1537/3677/438 1540/3678/438
f 1528/3662/435 1526/3661/435 1539/3679/439 1538/3680/439
f 1554/3681/64 1553/3682/64 1559/3683/427 1557/3684/427
f 1558/3685/428 1560/3686/428 1556/3687/429 1555/3688/429
f 1568/3689/430 1562/3690/59 1561/3691/59 1565/3692/440
f 1566/3693/431 1564/3694/61 1563/3695/61 1567/3696/431
f 1572/3697/432 1569/3698/432 1568/3689/430 1565/3692/440
f 1570/3699/433 1571/3700/433 1566/3693/431 1567/3696/431
f 1557/3684/427 1559/3683/427 1569/3701/432 1572/3702/432
f 1560/3686/428 1558/3685/428 1571/3703/433 1570/3704/433
