# Blender v2.78 (sub 0) OBJ File: 'RailSlopeUp10.blend'
# www.blender.org
mtllib RailSlopeUp10.mtl
o Cube.001_Cube.002
v 1.234006 0.500000 -3.000000
v 1.234006 0.500000 -5.000000
v 11.765994 0.500000 -3.000000
v 11.765994 0.500000 -5.000000
v 3.765994 0.500000 -5.000000
v 3.765994 0.500000 -3.000000
v 9.234006 0.500000 -5.000000
v 9.234006 0.500000 -3.000000
v 5.000000 0.200000 -3.000000
v 5.000000 0.200000 -5.000000
v 8.000000 0.200000 -5.000000
v 8.000000 0.200000 -3.000000
v 0.000000 -0.500000 -5.000000
v 0.000000 -0.500000 -3.000000
v 0.000000 0.200000 -3.000000
v 0.000000 0.200000 -5.000000
v 13.000000 0.200000 -5.000000
v 13.000000 -0.500000 -5.000000
v 13.000000 -0.500000 -3.000000
v 13.000000 0.200000 -3.000000
v 13.000000 1.045685 -26.525124
v 13.000000 0.347839 -26.580044
v 13.000000 0.504822 -28.573875
v 13.000000 1.202637 -28.518955
v 0.000000 1.202637 -28.518955
v 0.000000 1.045685 -26.525124
v 0.000000 0.347839 -26.580044
v 0.000000 0.504822 -28.573875
v 8.000000 1.045685 -26.525124
v 8.000000 1.202637 -28.518955
v 5.000000 1.202637 -28.518955
v 5.000000 1.045685 -26.525124
v 9.234006 1.344788 -26.501585
v 9.234006 1.501709 -28.495420
v 3.765994 1.344788 -26.501585
v 3.765994 1.501709 -28.495420
v 11.765994 1.501709 -28.495420
v 11.765994 1.344788 -26.501585
v 1.234006 1.501709 -28.495420
v 1.234006 1.344788 -26.501585
v 1.234006 0.858093 -18.675991
v 1.234006 0.962769 -20.673250
v 11.765994 0.858093 -18.675991
v 11.765994 0.962769 -20.673250
v 3.765994 0.962769 -20.673250
v 3.765994 0.858093 -18.675991
v 9.234006 0.962769 -20.673250
v 9.234006 0.858093 -18.675991
v 5.000000 0.558502 -18.691692
v 5.000000 0.663208 -20.688950
v 8.000000 0.663208 -20.688950
v 8.000000 0.558502 -18.691692
v 0.000000 -0.035828 -20.725584
v 0.000000 -0.140533 -18.728327
v 0.000000 0.558502 -18.691692
v 0.000000 0.663208 -20.688950
v 13.000000 0.663208 -20.688950
v 13.000000 -0.035828 -20.725584
v 13.000000 -0.140533 -18.728327
v 13.000000 0.558502 -18.691692
v 13.000000 0.276550 -10.848192
v 13.000000 -0.423218 -10.866516
v 13.000000 -0.370850 -12.865830
v 13.000000 0.328918 -12.847507
v 0.000000 0.328918 -12.847507
v 0.000000 0.276550 -10.848192
v 0.000000 -0.423218 -10.866516
v 0.000000 -0.370850 -12.865830
v 8.000000 0.276550 -10.848192
v 8.000000 0.328918 -12.847507
v 5.000000 0.328918 -12.847507
v 5.000000 0.276550 -10.848192
v 9.234006 0.576447 -10.840340
v 9.234006 0.628815 -12.839654
v 3.765994 0.576447 -10.840340
v 3.765994 0.628815 -12.839654
v 11.765994 0.628815 -12.839654
v 11.765994 0.576447 -10.840340
v 1.234006 0.628815 -12.839654
v 1.234006 0.576447 -10.840340
v 13.000000 1.737762 -34.343117
v 13.000000 1.041595 -34.416286
v 13.000000 1.250732 -36.405327
v 13.000000 1.946869 -36.332157
v 0.000000 1.946869 -36.332157
v 0.000000 1.737762 -34.343117
v 0.000000 1.041595 -34.416286
v 0.000000 1.250732 -36.405327
v 8.000000 1.737762 -34.343117
v 8.000000 1.946869 -36.332157
v 5.000000 1.946869 -36.332157
v 5.000000 1.737762 -34.343117
v 9.234006 2.036133 -34.311756
v 9.234006 2.245209 -36.300800
v 3.765994 2.036133 -34.311756
v 3.765994 2.245209 -36.300800
v 11.765994 2.245209 -36.300800
v 11.765994 2.036133 -34.311756
v 1.234006 2.245209 -36.300800
v 1.234006 2.036133 -34.311756
v 13.000000 2.634247 -42.140316
v 13.000000 1.940247 -42.231682
v 13.000000 2.201385 -44.214565
v 13.000000 2.895355 -44.123199
v 0.000000 2.895355 -44.123199
v 0.000000 2.634247 -42.140316
v 0.000000 1.940247 -42.231682
v 0.000000 2.201385 -44.214565
v 8.000000 2.634247 -42.140316
v 8.000000 2.895355 -44.123199
v 5.000000 2.895355 -44.123199
v 5.000000 2.634247 -42.140316
v 9.234006 2.931702 -42.101154
v 9.234006 3.192780 -44.084042
v 3.765994 2.931702 -42.101154
v 3.765994 3.192780 -44.084042
v 11.765994 3.192780 -44.084042
v 11.765994 2.931702 -42.101154
v 1.234006 3.192780 -44.084042
v 1.234006 2.931702 -42.101154
v 13.000000 3.734528 -49.911377
v 13.000000 3.043182 -50.020878
v 13.000000 3.356140 -51.996246
v 13.000000 4.047455 -51.886745
v 0.000000 4.047455 -51.886745
v 0.000000 3.734528 -49.911377
v 0.000000 3.043182 -50.020878
v 0.000000 3.356140 -51.996246
v 8.000000 3.734528 -49.911377
v 8.000000 4.047455 -51.886745
v 5.000000 4.047455 -51.886745
v 5.000000 3.734528 -49.911377
v 9.234006 4.030884 -49.864437
v 9.234006 4.343781 -51.839813
v 3.765994 4.030884 -49.864437
v 3.765994 4.343781 -51.839813
v 11.765994 4.343781 -51.839813
v 11.765994 4.030884 -49.864437
v 1.234006 4.343781 -51.839813
v 1.234006 4.030884 -49.864437
v 13.000000 5.037872 -57.650970
v 13.000000 4.349609 -57.778530
v 13.000000 4.714203 -59.745033
v 13.000000 5.402405 -59.617470
v 0.000000 5.402405 -59.617470
v 0.000000 5.037872 -57.650970
v 0.000000 4.349609 -57.778530
v 0.000000 4.714203 -59.745033
v 8.000000 5.037872 -57.650970
v 8.000000 5.402405 -59.617470
v 5.000000 5.402405 -59.617470
v 5.000000 5.037872 -57.650970
v 9.234006 5.332886 -57.596291
v 9.234006 5.697388 -59.562798
v 3.765994 5.332886 -57.596291
v 3.765994 5.697388 -59.562798
v 11.765994 5.697388 -59.562798
v 11.765994 5.332886 -57.596291
v 1.234006 5.697388 -59.562798
v 1.234006 5.332886 -57.596291
vt 0.2985 0.9051
vt 0.5970 0.9051
vt 0.5970 1.0000
vt 0.2985 1.0000
vt 0.7015 0.6154
vt 0.5970 1.0000
vt 0.7015 0.3846
vt 0.2985 0.2897
vt 0.2985 0.0949
vt 0.5970 0.0949
vt 0.5970 0.2897
vt 0.2985 0.3846
vt 0.5970 0.3846
vt 0.0000 1.0000
vt 0.0000 0.0000
vt 0.2985 0.0000
vt 0.2985 1.0000
vt 0.2985 0.7103
vt 0.5970 0.7103
vt 0.2985 0.6154
vt 0.5970 0.6154
vt 1.0000 0.1538
vt 0.8955 0.1538
vt 0.8955 0.0000
vt 1.0000 0.0000
vt 1.0000 0.3077
vt 0.8955 0.3077
vt 0.8955 0.1538
vt 1.0000 0.1538
vt 0.2985 0.0000
vt 0.5970 0.0000
vt 0.8955 1.0000
vt 0.7910 0.6154
vt 0.7910 0.3846
vt 0.8955 0.0000
vt 0.7463 0.7103
vt 0.5970 0.0000
vt 0.7463 0.2897
vt 0.7910 1.0000
vt 0.7463 0.9051
vt 0.7463 0.7103
vt 0.7463 0.9051
vt 0.7015 1.0000
vt 0.7463 0.2897
vt 0.7463 0.0949
vt 0.7015 0.0000
vt 0.7463 0.0949
vt 0.7910 0.0000
vt 0.2985 0.3846
vt 0.2985 0.2897
vt 0.5970 0.2897
vt 0.5970 0.3846
vt 1.0000 0.3077
vt 0.8955 0.3077
vt 0.8955 0.1538
vt 1.0000 0.1538
vt 0.7910 0.0000
vt 0.8955 0.0000
vt 0.7463 0.0949
vt 0.0000 1.0000
vt 0.0000 0.0000
vt 0.2985 0.0000
vt 0.2985 1.0000
vt 0.2985 0.7103
vt 0.2985 0.6154
vt 0.5970 0.6154
vt 0.5970 0.7103
vt 0.7015 0.0000
vt 0.7463 0.0949
vt 0.5970 0.0000
vt 0.2985 0.9051
vt 0.5970 0.9051
vt 0.5970 1.0000
vt 0.2985 1.0000
vt 0.7463 0.9051
vt 0.7015 1.0000
vt 0.5970 1.0000
vt 0.5970 0.0949
vt 0.2985 0.0949
vt 0.2985 0.0000
vt 0.5970 0.0000
vt 0.7015 0.3846
vt 1.0000 0.1538
vt 0.8955 0.1538
vt 0.8955 0.0000
vt 1.0000 0.0000
vt 0.8955 1.0000
vt 0.7910 1.0000
vt 0.7463 0.9051
vt 0.7015 0.6154
vt 0.7910 0.3846
vt 0.7463 0.2897
vt 0.7463 0.2897
vt 0.7463 0.7103
vt 0.7463 0.7103
vt 0.7910 0.6154
vt 0.5970 1.0000
vt 0.5970 0.0000
vt 0.7015 0.3846
vt 0.2985 0.7103
vt 0.2985 0.6154
vt 0.5970 0.6154
vt 0.5970 0.7103
vt 0.5970 0.0949
vt 0.2985 0.0949
vt 0.2985 0.0000
vt 0.5970 0.0000
vt 0.7910 0.3846
vt 0.8955 0.0000
vt 0.8955 1.0000
vt 0.2985 0.3846
vt 0.5970 0.3846
vt 0.7910 1.0000
vt 0.7463 0.9051
vt 1.0000 0.3077
vt 0.8955 0.3077
vt 0.8955 0.1538
vt 1.0000 0.1538
vt 0.2985 0.9051
vt 0.5970 0.9051
vt 0.5970 1.0000
vt 0.2985 1.0000
vt 0.7463 0.2897
vt 0.7463 0.9051
vt 0.7015 1.0000
vt 0.7463 0.2897
vt 0.7463 0.0949
vt 0.7015 0.6154
vt 0.0000 1.0000
vt 0.0000 0.0000
vt 0.2985 0.0000
vt 0.2985 1.0000
vt 0.2985 0.2897
vt 0.5970 0.2897
vt 0.7463 0.7103
vt 0.7463 0.7103
vt 0.7910 0.6154
vt 0.7015 0.0000
vt 0.7463 0.0949
vt 0.7910 0.0000
vt 1.0000 0.1538
vt 0.8955 0.1538
vt 0.8955 0.0000
vt 1.0000 0.0000
vt 0.7463 0.9051
vt 0.7015 1.0000
vt 0.5970 1.0000
vt 0.2985 0.6154
vt 0.2985 0.3846
vt 0.5970 0.3846
vt 0.5970 0.6154
vt 0.7910 0.3846
vt 0.7463 0.2897
vt 0.8955 0.0000
vt 0.8955 1.0000
vt 0.7463 0.7103
vt 0.7910 0.6154
vt 0.7015 0.6154
vt 0.7015 0.3846
vt 0.7463 0.0949
vt 0.2985 0.7103
vt 0.5970 0.7103
vt 1.0000 0.3077
vt 0.8955 0.3077
vt 0.8955 0.1538
vt 1.0000 0.1538
vt 0.2985 0.2897
vt 0.2985 0.0949
vt 0.5970 0.0949
vt 0.5970 0.2897
vt 0.2985 0.9051
vt 0.5970 0.9051
vt 0.5970 1.0000
vt 0.2985 1.0000
vt 0.7910 0.0000
vt 0.0000 1.0000
vt 0.0000 0.0000
vt 0.2985 0.0000
vt 0.2985 1.0000
vt 1.0000 0.1538
vt 0.8955 0.1538
vt 0.8955 0.0000
vt 1.0000 0.0000
vt 0.7015 0.0000
vt 0.7463 0.0949
vt 0.5970 0.0000
vt 0.7463 0.2897
vt 0.7463 0.7103
vt 0.7910 1.0000
vt 0.7463 0.9051
vt 0.2985 0.0000
vt 0.5970 0.0000
vt 0.2985 0.3846
vt 0.2985 0.2897
vt 0.5970 0.2897
vt 0.5970 0.3846
vt 1.0000 0.3077
vt 0.8955 0.3077
vt 0.8955 0.1538
vt 1.0000 0.1538
vt 0.7910 0.0000
vt 0.8955 0.0000
vt 0.7463 0.0949
vt 0.0000 1.0000
vt 0.0000 0.0000
vt 0.2985 0.0000
vt 0.2985 1.0000
vt 0.2985 0.7103
vt 0.2985 0.6154
vt 0.5970 0.6154
vt 0.5970 0.7103
vt 0.7015 0.0000
vt 0.7463 0.0949
vt 0.5970 0.0000
vt 0.2985 0.9051
vt 0.5970 0.9051
vt 0.5970 1.0000
vt 0.2985 1.0000
vt 0.7463 0.9051
vt 0.7015 1.0000
vt 0.5970 1.0000
vt 0.5970 0.0949
vt 0.2985 0.0949
vt 0.2985 0.0000
vt 0.5970 0.0000
vt 0.7015 0.3846
vt 1.0000 0.1538
vt 0.8955 0.1538
vt 0.8955 0.0000
vt 1.0000 0.0000
vt 0.8955 1.0000
vt 0.7910 1.0000
vt 0.7463 0.9051
vt 0.7015 0.6154
vt 0.7910 0.3846
vt 0.7463 0.2897
vt 0.7463 0.2897
vt 0.7463 0.7103
vt 0.7463 0.7103
vt 0.7910 0.6154
vt 0.2985 0.3846
vt 0.2985 0.2897
vt 0.5970 0.2897
vt 0.5970 0.3846
vt 1.0000 0.3077
vt 0.8955 0.3077
vt 0.8955 0.1538
vt 1.0000 0.1538
vt 0.7910 0.0000
vt 0.8955 0.0000
vt 0.7463 0.0949
vt 0.0000 1.0000
vt 0.0000 0.0000
vt 0.2985 0.0000
vt 0.2985 1.0000
vt 0.2985 0.7103
vt 0.2985 0.6154
vt 0.5970 0.6154
vt 0.5970 0.7103
vt 0.7015 0.0000
vt 0.7463 0.0949
vt 0.5970 0.0000
vt 0.2985 0.9051
vt 0.5970 0.9051
vt 0.5970 1.0000
vt 0.2985 1.0000
vt 0.7463 0.9051
vt 0.7015 1.0000
vt 0.5970 1.0000
vt 0.5970 0.0949
vt 0.2985 0.0949
vt 0.2985 0.0000
vt 0.5970 0.0000
vt 0.7015 0.3846
vt 1.0000 0.1538
vt 0.8955 0.1538
vt 0.8955 0.0000
vt 1.0000 0.0000
vt 0.8955 1.0000
vt 0.7910 1.0000
vt 0.7463 0.9051
vt 0.7015 0.6154
vt 0.7910 0.3846
vt 0.7463 0.2897
vt 0.7463 0.2897
vt 0.7463 0.7103
vt 0.7463 0.7103
vt 0.7910 0.6154
vt 0.2985 0.3846
vt 0.2985 0.2897
vt 0.5970 0.2897
vt 0.5970 0.3846
vt 1.0000 0.3077
vt 0.8955 0.3077
vt 0.8955 0.1538
vt 1.0000 0.1538
vt 0.7910 0.0000
vt 0.8955 0.0000
vt 0.7463 0.0949
vt 0.0000 1.0000
vt 0.0000 0.0000
vt 0.2985 0.0000
vt 0.2985 1.0000
vt 0.2985 0.7103
vt 0.2985 0.6154
vt 0.5970 0.6154
vt 0.5970 0.7103
vt 0.7015 0.0000
vt 0.7463 0.0949
vt 0.5970 0.0000
vt 0.2985 0.9051
vt 0.5970 0.9051
vt 0.5970 1.0000
vt 0.2985 1.0000
vt 0.7463 0.9051
vt 0.7015 1.0000
vt 0.5970 1.0000
vt 0.5970 0.0949
vt 0.2985 0.0949
vt 0.2985 0.0000
vt 0.5970 0.0000
vt 0.7015 0.3846
vt 1.0000 0.1538
vt 0.8955 0.1538
vt 0.8955 0.0000
vt 1.0000 0.0000
vt 0.8955 1.0000
vt 0.7910 1.0000
vt 0.7463 0.9051
vt 0.7015 0.6154
vt 0.7910 0.3846
vt 0.7463 0.2897
vt 0.7463 0.2897
vt 0.7463 0.7103
vt 0.7463 0.7103
vt 0.7910 0.6154
vt 0.2985 0.3846
vt 0.2985 0.2897
vt 0.5970 0.2897
vt 0.5970 0.3846
vt 1.0000 0.3077
vt 0.8955 0.3077
vt 0.8955 0.1538
vt 1.0000 0.1538
vt 0.7910 0.0000
vt 0.8955 0.0000
vt 0.7463 0.0949
vt 0.0000 1.0000
vt 0.0000 0.0000
vt 0.2985 0.0000
vt 0.2985 1.0000
vt 0.2985 0.7103
vt 0.2985 0.6154
vt 0.5970 0.6154
vt 0.5970 0.7103
vt 0.7015 0.0000
vt 0.7463 0.0949
vt 0.5970 0.0000
vt 0.2985 0.9051
vt 0.5970 0.9051
vt 0.5970 1.0000
vt 0.2985 1.0000
vt 0.7463 0.9051
vt 0.7015 1.0000
vt 0.5970 1.0000
vt 0.5970 0.0949
vt 0.2985 0.0949
vt 0.2985 0.0000
vt 0.5970 0.0000
vt 0.7015 0.3846
vt 1.0000 0.1538
vt 0.8955 0.1538
vt 0.8955 0.0000
vt 1.0000 0.0000
vt 0.8955 1.0000
vt 0.7910 1.0000
vt 0.7463 0.9051
vt 0.7015 0.6154
vt 0.7910 0.3846
vt 0.7463 0.2897
vt 0.7463 0.2897
vt 0.7463 0.7103
vt 0.7463 0.7103
vt 0.7910 0.6154
vn 0.2362 0.9717 0.0000
vn 0.0000 0.0000 1.0000
vn 0.0000 1.0000 0.0000
vn 0.0000 -1.0000 0.0000
vn -0.2362 0.9717 0.0000
vn -1.0000 0.0000 0.0000
vn 1.0000 0.0000 0.0000
vn 0.0000 0.0000 -1.0000
vn 0.2362 0.9687 0.0762
vn 0.0000 0.0785 -0.9969
vn 0.0000 -0.9969 -0.0785
vn -0.2362 0.9687 0.0762
vn 0.0000 -0.0785 0.9969
vn 0.0000 0.9969 0.0785
vn 0.0000 -0.0523 0.9986
vn -0.2362 0.9704 0.0509
vn 0.0000 0.0523 -0.9986
vn 0.0000 0.9986 0.0524
vn 0.2362 0.9704 0.0509
vn 0.0000 -0.9986 -0.0524
vn 0.0000 0.9986 0.0523
vn 0.0000 -0.0262 0.9997
vn 0.0000 0.9997 0.0262
vn -0.0000 0.0262 -0.9997
vn -0.2362 0.9714 0.0254
vn 0.2362 0.9714 0.0254
vn 0.0000 -0.9997 -0.0262
vn 0.2362 0.9664 0.1016
vn 0.0000 0.1045 -0.9945
vn 0.0000 -0.9945 -0.1046
vn -0.2362 0.9664 0.1016
vn -0.0000 -0.1045 0.9945
vn 0.0000 0.9945 0.1046
vn 0.0000 0.9945 0.1045
vn 0.2362 0.9634 0.1269
vn -0.0000 0.1305 -0.9914
vn 0.0000 -0.9914 -0.1306
vn -0.2362 0.9634 0.1269
vn -0.0000 -0.1305 0.9914
vn 0.0000 0.9914 0.1306
vn 0.0000 0.9914 0.1305
vn 0.2363 0.9597 0.1520
vn 0.0000 0.1564 -0.9877
vn 0.0000 -0.9877 -0.1565
vn -0.2363 0.9597 0.1520
vn 0.0000 -0.1564 0.9877
vn 0.0000 0.9877 0.1565
vn 0.0000 0.9877 0.1564
vn 0.2362 0.9554 0.1771
vn 0.0000 0.1823 -0.9833
vn 0.0000 -0.9832 -0.1823
vn -0.2362 0.9554 0.1771
vn 0.0000 -0.1822 0.9833
vn 0.0000 0.9832 0.1823
vn -0.0000 0.1822 -0.9833
vn 0.0000 0.9833 0.1823
usemtl Material
s off
f 4/1/1 3/2/1 20/3/1 17/4/1
f 9/5/2 14/6/2 12/7/2
f 5/8/3 2/9/3 1/10/3 6/11/3
f 10/12/1 5/8/1 6/11/1 9/13/1
f 13/14/4 18/15/4 19/16/4 14/17/4
f 4/1/3 7/18/3 8/19/3 3/2/3
f 11/20/3 10/12/3 9/13/3 12/21/3
f 7/18/5 11/20/5 12/21/5 8/19/5
f 14/22/6 15/23/6 16/24/6 13/25/6
f 18/26/7 17/27/7 20/28/7 19/29/7
f 1/10/5 2/9/5 16/30/5 15/31/5
f 13/32/8 10/33/8 11/34/8
f 11/34/8 18/35/8 13/32/8
f 13/32/8 5/36/8 10/33/8
f 19/37/2 8/38/2 12/7/2
f 13/32/8 16/39/8 2/40/8
f 2/40/8 5/36/8 13/32/8
f 6/41/2 1/42/2 14/6/2
f 1/42/2 15/43/2 14/6/2
f 7/44/8 4/45/8 18/35/8
f 20/46/2 3/47/2 19/37/2
f 3/47/2 8/38/2 19/37/2
f 14/6/2 19/37/2 12/7/2
f 9/5/2 6/41/2 14/6/2
f 11/34/8 7/44/8 18/35/8
f 17/48/8 18/35/8 4/45/8
f 31/49/9 36/50/9 35/51/9 32/52/9
f 23/53/7 24/54/7 21/55/7 22/56/7
f 24/57/10 23/58/10 37/59/10
f 28/60/11 23/61/11 22/62/11 27/63/11
f 34/64/12 30/65/12 29/66/12 33/67/12
f 21/68/13 38/69/13 22/70/13
f 37/71/9 38/72/9 21/73/9 24/74/9
f 40/75/13 26/76/13 27/77/13
f 40/78/12 39/79/12 25/80/12 26/81/12
f 27/77/13 22/70/13 29/82/13
f 27/83/6 26/84/6 25/85/6 28/86/6
f 28/87/10 25/88/10 39/89/10
f 30/65/14 31/49/14 32/52/14 29/66/14
f 32/90/13 27/77/13 29/82/13
f 30/91/10 34/92/10 23/58/10
f 38/69/13 33/93/13 22/70/13
f 32/90/13 35/94/13 27/77/13
f 37/71/14 34/64/14 33/67/14 38/72/14
f 28/87/10 36/95/10 31/96/10
f 39/89/10 36/95/10 28/87/10
f 35/94/13 40/75/13 27/77/13
f 28/87/10 31/96/10 30/91/10
f 30/91/10 23/58/10 28/87/10
f 34/92/10 37/59/10 23/58/10
f 22/70/13 33/93/13 29/82/13
f 36/50/14 39/79/14 40/78/14 35/51/14
f 54/97/15 59/98/15 52/99/15
f 47/100/16 51/101/16 52/102/16 48/103/16
f 41/104/16 42/105/16 56/106/16 55/107/16
f 51/108/17 58/109/17 53/110/17
f 51/101/18 50/111/18 49/112/18 52/102/18
f 53/110/17 56/113/17 42/114/17
f 58/115/7 57/116/7 60/117/7 59/118/7
f 44/119/19 43/120/19 60/121/19 57/122/19
f 51/108/17 47/123/17 58/109/17
f 41/124/15 55/125/15 54/97/15
f 59/98/15 48/126/15 52/99/15
f 47/123/17 44/127/17 58/109/17
f 49/128/15 54/97/15 52/99/15
f 53/129/20 58/130/20 59/131/20 54/132/20
f 45/133/21 42/105/21 41/104/21 46/134/21
f 42/114/17 45/135/17 53/110/17
f 46/136/15 41/124/15 54/97/15
f 53/110/17 50/137/17 51/108/17
f 50/111/19 45/133/19 46/134/19 49/112/19
f 60/138/15 43/139/15 59/98/15
f 43/139/15 48/126/15 59/98/15
f 49/128/15 46/136/15 54/97/15
f 53/110/17 45/135/17 50/137/17
f 44/119/21 47/100/21 48/103/21 43/120/21
f 57/140/17 58/109/17 44/127/17
f 54/141/6 55/142/6 56/143/6 53/144/6
f 80/145/22 66/146/22 67/147/22
f 70/148/23 71/149/23 72/150/23 69/151/23
f 70/152/24 74/153/24 63/154/24
f 68/155/24 76/156/24 71/157/24
f 72/158/22 67/147/22 69/159/22
f 74/153/24 77/160/24 63/154/24
f 74/161/25 70/148/25 69/151/25 73/162/25
f 63/163/7 64/164/7 61/165/7 62/166/7
f 76/167/23 79/168/23 80/169/23 75/170/23
f 77/171/26 78/172/26 61/173/26 64/174/26
f 64/175/24 63/154/24 77/160/24
f 77/171/23 74/161/23 73/162/23 78/172/23
f 68/176/27 63/177/27 62/178/27 67/179/27
f 70/152/24 63/154/24 68/155/24
f 67/180/6 66/181/6 65/182/6 68/183/6
f 61/184/22 78/185/22 62/186/22
f 78/185/22 73/187/22 62/186/22
f 72/158/22 75/188/22 67/147/22
f 67/147/22 62/186/22 69/159/22
f 68/155/24 65/189/24 79/190/24
f 79/190/24 76/156/24 68/155/24
f 75/188/22 80/145/22 67/147/22
f 71/149/26 76/167/26 75/170/26 72/150/26
f 68/155/24 71/157/24 70/152/24
f 80/169/25 79/168/25 65/191/25 66/192/25
f 62/186/22 73/187/22 69/159/22
f 91/193/28 96/194/28 95/195/28 92/196/28
f 83/197/7 84/198/7 81/199/7 82/200/7
f 84/201/29 83/202/29 97/203/29
f 88/204/30 83/205/30 82/206/30 87/207/30
f 94/208/31 90/209/31 89/210/31 93/211/31
f 81/212/32 98/213/32 82/214/32
f 97/215/28 98/216/28 81/217/28 84/218/28
f 100/219/32 86/220/32 87/221/32
f 100/222/31 99/223/31 85/224/31 86/225/31
f 87/221/32 82/214/32 89/226/32
f 87/227/6 86/228/6 85/229/6 88/230/6
f 88/231/29 85/232/29 99/233/29
f 90/209/33 91/193/33 92/196/33 89/210/33
f 92/234/32 87/221/32 89/226/32
f 90/235/29 94/236/29 83/202/29
f 98/213/32 93/237/32 82/214/32
f 92/234/32 95/238/32 87/221/32
f 97/215/34 94/208/34 93/211/34 98/216/34
f 88/231/29 96/239/29 91/240/29
f 99/233/29 96/239/29 88/231/29
f 95/238/32 100/219/32 87/221/32
f 88/231/29 91/240/29 90/235/29
f 90/235/29 83/202/29 88/231/29
f 94/236/29 97/203/29 83/202/29
f 82/214/32 93/237/32 89/226/32
f 96/194/34 99/223/34 100/222/34 95/195/34
f 111/241/35 116/242/35 115/243/35 112/244/35
f 103/245/7 104/246/7 101/247/7 102/248/7
f 104/249/36 103/250/36 117/251/36
f 108/252/37 103/253/37 102/254/37 107/255/37
f 114/256/38 110/257/38 109/258/38 113/259/38
f 101/260/39 118/261/39 102/262/39
f 117/263/35 118/264/35 101/265/35 104/266/35
f 120/267/39 106/268/39 107/269/39
f 120/270/38 119/271/38 105/272/38 106/273/38
f 107/269/39 102/262/39 109/274/39
f 107/275/6 106/276/6 105/277/6 108/278/6
f 108/279/36 105/280/36 119/281/36
f 110/257/40 111/241/40 112/244/40 109/258/40
f 112/282/39 107/269/39 109/274/39
f 110/283/36 114/284/36 103/250/36
f 118/261/39 113/285/39 102/262/39
f 112/282/39 115/286/39 107/269/39
f 117/263/41 114/256/41 113/259/41 118/264/41
f 108/279/36 116/287/36 111/288/36
f 119/281/36 116/287/36 108/279/36
f 115/286/39 120/267/39 107/269/39
f 108/279/36 111/288/36 110/283/36
f 110/283/36 103/250/36 108/279/36
f 114/284/36 117/251/36 103/250/36
f 102/262/39 113/285/39 109/274/39
f 116/242/41 119/271/41 120/270/41 115/243/41
f 131/289/42 136/290/42 135/291/42 132/292/42
f 123/293/7 124/294/7 121/295/7 122/296/7
f 124/297/43 123/298/43 137/299/43
f 128/300/44 123/301/44 122/302/44 127/303/44
f 134/304/45 130/305/45 129/306/45 133/307/45
f 121/308/46 138/309/46 122/310/46
f 137/311/42 138/312/42 121/313/42 124/314/42
f 140/315/46 126/316/46 127/317/46
f 140/318/45 139/319/45 125/320/45 126/321/45
f 127/317/46 122/310/46 129/322/46
f 127/323/6 126/324/6 125/325/6 128/326/6
f 128/327/43 125/328/43 139/329/43
f 130/305/47 131/289/47 132/292/47 129/306/47
f 132/330/46 127/317/46 129/322/46
f 130/331/43 134/332/43 123/298/43
f 138/309/46 133/333/46 122/310/46
f 132/330/46 135/334/46 127/317/46
f 137/311/48 134/304/48 133/307/48 138/312/48
f 128/327/43 136/335/43 131/336/43
f 139/329/43 136/335/43 128/327/43
f 135/334/46 140/315/46 127/317/46
f 128/327/43 131/336/43 130/331/43
f 130/331/43 123/298/43 128/327/43
f 134/332/43 137/299/43 123/298/43
f 122/310/46 133/333/46 129/322/46
f 136/290/48 139/319/48 140/318/48 135/291/48
f 151/337/49 156/338/49 155/339/49 152/340/49
f 143/341/7 144/342/7 141/343/7 142/344/7
f 144/345/50 143/346/50 157/347/50
f 148/348/51 143/349/51 142/350/51 147/351/51
f 154/352/52 150/353/52 149/354/52 153/355/52
f 141/356/53 158/357/53 142/358/53
f 157/359/49 158/360/49 141/361/49 144/362/49
f 160/363/53 146/364/53 147/365/53
f 160/366/52 159/367/52 145/368/52 146/369/52
f 147/365/53 142/358/53 149/370/53
f 147/371/6 146/372/6 145/373/6 148/374/6
f 148/375/50 145/376/50 159/377/50
f 150/353/54 151/337/54 152/340/54 149/354/54
f 152/378/53 147/365/53 149/370/53
f 150/379/55 154/380/55 143/346/55
f 158/357/53 153/381/53 142/358/53
f 152/378/53 155/382/53 147/365/53
f 157/359/56 154/352/56 153/355/56 158/360/56
f 148/375/55 156/383/55 151/384/55
f 159/377/55 156/383/55 148/375/55
f 155/382/53 160/363/53 147/365/53
f 148/375/50 151/384/50 150/379/50
f 150/379/50 143/346/50 148/375/50
f 154/380/55 157/347/55 143/346/55
f 142/358/53 153/381/53 149/370/53
f 156/338/56 159/367/56 160/366/56 155/339/56
o Cube
v 2.765345 0.640297 -3.594839
v 2.765345 0.734637 -3.594839
v 2.765345 0.734637 -4.405161
v 2.765345 0.640297 -4.405161
v 3.226461 0.734637 -4.405161
v 3.226461 0.640297 -4.405161
v 3.226461 0.640297 -3.594839
v 3.226461 0.734637 -3.594839
v 3.350001 0.484750 -4.405161
v 3.444341 0.484750 -4.405161
v 3.444341 0.484750 -3.594839
v 3.350001 0.484750 -3.594839
v 3.350001 0.566756 -4.405161
v 3.444341 0.566756 -4.405161
v 3.444341 0.566756 -3.594839
v 3.350001 0.566756 -3.594839
v 3.311992 0.617413 -3.594839
v 3.368091 0.693261 -3.594839
v 3.368091 0.693261 -4.405161
v 3.311992 0.617413 -4.405161
v 3.026007 0.449169 -4.050000
v 3.112609 0.449169 -4.100000
v 3.199212 0.449169 -4.050000
v 3.199212 0.449169 -3.950000
v 3.112609 0.449169 -3.900000
v 3.026007 0.449169 -3.950000
v 3.026007 0.827738 -4.050000
v 3.026007 0.827738 -3.950000
v 3.112609 0.827738 -3.900000
v 3.199212 0.827738 -3.950000
v 3.199212 0.827738 -4.050000
v 3.112609 0.827738 -4.100000
v 2.231962 0.640297 -4.405161
v 2.231962 0.734637 -4.405161
v 2.231962 0.734637 -3.594839
v 2.231962 0.640297 -3.594839
v 1.770847 0.734637 -3.594839
v 1.770847 0.640297 -3.594839
v 1.770847 0.640297 -4.405161
v 1.770847 0.734637 -4.405161
v 1.647306 0.484750 -3.594839
v 1.552966 0.484750 -3.594839
v 1.552966 0.484750 -4.405161
v 1.647306 0.484750 -4.405161
v 1.647306 0.566756 -3.594839
v 1.552966 0.566756 -3.594839
v 1.552966 0.566756 -4.405161
v 1.647306 0.566756 -4.405161
v 1.685316 0.617413 -4.405161
v 1.629217 0.693261 -4.405161
v 1.629217 0.693261 -3.594839
v 1.685316 0.617413 -3.594839
v 1.971301 0.449169 -3.950000
v 1.884698 0.449169 -3.900000
v 1.798096 0.449169 -3.950000
v 1.798096 0.449169 -4.050000
v 1.884698 0.449169 -4.100000
v 1.971301 0.449169 -4.050000
v 1.971301 0.827738 -3.950000
v 1.971301 0.827738 -4.050000
v 1.884698 0.827738 -4.100000
v 1.798096 0.827738 -4.050000
v 1.798096 0.827738 -3.950000
v 1.884698 0.827738 -3.900000
v 10.234653 0.640297 -3.594839
v 10.234653 0.640297 -4.405161
v 10.234653 0.734637 -4.405161
v 10.234653 0.734637 -3.594839
v 9.773539 0.640297 -4.405161
v 9.773539 0.734637 -4.405161
v 9.773539 0.640297 -3.594839
v 9.773539 0.734637 -3.594839
v 9.649998 0.484750 -4.405161
v 9.649998 0.484750 -3.594839
v 9.555658 0.484750 -3.594839
v 9.555658 0.484750 -4.405161
v 9.649998 0.566756 -4.405161
v 9.555658 0.566756 -4.405161
v 9.555658 0.566756 -3.594839
v 9.649998 0.566756 -3.594839
v 9.688007 0.617413 -3.594839
v 9.631908 0.693261 -3.594839
v 9.631908 0.693261 -4.405161
v 9.688007 0.617413 -4.405161
v 9.973993 0.449169 -4.050000
v 9.973993 0.449169 -3.950000
v 9.887390 0.449169 -3.900000
v 9.800787 0.449169 -3.950000
v 9.800787 0.449169 -4.050000
v 9.887390 0.449169 -4.100000
v 9.973993 0.827738 -4.050000
v 9.887390 0.827738 -4.100000
v 9.800787 0.827738 -4.050000
v 9.800787 0.827738 -3.950000
v 9.887390 0.827738 -3.900000
v 9.973993 0.827738 -3.950000
v 10.768038 0.640297 -4.405161
v 10.768038 0.640297 -3.594839
v 10.768038 0.734637 -3.594839
v 10.768038 0.734637 -4.405161
v 11.229153 0.640297 -3.594839
v 11.229153 0.734637 -3.594839
v 11.229153 0.640297 -4.405161
v 11.229153 0.734637 -4.405161
v 11.352694 0.484750 -3.594839
v 11.352694 0.484750 -4.405161
v 11.447033 0.484750 -4.405161
v 11.447033 0.484750 -3.594839
v 11.352694 0.566756 -3.594839
v 11.447033 0.566756 -3.594839
v 11.447033 0.566756 -4.405161
v 11.352694 0.566756 -4.405161
v 11.314684 0.617413 -4.405161
v 11.370783 0.693261 -4.405161
v 11.370783 0.693261 -3.594839
v 11.314684 0.617413 -3.594839
v 11.028698 0.449169 -3.950000
v 11.028698 0.449169 -4.050000
v 11.115301 0.449169 -4.100000
v 11.201904 0.449169 -4.050000
v 11.201904 0.449169 -3.950000
v 11.115301 0.449169 -3.900000
v 11.028698 0.827738 -3.950000
v 11.115301 0.827738 -3.900000
v 11.201904 0.827738 -3.950000
v 11.201904 0.827738 -4.050000
v 11.115301 0.827738 -4.100000
v 11.028698 0.827738 -4.050000
v 3.021119 0.500000 -4.000000
v 3.021119 0.500000 0.000000
v 1.978881 0.500000 -0.000002
v 1.978881 0.500000 -4.000000
v 3.021119 0.587549 -4.000000
v 3.021119 0.587549 0.000000
v 1.978881 0.587549 -0.000002
v 1.978881 0.587549 -4.000000
v 2.708235 0.733564 -4.000000
v 2.708235 0.733564 0.000000
v 2.291765 0.733564 -0.000002
v 2.291765 0.733564 -4.000000
v 2.797318 2.000000 -3.999992
v 2.797318 2.000000 0.000008
v 2.202682 2.000000 -0.000002
v 2.202682 2.000000 -4.000000
v 2.969423 1.600824 -3.999996
v 2.934476 1.511428 -3.999996
v 2.934476 1.511428 0.000004
v 2.969422 1.600824 0.000004
v 2.030577 1.600824 -0.000002
v 2.065524 1.511428 -0.000002
v 2.065524 1.511428 -4.000000
v 2.030577 1.600824 -4.000000
v 2.936017 1.955686 -3.999992
v 2.969423 1.899785 -3.999992
v 2.969422 1.899785 0.000008
v 2.936016 1.955686 0.000008
v 2.063983 1.955686 -0.000004
v 2.030577 1.899785 -0.000004
v 2.030577 1.899785 -4.000000
v 2.063983 1.955686 -4.000000
v 2.741135 1.447889 -3.999996
v 2.708235 1.388508 -3.999996
v 2.708235 1.388508 0.000004
v 2.741135 1.447889 0.000004
v 2.258865 1.447889 -0.000002
v 2.291765 1.388508 -0.000002
v 2.291765 1.388508 -4.000000
v 2.258865 1.447889 -4.000000
v 11.021119 0.500000 -4.000000
v 11.021119 0.500000 0.000000
v 9.978881 0.500000 -0.000002
v 9.978881 0.500000 -4.000000
v 11.021119 0.587549 -4.000000
v 11.021119 0.587549 0.000000
v 9.978881 0.587549 -0.000002
v 9.978881 0.587549 -4.000000
v 10.708235 0.733564 -4.000000
v 10.708235 0.733564 0.000000
v 10.291765 0.733564 -0.000002
v 10.291765 0.733564 -4.000000
v 10.797318 2.000000 -3.999992
v 10.797318 2.000000 0.000008
v 10.202682 2.000000 -0.000002
v 10.202682 2.000000 -4.000000
v 10.969423 1.600824 -3.999996
v 10.934477 1.511428 -3.999996
v 10.934476 1.511428 0.000004
v 10.969422 1.600824 0.000004
v 10.030577 1.600824 -0.000002
v 10.065524 1.511428 -0.000002
v 10.065524 1.511428 -4.000000
v 10.030578 1.600824 -4.000000
v 10.936017 1.955686 -3.999992
v 10.969423 1.899785 -3.999992
v 10.969422 1.899785 0.000008
v 10.936016 1.955686 0.000008
v 10.063983 1.955686 -0.000004
v 10.030577 1.899785 -0.000004
v 10.030578 1.899785 -4.000000
v 10.063984 1.955686 -4.000000
v 10.741135 1.447889 -3.999996
v 10.708235 1.388508 -3.999996
v 10.708235 1.388508 0.000004
v 10.741135 1.447889 0.000004
v 10.258864 1.447889 -0.000002
v 10.291765 1.388508 -0.000002
v 10.291765 1.388508 -4.000000
v 10.258864 1.447889 -4.000000
v 3.021119 0.602631 -11.839996
v 1.978881 0.602631 -11.839996
v 3.021119 0.690155 -11.837705
v 1.978881 0.690155 -11.837705
v 2.708235 0.836090 -11.833883
v 2.291765 0.836090 -11.833883
v 2.969423 1.703094 -11.811176
v 2.934476 1.613708 -11.813517
v 2.065524 1.613708 -11.813520
v 2.030577 1.703094 -11.811180
v 2.202682 2.102112 -11.800732
v 2.797318 2.102112 -11.800724
v 2.969423 2.001923 -11.803347
v 2.936017 2.057831 -11.801884
v 2.063983 2.057831 -11.801891
v 2.030577 2.001923 -11.803354
v 2.741135 1.550171 -11.815180
v 2.708235 1.490845 -11.816734
v 2.291765 1.490845 -11.816738
v 2.258865 1.550171 -11.815184
v 11.021119 0.602631 -11.839996
v 9.978881 0.602631 -11.839996
v 11.021119 0.690155 -11.837705
v 9.978881 0.690155 -11.837705
v 10.708235 0.836090 -11.833883
v 10.291765 0.836090 -11.833883
v 10.969423 1.703094 -11.811176
v 10.934477 1.613708 -11.813517
v 10.065524 1.613708 -11.813520
v 10.030578 1.703094 -11.811180
v 10.202682 2.102112 -11.800732
v 10.797318 2.102112 -11.800724
v 10.969423 2.001923 -11.803347
v 10.936017 2.057831 -11.801884
v 10.063984 2.057831 -11.801891
v 10.030578 2.001923 -11.803354
v 10.741135 1.550171 -11.815180
v 10.708235 1.490845 -11.816734
v 10.291765 1.490845 -11.816738
v 10.258864 1.550171 -11.815184
v 3.021119 0.910461 -19.674620
v 1.978881 0.910461 -19.674620
v 3.021119 0.997894 -19.670038
v 1.978881 0.997894 -19.670038
v 2.708235 1.143677 -19.662397
v 2.291765 1.143677 -19.662397
v 2.969423 2.009766 -19.617002
v 2.934476 1.920471 -19.621681
v 2.065524 1.920471 -19.621685
v 2.030577 2.009766 -19.617006
v 2.202682 2.408386 -19.596117
v 2.797318 2.408386 -19.596109
v 2.969423 2.308289 -19.601353
v 2.936017 2.364136 -19.598427
v 2.063983 2.364136 -19.598434
v 2.030577 2.308289 -19.601360
v 2.741135 1.857025 -19.625008
v 2.708235 1.797760 -19.628115
v 2.291765 1.797760 -19.628119
v 2.258865 1.857025 -19.625011
v 11.021119 0.910461 -19.674620
v 9.978881 0.910461 -19.674620
v 11.021119 0.997894 -19.670038
v 9.978881 0.997894 -19.670038
v 10.708235 1.143677 -19.662397
v 10.291765 1.143677 -19.662397
v 10.969423 2.009766 -19.617002
v 10.934477 1.920471 -19.621681
v 10.065524 1.920471 -19.621685
v 10.030578 2.009766 -19.617006
v 10.202682 2.408386 -19.596117
v 10.797318 2.408386 -19.596109
v 10.969423 2.308289 -19.601353
v 10.936017 2.364136 -19.598427
v 10.063984 2.364136 -19.598434
v 10.030578 2.308289 -19.601360
v 10.741135 1.857025 -19.625008
v 10.708235 1.797760 -19.628115
v 10.291765 1.797760 -19.628119
v 10.258864 1.857025 -19.625011
v 3.021119 1.423248 -27.498501
v 1.978881 1.423248 -27.498501
v 3.021119 1.510529 -27.491632
v 1.978881 1.510529 -27.491632
v 2.708235 1.656097 -27.480177
v 2.291765 1.656097 -27.480177
v 2.969423 2.520691 -27.412127
v 2.934476 2.431549 -27.419142
v 2.065524 2.431549 -27.419146
v 2.030577 2.520691 -27.412130
v 2.202682 2.918640 -27.380814
v 2.797318 2.918640 -27.380806
v 2.969423 2.818695 -27.388668
v 2.936017 2.874451 -27.384281
v 2.063983 2.874451 -27.384289
v 2.030577 2.818695 -27.388676
v 2.741135 2.368225 -27.424128
v 2.708235 2.309021 -27.428785
v 2.291765 2.309021 -27.428789
v 2.258865 2.368225 -27.424131
v 11.021119 1.423248 -27.498501
v 9.978881 1.423248 -27.498501
v 11.021119 1.510529 -27.491632
v 9.978881 1.510529 -27.491632
v 10.708235 1.656097 -27.480177
v 10.291765 1.656097 -27.480177
v 10.969423 2.520691 -27.412127
v 10.934477 2.431549 -27.419142
v 10.065524 2.431549 -27.419146
v 10.030578 2.520691 -27.412130
v 10.202682 2.918640 -27.380814
v 10.797318 2.918640 -27.380806
v 10.969423 2.818695 -27.388668
v 10.936017 2.874451 -27.384281
v 10.063984 2.874451 -27.384289
v 10.030578 2.818695 -27.388676
v 10.741135 2.368225 -27.424128
v 10.708235 2.309021 -27.428785
v 10.291765 2.309021 -27.428789
v 10.258864 2.368225 -27.424131
v 3.021119 2.140686 -35.306274
v 1.978881 2.140686 -35.306274
v 3.021119 2.227753 -35.297127
v 1.978881 2.227753 -35.297127
v 2.708235 2.372986 -35.281864
v 2.291765 2.372986 -35.281864
v 2.969423 3.235474 -35.191204
v 2.934476 3.146545 -35.200554
v 2.065524 3.146545 -35.200554
v 2.030577 3.235474 -35.191208
v 2.202682 3.632477 -35.149483
v 2.797318 3.632477 -35.149475
v 2.969423 3.532776 -35.159954
v 2.936017 3.588379 -35.154110
v 2.063983 3.588379 -35.154118
v 2.030577 3.532776 -35.159962
v 2.741135 3.083374 -35.207191
v 2.708235 3.024323 -35.213398
v 2.291765 3.024323 -35.213402
v 2.258865 3.083374 -35.207199
v 11.021119 2.140686 -35.306274
v 9.978881 2.140686 -35.306274
v 11.021119 2.227753 -35.297127
v 9.978881 2.227753 -35.297127
v 10.708235 2.372986 -35.281864
v 10.291765 2.372986 -35.281864
v 10.969423 3.235474 -35.191204
v 10.934477 3.146545 -35.200554
v 10.065524 3.146545 -35.200554
v 10.030578 3.235474 -35.191208
v 10.202682 3.632477 -35.149483
v 10.797318 3.632477 -35.149475
v 10.969423 3.532776 -35.159954
v 10.936017 3.588379 -35.154110
v 10.063984 3.588379 -35.154118
v 10.030578 3.532776 -35.159962
v 10.741135 3.083374 -35.207191
v 10.708235 3.024323 -35.213398
v 10.291765 3.024323 -35.213402
v 10.258864 3.083374 -35.207199
v 3.021119 3.062256 -43.092598
v 1.978881 3.062256 -43.092598
v 3.021119 3.149078 -43.081169
v 1.978881 3.149078 -43.081169
v 2.708235 3.293854 -43.062111
v 2.291765 3.293854 -43.062111
v 2.969423 4.153656 -42.948906
v 2.934476 4.065002 -42.960583
v 2.065524 4.065002 -42.960583
v 2.030577 4.153656 -42.948910
v 2.202682 4.549438 -42.896809
v 2.797318 4.549438 -42.896801
v 2.969423 4.450043 -42.909885
v 2.936017 4.505463 -42.902588
v 2.063983 4.505463 -42.902596
v 2.030577 4.450043 -42.909893
v 2.741135 4.002014 -42.968868
v 2.708235 3.943176 -42.976620
v 2.291765 3.943176 -42.976624
v 2.258865 4.002014 -42.968876
v 11.021119 3.062256 -43.092598
v 9.978881 3.062256 -43.092598
v 11.021119 3.149078 -43.081169
v 9.978881 3.149078 -43.081169
v 10.708235 3.293854 -43.062111
v 10.291765 3.293854 -43.062111
v 10.969423 4.153656 -42.948906
v 10.934477 4.065002 -42.960583
v 10.065524 4.065002 -42.960583
v 10.030578 4.153656 -42.948910
v 10.202682 4.549438 -42.896809
v 10.797318 4.549438 -42.896801
v 10.969423 4.450043 -42.909885
v 10.936017 4.505463 -42.902588
v 10.063984 4.505463 -42.902596
v 10.030578 4.450043 -42.909893
v 10.741135 4.002014 -42.968868
v 10.708235 3.943176 -42.976620
v 10.291765 3.943176 -42.976624
v 10.258864 4.002014 -42.968876
v 3.021119 4.187317 -50.852127
v 1.978881 4.187317 -50.852127
v 3.021119 4.273834 -50.838428
v 1.978881 4.273834 -50.838428
v 2.708235 4.418060 -50.815586
v 2.291765 4.418060 -50.815586
v 2.969423 5.274597 -50.679913
v 2.934476 5.186279 -50.693909
v 2.065524 5.186279 -50.693909
v 2.030577 5.274597 -50.679916
v 2.202682 5.668854 -50.617474
v 2.797318 5.668854 -50.617466
v 2.969423 5.569885 -50.633148
v 2.936017 5.625061 -50.624401
v 2.063983 5.625061 -50.624409
v 2.030577 5.569885 -50.633156
v 2.741135 5.123535 -50.703838
v 2.708235 5.064911 -50.713127
v 2.291765 5.064911 -50.713135
v 2.258865 5.123535 -50.703846
v 11.021119 4.187317 -50.852127
v 9.978881 4.187317 -50.852127
v 11.021119 4.273834 -50.838428
v 9.978881 4.273834 -50.838428
v 10.708235 4.418060 -50.815586
v 10.291765 4.418060 -50.815586
v 10.969423 5.274597 -50.679913
v 10.934477 5.186279 -50.693909
v 10.065524 5.186279 -50.693909
v 10.030578 5.274597 -50.679916
v 10.202682 5.668854 -50.617474
v 10.797318 5.668854 -50.617466
v 10.969423 5.569885 -50.633148
v 10.936017 5.625061 -50.624401
v 10.063984 5.625061 -50.624409
v 10.030578 5.569885 -50.633156
v 10.741135 5.123535 -50.703838
v 10.708235 5.064911 -50.713127
v 10.291765 5.064911 -50.713135
v 10.258864 5.123535 -50.703846
v 3.021119 5.507321 -58.597591
v 1.978881 5.507321 -58.597591
v 3.021119 5.593442 -58.581638
v 1.978881 5.593442 -58.581638
v 2.708235 5.737027 -58.555027
v 2.291765 5.737027 -58.555027
v 2.969423 6.589688 -58.396976
v 2.934476 6.501767 -58.413280
v 2.065524 6.501767 -58.413280
v 2.030577 6.589688 -58.396980
v 2.202682 6.982205 -58.324238
v 2.797318 6.982205 -58.324230
v 2.969423 6.883664 -58.342499
v 2.936017 6.938596 -58.332310
v 2.063983 6.938596 -58.332317
v 2.030577 6.883664 -58.342506
v 2.741135 6.439328 -58.424850
v 2.708235 6.380979 -58.435669
v 2.291765 6.380979 -58.435677
v 2.258865 6.439328 -58.424858
v 11.021119 5.507321 -58.597591
v 9.978881 5.507321 -58.597591
v 11.021119 5.593442 -58.581638
v 9.978881 5.593442 -58.581638
v 10.708235 5.737027 -58.555027
v 10.291765 5.737027 -58.555027
v 10.969423 6.589688 -58.396976
v 10.934477 6.501767 -58.413280
v 10.065524 6.501767 -58.413280
v 10.030578 6.589688 -58.396980
v 10.202682 6.982205 -58.324238
v 10.797318 6.982205 -58.324230
v 10.969423 6.883664 -58.342499
v 10.936017 6.938596 -58.332310
v 10.063984 6.938596 -58.332317
v 10.030578 6.883664 -58.342506
v 10.741135 6.439328 -58.424850
v 10.708235 6.380979 -58.435669
v 10.291765 6.380979 -58.435677
v 10.258864 6.439328 -58.424858
v 3.021151 6.491635 -63.908882
v 1.978912 6.491635 -63.908882
v 3.021151 6.577756 -63.892929
v 1.978912 6.577756 -63.892929
v 2.708266 6.721341 -63.866318
v 2.291796 6.721341 -63.866318
v 2.969454 7.574002 -63.708267
v 2.934507 7.486081 -63.724571
v 2.065555 7.486081 -63.724571
v 2.030608 7.574002 -63.708271
v 2.202713 7.966519 -63.635529
v 2.797349 7.966519 -63.635521
v 2.969454 7.867978 -63.653790
v 2.936048 7.922910 -63.643600
v 2.064014 7.922910 -63.643608
v 2.030608 7.867978 -63.653797
v 2.741167 7.423642 -63.736141
v 2.708266 7.365293 -63.746960
v 2.291796 7.365293 -63.746967
v 2.258896 7.423642 -63.736149
v 11.021151 6.491635 -63.908882
v 9.978912 6.491635 -63.908882
v 11.021151 6.577756 -63.892929
v 9.978912 6.577756 -63.892929
v 10.708265 6.721341 -63.866318
v 10.291797 6.721341 -63.866318
v 10.969454 7.574002 -63.708267
v 10.934507 7.486081 -63.724571
v 10.065556 7.486081 -63.724571
v 10.030609 7.574002 -63.708271
v 10.202714 7.966519 -63.635529
v 10.797348 7.966519 -63.635521
v 10.969454 7.867978 -63.653790
v 10.936049 7.922910 -63.643600
v 10.064015 7.922910 -63.643608
v 10.030609 7.867978 -63.653797
v 10.741165 7.423642 -63.736141
v 10.708265 7.365293 -63.746960
v 10.291797 7.365293 -63.746967
v 10.258896 7.423642 -63.736149
v 2.765345 0.732239 -11.431302
v 2.765345 0.826569 -11.428832
v 2.765345 0.847809 -12.238876
v 2.765345 0.753479 -12.241346
v 3.226461 0.847809 -12.238876
v 3.226461 0.753479 -12.241346
v 3.226461 0.732239 -11.431302
v 3.226461 0.826569 -11.428832
v 3.350001 0.597992 -12.245418
v 3.444341 0.597992 -12.245418
v 3.444341 0.576752 -11.435373
v 3.350001 0.576752 -11.435373
v 3.350001 0.679962 -12.243271
v 3.444341 0.679962 -12.243271
v 3.444341 0.658722 -11.433228
v 3.350001 0.658722 -11.433228
v 3.311992 0.709381 -11.431901
v 3.368091 0.785217 -11.429915
v 3.368091 0.806458 -12.239960
v 3.311992 0.730621 -12.241945
v 3.026007 0.553131 -11.891310
v 3.112609 0.554443 -11.941293
v 3.199212 0.553131 -11.891310
v 3.199212 0.550507 -11.791344
v 3.112609 0.549194 -11.741362
v 3.026007 0.550507 -11.791344
v 3.026007 0.931549 -11.881401
v 3.026007 0.928925 -11.781435
v 3.112609 0.927612 -11.731451
v 3.199212 0.928925 -11.781435
v 3.199212 0.931549 -11.881401
v 3.112609 0.932861 -11.931383
v 2.231962 0.753479 -12.241346
v 2.231962 0.847809 -12.238876
v 2.231962 0.826569 -11.428832
v 2.231962 0.732239 -11.431302
v 1.770847 0.826569 -11.428832
v 1.770847 0.732239 -11.431302
v 1.770847 0.753479 -12.241346
v 1.770847 0.847809 -12.238876
v 1.647306 0.576752 -11.435373
v 1.552966 0.576752 -11.435373
v 1.552966 0.597992 -12.245418
v 1.647306 0.597992 -12.245418
v 1.647306 0.658722 -11.433228
v 1.552966 0.658722 -11.433228
v 1.552966 0.679962 -12.243271
v 1.647306 0.679962 -12.243271
v 1.685316 0.730621 -12.241945
v 1.629217 0.806458 -12.239960
v 1.629217 0.785217 -11.429915
v 1.685316 0.709381 -11.431901
v 1.971301 0.550507 -11.791344
v 1.884698 0.549194 -11.741362
v 1.798096 0.550507 -11.791344
v 1.798096 0.553131 -11.891310
v 1.884698 0.554443 -11.941293
v 1.971301 0.553131 -11.891310
v 1.971301 0.928925 -11.781435
v 1.971301 0.931549 -11.881401
v 1.884698 0.932861 -11.931383
v 1.798096 0.931549 -11.881401
v 1.798096 0.928925 -11.781435
v 1.884698 0.927612 -11.731451
v 10.234653 0.732239 -11.431302
v 10.234653 0.753479 -12.241346
v 10.234653 0.847809 -12.238876
v 10.234653 0.826569 -11.428832
v 9.773539 0.753479 -12.241346
v 9.773539 0.847809 -12.238876
v 9.773539 0.732239 -11.431302
v 9.773539 0.826569 -11.428832
v 9.649998 0.597992 -12.245418
v 9.649998 0.576752 -11.435373
v 9.555658 0.576752 -11.435373
v 9.555658 0.597992 -12.245418
v 9.649998 0.679962 -12.243271
v 9.555658 0.679962 -12.243271
v 9.555658 0.658722 -11.433228
v 9.649998 0.658722 -11.433228
v 9.688007 0.709381 -11.431901
v 9.631908 0.785217 -11.429915
v 9.631908 0.806458 -12.239960
v 9.688007 0.730621 -12.241945
v 9.973993 0.553131 -11.891310
v 9.973993 0.550507 -11.791344
v 9.887390 0.549194 -11.741362
v 9.800787 0.550507 -11.791344
v 9.800787 0.553131 -11.891310
v 9.887390 0.554443 -11.941293
v 9.973993 0.931549 -11.881401
v 9.887390 0.932861 -11.931383
v 9.800787 0.931549 -11.881401
v 9.800787 0.928925 -11.781435
v 9.887390 0.927612 -11.731451
v 9.973993 0.928925 -11.781435
v 10.768038 0.753479 -12.241346
v 10.768038 0.732239 -11.431302
v 10.768038 0.826569 -11.428832
v 10.768038 0.847809 -12.238876
v 11.229153 0.732239 -11.431302
v 11.229153 0.826569 -11.428832
v 11.229153 0.753479 -12.241346
v 11.229153 0.847809 -12.238876
v 11.352694 0.576752 -11.435373
v 11.352694 0.597992 -12.245418
v 11.447033 0.597992 -12.245418
v 11.447033 0.576752 -11.435373
v 11.352694 0.658722 -11.433228
v 11.447033 0.658722 -11.433228
v 11.447033 0.679962 -12.243271
v 11.352694 0.679962 -12.243271
v 11.314684 0.730621 -12.241945
v 11.370783 0.806458 -12.239960
v 11.370783 0.785217 -11.429915
v 11.314684 0.709381 -11.431901
v 11.028698 0.550507 -11.791344
v 11.028698 0.553131 -11.891310
v 11.115301 0.554443 -11.941293
v 11.201904 0.553131 -11.891310
v 11.201904 0.550507 -11.791344
v 11.115301 0.549194 -11.741362
v 11.028698 0.928925 -11.781435
v 11.115301 0.927612 -11.731451
v 11.201904 0.928925 -11.781435
v 11.201904 0.931549 -11.881401
v 11.115301 0.932861 -11.931383
v 11.028698 0.931549 -11.881401
v 2.765345 1.029297 -19.262672
v 2.765345 1.123535 -19.257734
v 2.765345 1.165985 -20.066946
v 2.765345 1.071747 -20.071884
v 3.226461 1.165985 -20.066946
v 3.226461 1.071747 -20.071884
v 3.226461 1.029297 -19.262672
v 3.226461 1.123535 -19.257734
v 3.350001 0.916443 -20.080023
v 3.444341 0.916443 -20.080023
v 3.444341 0.873993 -19.270813
v 3.350001 0.873993 -19.270813
v 3.350001 0.998322 -20.075731
v 3.444341 0.998322 -20.075731
v 3.444341 0.955872 -19.266521
v 3.350001 0.955872 -19.266521
v 3.311992 1.006500 -19.263870
v 3.368091 1.082245 -19.259899
v 3.368091 1.124664 -20.069111
v 3.311992 1.048920 -20.073082
v 3.026007 0.862305 -19.727211
v 3.112609 0.864929 -19.777143
v 3.199212 0.862305 -19.727211
v 3.199212 0.857056 -19.627348
v 3.112609 0.854431 -19.577417
v 3.026007 0.857056 -19.627348
v 3.026007 1.240326 -19.707401
v 3.026007 1.235107 -19.607536
v 3.112609 1.232483 -19.557606
v 3.199212 1.235107 -19.607536
v 3.199212 1.240326 -19.707401
v 3.112609 1.242950 -19.757332
v 2.231962 1.071747 -20.071884
v 2.231962 1.165985 -20.066946
v 2.231962 1.123535 -19.257734
v 2.231962 1.029297 -19.262672
v 1.770847 1.123535 -19.257734
v 1.770847 1.029297 -19.262672
v 1.770847 1.071747 -20.071884
v 1.770847 1.165985 -20.066946
v 1.647306 0.873993 -19.270813
v 1.552966 0.873993 -19.270813
v 1.552966 0.916443 -20.080023
v 1.647306 0.916443 -20.080023
v 1.647306 0.955872 -19.266521
v 1.552966 0.955872 -19.266521
v 1.552966 0.998322 -20.075731
v 1.647306 0.998322 -20.075731
v 1.685316 1.048920 -20.073082
v 1.629217 1.124664 -20.069111
v 1.629217 1.082245 -19.259899
v 1.685316 1.006500 -19.263870
v 1.971301 0.857056 -19.627348
v 1.884698 0.854431 -19.577417
v 1.798096 0.857056 -19.627348
v 1.798096 0.862305 -19.727211
v 1.884698 0.864929 -19.777143
v 1.971301 0.862305 -19.727211
v 1.971301 1.235107 -19.607536
v 1.971301 1.240326 -19.707401
v 1.884698 1.242950 -19.757332
v 1.798096 1.240326 -19.707401
v 1.798096 1.235107 -19.607536
v 1.884698 1.232483 -19.557606
v 10.234653 1.029297 -19.262672
v 10.234653 1.071747 -20.071884
v 10.234653 1.165985 -20.066946
v 10.234653 1.123535 -19.257734
v 9.773539 1.071747 -20.071884
v 9.773539 1.165985 -20.066946
v 9.773539 1.029297 -19.262672
v 9.773539 1.123535 -19.257734
v 9.649998 0.916443 -20.080023
v 9.649998 0.873993 -19.270813
v 9.555658 0.873993 -19.270813
v 9.555658 0.916443 -20.080023
v 9.649998 0.998322 -20.075731
v 9.555658 0.998322 -20.075731
v 9.555658 0.955872 -19.266521
v 9.649998 0.955872 -19.266521
v 9.688007 1.006500 -19.263870
v 9.631908 1.082245 -19.259899
v 9.631908 1.124664 -20.069111
v 9.688007 1.048920 -20.073082
v 9.973993 0.862305 -19.727211
v 9.973993 0.857056 -19.627348
v 9.887390 0.854431 -19.577417
v 9.800787 0.857056 -19.627348
v 9.800787 0.862305 -19.727211
v 9.887390 0.864929 -19.777143
v 9.973993 1.240326 -19.707401
v 9.887390 1.242950 -19.757332
v 9.800787 1.240326 -19.707401
v 9.800787 1.235107 -19.607536
v 9.887390 1.232483 -19.557606
v 9.973993 1.235107 -19.607536
v 10.768038 1.071747 -20.071884
v 10.768038 1.029297 -19.262672
v 10.768038 1.123535 -19.257734
v 10.768038 1.165985 -20.066946
v 11.229153 1.029297 -19.262672
v 11.229153 1.123535 -19.257734
v 11.229153 1.071747 -20.071884
v 11.229153 1.165985 -20.066946
v 11.352694 0.873993 -19.270813
v 11.352694 0.916443 -20.080023
v 11.447033 0.916443 -20.080023
v 11.447033 0.873993 -19.270813
v 11.352694 0.955872 -19.266521
v 11.447033 0.955872 -19.266521
v 11.447033 0.998322 -20.075731
v 11.352694 0.998322 -20.075731
v 11.314684 1.048920 -20.073082
v 11.370783 1.124664 -20.069111
v 11.370783 1.082245 -19.259899
v 11.314684 1.006500 -19.263870
v 11.028698 0.857056 -19.627348
v 11.028698 0.862305 -19.727211
v 11.115301 0.864929 -19.777143
v 11.201904 0.862305 -19.727211
v 11.201904 0.857056 -19.627348
v 11.115301 0.854431 -19.577417
v 11.028698 1.235107 -19.607536
v 11.115301 1.232483 -19.557606
v 11.201904 1.235107 -19.607536
v 11.201904 1.240326 -19.707401
v 11.115301 1.242950 -19.757332
v 11.028698 1.240326 -19.707401
v 2.765345 1.531281 -27.083584
v 2.765345 1.625366 -27.076180
v 2.765345 1.688965 -27.884003
v 2.765345 1.594910 -27.891407
v 3.226461 1.688965 -27.884003
v 3.226461 1.594910 -27.891407
v 3.226461 1.531281 -27.083584
v 3.226461 1.625366 -27.076180
v 3.350001 1.439850 -27.903608
v 3.444341 1.439850 -27.903608
v 3.444341 1.376251 -27.095787
v 3.350001 1.376251 -27.095787
v 3.350001 1.521576 -27.897175
v 3.444341 1.521576 -27.897175
v 3.444341 1.457977 -27.089354
v 3.350001 1.457977 -27.089354
v 3.311992 1.508514 -27.085379
v 3.368091 1.584106 -27.079426
v 3.368091 1.647736 -27.887249
v 3.311992 1.572113 -27.893200
v 3.026007 1.376495 -27.552334
v 3.112609 1.380432 -27.602180
v 3.199212 1.376495 -27.552334
v 3.199212 1.368652 -27.452642
v 3.112609 1.364716 -27.402798
v 3.026007 1.368652 -27.452642
v 3.026007 1.753876 -27.522636
v 3.026007 1.746063 -27.422941
v 3.112609 1.742126 -27.373096
v 3.199212 1.746063 -27.422941
v 3.199212 1.753876 -27.522636
v 3.112609 1.757812 -27.572481
v 2.231962 1.594910 -27.891407
v 2.231962 1.688965 -27.884003
v 2.231962 1.625366 -27.076180
v 2.231962 1.531281 -27.083584
v 1.770847 1.625366 -27.076180
v 1.770847 1.531281 -27.083584
v 1.770847 1.594910 -27.891407
v 1.770847 1.688965 -27.884003
v 1.647306 1.376251 -27.095787
v 1.552966 1.376251 -27.095787
v 1.552966 1.439850 -27.903608
v 1.647306 1.439850 -27.903608
v 1.647306 1.457977 -27.089354
v 1.552966 1.457977 -27.089354
v 1.552966 1.521576 -27.897175
v 1.647306 1.521576 -27.897175
v 1.685316 1.572113 -27.893200
v 1.629217 1.647736 -27.887249
v 1.629217 1.584106 -27.079426
v 1.685316 1.508514 -27.085379
v 1.971301 1.368652 -27.452642
v 1.884698 1.364716 -27.402798
v 1.798096 1.368652 -27.452642
v 1.798096 1.376495 -27.552334
v 1.884698 1.380432 -27.602180
v 1.971301 1.376495 -27.552334
v 1.971301 1.746063 -27.422941
v 1.971301 1.753876 -27.522636
v 1.884698 1.757812 -27.572481
v 1.798096 1.753876 -27.522636
v 1.798096 1.746063 -27.422941
v 1.884698 1.742126 -27.373096
v 10.234653 1.531281 -27.083584
v 10.234653 1.594910 -27.891407
v 10.234653 1.688965 -27.884003
v 10.234653 1.625366 -27.076180
v 9.773539 1.594910 -27.891407
v 9.773539 1.688965 -27.884003
v 9.773539 1.531281 -27.083584
v 9.773539 1.625366 -27.076180
v 9.649998 1.439850 -27.903608
v 9.649998 1.376251 -27.095787
v 9.555658 1.376251 -27.095787
v 9.555658 1.439850 -27.903608
v 9.649998 1.521576 -27.897175
v 9.555658 1.521576 -27.897175
v 9.555658 1.457977 -27.089354
v 9.649998 1.457977 -27.089354
v 9.688007 1.508514 -27.085379
v 9.631908 1.584106 -27.079426
v 9.631908 1.647736 -27.887249
v 9.688007 1.572113 -27.893200
v 9.973993 1.376495 -27.552334
v 9.973993 1.368652 -27.452642
v 9.887390 1.364716 -27.402798
v 9.800787 1.368652 -27.452642
v 9.800787 1.376495 -27.552334
v 9.887390 1.380432 -27.602180
v 9.973993 1.753876 -27.522636
v 9.887390 1.757812 -27.572481
v 9.800787 1.753876 -27.522636
v 9.800787 1.746063 -27.422941
v 9.887390 1.742126 -27.373096
v 9.973993 1.746063 -27.422941
v 10.768038 1.594910 -27.891407
v 10.768038 1.531281 -27.083584
v 10.768038 1.625366 -27.076180
v 10.768038 1.688965 -27.884003
v 11.229153 1.531281 -27.083584
v 11.229153 1.625366 -27.076180
v 11.229153 1.594910 -27.891407
v 11.229153 1.688965 -27.884003
v 11.352694 1.376251 -27.095787
v 11.352694 1.439850 -27.903608
v 11.447033 1.439850 -27.903608
v 11.447033 1.376251 -27.095787
v 11.352694 1.457977 -27.089354
v 11.447033 1.457977 -27.089354
v 11.447033 1.521576 -27.897175
v 11.352694 1.521576 -27.897175
v 11.314684 1.572113 -27.893200
v 11.370783 1.647736 -27.887249
v 11.370783 1.584106 -27.079426
v 11.314684 1.508514 -27.085379
v 11.028698 1.368652 -27.452642
v 11.028698 1.376495 -27.552334
v 11.115301 1.380432 -27.602180
v 11.201904 1.376495 -27.552334
v 11.201904 1.368652 -27.452642
v 11.115301 1.364716 -27.402798
v 11.028698 1.746063 -27.422941
v 11.115301 1.742126 -27.373096
v 11.201904 1.746063 -27.422941
v 11.201904 1.753876 -27.522636
v 11.115301 1.757812 -27.572481
v 11.028698 1.753876 -27.522636
v 2.765345 2.237793 -34.888676
v 2.765345 2.331665 -34.878807
v 2.765345 2.416412 -35.684692
v 2.765345 2.322571 -35.694557
v 3.226461 2.416412 -35.684692
v 3.226461 2.322571 -35.694557
v 3.226461 2.237793 -34.888676
v 3.226461 2.331665 -34.878807
v 3.350001 2.167877 -35.710812
v 3.444341 2.167877 -35.710812
v 3.444341 2.083160 -34.904930
v 3.350001 2.083160 -34.904930
v 3.350001 2.249390 -35.702240
v 3.444341 2.249390 -35.702240
v 3.444341 2.164673 -34.896362
v 3.350001 2.164673 -34.896362
v 3.311992 2.215118 -34.891068
v 3.368091 2.290527 -34.883137
v 3.368091 2.375275 -35.689018
v 3.311992 2.299835 -35.696945
v 3.026007 2.095337 -35.361317
v 3.112609 2.100586 -35.411041
v 3.199212 2.095337 -35.361317
v 3.199212 2.084900 -35.261864
v 3.112609 2.079651 -35.212139
v 3.026007 2.084900 -35.261864
v 3.026007 2.471832 -35.321751
v 3.026007 2.461395 -35.222294
v 3.112609 2.456177 -35.172569
v 3.199212 2.461395 -35.222294
v 3.199212 2.471832 -35.321751
v 3.112609 2.477081 -35.371475
v 2.231962 2.322571 -35.694557
v 2.231962 2.416412 -35.684692
v 2.231962 2.331665 -34.878807
v 2.231962 2.237793 -34.888676
v 1.770847 2.331665 -34.878807
v 1.770847 2.237793 -34.888676
v 1.770847 2.322571 -35.694557
v 1.770847 2.416412 -35.684692
v 1.647306 2.083160 -34.904930
v 1.552966 2.083160 -34.904930
v 1.552966 2.167877 -35.710812
v 1.647306 2.167877 -35.710812
v 1.647306 2.164673 -34.896362
v 1.552966 2.164673 -34.896362
v 1.552966 2.249390 -35.702240
v 1.647306 2.249390 -35.702240
v 1.685316 2.299835 -35.696945
v 1.629217 2.375275 -35.689018
v 1.629217 2.290527 -34.883137
v 1.685316 2.215118 -34.891068
v 1.971301 2.084900 -35.261864
v 1.884698 2.079651 -35.212139
v 1.798096 2.084900 -35.261864
v 1.798096 2.095337 -35.361317
v 1.884698 2.100586 -35.411041
v 1.971301 2.095337 -35.361317
v 1.971301 2.461395 -35.222294
v 1.971301 2.471832 -35.321751
v 1.884698 2.477081 -35.371475
v 1.798096 2.471832 -35.321751
v 1.798096 2.461395 -35.222294
v 1.884698 2.456177 -35.172569
v 10.234653 2.237793 -34.888676
v 10.234653 2.322571 -35.694557
v 10.234653 2.416412 -35.684692
v 10.234653 2.331665 -34.878807
v 9.773539 2.322571 -35.694557
v 9.773539 2.416412 -35.684692
v 9.773539 2.237793 -34.888676
v 9.773539 2.331665 -34.878807
v 9.649998 2.167877 -35.710812
v 9.649998 2.083160 -34.904930
v 9.555658 2.083160 -34.904930
v 9.555658 2.167877 -35.710812
v 9.649998 2.249390 -35.702240
v 9.555658 2.249390 -35.702240
v 9.555658 2.164673 -34.896362
v 9.649998 2.164673 -34.896362
v 9.688007 2.215118 -34.891068
v 9.631908 2.290527 -34.883137
v 9.631908 2.375275 -35.689018
v 9.688007 2.299835 -35.696945
v 9.973993 2.095337 -35.361317
v 9.973993 2.084900 -35.261864
v 9.887390 2.079651 -35.212139
v 9.800787 2.084900 -35.261864
v 9.800787 2.095337 -35.361317
v 9.887390 2.100586 -35.411041
v 9.973993 2.471832 -35.321751
v 9.887390 2.477081 -35.371475
v 9.800787 2.471832 -35.321751
v 9.800787 2.461395 -35.222294
v 9.887390 2.456177 -35.172569
v 9.973993 2.461395 -35.222294
v 10.768038 2.322571 -35.694557
v 10.768038 2.237793 -34.888676
v 10.768038 2.331665 -34.878807
v 10.768038 2.416412 -35.684692
v 11.229153 2.237793 -34.888676
v 11.229153 2.331665 -34.878807
v 11.229153 2.322571 -35.694557
v 11.229153 2.416412 -35.684692
v 11.352694 2.083160 -34.904930
v 11.352694 2.167877 -35.710812
v 11.447033 2.167877 -35.710812
v 11.447033 2.083160 -34.904930
v 11.352694 2.164673 -34.896362
v 11.447033 2.164673 -34.896362
v 11.447033 2.249390 -35.702240
v 11.352694 2.249390 -35.702240
v 11.314684 2.299835 -35.696945
v 11.370783 2.375275 -35.689018
v 11.370783 2.290527 -34.883137
v 11.314684 2.215118 -34.891068
v 11.028698 2.084900 -35.261864
v 11.028698 2.095337 -35.361317
v 11.115301 2.100586 -35.411041
v 11.201904 2.095337 -35.361317
v 11.201904 2.084900 -35.261864
v 11.115301 2.079651 -35.212139
v 11.028698 2.461395 -35.222294
v 11.115301 2.456177 -35.172569
v 11.201904 2.461395 -35.222294
v 11.201904 2.471832 -35.321751
v 11.115301 2.477081 -35.371475
v 11.028698 2.471832 -35.321751
v 2.765345 3.148376 -42.672600
v 2.765345 3.241974 -42.660275
v 2.765345 3.347778 -43.463665
v 2.765345 3.254242 -43.475983
v 3.226461 3.347778 -43.463665
v 3.226461 3.254242 -43.475983
v 3.226461 3.148376 -42.672600
v 3.226461 3.241974 -42.660275
v 3.350001 3.100006 -43.496281
v 3.444341 3.100006 -43.496281
v 3.444341 2.994232 -42.692894
v 3.350001 2.994232 -42.692894
v 3.350001 3.181274 -43.485580
v 3.444341 3.181274 -43.485580
v 3.444341 3.075500 -42.682194
v 3.350001 3.075500 -42.682194
v 3.311992 3.125793 -42.675583
v 3.368091 3.200989 -42.665680
v 3.368091 3.306793 -43.469067
v 3.311992 3.231598 -43.478966
v 3.026007 3.018372 -43.148808
v 3.112609 3.024902 -43.198376
v 3.199212 3.018372 -43.148808
v 3.199212 3.005310 -43.049660
v 3.112609 2.998779 -43.000092
v 3.026007 3.005310 -43.049660
v 3.026007 3.393707 -43.099400
v 3.026007 3.380646 -43.000248
v 3.112609 3.374146 -42.950676
v 3.199212 3.380646 -43.000248
v 3.199212 3.393707 -43.099400
v 3.112609 3.400238 -43.148968
v 2.231962 3.254242 -43.475983
v 2.231962 3.347778 -43.463665
v 2.231962 3.241974 -42.660275
v 2.231962 3.148376 -42.672600
v 1.770847 3.241974 -42.660275
v 1.770847 3.148376 -42.672600
v 1.770847 3.254242 -43.475983
v 1.770847 3.347778 -43.463665
v 1.647306 2.994232 -42.692894
v 1.552966 2.994232 -42.692894
v 1.552966 3.100006 -43.496281
v 1.647306 3.100006 -43.496281
v 1.647306 3.075500 -42.682194
v 1.552966 3.075500 -42.682194
v 1.552966 3.181274 -43.485580
v 1.647306 3.181274 -43.485580
v 1.685316 3.231598 -43.478966
v 1.629217 3.306793 -43.469067
v 1.629217 3.200989 -42.665680
v 1.685316 3.125793 -42.675583
v 1.971301 3.005310 -43.049660
v 1.884698 2.998779 -43.000092
v 1.798096 3.005310 -43.049660
v 1.798096 3.018372 -43.148808
v 1.884698 3.024902 -43.198376
v 1.971301 3.018372 -43.148808
v 1.971301 3.380646 -43.000248
v 1.971301 3.393707 -43.099400
v 1.884698 3.400238 -43.148968
v 1.798096 3.393707 -43.099400
v 1.798096 3.380646 -43.000248
v 1.884698 3.374146 -42.950676
v 10.234653 3.148376 -42.672600
v 10.234653 3.254242 -43.475983
v 10.234653 3.347778 -43.463665
v 10.234653 3.241974 -42.660275
v 9.773539 3.254242 -43.475983
v 9.773539 3.347778 -43.463665
v 9.773539 3.148376 -42.672600
v 9.773539 3.241974 -42.660275
v 9.649998 3.100006 -43.496281
v 9.649998 2.994232 -42.692894
v 9.555658 2.994232 -42.692894
v 9.555658 3.100006 -43.496281
v 9.649998 3.181274 -43.485580
v 9.555658 3.181274 -43.485580
v 9.555658 3.075500 -42.682194
v 9.649998 3.075500 -42.682194
v 9.688007 3.125793 -42.675583
v 9.631908 3.200989 -42.665680
v 9.631908 3.306793 -43.469067
v 9.688007 3.231598 -43.478966
v 9.973993 3.018372 -43.148808
v 9.973993 3.005310 -43.049660
v 9.887390 2.998779 -43.000092
v 9.800787 3.005310 -43.049660
v 9.800787 3.018372 -43.148808
v 9.887390 3.024902 -43.198376
v 9.973993 3.393707 -43.099400
v 9.887390 3.400238 -43.148968
v 9.800787 3.393707 -43.099400
v 9.800787 3.380646 -43.000248
v 9.887390 3.374146 -42.950676
v 9.973993 3.380646 -43.000248
v 10.768038 3.254242 -43.475983
v 10.768038 3.148376 -42.672600
v 10.768038 3.241974 -42.660275
v 10.768038 3.347778 -43.463665
v 11.229153 3.148376 -42.672600
v 11.229153 3.241974 -42.660275
v 11.229153 3.254242 -43.475983
v 11.229153 3.347778 -43.463665
v 11.352694 2.994232 -42.692894
v 11.352694 3.100006 -43.496281
v 11.447033 3.100006 -43.496281
v 11.447033 2.994232 -42.692894
v 11.352694 3.075500 -42.682194
v 11.447033 3.075500 -42.682194
v 11.447033 3.181274 -43.485580
v 11.352694 3.181274 -43.485580
v 11.314684 3.231598 -43.478966
v 11.370783 3.306793 -43.469067
v 11.370783 3.200989 -42.665680
v 11.314684 3.125793 -42.675583
v 11.028698 3.005310 -43.049660
v 11.028698 3.018372 -43.148808
v 11.115301 3.024902 -43.198376
v 11.201904 3.018372 -43.148808
v 11.201904 3.005310 -43.049660
v 11.115301 2.998779 -43.000092
v 11.028698 3.380646 -43.000248
v 11.115301 3.374146 -42.950676
v 11.201904 3.380646 -43.000248
v 11.201904 3.393707 -43.099400
v 11.115301 3.400238 -43.148968
v 11.028698 3.393707 -43.099400
v 2.765345 4.262421 -50.430016
v 2.765345 4.355652 -50.415245
v 2.765345 4.482483 -51.215591
v 2.765345 4.389282 -51.230354
v 3.226461 4.482483 -51.215591
v 3.226461 4.389282 -51.230354
v 3.226461 4.262421 -50.430016
v 3.226461 4.355652 -50.415245
v 3.350001 4.235657 -51.254684
v 3.444341 4.235657 -51.254684
v 3.444341 4.108856 -50.454338
v 3.350001 4.108856 -50.454338
v 3.350001 4.316589 -51.241859
v 3.444341 4.316589 -51.241859
v 3.444341 4.189819 -50.441517
v 3.350001 4.189819 -50.441517
v 3.311992 4.239929 -50.433594
v 3.368091 4.314850 -50.421722
v 3.368091 4.441620 -51.222069
v 3.311992 4.366730 -51.233932
v 3.026007 4.144958 -50.909466
v 3.112609 4.152771 -50.958847
v 3.199212 4.144958 -50.909466
v 3.199212 4.129272 -50.810692
v 3.112609 4.121460 -50.761314
v 3.026007 4.129272 -50.810692
v 3.026007 4.518829 -50.850250
v 3.026007 4.503204 -50.751476
v 3.112609 4.495422 -50.702087
v 3.199212 4.503204 -50.751476
v 3.199212 4.518829 -50.850250
v 3.112609 4.526672 -50.899628
v 2.231962 4.389282 -51.230354
v 2.231962 4.482483 -51.215591
v 2.231962 4.355652 -50.415245
v 2.231962 4.262421 -50.430016
v 1.770847 4.355652 -50.415245
v 1.770847 4.262421 -50.430016
v 1.770847 4.389282 -51.230354
v 1.770847 4.482483 -51.215591
v 1.647306 4.108856 -50.454338
v 1.552966 4.108856 -50.454338
v 1.552966 4.235657 -51.254684
v 1.647306 4.235657 -51.254684
v 1.647306 4.189819 -50.441517
v 1.552966 4.189819 -50.441517
v 1.552966 4.316589 -51.241859
v 1.647306 4.316589 -51.241859
v 1.685316 4.366730 -51.233932
v 1.629217 4.441620 -51.222069
v 1.629217 4.314850 -50.421722
v 1.685316 4.239929 -50.433594
v 1.971301 4.129272 -50.810692
v 1.884698 4.121460 -50.761314
v 1.798096 4.129272 -50.810692
v 1.798096 4.144958 -50.909466
v 1.884698 4.152771 -50.958847
v 1.971301 4.144958 -50.909466
v 1.971301 4.503204 -50.751476
v 1.971301 4.518829 -50.850250
v 1.884698 4.526672 -50.899628
v 1.798096 4.518829 -50.850250
v 1.798096 4.503204 -50.751476
v 1.884698 4.495422 -50.702087
v 10.234653 4.262421 -50.430016
v 10.234653 4.389282 -51.230354
v 10.234653 4.482483 -51.215591
v 10.234653 4.355652 -50.415245
v 9.773539 4.389282 -51.230354
v 9.773539 4.482483 -51.215591
v 9.773539 4.262421 -50.430016
v 9.773539 4.355652 -50.415245
v 9.649998 4.235657 -51.254684
v 9.649998 4.108856 -50.454338
v 9.555658 4.108856 -50.454338
v 9.555658 4.235657 -51.254684
v 9.649998 4.316589 -51.241859
v 9.555658 4.316589 -51.241859
v 9.555658 4.189819 -50.441517
v 9.649998 4.189819 -50.441517
v 9.688007 4.239929 -50.433594
v 9.631908 4.314850 -50.421722
v 9.631908 4.441620 -51.222069
v 9.688007 4.366730 -51.233932
v 9.973993 4.144958 -50.909466
v 9.973993 4.129272 -50.810692
v 9.887390 4.121460 -50.761314
v 9.800787 4.129272 -50.810692
v 9.800787 4.144958 -50.909466
v 9.887390 4.152771 -50.958847
v 9.973993 4.518829 -50.850250
v 9.887390 4.526672 -50.899628
v 9.800787 4.518829 -50.850250
v 9.800787 4.503204 -50.751476
v 9.887390 4.495422 -50.702087
v 9.973993 4.503204 -50.751476
v 10.768038 4.389282 -51.230354
v 10.768038 4.262421 -50.430016
v 10.768038 4.355652 -50.415245
v 10.768038 4.482483 -51.215591
v 11.229153 4.262421 -50.430016
v 11.229153 4.355652 -50.415245
v 11.229153 4.389282 -51.230354
v 11.229153 4.482483 -51.215591
v 11.352694 4.108856 -50.454338
v 11.352694 4.235657 -51.254684
v 11.447033 4.235657 -51.254684
v 11.447033 4.108856 -50.454338
v 11.352694 4.189819 -50.441517
v 11.447033 4.189819 -50.441517
v 11.447033 4.316589 -51.241859
v 11.352694 4.316589 -51.241859
v 11.314684 4.366730 -51.233932
v 11.370783 4.441620 -51.222069
v 11.370783 4.314850 -50.421722
v 11.314684 4.239929 -50.433594
v 11.028698 4.129272 -50.810692
v 11.028698 4.144958 -50.909466
v 11.115301 4.152771 -50.958847
v 11.201904 4.144958 -50.909466
v 11.201904 4.129272 -50.810692
v 11.115301 4.121460 -50.761314
v 11.028698 4.503204 -50.751476
v 11.115301 4.495422 -50.702087
v 11.201904 4.503204 -50.751476
v 11.201904 4.518829 -50.850250
v 11.115301 4.526672 -50.899628
v 11.028698 4.518829 -50.850250
v 2.765345 5.579163 -58.155613
v 2.765345 5.671967 -58.138409
v 2.765345 5.819702 -58.935162
v 2.765345 5.726929 -58.952354
v 3.226461 5.819702 -58.935162
v 3.226461 5.726929 -58.952354
v 3.226461 5.579163 -58.155613
v 3.226461 5.671967 -58.138409
v 3.350001 5.573975 -58.980698
v 3.444341 5.573975 -58.980698
v 3.444341 5.426270 -58.183949
v 3.350001 5.426270 -58.183949
v 3.350001 5.654541 -58.965759
v 3.444341 5.654541 -58.965759
v 3.444341 5.506897 -58.169010
v 3.350001 5.506897 -58.169010
v 3.311992 5.556763 -58.159779
v 3.368091 5.631348 -58.145950
v 3.368091 5.779053 -58.942703
v 3.311992 5.704498 -58.956524
v 3.026007 5.474274 -58.637974
v 3.112609 5.483398 -58.687134
v 3.199212 5.474274 -58.637974
v 3.199212 5.456024 -58.539642
v 3.112609 5.446899 -58.490490
v 3.026007 5.456024 -58.539642
v 3.026007 5.846497 -58.568993
v 3.026007 5.828278 -58.470657
v 3.112609 5.819183 -58.421494
v 3.199212 5.828278 -58.470657
v 3.199212 5.846497 -58.568993
v 3.112609 5.855621 -58.618149
v 2.231962 5.726929 -58.952354
v 2.231962 5.819702 -58.935162
v 2.231962 5.671967 -58.138409
v 2.231962 5.579163 -58.155613
v 1.770847 5.671967 -58.138409
v 1.770847 5.579163 -58.155613
v 1.770847 5.726929 -58.952354
v 1.770847 5.819702 -58.935162
v 1.647306 5.426270 -58.183949
v 1.552966 5.426270 -58.183949
v 1.552966 5.573975 -58.980698
v 1.647306 5.573975 -58.980698
v 1.647306 5.506897 -58.169010
v 1.552966 5.506897 -58.169010
v 1.552966 5.654541 -58.965759
v 1.647306 5.654541 -58.965759
v 1.685316 5.704498 -58.956524
v 1.629217 5.779053 -58.942703
v 1.629217 5.631348 -58.145950
v 1.685316 5.556763 -58.159779
v 1.971301 5.456024 -58.539642
v 1.884698 5.446899 -58.490490
v 1.798096 5.456024 -58.539642
v 1.798096 5.474274 -58.637974
v 1.884698 5.483398 -58.687134
v 1.971301 5.474274 -58.637974
v 1.971301 5.828278 -58.470657
v 1.971301 5.846497 -58.568993
v 1.884698 5.855621 -58.618149
v 1.798096 5.846497 -58.568993
v 1.798096 5.828278 -58.470657
v 1.884698 5.819183 -58.421494
v 10.234653 5.579163 -58.155613
v 10.234653 5.726929 -58.952354
v 10.234653 5.819702 -58.935162
v 10.234653 5.671967 -58.138409
v 9.773539 5.726929 -58.952354
v 9.773539 5.819702 -58.935162
v 9.773539 5.579163 -58.155613
v 9.773539 5.671967 -58.138409
v 9.649998 5.573975 -58.980698
v 9.649998 5.426270 -58.183949
v 9.555658 5.426270 -58.183949
v 9.555658 5.573975 -58.980698
v 9.649998 5.654541 -58.965759
v 9.555658 5.654541 -58.965759
v 9.555658 5.506897 -58.169010
v 9.649998 5.506897 -58.169010
v 9.688007 5.556763 -58.159779
v 9.631908 5.631348 -58.145950
v 9.631908 5.779053 -58.942703
v 9.688007 5.704498 -58.956524
v 9.973993 5.474274 -58.637974
v 9.973993 5.456024 -58.539642
v 9.887390 5.446899 -58.490490
v 9.800787 5.456024 -58.539642
v 9.800787 5.474274 -58.637974
v 9.887390 5.483398 -58.687134
v 9.973993 5.846497 -58.568993
v 9.887390 5.855621 -58.618149
v 9.800787 5.846497 -58.568993
v 9.800787 5.828278 -58.470657
v 9.887390 5.819183 -58.421494
v 9.973993 5.828278 -58.470657
v 10.768038 5.726929 -58.952354
v 10.768038 5.579163 -58.155613
v 10.768038 5.671967 -58.138409
v 10.768038 5.819702 -58.935162
v 11.229153 5.579163 -58.155613
v 11.229153 5.671967 -58.138409
v 11.229153 5.726929 -58.952354
v 11.229153 5.819702 -58.935162
v 11.352694 5.426270 -58.183949
v 11.352694 5.573975 -58.980698
v 11.447033 5.573975 -58.980698
v 11.447033 5.426270 -58.183949
v 11.352694 5.506897 -58.169010
v 11.447033 5.506897 -58.169010
v 11.447033 5.654541 -58.965759
v 11.352694 5.654541 -58.965759
v 11.314684 5.704498 -58.956524
v 11.370783 5.779053 -58.942703
v 11.370783 5.631348 -58.145950
v 11.314684 5.556763 -58.159779
v 11.028698 5.456024 -58.539642
v 11.028698 5.474274 -58.637974
v 11.115301 5.483398 -58.687134
v 11.201904 5.474274 -58.637974
v 11.201904 5.456024 -58.539642
v 11.115301 5.446899 -58.490490
v 11.028698 5.828278 -58.470657
v 11.115301 5.819183 -58.421494
v 11.201904 5.828278 -58.470657
v 11.201904 5.846497 -58.568993
v 11.115301 5.855621 -58.618149
v 11.028698 5.846497 -58.568993
vt 0.1477 0.7057
vt 0.1477 0.7307
vt 0.1455 0.7307
vt 0.1455 0.7057
vt 0.1658 0.7307
vt 0.1656 0.7307
vt 0.1656 0.7057
vt 0.1658 0.7057
vt 0.1662 0.7095
vt 0.1662 0.7094
vt 0.1668 0.7093
vt 0.1668 0.7089
vt 0.1667 0.7089
vt 0.1663 0.7088
vt 0.1663 0.7088
vt 0.1663 0.7086
vt 0.1663 0.7086
vt 0.1668 0.7085
vt 0.1677 0.7085
vt 0.1681 0.7086
vt 0.1682 0.7086
vt 0.1682 0.7088
vt 0.1681 0.7088
vt 0.1677 0.7089
vt 0.1677 0.7089
vt 0.1677 0.7093
vt 0.1683 0.7094
vt 0.1683 0.7095
vt 0.1662 0.7307
vt 0.1660 0.7307
vt 0.1660 0.7057
vt 0.1662 0.7057
vt 0.1625 0.7057
vt 0.1632 0.7057
vt 0.1632 0.7307
vt 0.1625 0.7307
vt 0.1625 0.7307
vt 0.1619 0.7307
vt 0.1619 0.7057
vt 0.1625 0.7057
vt 0.1455 0.7057
vt 0.1455 0.7307
vt 0.1434 0.7307
vt 0.1434 0.7057
vt 0.1656 0.7307
vt 0.1654 0.7307
vt 0.1654 0.7057
vt 0.1656 0.7057
vt 0.1662 0.7085
vt 0.1662 0.7085
vt 0.1668 0.7084
vt 0.1668 0.7080
vt 0.1667 0.7079
vt 0.1663 0.7079
vt 0.1663 0.7078
vt 0.1663 0.7077
vt 0.1663 0.7076
vt 0.1668 0.7076
vt 0.1677 0.7076
vt 0.1681 0.7076
vt 0.1682 0.7077
vt 0.1682 0.7078
vt 0.1681 0.7079
vt 0.1677 0.7079
vt 0.1677 0.7080
vt 0.1677 0.7084
vt 0.1683 0.7085
vt 0.1683 0.7085
vt 0.1660 0.7307
vt 0.1658 0.7307
vt 0.1658 0.7057
vt 0.1660 0.7057
vt 0.1632 0.7057
vt 0.1638 0.7057
vt 0.1638 0.7307
vt 0.1632 0.7307
vt 0.1619 0.7307
vt 0.1612 0.7307
vt 0.1612 0.7057
vt 0.1619 0.7057
vt 0.1477 0.7057
vt 0.1455 0.7057
vt 0.1455 0.7057
vt 0.1477 0.7057
vt 0.1632 0.7307
vt 0.1625 0.7307
vt 0.1654 0.7057
vt 0.1656 0.7057
vt 0.1619 0.7307
vt 0.1612 0.7307
vt 0.1662 0.7307
vt 0.1660 0.7307
vt 0.1638 0.7307
vt 0.1632 0.7307
vt 0.1656 0.7057
vt 0.1658 0.7057
vt 0.1434 0.7057
vt 0.1455 0.7057
vt 0.1625 0.7307
vt 0.1619 0.7307
vt 0.1660 0.7307
vt 0.1658 0.7307
vt 0.1455 0.7057
vt 0.1477 0.7057
vt 0.1662 0.7307
vt 0.1660 0.7307
vt 0.1656 0.7057
vt 0.1658 0.7057
vt 0.1625 0.7307
vt 0.1619 0.7307
vt 0.1632 0.7307
vt 0.1625 0.7307
vt 0.1434 0.7057
vt 0.1455 0.7057
vt 0.1660 0.7307
vt 0.1658 0.7307
vt 0.1654 0.7057
vt 0.1656 0.7057
vt 0.1619 0.7307
vt 0.1612 0.7307
vt 0.1638 0.7307
vt 0.1632 0.7307
vt 0.1660 0.7307
vt 0.1662 0.7307
vt 0.1662 0.7307
vt 0.1660 0.7307
vt 0.1656 0.7057
vt 0.1658 0.7057
vt 0.1625 0.7307
vt 0.1619 0.7307
vt 0.1632 0.7307
vt 0.1625 0.7307
vt 0.1434 0.7057
vt 0.1455 0.7057
vt 0.1660 0.7307
vt 0.1658 0.7307
vt 0.1654 0.7057
vt 0.1656 0.7057
vt 0.1619 0.7307
vt 0.1612 0.7307
vt 0.1638 0.7307
vt 0.1632 0.7307
vt 0.1662 0.7307
vt 0.1660 0.7307
vt 0.1656 0.7057
vt 0.1658 0.7057
vt 0.1625 0.7307
vt 0.1619 0.7307
vt 0.1632 0.7307
vt 0.1625 0.7307
vt 0.1434 0.7057
vt 0.1455 0.7057
vt 0.1660 0.7307
vt 0.1658 0.7307
vt 0.1654 0.7057
vt 0.1656 0.7057
vt 0.1619 0.7307
vt 0.1612 0.7307
vt 0.1638 0.7307
vt 0.1632 0.7307
vt 0.1455 0.7057
vt 0.1477 0.7057
vt 0.1656 0.7057
vt 0.1658 0.7057
vt 0.1625 0.7307
vt 0.1619 0.7307
vt 0.1632 0.7307
vt 0.1625 0.7307
vt 0.1434 0.7057
vt 0.1455 0.7057
vt 0.1660 0.7307
vt 0.1658 0.7307
vt 0.1654 0.7057
vt 0.1656 0.7057
vt 0.1619 0.7307
vt 0.1612 0.7307
vt 0.1638 0.7307
vt 0.1632 0.7307
vt 0.1455 0.7057
vt 0.1477 0.7057
vt 0.1658 0.7057
vt 0.1656 0.7057
vt 0.1656 0.7057
vt 0.1658 0.7057
vt 0.1625 0.7307
vt 0.1619 0.7307
vt 0.1632 0.7307
vt 0.1625 0.7307
vt 0.1434 0.7057
vt 0.1455 0.7057
vt 0.1660 0.7307
vt 0.1658 0.7307
vt 0.1654 0.7057
vt 0.1656 0.7057
vt 0.1619 0.7307
vt 0.1612 0.7307
vt 0.1638 0.7307
vt 0.1632 0.7307
vt 0.1455 0.7057
vt 0.1477 0.7057
vt 0.1662 0.7307
vt 0.1660 0.7307
vt 0.1656 0.7057
vt 0.1658 0.7057
vt 0.1625 0.7307
vt 0.1619 0.7307
vt 0.1632 0.7307
vt 0.1625 0.7307
vt 0.1434 0.7057
vt 0.1455 0.7057
vt 0.1660 0.7307
vt 0.1658 0.7307
vt 0.1654 0.7057
vt 0.1656 0.7057
vt 0.1619 0.7307
vt 0.1612 0.7307
vt 0.1638 0.7307
vt 0.1632 0.7307
vt 0.1455 0.7057
vt 0.1477 0.7057
vt 0.1662 0.7307
vt 0.1660 0.7307
vt 0.1570 0.7010
vt 0.1831 0.7010
vt 0.1831 0.7032
vt 0.1752 0.7069
vt 0.1752 0.7232
vt 0.1761 0.7247
vt 0.1809 0.7263
vt 0.1818 0.7285
vt 0.1818 0.7360
vt 0.1809 0.7374
vt 0.1775 0.7385
vt 0.1626 0.7385
vt 0.1592 0.7374
vt 0.1583 0.7360
vt 0.1583 0.7285
vt 0.1592 0.7263
vt 0.1640 0.7247
vt 0.1648 0.7232
vt 0.1648 0.7069
vt 0.1570 0.7032
vt 0.1310 0.7010
vt 0.1570 0.7010
vt 0.1570 0.7032
vt 0.1492 0.7069
vt 0.1492 0.7232
vt 0.1500 0.7247
vt 0.1548 0.7263
vt 0.1557 0.7285
vt 0.1557 0.7360
vt 0.1549 0.7374
vt 0.1514 0.7385
vt 0.1366 0.7385
vt 0.1331 0.7374
vt 0.1323 0.7360
vt 0.1323 0.7285
vt 0.1331 0.7263
vt 0.1380 0.7247
vt 0.1388 0.7232
vt 0.1388 0.7069
vt 0.1310 0.7032
vt 0.1625 0.7307
vt 0.1619 0.7307
vt 0.1632 0.7307
vt 0.1625 0.7307
vt 0.1434 0.7057
vt 0.1455 0.7057
vt 0.1660 0.7307
vt 0.1658 0.7307
vt 0.1654 0.7057
vt 0.1656 0.7057
vt 0.1619 0.7307
vt 0.1612 0.7307
vt 0.1638 0.7307
vt 0.1632 0.7307
vt 0.1455 0.7057
vt 0.1477 0.7057
vt 0.1662 0.7307
vt 0.1660 0.7307
vt 0.1509 0.7307
vt 0.1509 0.7057
vt 0.1513 0.7057
vt 0.1513 0.7307
vt 0.1042 0.6592
vt 0.1051 0.6592
vt 0.1051 0.6842
vt 0.1042 0.6842
vt 0.1528 0.7307
vt 0.1514 0.7307
vt 0.1514 0.7057
vt 0.1528 0.7057
vt 0.1646 0.7057
vt 0.1650 0.7057
vt 0.1650 0.7307
vt 0.1646 0.7307
vt 0.1544 0.7057
vt 0.1558 0.7057
vt 0.1558 0.7307
vt 0.1544 0.7307
vt 0.1646 0.7307
vt 0.1642 0.7307
vt 0.1642 0.7057
vt 0.1646 0.7057
vt 0.1591 0.7307
vt 0.1585 0.7307
vt 0.1585 0.7057
vt 0.1591 0.7057
vt 0.1605 0.7057
vt 0.1611 0.7057
vt 0.1611 0.7307
vt 0.1605 0.7307
vt 0.1603 0.7307
vt 0.1603 0.7057
vt 0.1593 0.7057
vt 0.1593 0.7307
vt 0.1584 0.7307
vt 0.1584 0.7057
vt 0.1612 0.7057
vt 0.1612 0.7307
vt 0.1499 0.7057
vt 0.1499 0.7307
vt 0.1495 0.7307
vt 0.1495 0.7057
vt 0.1513 0.7307
vt 0.1513 0.7057
vt 0.1559 0.7057
vt 0.1559 0.7307
vt 0.1491 0.7307
vt 0.1491 0.7057
vt 0.1495 0.7057
vt 0.1495 0.7307
vt 0.1024 0.6592
vt 0.1033 0.6592
vt 0.1033 0.6842
vt 0.1024 0.6842
vt 0.1544 0.7307
vt 0.1529 0.7307
vt 0.1529 0.7057
vt 0.1544 0.7057
vt 0.1638 0.7057
vt 0.1642 0.7057
vt 0.1642 0.7307
vt 0.1638 0.7307
vt 0.1559 0.7057
vt 0.1573 0.7057
vt 0.1573 0.7307
vt 0.1559 0.7307
vt 0.1654 0.7307
vt 0.1650 0.7307
vt 0.1650 0.7057
vt 0.1654 0.7057
vt 0.1601 0.7307
vt 0.1594 0.7307
vt 0.1594 0.7057
vt 0.1601 0.7057
vt 0.1576 0.7057
vt 0.1583 0.7057
vt 0.1583 0.7307
vt 0.1576 0.7307
vt 0.1574 0.7307
vt 0.1574 0.7057
vt 0.1603 0.7057
vt 0.1603 0.7307
vt 0.1593 0.7307
vt 0.1593 0.7057
vt 0.1584 0.7057
vt 0.1584 0.7307
vt 0.1481 0.7057
vt 0.1481 0.7307
vt 0.1477 0.7307
vt 0.1477 0.7057
vt 0.1528 0.7307
vt 0.1528 0.7057
vt 0.1574 0.7057
vt 0.1574 0.7307
vt 0.1558 0.7307
vt 0.1544 0.7307
vt 0.1042 0.6592
vt 0.1051 0.6592
vt 0.1513 0.7057
vt 0.1509 0.7057
vt 0.1509 0.7057
vt 0.1513 0.7057
vt 0.1574 0.7307
vt 0.1573 0.7307
vt 0.1611 0.7307
vt 0.1605 0.7307
vt 0.1646 0.7307
vt 0.1642 0.7307
vt 0.1477 0.7057
vt 0.1481 0.7057
vt 0.1650 0.7307
vt 0.1646 0.7307
vt 0.1593 0.7307
vt 0.1591 0.7307
vt 0.1585 0.7307
vt 0.1584 0.7307
vt 0.1514 0.7307
vt 0.1513 0.7307
vt 0.1601 0.7307
vt 0.1594 0.7307
vt 0.1544 0.7307
vt 0.1529 0.7307
vt 0.1612 0.7307
vt 0.1024 0.6592
vt 0.1033 0.6592
vt 0.1603 0.7307
vt 0.1559 0.7307
vt 0.1583 0.7307
vt 0.1576 0.7307
vt 0.1559 0.7307
vt 0.1491 0.7057
vt 0.1495 0.7057
vt 0.1654 0.7307
vt 0.1650 0.7307
vt 0.1642 0.7307
vt 0.1638 0.7307
vt 0.1603 0.7307
vt 0.1495 0.7057
vt 0.1499 0.7057
vt 0.1593 0.7307
vt 0.1528 0.7307
vt 0.1584 0.7307
vt 0.1528 0.7307
vt 0.1574 0.7307
vt 0.1033 0.6592
vt 0.1024 0.6592
vt 0.1024 0.6592
vt 0.1033 0.6592
vt 0.1514 0.7307
vt 0.1513 0.7307
vt 0.1594 0.7307
vt 0.1593 0.7307
vt 0.1559 0.7307
vt 0.1558 0.7307
vt 0.1584 0.7307
vt 0.1583 0.7307
vt 0.1528 0.7307
vt 0.1477 0.7057
vt 0.1481 0.7057
vt 0.1544 0.7307
vt 0.1601 0.7307
vt 0.1646 0.7307
vt 0.1642 0.7307
vt 0.1593 0.7307
vt 0.1591 0.7307
vt 0.1576 0.7307
vt 0.1650 0.7307
vt 0.1646 0.7307
vt 0.1605 0.7307
vt 0.1603 0.7307
vt 0.1491 0.7057
vt 0.1495 0.7057
vt 0.1042 0.6592
vt 0.1051 0.6592
vt 0.1529 0.7307
vt 0.1528 0.7307
vt 0.1585 0.7307
vt 0.1584 0.7307
vt 0.1574 0.7307
vt 0.1573 0.7307
vt 0.1612 0.7307
vt 0.1611 0.7307
vt 0.1544 0.7307
vt 0.1495 0.7057
vt 0.1499 0.7057
vt 0.1559 0.7307
vt 0.1654 0.7307
vt 0.1650 0.7307
vt 0.1603 0.7307
vt 0.1642 0.7307
vt 0.1638 0.7307
vt 0.1574 0.7307
vt 0.1513 0.7307
vt 0.1514 0.7307
vt 0.1514 0.7307
vt 0.1513 0.7307
vt 0.1594 0.7307
vt 0.1593 0.7307
vt 0.1559 0.7307
vt 0.1558 0.7307
vt 0.1584 0.7307
vt 0.1583 0.7307
vt 0.1528 0.7307
vt 0.1477 0.7057
vt 0.1481 0.7057
vt 0.1544 0.7307
vt 0.1601 0.7307
vt 0.1646 0.7307
vt 0.1642 0.7307
vt 0.1593 0.7307
vt 0.1591 0.7307
vt 0.1576 0.7307
vt 0.1650 0.7307
vt 0.1646 0.7307
vt 0.1605 0.7307
vt 0.1603 0.7307
vt 0.1491 0.7057
vt 0.1495 0.7057
vt 0.1042 0.6592
vt 0.1051 0.6592
vt 0.1529 0.7307
vt 0.1528 0.7307
vt 0.1585 0.7307
vt 0.1584 0.7307
vt 0.1574 0.7307
vt 0.1573 0.7307
vt 0.1612 0.7307
vt 0.1611 0.7307
vt 0.1544 0.7307
vt 0.1495 0.7057
vt 0.1499 0.7057
vt 0.1559 0.7307
vt 0.1654 0.7307
vt 0.1650 0.7307
vt 0.1603 0.7307
vt 0.1642 0.7307
vt 0.1638 0.7307
vt 0.1574 0.7307
vt 0.1509 0.7057
vt 0.1513 0.7057
vt 0.1593 0.7307
vt 0.1594 0.7307
vt 0.1594 0.7307
vt 0.1593 0.7307
vt 0.1559 0.7307
vt 0.1558 0.7307
vt 0.1584 0.7307
vt 0.1583 0.7307
vt 0.1528 0.7307
vt 0.1477 0.7057
vt 0.1481 0.7057
vt 0.1544 0.7307
vt 0.1601 0.7307
vt 0.1646 0.7307
vt 0.1642 0.7307
vt 0.1593 0.7307
vt 0.1591 0.7307
vt 0.1576 0.7307
vt 0.1650 0.7307
vt 0.1646 0.7307
vt 0.1605 0.7307
vt 0.1603 0.7307
vt 0.1491 0.7057
vt 0.1495 0.7057
vt 0.1042 0.6592
vt 0.1051 0.6592
vt 0.1529 0.7307
vt 0.1528 0.7307
vt 0.1585 0.7307
vt 0.1584 0.7307
vt 0.1574 0.7307
vt 0.1573 0.7307
vt 0.1612 0.7307
vt 0.1611 0.7307
vt 0.1544 0.7307
vt 0.1495 0.7057
vt 0.1499 0.7057
vt 0.1559 0.7307
vt 0.1654 0.7307
vt 0.1650 0.7307
vt 0.1603 0.7307
vt 0.1642 0.7307
vt 0.1638 0.7307
vt 0.1574 0.7307
vt 0.1509 0.7057
vt 0.1513 0.7057
vt 0.1024 0.6592
vt 0.1033 0.6592
vt 0.1558 0.7307
vt 0.1559 0.7307
vt 0.1559 0.7307
vt 0.1558 0.7307
vt 0.1594 0.7307
vt 0.1593 0.7307
vt 0.1584 0.7307
vt 0.1583 0.7307
vt 0.1528 0.7307
vt 0.1514 0.7307
vt 0.1477 0.7057
vt 0.1481 0.7057
vt 0.1544 0.7307
vt 0.1601 0.7307
vt 0.1646 0.7307
vt 0.1642 0.7307
vt 0.1593 0.7307
vt 0.1591 0.7307
vt 0.1576 0.7307
vt 0.1650 0.7307
vt 0.1646 0.7307
vt 0.1605 0.7307
vt 0.1603 0.7307
vt 0.1491 0.7057
vt 0.1495 0.7057
vt 0.1042 0.6592
vt 0.1051 0.6592
vt 0.1529 0.7307
vt 0.1528 0.7307
vt 0.1585 0.7307
vt 0.1584 0.7307
vt 0.1574 0.7307
vt 0.1573 0.7307
vt 0.1612 0.7307
vt 0.1611 0.7307
vt 0.1544 0.7307
vt 0.1495 0.7057
vt 0.1499 0.7057
vt 0.1559 0.7307
vt 0.1654 0.7307
vt 0.1650 0.7307
vt 0.1603 0.7307
vt 0.1642 0.7307
vt 0.1638 0.7307
vt 0.1574 0.7307
vt 0.1509 0.7057
vt 0.1513 0.7057
vt 0.1024 0.6592
vt 0.1033 0.6592
vt 0.1513 0.7307
vt 0.1559 0.7307
vt 0.1558 0.7307
vt 0.1584 0.7307
vt 0.1583 0.7307
vt 0.1528 0.7307
vt 0.1514 0.7307
vt 0.1477 0.7057
vt 0.1481 0.7057
vt 0.1544 0.7307
vt 0.1601 0.7307
vt 0.1646 0.7307
vt 0.1642 0.7307
vt 0.1593 0.7307
vt 0.1591 0.7307
vt 0.1576 0.7307
vt 0.1650 0.7307
vt 0.1646 0.7307
vt 0.1605 0.7307
vt 0.1603 0.7307
vt 0.1491 0.7057
vt 0.1495 0.7057
vt 0.1042 0.6592
vt 0.1051 0.6592
vt 0.1529 0.7307
vt 0.1528 0.7307
vt 0.1585 0.7307
vt 0.1584 0.7307
vt 0.1574 0.7307
vt 0.1573 0.7307
vt 0.1612 0.7307
vt 0.1611 0.7307
vt 0.1544 0.7307
vt 0.1495 0.7057
vt 0.1499 0.7057
vt 0.1559 0.7307
vt 0.1654 0.7307
vt 0.1650 0.7307
vt 0.1603 0.7307
vt 0.1642 0.7307
vt 0.1638 0.7307
vt 0.1574 0.7307
vt 0.1509 0.7057
vt 0.1513 0.7057
vt 0.1024 0.6592
vt 0.1033 0.6592
vt 0.1513 0.7307
vt 0.1583 0.7307
vt 0.1584 0.7307
vt 0.1584 0.7307
vt 0.1583 0.7307
vt 0.1528 0.7307
vt 0.1514 0.7307
vt 0.1477 0.7057
vt 0.1481 0.7057
vt 0.1544 0.7307
vt 0.1601 0.7307
vt 0.1594 0.7307
vt 0.1646 0.7307
vt 0.1642 0.7307
vt 0.1593 0.7307
vt 0.1591 0.7307
vt 0.1576 0.7307
vt 0.1650 0.7307
vt 0.1646 0.7307
vt 0.1605 0.7307
vt 0.1603 0.7307
vt 0.1491 0.7057
vt 0.1495 0.7057
vt 0.1042 0.6592
vt 0.1051 0.6592
vt 0.1529 0.7307
vt 0.1528 0.7307
vt 0.1585 0.7307
vt 0.1584 0.7307
vt 0.1574 0.7307
vt 0.1573 0.7307
vt 0.1612 0.7307
vt 0.1611 0.7307
vt 0.1544 0.7307
vt 0.1495 0.7057
vt 0.1499 0.7057
vt 0.1559 0.7307
vt 0.1654 0.7307
vt 0.1650 0.7307
vt 0.1603 0.7307
vt 0.1642 0.7307
vt 0.1638 0.7307
vt 0.1574 0.7307
vt 0.1509 0.7057
vt 0.1513 0.7057
vt 0.1024 0.6592
vt 0.1033 0.6592
vt 0.1513 0.7307
vt 0.1593 0.7307
vt 0.1528 0.7307
vt 0.1514 0.7307
vt 0.1477 0.7057
vt 0.1481 0.7057
vt 0.1558 0.7307
vt 0.1544 0.7307
vt 0.1601 0.7307
vt 0.1594 0.7307
vt 0.1646 0.7307
vt 0.1642 0.7307
vt 0.1593 0.7307
vt 0.1591 0.7307
vt 0.1576 0.7307
vt 0.1650 0.7307
vt 0.1646 0.7307
vt 0.1605 0.7307
vt 0.1603 0.7307
vt 0.1491 0.7057
vt 0.1495 0.7057
vt 0.1042 0.6592
vt 0.1051 0.6592
vt 0.1529 0.7307
vt 0.1528 0.7307
vt 0.1585 0.7307
vt 0.1584 0.7307
vt 0.1574 0.7307
vt 0.1573 0.7307
vt 0.1612 0.7307
vt 0.1611 0.7307
vt 0.1544 0.7307
vt 0.1495 0.7057
vt 0.1499 0.7057
vt 0.1559 0.7307
vt 0.1654 0.7307
vt 0.1650 0.7307
vt 0.1603 0.7307
vt 0.1642 0.7307
vt 0.1638 0.7307
vt 0.1574 0.7307
vt 0.1509 0.7057
vt 0.1513 0.7057
vt 0.1024 0.6592
vt 0.1033 0.6592
vt 0.1513 0.7307
vt 0.1593 0.7307
vt 0.1559 0.7307
vt 0.0892 0.8703
vt 0.0886 0.8703
vt 0.0886 0.8631
vt 0.0892 0.8631
vt 0.0759 0.8693
vt 0.0753 0.8695
vt 0.0744 0.8656
vt 0.0751 0.8653
vt 0.0782 0.8673
vt 0.0775 0.8671
vt 0.0784 0.8631
vt 0.0791 0.8634
vt 0.0872 0.8489
vt 0.0879 0.8489
vt 0.0879 0.8560
vt 0.0872 0.8560
vt 0.0754 0.8641
vt 0.0752 0.8633
vt 0.0758 0.8631
vt 0.0759 0.8639
vt 0.0783 0.8693
vt 0.0785 0.8685
vt 0.0791 0.8687
vt 0.0789 0.8695
vt 0.0782 0.8680
vt 0.0775 0.8684
vt 0.0744 0.8643
vt 0.0751 0.8646
vt 0.1166 0.8616
vt 0.1166 0.8594
vt 0.1185 0.8583
vt 0.1205 0.8594
vt 0.1205 0.8616
vt 0.1185 0.8628
vt 0.1205 0.8504
vt 0.1205 0.8527
vt 0.1185 0.8538
vt 0.1166 0.8527
vt 0.1166 0.8504
vt 0.1185 0.8493
vt 0.1023 0.8663
vt 0.1001 0.8663
vt 0.1001 0.8578
vt 0.1023 0.8578
vt 0.1133 0.8578
vt 0.1122 0.8578
vt 0.1122 0.8493
vt 0.1133 0.8493
vt 0.1166 0.8578
vt 0.1155 0.8578
vt 0.1155 0.8493
vt 0.1166 0.8493
vt 0.1034 0.8663
vt 0.1034 0.8578
vt 0.0990 0.8663
vt 0.0990 0.8578
vt 0.0886 0.8703
vt 0.0879 0.8703
vt 0.0879 0.8631
vt 0.0886 0.8631
vt 0.0822 0.8693
vt 0.0815 0.8695
vt 0.0806 0.8656
vt 0.0813 0.8653
vt 0.0766 0.8673
vt 0.0759 0.8671
vt 0.0768 0.8631
vt 0.0775 0.8634
vt 0.0879 0.8703
vt 0.0872 0.8703
vt 0.0872 0.8631
vt 0.0879 0.8631
vt 0.0816 0.8641
vt 0.0814 0.8633
vt 0.0820 0.8631
vt 0.0822 0.8639
vt 0.0767 0.8693
vt 0.0769 0.8685
vt 0.0775 0.8687
vt 0.0773 0.8695
vt 0.0766 0.8680
vt 0.0760 0.8684
vt 0.0806 0.8643
vt 0.0813 0.8646
vt 0.1124 0.8663
vt 0.1143 0.8674
vt 0.1143 0.8696
vt 0.1124 0.8708
vt 0.1104 0.8696
vt 0.1104 0.8674
vt 0.1085 0.8663
vt 0.1104 0.8674
vt 0.1104 0.8696
vt 0.1085 0.8708
vt 0.1066 0.8696
vt 0.1066 0.8674
vt 0.1023 0.8578
vt 0.1001 0.8578
vt 0.1001 0.8493
vt 0.1023 0.8493
vt 0.1089 0.8578
vt 0.1078 0.8578
vt 0.1078 0.8493
vt 0.1089 0.8493
vt 0.1122 0.8578
vt 0.1111 0.8578
vt 0.1111 0.8493
vt 0.1122 0.8493
vt 0.1034 0.8578
vt 0.1034 0.8493
vt 0.0990 0.8578
vt 0.0990 0.8493
vt 0.0886 0.8489
vt 0.0886 0.8560
vt 0.0879 0.8560
vt 0.0879 0.8489
vt 0.0853 0.8634
vt 0.0844 0.8673
vt 0.0837 0.8671
vt 0.0846 0.8631
vt 0.0797 0.8653
vt 0.0806 0.8693
vt 0.0799 0.8695
vt 0.0791 0.8656
vt 0.0879 0.8560
vt 0.0879 0.8631
vt 0.0872 0.8631
vt 0.0872 0.8560
vt 0.0847 0.8685
vt 0.0853 0.8687
vt 0.0851 0.8695
vt 0.0845 0.8693
vt 0.0798 0.8633
vt 0.0804 0.8631
vt 0.0806 0.8639
vt 0.0800 0.8641
vt 0.0797 0.8646
vt 0.0791 0.8643
vt 0.0838 0.8684
vt 0.0844 0.8680
vt 0.1143 0.8696
vt 0.1143 0.8674
vt 0.1162 0.8663
vt 0.1181 0.8674
vt 0.1181 0.8696
vt 0.1162 0.8708
vt 0.1205 0.8549
vt 0.1205 0.8571
vt 0.1185 0.8583
vt 0.1166 0.8571
vt 0.1166 0.8549
vt 0.1185 0.8538
vt 0.1122 0.8663
vt 0.1122 0.8578
vt 0.1133 0.8578
vt 0.1133 0.8663
vt 0.1045 0.8663
vt 0.1045 0.8578
vt 0.1067 0.8578
vt 0.1067 0.8663
vt 0.1155 0.8663
vt 0.1155 0.8578
vt 0.1166 0.8578
vt 0.1166 0.8663
vt 0.1078 0.8578
vt 0.1078 0.8663
vt 0.1034 0.8663
vt 0.1034 0.8578
vt 0.0886 0.8560
vt 0.0886 0.8631
vt 0.0879 0.8631
vt 0.0879 0.8560
vt 0.0837 0.8634
vt 0.0828 0.8673
vt 0.0822 0.8671
vt 0.0830 0.8631
vt 0.0856 0.8582
vt 0.0865 0.8621
vt 0.0858 0.8623
vt 0.0849 0.8584
vt 0.0865 0.8631
vt 0.0865 0.8560
vt 0.0872 0.8560
vt 0.0872 0.8631
vt 0.0831 0.8685
vt 0.0837 0.8687
vt 0.0835 0.8695
vt 0.0830 0.8693
vt 0.0857 0.8562
vt 0.0863 0.8560
vt 0.0865 0.8568
vt 0.0859 0.8570
vt 0.0856 0.8574
vt 0.0850 0.8571
vt 0.0822 0.8684
vt 0.0828 0.8680
vt 0.1009 0.8708
vt 0.0990 0.8696
vt 0.0990 0.8674
vt 0.1009 0.8663
vt 0.1028 0.8674
vt 0.1028 0.8696
vt 0.1047 0.8708
vt 0.1028 0.8696
vt 0.1028 0.8674
vt 0.1047 0.8663
vt 0.1066 0.8674
vt 0.1066 0.8696
vt 0.1078 0.8663
vt 0.1078 0.8578
vt 0.1089 0.8578
vt 0.1089 0.8663
vt 0.1045 0.8578
vt 0.1045 0.8493
vt 0.1067 0.8493
vt 0.1067 0.8578
vt 0.1111 0.8663
vt 0.1111 0.8578
vt 0.1122 0.8578
vt 0.1122 0.8663
vt 0.1078 0.8493
vt 0.1078 0.8578
vt 0.1034 0.8578
vt 0.1034 0.8493
vt 0.0892 0.8703
vt 0.0886 0.8703
vt 0.0886 0.8631
vt 0.0892 0.8631
vt 0.0759 0.8693
vt 0.0753 0.8695
vt 0.0744 0.8656
vt 0.0751 0.8653
vt 0.0782 0.8673
vt 0.0775 0.8671
vt 0.0784 0.8631
vt 0.0791 0.8634
vt 0.0872 0.8489
vt 0.0879 0.8489
vt 0.0879 0.8560
vt 0.0872 0.8560
vt 0.0754 0.8641
vt 0.0752 0.8633
vt 0.0758 0.8631
vt 0.0759 0.8639
vt 0.0783 0.8693
vt 0.0785 0.8685
vt 0.0791 0.8687
vt 0.0789 0.8695
vt 0.0782 0.8680
vt 0.0775 0.8684
vt 0.0744 0.8643
vt 0.0751 0.8646
vt 0.1166 0.8616
vt 0.1166 0.8594
vt 0.1185 0.8583
vt 0.1205 0.8594
vt 0.1205 0.8616
vt 0.1185 0.8628
vt 0.1205 0.8504
vt 0.1205 0.8527
vt 0.1185 0.8538
vt 0.1166 0.8527
vt 0.1166 0.8504
vt 0.1185 0.8493
vt 0.1023 0.8663
vt 0.1001 0.8663
vt 0.1001 0.8578
vt 0.1023 0.8578
vt 0.1133 0.8578
vt 0.1122 0.8578
vt 0.1122 0.8493
vt 0.1133 0.8493
vt 0.1166 0.8578
vt 0.1155 0.8578
vt 0.1155 0.8493
vt 0.1166 0.8493
vt 0.1034 0.8663
vt 0.1034 0.8578
vt 0.0990 0.8663
vt 0.0990 0.8578
vt 0.0886 0.8703
vt 0.0879 0.8703
vt 0.0879 0.8631
vt 0.0886 0.8631
vt 0.0822 0.8693
vt 0.0815 0.8695
vt 0.0806 0.8656
vt 0.0813 0.8653
vt 0.0766 0.8673
vt 0.0759 0.8671
vt 0.0768 0.8631
vt 0.0775 0.8634
vt 0.0879 0.8703
vt 0.0872 0.8703
vt 0.0872 0.8631
vt 0.0879 0.8631
vt 0.0816 0.8641
vt 0.0814 0.8633
vt 0.0820 0.8631
vt 0.0822 0.8639
vt 0.0767 0.8693
vt 0.0769 0.8685
vt 0.0775 0.8687
vt 0.0773 0.8695
vt 0.0766 0.8680
vt 0.0760 0.8684
vt 0.0806 0.8643
vt 0.0813 0.8646
vt 0.1124 0.8663
vt 0.1143 0.8674
vt 0.1143 0.8696
vt 0.1124 0.8708
vt 0.1104 0.8696
vt 0.1104 0.8674
vt 0.1085 0.8663
vt 0.1104 0.8674
vt 0.1104 0.8696
vt 0.1085 0.8708
vt 0.1066 0.8696
vt 0.1066 0.8674
vt 0.1023 0.8578
vt 0.1001 0.8578
vt 0.1001 0.8493
vt 0.1023 0.8493
vt 0.1089 0.8578
vt 0.1078 0.8578
vt 0.1078 0.8493
vt 0.1089 0.8493
vt 0.1122 0.8578
vt 0.1111 0.8578
vt 0.1111 0.8493
vt 0.1122 0.8493
vt 0.1034 0.8578
vt 0.1034 0.8493
vt 0.0990 0.8578
vt 0.0990 0.8493
vt 0.0886 0.8489
vt 0.0886 0.8560
vt 0.0879 0.8560
vt 0.0879 0.8489
vt 0.0853 0.8634
vt 0.0844 0.8673
vt 0.0837 0.8671
vt 0.0846 0.8631
vt 0.0797 0.8653
vt 0.0806 0.8693
vt 0.0799 0.8695
vt 0.0791 0.8656
vt 0.0879 0.8560
vt 0.0879 0.8631
vt 0.0872 0.8631
vt 0.0872 0.8560
vt 0.0847 0.8685
vt 0.0853 0.8687
vt 0.0851 0.8695
vt 0.0845 0.8693
vt 0.0798 0.8633
vt 0.0804 0.8631
vt 0.0806 0.8639
vt 0.0800 0.8641
vt 0.0797 0.8646
vt 0.0791 0.8643
vt 0.0838 0.8684
vt 0.0844 0.8680
vt 0.1143 0.8696
vt 0.1143 0.8674
vt 0.1162 0.8663
vt 0.1181 0.8674
vt 0.1181 0.8696
vt 0.1162 0.8708
vt 0.1205 0.8549
vt 0.1205 0.8571
vt 0.1185 0.8583
vt 0.1166 0.8571
vt 0.1166 0.8549
vt 0.1185 0.8538
vt 0.1122 0.8663
vt 0.1122 0.8578
vt 0.1133 0.8578
vt 0.1133 0.8663
vt 0.1045 0.8663
vt 0.1045 0.8578
vt 0.1067 0.8578
vt 0.1067 0.8663
vt 0.1155 0.8663
vt 0.1155 0.8578
vt 0.1166 0.8578
vt 0.1166 0.8663
vt 0.1078 0.8578
vt 0.1078 0.8663
vt 0.1034 0.8663
vt 0.1034 0.8578
vt 0.0886 0.8560
vt 0.0886 0.8631
vt 0.0879 0.8631
vt 0.0879 0.8560
vt 0.0837 0.8634
vt 0.0828 0.8673
vt 0.0822 0.8671
vt 0.0830 0.8631
vt 0.0856 0.8582
vt 0.0865 0.8621
vt 0.0858 0.8623
vt 0.0849 0.8584
vt 0.0865 0.8631
vt 0.0865 0.8560
vt 0.0872 0.8560
vt 0.0872 0.8631
vt 0.0831 0.8685
vt 0.0837 0.8687
vt 0.0835 0.8695
vt 0.0830 0.8693
vt 0.0857 0.8562
vt 0.0863 0.8560
vt 0.0865 0.8568
vt 0.0859 0.8570
vt 0.0856 0.8574
vt 0.0850 0.8571
vt 0.0822 0.8684
vt 0.0828 0.8680
vt 0.1009 0.8708
vt 0.0990 0.8696
vt 0.0990 0.8674
vt 0.1009 0.8663
vt 0.1028 0.8674
vt 0.1028 0.8696
vt 0.1047 0.8708
vt 0.1028 0.8696
vt 0.1028 0.8674
vt 0.1047 0.8663
vt 0.1066 0.8674
vt 0.1066 0.8696
vt 0.1078 0.8663
vt 0.1078 0.8578
vt 0.1089 0.8578
vt 0.1089 0.8663
vt 0.1045 0.8578
vt 0.1045 0.8493
vt 0.1067 0.8493
vt 0.1067 0.8578
vt 0.1111 0.8663
vt 0.1111 0.8578
vt 0.1122 0.8578
vt 0.1122 0.8663
vt 0.1078 0.8493
vt 0.1078 0.8578
vt 0.1034 0.8578
vt 0.1034 0.8493
vt 0.0892 0.8703
vt 0.0886 0.8703
vt 0.0886 0.8631
vt 0.0892 0.8631
vt 0.0759 0.8693
vt 0.0753 0.8695
vt 0.0744 0.8656
vt 0.0751 0.8653
vt 0.0782 0.8673
vt 0.0775 0.8671
vt 0.0784 0.8631
vt 0.0791 0.8634
vt 0.0872 0.8489
vt 0.0879 0.8489
vt 0.0879 0.8560
vt 0.0872 0.8560
vt 0.0754 0.8641
vt 0.0752 0.8633
vt 0.0758 0.8631
vt 0.0759 0.8639
vt 0.0783 0.8693
vt 0.0785 0.8685
vt 0.0791 0.8687
vt 0.0789 0.8695
vt 0.0782 0.8680
vt 0.0775 0.8684
vt 0.0744 0.8643
vt 0.0751 0.8646
vt 0.1166 0.8616
vt 0.1166 0.8594
vt 0.1185 0.8583
vt 0.1205 0.8594
vt 0.1205 0.8616
vt 0.1185 0.8628
vt 0.1205 0.8504
vt 0.1205 0.8527
vt 0.1185 0.8538
vt 0.1166 0.8527
vt 0.1166 0.8504
vt 0.1185 0.8493
vt 0.1023 0.8663
vt 0.1001 0.8663
vt 0.1001 0.8578
vt 0.1023 0.8578
vt 0.1133 0.8578
vt 0.1122 0.8578
vt 0.1122 0.8493
vt 0.1133 0.8493
vt 0.1166 0.8578
vt 0.1155 0.8578
vt 0.1155 0.8493
vt 0.1166 0.8493
vt 0.1034 0.8663
vt 0.1034 0.8578
vt 0.0990 0.8663
vt 0.0990 0.8578
vt 0.0886 0.8703
vt 0.0879 0.8703
vt 0.0879 0.8631
vt 0.0886 0.8631
vt 0.0822 0.8693
vt 0.0815 0.8695
vt 0.0806 0.8656
vt 0.0813 0.8653
vt 0.0766 0.8673
vt 0.0759 0.8671
vt 0.0768 0.8631
vt 0.0775 0.8634
vt 0.0879 0.8703
vt 0.0872 0.8703
vt 0.0872 0.8631
vt 0.0879 0.8631
vt 0.0816 0.8641
vt 0.0814 0.8633
vt 0.0820 0.8631
vt 0.0822 0.8639
vt 0.0767 0.8693
vt 0.0769 0.8685
vt 0.0775 0.8687
vt 0.0773 0.8695
vt 0.0766 0.8680
vt 0.0760 0.8684
vt 0.0806 0.8643
vt 0.0813 0.8646
vt 0.1124 0.8663
vt 0.1143 0.8674
vt 0.1143 0.8696
vt 0.1124 0.8708
vt 0.1104 0.8696
vt 0.1104 0.8674
vt 0.1085 0.8663
vt 0.1104 0.8674
vt 0.1104 0.8696
vt 0.1085 0.8708
vt 0.1066 0.8696
vt 0.1066 0.8674
vt 0.1023 0.8578
vt 0.1001 0.8578
vt 0.1001 0.8493
vt 0.1023 0.8493
vt 0.1089 0.8578
vt 0.1078 0.8578
vt 0.1078 0.8493
vt 0.1089 0.8493
vt 0.1122 0.8578
vt 0.1111 0.8578
vt 0.1111 0.8493
vt 0.1122 0.8493
vt 0.1034 0.8578
vt 0.1034 0.8493
vt 0.0990 0.8578
vt 0.0990 0.8493
vt 0.0886 0.8489
vt 0.0886 0.8560
vt 0.0879 0.8560
vt 0.0879 0.8489
vt 0.0853 0.8634
vt 0.0844 0.8673
vt 0.0837 0.8671
vt 0.0846 0.8631
vt 0.0797 0.8653
vt 0.0806 0.8693
vt 0.0799 0.8695
vt 0.0791 0.8656
vt 0.0879 0.8560
vt 0.0879 0.8631
vt 0.0872 0.8631
vt 0.0872 0.8560
vt 0.0847 0.8685
vt 0.0853 0.8687
vt 0.0851 0.8695
vt 0.0845 0.8693
vt 0.0798 0.8633
vt 0.0804 0.8631
vt 0.0806 0.8639
vt 0.0800 0.8641
vt 0.0797 0.8646
vt 0.0791 0.8643
vt 0.0838 0.8684
vt 0.0844 0.8680
vt 0.1143 0.8696
vt 0.1143 0.8674
vt 0.1162 0.8663
vt 0.1181 0.8674
vt 0.1181 0.8696
vt 0.1162 0.8708
vt 0.1205 0.8549
vt 0.1205 0.8571
vt 0.1185 0.8583
vt 0.1166 0.8571
vt 0.1166 0.8549
vt 0.1185 0.8538
vt 0.1122 0.8663
vt 0.1122 0.8578
vt 0.1133 0.8578
vt 0.1133 0.8663
vt 0.1045 0.8663
vt 0.1045 0.8578
vt 0.1067 0.8578
vt 0.1067 0.8663
vt 0.1155 0.8663
vt 0.1155 0.8578
vt 0.1166 0.8578
vt 0.1166 0.8663
vt 0.1078 0.8578
vt 0.1078 0.8663
vt 0.1034 0.8663
vt 0.1034 0.8578
vt 0.0886 0.8560
vt 0.0886 0.8631
vt 0.0879 0.8631
vt 0.0879 0.8560
vt 0.0837 0.8634
vt 0.0828 0.8673
vt 0.0822 0.8671
vt 0.0830 0.8631
vt 0.0856 0.8582
vt 0.0865 0.8621
vt 0.0858 0.8623
vt 0.0849 0.8584
vt 0.0865 0.8631
vt 0.0865 0.8560
vt 0.0872 0.8560
vt 0.0872 0.8631
vt 0.0831 0.8685
vt 0.0837 0.8687
vt 0.0835 0.8695
vt 0.0830 0.8693
vt 0.0857 0.8562
vt 0.0863 0.8560
vt 0.0865 0.8568
vt 0.0859 0.8570
vt 0.0856 0.8574
vt 0.0850 0.8571
vt 0.0822 0.8684
vt 0.0828 0.8680
vt 0.1009 0.8708
vt 0.0990 0.8696
vt 0.0990 0.8674
vt 0.1009 0.8663
vt 0.1028 0.8674
vt 0.1028 0.8696
vt 0.1047 0.8708
vt 0.1028 0.8696
vt 0.1028 0.8674
vt 0.1047 0.8663
vt 0.1066 0.8674
vt 0.1066 0.8696
vt 0.1078 0.8663
vt 0.1078 0.8578
vt 0.1089 0.8578
vt 0.1089 0.8663
vt 0.1045 0.8578
vt 0.1045 0.8493
vt 0.1067 0.8493
vt 0.1067 0.8578
vt 0.1111 0.8663
vt 0.1111 0.8578
vt 0.1122 0.8578
vt 0.1122 0.8663
vt 0.1078 0.8493
vt 0.1078 0.8578
vt 0.1034 0.8578
vt 0.1034 0.8493
vt 0.0892 0.8703
vt 0.0886 0.8703
vt 0.0886 0.8631
vt 0.0892 0.8631
vt 0.0759 0.8693
vt 0.0753 0.8695
vt 0.0744 0.8656
vt 0.0751 0.8653
vt 0.0782 0.8673
vt 0.0775 0.8671
vt 0.0784 0.8631
vt 0.0791 0.8634
vt 0.0872 0.8489
vt 0.0879 0.8489
vt 0.0879 0.8560
vt 0.0872 0.8560
vt 0.0754 0.8641
vt 0.0752 0.8633
vt 0.0758 0.8631
vt 0.0759 0.8639
vt 0.0783 0.8693
vt 0.0785 0.8685
vt 0.0791 0.8687
vt 0.0789 0.8695
vt 0.0782 0.8680
vt 0.0775 0.8684
vt 0.0744 0.8643
vt 0.0751 0.8646
vt 0.1166 0.8616
vt 0.1166 0.8594
vt 0.1185 0.8583
vt 0.1205 0.8594
vt 0.1205 0.8616
vt 0.1185 0.8628
vt 0.1205 0.8504
vt 0.1205 0.8527
vt 0.1185 0.8538
vt 0.1166 0.8527
vt 0.1166 0.8504
vt 0.1185 0.8493
vt 0.1023 0.8663
vt 0.1001 0.8663
vt 0.1001 0.8578
vt 0.1023 0.8578
vt 0.1133 0.8578
vt 0.1122 0.8578
vt 0.1122 0.8493
vt 0.1133 0.8493
vt 0.1166 0.8578
vt 0.1155 0.8578
vt 0.1155 0.8493
vt 0.1166 0.8493
vt 0.1034 0.8663
vt 0.1034 0.8578
vt 0.0990 0.8663
vt 0.0990 0.8578
vt 0.0886 0.8703
vt 0.0879 0.8703
vt 0.0879 0.8631
vt 0.0886 0.8631
vt 0.0822 0.8693
vt 0.0815 0.8695
vt 0.0806 0.8656
vt 0.0813 0.8653
vt 0.0766 0.8673
vt 0.0759 0.8671
vt 0.0768 0.8631
vt 0.0775 0.8634
vt 0.0879 0.8703
vt 0.0872 0.8703
vt 0.0872 0.8631
vt 0.0879 0.8631
vt 0.0816 0.8641
vt 0.0814 0.8633
vt 0.0820 0.8631
vt 0.0822 0.8639
vt 0.0767 0.8693
vt 0.0769 0.8685
vt 0.0775 0.8687
vt 0.0773 0.8695
vt 0.0766 0.8680
vt 0.0760 0.8684
vt 0.0806 0.8643
vt 0.0813 0.8646
vt 0.1124 0.8663
vt 0.1143 0.8674
vt 0.1143 0.8696
vt 0.1124 0.8708
vt 0.1104 0.8696
vt 0.1104 0.8674
vt 0.1085 0.8663
vt 0.1104 0.8674
vt 0.1104 0.8696
vt 0.1085 0.8708
vt 0.1066 0.8696
vt 0.1066 0.8674
vt 0.1023 0.8578
vt 0.1001 0.8578
vt 0.1001 0.8493
vt 0.1023 0.8493
vt 0.1089 0.8578
vt 0.1078 0.8578
vt 0.1078 0.8493
vt 0.1089 0.8493
vt 0.1122 0.8578
vt 0.1111 0.8578
vt 0.1111 0.8493
vt 0.1122 0.8493
vt 0.1034 0.8578
vt 0.1034 0.8493
vt 0.0990 0.8578
vt 0.0990 0.8493
vt 0.0886 0.8489
vt 0.0886 0.8560
vt 0.0879 0.8560
vt 0.0879 0.8489
vt 0.0853 0.8634
vt 0.0844 0.8673
vt 0.0837 0.8671
vt 0.0846 0.8631
vt 0.0797 0.8653
vt 0.0806 0.8693
vt 0.0799 0.8695
vt 0.0791 0.8656
vt 0.0879 0.8560
vt 0.0879 0.8631
vt 0.0872 0.8631
vt 0.0872 0.8560
vt 0.0847 0.8685
vt 0.0853 0.8687
vt 0.0851 0.8695
vt 0.0845 0.8693
vt 0.0798 0.8633
vt 0.0804 0.8631
vt 0.0806 0.8639
vt 0.0800 0.8641
vt 0.0797 0.8646
vt 0.0791 0.8643
vt 0.0838 0.8684
vt 0.0844 0.8680
vt 0.1143 0.8696
vt 0.1143 0.8674
vt 0.1162 0.8663
vt 0.1181 0.8674
vt 0.1181 0.8696
vt 0.1162 0.8708
vt 0.1205 0.8549
vt 0.1205 0.8571
vt 0.1185 0.8583
vt 0.1166 0.8571
vt 0.1166 0.8549
vt 0.1185 0.8538
vt 0.1122 0.8663
vt 0.1122 0.8578
vt 0.1133 0.8578
vt 0.1133 0.8663
vt 0.1045 0.8663
vt 0.1045 0.8578
vt 0.1067 0.8578
vt 0.1067 0.8663
vt 0.1155 0.8663
vt 0.1155 0.8578
vt 0.1166 0.8578
vt 0.1166 0.8663
vt 0.1078 0.8578
vt 0.1078 0.8663
vt 0.1034 0.8663
vt 0.1034 0.8578
vt 0.0886 0.8560
vt 0.0886 0.8631
vt 0.0879 0.8631
vt 0.0879 0.8560
vt 0.0837 0.8634
vt 0.0828 0.8673
vt 0.0822 0.8671
vt 0.0830 0.8631
vt 0.0856 0.8582
vt 0.0865 0.8621
vt 0.0858 0.8623
vt 0.0849 0.8584
vt 0.0865 0.8631
vt 0.0865 0.8560
vt 0.0872 0.8560
vt 0.0872 0.8631
vt 0.0831 0.8685
vt 0.0837 0.8687
vt 0.0835 0.8695
vt 0.0830 0.8693
vt 0.0857 0.8562
vt 0.0863 0.8560
vt 0.0865 0.8568
vt 0.0859 0.8570
vt 0.0856 0.8574
vt 0.0850 0.8571
vt 0.0822 0.8684
vt 0.0828 0.8680
vt 0.1009 0.8708
vt 0.0990 0.8696
vt 0.0990 0.8674
vt 0.1009 0.8663
vt 0.1028 0.8674
vt 0.1028 0.8696
vt 0.1047 0.8708
vt 0.1028 0.8696
vt 0.1028 0.8674
vt 0.1047 0.8663
vt 0.1066 0.8674
vt 0.1066 0.8696
vt 0.1078 0.8663
vt 0.1078 0.8578
vt 0.1089 0.8578
vt 0.1089 0.8663
vt 0.1045 0.8578
vt 0.1045 0.8493
vt 0.1067 0.8493
vt 0.1067 0.8578
vt 0.1111 0.8663
vt 0.1111 0.8578
vt 0.1122 0.8578
vt 0.1122 0.8663
vt 0.1078 0.8493
vt 0.1078 0.8578
vt 0.1034 0.8578
vt 0.1034 0.8493
vt 0.0892 0.8703
vt 0.0886 0.8703
vt 0.0886 0.8631
vt 0.0892 0.8631
vt 0.0759 0.8693
vt 0.0753 0.8695
vt 0.0744 0.8656
vt 0.0751 0.8653
vt 0.0782 0.8673
vt 0.0775 0.8671
vt 0.0784 0.8631
vt 0.0791 0.8634
vt 0.0872 0.8489
vt 0.0879 0.8489
vt 0.0879 0.8560
vt 0.0872 0.8560
vt 0.0754 0.8641
vt 0.0752 0.8633
vt 0.0758 0.8631
vt 0.0759 0.8639
vt 0.0783 0.8693
vt 0.0785 0.8685
vt 0.0791 0.8687
vt 0.0789 0.8695
vt 0.0782 0.8680
vt 0.0775 0.8684
vt 0.0744 0.8643
vt 0.0751 0.8646
vt 0.1166 0.8616
vt 0.1166 0.8594
vt 0.1185 0.8583
vt 0.1205 0.8594
vt 0.1205 0.8616
vt 0.1185 0.8628
vt 0.1205 0.8504
vt 0.1205 0.8527
vt 0.1185 0.8538
vt 0.1166 0.8527
vt 0.1166 0.8504
vt 0.1185 0.8493
vt 0.1023 0.8663
vt 0.1001 0.8663
vt 0.1001 0.8578
vt 0.1023 0.8578
vt 0.1133 0.8578
vt 0.1122 0.8578
vt 0.1122 0.8493
vt 0.1133 0.8493
vt 0.1166 0.8578
vt 0.1155 0.8578
vt 0.1155 0.8493
vt 0.1166 0.8493
vt 0.1034 0.8663
vt 0.1034 0.8578
vt 0.0990 0.8663
vt 0.0990 0.8578
vt 0.0886 0.8703
vt 0.0879 0.8703
vt 0.0879 0.8631
vt 0.0886 0.8631
vt 0.0822 0.8693
vt 0.0815 0.8695
vt 0.0806 0.8656
vt 0.0813 0.8653
vt 0.0766 0.8673
vt 0.0759 0.8671
vt 0.0768 0.8631
vt 0.0775 0.8634
vt 0.0879 0.8703
vt 0.0872 0.8703
vt 0.0872 0.8631
vt 0.0879 0.8631
vt 0.0816 0.8641
vt 0.0814 0.8633
vt 0.0820 0.8631
vt 0.0822 0.8639
vt 0.0767 0.8693
vt 0.0769 0.8685
vt 0.0775 0.8687
vt 0.0773 0.8695
vt 0.0766 0.8680
vt 0.0760 0.8684
vt 0.0806 0.8643
vt 0.0813 0.8646
vt 0.1124 0.8663
vt 0.1143 0.8674
vt 0.1143 0.8696
vt 0.1124 0.8708
vt 0.1104 0.8696
vt 0.1104 0.8674
vt 0.1085 0.8663
vt 0.1104 0.8674
vt 0.1104 0.8696
vt 0.1085 0.8708
vt 0.1066 0.8696
vt 0.1066 0.8674
vt 0.1023 0.8578
vt 0.1001 0.8578
vt 0.1001 0.8493
vt 0.1023 0.8493
vt 0.1089 0.8578
vt 0.1078 0.8578
vt 0.1078 0.8493
vt 0.1089 0.8493
vt 0.1122 0.8578
vt 0.1111 0.8578
vt 0.1111 0.8493
vt 0.1122 0.8493
vt 0.1034 0.8578
vt 0.1034 0.8493
vt 0.0990 0.8578
vt 0.0990 0.8493
vt 0.0886 0.8489
vt 0.0886 0.8560
vt 0.0879 0.8560
vt 0.0879 0.8489
vt 0.0853 0.8634
vt 0.0844 0.8673
vt 0.0837 0.8671
vt 0.0846 0.8631
vt 0.0797 0.8653
vt 0.0806 0.8693
vt 0.0799 0.8695
vt 0.0791 0.8656
vt 0.0879 0.8560
vt 0.0879 0.8631
vt 0.0872 0.8631
vt 0.0872 0.8560
vt 0.0847 0.8685
vt 0.0853 0.8687
vt 0.0851 0.8695
vt 0.0845 0.8693
vt 0.0798 0.8633
vt 0.0804 0.8631
vt 0.0806 0.8639
vt 0.0800 0.8641
vt 0.0797 0.8646
vt 0.0791 0.8643
vt 0.0838 0.8684
vt 0.0844 0.8680
vt 0.1143 0.8696
vt 0.1143 0.8674
vt 0.1162 0.8663
vt 0.1181 0.8674
vt 0.1181 0.8696
vt 0.1162 0.8708
vt 0.1205 0.8549
vt 0.1205 0.8571
vt 0.1185 0.8583
vt 0.1166 0.8571
vt 0.1166 0.8549
vt 0.1185 0.8538
vt 0.1122 0.8663
vt 0.1122 0.8578
vt 0.1133 0.8578
vt 0.1133 0.8663
vt 0.1045 0.8663
vt 0.1045 0.8578
vt 0.1067 0.8578
vt 0.1067 0.8663
vt 0.1155 0.8663
vt 0.1155 0.8578
vt 0.1166 0.8578
vt 0.1166 0.8663
vt 0.1078 0.8578
vt 0.1078 0.8663
vt 0.1034 0.8663
vt 0.1034 0.8578
vt 0.0886 0.8560
vt 0.0886 0.8631
vt 0.0879 0.8631
vt 0.0879 0.8560
vt 0.0837 0.8634
vt 0.0828 0.8673
vt 0.0822 0.8671
vt 0.0830 0.8631
vt 0.0856 0.8582
vt 0.0865 0.8621
vt 0.0858 0.8623
vt 0.0849 0.8584
vt 0.0865 0.8631
vt 0.0865 0.8560
vt 0.0872 0.8560
vt 0.0872 0.8631
vt 0.0831 0.8685
vt 0.0837 0.8687
vt 0.0835 0.8695
vt 0.0830 0.8693
vt 0.0857 0.8562
vt 0.0863 0.8560
vt 0.0865 0.8568
vt 0.0859 0.8570
vt 0.0856 0.8574
vt 0.0850 0.8571
vt 0.0822 0.8684
vt 0.0828 0.8680
vt 0.1009 0.8708
vt 0.0990 0.8696
vt 0.0990 0.8674
vt 0.1009 0.8663
vt 0.1028 0.8674
vt 0.1028 0.8696
vt 0.1047 0.8708
vt 0.1028 0.8696
vt 0.1028 0.8674
vt 0.1047 0.8663
vt 0.1066 0.8674
vt 0.1066 0.8696
vt 0.1078 0.8663
vt 0.1078 0.8578
vt 0.1089 0.8578
vt 0.1089 0.8663
vt 0.1045 0.8578
vt 0.1045 0.8493
vt 0.1067 0.8493
vt 0.1067 0.8578
vt 0.1111 0.8663
vt 0.1111 0.8578
vt 0.1122 0.8578
vt 0.1122 0.8663
vt 0.1078 0.8493
vt 0.1078 0.8578
vt 0.1034 0.8578
vt 0.1034 0.8493
vt 0.0892 0.8703
vt 0.0886 0.8703
vt 0.0886 0.8631
vt 0.0892 0.8631
vt 0.0759 0.8693
vt 0.0753 0.8695
vt 0.0744 0.8656
vt 0.0751 0.8653
vt 0.0782 0.8673
vt 0.0775 0.8671
vt 0.0784 0.8631
vt 0.0791 0.8634
vt 0.0872 0.8489
vt 0.0879 0.8489
vt 0.0879 0.8560
vt 0.0872 0.8560
vt 0.0754 0.8641
vt 0.0752 0.8633
vt 0.0758 0.8631
vt 0.0759 0.8639
vt 0.0783 0.8693
vt 0.0785 0.8685
vt 0.0791 0.8687
vt 0.0789 0.8695
vt 0.0782 0.8680
vt 0.0775 0.8684
vt 0.0744 0.8643
vt 0.0751 0.8646
vt 0.1166 0.8616
vt 0.1166 0.8594
vt 0.1185 0.8583
vt 0.1205 0.8594
vt 0.1205 0.8616
vt 0.1185 0.8628
vt 0.1205 0.8504
vt 0.1205 0.8527
vt 0.1185 0.8538
vt 0.1166 0.8527
vt 0.1166 0.8504
vt 0.1185 0.8493
vt 0.1023 0.8663
vt 0.1001 0.8663
vt 0.1001 0.8578
vt 0.1023 0.8578
vt 0.1133 0.8578
vt 0.1122 0.8578
vt 0.1122 0.8493
vt 0.1133 0.8493
vt 0.1166 0.8578
vt 0.1155 0.8578
vt 0.1155 0.8493
vt 0.1166 0.8493
vt 0.1034 0.8663
vt 0.1034 0.8578
vt 0.0990 0.8663
vt 0.0990 0.8578
vt 0.0886 0.8703
vt 0.0879 0.8703
vt 0.0879 0.8631
vt 0.0886 0.8631
vt 0.0822 0.8693
vt 0.0815 0.8695
vt 0.0806 0.8656
vt 0.0813 0.8653
vt 0.0766 0.8673
vt 0.0759 0.8671
vt 0.0768 0.8631
vt 0.0775 0.8634
vt 0.0879 0.8703
vt 0.0872 0.8703
vt 0.0872 0.8631
vt 0.0879 0.8631
vt 0.0816 0.8641
vt 0.0814 0.8633
vt 0.0820 0.8631
vt 0.0822 0.8639
vt 0.0767 0.8693
vt 0.0769 0.8685
vt 0.0775 0.8687
vt 0.0773 0.8695
vt 0.0766 0.8680
vt 0.0760 0.8684
vt 0.0806 0.8643
vt 0.0813 0.8646
vt 0.1124 0.8663
vt 0.1143 0.8674
vt 0.1143 0.8696
vt 0.1124 0.8708
vt 0.1104 0.8696
vt 0.1104 0.8674
vt 0.1085 0.8663
vt 0.1104 0.8674
vt 0.1104 0.8696
vt 0.1085 0.8708
vt 0.1066 0.8696
vt 0.1066 0.8674
vt 0.1023 0.8578
vt 0.1001 0.8578
vt 0.1001 0.8493
vt 0.1023 0.8493
vt 0.1089 0.8578
vt 0.1078 0.8578
vt 0.1078 0.8493
vt 0.1089 0.8493
vt 0.1122 0.8578
vt 0.1111 0.8578
vt 0.1111 0.8493
vt 0.1122 0.8493
vt 0.1034 0.8578
vt 0.1034 0.8493
vt 0.0990 0.8578
vt 0.0990 0.8493
vt 0.0886 0.8489
vt 0.0886 0.8560
vt 0.0879 0.8560
vt 0.0879 0.8489
vt 0.0853 0.8634
vt 0.0844 0.8673
vt 0.0837 0.8671
vt 0.0846 0.8631
vt 0.0797 0.8653
vt 0.0806 0.8693
vt 0.0799 0.8695
vt 0.0791 0.8656
vt 0.0879 0.8560
vt 0.0879 0.8631
vt 0.0872 0.8631
vt 0.0872 0.8560
vt 0.0847 0.8685
vt 0.0853 0.8687
vt 0.0851 0.8695
vt 0.0845 0.8693
vt 0.0798 0.8633
vt 0.0804 0.8631
vt 0.0806 0.8639
vt 0.0800 0.8641
vt 0.0797 0.8646
vt 0.0791 0.8643
vt 0.0838 0.8684
vt 0.0844 0.8680
vt 0.1143 0.8696
vt 0.1143 0.8674
vt 0.1162 0.8663
vt 0.1181 0.8674
vt 0.1181 0.8696
vt 0.1162 0.8708
vt 0.1205 0.8549
vt 0.1205 0.8571
vt 0.1185 0.8583
vt 0.1166 0.8571
vt 0.1166 0.8549
vt 0.1185 0.8538
vt 0.1122 0.8663
vt 0.1122 0.8578
vt 0.1133 0.8578
vt 0.1133 0.8663
vt 0.1045 0.8663
vt 0.1045 0.8578
vt 0.1067 0.8578
vt 0.1067 0.8663
vt 0.1155 0.8663
vt 0.1155 0.8578
vt 0.1166 0.8578
vt 0.1166 0.8663
vt 0.1078 0.8578
vt 0.1078 0.8663
vt 0.1034 0.8663
vt 0.1034 0.8578
vt 0.0886 0.8560
vt 0.0886 0.8631
vt 0.0879 0.8631
vt 0.0879 0.8560
vt 0.0837 0.8634
vt 0.0828 0.8673
vt 0.0822 0.8671
vt 0.0830 0.8631
vt 0.0856 0.8582
vt 0.0865 0.8621
vt 0.0858 0.8623
vt 0.0849 0.8584
vt 0.0865 0.8631
vt 0.0865 0.8560
vt 0.0872 0.8560
vt 0.0872 0.8631
vt 0.0831 0.8685
vt 0.0837 0.8687
vt 0.0835 0.8695
vt 0.0830 0.8693
vt 0.0857 0.8562
vt 0.0863 0.8560
vt 0.0865 0.8568
vt 0.0859 0.8570
vt 0.0856 0.8574
vt 0.0850 0.8571
vt 0.0822 0.8684
vt 0.0828 0.8680
vt 0.1009 0.8708
vt 0.0990 0.8696
vt 0.0990 0.8674
vt 0.1009 0.8663
vt 0.1028 0.8674
vt 0.1028 0.8696
vt 0.1047 0.8708
vt 0.1028 0.8696
vt 0.1028 0.8674
vt 0.1047 0.8663
vt 0.1066 0.8674
vt 0.1066 0.8696
vt 0.1078 0.8663
vt 0.1078 0.8578
vt 0.1089 0.8578
vt 0.1089 0.8663
vt 0.1045 0.8578
vt 0.1045 0.8493
vt 0.1067 0.8493
vt 0.1067 0.8578
vt 0.1111 0.8663
vt 0.1111 0.8578
vt 0.1122 0.8578
vt 0.1122 0.8663
vt 0.1078 0.8493
vt 0.1078 0.8578
vt 0.1034 0.8578
vt 0.1034 0.8493
vt 0.0892 0.8703
vt 0.0886 0.8703
vt 0.0886 0.8631
vt 0.0892 0.8631
vt 0.0759 0.8693
vt 0.0753 0.8695
vt 0.0744 0.8656
vt 0.0751 0.8653
vt 0.0782 0.8673
vt 0.0775 0.8671
vt 0.0784 0.8631
vt 0.0791 0.8634
vt 0.0872 0.8489
vt 0.0879 0.8489
vt 0.0879 0.8560
vt 0.0872 0.8560
vt 0.0754 0.8641
vt 0.0752 0.8633
vt 0.0758 0.8631
vt 0.0759 0.8639
vt 0.0783 0.8693
vt 0.0785 0.8685
vt 0.0791 0.8687
vt 0.0789 0.8695
vt 0.0782 0.8680
vt 0.0775 0.8684
vt 0.0744 0.8643
vt 0.0751 0.8646
vt 0.1166 0.8616
vt 0.1166 0.8594
vt 0.1185 0.8583
vt 0.1205 0.8594
vt 0.1205 0.8616
vt 0.1185 0.8628
vt 0.1205 0.8504
vt 0.1205 0.8527
vt 0.1185 0.8538
vt 0.1166 0.8527
vt 0.1166 0.8504
vt 0.1185 0.8493
vt 0.1023 0.8663
vt 0.1001 0.8663
vt 0.1001 0.8578
vt 0.1023 0.8578
vt 0.1133 0.8578
vt 0.1122 0.8578
vt 0.1122 0.8493
vt 0.1133 0.8493
vt 0.1166 0.8578
vt 0.1155 0.8578
vt 0.1155 0.8493
vt 0.1166 0.8493
vt 0.1034 0.8663
vt 0.1034 0.8578
vt 0.0990 0.8663
vt 0.0990 0.8578
vt 0.0886 0.8703
vt 0.0879 0.8703
vt 0.0879 0.8631
vt 0.0886 0.8631
vt 0.0822 0.8693
vt 0.0815 0.8695
vt 0.0806 0.8656
vt 0.0813 0.8653
vt 0.0766 0.8673
vt 0.0759 0.8671
vt 0.0768 0.8631
vt 0.0775 0.8634
vt 0.0879 0.8703
vt 0.0872 0.8703
vt 0.0872 0.8631
vt 0.0879 0.8631
vt 0.0816 0.8641
vt 0.0814 0.8633
vt 0.0820 0.8631
vt 0.0822 0.8639
vt 0.0767 0.8693
vt 0.0769 0.8685
vt 0.0775 0.8687
vt 0.0773 0.8695
vt 0.0766 0.8680
vt 0.0760 0.8684
vt 0.0806 0.8643
vt 0.0813 0.8646
vt 0.1124 0.8663
vt 0.1143 0.8674
vt 0.1143 0.8696
vt 0.1124 0.8708
vt 0.1104 0.8696
vt 0.1104 0.8674
vt 0.1085 0.8663
vt 0.1104 0.8674
vt 0.1104 0.8696
vt 0.1085 0.8708
vt 0.1066 0.8696
vt 0.1066 0.8674
vt 0.1023 0.8578
vt 0.1001 0.8578
vt 0.1001 0.8493
vt 0.1023 0.8493
vt 0.1089 0.8578
vt 0.1078 0.8578
vt 0.1078 0.8493
vt 0.1089 0.8493
vt 0.1122 0.8578
vt 0.1111 0.8578
vt 0.1111 0.8493
vt 0.1122 0.8493
vt 0.1034 0.8578
vt 0.1034 0.8493
vt 0.0990 0.8578
vt 0.0990 0.8493
vt 0.0886 0.8489
vt 0.0886 0.8560
vt 0.0879 0.8560
vt 0.0879 0.8489
vt 0.0853 0.8634
vt 0.0844 0.8673
vt 0.0837 0.8671
vt 0.0846 0.8631
vt 0.0797 0.8653
vt 0.0806 0.8693
vt 0.0799 0.8695
vt 0.0791 0.8656
vt 0.0879 0.8560
vt 0.0879 0.8631
vt 0.0872 0.8631
vt 0.0872 0.8560
vt 0.0847 0.8685
vt 0.0853 0.8687
vt 0.0851 0.8695
vt 0.0845 0.8693
vt 0.0798 0.8633
vt 0.0804 0.8631
vt 0.0806 0.8639
vt 0.0800 0.8641
vt 0.0797 0.8646
vt 0.0791 0.8643
vt 0.0838 0.8684
vt 0.0844 0.8680
vt 0.1143 0.8696
vt 0.1143 0.8674
vt 0.1162 0.8663
vt 0.1181 0.8674
vt 0.1181 0.8696
vt 0.1162 0.8708
vt 0.1205 0.8549
vt 0.1205 0.8571
vt 0.1185 0.8583
vt 0.1166 0.8571
vt 0.1166 0.8549
vt 0.1185 0.8538
vt 0.1122 0.8663
vt 0.1122 0.8578
vt 0.1133 0.8578
vt 0.1133 0.8663
vt 0.1045 0.8663
vt 0.1045 0.8578
vt 0.1067 0.8578
vt 0.1067 0.8663
vt 0.1155 0.8663
vt 0.1155 0.8578
vt 0.1166 0.8578
vt 0.1166 0.8663
vt 0.1078 0.8578
vt 0.1078 0.8663
vt 0.1034 0.8663
vt 0.1034 0.8578
vt 0.0886 0.8560
vt 0.0886 0.8631
vt 0.0879 0.8631
vt 0.0879 0.8560
vt 0.0837 0.8634
vt 0.0828 0.8673
vt 0.0822 0.8671
vt 0.0830 0.8631
vt 0.0856 0.8582
vt 0.0865 0.8621
vt 0.0858 0.8623
vt 0.0849 0.8584
vt 0.0865 0.8631
vt 0.0865 0.8560
vt 0.0872 0.8560
vt 0.0872 0.8631
vt 0.0831 0.8685
vt 0.0837 0.8687
vt 0.0835 0.8695
vt 0.0830 0.8693
vt 0.0857 0.8562
vt 0.0863 0.8560
vt 0.0865 0.8568
vt 0.0859 0.8570
vt 0.0856 0.8574
vt 0.0850 0.8571
vt 0.0822 0.8684
vt 0.0828 0.8680
vt 0.1009 0.8708
vt 0.0990 0.8696
vt 0.0990 0.8674
vt 0.1009 0.8663
vt 0.1028 0.8674
vt 0.1028 0.8696
vt 0.1047 0.8708
vt 0.1028 0.8696
vt 0.1028 0.8674
vt 0.1047 0.8663
vt 0.1066 0.8674
vt 0.1066 0.8696
vt 0.1078 0.8663
vt 0.1078 0.8578
vt 0.1089 0.8578
vt 0.1089 0.8663
vt 0.1045 0.8578
vt 0.1045 0.8493
vt 0.1067 0.8493
vt 0.1067 0.8578
vt 0.1111 0.8663
vt 0.1111 0.8578
vt 0.1122 0.8578
vt 0.1122 0.8663
vt 0.1078 0.8493
vt 0.1078 0.8578
vt 0.1034 0.8578
vt 0.1034 0.8493
vt 0.0892 0.8703
vt 0.0886 0.8703
vt 0.0886 0.8631
vt 0.0892 0.8631
vt 0.0759 0.8693
vt 0.0753 0.8695
vt 0.0744 0.8656
vt 0.0751 0.8653
vt 0.0782 0.8673
vt 0.0775 0.8671
vt 0.0784 0.8631
vt 0.0791 0.8634
vt 0.0872 0.8489
vt 0.0879 0.8489
vt 0.0879 0.8560
vt 0.0872 0.8560
vt 0.0754 0.8641
vt 0.0752 0.8633
vt 0.0758 0.8631
vt 0.0759 0.8639
vt 0.0783 0.8693
vt 0.0785 0.8685
vt 0.0791 0.8687
vt 0.0789 0.8695
vt 0.0782 0.8680
vt 0.0775 0.8684
vt 0.0744 0.8643
vt 0.0751 0.8646
vt 0.1166 0.8616
vt 0.1166 0.8594
vt 0.1185 0.8583
vt 0.1205 0.8594
vt 0.1205 0.8616
vt 0.1185 0.8628
vt 0.1205 0.8504
vt 0.1205 0.8527
vt 0.1185 0.8538
vt 0.1166 0.8527
vt 0.1166 0.8504
vt 0.1185 0.8493
vt 0.1023 0.8663
vt 0.1001 0.8663
vt 0.1001 0.8578
vt 0.1023 0.8578
vt 0.1133 0.8578
vt 0.1122 0.8578
vt 0.1122 0.8493
vt 0.1133 0.8493
vt 0.1166 0.8578
vt 0.1155 0.8578
vt 0.1155 0.8493
vt 0.1166 0.8493
vt 0.1034 0.8663
vt 0.1034 0.8578
vt 0.0990 0.8663
vt 0.0990 0.8578
vt 0.0886 0.8703
vt 0.0879 0.8703
vt 0.0879 0.8631
vt 0.0886 0.8631
vt 0.0822 0.8693
vt 0.0815 0.8695
vt 0.0806 0.8656
vt 0.0813 0.8653
vt 0.0766 0.8673
vt 0.0759 0.8671
vt 0.0768 0.8631
vt 0.0775 0.8634
vt 0.0879 0.8703
vt 0.0872 0.8703
vt 0.0872 0.8631
vt 0.0879 0.8631
vt 0.0816 0.8641
vt 0.0814 0.8633
vt 0.0820 0.8631
vt 0.0822 0.8639
vt 0.0767 0.8693
vt 0.0769 0.8685
vt 0.0775 0.8687
vt 0.0773 0.8695
vt 0.0766 0.8680
vt 0.0760 0.8684
vt 0.0806 0.8643
vt 0.0813 0.8646
vt 0.1124 0.8663
vt 0.1143 0.8674
vt 0.1143 0.8696
vt 0.1124 0.8708
vt 0.1104 0.8696
vt 0.1104 0.8674
vt 0.1085 0.8663
vt 0.1104 0.8674
vt 0.1104 0.8696
vt 0.1085 0.8708
vt 0.1066 0.8696
vt 0.1066 0.8674
vt 0.1023 0.8578
vt 0.1001 0.8578
vt 0.1001 0.8493
vt 0.1023 0.8493
vt 0.1089 0.8578
vt 0.1078 0.8578
vt 0.1078 0.8493
vt 0.1089 0.8493
vt 0.1122 0.8578
vt 0.1111 0.8578
vt 0.1111 0.8493
vt 0.1122 0.8493
vt 0.1034 0.8578
vt 0.1034 0.8493
vt 0.0990 0.8578
vt 0.0990 0.8493
vt 0.0886 0.8489
vt 0.0886 0.8560
vt 0.0879 0.8560
vt 0.0879 0.8489
vt 0.0853 0.8634
vt 0.0844 0.8673
vt 0.0837 0.8671
vt 0.0846 0.8631
vt 0.0797 0.8653
vt 0.0806 0.8693
vt 0.0799 0.8695
vt 0.0791 0.8656
vt 0.0879 0.8560
vt 0.0879 0.8631
vt 0.0872 0.8631
vt 0.0872 0.8560
vt 0.0847 0.8685
vt 0.0853 0.8687
vt 0.0851 0.8695
vt 0.0845 0.8693
vt 0.0798 0.8633
vt 0.0804 0.8631
vt 0.0806 0.8639
vt 0.0800 0.8641
vt 0.0797 0.8646
vt 0.0791 0.8643
vt 0.0838 0.8684
vt 0.0844 0.8680
vt 0.1143 0.8696
vt 0.1143 0.8674
vt 0.1162 0.8663
vt 0.1181 0.8674
vt 0.1181 0.8696
vt 0.1162 0.8708
vt 0.1205 0.8549
vt 0.1205 0.8571
vt 0.1185 0.8583
vt 0.1166 0.8571
vt 0.1166 0.8549
vt 0.1185 0.8538
vt 0.1122 0.8663
vt 0.1122 0.8578
vt 0.1133 0.8578
vt 0.1133 0.8663
vt 0.1045 0.8663
vt 0.1045 0.8578
vt 0.1067 0.8578
vt 0.1067 0.8663
vt 0.1155 0.8663
vt 0.1155 0.8578
vt 0.1166 0.8578
vt 0.1166 0.8663
vt 0.1078 0.8578
vt 0.1078 0.8663
vt 0.1034 0.8663
vt 0.1034 0.8578
vt 0.0886 0.8560
vt 0.0886 0.8631
vt 0.0879 0.8631
vt 0.0879 0.8560
vt 0.0837 0.8634
vt 0.0828 0.8673
vt 0.0822 0.8671
vt 0.0830 0.8631
vt 0.0856 0.8582
vt 0.0865 0.8621
vt 0.0858 0.8623
vt 0.0849 0.8584
vt 0.0865 0.8631
vt 0.0865 0.8560
vt 0.0872 0.8560
vt 0.0872 0.8631
vt 0.0831 0.8685
vt 0.0837 0.8687
vt 0.0835 0.8695
vt 0.0830 0.8693
vt 0.0857 0.8562
vt 0.0863 0.8560
vt 0.0865 0.8568
vt 0.0859 0.8570
vt 0.0856 0.8574
vt 0.0850 0.8571
vt 0.0822 0.8684
vt 0.0828 0.8680
vt 0.1009 0.8708
vt 0.0990 0.8696
vt 0.0990 0.8674
vt 0.1009 0.8663
vt 0.1028 0.8674
vt 0.1028 0.8696
vt 0.1047 0.8708
vt 0.1028 0.8696
vt 0.1028 0.8674
vt 0.1047 0.8663
vt 0.1066 0.8674
vt 0.1066 0.8696
vt 0.1078 0.8663
vt 0.1078 0.8578
vt 0.1089 0.8578
vt 0.1089 0.8663
vt 0.1045 0.8578
vt 0.1045 0.8493
vt 0.1067 0.8493
vt 0.1067 0.8578
vt 0.1111 0.8663
vt 0.1111 0.8578
vt 0.1122 0.8578
vt 0.1122 0.8663
vt 0.1078 0.8493
vt 0.1078 0.8578
vt 0.1034 0.8578
vt 0.1034 0.8493
vt 0.0768 0.8560
vt 0.0803 0.8560
vt 0.0803 0.8631
vt 0.0768 0.8631
vt 0.0713 0.8560
vt 0.0679 0.8560
vt 0.0679 0.8489
vt 0.0713 0.8489
vt 0.0866 0.8703
vt 0.0866 0.8631
vt 0.0872 0.8631
vt 0.0872 0.8703
vt 0.0738 0.8703
vt 0.0738 0.8631
vt 0.0744 0.8631
vt 0.0744 0.8703
vt 0.0862 0.8631
vt 0.0862 0.8703
vt 0.0728 0.8631
vt 0.0728 0.8703
vt 0.0809 0.8560
vt 0.0809 0.8631
vt 0.0724 0.8489
vt 0.0724 0.8560
vt 0.0849 0.8631
vt 0.0815 0.8631
vt 0.0815 0.8560
vt 0.0849 0.8560
vt 0.0689 0.8560
vt 0.0724 0.8560
vt 0.0724 0.8631
vt 0.0689 0.8631
vt 0.0857 0.8560
vt 0.0857 0.8489
vt 0.0863 0.8489
vt 0.0863 0.8560
vt 0.0705 0.8703
vt 0.0705 0.8631
vt 0.0711 0.8631
vt 0.0711 0.8703
vt 0.0854 0.8489
vt 0.0854 0.8560
vt 0.0695 0.8631
vt 0.0695 0.8703
vt 0.0809 0.8631
vt 0.0809 0.8560
vt 0.0679 0.8631
vt 0.0679 0.8560
vt 0.0768 0.8560
vt 0.0768 0.8631
vt 0.0734 0.8631
vt 0.0734 0.8560
vt 0.0734 0.8560
vt 0.0734 0.8489
vt 0.0768 0.8489
vt 0.0768 0.8560
vt 0.0856 0.8631
vt 0.0862 0.8631
vt 0.0862 0.8703
vt 0.0856 0.8703
vt 0.0689 0.8631
vt 0.0695 0.8631
vt 0.0695 0.8703
vt 0.0689 0.8703
vt 0.0853 0.8703
vt 0.0853 0.8631
vt 0.0679 0.8703
vt 0.0679 0.8631
vt 0.0728 0.8631
vt 0.0728 0.8560
vt 0.0724 0.8560
vt 0.0724 0.8489
vt 0.0813 0.8560
vt 0.0813 0.8489
vt 0.0847 0.8489
vt 0.0847 0.8560
vt 0.0803 0.8489
vt 0.0803 0.8560
vt 0.0768 0.8560
vt 0.0768 0.8489
vt 0.0866 0.8489
vt 0.0872 0.8489
vt 0.0872 0.8560
vt 0.0866 0.8560
vt 0.0721 0.8631
vt 0.0727 0.8631
vt 0.0727 0.8703
vt 0.0721 0.8703
vt 0.0863 0.8560
vt 0.0863 0.8489
vt 0.0711 0.8703
vt 0.0711 0.8631
vt 0.0854 0.8489
vt 0.0854 0.8560
vt 0.0813 0.8489
vt 0.0813 0.8560
vt 0.0768 0.8560
vt 0.0803 0.8560
vt 0.0803 0.8631
vt 0.0768 0.8631
vt 0.0713 0.8560
vt 0.0679 0.8560
vt 0.0679 0.8489
vt 0.0713 0.8489
vt 0.0866 0.8703
vt 0.0866 0.8631
vt 0.0872 0.8631
vt 0.0872 0.8703
vt 0.0738 0.8703
vt 0.0738 0.8631
vt 0.0744 0.8631
vt 0.0744 0.8703
vt 0.0862 0.8631
vt 0.0862 0.8703
vt 0.0728 0.8631
vt 0.0728 0.8703
vt 0.0809 0.8560
vt 0.0809 0.8631
vt 0.0724 0.8489
vt 0.0724 0.8560
vt 0.0849 0.8631
vt 0.0815 0.8631
vt 0.0815 0.8560
vt 0.0849 0.8560
vt 0.0689 0.8560
vt 0.0724 0.8560
vt 0.0724 0.8631
vt 0.0689 0.8631
vt 0.0857 0.8560
vt 0.0857 0.8489
vt 0.0863 0.8489
vt 0.0863 0.8560
vt 0.0705 0.8703
vt 0.0705 0.8631
vt 0.0711 0.8631
vt 0.0711 0.8703
vt 0.0854 0.8489
vt 0.0854 0.8560
vt 0.0695 0.8631
vt 0.0695 0.8703
vt 0.0809 0.8631
vt 0.0809 0.8560
vt 0.0679 0.8631
vt 0.0679 0.8560
vt 0.0768 0.8560
vt 0.0768 0.8631
vt 0.0734 0.8631
vt 0.0734 0.8560
vt 0.0734 0.8560
vt 0.0734 0.8489
vt 0.0768 0.8489
vt 0.0768 0.8560
vt 0.0856 0.8631
vt 0.0862 0.8631
vt 0.0862 0.8703
vt 0.0856 0.8703
vt 0.0689 0.8631
vt 0.0695 0.8631
vt 0.0695 0.8703
vt 0.0689 0.8703
vt 0.0853 0.8703
vt 0.0853 0.8631
vt 0.0679 0.8703
vt 0.0679 0.8631
vt 0.0728 0.8631
vt 0.0728 0.8560
vt 0.0724 0.8560
vt 0.0724 0.8489
vt 0.0813 0.8560
vt 0.0813 0.8489
vt 0.0847 0.8489
vt 0.0847 0.8560
vt 0.0803 0.8489
vt 0.0803 0.8560
vt 0.0768 0.8560
vt 0.0768 0.8489
vt 0.0866 0.8489
vt 0.0872 0.8489
vt 0.0872 0.8560
vt 0.0866 0.8560
vt 0.0721 0.8631
vt 0.0727 0.8631
vt 0.0727 0.8703
vt 0.0721 0.8703
vt 0.0863 0.8560
vt 0.0863 0.8489
vt 0.0711 0.8703
vt 0.0711 0.8631
vt 0.0854 0.8489
vt 0.0854 0.8560
vt 0.0813 0.8489
vt 0.0813 0.8560
vt 0.0768 0.8560
vt 0.0803 0.8560
vt 0.0803 0.8631
vt 0.0768 0.8631
vt 0.0713 0.8560
vt 0.0679 0.8560
vt 0.0679 0.8489
vt 0.0713 0.8489
vt 0.0866 0.8703
vt 0.0866 0.8631
vt 0.0872 0.8631
vt 0.0872 0.8703
vt 0.0738 0.8703
vt 0.0738 0.8631
vt 0.0744 0.8631
vt 0.0744 0.8703
vt 0.0862 0.8631
vt 0.0862 0.8703
vt 0.0728 0.8631
vt 0.0728 0.8703
vt 0.0809 0.8560
vt 0.0809 0.8631
vt 0.0724 0.8489
vt 0.0724 0.8560
vt 0.0849 0.8631
vt 0.0815 0.8631
vt 0.0815 0.8560
vt 0.0849 0.8560
vt 0.0689 0.8560
vt 0.0724 0.8560
vt 0.0724 0.8631
vt 0.0689 0.8631
vt 0.0857 0.8560
vt 0.0857 0.8489
vt 0.0863 0.8489
vt 0.0863 0.8560
vt 0.0705 0.8703
vt 0.0705 0.8631
vt 0.0711 0.8631
vt 0.0711 0.8703
vt 0.0854 0.8489
vt 0.0854 0.8560
vt 0.0695 0.8631
vt 0.0695 0.8703
vt 0.0809 0.8631
vt 0.0809 0.8560
vt 0.0679 0.8631
vt 0.0679 0.8560
vt 0.0768 0.8560
vt 0.0768 0.8631
vt 0.0734 0.8631
vt 0.0734 0.8560
vt 0.0734 0.8560
vt 0.0734 0.8489
vt 0.0768 0.8489
vt 0.0768 0.8560
vt 0.0856 0.8631
vt 0.0862 0.8631
vt 0.0862 0.8703
vt 0.0856 0.8703
vt 0.0689 0.8631
vt 0.0695 0.8631
vt 0.0695 0.8703
vt 0.0689 0.8703
vt 0.0853 0.8703
vt 0.0853 0.8631
vt 0.0679 0.8703
vt 0.0679 0.8631
vt 0.0728 0.8631
vt 0.0728 0.8560
vt 0.0724 0.8560
vt 0.0724 0.8489
vt 0.0813 0.8560
vt 0.0813 0.8489
vt 0.0847 0.8489
vt 0.0847 0.8560
vt 0.0803 0.8489
vt 0.0803 0.8560
vt 0.0768 0.8560
vt 0.0768 0.8489
vt 0.0866 0.8489
vt 0.0872 0.8489
vt 0.0872 0.8560
vt 0.0866 0.8560
vt 0.0721 0.8631
vt 0.0727 0.8631
vt 0.0727 0.8703
vt 0.0721 0.8703
vt 0.0863 0.8560
vt 0.0863 0.8489
vt 0.0711 0.8703
vt 0.0711 0.8631
vt 0.0854 0.8489
vt 0.0854 0.8560
vt 0.0813 0.8489
vt 0.0813 0.8560
vt 0.0768 0.8560
vt 0.0803 0.8560
vt 0.0803 0.8631
vt 0.0768 0.8631
vt 0.0713 0.8560
vt 0.0679 0.8560
vt 0.0679 0.8489
vt 0.0713 0.8489
vt 0.0866 0.8703
vt 0.0866 0.8631
vt 0.0872 0.8631
vt 0.0872 0.8703
vt 0.0738 0.8703
vt 0.0738 0.8631
vt 0.0744 0.8631
vt 0.0744 0.8703
vt 0.0862 0.8631
vt 0.0862 0.8703
vt 0.0728 0.8631
vt 0.0728 0.8703
vt 0.0809 0.8560
vt 0.0809 0.8631
vt 0.0724 0.8489
vt 0.0724 0.8560
vt 0.0849 0.8631
vt 0.0815 0.8631
vt 0.0815 0.8560
vt 0.0849 0.8560
vt 0.0689 0.8560
vt 0.0724 0.8560
vt 0.0724 0.8631
vt 0.0689 0.8631
vt 0.0857 0.8560
vt 0.0857 0.8489
vt 0.0863 0.8489
vt 0.0863 0.8560
vt 0.0705 0.8703
vt 0.0705 0.8631
vt 0.0711 0.8631
vt 0.0711 0.8703
vt 0.0854 0.8489
vt 0.0854 0.8560
vt 0.0695 0.8631
vt 0.0695 0.8703
vt 0.0809 0.8631
vt 0.0809 0.8560
vt 0.0679 0.8631
vt 0.0679 0.8560
vt 0.0768 0.8560
vt 0.0768 0.8631
vt 0.0734 0.8631
vt 0.0734 0.8560
vt 0.0734 0.8560
vt 0.0734 0.8489
vt 0.0768 0.8489
vt 0.0768 0.8560
vt 0.0856 0.8631
vt 0.0862 0.8631
vt 0.0862 0.8703
vt 0.0856 0.8703
vt 0.0689 0.8631
vt 0.0695 0.8631
vt 0.0695 0.8703
vt 0.0689 0.8703
vt 0.0853 0.8703
vt 0.0853 0.8631
vt 0.0679 0.8703
vt 0.0679 0.8631
vt 0.0728 0.8631
vt 0.0728 0.8560
vt 0.0724 0.8560
vt 0.0724 0.8489
vt 0.0813 0.8560
vt 0.0813 0.8489
vt 0.0847 0.8489
vt 0.0847 0.8560
vt 0.0803 0.8489
vt 0.0803 0.8560
vt 0.0768 0.8560
vt 0.0768 0.8489
vt 0.0866 0.8489
vt 0.0872 0.8489
vt 0.0872 0.8560
vt 0.0866 0.8560
vt 0.0721 0.8631
vt 0.0727 0.8631
vt 0.0727 0.8703
vt 0.0721 0.8703
vt 0.0863 0.8560
vt 0.0863 0.8489
vt 0.0711 0.8703
vt 0.0711 0.8631
vt 0.0854 0.8489
vt 0.0854 0.8560
vt 0.0813 0.8489
vt 0.0813 0.8560
vt 0.0768 0.8560
vt 0.0803 0.8560
vt 0.0803 0.8631
vt 0.0768 0.8631
vt 0.0713 0.8560
vt 0.0679 0.8560
vt 0.0679 0.8489
vt 0.0713 0.8489
vt 0.0866 0.8703
vt 0.0866 0.8631
vt 0.0872 0.8631
vt 0.0872 0.8703
vt 0.0738 0.8703
vt 0.0738 0.8631
vt 0.0744 0.8631
vt 0.0744 0.8703
vt 0.0862 0.8631
vt 0.0862 0.8703
vt 0.0728 0.8631
vt 0.0728 0.8703
vt 0.0809 0.8560
vt 0.0809 0.8631
vt 0.0724 0.8489
vt 0.0724 0.8560
vt 0.0849 0.8631
vt 0.0815 0.8631
vt 0.0815 0.8560
vt 0.0849 0.8560
vt 0.0689 0.8560
vt 0.0724 0.8560
vt 0.0724 0.8631
vt 0.0689 0.8631
vt 0.0857 0.8560
vt 0.0857 0.8489
vt 0.0863 0.8489
vt 0.0863 0.8560
vt 0.0705 0.8703
vt 0.0705 0.8631
vt 0.0711 0.8631
vt 0.0711 0.8703
vt 0.0854 0.8489
vt 0.0854 0.8560
vt 0.0695 0.8631
vt 0.0695 0.8703
vt 0.0809 0.8631
vt 0.0809 0.8560
vt 0.0679 0.8631
vt 0.0679 0.8560
vt 0.0768 0.8560
vt 0.0768 0.8631
vt 0.0734 0.8631
vt 0.0734 0.8560
vt 0.0734 0.8560
vt 0.0734 0.8489
vt 0.0768 0.8489
vt 0.0768 0.8560
vt 0.0856 0.8631
vt 0.0862 0.8631
vt 0.0862 0.8703
vt 0.0856 0.8703
vt 0.0689 0.8631
vt 0.0695 0.8631
vt 0.0695 0.8703
vt 0.0689 0.8703
vt 0.0853 0.8703
vt 0.0853 0.8631
vt 0.0679 0.8703
vt 0.0679 0.8631
vt 0.0728 0.8631
vt 0.0728 0.8560
vt 0.0724 0.8560
vt 0.0724 0.8489
vt 0.0813 0.8560
vt 0.0813 0.8489
vt 0.0847 0.8489
vt 0.0847 0.8560
vt 0.0803 0.8489
vt 0.0803 0.8560
vt 0.0768 0.8560
vt 0.0768 0.8489
vt 0.0866 0.8489
vt 0.0872 0.8489
vt 0.0872 0.8560
vt 0.0866 0.8560
vt 0.0721 0.8631
vt 0.0727 0.8631
vt 0.0727 0.8703
vt 0.0721 0.8703
vt 0.0863 0.8560
vt 0.0863 0.8489
vt 0.0711 0.8703
vt 0.0711 0.8631
vt 0.0854 0.8489
vt 0.0854 0.8560
vt 0.0813 0.8489
vt 0.0813 0.8560
vt 0.0768 0.8560
vt 0.0803 0.8560
vt 0.0803 0.8631
vt 0.0768 0.8631
vt 0.0713 0.8560
vt 0.0679 0.8560
vt 0.0679 0.8489
vt 0.0713 0.8489
vt 0.0866 0.8703
vt 0.0866 0.8631
vt 0.0872 0.8631
vt 0.0872 0.8703
vt 0.0738 0.8703
vt 0.0738 0.8631
vt 0.0744 0.8631
vt 0.0744 0.8703
vt 0.0862 0.8631
vt 0.0862 0.8703
vt 0.0728 0.8631
vt 0.0728 0.8703
vt 0.0809 0.8560
vt 0.0809 0.8631
vt 0.0724 0.8489
vt 0.0724 0.8560
vt 0.0849 0.8631
vt 0.0815 0.8631
vt 0.0815 0.8560
vt 0.0849 0.8560
vt 0.0689 0.8560
vt 0.0724 0.8560
vt 0.0724 0.8631
vt 0.0689 0.8631
vt 0.0857 0.8560
vt 0.0857 0.8489
vt 0.0863 0.8489
vt 0.0863 0.8560
vt 0.0705 0.8703
vt 0.0705 0.8631
vt 0.0711 0.8631
vt 0.0711 0.8703
vt 0.0854 0.8489
vt 0.0854 0.8560
vt 0.0695 0.8631
vt 0.0695 0.8703
vt 0.0809 0.8631
vt 0.0809 0.8560
vt 0.0679 0.8631
vt 0.0679 0.8560
vt 0.0768 0.8560
vt 0.0768 0.8631
vt 0.0734 0.8631
vt 0.0734 0.8560
vt 0.0734 0.8560
vt 0.0734 0.8489
vt 0.0768 0.8489
vt 0.0768 0.8560
vt 0.0856 0.8631
vt 0.0862 0.8631
vt 0.0862 0.8703
vt 0.0856 0.8703
vt 0.0689 0.8631
vt 0.0695 0.8631
vt 0.0695 0.8703
vt 0.0689 0.8703
vt 0.0853 0.8703
vt 0.0853 0.8631
vt 0.0679 0.8703
vt 0.0679 0.8631
vt 0.0728 0.8631
vt 0.0728 0.8560
vt 0.0724 0.8560
vt 0.0724 0.8489
vt 0.0813 0.8560
vt 0.0813 0.8489
vt 0.0847 0.8489
vt 0.0847 0.8560
vt 0.0803 0.8489
vt 0.0803 0.8560
vt 0.0768 0.8560
vt 0.0768 0.8489
vt 0.0866 0.8489
vt 0.0872 0.8489
vt 0.0872 0.8560
vt 0.0866 0.8560
vt 0.0721 0.8631
vt 0.0727 0.8631
vt 0.0727 0.8703
vt 0.0721 0.8703
vt 0.0863 0.8560
vt 0.0863 0.8489
vt 0.0711 0.8703
vt 0.0711 0.8631
vt 0.0854 0.8489
vt 0.0854 0.8560
vt 0.0813 0.8489
vt 0.0813 0.8560
vt 0.0768 0.8560
vt 0.0803 0.8560
vt 0.0803 0.8631
vt 0.0768 0.8631
vt 0.0713 0.8560
vt 0.0679 0.8560
vt 0.0679 0.8489
vt 0.0713 0.8489
vt 0.0866 0.8703
vt 0.0866 0.8631
vt 0.0872 0.8631
vt 0.0872 0.8703
vt 0.0738 0.8703
vt 0.0738 0.8631
vt 0.0744 0.8631
vt 0.0744 0.8703
vt 0.0862 0.8631
vt 0.0862 0.8703
vt 0.0728 0.8631
vt 0.0728 0.8703
vt 0.0809 0.8560
vt 0.0809 0.8631
vt 0.0724 0.8489
vt 0.0724 0.8560
vt 0.0849 0.8631
vt 0.0815 0.8631
vt 0.0815 0.8560
vt 0.0849 0.8560
vt 0.0689 0.8560
vt 0.0724 0.8560
vt 0.0724 0.8631
vt 0.0689 0.8631
vt 0.0857 0.8560
vt 0.0857 0.8489
vt 0.0863 0.8489
vt 0.0863 0.8560
vt 0.0705 0.8703
vt 0.0705 0.8631
vt 0.0711 0.8631
vt 0.0711 0.8703
vt 0.0854 0.8489
vt 0.0854 0.8560
vt 0.0695 0.8631
vt 0.0695 0.8703
vt 0.0809 0.8631
vt 0.0809 0.8560
vt 0.0679 0.8631
vt 0.0679 0.8560
vt 0.0768 0.8560
vt 0.0768 0.8631
vt 0.0734 0.8631
vt 0.0734 0.8560
vt 0.0734 0.8560
vt 0.0734 0.8489
vt 0.0768 0.8489
vt 0.0768 0.8560
vt 0.0856 0.8631
vt 0.0862 0.8631
vt 0.0862 0.8703
vt 0.0856 0.8703
vt 0.0689 0.8631
vt 0.0695 0.8631
vt 0.0695 0.8703
vt 0.0689 0.8703
vt 0.0853 0.8703
vt 0.0853 0.8631
vt 0.0679 0.8703
vt 0.0679 0.8631
vt 0.0728 0.8631
vt 0.0728 0.8560
vt 0.0724 0.8560
vt 0.0724 0.8489
vt 0.0813 0.8560
vt 0.0813 0.8489
vt 0.0847 0.8489
vt 0.0847 0.8560
vt 0.0803 0.8489
vt 0.0803 0.8560
vt 0.0768 0.8560
vt 0.0768 0.8489
vt 0.0866 0.8489
vt 0.0872 0.8489
vt 0.0872 0.8560
vt 0.0866 0.8560
vt 0.0721 0.8631
vt 0.0727 0.8631
vt 0.0727 0.8703
vt 0.0721 0.8703
vt 0.0863 0.8560
vt 0.0863 0.8489
vt 0.0711 0.8703
vt 0.0711 0.8631
vt 0.0854 0.8489
vt 0.0854 0.8560
vt 0.0813 0.8489
vt 0.0813 0.8560
vt 0.0768 0.8560
vt 0.0803 0.8560
vt 0.0803 0.8631
vt 0.0768 0.8631
vt 0.0713 0.8560
vt 0.0679 0.8560
vt 0.0679 0.8489
vt 0.0713 0.8489
vt 0.0866 0.8703
vt 0.0866 0.8631
vt 0.0872 0.8631
vt 0.0872 0.8703
vt 0.0738 0.8703
vt 0.0738 0.8631
vt 0.0744 0.8631
vt 0.0744 0.8703
vt 0.0862 0.8631
vt 0.0862 0.8703
vt 0.0728 0.8631
vt 0.0728 0.8703
vt 0.0809 0.8560
vt 0.0809 0.8631
vt 0.0724 0.8489
vt 0.0724 0.8560
vt 0.0849 0.8631
vt 0.0815 0.8631
vt 0.0815 0.8560
vt 0.0849 0.8560
vt 0.0689 0.8560
vt 0.0724 0.8560
vt 0.0724 0.8631
vt 0.0689 0.8631
vt 0.0857 0.8560
vt 0.0857 0.8489
vt 0.0863 0.8489
vt 0.0863 0.8560
vt 0.0705 0.8703
vt 0.0705 0.8631
vt 0.0711 0.8631
vt 0.0711 0.8703
vt 0.0854 0.8489
vt 0.0854 0.8560
vt 0.0695 0.8631
vt 0.0695 0.8703
vt 0.0809 0.8631
vt 0.0809 0.8560
vt 0.0679 0.8631
vt 0.0679 0.8560
vt 0.0768 0.8560
vt 0.0768 0.8631
vt 0.0734 0.8631
vt 0.0734 0.8560
vt 0.0734 0.8560
vt 0.0734 0.8489
vt 0.0768 0.8489
vt 0.0768 0.8560
vt 0.0856 0.8631
vt 0.0862 0.8631
vt 0.0862 0.8703
vt 0.0856 0.8703
vt 0.0689 0.8631
vt 0.0695 0.8631
vt 0.0695 0.8703
vt 0.0689 0.8703
vt 0.0853 0.8703
vt 0.0853 0.8631
vt 0.0679 0.8703
vt 0.0679 0.8631
vt 0.0728 0.8631
vt 0.0728 0.8560
vt 0.0724 0.8560
vt 0.0724 0.8489
vt 0.0813 0.8560
vt 0.0813 0.8489
vt 0.0847 0.8489
vt 0.0847 0.8560
vt 0.0803 0.8489
vt 0.0803 0.8560
vt 0.0768 0.8560
vt 0.0768 0.8489
vt 0.0866 0.8489
vt 0.0872 0.8489
vt 0.0872 0.8560
vt 0.0866 0.8560
vt 0.0721 0.8631
vt 0.0727 0.8631
vt 0.0727 0.8703
vt 0.0721 0.8703
vt 0.0863 0.8560
vt 0.0863 0.8489
vt 0.0711 0.8703
vt 0.0711 0.8631
vt 0.0854 0.8489
vt 0.0854 0.8560
vt 0.0813 0.8489
vt 0.0813 0.8560
vn 0.0000 -1.0000 0.0000
vn -1.0000 0.0000 0.0000
vn -0.0000 -0.0000 1.0000
vn 1.0000 0.0000 0.0000
vn -0.4229 0.9062 -0.0000
vn 0.4229 0.9062 0.0000
vn 0.0000 -0.9992 -0.0393
vn -0.4228 0.9061 0.0119
vn 0.0000 -0.9999 -0.0131
vn 0.4228 0.9061 0.0119
vn 0.0000 -0.9979 -0.0654
vn 0.4228 0.9055 0.0356
vn -0.4228 0.9055 0.0356
vn 0.4228 0.9043 0.0593
vn -0.4228 0.9043 0.0593
vn 0.4229 0.9024 0.0829
vn -0.4229 0.9024 0.0829
vn 0.0000 -0.9958 -0.0915
vn 0.4229 0.8999 0.1065
vn -0.4229 0.8999 0.1065
vn 0.0000 -0.9931 -0.1175
vn 0.4229 0.8968 0.1300
vn -0.4229 0.8968 0.1300
vn 0.0000 -0.9897 -0.1435
vn 0.4229 0.8933 0.1522
vn -0.4229 0.8933 0.1522
vn 0.0000 -0.9858 -0.1680
vn 0.0000 0.1822 -0.9833
vn 0.4229 0.8910 0.1651
vn -0.4229 0.8910 0.1651
vn 0.0000 -0.9833 -0.1822
vn -0.1540 0.9881 -0.0000
vn -0.1541 0.9880 0.0065
vn -0.6223 0.7828 0.0051
vn -0.6215 0.7834 -0.0000
vn 0.1541 0.9880 0.0065
vn 0.1540 0.9881 0.0000
vn 0.9684 -0.2493 -0.0016
vn 0.9682 -0.2503 0.0000
vn -0.6374 -0.7705 -0.0000
vn -0.6873 -0.7263 -0.0000
vn -0.6865 -0.7271 -0.0048
vn -0.6382 -0.7699 -0.0050
vn -0.9682 -0.2503 -0.0000
vn -0.9684 -0.2493 -0.0016
vn 0.6382 -0.7699 -0.0050
vn 0.6865 -0.7271 -0.0048
vn 0.6873 -0.7263 0.0000
vn 0.6374 -0.7705 0.0000
vn 0.9826 -0.1860 -0.0012
vn 0.9642 0.2650 0.0017
vn 0.9640 0.2661 0.0000
vn 0.9827 -0.1852 0.0000
vn -0.9827 -0.1853 -0.0000
vn -0.9640 0.2661 0.0000
vn -0.9642 0.2650 0.0017
vn -0.9826 -0.1860 -0.0012
vn 0.6223 0.7828 0.0051
vn 0.6215 0.7834 0.0000
vn 0.9639 0.2661 0.0000
vn -0.9639 0.2661 -0.0000
vn -0.9687 -0.2483 -0.0065
vn 0.1542 0.9877 0.0259
vn -0.1542 0.9877 0.0259
vn -0.6230 0.7819 0.0205
vn -0.1542 0.9867 0.0517
vn -0.6230 0.7811 0.0409
vn -0.6389 -0.7690 -0.0201
vn -0.9645 0.2639 0.0069
vn -0.9824 -0.1866 -0.0049
vn 0.6389 -0.7690 -0.0201
vn 0.6856 -0.7277 -0.0191
vn 0.6230 0.7819 0.0205
vn -0.6856 -0.7277 -0.0191
vn 0.9824 -0.1866 -0.0049
vn 0.9645 0.2639 0.0069
vn 0.9687 -0.2483 -0.0065
vn -0.6230 0.7820 0.0205
vn 0.1542 0.9867 0.0517
vn 0.1542 0.9850 0.0775
vn -0.1542 0.9850 0.0775
vn 0.9687 -0.2481 -0.0130
vn 0.6389 -0.7683 -0.0403
vn 0.9645 0.2636 0.0138
vn 0.6230 0.7811 0.0409
vn -0.6389 -0.7683 -0.0403
vn -0.9687 -0.2481 -0.0130
vn -0.9645 0.2636 0.0138
vn 0.9824 -0.1864 -0.0098
vn 0.6856 -0.7270 -0.0381
vn -0.9824 -0.1864 -0.0098
vn -0.6856 -0.7270 -0.0381
vn 0.6389 -0.7669 -0.0604
vn 0.9687 -0.2476 -0.0195
vn 0.9687 -0.2470 -0.0260
vn 0.6389 -0.7651 -0.0804
vn 0.9645 0.2631 0.0207
vn 0.6231 0.7798 0.0614
vn -0.6389 -0.7669 -0.0604
vn -0.9687 -0.2476 -0.0195
vn -0.6231 0.7798 0.0614
vn -0.9645 0.2631 0.0207
vn 0.9824 -0.1861 -0.0146
vn 0.6856 -0.7258 -0.0571
vn -0.9824 -0.1861 -0.0146
vn -0.6856 -0.7258 -0.0571
vn 0.6231 0.7779 0.0818
vn 0.9645 0.2625 0.0276
vn 0.9645 0.2618 0.0345
vn 0.6230 0.7755 0.1021
vn -0.6389 -0.7651 -0.0804
vn -0.9687 -0.2470 -0.0260
vn -0.6231 0.7779 0.0818
vn -0.9645 0.2625 0.0276
vn 0.1543 0.9826 0.1033
vn 0.9824 -0.1857 -0.0195
vn 0.6856 -0.7240 -0.0761
vn -0.9824 -0.1857 -0.0195
vn -0.6856 -0.7240 -0.0761
vn -0.1543 0.9826 0.1033
vn -0.9687 -0.2463 -0.0324
vn -0.6389 -0.7627 -0.1004
vn -0.6387 -0.7600 -0.1198
vn -0.9686 -0.2455 -0.0387
vn 0.9645 0.2610 0.0412
vn 0.6229 0.7728 0.1218
vn -0.6230 0.7755 0.1021
vn -0.9645 0.2618 0.0345
vn 0.9687 -0.2463 -0.0324
vn 0.1543 0.9796 0.1290
vn 0.9824 -0.1851 -0.0244
vn 0.6389 -0.7627 -0.1004
vn 0.6856 -0.7218 -0.0950
vn -0.9824 -0.1851 -0.0244
vn -0.6856 -0.7218 -0.0950
vn -0.1543 0.9796 0.1290
vn -0.6381 -0.7580 -0.1348
vn -0.9684 -0.2455 -0.0437
vn -0.6229 0.7728 0.1218
vn -0.9645 0.2610 0.0412
vn 0.9686 -0.2455 -0.0387
vn 0.1543 0.9760 0.1539
vn 0.9824 -0.1843 -0.0291
vn 0.6387 -0.7600 -0.1198
vn 0.6857 -0.7190 -0.1134
vn -0.9824 -0.1843 -0.0291
vn -0.6857 -0.7190 -0.1134
vn -0.1543 0.9760 0.1539
vn -0.9642 0.2610 0.0464
vn -0.6223 0.7707 0.1371
vn -0.6215 0.7703 0.1427
vn -0.9639 0.2617 0.0485
vn 0.9684 -0.2455 -0.0437
vn 0.6223 0.7707 0.1371
vn 0.1542 0.9728 0.1730
vn 0.9825 -0.1832 -0.0326
vn 0.9642 0.2610 0.0464
vn 0.6381 -0.7580 -0.1348
vn 0.6863 -0.7160 -0.1274
vn -0.9825 -0.1832 -0.0326
vn -0.6863 -0.7160 -0.1274
vn -0.1542 0.9728 0.1730
vn 0.9681 -0.2462 -0.0456
vn 0.6215 0.7703 0.1428
vn 0.1541 0.9715 0.1800
vn -0.9681 -0.2462 -0.0456
vn 0.9827 -0.1821 -0.0337
vn 0.9639 0.2617 0.0485
vn 0.6373 -0.7577 -0.1404
vn 0.6873 -0.7142 -0.1324
vn -0.9827 -0.1821 -0.0338
vn -0.6873 -0.7142 -0.1324
vn -0.6373 -0.7577 -0.1404
vn -0.1541 0.9715 0.1800
vn 0.0000 0.0000 -1.0000
vn 0.0000 1.0000 0.0000
vn 0.5000 0.0000 -0.8660
vn 0.5000 -0.0000 0.8660
vn -0.5000 -0.0000 0.8660
vn -0.5000 0.0000 -0.8660
vn 0.0000 0.0262 -0.9997
vn 0.0000 -0.0262 0.9997
vn 0.0000 -0.9997 -0.0262
vn 0.0000 0.9997 0.0262
vn 0.5000 0.0227 -0.8657
vn 0.5000 -0.0227 0.8657
vn -0.5000 -0.0227 0.8657
vn -0.5000 0.0227 -0.8657
vn 0.0000 0.0523 -0.9986
vn 0.0000 -0.0523 0.9986
vn 0.0000 -0.9986 -0.0524
vn 0.0000 -0.9986 -0.0525
vn 0.0000 0.9986 0.0523
vn 0.5000 0.0453 -0.8648
vn 0.5000 -0.0453 0.8648
vn -0.5000 -0.0453 0.8648
vn -0.5000 0.0453 -0.8648
vn 0.0000 0.0785 -0.9969
vn 0.0000 -0.0785 0.9969
vn 0.0000 -0.9969 -0.0785
vn 0.0000 0.0784 -0.9969
vn -0.0000 0.9969 0.0783
vn 0.5000 0.0679 -0.8634
vn 0.5000 -0.0679 0.8634
vn -0.5000 -0.0679 0.8634
vn -0.5000 0.0679 -0.8634
vn 0.0000 0.1045 -0.9945
vn 0.0000 -0.1046 0.9945
vn 0.0000 -0.9945 -0.1045
vn 0.0000 0.1046 -0.9945
vn 0.0000 -0.1045 0.9945
vn -0.0001 -0.1045 0.9945
vn 0.0000 -0.9945 -0.1046
vn 0.0000 0.9945 0.1045
vn 0.5000 0.0905 -0.8613
vn 0.5000 -0.0905 0.8613
vn -0.5000 -0.0905 0.8613
vn -0.5000 0.0905 -0.8613
vn -0.0001 0.1045 -0.9945
vn 0.0001 -0.1045 0.9945
vn 0.0001 0.1045 -0.9945
vn 0.0000 0.1306 -0.9914
vn 0.0000 -0.1306 0.9914
vn 0.0000 -0.9914 -0.1305
vn 0.0000 0.1305 -0.9914
vn 0.0000 -0.1305 0.9914
vn -0.0001 -0.1305 0.9915
vn 0.0000 0.1304 -0.9915
vn 0.0001 -0.1306 0.9914
vn 0.0000 -0.9914 -0.1306
vn 0.0000 0.9914 0.1305
vn 0.5000 0.1130 -0.8586
vn 0.5000 -0.1130 0.8586
vn -0.5000 -0.1130 0.8586
vn -0.5000 0.1130 -0.8586
vn 0.0001 -0.1305 0.9915
vn -0.0001 -0.1306 0.9914
vn 0.0000 0.1564 -0.9877
vn 0.0000 -0.1565 0.9877
vn 0.0000 -0.9877 -0.1565
vn 0.0000 0.1565 -0.9877
vn 0.0000 -0.1564 0.9877
vn -0.0001 -0.1564 0.9877
vn 0.0001 0.1563 -0.9877
vn 0.0001 -0.1565 0.9877
vn -0.0001 0.1565 -0.9877
vn 0.0000 -0.9877 -0.1567
vn -0.0000 0.9877 0.1562
vn 0.4999 0.1355 -0.8554
vn 0.4999 -0.1355 0.8554
vn -0.5000 -0.1355 0.8554
vn -0.4999 0.1355 -0.8554
vn -0.0001 0.1563 -0.9877
vn 0.0001 -0.1564 0.9877
vn 0.0001 0.1565 -0.9877
vn -0.0001 -0.1565 0.9877
vn 0.5000 -0.1355 0.8554
vn 0.0000 -0.1823 0.9832
vn 0.0000 -0.9832 -0.1823
vn 0.0000 0.1823 -0.9832
vn 0.0000 -0.1822 0.9833
vn -0.0001 -0.1822 0.9833
vn 0.0001 0.1821 -0.9833
vn 0.0001 -0.1823 0.9832
vn -0.0001 0.1823 -0.9832
vn 0.0000 -0.9832 -0.1825
vn 0.0000 0.9833 0.1822
vn 0.5000 0.1578 -0.8515
vn 0.4999 -0.1578 0.8516
vn -0.4999 -0.1578 0.8516
vn -0.5000 0.1578 -0.8515
vn -0.0001 0.1821 -0.9833
vn 0.0001 0.1823 -0.9832
vn -0.0001 -0.1823 0.9832
vn 0.0001 -0.1822 0.9833
vn -0.1303 -0.9915 -0.0000
vn 0.1416 0.9899 0.0000
vn -0.9487 -0.3163 -0.0000
vn 0.9634 0.2679 0.0000
vn -0.5599 -0.8286 -0.0000
vn 0.6102 0.7923 0.0000
vn 0.1303 -0.9915 -0.0000
vn -0.1416 0.9899 0.0000
vn 0.9486 -0.3163 -0.0000
vn -0.9634 0.2679 0.0000
vn 0.5599 -0.8286 -0.0000
vn -0.6102 0.7923 0.0000
vn -0.9486 -0.3163 -0.0000
vn -0.1302 -0.9911 -0.0260
vn 0.1416 0.9896 0.0259
vn -0.9487 -0.3161 -0.0083
vn 0.9635 0.2678 0.0070
vn 0.9635 0.2677 0.0070
vn -0.5599 -0.8283 -0.0217
vn 0.6102 0.7920 0.0208
vn 0.1302 -0.9911 -0.0260
vn -0.1416 0.9896 0.0259
vn 0.9487 -0.3161 -0.0083
vn -0.9635 0.2678 0.0070
vn 0.5599 -0.8283 -0.0217
vn -0.6102 0.7920 0.0208
vn -0.9635 0.2677 0.0070
vn -0.1301 -0.9901 -0.0519
vn 0.1416 0.9886 0.0518
vn 0.0000 0.9986 0.0524
vn -0.9487 -0.3158 -0.0166
vn 0.9635 0.2675 0.0140
vn -0.5598 -0.8275 -0.0434
vn 0.6102 0.7912 0.0415
vn 0.1301 -0.9901 -0.0519
vn -0.1416 0.9886 0.0518
vn 0.9487 -0.3158 -0.0166
vn -0.9635 0.2675 0.0140
vn 0.5598 -0.8275 -0.0434
vn -0.6102 0.7912 0.0415
vn -0.1302 -0.9884 -0.0778
vn 0.1416 0.9869 0.0777
vn 0.0000 0.9969 0.0785
vn -0.9487 -0.3152 -0.0248
vn 0.9635 0.2670 0.0210
vn -0.5599 -0.8260 -0.0650
vn 0.6102 0.7898 0.0622
vn 0.1302 -0.9884 -0.0778
vn -0.1416 0.9869 0.0777
vn 0.9487 -0.3152 -0.0248
vn -0.9635 0.2670 0.0210
vn 0.5599 -0.8260 -0.0650
vn -0.6102 0.7898 0.0622
vn -0.1301 -0.9861 -0.1037
vn 0.1416 0.9845 0.1035
vn 0.0000 0.9945 0.1046
vn -0.9488 -0.3143 -0.0330
vn -0.9487 -0.3143 -0.0330
vn 0.9635 0.2663 0.0280
vn -0.5599 -0.8240 -0.0866
vn 0.6102 0.7879 0.0828
vn 0.1300 -0.9861 -0.1037
vn 0.1301 -0.9861 -0.1037
vn -0.1416 0.9845 0.1035
vn 0.9487 -0.3143 -0.0330
vn 0.9488 -0.3143 -0.0330
vn -0.9635 0.2663 0.0280
vn 0.5599 -0.8240 -0.0866
vn -0.6102 0.7879 0.0828
vn -0.1300 -0.9861 -0.1037
vn -0.1299 -0.9830 -0.1295
vn 0.1415 0.9815 0.1293
vn 0.0000 0.9914 0.1306
vn -0.9488 -0.3132 -0.0412
vn -0.9488 -0.3133 -0.0413
vn 0.9635 0.2655 0.0350
vn -0.5599 -0.8215 -0.1082
vn 0.6102 0.7855 0.1034
vn 0.1299 -0.9830 -0.1295
vn -0.1415 0.9815 0.1293
vn 0.9488 -0.3133 -0.0413
vn 0.9488 -0.3132 -0.0412
vn -0.9635 0.2655 0.0350
vn 0.5599 -0.8215 -0.1082
vn -0.6102 0.7855 0.1034
vn 0.0000 -0.9877 -0.1566
vn -0.1299 -0.9793 -0.1552
vn 0.1415 0.9777 0.1549
vn 0.0000 0.9877 0.1565
vn -0.9488 -0.3120 -0.0494
vn 0.9635 0.2645 0.0419
vn -0.5599 -0.8184 -0.1297
vn 0.6102 0.7825 0.1240
vn 0.1299 -0.9793 -0.1552
vn -0.1415 0.9777 0.1549
vn 0.9488 -0.3120 -0.0494
vn -0.9635 0.2645 0.0419
vn 0.5599 -0.8184 -0.1297
vn -0.6102 0.7825 0.1240
vn -0.5599 -0.8183 -0.1297
vn 0.0000 -0.9832 -0.1824
vn -0.1299 -0.9749 -0.1808
vn 0.1415 0.9734 0.1805
vn 0.0000 0.9832 0.1823
vn -0.9488 -0.3106 -0.0576
vn 0.9635 0.2633 0.0488
vn -0.5599 -0.8147 -0.1511
vn 0.6102 0.7790 0.1444
vn 0.1299 -0.9749 -0.1808
vn -0.1415 0.9734 0.1805
vn 0.9488 -0.3106 -0.0576
vn -0.9635 0.2633 0.0488
vn 0.5599 -0.8147 -0.1511
vn -0.6102 0.7790 0.1444
vn -0.5599 -0.8147 -0.1510
usemtl Material_UniTex_dif.png
s off
f 289/385/57 290/386/57 291/387/57 292/388/57
f 291/389/58 295/390/58 296/391/58 292/392/58
f 290/393/59 294/394/59 298/395/59 323/396/59 324/397/59 307/398/59 308/399/59 315/400/59 316/401/59 302/402/59 303/403/59 317/404/59 318/405/59 309/406/59 310/407/59 325/408/59 326/409/59 299/410/59 295/411/59 291/412/59
f 289/413/60 293/414/60 294/415/60 290/416/60
f 295/417/61 299/418/61 300/419/61 296/420/61
f 293/421/62 297/422/62 298/423/62 294/424/62
f 329/425/57 330/426/57 331/427/57 332/428/57
f 331/429/58 335/430/58 336/431/58 332/432/58
f 330/433/59 334/434/59 338/435/59 363/436/59 364/437/59 347/438/59 348/439/59 355/440/59 356/441/59 342/442/59 343/443/59 357/444/59 358/445/59 349/446/59 350/447/59 365/448/59 366/449/59 339/450/59 335/451/59 331/452/59
f 329/453/60 333/454/60 334/455/60 330/456/60
f 335/457/61 339/458/61 340/459/61 336/460/61
f 333/461/62 337/462/62 338/463/62 334/464/62
f 369/465/63 370/466/63 410/467/63 409/468/63
f 296/420/64 300/419/64 374/469/64 372/470/64
f 332/432/58 336/431/58 392/471/58 390/472/58
f 289/385/65 292/388/65 370/466/65 369/465/65
f 337/462/66 333/461/66 391/473/66 393/474/66
f 293/414/60 289/413/60 369/475/60 371/476/60
f 336/460/64 340/459/64 394/477/64 392/478/64
f 292/392/58 296/391/58 372/479/58 370/480/58
f 329/425/65 332/428/65 390/481/65 389/482/65
f 297/422/66 293/421/66 371/483/66 373/484/66
f 333/454/60 329/453/60 389/485/60 391/486/60
f 409/468/67 410/467/67 450/487/67 449/488/67
f 371/476/60 369/475/60 409/489/60 411/490/60
f 370/480/58 372/479/58 412/491/58 410/492/58
f 373/484/68 371/483/68 411/493/68 413/494/68
f 372/470/69 374/469/69 414/495/69 412/496/69
f 389/482/63 390/481/63 430/497/63 429/498/63
f 391/486/60 389/485/60 429/499/60 431/500/60
f 390/472/58 392/471/58 432/501/58 430/502/58
f 393/474/68 391/473/68 431/503/68 433/504/68
f 392/478/69 394/477/69 434/505/69 432/506/69
f 451/507/60 449/508/60 489/509/60 491/510/60
f 411/490/60 409/489/60 449/508/60 451/507/60
f 410/492/58 412/491/58 452/511/58 450/512/58
f 413/494/70 411/493/70 451/513/70 453/514/70
f 412/496/71 414/495/71 454/515/71 452/516/71
f 429/498/67 430/497/67 470/517/67 469/518/67
f 431/500/60 429/499/60 469/519/60 471/520/60
f 430/502/58 432/501/58 472/521/58 470/522/58
f 433/504/70 431/503/70 471/523/70 473/524/70
f 432/506/71 434/505/71 474/525/71 472/526/71
f 491/510/60 489/509/60 529/527/60 531/528/60
f 450/512/58 452/511/58 492/529/58 490/530/58
f 453/514/72 451/513/72 491/531/72 493/532/72
f 452/516/73 454/515/73 494/533/73 492/534/73
f 469/518/74 470/517/74 510/535/74 509/536/74
f 471/520/60 469/519/60 509/537/60 511/538/60
f 470/522/58 472/521/58 512/539/58 510/540/58
f 473/524/72 471/523/72 511/541/72 513/542/72
f 472/526/73 474/525/73 514/543/73 512/544/73
f 449/488/74 450/487/74 490/545/74 489/546/74
f 490/530/58 492/529/58 532/547/58 530/548/58
f 493/532/75 491/531/75 531/549/75 533/550/75
f 492/534/76 494/533/76 534/551/76 532/552/76
f 509/536/77 510/535/77 550/553/77 549/554/77
f 511/538/60 509/537/60 549/555/60 551/556/60
f 510/540/58 512/539/58 552/557/58 550/558/58
f 513/542/75 511/541/75 551/559/75 553/560/75
f 512/544/76 514/543/76 554/561/76 552/562/76
f 489/546/77 490/545/77 530/563/77 529/564/77
f 570/565/58 572/566/58 612/567/58 610/568/58
f 530/548/58 532/547/58 572/566/58 570/565/58
f 533/550/78 531/549/78 571/569/78 573/570/78
f 532/552/79 534/551/79 574/571/79 572/572/79
f 549/554/80 550/553/80 590/573/80 589/574/80
f 551/556/60 549/555/60 589/575/60 591/576/60
f 550/558/58 552/557/58 592/577/58 590/578/58
f 553/560/78 551/559/78 591/579/78 593/580/78
f 552/562/79 554/561/79 594/581/79 592/582/79
f 529/564/80 530/563/80 570/583/80 569/584/80
f 531/528/60 529/527/60 569/585/60 571/586/60
f 610/568/58 612/567/58 652/587/58 650/588/58
f 573/570/81 571/569/81 611/589/81 613/590/81
f 572/572/82 574/571/82 614/591/82 612/592/82
f 589/574/83 590/573/83 630/593/83 629/594/83
f 591/576/60 589/575/60 629/595/60 631/596/60
f 590/578/58 592/577/58 632/597/58 630/598/58
f 593/580/81 591/579/81 631/599/81 633/600/81
f 592/582/82 594/581/82 634/601/82 632/602/82
f 569/584/83 570/583/83 610/603/83 609/604/83
f 571/586/60 569/585/60 609/605/60 611/606/60
f 649/607/84 650/608/84 652/609/84 654/610/84 667/611/84 668/612/84 657/613/84 658/614/84 664/615/84 663/616/84 659/617/84 660/618/84 662/619/84 661/620/84 655/621/84 656/622/84 665/623/84 666/624/84 653/625/84 651/626/84
f 669/627/84 670/628/84 672/629/84 674/630/84 687/631/84 688/632/84 677/633/84 678/634/84 684/635/84 683/636/84 679/637/84 680/638/84 682/639/84 681/640/84 675/641/84 676/642/84 685/643/84 686/644/84 673/645/84 671/646/84
f 613/590/85 611/589/85 651/647/85 653/648/85
f 612/592/86 614/591/86 654/649/86 652/650/86
f 629/594/87 630/593/87 670/651/87 669/652/87
f 631/596/60 629/595/60 669/653/60 671/654/60
f 630/598/58 632/597/58 672/655/58 670/656/58
f 633/600/85 631/599/85 671/657/85 673/658/85
f 632/602/86 634/601/86 674/659/86 672/660/86
f 609/604/87 610/603/87 650/661/87 649/662/87
f 611/606/60 609/605/60 649/663/60 651/664/60
s 1
f 303/665/88 304/666/89 320/667/90 317/668/91
f 301/669/92 304/670/89 303/671/88 302/672/93
f 297/673/60 322/674/94 323/675/95 298/676/60
f 325/677/96 310/678/97 311/679/98 328/680/99
f 299/681/58 326/682/100 327/683/101 300/684/58
f 321/685/102 306/686/103 307/687/104 324/688/105
f 305/689/106 314/690/107 315/691/108 308/692/109
f 309/693/110 318/694/111 319/695/112 312/696/113
f 309/693/110 312/696/113 311/697/98 310/698/97
f 305/689/106 308/692/109 307/699/104 306/700/103
f 315/691/108 314/690/107 313/701/114 316/702/115
f 319/695/112 318/694/111 317/703/91 320/704/90
f 301/705/92 302/706/93 316/707/115 313/708/114
f 321/709/102 324/710/105 323/675/95 322/674/94
f 325/711/96 328/712/99 327/683/101 326/682/100
f 343/713/88 344/714/89 360/715/90 357/716/91
f 341/717/92 344/718/89 343/719/88 342/720/93
f 337/721/60 362/722/94 363/723/95 338/724/60
f 365/725/96 350/726/97 351/727/98 368/728/99
f 339/729/58 366/730/100 367/731/101 340/732/58
f 361/733/102 346/734/103 347/735/104 364/736/105
f 345/737/106 354/738/107 355/739/116 348/740/109
f 349/741/110 358/742/117 359/743/112 352/744/113
f 349/741/110 352/744/113 351/745/98 350/746/97
f 345/737/106 348/740/109 347/747/104 346/748/103
f 355/739/116 354/738/107 353/749/114 356/750/115
f 359/743/112 358/742/117 357/751/91 360/752/90
f 341/753/92 342/754/93 356/755/115 353/756/114
f 361/757/102 364/758/105 363/723/95 362/722/94
f 365/759/96 368/760/99 367/731/101 366/730/100
f 300/684/58 327/683/101 387/761/118 374/762/58
f 304/670/89 301/669/92 380/763/119 379/764/120
f 383/765/121 379/766/120 419/767/122 423/768/123
f 367/731/101 368/760/99 408/769/124 407/770/118
f 312/696/113 319/695/112 384/771/125 378/772/126
f 320/667/90 304/666/89 379/766/120 383/765/121
f 306/686/103 321/685/102 385/773/127 376/774/128
f 341/753/92 353/756/114 402/775/129 400/776/119
f 328/680/99 311/679/98 377/777/130 388/778/124
f 305/689/106 306/700/103 376/779/128 375/780/131
f 313/701/114 314/690/107 381/781/132 382/782/129
f 321/709/102 322/674/94 386/783/133 385/784/127
f 354/738/107 345/737/106 395/785/131 401/786/132
f 362/722/94 337/721/60 393/787/60 406/788/133
f 319/695/112 320/704/90 383/789/121 384/771/125
f 344/718/89 341/717/92 400/790/119 399/791/120
f 311/697/98 312/696/113 378/772/126 377/792/130
f 340/732/58 367/731/101 407/770/118 394/793/58
f 352/744/113 359/743/112 404/794/125 398/795/126
f 327/683/101 328/712/99 388/796/124 387/761/118
f 360/715/90 344/714/89 399/797/120 403/798/134
f 346/734/103 361/733/102 405/799/127 396/800/128
f 368/728/99 351/727/98 397/801/130 408/802/124
f 345/737/106 346/748/103 396/803/128 395/785/131
f 301/705/92 313/708/114 382/804/129 380/805/119
f 353/749/114 354/738/107 401/786/132 402/806/129
f 361/757/102 362/722/94 406/788/133 405/807/127
f 314/690/107 305/689/106 375/780/131 381/781/132
f 359/743/112 360/752/90 403/808/134 404/794/125
f 322/674/94 297/673/60 373/809/60 386/783/133
f 351/745/98 352/744/113 398/795/126 397/810/130
f 439/811/122 440/812/135 480/813/136 479/814/137
f 399/791/120 400/790/119 440/812/135 439/811/122
f 385/784/127 386/783/133 426/815/138 425/816/139
f 402/806/129 401/786/132 441/817/140 442/818/141
f 387/761/118 388/796/124 428/819/142 427/820/143
f 404/794/125 403/808/134 443/821/123 444/822/144
f 386/783/133 373/809/60 413/823/60 426/815/138
f 400/776/119 402/775/129 442/824/141 440/825/135
f 374/762/58 387/761/118 427/820/143 414/826/58
f 401/786/132 395/785/131 435/827/145 441/817/140
f 376/774/128 385/773/127 425/828/139 416/829/146
f 375/780/131 376/779/128 416/830/146 415/831/145
f 398/795/126 404/794/125 444/822/144 438/832/147
f 388/778/124 377/777/130 417/833/148 428/834/142
f 377/792/130 378/772/126 418/835/147 417/836/148
f 403/798/134 399/797/120 439/837/122 443/838/123
f 379/764/120 380/763/119 420/839/135 419/840/122
f 405/807/127 406/788/133 446/841/138 445/842/139
f 382/782/129 381/781/132 421/843/140 422/844/141
f 407/770/118 408/769/124 448/845/142 447/846/143
f 384/771/125 383/789/121 423/847/123 424/848/144
f 406/788/133 393/787/60 433/849/60 446/841/138
f 380/805/119 382/804/129 422/850/141 420/851/135
f 394/793/58 407/770/118 447/846/143 434/852/58
f 381/781/132 375/780/131 415/831/145 421/843/140
f 396/800/128 405/799/127 445/853/139 436/854/146
f 395/785/131 396/803/128 436/855/146 435/827/145
f 378/772/126 384/771/125 424/848/144 418/835/147
f 408/802/124 397/801/130 437/856/148 448/857/142
f 397/810/130 398/795/126 438/832/147 437/858/148
f 465/859/149 466/860/150 506/861/151 505/862/152
f 425/816/139 426/815/138 466/860/150 465/859/149
f 442/818/141 441/817/140 481/863/153 482/864/154
f 427/820/143 428/819/142 468/865/155 467/866/156
f 444/822/144 443/821/123 483/867/157 484/868/158
f 426/815/138 413/823/60 453/869/60 466/860/150
f 440/825/135 442/824/141 482/870/154 480/871/136
f 414/826/58 427/820/143 467/866/156 454/872/58
f 441/817/140 435/827/145 475/873/159 481/863/153
f 416/829/146 425/828/139 465/874/149 456/875/160
f 415/831/145 416/830/146 456/876/160 455/877/159
f 438/832/147 444/822/144 484/868/158 478/878/161
f 428/834/142 417/833/148 457/879/162 468/880/155
f 417/836/148 418/835/147 458/881/161 457/882/162
f 443/838/123 439/837/122 479/883/137 483/884/157
f 419/840/122 420/839/135 460/885/136 459/886/137
f 445/842/139 446/841/138 486/887/150 485/888/149
f 422/844/141 421/843/140 461/889/153 462/890/154
f 447/846/143 448/845/142 488/891/155 487/892/156
f 424/848/144 423/847/123 463/893/157 464/894/158
f 446/841/138 433/849/60 473/895/60 486/887/150
f 420/851/135 422/850/141 462/896/154 460/897/136
f 434/852/58 447/846/143 487/892/156 474/898/58
f 421/843/140 415/831/145 455/877/159 461/889/153
f 436/854/146 445/853/139 485/899/149 476/900/160
f 435/827/145 436/855/146 476/901/160 475/873/159
f 418/835/147 424/848/144 464/894/158 458/881/161
f 448/857/142 437/856/148 477/902/162 488/903/155
f 437/858/148 438/832/147 478/878/161 477/904/162
f 423/768/123 419/767/122 459/905/137 463/906/157
f 522/907/163 521/908/164 561/909/165 562/910/166
f 482/864/154 481/863/153 521/908/164 522/907/163
f 467/866/156 468/865/155 508/911/167 507/912/168
f 484/868/158 483/867/157 523/913/169 524/914/170
f 466/860/150 453/869/60 493/915/60 506/861/151
f 480/871/136 482/870/154 522/916/163 520/917/171
f 454/872/58 467/866/156 507/912/168 494/918/58
f 481/863/153 475/873/159 515/919/172 521/908/164
f 456/875/160 465/874/149 505/920/152 496/921/173
f 455/877/159 456/876/160 496/922/173 495/923/172
f 478/878/161 484/868/158 524/914/170 518/924/174
f 468/880/155 457/879/162 497/925/175 508/926/167
f 457/882/162 458/881/161 498/927/174 497/928/175
f 483/884/157 479/883/137 519/929/176 523/930/169
f 459/886/137 460/885/136 500/931/171 499/932/176
f 485/888/149 486/887/150 526/933/151 525/934/152
f 462/890/154 461/889/153 501/935/164 502/936/163
f 487/892/156 488/891/155 528/937/167 527/938/168
f 464/894/158 463/893/157 503/939/169 504/940/170
f 486/887/150 473/895/60 513/941/60 526/933/151
f 460/897/136 462/896/154 502/942/163 500/943/171
f 474/898/58 487/892/156 527/938/168 514/944/58
f 461/889/153 455/877/159 495/923/172 501/935/164
f 476/900/160 485/899/149 525/945/152 516/946/173
f 475/873/159 476/901/160 516/947/173 515/919/172
f 458/881/161 464/894/158 504/940/170 498/927/174
f 488/903/155 477/902/162 517/948/175 528/949/167
f 477/904/162 478/878/161 518/924/174 517/950/175
f 463/906/157 459/905/137 499/951/176 503/952/169
f 479/814/137 480/813/136 520/953/171 519/954/176
f 547/955/177 548/956/178 588/957/179 587/958/180
f 562/910/166 561/909/165 601/959/181 602/960/182
f 507/912/168 508/911/167 548/956/178 547/955/177
f 524/914/170 523/913/169 563/961/183 564/962/184
f 506/861/151 493/915/60 533/963/60 546/964/185
f 520/917/171 522/916/163 562/965/166 560/966/186
f 494/918/58 507/912/168 547/955/177 534/967/58
f 521/908/164 515/919/172 555/968/187 561/909/165
f 496/921/173 505/920/152 545/969/188 536/970/189
f 495/923/172 496/922/173 536/971/189 535/972/187
f 518/924/174 524/914/170 564/962/184 558/973/190
f 508/926/167 497/925/175 537/974/191 548/975/178
f 497/928/175 498/927/174 538/976/190 537/977/191
f 523/930/169 519/929/176 559/978/192 563/979/183
f 499/932/176 500/931/171 540/980/186 539/981/192
f 525/934/152 526/933/151 566/982/185 565/983/188
f 502/936/163 501/935/164 541/984/165 542/985/166
f 527/938/168 528/937/167 568/986/178 567/987/177
f 504/940/170 503/939/169 543/988/183 544/989/184
f 526/933/151 513/941/60 553/990/60 566/982/185
f 500/943/171 502/942/163 542/991/166 540/992/186
f 514/944/58 527/938/168 567/987/177 554/993/58
f 501/935/164 495/923/172 535/972/187 541/984/165
f 516/946/173 525/945/152 565/994/188 556/995/189
f 515/919/172 516/947/173 556/996/189 555/968/187
f 498/927/174 504/940/170 544/989/184 538/976/190
f 528/949/167 517/948/175 557/997/191 568/998/178
f 517/950/175 518/924/174 558/973/190 557/999/191
f 503/952/169 499/951/176 539/1000/192 543/1001/183
f 519/954/176 520/953/171 560/1002/186 559/1003/192
f 505/862/152 506/861/151 546/964/185 545/1004/188
f 587/958/180 588/957/179 628/1005/193 627/1006/194
f 564/962/184 563/961/183 603/1007/195 604/1008/196
f 546/964/185 533/963/60 573/1009/60 586/1010/197
f 560/966/186 562/965/166 602/1011/182 600/1012/198
f 534/967/58 547/955/177 587/958/180 574/1013/58
f 561/909/165 555/968/187 595/1014/199 601/959/181
f 536/970/189 545/969/188 585/1015/200 576/1016/201
f 535/972/187 536/971/189 576/1017/201 575/1018/199
f 558/973/190 564/962/184 604/1008/196 598/1019/202
f 548/975/178 537/974/191 577/1020/203 588/1021/179
f 537/977/191 538/976/190 578/1022/202 577/1023/203
f 563/979/183 559/978/192 599/1024/204 603/1025/195
f 539/981/192 540/980/186 580/1026/198 579/1027/204
f 565/983/188 566/982/185 606/1028/197 605/1029/200
f 542/985/166 541/984/165 581/1030/181 582/1031/182
f 567/987/177 568/986/178 608/1032/179 607/1033/180
f 544/989/184 543/988/183 583/1034/195 584/1035/196
f 566/982/185 553/990/60 593/1036/60 606/1028/197
f 540/992/186 542/991/166 582/1037/182 580/1038/198
f 554/993/58 567/987/177 607/1033/180 594/1039/58
f 541/984/165 535/972/187 575/1018/199 581/1030/181
f 556/995/189 565/994/188 605/1040/200 596/1041/201
f 555/968/187 556/996/189 596/1042/201 595/1014/199
f 538/976/190 544/989/184 584/1035/196 578/1022/202
f 568/998/178 557/997/191 597/1043/203 608/1044/179
f 557/999/191 558/973/190 598/1019/202 597/1045/203
f 543/1001/183 539/1000/192 579/1046/204 583/1047/195
f 559/1003/192 560/1002/186 600/1048/198 599/1049/204
f 545/1004/188 546/964/185 586/1010/197 585/1050/200
f 644/1051/205 643/1052/206 683/1053/207 684/1054/208
f 604/1008/196 603/1007/195 643/1052/206 644/1051/205
f 586/1010/197 573/1009/60 613/1055/60 626/1056/209
f 600/1012/198 602/1011/182 642/1057/210 640/1058/211
f 574/1013/58 587/958/180 627/1006/194 614/1059/58
f 601/959/181 595/1014/199 635/1060/212 641/1061/213
f 576/1016/201 585/1015/200 625/1062/214 616/1063/215
f 575/1018/199 576/1017/201 616/1064/215 615/1065/212
f 598/1019/202 604/1008/196 644/1051/205 638/1066/216
f 588/1021/179 577/1020/203 617/1067/217 628/1068/193
f 577/1023/203 578/1022/202 618/1069/216 617/1070/217
f 603/1025/195 599/1024/204 639/1071/218 643/1072/206
f 579/1027/204 580/1026/198 620/1073/211 619/1074/218
f 605/1029/200 606/1028/197 646/1075/209 645/1076/214
f 582/1031/182 581/1030/181 621/1077/213 622/1078/210
f 607/1033/180 608/1032/179 648/1079/193 647/1080/194
f 584/1035/196 583/1034/195 623/1081/206 624/1082/205
f 606/1028/197 593/1036/60 633/1083/60 646/1075/209
f 580/1038/198 582/1037/182 622/1084/210 620/1085/211
f 594/1039/58 607/1033/180 647/1080/194 634/1086/58
f 581/1030/181 575/1018/199 615/1065/212 621/1077/213
f 596/1041/201 605/1040/200 645/1087/214 636/1088/215
f 595/1014/199 596/1042/201 636/1089/215 635/1060/212
f 578/1022/202 584/1035/196 624/1082/205 618/1069/216
f 608/1044/179 597/1043/203 637/1090/217 648/1091/193
f 597/1045/203 598/1019/202 638/1066/216 637/1092/217
f 583/1047/195 579/1046/204 619/1093/218 623/1094/206
f 599/1049/204 600/1048/198 640/1095/211 639/1096/218
f 585/1050/200 586/1010/197 626/1056/209 625/1097/214
f 602/960/182 601/959/181 641/1061/213 642/1098/210
f 626/1056/209 613/1055/60 653/1099/60 666/1100/219
f 640/1058/211 642/1057/210 682/1101/220 680/1102/221
f 614/1059/58 627/1006/194 667/1103/222 654/1104/58
f 641/1061/213 635/1060/212 675/1105/223 681/1106/224
f 616/1063/215 625/1062/214 665/1107/225 656/1108/226
f 615/1065/212 616/1064/215 656/1109/226 655/1110/223
f 638/1066/216 644/1051/205 684/1054/208 678/1111/227
f 628/1068/193 617/1067/217 657/1112/228 668/1113/229
f 617/1070/217 618/1069/216 658/1114/227 657/1115/228
f 643/1072/206 639/1071/218 679/1116/230 683/1117/207
f 619/1074/218 620/1073/211 660/1118/221 659/1119/230
f 645/1076/214 646/1075/209 686/1120/219 685/1121/225
f 622/1078/210 621/1077/213 661/1122/224 662/1123/220
f 647/1080/194 648/1079/193 688/1124/229 687/1125/222
f 624/1082/205 623/1081/206 663/1126/207 664/1127/208
f 646/1075/209 633/1083/60 673/1128/60 686/1120/219
f 620/1085/211 622/1084/210 662/1129/220 660/1130/221
f 634/1086/58 647/1080/194 687/1125/222 674/1131/58
f 621/1077/213 615/1065/212 655/1110/223 661/1122/224
f 636/1088/215 645/1087/214 685/1132/225 676/1133/226
f 635/1060/212 636/1089/215 676/1134/226 675/1105/223
f 618/1069/216 624/1082/205 664/1127/208 658/1114/227
f 648/1091/193 637/1090/217 677/1135/228 688/1136/229
f 637/1092/217 638/1066/216 678/1111/227 677/1137/228
f 623/1094/206 619/1093/218 659/1138/230 663/1139/207
f 639/1096/218 640/1095/211 680/1140/221 679/1141/230
f 625/1097/214 626/1056/209 666/1100/219 665/1142/225
f 642/1098/210 641/1061/213 681/1106/224 682/1143/220
f 627/1006/194 628/1005/193 668/1144/229 667/1103/222
usemtl Material_UniTex_dif.png_UniTex_dif.png.001
s off
f 161/1145/58 162/1146/58 163/1147/58 164/1148/58
f 164/1149/231 163/1150/231 165/1151/231 166/1152/231
f 167/1153/59 168/1154/59 162/1155/59 161/1156/59
f 169/1157/57 170/1158/57 171/1159/57 172/1160/57
f 173/1161/231 174/1162/231 170/1163/231 169/1164/231
f 175/1165/59 176/1166/59 172/1167/59 171/1168/59
f 177/1169/59 176/1166/59 175/1165/59 178/1170/59
f 179/1171/231 174/1162/231 173/1161/231 180/1172/231
f 167/1153/59 177/1169/59 178/1170/59 168/1154/59
f 165/1151/231 179/1171/231 180/1172/231 166/1152/231
f 181/1173/57 182/1174/57 183/1175/57 184/1176/57 185/1177/57 186/1178/57
f 187/1179/232 188/1180/232 189/1181/232 190/1182/232 191/1183/232 192/1184/232
f 183/1185/233 182/1186/233 192/1187/233 191/1188/233
f 185/1189/234 184/1190/234 190/1191/234 189/1192/234
f 181/1193/58 186/1194/58 188/1195/58 187/1196/58
f 184/1197/60 183/1185/60 191/1188/60 190/1198/60
f 186/1194/235 185/1189/235 189/1192/235 188/1195/235
f 182/1186/236 181/1199/236 187/1200/236 192/1187/236
f 193/1201/60 194/1202/60 195/1203/60 196/1204/60
f 196/1205/59 195/1206/59 197/1207/59 198/1208/59
f 199/1209/231 200/1210/231 194/1211/231 193/1212/231
f 201/1213/57 202/1214/57 203/1215/57 204/1216/57
f 205/1217/59 206/1218/59 202/1219/59 201/1220/59
f 207/1221/231 208/1222/231 204/1223/231 203/1224/231
f 209/1225/231 208/1222/231 207/1221/231 210/1226/231
f 211/1227/59 206/1218/59 205/1217/59 212/1228/59
f 199/1209/231 209/1225/231 210/1226/231 200/1210/231
f 197/1207/59 211/1227/59 212/1228/59 198/1208/59
f 213/1229/57 214/1230/57 215/1231/57 216/1232/57 217/1233/57 218/1234/57
f 219/1235/232 220/1236/232 221/1237/232 222/1238/232 223/1239/232 224/1240/232
f 215/1241/235 214/1242/235 224/1243/235 223/1244/235
f 217/1245/236 216/1246/236 222/1247/236 221/1248/236
f 213/1249/60 218/1250/60 220/1251/60 219/1252/60
f 216/1253/58 215/1241/58 223/1244/58 222/1254/58
f 218/1250/233 217/1245/233 221/1248/233 220/1251/233
f 214/1242/234 213/1255/234 219/1256/234 224/1243/234
f 225/1257/60 226/1258/60 227/1259/60 228/1260/60
f 226/1261/231 229/1262/231 230/1263/231 227/1264/231
f 231/1265/59 225/1266/59 228/1267/59 232/1268/59
f 233/1269/57 234/1270/57 235/1271/57 236/1272/57
f 237/1273/231 233/1274/231 236/1275/231 238/1276/231
f 239/1277/59 235/1278/59 234/1279/59 240/1280/59
f 241/1281/59 242/1282/59 239/1277/59 240/1280/59
f 243/1283/231 244/1284/231 237/1273/231 238/1276/231
f 231/1265/59 232/1268/59 242/1282/59 241/1281/59
f 230/1263/231 229/1262/231 244/1284/231 243/1283/231
f 245/1285/57 246/1286/57 247/1287/57 248/1288/57 249/1289/57 250/1290/57
f 251/1291/232 252/1292/232 253/1293/232 254/1294/232 255/1295/232 256/1296/232
f 249/1297/236 253/1298/236 252/1299/236 250/1300/236
f 247/1301/235 255/1302/235 254/1303/235 248/1304/235
f 245/1305/60 251/1306/60 256/1307/60 246/1308/60
f 248/1304/58 254/1303/58 253/1309/58 249/1310/58
f 246/1311/234 256/1312/234 255/1302/234 247/1301/234
f 250/1300/233 252/1299/233 251/1306/233 245/1305/233
f 257/1313/58 258/1314/58 259/1315/58 260/1316/58
f 258/1317/59 261/1318/59 262/1319/59 259/1320/59
f 263/1321/231 257/1322/231 260/1323/231 264/1324/231
f 265/1325/57 266/1326/57 267/1327/57 268/1328/57
f 269/1329/59 265/1330/59 268/1331/59 270/1332/59
f 271/1333/231 267/1334/231 266/1335/231 272/1336/231
f 273/1337/231 274/1338/231 271/1333/231 272/1336/231
f 275/1339/59 276/1340/59 269/1329/59 270/1332/59
f 263/1321/231 264/1324/231 274/1338/231 273/1337/231
f 262/1319/59 261/1318/59 276/1340/59 275/1339/59
f 277/1341/57 278/1342/57 279/1343/57 280/1344/57 281/1345/57 282/1346/57
f 283/1347/232 284/1348/232 285/1349/232 286/1350/232 287/1351/232 288/1352/232
f 281/1353/234 285/1354/234 284/1355/234 282/1356/234
f 279/1357/233 287/1358/233 286/1359/233 280/1360/233
f 277/1361/58 283/1362/58 288/1363/58 278/1364/58
f 280/1360/60 286/1359/60 285/1365/60 281/1366/60
f 278/1367/236 288/1368/236 287/1358/236 279/1357/236
f 282/1356/235 284/1355/235 283/1362/235 277/1361/235
f 689/1369/58 690/1370/58 691/1371/58 692/1372/58
f 692/1373/237 691/1374/237 693/1375/237 694/1376/237
f 695/1377/238 696/1378/238 690/1379/238 689/1380/238
f 697/1381/239 698/1382/239 699/1383/239 700/1384/239
f 701/1385/237 702/1386/237 698/1387/237 697/1388/237
f 703/1389/238 704/1390/238 700/1391/238 699/1392/238
f 705/1393/238 704/1390/238 703/1389/238 706/1394/238
f 707/1395/237 702/1386/237 701/1385/237 708/1396/237
f 695/1377/238 705/1393/238 706/1394/238 696/1378/238
f 693/1375/237 707/1395/237 708/1396/237 694/1376/237
f 709/1397/239 710/1398/239 711/1399/239 712/1400/239 713/1401/239 714/1402/239
f 715/1403/240 716/1404/240 717/1405/240 718/1406/240 719/1407/240 720/1408/240
f 711/1409/241 710/1410/241 720/1411/241 719/1412/241
f 713/1413/242 712/1414/242 718/1415/242 717/1416/242
f 709/1417/58 714/1418/58 716/1419/58 715/1420/58
f 712/1421/60 711/1409/60 719/1412/60 718/1422/60
f 714/1418/243 713/1413/243 717/1416/243 716/1419/243
f 710/1410/244 709/1423/244 715/1424/244 720/1411/244
f 721/1425/60 722/1426/60 723/1427/60 724/1428/60
f 724/1429/238 723/1430/238 725/1431/238 726/1432/238
f 727/1433/237 728/1434/237 722/1435/237 721/1436/237
f 729/1437/239 730/1438/239 731/1439/239 732/1440/239
f 733/1441/238 734/1442/238 730/1443/238 729/1444/238
f 735/1445/237 736/1446/237 732/1447/237 731/1448/237
f 737/1449/237 736/1446/237 735/1445/237 738/1450/237
f 739/1451/238 734/1442/238 733/1441/238 740/1452/238
f 727/1433/237 737/1449/237 738/1450/237 728/1434/237
f 725/1431/238 739/1451/238 740/1452/238 726/1432/238
f 741/1453/239 742/1454/239 743/1455/239 744/1456/239 745/1457/239 746/1458/239
f 747/1459/240 748/1460/240 749/1461/240 750/1462/240 751/1463/240 752/1464/240
f 743/1465/243 742/1466/243 752/1467/243 751/1468/243
f 745/1469/244 744/1470/244 750/1471/244 749/1472/244
f 741/1473/60 746/1474/60 748/1475/60 747/1476/60
f 744/1477/58 743/1465/58 751/1468/58 750/1478/58
f 746/1474/241 745/1469/241 749/1472/241 748/1475/241
f 742/1466/242 741/1479/242 747/1480/242 752/1467/242
f 753/1481/60 754/1482/60 755/1483/60 756/1484/60
f 754/1485/237 757/1486/237 758/1487/237 755/1488/237
f 759/1489/238 753/1490/238 756/1491/238 760/1492/238
f 761/1493/239 762/1494/239 763/1495/239 764/1496/239
f 765/1497/237 761/1498/237 764/1499/237 766/1500/237
f 767/1501/238 763/1502/238 762/1503/238 768/1504/238
f 769/1505/238 770/1506/238 767/1501/238 768/1504/238
f 771/1507/237 772/1508/237 765/1497/237 766/1500/237
f 759/1489/238 760/1492/238 770/1506/238 769/1505/238
f 758/1487/237 757/1486/237 772/1508/237 771/1507/237
f 773/1509/239 774/1510/239 775/1511/239 776/1512/239 777/1513/239 778/1514/239
f 779/1515/240 780/1516/240 781/1517/240 782/1518/240 783/1519/240 784/1520/240
f 777/1521/244 781/1522/244 780/1523/244 778/1524/244
f 775/1525/243 783/1526/243 782/1527/243 776/1528/243
f 773/1529/60 779/1530/60 784/1531/60 774/1532/60
f 776/1528/58 782/1527/58 781/1533/58 777/1534/58
f 774/1535/242 784/1536/242 783/1526/242 775/1525/242
f 778/1524/241 780/1523/241 779/1530/241 773/1529/241
f 785/1537/58 786/1538/58 787/1539/58 788/1540/58
f 786/1541/238 789/1542/238 790/1543/238 787/1544/238
f 791/1545/237 785/1546/237 788/1547/237 792/1548/237
f 793/1549/239 794/1550/239 795/1551/239 796/1552/239
f 797/1553/238 793/1554/238 796/1555/238 798/1556/238
f 799/1557/237 795/1558/237 794/1559/237 800/1560/237
f 801/1561/237 802/1562/237 799/1557/237 800/1560/237
f 803/1563/238 804/1564/238 797/1553/238 798/1556/238
f 791/1545/237 792/1548/237 802/1562/237 801/1561/237
f 790/1543/238 789/1542/238 804/1564/238 803/1563/238
f 805/1565/239 806/1566/239 807/1567/239 808/1568/239 809/1569/239 810/1570/239
f 811/1571/240 812/1572/240 813/1573/240 814/1574/240 815/1575/240 816/1576/240
f 809/1577/242 813/1578/242 812/1579/242 810/1580/242
f 807/1581/241 815/1582/241 814/1583/241 808/1584/241
f 805/1585/58 811/1586/58 816/1587/58 806/1588/58
f 808/1584/60 814/1583/60 813/1589/60 809/1590/60
f 806/1591/244 816/1592/244 815/1582/244 807/1581/244
f 810/1580/243 812/1579/243 811/1586/243 805/1585/243
f 817/1593/58 818/1594/58 819/1595/58 820/1596/58
f 820/1597/245 819/1598/245 821/1599/245 822/1600/245
f 823/1601/246 824/1602/246 818/1603/246 817/1604/246
f 825/1605/247 826/1606/247 827/1607/247 828/1608/247
f 829/1609/245 830/1610/245 826/1611/245 825/1612/245
f 831/1613/246 832/1614/246 828/1615/246 827/1616/246
f 833/1617/246 832/1614/246 831/1613/246 834/1618/246
f 835/1619/245 830/1610/245 829/1609/245 836/1620/245
f 823/1601/246 833/1617/246 834/1618/246 824/1602/246
f 821/1599/245 835/1619/245 836/1620/245 822/1600/245
f 837/1621/248 838/1622/248 839/1623/248 840/1624/248 841/1625/248 842/1626/248
f 843/1627/249 844/1628/249 845/1629/249 846/1630/249 847/1631/249 848/1632/249
f 839/1633/250 838/1634/250 848/1635/250 847/1636/250
f 841/1637/251 840/1638/251 846/1639/251 845/1640/251
f 837/1641/58 842/1642/58 844/1643/58 843/1644/58
f 840/1645/60 839/1633/60 847/1636/60 846/1646/60
f 842/1642/252 841/1637/252 845/1640/252 844/1643/252
f 838/1634/253 837/1647/253 843/1648/253 848/1635/253
f 849/1649/60 850/1650/60 851/1651/60 852/1652/60
f 852/1653/246 851/1654/246 853/1655/246 854/1656/246
f 855/1657/245 856/1658/245 850/1659/245 849/1660/245
f 857/1661/247 858/1662/247 859/1663/247 860/1664/247
f 861/1665/246 862/1666/246 858/1667/246 857/1668/246
f 863/1669/245 864/1670/245 860/1671/245 859/1672/245
f 865/1673/245 864/1670/245 863/1669/245 866/1674/245
f 867/1675/246 862/1666/246 861/1665/246 868/1676/246
f 855/1657/245 865/1673/245 866/1674/245 856/1658/245
f 853/1655/246 867/1675/246 868/1676/246 854/1656/246
f 869/1677/248 870/1678/248 871/1679/248 872/1680/248 873/1681/248 874/1682/248
f 875/1683/249 876/1684/249 877/1685/249 878/1686/249 879/1687/249 880/1688/249
f 871/1689/252 870/1690/252 880/1691/252 879/1692/252
f 873/1693/253 872/1694/253 878/1695/253 877/1696/253
f 869/1697/60 874/1698/60 876/1699/60 875/1700/60
f 872/1701/58 871/1689/58 879/1692/58 878/1702/58
f 874/1698/250 873/1693/250 877/1696/250 876/1699/250
f 870/1690/251 869/1703/251 875/1704/251 880/1691/251
f 881/1705/60 882/1706/60 883/1707/60 884/1708/60
f 882/1709/245 885/1710/245 886/1711/245 883/1712/245
f 887/1713/246 881/1714/246 884/1715/246 888/1716/246
f 889/1717/247 890/1718/247 891/1719/247 892/1720/247
f 893/1721/245 889/1722/245 892/1723/245 894/1724/245
f 895/1725/246 891/1726/246 890/1727/246 896/1728/246
f 897/1729/246 898/1730/246 895/1725/246 896/1728/246
f 899/1731/245 900/1732/245 893/1721/245 894/1724/245
f 887/1713/246 888/1716/246 898/1730/246 897/1729/246
f 886/1711/245 885/1710/245 900/1732/245 899/1731/245
f 901/1733/248 902/1734/248 903/1735/248 904/1736/248 905/1737/248 906/1738/248
f 907/1739/249 908/1740/249 909/1741/249 910/1742/249 911/1743/249 912/1744/249
f 905/1745/253 909/1746/253 908/1747/253 906/1748/253
f 903/1749/252 911/1750/252 910/1751/252 904/1752/252
f 901/1753/60 907/1754/60 912/1755/60 902/1756/60
f 904/1752/58 910/1751/58 909/1757/58 905/1758/58
f 902/1759/251 912/1760/251 911/1750/251 903/1749/251
f 906/1748/250 908/1747/250 907/1754/250 901/1753/250
f 913/1761/58 914/1762/58 915/1763/58 916/1764/58
f 914/1765/246 917/1766/246 918/1767/246 915/1768/246
f 919/1769/245 913/1770/245 916/1771/245 920/1772/245
f 921/1773/247 922/1774/247 923/1775/247 924/1776/247
f 925/1777/246 921/1778/246 924/1779/246 926/1780/246
f 927/1781/245 923/1782/245 922/1783/245 928/1784/245
f 929/1785/245 930/1786/245 927/1781/245 928/1784/245
f 931/1787/246 932/1788/246 925/1777/246 926/1780/246
f 919/1769/245 920/1772/245 930/1786/245 929/1785/245
f 918/1767/246 917/1766/246 932/1788/246 931/1787/246
f 933/1789/248 934/1790/248 935/1791/248 936/1792/248 937/1793/248 938/1794/248
f 939/1795/249 940/1796/249 941/1797/249 942/1798/249 943/1799/249 944/1800/249
f 937/1801/251 941/1802/251 940/1803/251 938/1804/251
f 935/1805/250 943/1806/250 942/1807/250 936/1808/250
f 933/1809/58 939/1810/58 944/1811/58 934/1812/58
f 936/1808/60 942/1807/60 941/1813/60 937/1814/60
f 934/1815/253 944/1816/253 943/1806/253 935/1805/253
f 938/1804/252 940/1803/252 939/1810/252 933/1809/252
f 945/1817/58 946/1818/58 947/1819/58 948/1820/58
f 948/1821/254 947/1822/254 949/1823/254 950/1824/254
f 951/1825/255 952/1826/255 946/1827/255 945/1828/255
f 953/1829/256 954/1830/256 955/1831/256 956/1832/256
f 957/1833/254 958/1834/254 954/1835/254 953/1836/254
f 959/1837/255 960/1838/255 956/1839/255 955/1840/255
f 961/1841/255 960/1838/255 959/1837/255 962/1842/255
f 963/1843/257 958/1834/257 957/1833/257 964/1844/257
f 951/1825/255 961/1841/255 962/1842/255 952/1826/255
f 949/1823/254 963/1843/254 964/1844/254 950/1824/254
f 965/1845/256 966/1846/256 967/1847/256 968/1848/256 969/1849/256 970/1850/256
f 971/1851/258 972/1852/258 973/1853/258 974/1854/258 975/1855/258 976/1856/258
f 967/1857/259 966/1858/259 976/1859/259 975/1860/259
f 969/1861/260 968/1862/260 974/1863/260 973/1864/260
f 965/1865/58 970/1866/58 972/1867/58 971/1868/58
f 968/1869/60 967/1857/60 975/1860/60 974/1870/60
f 970/1866/261 969/1861/261 973/1864/261 972/1867/261
f 966/1858/262 965/1871/262 971/1872/262 976/1859/262
f 977/1873/60 978/1874/60 979/1875/60 980/1876/60
f 980/1877/255 979/1878/255 981/1879/255 982/1880/255
f 983/1881/254 984/1882/254 978/1883/254 977/1884/254
f 985/1885/256 986/1886/256 987/1887/256 988/1888/256
f 989/1889/255 990/1890/255 986/1891/255 985/1892/255
f 991/1893/254 992/1894/254 988/1895/254 987/1896/254
f 993/1897/257 992/1894/257 991/1893/257 994/1898/257
f 995/1899/255 990/1890/255 989/1889/255 996/1900/255
f 983/1881/254 993/1897/254 994/1898/254 984/1882/254
f 981/1879/255 995/1899/255 996/1900/255 982/1880/255
f 997/1901/256 998/1902/256 999/1903/256 1000/1904/256 1001/1905/256 1002/1906/256
f 1003/1907/258 1004/1908/258 1005/1909/258 1006/1910/258 1007/1911/258 1008/1912/258
f 999/1913/261 998/1914/261 1008/1915/261 1007/1916/261
f 1001/1917/262 1000/1918/262 1006/1919/262 1005/1920/262
f 997/1921/60 1002/1922/60 1004/1923/60 1003/1924/60
f 1000/1925/58 999/1913/58 1007/1916/58 1006/1926/58
f 1002/1922/259 1001/1917/259 1005/1920/259 1004/1923/259
f 998/1914/260 997/1927/260 1003/1928/260 1008/1915/260
f 1009/1929/60 1010/1930/60 1011/1931/60 1012/1932/60
f 1010/1933/254 1013/1934/254 1014/1935/254 1011/1936/254
f 1015/1937/255 1009/1938/255 1012/1939/255 1016/1940/255
f 1017/1941/256 1018/1942/256 1019/1943/256 1020/1944/256
f 1021/1945/254 1017/1946/254 1020/1947/254 1022/1948/254
f 1023/1949/255 1019/1950/255 1018/1951/255 1024/1952/255
f 1025/1953/255 1026/1954/255 1023/1949/255 1024/1952/255
f 1027/1955/257 1028/1956/257 1021/1945/257 1022/1948/257
f 1015/1937/255 1016/1940/255 1026/1954/255 1025/1953/255
f 1014/1935/254 1013/1934/254 1028/1956/254 1027/1955/254
f 1029/1957/256 1030/1958/256 1031/1959/256 1032/1960/256 1033/1961/256 1034/1962/256
f 1035/1963/258 1036/1964/258 1037/1965/258 1038/1966/258 1039/1967/258 1040/1968/258
f 1033/1969/262 1037/1970/262 1036/1971/262 1034/1972/262
f 1031/1973/261 1039/1974/261 1038/1975/261 1032/1976/261
f 1029/1977/60 1035/1978/60 1040/1979/60 1030/1980/60
f 1032/1976/58 1038/1975/58 1037/1981/58 1033/1982/58
f 1030/1983/260 1040/1984/260 1039/1974/260 1031/1973/260
f 1034/1972/259 1036/1971/259 1035/1978/259 1029/1977/259
f 1041/1985/58 1042/1986/58 1043/1987/58 1044/1988/58
f 1042/1989/255 1045/1990/255 1046/1991/255 1043/1992/255
f 1047/1993/254 1041/1994/254 1044/1995/254 1048/1996/254
f 1049/1997/256 1050/1998/256 1051/1999/256 1052/2000/256
f 1053/2001/255 1049/2002/255 1052/2003/255 1054/2004/255
f 1055/2005/254 1051/2006/254 1050/2007/254 1056/2008/254
f 1057/2009/257 1058/2010/257 1055/2005/257 1056/2008/257
f 1059/2011/255 1060/2012/255 1053/2001/255 1054/2004/255
f 1047/1993/254 1048/1996/254 1058/2010/254 1057/2009/254
f 1046/1991/255 1045/1990/255 1060/2012/255 1059/2011/255
f 1061/2013/256 1062/2014/256 1063/2015/256 1064/2016/256 1065/2017/256 1066/2018/256
f 1067/2019/258 1068/2020/258 1069/2021/258 1070/2022/258 1071/2023/258 1072/2024/258
f 1065/2025/260 1069/2026/260 1068/2027/260 1066/2028/260
f 1063/2029/259 1071/2030/259 1070/2031/259 1064/2032/259
f 1061/2033/58 1067/2034/58 1072/2035/58 1062/2036/58
f 1064/2032/60 1070/2031/60 1069/2037/60 1065/2038/60
f 1062/2039/262 1072/2040/262 1071/2030/262 1063/2029/262
f 1066/2028/261 1068/2027/261 1067/2034/261 1061/2033/261
f 1073/2041/58 1074/2042/58 1075/2043/58 1076/2044/58
f 1076/2045/263 1075/2046/263 1077/2047/263 1078/2048/263
f 1079/2049/264 1080/2050/264 1074/2051/264 1073/2052/264
f 1081/2053/265 1082/2054/265 1083/2055/265 1084/2056/265
f 1085/2057/266 1086/2058/266 1082/2059/266 1081/2060/266
f 1087/2061/267 1088/2062/267 1084/2063/267 1083/2064/267
f 1089/2065/268 1088/2062/268 1087/2061/268 1090/2066/268
f 1091/2067/263 1086/2058/263 1085/2057/263 1092/2068/263
f 1079/2049/264 1089/2065/264 1090/2066/264 1080/2050/264
f 1077/2047/263 1091/2067/263 1092/2068/263 1078/2048/263
f 1093/2069/269 1094/2070/269 1095/2071/269 1096/2072/269 1097/2073/269 1098/2074/269
f 1099/2075/270 1100/2076/270 1101/2077/270 1102/2078/270 1103/2079/270 1104/2080/270
f 1095/2081/271 1094/2082/271 1104/2083/271 1103/2084/271
f 1097/2085/272 1096/2086/272 1102/2087/272 1101/2088/272
f 1093/2089/58 1098/2090/58 1100/2091/58 1099/2092/58
f 1096/2093/60 1095/2081/60 1103/2084/60 1102/2094/60
f 1098/2090/273 1097/2085/273 1101/2088/273 1100/2091/273
f 1094/2082/274 1093/2095/274 1099/2096/274 1104/2083/274
f 1105/2097/60 1106/2098/60 1107/2099/60 1108/2100/60
f 1108/2101/264 1107/2102/264 1109/2103/264 1110/2104/264
f 1111/2105/263 1112/2106/263 1106/2107/263 1105/2108/263
f 1113/2109/265 1114/2110/265 1115/2111/265 1116/2112/265
f 1117/2113/267 1118/2114/267 1114/2115/267 1113/2116/267
f 1119/2117/266 1120/2118/266 1116/2119/266 1115/2120/266
f 1121/2121/275 1120/2118/275 1119/2117/275 1122/2122/275
f 1123/2123/276 1118/2114/276 1117/2113/276 1124/2124/276
f 1111/2105/263 1121/2121/263 1122/2122/263 1112/2106/263
f 1109/2103/264 1123/2123/264 1124/2124/264 1110/2104/264
f 1125/2125/269 1126/2126/269 1127/2127/269 1128/2128/269 1129/2129/269 1130/2130/269
f 1131/2131/270 1132/2132/270 1133/2133/270 1134/2134/270 1135/2135/270 1136/2136/270
f 1127/2137/273 1126/2138/273 1136/2139/273 1135/2140/273
f 1129/2141/274 1128/2142/274 1134/2143/274 1133/2144/274
f 1125/2145/60 1130/2146/60 1132/2147/60 1131/2148/60
f 1128/2149/58 1127/2137/58 1135/2140/58 1134/2150/58
f 1130/2146/271 1129/2141/271 1133/2144/271 1132/2147/271
f 1126/2138/272 1125/2151/272 1131/2152/272 1136/2139/272
f 1137/2153/60 1138/2154/60 1139/2155/60 1140/2156/60
f 1138/2157/263 1141/2158/263 1142/2159/263 1139/2160/263
f 1143/2161/264 1137/2162/264 1140/2163/264 1144/2164/264
f 1145/2165/265 1146/2166/265 1147/2167/265 1148/2168/265
f 1149/2169/266 1145/2170/266 1148/2171/266 1150/2172/266
f 1151/2173/267 1147/2174/267 1146/2175/267 1152/2176/267
f 1153/2177/276 1154/2178/276 1151/2173/276 1152/2176/276
f 1155/2179/263 1156/2180/263 1149/2169/263 1150/2172/263
f 1143/2161/264 1144/2164/264 1154/2178/264 1153/2177/264
f 1142/2159/263 1141/2158/263 1156/2180/263 1155/2179/263
f 1157/2181/269 1158/2182/269 1159/2183/269 1160/2184/269 1161/2185/269 1162/2186/269
f 1163/2187/270 1164/2188/270 1165/2189/270 1166/2190/270 1167/2191/270 1168/2192/270
f 1161/2193/274 1165/2194/274 1164/2195/274 1162/2196/274
f 1159/2197/273 1167/2198/273 1166/2199/273 1160/2200/273
f 1157/2201/60 1163/2202/60 1168/2203/60 1158/2204/60
f 1160/2200/58 1166/2199/58 1165/2205/58 1161/2206/58
f 1158/2207/272 1168/2208/272 1167/2198/272 1159/2197/272
f 1162/2196/271 1164/2195/271 1163/2202/271 1157/2201/271
f 1169/2209/58 1170/2210/58 1171/2211/58 1172/2212/58
f 1170/2213/264 1173/2214/264 1174/2215/264 1171/2216/264
f 1175/2217/263 1169/2218/263 1172/2219/263 1176/2220/263
f 1177/2221/265 1178/2222/265 1179/2223/265 1180/2224/265
f 1181/2225/267 1177/2226/267 1180/2227/267 1182/2228/267
f 1183/2229/266 1179/2230/266 1178/2231/266 1184/2232/266
f 1185/2233/277 1186/2234/277 1183/2229/277 1184/2232/277
f 1187/2235/268 1188/2236/268 1181/2225/268 1182/2228/268
f 1175/2217/263 1176/2220/263 1186/2234/263 1185/2233/263
f 1174/2215/264 1173/2214/264 1188/2236/264 1187/2235/264
f 1189/2237/269 1190/2238/269 1191/2239/269 1192/2240/269 1193/2241/269 1194/2242/269
f 1195/2243/270 1196/2244/270 1197/2245/270 1198/2246/270 1199/2247/270 1200/2248/270
f 1193/2249/272 1197/2250/272 1196/2251/272 1194/2252/272
f 1191/2253/271 1199/2254/271 1198/2255/271 1192/2256/271
f 1189/2257/58 1195/2258/58 1200/2259/58 1190/2260/58
f 1192/2256/60 1198/2255/60 1197/2261/60 1193/2262/60
f 1190/2263/274 1200/2264/274 1199/2254/274 1191/2253/274
f 1194/2252/273 1196/2251/273 1195/2258/273 1189/2257/273
f 1201/2265/58 1202/2266/58 1203/2267/58 1204/2268/58
f 1204/2269/278 1203/2270/278 1205/2271/278 1206/2272/278
f 1207/2273/279 1208/2274/279 1202/2275/279 1201/2276/279
f 1209/2277/280 1210/2278/280 1211/2279/280 1212/2280/280
f 1213/2281/281 1214/2282/281 1210/2283/281 1209/2284/281
f 1215/2285/282 1216/2286/282 1212/2287/282 1211/2288/282
f 1217/2289/283 1216/2286/283 1215/2285/283 1218/2290/283
f 1219/2291/284 1214/2282/284 1213/2281/284 1220/2292/284
f 1207/2273/285 1217/2289/285 1218/2290/285 1208/2274/285
f 1205/2271/278 1219/2291/278 1220/2292/278 1206/2272/278
f 1221/2293/286 1222/2294/286 1223/2295/286 1224/2296/286 1225/2297/286 1226/2298/286
f 1227/2299/287 1228/2300/287 1229/2301/287 1230/2302/287 1231/2303/287 1232/2304/287
f 1223/2305/288 1222/2306/288 1232/2307/288 1231/2308/288
f 1225/2309/289 1224/2310/289 1230/2311/289 1229/2312/289
f 1221/2313/58 1226/2314/58 1228/2315/58 1227/2316/58
f 1224/2317/60 1223/2305/60 1231/2308/60 1230/2318/60
f 1226/2314/290 1225/2309/290 1229/2312/290 1228/2315/290
f 1222/2306/291 1221/2319/291 1227/2320/291 1232/2307/291
f 1233/2321/60 1234/2322/60 1235/2323/60 1236/2324/60
f 1236/2325/279 1235/2326/279 1237/2327/279 1238/2328/279
f 1239/2329/278 1240/2330/278 1234/2331/278 1233/2332/278
f 1241/2333/280 1242/2334/280 1243/2335/280 1244/2336/280
f 1245/2337/282 1246/2338/282 1242/2339/282 1241/2340/282
f 1247/2341/281 1248/2342/281 1244/2343/281 1243/2344/281
f 1249/2345/284 1248/2342/284 1247/2341/284 1250/2346/284
f 1251/2347/292 1246/2338/292 1245/2337/292 1252/2348/292
f 1239/2329/278 1249/2345/278 1250/2346/278 1240/2330/278
f 1237/2327/293 1251/2347/293 1252/2348/293 1238/2328/293
f 1253/2349/286 1254/2350/286 1255/2351/286 1256/2352/286 1257/2353/286 1258/2354/286
f 1259/2355/287 1260/2356/287 1261/2357/287 1262/2358/287 1263/2359/287 1264/2360/287
f 1255/2361/290 1254/2362/290 1264/2363/290 1263/2364/290
f 1257/2365/291 1256/2366/291 1262/2367/291 1261/2368/291
f 1253/2369/60 1258/2370/60 1260/2371/60 1259/2372/60
f 1256/2373/58 1255/2361/58 1263/2364/58 1262/2374/58
f 1258/2370/288 1257/2365/288 1261/2368/288 1260/2371/288
f 1254/2362/289 1253/2375/289 1259/2376/289 1264/2363/289
f 1265/2377/60 1266/2378/60 1267/2379/60 1268/2380/60
f 1266/2381/278 1269/2382/278 1270/2383/278 1267/2384/278
f 1271/2385/279 1265/2386/279 1268/2387/279 1272/2388/279
f 1273/2389/280 1274/2390/280 1275/2391/280 1276/2392/280
f 1277/2393/281 1273/2394/281 1276/2395/281 1278/2396/281
f 1279/2397/282 1275/2398/282 1274/2399/282 1280/2400/282
f 1281/2401/292 1282/2402/292 1279/2397/292 1280/2400/292
f 1283/2403/284 1284/2404/284 1277/2393/284 1278/2396/284
f 1271/2385/293 1272/2388/293 1282/2402/293 1281/2401/293
f 1270/2383/278 1269/2382/278 1284/2404/278 1283/2403/278
f 1285/2405/286 1286/2406/286 1287/2407/286 1288/2408/286 1289/2409/286 1290/2410/286
f 1291/2411/287 1292/2412/287 1293/2413/287 1294/2414/287 1295/2415/287 1296/2416/287
f 1289/2417/291 1293/2418/291 1292/2419/291 1290/2420/291
f 1287/2421/290 1295/2422/290 1294/2423/290 1288/2424/290
f 1285/2425/60 1291/2426/60 1296/2427/60 1286/2428/60
f 1288/2424/58 1294/2423/58 1293/2429/58 1289/2430/58
f 1286/2431/289 1296/2432/289 1295/2422/289 1287/2421/289
f 1290/2420/288 1292/2419/288 1291/2426/288 1285/2425/288
f 1297/2433/58 1298/2434/58 1299/2435/58 1300/2436/58
f 1298/2437/279 1301/2438/279 1302/2439/279 1299/2440/279
f 1303/2441/278 1297/2442/278 1300/2443/278 1304/2444/278
f 1305/2445/280 1306/2446/280 1307/2447/280 1308/2448/280
f 1309/2449/282 1305/2450/282 1308/2451/282 1310/2452/282
f 1311/2453/281 1307/2454/281 1306/2455/281 1312/2456/281
f 1313/2457/284 1314/2458/284 1311/2453/284 1312/2456/284
f 1315/2459/283 1316/2460/283 1309/2449/283 1310/2452/283
f 1303/2441/278 1304/2444/278 1314/2458/278 1313/2457/278
f 1302/2439/285 1301/2438/285 1316/2460/285 1315/2459/285
f 1317/2461/286 1318/2462/286 1319/2463/286 1320/2464/286 1321/2465/286 1322/2466/286
f 1323/2467/287 1324/2468/287 1325/2469/287 1326/2470/287 1327/2471/287 1328/2472/287
f 1321/2473/289 1325/2474/289 1324/2475/289 1322/2476/289
f 1319/2477/288 1327/2478/288 1326/2479/288 1320/2480/288
f 1317/2481/58 1323/2482/58 1328/2483/58 1318/2484/58
f 1320/2480/60 1326/2479/60 1325/2485/60 1321/2486/60
f 1318/2487/291 1328/2488/291 1327/2478/291 1319/2477/291
f 1322/2476/290 1324/2475/290 1323/2482/290 1317/2481/290
f 1329/2489/58 1330/2490/58 1331/2491/58 1332/2492/58
f 1332/2493/294 1331/2494/294 1333/2495/294 1334/2496/294
f 1335/2497/295 1336/2498/295 1330/2499/295 1329/2500/295
f 1337/2501/296 1338/2502/296 1339/2503/296 1340/2504/296
f 1341/2505/297 1342/2506/297 1338/2507/297 1337/2508/297
f 1343/2509/298 1344/2510/298 1340/2511/298 1339/2512/298
f 1345/2513/299 1344/2510/299 1343/2509/299 1346/2514/299
f 1347/2515/300 1342/2506/300 1341/2505/300 1348/2516/300
f 1335/2497/301 1345/2513/301 1346/2514/301 1336/2498/301
f 1333/2495/302 1347/2515/302 1348/2516/302 1334/2496/302
f 1349/2517/303 1350/2518/303 1351/2519/303 1352/2520/303 1353/2521/303 1354/2522/303
f 1355/2523/304 1356/2524/304 1357/2525/304 1358/2526/304 1359/2527/304 1360/2528/304
f 1351/2529/305 1350/2530/305 1360/2531/305 1359/2532/305
f 1353/2533/306 1352/2534/306 1358/2535/306 1357/2536/306
f 1349/2537/58 1354/2538/58 1356/2539/58 1355/2540/58
f 1352/2541/60 1351/2529/60 1359/2532/60 1358/2542/60
f 1354/2538/307 1353/2533/307 1357/2536/307 1356/2539/307
f 1350/2530/308 1349/2543/308 1355/2544/308 1360/2531/308
f 1361/2545/60 1362/2546/60 1363/2547/60 1364/2548/60
f 1364/2549/295 1363/2550/295 1365/2551/295 1366/2552/295
f 1367/2553/294 1368/2554/294 1362/2555/294 1361/2556/294
f 1369/2557/296 1370/2558/296 1371/2559/296 1372/2560/296
f 1373/2561/298 1374/2562/298 1370/2563/298 1369/2564/298
f 1375/2565/297 1376/2566/297 1372/2567/297 1371/2568/297
f 1377/2569/309 1376/2566/309 1375/2565/309 1378/2570/309
f 1379/2571/310 1374/2562/310 1373/2561/310 1380/2572/310
f 1367/2553/311 1377/2569/311 1378/2570/311 1368/2554/311
f 1365/2551/312 1379/2571/312 1380/2572/312 1366/2552/312
f 1381/2573/303 1382/2574/303 1383/2575/303 1384/2576/303 1385/2577/303 1386/2578/303
f 1387/2579/304 1388/2580/304 1389/2581/304 1390/2582/304 1391/2583/304 1392/2584/304
f 1383/2585/307 1382/2586/307 1392/2587/307 1391/2588/307
f 1385/2589/308 1384/2590/308 1390/2591/308 1389/2592/308
f 1381/2593/60 1386/2594/60 1388/2595/60 1387/2596/60
f 1384/2597/58 1383/2585/58 1391/2588/58 1390/2598/58
f 1386/2594/305 1385/2589/305 1389/2592/305 1388/2595/305
f 1382/2586/313 1381/2599/313 1387/2600/313 1392/2587/313
f 1393/2601/60 1394/2602/60 1395/2603/60 1396/2604/60
f 1394/2605/294 1397/2606/294 1398/2607/294 1395/2608/294
f 1399/2609/295 1393/2610/295 1396/2611/295 1400/2612/295
f 1401/2613/296 1402/2614/296 1403/2615/296 1404/2616/296
f 1405/2617/297 1401/2618/297 1404/2619/297 1406/2620/297
f 1407/2621/298 1403/2622/298 1402/2623/298 1408/2624/298
f 1409/2625/310 1410/2626/310 1407/2621/310 1408/2624/310
f 1411/2627/309 1412/2628/309 1405/2617/309 1406/2620/309
f 1399/2609/312 1400/2612/312 1410/2626/312 1409/2625/312
f 1398/2607/311 1397/2606/311 1412/2628/311 1411/2627/311
f 1413/2629/303 1414/2630/303 1415/2631/303 1416/2632/303 1417/2633/303 1418/2634/303
f 1419/2635/304 1420/2636/304 1421/2637/304 1422/2638/304 1423/2639/304 1424/2640/304
f 1417/2641/308 1421/2642/308 1420/2643/308 1418/2644/308
f 1415/2645/307 1423/2646/307 1422/2647/307 1416/2648/307
f 1413/2649/60 1419/2650/60 1424/2651/60 1414/2652/60
f 1416/2648/58 1422/2647/58 1421/2653/58 1417/2654/58
f 1414/2655/313 1424/2656/313 1423/2646/313 1415/2645/313
f 1418/2644/305 1420/2643/305 1419/2650/305 1413/2649/305
f 1425/2657/58 1426/2658/58 1427/2659/58 1428/2660/58
f 1426/2661/295 1429/2662/295 1430/2663/295 1427/2664/295
f 1431/2665/294 1425/2666/294 1428/2667/294 1432/2668/294
f 1433/2669/296 1434/2670/296 1435/2671/296 1436/2672/296
f 1437/2673/298 1433/2674/298 1436/2675/298 1438/2676/298
f 1439/2677/297 1435/2678/297 1434/2679/297 1440/2680/297
f 1441/2681/300 1442/2682/300 1439/2677/300 1440/2680/300
f 1443/2683/299 1444/2684/299 1437/2673/299 1438/2676/299
f 1431/2665/302 1432/2668/302 1442/2682/302 1441/2681/302
f 1430/2663/301 1429/2662/301 1444/2684/301 1443/2683/301
f 1445/2685/303 1446/2686/303 1447/2687/303 1448/2688/303 1449/2689/303 1450/2690/303
f 1451/2691/304 1452/2692/304 1453/2693/304 1454/2694/304 1455/2695/304 1456/2696/304
f 1449/2697/313 1453/2698/313 1452/2699/313 1450/2700/313
f 1447/2701/305 1455/2702/305 1454/2703/305 1448/2704/305
f 1445/2705/58 1451/2706/58 1456/2707/58 1446/2708/58
f 1448/2704/60 1454/2703/60 1453/2709/60 1449/2710/60
f 1446/2711/308 1456/2712/308 1455/2702/308 1447/2701/308
f 1450/2700/307 1452/2699/307 1451/2706/307 1445/2705/307
f 1457/2713/58 1458/2714/58 1459/2715/58 1460/2716/58
f 1460/2717/84 1459/2718/84 1461/2719/84 1462/2720/84
f 1463/2721/314 1464/2722/314 1458/2723/314 1457/2724/314
f 1465/2725/315 1466/2726/315 1467/2727/315 1468/2728/315
f 1469/2729/316 1470/2730/316 1466/2731/316 1465/2732/316
f 1471/2733/317 1472/2734/317 1468/2735/317 1467/2736/317
f 1473/2737/318 1472/2734/318 1471/2733/318 1474/2738/318
f 1475/2739/319 1470/2730/319 1469/2729/319 1476/2740/319
f 1463/2721/320 1473/2737/320 1474/2738/320 1464/2722/320
f 1461/2719/321 1475/2739/321 1476/2740/321 1462/2720/321
f 1477/2741/322 1478/2742/322 1479/2743/322 1480/2744/322 1481/2745/322 1482/2746/322
f 1483/2747/323 1484/2748/323 1485/2749/323 1486/2750/323 1487/2751/323 1488/2752/323
f 1479/2753/324 1478/2754/324 1488/2755/324 1487/2756/324
f 1481/2757/325 1480/2758/325 1486/2759/325 1485/2760/325
f 1477/2761/58 1482/2762/58 1484/2763/58 1483/2764/58
f 1480/2765/60 1479/2753/60 1487/2756/60 1486/2766/60
f 1482/2762/326 1481/2757/326 1485/2760/326 1484/2763/326
f 1478/2754/327 1477/2767/327 1483/2768/327 1488/2755/327
f 1489/2769/60 1490/2770/60 1491/2771/60 1492/2772/60
f 1492/2773/314 1491/2774/314 1493/2775/314 1494/2776/314
f 1495/2777/84 1496/2778/84 1490/2779/84 1489/2780/84
f 1497/2781/315 1498/2782/315 1499/2783/315 1500/2784/315
f 1501/2785/317 1502/2786/317 1498/2787/317 1497/2788/317
f 1503/2789/316 1504/2790/316 1500/2791/316 1499/2792/316
f 1505/2793/328 1504/2790/328 1503/2789/328 1506/2794/328
f 1507/2795/317 1502/2786/317 1501/2785/317 1508/2796/317
f 1495/2777/329 1505/2793/329 1506/2794/329 1496/2778/329
f 1493/2775/330 1507/2795/330 1508/2796/330 1494/2776/330
f 1509/2797/322 1510/2798/322 1511/2799/322 1512/2800/322 1513/2801/322 1514/2802/322
f 1515/2803/323 1516/2804/323 1517/2805/323 1518/2806/323 1519/2807/323 1520/2808/323
f 1511/2809/326 1510/2810/326 1520/2811/326 1519/2812/326
f 1513/2813/327 1512/2814/327 1518/2815/327 1517/2816/327
f 1509/2817/60 1514/2818/60 1516/2819/60 1515/2820/60
f 1512/2821/58 1511/2809/58 1519/2812/58 1518/2822/58
f 1514/2818/324 1513/2813/324 1517/2816/324 1516/2819/324
f 1510/2810/325 1509/2823/325 1515/2824/325 1520/2811/325
f 1521/2825/60 1522/2826/60 1523/2827/60 1524/2828/60
f 1522/2829/84 1525/2830/84 1526/2831/84 1523/2832/84
f 1527/2833/314 1521/2834/314 1524/2835/314 1528/2836/314
f 1529/2837/315 1530/2838/315 1531/2839/315 1532/2840/315
f 1533/2841/316 1529/2842/316 1532/2843/316 1534/2844/316
f 1535/2845/317 1531/2846/317 1530/2847/317 1536/2848/317
f 1537/2849/331 1538/2850/331 1535/2845/331 1536/2848/331
f 1539/2851/328 1540/2852/328 1533/2841/328 1534/2844/328
f 1527/2833/330 1528/2836/330 1538/2850/330 1537/2849/330
f 1526/2831/329 1525/2830/329 1540/2852/329 1539/2851/329
f 1541/2853/322 1542/2854/322 1543/2855/322 1544/2856/322 1545/2857/322 1546/2858/322
f 1547/2859/323 1548/2860/323 1549/2861/323 1550/2862/323 1551/2863/323 1552/2864/323
f 1545/2865/327 1549/2866/327 1548/2867/327 1546/2868/327
f 1543/2869/326 1551/2870/326 1550/2871/326 1544/2872/326
f 1541/2873/60 1547/2874/60 1552/2875/60 1542/2876/60
f 1544/2872/58 1550/2871/58 1549/2877/58 1545/2878/58
f 1542/2879/325 1552/2880/325 1551/2870/325 1543/2869/325
f 1546/2868/324 1548/2867/324 1547/2874/324 1541/2873/324
f 1553/2881/58 1554/2882/58 1555/2883/58 1556/2884/58
f 1554/2885/314 1557/2886/314 1558/2887/314 1555/2888/314
f 1559/2889/84 1553/2890/84 1556/2891/84 1560/2892/84
f 1561/2893/315 1562/2894/315 1563/2895/315 1564/2896/315
f 1565/2897/317 1561/2898/317 1564/2899/317 1566/2900/317
f 1567/2901/316 1563/2902/316 1562/2903/316 1568/2904/316
f 1569/2905/319 1570/2906/319 1567/2901/319 1568/2904/319
f 1571/2907/317 1572/2908/317 1565/2897/317 1566/2900/317
f 1559/2889/321 1560/2892/321 1570/2906/321 1569/2905/321
f 1558/2887/320 1557/2886/320 1572/2908/320 1571/2907/320
f 1573/2909/322 1574/2910/322 1575/2911/322 1576/2912/322 1577/2913/322 1578/2914/322
f 1579/2915/323 1580/2916/323 1581/2917/323 1582/2918/323 1583/2919/323 1584/2920/323
f 1577/2921/325 1581/2922/325 1580/2923/325 1578/2924/325
f 1575/2925/324 1583/2926/324 1582/2927/324 1576/2928/324
f 1573/2929/58 1579/2930/58 1584/2931/58 1574/2932/58
f 1576/2928/60 1582/2927/60 1581/2933/60 1577/2934/60
f 1574/2935/327 1584/2936/327 1583/2926/327 1575/2925/327
f 1578/2924/326 1580/2923/326 1579/2930/326 1573/2929/326
s 1
f 164/2937/57 166/2938/332 167/2939/332 161/2940/57
f 165/2941/333 163/2942/232 162/2943/232 168/2944/333
f 176/2945/334 173/2946/334 169/2947/58 172/2948/58
f 174/2949/335 175/2950/335 171/2951/60 170/2952/60
f 180/2953/336 173/2946/334 176/2945/334 177/2954/336
f 178/2955/337 175/2950/335 174/2949/335 179/2956/337
f 166/2938/332 180/2957/336 177/2958/336 167/2939/332
f 168/2944/333 178/2959/337 179/2960/337 165/2941/333
f 196/2961/57 198/2962/338 199/2963/338 193/2964/57
f 197/2965/339 195/2966/232 194/2967/232 200/2968/339
f 208/2969/340 205/2970/340 201/2971/60 204/2972/60
f 206/2973/341 207/2974/341 203/2975/58 202/2976/58
f 212/2977/342 205/2970/340 208/2969/340 209/2978/342
f 210/2979/343 207/2974/341 206/2973/341 211/2980/343
f 198/2962/338 212/2981/342 209/2982/342 199/2963/338
f 200/2968/339 210/2983/343 211/2984/343 197/2965/339
f 226/2985/57 225/2986/57 231/2987/338 229/2988/338
f 230/2989/339 232/2990/339 228/2991/232 227/2992/232
f 240/2993/340 234/2994/60 233/2995/60 237/2996/340
f 238/2997/341 236/2998/58 235/2999/58 239/3000/341
f 244/3001/342 241/3002/342 240/2993/340 237/2996/340
f 242/3003/343 243/3004/343 238/2997/341 239/3000/341
f 229/2988/338 231/2987/338 241/3005/342 244/3006/342
f 232/2990/339 230/2989/339 243/3007/343 242/3008/343
f 258/3009/57 257/3010/57 263/3011/332 261/3012/332
f 262/3013/333 264/3014/333 260/3015/232 259/3016/232
f 272/3017/344 266/3018/58 265/3019/58 269/3020/344
f 270/3021/335 268/3022/60 267/3023/60 271/3024/335
f 276/3025/336 273/3026/336 272/3017/344 269/3020/344
f 274/3027/337 275/3028/337 270/3021/335 271/3024/335
f 261/3012/332 263/3011/332 273/3029/336 276/3030/336
f 264/3014/333 262/3013/333 275/3031/337 274/3032/337
f 692/3033/239 694/3034/345 695/3035/345 689/3036/239
f 693/3037/346 691/3038/240 690/3039/240 696/3040/346
f 704/3041/347 701/3042/347 697/3043/58 700/3044/58
f 702/3045/348 703/3046/349 699/3047/60 698/3048/60
f 708/3049/350 701/3042/347 704/3041/347 705/3050/350
f 706/3051/351 703/3046/349 702/3045/348 707/3052/351
f 694/3034/345 708/3053/350 705/3054/350 695/3035/345
f 696/3040/346 706/3055/351 707/3056/351 693/3037/346
f 724/3057/239 726/3058/352 727/3059/352 721/3060/239
f 725/3061/353 723/3062/240 722/3063/240 728/3064/353
f 736/3065/354 733/3066/354 729/3067/60 732/3068/60
f 734/3069/355 735/3070/355 731/3071/58 730/3072/58
f 740/3073/356 733/3066/354 736/3065/354 737/3074/356
f 738/3075/357 735/3070/355 734/3069/355 739/3076/357
f 726/3058/352 740/3077/356 737/3078/356 727/3059/352
f 728/3064/353 738/3079/357 739/3080/357 725/3061/353
f 754/3081/239 753/3082/239 759/3083/352 757/3084/352
f 758/3085/353 760/3086/353 756/3087/240 755/3088/240
f 768/3089/354 762/3090/60 761/3091/60 765/3092/354
f 766/3093/355 764/3094/58 763/3095/58 767/3096/358
f 772/3097/356 769/3098/356 768/3089/354 765/3092/354
f 770/3099/357 771/3100/357 766/3093/355 767/3096/358
f 757/3084/352 759/3083/352 769/3101/356 772/3102/356
f 760/3086/353 758/3085/353 771/3103/357 770/3104/357
f 786/3105/239 785/3106/239 791/3107/345 789/3108/345
f 790/3109/346 792/3110/346 788/3111/240 787/3112/240
f 800/3113/347 794/3114/58 793/3115/58 797/3116/347
f 798/3117/348 796/3118/60 795/3119/60 799/3120/348
f 804/3121/350 801/3122/350 800/3113/347 797/3116/347
f 802/3123/351 803/3124/351 798/3117/348 799/3120/348
f 789/3108/345 791/3107/345 801/3125/350 804/3126/350
f 792/3110/346 790/3109/346 803/3127/351 802/3128/351
f 820/3129/247 822/3130/359 823/3131/359 817/3132/247
f 821/3133/360 819/3134/361 818/3135/361 824/3136/360
f 832/3137/362 829/3138/362 825/3139/58 828/3140/58
f 830/3141/363 831/3142/363 827/3143/60 826/3144/60
f 836/3145/364 829/3138/362 832/3137/362 833/3146/364
f 834/3147/365 831/3142/363 830/3141/363 835/3148/365
f 822/3130/359 836/3149/364 833/3150/364 823/3131/359
f 824/3136/360 834/3151/365 835/3152/365 821/3133/360
f 852/3153/247 854/3154/366 855/3155/366 849/3156/247
f 853/3157/367 851/3158/361 850/3159/361 856/3160/367
f 864/3161/368 861/3162/368 857/3163/60 860/3164/60
f 862/3165/369 863/3166/369 859/3167/58 858/3168/58
f 868/3169/370 861/3162/368 864/3161/368 865/3170/370
f 866/3171/371 863/3166/369 862/3165/369 867/3172/371
f 854/3154/366 868/3173/370 865/3174/370 855/3155/366
f 856/3160/367 866/3175/371 867/3176/371 853/3157/367
f 882/3177/247 881/3178/247 887/3179/366 885/3180/366
f 886/3181/367 888/3182/367 884/3183/361 883/3184/361
f 896/3185/368 890/3186/60 889/3187/60 893/3188/368
f 894/3189/369 892/3190/58 891/3191/58 895/3192/369
f 900/3193/370 897/3194/370 896/3185/368 893/3188/368
f 898/3195/371 899/3196/371 894/3189/369 895/3192/369
f 885/3180/366 887/3179/366 897/3197/370 900/3198/370
f 888/3182/367 886/3181/367 899/3199/371 898/3200/371
f 914/3201/247 913/3202/247 919/3203/359 917/3204/359
f 918/3205/360 920/3206/360 916/3207/361 915/3208/361
f 928/3209/362 922/3210/58 921/3211/58 925/3212/362
f 926/3213/363 924/3214/60 923/3215/60 927/3216/363
f 932/3217/364 929/3218/364 928/3209/362 925/3212/362
f 930/3219/365 931/3220/365 926/3213/363 927/3216/363
f 917/3204/359 919/3203/359 929/3221/364 932/3222/364
f 920/3206/360 918/3205/360 931/3223/365 930/3224/365
f 948/3225/256 950/3226/372 951/3227/372 945/3228/256
f 949/3229/373 947/3230/374 946/3231/374 952/3232/373
f 960/3233/375 957/3234/375 953/3235/58 956/3236/58
f 958/3237/376 959/3238/376 955/3239/60 954/3240/60
f 964/3241/377 957/3234/375 960/3233/375 961/3242/377
f 962/3243/378 959/3238/376 958/3237/376 963/3244/378
f 950/3226/372 964/3245/377 961/3246/377 951/3227/372
f 952/3232/373 962/3247/378 963/3248/378 949/3229/373
f 980/3249/256 982/3250/379 983/3251/379 977/3252/256
f 981/3253/380 979/3254/374 978/3255/374 984/3256/380
f 992/3257/381 989/3258/381 985/3259/60 988/3260/60
f 990/3261/382 991/3262/382 987/3263/58 986/3264/58
f 996/3265/383 989/3258/381 992/3257/381 993/3266/383
f 994/3267/384 991/3262/382 990/3261/382 995/3268/384
f 982/3250/379 996/3269/383 993/3270/383 983/3251/379
f 984/3256/380 994/3271/384 995/3272/384 981/3253/380
f 1010/3273/256 1009/3274/256 1015/3275/379 1013/3276/379
f 1014/3277/380 1016/3278/380 1012/3279/374 1011/3280/374
f 1024/3281/381 1018/3282/60 1017/3283/60 1021/3284/381
f 1022/3285/382 1020/3286/58 1019/3287/58 1023/3288/382
f 1028/3289/383 1025/3290/383 1024/3281/381 1021/3284/381
f 1026/3291/384 1027/3292/384 1022/3285/382 1023/3288/382
f 1013/3276/379 1015/3275/379 1025/3293/383 1028/3294/383
f 1016/3278/380 1014/3277/380 1027/3295/384 1026/3296/384
f 1042/3297/256 1041/3298/256 1047/3299/372 1045/3300/372
f 1046/3301/373 1048/3302/373 1044/3303/374 1043/3304/374
f 1056/3305/375 1050/3306/58 1049/3307/58 1053/3308/375
f 1054/3309/376 1052/3310/60 1051/3311/60 1055/3312/376
f 1060/3313/377 1057/3314/377 1056/3305/375 1053/3308/375
f 1058/3315/378 1059/3316/378 1054/3309/376 1055/3312/376
f 1045/3300/372 1047/3299/372 1057/3317/377 1060/3318/377
f 1048/3302/373 1046/3301/373 1059/3319/378 1058/3320/378
f 1076/3321/269 1078/3322/385 1079/3323/385 1073/3324/269
f 1077/3325/386 1075/3326/387 1074/3327/387 1080/3328/386
f 1088/3329/388 1085/3330/389 1081/3331/58 1084/3332/58
f 1086/3333/390 1087/3334/390 1083/3335/60 1082/3336/60
f 1092/3337/391 1085/3330/389 1088/3329/388 1089/3338/391
f 1090/3339/392 1087/3334/390 1086/3333/390 1091/3340/392
f 1078/3322/385 1092/3341/391 1089/3342/391 1079/3323/385
f 1080/3328/386 1090/3343/392 1091/3344/392 1077/3325/386
f 1108/3345/269 1110/3346/393 1111/3347/394 1105/3348/269
f 1109/3349/395 1107/3350/387 1106/3351/387 1112/3352/395
f 1120/3353/396 1117/3354/397 1113/3355/60 1116/3356/60
f 1118/3357/398 1119/3358/398 1115/3359/58 1114/3360/58
f 1124/3361/399 1117/3354/397 1120/3353/396 1121/3362/399
f 1122/3363/400 1119/3358/398 1118/3357/398 1123/3364/400
f 1110/3346/393 1124/3365/399 1121/3366/399 1111/3347/394
f 1112/3352/395 1122/3367/400 1123/3368/400 1109/3349/395
f 1138/3369/269 1137/3370/269 1143/3371/393 1141/3372/394
f 1142/3373/395 1144/3374/395 1140/3375/387 1139/3376/387
f 1152/3377/397 1146/3378/60 1145/3379/60 1149/3380/396
f 1150/3381/398 1148/3382/58 1147/3383/58 1151/3384/398
f 1156/3385/399 1153/3386/399 1152/3377/397 1149/3380/396
f 1154/3387/400 1155/3388/400 1150/3381/398 1151/3384/398
f 1141/3372/394 1143/3371/393 1153/3389/399 1156/3390/399
f 1144/3374/395 1142/3373/395 1155/3391/400 1154/3392/400
f 1170/3393/269 1169/3394/269 1175/3395/385 1173/3396/401
f 1174/3397/386 1176/3398/386 1172/3399/387 1171/3400/387
f 1184/3401/389 1178/3402/58 1177/3403/58 1181/3404/388
f 1182/3405/390 1180/3406/60 1179/3407/60 1183/3408/390
f 1188/3409/391 1185/3410/391 1184/3401/389 1181/3404/388
f 1186/3411/392 1187/3412/392 1182/3405/390 1183/3408/390
f 1173/3396/401 1175/3395/385 1185/3413/391 1188/3414/391
f 1176/3398/386 1174/3397/386 1187/3415/392 1186/3416/392
f 1204/3417/286 1206/3418/402 1207/3419/402 1201/3420/286
f 1205/3421/403 1203/3422/404 1202/3423/404 1208/3424/403
f 1216/3425/405 1213/3426/406 1209/3427/58 1212/3428/58
f 1214/3429/407 1215/3430/407 1211/3431/60 1210/3432/60
f 1220/3433/408 1213/3426/406 1216/3425/405 1217/3434/408
f 1218/3435/409 1215/3430/407 1214/3429/407 1219/3436/409
f 1206/3418/402 1220/3437/408 1217/3438/408 1207/3419/402
f 1208/3424/403 1218/3439/409 1219/3440/409 1205/3421/403
f 1236/3441/286 1238/3442/410 1239/3443/410 1233/3444/286
f 1237/3445/411 1235/3446/404 1234/3447/404 1240/3448/411
f 1248/3449/412 1245/3450/413 1241/3451/60 1244/3452/60
f 1246/3453/414 1247/3454/414 1243/3455/58 1242/3456/58
f 1252/3457/415 1245/3450/413 1248/3449/412 1249/3458/415
f 1250/3459/416 1247/3454/414 1246/3453/414 1251/3460/416
f 1238/3442/410 1252/3461/415 1249/3462/415 1239/3443/410
f 1240/3448/411 1250/3463/416 1251/3464/416 1237/3445/411
f 1266/3465/286 1265/3466/286 1271/3467/410 1269/3468/410
f 1270/3469/411 1272/3470/411 1268/3471/404 1267/3472/404
f 1280/3473/413 1274/3474/60 1273/3475/60 1277/3476/412
f 1278/3477/414 1276/3478/58 1275/3479/58 1279/3480/414
f 1284/3481/415 1281/3482/415 1280/3473/413 1277/3476/412
f 1282/3483/416 1283/3484/416 1278/3477/414 1279/3480/414
f 1269/3468/410 1271/3467/410 1281/3485/415 1284/3486/415
f 1272/3470/411 1270/3469/411 1283/3487/416 1282/3488/416
f 1298/3489/286 1297/3490/286 1303/3491/402 1301/3492/402
f 1302/3493/403 1304/3494/403 1300/3495/404 1299/3496/404
f 1312/3497/406 1306/3498/58 1305/3499/58 1309/3500/405
f 1310/3501/407 1308/3502/60 1307/3503/60 1311/3504/407
f 1316/3505/408 1313/3506/408 1312/3497/406 1309/3500/405
f 1314/3507/409 1315/3508/409 1310/3501/407 1311/3504/407
f 1301/3492/402 1303/3491/402 1313/3509/408 1316/3510/408
f 1304/3494/403 1302/3493/403 1315/3511/409 1314/3512/409
f 1332/3513/417 1334/3514/418 1335/3515/418 1329/3516/417
f 1333/3517/419 1331/3518/420 1330/3519/420 1336/3520/419
f 1344/3521/421 1341/3522/421 1337/3523/58 1340/3524/58
f 1342/3525/422 1343/3526/422 1339/3527/60 1338/3528/60
f 1348/3529/423 1341/3522/421 1344/3521/421 1345/3530/423
f 1346/3531/424 1343/3526/422 1342/3525/422 1347/3532/424
f 1334/3514/418 1348/3533/423 1345/3534/423 1335/3515/418
f 1336/3520/419 1346/3535/424 1347/3536/424 1333/3517/419
f 1364/3537/417 1366/3538/425 1367/3539/425 1361/3540/417
f 1365/3541/426 1363/3542/420 1362/3543/420 1368/3544/426
f 1376/3545/427 1373/3546/427 1369/3547/60 1372/3548/60
f 1374/3549/428 1375/3550/428 1371/3551/58 1370/3552/58
f 1380/3553/429 1373/3546/427 1376/3545/427 1377/3554/429
f 1378/3555/430 1375/3550/428 1374/3549/428 1379/3556/430
f 1366/3538/425 1380/3557/429 1377/3558/429 1367/3539/425
f 1368/3544/426 1378/3559/430 1379/3560/430 1365/3541/426
f 1394/3561/417 1393/3562/417 1399/3563/425 1397/3564/425
f 1398/3565/426 1400/3566/426 1396/3567/420 1395/3568/420
f 1408/3569/427 1402/3570/60 1401/3571/60 1405/3572/427
f 1406/3573/428 1404/3574/58 1403/3575/58 1407/3576/428
f 1412/3577/429 1409/3578/429 1408/3569/427 1405/3572/427
f 1410/3579/430 1411/3580/430 1406/3573/428 1407/3576/428
f 1397/3564/425 1399/3563/425 1409/3581/429 1412/3582/429
f 1400/3566/426 1398/3565/426 1411/3583/430 1410/3584/430
f 1426/3585/417 1425/3586/417 1431/3587/418 1429/3588/418
f 1430/3589/419 1432/3590/419 1428/3591/420 1427/3592/420
f 1440/3593/421 1434/3594/58 1433/3595/58 1437/3596/421
f 1438/3597/422 1436/3598/60 1435/3599/60 1439/3600/422
f 1444/3601/431 1441/3602/423 1440/3593/421 1437/3596/421
f 1442/3603/424 1443/3604/424 1438/3597/422 1439/3600/422
f 1429/3588/418 1431/3587/418 1441/3605/423 1444/3606/431
f 1432/3590/419 1430/3589/419 1443/3607/424 1442/3608/424
f 1460/3609/432 1462/3610/433 1463/3611/433 1457/3612/432
f 1461/3613/434 1459/3614/435 1458/3615/435 1464/3616/434
f 1472/3617/436 1469/3618/436 1465/3619/58 1468/3620/58
f 1470/3621/437 1471/3622/437 1467/3623/60 1466/3624/60
f 1476/3625/438 1469/3618/436 1472/3617/436 1473/3626/438
f 1474/3627/439 1471/3622/437 1470/3621/437 1475/3628/439
f 1462/3610/433 1476/3629/438 1473/3630/438 1463/3611/433
f 1464/3616/434 1474/3631/439 1475/3632/439 1461/3613/434
f 1492/3633/432 1494/3634/440 1495/3635/440 1489/3636/432
f 1493/3637/441 1491/3638/435 1490/3639/435 1496/3640/441
f 1504/3641/442 1501/3642/442 1497/3643/60 1500/3644/60
f 1502/3645/443 1503/3646/443 1499/3647/58 1498/3648/58
f 1508/3649/444 1501/3642/442 1504/3641/442 1505/3650/444
f 1506/3651/445 1503/3646/443 1502/3645/443 1507/3652/445
f 1494/3634/440 1508/3653/444 1505/3654/444 1495/3635/440
f 1496/3640/441 1506/3655/445 1507/3656/445 1493/3637/441
f 1522/3657/432 1521/3658/432 1527/3659/440 1525/3660/440
f 1526/3661/441 1528/3662/441 1524/3663/435 1523/3664/435
f 1536/3665/442 1530/3666/60 1529/3667/60 1533/3668/442
f 1534/3669/443 1532/3670/58 1531/3671/58 1535/3672/443
f 1540/3673/444 1537/3674/444 1536/3665/442 1533/3668/442
f 1538/3675/445 1539/3676/445 1534/3669/443 1535/3672/443
f 1525/3660/440 1527/3659/440 1537/3677/444 1540/3678/444
f 1528/3662/441 1526/3661/441 1539/3679/445 1538/3680/445
f 1554/3681/432 1553/3682/432 1559/3683/433 1557/3684/433
f 1558/3685/434 1560/3686/434 1556/3687/435 1555/3688/435
f 1568/3689/436 1562/3690/58 1561/3691/58 1565/3692/436
f 1566/3693/437 1564/3694/60 1563/3695/60 1567/3696/437
f 1572/3697/446 1569/3698/438 1568/3689/436 1565/3692/436
f 1570/3699/439 1571/3700/439 1566/3693/437 1567/3696/437
f 1557/3684/433 1559/3683/433 1569/3701/438 1572/3702/446
f 1560/3686/434 1558/3685/434 1571/3703/439 1570/3704/439
