# Blender v2.78 (sub 0) OBJ File: 'RailSwitchRightEnding.blend'
# www.blender.org
mtllib RailSwitchLeftEnding.mtl
o Cube.001_Cube.002
v -13.000000 0.200000 5.000000
v -13.000000 -0.500000 5.000000
v -13.000000 -0.500000 3.000000
v -13.000000 0.200000 3.000000
v 0.000000 0.200000 3.000000
v 0.000000 0.200000 5.000000
v 0.000000 -0.500000 5.000000
v 0.000000 -0.500000 3.000000
v -8.000000 0.200000 5.000000
v -8.000000 0.200000 3.000000
v -5.000000 0.200000 3.000000
v -5.000000 0.200000 5.000000
v -9.234006 0.500000 5.000000
v -9.234006 0.500000 3.000000
v -3.765994 0.500000 5.000000
v -3.765994 0.500000 3.000000
v -11.765995 0.500000 3.000000
v -11.765995 0.500000 5.000000
v -1.234006 0.500000 3.000000
v -1.234006 0.500000 5.000000
v -22.368294 0.200000 -39.285118
v -22.368294 -0.500000 -39.285118
v -23.291794 -0.500000 -41.059143
v -23.291794 0.200000 -41.059143
v -11.760651 0.200000 -47.061878
v -10.837166 0.200000 -45.287849
v -10.837166 -0.500000 -45.287849
v -11.760651 -0.500000 -47.061878
v -17.933243 0.200000 -41.593864
v -18.856743 0.200000 -43.367882
v -16.195709 0.200000 -44.753128
v -15.272217 0.200000 -42.979111
v -19.027824 0.500000 -41.024063
v -19.951317 0.500000 -42.798088
v -14.177628 0.500000 -43.548904
v -15.101135 0.500000 -45.322933
v -22.197205 0.500000 -41.628944
v -21.273720 0.500000 -39.854919
v -12.855217 0.500000 -46.492077
v -11.931740 0.500000 -44.718048
v -8.369438 0.500000 -36.872227
v -9.134781 0.500000 -38.719990
v -18.099716 0.500000 -32.841812
v -18.865067 0.500000 -34.689575
v -11.474045 0.500000 -37.751041
v -10.708679 0.500000 -35.903278
v -16.525833 0.500000 -35.658524
v -15.760468 0.500000 -33.810764
v -11.848755 0.200000 -35.431049
v -12.614120 0.200000 -37.278805
v -15.385757 0.200000 -36.130756
v -14.620392 0.200000 -34.282997
v -7.994720 -0.500000 -39.192226
v -7.229362 -0.500000 -37.344463
v -7.229362 0.200000 -37.344463
v -7.994720 0.200000 -39.192226
v -20.005150 0.200000 -34.217339
v -20.005150 -0.500000 -34.217339
v -19.239784 -0.500000 -32.369579
v -19.239784 0.200000 -32.369579
v -16.725914 0.200000 -25.207687
v -16.725914 -0.500000 -25.207687
v -17.327324 -0.500000 -27.115122
v -17.327324 0.200000 -27.115122
v -4.929001 0.200000 -31.024300
v -4.327599 0.200000 -29.116861
v -4.327599 -0.500000 -29.116861
v -4.929001 -0.500000 -31.024300
v -11.957329 0.200000 -26.711216
v -12.558739 0.200000 -28.618652
v -9.697586 0.200000 -29.520767
v -9.096176 0.200000 -27.613335
v -13.134224 0.500000 -26.340143
v -13.735634 0.500000 -28.247578
v -7.919281 0.500000 -27.984406
v -8.520691 0.500000 -29.891842
v -16.150421 0.500000 -27.486197
v -15.549026 0.500000 -25.578760
v -6.105888 0.500000 -30.653223
v -5.504494 0.500000 -28.745789
v -3.358719 0.500000 -20.400576
v -3.791588 0.500000 -22.353168
v -13.641052 0.500000 -18.121038
v -14.073914 0.500000 -20.073631
v -6.263550 0.500000 -21.805149
v -5.830681 0.500000 -19.852554
v -11.601959 0.500000 -20.621653
v -11.169083 0.500000 -18.669060
v -7.035431 0.200000 -19.585466
v -7.468307 0.200000 -21.538059
v -10.397202 0.200000 -20.888741
v -9.964325 0.200000 -18.936148
v -2.586830 -0.500000 -22.620258
v -2.153961 -0.500000 -20.667664
v -2.153961 0.200000 -20.667664
v -2.586830 0.200000 -22.620258
v -15.278679 0.200000 -19.806541
v -15.278679 -0.500000 -19.806541
v -14.845802 -0.500000 -17.853951
v -14.845802 0.200000 -17.853951
v -13.613770 0.200000 -10.364333
v -13.613770 -0.500000 -10.364333
v -13.874817 -0.500000 -12.347223
v -13.874817 0.200000 -12.347223
v -0.986031 0.200000 -14.044064
v -0.724991 0.200000 -12.061173
v -0.724991 -0.500000 -12.061173
v -0.986031 -0.500000 -14.044064
v -8.656548 0.200000 -11.016964
v -8.917595 0.200000 -12.999855
v -5.943260 0.200000 -13.391433
v -5.682205 0.200000 -11.408543
v -9.879997 0.500000 -10.855894
v -10.141045 0.500000 -12.838783
v -4.458755 0.500000 -11.569613
v -4.719810 0.500000 -13.552504
v -12.651360 0.500000 -12.508294
v -12.390320 0.500000 -10.525404
v -2.209480 0.500000 -13.882994
v -1.948441 0.500000 -11.900103
v -1.284393 0.500000 -3.309064
v -1.371628 0.500000 -5.307160
v -11.806351 0.500000 -2.849665
v -11.893585 0.500000 -4.847762
v -3.901199 0.500000 -5.196717
v -3.813965 0.500000 -3.198620
v -9.364014 0.500000 -4.958205
v -9.276779 0.500000 -2.960109
v -5.046799 0.200000 -3.144794
v -5.134033 0.200000 -5.142890
v -8.131180 0.200000 -5.012032
v -8.043945 0.200000 -3.013936
v -0.138794 -0.500000 -5.360987
v -0.051559 -0.500000 -3.362890
v -0.051559 0.200000 -3.362890
v -0.138794 0.200000 -5.360987
v -13.126419 0.200000 -4.793935
v -13.126419 -0.500000 -4.793935
v -13.039185 -0.500000 -2.795838
v -13.039185 0.200000 -2.795838
vt 0.7015 0.6154
vt 0.7015 0.3846
vt 0.5970 1.0000
vt 0.2985 0.3846
vt 0.5970 0.3846
vt 0.5970 0.2897
vt 0.2985 0.2897
vt 0.7910 0.3846
vt 0.8955 0.0000
vt 0.7463 0.2897
vt 1.0000 0.3077
vt 1.0000 0.1538
vt 0.8955 0.1538
vt 0.8955 0.3077
vt 0.5970 0.0000
vt 0.7463 0.7103
vt 0.8955 1.0000
vt 0.7910 0.6154
vt 0.7463 0.7103
vt 0.5970 0.0949
vt 0.2985 0.0949
vt 0.0000 1.0000
vt 0.2985 1.0000
vt 0.2985 0.0000
vt 0.0000 0.0000
vt 0.7910 0.0000
vt 0.7463 0.0949
vt 0.7463 0.9051
vt 0.7015 1.0000
vt 0.2985 0.9051
vt 0.2985 1.0000
vt 0.5970 1.0000
vt 0.5970 0.9051
vt 1.0000 0.1538
vt 1.0000 0.0000
vt 0.8955 0.0000
vt 0.8955 0.1538
vt 0.5970 0.7103
vt 0.2985 0.7103
vt 0.7463 0.9051
vt 0.7910 1.0000
vt 0.2985 0.6154
vt 0.5970 0.6154
vt 0.7015 0.0000
vt 0.7463 0.0949
vt 0.7463 0.2897
vt 0.5970 0.0000
vt 0.2985 0.0000
vt 0.5970 0.0949
vt 0.5970 0.0000
vt 0.2985 0.0000
vt 0.2985 0.0949
vt 0.2985 0.9051
vt 0.2985 1.0000
vt 0.5970 1.0000
vt 0.5970 0.9051
vt 0.2985 0.3846
vt 0.5970 0.3846
vt 0.5970 0.2897
vt 0.2985 0.2897
vt 0.7015 0.0000
vt 0.5970 0.0000
vt 0.7463 0.0949
vt 0.7015 0.6154
vt 0.7015 0.3846
vt 0.5970 1.0000
vt 0.2985 0.7103
vt 0.5970 0.7103
vt 0.5970 0.6154
vt 0.2985 0.6154
vt 1.0000 0.1538
vt 1.0000 0.0000
vt 0.8955 0.0000
vt 0.8955 0.1538
vt 0.7463 0.9051
vt 0.7015 1.0000
vt 0.7463 0.2897
vt 1.0000 0.3077
vt 1.0000 0.1538
vt 0.8955 0.1538
vt 0.8955 0.3077
vt 0.8955 1.0000
vt 0.7910 0.3846
vt 0.7910 0.6154
vt 0.8955 0.0000
vt 0.7463 0.2897
vt 0.7463 0.0949
vt 0.7463 0.7103
vt 0.7910 0.0000
vt 0.7463 0.7103
vt 0.0000 1.0000
vt 0.2985 1.0000
vt 0.2985 0.0000
vt 0.0000 0.0000
vt 0.7463 0.9051
vt 0.7910 1.0000
vt 0.7463 0.2897
vt 0.8955 0.0000
vt 0.7463 0.0949
vt 0.5970 0.0949
vt 0.5970 0.0000
vt 0.2985 0.0000
vt 0.2985 0.0949
vt 0.7463 0.9051
vt 0.5970 1.0000
vt 0.7015 1.0000
vt 0.2985 0.9051
vt 0.2985 1.0000
vt 0.5970 1.0000
vt 0.5970 0.9051
vt 0.5970 0.0000
vt 0.7015 0.3846
vt 0.7463 0.2897
vt 0.7463 0.7103
vt 0.7910 0.3846
vt 0.8955 1.0000
vt 0.7015 0.6154
vt 0.7015 0.0000
vt 0.7463 0.0949
vt 0.7463 0.9051
vt 0.7910 1.0000
vt 0.7910 0.0000
vt 0.5970 0.7103
vt 0.2985 0.7103
vt 1.0000 0.1538
vt 1.0000 0.0000
vt 0.8955 0.0000
vt 0.8955 0.1538
vt 0.7463 0.7103
vt 0.2985 0.6154
vt 0.5970 0.6154
vt 0.5970 0.3846
vt 0.2985 0.3846
vt 0.7910 0.6154
vt 0.2985 0.2897
vt 0.5970 0.2897
vt 0.0000 1.0000
vt 0.2985 1.0000
vt 0.2985 0.0000
vt 0.0000 0.0000
vt 1.0000 0.3077
vt 1.0000 0.1538
vt 0.8955 0.1538
vt 0.8955 0.3077
vt 0.7015 0.6154
vt 0.7015 0.3846
vt 0.5970 1.0000
vt 0.7910 0.3846
vt 0.8955 0.0000
vt 0.7463 0.2897
vt 0.5970 0.0000
vt 0.2985 0.9051
vt 0.2985 1.0000
vt 0.5970 1.0000
vt 0.5970 0.9051
vt 1.0000 0.1538
vt 1.0000 0.0000
vt 0.8955 0.0000
vt 0.8955 0.1538
vt 0.7015 0.0000
vt 0.7463 0.0949
vt 0.2985 0.2897
vt 0.5970 0.2897
vt 0.5970 0.0949
vt 0.2985 0.0949
vt 0.7910 0.0000
vt 0.7463 0.0949
vt 0.2985 0.6154
vt 0.5970 0.6154
vt 0.5970 0.3846
vt 0.2985 0.3846
vt 0.7463 0.2897
vt 0.5970 0.0000
vt 0.2985 0.0000
vt 1.0000 0.3077
vt 1.0000 0.1538
vt 0.8955 0.1538
vt 0.8955 0.3077
vt 0.7463 0.9051
vt 0.7015 1.0000
vt 0.8955 1.0000
vt 0.7910 0.6154
vt 0.7463 0.7103
vt 0.7463 0.9051
vt 0.7910 1.0000
vt 0.0000 1.0000
vt 0.2985 1.0000
vt 0.2985 0.0000
vt 0.0000 0.0000
vt 0.7463 0.7103
vt 0.5970 0.7103
vt 0.2985 0.7103
vt 1.0000 0.1538
vt 1.0000 0.0000
vt 0.8955 0.0000
vt 0.8955 0.1538
vt 0.5970 0.0000
vt 0.7015 0.3846
vt 0.7463 0.2897
vt 0.7015 0.6154
vt 0.5970 1.0000
vt 0.7463 0.7103
vt 0.7910 0.0000
vt 0.7463 0.0949
vt 0.8955 0.0000
vt 0.0000 1.0000
vt 0.2985 1.0000
vt 0.2985 0.0000
vt 0.0000 0.0000
vt 0.7463 0.9051
vt 0.8955 1.0000
vt 0.7463 0.7103
vt 0.2985 0.9051
vt 0.2985 1.0000
vt 0.5970 1.0000
vt 0.5970 0.9051
vt 0.7463 0.9051
vt 0.7015 1.0000
vt 0.2985 0.7103
vt 0.5970 0.7103
vt 0.5970 0.6154
vt 0.2985 0.6154
vt 1.0000 0.3077
vt 1.0000 0.1538
vt 0.8955 0.1538
vt 0.8955 0.3077
vt 0.7910 0.3846
vt 0.7910 0.6154
vt 0.7463 0.0949
vt 0.5970 0.3846
vt 0.2985 0.3846
vt 0.7910 1.0000
vt 0.7463 0.2897
vt 0.5970 0.0949
vt 0.5970 0.0000
vt 0.2985 0.0000
vt 0.2985 0.0949
vt 0.7015 0.0000
vt 0.2985 0.2897
vt 0.5970 0.2897
vt 0.8955 1.0000
vt 0.7910 0.6154
vt 0.7463 0.7103
vt 0.5970 0.0949
vt 0.5970 0.0000
vt 0.2985 0.0000
vt 0.2985 0.0949
vt 1.0000 0.1538
vt 1.0000 0.0000
vt 0.8955 0.0000
vt 0.8955 0.1538
vt 0.0000 1.0000
vt 0.2985 1.0000
vt 0.2985 0.0000
vt 0.0000 0.0000
vt 0.7463 0.0949
vt 0.5970 0.0000
vt 0.7463 0.2897
vt 0.7910 0.3846
vt 0.8955 0.0000
vt 0.7463 0.7103
vt 0.5970 1.0000
vt 0.7463 0.9051
vt 0.7015 0.0000
vt 0.2985 0.9051
vt 0.5970 0.9051
vt 0.5970 0.7103
vt 0.2985 0.7103
vt 0.7463 0.2897
vt 0.7015 0.6154
vt 0.7015 0.3846
vt 0.7015 1.0000
vt 1.0000 0.3077
vt 1.0000 0.1538
vt 0.8955 0.1538
vt 0.8955 0.3077
vt 0.2985 0.2897
vt 0.5970 0.2897
vt 0.2985 0.6154
vt 0.5970 0.6154
vt 0.5970 0.3846
vt 0.2985 0.3846
vt 0.7463 0.0949
vt 0.7910 0.0000
vt 0.7463 0.9051
vt 0.7910 1.0000
vt 0.2985 1.0000
vt 0.5970 1.0000
vt 0.7463 0.7103
vt 0.5970 1.0000
vt 0.7463 0.9051
vt 1.0000 0.3077
vt 1.0000 0.1538
vt 0.8955 0.1538
vt 0.8955 0.3077
vt 0.7463 0.9051
vt 0.8955 1.0000
vt 0.7463 0.7103
vt 0.7910 0.6154
vt 0.0000 1.0000
vt 0.2985 1.0000
vt 0.2985 0.0000
vt 0.0000 0.0000
vt 0.2985 0.6154
vt 0.5970 0.6154
vt 0.5970 0.3846
vt 0.2985 0.3846
vt 0.7015 0.3846
vt 0.5970 0.0000
vt 0.7463 0.0949
vt 0.7463 0.2897
vt 0.7015 0.6154
vt 0.5970 0.0949
vt 0.5970 0.0000
vt 0.2985 0.0000
vt 0.2985 0.0949
vt 0.2985 0.9051
vt 0.5970 0.9051
vt 0.5970 0.7103
vt 0.2985 0.7103
vt 0.5970 0.2897
vt 0.2985 0.2897
vt 0.7463 0.2897
vt 0.8955 0.0000
vt 0.7463 0.0949
vt 0.7910 1.0000
vt 0.7015 1.0000
vt 0.7910 0.0000
vt 0.7015 0.0000
vt 0.2985 1.0000
vt 0.5970 1.0000
vt 0.7910 0.3846
vt 1.0000 0.1538
vt 1.0000 0.0000
vt 0.8955 0.0000
vt 0.8955 0.1538
vn 0.0000 0.0000 1.0000
vn -0.2362 0.9717 0.0000
vn 0.0000 0.0000 -1.0000
vn -1.0000 0.0000 0.0000
vn 0.0000 1.0000 0.0000
vn 0.0000 -1.0000 0.0000
vn 1.0000 0.0000 0.0000
vn 0.2362 0.9717 0.0000
vn 0.2095 0.9717 -0.1091
vn -0.2095 0.9717 0.1091
vn 0.4617 0.0000 0.8870
vn 0.8870 0.0000 -0.4617
vn 0.4618 0.0000 0.8870
vn -0.8870 0.0000 0.4617
vn -0.4617 0.0000 -0.8870
vn -0.4618 0.0000 -0.8870
vn -0.3827 0.0000 -0.9239
vn 0.2182 0.9717 -0.0904
vn 0.3827 0.0000 0.9239
vn -0.2182 0.9717 0.0904
vn 0.9239 0.0000 -0.3827
vn -0.9239 0.0000 0.3827
vn 0.3007 0.0000 0.9537
vn -0.3007 0.0000 -0.9537
vn -0.2253 0.9717 0.0710
vn 0.9537 0.0000 -0.3007
vn 0.2253 0.9717 -0.0710
vn -0.9537 0.0000 0.3007
vn 0.9763 0.0000 -0.2164
vn 0.2164 0.0000 0.9763
vn -0.2164 0.0000 -0.9763
vn -0.2306 0.9717 0.0511
vn 0.2306 0.9717 -0.0511
vn -0.9763 0.0000 0.2164
vn -0.1305 -0.0000 -0.9914
vn 0.2342 0.9717 -0.0308
vn 0.9914 0.0000 -0.1305
vn 0.1305 0.0000 0.9914
vn -0.9914 0.0000 0.1305
vn -0.2342 0.9717 0.0308
vn 0.0436 0.0000 0.9990
vn -0.9990 0.0000 0.0436
vn -0.0436 -0.0000 -0.9990
vn 0.2360 0.9717 -0.0103
vn -0.2360 0.9717 0.0103
vn 0.9990 0.0000 -0.0436
usemtl Material
s off
f 12/1/1 9/2/1 7/3/1
f 11/4/2 12/5/2 15/6/2 16/7/2
f 10/8/3 3/9/3 14/10/3
f 3/11/4 2/12/4 1/13/4 4/14/4
f 7/3/1 9/2/1 2/15/1
f 12/1/1 7/3/1 15/16/1
f 8/17/3 11/18/3 16/19/3
f 10/8/3 8/17/3 3/9/3
f 16/7/5 15/6/5 20/20/5 19/21/5
f 8/22/6 7/23/6 2/24/6 3/25/6
f 4/26/3 17/27/3 3/9/3
f 15/16/1 7/3/1 20/28/1
f 20/28/1 7/3/1 6/29/1
f 17/30/2 4/31/2 1/32/2 18/33/2
f 7/34/7 8/35/7 5/36/7 6/37/7
f 17/30/5 18/33/5 13/38/5 14/39/5
f 8/17/3 19/40/3 5/41/3
f 19/40/3 8/17/3 16/19/3
f 10/42/5 9/43/5 12/5/5 11/4/5
f 8/17/3 10/8/3 11/18/3
f 14/10/3 3/9/3 17/27/3
f 1/44/1 2/15/1 18/45/1
f 14/39/8 13/38/8 9/43/8 10/42/8
f 18/45/1 2/15/1 13/46/1
f 20/20/8 6/47/8 5/48/8 19/21/8
f 2/15/1 9/2/1 13/46/1
f 40/49/9 26/50/9 25/51/9 39/52/9
f 37/53/10 24/54/10 21/55/10 38/56/10
f 31/57/10 32/58/10 35/59/10 36/60/10
f 21/61/11 22/62/11 38/63/11
f 32/64/11 29/65/11 27/66/11
f 34/67/9 33/68/9 29/69/9 30/70/9
f 37/53/5 38/56/5 33/68/5 34/67/5
f 27/71/12 28/72/12 25/73/12 26/74/12
f 40/75/13 27/66/13 26/76/13
f 22/62/11 29/65/11 33/77/11
f 23/78/14 22/79/14 21/80/14 24/81/14
f 28/82/15 30/83/15 31/84/15
f 30/83/15 23/85/15 34/86/15
f 34/86/16 23/85/16 37/87/16
f 32/64/11 27/66/11 35/88/11
f 35/88/13 27/66/13 40/75/13
f 30/70/5 29/69/5 32/58/5 31/57/5
f 38/63/13 22/62/13 33/77/13
f 30/83/15 28/82/15 23/85/15
f 24/89/15 37/87/15 23/85/15
f 28/82/16 31/84/16 36/90/16
f 36/60/5 35/59/5 40/49/5 39/52/5
f 27/66/11 29/65/11 22/62/11
f 28/91/6 27/92/6 22/93/6 23/94/6
f 28/82/16 39/95/16 25/96/16
f 39/95/15 28/82/15 36/90/15
f 47/97/17 58/98/17 44/99/17
f 41/100/18 55/101/18 56/102/18 42/103/18
f 41/104/19 54/105/19 55/106/19
f 44/107/20 57/108/20 60/109/20 43/110/20
f 59/111/19 52/112/19 48/113/19
f 46/114/19 54/105/19 41/104/19
f 51/115/17 53/116/17 58/98/17
f 54/105/19 52/112/19 59/111/19
f 49/117/19 54/105/19 46/114/19
f 60/118/19 59/111/19 43/119/19
f 53/116/17 42/120/17 56/121/17
f 57/122/17 44/99/17 58/98/17
f 44/107/5 43/110/5 48/123/5 47/124/5
f 54/125/21 53/126/21 56/127/21 55/128/21
f 42/120/17 53/116/17 45/129/17
f 51/130/5 52/131/5 49/132/5 50/133/5
f 51/115/17 58/98/17 47/97/17
f 53/116/17 50/134/17 45/129/17
f 53/116/17 51/115/17 50/134/17
f 43/119/19 59/111/19 48/113/19
f 45/135/5 46/136/5 41/100/5 42/103/5
f 53/137/6 54/138/6 59/139/6 58/140/6
f 50/133/20 49/132/20 46/136/20 45/135/20
f 47/124/18 48/123/18 52/131/18 51/130/18
f 49/117/19 52/112/19 54/105/19
f 58/141/22 59/142/22 60/143/22 57/144/22
f 72/145/23 69/146/23 67/147/23
f 70/148/24 63/149/24 74/150/24
f 67/147/23 69/146/23 62/151/23
f 77/152/25 64/153/25 61/154/25 78/155/25
f 67/156/26 68/157/26 65/158/26 66/159/26
f 61/160/23 62/151/23 78/161/23
f 76/162/5 75/163/5 80/164/5 79/165/5
f 64/166/24 77/167/24 63/149/24
f 70/168/5 69/169/5 72/170/5 71/171/5
f 78/161/23 62/151/23 73/172/23
f 71/171/25 72/170/25 75/163/25 76/162/25
f 80/164/27 66/173/27 65/174/27 79/165/27
f 63/175/28 62/176/28 61/177/28 64/178/28
f 80/179/23 67/147/23 66/180/23
f 68/181/24 71/182/24 76/183/24
f 74/150/24 63/149/24 77/167/24
f 79/184/24 68/181/24 76/183/24
f 68/181/24 79/184/24 65/185/24
f 68/186/6 67/187/6 62/188/6 63/189/6
f 70/148/24 68/181/24 63/149/24
f 68/181/24 70/148/24 71/182/24
f 75/190/23 67/147/23 80/179/23
f 72/145/23 67/147/23 75/190/23
f 77/152/5 78/155/5 73/191/5 74/192/5
f 62/151/23 69/146/23 73/172/23
f 74/192/27 73/191/27 69/169/27 70/168/27
f 94/193/29 93/194/29 96/195/29 95/196/29
f 99/197/30 92/198/30 88/199/30
f 89/200/30 94/201/30 86/202/30
f 97/203/31 84/204/31 98/205/31
f 93/206/6 94/207/6 99/208/6 98/209/6
f 82/210/31 93/211/31 85/212/31
f 84/213/32 97/214/32 100/215/32 83/216/32
f 81/217/30 94/201/30 95/218/30
f 94/201/30 92/198/30 99/197/30
f 87/219/33 88/220/33 92/221/33 91/222/33
f 98/223/34 99/224/34 100/225/34 97/226/34
f 93/211/31 91/227/31 90/228/31
f 83/229/30 99/197/30 88/199/30
f 89/200/30 92/198/30 94/201/30
f 91/222/5 92/221/5 89/230/5 90/231/5
f 93/211/31 82/210/31 96/232/31
f 91/227/31 98/205/31 87/233/31
f 81/234/33 95/235/33 96/236/33 82/237/33
f 91/227/31 93/211/31 98/205/31
f 86/202/30 94/201/30 81/217/30
f 84/213/5 83/216/5 88/220/5 87/219/5
f 100/238/30 99/197/30 83/229/30
f 85/239/5 86/240/5 81/234/5 82/237/5
f 87/233/31 98/205/31 84/204/31
f 90/231/32 89/230/32 86/240/32 85/239/32
f 93/211/31 90/228/31 85/212/31
f 108/241/35 111/242/35 116/243/35
f 120/244/36 106/245/36 105/246/36 119/247/36
f 107/248/37 108/249/37 105/250/37 106/251/37
f 108/252/6 107/253/6 102/254/6 103/255/6
f 118/256/38 102/257/38 113/258/38
f 110/259/35 108/241/35 103/260/35
f 115/261/38 107/262/38 120/263/38
f 101/264/38 102/257/38 118/256/38
f 117/265/5 118/266/5 113/267/5 114/268/5
f 110/259/35 103/260/35 114/269/35
f 112/270/38 109/271/38 107/262/38
f 120/263/38 107/262/38 106/272/38
f 107/262/38 109/271/38 102/257/38
f 103/273/39 102/274/39 101/275/39 104/276/39
f 108/241/35 110/259/35 111/242/35
f 116/277/5 115/278/5 120/244/5 119/247/5
f 112/270/38 107/262/38 115/261/38
f 110/279/5 109/280/5 112/281/5 111/282/5
f 114/269/35 103/260/35 117/283/35
f 104/284/35 117/283/35 103/260/35
f 114/268/36 113/267/36 109/280/36 110/279/36
f 111/282/40 112/281/40 115/278/40 116/277/40
f 108/241/35 119/285/35 105/286/35
f 117/265/40 104/287/40 101/288/40 118/266/40
f 102/257/38 109/271/38 113/258/38
f 119/285/35 108/241/35 116/243/35
f 126/289/41 134/290/41 121/291/41
f 138/292/42 139/293/42 140/294/42 137/295/42
f 122/296/43 133/297/43 125/298/43
f 133/297/43 130/299/43 125/298/43
f 133/300/6 134/301/6 139/302/6 138/303/6
f 131/304/5 132/305/5 129/306/5 130/307/5
f 134/290/41 132/308/41 139/309/41
f 123/310/41 139/309/41 128/311/41
f 129/312/41 132/308/41 134/290/41
f 121/313/44 135/314/44 136/315/44 122/316/44
f 124/317/5 123/318/5 128/319/5 127/320/5
f 130/307/45 129/306/45 126/321/45 125/322/45
f 127/323/43 138/324/43 124/325/43
f 133/297/43 122/296/43 136/326/43
f 121/291/41 134/290/41 135/327/41
f 139/309/41 132/308/41 128/311/41
f 127/320/44 128/319/44 132/305/44 131/304/44
f 137/328/43 124/325/43 138/324/43
f 140/329/41 139/309/41 123/310/41
f 124/317/45 137/330/45 140/331/45 123/318/45
f 131/332/43 133/297/43 138/324/43
f 125/322/5 126/321/5 121/313/5 122/316/5
f 131/332/43 138/324/43 127/323/43
f 129/312/41 134/290/41 126/289/41
f 134/333/46 133/334/46 136/335/46 135/336/46
f 133/297/43 131/332/43 130/299/43
o Cube
v -3.021119 0.500000 0.000000
v -1.978881 0.500000 -0.000002
v -3.021119 0.587549 0.000000
v -1.978881 0.587549 -0.000002
v -2.708235 0.733564 0.000000
v -2.291765 0.733564 -0.000002
v -2.797318 2.000000 0.000008
v -2.202682 2.000000 -0.000002
v -2.934476 1.511428 0.000004
v -2.969422 1.600824 0.000004
v -2.030577 1.600824 -0.000002
v -2.065523 1.511428 -0.000002
v -2.969422 1.899785 0.000008
v -2.936016 1.955686 0.000008
v -2.063983 1.955686 -0.000004
v -2.030577 1.899785 -0.000004
v -2.708235 1.388508 0.000004
v -2.741135 1.447889 0.000004
v -2.258865 1.447889 -0.000002
v -2.291765 1.388508 -0.000002
v -2.234654 0.640296 4.405161
v -2.234654 0.734636 4.405161
v -2.234654 0.640296 3.594839
v -2.234654 0.734636 3.594839
v -1.773540 0.640296 4.405161
v -1.773540 0.734636 4.405161
v -1.773540 0.640296 3.594839
v -1.773540 0.734636 3.594839
v -1.555658 0.566755 3.594839
v -1.649999 0.566755 3.594839
v -1.649999 0.566755 4.405161
v -1.555658 0.566755 4.405161
v -1.555658 0.484749 3.594839
v -1.649999 0.484749 3.594839
v -1.649999 0.484749 4.405161
v -1.555658 0.484749 4.405161
v -1.688008 0.617412 3.594839
v -1.688008 0.617412 4.405161
v -1.631908 0.693260 4.405161
v -1.631908 0.693260 3.594839
v -1.887390 0.449168 3.900000
v -1.973993 0.449168 3.950000
v -1.973993 0.449168 4.050000
v -1.887390 0.449168 4.100000
v -1.800788 0.449168 4.050000
v -1.800788 0.449168 3.950000
v -1.973993 0.827737 3.950000
v -1.887390 0.827737 3.900000
v -1.973993 0.827737 4.050000
v -1.887390 0.827737 4.100000
v -1.800788 0.827737 4.050000
v -1.800788 0.827737 3.950000
v -2.768038 0.640296 3.594839
v -2.768038 0.734636 3.594839
v -2.768038 0.640296 4.405161
v -2.768038 0.734636 4.405161
v -3.229153 0.640296 3.594839
v -3.229153 0.734636 3.594839
v -3.229153 0.640296 4.405161
v -3.229153 0.734636 4.405161
v -3.447034 0.566755 4.405161
v -3.352694 0.566755 4.405161
v -3.352694 0.566755 3.594839
v -3.447034 0.566755 3.594839
v -3.447034 0.484749 4.405161
v -3.352694 0.484749 4.405161
v -3.352694 0.484749 3.594839
v -3.447034 0.484749 3.594839
v -3.314684 0.617412 4.405161
v -3.314684 0.617412 3.594839
v -3.370783 0.693260 3.594839
v -3.370783 0.693260 4.405161
v -3.115301 0.449168 4.100000
v -3.028699 0.449168 4.050000
v -3.028699 0.449168 3.950000
v -3.115301 0.449168 3.900000
v -3.201904 0.449168 3.950000
v -3.201904 0.449168 4.050000
v -3.028699 0.827737 4.050000
v -3.115301 0.827737 4.100000
v -3.028699 0.827737 3.950000
v -3.115301 0.827737 3.900000
v -3.201904 0.827737 3.950000
v -3.201904 0.827737 4.050000
v -11.201904 0.827737 4.050000
v -11.201904 0.827737 3.950000
v -11.115301 0.827737 3.900000
v -11.028698 0.827737 3.950000
v -11.115301 0.827737 4.100000
v -11.028698 0.827737 4.050000
v -11.201904 0.449168 4.050000
v -11.201904 0.449168 3.950000
v -11.115301 0.449168 3.900000
v -11.028698 0.449168 3.950000
v -11.028698 0.449168 4.050000
v -11.115301 0.449168 4.100000
v -11.370783 0.693260 4.405161
v -11.370783 0.693260 3.594839
v -11.314684 0.617412 3.594839
v -11.314684 0.617412 4.405161
v -11.447033 0.484749 3.594839
v -11.352694 0.484749 3.594839
v -11.352694 0.484749 4.405161
v -11.447033 0.484749 4.405161
v -11.447033 0.566755 3.594839
v -11.352694 0.566755 3.594839
v -11.352694 0.566755 4.405161
v -11.447033 0.566755 4.405161
v -11.229153 0.734636 4.405161
v -11.229153 0.640296 4.405161
v -11.229153 0.734636 3.594839
v -11.229153 0.640296 3.594839
v -10.768038 0.734636 4.405161
v -10.768038 0.640296 4.405161
v -10.768038 0.734636 3.594839
v -10.768038 0.640296 3.594839
v -9.978882 0.500000 -0.000002
v -11.021118 0.587549 -0.000002
v -9.978882 0.587549 -0.000002
v -10.291765 0.733564 -0.000002
v -10.969423 1.600824 0.000001
v -10.065525 1.511428 -0.000002
v -10.969423 1.899785 -0.000002
v -10.030579 1.899785 -0.000002
v -10.741135 1.447889 0.000001
v -10.291765 1.388508 -0.000002
v -11.021118 0.500000 -0.000002
v -10.708235 0.733564 -0.000002
v -10.934477 1.511428 0.000001
v -10.030579 1.600824 -0.000002
v -10.202682 2.000000 -0.000002
v -10.797318 2.000000 -0.000002
v -10.936016 1.955686 -0.000002
v -10.063984 1.955686 -0.000002
v -10.708235 1.388508 0.000001
v -10.258865 1.447889 -0.000002
v -11.359711 0.500000 -7.755023
v -10.321434 0.500000 -7.845859
v -11.359711 0.587549 -7.755023
v -10.321434 0.587549 -7.845859
v -11.048019 0.733564 -7.782292
v -10.633125 0.733564 -7.818590
v -11.308205 1.600824 -7.759524
v -11.273399 1.511428 -7.762570
v -10.407745 1.511428 -7.838308
v -10.372940 1.600824 -7.841353
v -10.544388 2.000000 -7.826354
v -11.136757 2.000000 -7.774528
v -11.308205 1.899785 -7.759528
v -11.274933 1.955686 -7.762439
v -10.406212 1.955686 -7.838442
v -10.372940 1.899785 -7.841353
v -11.080788 1.447889 -7.779421
v -11.048019 1.388508 -7.782288
v -10.633125 1.388508 -7.818590
v -10.600357 1.447889 -7.821457
v -12.372910 0.500000 -15.451022
v -11.346504 0.500000 -15.632005
v -12.372910 0.587549 -15.451022
v -11.346504 0.587549 -15.632005
v -12.064774 0.733564 -15.505354
v -11.654625 0.733564 -15.577674
v -12.321983 1.600824 -15.459995
v -12.287582 1.511428 -15.466063
v -11.431824 1.511428 -15.616961
v -11.397415 1.600824 -15.623028
v -11.566902 2.000000 -15.593142
v -12.152504 2.000000 -15.489885
v -12.321983 1.899785 -15.459999
v -12.289101 1.955686 -15.465799
v -11.430305 1.955686 -15.617228
v -11.397415 1.899785 -15.623028
v -12.097176 1.447889 -15.499638
v -12.064774 1.388508 -15.505350
v -11.654625 1.388508 -15.577674
v -11.622231 1.447889 -15.583385
v -14.052994 0.500000 -23.029430
v -13.046272 0.500000 -23.299181
v -14.052994 0.587549 -23.029430
v -13.046272 0.587549 -23.299181
v -13.750771 0.733564 -23.110413
v -13.348488 0.733564 -23.218203
v -14.003052 1.600824 -23.042809
v -13.969307 1.511428 -23.051851
v -13.129959 1.511428 -23.276758
v -13.096207 1.600824 -23.285801
v -13.262444 2.000000 -23.241257
v -13.836815 2.000000 -23.087355
v -14.003052 1.899785 -23.042812
v -13.970795 1.955686 -23.051456
v -13.128471 1.955686 -23.277157
v -13.096207 1.899785 -23.285801
v -13.782555 1.447889 -23.101892
v -13.750771 1.388508 -23.110409
v -13.348488 1.388508 -23.218203
v -13.316719 1.447889 -23.226715
v -16.387192 0.500000 -30.432571
v -15.407814 0.500000 -30.789038
v -16.387192 0.587549 -30.432571
v -15.407814 0.587549 -30.789038
v -16.093178 0.733564 -30.539585
v -15.701820 0.733564 -30.682026
v -16.338608 1.600824 -30.450251
v -16.305779 1.511428 -30.462200
v -15.489227 1.511428 -30.759405
v -15.456390 1.600824 -30.771355
v -15.618118 2.000000 -30.712492
v -16.176880 2.000000 -30.509117
v -16.338608 1.899785 -30.450254
v -16.307220 1.955686 -30.461678
v -15.487785 1.955686 -30.759933
v -15.456390 1.899785 -30.771355
v -16.124100 1.447889 -30.528328
v -16.093178 1.388508 -30.539581
v -15.701820 1.388508 -30.682026
v -15.670914 1.447889 -30.693275
v -19.357735 0.500000 -37.604103
v -18.413155 0.500000 -38.044571
v -19.357735 0.587549 -37.604103
v -18.413155 0.587549 -38.044571
v -19.074165 0.733564 -37.736336
v -18.696716 0.733564 -37.912342
v -19.310875 1.600824 -37.625950
v -19.279213 1.511428 -37.640717
v -18.491669 1.511428 -38.007957
v -18.459999 1.600824 -38.022720
v -18.615990 2.000000 -37.949989
v -19.154892 2.000000 -37.698685
v -19.310875 1.899785 -37.625954
v -19.280602 1.955686 -37.640068
v -18.490288 1.955686 -38.008606
v -18.459999 1.899785 -38.022720
v -19.103989 1.447889 -37.722424
v -19.074165 1.388508 -37.736332
v -18.696716 1.388508 -37.912342
v -18.666901 1.447889 -37.926243
v -9.800789 0.827737 3.950000
v -9.800789 0.827737 4.050000
v -9.887390 0.827737 4.100000
v -9.973993 0.827737 4.050000
v -9.887390 0.827737 3.900000
v -9.973993 0.827737 3.950000
v -9.800789 0.449168 3.950000
v -9.800789 0.449168 4.050000
v -9.887390 0.449168 4.100000
v -9.973993 0.449168 4.050000
v -9.973993 0.449168 3.950000
v -9.887390 0.449168 3.900000
v -9.631908 0.693260 3.594839
v -9.631908 0.693260 4.405161
v -9.688007 0.617412 4.405161
v -9.688007 0.617412 3.594839
v -9.555658 0.484749 4.405161
v -9.649998 0.484749 4.405161
v -9.649998 0.484749 3.594839
v -9.555658 0.484749 3.594839
v -9.555658 0.566755 4.405161
v -9.649998 0.566755 4.405161
v -9.649998 0.566755 3.594839
v -9.555658 0.566755 3.594839
v -9.773540 0.734636 3.594839
v -9.773540 0.640296 3.594839
v -9.773540 0.734636 4.405161
v -9.773540 0.640296 4.405161
v -10.234653 0.734636 3.594839
v -10.234653 0.640296 3.594839
v -10.234653 0.734636 4.405161
v -10.234653 0.640296 4.405161
v -3.390152 0.500000 -8.452266
v -2.351883 0.500000 -8.543105
v -3.390152 0.587549 -8.452266
v -2.351883 0.587549 -8.543105
v -3.078461 0.733564 -8.479535
v -2.663574 0.733564 -8.515836
v -3.303841 1.511428 -8.459813
v -3.338654 1.600824 -8.456768
v -2.403381 1.600824 -8.538599
v -2.438187 1.511428 -8.535554
v -2.574829 2.000000 -8.523600
v -3.167198 2.000000 -8.471764
v -3.305374 1.955686 -8.459675
v -3.338654 1.899785 -8.456764
v -2.403381 1.899785 -8.538601
v -2.436653 1.955686 -8.535689
v -3.078461 1.388508 -8.479531
v -3.111229 1.447889 -8.476665
v -2.630798 1.447889 -8.518703
v -2.663574 1.388508 -8.515836
v -4.494446 0.500000 -16.840204
v -3.468048 0.500000 -17.021191
v -4.494446 0.587549 -16.840204
v -3.468048 0.587549 -17.021191
v -4.186310 0.733564 -16.894537
v -3.776169 0.733564 -16.966858
v -4.409119 1.511428 -16.855246
v -4.443527 1.600824 -16.849178
v -3.518951 1.600824 -17.012213
v -3.553352 1.511428 -17.006145
v -3.688438 2.000000 -16.982327
v -4.274040 2.000000 -16.879061
v -4.410637 1.955686 -16.854975
v -4.443527 1.899785 -16.849174
v -3.518951 1.899785 -17.012215
v -3.551842 1.955686 -17.006414
v -4.186310 1.388508 -16.894533
v -4.218712 1.447889 -16.888821
v -3.743767 1.447889 -16.972570
v -3.776169 1.388508 -16.966858
v -6.325592 0.500000 -25.099979
v -5.318878 0.500000 -25.369736
v -6.325592 0.587549 -25.099979
v -5.318878 0.587549 -25.369736
v -6.023369 0.733564 -25.180962
v -5.621086 0.733564 -25.288754
v -6.241898 1.511428 -25.122402
v -6.275650 1.600824 -25.113358
v -5.368797 1.600824 -25.356354
v -5.402542 1.511428 -25.347313
v -5.535042 2.000000 -25.311810
v -6.109413 2.000000 -25.157898
v -6.243393 1.955686 -25.121998
v -6.275650 1.899785 -25.113354
v -5.368797 1.899785 -25.356356
v -5.401062 1.955686 -25.347710
v -6.023369 1.388508 -25.180958
v -6.055138 1.447889 -25.172443
v -5.589302 1.447889 -25.297268
v -5.621086 1.388508 -25.288754
v -8.869659 0.500000 -33.168728
v -7.890289 0.500000 -33.525200
v -8.869659 0.587549 -33.168728
v -7.890289 0.587549 -33.525200
v -8.575638 0.733564 -33.275742
v -8.184288 0.733564 -33.418186
v -8.788231 1.511428 -33.198360
v -8.821068 1.600824 -33.186409
v -7.938850 1.600824 -33.507515
v -7.971680 1.511428 -33.495571
v -8.100578 2.000000 -33.448654
v -8.659348 2.000000 -33.245270
v -8.789696 1.955686 -33.197826
v -8.821068 1.899785 -33.186405
v -7.938850 1.899785 -33.507519
v -7.970238 1.955686 -33.496094
v -8.575638 1.388508 -33.275738
v -8.606544 1.447889 -33.264488
v -8.153366 1.447889 -33.429436
v -8.184288 1.388508 -33.418186
v -12.107285 0.500000 -40.985043
v -11.162704 0.500000 -41.425518
v -12.107285 0.587549 -40.985043
v -11.162704 0.587549 -41.425518
v -11.823700 0.733564 -41.117275
v -11.446266 0.733564 -41.293285
v -12.028740 1.511428 -41.021660
v -12.060417 1.600824 -41.006893
v -11.209541 1.600824 -41.403667
v -11.241211 1.511428 -41.388908
v -11.365524 2.000000 -41.330933
v -11.904442 2.000000 -41.079624
v -12.030159 1.955686 -41.021000
v -12.060417 1.899785 -41.006889
v -11.209541 1.899785 -41.403671
v -11.239815 1.955686 -41.389557
v -11.823700 1.388508 -41.117271
v -11.853516 1.447889 -41.103374
v -11.416435 1.447889 -41.307190
v -11.446266 1.388508 -41.293285
v -22.097519 0.500010 -43.589294
v -21.152939 0.500010 -44.029762
v -22.097519 0.587559 -43.589294
v -21.152939 0.587559 -44.029762
v -21.813950 0.733574 -43.721527
v -21.436501 0.733574 -43.897533
v -22.050659 1.600834 -43.611141
v -22.018997 1.511437 -43.625908
v -21.231453 1.511437 -43.993149
v -21.199783 1.600834 -44.007912
v -21.355774 2.000010 -43.935181
v -21.894676 2.000010 -43.683876
v -22.050659 1.899794 -43.611145
v -22.020386 1.955696 -43.625259
v -21.230072 1.955696 -43.993797
v -21.199783 1.899794 -44.007912
v -21.843773 1.447899 -43.707615
v -21.813950 1.388518 -43.721523
v -21.436501 1.388518 -43.897533
v -21.406685 1.447899 -43.911434
v -14.847069 0.500010 -46.970234
v -13.902489 0.500010 -47.410709
v -14.847069 0.587559 -46.970234
v -13.902489 0.587559 -47.410709
v -14.563484 0.733574 -47.102467
v -14.186050 0.733574 -47.278477
v -14.768524 1.511437 -47.006851
v -14.800201 1.600834 -46.992085
v -13.949326 1.600834 -47.388859
v -13.980995 1.511437 -47.374100
v -14.105309 2.000010 -47.316124
v -14.644226 2.000010 -47.064816
v -14.769943 1.955696 -47.006191
v -14.800201 1.899794 -46.992081
v -13.949326 1.899794 -47.388863
v -13.979599 1.955696 -47.374748
v -14.563484 1.388518 -47.102463
v -14.593300 1.447899 -47.088566
v -14.156219 1.447899 -47.292381
v -14.186050 1.388518 -47.278477
v -3.021077 0.499994 8.000000
v -1.978838 0.499994 7.999998
v -3.021077 0.587544 8.000000
v -1.978838 0.587544 7.999998
v -2.708193 0.733559 8.000000
v -2.291722 0.733559 7.999998
v -2.934433 1.511422 8.000004
v -2.969379 1.600818 8.000004
v -2.030535 1.600818 7.999998
v -2.065481 1.511422 7.999998
v -2.202640 1.999994 7.999998
v -2.797276 1.999994 8.000008
v -2.935974 1.955680 8.000008
v -2.969379 1.899779 8.000008
v -2.030535 1.899779 7.999996
v -2.063940 1.955680 7.999996
v -2.708193 1.388503 8.000004
v -2.741093 1.447884 8.000004
v -2.258822 1.447884 7.999998
v -2.291722 1.388503 7.999998
v -9.978838 0.499994 7.999998
v -9.978838 0.587544 7.999998
v -10.291723 0.733559 7.999998
v -10.969381 1.600818 8.000002
v -10.969381 1.899779 7.999998
v -10.291723 1.388503 7.999998
v -10.202641 1.999994 7.999998
v -10.797276 1.999994 7.999998
v -10.935974 1.955680 7.999998
v -10.063942 1.955680 7.999998
v -10.708193 1.388503 8.000002
v -10.708193 0.733559 7.999998
v -10.258821 1.447884 7.999998
v -10.065481 1.511422 7.999998
v -10.934435 1.511422 8.000002
v -10.741093 1.447884 8.000002
v -10.030535 1.600818 7.999998
v -10.030535 1.899779 7.999998
v -11.021076 0.587544 7.999998
v -11.021076 0.499994 7.999998
v -2.310036 0.640296 -3.859688
v -2.310036 0.734636 -3.859688
v -2.345375 0.640296 -4.669240
v -2.345375 0.734636 -4.669240
v -1.849358 0.640296 -3.879802
v -1.849358 0.734636 -3.879802
v -1.884697 0.640296 -4.689354
v -1.884697 0.734636 -4.689354
v -1.667023 0.566755 -4.698857
v -1.761276 0.566755 -4.694742
v -1.725937 0.566755 -3.885190
v -1.631683 0.566755 -3.889306
v -1.667023 0.484749 -4.698857
v -1.761276 0.484749 -4.694742
v -1.725937 0.484749 -3.885190
v -1.631683 0.484749 -3.889306
v -1.799248 0.617412 -4.693084
v -1.763908 0.617412 -3.883533
v -1.707863 0.693260 -3.885980
v -1.743202 0.693260 -4.695531
v -1.985138 0.449168 -4.379517
v -2.069473 0.449168 -4.325787
v -2.065109 0.449168 -4.225882
v -1.976410 0.449168 -4.179708
v -1.892067 0.449168 -4.233437
v -1.896431 0.449168 -4.333342
v -2.069473 0.827737 -4.325787
v -1.985138 0.827737 -4.379517
v -2.065109 0.827737 -4.225882
v -1.976410 0.827737 -4.179708
v -1.892067 0.827737 -4.233437
v -1.896431 0.827737 -4.333342
v -2.878250 0.640296 -4.645974
v -2.878250 0.734636 -4.645974
v -2.842911 0.640296 -3.836422
v -2.842911 0.734636 -3.836422
v -3.338928 0.640296 -4.625861
v -3.338928 0.734636 -4.625861
v -3.303589 0.640296 -3.816309
v -3.303589 0.734636 -3.816309
v -3.521263 0.566755 -3.806805
v -3.427010 0.566755 -3.810920
v -3.462349 0.566755 -4.620472
v -3.556602 0.566755 -4.616357
v -3.521263 0.484749 -3.806805
v -3.427010 0.484749 -3.810920
v -3.462349 0.484749 -4.620472
v -3.556602 0.484749 -4.616357
v -3.389030 0.617412 -3.812579
v -3.424370 0.617412 -4.622130
v -3.480415 0.693260 -4.619683
v -3.445076 0.693260 -3.810132
v -3.203148 0.449168 -4.126146
v -3.118813 0.449168 -4.179876
v -3.123177 0.449168 -4.279781
v -3.211876 0.449168 -4.325955
v -3.296219 0.449168 -4.272226
v -3.291855 0.449168 -4.172321
v -3.118813 0.827737 -4.179876
v -3.203148 0.827737 -4.126146
v -3.123177 0.827737 -4.279781
v -3.211876 0.827737 -4.325955
v -3.296219 0.827737 -4.272226
v -3.291855 0.827737 -4.172321
v -11.284241 0.827737 -3.823366
v -11.288605 0.827737 -3.923271
v -11.204262 0.827737 -3.977001
v -11.115562 0.827737 -3.930826
v -11.195534 0.827737 -3.777191
v -11.111198 0.827737 -3.830921
v -11.284241 0.449168 -3.823366
v -11.288605 0.449168 -3.923271
v -11.204262 0.449168 -3.977001
v -11.115562 0.449168 -3.930826
v -11.111198 0.449168 -3.830921
v -11.195534 0.449168 -3.777191
v -11.437462 0.693260 -3.461176
v -11.472801 0.693260 -4.270728
v -11.416756 0.617412 -4.273175
v -11.381416 0.617412 -3.463623
v -11.548988 0.484749 -4.267402
v -11.454735 0.484749 -4.271517
v -11.419395 0.484749 -3.461965
v -11.513649 0.484749 -3.457850
v -11.548988 0.566755 -4.267402
v -11.454735 0.566755 -4.271517
v -11.419395 0.566755 -3.461965
v -11.513649 0.566755 -3.457850
v -11.295975 0.734636 -3.467354
v -11.295975 0.640296 -3.467354
v -11.331314 0.734636 -4.276906
v -11.331314 0.640296 -4.276906
v -10.835297 0.734636 -3.487468
v -10.835297 0.640296 -3.487468
v -10.870636 0.734636 -4.297019
v -10.870636 0.640296 -4.297019
v -9.888817 0.827737 -3.984387
v -9.884453 0.827737 -3.884482
v -9.968796 0.827737 -3.830752
v -10.057495 0.827737 -3.876927
v -9.977524 0.827737 -4.030561
v -10.061859 0.827737 -3.976832
v -9.888817 0.449168 -3.984387
v -9.884453 0.449168 -3.884482
v -9.968796 0.449168 -3.830752
v -10.057495 0.449168 -3.876927
v -10.061859 0.449168 -3.976832
v -9.977524 0.449168 -4.030561
v -9.735588 0.693260 -4.346576
v -9.700249 0.693260 -3.537025
v -9.756294 0.617412 -3.534578
v -9.791634 0.617412 -4.344129
v -9.624069 0.484749 -3.540351
v -9.718323 0.484749 -3.536236
v -9.753662 0.484749 -4.345787
v -9.659409 0.484749 -4.349903
v -9.624069 0.566755 -3.540351
v -9.718323 0.566755 -3.536236
v -9.753662 0.566755 -4.345787
v -9.659409 0.566755 -4.349903
v -9.877083 0.734636 -4.340399
v -9.877083 0.640296 -4.340399
v -9.841743 0.734636 -3.530847
v -9.841743 0.640296 -3.530847
v -10.337761 0.734636 -4.320285
v -10.337761 0.640296 -4.320285
v -10.302422 0.734636 -3.510733
v -10.302422 0.640296 -3.510733
v -3.018166 0.640296 -12.359241
v -3.018166 0.734636 -12.359241
v -3.123932 0.640296 -13.162633
v -3.123932 0.734636 -13.162633
v -2.560997 0.640296 -12.419430
v -2.560997 0.734636 -12.419430
v -2.666763 0.640296 -13.222821
v -2.666763 0.734636 -13.222821
v -2.450737 0.566755 -13.251260
v -2.544273 0.566755 -13.238945
v -2.438515 0.566755 -12.435555
v -2.344978 0.566755 -12.447868
v -2.450737 0.484749 -13.251260
v -2.544273 0.484749 -13.238945
v -2.438515 0.484749 -12.435555
v -2.344978 0.484749 -12.447868
v -2.581955 0.617412 -13.233984
v -2.476196 0.617412 -12.430595
v -2.420578 0.693260 -12.437918
v -2.526337 0.693260 -13.241306
v -2.739807 0.449168 -12.905409
v -2.819138 0.449168 -12.844532
v -2.806091 0.449168 -12.745388
v -2.713707 0.449168 -12.707121
v -2.634361 0.449168 -12.767998
v -2.647423 0.449168 -12.867142
v -2.819138 0.827737 -12.844532
v -2.739807 0.827737 -12.905409
v -2.806091 0.827737 -12.745388
v -2.713707 0.827737 -12.707121
v -2.634361 0.827737 -12.767998
v -2.647423 0.827737 -12.867142
v -3.652748 0.640296 -13.093013
v -3.652748 0.734636 -13.093013
v -3.546989 0.640296 -12.289621
v -3.546989 0.734636 -12.289621
v -4.109917 0.640296 -13.032825
v -4.109917 0.734636 -13.032825
v -4.004158 0.640296 -12.229433
v -4.004158 0.734636 -12.229433
v -4.220177 0.566755 -12.200994
v -4.126640 0.566755 -12.213308
v -4.232407 0.566755 -13.016699
v -4.325943 0.566755 -13.004386
v -4.220177 0.484749 -12.200994
v -4.126640 0.484749 -12.213308
v -4.232407 0.484749 -13.016699
v -4.325943 0.484749 -13.004386
v -4.088951 0.617412 -12.218271
v -4.194717 0.617412 -13.021662
v -4.250336 0.693260 -13.014339
v -4.144569 0.693260 -12.210949
v -3.931107 0.449168 -12.546846
v -3.851776 0.449168 -12.607721
v -3.864830 0.449168 -12.706865
v -3.957214 0.449168 -12.745134
v -4.036560 0.449168 -12.684259
v -4.023499 0.449168 -12.585114
v -3.851776 0.827737 -12.607721
v -3.931107 0.827737 -12.546846
v -3.864830 0.827737 -12.706865
v -3.957214 0.827737 -12.745134
v -4.036560 0.827737 -12.684259
v -4.023499 0.827737 -12.585114
v -11.955055 0.827737 -11.540905
v -11.968109 0.827737 -11.640049
v -11.888771 0.827737 -11.700925
v -11.796387 0.827737 -11.662657
v -11.862663 0.827737 -11.502636
v -11.783333 0.827737 -11.563513
v -11.955055 0.449168 -11.540905
v -11.968109 0.449168 -11.640049
v -11.888771 0.449168 -11.700925
v -11.796387 0.449168 -11.662657
v -11.783333 0.449168 -11.563513
v -11.862663 0.449168 -11.502636
v -12.076126 0.693260 -11.166739
v -12.181885 0.693260 -11.970131
v -12.126266 0.617412 -11.977452
v -12.020508 0.617412 -11.174061
v -12.257492 0.484749 -11.960176
v -12.163956 0.484749 -11.972490
v -12.058197 0.484749 -11.169100
v -12.151733 0.484749 -11.156786
v -12.257492 0.566755 -11.960176
v -12.163956 0.566755 -11.972490
v -12.058197 0.566755 -11.169100
v -12.151733 0.566755 -11.156786
v -11.935722 0.734636 -11.185225
v -11.935722 0.640296 -11.185225
v -12.041481 0.734636 -11.988615
v -12.041481 0.640296 -11.988615
v -11.478546 0.734636 -11.245413
v -11.478546 0.640296 -11.245413
v -11.584312 0.734636 -12.048803
v -11.584312 0.640296 -12.048803
v -10.578972 0.827737 -11.822931
v -10.565926 0.827737 -11.723787
v -10.645256 0.827737 -11.662910
v -10.737648 0.827737 -11.701180
v -10.671371 0.827737 -11.861199
v -10.750702 0.827737 -11.800323
v -10.578972 0.449168 -11.822931
v -10.565926 0.449168 -11.723787
v -10.645256 0.449168 -11.662910
v -10.737648 0.449168 -11.701180
v -10.750702 0.449168 -11.800323
v -10.671371 0.449168 -11.861199
v -10.457901 0.693260 -12.197098
v -10.352135 0.693260 -11.393707
v -10.407753 0.617412 -11.386384
v -10.513519 0.617412 -12.189775
v -10.276535 0.484749 -11.403660
v -10.370071 0.484749 -11.391345
v -10.475838 0.484749 -12.194736
v -10.382301 0.484749 -12.207050
v -10.276535 0.566755 -11.403660
v -10.370071 0.566755 -11.391345
v -10.475838 0.566755 -12.194736
v -10.382301 0.566755 -12.207050
v -10.598312 0.734636 -12.178612
v -10.598312 0.640296 -12.178612
v -10.492554 0.734636 -11.375220
v -10.492554 0.640296 -11.375220
v -11.055489 0.734636 -12.118423
v -11.055489 0.640296 -12.118423
v -10.949722 0.734636 -11.315033
v -10.949722 0.640296 -11.315033
v -4.464386 0.640296 -20.764734
v -4.464386 0.734636 -20.764734
v -4.639771 0.640296 -21.555851
v -4.639771 0.734636 -21.555851
v -4.014206 0.640296 -20.864538
v -4.014206 0.734636 -20.864538
v -4.189583 0.640296 -21.655655
v -4.189583 0.734636 -21.655655
v -3.976860 0.566755 -21.702812
v -4.068970 0.566755 -21.682392
v -3.893593 0.566755 -20.891277
v -3.801483 0.566755 -20.911695
v -3.976860 0.484749 -21.702812
v -4.068970 0.484749 -21.682392
v -3.893593 0.484749 -20.891277
v -3.801483 0.484749 -20.911695
v -4.106079 0.617412 -21.674168
v -3.930702 0.617412 -20.883053
v -3.875931 0.693260 -20.895195
v -4.051308 0.693260 -21.686310
v -4.234688 0.449168 -21.333084
v -4.308411 0.449168 -21.265526
v -4.286774 0.449168 -21.167894
v -4.191406 0.449168 -21.137825
v -4.117668 0.449168 -21.205387
v -4.139320 0.449168 -21.303013
v -4.308411 0.827737 -21.265526
v -4.234688 0.827737 -21.333084
v -4.286774 0.827737 -21.167894
v -4.191406 0.827737 -21.137825
v -4.117668 0.827737 -21.205387
v -4.139320 0.827737 -21.303013
v -5.160507 0.640296 -21.440407
v -5.160507 0.734636 -21.440407
v -4.985130 0.640296 -20.649288
v -4.985130 0.734636 -20.649288
v -5.610695 0.640296 -21.340603
v -5.610695 0.734636 -21.340603
v -5.435310 0.640296 -20.549484
v -5.435310 0.734636 -20.549484
v -5.648033 0.566755 -20.502327
v -5.555923 0.566755 -20.522747
v -5.731316 0.566755 -21.313862
v -5.823418 0.566755 -21.293444
v -5.648033 0.484749 -20.502327
v -5.555923 0.484749 -20.522747
v -5.731316 0.484749 -21.313862
v -5.823418 0.484749 -21.293444
v -5.518814 0.617412 -20.530975
v -5.694191 0.617412 -21.322090
v -5.748970 0.693260 -21.309948
v -5.573578 0.693260 -20.518833
v -5.390205 0.449168 -20.872059
v -5.316483 0.449168 -20.939615
v -5.338127 0.449168 -21.037243
v -5.433495 0.449168 -21.067314
v -5.507233 0.449168 -20.999756
v -5.485580 0.449168 -20.902126
v -5.316483 0.827737 -20.939615
v -5.390205 0.827737 -20.872059
v -5.338127 0.827737 -21.037243
v -5.433495 0.827737 -21.067314
v -5.507233 0.827737 -20.999756
v -5.485580 0.827737 -20.902126
v -13.295952 0.827737 -19.170610
v -13.317589 0.827737 -19.268240
v -13.243866 0.827737 -19.335798
v -13.148491 0.827737 -19.305729
v -13.200569 0.827737 -19.140539
v -13.126846 0.827737 -19.208099
v -13.295952 0.449168 -19.170610
v -13.317589 0.449168 -19.268240
v -13.243866 0.449168 -19.335798
v -13.148491 0.449168 -19.305729
v -13.126846 0.449168 -19.208099
v -13.200569 0.449168 -19.140539
v -13.383942 0.693260 -18.787315
v -13.559326 0.693260 -19.578434
v -13.504555 0.617412 -19.590574
v -13.329178 0.617412 -18.799458
v -13.633774 0.484749 -19.561928
v -13.541672 0.484749 -19.582346
v -13.366287 0.484749 -18.791231
v -13.458405 0.484749 -18.770811
v -13.633774 0.566755 -19.561928
v -13.541672 0.566755 -19.582346
v -13.366287 0.566755 -18.791231
v -13.458405 0.566755 -18.770811
v -13.245682 0.734636 -18.817968
v -13.245682 0.640296 -18.817968
v -13.421066 0.734636 -19.609085
v -13.421066 0.640296 -19.609085
v -12.795494 0.734636 -18.917774
v -12.795494 0.640296 -18.917774
v -12.970886 0.734636 -19.708889
v -12.970886 0.640296 -19.708889
v -11.949677 0.827737 -19.571497
v -11.928047 0.827737 -19.473867
v -12.001762 0.827737 -19.406309
v -12.097137 0.827737 -19.436378
v -12.045059 0.827737 -19.601566
v -12.118782 0.827737 -19.534008
v -11.949677 0.449168 -19.571497
v -11.928047 0.449168 -19.473867
v -12.001762 0.449168 -19.406309
v -12.097137 0.449168 -19.436378
v -12.118782 0.449168 -19.534008
v -12.045059 0.449168 -19.601566
v -11.861687 0.693260 -19.954792
v -11.686295 0.693260 -19.163677
v -11.741066 0.617412 -19.151535
v -11.916451 0.617412 -19.942650
v -11.611855 0.484749 -19.180180
v -11.703957 0.484749 -19.159760
v -11.879349 0.484749 -19.950876
v -11.787231 0.484749 -19.971294
v -11.611855 0.566755 -19.180180
v -11.703957 0.566755 -19.159760
v -11.879349 0.566755 -19.950876
v -11.787231 0.566755 -19.971294
v -11.999947 0.734636 -19.924139
v -11.999947 0.640296 -19.924139
v -11.824570 0.734636 -19.133022
v -11.824570 0.640296 -19.133022
v -12.450134 0.734636 -19.824333
v -12.450134 0.640296 -19.824333
v -12.274750 0.734636 -19.033218
v -12.274750 0.640296 -19.033218
v -6.637695 0.640296 -29.012196
v -6.637695 0.734636 -29.012196
v -6.881355 0.640296 -29.785015
v -6.881355 0.734636 -29.785015
v -6.197922 0.640296 -29.150856
v -6.197922 0.734636 -29.150856
v -6.441582 0.640296 -29.923677
v -6.441582 0.734636 -29.923677
v -6.233780 0.566755 -29.989195
v -6.323761 0.566755 -29.960823
v -6.080101 0.566755 -29.188005
v -5.990120 0.566755 -29.216373
v -6.233780 0.484749 -29.989195
v -6.323761 0.484749 -29.960823
v -6.080101 0.484749 -29.188005
v -5.990120 0.484749 -29.216373
v -6.360016 0.617412 -29.949398
v -6.116348 0.617412 -29.176579
v -6.062843 0.693260 -29.193447
v -6.306503 0.693260 -29.966267
v -6.458397 0.449168 -29.598402
v -6.525955 0.449168 -29.524675
v -6.495888 0.449168 -29.429302
v -6.398270 0.449168 -29.407658
v -6.330696 0.449168 -29.481390
v -6.360779 0.449168 -29.576756
v -6.525955 0.827737 -29.524675
v -6.458397 0.827737 -29.598402
v -6.495888 0.827737 -29.429302
v -6.398270 0.827737 -29.407658
v -6.330696 0.827737 -29.481390
v -6.360779 0.827737 -29.576756
v -7.390053 0.640296 -29.624626
v -7.390053 0.734636 -29.624626
v -7.146393 0.640296 -28.851803
v -7.146393 0.734636 -28.851803
v -7.829826 0.640296 -29.485966
v -7.829826 0.734636 -29.485966
v -7.586166 0.640296 -28.713142
v -7.586166 0.734636 -28.713142
v -7.793968 0.566755 -28.647625
v -7.703979 0.566755 -28.675995
v -7.947662 0.566755 -29.448814
v -8.037628 0.566755 -29.420444
v -7.793968 0.484749 -28.647625
v -7.703979 0.484749 -28.675995
v -7.947662 0.484749 -29.448814
v -8.037628 0.484749 -29.420444
v -7.667732 0.617412 -28.687426
v -7.911392 0.617412 -29.460247
v -7.964905 0.693260 -29.443375
v -7.721237 0.693260 -28.670559
v -7.569344 0.449168 -29.038422
v -7.501785 0.449168 -29.112144
v -7.531860 0.449168 -29.207516
v -7.629486 0.449168 -29.229160
v -7.697052 0.449168 -29.155434
v -7.666977 0.449168 -29.060062
v -7.501785 0.827737 -29.112144
v -7.569344 0.827737 -29.038422
v -7.531860 0.827737 -29.207516
v -7.629486 0.827737 -29.229160
v -7.697052 0.827737 -29.155434
v -7.666977 0.827737 -29.060062
v -15.296715 0.827737 -26.654415
v -15.326775 0.827737 -26.749790
v -15.259224 0.827737 -26.823515
v -15.161591 0.827737 -26.801872
v -15.199074 0.827737 -26.632771
v -15.131516 0.827737 -26.706501
v -15.296715 0.449168 -26.654415
v -15.326775 0.449168 -26.749790
v -15.259224 0.449168 -26.823515
v -15.161591 0.449168 -26.801872
v -15.131516 0.449168 -26.706501
v -15.199074 0.449168 -26.632771
v -15.350960 0.693260 -26.264912
v -15.594635 0.693260 -27.037733
v -15.541122 0.617412 -27.054602
v -15.297462 0.617412 -26.281780
v -15.667358 0.484749 -27.014801
v -15.577377 0.484749 -27.043169
v -15.333717 0.484749 -26.270350
v -15.423706 0.484749 -26.241980
v -15.667358 0.566755 -27.014801
v -15.577377 0.566755 -27.043169
v -15.333717 0.566755 -26.270350
v -15.423706 0.566755 -26.241980
v -15.215897 0.734636 -26.307497
v -15.215897 0.640296 -26.307497
v -15.459572 0.734636 -27.080318
v -15.459572 0.640296 -27.080318
v -14.776131 0.734636 -26.446159
v -14.776131 0.640296 -26.446159
v -15.019798 0.734636 -27.218979
v -15.019798 0.640296 -27.218979
v -13.990494 0.827737 -27.171114
v -13.960442 0.827737 -27.075739
v -14.027985 0.827737 -27.002014
v -14.125626 0.827737 -27.023655
v -14.088142 0.827737 -27.192755
v -14.155693 0.827737 -27.119026
v -13.990494 0.449168 -27.171114
v -13.960442 0.449168 -27.075739
v -14.027985 0.449168 -27.002014
v -14.125626 0.449168 -27.023655
v -14.155693 0.449168 -27.119026
v -14.088142 0.449168 -27.192755
v -13.936249 0.693260 -27.560619
v -13.692581 0.693260 -26.787800
v -13.746086 0.617412 -26.770929
v -13.989746 0.617412 -27.543749
v -13.619858 0.484749 -26.810726
v -13.709831 0.484749 -26.782358
v -13.953506 0.484749 -27.555178
v -13.863518 0.484749 -27.583546
v -13.619858 0.566755 -26.810726
v -13.709831 0.566755 -26.782358
v -13.953506 0.566755 -27.555178
v -13.863518 0.566755 -27.583546
v -14.071312 0.734636 -27.518032
v -14.071312 0.640296 -27.518032
v -13.827652 0.734636 -26.745209
v -13.827652 0.640296 -26.745209
v -14.511093 0.734636 -27.379368
v -14.511093 0.640296 -27.379368
v -14.267418 0.734636 -26.606552
v -14.267418 0.640296 -26.606552
v -9.521545 0.640296 -37.038857
v -9.521545 0.734636 -37.038857
v -9.831627 0.640296 -37.787498
v -9.831627 0.734636 -37.787498
v -9.095528 0.640296 -37.215317
v -9.095528 0.734636 -37.215317
v -9.405617 0.640296 -37.963963
v -9.405617 0.734636 -37.963963
v -9.204315 0.566755 -38.047340
v -9.291481 0.566755 -38.011234
v -8.981392 0.566755 -37.262596
v -8.894226 0.566755 -37.298698
v -9.204315 0.484749 -38.047340
v -9.291481 0.484749 -38.011234
v -8.981392 0.484749 -37.262596
v -8.894226 0.484749 -37.298698
v -9.326599 0.617412 -37.996693
v -9.016510 0.617412 -37.248055
v -8.964676 0.693260 -37.269520
v -9.274765 0.693260 -38.018162
v -9.394020 0.449168 -37.638458
v -9.454895 0.449168 -37.559124
v -9.416634 0.449168 -37.466736
v -9.317497 0.449168 -37.453682
v -9.256607 0.449168 -37.533024
v -9.294884 0.449168 -37.625404
v -9.454895 0.827737 -37.559124
v -9.394020 0.827737 -37.638458
v -9.416634 0.827737 -37.466736
v -9.317497 0.827737 -37.453682
v -9.256607 0.827737 -37.533024
v -9.294884 0.827737 -37.625404
v -10.324417 0.640296 -37.583385
v -10.324417 0.734636 -37.583385
v -10.014328 0.640296 -36.834740
v -10.014328 0.734636 -36.834740
v -10.750427 0.640296 -37.406921
v -10.750427 0.734636 -37.406921
v -10.440346 0.640296 -36.658276
v -10.440346 0.734636 -36.658276
v -10.641640 0.566755 -36.574898
v -10.554466 0.566755 -36.611004
v -10.864586 0.566755 -37.359642
v -10.951736 0.566755 -37.323540
v -10.641640 0.484749 -36.574898
v -10.554466 0.484749 -36.611004
v -10.864586 0.484749 -37.359642
v -10.951736 0.484749 -37.323540
v -10.519356 0.617412 -36.625549
v -10.829445 0.617412 -37.374191
v -10.881287 0.693260 -37.352722
v -10.571182 0.693260 -36.604080
v -10.451935 0.449168 -36.983788
v -10.391060 0.449168 -37.063114
v -10.429329 0.449168 -37.155502
v -10.528465 0.449168 -37.168556
v -10.589355 0.449168 -37.089218
v -10.551086 0.449168 -36.996834
v -10.391060 0.827737 -37.063114
v -10.451935 0.827737 -36.983788
v -10.429329 0.827737 -37.155502
v -10.528465 0.827737 -37.168556
v -10.589355 0.827737 -37.089218
v -10.551086 0.827737 -36.996834
v -17.942116 0.827737 -33.935364
v -17.980377 0.827737 -34.027756
v -17.919510 0.827737 -34.107086
v -17.820358 0.827737 -34.094040
v -17.842964 0.827737 -33.922314
v -17.782082 0.827737 -34.001652
v -17.942116 0.449168 -33.935364
v -17.980377 0.449168 -34.027756
v -17.919510 0.449168 -34.107086
v -17.820358 0.449168 -34.094040
v -17.782082 0.449168 -34.001652
v -17.842964 0.449168 -33.922314
v -17.962212 0.693260 -33.542618
v -18.272308 0.693260 -34.291260
v -18.220474 0.617412 -34.312725
v -17.910393 0.617412 -33.564083
v -18.342758 0.484749 -34.262077
v -18.255592 0.484749 -34.298180
v -17.945511 0.484749 -33.549538
v -18.032684 0.484749 -33.513432
v -18.342758 0.566755 -34.262077
v -18.255592 0.566755 -34.298180
v -17.945511 0.566755 -33.549538
v -18.032684 0.566755 -33.513432
v -17.831367 0.734636 -33.596809
v -17.831367 0.640296 -33.596809
v -18.141479 0.734636 -34.345451
v -18.141479 0.640296 -34.345451
v -17.405365 0.734636 -33.773273
v -17.405365 0.640296 -33.773273
v -17.715462 0.734636 -34.521915
v -17.715462 0.640296 -34.521915
v -16.685905 0.827737 -34.563942
v -16.647659 0.827737 -34.471550
v -16.708511 0.827737 -34.392220
v -16.807663 0.827737 -34.405266
v -16.785065 0.827737 -34.576992
v -16.845932 0.827737 -34.497654
v -16.685905 0.449168 -34.563942
v -16.647659 0.449168 -34.471550
v -16.708511 0.449168 -34.392220
v -16.807663 0.449168 -34.405266
v -16.845932 0.449168 -34.497654
v -16.785065 0.449168 -34.576992
v -16.665817 0.693260 -34.956696
v -16.355713 0.693260 -34.208054
v -16.407539 0.617412 -34.186581
v -16.717636 0.617412 -34.935223
v -16.285263 0.484749 -34.237228
v -16.372429 0.484749 -34.201126
v -16.682526 0.484749 -34.949768
v -16.595352 0.484749 -34.985870
v -16.285263 0.566755 -34.237228
v -16.372429 0.566755 -34.201126
v -16.682526 0.566755 -34.949768
v -16.595352 0.566755 -34.985870
v -16.796646 0.734636 -34.902496
v -16.796646 0.640296 -34.902496
v -16.486565 0.734636 -34.153851
v -16.486565 0.640296 -34.153851
v -17.222672 0.734636 -34.726028
v -17.222672 0.640296 -34.726028
v -16.912567 0.734636 -33.977394
v -16.912567 0.640296 -33.977394
v -13.093994 0.640296 -44.783630
v -13.093994 0.734636 -44.783630
v -13.468140 0.640296 -45.502399
v -13.468140 0.734636 -45.502399
v -12.684975 0.640296 -44.996552
v -12.684975 0.734636 -44.996552
v -13.059128 0.640296 -45.715321
v -13.059128 0.734636 -45.715321
v -12.865868 0.566755 -45.815926
v -12.949547 0.566755 -45.772362
v -12.575394 0.566755 -45.053593
v -12.491699 0.566755 -45.097157
v -12.865868 0.484749 -45.815926
v -12.949547 0.484749 -45.772362
v -12.575394 0.484749 -45.053593
v -12.491699 0.484749 -45.097157
v -12.983269 0.617412 -45.754810
v -12.609108 0.617412 -45.036049
v -12.559341 0.693260 -45.061947
v -12.933502 0.693260 -45.780716
v -13.019211 0.449168 -45.392063
v -13.072937 0.449168 -45.307728
v -13.026772 0.449168 -45.219025
v -12.926872 0.449168 -45.214661
v -12.873131 0.449168 -45.299007
v -12.919312 0.449168 -45.387699
v -13.072937 0.827737 -45.307728
v -13.019211 0.827737 -45.392063
v -13.026772 0.827737 -45.219025
v -12.926872 0.827737 -45.214661
v -12.873131 0.827737 -45.299007
v -12.919312 0.827737 -45.387699
v -13.941261 0.640296 -45.256111
v -13.941261 0.734636 -45.256111
v -13.567108 0.640296 -44.537338
v -13.567108 0.734636 -44.537338
v -14.350281 0.640296 -45.043190
v -14.350281 0.734636 -45.043190
v -13.976120 0.640296 -44.324417
v -13.976120 0.734636 -44.324417
v -14.169388 0.566755 -44.223812
v -14.085686 0.566755 -44.267380
v -14.459877 0.566755 -44.986141
v -14.543549 0.566755 -44.942581
v -14.169388 0.484749 -44.223812
v -14.085686 0.484749 -44.267380
v -14.459877 0.484749 -44.986141
v -14.543549 0.484749 -44.942581
v -14.051979 0.617412 -44.284931
v -14.426140 0.617412 -45.003696
v -14.475906 0.693260 -44.977791
v -14.101738 0.693260 -44.259026
v -14.016037 0.449168 -44.647682
v -13.962311 0.449168 -44.732010
v -14.008484 0.449168 -44.820713
v -14.108383 0.449168 -44.825077
v -14.162125 0.449168 -44.740734
v -14.115952 0.449168 -44.652039
v -13.962311 0.827737 -44.732010
v -14.016037 0.827737 -44.647682
v -14.008484 0.827737 -44.820713
v -14.108383 0.827737 -44.825077
v -14.162125 0.827737 -44.740734
v -14.115952 0.827737 -44.652039
v -21.212036 0.827737 -40.958046
v -21.258202 0.827737 -41.046749
v -21.204475 0.827737 -41.131084
v -21.104561 0.827737 -41.126728
v -21.112122 0.827737 -40.953686
v -21.058380 0.827737 -41.038029
v -21.212036 0.449168 -40.958046
v -21.258202 0.449168 -41.046749
v -21.204475 0.449168 -41.131084
v -21.104561 0.449168 -41.126728
v -21.058380 0.449168 -41.038029
v -21.112122 0.449168 -40.953686
v -21.197823 0.693260 -40.565041
v -21.571983 0.693260 -41.283806
v -21.522217 0.617412 -41.309711
v -21.148064 0.617412 -40.590942
v -21.639626 0.484749 -41.248600
v -21.555931 0.484749 -41.292156
v -21.181786 0.484749 -40.573391
v -21.265480 0.484749 -40.529823
v -21.639626 0.566755 -41.248600
v -21.555931 0.566755 -41.292156
v -21.181786 0.566755 -40.573391
v -21.265480 0.566755 -40.529823
v -21.072197 0.734636 -40.630432
v -21.072197 0.640296 -40.630432
v -21.446373 0.734636 -41.349197
v -21.446373 0.640296 -41.349197
v -20.663193 0.734636 -40.843353
v -20.663193 0.640296 -40.843353
v -21.037361 0.734636 -41.562119
v -21.037361 0.640296 -41.562119
v -20.015381 0.827737 -41.693718
v -19.969231 0.827737 -41.605011
v -20.022942 0.827737 -41.520679
v -20.122849 0.827737 -41.525036
v -20.115303 0.827737 -41.698074
v -20.169022 0.827737 -41.613735
v -20.015381 0.449168 -41.693718
v -19.969231 0.449168 -41.605011
v -20.022942 0.449168 -41.520679
v -20.122849 0.449168 -41.525036
v -20.169022 0.449168 -41.613735
v -20.115303 0.449168 -41.698074
v -20.029602 0.693260 -42.086731
v -19.655434 0.693260 -41.367962
v -19.705185 0.617412 -41.342056
v -20.079353 0.617412 -42.060822
v -19.587791 0.484749 -41.403164
v -19.671486 0.484749 -41.359604
v -20.045647 0.484749 -42.078373
v -19.961945 0.484749 -42.121933
v -19.587791 0.566755 -41.403164
v -19.671486 0.566755 -41.359604
v -20.045647 0.566755 -42.078373
v -19.961945 0.566755 -42.121933
v -20.155212 0.734636 -42.021332
v -20.155212 0.640296 -42.021332
v -19.781067 0.734636 -41.302559
v -19.781067 0.640296 -41.302559
v -20.564232 0.734636 -41.808407
v -20.564232 0.640296 -41.808407
v -20.190063 0.734636 -41.089645
v -20.190063 0.640296 -41.089645
vt 0.0886 0.8489
vt 0.0879 0.8489
vt 0.0879 0.8560
vt 0.0886 0.8560
vt 0.0853 0.8634
vt 0.0846 0.8631
vt 0.0837 0.8671
vt 0.0844 0.8673
vt 0.0797 0.8653
vt 0.0791 0.8656
vt 0.0799 0.8695
vt 0.0806 0.8693
vt 0.0879 0.8560
vt 0.0872 0.8560
vt 0.0872 0.8631
vt 0.0879 0.8631
vt 0.0847 0.8685
vt 0.0845 0.8693
vt 0.0851 0.8695
vt 0.0853 0.8687
vt 0.0798 0.8633
vt 0.0800 0.8641
vt 0.0806 0.8639
vt 0.0804 0.8631
vt 0.0797 0.8646
vt 0.0791 0.8643
vt 0.0838 0.8684
vt 0.0844 0.8680
vt 0.1143 0.8696
vt 0.1162 0.8708
vt 0.1181 0.8696
vt 0.1181 0.8674
vt 0.1162 0.8663
vt 0.1143 0.8674
vt 0.1205 0.8549
vt 0.1185 0.8538
vt 0.1166 0.8549
vt 0.1166 0.8571
vt 0.1185 0.8583
vt 0.1205 0.8571
vt 0.1122 0.8663
vt 0.1133 0.8663
vt 0.1133 0.8578
vt 0.1122 0.8578
vt 0.1045 0.8663
vt 0.1067 0.8663
vt 0.1067 0.8578
vt 0.1045 0.8578
vt 0.1155 0.8663
vt 0.1166 0.8663
vt 0.1166 0.8578
vt 0.1155 0.8578
vt 0.1078 0.8663
vt 0.1078 0.8578
vt 0.1034 0.8663
vt 0.1034 0.8578
vt 0.0886 0.8560
vt 0.0879 0.8560
vt 0.0879 0.8631
vt 0.0886 0.8631
vt 0.0837 0.8634
vt 0.0830 0.8631
vt 0.0822 0.8671
vt 0.0828 0.8673
vt 0.0856 0.8582
vt 0.0849 0.8584
vt 0.0858 0.8623
vt 0.0865 0.8621
vt 0.0865 0.8631
vt 0.0872 0.8631
vt 0.0872 0.8560
vt 0.0865 0.8560
vt 0.0831 0.8685
vt 0.0830 0.8693
vt 0.0835 0.8695
vt 0.0837 0.8687
vt 0.0857 0.8562
vt 0.0859 0.8570
vt 0.0865 0.8568
vt 0.0863 0.8560
vt 0.0856 0.8574
vt 0.0850 0.8571
vt 0.0822 0.8684
vt 0.0828 0.8680
vt 0.1009 0.8708
vt 0.1028 0.8696
vt 0.1028 0.8674
vt 0.1009 0.8663
vt 0.0990 0.8674
vt 0.0990 0.8696
vt 0.1047 0.8708
vt 0.1066 0.8696
vt 0.1066 0.8674
vt 0.1047 0.8663
vt 0.1028 0.8674
vt 0.1028 0.8696
vt 0.1078 0.8663
vt 0.1089 0.8663
vt 0.1089 0.8578
vt 0.1078 0.8578
vt 0.1045 0.8578
vt 0.1067 0.8578
vt 0.1067 0.8493
vt 0.1045 0.8493
vt 0.1111 0.8663
vt 0.1122 0.8663
vt 0.1122 0.8578
vt 0.1111 0.8578
vt 0.1078 0.8578
vt 0.1078 0.8493
vt 0.1034 0.8578
vt 0.1034 0.8493
vt 0.1089 0.8663
vt 0.1111 0.8663
vt 0.1111 0.8578
vt 0.1089 0.8578
vt 0.1034 0.8578
vt 0.1045 0.8578
vt 0.1045 0.8493
vt 0.1034 0.8493
vt 0.1067 0.8578
vt 0.1078 0.8578
vt 0.1078 0.8493
vt 0.1067 0.8493
vt 0.1122 0.8663
vt 0.1122 0.8578
vt 0.1078 0.8663
vt 0.1078 0.8578
vt 0.1047 0.8708
vt 0.1066 0.8696
vt 0.1066 0.8674
vt 0.1047 0.8663
vt 0.1028 0.8674
vt 0.1028 0.8696
vt 0.1009 0.8708
vt 0.1028 0.8696
vt 0.1028 0.8674
vt 0.1009 0.8663
vt 0.0990 0.8674
vt 0.0990 0.8696
vt 0.0822 0.8671
vt 0.0822 0.8684
vt 0.0828 0.8680
vt 0.0828 0.8673
vt 0.0856 0.8582
vt 0.0856 0.8574
vt 0.0850 0.8571
vt 0.0849 0.8584
vt 0.0830 0.8693
vt 0.0831 0.8685
vt 0.0859 0.8570
vt 0.0857 0.8562
vt 0.0865 0.8568
vt 0.0863 0.8560
vt 0.0835 0.8695
vt 0.0837 0.8687
vt 0.0865 0.8631
vt 0.0872 0.8631
vt 0.0872 0.8560
vt 0.0865 0.8560
vt 0.0858 0.8623
vt 0.0865 0.8621
vt 0.0837 0.8634
vt 0.0830 0.8631
vt 0.0886 0.8560
vt 0.0879 0.8560
vt 0.0879 0.8631
vt 0.0886 0.8631
vt 0.1593 0.7239
vt 0.1585 0.7217
vt 0.1582 0.7218
vt 0.1590 0.7241
vt 0.1439 0.7357
vt 0.1438 0.7334
vt 0.1438 0.7334
vt 0.1438 0.7357
vt 0.1440 0.7358
vt 0.1440 0.7335
vt 0.1440 0.7335
vt 0.1440 0.7358
vt 0.1659 0.7028
vt 0.1651 0.7050
vt 0.1652 0.7051
vt 0.1660 0.7028
vt 0.1638 0.7028
vt 0.1629 0.7051
vt 0.1630 0.7051
vt 0.1639 0.7028
vt 0.1579 0.7194
vt 0.1576 0.7194
vt 0.1438 0.7310
vt 0.1437 0.7310
vt 0.1439 0.7310
vt 0.1439 0.7310
vt 0.1645 0.7074
vt 0.1646 0.7074
vt 0.1623 0.7074
vt 0.1624 0.7074
vt 0.1575 0.7170
vt 0.1571 0.7170
vt 0.1437 0.7286
vt 0.1437 0.7286
vt 0.1439 0.7286
vt 0.1439 0.7286
vt 0.1641 0.7097
vt 0.1642 0.7097
vt 0.1619 0.7098
vt 0.1620 0.7098
vt 0.1573 0.7146
vt 0.1569 0.7146
vt 0.1437 0.7262
vt 0.1437 0.7262
vt 0.1439 0.7262
vt 0.1439 0.7262
vt 0.1639 0.7121
vt 0.1640 0.7121
vt 0.1617 0.7122
vt 0.1618 0.7122
vt 0.1573 0.7122
vt 0.1569 0.7122
vt 0.1437 0.7239
vt 0.1437 0.7239
vt 0.1439 0.7238
vt 0.1439 0.7238
vt 0.1639 0.7145
vt 0.1640 0.7145
vt 0.1617 0.7146
vt 0.1618 0.7146
vt 0.1133 0.8663
vt 0.1155 0.8663
vt 0.1155 0.8578
vt 0.1133 0.8578
vt 0.1034 0.8663
vt 0.1045 0.8663
vt 0.1045 0.8578
vt 0.1034 0.8578
vt 0.1067 0.8663
vt 0.1078 0.8663
vt 0.1078 0.8578
vt 0.1067 0.8578
vt 0.1166 0.8663
vt 0.1166 0.8578
vt 0.1122 0.8663
vt 0.1122 0.8578
vt 0.1205 0.8549
vt 0.1185 0.8538
vt 0.1166 0.8549
vt 0.1166 0.8571
vt 0.1185 0.8583
vt 0.1205 0.8571
vt 0.1143 0.8696
vt 0.1162 0.8708
vt 0.1181 0.8696
vt 0.1181 0.8674
vt 0.1162 0.8663
vt 0.1143 0.8674
vt 0.0837 0.8671
vt 0.0838 0.8684
vt 0.0844 0.8680
vt 0.0844 0.8673
vt 0.0797 0.8653
vt 0.0797 0.8646
vt 0.0791 0.8643
vt 0.0791 0.8656
vt 0.0845 0.8693
vt 0.0847 0.8685
vt 0.0800 0.8641
vt 0.0798 0.8633
vt 0.0806 0.8639
vt 0.0804 0.8631
vt 0.0851 0.8695
vt 0.0853 0.8687
vt 0.0879 0.8560
vt 0.0872 0.8560
vt 0.0872 0.8631
vt 0.0879 0.8631
vt 0.0799 0.8695
vt 0.0806 0.8693
vt 0.0853 0.8634
vt 0.0846 0.8631
vt 0.0886 0.8489
vt 0.0879 0.8489
vt 0.0879 0.8560
vt 0.0886 0.8560
vt 0.1526 0.7179
vt 0.1521 0.7179
vt 0.1521 0.7179
vt 0.1526 0.7179
vt 0.1521 0.7179
vt 0.1521 0.7179
vt 0.1526 0.7179
vt 0.1526 0.7179
vt 0.1522 0.7178
vt 0.1522 0.7178
vt 0.1524 0.7178
vt 0.1524 0.7178
vt 0.1526 0.7179
vt 0.1526 0.7179
vt 0.1524 0.7178
vt 0.1524 0.7178
vt 0.1521 0.7179
vt 0.1526 0.7179
vt 0.1521 0.7179
vt 0.1522 0.7178
vt 0.1521 0.7179
vt 0.1521 0.7179
vt 0.1521 0.7179
vt 0.1521 0.7179
vt 0.1526 0.7179
vt 0.1522 0.7178
vt 0.1526 0.7179
vt 0.1526 0.7179
vt 0.1522 0.7178
vt 0.1524 0.7178
vt 0.1521 0.7179
vt 0.1526 0.7179
vt 0.1521 0.7179
vt 0.1526 0.7179
vt 0.1522 0.7178
vt 0.1524 0.7178
vt 0.1126 0.6630
vt 0.1126 0.6639
vt 0.1157 0.6654
vt 0.1157 0.6719
vt 0.1154 0.6725
vt 0.1135 0.6731
vt 0.1131 0.6740
vt 0.1131 0.6770
vt 0.1135 0.6776
vt 0.1148 0.6780
vt 0.1208 0.6780
vt 0.1222 0.6776
vt 0.1225 0.6770
vt 0.1225 0.6740
vt 0.1221 0.6731
vt 0.1202 0.6725
vt 0.1199 0.6719
vt 0.1199 0.6654
vt 0.1230 0.6639
vt 0.1230 0.6630
vt 0.1021 0.6766
vt 0.1030 0.6766
vt 0.1046 0.6732
vt 0.1118 0.6732
vt 0.1124 0.6736
vt 0.1131 0.6757
vt 0.1141 0.6760
vt 0.1173 0.6760
vt 0.1179 0.6757
vt 0.1184 0.6742
vt 0.1184 0.6677
vt 0.1179 0.6662
vt 0.1173 0.6658
vt 0.1141 0.6658
vt 0.1131 0.6662
vt 0.1124 0.6683
vt 0.1118 0.6687
vt 0.1046 0.6687
vt 0.1030 0.6653
vt 0.1021 0.6653
vt 0.1573 0.7122
vt 0.1569 0.7122
vt 0.1437 0.7239
vt 0.1437 0.7239
vt 0.1521 0.7179
vt 0.1526 0.7179
vt 0.1439 0.7238
vt 0.1439 0.7238
vt 0.1521 0.7179
vt 0.1639 0.7145
vt 0.1640 0.7145
vt 0.1526 0.7179
vt 0.1617 0.7146
vt 0.1618 0.7146
vt 0.1522 0.7178
vt 0.1524 0.7178
vt 0.1044 0.6786
vt 0.1148 0.6786
vt 0.1148 0.6777
vt 0.1117 0.6763
vt 0.1117 0.6698
vt 0.1120 0.6692
vt 0.1139 0.6686
vt 0.1142 0.6677
vt 0.1142 0.6648
vt 0.1139 0.6642
vt 0.1125 0.6638
vt 0.1066 0.6638
vt 0.1053 0.6642
vt 0.1049 0.6648
vt 0.1049 0.6677
vt 0.1053 0.6686
vt 0.1072 0.6692
vt 0.1075 0.6698
vt 0.1075 0.6763
vt 0.1044 0.6777
vt 0.1124 0.6755
vt 0.1096 0.6742
vt 0.1096 0.6684
vt 0.1099 0.6679
vt 0.1116 0.6673
vt 0.1119 0.6665
vt 0.1119 0.6639
vt 0.1116 0.6634
vt 0.1104 0.6630
vt 0.1051 0.6630
vt 0.1039 0.6634
vt 0.1036 0.6639
vt 0.1036 0.6665
vt 0.1039 0.6673
vt 0.1056 0.6679
vt 0.1059 0.6684
vt 0.1059 0.6742
vt 0.1032 0.6755
vt 0.1032 0.6762
vt 0.1124 0.6762
vt 0.1660 0.7028
vt 0.1659 0.7028
vt 0.1526 0.7179
vt 0.1521 0.7179
vt 0.1438 0.7357
vt 0.1439 0.7357
vt 0.1521 0.7179
vt 0.1590 0.7241
vt 0.1593 0.7239
vt 0.1440 0.7358
vt 0.1440 0.7358
vt 0.1526 0.7179
vt 0.1639 0.7028
vt 0.1638 0.7028
vt 0.1522 0.7178
vt 0.1524 0.7178
vt 0.0886 0.8489
vt 0.0879 0.8489
vt 0.0879 0.8560
vt 0.0886 0.8560
vt 0.0853 0.8634
vt 0.0846 0.8631
vt 0.0837 0.8671
vt 0.0844 0.8673
vt 0.0797 0.8653
vt 0.0791 0.8656
vt 0.0799 0.8695
vt 0.0806 0.8693
vt 0.0879 0.8560
vt 0.0872 0.8560
vt 0.0872 0.8631
vt 0.0879 0.8631
vt 0.0847 0.8685
vt 0.0845 0.8693
vt 0.0851 0.8695
vt 0.0853 0.8687
vt 0.0798 0.8633
vt 0.0800 0.8641
vt 0.0806 0.8639
vt 0.0804 0.8631
vt 0.0797 0.8646
vt 0.0791 0.8643
vt 0.0838 0.8684
vt 0.0844 0.8680
vt 0.1143 0.8696
vt 0.1162 0.8708
vt 0.1181 0.8696
vt 0.1181 0.8674
vt 0.1162 0.8663
vt 0.1143 0.8674
vt 0.1205 0.8549
vt 0.1185 0.8538
vt 0.1166 0.8549
vt 0.1166 0.8571
vt 0.1185 0.8583
vt 0.1205 0.8571
vt 0.1122 0.8663
vt 0.1133 0.8663
vt 0.1133 0.8578
vt 0.1122 0.8578
vt 0.1045 0.8663
vt 0.1067 0.8663
vt 0.1067 0.8578
vt 0.1045 0.8578
vt 0.1155 0.8663
vt 0.1166 0.8663
vt 0.1166 0.8578
vt 0.1155 0.8578
vt 0.1078 0.8663
vt 0.1078 0.8578
vt 0.1034 0.8663
vt 0.1034 0.8578
vt 0.0886 0.8560
vt 0.0879 0.8560
vt 0.0879 0.8631
vt 0.0886 0.8631
vt 0.0837 0.8634
vt 0.0830 0.8631
vt 0.0822 0.8671
vt 0.0828 0.8673
vt 0.0856 0.8582
vt 0.0849 0.8584
vt 0.0858 0.8623
vt 0.0865 0.8621
vt 0.0865 0.8631
vt 0.0872 0.8631
vt 0.0872 0.8560
vt 0.0865 0.8560
vt 0.0831 0.8685
vt 0.0830 0.8693
vt 0.0835 0.8695
vt 0.0837 0.8687
vt 0.0857 0.8562
vt 0.0859 0.8570
vt 0.0865 0.8568
vt 0.0863 0.8560
vt 0.0856 0.8574
vt 0.0850 0.8571
vt 0.0822 0.8684
vt 0.0828 0.8680
vt 0.1009 0.8708
vt 0.1028 0.8696
vt 0.1028 0.8674
vt 0.1009 0.8663
vt 0.0990 0.8674
vt 0.0990 0.8696
vt 0.1047 0.8708
vt 0.1066 0.8696
vt 0.1066 0.8674
vt 0.1047 0.8663
vt 0.1028 0.8674
vt 0.1028 0.8696
vt 0.1078 0.8663
vt 0.1089 0.8663
vt 0.1089 0.8578
vt 0.1078 0.8578
vt 0.1045 0.8578
vt 0.1067 0.8578
vt 0.1067 0.8493
vt 0.1045 0.8493
vt 0.1111 0.8663
vt 0.1122 0.8663
vt 0.1122 0.8578
vt 0.1111 0.8578
vt 0.1078 0.8578
vt 0.1078 0.8493
vt 0.1034 0.8578
vt 0.1034 0.8493
vt 0.1089 0.8663
vt 0.1111 0.8663
vt 0.1111 0.8578
vt 0.1089 0.8578
vt 0.1034 0.8578
vt 0.1045 0.8578
vt 0.1045 0.8493
vt 0.1034 0.8493
vt 0.1067 0.8578
vt 0.1078 0.8578
vt 0.1078 0.8493
vt 0.1067 0.8493
vt 0.1122 0.8663
vt 0.1122 0.8578
vt 0.1078 0.8663
vt 0.1078 0.8578
vt 0.1047 0.8708
vt 0.1066 0.8696
vt 0.1066 0.8674
vt 0.1047 0.8663
vt 0.1028 0.8674
vt 0.1028 0.8696
vt 0.1009 0.8708
vt 0.1028 0.8696
vt 0.1028 0.8674
vt 0.1009 0.8663
vt 0.0990 0.8674
vt 0.0990 0.8696
vt 0.0822 0.8671
vt 0.0822 0.8684
vt 0.0828 0.8680
vt 0.0828 0.8673
vt 0.0856 0.8582
vt 0.0856 0.8574
vt 0.0850 0.8571
vt 0.0849 0.8584
vt 0.0830 0.8693
vt 0.0831 0.8685
vt 0.0859 0.8570
vt 0.0857 0.8562
vt 0.0865 0.8568
vt 0.0863 0.8560
vt 0.0835 0.8695
vt 0.0837 0.8687
vt 0.0865 0.8631
vt 0.0872 0.8631
vt 0.0872 0.8560
vt 0.0865 0.8560
vt 0.0858 0.8623
vt 0.0865 0.8621
vt 0.0837 0.8634
vt 0.0830 0.8631
vt 0.0886 0.8560
vt 0.0879 0.8560
vt 0.0879 0.8631
vt 0.0886 0.8631
vt 0.1133 0.8663
vt 0.1155 0.8663
vt 0.1155 0.8578
vt 0.1133 0.8578
vt 0.1034 0.8663
vt 0.1045 0.8663
vt 0.1045 0.8578
vt 0.1034 0.8578
vt 0.1067 0.8663
vt 0.1078 0.8663
vt 0.1078 0.8578
vt 0.1067 0.8578
vt 0.1166 0.8663
vt 0.1166 0.8578
vt 0.1122 0.8663
vt 0.1122 0.8578
vt 0.1205 0.8549
vt 0.1185 0.8538
vt 0.1166 0.8549
vt 0.1166 0.8571
vt 0.1185 0.8583
vt 0.1205 0.8571
vt 0.1143 0.8696
vt 0.1162 0.8708
vt 0.1181 0.8696
vt 0.1181 0.8674
vt 0.1162 0.8663
vt 0.1143 0.8674
vt 0.0837 0.8671
vt 0.0838 0.8684
vt 0.0844 0.8680
vt 0.0844 0.8673
vt 0.0797 0.8653
vt 0.0797 0.8646
vt 0.0791 0.8643
vt 0.0791 0.8656
vt 0.0845 0.8693
vt 0.0847 0.8685
vt 0.0800 0.8641
vt 0.0798 0.8633
vt 0.0806 0.8639
vt 0.0804 0.8631
vt 0.0851 0.8695
vt 0.0853 0.8687
vt 0.0879 0.8560
vt 0.0872 0.8560
vt 0.0872 0.8631
vt 0.0879 0.8631
vt 0.0799 0.8695
vt 0.0806 0.8693
vt 0.0853 0.8634
vt 0.0846 0.8631
vt 0.0886 0.8489
vt 0.0879 0.8489
vt 0.0879 0.8560
vt 0.0886 0.8560
vt 0.0886 0.8489
vt 0.0879 0.8489
vt 0.0879 0.8560
vt 0.0886 0.8560
vt 0.0853 0.8634
vt 0.0846 0.8631
vt 0.0837 0.8671
vt 0.0844 0.8673
vt 0.0797 0.8653
vt 0.0791 0.8656
vt 0.0799 0.8695
vt 0.0806 0.8693
vt 0.0879 0.8560
vt 0.0872 0.8560
vt 0.0872 0.8631
vt 0.0879 0.8631
vt 0.0847 0.8685
vt 0.0845 0.8693
vt 0.0851 0.8695
vt 0.0853 0.8687
vt 0.0798 0.8633
vt 0.0800 0.8641
vt 0.0806 0.8639
vt 0.0804 0.8631
vt 0.0797 0.8646
vt 0.0791 0.8643
vt 0.0838 0.8684
vt 0.0844 0.8680
vt 0.1143 0.8696
vt 0.1162 0.8708
vt 0.1181 0.8696
vt 0.1181 0.8674
vt 0.1162 0.8663
vt 0.1143 0.8674
vt 0.1205 0.8549
vt 0.1185 0.8538
vt 0.1166 0.8549
vt 0.1166 0.8571
vt 0.1185 0.8583
vt 0.1205 0.8571
vt 0.1122 0.8663
vt 0.1133 0.8663
vt 0.1133 0.8578
vt 0.1122 0.8578
vt 0.1045 0.8663
vt 0.1067 0.8663
vt 0.1067 0.8578
vt 0.1045 0.8578
vt 0.1155 0.8663
vt 0.1166 0.8663
vt 0.1166 0.8578
vt 0.1155 0.8578
vt 0.1078 0.8663
vt 0.1078 0.8578
vt 0.1034 0.8663
vt 0.1034 0.8578
vt 0.0886 0.8560
vt 0.0879 0.8560
vt 0.0879 0.8631
vt 0.0886 0.8631
vt 0.0837 0.8634
vt 0.0830 0.8631
vt 0.0822 0.8671
vt 0.0828 0.8673
vt 0.0856 0.8582
vt 0.0849 0.8584
vt 0.0858 0.8623
vt 0.0865 0.8621
vt 0.0865 0.8631
vt 0.0872 0.8631
vt 0.0872 0.8560
vt 0.0865 0.8560
vt 0.0831 0.8685
vt 0.0830 0.8693
vt 0.0835 0.8695
vt 0.0837 0.8687
vt 0.0857 0.8562
vt 0.0859 0.8570
vt 0.0865 0.8568
vt 0.0863 0.8560
vt 0.0856 0.8574
vt 0.0850 0.8571
vt 0.0822 0.8684
vt 0.0828 0.8680
vt 0.1009 0.8708
vt 0.1028 0.8696
vt 0.1028 0.8674
vt 0.1009 0.8663
vt 0.0990 0.8674
vt 0.0990 0.8696
vt 0.1047 0.8708
vt 0.1066 0.8696
vt 0.1066 0.8674
vt 0.1047 0.8663
vt 0.1028 0.8674
vt 0.1028 0.8696
vt 0.1078 0.8663
vt 0.1089 0.8663
vt 0.1089 0.8578
vt 0.1078 0.8578
vt 0.1045 0.8578
vt 0.1067 0.8578
vt 0.1067 0.8493
vt 0.1045 0.8493
vt 0.1111 0.8663
vt 0.1122 0.8663
vt 0.1122 0.8578
vt 0.1111 0.8578
vt 0.1078 0.8578
vt 0.1078 0.8493
vt 0.1034 0.8578
vt 0.1034 0.8493
vt 0.1089 0.8663
vt 0.1111 0.8663
vt 0.1111 0.8578
vt 0.1089 0.8578
vt 0.1034 0.8578
vt 0.1045 0.8578
vt 0.1045 0.8493
vt 0.1034 0.8493
vt 0.1067 0.8578
vt 0.1078 0.8578
vt 0.1078 0.8493
vt 0.1067 0.8493
vt 0.1122 0.8663
vt 0.1122 0.8578
vt 0.1078 0.8663
vt 0.1078 0.8578
vt 0.1047 0.8708
vt 0.1066 0.8696
vt 0.1066 0.8674
vt 0.1047 0.8663
vt 0.1028 0.8674
vt 0.1028 0.8696
vt 0.1009 0.8708
vt 0.1028 0.8696
vt 0.1028 0.8674
vt 0.1009 0.8663
vt 0.0990 0.8674
vt 0.0990 0.8696
vt 0.0822 0.8671
vt 0.0822 0.8684
vt 0.0828 0.8680
vt 0.0828 0.8673
vt 0.0856 0.8582
vt 0.0856 0.8574
vt 0.0850 0.8571
vt 0.0849 0.8584
vt 0.0830 0.8693
vt 0.0831 0.8685
vt 0.0859 0.8570
vt 0.0857 0.8562
vt 0.0865 0.8568
vt 0.0863 0.8560
vt 0.0835 0.8695
vt 0.0837 0.8687
vt 0.0865 0.8631
vt 0.0872 0.8631
vt 0.0872 0.8560
vt 0.0865 0.8560
vt 0.0858 0.8623
vt 0.0865 0.8621
vt 0.0837 0.8634
vt 0.0830 0.8631
vt 0.0886 0.8560
vt 0.0879 0.8560
vt 0.0879 0.8631
vt 0.0886 0.8631
vt 0.1133 0.8663
vt 0.1155 0.8663
vt 0.1155 0.8578
vt 0.1133 0.8578
vt 0.1034 0.8663
vt 0.1045 0.8663
vt 0.1045 0.8578
vt 0.1034 0.8578
vt 0.1067 0.8663
vt 0.1078 0.8663
vt 0.1078 0.8578
vt 0.1067 0.8578
vt 0.1166 0.8663
vt 0.1166 0.8578
vt 0.1122 0.8663
vt 0.1122 0.8578
vt 0.1205 0.8549
vt 0.1185 0.8538
vt 0.1166 0.8549
vt 0.1166 0.8571
vt 0.1185 0.8583
vt 0.1205 0.8571
vt 0.1143 0.8696
vt 0.1162 0.8708
vt 0.1181 0.8696
vt 0.1181 0.8674
vt 0.1162 0.8663
vt 0.1143 0.8674
vt 0.0837 0.8671
vt 0.0838 0.8684
vt 0.0844 0.8680
vt 0.0844 0.8673
vt 0.0797 0.8653
vt 0.0797 0.8646
vt 0.0791 0.8643
vt 0.0791 0.8656
vt 0.0845 0.8693
vt 0.0847 0.8685
vt 0.0800 0.8641
vt 0.0798 0.8633
vt 0.0806 0.8639
vt 0.0804 0.8631
vt 0.0851 0.8695
vt 0.0853 0.8687
vt 0.0879 0.8560
vt 0.0872 0.8560
vt 0.0872 0.8631
vt 0.0879 0.8631
vt 0.0799 0.8695
vt 0.0806 0.8693
vt 0.0853 0.8634
vt 0.0846 0.8631
vt 0.0886 0.8489
vt 0.0879 0.8489
vt 0.0879 0.8560
vt 0.0886 0.8560
vt 0.0886 0.8489
vt 0.0879 0.8489
vt 0.0879 0.8560
vt 0.0886 0.8560
vt 0.0853 0.8634
vt 0.0846 0.8631
vt 0.0837 0.8671
vt 0.0844 0.8673
vt 0.0797 0.8653
vt 0.0791 0.8656
vt 0.0799 0.8695
vt 0.0806 0.8693
vt 0.0879 0.8560
vt 0.0872 0.8560
vt 0.0872 0.8631
vt 0.0879 0.8631
vt 0.0847 0.8685
vt 0.0845 0.8693
vt 0.0851 0.8695
vt 0.0853 0.8687
vt 0.0798 0.8633
vt 0.0800 0.8641
vt 0.0806 0.8639
vt 0.0804 0.8631
vt 0.0797 0.8646
vt 0.0791 0.8643
vt 0.0838 0.8684
vt 0.0844 0.8680
vt 0.1143 0.8696
vt 0.1162 0.8708
vt 0.1181 0.8696
vt 0.1181 0.8674
vt 0.1162 0.8663
vt 0.1143 0.8674
vt 0.1205 0.8549
vt 0.1185 0.8538
vt 0.1166 0.8549
vt 0.1166 0.8571
vt 0.1185 0.8583
vt 0.1205 0.8571
vt 0.1122 0.8663
vt 0.1133 0.8663
vt 0.1133 0.8578
vt 0.1122 0.8578
vt 0.1045 0.8663
vt 0.1067 0.8663
vt 0.1067 0.8578
vt 0.1045 0.8578
vt 0.1155 0.8663
vt 0.1166 0.8663
vt 0.1166 0.8578
vt 0.1155 0.8578
vt 0.1078 0.8663
vt 0.1078 0.8578
vt 0.1034 0.8663
vt 0.1034 0.8578
vt 0.0886 0.8560
vt 0.0879 0.8560
vt 0.0879 0.8631
vt 0.0886 0.8631
vt 0.0837 0.8634
vt 0.0830 0.8631
vt 0.0822 0.8671
vt 0.0828 0.8673
vt 0.0856 0.8582
vt 0.0849 0.8584
vt 0.0858 0.8623
vt 0.0865 0.8621
vt 0.0865 0.8631
vt 0.0872 0.8631
vt 0.0872 0.8560
vt 0.0865 0.8560
vt 0.0831 0.8685
vt 0.0830 0.8693
vt 0.0835 0.8695
vt 0.0837 0.8687
vt 0.0857 0.8562
vt 0.0859 0.8570
vt 0.0865 0.8568
vt 0.0863 0.8560
vt 0.0856 0.8574
vt 0.0850 0.8571
vt 0.0822 0.8684
vt 0.0828 0.8680
vt 0.1009 0.8708
vt 0.1028 0.8696
vt 0.1028 0.8674
vt 0.1009 0.8663
vt 0.0990 0.8674
vt 0.0990 0.8696
vt 0.1047 0.8708
vt 0.1066 0.8696
vt 0.1066 0.8674
vt 0.1047 0.8663
vt 0.1028 0.8674
vt 0.1028 0.8696
vt 0.1078 0.8663
vt 0.1089 0.8663
vt 0.1089 0.8578
vt 0.1078 0.8578
vt 0.1045 0.8578
vt 0.1067 0.8578
vt 0.1067 0.8493
vt 0.1045 0.8493
vt 0.1111 0.8663
vt 0.1122 0.8663
vt 0.1122 0.8578
vt 0.1111 0.8578
vt 0.1078 0.8578
vt 0.1078 0.8493
vt 0.1034 0.8578
vt 0.1034 0.8493
vt 0.1089 0.8663
vt 0.1111 0.8663
vt 0.1111 0.8578
vt 0.1089 0.8578
vt 0.1034 0.8578
vt 0.1045 0.8578
vt 0.1045 0.8493
vt 0.1034 0.8493
vt 0.1067 0.8578
vt 0.1078 0.8578
vt 0.1078 0.8493
vt 0.1067 0.8493
vt 0.1122 0.8663
vt 0.1122 0.8578
vt 0.1078 0.8663
vt 0.1078 0.8578
vt 0.1047 0.8708
vt 0.1066 0.8696
vt 0.1066 0.8674
vt 0.1047 0.8663
vt 0.1028 0.8674
vt 0.1028 0.8696
vt 0.1009 0.8708
vt 0.1028 0.8696
vt 0.1028 0.8674
vt 0.1009 0.8663
vt 0.0990 0.8674
vt 0.0990 0.8696
vt 0.0822 0.8671
vt 0.0822 0.8684
vt 0.0828 0.8680
vt 0.0828 0.8673
vt 0.0856 0.8582
vt 0.0856 0.8574
vt 0.0850 0.8571
vt 0.0849 0.8584
vt 0.0830 0.8693
vt 0.0831 0.8685
vt 0.0859 0.8570
vt 0.0857 0.8562
vt 0.0865 0.8568
vt 0.0863 0.8560
vt 0.0835 0.8695
vt 0.0837 0.8687
vt 0.0865 0.8631
vt 0.0872 0.8631
vt 0.0872 0.8560
vt 0.0865 0.8560
vt 0.0858 0.8623
vt 0.0865 0.8621
vt 0.0837 0.8634
vt 0.0830 0.8631
vt 0.0886 0.8560
vt 0.0879 0.8560
vt 0.0879 0.8631
vt 0.0886 0.8631
vt 0.1133 0.8663
vt 0.1155 0.8663
vt 0.1155 0.8578
vt 0.1133 0.8578
vt 0.1034 0.8663
vt 0.1045 0.8663
vt 0.1045 0.8578
vt 0.1034 0.8578
vt 0.1067 0.8663
vt 0.1078 0.8663
vt 0.1078 0.8578
vt 0.1067 0.8578
vt 0.1166 0.8663
vt 0.1166 0.8578
vt 0.1122 0.8663
vt 0.1122 0.8578
vt 0.1205 0.8549
vt 0.1185 0.8538
vt 0.1166 0.8549
vt 0.1166 0.8571
vt 0.1185 0.8583
vt 0.1205 0.8571
vt 0.1143 0.8696
vt 0.1162 0.8708
vt 0.1181 0.8696
vt 0.1181 0.8674
vt 0.1162 0.8663
vt 0.1143 0.8674
vt 0.0837 0.8671
vt 0.0838 0.8684
vt 0.0844 0.8680
vt 0.0844 0.8673
vt 0.0797 0.8653
vt 0.0797 0.8646
vt 0.0791 0.8643
vt 0.0791 0.8656
vt 0.0845 0.8693
vt 0.0847 0.8685
vt 0.0800 0.8641
vt 0.0798 0.8633
vt 0.0806 0.8639
vt 0.0804 0.8631
vt 0.0851 0.8695
vt 0.0853 0.8687
vt 0.0879 0.8560
vt 0.0872 0.8560
vt 0.0872 0.8631
vt 0.0879 0.8631
vt 0.0799 0.8695
vt 0.0806 0.8693
vt 0.0853 0.8634
vt 0.0846 0.8631
vt 0.0886 0.8489
vt 0.0879 0.8489
vt 0.0879 0.8560
vt 0.0886 0.8560
vt 0.0886 0.8489
vt 0.0879 0.8489
vt 0.0879 0.8560
vt 0.0886 0.8560
vt 0.0853 0.8634
vt 0.0846 0.8631
vt 0.0837 0.8671
vt 0.0844 0.8673
vt 0.0797 0.8653
vt 0.0791 0.8656
vt 0.0799 0.8695
vt 0.0806 0.8693
vt 0.0879 0.8560
vt 0.0872 0.8560
vt 0.0872 0.8631
vt 0.0879 0.8631
vt 0.0847 0.8685
vt 0.0845 0.8693
vt 0.0851 0.8695
vt 0.0853 0.8687
vt 0.0798 0.8633
vt 0.0800 0.8641
vt 0.0806 0.8639
vt 0.0804 0.8631
vt 0.0797 0.8646
vt 0.0791 0.8643
vt 0.0838 0.8684
vt 0.0844 0.8680
vt 0.1143 0.8696
vt 0.1162 0.8708
vt 0.1181 0.8696
vt 0.1181 0.8674
vt 0.1162 0.8663
vt 0.1143 0.8674
vt 0.1205 0.8549
vt 0.1185 0.8538
vt 0.1166 0.8549
vt 0.1166 0.8571
vt 0.1185 0.8583
vt 0.1205 0.8571
vt 0.1122 0.8663
vt 0.1133 0.8663
vt 0.1133 0.8578
vt 0.1122 0.8578
vt 0.1045 0.8663
vt 0.1067 0.8663
vt 0.1067 0.8578
vt 0.1045 0.8578
vt 0.1155 0.8663
vt 0.1166 0.8663
vt 0.1166 0.8578
vt 0.1155 0.8578
vt 0.1078 0.8663
vt 0.1078 0.8578
vt 0.1034 0.8663
vt 0.1034 0.8578
vt 0.0886 0.8560
vt 0.0879 0.8560
vt 0.0879 0.8631
vt 0.0886 0.8631
vt 0.0837 0.8634
vt 0.0830 0.8631
vt 0.0822 0.8671
vt 0.0828 0.8673
vt 0.0856 0.8582
vt 0.0849 0.8584
vt 0.0858 0.8623
vt 0.0865 0.8621
vt 0.0865 0.8631
vt 0.0872 0.8631
vt 0.0872 0.8560
vt 0.0865 0.8560
vt 0.0831 0.8685
vt 0.0830 0.8693
vt 0.0835 0.8695
vt 0.0837 0.8687
vt 0.0857 0.8562
vt 0.0859 0.8570
vt 0.0865 0.8568
vt 0.0863 0.8560
vt 0.0856 0.8574
vt 0.0850 0.8571
vt 0.0822 0.8684
vt 0.0828 0.8680
vt 0.1009 0.8708
vt 0.1028 0.8696
vt 0.1028 0.8674
vt 0.1009 0.8663
vt 0.0990 0.8674
vt 0.0990 0.8696
vt 0.1047 0.8708
vt 0.1066 0.8696
vt 0.1066 0.8674
vt 0.1047 0.8663
vt 0.1028 0.8674
vt 0.1028 0.8696
vt 0.1078 0.8663
vt 0.1089 0.8663
vt 0.1089 0.8578
vt 0.1078 0.8578
vt 0.1045 0.8578
vt 0.1067 0.8578
vt 0.1067 0.8493
vt 0.1045 0.8493
vt 0.1111 0.8663
vt 0.1122 0.8663
vt 0.1122 0.8578
vt 0.1111 0.8578
vt 0.1078 0.8578
vt 0.1078 0.8493
vt 0.1034 0.8578
vt 0.1034 0.8493
vt 0.1089 0.8663
vt 0.1111 0.8663
vt 0.1111 0.8578
vt 0.1089 0.8578
vt 0.1034 0.8578
vt 0.1045 0.8578
vt 0.1045 0.8493
vt 0.1034 0.8493
vt 0.1067 0.8578
vt 0.1078 0.8578
vt 0.1078 0.8493
vt 0.1067 0.8493
vt 0.1122 0.8663
vt 0.1122 0.8578
vt 0.1078 0.8663
vt 0.1078 0.8578
vt 0.1047 0.8708
vt 0.1066 0.8696
vt 0.1066 0.8674
vt 0.1047 0.8663
vt 0.1028 0.8674
vt 0.1028 0.8696
vt 0.1009 0.8708
vt 0.1028 0.8696
vt 0.1028 0.8674
vt 0.1009 0.8663
vt 0.0990 0.8674
vt 0.0990 0.8696
vt 0.0822 0.8671
vt 0.0822 0.8684
vt 0.0828 0.8680
vt 0.0828 0.8673
vt 0.0856 0.8582
vt 0.0856 0.8574
vt 0.0850 0.8571
vt 0.0849 0.8584
vt 0.0830 0.8693
vt 0.0831 0.8685
vt 0.0859 0.8570
vt 0.0857 0.8562
vt 0.0865 0.8568
vt 0.0863 0.8560
vt 0.0835 0.8695
vt 0.0837 0.8687
vt 0.0865 0.8631
vt 0.0872 0.8631
vt 0.0872 0.8560
vt 0.0865 0.8560
vt 0.0858 0.8623
vt 0.0865 0.8621
vt 0.0837 0.8634
vt 0.0830 0.8631
vt 0.0886 0.8560
vt 0.0879 0.8560
vt 0.0879 0.8631
vt 0.0886 0.8631
vt 0.1133 0.8663
vt 0.1155 0.8663
vt 0.1155 0.8578
vt 0.1133 0.8578
vt 0.1034 0.8663
vt 0.1045 0.8663
vt 0.1045 0.8578
vt 0.1034 0.8578
vt 0.1067 0.8663
vt 0.1078 0.8663
vt 0.1078 0.8578
vt 0.1067 0.8578
vt 0.1166 0.8663
vt 0.1166 0.8578
vt 0.1122 0.8663
vt 0.1122 0.8578
vt 0.1205 0.8549
vt 0.1185 0.8538
vt 0.1166 0.8549
vt 0.1166 0.8571
vt 0.1185 0.8583
vt 0.1205 0.8571
vt 0.1143 0.8696
vt 0.1162 0.8708
vt 0.1181 0.8696
vt 0.1181 0.8674
vt 0.1162 0.8663
vt 0.1143 0.8674
vt 0.0837 0.8671
vt 0.0838 0.8684
vt 0.0844 0.8680
vt 0.0844 0.8673
vt 0.0797 0.8653
vt 0.0797 0.8646
vt 0.0791 0.8643
vt 0.0791 0.8656
vt 0.0845 0.8693
vt 0.0847 0.8685
vt 0.0800 0.8641
vt 0.0798 0.8633
vt 0.0806 0.8639
vt 0.0804 0.8631
vt 0.0851 0.8695
vt 0.0853 0.8687
vt 0.0879 0.8560
vt 0.0872 0.8560
vt 0.0872 0.8631
vt 0.0879 0.8631
vt 0.0799 0.8695
vt 0.0806 0.8693
vt 0.0853 0.8634
vt 0.0846 0.8631
vt 0.0886 0.8489
vt 0.0879 0.8489
vt 0.0879 0.8560
vt 0.0886 0.8560
vt 0.0886 0.8489
vt 0.0879 0.8489
vt 0.0879 0.8560
vt 0.0886 0.8560
vt 0.0853 0.8634
vt 0.0846 0.8631
vt 0.0837 0.8671
vt 0.0844 0.8673
vt 0.0797 0.8653
vt 0.0791 0.8656
vt 0.0799 0.8695
vt 0.0806 0.8693
vt 0.0879 0.8560
vt 0.0872 0.8560
vt 0.0872 0.8631
vt 0.0879 0.8631
vt 0.0847 0.8685
vt 0.0845 0.8693
vt 0.0851 0.8695
vt 0.0853 0.8687
vt 0.0798 0.8633
vt 0.0800 0.8641
vt 0.0806 0.8639
vt 0.0804 0.8631
vt 0.0797 0.8646
vt 0.0791 0.8643
vt 0.0838 0.8684
vt 0.0844 0.8680
vt 0.1143 0.8696
vt 0.1162 0.8708
vt 0.1181 0.8696
vt 0.1181 0.8674
vt 0.1162 0.8663
vt 0.1143 0.8674
vt 0.1205 0.8549
vt 0.1185 0.8538
vt 0.1166 0.8549
vt 0.1166 0.8571
vt 0.1185 0.8583
vt 0.1205 0.8571
vt 0.1122 0.8663
vt 0.1133 0.8663
vt 0.1133 0.8578
vt 0.1122 0.8578
vt 0.1045 0.8663
vt 0.1067 0.8663
vt 0.1067 0.8578
vt 0.1045 0.8578
vt 0.1155 0.8663
vt 0.1166 0.8663
vt 0.1166 0.8578
vt 0.1155 0.8578
vt 0.1078 0.8663
vt 0.1078 0.8578
vt 0.1034 0.8663
vt 0.1034 0.8578
vt 0.0886 0.8560
vt 0.0879 0.8560
vt 0.0879 0.8631
vt 0.0886 0.8631
vt 0.0837 0.8634
vt 0.0830 0.8631
vt 0.0822 0.8671
vt 0.0828 0.8673
vt 0.0856 0.8582
vt 0.0849 0.8584
vt 0.0858 0.8623
vt 0.0865 0.8621
vt 0.0865 0.8631
vt 0.0872 0.8631
vt 0.0872 0.8560
vt 0.0865 0.8560
vt 0.0831 0.8685
vt 0.0830 0.8693
vt 0.0835 0.8695
vt 0.0837 0.8687
vt 0.0857 0.8562
vt 0.0859 0.8570
vt 0.0865 0.8568
vt 0.0863 0.8560
vt 0.0856 0.8574
vt 0.0850 0.8571
vt 0.0822 0.8684
vt 0.0828 0.8680
vt 0.1009 0.8708
vt 0.1028 0.8696
vt 0.1028 0.8674
vt 0.1009 0.8663
vt 0.0990 0.8674
vt 0.0990 0.8696
vt 0.1047 0.8708
vt 0.1066 0.8696
vt 0.1066 0.8674
vt 0.1047 0.8663
vt 0.1028 0.8674
vt 0.1028 0.8696
vt 0.1078 0.8663
vt 0.1089 0.8663
vt 0.1089 0.8578
vt 0.1078 0.8578
vt 0.1045 0.8578
vt 0.1067 0.8578
vt 0.1067 0.8493
vt 0.1045 0.8493
vt 0.1111 0.8663
vt 0.1122 0.8663
vt 0.1122 0.8578
vt 0.1111 0.8578
vt 0.1078 0.8578
vt 0.1078 0.8493
vt 0.1034 0.8578
vt 0.1034 0.8493
vt 0.1089 0.8663
vt 0.1111 0.8663
vt 0.1111 0.8578
vt 0.1089 0.8578
vt 0.1034 0.8578
vt 0.1045 0.8578
vt 0.1045 0.8493
vt 0.1034 0.8493
vt 0.1067 0.8578
vt 0.1078 0.8578
vt 0.1078 0.8493
vt 0.1067 0.8493
vt 0.1122 0.8663
vt 0.1122 0.8578
vt 0.1078 0.8663
vt 0.1078 0.8578
vt 0.1047 0.8708
vt 0.1066 0.8696
vt 0.1066 0.8674
vt 0.1047 0.8663
vt 0.1028 0.8674
vt 0.1028 0.8696
vt 0.1009 0.8708
vt 0.1028 0.8696
vt 0.1028 0.8674
vt 0.1009 0.8663
vt 0.0990 0.8674
vt 0.0990 0.8696
vt 0.0822 0.8671
vt 0.0822 0.8684
vt 0.0828 0.8680
vt 0.0828 0.8673
vt 0.0856 0.8582
vt 0.0856 0.8574
vt 0.0850 0.8571
vt 0.0849 0.8584
vt 0.0830 0.8693
vt 0.0831 0.8685
vt 0.0859 0.8570
vt 0.0857 0.8562
vt 0.0865 0.8568
vt 0.0863 0.8560
vt 0.0835 0.8695
vt 0.0837 0.8687
vt 0.0865 0.8631
vt 0.0872 0.8631
vt 0.0872 0.8560
vt 0.0865 0.8560
vt 0.0858 0.8623
vt 0.0865 0.8621
vt 0.0837 0.8634
vt 0.0830 0.8631
vt 0.0886 0.8560
vt 0.0879 0.8560
vt 0.0879 0.8631
vt 0.0886 0.8631
vt 0.1133 0.8663
vt 0.1155 0.8663
vt 0.1155 0.8578
vt 0.1133 0.8578
vt 0.1034 0.8663
vt 0.1045 0.8663
vt 0.1045 0.8578
vt 0.1034 0.8578
vt 0.1067 0.8663
vt 0.1078 0.8663
vt 0.1078 0.8578
vt 0.1067 0.8578
vt 0.1166 0.8663
vt 0.1166 0.8578
vt 0.1122 0.8663
vt 0.1122 0.8578
vt 0.1205 0.8549
vt 0.1185 0.8538
vt 0.1166 0.8549
vt 0.1166 0.8571
vt 0.1185 0.8583
vt 0.1205 0.8571
vt 0.1143 0.8696
vt 0.1162 0.8708
vt 0.1181 0.8696
vt 0.1181 0.8674
vt 0.1162 0.8663
vt 0.1143 0.8674
vt 0.0837 0.8671
vt 0.0838 0.8684
vt 0.0844 0.8680
vt 0.0844 0.8673
vt 0.0797 0.8653
vt 0.0797 0.8646
vt 0.0791 0.8643
vt 0.0791 0.8656
vt 0.0845 0.8693
vt 0.0847 0.8685
vt 0.0800 0.8641
vt 0.0798 0.8633
vt 0.0806 0.8639
vt 0.0804 0.8631
vt 0.0851 0.8695
vt 0.0853 0.8687
vt 0.0879 0.8560
vt 0.0872 0.8560
vt 0.0872 0.8631
vt 0.0879 0.8631
vt 0.0799 0.8695
vt 0.0806 0.8693
vt 0.0853 0.8634
vt 0.0846 0.8631
vt 0.0886 0.8489
vt 0.0879 0.8489
vt 0.0879 0.8560
vt 0.0886 0.8560
vt 0.0886 0.8489
vt 0.0879 0.8489
vt 0.0879 0.8560
vt 0.0886 0.8560
vt 0.0853 0.8634
vt 0.0846 0.8631
vt 0.0837 0.8671
vt 0.0844 0.8673
vt 0.0797 0.8653
vt 0.0791 0.8656
vt 0.0799 0.8695
vt 0.0806 0.8693
vt 0.0879 0.8560
vt 0.0872 0.8560
vt 0.0872 0.8631
vt 0.0879 0.8631
vt 0.0847 0.8685
vt 0.0845 0.8693
vt 0.0851 0.8695
vt 0.0853 0.8687
vt 0.0798 0.8633
vt 0.0800 0.8641
vt 0.0806 0.8639
vt 0.0804 0.8631
vt 0.0797 0.8646
vt 0.0791 0.8643
vt 0.0838 0.8684
vt 0.0844 0.8680
vt 0.1143 0.8696
vt 0.1162 0.8708
vt 0.1181 0.8696
vt 0.1181 0.8674
vt 0.1162 0.8663
vt 0.1143 0.8674
vt 0.1205 0.8549
vt 0.1185 0.8538
vt 0.1166 0.8549
vt 0.1166 0.8571
vt 0.1185 0.8583
vt 0.1205 0.8571
vt 0.1122 0.8663
vt 0.1133 0.8663
vt 0.1133 0.8578
vt 0.1122 0.8578
vt 0.1045 0.8663
vt 0.1067 0.8663
vt 0.1067 0.8578
vt 0.1045 0.8578
vt 0.1155 0.8663
vt 0.1166 0.8663
vt 0.1166 0.8578
vt 0.1155 0.8578
vt 0.1078 0.8663
vt 0.1078 0.8578
vt 0.1034 0.8663
vt 0.1034 0.8578
vt 0.0886 0.8560
vt 0.0879 0.8560
vt 0.0879 0.8631
vt 0.0886 0.8631
vt 0.0837 0.8634
vt 0.0830 0.8631
vt 0.0822 0.8671
vt 0.0828 0.8673
vt 0.0856 0.8582
vt 0.0849 0.8584
vt 0.0858 0.8623
vt 0.0865 0.8621
vt 0.0865 0.8631
vt 0.0872 0.8631
vt 0.0872 0.8560
vt 0.0865 0.8560
vt 0.0831 0.8685
vt 0.0830 0.8693
vt 0.0835 0.8695
vt 0.0837 0.8687
vt 0.0857 0.8562
vt 0.0859 0.8570
vt 0.0865 0.8568
vt 0.0863 0.8560
vt 0.0856 0.8574
vt 0.0850 0.8571
vt 0.0822 0.8684
vt 0.0828 0.8680
vt 0.1009 0.8708
vt 0.1028 0.8696
vt 0.1028 0.8674
vt 0.1009 0.8663
vt 0.0990 0.8674
vt 0.0990 0.8696
vt 0.1047 0.8708
vt 0.1066 0.8696
vt 0.1066 0.8674
vt 0.1047 0.8663
vt 0.1028 0.8674
vt 0.1028 0.8696
vt 0.1078 0.8663
vt 0.1089 0.8663
vt 0.1089 0.8578
vt 0.1078 0.8578
vt 0.1045 0.8578
vt 0.1067 0.8578
vt 0.1067 0.8493
vt 0.1045 0.8493
vt 0.1111 0.8663
vt 0.1122 0.8663
vt 0.1122 0.8578
vt 0.1111 0.8578
vt 0.1078 0.8578
vt 0.1078 0.8493
vt 0.1034 0.8578
vt 0.1034 0.8493
vt 0.1089 0.8663
vt 0.1111 0.8663
vt 0.1111 0.8578
vt 0.1089 0.8578
vt 0.1034 0.8578
vt 0.1045 0.8578
vt 0.1045 0.8493
vt 0.1034 0.8493
vt 0.1067 0.8578
vt 0.1078 0.8578
vt 0.1078 0.8493
vt 0.1067 0.8493
vt 0.1122 0.8663
vt 0.1122 0.8578
vt 0.1078 0.8663
vt 0.1078 0.8578
vt 0.1047 0.8708
vt 0.1066 0.8696
vt 0.1066 0.8674
vt 0.1047 0.8663
vt 0.1028 0.8674
vt 0.1028 0.8696
vt 0.1009 0.8708
vt 0.1028 0.8696
vt 0.1028 0.8674
vt 0.1009 0.8663
vt 0.0990 0.8674
vt 0.0990 0.8696
vt 0.0822 0.8671
vt 0.0822 0.8684
vt 0.0828 0.8680
vt 0.0828 0.8673
vt 0.0856 0.8582
vt 0.0856 0.8574
vt 0.0850 0.8571
vt 0.0849 0.8584
vt 0.0830 0.8693
vt 0.0831 0.8685
vt 0.0859 0.8570
vt 0.0857 0.8562
vt 0.0865 0.8568
vt 0.0863 0.8560
vt 0.0835 0.8695
vt 0.0837 0.8687
vt 0.0865 0.8631
vt 0.0872 0.8631
vt 0.0872 0.8560
vt 0.0865 0.8560
vt 0.0858 0.8623
vt 0.0865 0.8621
vt 0.0837 0.8634
vt 0.0830 0.8631
vt 0.0886 0.8560
vt 0.0879 0.8560
vt 0.0879 0.8631
vt 0.0886 0.8631
vt 0.1133 0.8663
vt 0.1155 0.8663
vt 0.1155 0.8578
vt 0.1133 0.8578
vt 0.1034 0.8663
vt 0.1045 0.8663
vt 0.1045 0.8578
vt 0.1034 0.8578
vt 0.1067 0.8663
vt 0.1078 0.8663
vt 0.1078 0.8578
vt 0.1067 0.8578
vt 0.1166 0.8663
vt 0.1166 0.8578
vt 0.1122 0.8663
vt 0.1122 0.8578
vt 0.1205 0.8549
vt 0.1185 0.8538
vt 0.1166 0.8549
vt 0.1166 0.8571
vt 0.1185 0.8583
vt 0.1205 0.8571
vt 0.1143 0.8696
vt 0.1162 0.8708
vt 0.1181 0.8696
vt 0.1181 0.8674
vt 0.1162 0.8663
vt 0.1143 0.8674
vt 0.0837 0.8671
vt 0.0838 0.8684
vt 0.0844 0.8680
vt 0.0844 0.8673
vt 0.0797 0.8653
vt 0.0797 0.8646
vt 0.0791 0.8643
vt 0.0791 0.8656
vt 0.0845 0.8693
vt 0.0847 0.8685
vt 0.0800 0.8641
vt 0.0798 0.8633
vt 0.0806 0.8639
vt 0.0804 0.8631
vt 0.0851 0.8695
vt 0.0853 0.8687
vt 0.0879 0.8560
vt 0.0872 0.8560
vt 0.0872 0.8631
vt 0.0879 0.8631
vt 0.0799 0.8695
vt 0.0806 0.8693
vt 0.0853 0.8634
vt 0.0846 0.8631
vt 0.0886 0.8489
vt 0.0879 0.8489
vt 0.0879 0.8560
vt 0.0886 0.8560
vt 0.1615 0.7028
vt 0.1615 0.7028
vt 0.1614 0.7028
vt 0.1614 0.7028
vt 0.0768 0.8560
vt 0.0734 0.8560
vt 0.0734 0.8631
vt 0.0768 0.8631
vt 0.0734 0.8560
vt 0.0768 0.8560
vt 0.0768 0.8489
vt 0.0734 0.8489
vt 0.0856 0.8631
vt 0.0856 0.8703
vt 0.0862 0.8703
vt 0.0862 0.8631
vt 0.0689 0.8631
vt 0.0689 0.8703
vt 0.0695 0.8703
vt 0.0695 0.8631
vt 0.0853 0.8703
vt 0.0853 0.8631
vt 0.0679 0.8703
vt 0.0679 0.8631
vt 0.0728 0.8560
vt 0.0728 0.8631
vt 0.0724 0.8489
vt 0.0724 0.8560
vt 0.0813 0.8560
vt 0.0847 0.8560
vt 0.0847 0.8489
vt 0.0813 0.8489
vt 0.0803 0.8489
vt 0.0768 0.8489
vt 0.0768 0.8560
vt 0.0803 0.8560
vt 0.0866 0.8489
vt 0.0866 0.8560
vt 0.0872 0.8560
vt 0.0872 0.8489
vt 0.0721 0.8631
vt 0.0721 0.8703
vt 0.0727 0.8703
vt 0.0727 0.8631
vt 0.0863 0.8560
vt 0.0863 0.8489
vt 0.0711 0.8703
vt 0.0711 0.8631
vt 0.0854 0.8560
vt 0.0854 0.8489
vt 0.0813 0.8560
vt 0.0813 0.8489
vt 0.0803 0.8560
vt 0.0813 0.8560
vt 0.0813 0.8489
vt 0.0803 0.8489
vt 0.0847 0.8560
vt 0.0854 0.8560
vt 0.0854 0.8489
vt 0.0847 0.8489
vt 0.0711 0.8703
vt 0.0721 0.8703
vt 0.0721 0.8631
vt 0.0711 0.8631
vt 0.0863 0.8560
vt 0.0866 0.8560
vt 0.0866 0.8489
vt 0.0863 0.8489
vt 0.0727 0.8703
vt 0.0727 0.8631
vt 0.0872 0.8560
vt 0.0872 0.8489
vt 0.0768 0.8489
vt 0.0768 0.8560
vt 0.0813 0.8560
vt 0.0813 0.8489
vt 0.1429 0.7358
vt 0.1429 0.7358
vt 0.1429 0.7358
vt 0.1429 0.7358
vt 0.1430 0.7358
vt 0.1429 0.7334
vt 0.1429 0.7334
vt 0.1682 0.7240
vt 0.1673 0.7217
vt 0.1673 0.7218
vt 0.1681 0.7240
vt 0.1429 0.7310
vt 0.1429 0.7310
vt 0.1157 0.6621
vt 0.1151 0.6636
vt 0.1152 0.6636
vt 0.1158 0.6621
vt 0.1710 0.7237
vt 0.1709 0.7213
vt 0.1709 0.7213
vt 0.1710 0.7237
vt 0.1428 0.7334
vt 0.1428 0.7334
vt 0.1428 0.7358
vt 0.1616 0.7029
vt 0.1608 0.7051
vt 0.1608 0.7051
vt 0.1617 0.7029
vt 0.1708 0.7213
vt 0.1709 0.7237
vt 0.1606 0.7051
vt 0.1606 0.7051
vt 0.1707 0.7237
vt 0.1706 0.7214
vt 0.1706 0.7214
vt 0.1707 0.7237
vt 0.1567 0.7148
vt 0.1567 0.7171
vt 0.1568 0.7171
vt 0.1567 0.7148
vt 0.1704 0.7214
vt 0.1705 0.7237
vt 0.1565 0.7148
vt 0.1565 0.7171
vt 0.1703 0.7239
vt 0.1695 0.7216
vt 0.1694 0.7216
vt 0.1703 0.7239
vt 0.1708 0.7213
vt 0.1708 0.7237
vt 0.1147 0.6651
vt 0.1148 0.6651
vt 0.1709 0.7189
vt 0.1709 0.7189
vt 0.1428 0.7310
vt 0.1427 0.7310
vt 0.1602 0.7074
vt 0.1602 0.7075
vt 0.1708 0.7189
vt 0.1600 0.7074
vt 0.1600 0.7074
vt 0.1706 0.7190
vt 0.1706 0.7190
vt 0.1568 0.7195
vt 0.1568 0.7195
vt 0.1704 0.7190
vt 0.1566 0.7195
vt 0.1689 0.7193
vt 0.1688 0.7193
vt 0.1707 0.7189
vt 0.1667 0.7194
vt 0.1667 0.7194
vt 0.1144 0.6666
vt 0.1143 0.6682
vt 0.1144 0.6682
vt 0.1146 0.6666
vt 0.1708 0.7165
vt 0.1708 0.7165
vt 0.1427 0.7286
vt 0.1427 0.7286
vt 0.1598 0.7098
vt 0.1598 0.7098
vt 0.1707 0.7165
vt 0.1428 0.7286
vt 0.1595 0.7098
vt 0.1596 0.7098
vt 0.1706 0.7166
vt 0.1705 0.7166
vt 0.1568 0.7220
vt 0.1568 0.7220
vt 0.1703 0.7166
vt 0.1566 0.7220
vt 0.1684 0.7169
vt 0.1684 0.7169
vt 0.1707 0.7165
vt 0.1663 0.7170
vt 0.1662 0.7170
vt 0.1429 0.7286
vt 0.1708 0.7141
vt 0.1708 0.7141
vt 0.1427 0.7262
vt 0.1427 0.7262
vt 0.1596 0.7122
vt 0.1596 0.7122
vt 0.1707 0.7141
vt 0.1428 0.7262
vt 0.1593 0.7122
vt 0.1594 0.7122
vt 0.1705 0.7142
vt 0.1705 0.7142
vt 0.1568 0.7244
vt 0.1568 0.7244
vt 0.1703 0.7142
vt 0.1566 0.7244
vt 0.1682 0.7145
vt 0.1682 0.7145
vt 0.1707 0.7141
vt 0.1661 0.7146
vt 0.1660 0.7146
vt 0.1428 0.7262
vt 0.1708 0.7118
vt 0.1708 0.7118
vt 0.1427 0.7238
vt 0.1427 0.7238
vt 0.1596 0.7146
vt 0.1596 0.7146
vt 0.1707 0.7118
vt 0.1428 0.7238
vt 0.1593 0.7146
vt 0.1594 0.7146
vt 0.1705 0.7118
vt 0.1705 0.7118
vt 0.1568 0.7267
vt 0.1568 0.7267
vt 0.1703 0.7118
vt 0.1566 0.7267
vt 0.1682 0.7121
vt 0.1682 0.7121
vt 0.1707 0.7118
vt 0.1661 0.7122
vt 0.1660 0.7122
vt 0.1428 0.7238
vt 0.1143 0.6698
vt 0.1144 0.6698
vt 0.0734 0.8489
vt 0.0724 0.8489
vt 0.0724 0.8560
vt 0.0734 0.8560
vt 0.0734 0.8560
vt 0.0728 0.8560
vt 0.0728 0.8631
vt 0.0734 0.8631
vt 0.0679 0.8703
vt 0.0689 0.8703
vt 0.0689 0.8631
vt 0.0679 0.8631
vt 0.0853 0.8703
vt 0.0856 0.8703
vt 0.0856 0.8631
vt 0.0853 0.8631
vt 0.0695 0.8703
vt 0.0695 0.8631
vt 0.0862 0.8703
vt 0.0862 0.8631
vt 0.0768 0.8560
vt 0.0768 0.8489
vt 0.0768 0.8560
vt 0.0768 0.8631
vt 0.1427 0.7238
vt 0.1427 0.7238
vt 0.1125 0.6638
vt 0.1125 0.6638
vt 0.1066 0.6638
vt 0.1066 0.6638
vt 0.1066 0.6638
vt 0.1125 0.6638
vt 0.1524 0.7175
vt 0.1524 0.7175
vt 0.1524 0.7175
vt 0.1524 0.7175
vt 0.1521 0.7173
vt 0.1521 0.7172
vt 0.1521 0.7172
vt 0.1521 0.7173
vt 0.1522 0.7175
vt 0.1522 0.7175
vt 0.1525 0.7172
vt 0.1525 0.7173
vt 0.1525 0.7173
vt 0.1525 0.7172
vt 0.1522 0.7175
vt 0.1521 0.7174
vt 0.1521 0.7174
vt 0.1522 0.7175
vt 0.1522 0.7172
vt 0.1522 0.7172
vt 0.1521 0.7174
vt 0.1521 0.7174
vt 0.1525 0.7174
vt 0.1525 0.7174
vt 0.1524 0.7172
vt 0.1524 0.7172
vt 0.1525 0.7174
vt 0.1525 0.7174
vt 0.1524 0.7175
vt 0.1524 0.7175
vt 0.1521 0.7172
vt 0.1521 0.7173
vt 0.1522 0.7175
vt 0.1525 0.7173
vt 0.1525 0.7172
vt 0.1521 0.7174
vt 0.1522 0.7175
vt 0.1522 0.7172
vt 0.1521 0.7174
vt 0.1525 0.7174
vt 0.1524 0.7172
vt 0.1525 0.7174
vt 0.1524 0.7175
vt 0.1525 0.7174
vt 0.1525 0.7172
vt 0.1524 0.7172
vt 0.1521 0.7174
vt 0.1521 0.7174
vt 0.1525 0.7174
vt 0.1525 0.7173
vt 0.1522 0.7175
vt 0.1522 0.7175
vt 0.1125 0.6638
vt 0.1066 0.6638
vt 0.1524 0.7175
vt 0.1521 0.7172
vt 0.1521 0.7173
vt 0.1522 0.7172
vt 0.1525 0.7174
vt 0.1525 0.7174
vt 0.1525 0.7173
vt 0.1525 0.7173
vt 0.1522 0.7175
vt 0.1525 0.7172
vt 0.1521 0.7174
vt 0.1522 0.7175
vt 0.1522 0.7172
vt 0.1521 0.7172
vt 0.1524 0.7175
vt 0.1521 0.7173
vt 0.1521 0.7174
vt 0.1524 0.7175
vt 0.1525 0.7174
vt 0.1524 0.7172
vt 0.1125 0.6638
vt 0.1066 0.6638
vt 0.1125 0.6638
vt 0.1125 0.6638
vt 0.1066 0.6638
vt 0.1066 0.6638
vt 0.1525 0.7174
vt 0.1522 0.7175
vt 0.1522 0.7175
vt 0.1524 0.7175
vt 0.1524 0.7175
vt 0.1521 0.7172
vt 0.1521 0.7173
vt 0.1525 0.7172
vt 0.1521 0.7174
vt 0.1522 0.7172
vt 0.1521 0.7174
vt 0.1524 0.7172
vt 0.1521 0.7172
vt 0.1521 0.7173
vt 0.1596 0.7146
vt 0.1596 0.7146
vt 0.1525 0.7173
vt 0.1525 0.7172
vt 0.1708 0.7118
vt 0.1707 0.7118
vt 0.1522 0.7172
vt 0.1428 0.7238
vt 0.1521 0.7174
vt 0.1593 0.7146
vt 0.1594 0.7146
vt 0.1524 0.7172
vt 0.1705 0.7118
vt 0.1705 0.7118
vt 0.1525 0.7174
vt 0.1568 0.7267
vt 0.1568 0.7267
vt 0.1522 0.7175
vt 0.1522 0.7175
vt 0.1703 0.7118
vt 0.1524 0.7175
vt 0.1524 0.7175
vt 0.1566 0.7267
vt 0.1682 0.7121
vt 0.1682 0.7121
vt 0.1707 0.7118
vt 0.1521 0.7174
vt 0.1661 0.7122
vt 0.1660 0.7122
vt 0.1428 0.7238
vt 0.1143 0.6698
vt 0.1144 0.6698
vt 0.1525 0.7174
vt 0.1708 0.7118
vt 0.1521 0.7173
vt 0.1521 0.7172
vt 0.1428 0.7358
vt 0.1705 0.7237
vt 0.1707 0.7237
vt 0.1525 0.7172
vt 0.1525 0.7173
vt 0.1710 0.7237
vt 0.1710 0.7237
vt 0.1522 0.7172
vt 0.1430 0.7358
vt 0.1521 0.7174
vt 0.1708 0.7237
vt 0.1709 0.7237
vt 0.1524 0.7172
vt 0.1525 0.7174
vt 0.1522 0.7175
vt 0.1522 0.7175
vt 0.1524 0.7175
vt 0.1524 0.7175
vt 0.1681 0.7240
vt 0.1682 0.7240
vt 0.1521 0.7174
vt 0.1703 0.7239
vt 0.1703 0.7239
vt 0.1567 0.7148
vt 0.1565 0.7148
vt 0.1567 0.7148
vt 0.1525 0.7174
vt 0.1158 0.6621
vt 0.1157 0.6621
vt 0.1707 0.7237
vt 0.1617 0.7029
vt 0.1616 0.7029
vt 0.0768 0.8560
vt 0.0734 0.8560
vt 0.0734 0.8631
vt 0.0768 0.8631
vt 0.0734 0.8560
vt 0.0768 0.8560
vt 0.0768 0.8489
vt 0.0734 0.8489
vt 0.0856 0.8631
vt 0.0856 0.8703
vt 0.0862 0.8703
vt 0.0862 0.8631
vt 0.0689 0.8631
vt 0.0689 0.8703
vt 0.0695 0.8703
vt 0.0695 0.8631
vt 0.0853 0.8703
vt 0.0853 0.8631
vt 0.0679 0.8703
vt 0.0679 0.8631
vt 0.0728 0.8560
vt 0.0728 0.8631
vt 0.0724 0.8489
vt 0.0724 0.8560
vt 0.0813 0.8560
vt 0.0847 0.8560
vt 0.0847 0.8489
vt 0.0813 0.8489
vt 0.0803 0.8489
vt 0.0768 0.8489
vt 0.0768 0.8560
vt 0.0803 0.8560
vt 0.0866 0.8489
vt 0.0866 0.8560
vt 0.0872 0.8560
vt 0.0872 0.8489
vt 0.0721 0.8631
vt 0.0721 0.8703
vt 0.0727 0.8703
vt 0.0727 0.8631
vt 0.0863 0.8560
vt 0.0863 0.8489
vt 0.0711 0.8703
vt 0.0711 0.8631
vt 0.0854 0.8560
vt 0.0854 0.8489
vt 0.0813 0.8560
vt 0.0813 0.8489
vt 0.0803 0.8560
vt 0.0813 0.8560
vt 0.0813 0.8489
vt 0.0803 0.8489
vt 0.0847 0.8560
vt 0.0854 0.8560
vt 0.0854 0.8489
vt 0.0847 0.8489
vt 0.0711 0.8703
vt 0.0721 0.8703
vt 0.0721 0.8631
vt 0.0711 0.8631
vt 0.0863 0.8560
vt 0.0866 0.8560
vt 0.0866 0.8489
vt 0.0863 0.8489
vt 0.0727 0.8703
vt 0.0727 0.8631
vt 0.0872 0.8560
vt 0.0872 0.8489
vt 0.0768 0.8489
vt 0.0768 0.8560
vt 0.0813 0.8560
vt 0.0813 0.8489
vt 0.0734 0.8489
vt 0.0724 0.8489
vt 0.0724 0.8560
vt 0.0734 0.8560
vt 0.0734 0.8560
vt 0.0728 0.8560
vt 0.0728 0.8631
vt 0.0734 0.8631
vt 0.0679 0.8703
vt 0.0689 0.8703
vt 0.0689 0.8631
vt 0.0679 0.8631
vt 0.0853 0.8703
vt 0.0856 0.8703
vt 0.0856 0.8631
vt 0.0853 0.8631
vt 0.0695 0.8703
vt 0.0695 0.8631
vt 0.0862 0.8703
vt 0.0862 0.8631
vt 0.0768 0.8560
vt 0.0768 0.8489
vt 0.0768 0.8560
vt 0.0768 0.8631
vt 0.0768 0.8560
vt 0.0734 0.8560
vt 0.0734 0.8631
vt 0.0768 0.8631
vt 0.0734 0.8560
vt 0.0768 0.8560
vt 0.0768 0.8489
vt 0.0734 0.8489
vt 0.0856 0.8631
vt 0.0856 0.8703
vt 0.0862 0.8703
vt 0.0862 0.8631
vt 0.0689 0.8631
vt 0.0689 0.8703
vt 0.0695 0.8703
vt 0.0695 0.8631
vt 0.0853 0.8703
vt 0.0853 0.8631
vt 0.0679 0.8703
vt 0.0679 0.8631
vt 0.0728 0.8560
vt 0.0728 0.8631
vt 0.0724 0.8489
vt 0.0724 0.8560
vt 0.0813 0.8560
vt 0.0847 0.8560
vt 0.0847 0.8489
vt 0.0813 0.8489
vt 0.0803 0.8489
vt 0.0768 0.8489
vt 0.0768 0.8560
vt 0.0803 0.8560
vt 0.0866 0.8489
vt 0.0866 0.8560
vt 0.0872 0.8560
vt 0.0872 0.8489
vt 0.0721 0.8631
vt 0.0721 0.8703
vt 0.0727 0.8703
vt 0.0727 0.8631
vt 0.0863 0.8560
vt 0.0863 0.8489
vt 0.0711 0.8703
vt 0.0711 0.8631
vt 0.0854 0.8560
vt 0.0854 0.8489
vt 0.0813 0.8560
vt 0.0813 0.8489
vt 0.0803 0.8560
vt 0.0813 0.8560
vt 0.0813 0.8489
vt 0.0803 0.8489
vt 0.0847 0.8560
vt 0.0854 0.8560
vt 0.0854 0.8489
vt 0.0847 0.8489
vt 0.0711 0.8703
vt 0.0721 0.8703
vt 0.0721 0.8631
vt 0.0711 0.8631
vt 0.0863 0.8560
vt 0.0866 0.8560
vt 0.0866 0.8489
vt 0.0863 0.8489
vt 0.0727 0.8703
vt 0.0727 0.8631
vt 0.0872 0.8560
vt 0.0872 0.8489
vt 0.0768 0.8489
vt 0.0768 0.8560
vt 0.0813 0.8560
vt 0.0813 0.8489
vt 0.0734 0.8489
vt 0.0724 0.8489
vt 0.0724 0.8560
vt 0.0734 0.8560
vt 0.0734 0.8560
vt 0.0728 0.8560
vt 0.0728 0.8631
vt 0.0734 0.8631
vt 0.0679 0.8703
vt 0.0689 0.8703
vt 0.0689 0.8631
vt 0.0679 0.8631
vt 0.0853 0.8703
vt 0.0856 0.8703
vt 0.0856 0.8631
vt 0.0853 0.8631
vt 0.0695 0.8703
vt 0.0695 0.8631
vt 0.0862 0.8703
vt 0.0862 0.8631
vt 0.0768 0.8560
vt 0.0768 0.8489
vt 0.0768 0.8560
vt 0.0768 0.8631
vt 0.0768 0.8560
vt 0.0734 0.8560
vt 0.0734 0.8631
vt 0.0768 0.8631
vt 0.0734 0.8560
vt 0.0768 0.8560
vt 0.0768 0.8489
vt 0.0734 0.8489
vt 0.0856 0.8631
vt 0.0856 0.8703
vt 0.0862 0.8703
vt 0.0862 0.8631
vt 0.0689 0.8631
vt 0.0689 0.8703
vt 0.0695 0.8703
vt 0.0695 0.8631
vt 0.0853 0.8703
vt 0.0853 0.8631
vt 0.0679 0.8703
vt 0.0679 0.8631
vt 0.0728 0.8560
vt 0.0728 0.8631
vt 0.0724 0.8489
vt 0.0724 0.8560
vt 0.0813 0.8560
vt 0.0847 0.8560
vt 0.0847 0.8489
vt 0.0813 0.8489
vt 0.0803 0.8489
vt 0.0768 0.8489
vt 0.0768 0.8560
vt 0.0803 0.8560
vt 0.0866 0.8489
vt 0.0866 0.8560
vt 0.0872 0.8560
vt 0.0872 0.8489
vt 0.0721 0.8631
vt 0.0721 0.8703
vt 0.0727 0.8703
vt 0.0727 0.8631
vt 0.0863 0.8560
vt 0.0863 0.8489
vt 0.0711 0.8703
vt 0.0711 0.8631
vt 0.0854 0.8560
vt 0.0854 0.8489
vt 0.0813 0.8560
vt 0.0813 0.8489
vt 0.0803 0.8560
vt 0.0813 0.8560
vt 0.0813 0.8489
vt 0.0803 0.8489
vt 0.0847 0.8560
vt 0.0854 0.8560
vt 0.0854 0.8489
vt 0.0847 0.8489
vt 0.0711 0.8703
vt 0.0721 0.8703
vt 0.0721 0.8631
vt 0.0711 0.8631
vt 0.0863 0.8560
vt 0.0866 0.8560
vt 0.0866 0.8489
vt 0.0863 0.8489
vt 0.0727 0.8703
vt 0.0727 0.8631
vt 0.0872 0.8560
vt 0.0872 0.8489
vt 0.0768 0.8489
vt 0.0768 0.8560
vt 0.0813 0.8560
vt 0.0813 0.8489
vt 0.0734 0.8489
vt 0.0724 0.8489
vt 0.0724 0.8560
vt 0.0734 0.8560
vt 0.0734 0.8560
vt 0.0728 0.8560
vt 0.0728 0.8631
vt 0.0734 0.8631
vt 0.0679 0.8703
vt 0.0689 0.8703
vt 0.0689 0.8631
vt 0.0679 0.8631
vt 0.0853 0.8703
vt 0.0856 0.8703
vt 0.0856 0.8631
vt 0.0853 0.8631
vt 0.0695 0.8703
vt 0.0695 0.8631
vt 0.0862 0.8703
vt 0.0862 0.8631
vt 0.0768 0.8560
vt 0.0768 0.8489
vt 0.0768 0.8560
vt 0.0768 0.8631
vt 0.0768 0.8560
vt 0.0734 0.8560
vt 0.0734 0.8631
vt 0.0768 0.8631
vt 0.0734 0.8560
vt 0.0768 0.8560
vt 0.0768 0.8489
vt 0.0734 0.8489
vt 0.0856 0.8631
vt 0.0856 0.8703
vt 0.0862 0.8703
vt 0.0862 0.8631
vt 0.0689 0.8631
vt 0.0689 0.8703
vt 0.0695 0.8703
vt 0.0695 0.8631
vt 0.0853 0.8703
vt 0.0853 0.8631
vt 0.0679 0.8703
vt 0.0679 0.8631
vt 0.0728 0.8560
vt 0.0728 0.8631
vt 0.0724 0.8489
vt 0.0724 0.8560
vt 0.0813 0.8560
vt 0.0847 0.8560
vt 0.0847 0.8489
vt 0.0813 0.8489
vt 0.0803 0.8489
vt 0.0768 0.8489
vt 0.0768 0.8560
vt 0.0803 0.8560
vt 0.0866 0.8489
vt 0.0866 0.8560
vt 0.0872 0.8560
vt 0.0872 0.8489
vt 0.0721 0.8631
vt 0.0721 0.8703
vt 0.0727 0.8703
vt 0.0727 0.8631
vt 0.0863 0.8560
vt 0.0863 0.8489
vt 0.0711 0.8703
vt 0.0711 0.8631
vt 0.0854 0.8560
vt 0.0854 0.8489
vt 0.0813 0.8560
vt 0.0813 0.8489
vt 0.0803 0.8560
vt 0.0813 0.8560
vt 0.0813 0.8489
vt 0.0803 0.8489
vt 0.0847 0.8560
vt 0.0854 0.8560
vt 0.0854 0.8489
vt 0.0847 0.8489
vt 0.0711 0.8703
vt 0.0721 0.8703
vt 0.0721 0.8631
vt 0.0711 0.8631
vt 0.0863 0.8560
vt 0.0866 0.8560
vt 0.0866 0.8489
vt 0.0863 0.8489
vt 0.0727 0.8703
vt 0.0727 0.8631
vt 0.0872 0.8560
vt 0.0872 0.8489
vt 0.0768 0.8489
vt 0.0768 0.8560
vt 0.0813 0.8560
vt 0.0813 0.8489
vt 0.0734 0.8489
vt 0.0724 0.8489
vt 0.0724 0.8560
vt 0.0734 0.8560
vt 0.0734 0.8560
vt 0.0728 0.8560
vt 0.0728 0.8631
vt 0.0734 0.8631
vt 0.0679 0.8703
vt 0.0689 0.8703
vt 0.0689 0.8631
vt 0.0679 0.8631
vt 0.0853 0.8703
vt 0.0856 0.8703
vt 0.0856 0.8631
vt 0.0853 0.8631
vt 0.0695 0.8703
vt 0.0695 0.8631
vt 0.0862 0.8703
vt 0.0862 0.8631
vt 0.0768 0.8560
vt 0.0768 0.8489
vt 0.0768 0.8560
vt 0.0768 0.8631
vt 0.0768 0.8560
vt 0.0734 0.8560
vt 0.0734 0.8631
vt 0.0768 0.8631
vt 0.0734 0.8560
vt 0.0768 0.8560
vt 0.0768 0.8489
vt 0.0734 0.8489
vt 0.0856 0.8631
vt 0.0856 0.8703
vt 0.0862 0.8703
vt 0.0862 0.8631
vt 0.0689 0.8631
vt 0.0689 0.8703
vt 0.0695 0.8703
vt 0.0695 0.8631
vt 0.0853 0.8703
vt 0.0853 0.8631
vt 0.0679 0.8703
vt 0.0679 0.8631
vt 0.0728 0.8560
vt 0.0728 0.8631
vt 0.0724 0.8489
vt 0.0724 0.8560
vt 0.0813 0.8560
vt 0.0847 0.8560
vt 0.0847 0.8489
vt 0.0813 0.8489
vt 0.0803 0.8489
vt 0.0768 0.8489
vt 0.0768 0.8560
vt 0.0803 0.8560
vt 0.0866 0.8489
vt 0.0866 0.8560
vt 0.0872 0.8560
vt 0.0872 0.8489
vt 0.0721 0.8631
vt 0.0721 0.8703
vt 0.0727 0.8703
vt 0.0727 0.8631
vt 0.0863 0.8560
vt 0.0863 0.8489
vt 0.0711 0.8703
vt 0.0711 0.8631
vt 0.0854 0.8560
vt 0.0854 0.8489
vt 0.0813 0.8560
vt 0.0813 0.8489
vt 0.0803 0.8560
vt 0.0813 0.8560
vt 0.0813 0.8489
vt 0.0803 0.8489
vt 0.0847 0.8560
vt 0.0854 0.8560
vt 0.0854 0.8489
vt 0.0847 0.8489
vt 0.0711 0.8703
vt 0.0721 0.8703
vt 0.0721 0.8631
vt 0.0711 0.8631
vt 0.0863 0.8560
vt 0.0866 0.8560
vt 0.0866 0.8489
vt 0.0863 0.8489
vt 0.0727 0.8703
vt 0.0727 0.8631
vt 0.0872 0.8560
vt 0.0872 0.8489
vt 0.0768 0.8489
vt 0.0768 0.8560
vt 0.0813 0.8560
vt 0.0813 0.8489
vt 0.0734 0.8489
vt 0.0724 0.8489
vt 0.0724 0.8560
vt 0.0734 0.8560
vt 0.0734 0.8560
vt 0.0728 0.8560
vt 0.0728 0.8631
vt 0.0734 0.8631
vt 0.0679 0.8703
vt 0.0689 0.8703
vt 0.0689 0.8631
vt 0.0679 0.8631
vt 0.0853 0.8703
vt 0.0856 0.8703
vt 0.0856 0.8631
vt 0.0853 0.8631
vt 0.0695 0.8703
vt 0.0695 0.8631
vt 0.0862 0.8703
vt 0.0862 0.8631
vt 0.0768 0.8560
vt 0.0768 0.8489
vt 0.0768 0.8560
vt 0.0768 0.8631
vt 0.0768 0.8560
vt 0.0734 0.8560
vt 0.0734 0.8631
vt 0.0768 0.8631
vt 0.0734 0.8560
vt 0.0768 0.8560
vt 0.0768 0.8489
vt 0.0734 0.8489
vt 0.0856 0.8631
vt 0.0856 0.8703
vt 0.0862 0.8703
vt 0.0862 0.8631
vt 0.0689 0.8631
vt 0.0689 0.8703
vt 0.0695 0.8703
vt 0.0695 0.8631
vt 0.0853 0.8703
vt 0.0853 0.8631
vt 0.0679 0.8703
vt 0.0679 0.8631
vt 0.0728 0.8560
vt 0.0728 0.8631
vt 0.0724 0.8489
vt 0.0724 0.8560
vt 0.0813 0.8560
vt 0.0847 0.8560
vt 0.0847 0.8489
vt 0.0813 0.8489
vt 0.0803 0.8489
vt 0.0768 0.8489
vt 0.0768 0.8560
vt 0.0803 0.8560
vt 0.0866 0.8489
vt 0.0866 0.8560
vt 0.0872 0.8560
vt 0.0872 0.8489
vt 0.0721 0.8631
vt 0.0721 0.8703
vt 0.0727 0.8703
vt 0.0727 0.8631
vt 0.0863 0.8560
vt 0.0863 0.8489
vt 0.0711 0.8703
vt 0.0711 0.8631
vt 0.0854 0.8560
vt 0.0854 0.8489
vt 0.0813 0.8560
vt 0.0813 0.8489
vt 0.0803 0.8560
vt 0.0813 0.8560
vt 0.0813 0.8489
vt 0.0803 0.8489
vt 0.0847 0.8560
vt 0.0854 0.8560
vt 0.0854 0.8489
vt 0.0847 0.8489
vt 0.0711 0.8703
vt 0.0721 0.8703
vt 0.0721 0.8631
vt 0.0711 0.8631
vt 0.0863 0.8560
vt 0.0866 0.8560
vt 0.0866 0.8489
vt 0.0863 0.8489
vt 0.0727 0.8703
vt 0.0727 0.8631
vt 0.0872 0.8560
vt 0.0872 0.8489
vt 0.0768 0.8489
vt 0.0768 0.8560
vt 0.0813 0.8560
vt 0.0813 0.8489
vt 0.0734 0.8489
vt 0.0724 0.8489
vt 0.0724 0.8560
vt 0.0734 0.8560
vt 0.0734 0.8560
vt 0.0728 0.8560
vt 0.0728 0.8631
vt 0.0734 0.8631
vt 0.0679 0.8703
vt 0.0689 0.8703
vt 0.0689 0.8631
vt 0.0679 0.8631
vt 0.0853 0.8703
vt 0.0856 0.8703
vt 0.0856 0.8631
vt 0.0853 0.8631
vt 0.0695 0.8703
vt 0.0695 0.8631
vt 0.0862 0.8703
vt 0.0862 0.8631
vt 0.0768 0.8560
vt 0.0768 0.8489
vt 0.0768 0.8560
vt 0.0768 0.8631
vn -1.0000 0.0000 0.0000
vn 0.0000 0.0000 -1.0000
vn 0.0000 0.0000 1.0000
vn 0.0000 -1.0000 0.0000
vn 0.0000 1.0000 0.0000
vn 0.5000 0.0000 -0.8660
vn 0.5000 0.0000 0.8660
vn 1.0000 0.0000 0.0000
vn -0.5000 0.0000 0.8660
vn -0.5000 0.0000 -0.8660
vn -0.9990 0.0000 0.0436
vn 0.9990 0.0000 -0.0436
vn -0.4228 0.9060 0.0185
vn 0.4228 0.9060 -0.0185
vn -0.9914 0.0000 0.1305
vn 0.9914 0.0000 -0.1305
vn -0.4196 0.9060 0.0552
vn 0.4196 0.9060 -0.0552
vn -0.9763 0.0000 0.2164
vn 0.9763 0.0000 -0.2164
vn -0.4132 0.9060 0.0916
vn 0.4132 0.9060 -0.0916
vn -0.9537 0.0000 0.3007
vn 0.9537 0.0000 -0.3007
vn -0.4036 0.9060 0.1273
vn 0.4036 0.9060 -0.1273
vn -0.9239 0.0000 0.3827
vn 0.9239 0.0000 -0.3827
vn -0.3910 0.9060 0.1620
vn 0.3910 0.9060 -0.1620
vn -0.4226 0.0000 -0.9063
vn -0.9093 0.0000 0.4162
vn 0.9093 0.0000 -0.4162
vn -0.3845 0.9062 0.1760
vn 0.3845 0.9062 -0.1760
vn -0.4229 0.9062 0.0000
vn 0.4229 0.9062 -0.0000
vn -0.0436 0.0000 -0.9990
vn 0.0436 0.0000 0.9990
vn 0.4617 0.0000 -0.8870
vn 0.5373 0.0000 0.8434
vn -0.4618 0.0000 0.8870
vn -0.5373 0.0000 -0.8434
vn -0.4617 0.0000 0.8870
vn 0.4618 0.0000 -0.8870
vn -0.1305 0.0000 -0.9914
vn 0.1305 0.0000 0.9914
vn 0.3827 0.0000 -0.9239
vn 0.6087 0.0000 0.7934
vn -0.9915 0.0000 0.1305
vn 0.9914 0.0000 -0.1306
vn -0.3827 0.0000 0.9239
vn -0.6088 0.0000 -0.7933
vn -0.6087 0.0000 -0.7934
vn -0.9914 0.0000 0.1306
vn 0.6088 0.0000 0.7933
vn 0.9915 0.0000 -0.1305
vn 0.3826 0.0000 -0.9239
vn 0.1306 0.0000 0.9914
vn -0.2164 0.0000 -0.9763
vn 0.2164 0.0000 0.9763
vn 0.2165 -0.0000 0.9763
vn 0.3007 0.0000 -0.9537
vn 0.6756 0.0000 0.7373
vn 0.9763 0.0000 -0.2165
vn -0.3007 0.0000 0.9537
vn -0.6756 0.0000 -0.7373
vn -0.6755 0.0000 -0.7373
vn -0.9763 0.0000 0.2165
vn -0.2165 -0.0000 -0.9763
vn 0.9763 0.0000 -0.2163
vn 0.6756 0.0000 0.7372
vn -0.3007 0.0000 -0.9537
vn 0.3007 0.0000 0.9537
vn 0.2165 0.0000 -0.9763
vn 0.7372 0.0000 0.6756
vn 0.9537 0.0000 -0.3008
vn -0.2165 0.0000 0.9763
vn -0.7373 0.0000 -0.6756
vn -0.2164 0.0000 0.9763
vn -0.7372 0.0000 -0.6756
vn 0.7373 0.0000 0.6756
vn 0.2164 0.0000 -0.9763
vn -0.9538 0.0000 0.3006
vn -0.7373 0.0000 -0.6755
vn 0.9538 0.0000 -0.3005
vn 0.7373 0.0000 0.6755
vn 0.3008 -0.0000 0.9537
vn -0.3006 0.0000 -0.9537
vn -0.3827 0.0000 -0.9239
vn 0.3827 0.0000 0.9239
vn 0.3826 0.0000 0.9239
vn 0.1306 0.0000 -0.9914
vn 0.7933 0.0000 0.6088
vn -0.9239 0.0000 0.3826
vn 0.9238 0.0000 -0.3828
vn -0.1306 0.0000 0.9914
vn -0.7934 0.0000 -0.6088
vn -0.3826 0.0000 -0.9239
vn -0.1305 0.0000 0.9915
vn -0.7933 0.0000 -0.6088
vn 0.1305 0.0000 -0.9915
vn -0.7934 0.0000 -0.6087
vn 0.9240 0.0000 -0.3825
vn 0.7935 0.0000 0.6086
vn -0.8870 0.0000 0.4617
vn -0.4617 0.0000 -0.8870
vn 0.4617 0.0000 0.8870
vn -0.4618 0.0000 -0.8870
vn 0.0436 0.0000 -0.9990
vn 0.8434 0.0000 0.5373
vn -0.8871 0.0000 0.4617
vn 0.8870 0.0000 -0.4618
vn -0.0436 0.0000 0.9990
vn -0.8434 0.0000 -0.5373
vn 0.8870 0.0000 -0.4617
vn 0.4618 0.0000 0.8870
vn -0.0436 0.0000 0.9991
vn -0.8433 0.0000 -0.5374
vn -0.8870 0.0000 0.4618
vn 0.8433 0.0000 0.5374
vn 0.0436 0.0000 -0.9991
vn -0.4617 0.0000 -0.8871
vn -0.8434 0.0000 -0.5372
vn 0.8871 0.0000 -0.4615
vn 0.8435 0.0000 0.5372
vn 0.0435 0.0000 -0.9991
vn -0.4616 0.0000 -0.8871
vn 0.1561 0.9877 -0.0034
vn 0.1540 0.9881 -0.0000
vn 0.6215 0.7834 -0.0000
vn 0.6244 0.7809 -0.0136
vn -0.1303 -0.9915 0.0000
vn 0.1416 0.9899 0.0000
vn -0.9486 -0.3163 0.0000
vn 0.9634 0.2679 0.0000
vn -0.5599 -0.8286 0.0000
vn 0.6102 0.7923 0.0000
vn 0.1303 -0.9915 0.0000
vn -0.1416 0.9899 0.0000
vn 0.9486 -0.3163 0.0000
vn -0.9634 0.2679 0.0000
vn 0.5599 -0.8286 0.0000
vn -0.6102 0.7923 0.0000
vn 0.9640 0.2651 -0.0210
vn 0.9640 0.2661 -0.0000
vn 0.9827 -0.1852 -0.0000
vn 0.9825 -0.1847 -0.0214
vn 0.6903 -0.7233 -0.0150
vn 0.6908 -0.7204 -0.0604
vn 0.9791 -0.1843 -0.0856
vn 0.6343 -0.7729 -0.0138
vn 0.6290 -0.7755 -0.0550
vn 0.6830 -0.7204 -0.1204
vn 0.9679 -0.1843 -0.1707
vn 0.1576 0.9874 -0.0138
vn -0.1492 0.9887 0.0130
vn -0.1519 0.9884 0.0033
vn -0.6184 0.7857 0.0135
vn -0.6131 0.7881 0.0536
vn -0.9597 0.2679 0.0840
vn -0.9635 0.2669 0.0211
vn 0.9608 0.2641 -0.0840
vn 0.6251 0.7786 -0.0547
vn -0.9788 -0.1861 0.0856
vn -0.9824 -0.1856 0.0215
vn -0.6403 -0.7679 0.0140
vn -0.6409 -0.7655 0.0561
vn -0.9649 -0.2486 0.0844
vn -0.9682 -0.2494 0.0211
vn 0.9677 -0.2510 -0.0212
vn 0.9640 -0.2519 -0.0843
vn -0.9962 -0.0000 0.0872
vn -0.9998 -0.0000 0.0218
vn 0.9998 0.0000 -0.0218
vn 0.9962 0.0000 -0.0872
vn -0.6841 -0.7292 0.0149
vn -0.6784 -0.7322 0.0593
vn 0.1558 0.9874 -0.0275
vn -0.1475 0.9887 0.0260
vn -0.6061 0.7881 0.1069
vn -0.9488 0.2679 0.1673
vn 0.9498 0.2641 -0.1675
vn 0.6180 0.7786 -0.1090
vn -0.9676 -0.1861 0.1706
vn -0.6336 -0.7655 0.1117
vn -0.9539 -0.2486 0.1682
vn 0.9530 -0.2519 -0.1680
vn 0.6218 -0.7754 -0.1096
vn -0.9848 -0.0000 0.1736
vn 0.9848 0.0000 -0.1736
vn -0.6707 -0.7322 0.1183
vn 0.1528 0.9874 -0.0409
vn 0.1486 0.9874 -0.0541
vn -0.1408 0.9887 0.0512
vn -0.1447 0.9887 0.0388
vn -0.5945 0.7881 0.1593
vn -0.9306 0.2679 0.2493
vn 0.9316 0.2642 -0.2496
vn 0.6061 0.7786 -0.1624
vn -0.9490 -0.1861 0.2543
vn 0.9494 -0.1843 -0.2544
vn -0.6214 -0.7656 0.1665
vn -0.9356 -0.2486 0.2507
vn 0.9348 -0.2519 -0.2505
vn 0.6099 -0.7754 -0.1634
vn -0.9659 -0.0000 0.2588
vn 0.9659 0.0000 -0.2588
vn -0.6578 -0.7322 0.1762
vn 0.6699 -0.7205 -0.1795
vn -0.5783 0.7881 0.2105
vn -0.9053 0.2680 0.3295
vn 0.9063 0.2642 -0.3298
vn 0.5896 0.7786 -0.2146
vn -0.9232 -0.1861 0.3360
vn 0.9236 -0.1843 -0.3361
vn -0.6045 -0.7656 0.2200
vn -0.9102 -0.2486 0.3312
vn 0.9094 -0.2519 -0.3310
vn 0.5933 -0.7754 -0.2159
vn -0.9397 -0.0000 0.3420
vn 0.9397 0.0000 -0.3420
vn -0.6399 -0.7322 0.2329
vn 0.6517 -0.7205 -0.2372
vn -0.5675 0.7853 0.2474
vn -0.8835 0.2668 0.3850
vn 0.8838 0.2653 -0.3853
vn 0.5721 0.7813 -0.2493
vn -0.1396 0.9883 0.0609
vn -0.9008 -0.1855 0.3925
vn 0.9009 -0.1848 -0.3927
vn 0.1428 0.9878 -0.0622
vn -0.5867 -0.7683 0.2557
vn -0.8877 -0.2495 0.3869
vn 0.8874 -0.2509 -0.3867
vn 0.5821 -0.7725 -0.2537
vn -0.9167 -0.0000 0.3995
vn 0.9167 0.0000 -0.3995
vn -0.6278 -0.7287 0.2736
vn 0.6326 -0.7238 -0.2757
vn 0.8765 0.2658 -0.4012
vn 0.5660 0.7827 -0.2591
vn 0.1558 0.9874 -0.0274
vn 0.9677 -0.2511 -0.0212
vn 0.9640 -0.2520 -0.0843
vn 0.6289 -0.7755 -0.0550
vn -0.9635 0.2670 0.0211
vn -0.6131 0.7882 0.0536
vn -0.9597 0.2680 0.0840
vn -0.6784 -0.7323 0.0593
vn -0.9824 -0.1857 0.0215
vn -0.9788 -0.1862 0.0856
vn 0.6909 -0.7204 -0.0604
vn 0.9530 -0.2520 -0.1680
vn 0.6217 -0.7755 -0.1096
vn -0.6061 0.7881 0.1068
vn -0.6706 -0.7323 0.1182
vn -0.9676 -0.1862 0.1706
vn 0.9679 -0.1842 -0.1707
vn 0.6098 -0.7755 -0.1634
vn 0.6699 -0.7204 -0.1795
vn -0.9490 -0.1862 0.2543
vn -0.6578 -0.7323 0.1762
vn 0.9494 -0.1842 -0.2544
vn -0.6215 -0.7655 0.1665
vn 0.9347 -0.2520 -0.2505
vn 0.9236 -0.1843 -0.3362
vn 0.8838 0.2652 -0.3853
vn -0.9102 -0.2485 0.3313
vn -0.6399 -0.7323 0.2329
vn -0.6046 -0.7655 0.2200
vn -0.5784 0.7881 0.2105
vn 0.9093 -0.2520 -0.3310
vn -0.9053 0.2679 0.3295
vn -0.9232 -0.1862 0.3360
vn 0.5932 -0.7755 -0.2159
vn 0.6517 -0.7204 -0.2372
vn 0.1406 0.9880 -0.0644
vn -0.1394 0.9882 0.0638
vn 0.6326 -0.7237 -0.2757
vn -0.5868 -0.7683 0.2557
vn 0.8874 -0.2510 -0.3867
vn 0.5820 -0.7725 -0.2537
vn -0.5676 0.7852 0.2474
vn -0.8835 0.2667 0.3850
vn 0.5722 0.7813 -0.2493
vn -0.6277 -0.7288 0.2736
vn -0.9008 -0.1856 0.3925
vn -0.5643 0.7841 0.2583
vn -0.8764 0.2662 0.4012
vn 0.8766 0.2657 -0.4013
vn 0.5660 0.7826 -0.2591
vn -0.8764 0.2664 0.4012
vn -0.8935 -0.1853 0.4090
vn 0.8936 -0.1851 -0.4090
vn -0.8935 -0.1854 0.4090
vn 0.1407 0.9880 -0.0644
vn -0.5805 -0.7697 0.2657
vn -0.8804 -0.2501 0.4030
vn 0.8803 -0.2505 -0.4030
vn 0.5787 -0.7713 -0.2649
vn -0.8804 -0.2500 0.4030
vn 0.8802 -0.2506 -0.4029
vn -0.6241 -0.7272 0.2857
vn -0.6241 -0.7273 0.2857
vn 0.6259 -0.7254 -0.2865
vn -0.9640 0.2661 0.0000
vn -0.6215 0.7834 0.0000
vn -0.9682 -0.2503 0.0000
vn -0.9639 0.2661 0.0000
vn -0.1540 0.9881 0.0000
vn 0.6873 -0.7263 -0.0000
vn -0.9827 -0.1852 0.0000
vn -0.6873 -0.7263 0.0000
vn -0.9827 -0.1853 0.0000
vn -0.6375 -0.7705 0.0000
vn 0.6374 -0.7705 -0.0000
vn 0.9682 -0.2503 -0.0000
vn -0.6374 -0.7705 0.0000
vn -0.1302 -0.9915 0.0057
vn 0.1415 0.9899 -0.0062
vn -0.9478 -0.3163 0.0414
vn 0.9625 0.2679 -0.0420
vn -0.5594 -0.8286 0.0244
vn 0.6096 0.7923 -0.0266
vn 0.1302 -0.9915 -0.0057
vn -0.1415 0.9899 0.0062
vn 0.9477 -0.3164 -0.0414
vn -0.9625 0.2679 0.0420
vn 0.5593 -0.8286 -0.0244
vn -0.6096 0.7923 0.0266
vn -0.9477 -0.3163 0.0414
vn -0.1292 -0.9915 0.0170
vn 0.1404 0.9899 -0.0185
vn -0.9405 -0.3163 0.1238
vn 0.9552 0.2679 -0.1257
vn -0.5551 -0.8286 0.0731
vn 0.6050 0.7923 -0.0796
vn 0.1292 -0.9915 -0.0170
vn -0.1404 0.9899 0.0185
vn 0.9405 -0.3164 -0.1238
vn -0.9552 0.2679 0.1258
vn 0.5551 -0.8286 -0.0731
vn -0.6049 0.7923 0.0796
vn -0.6050 0.7923 0.0796
vn -0.9552 0.2679 0.1257
vn 0.9552 0.2679 -0.1258
vn -0.1273 -0.9915 0.0282
vn 0.1383 0.9899 -0.0307
vn -0.9262 -0.3163 0.2053
vn 0.9406 0.2679 -0.2085
vn -0.5466 -0.8286 0.1212
vn 0.5957 0.7923 -0.1321
vn 0.1273 -0.9915 -0.0282
vn -0.1383 0.9899 0.0307
vn 0.9261 -0.3164 -0.2053
vn -0.9406 0.2679 0.2085
vn 0.5466 -0.8286 -0.1212
vn -0.5957 0.7923 0.1321
vn 0.9262 -0.3164 -0.2053
vn -0.5466 -0.8285 0.1212
vn -0.1243 -0.9915 0.0392
vn 0.1351 0.9899 -0.0426
vn -0.9047 -0.3163 0.2853
vn 0.9189 0.2679 -0.2897
vn -0.5340 -0.8286 0.1684
vn 0.5819 0.7923 -0.1835
vn 0.1243 -0.9915 -0.0392
vn -0.1351 0.9899 0.0426
vn 0.9047 -0.3164 -0.2853
vn -0.9189 0.2679 0.2897
vn 0.5339 -0.8286 -0.1684
vn -0.5819 0.7923 0.1835
vn 0.5340 -0.8286 -0.1684
vn -0.9188 0.2679 0.2897
vn -0.5340 -0.8285 0.1684
vn -0.9048 -0.3163 0.2853
vn -0.1204 -0.9915 0.0499
vn 0.1309 0.9899 -0.0542
vn -0.8764 -0.3163 0.3630
vn 0.8901 0.2679 -0.3687
vn -0.5173 -0.8286 0.2143
vn 0.5637 0.7923 -0.2335
vn 0.1204 -0.9915 -0.0499
vn -0.1309 0.9899 0.0542
vn 0.8764 -0.3164 -0.3630
vn -0.8901 0.2679 0.3687
vn 0.5172 -0.8286 -0.2142
vn -0.5637 0.7923 0.2335
vn 0.5173 -0.8286 -0.2143
vn 0.8764 -0.3163 -0.3630
vn -0.5173 -0.8285 0.2143
vn -0.1156 -0.9915 0.0602
vn 0.1256 0.9899 -0.0654
vn -0.8415 -0.3163 0.4380
vn 0.8546 0.2679 -0.4449
vn -0.4966 -0.8286 0.2585
vn 0.5412 0.7923 -0.2817
vn 0.1156 -0.9915 -0.0602
vn -0.1256 0.9899 0.0654
vn 0.8414 -0.3164 -0.4381
vn 0.8414 -0.3164 -0.4380
vn -0.8546 0.2679 0.4449
vn 0.4966 -0.8286 -0.2585
vn -0.5412 0.7923 0.2817
vn -0.8546 0.2679 0.4448
vn 0.8415 -0.3164 -0.4380
vn -0.4967 -0.8285 0.2586
vn -0.8415 -0.3162 0.4380
usemtl Material_UniTex_dif.png
s off
f 161/337/47 162/338/47 164/339/47 163/340/47
f 163/341/48 164/342/48 168/343/48 167/344/48
f 165/345/49 166/346/49 162/347/49 161/348/49
f 174/349/50 173/350/50 176/351/50 175/352/50
f 170/353/48 169/354/48 173/355/48 174/356/48
f 172/357/49 171/358/49 175/359/49 176/360/49
f 178/361/49 171/358/49 172/357/49 179/362/49
f 180/363/48 169/354/48 170/353/48 177/364/48
f 165/345/49 178/361/49 179/362/49 166/346/49
f 168/343/48 180/363/48 177/364/48 167/344/48
f 182/365/50 181/366/50 186/367/50 185/368/50 184/369/50 183/370/50
f 187/371/51 189/372/51 190/373/51 191/374/51 192/375/51 188/376/51
f 186/377/52 181/378/52 188/379/52 192/380/52
f 184/381/53 185/382/53 191/383/53 190/384/53
f 182/385/47 183/386/47 189/387/47 187/388/47
f 185/382/54 186/389/54 192/390/54 191/383/54
f 183/391/55 184/381/55 190/384/55 189/392/55
f 181/378/56 182/385/56 187/388/56 188/379/56
f 193/393/54 194/394/54 196/395/54 195/396/54
f 195/397/49 196/398/49 200/399/49 199/400/49
f 197/401/48 198/402/48 194/403/48 193/404/48
f 206/405/50 205/406/50 208/407/50 207/408/50
f 202/409/49 201/410/49 205/411/49 206/412/49
f 204/413/48 203/414/48 207/415/48 208/416/48
f 210/417/48 203/414/48 204/413/48 211/418/48
f 212/419/49 201/410/49 202/409/49 209/420/49
f 197/401/48 210/417/48 211/418/48 198/402/48
f 200/399/49 212/419/49 209/420/49 199/400/49
f 214/421/50 213/422/50 218/423/50 217/424/50 216/425/50 215/426/50
f 219/427/51 221/428/51 222/429/51 223/430/51 224/431/51 220/432/51
f 218/433/55 213/434/55 220/435/55 224/436/55
f 216/437/56 217/438/56 223/439/56 222/440/56
f 214/441/54 215/442/54 221/443/54 219/444/54
f 217/438/47 218/445/47 224/446/47 223/439/47
f 215/447/52 216/437/52 222/440/52 221/448/52
f 213/434/53 214/441/53 219/444/53 220/435/53
f 236/449/53 235/450/53 230/451/53 229/452/53
f 234/453/52 233/454/52 227/455/52 228/456/52
f 232/457/47 231/458/47 225/459/47 226/460/47
f 235/450/54 234/461/54 228/462/54 230/451/54
f 233/454/56 232/457/56 226/460/56 227/455/56
f 231/463/55 236/449/55 229/452/55 225/464/55
f 230/465/51 228/466/51 227/467/51 226/468/51 225/469/51 229/470/51
f 235/471/50 236/472/50 231/473/50 232/474/50 233/475/50 234/476/50
f 249/477/49 237/478/49 240/479/49 250/480/49
f 252/481/48 239/482/48 238/483/48 251/484/48
f 237/478/49 248/485/49 247/486/49 240/479/49
f 239/482/48 246/487/48 245/488/48 238/483/48
f 245/488/48 246/487/48 242/489/48 241/490/48
f 247/486/49 248/485/49 244/491/49 243/492/49
f 243/493/50 244/494/50 241/495/50 242/496/50
f 252/481/48 251/484/48 255/497/48 256/498/48
f 254/499/49 253/500/49 249/477/49 250/480/49
f 256/501/54 255/502/54 253/503/54 254/504/54
f 267/505/50 277/506/50 278/507/50 257/508/50
f 258/509/57 279/510/57 277/511/57 267/512/57
f 257/513/58 278/514/58 280/515/58 259/516/58
f 268/517/59 281/518/59 279/519/59 258/520/59
f 259/521/60 280/522/60 282/523/60 260/524/60
f 277/506/50 297/525/50 298/526/50 278/507/50
f 279/510/61 299/527/61 297/528/61 277/511/61
f 278/514/62 298/529/62 300/530/62 280/515/62
f 281/518/63 301/531/63 299/532/63 279/519/63
f 280/522/64 300/533/64 302/534/64 282/523/64
f 297/525/50 317/535/50 318/536/50 298/526/50
f 299/527/65 319/537/65 317/538/65 297/528/65
f 298/529/66 318/539/66 320/540/66 300/530/66
f 301/531/67 321/541/67 319/542/67 299/532/67
f 300/533/68 320/543/68 322/544/68 302/534/68
f 317/535/50 337/545/50 338/546/50 318/536/50
f 319/537/69 339/547/69 337/548/69 317/538/69
f 318/539/70 338/549/70 340/550/70 320/540/70
f 321/541/71 341/551/71 339/552/71 319/542/71
f 320/543/72 340/553/72 342/554/72 322/544/72
f 337/545/50 357/555/50 358/556/50 338/546/50
f 339/547/73 359/557/73 357/558/73 337/548/73
f 338/549/74 358/559/74 360/560/74 340/550/74
f 341/551/75 361/561/75 359/562/75 339/552/75
f 340/553/76 360/563/76 362/564/76 342/554/76
f 388/565/56 387/566/56 382/567/56 381/568/56
f 386/569/55 385/570/55 379/571/55 380/572/55
f 384/573/54 383/574/54 377/575/54 378/576/54
f 387/566/47 386/577/47 380/578/47 382/567/47
f 385/570/53 384/573/53 378/576/53 379/571/53
f 383/579/52 388/565/52 381/568/52 377/580/52
f 382/581/51 380/582/51 379/583/51 378/584/51 377/585/51 381/586/51
f 387/587/50 388/588/50 383/589/50 384/590/50 385/591/50 386/592/50
f 401/593/48 389/594/48 392/595/48 402/596/48
f 404/597/49 391/598/49 390/599/49 403/600/49
f 389/594/48 400/601/48 399/602/48 392/595/48
f 391/598/49 398/603/49 397/604/49 390/599/49
f 397/604/49 398/603/49 394/605/49 393/606/49
f 399/602/48 400/601/48 396/607/48 395/608/48
f 395/609/50 396/610/50 393/611/50 394/612/50
f 404/597/49 403/600/49 407/613/49 408/614/49
f 406/615/48 405/616/48 401/593/48 402/596/48
f 408/617/47 407/618/47 405/619/47 406/620/47
f 142/621/50 141/622/50 409/623/50 410/624/50
f 141/622/57 143/625/57 411/626/57 409/623/57
f 144/627/58 142/621/58 410/624/58 412/628/58
f 143/625/59 145/629/59 413/630/59 411/626/59
f 146/631/60 144/627/60 412/628/60 414/632/60
f 432/633/68 452/634/68 454/635/68 434/636/68
f 409/623/50 429/637/50 430/638/50 410/624/50
f 411/626/61 431/639/61 429/637/61 409/623/61
f 410/624/62 430/638/62 432/633/62 412/628/62
f 413/630/63 433/640/63 431/639/63 411/626/63
f 412/628/64 432/633/64 434/636/64 414/632/64
f 451/641/69 471/642/69 469/643/69 449/644/69
f 429/637/50 449/644/50 450/645/50 430/638/50
f 431/639/65 451/641/65 449/644/65 429/637/65
f 430/638/66 450/645/66 452/634/66 432/633/66
f 433/640/67 453/646/67 451/641/67 431/639/67
f 450/645/70 470/647/70 472/648/70 452/634/70
f 453/646/71 473/649/71 471/642/71 451/641/71
f 452/634/72 472/648/72 474/650/72 454/635/72
f 449/644/50 469/643/50 470/647/50 450/645/50
f 469/643/50 489/651/50 490/652/50 470/647/50
f 471/642/73 491/653/73 489/651/73 469/643/73
f 470/647/74 490/652/74 492/654/74 472/648/74
f 473/649/75 493/655/75 491/653/75 471/642/75
f 472/648/76 492/654/76 494/656/76 474/650/76
f 509/657/77 511/658/77 513/659/77 526/660/77 525/661/77 516/662/77 515/663/77 521/664/77 522/665/77 520/666/77 519/667/77 523/668/77 524/669/77 518/670/77 517/671/77 528/672/77 527/673/77 514/674/77 512/675/77 510/676/77
f 529/677/77 531/678/77 533/679/77 545/680/77 546/681/77 535/682/77 536/683/77 542/684/77 541/685/77 540/686/77 539/687/77 544/688/77 543/689/77 537/690/77 538/691/77 547/692/77 548/693/77 534/694/77 532/695/77 530/696/77
f 357/555/50 509/697/50 510/698/50 358/556/50
f 359/557/78 511/699/78 509/700/78 357/558/78
f 489/651/50 529/701/50 530/702/50 490/652/50
f 358/559/79 510/703/79 512/704/79 360/560/79
f 491/653/78 531/705/78 529/701/78 489/651/78
f 361/561/80 513/706/80 511/707/80 359/562/80
f 490/652/79 530/702/79 532/708/79 492/654/79
f 360/563/81 512/709/81 514/710/81 362/564/81
f 493/655/80 533/711/80 531/705/80 491/653/80
f 492/654/81 532/708/81 534/712/81 494/656/81
f 549/713/49 550/714/49 552/715/49 554/716/49 568/717/49 567/718/49 558/719/49 557/720/49 563/721/49 564/722/49 559/723/49 560/724/49 561/725/49 562/726/49 556/727/49 555/728/49 566/729/49 565/730/49 553/731/49 551/732/49
f 570/733/49 571/734/49 574/735/49 581/736/49 582/737/49 585/738/49 586/739/49 578/740/49 575/741/49 576/742/49 577/743/49 573/744/49 572/745/49 583/746/49 584/747/49 579/748/49 580/749/49 587/750/49 588/751/49 569/752/49
f 258/520/82 587/753/82 580/754/82 268/517/82
f 142/621/50 550/755/50 549/756/50 141/622/50
f 267/512/47 588/757/47 587/758/47 258/509/47
f 141/622/47 549/756/47 551/759/47 143/625/47
f 257/508/50 569/760/50 588/761/50 267/505/50
f 259/516/54 570/762/54 569/763/54 257/513/54
f 144/627/54 552/764/54 550/755/54 142/621/54
f 260/524/83 571/765/83 570/766/83 259/521/83
f 143/625/82 551/759/82 553/767/82 145/629/82
f 146/631/83 554/768/83 552/764/83 144/627/83
f 589/769/57 590/770/57 592/771/57 591/772/57
f 591/773/84 592/774/84 596/775/84 595/776/84
f 593/777/85 594/778/85 590/779/85 589/780/85
f 602/781/50 601/782/50 604/783/50 603/784/50
f 598/785/84 597/786/84 601/787/84 602/788/84
f 600/789/85 599/790/85 603/791/85 604/792/85
f 606/793/85 599/790/85 600/789/85 607/794/85
f 608/795/84 597/786/84 598/785/84 605/796/84
f 593/777/85 606/793/85 607/794/85 594/778/85
f 596/775/84 608/795/84 605/796/84 595/776/84
f 610/797/50 609/798/50 614/799/50 613/800/50 612/801/50 611/802/50
f 615/803/51 617/804/51 618/805/51 619/806/51 620/807/51 616/808/51
f 614/809/86 609/810/86 616/811/86 620/812/86
f 612/813/87 613/814/87 619/815/87 618/816/87
f 610/817/57 611/818/57 617/819/57 615/820/57
f 613/814/58 614/821/58 620/822/58 619/815/58
f 611/823/88 612/813/88 618/816/88 617/824/88
f 609/810/89 610/817/89 615/820/89 616/811/89
f 621/825/58 622/826/58 624/827/58 623/828/58
f 623/829/85 624/830/85 628/831/85 627/832/85
f 625/833/84 626/834/84 622/835/84 621/836/84
f 634/837/50 633/838/50 636/839/50 635/840/50
f 630/841/85 629/842/85 633/843/85 634/844/85
f 632/845/84 631/846/84 635/847/84 636/848/84
f 638/849/84 631/846/84 632/845/84 639/850/84
f 640/851/85 629/842/85 630/841/85 637/852/85
f 625/833/84 638/849/84 639/850/84 626/834/84
f 628/831/85 640/851/85 637/852/85 627/832/85
f 642/853/50 641/854/50 646/855/50 645/856/50 644/857/50 643/858/50
f 647/859/51 649/860/51 650/861/51 651/862/51 652/863/51 648/864/51
f 646/865/90 641/866/90 648/867/90 652/868/90
f 644/869/89 645/870/89 651/871/89 650/872/89
f 642/873/58 643/874/58 649/875/58 647/876/58
f 645/870/57 646/877/57 652/878/57 651/871/57
f 643/879/91 644/869/91 650/872/91 649/880/91
f 641/866/87 642/873/87 647/876/87 648/867/87
f 664/881/87 663/882/87 658/883/87 657/884/87
f 662/885/91 661/886/91 655/887/91 656/888/91
f 660/889/57 659/890/57 653/891/57 654/892/57
f 663/882/58 662/893/58 656/894/58 658/883/58
f 661/886/89 660/889/89 654/892/89 655/887/89
f 659/895/90 664/881/90 657/884/90 653/896/90
f 658/897/51 656/898/51 655/899/51 654/900/51 653/901/51 657/902/51
f 663/903/50 664/904/50 659/905/50 660/906/50 661/907/50 662/908/50
f 677/909/85 665/910/85 668/911/85 678/912/85
f 680/913/84 667/914/84 666/915/84 679/916/84
f 665/910/85 676/917/85 675/918/85 668/911/85
f 667/914/84 674/919/84 673/920/84 666/915/84
f 673/920/84 674/919/84 670/921/84 669/922/84
f 675/918/85 676/917/85 672/923/85 671/924/85
f 671/925/50 672/926/50 669/927/50 670/928/50
f 680/913/84 679/916/84 683/929/84 684/930/84
f 682/931/85 681/932/85 677/909/85 678/912/85
f 684/933/58 683/934/58 681/935/58 682/936/58
f 696/937/89 695/938/89 690/939/89 689/940/89
f 694/941/88 693/942/88 687/943/88 688/944/88
f 692/945/58 691/946/58 685/947/58 686/948/58
f 695/938/57 694/949/57 688/950/57 690/939/57
f 693/942/87 692/945/87 686/948/87 687/943/87
f 691/951/86 696/937/86 689/940/86 685/952/86
f 690/953/51 688/954/51 687/955/51 686/956/51 685/957/51 689/958/51
f 695/959/50 696/960/50 691/961/50 692/962/50 693/963/50 694/964/50
f 709/965/84 697/966/84 700/967/84 710/968/84
f 712/969/85 699/970/85 698/971/85 711/972/85
f 697/966/84 708/973/84 707/974/84 700/967/84
f 699/970/85 706/975/85 705/976/85 698/971/85
f 705/976/85 706/975/85 702/977/85 701/978/85
f 707/974/84 708/973/84 704/979/84 703/980/84
f 703/981/50 704/982/50 701/983/50 702/984/50
f 712/969/85 711/972/85 715/985/85 716/986/85
f 714/987/84 713/988/84 709/965/84 710/968/84
f 716/989/57 715/990/57 713/991/57 714/992/57
f 717/993/61 718/994/61 720/995/61 719/996/61
f 719/997/92 720/998/92 724/999/92 723/1000/92
f 721/1001/93 722/1002/93 718/1003/93 717/1004/93
f 730/1005/50 729/1006/50 732/1007/50 731/1008/50
f 726/1009/92 725/1010/92 729/1011/92 730/1012/92
f 728/1013/93 727/1014/93 731/1015/93 732/1016/93
f 734/1017/93 727/1014/93 728/1013/93 735/1018/93
f 736/1019/92 725/1010/92 726/1009/92 733/1020/92
f 721/1001/93 734/1017/93 735/1018/93 722/1002/93
f 724/999/92 736/1019/92 733/1020/92 723/1000/92
f 738/1021/50 737/1022/50 742/1023/50 741/1024/50 740/1025/50 739/1026/50
f 743/1027/51 745/1028/51 746/1029/51 747/1030/51 748/1031/51 744/1032/51
f 742/1033/94 737/1034/94 744/1035/94 748/1036/94
f 740/1037/95 741/1038/95 747/1039/95 746/1040/95
f 738/1041/96 739/1042/96 745/1043/96 743/1044/96
f 741/1038/97 742/1045/97 748/1046/97 747/1039/97
f 739/1047/98 740/1037/98 746/1040/98 745/1048/98
f 737/1034/99 738/1041/99 743/1044/99 744/1035/99
f 749/1049/62 750/1050/62 752/1051/62 751/1052/62
f 751/1053/93 752/1054/93 756/1055/93 755/1056/93
f 753/1057/92 754/1058/92 750/1059/92 749/1060/92
f 762/1061/50 761/1062/50 764/1063/50 763/1064/50
f 758/1065/93 757/1066/93 761/1067/93 762/1068/93
f 760/1069/92 759/1070/92 763/1071/92 764/1072/92
f 766/1073/92 759/1070/92 760/1069/92 767/1074/92
f 768/1075/93 757/1066/93 758/1065/93 765/1076/93
f 753/1057/92 766/1073/92 767/1074/92 754/1058/92
f 756/1055/93 768/1075/93 765/1076/93 755/1056/93
f 770/1077/50 769/1078/50 774/1079/50 773/1080/50 772/1081/50 771/1082/50
f 775/1083/51 777/1084/51 778/1085/51 779/1086/51 780/1087/51 776/1088/51
f 774/1089/98 769/1090/98 776/1091/98 780/1092/98
f 772/1093/100 773/1094/100 779/1095/100 778/1096/100
f 770/1097/62 771/1098/62 777/1099/62 775/1100/62
f 773/1094/101 774/1101/101 780/1102/101 779/1095/101
f 771/1103/94 772/1093/94 778/1096/94 777/1104/94
f 769/1090/102 770/1097/102 775/1100/102 776/1091/102
f 792/1105/102 791/1106/102 786/1107/102 785/1108/102
f 790/1109/94 789/1110/94 783/1111/94 784/1112/94
f 788/1113/61 787/1114/61 781/1115/61 782/1116/61
f 791/1106/62 790/1117/62 784/1118/62 786/1107/62
f 789/1110/100 788/1113/100 782/1116/100 783/1111/100
f 787/1119/98 792/1105/98 785/1108/98 781/1120/98
f 786/1121/51 784/1122/51 783/1123/51 782/1124/51 781/1125/51 785/1126/51
f 791/1127/50 792/1128/50 787/1129/50 788/1130/50 789/1131/50 790/1132/50
f 805/1133/93 793/1134/93 796/1135/93 806/1136/93
f 808/1137/92 795/1138/92 794/1139/92 807/1140/92
f 793/1134/93 804/1141/93 803/1142/93 796/1135/93
f 795/1138/92 802/1143/92 801/1144/92 794/1139/92
f 801/1144/92 802/1143/92 798/1145/92 797/1146/92
f 803/1142/93 804/1141/93 800/1147/93 799/1148/93
f 799/1149/50 800/1150/50 797/1151/50 798/1152/50
f 808/1137/92 807/1140/92 811/1153/92 812/1154/92
f 810/1155/93 809/1156/93 805/1133/93 806/1136/93
f 812/1157/62 811/1158/62 809/1159/62 810/1160/62
f 824/1161/99 823/1162/99 818/1163/99 817/1164/99
f 822/1165/98 821/1166/98 815/1167/98 816/1168/98
f 820/1169/103 819/1170/103 813/1171/103 814/1172/103
f 823/1162/61 822/1173/61 816/1174/61 818/1163/61
f 821/1166/102 820/1169/102 814/1172/102 815/1167/102
f 819/1175/104 824/1161/104 817/1164/104 813/1176/104
f 818/1177/51 816/1178/51 815/1179/51 814/1180/51 813/1181/51 817/1182/51
f 823/1183/50 824/1184/50 819/1185/50 820/1186/50 821/1187/50 822/1188/50
f 837/1189/92 825/1190/92 828/1191/92 838/1192/92
f 840/1193/93 827/1194/93 826/1195/93 839/1196/93
f 825/1190/92 836/1197/92 835/1198/92 828/1191/92
f 827/1194/105 834/1199/105 833/1200/105 826/1195/105
f 833/1200/93 834/1199/93 830/1201/93 829/1202/93
f 835/1198/92 836/1197/92 832/1203/92 831/1204/92
f 831/1205/50 832/1206/50 829/1207/50 830/1208/50
f 840/1193/93 839/1196/93 843/1209/93 844/1210/93
f 842/1211/92 841/1212/92 837/1189/92 838/1192/92
f 844/1213/61 843/1214/61 841/1215/61 842/1216/61
f 845/1217/65 846/1218/65 848/1219/65 847/1220/65
f 847/1221/106 848/1222/106 852/1223/106 851/1224/106
f 849/1225/107 850/1226/107 846/1227/107 845/1228/107
f 858/1229/50 857/1230/50 860/1231/50 859/1232/50
f 854/1233/106 853/1234/106 857/1235/106 858/1236/106
f 856/1237/107 855/1238/107 859/1239/107 860/1240/107
f 862/1241/107 855/1238/107 856/1237/107 863/1242/107
f 864/1243/106 853/1234/106 854/1233/106 861/1244/106
f 849/1225/108 862/1241/108 863/1242/108 850/1226/108
f 852/1223/106 864/1243/106 861/1244/106 851/1224/106
f 866/1245/50 865/1246/50 870/1247/50 869/1248/50 868/1249/50 867/1250/50
f 871/1251/51 873/1252/51 874/1253/51 875/1254/51 876/1255/51 872/1256/51
f 870/1257/109 865/1258/109 872/1259/109 876/1260/109
f 868/1261/110 869/1262/110 875/1263/110 874/1264/110
f 866/1265/65 867/1266/65 873/1267/65 871/1268/65
f 869/1262/111 870/1269/111 876/1270/111 875/1263/111
f 867/1271/112 868/1261/112 874/1264/112 873/1272/112
f 865/1258/113 866/1265/113 871/1268/113 872/1259/113
f 877/1273/66 878/1274/66 880/1275/66 879/1276/66
f 879/1277/107 880/1278/107 884/1279/107 883/1280/107
f 881/1281/106 882/1282/106 878/1283/106 877/1284/106
f 890/1285/50 889/1286/50 892/1287/50 891/1288/50
f 886/1289/107 885/1290/107 889/1291/107 890/1292/107
f 888/1293/106 887/1294/106 891/1295/106 892/1296/106
f 894/1297/106 887/1294/106 888/1293/106 895/1298/106
f 896/1299/107 885/1290/107 886/1289/107 893/1300/107
f 881/1281/106 894/1297/106 895/1298/106 882/1282/106
f 884/1279/107 896/1299/107 893/1300/107 883/1280/107
f 898/1301/50 897/1302/50 902/1303/50 901/1304/50 900/1305/50 899/1306/50
f 903/1307/51 905/1308/51 906/1309/51 907/1310/51 908/1311/51 904/1312/51
f 902/1313/112 897/1314/112 904/1315/112 908/1316/112
f 900/1317/114 901/1318/114 907/1319/114 906/1320/114
f 898/1321/111 899/1322/111 905/1323/111 903/1324/111
f 901/1318/115 902/1325/115 908/1326/115 907/1319/115
f 899/1327/109 900/1317/109 906/1320/109 905/1328/109
f 897/1314/110 898/1321/110 903/1324/110 904/1315/110
f 920/1329/110 919/1330/110 914/1331/110 913/1332/110
f 918/1333/109 917/1334/109 911/1335/109 912/1336/109
f 916/1337/65 915/1338/65 909/1339/65 910/1340/65
f 919/1330/66 918/1341/66 912/1342/66 914/1331/66
f 917/1334/113 916/1337/113 910/1340/113 911/1335/113
f 915/1343/112 920/1329/112 913/1332/112 909/1344/112
f 914/1345/51 912/1346/51 911/1347/51 910/1348/51 909/1349/51 913/1350/51
f 919/1351/50 920/1352/50 915/1353/50 916/1354/50 917/1355/50 918/1356/50
f 933/1357/107 921/1358/107 924/1359/107 934/1360/107
f 936/1361/116 923/1362/116 922/1363/116 935/1364/116
f 921/1358/107 932/1365/107 931/1366/107 924/1359/107
f 923/1362/106 930/1367/106 929/1368/106 922/1363/106
f 929/1368/106 930/1367/106 926/1369/106 925/1370/106
f 931/1366/107 932/1365/107 928/1371/107 927/1372/107
f 927/1373/50 928/1374/50 925/1375/50 926/1376/50
f 936/1361/106 935/1364/106 939/1377/106 940/1378/106
f 938/1379/107 937/1380/107 933/1357/107 934/1360/107
f 940/1381/66 939/1382/66 937/1383/66 938/1384/66
f 952/1385/113 951/1386/113 946/1387/113 945/1388/113
f 950/1389/112 949/1390/112 943/1391/112 944/1392/112
f 948/1393/117 947/1394/117 941/1395/117 942/1396/117
f 951/1386/65 950/1397/65 944/1398/65 946/1387/65
f 949/1390/118 948/1393/118 942/1396/118 943/1391/118
f 947/1399/109 952/1385/109 945/1388/109 941/1400/109
f 946/1401/51 944/1402/51 943/1403/51 942/1404/51 941/1405/51 945/1406/51
f 951/1407/50 952/1408/50 947/1409/50 948/1410/50 949/1411/50 950/1412/50
f 965/1413/106 953/1414/106 956/1415/106 966/1416/106
f 968/1417/107 955/1418/107 954/1419/107 967/1420/107
f 953/1414/106 964/1421/106 963/1422/106 956/1415/106
f 955/1418/107 962/1423/107 961/1424/107 954/1419/107
f 961/1424/107 962/1423/107 958/1425/107 957/1426/107
f 963/1422/106 964/1421/106 960/1427/106 959/1428/106
f 959/1429/50 960/1430/50 957/1431/50 958/1432/50
f 968/1417/107 967/1420/107 971/1433/107 972/1434/107
f 970/1435/106 969/1436/106 965/1413/106 966/1416/106
f 972/1437/65 971/1438/65 969/1439/65 970/1440/65
f 973/1441/69 974/1442/69 976/1443/69 975/1444/69
f 975/1445/119 976/1446/119 980/1447/119 979/1448/119
f 977/1449/120 978/1450/120 974/1451/120 973/1452/120
f 986/1453/50 985/1454/50 988/1455/50 987/1456/50
f 982/1457/119 981/1458/119 985/1459/119 986/1460/119
f 984/1461/120 983/1462/120 987/1463/120 988/1464/120
f 990/1465/120 983/1462/120 984/1461/120 991/1466/120
f 992/1467/119 981/1458/119 982/1457/119 989/1468/119
f 977/1449/120 990/1465/120 991/1466/120 978/1450/120
f 980/1447/119 992/1467/119 989/1468/119 979/1448/119
f 994/1469/50 993/1470/50 998/1471/50 997/1472/50 996/1473/50 995/1474/50
f 999/1475/51 1001/1476/51 1002/1477/51 1003/1478/51 1004/1479/51 1000/1480/51
f 998/1481/121 993/1482/121 1000/1483/121 1004/1484/121
f 996/1485/122 997/1486/122 1003/1487/122 1002/1488/122
f 994/1489/69 995/1490/69 1001/1491/69 999/1492/69
f 997/1486/123 998/1493/123 1004/1494/123 1003/1487/123
f 995/1495/124 996/1485/124 1002/1488/124 1001/1496/124
f 993/1482/125 994/1489/125 999/1492/125 1000/1483/125
f 1005/1497/70 1006/1498/70 1008/1499/70 1007/1500/70
f 1007/1501/120 1008/1502/120 1012/1503/120 1011/1504/120
f 1009/1505/119 1010/1506/119 1006/1507/119 1005/1508/119
f 1018/1509/50 1017/1510/50 1020/1511/50 1019/1512/50
f 1014/1513/120 1013/1514/120 1017/1515/120 1018/1516/120
f 1016/1517/119 1015/1518/119 1019/1519/119 1020/1520/119
f 1022/1521/119 1015/1518/119 1016/1517/119 1023/1522/119
f 1024/1523/120 1013/1514/120 1014/1513/120 1021/1524/120
f 1009/1505/119 1022/1521/119 1023/1522/119 1010/1506/119
f 1012/1503/120 1024/1523/120 1021/1524/120 1011/1504/120
f 1026/1525/50 1025/1526/50 1030/1527/50 1029/1528/50 1028/1529/50 1027/1530/50
f 1031/1531/51 1033/1532/51 1034/1533/51 1035/1534/51 1036/1535/51 1032/1536/51
f 1030/1537/126 1025/1538/126 1032/1539/126 1036/1540/126
f 1028/1541/127 1029/1542/127 1035/1543/127 1034/1544/127
f 1026/1545/123 1027/1546/123 1033/1547/123 1031/1548/123
f 1029/1542/69 1030/1549/69 1036/1550/69 1035/1543/69
f 1027/1551/121 1028/1541/121 1034/1544/121 1033/1552/121
f 1025/1538/128 1026/1545/128 1031/1548/128 1032/1539/128
f 1048/1553/128 1047/1554/128 1042/1555/128 1041/1556/128
f 1046/1557/129 1045/1558/129 1039/1559/129 1040/1560/129
f 1044/1561/130 1043/1562/130 1037/1563/130 1038/1564/130
f 1047/1554/123 1046/1565/123 1040/1566/123 1042/1555/123
f 1045/1558/125 1044/1561/125 1038/1564/125 1039/1559/125
f 1043/1567/126 1048/1553/126 1041/1556/126 1037/1568/126
f 1042/1569/51 1040/1570/51 1039/1571/51 1038/1572/51 1037/1573/51 1041/1574/51
f 1047/1575/50 1048/1576/50 1043/1577/50 1044/1578/50 1045/1579/50 1046/1580/50
f 1061/1581/120 1049/1582/120 1052/1583/120 1062/1584/120
f 1064/1585/119 1051/1586/119 1050/1587/119 1063/1588/119
f 1049/1582/120 1060/1589/120 1059/1590/120 1052/1583/120
f 1051/1586/119 1058/1591/119 1057/1592/119 1050/1587/119
f 1057/1592/119 1058/1591/119 1054/1593/119 1053/1594/119
f 1059/1590/120 1060/1589/120 1056/1595/120 1055/1596/120
f 1055/1597/50 1056/1598/50 1053/1599/50 1054/1600/50
f 1064/1585/119 1063/1588/119 1067/1601/119 1068/1602/119
f 1066/1603/120 1065/1604/120 1061/1581/120 1062/1584/120
f 1068/1605/70 1067/1606/70 1065/1607/70 1066/1608/70
f 1080/1609/131 1079/1610/131 1074/1611/131 1073/1612/131
f 1078/1613/126 1077/1614/126 1071/1615/126 1072/1616/126
f 1076/1617/132 1075/1618/132 1069/1619/132 1070/1620/132
f 1079/1610/69 1078/1621/69 1072/1622/69 1074/1611/69
f 1077/1614/133 1076/1617/133 1070/1620/133 1071/1615/133
f 1075/1623/129 1080/1609/129 1073/1612/129 1069/1624/129
f 1074/1625/51 1072/1626/51 1071/1627/51 1070/1628/51 1069/1629/51 1073/1630/51
f 1079/1631/50 1080/1632/50 1075/1633/50 1076/1634/50 1077/1635/50 1078/1636/50
f 1093/1637/119 1081/1638/119 1084/1639/119 1094/1640/119
f 1096/1641/134 1083/1642/134 1082/1643/134 1095/1644/134
f 1081/1638/119 1092/1645/119 1091/1646/119 1084/1639/119
f 1083/1642/120 1090/1647/120 1089/1648/120 1082/1643/120
f 1089/1648/120 1090/1647/120 1086/1649/120 1085/1650/120
f 1091/1646/135 1092/1645/135 1088/1651/135 1087/1652/135
f 1087/1653/50 1088/1654/50 1085/1655/50 1086/1656/50
f 1096/1641/120 1095/1644/120 1099/1657/120 1100/1658/120
f 1098/1659/119 1097/1660/119 1093/1637/119 1094/1640/119
f 1100/1661/69 1099/1662/69 1097/1663/69 1098/1664/69
f 1101/1665/73 1102/1666/73 1104/1667/73 1103/1668/73
f 1103/1669/136 1104/1670/136 1108/1671/136 1107/1672/136
f 1105/1673/137 1106/1674/137 1102/1675/137 1101/1676/137
f 1114/1677/50 1113/1678/50 1116/1679/50 1115/1680/50
f 1110/1681/136 1109/1682/136 1113/1683/136 1114/1684/136
f 1112/1685/138 1111/1686/138 1115/1687/138 1116/1688/138
f 1118/1689/138 1111/1686/138 1112/1685/138 1119/1690/138
f 1120/1691/136 1109/1682/136 1110/1681/136 1117/1692/136
f 1105/1673/137 1118/1689/137 1119/1690/137 1106/1674/137
f 1108/1671/136 1120/1691/136 1117/1692/136 1107/1672/136
f 1122/1693/50 1121/1694/50 1126/1695/50 1125/1696/50 1124/1697/50 1123/1698/50
f 1127/1699/51 1129/1700/51 1130/1701/51 1131/1702/51 1132/1703/51 1128/1704/51
f 1126/1705/139 1121/1706/139 1128/1707/139 1132/1708/139
f 1124/1709/140 1125/1710/140 1131/1711/140 1130/1712/140
f 1122/1713/141 1123/1714/141 1129/1715/141 1127/1716/141
f 1125/1710/142 1126/1717/142 1132/1718/142 1131/1711/142
f 1123/1719/143 1124/1709/143 1130/1712/143 1129/1720/143
f 1121/1706/144 1122/1713/144 1127/1716/144 1128/1707/144
f 1133/1721/74 1134/1722/74 1136/1723/74 1135/1724/74
f 1135/1725/137 1136/1726/137 1140/1727/137 1139/1728/137
f 1137/1729/136 1138/1730/136 1134/1731/136 1133/1732/136
f 1146/1733/50 1145/1734/50 1148/1735/50 1147/1736/50
f 1142/1737/137 1141/1738/137 1145/1739/137 1146/1740/137
f 1144/1741/136 1143/1742/136 1147/1743/136 1148/1744/136
f 1150/1745/145 1143/1742/145 1144/1741/145 1151/1746/145
f 1152/1747/137 1141/1738/137 1142/1737/137 1149/1748/137
f 1137/1729/136 1150/1745/136 1151/1746/136 1138/1730/136
f 1140/1727/137 1152/1747/137 1149/1748/137 1139/1728/137
f 1154/1749/50 1153/1750/50 1158/1751/50 1157/1752/50 1156/1753/50 1155/1754/50
f 1159/1755/51 1161/1756/51 1162/1757/51 1163/1758/51 1164/1759/51 1160/1760/51
f 1158/1761/146 1153/1762/146 1160/1763/146 1164/1764/146
f 1156/1765/147 1157/1766/147 1163/1767/147 1162/1768/147
f 1154/1769/74 1155/1770/74 1161/1771/74 1159/1772/74
f 1157/1766/73 1158/1773/73 1164/1774/73 1163/1767/73
f 1155/1775/139 1156/1765/139 1162/1768/139 1161/1776/139
f 1153/1762/140 1154/1769/140 1159/1772/140 1160/1763/140
f 1176/1777/140 1175/1778/140 1170/1779/140 1169/1780/140
f 1174/1781/148 1173/1782/148 1167/1783/148 1168/1784/148
f 1172/1785/141 1171/1786/141 1165/1787/141 1166/1788/141
f 1175/1778/142 1174/1789/142 1168/1790/142 1170/1779/142
f 1173/1782/149 1172/1785/149 1166/1788/149 1167/1783/149
f 1171/1791/146 1176/1777/146 1169/1780/146 1165/1792/146
f 1170/1793/51 1168/1794/51 1167/1795/51 1166/1796/51 1165/1797/51 1169/1798/51
f 1175/1799/50 1176/1800/50 1171/1801/50 1172/1802/50 1173/1803/50 1174/1804/50
f 1189/1805/138 1177/1806/138 1180/1807/138 1190/1808/138
f 1192/1809/136 1179/1810/136 1178/1811/136 1191/1812/136
f 1177/1806/137 1188/1813/137 1187/1814/137 1180/1807/137
f 1179/1810/136 1186/1815/136 1185/1816/136 1178/1811/136
f 1185/1816/136 1186/1815/136 1182/1817/136 1181/1818/136
f 1187/1814/137 1188/1813/137 1184/1819/137 1183/1820/137
f 1183/1821/50 1184/1822/50 1181/1823/50 1182/1824/50
f 1192/1809/136 1191/1812/136 1195/1825/136 1196/1826/136
f 1194/1827/137 1193/1828/137 1189/1805/137 1190/1808/137
f 1196/1829/74 1195/1830/74 1193/1831/74 1194/1832/74
f 1208/1833/149 1207/1834/149 1202/1835/149 1201/1836/149
f 1206/1837/146 1205/1838/146 1199/1839/146 1200/1840/146
f 1204/1841/150 1203/1842/150 1197/1843/150 1198/1844/150
f 1207/1834/73 1206/1845/73 1200/1846/73 1202/1835/73
f 1205/1838/151 1204/1841/151 1198/1844/151 1199/1839/151
f 1203/1847/148 1208/1833/148 1201/1836/148 1197/1848/148
f 1202/1849/51 1200/1850/51 1199/1851/51 1198/1852/51 1197/1853/51 1201/1854/51
f 1207/1855/50 1208/1856/50 1203/1857/50 1204/1858/50 1205/1859/50 1206/1860/50
f 1221/1861/136 1209/1862/136 1212/1863/136 1222/1864/136
f 1224/1865/137 1211/1866/137 1210/1867/137 1223/1868/137
f 1209/1862/136 1220/1869/136 1219/1870/136 1212/1863/136
f 1211/1866/137 1218/1871/137 1217/1872/137 1210/1867/137
f 1217/1872/137 1218/1871/137 1214/1873/137 1213/1874/137
f 1219/1870/145 1220/1869/145 1216/1875/145 1215/1876/145
f 1215/1877/50 1216/1878/50 1213/1879/50 1214/1880/50
f 1224/1865/137 1223/1868/137 1227/1881/137 1228/1882/137
f 1226/1883/136 1225/1884/136 1221/1861/136 1222/1864/136
f 1228/1885/73 1227/1886/73 1225/1887/73 1226/1888/73
f 1229/1889/152 1230/1890/152 1232/1891/152 1231/1892/152
f 1231/1893/153 1232/1894/153 1236/1895/153 1235/1896/153
f 1233/1897/154 1234/1898/154 1230/1899/154 1229/1900/154
f 1242/1901/50 1241/1902/50 1244/1903/50 1243/1904/50
f 1238/1905/155 1237/1906/155 1241/1907/155 1242/1908/155
f 1240/1909/154 1239/1910/154 1243/1911/154 1244/1912/154
f 1246/1913/154 1239/1910/154 1240/1909/154 1247/1914/154
f 1248/1915/153 1237/1906/153 1238/1905/153 1245/1916/153
f 1233/1897/154 1246/1913/154 1247/1914/154 1234/1898/154
f 1236/1895/153 1248/1915/153 1245/1916/153 1235/1896/153
f 1250/1917/50 1249/1918/50 1254/1919/50 1253/1920/50 1252/1921/50 1251/1922/50
f 1255/1923/51 1257/1924/51 1258/1925/51 1259/1926/51 1260/1927/51 1256/1928/51
f 1254/1929/156 1249/1930/156 1256/1931/156 1260/1932/156
f 1252/1933/157 1253/1934/157 1259/1935/157 1258/1936/157
f 1250/1937/158 1251/1938/158 1257/1939/158 1255/1940/158
f 1253/1934/159 1254/1941/159 1260/1942/159 1259/1935/159
f 1251/1943/160 1252/1933/160 1258/1936/160 1257/1944/160
f 1249/1930/161 1250/1937/161 1255/1940/161 1256/1931/161
f 1261/1945/162 1262/1946/162 1264/1947/162 1263/1948/162
f 1263/1949/163 1264/1950/163 1268/1951/163 1267/1952/163
f 1265/1953/155 1266/1954/155 1262/1955/155 1261/1956/155
f 1274/1957/50 1273/1958/50 1276/1959/50 1275/1960/50
f 1270/1961/154 1269/1962/154 1273/1963/154 1274/1964/154
f 1272/1965/155 1271/1966/155 1275/1967/155 1276/1968/155
f 1278/1969/155 1271/1966/155 1272/1965/155 1279/1970/155
f 1280/1971/163 1269/1962/163 1270/1961/163 1277/1972/163
f 1265/1953/153 1278/1969/153 1279/1970/153 1266/1954/153
f 1268/1951/154 1280/1971/154 1277/1972/154 1267/1952/154
f 1282/1973/50 1281/1974/50 1286/1975/50 1285/1976/50 1284/1977/50 1283/1978/50
f 1287/1979/51 1289/1980/51 1290/1981/51 1291/1982/51 1292/1983/51 1288/1984/51
f 1286/1985/164 1281/1986/164 1288/1987/164 1292/1988/164
f 1284/1989/165 1285/1990/165 1291/1991/165 1290/1992/165
f 1282/1993/162 1283/1994/162 1289/1995/162 1287/1996/162
f 1285/1990/166 1286/1997/166 1292/1998/166 1291/1991/166
f 1283/1999/156 1284/1989/156 1290/1992/156 1289/2000/156
f 1281/1986/157 1282/1993/157 1287/1996/157 1288/1987/157
f 1304/2001/167 1303/2002/167 1298/2003/167 1297/2004/167
f 1302/2005/168 1301/2006/168 1295/2007/168 1296/2008/168
f 1300/2009/158 1299/2010/158 1293/2011/158 1294/2012/158
f 1303/2002/159 1302/2013/159 1296/2014/159 1298/2003/159
f 1301/2006/161 1300/2009/161 1294/2012/161 1295/2007/161
f 1299/2015/160 1304/2001/160 1297/2004/160 1293/2016/160
f 1298/2017/51 1296/2018/51 1295/2019/51 1294/2020/51 1293/2021/51 1297/2022/51
f 1303/2023/50 1304/2024/50 1299/2025/50 1300/2026/50 1301/2027/50 1302/2028/50
f 1317/2029/154 1305/2030/154 1308/2031/154 1318/2032/154
f 1320/2033/155 1307/2034/155 1306/2035/155 1319/2036/155
f 1305/2030/154 1316/2037/154 1315/2038/154 1308/2031/154
f 1307/2034/153 1314/2039/153 1313/2040/153 1306/2035/153
f 1313/2040/169 1314/2039/169 1310/2041/169 1309/2042/169
f 1315/2038/163 1316/2037/163 1312/2043/163 1311/2044/163
f 1311/2045/50 1312/2046/50 1309/2047/50 1310/2048/50
f 1320/2033/155 1319/2036/155 1323/2049/155 1324/2050/155
f 1322/2051/163 1321/2052/163 1317/2029/163 1318/2032/163
f 1324/2053/159 1323/2054/159 1321/2055/159 1322/2056/159
f 1336/2057/170 1335/2058/170 1330/2059/170 1329/2060/170
f 1334/2061/164 1333/2062/164 1327/2063/164 1328/2064/164
f 1332/2065/171 1331/2066/171 1325/2067/171 1326/2068/171
f 1335/2058/152 1334/2069/152 1328/2070/152 1330/2059/152
f 1333/2062/172 1332/2065/172 1326/2068/172 1327/2063/172
f 1331/2071/173 1336/2057/173 1329/2060/173 1325/2072/173
f 1330/2073/51 1328/2074/51 1327/2075/51 1326/2076/51 1325/2077/51 1329/2078/51
f 1335/2079/50 1336/2080/50 1331/2081/50 1332/2082/50 1333/2083/50 1334/2084/50
f 1349/2085/155 1337/2086/155 1340/2087/155 1350/2088/155
f 1352/2089/163 1339/2090/163 1338/2091/163 1351/2092/163
f 1337/2086/153 1348/2093/153 1347/2094/153 1340/2087/153
f 1339/2090/154 1346/2095/154 1345/2096/154 1338/2091/154
f 1345/2096/154 1346/2095/154 1342/2097/154 1341/2098/154
f 1347/2094/174 1348/2093/174 1344/2099/174 1343/2100/174
f 1343/2101/50 1344/2102/50 1341/2103/50 1342/2104/50
f 1352/2089/163 1351/2092/163 1355/2105/163 1356/2106/163
f 1354/2107/155 1353/2108/155 1349/2085/155 1350/2088/155
f 1356/2109/166 1355/2110/166 1353/2111/166 1354/2112/166
s 1
f 271/2113/175 575/2114/176 578/2115/177 274/2116/178
f 163/2117/50 167/2118/179 165/2119/179 161/2120/50
f 168/2121/180 164/2122/51 162/2123/51 166/2124/180
f 171/2125/181 170/2126/181 174/2127/47 175/2128/47
f 169/2129/182 172/2130/182 176/2131/54 173/2132/54
f 177/2133/183 170/2126/181 171/2125/181 178/2134/183
f 179/2135/184 172/2130/182 169/2129/182 180/2136/184
f 167/2118/179 177/2137/183 178/2138/183 165/2119/179
f 166/2124/180 179/2139/184 180/2140/184 168/2121/180
f 195/2141/50 199/2142/185 197/2143/185 193/2144/50
f 200/2145/186 196/2146/51 194/2147/51 198/2148/186
f 203/2149/187 202/2150/187 206/2151/54 207/2152/54
f 201/2153/188 204/2154/188 208/2155/47 205/2156/47
f 209/2157/189 202/2150/187 203/2149/187 210/2158/189
f 211/2159/190 204/2154/188 201/2153/188 212/2160/190
f 199/2142/185 209/2161/189 210/2162/189 197/2143/185
f 198/2148/186 211/2163/190 212/2164/190 200/2145/186
f 251/2165/186 238/2166/190 237/2167/190 249/2168/186
f 250/2169/185 240/2170/189 239/2171/189 252/2172/185
f 238/2173/190 245/2174/188 248/2175/188 237/2176/190
f 240/2177/189 247/2178/187 246/2179/187 239/2180/189
f 248/2175/188 245/2174/188 241/2181/47 244/2182/47
f 246/2179/187 247/2178/187 243/2183/54 242/2184/54
f 249/2168/186 253/2185/51 255/2186/51 251/2165/186
f 254/2187/50 250/2169/185 252/2172/185 256/2188/50
f 264/2189/191 586/2190/192 585/2191/193 270/2192/194
f 262/2193/195 285/2194/196 286/2195/197 270/2192/194
f 276/2196/198 296/2197/199 285/2198/196 262/2199/195
f 285/2194/196 305/2200/200 306/2201/201 286/2195/197
f 271/2202/175 287/2203/202 288/2204/203 272/2205/204
f 273/2206/205 290/2207/206 289/2208/207 263/2209/208
f 264/2189/191 292/2210/209 291/2211/210 274/2212/178
f 272/2213/204 288/2214/203 290/2215/206 273/2216/205
f 263/2209/208 289/2208/207 283/2217/211 261/2218/212
f 270/2192/194 286/2195/197 292/2210/209 264/2189/191
f 274/2116/178 291/2219/210 287/2220/202 271/2113/175
f 265/2221/213 293/2222/214 294/2223/215 275/2224/216
f 266/2225/217 295/2226/218 296/2227/199 276/2228/198
f 275/2224/216 294/2223/215 281/2229/219 268/2230/220
f 260/2231/221 282/2232/222 295/2226/218 266/2225/217
f 269/2233/223 284/2234/224 293/2235/214 265/2236/213
f 261/2218/212 283/2217/211 284/2237/224 269/2238/223
f 287/2203/202 307/2239/225 308/2240/226 288/2204/203
f 290/2207/206 310/2241/227 309/2242/228 289/2208/207
f 292/2210/209 312/2243/229 311/2244/230 291/2211/210
f 288/2214/203 308/2245/226 310/2246/227 290/2215/206
f 289/2208/207 309/2242/228 303/2247/231 283/2217/211
f 286/2195/197 306/2201/201 312/2243/229 292/2210/209
f 291/2219/210 311/2248/230 307/2249/225 287/2220/202
f 293/2222/214 313/2250/232 314/2251/233 294/2223/215
f 295/2226/218 315/2252/234 316/2253/235 296/2227/199
f 294/2223/215 314/2251/233 301/2254/236 281/2229/219
f 282/2232/222 302/2255/237 315/2252/234 295/2226/218
f 284/2234/224 304/2256/238 313/2257/232 293/2235/214
f 283/2217/211 303/2247/231 304/2258/238 284/2237/224
f 296/2197/199 316/2259/235 305/2260/200 285/2198/196
f 327/2261/239 347/2262/240 348/2263/241 328/2264/242
f 307/2239/225 327/2261/239 328/2264/242 308/2240/226
f 310/2241/227 330/2265/243 329/2266/244 309/2242/228
f 312/2243/229 332/2267/245 331/2268/246 311/2244/230
f 308/2245/226 328/2269/242 330/2270/243 310/2246/227
f 309/2242/228 329/2266/244 323/2271/247 303/2247/231
f 306/2201/201 326/2272/248 332/2267/245 312/2243/229
f 311/2248/230 331/2273/246 327/2274/239 307/2249/225
f 313/2250/232 333/2275/249 334/2276/250 314/2251/233
f 315/2252/234 335/2277/251 336/2278/252 316/2253/235
f 314/2251/233 334/2276/250 321/2279/253 301/2254/236
f 302/2255/237 322/2280/254 335/2277/251 315/2252/234
f 304/2256/238 324/2281/255 333/2282/249 313/2257/232
f 303/2247/231 323/2271/247 324/2283/255 304/2258/238
f 316/2259/235 336/2284/252 325/2285/256 305/2260/200
f 305/2200/200 325/2286/256 326/2272/248 306/2201/201
f 330/2265/243 350/2287/257 349/2288/258 329/2266/244
f 332/2267/245 352/2289/259 351/2290/260 331/2268/246
f 328/2269/242 348/2291/241 350/2292/257 330/2270/243
f 329/2266/244 349/2288/258 343/2293/261 323/2271/247
f 326/2272/248 346/2294/262 352/2289/259 332/2267/245
f 331/2273/246 351/2295/260 347/2296/240 327/2274/239
f 333/2275/249 353/2297/263 354/2298/264 334/2276/250
f 335/2277/251 355/2299/265 356/2300/266 336/2278/252
f 334/2276/250 354/2298/264 341/2301/267 321/2279/253
f 322/2280/254 342/2302/268 355/2299/265 335/2277/251
f 324/2281/255 344/2303/269 353/2304/263 333/2282/249
f 323/2271/247 343/2293/261 344/2305/269 324/2283/255
f 336/2284/252 356/2306/266 345/2307/270 325/2285/256
f 325/2286/256 345/2308/270 346/2294/262 326/2272/248
f 350/2287/257 370/2309/271 369/2310/272 349/2288/258
f 352/2289/259 372/2311/273 371/2312/274 351/2290/260
f 348/2291/241 368/2313/275 370/2314/271 350/2292/257
f 349/2288/258 369/2310/272 363/2315/276 343/2293/261
f 346/2294/262 366/2316/277 372/2311/273 352/2289/259
f 351/2295/260 371/2317/274 367/2318/278 347/2296/240
f 353/2297/263 373/2319/279 374/2320/280 354/2298/264
f 355/2299/265 375/2321/281 376/2322/282 356/2300/266
f 354/2298/264 374/2320/280 361/2323/283 341/2301/267
f 342/2302/268 362/2324/284 375/2321/281 355/2299/265
f 344/2303/269 364/2325/285 373/2326/279 353/2304/263
f 343/2293/261 363/2315/276 364/2327/285 344/2305/269
f 356/2306/266 376/2328/282 365/2329/286 345/2307/270
f 345/2308/270 365/2330/286 366/2316/277 346/2294/262
f 347/2262/240 367/2331/278 368/2332/275 348/2263/241
f 403/2333/180 390/2334/184 389/2335/184 401/2336/180
f 402/2337/179 392/2338/183 391/2339/183 404/2340/179
f 390/2341/184 397/2342/182 400/2343/182 389/2344/184
f 392/2345/183 399/2346/181 398/2347/181 391/2348/183
f 400/2343/182 397/2342/182 393/2349/54 396/2350/54
f 398/2347/181 399/2346/181 395/2351/47 394/2352/47
f 401/2336/180 405/2353/51 407/2354/51 403/2333/180
f 406/2355/50 402/2337/179 404/2340/179 408/2356/50
f 372/2311/273 524/2357/287 523/2358/288 371/2312/274
f 419/2359/202 439/2360/289 440/2361/226 420/2362/203
f 147/2363/204 148/2364/175 419/2359/202 420/2362/203
f 159/2365/198 160/2366/290 428/2367/291 427/2368/292
f 153/2369/293 154/2370/205 421/2371/294 422/2372/295
f 145/629/220 157/2373/216 425/2374/215 413/630/219
f 155/2375/178 156/2376/191 423/2377/209 424/2378/210
f 158/2379/213 149/2380/223 415/2381/296 426/2382/214
f 154/2370/205 147/2383/204 420/2384/203 421/2371/294
f 160/2366/290 146/631/221 414/632/222 428/2367/291
f 150/2385/297 153/2369/293 422/2372/295 416/2386/298
f 152/2387/195 159/2365/198 427/2368/292 418/2388/299
f 148/2389/175 155/2375/178 424/2378/210 419/2390/202
f 149/2380/223 150/2385/297 416/2386/298 415/2381/296
f 156/2376/191 151/2391/194 417/2392/197 423/2377/209
f 151/2391/194 152/2387/195 418/2388/299 417/2392/197
f 157/2373/216 158/2379/213 426/2382/214 425/2374/215
f 428/2367/291 448/2393/300 447/2394/301 427/2368/292
f 421/2371/294 441/2395/302 442/2396/228 422/2372/295
f 425/2374/215 445/2397/233 433/640/236 413/630/219
f 423/2377/209 443/2398/229 444/2399/230 424/2378/210
f 415/2381/296 435/2400/303 446/2401/232 426/2382/214
f 420/2384/203 440/2402/226 441/2395/302 421/2371/294
f 414/632/222 434/636/237 448/2393/300 428/2367/291
f 422/2372/295 442/2396/228 436/2403/304 416/2386/298
f 427/2368/292 447/2394/301 438/2404/200 418/2388/299
f 424/2378/210 444/2399/230 439/2405/289 419/2390/202
f 416/2386/298 436/2403/304 435/2400/303 415/2381/296
f 417/2392/197 437/2406/305 443/2398/229 423/2377/209
f 418/2388/299 438/2404/200 437/2406/305 417/2392/197
f 426/2382/214 446/2401/232 445/2397/233 425/2374/215
f 447/2394/301 467/2407/306 458/2408/307 438/2404/200
f 444/2399/230 464/2409/246 459/2410/239 439/2405/289
f 436/2403/304 456/2411/308 455/2412/309 435/2400/303
f 437/2406/305 457/2413/310 463/2414/245 443/2398/229
f 438/2404/200 458/2408/307 457/2413/310 437/2406/305
f 446/2401/232 466/2415/311 465/2416/250 445/2397/233
f 439/2360/289 459/2417/239 460/2418/242 440/2361/226
f 448/2393/300 468/2419/312 467/2407/306 447/2394/301
f 441/2395/302 461/2420/243 462/2421/244 442/2396/228
f 445/2397/233 465/2416/250 453/646/253 433/640/236
f 443/2398/229 463/2414/245 464/2409/246 444/2399/230
f 435/2400/303 455/2412/309 466/2415/311 446/2401/232
f 440/2402/226 460/2422/242 461/2420/243 441/2395/302
f 434/636/237 454/635/254 468/2419/312 448/2393/300
f 442/2396/228 462/2421/244 456/2411/308 436/2403/304
f 477/2423/313 497/2424/277 503/2425/314 483/2426/259
f 465/2416/250 485/2427/315 473/649/267 453/646/253
f 463/2414/245 483/2426/259 484/2428/260 464/2409/246
f 455/2412/309 475/2429/316 486/2430/317 466/2415/311
f 460/2422/242 480/2431/241 481/2432/318 461/2420/243
f 454/635/254 474/650/268 488/2433/319 468/2419/312
f 462/2421/244 482/2434/320 476/2435/321 456/2411/308
f 467/2407/306 487/2436/322 478/2437/323 458/2408/307
f 464/2409/246 484/2428/260 479/2438/240 459/2410/239
f 456/2411/308 476/2435/321 475/2429/316 455/2412/309
f 457/2413/310 477/2423/313 483/2426/259 463/2414/245
f 458/2408/307 478/2437/323 477/2423/313 457/2413/310
f 466/2415/311 486/2430/317 485/2427/315 465/2416/250
f 459/2417/239 479/2439/240 480/2440/241 460/2418/242
f 468/2419/312 488/2433/319 487/2436/322 467/2407/306
f 461/2420/243 481/2432/318 482/2434/320 462/2421/244
f 499/2441/278 539/2442/324 540/2443/325 500/2444/275
f 478/2437/323 498/2445/326 497/2424/277 477/2423/313
f 486/2430/317 506/2446/327 505/2447/280 485/2427/315
f 479/2439/240 499/2441/278 500/2444/275 480/2440/241
f 488/2433/319 508/2448/328 507/2449/329 487/2436/322
f 481/2432/318 501/2450/330 502/2451/331 482/2434/320
f 485/2427/315 505/2447/280 493/655/283 473/649/267
f 483/2426/259 503/2425/314 504/2452/332 484/2428/260
f 475/2429/316 495/2453/333 506/2446/327 486/2430/317
f 480/2431/241 500/2454/275 501/2450/330 481/2432/318
f 474/650/268 494/656/284 508/2448/328 488/2433/319
f 482/2434/320 502/2451/331 496/2455/334 476/2435/321
f 487/2436/322 507/2449/329 498/2445/326 478/2437/323
f 484/2428/260 504/2452/332 499/2456/278 479/2438/240
f 476/2435/321 496/2455/334 495/2453/333 475/2429/316
f 501/2450/330 541/2457/335 542/2458/336 502/2451/331
f 368/2313/275 520/2459/325 522/2460/335 370/2314/271
f 503/2425/314 543/2461/337 544/2462/338 504/2452/332
f 369/2310/272 521/2463/339 515/2464/340 363/2315/276
f 500/2454/275 540/2465/325 541/2457/335 501/2450/330
f 366/2316/277 518/2466/341 524/2357/287 372/2311/273
f 502/2451/331 542/2458/336 536/2467/342 496/2455/334
f 371/2317/274 523/2468/288 519/2469/343 367/2318/278
f 504/2452/332 544/2462/338 539/2470/324 499/2456/278
f 373/2319/279 525/2471/344 526/2472/345 374/2320/280
f 497/2424/277 537/2473/341 543/2461/337 503/2425/314
f 375/2321/281 527/2474/346 528/2475/347 376/2322/282
f 506/2446/327 546/2476/344 545/2477/348 505/2447/280
f 374/2320/280 526/2472/345 513/2478/78 361/2323/283
f 508/2448/328 548/2479/349 547/2480/347 507/2449/329
f 362/2324/284 514/2481/79 527/2474/346 375/2321/281
f 505/2447/280 545/2477/348 533/711/78 493/655/283
f 364/2325/285 516/2482/350 525/2483/344 373/2326/279
f 363/2315/276 515/2464/340 516/2484/350 364/2327/285
f 495/2453/333 535/2485/351 546/2476/344 506/2446/327
f 376/2328/282 528/2486/347 517/2487/352 365/2329/286
f 365/2330/286 517/2488/352 518/2466/341 366/2316/277
f 494/656/284 534/712/79 548/2479/349 508/2448/328
f 496/2455/334 536/2467/342 535/2485/351 495/2453/333
f 367/2331/278 519/2489/343 520/2490/325 368/2332/275
f 507/2449/329 547/2480/347 538/2491/352 498/2445/326
f 498/2445/326 538/2491/352 537/2473/341 497/2424/277
f 370/2309/271 522/2492/335 521/2463/339 369/2310/272
f 153/2369/293 562/2493/353 561/2494/354 154/2370/205
f 274/2212/178 578/2495/177 586/2190/192 264/2189/191
f 268/2230/220 580/2496/47 579/2497/355 275/2224/216
f 155/2375/178 564/2498/177 563/2499/192 156/2376/191
f 263/2209/208 573/2500/356 577/2501/354 273/2206/205
f 154/2370/205 561/2494/354 560/2502/357 147/2383/204
f 270/2192/194 585/2191/193 582/2503/358 262/2193/195
f 150/2385/297 556/2504/359 562/2493/353 153/2369/293
f 269/2238/223 583/2505/360 572/2506/361 261/2218/212
f 148/2389/175 559/2507/176 564/2498/177 155/2375/178
f 156/2376/191 563/2499/192 557/2508/193 151/2391/194
f 157/2373/216 565/2509/355 566/2510/362 158/2379/213
f 159/2365/198 567/2511/363 568/2512/364 160/2366/290
f 145/629/220 553/767/47 565/2509/355 157/2373/216
f 262/2199/195 582/2513/358 581/2514/363 276/2196/198
f 158/2379/213 566/2510/362 555/2515/360 149/2380/223
f 261/2218/212 572/2506/361 573/2500/356 263/2209/208
f 265/2236/213 584/2516/365 583/2517/360 269/2233/223
f 160/2366/290 568/2512/364 554/768/54 146/631/221
f 266/2225/217 574/2518/364 571/2519/54 260/2231/221
f 149/2380/223 555/2515/360 556/2504/359 150/2385/297
f 276/2228/198 581/2520/363 574/2518/364 266/2225/217
f 152/2387/195 558/2521/358 567/2511/363 159/2365/198
f 272/2205/204 576/2522/357 575/2523/176 271/2202/175
f 151/2391/194 557/2508/193 558/2521/358 152/2387/195
f 275/2224/216 579/2497/355 584/2524/365 265/2221/213
f 273/2216/205 577/2525/354 576/2526/357 272/2213/204
f 147/2363/204 560/724/357 559/723/176 148/2364/175
f 591/2527/50 595/2528/366 593/2529/366 589/2530/50
f 596/2531/367 592/2532/51 590/2533/51 594/2534/367
f 599/2535/368 598/2536/368 602/2537/57 603/2538/57
f 597/2539/369 600/2540/369 604/2541/58 601/2542/58
f 605/2543/370 598/2536/368 599/2535/368 606/2544/370
f 607/2545/371 600/2540/369 597/2539/369 608/2546/371
f 595/2528/366 605/2547/370 606/2548/370 593/2529/366
f 594/2534/367 607/2549/371 608/2550/371 596/2531/367
f 623/2551/50 627/2552/372 625/2553/372 621/2554/50
f 628/2555/373 624/2556/51 622/2557/51 626/2558/373
f 631/2559/374 630/2560/374 634/2561/58 635/2562/58
f 629/2563/375 632/2564/375 636/2565/57 633/2566/57
f 637/2567/376 630/2560/374 631/2559/374 638/2568/376
f 639/2569/377 632/2564/375 629/2563/375 640/2570/377
f 627/2552/372 637/2571/376 638/2572/376 625/2553/372
f 626/2558/373 639/2573/377 640/2574/377 628/2555/373
f 679/2575/373 666/2576/377 665/2577/377 677/2578/373
f 678/2579/372 668/2580/376 667/2581/376 680/2582/372
f 666/2583/377 673/2584/375 676/2585/375 665/2586/377
f 668/2587/376 675/2588/374 674/2589/374 667/2590/376
f 676/2585/375 673/2584/375 669/2591/57 672/2592/57
f 674/2589/374 675/2588/374 671/2593/58 670/2594/58
f 677/2578/373 681/2595/51 683/2596/51 679/2575/373
f 682/2597/50 678/2579/372 680/2582/372 684/2598/50
f 711/2599/367 698/2600/371 697/2601/371 709/2602/367
f 710/2603/366 700/2604/370 699/2605/370 712/2606/366
f 698/2607/371 705/2608/369 708/2609/369 697/2610/371
f 700/2611/370 707/2612/368 706/2613/378 699/2614/370
f 708/2609/369 705/2608/369 701/2615/58 704/2616/58
f 706/2613/378 707/2612/368 703/2617/57 702/2618/57
f 709/2602/367 713/2619/51 715/2620/51 711/2599/367
f 714/2621/50 710/2603/366 712/2606/366 716/2622/50
f 719/2623/50 723/2624/379 721/2625/379 717/2626/50
f 724/2627/380 720/2628/51 718/2629/51 722/2630/380
f 727/2631/381 726/2632/381 730/2633/61 731/2634/61
f 725/2635/382 728/2636/382 732/2637/62 729/2638/62
f 733/2639/383 726/2632/381 727/2631/381 734/2640/383
f 735/2641/384 728/2636/382 725/2635/382 736/2642/384
f 723/2624/379 733/2643/383 734/2644/383 721/2625/379
f 722/2630/380 735/2645/384 736/2646/384 724/2627/380
f 751/2647/50 755/2648/385 753/2649/385 749/2650/50
f 756/2651/386 752/2652/51 750/2653/51 754/2654/386
f 759/2655/387 758/2656/387 762/2657/62 763/2658/62
f 757/2659/388 760/2660/388 764/2661/61 761/2662/61
f 765/2663/389 758/2656/387 759/2655/387 766/2664/389
f 767/2665/390 760/2660/388 757/2659/388 768/2666/390
f 755/2648/385 765/2667/389 766/2668/389 753/2649/385
f 754/2654/386 767/2669/390 768/2670/390 756/2651/386
f 807/2671/386 794/2672/391 793/2673/391 805/2674/386
f 806/2675/385 796/2676/389 795/2677/389 808/2678/385
f 794/2679/391 801/2680/392 804/2681/392 793/2682/391
f 796/2683/389 803/2684/387 802/2685/387 795/2686/389
f 804/2681/392 801/2680/392 797/2687/61 800/2688/61
f 802/2685/387 803/2684/387 799/2689/62 798/2690/62
f 805/2674/386 809/2691/51 811/2692/51 807/2671/386
f 810/2693/50 806/2675/385 808/2678/385 812/2694/50
f 839/2695/380 826/2696/384 825/2697/384 837/2698/380
f 838/2699/379 828/2700/383 827/2701/383 840/2702/379
f 826/2703/384 833/2704/393 836/2705/393 825/2706/384
f 828/2707/383 835/2708/381 834/2709/381 827/2710/383
f 836/2705/393 833/2704/393 829/2711/62 832/2712/62
f 834/2709/381 835/2708/381 831/2713/61 830/2714/61
f 837/2698/380 841/2715/51 843/2716/51 839/2695/380
f 842/2717/50 838/2699/379 840/2702/379 844/2718/50
f 847/2719/50 851/2720/394 849/2721/394 845/2722/50
f 852/2723/395 848/2724/51 846/2725/51 850/2726/395
f 855/2727/396 854/2728/396 858/2729/65 859/2730/65
f 853/2731/397 856/2732/397 860/2733/66 857/2734/66
f 861/2735/398 854/2728/396 855/2727/396 862/2736/398
f 863/2737/399 856/2732/397 853/2731/397 864/2738/399
f 851/2720/394 861/2739/398 862/2740/398 849/2721/394
f 850/2726/395 863/2741/399 864/2742/399 852/2723/395
f 879/2743/50 883/2744/400 881/2745/400 877/2746/50
f 884/2747/401 880/2748/51 878/2749/51 882/2750/401
f 887/2751/402 886/2752/402 890/2753/66 891/2754/66
f 885/2755/403 888/2756/403 892/2757/65 889/2758/65
f 893/2759/404 886/2752/402 887/2751/402 894/2760/404
f 895/2761/405 888/2756/403 885/2755/403 896/2762/405
f 883/2744/400 893/2763/404 894/2764/404 881/2745/400
f 882/2750/401 895/2765/405 896/2766/405 884/2747/401
f 935/2767/401 922/2768/405 921/2769/405 933/2770/401
f 934/2771/400 924/2772/404 923/2773/404 936/2774/400
f 922/2775/405 929/2776/403 932/2777/403 921/2778/405
f 924/2779/404 931/2780/406 930/2781/406 923/2782/404
f 932/2777/403 929/2776/403 925/2783/65 928/2784/65
f 930/2781/406 931/2780/406 927/2785/66 926/2786/66
f 933/2770/401 937/2787/51 939/2788/51 935/2767/401
f 938/2789/50 934/2771/400 936/2774/400 940/2790/50
f 967/2791/395 954/2792/399 953/2793/399 965/2794/395
f 966/2795/394 956/2796/407 955/2797/407 968/2798/394
f 954/2799/399 961/2800/397 964/2801/397 953/2802/399
f 956/2803/407 963/2804/396 962/2805/396 955/2806/407
f 964/2801/397 961/2800/397 957/2807/66 960/2808/66
f 962/2805/396 963/2804/396 959/2809/65 958/2810/65
f 965/2794/395 969/2811/51 971/2812/51 967/2791/395
f 970/2813/50 966/2795/394 968/2798/394 972/2814/50
f 975/2815/50 979/2816/408 977/2817/408 973/2818/50
f 980/2819/409 976/2820/51 974/2821/51 978/2822/409
f 983/2823/410 982/2824/410 986/2825/69 987/2826/69
f 981/2827/411 984/2828/411 988/2829/70 985/2830/70
f 989/2831/412 982/2824/410 983/2823/410 990/2832/412
f 991/2833/413 984/2828/411 981/2827/411 992/2834/413
f 979/2816/408 989/2835/412 990/2836/412 977/2817/408
f 978/2822/409 991/2837/413 992/2838/413 980/2819/409
f 1007/2839/50 1011/2840/414 1009/2841/414 1005/2842/50
f 1012/2843/415 1008/2844/51 1006/2845/51 1010/2846/415
f 1015/2847/416 1014/2848/416 1018/2849/70 1019/2850/70
f 1013/2851/417 1016/2852/417 1020/2853/69 1017/2854/69
f 1021/2855/418 1014/2848/416 1015/2847/416 1022/2856/418
f 1023/2857/419 1016/2852/417 1013/2851/417 1024/2858/419
f 1011/2840/414 1021/2859/418 1022/2860/418 1009/2841/414
f 1010/2846/415 1023/2861/419 1024/2862/419 1012/2843/415
f 1063/2863/415 1050/2864/419 1049/2865/419 1061/2866/415
f 1062/2867/414 1052/2868/420 1051/2869/420 1064/2870/414
f 1050/2871/419 1057/2872/421 1060/2873/421 1049/2874/419
f 1052/2875/420 1059/2876/416 1058/2877/416 1051/2878/420
f 1060/2873/421 1057/2872/421 1053/2879/69 1056/2880/69
f 1058/2877/416 1059/2876/416 1055/2881/70 1054/2882/70
f 1061/2866/415 1065/2883/51 1067/2884/51 1063/2863/415
f 1066/2885/50 1062/2867/414 1064/2870/414 1068/2886/50
f 1095/2887/409 1082/2888/413 1081/2889/413 1093/2890/409
f 1094/2891/408 1084/2892/422 1083/2893/422 1096/2894/408
f 1082/2895/413 1089/2896/411 1092/2897/411 1081/2898/413
f 1084/2899/422 1091/2900/410 1090/2901/423 1083/2902/422
f 1092/2897/411 1089/2896/411 1085/2903/70 1088/2904/70
f 1090/2901/423 1091/2900/410 1087/2905/69 1086/2906/69
f 1093/2890/409 1097/2907/51 1099/2908/51 1095/2887/409
f 1098/2909/50 1094/2891/408 1096/2894/408 1100/2910/50
f 1103/2911/50 1107/2912/424 1105/2913/424 1101/2914/50
f 1108/2915/425 1104/2916/51 1102/2917/51 1106/2918/425
f 1111/2919/426 1110/2920/426 1114/2921/73 1115/2922/73
f 1109/2923/427 1112/2924/427 1116/2925/74 1113/2926/74
f 1117/2927/428 1110/2920/426 1111/2919/426 1118/2928/428
f 1119/2929/429 1112/2924/427 1109/2923/427 1120/2930/429
f 1107/2912/424 1117/2931/428 1118/2932/428 1105/2913/424
f 1106/2918/425 1119/2933/429 1120/2934/429 1108/2915/425
f 1135/2935/50 1139/2936/430 1137/2937/430 1133/2938/50
f 1140/2939/431 1136/2940/51 1134/2941/51 1138/2942/431
f 1143/2943/432 1142/2944/432 1146/2945/74 1147/2946/74
f 1141/2947/433 1144/2948/433 1148/2949/73 1145/2950/73
f 1149/2951/434 1142/2944/432 1143/2943/432 1150/2952/434
f 1151/2953/435 1144/2948/433 1141/2947/433 1152/2954/435
f 1139/2936/430 1149/2955/434 1150/2956/434 1137/2937/430
f 1138/2942/431 1151/2957/435 1152/2958/435 1140/2939/431
f 1191/2959/431 1178/2960/435 1177/2961/435 1189/2962/431
f 1190/2963/430 1180/2964/436 1179/2965/436 1192/2966/430
f 1178/2967/435 1185/2968/433 1188/2969/433 1177/2970/435
f 1180/2971/436 1187/2972/437 1186/2973/437 1179/2974/436
f 1188/2969/433 1185/2968/433 1181/2975/73 1184/2976/73
f 1186/2973/437 1187/2972/437 1183/2977/74 1182/2978/74
f 1189/2962/431 1193/2979/51 1195/2980/51 1191/2959/431
f 1194/2981/50 1190/2963/430 1192/2966/430 1196/2982/50
f 1223/2983/425 1210/2984/429 1209/2985/429 1221/2986/425
f 1222/2987/424 1212/2988/438 1211/2989/438 1224/2990/424
f 1210/2991/429 1217/2992/427 1220/2993/427 1209/2994/429
f 1212/2995/438 1219/2996/426 1218/2997/426 1211/2998/438
f 1220/2993/427 1217/2992/427 1213/2999/74 1216/3000/74
f 1218/2997/426 1219/2996/426 1215/3001/73 1214/3002/73
f 1221/2986/425 1225/3003/51 1227/3004/51 1223/2983/425
f 1226/3005/50 1222/2987/424 1224/2990/424 1228/3006/50
f 1231/3007/50 1235/3008/439 1233/3009/439 1229/3010/50
f 1236/3011/440 1232/3012/51 1230/3013/51 1234/3014/440
f 1239/3015/441 1238/3016/441 1242/3017/152 1243/3018/152
f 1237/3019/442 1240/3020/442 1244/3021/159 1241/3022/159
f 1245/3023/443 1238/3016/441 1239/3015/441 1246/3024/443
f 1247/3025/444 1240/3020/442 1237/3019/442 1248/3026/444
f 1235/3008/439 1245/3027/443 1246/3028/443 1233/3009/439
f 1234/3014/440 1247/3029/444 1248/3030/444 1236/3011/440
f 1263/3031/50 1267/3032/445 1265/3033/445 1261/3034/50
f 1268/3035/446 1264/3036/51 1262/3037/51 1266/3038/446
f 1271/3039/447 1270/3040/448 1274/3041/159 1275/3042/159
f 1269/3043/449 1272/3044/449 1276/3045/152 1273/3046/152
f 1277/3047/450 1270/3040/448 1271/3039/447 1278/3048/450
f 1279/3049/451 1272/3044/449 1269/3043/449 1280/3050/451
f 1267/3032/445 1277/3051/450 1278/3052/450 1265/3033/445
f 1266/3038/446 1279/3053/451 1280/3054/451 1268/3035/446
f 1319/3055/446 1306/3056/451 1305/3057/451 1317/3058/446
f 1318/3059/445 1308/3060/450 1307/3061/450 1320/3062/445
f 1306/3063/451 1313/3064/452 1316/3065/452 1305/3066/451
f 1308/3067/450 1315/3068/453 1314/3069/453 1307/3070/450
f 1316/3065/452 1313/3064/452 1309/3071/152 1312/3072/152
f 1314/3069/453 1315/3068/453 1311/3073/162 1310/3074/162
f 1317/3058/446 1321/3075/51 1323/3076/51 1319/3055/446
f 1322/3077/50 1318/3059/445 1320/3062/445 1324/3078/50
f 1351/3079/440 1338/3080/444 1337/3081/444 1349/3082/440
f 1350/3083/439 1340/3084/454 1339/3085/454 1352/3086/439
f 1338/3087/444 1345/3088/442 1348/3089/442 1337/3090/444
f 1340/3091/454 1347/3092/455 1346/3093/441 1339/3094/454
f 1348/3089/442 1345/3088/442 1341/3095/162 1344/3096/162
f 1346/3093/441 1347/3092/455 1343/3097/152 1342/3098/152
f 1349/3082/440 1353/3099/51 1355/3100/51 1351/3079/440
f 1354/3101/50 1350/3083/439 1352/3086/439 1356/3102/50
