# Blender v2.78 (sub 0) OBJ File: 'RollerCoasterRailBigScrewRight.blend'
# www.blender.org
mtllib RollerCoasterRailBigScrewRight.mtl
o Circle
v 0.500000 1.000000 0.000000
v 0.308659 0.961940 0.000000
v 0.146446 0.853553 0.000000
v 0.038059 0.691342 0.000000
v 0.000000 0.500000 0.000000
v 0.038059 0.308658 0.000000
v 0.146446 0.146447 0.000000
v 0.308659 0.038060 0.000000
v 0.500000 0.000000 0.000000
v 0.691341 0.038060 0.000000
v 0.853554 0.146446 0.000000
v 0.961941 0.308658 0.000000
v 1.000000 0.500000 0.000000
v 0.961941 0.691342 0.000000
v 0.853554 0.853554 0.000000
v 0.691341 0.961940 0.000000
v 8.500000 1.000000 0.000000
v 8.308659 0.961940 0.000000
v 8.146446 0.853553 0.000000
v 8.038059 0.691342 0.000000
v 8.000000 0.500000 0.000000
v 8.038059 0.308658 0.000000
v 8.146446 0.146447 0.000000
v 8.308659 0.038060 0.000000
v 8.500000 0.000000 0.000000
v 8.691341 0.038060 0.000000
v 8.853554 0.146446 0.000000
v 8.961941 0.308658 0.000000
v 9.000000 0.500000 0.000000
v 8.961941 0.691342 0.000000
v 8.853554 0.853554 0.000000
v 8.691341 0.961940 0.000000
v 49.000000 8.961940 -40.308659
v 49.000000 8.853554 -40.146446
v 49.000000 8.691341 -40.038059
v 49.000000 8.500000 -40.000000
v 49.000000 8.308659 -40.038059
v 49.000000 8.146446 -40.146446
v 49.000000 8.038060 -40.308659
v 49.000000 8.000000 -40.500000
v 49.000000 8.038060 -40.691341
v 49.000000 8.146446 -40.853554
v 49.000000 8.308659 -40.961941
v 49.000000 8.500000 -41.000000
v 49.000000 8.691341 -40.961941
v 49.000000 8.853554 -40.853554
v 49.000000 8.961940 -40.691341
v 49.000000 9.000000 -40.500000
v 49.000004 8.961940 -48.308659
v 49.000004 8.853554 -48.146446
v 49.000004 8.691341 -48.038059
v 49.000004 8.500000 -48.000000
v 49.000004 8.308659 -48.038059
v 49.000004 8.146446 -48.146446
v 49.000004 8.038060 -48.308659
v 49.000004 8.000000 -48.500000
v 49.000004 8.038060 -48.691341
v 49.000004 8.146446 -48.853554
v 49.000004 8.308659 -48.961941
v 49.000004 8.500000 -49.000000
v 49.000004 8.691341 -48.961941
v 49.000004 8.853554 -48.853554
v 49.000004 8.961940 -48.691341
v 49.000004 9.000000 -48.500000
v 46.119846 8.941069 -48.643089
v 43.325211 8.878592 -48.503685
v 40.616287 8.777173 -48.273273
v 37.993279 8.639485 -47.951965
v 35.456421 8.468199 -47.539902
v 33.005943 8.265992 -47.037216
v 30.642090 8.035544 -46.444050
v 28.365116 7.779542 -45.760559
v 26.175285 7.500677 -44.986908
v 24.072872 7.201641 -44.123283
v 22.058151 6.885139 -43.169876
v 20.131390 6.553875 -42.126915
v 18.292864 6.210561 -40.994633
v 16.542828 5.857907 -39.773293
v 14.881523 5.498627 -38.463165
v 13.309181 5.135434 -37.064552
v 11.825981 4.771036 -35.577744
v 10.432106 4.408135 -34.003044
v 9.127701 4.049429 -32.340755
v 7.912884 3.697606 -30.591152
v 6.787758 3.355346 -28.754522
v 5.752403 3.025322 -26.831114
v 4.806892 2.710198 -24.821163
v 3.951283 2.412633 -22.724880
v 3.185650 2.135280 -20.542458
v 2.510056 1.880790 -18.274071
v 1.924545 1.651812 -15.919870
v 1.429222 1.450990 -13.480005
v 1.024170 1.280974 -10.954601
v 0.709480 1.144410 -8.343788
v 0.485249 1.043949 -5.647683
v 0.351601 0.982241 -2.866403
v 0.190178 0.873068 -2.873276
v 0.324860 0.934098 -5.661662
v 0.550385 1.033999 -8.365129
v 0.866684 1.170126 -10.983548
v 1.273689 1.339836 -13.516778
v 1.771343 1.540485 -15.964669
v 2.359581 1.769429 -18.327051
v 3.038357 2.024020 -20.603739
v 3.807644 2.301607 -22.794523
v 4.667385 2.599534 -24.899170
v 5.617535 2.915135 -26.917416
v 6.658024 3.245738 -28.848984
v 7.788773 3.588658 -30.693546
v 9.009663 3.941201 -32.450775
v 10.320564 4.300661 -34.120319
v 11.721291 4.664323 -35.701828
v 13.211632 5.029462 -37.194931
v 14.791336 5.393348 -38.599289
v 16.460121 5.753246 -39.914562
v 18.217690 6.106425 -41.140450
v 20.063705 6.450152 -42.276672
v 21.997833 6.781704 -43.322983
v 24.019732 7.098359 -44.279175
v 26.129070 7.397411 -45.145058
v 28.325523 7.676157 -45.920471
v 30.608784 7.931906 -46.605293
v 32.978554 8.161972 -47.199394
v 35.434566 8.363683 -47.702675
v 37.976562 8.534365 -48.115047
v 40.604317 8.671351 -48.436413
v 43.317596 8.771985 -48.666676
v 46.116199 8.833603 -48.805756
v 0.082840 0.710386 -2.879205
v 0.218761 0.771038 -5.673638
v 0.445766 0.870657 -8.383271
v 0.763786 1.006602 -11.007955
v 1.172771 1.176230 -13.547529
v 1.672691 1.376899 -16.001810
v 2.263508 1.605962 -18.370598
v 2.945175 1.860768 -20.653666
v 3.717674 2.138659 -22.850760
v 4.580959 2.436971 -24.961590
v 5.534977 2.753025 -26.985847
v 6.579636 3.084134 -28.923183
v 7.714832 3.427598 -30.773233
v 8.940422 3.780703 -32.535606
v 10.256218 4.140723 -34.209900
v 11.661983 4.504921 -35.795723
v 13.157448 4.870554 -37.292686
v 14.742294 5.234874 -38.700417
v 16.416183 5.595132 -40.018578
v 18.178734 5.948580 -41.246868
v 20.029566 6.292481 -42.385029
v 21.968292 6.624103 -43.432838
v 23.994528 6.940728 -44.390121
v 26.107895 7.239648 -45.256725
v 28.308058 7.518166 -46.032547
v 30.594683 7.773597 -46.717484
v 32.967468 8.003268 -47.311470
v 35.426147 8.204511 -47.814430
v 37.970463 8.374665 -48.226334
v 40.600197 8.511075 -48.547089
v 43.315140 8.611091 -48.776649
v 46.115105 8.672060 -48.914959
v 0.045914 0.518962 -2.883288
v 0.183113 0.579594 -5.681787
v 0.411537 0.679253 -8.395451
v 0.731113 0.815298 -11.024108
v 1.141819 0.985082 -13.567576
v 1.643608 1.185960 -16.025646
v 2.236439 1.415278 -18.398088
v 2.920277 1.670380 -20.684647
v 3.695068 1.948598 -22.885033
v 4.560768 2.247258 -24.998928
v 5.517288 2.563672 -27.025988
v 6.564518 2.895139 -28.965839
v 7.702324 3.238947 -30.818092
v 8.930508 3.592371 -32.582333
v 10.248852 3.952670 -34.258152
v 11.657078 4.317100 -35.845150
v 13.154869 4.682907 -37.342941
v 14.741863 5.047337 -38.751163
v 16.417683 5.407637 -40.069508
v 18.181927 5.761059 -41.297691
v 20.034176 6.104867 -42.435493
v 21.974030 6.436335 -43.482719
v 24.001087 6.752748 -44.439240
v 26.114983 7.051407 -45.304932
v 28.315369 7.329625 -46.079727
v 30.601925 7.584725 -46.763565
v 32.974369 7.814044 -47.356396
v 35.432434 8.014920 -47.858181
v 37.975903 8.184706 -48.268887
v 40.604561 8.320749 -48.588467
v 43.318222 8.420408 -48.816879
v 46.116718 8.481037 -48.954082
v 0.085037 0.327939 -2.884903
v 0.223347 0.388910 -5.684868
v 0.452911 0.488926 -8.399812
v 0.773670 0.625337 -11.029547
v 1.185566 0.795491 -13.573867
v 1.688530 0.996734 -16.032545
v 2.282528 1.226406 -18.405333
v 2.967461 1.481838 -20.691956
v 3.743279 1.760357 -22.892120
v 4.609886 2.059277 -25.005489
v 5.567169 2.375902 -27.031721
v 6.614983 2.707525 -28.970448
v 7.753143 3.051426 -30.821281
v 8.981438 3.404875 -32.583832
v 10.299599 3.765132 -34.257721
v 11.707329 4.129452 -35.842571
v 13.204292 4.495086 -37.338039
v 14.790115 4.859284 -38.743801
v 16.464409 5.219304 -40.059593
v 18.226782 5.572409 -41.285183
v 20.076828 5.915873 -42.420380
v 22.014168 6.246982 -43.465038
v 24.038422 6.563035 -44.419052
v 26.149254 6.861346 -45.282333
v 28.346346 7.139236 -46.054832
v 30.629414 7.394041 -46.736504
v 32.998203 7.623105 -47.327316
v 35.452484 7.823773 -47.827232
v 37.992054 7.993402 -48.236217
v 40.616737 8.129345 -48.554241
v 43.326370 8.228964 -48.781235
v 46.120800 8.289615 -48.917164
v 0.194244 0.166398 -2.883805
v 0.333324 0.228018 -5.682413
v 0.563591 0.328651 -8.395695
v 0.884956 0.465639 -11.023445
v 1.297321 0.636321 -13.565444
v 1.800613 0.838031 -16.021458
v 2.394722 1.068099 -18.391228
v 3.079533 1.323848 -20.674488
v 3.854950 1.602594 -22.870945
v 4.720837 1.901646 -24.980282
v 5.677029 2.218303 -27.002186
v 6.723343 2.549854 -28.936310
v 7.859562 2.893582 -30.782326
v 9.085453 3.246761 -32.539890
v 10.400726 3.606660 -34.208683
v 11.805084 3.970545 -35.788387
v 13.298187 4.335685 -37.278732
v 14.879692 4.699346 -38.679455
v 16.549236 5.058806 -39.990356
v 18.306473 5.411349 -41.211243
v 20.151033 5.754269 -42.341991
v 22.082596 6.084870 -43.382481
v 24.100843 6.400472 -44.332630
v 26.205488 6.698398 -45.192368
v 28.396275 6.975984 -45.961651
v 30.672962 7.230575 -46.640427
v 33.035343 7.459518 -47.228664
v 35.483234 7.660167 -47.726311
v 38.016460 7.829876 -48.133316
v 40.634880 7.966003 -48.449615
v 43.338345 8.065903 -48.675148
v 46.126732 8.126932 -48.809818
v 0.356915 0.058932 -2.880160
v 0.496315 0.121410 -5.674795
v 0.726734 0.222829 -8.383722
v 1.048042 0.360518 -11.006728
v 1.460106 0.531805 -13.543590
v 1.962791 0.734012 -15.994071
v 2.555958 0.964459 -18.357925
v 3.239452 1.220462 -20.634899
v 4.013100 1.499329 -22.824730
v 4.876728 1.798364 -24.927141
v 5.830132 2.114867 -26.941866
v 6.873100 2.446131 -28.868624
v 8.005379 2.789446 -30.707153
v 9.226723 3.142099 -32.457188
v 10.536850 3.501379 -34.118492
v 11.935459 3.864573 -35.690842
v 13.422276 4.228971 -37.174034
v 14.996971 4.591872 -38.567909
v 16.659264 4.950578 -39.872314
v 18.408859 5.302400 -41.087132
v 20.245493 5.644660 -42.212257
v 22.168903 5.974684 -43.247612
v 24.178848 6.289807 -44.193127
v 26.275131 6.587372 -45.048725
v 28.457554 6.864724 -45.814362
v 30.725941 7.119214 -46.489960
v 33.080139 7.348192 -47.075459
v 35.520008 7.549013 -47.570778
v 38.045406 7.719028 -47.975830
v 40.656219 7.855591 -48.290527
v 43.352325 7.956052 -48.514751
v 46.133602 8.017759 -48.648396
v 0.548275 0.021902 -2.874523
v 0.687500 0.085318 -5.663174
v 0.917488 0.187570 -8.365719
v 1.238091 0.325976 -10.981946
v 1.649113 0.497852 -13.511632
v 2.150375 0.700511 -15.954554
v 2.741695 0.931264 -18.310490
v 3.422852 1.187419 -20.579214
v 4.193634 1.466281 -22.760511
v 5.053825 1.765154 -24.854156
v 6.003181 2.081341 -26.859951
v 7.041454 2.412145 -28.777695
v 8.168396 2.754871 -30.607206
v 9.383736 3.106825 -32.348312
v 10.687229 3.465319 -34.000885
v 12.078613 3.827667 -35.564785
v 13.557648 4.191191 -37.039909
v 15.124088 4.553223 -38.426159
v 16.777729 4.911095 -39.723461
v 18.518370 5.262149 -40.931740
v 20.345825 5.603732 -42.050934
v 22.259937 5.933195 -43.080971
v 24.260565 6.247890 -44.021786
v 26.347576 6.545171 -44.873283
v 28.520853 6.822393 -45.635391
v 30.780287 7.076910 -46.308014
v 33.125771 7.306073 -46.891026
v 35.557205 7.507232 -47.384312
v 38.074486 7.677732 -47.787743
v 40.677513 7.814920 -48.101192
v 43.366177 7.916135 -48.324478
v 46.140373 7.978716 -48.457474
v 0.739201 0.060946 -2.867753
v 0.877769 0.125236 -5.649319
v 1.106827 0.228243 -8.344427
v 1.426167 0.367273 -10.952868
v 1.835571 0.539634 -13.474432
v 2.334808 0.742631 -15.908922
v 2.923645 0.973568 -18.256145
v 3.601814 1.229750 -20.515913
v 4.369080 1.508482 -22.688065
v 5.225170 1.807072 -24.772442
v 6.169823 2.122830 -26.768911
v 7.202782 2.453073 -28.677361
v 8.323788 2.795122 -30.497698
v 9.532593 3.146308 -32.229847
v 10.828983 3.503967 -33.873768
v 12.212746 3.865445 -35.429413
v 13.683701 4.228097 -36.896755
v 15.241695 4.589283 -38.275780
v 16.886600 4.946369 -39.566444
v 18.618317 5.296723 -40.768726
v 20.436756 5.637716 -41.882576
v 22.341858 5.966720 -42.907921
v 24.333551 6.281099 -43.844681
v 26.411797 6.578218 -44.692741
v 28.576538 6.855435 -45.451988
v 30.827723 7.110104 -46.122276
v 33.165287 7.339572 -46.703445
v 35.589165 7.541182 -47.195305
v 38.099266 7.712273 -47.597698
v 40.695515 7.850177 -47.910423
v 43.377800 7.952226 -48.133293
v 46.146011 8.015744 -48.266106
v 0.900616 0.170119 -2.860880
v 1.038162 0.235087 -5.635342
v 1.265915 0.338654 -8.323087
v 1.583649 0.478121 -10.923922
v 1.991096 0.650788 -13.437658
v 2.488014 0.853957 -15.864128
v 3.074104 1.084930 -18.203165
v 3.749100 1.341010 -20.454638
v 4.512714 1.619508 -22.618429
v 5.364666 1.917736 -24.694435
v 6.304684 2.233017 -26.682610
v 7.332512 2.562682 -28.582901
v 8.447891 2.904071 -30.395306
v 9.650627 3.254536 -32.119827
v 10.940521 3.611441 -33.756496
v 12.317429 3.972159 -35.305336
v 13.781242 4.334070 -36.766380
v 15.331879 4.694564 -38.139660
v 16.969303 5.051030 -39.425179
v 18.693489 5.400860 -40.622917
v 20.504440 5.741440 -41.732822
v 22.402168 6.070155 -42.754822
v 24.386688 6.384381 -43.688801
v 26.458008 6.681485 -44.534607
v 28.616123 6.958822 -45.292088
v 30.861025 7.213744 -45.961040
v 33.192673 7.443593 -46.541267
v 35.611015 7.645700 -47.032536
v 38.115982 7.817395 -47.434628
v 40.707485 7.955999 -47.747299
v 43.385414 8.058834 -47.970314
v 46.149654 8.123211 -48.103443
v 1.007965 0.332801 -2.854951
v 1.144257 0.398147 -5.623366
v 1.370537 0.501995 -8.304946
v 1.686546 0.641644 -10.899514
v 2.092022 0.814393 -13.406909
v 2.586662 1.017543 -15.826984
v 3.170181 1.248396 -18.159616
v 3.842285 1.504262 -20.404707
v 4.602680 1.782455 -22.562191
v 5.451096 2.080299 -24.632011
v 6.387249 2.395128 -26.614178
v 7.410900 2.724285 -28.508696
v 8.521835 3.065131 -30.315617
v 9.719872 3.415034 -32.034996
v 11.004875 3.771380 -33.666908
v 12.376743 4.131560 -35.211430
v 13.835438 4.492977 -36.668625
v 15.380928 4.853036 -38.038528
v 17.013250 5.209144 -39.321159
v 18.732445 5.558703 -40.516495
v 20.538578 5.899112 -41.624462
v 22.431715 6.227756 -42.644955
v 24.411896 6.542012 -43.577843
v 26.479185 6.839247 -44.422928
v 28.633596 7.116812 -45.180008
v 30.875130 7.372051 -45.848846
v 33.203762 7.602296 -46.429184
v 35.619438 7.804870 -46.920769
v 38.122086 7.977092 -47.323341
v 40.711605 8.116275 -47.636612
v 43.387871 8.219726 -47.860329
v 46.150753 8.284751 -47.994228
v 1.044891 0.524225 -2.850868
v 1.179901 0.589592 -5.615217
v 1.404770 0.693399 -8.292767
v 1.719215 0.832949 -10.883362
v 2.122967 1.005542 -13.386862
v 2.615738 1.208482 -15.803148
v 3.197243 1.439080 -18.132128
v 3.867188 1.694651 -20.373730
v 4.625282 1.972517 -22.527916
v 5.471283 2.270012 -24.594679
v 6.404934 2.584481 -26.574039
v 7.426018 2.913280 -28.466045
v 8.534348 3.253781 -30.270763
v 9.729782 3.603367 -31.988270
v 11.012238 3.959432 -33.618664
v 12.381645 4.319382 -35.162010
v 13.838009 4.680625 -36.618374
v 15.381355 5.040574 -37.987785
v 17.011745 5.396640 -39.270233
v 18.729256 5.746224 -40.465668
v 20.533970 6.086725 -41.573997
v 22.425972 6.415524 -42.595078
v 24.405333 6.729992 -43.528725
v 26.472095 7.027488 -44.374725
v 28.626284 7.305353 -45.132828
v 30.867884 7.560923 -45.802765
v 33.196861 7.791521 -46.384262
v 35.613152 7.994461 -46.877033
v 38.116650 8.167054 -47.280792
v 40.707241 8.306602 -47.595242
v 43.384789 8.410410 -47.820103
v 46.149139 8.475776 -47.955112
v 1.005764 0.715248 -2.849253
v 1.139671 0.780275 -5.612136
v 1.363392 0.883727 -8.288404
v 1.676659 1.022910 -10.877923
v 2.079227 1.195133 -13.380571
v 2.570820 1.397708 -15.796252
v 3.151165 1.627953 -18.124886
v 3.820000 1.883193 -20.366421
v 4.577072 2.160758 -22.520830
v 5.422165 2.457993 -24.588118
v 6.355049 2.772250 -26.568302
v 7.375553 3.100895 -28.461435
v 8.483521 3.441303 -30.267570
v 9.678856 3.790863 -31.986769
v 10.961487 4.146970 -33.619091
v 12.331394 4.507030 -35.164589
v 13.788589 4.868446 -36.623276
v 15.333107 5.228626 -37.995148
v 16.965019 5.584972 -39.280144
v 18.684399 5.934875 -40.478180
v 20.491318 6.275720 -41.589108
v 22.385838 6.604877 -42.612759
v 24.368000 6.919704 -43.548912
v 26.437826 7.217549 -44.397324
v 28.595308 7.495742 -45.157722
v 30.840397 7.751607 -45.829826
v 33.173027 7.982460 -46.413338
v 35.593102 8.185608 -46.907974
v 38.100498 8.358357 -47.313450
v 40.695065 8.498005 -47.629467
v 43.376644 8.601853 -47.855743
v 46.145054 8.667199 -47.992031
v 0.896561 0.876790 -2.850351
v 1.029690 0.941168 -5.614591
v 1.252708 1.044002 -8.292522
v 1.565372 1.182607 -10.884027
v 1.967461 1.354303 -13.388995
v 2.458740 1.556411 -15.807339
v 3.038967 1.786260 -18.138988
v 3.707924 2.041183 -20.383888
v 4.465401 2.318521 -22.542007
v 5.311211 2.615624 -24.613327
v 6.245193 2.929850 -26.597843
v 7.267197 3.258566 -28.495575
v 8.377098 3.599147 -30.306528
v 9.574837 3.948977 -32.030712
v 10.860359 4.305443 -33.668137
v 12.233639 4.665936 -35.218773
v 13.694687 5.027848 -36.682587
v 15.243523 5.388565 -38.059494
v 16.880188 5.745471 -39.349388
v 18.604710 6.095936 -40.552124
v 20.417110 6.437324 -41.667503
v 22.317408 6.766989 -42.695320
v 24.305576 7.082269 -43.635345
v 26.381588 7.380497 -44.487293
v 28.545376 7.658994 -45.250912
v 30.796844 7.915074 -45.925903
v 33.135883 8.146047 -46.511993
v 35.562351 8.349216 -47.008904
v 38.076088 8.521883 -47.416359
v 40.676922 8.661347 -47.734089
v 43.364666 8.764915 -47.961842
v 46.139126 8.829882 -48.099377
v 0.733894 0.984255 -2.853996
v 0.866703 1.047775 -5.622209
v 1.089573 1.149824 -8.304493
v 1.402294 1.287728 -10.900742
v 1.804695 1.458819 -13.410849
v 2.296562 1.660431 -15.834725
v 2.877731 1.889899 -18.172291
v 3.548012 2.144569 -20.423477
v 4.307259 2.421786 -22.588219
v 5.155327 2.718906 -24.666466
v 6.092091 3.033286 -26.658161
v 7.117439 3.362289 -28.563261
v 8.231285 3.703283 -30.381701
v 9.433571 4.053638 -32.113419
v 10.724243 4.410723 -33.758324
v 12.103264 4.771909 -35.316315
v 13.570606 5.134561 -36.787273
v 15.126247 5.496039 -38.171036
v 16.770164 5.853699 -39.467422
v 18.502317 6.204884 -40.676231
v 20.322653 6.546933 -41.797234
v 22.231104 6.877175 -42.830189
v 24.227571 7.192933 -43.774841
v 26.311947 7.491523 -44.630928
v 28.484097 7.770254 -45.398193
v 30.743868 8.026436 -46.076370
v 33.091087 8.257373 -46.665195
v 35.525578 8.460369 -47.164436
v 38.047142 8.632730 -47.573837
v 40.655582 8.771760 -47.893177
v 43.350689 8.874764 -48.122231
v 46.132252 8.939054 -48.260799
v 0.542530 1.021285 -2.859633
v 0.675522 1.083867 -5.633829
v 0.898819 1.185082 -8.322495
v 1.212250 1.322270 -10.925524
v 1.615685 1.492772 -13.442807
v 2.108978 1.693931 -15.874242
v 2.691998 1.923094 -18.219727
v 3.364616 2.177611 -20.479160
v 4.126724 2.454834 -22.652439
v 4.978233 2.752116 -24.739449
v 5.919044 3.066811 -26.740074
v 6.949081 3.396274 -28.654190
v 8.068275 3.737857 -30.481647
v 9.276558 4.088912 -32.222286
v 10.573860 4.446784 -33.875931
v 11.960110 4.808815 -35.442368
v 13.435234 5.172340 -36.921406
v 14.999130 5.534688 -38.312790
v 16.651699 5.893182 -39.616280
v 18.392813 6.245135 -40.831619
v 20.222321 6.587860 -41.958557
v 22.140064 6.918664 -42.996830
v 24.145855 7.234851 -43.946186
v 26.239502 7.533724 -44.806374
v 28.420799 7.812585 -45.577160
v 30.689524 8.068740 -46.258316
v 33.045460 8.299492 -46.849632
v 35.488380 8.502151 -47.350891
v 38.018066 8.674027 -47.761921
v 40.634289 8.812431 -48.082516
v 43.336834 8.914683 -48.312504
v 46.125484 8.978098 -48.451725
v 46.591396 8.941137 -40.650028
v 44.254227 8.878666 -40.532490
v 41.988663 8.777190 -40.338829
v 39.794903 8.639385 -40.069134
v 37.673157 8.467925 -39.723530
v 35.623657 8.265493 -39.302128
v 33.646626 8.034776 -38.805050
v 31.742310 7.778467 -38.232430
v 29.910954 7.499266 -37.584419
v 28.152809 7.199879 -36.861195
v 26.468132 6.883019 -36.062935
v 24.857168 6.551406 -35.189850
v 23.320156 6.207760 -34.242165
v 21.857323 5.854805 -33.220135
v 20.468876 5.495265 -32.124016
v 19.154999 5.131861 -30.954090
v 17.915848 4.767309 -29.710636
v 16.751556 4.404317 -28.393936
v 15.662216 4.045585 -27.004265
v 14.647915 3.693799 -25.541895
v 13.708714 3.351641 -24.007065
v 12.844646 3.021778 -22.400005
v 12.055740 2.706868 -20.720926
v 11.342033 2.409564 -18.970005
v 10.703548 2.132511 -17.147400
v 10.140308 1.878350 -15.253259
v 9.652344 1.649722 -13.287699
v 9.239708 1.449263 -11.250831
v 8.902451 1.279614 -9.142753
v 8.640636 1.143413 -6.963554
v 8.454346 1.043304 -4.713320
v 8.343655 0.981931 -2.392130
v 8.182381 0.872624 -2.399326
v 8.294270 0.933214 -4.727941
v 8.482040 1.032686 -6.985848
v 8.745640 1.168402 -9.172949
v 9.085041 1.337726 -11.289134
v 9.500206 1.538023 -13.334279
v 9.991108 1.766654 -15.308247
v 10.557732 2.020982 -17.210878
v 11.200069 2.298359 -19.042000
v 11.918110 2.596135 -20.801397
v 12.711830 2.911649 -22.488846
v 13.581200 3.242231 -24.104088
v 14.526165 3.585199 -25.646843
v 15.546661 3.937855 -27.116796
v 16.642586 4.297491 -28.513638
v 17.813797 4.661386 -29.837036
v 19.060123 5.026810 -31.086658
v 20.381359 5.391020 -32.262177
v 21.777264 5.751274 -33.363289
v 23.247574 6.104826 -34.389709
v 24.791996 6.448932 -35.341164
v 26.410227 6.780853 -36.217434
v 28.101961 7.097860 -37.018314
v 29.866888 7.397230 -37.743637
v 31.704706 7.676251 -38.393269
v 33.615124 7.932223 -38.967072
v 35.597874 8.162454 -39.464954
v 37.652687 8.364261 -39.886826
v 39.779331 8.534971 -40.232613
v 41.977577 8.671914 -40.502243
v 44.247219 8.772431 -40.695660
v 46.588066 8.833863 -40.812786
v 8.075241 0.709877 -2.405734
v 8.188591 0.770050 -4.740865
v 8.378063 0.869228 -7.005389
v 8.643627 1.004776 -9.199184
v 8.985268 1.174059 -11.322113
v 9.402969 1.374439 -13.374018
v 9.896729 1.603276 -15.354716
v 10.466522 1.857924 -17.264011
v 11.112362 2.135726 -19.101671
v 11.834221 2.434020 -20.867435
v 12.632069 2.750128 -22.561022
v 13.505852 3.081360 -24.182112
v 14.455498 3.425012 -25.730370
v 15.480885 3.778364 -27.205437
v 16.581871 4.138683 -28.606953
v 17.758247 4.503222 -29.934551
v 19.009789 4.869226 -31.187874
v 20.336212 5.233936 -32.366585
v 21.737223 5.594589 -33.470375
v 23.212482 5.948426 -34.498970
v 24.761644 6.292695 -35.452126
v 26.384350 6.624651 -36.329647
v 28.080256 6.941566 -37.131371
v 29.849012 7.240724 -37.857174
v 31.690296 7.519415 -38.506958
v 33.603806 7.774952 -39.080643
v 35.589260 8.004655 -39.578171
v 37.646400 8.205853 -39.999508
v 39.774986 8.375887 -40.344604
v 41.974815 8.512099 -40.613438
v 44.245689 8.611841 -40.805962
v 46.587440 8.672471 -40.922142
v 8.038532 0.518465 -2.410381
v 8.153393 0.578651 -4.750124
v 8.344528 0.677925 -7.019200
v 8.611931 0.813648 -9.217465
v 8.955578 0.983179 -11.344750
v 9.375443 1.183876 -13.400864
v 9.871529 1.413090 -15.385596
v 10.443802 1.668162 -17.298710
v 11.092255 1.946426 -19.139940
v 11.816837 2.245204 -20.908993
v 12.617500 2.561804 -22.605543
v 13.494148 2.893519 -24.229258
v 14.446667 3.237629 -25.779766
v 15.474899 3.591395 -27.256695
v 16.578644 3.952071 -28.659674
v 17.757656 4.316896 -29.988335
v 19.011654 4.683105 -31.242332
v 20.340313 5.047930 -32.421345
v 21.743292 5.408605 -33.525089
v 23.220222 5.762372 -34.553329
v 24.770731 6.106482 -35.505840
v 26.394440 6.438196 -36.382492
v 28.090998 6.754796 -37.183151
v 29.860048 7.053575 -37.907738
v 31.701279 7.331838 -38.556190
v 33.614395 7.586911 -39.128468
v 35.599129 7.816123 -39.624550
v 37.655243 8.016820 -40.044418
v 39.782528 8.186353 -40.388062
v 41.980797 8.322076 -40.655468
v 44.249874 8.421349 -40.846607
v 46.589619 8.481535 -40.961464
v 8.077858 0.327529 -2.412557
v 8.194046 0.388157 -4.754306
v 8.386566 0.487901 -7.025179
v 8.655392 0.624114 -9.225007
v 9.000492 0.794146 -11.353596
v 9.421829 0.995345 -13.410730
v 9.919365 1.225047 -15.396180
v 10.493042 1.480584 -17.309690
v 11.142822 1.759277 -19.150976
v 11.868622 2.058433 -20.919733
v 12.670349 2.375348 -22.615633
v 13.547871 2.707305 -24.238342
v 14.501022 3.051574 -25.787504
v 15.529613 3.405411 -27.262764
v 16.633408 3.766064 -28.663773
v 17.812119 4.130773 -29.990200
v 19.065437 4.496778 -31.241743
v 20.393036 4.861317 -32.418118
v 21.794548 5.221636 -33.519104
v 23.269619 5.574987 -34.544498
v 24.817875 5.918640 -35.494141
v 26.438965 6.249871 -36.367924
v 28.132551 6.565980 -37.165771
v 29.898315 6.864274 -37.887627
v 31.735977 7.142075 -38.533470
v 33.645271 7.396723 -39.103271
v 35.625977 7.625559 -39.597023
v 37.677879 7.825940 -40.014729
v 39.800808 7.995225 -40.356369
v 41.994606 8.130773 -40.621941
v 44.259132 8.229950 -40.811409
v 46.594265 8.290124 -40.924755
v 8.187214 0.166138 -2.411932
v 8.304340 0.227569 -4.752778
v 8.497757 0.328086 -7.022418
v 8.767384 0.465030 -9.220662
v 9.113171 0.635740 -11.347305
v 9.535046 0.837547 -13.402119
v 10.032925 1.067777 -15.384864
v 10.606724 1.323749 -17.295282
v 11.256348 1.602771 -19.133102
v 11.981674 1.902140 -20.898029
v 12.782562 2.219146 -22.589762
v 13.658829 2.551068 -24.207993
v 14.610283 2.895174 -25.752415
v 15.636696 3.248726 -27.222723
v 16.737808 3.608980 -28.618629
v 17.913330 3.973191 -29.939867
v 19.162951 4.338614 -31.186193
v 20.486347 4.702509 -32.357403
v 21.883186 5.062145 -33.453327
v 23.353148 5.414802 -34.473831
v 24.895899 5.757770 -35.418800
v 26.511139 6.088350 -36.288162
v 28.198589 6.403865 -37.081886
v 29.957989 6.701642 -37.799919
v 31.789108 6.979018 -38.442265
v 33.691742 7.233346 -39.008896
v 35.665710 7.461977 -39.499794
v 37.710857 7.662274 -39.914963
v 39.827045 7.831599 -40.254360
v 42.014145 7.967314 -40.517967
v 44.272057 8.066786 -40.705738
v 46.600674 8.127378 -40.817619
v 8.349972 0.058862 -2.408601
v 8.467510 0.121334 -4.745770
v 8.661175 0.222809 -7.011334
v 8.930862 0.360614 -9.205093
v 9.276466 0.532074 -11.326835
v 9.697861 0.734506 -13.376336
v 10.194946 0.965223 -15.353364
v 10.767563 1.221533 -17.257681
v 11.415569 1.500734 -19.089035
v 12.138794 1.800121 -20.847179
v 12.937057 2.116980 -22.531853
v 13.810139 2.448593 -24.142822
v 14.757820 2.792240 -25.679834
v 15.779850 3.145195 -27.142666
v 16.875969 3.504735 -28.531109
v 18.045898 3.868139 -29.844988
v 19.289349 4.232690 -31.084141
v 20.606050 4.595682 -32.248436
v 21.995718 4.954415 -33.337776
v 23.458094 5.306201 -34.352081
v 24.992922 5.648358 -35.291283
v 26.599977 5.978223 -36.155350
v 28.279060 6.293131 -36.944252
v 30.029982 6.590437 -37.657955
v 31.852585 6.867489 -38.296452
v 33.746731 7.121649 -38.859692
v 35.712292 7.350278 -39.347656
v 37.749161 7.550736 -39.760296
v 39.857239 7.720386 -40.097549
v 42.036442 7.856586 -40.359364
v 44.286674 7.956696 -40.545662
v 46.607868 8.018070 -40.656353
v 8.541336 0.022032 -2.403071
v 8.658695 0.085626 -4.734351
v 8.851944 0.188099 -6.993618
v 9.120934 0.326764 -9.180669
v 9.465504 0.498932 -11.295302
v 9.885502 0.701909 -13.337307
v 10.380756 0.932998 -15.306478
v 10.951061 1.189496 -17.202604
v 11.596237 1.468701 -19.025490
v 12.316063 1.767905 -20.774925
v 13.110321 2.084401 -22.450737
v 13.978771 2.415481 -24.052752
v 14.921173 2.758441 -25.580811
v 15.937279 3.110578 -27.034779
v 17.026848 3.469197 -28.414543
v 18.189632 3.831609 -29.720016
v 19.425392 4.195134 -30.951120
v 20.733919 4.557101 -32.107807
v 22.115009 4.914846 -33.190041
v 23.568481 5.265717 -34.197784
v 25.094177 5.607066 -35.131008
v 26.691959 5.936252 -35.989700
v 28.361717 6.250638 -36.773827
v 30.103338 6.547588 -37.483349
v 31.916748 6.824467 -38.118233
v 33.801865 7.078640 -38.678387
v 35.758621 7.307467 -39.163769
v 37.786957 7.508308 -39.574276
v 39.886803 7.678517 -39.909817
v 42.058094 7.815446 -40.170284
v 44.300770 7.916440 -40.355549
v 46.614754 7.978845 -40.465508
v 8.732178 0.061256 -2.396184
v 8.848797 0.125881 -4.720258
v 9.041019 0.229239 -6.971962
v 9.308659 0.368632 -9.151108
v 9.651512 0.541360 -11.257510
v 10.069386 0.744719 -13.290977
v 10.562054 0.976007 -15.251345
v 11.129280 1.232517 -17.138447
v 11.770840 1.511549 -18.952133
v 12.486485 1.810399 -20.692276
v 13.275967 2.126371 -22.358757
v 14.139038 2.456774 -23.951502
v 15.075466 2.798923 -25.470428
v 16.085014 3.150147 -26.915493
v 17.167479 3.507778 -28.286678
v 18.322647 3.869165 -29.583977
v 19.550362 4.231663 -30.807392
v 20.850483 4.592638 -31.956930
v 22.222889 4.949463 -33.032608
v 23.667500 5.299516 -34.034431
v 25.184242 5.640177 -34.962379
v 26.773075 5.968831 -35.816444
v 28.433964 6.282853 -36.596565
v 30.166885 6.579620 -37.302689
v 31.971821 6.856503 -37.934734
v 33.848747 7.110866 -38.492584
v 35.797649 7.340064 -38.976135
v 37.818489 7.541451 -39.385239
v 39.911224 7.712368 -39.719749
v 42.075813 7.850156 -39.979519
v 44.312191 7.952148 -40.164368
v 46.620285 8.015675 -40.274132
v 8.893452 0.170563 -2.388989
v 9.008873 0.235971 -4.705637
v 9.199619 0.339967 -6.949669
v 9.465462 0.479844 -9.120913
v 9.806183 0.652897 -11.219206
v 10.221523 0.856418 -13.244398
v 10.711246 1.087702 -15.196358
v 11.275089 1.344047 -17.074966
v 11.912800 1.622754 -18.880138
v 12.624115 1.921132 -20.611805
v 13.408779 2.236499 -22.269920
v 14.266556 2.566184 -23.854477
v 15.197212 2.907525 -25.365480
v 16.200569 3.257877 -26.802965
v 17.276440 3.614605 -28.166981
v 18.424698 3.975088 -29.457581
v 19.645237 4.336715 -30.674828
v 20.937998 4.696884 -31.818775
v 22.302944 5.052995 -32.889458
v 23.740082 5.402450 -33.886894
v 25.249413 5.742653 -34.811073
v 26.830978 6.070997 -35.661945
v 28.484814 6.384871 -36.439445
v 30.210949 6.681657 -37.143475
v 32.009422 6.958719 -37.773903
v 33.880249 7.213420 -38.330570
v 35.823429 7.443105 -38.813313
v 37.838955 7.645116 -39.221947
v 39.926796 7.816783 -39.556282
v 42.086895 7.955433 -39.816101
v 44.319195 8.058384 -40.001205
v 46.623615 8.122950 -40.111393
v 9.000595 0.333310 -2.382581
v 9.114559 0.399135 -4.692713
v 9.303600 0.503425 -6.930128
v 9.567486 0.643470 -9.094677
v 9.905949 0.816565 -11.186228
v 10.318756 1.020002 -13.204660
v 10.805634 1.251080 -15.149886
v 11.366302 1.507105 -17.021837
v 12.000511 1.785386 -18.820465
v 12.708008 2.083247 -20.545765
v 13.488544 2.398021 -22.197744
v 14.341896 2.727055 -23.776455
v 15.267883 3.067711 -25.281950
v 16.266342 3.417367 -26.714321
v 17.337154 3.773413 -28.073664
v 18.480247 4.133253 -29.360064
v 19.695572 4.494298 -30.573610
v 20.983143 4.853967 -31.714371
v 22.342989 5.209679 -32.782372
v 23.775173 5.558850 -33.777630
v 25.279766 5.898890 -34.700111
v 26.856857 6.227199 -35.549728
v 28.506519 6.541164 -36.326389
v 30.228825 6.838164 -37.029938
v 32.023830 7.115555 -37.660213
v 33.891567 7.370689 -38.217003
v 35.832043 7.600903 -38.700096
v 37.845245 7.803523 -39.109264
v 39.931137 7.975868 -39.444283
v 42.089657 8.115248 -39.704910
v 44.320724 8.218971 -39.890900
v 46.624241 8.284341 -40.002026
v 9.037300 0.524722 -2.377934
v 9.149750 0.590534 -4.683455
v 9.337124 0.694728 -6.916317
v 9.599171 0.834599 -9.076397
v 9.935638 1.007444 -11.163592
v 10.346275 1.210565 -13.177814
v 10.830818 1.441267 -15.119008
v 11.389019 1.696867 -16.987137
v 12.020615 1.974687 -18.782200
v 12.725380 2.272063 -20.504211
v 13.503105 2.586345 -22.153221
v 14.353600 2.914896 -23.729309
v 15.276711 3.255095 -25.232559
v 16.272327 3.604336 -26.663067
v 17.340382 3.960025 -28.020943
v 18.480835 4.319579 -29.306278
v 19.693707 4.680420 -30.519154
v 20.979044 5.039974 -31.659611
v 22.336922 5.395663 -32.727661
v 23.767431 5.744905 -33.723278
v 25.270679 6.085104 -34.646393
v 26.846762 6.413654 -35.496883
v 28.495775 6.727937 -36.274612
v 30.217789 7.025312 -36.979378
v 32.012848 7.303133 -37.610981
v 33.880981 7.558732 -38.169178
v 35.822174 7.789435 -38.653725
v 37.836403 7.992556 -39.064358
v 39.923595 8.165401 -39.400829
v 42.083679 8.305273 -39.662880
v 44.316540 8.409466 -39.850250
v 46.622063 8.475279 -39.962708
v 8.997974 0.715658 -2.375758
v 9.109097 0.781028 -4.679272
v 9.295090 0.884752 -6.910337
v 9.555710 1.024133 -9.068855
v 9.890720 1.196477 -11.154745
v 10.299896 1.399097 -13.167948
v 10.782997 1.629310 -15.108422
v 11.339779 1.884444 -16.976160
v 11.970047 2.161836 -18.771164
v 12.673599 2.458834 -20.493473
v 13.450256 2.772800 -22.143131
v 14.299881 3.101110 -23.720222
v 15.222355 3.441150 -25.224819
v 16.217613 3.790321 -26.656998
v 17.285618 4.146032 -28.016844
v 18.426376 4.505702 -29.304417
v 19.639919 4.866747 -30.519745
v 20.926323 5.226586 -31.662834
v 22.285664 5.582633 -32.733646
v 23.718037 5.932289 -33.732109
v 25.223532 6.272945 -34.658096
v 26.802238 6.601979 -35.511456
v 28.454222 6.916753 -36.291992
v 30.179520 7.214613 -36.999485
v 31.978151 7.492895 -37.633698
v 33.850101 7.748919 -38.194370
v 35.795330 7.979998 -38.681248
v 37.813766 8.183435 -39.094048
v 39.905319 8.356530 -39.432518
v 42.069866 8.496575 -39.696404
v 44.307281 8.600864 -39.885448
v 46.617416 8.666690 -39.999409
v 8.888611 0.877049 -2.376383
v 8.998795 0.941617 -4.680800
v 9.183907 1.044567 -6.913099
v 9.443714 1.183217 -9.073199
v 9.778046 1.354884 -11.161036
v 10.186680 1.556895 -13.176559
v 10.669430 1.786580 -15.119741
v 11.226093 2.041280 -16.990566
v 11.856518 2.318342 -18.789038
v 12.560547 2.615127 -20.515175
v 13.338047 2.929002 -22.169006
v 14.188919 3.257347 -23.750572
v 15.113094 3.597549 -25.259907
v 16.110531 3.947006 -26.697037
v 17.181215 4.303116 -28.061989
v 18.325161 4.663285 -29.354748
v 19.542410 5.024912 -30.575291
v 20.833010 5.385395 -31.723549
v 22.197021 5.742123 -32.799419
v 23.634506 6.092474 -33.802773
v 25.145512 6.433816 -34.733437
v 26.730066 6.763500 -35.591213
v 28.388184 7.078867 -36.375877
v 30.119850 7.377246 -37.087189
v 31.925018 7.655952 -37.724903
v 33.803631 7.912297 -38.288746
v 35.755592 8.143581 -38.778469
v 37.780788 8.347102 -39.193817
v 39.879082 8.520156 -39.534531
v 42.050327 8.660033 -39.800373
v 44.294361 8.764029 -39.991131
v 46.611008 8.829437 -40.106552
v 8.725861 0.984325 -2.379713
v 8.835632 1.047851 -4.687807
v 9.020485 1.149844 -6.924182
v 9.280247 1.287632 -9.088768
v 9.614758 1.458549 -11.181505
v 10.023861 1.659935 -13.202341
v 10.507408 1.889134 -15.151240
v 11.065262 2.143496 -17.028168
v 11.697304 2.420379 -18.833103
v 12.403427 2.717146 -20.566023
v 13.183552 3.031169 -22.226910
v 14.037609 3.359821 -23.815742
v 14.965557 3.700484 -25.332489
v 15.967377 4.050537 -26.777092
v 17.043056 4.407362 -28.149502
v 18.192596 4.768336 -29.449625
v 19.416012 5.130835 -30.677341
v 20.713306 5.492221 -31.832516
v 22.084496 5.849853 -32.914970
v 23.529562 6.201076 -33.924522
v 25.048489 6.543225 -34.860950
v 26.641228 6.873628 -35.724022
v 28.307713 7.189600 -36.513512
v 30.047855 7.488451 -37.229156
v 31.861542 7.767482 -37.870716
v 33.748646 8.023993 -38.437943
v 35.709015 8.255280 -38.930611
v 37.742485 8.458640 -39.348476
v 39.848885 8.631368 -39.691338
v 42.028034 8.770761 -39.958984
v 44.279739 8.874118 -40.151207
v 46.603813 8.938744 -40.267822
v 8.534500 1.021155 -2.385243
v 8.644447 1.083559 -4.699227
v 8.829716 1.184554 -6.941900
v 9.090179 1.321482 -9.113193
v 9.425720 1.491691 -11.213037
v 9.836227 1.692532 -13.241369
v 10.321609 1.921359 -15.198126
v 10.881767 2.175532 -17.083242
v 11.516640 2.452412 -18.896650
v 12.226166 2.749362 -20.638271
v 13.010292 3.063747 -22.308025
v 13.868980 3.392933 -23.905811
v 14.802208 3.734282 -25.431509
v 15.809948 4.085153 -26.884979
v 16.892181 4.442899 -28.266068
v 18.048864 4.804865 -29.574596
v 19.279972 5.168390 -30.810356
v 20.585440 5.530802 -31.973141
v 21.965206 5.889421 -33.062706
v 23.419176 6.241559 -34.078815
v 24.947235 6.584518 -35.021225
v 26.549248 6.915598 -35.889675
v 28.225060 7.232094 -36.683933
v 29.974503 7.531299 -37.403759
v 31.797384 7.810503 -38.048939
v 33.693512 8.067001 -38.619247
v 35.662682 8.298090 -39.114494
v 37.704689 8.501066 -39.534496
v 39.819324 8.673236 -39.879066
v 42.006378 8.811901 -40.148056
v 44.265648 8.914373 -40.341305
v 46.596928 8.977968 -40.458660
vt 0.6652 0.7935
vt 0.6678 0.7935
vt 0.6701 0.7946
vt 0.6719 0.7965
vt 0.6729 0.7989
vt 0.6729 0.8016
vt 0.6719 0.8040
vt 0.6701 0.8059
vt 0.6678 0.8069
vt 0.6652 0.8069
vt 0.6629 0.8058
vt 0.6611 0.8040
vt 0.6601 0.8015
vt 0.6601 0.7988
vt 0.6611 0.7964
vt 0.6629 0.7945
vt 0.6780 0.7935
vt 0.6805 0.7935
vt 0.6829 0.7946
vt 0.6846 0.7965
vt 0.6856 0.7989
vt 0.6856 0.8016
vt 0.6846 0.8040
vt 0.6829 0.8059
vt 0.6805 0.8069
vt 0.6780 0.8069
vt 0.6756 0.8058
vt 0.6738 0.8040
vt 0.6729 0.8015
vt 0.6729 0.7988
vt 0.6738 0.7964
vt 0.6756 0.7945
vt 0.7035 0.7935
vt 0.7060 0.7935
vt 0.7083 0.7946
vt 0.7101 0.7965
vt 0.7111 0.7989
vt 0.7111 0.8016
vt 0.7101 0.8040
vt 0.7083 0.8059
vt 0.7060 0.8069
vt 0.7035 0.8069
vt 0.7011 0.8058
vt 0.6993 0.8040
vt 0.6984 0.8015
vt 0.6984 0.7988
vt 0.6993 0.7964
vt 0.7011 0.7945
vt 0.6907 0.7935
vt 0.6933 0.7935
vt 0.6956 0.7946
vt 0.6974 0.7965
vt 0.6984 0.7989
vt 0.6984 0.8016
vt 0.6974 0.8040
vt 0.6956 0.8059
vt 0.6933 0.8069
vt 0.6907 0.8069
vt 0.6884 0.8058
vt 0.6866 0.8040
vt 0.6856 0.8015
vt 0.6856 0.7988
vt 0.6866 0.7964
vt 0.6884 0.7945
vt 0.2003 0.9196
vt 0.2021 0.9183
vt 0.2280 0.9463
vt 0.2262 0.9476
vt 0.8786 0.0369
vt 0.8767 0.0371
vt 0.8833 0.0002
vt 0.8852 0.0000
vt 0.8810 0.0370
vt 0.8876 0.0001
vt 0.8836 0.0375
vt 0.8902 0.0006
vt 0.8859 0.0381
vt 0.8925 0.0014
vt 0.4329 0.0295
vt 0.4315 0.0279
vt 0.4573 0.0000
vt 0.4586 0.0017
vt 0.4347 0.0314
vt 0.4604 0.0036
vt 0.4366 0.0331
vt 0.4623 0.0054
vt 0.4384 0.0344
vt 0.4640 0.0068
vt 0.9478 0.5378
vt 0.9499 0.5379
vt 0.9537 0.5756
vt 0.9515 0.5755
vt 0.9452 0.5380
vt 0.9490 0.5756
vt 0.9427 0.5383
vt 0.9465 0.5760
vt 0.9405 0.5388
vt 0.9443 0.5766
vt 0.2059 0.9147
vt 0.2072 0.9131
vt 0.2329 0.9409
vt 0.2316 0.9426
vt 0.2041 0.9166
vt 0.2299 0.9445
vt 0.1760 0.8915
vt 0.1779 0.8902
vt 0.1532 0.8632
vt 0.1551 0.8620
vt 0.1320 0.8349
vt 0.1340 0.8336
vt 0.1124 0.8064
vt 0.1144 0.8052
vt 0.0943 0.7778
vt 0.0963 0.7767
vt 0.0778 0.7491
vt 0.0799 0.7481
vt 0.0630 0.7204
vt 0.0651 0.7194
vt 0.0497 0.6915
vt 0.0518 0.6906
vt 0.0380 0.6626
vt 0.0402 0.6618
vt 0.0279 0.6337
vt 0.0302 0.6330
vt 0.0195 0.6047
vt 0.0217 0.6041
vt 0.0126 0.5756
vt 0.0150 0.5751
vt 0.0075 0.5466
vt 0.0098 0.5462
vt 0.0039 0.5175
vt 0.0063 0.5172
vt 0.0020 0.4884
vt 0.0044 0.4882
vt 0.0018 0.4593
vt 0.0042 0.4593
vt 0.0032 0.4302
vt 0.0056 0.4303
vt 0.0063 0.4011
vt 0.0087 0.4014
vt 0.0110 0.3721
vt 0.0134 0.3725
vt 0.0175 0.3431
vt 0.0198 0.3436
vt 0.0256 0.3142
vt 0.0279 0.3148
vt 0.0353 0.2853
vt 0.0376 0.2861
vt 0.0468 0.2565
vt 0.0490 0.2574
vt 0.0600 0.2278
vt 0.0621 0.2288
vt 0.0748 0.1991
vt 0.0769 0.2002
vt 0.0913 0.1705
vt 0.0934 0.1717
vt 0.1096 0.1421
vt 0.1116 0.1434
vt 0.1295 0.1137
vt 0.1315 0.1151
vt 0.1512 0.0854
vt 0.1531 0.0869
vt 0.1745 0.0573
vt 0.1764 0.0588
vt 0.2014 0.0309
vt 0.1996 0.0292
vt 0.2282 0.0030
vt 0.2265 0.0013
vt 0.8729 0.0732
vt 0.8710 0.0734
vt 0.8681 0.1089
vt 0.8663 0.1091
vt 0.8642 0.1440
vt 0.8623 0.1442
vt 0.8611 0.1785
vt 0.8593 0.1787
vt 0.8588 0.2124
vt 0.8570 0.2125
vt 0.8572 0.2457
vt 0.8554 0.2457
vt 0.8564 0.2783
vt 0.8546 0.2783
vt 0.8562 0.3103
vt 0.8545 0.3102
vt 0.8568 0.3416
vt 0.8550 0.3415
vt 0.8579 0.3722
vt 0.8561 0.3721
vt 0.0178 0.6051
vt 0.0262 0.6342
vt 0.0109 0.5760
vt 0.0057 0.5469
vt 0.0022 0.5177
vt 0.0003 0.4885
vt 0.0000 0.4593
vt 0.0014 0.4302
vt 0.0045 0.4010
vt 0.9864 0.9159
vt 0.9884 0.9153
vt 0.9887 0.9426
vt 0.9867 0.9433
vt 0.9861 0.8877
vt 0.9880 0.8871
vt 0.9857 0.8586
vt 0.9876 0.8581
vt 0.9853 0.8286
vt 0.9872 0.8283
vt 0.9850 0.7978
vt 0.9869 0.7975
vt 0.9847 0.7661
vt 0.9866 0.7659
vt 0.9845 0.7336
vt 0.9863 0.7335
vt 0.9844 0.7003
vt 0.9863 0.7003
vt 0.9845 0.6661
vt 0.9864 0.6662
vt 0.9848 0.6311
vt 0.9866 0.6312
vt 0.9853 0.5952
vt 0.9872 0.5955
vt 0.1731 0.0561
vt 0.1497 0.0843
vt 0.1982 0.0280
vt 0.2251 0.0000
vt 0.8753 0.0733
vt 0.8705 0.1090
vt 0.8666 0.1441
vt 0.8635 0.1786
vt 0.8611 0.2124
vt 0.8596 0.2457
vt 0.8588 0.2783
vt 0.8586 0.3103
vt 0.8591 0.3416
vt 0.8603 0.3722
vt 0.8620 0.4022
vt 0.8596 0.4022
vt 0.8642 0.4315
vt 0.8619 0.4315
vt 0.8670 0.4601
vt 0.8647 0.4601
vt 0.8703 0.4881
vt 0.8680 0.4880
vt 0.8740 0.5153
vt 0.8717 0.5152
vt 0.8782 0.5418
vt 0.8758 0.5416
vt 0.9844 0.9702
vt 0.9869 0.9698
vt 0.9869 0.9953
vt 0.9844 0.9957
vt 0.9843 0.9437
vt 0.9840 0.9163
vt 0.9837 0.8880
vt 0.9833 0.8589
vt 0.9829 0.8288
vt 0.9825 0.7980
vt 0.9822 0.7662
vt 0.9820 0.7337
vt 0.9820 0.7003
vt 0.9821 0.6660
vt 0.9824 0.6310
vt 0.9829 0.5951
vt 0.9837 0.5584
vt 0.9861 0.5586
vt 0.9872 0.5212
vt 0.9848 0.5209
vt 0.9887 0.4829
vt 0.9863 0.4826
vt 0.8779 0.0737
vt 0.8731 0.1093
vt 0.8692 0.1444
vt 0.8661 0.1788
vt 0.8637 0.2126
vt 0.8622 0.2458
vt 0.8613 0.2783
vt 0.8612 0.3102
vt 0.8617 0.3415
vt 0.8628 0.3721
vt 0.8646 0.4021
vt 0.8668 0.4313
vt 0.8696 0.4599
vt 0.8729 0.4878
vt 0.8766 0.5150
vt 0.8807 0.5415
vt 0.8852 0.5672
vt 0.8827 0.5675
vt 0.9817 0.9436
vt 0.9818 0.9701
vt 0.9814 0.9162
vt 0.9811 0.8880
vt 0.9807 0.8589
vt 0.9803 0.8289
vt 0.9799 0.7980
vt 0.9796 0.7663
vt 0.9794 0.7337
vt 0.9794 0.7003
vt 0.9795 0.6660
vt 0.9798 0.6309
vt 0.9803 0.5950
vt 0.9811 0.5583
vt 0.9822 0.5208
vt 0.9837 0.4825
vt 0.8802 0.0743
vt 0.8755 0.1098
vt 0.8715 0.1448
vt 0.8685 0.1791
vt 0.8661 0.2128
vt 0.8646 0.2459
vt 0.8638 0.2784
vt 0.8636 0.3102
vt 0.8641 0.3414
vt 0.8653 0.3719
vt 0.8670 0.4017
vt 0.8693 0.4309
vt 0.8720 0.4594
vt 0.8753 0.4872
vt 0.8790 0.5143
vt 0.8831 0.5407
vt 0.8876 0.5664
vt 0.8925 0.5913
vt 0.8901 0.5922
vt 0.9791 0.9159
vt 0.9794 0.9432
vt 0.9787 0.8877
vt 0.9783 0.8586
vt 0.9779 0.8287
vt 0.9776 0.7978
vt 0.9773 0.7662
vt 0.9771 0.7336
vt 0.9770 0.7003
vt 0.9771 0.6660
vt 0.9774 0.6310
vt 0.9779 0.5951
vt 0.9787 0.5584
vt 0.9798 0.5209
vt 0.9813 0.4826
vt 0.4086 0.0574
vt 0.4072 0.0559
vt 0.3860 0.0855
vt 0.3845 0.0840
vt 0.3649 0.1136
vt 0.3634 0.1122
vt 0.3453 0.1419
vt 0.3438 0.1406
vt 0.3273 0.1702
vt 0.3257 0.1690
vt 0.3109 0.1987
vt 0.3092 0.1976
vt 0.2961 0.2272
vt 0.2944 0.2262
vt 0.2828 0.2558
vt 0.2811 0.2549
vt 0.2712 0.2845
vt 0.2694 0.2837
vt 0.2611 0.3132
vt 0.2593 0.3126
vt 0.2527 0.3420
vt 0.2508 0.3415
vt 0.8712 0.4304
vt 0.8689 0.4013
vt 0.8739 0.4587
vt 0.8772 0.4864
vt 0.2351 0.4576
vt 0.2332 0.4576
vt 0.2351 0.4285
vt 0.2370 0.4287
vt 0.2348 0.4866
vt 0.2329 0.4867
vt 0.2361 0.5156
vt 0.2343 0.5158
vt 0.2391 0.5445
vt 0.2373 0.5449
vt 0.2438 0.5735
vt 0.2420 0.5740
vt 0.2502 0.6024
vt 0.2484 0.6030
vt 0.2582 0.6313
vt 0.2565 0.6321
vt 0.2679 0.6602
vt 0.2662 0.6610
vt 0.2793 0.6891
vt 0.2777 0.6900
vt 0.2924 0.7178
vt 0.2908 0.7188
vt 0.3072 0.7465
vt 0.3057 0.7476
vt 0.3237 0.7752
vt 0.3222 0.7763
vt 0.3419 0.8037
vt 0.3405 0.8049
vt 0.3619 0.8322
vt 0.3605 0.8334
vt 0.3835 0.8605
vt 0.3821 0.8618
vt 0.4069 0.8888
vt 0.4056 0.8901
vt 0.4307 0.9183
vt 0.4320 0.9169
vt 0.4576 0.9463
vt 0.4588 0.9450
vt 0.4105 0.0592
vt 0.3879 0.0872
vt 0.3668 0.1152
vt 0.3473 0.1434
vt 0.3294 0.1716
vt 0.3130 0.2000
vt 0.2982 0.2284
vt 0.2850 0.2569
vt 0.2734 0.2854
vt 0.2634 0.3140
vt 0.2550 0.3427
vt 0.2482 0.3714
vt 0.2458 0.3709
vt 0.2430 0.4001
vt 0.2406 0.3997
vt 0.2394 0.4289
vt 0.2375 0.4577
vt 0.2372 0.4865
vt 0.2385 0.5153
vt 0.2415 0.5441
vt 0.2462 0.5729
vt 0.2525 0.6018
vt 0.2605 0.6305
vt 0.2701 0.6593
vt 0.2815 0.6880
vt 0.2945 0.7167
vt 0.3093 0.7453
vt 0.3257 0.7738
vt 0.3439 0.8023
vt 0.3637 0.8307
vt 0.3853 0.8590
vt 0.4087 0.8871
vt 0.4337 0.9152
vt 0.4605 0.9432
vt 0.4125 0.0609
vt 0.3899 0.0888
vt 0.3689 0.1167
vt 0.3495 0.1448
vt 0.3316 0.1730
vt 0.3153 0.2012
vt 0.3006 0.2295
vt 0.2874 0.2579
vt 0.2759 0.2863
vt 0.2659 0.3148
vt 0.2575 0.3433
vt 0.2507 0.3719
vt 0.2456 0.4005
vt 0.2420 0.4291
vt 0.2401 0.4578
vt 0.2398 0.4864
vt 0.2411 0.5151
vt 0.2441 0.5438
vt 0.2487 0.5724
vt 0.2550 0.6011
vt 0.2630 0.6297
vt 0.2726 0.6584
vt 0.2839 0.6869
vt 0.2969 0.7155
vt 0.3115 0.7440
vt 0.3279 0.7724
vt 0.3460 0.8008
vt 0.3658 0.8291
vt 0.3874 0.8573
vt 0.4106 0.8854
vt 0.4356 0.9134
vt 0.4623 0.9413
vt 0.4144 0.0622
vt 0.3918 0.0900
vt 0.3709 0.1180
vt 0.3515 0.1460
vt 0.3336 0.1741
vt 0.3174 0.2023
vt 0.3027 0.2305
vt 0.2896 0.2588
vt 0.2781 0.2872
vt 0.2681 0.3155
vt 0.2598 0.3440
vt 0.2530 0.3724
vt 0.2479 0.4009
vt 0.2444 0.4294
vt 0.2425 0.4579
vt 0.2422 0.4864
vt 0.2435 0.5150
vt 0.2465 0.5435
vt 0.2511 0.5721
vt 0.2573 0.6006
vt 0.2653 0.6291
vt 0.2748 0.6576
vt 0.2861 0.6861
vt 0.2990 0.7145
vt 0.3137 0.7429
vt 0.3300 0.7712
vt 0.3480 0.7995
vt 0.3678 0.8277
vt 0.3893 0.8558
vt 0.4125 0.8838
vt 0.4374 0.9118
vt 0.4640 0.9396
vt 0.9446 0.5010
vt 0.9468 0.5010
vt 0.9421 0.4649
vt 0.9443 0.4650
vt 0.9402 0.4296
vt 0.9424 0.4297
vt 0.9389 0.3952
vt 0.9410 0.3952
vt 0.9381 0.3616
vt 0.9402 0.3615
vt 0.9377 0.3288
vt 0.9398 0.3287
vt 0.9379 0.2968
vt 0.9399 0.2967
vt 0.9384 0.2657
vt 0.9405 0.2655
vt 0.9393 0.2354
vt 0.9413 0.2351
vt 0.9405 0.2059
vt 0.9426 0.2056
vt 0.9421 0.1773
vt 0.9441 0.1770
vt 0.9439 0.1496
vt 0.9460 0.1492
vt 0.9460 0.1227
vt 0.9480 0.1222
vt 0.9742 0.0235
vt 0.9720 0.0226
vt 0.9747 0.0000
vt 0.9770 0.0010
vt 0.9715 0.0470
vt 0.9693 0.0461
vt 0.9690 0.0712
vt 0.9667 0.0704
vt 0.9665 0.0964
vt 0.9643 0.0957
vt 0.9642 0.1224
vt 0.9620 0.1218
vt 0.9621 0.1494
vt 0.9599 0.1488
vt 0.9603 0.1771
vt 0.9581 0.1766
vt 0.9587 0.2058
vt 0.9565 0.2053
vt 0.9575 0.2352
vt 0.9552 0.2349
vt 0.9566 0.2656
vt 0.9543 0.2654
vt 0.9560 0.2968
vt 0.9538 0.2966
vt 0.9559 0.3288
vt 0.9537 0.3288
vt 0.9563 0.3617
vt 0.9541 0.3617
vt 0.9571 0.3953
vt 0.9549 0.3955
vt 0.9584 0.4299
vt 0.9562 0.4301
vt 0.9603 0.4652
vt 0.9582 0.4655
vt 0.9628 0.5013
vt 0.9607 0.5018
vt 0.9638 0.5388
vt 0.9660 0.5383
vt 0.9676 0.5766
vt 0.9697 0.5760
vt 0.9421 0.5011
vt 0.9396 0.4650
vt 0.9377 0.4297
vt 0.9364 0.3952
vt 0.9356 0.3616
vt 0.9352 0.3288
vt 0.9353 0.2968
vt 0.9359 0.2657
vt 0.9368 0.2354
vt 0.9380 0.2059
vt 0.9396 0.1774
vt 0.9414 0.1496
vt 0.9435 0.1228
vt 0.9458 0.0968
vt 0.9483 0.0966
vt 0.9482 0.0716
vt 0.9507 0.0715
vt 0.9715 0.0716
vt 0.9741 0.0473
vt 0.9691 0.0968
vt 0.9668 0.1228
vt 0.9647 0.1496
vt 0.9629 0.1774
vt 0.9613 0.2059
vt 0.9601 0.2354
vt 0.9591 0.2657
vt 0.9586 0.2968
vt 0.9585 0.3288
vt 0.9588 0.3616
vt 0.9597 0.3952
vt 0.9610 0.4297
vt 0.9629 0.4650
vt 0.9654 0.5011
vt 0.9685 0.5380
vt 0.9723 0.5756
vt 0.9396 0.5013
vt 0.9371 0.4652
vt 0.9352 0.4299
vt 0.9338 0.3953
vt 0.9330 0.3617
vt 0.9327 0.3288
vt 0.9328 0.2968
vt 0.9333 0.2656
vt 0.9342 0.2352
vt 0.9355 0.2058
vt 0.9370 0.1771
vt 0.9389 0.1494
vt 0.9409 0.1224
vt 0.9432 0.0964
vt 0.9457 0.0712
vt 0.9483 0.0470
vt 0.9508 0.0473
vt 0.9716 0.0966
vt 0.9740 0.0715
vt 0.9693 0.1227
vt 0.9672 0.1496
vt 0.9654 0.1773
vt 0.9638 0.2059
vt 0.9626 0.2354
vt 0.9617 0.2657
vt 0.9611 0.2968
vt 0.9610 0.3288
vt 0.9614 0.3616
vt 0.9622 0.3952
vt 0.9635 0.4296
vt 0.9654 0.4649
vt 0.9679 0.5010
vt 0.9710 0.5378
vt 0.9748 0.5755
vt 0.9374 0.5018
vt 0.9349 0.4655
vt 0.9330 0.4301
vt 0.9316 0.3955
vt 0.9308 0.3617
vt 0.9304 0.3288
vt 0.9305 0.2966
vt 0.9311 0.2654
vt 0.9320 0.2349
vt 0.9332 0.2053
vt 0.9348 0.1766
vt 0.9366 0.1488
vt 0.9387 0.1218
vt 0.9410 0.0957
vt 0.9434 0.0704
vt 0.9460 0.0461
vt 0.9487 0.0226
vt 0.9510 0.0235
vt 0.9515 0.0000
vt 0.9537 0.0010
vt 0.9693 0.1492
vt 0.9713 0.1222
vt 0.9674 0.1770
vt 0.9659 0.2056
vt 0.9646 0.2351
vt 0.9637 0.2655
vt 0.9632 0.2967
vt 0.9631 0.3287
vt 0.9635 0.3615
vt 0.9643 0.3952
vt 0.9656 0.4297
vt 0.9676 0.4650
vt 0.9701 0.5010
vt 0.9732 0.5379
vt 0.9770 0.5756
vt 0.1817 0.8868
vt 0.1831 0.8852
vt 0.1591 0.8587
vt 0.1605 0.8572
vt 0.1380 0.8305
vt 0.1395 0.8291
vt 0.1185 0.8023
vt 0.1201 0.8009
vt 0.1006 0.7739
vt 0.1022 0.7727
vt 0.0843 0.7455
vt 0.0860 0.7444
vt 0.0696 0.7170
vt 0.0713 0.7160
vt 0.0564 0.6885
vt 0.0582 0.6876
vt 0.0449 0.6600
vt 0.0467 0.6592
vt 0.0349 0.6313
vt 0.0368 0.6307
vt 0.0266 0.6027
vt 0.0284 0.6022
vt 0.0199 0.5741
vt 0.0217 0.5737
vt 0.0148 0.5454
vt 0.0166 0.5452
vt 0.0113 0.5167
vt 0.0132 0.5166
vt 0.0094 0.4881
vt 0.0113 0.4881
vt 0.0092 0.4594
vt 0.0110 0.4595
vt 0.0106 0.4308
vt 0.0124 0.4310
vt 0.0136 0.4021
vt 0.0154 0.4025
vt 0.0183 0.3735
vt 0.0201 0.3740
vt 0.0246 0.3450
vt 0.0264 0.3456
vt 0.0326 0.3164
vt 0.0344 0.3171
vt 0.0423 0.2879
vt 0.0440 0.2887
vt 0.0536 0.2595
vt 0.0552 0.2604
vt 0.0666 0.2311
vt 0.0682 0.2321
vt 0.0813 0.2028
vt 0.0828 0.2038
vt 0.0976 0.1745
vt 0.0991 0.1756
vt 0.1157 0.1463
vt 0.1171 0.1475
vt 0.1354 0.1182
vt 0.1369 0.1194
vt 0.1569 0.0902
vt 0.1583 0.0914
vt 0.1801 0.0622
vt 0.1814 0.0635
vt 0.2063 0.0357
vt 0.2050 0.0344
vt 0.2329 0.0080
vt 0.2317 0.0067
vt 0.1799 0.8885
vt 0.1572 0.8604
vt 0.1361 0.8321
vt 0.1165 0.8038
vt 0.0986 0.7753
vt 0.0822 0.7468
vt 0.0674 0.7182
vt 0.0542 0.6896
vt 0.0426 0.6609
vt 0.0326 0.6321
vt 0.0242 0.6034
vt 0.0175 0.5746
vt 0.0124 0.5458
vt 0.0089 0.5169
vt 0.0070 0.4881
vt 0.0068 0.4593
vt 0.0082 0.4305
vt 0.0112 0.4017
vt 0.0159 0.3730
vt 0.0223 0.3443
vt 0.0303 0.3156
vt 0.0400 0.2870
vt 0.0514 0.2584
vt 0.0645 0.2299
vt 0.0792 0.2015
vt 0.0956 0.1731
vt 0.1137 0.1449
vt 0.1336 0.1167
vt 0.1551 0.0886
vt 0.1783 0.0606
vt 0.2033 0.0327
vt 0.2300 0.0049
vt 0.6319 0.7713
vt 0.6337 0.7700
vt 0.6552 0.7935
vt 0.6534 0.7948
vt 0.9168 0.0307
vt 0.9149 0.0309
vt 0.9213 0.0002
vt 0.9232 0.0000
vt 0.9192 0.0309
vt 0.9256 0.0002
vt 0.9217 0.0314
vt 0.9281 0.0008
vt 0.9240 0.0321
vt 0.9304 0.0016
vt 0.8276 0.0250
vt 0.8263 0.0234
vt 0.8477 0.0000
vt 0.8490 0.0017
vt 0.8294 0.0268
vt 0.8508 0.0036
vt 0.8314 0.0285
vt 0.8527 0.0054
vt 0.8332 0.0299
vt 0.8545 0.0067
vt 0.9096 0.9674
vt 0.9118 0.9674
vt 0.9155 0.9988
vt 0.9133 0.9987
vt 0.9071 0.9676
vt 0.9108 0.9989
vt 0.9045 0.9679
vt 0.9083 0.9994
vt 0.9024 0.9685
vt 0.9061 1.0000
vt 0.6374 0.7664
vt 0.6388 0.7648
vt 0.6601 0.7881
vt 0.6588 0.7898
vt 0.6356 0.7683
vt 0.6571 0.7917
vt 0.6116 0.7477
vt 0.6134 0.7464
vt 0.5926 0.7239
vt 0.5945 0.7226
vt 0.5749 0.7001
vt 0.5768 0.6988
vt 0.5585 0.6761
vt 0.5605 0.6749
vt 0.5434 0.6521
vt 0.5454 0.6510
vt 0.5297 0.6280
vt 0.5317 0.6269
vt 0.5172 0.6038
vt 0.5193 0.6028
vt 0.5061 0.5795
vt 0.5082 0.5786
vt 0.4963 0.5552
vt 0.4985 0.5544
vt 0.4879 0.5309
vt 0.4901 0.5301
vt 0.4808 0.5065
vt 0.4830 0.5058
vt 0.4750 0.4821
vt 0.4773 0.4815
vt 0.4707 0.4576
vt 0.4730 0.4572
vt 0.4677 0.4332
vt 0.4700 0.4329
vt 0.4661 0.4087
vt 0.4684 0.4085
vt 0.4658 0.3843
vt 0.4682 0.3842
vt 0.4670 0.3598
vt 0.4694 0.3599
vt 0.4695 0.3355
vt 0.4719 0.3357
vt 0.4735 0.3111
vt 0.4758 0.3114
vt 0.4788 0.2868
vt 0.4812 0.2873
vt 0.4856 0.2625
vt 0.4879 0.2631
vt 0.4937 0.2383
vt 0.4960 0.2391
vt 0.5033 0.2142
vt 0.5055 0.2151
vt 0.5143 0.1902
vt 0.5165 0.1912
vt 0.5267 0.1662
vt 0.5288 0.1673
vt 0.5405 0.1423
vt 0.5426 0.1435
vt 0.5558 0.1186
vt 0.5578 0.1199
vt 0.5725 0.0949
vt 0.5744 0.0963
vt 0.5906 0.0713
vt 0.5925 0.0728
vt 0.6102 0.0479
vt 0.6120 0.0494
vt 0.6330 0.0262
vt 0.6312 0.0245
vt 0.6554 0.0030
vt 0.6537 0.0013
vt 0.9112 0.0609
vt 0.9094 0.0611
vt 0.9065 0.0907
vt 0.9047 0.0908
vt 0.9027 0.1200
vt 0.9008 0.1201
vt 0.8996 0.1488
vt 0.8977 0.1489
vt 0.8972 0.1772
vt 0.8954 0.1772
vt 0.8955 0.2050
vt 0.8938 0.2051
vt 0.8946 0.2323
vt 0.8928 0.2324
vt 0.8942 0.2592
vt 0.8925 0.2592
vt 0.8945 0.2855
vt 0.8928 0.2854
vt 0.4862 0.5314
vt 0.4947 0.5558
vt 0.4791 0.5070
vt 0.4733 0.4825
vt 0.4689 0.4580
vt 0.4659 0.4335
vt 0.4643 0.4089
vt 0.4640 0.3844
vt 0.4652 0.3599
vt 0.9261 0.9036
vt 0.9280 0.9029
vt 0.9285 0.9250
vt 0.9265 0.9259
vt 0.9255 0.8807
vt 0.9275 0.8800
vt 0.9250 0.8570
vt 0.9269 0.8564
vt 0.9244 0.8325
vt 0.9263 0.8320
vt 0.9239 0.8074
vt 0.9258 0.8070
vt 0.9234 0.7815
vt 0.9253 0.7812
vt 0.9231 0.7550
vt 0.9250 0.7548
vt 0.9229 0.7277
vt 0.9248 0.7276
vt 0.9229 0.6998
vt 0.9248 0.6998
vt 0.9231 0.6712
vt 0.9250 0.6712
vt 0.9235 0.6419
vt 0.9254 0.6421
vt 0.9243 0.6119
vt 0.9261 0.6122
vt 0.9253 0.5813
vt 0.9272 0.5817
vt 0.6088 0.0467
vt 0.6298 0.0233
vt 0.6524 0.0000
vt 0.9136 0.0611
vt 0.9089 0.0908
vt 0.9050 0.1201
vt 0.9019 0.1489
vt 0.8996 0.1772
vt 0.8979 0.2050
vt 0.8969 0.2324
vt 0.8966 0.2592
vt 0.8969 0.2855
vt 0.8977 0.3113
vt 0.8954 0.3113
vt 0.8991 0.3365
vt 0.8968 0.3365
vt 0.9010 0.3612
vt 0.8987 0.3612
vt 0.9034 0.3854
vt 0.9010 0.3853
vt 0.9062 0.4089
vt 0.9039 0.4089
vt 0.9094 0.4319
vt 0.9071 0.4318
vt 0.9245 0.9478
vt 0.9269 0.9474
vt 0.9272 0.9681
vt 0.9247 0.9685
vt 0.9241 0.9263
vt 0.9236 0.9040
vt 0.9231 0.8810
vt 0.9225 0.8573
vt 0.9219 0.8328
vt 0.9214 0.8076
vt 0.9210 0.7817
vt 0.9207 0.7551
vt 0.9205 0.7278
vt 0.9205 0.6998
vt 0.9207 0.6711
vt 0.9211 0.6417
vt 0.9219 0.6117
vt 0.9229 0.5810
vt 0.9267 0.5500
vt 0.9243 0.5497
vt 0.9285 0.5181
vt 0.9261 0.5177
vt 0.9162 0.0615
vt 0.9115 0.0912
vt 0.9076 0.1204
vt 0.9045 0.1491
vt 0.9022 0.1774
vt 0.9005 0.2052
vt 0.8995 0.2324
vt 0.8992 0.2592
vt 0.8995 0.2854
vt 0.9003 0.3112
vt 0.9017 0.3364
vt 0.9036 0.3610
vt 0.9059 0.3851
vt 0.9087 0.4087
vt 0.9119 0.4316
vt 0.9155 0.4540
vt 0.9129 0.4543
vt 0.9194 0.4758
vt 0.9168 0.4761
vt 0.9210 0.9040
vt 0.9215 0.9262
vt 0.9205 0.8810
vt 0.9199 0.8573
vt 0.9194 0.8328
vt 0.9188 0.8076
vt 0.9184 0.7817
vt 0.9181 0.7551
vt 0.9179 0.7278
vt 0.9179 0.6998
vt 0.9181 0.6711
vt 0.9185 0.6417
vt 0.9193 0.6116
vt 0.9203 0.5809
vt 0.9217 0.5496
vt 0.9235 0.5175
vt 0.9185 0.0622
vt 0.9139 0.0918
vt 0.9100 0.1209
vt 0.9069 0.1495
vt 0.9046 0.1777
vt 0.9029 0.2053
vt 0.9020 0.2325
vt 0.9016 0.2592
vt 0.9019 0.2853
vt 0.9027 0.3110
vt 0.9041 0.3361
vt 0.9060 0.3606
vt 0.9084 0.3847
vt 0.9112 0.4081
vt 0.9143 0.4310
vt 0.9179 0.4533
vt 0.9218 0.4750
vt 0.9260 0.4961
vt 0.9236 0.4970
vt 0.9304 0.5166
vt 0.9280 0.5175
vt 0.9176 0.8570
vt 0.9182 0.8807
vt 0.9170 0.8326
vt 0.9165 0.8074
vt 0.9160 0.7816
vt 0.9157 0.7550
vt 0.9155 0.7277
vt 0.9155 0.6998
vt 0.9157 0.6711
vt 0.9161 0.6417
vt 0.9169 0.6117
vt 0.9179 0.5810
vt 0.9193 0.5496
vt 0.9211 0.5176
vt 0.8075 0.0484
vt 0.8061 0.0468
vt 0.7886 0.0719
vt 0.7871 0.0704
vt 0.7710 0.0955
vt 0.7695 0.0941
vt 0.7547 0.1192
vt 0.7531 0.1179
vt 0.7397 0.1429
vt 0.7381 0.1418
vt 0.7260 0.1668
vt 0.7243 0.1657
vt 0.7136 0.1907
vt 0.7119 0.1898
vt 0.7025 0.2147
vt 0.7007 0.2139
vt 0.6927 0.2388
vt 0.6909 0.2381
vt 0.6843 0.2629
vt 0.6825 0.2623
vt 0.9060 0.3357
vt 0.9047 0.3107
vt 0.9079 0.3601
vt 0.9103 0.3840
vt 0.9131 0.4073
vt 0.9163 0.4301
vt 0.9198 0.4523
vt 0.6631 0.4327
vt 0.6612 0.4331
vt 0.6601 0.4086
vt 0.6620 0.4084
vt 0.6655 0.4570
vt 0.6637 0.4575
vt 0.6694 0.4813
vt 0.6676 0.4819
vt 0.6747 0.5056
vt 0.6729 0.5063
vt 0.6813 0.5299
vt 0.6796 0.5306
vt 0.6894 0.5541
vt 0.6878 0.5549
vt 0.6989 0.5782
vt 0.6973 0.5792
vt 0.7099 0.6024
vt 0.7083 0.6034
vt 0.7222 0.6264
vt 0.7207 0.6275
vt 0.7360 0.6504
vt 0.7346 0.6515
vt 0.7513 0.6742
vt 0.7498 0.6754
vt 0.7680 0.6980
vt 0.7666 0.6993
vt 0.7861 0.7217
vt 0.7848 0.7230
vt 0.8057 0.7453
vt 0.8044 0.7466
vt 0.8255 0.7701
vt 0.8268 0.7688
vt 0.8481 0.7935
vt 0.8493 0.7922
vt 0.8093 0.0501
vt 0.7905 0.0736
vt 0.7730 0.0971
vt 0.7567 0.1207
vt 0.7418 0.1443
vt 0.7281 0.1681
vt 0.7158 0.1919
vt 0.7047 0.2158
vt 0.6950 0.2397
vt 0.6866 0.2637
vt 0.6795 0.2877
vt 0.6772 0.2871
vt 0.6738 0.3118
vt 0.6714 0.3113
vt 0.6694 0.3359
vt 0.6670 0.3355
vt 0.6664 0.3600
vt 0.6640 0.3598
vt 0.6647 0.3841
vt 0.6623 0.3841
vt 0.6644 0.4083
vt 0.6655 0.4325
vt 0.6679 0.4566
vt 0.6718 0.4808
vt 0.6770 0.5049
vt 0.6836 0.5290
vt 0.6917 0.5531
vt 0.7011 0.5772
vt 0.7120 0.6012
vt 0.7243 0.6251
vt 0.7380 0.6490
vt 0.7532 0.6728
vt 0.7699 0.6965
vt 0.7879 0.7201
vt 0.8075 0.7437
vt 0.8285 0.7671
vt 0.8509 0.7904
vt 0.8113 0.0518
vt 0.7925 0.0751
vt 0.7751 0.0986
vt 0.7589 0.1221
vt 0.7440 0.1457
vt 0.7304 0.1693
vt 0.7181 0.1930
vt 0.7071 0.2168
vt 0.6974 0.2406
vt 0.6891 0.2645
vt 0.6820 0.2884
vt 0.6763 0.3123
vt 0.6720 0.3363
vt 0.6690 0.3602
vt 0.6673 0.3842
vt 0.6670 0.4082
vt 0.6681 0.4323
vt 0.6705 0.4563
vt 0.6743 0.4803
vt 0.6795 0.5043
vt 0.6861 0.5283
vt 0.6941 0.5522
vt 0.7035 0.5761
vt 0.7143 0.6000
vt 0.7266 0.6238
vt 0.7403 0.6476
vt 0.7554 0.6713
vt 0.7719 0.6949
vt 0.7899 0.7185
vt 0.8094 0.7419
vt 0.8304 0.7653
vt 0.8528 0.7885
vt 0.8132 0.0531
vt 0.7944 0.0764
vt 0.7770 0.0998
vt 0.7608 0.1233
vt 0.7460 0.1468
vt 0.7324 0.1704
vt 0.7202 0.1941
vt 0.7092 0.2177
vt 0.6996 0.2415
vt 0.6913 0.2652
vt 0.6843 0.2890
vt 0.6786 0.3128
vt 0.6743 0.3367
vt 0.6713 0.3605
vt 0.6697 0.3844
vt 0.6694 0.4083
vt 0.6704 0.4322
vt 0.6729 0.4561
vt 0.6767 0.4799
vt 0.6818 0.5038
vt 0.6884 0.5277
vt 0.6964 0.5515
vt 0.7057 0.5753
vt 0.7165 0.5990
vt 0.7287 0.6227
vt 0.7423 0.6464
vt 0.7574 0.6700
vt 0.7739 0.6935
vt 0.7918 0.7170
vt 0.8113 0.7403
vt 0.8321 0.7636
vt 0.8545 0.7868
vt 0.9065 0.9367
vt 0.9087 0.9367
vt 0.9041 0.9066
vt 0.9062 0.9067
vt 0.9022 0.8773
vt 0.9043 0.8773
vt 0.9009 0.8485
vt 0.9030 0.8485
vt 0.9001 0.8205
vt 0.9022 0.8204
vt 0.8998 0.7931
vt 0.9019 0.7930
vt 0.8999 0.7664
vt 0.9020 0.7663
vt 0.9004 0.7403
vt 0.9025 0.7402
vt 0.9013 0.7150
vt 0.9034 0.7148
vt 0.9026 0.6904
vt 0.9046 0.6901
vt 0.9041 0.6664
vt 0.9062 0.6661
vt 0.9059 0.6432
vt 0.9080 0.6428
vt 0.9080 0.6207
vt 0.9100 0.6202
vt 0.9973 0.0199
vt 0.9950 0.0190
vt 0.9977 0.0000
vt 1.0000 0.0010
vt 0.9947 0.0396
vt 0.9924 0.0387
vt 0.9921 0.0599
vt 0.9899 0.0591
vt 0.9897 0.0810
vt 0.9874 0.0803
vt 0.9875 0.1029
vt 0.9852 0.1022
vt 0.9854 0.1254
vt 0.9831 0.1248
vt 0.9836 0.1487
vt 0.9813 0.1482
vt 0.9820 0.1727
vt 0.9798 0.1722
vt 0.9808 0.1973
vt 0.9785 0.1970
vt 0.9799 0.2227
vt 0.9776 0.2225
vt 0.9793 0.2488
vt 0.9771 0.2487
vt 0.9792 0.2756
vt 0.9770 0.2755
vt 0.9795 0.3030
vt 0.9773 0.3031
vt 0.9803 0.3312
vt 0.9781 0.3313
vt 0.9816 0.3600
vt 0.9794 0.3603
vt 0.9835 0.3895
vt 0.9813 0.3898
vt 0.9860 0.4196
vt 0.9838 0.4201
vt 0.9869 0.4509
vt 0.9890 0.4504
vt 0.9906 0.4825
vt 0.9928 0.4818
vt 0.9040 0.9368
vt 0.9016 0.9068
vt 0.8997 0.8773
vt 0.8984 0.8486
vt 0.8976 0.8205
vt 0.8973 0.7931
vt 0.8974 0.7664
vt 0.8979 0.7404
vt 0.8989 0.7150
vt 0.9001 0.6904
vt 0.9016 0.6665
vt 0.9035 0.6432
vt 0.9055 0.6207
vt 0.9078 0.5989
vt 0.9102 0.5988
vt 0.9102 0.5779
vt 0.9126 0.5777
vt 0.9947 0.0603
vt 0.9972 0.0400
vt 0.9923 0.0814
vt 0.9900 0.1032
vt 0.9880 0.1257
vt 0.9861 0.1489
vt 0.9846 0.1729
vt 0.9834 0.1975
vt 0.9824 0.2228
vt 0.9819 0.2489
vt 0.9818 0.2756
vt 0.9821 0.3030
vt 0.9829 0.3311
vt 0.9842 0.3598
vt 0.9861 0.3892
vt 0.9885 0.4193
vt 0.9916 0.4500
vt 0.9953 0.4814
vt 0.9015 0.9372
vt 0.8990 0.9070
vt 0.8971 0.8775
vt 0.8958 0.8487
vt 0.8950 0.8206
vt 0.8947 0.7931
vt 0.8948 0.7663
vt 0.8954 0.7403
vt 0.8963 0.7149
vt 0.8975 0.6902
vt 0.8991 0.6662
vt 0.9009 0.6430
vt 0.9030 0.6204
vt 0.9052 0.5986
vt 0.9076 0.5775
vt 0.9102 0.5571
vt 0.9127 0.5575
vt 0.9947 0.0813
vt 0.9971 0.0602
vt 0.9925 0.1031
vt 0.9904 0.1257
vt 0.9886 0.1489
vt 0.9871 0.1728
vt 0.9859 0.1975
vt 0.9849 0.2228
vt 0.9844 0.2488
vt 0.9843 0.2755
vt 0.9846 0.3029
vt 0.9854 0.3310
vt 0.9867 0.3597
vt 0.9886 0.3891
vt 0.9910 0.4192
vt 0.9941 0.4499
vt 0.9978 0.4812
vt 0.8993 0.9376
vt 0.8968 0.9074
vt 0.8949 0.8778
vt 0.8936 0.8489
vt 0.8928 0.8206
vt 0.8925 0.7931
vt 0.8926 0.7662
vt 0.8931 0.7400
vt 0.8940 0.7145
vt 0.8953 0.6898
vt 0.8968 0.6657
vt 0.8986 0.6424
vt 0.9007 0.6197
vt 0.9029 0.5978
vt 0.9054 0.5766
vt 0.9079 0.5562
vt 0.9105 0.5365
vt 0.9128 0.5375
vt 0.9132 0.5175
vt 0.9155 0.5185
vt 0.9925 0.1253
vt 0.9945 0.1027
vt 0.9907 0.1486
vt 0.9891 0.1726
vt 0.9879 0.1973
vt 0.9870 0.2227
vt 0.9865 0.2487
vt 0.9864 0.2755
vt 0.9867 0.3029
vt 0.9875 0.3310
vt 0.9888 0.3597
vt 0.9907 0.3892
vt 0.9932 0.4192
vt 0.9963 0.4499
vt 1.0000 0.4813
vt 0.6173 0.7430
vt 0.6187 0.7414
vt 0.5985 0.7194
vt 0.5999 0.7179
vt 0.5809 0.6957
vt 0.5824 0.6944
vt 0.5647 0.6720
vt 0.5662 0.6707
vt 0.5497 0.6482
vt 0.5514 0.6470
vt 0.5361 0.6244
vt 0.5378 0.6233
vt 0.5238 0.6005
vt 0.5255 0.5995
vt 0.5128 0.5765
vt 0.5146 0.5757
vt 0.5032 0.5525
vt 0.5050 0.5518
vt 0.4949 0.5285
vt 0.4967 0.5279
vt 0.4879 0.5045
vt 0.4897 0.5040
vt 0.4822 0.4805
vt 0.4841 0.4801
vt 0.4780 0.4564
vt 0.4798 0.4562
vt 0.4750 0.4324
vt 0.4769 0.4323
vt 0.4734 0.4084
vt 0.4753 0.4085
vt 0.4732 0.3844
vt 0.4751 0.3846
vt 0.4743 0.3604
vt 0.4762 0.3607
vt 0.4768 0.3364
vt 0.4787 0.3369
vt 0.4807 0.3125
vt 0.4825 0.3131
vt 0.4860 0.2886
vt 0.4877 0.2893
vt 0.4926 0.2648
vt 0.4943 0.2655
vt 0.5007 0.2410
vt 0.5023 0.2418
vt 0.5101 0.2172
vt 0.5117 0.2181
vt 0.5209 0.1935
vt 0.5225 0.1945
vt 0.5332 0.1699
vt 0.5347 0.1710
vt 0.5468 0.1463
vt 0.5483 0.1475
vt 0.5619 0.1228
vt 0.5633 0.1240
vt 0.5784 0.0994
vt 0.5798 0.1007
vt 0.5964 0.0761
vt 0.5977 0.0774
vt 0.6158 0.0529
vt 0.6171 0.0542
vt 0.6379 0.0311
vt 0.6366 0.0297
vt 0.6601 0.0081
vt 0.6589 0.0067
vt 0.6154 0.7447
vt 0.5966 0.7211
vt 0.5790 0.6973
vt 0.5627 0.6735
vt 0.5477 0.6496
vt 0.5340 0.6256
vt 0.5216 0.6016
vt 0.5106 0.5775
vt 0.5009 0.5534
vt 0.4925 0.5293
vt 0.4855 0.5051
vt 0.4799 0.4810
vt 0.4756 0.4568
vt 0.4726 0.4326
vt 0.4710 0.4084
vt 0.4708 0.3843
vt 0.4719 0.3601
vt 0.4745 0.3360
vt 0.4784 0.3119
vt 0.4837 0.2879
vt 0.4903 0.2639
vt 0.4984 0.2400
vt 0.5079 0.2161
vt 0.5188 0.1923
vt 0.5311 0.1686
vt 0.5448 0.1449
vt 0.5600 0.1214
vt 0.5765 0.0979
vt 0.5945 0.0745
vt 0.6140 0.0512
vt 0.6349 0.0280
vt 0.6573 0.0049
vn 0.0000 0.0000 1.0000
vn 1.0000 -0.0000 0.0000
vn -0.0335 0.7102 -0.7032
vn -0.0262 0.9252 -0.3786
vn -0.0131 0.9243 -0.3816
vn -0.0166 0.7084 -0.7057
vn -0.0357 0.3875 -0.9211
vn -0.0176 0.3852 -0.9227
vn -0.0325 0.0062 -0.9995
vn -0.0159 0.0036 -0.9999
vn -0.0244 -0.3762 -0.9262
vn -0.0119 -0.3787 -0.9254
vn -0.0126 -0.7018 -0.7122
vn -0.0060 -0.7038 -0.7104
vn 0.0011 -0.9209 -0.3898
vn 0.0007 -0.9220 -0.3871
vn 0.0147 -0.9998 -0.0078
vn 0.0074 -1.0000 -0.0046
vn 0.0260 -0.9264 0.3757
vn 0.0129 -0.9254 0.3789
vn 0.0334 -0.7113 0.7021
vn 0.0164 -0.7094 0.7046
vn 0.0356 -0.3874 0.9212
vn 0.0174 -0.3850 0.9228
vn 0.0323 -0.0043 0.9995
vn 0.0158 -0.0017 0.9999
vn 0.0242 0.3793 0.9250
vn 0.0117 0.3817 0.9242
vn 0.0123 0.7048 0.7093
vn 0.0058 0.7067 0.7075
vn -0.0015 0.9226 0.3857
vn -0.0010 0.9237 0.3831
vn -0.0150 0.9999 0.0037
vn -0.0076 1.0000 0.0007
vn -0.0680 0.7132 -0.6977
vn -0.0527 0.9266 -0.3723
vn -0.1034 0.7156 -0.6908
vn -0.0795 0.9276 -0.3650
vn -0.1398 0.7174 -0.6824
vn -0.1064 0.9281 -0.3566
vn -0.1769 0.7186 -0.6724
vn -0.1333 0.9283 -0.3472
vn -0.2148 0.7192 -0.6607
vn -0.1601 0.9279 -0.3366
vn -0.2532 0.7191 -0.6471
vn -0.1867 0.9272 -0.3248
vn -0.2918 0.7184 -0.6315
vn -0.2127 0.9261 -0.3117
vn -0.3303 0.7171 -0.6137
vn -0.2380 0.9246 -0.2974
vn -0.3686 0.7152 -0.5938
vn -0.2625 0.9228 -0.2820
vn -0.4063 0.7128 -0.5716
vn -0.2858 0.9208 -0.2654
vn -0.4430 0.7100 -0.5474
vn -0.3077 0.9186 -0.2478
vn -0.4783 0.7068 -0.5211
vn -0.3281 0.9163 -0.2293
vn -0.5120 0.7035 -0.4929
vn -0.3467 0.9141 -0.2102
vn -0.5436 0.7000 -0.4631
vn -0.3634 0.9119 -0.1906
vn -0.5730 0.6965 -0.4319
vn -0.3780 0.9099 -0.1709
vn -0.5997 0.6932 -0.3997
vn -0.3904 0.9081 -0.1513
vn -0.6237 0.6902 -0.3668
vn -0.4007 0.9066 -0.1320
vn -0.6449 0.6876 -0.3337
vn -0.4089 0.9055 -0.1134
vn -0.6631 0.6854 -0.3008
vn -0.4149 0.9048 -0.0958
vn -0.6785 0.6838 -0.2684
vn -0.4191 0.9044 -0.0792
vn -0.6912 0.6827 -0.2369
vn -0.4215 0.9045 -0.0640
vn -0.7013 0.6823 -0.2065
vn -0.4223 0.9050 -0.0503
vn -0.7090 0.6825 -0.1776
vn -0.4217 0.9059 -0.0382
vn -0.7145 0.6832 -0.1504
vn -0.4200 0.9071 -0.0277
vn -0.7181 0.6846 -0.1250
vn -0.4172 0.9086 -0.0189
vn -0.7200 0.6865 -0.1014
vn -0.4137 0.9103 -0.0117
vn -0.7205 0.6888 -0.0798
vn -0.4096 0.9122 -0.0062
vn -0.7198 0.6915 -0.0602
vn -0.4050 0.9143 -0.0022
vn -0.7180 0.6947 -0.0425
vn -0.4001 0.9164 0.0002
vn -0.7155 0.6981 -0.0266
vn -0.3950 0.9186 0.0013
vn -0.3898 0.9209 0.0011
vn -0.7122 0.7018 -0.0126
vn -0.3871 0.9220 0.0007
vn -0.7104 0.7038 -0.0060
vn -0.0729 0.3917 -0.9172
vn -0.1116 0.3952 -0.9117
vn -0.1520 0.3981 -0.9046
vn -0.1938 0.4003 -0.8957
vn -0.2369 0.4017 -0.8846
vn -0.2813 0.4023 -0.8712
vn -0.3266 0.4021 -0.8553
vn -0.3726 0.4011 -0.8368
vn -0.4189 0.3995 -0.8154
vn -0.4652 0.3970 -0.7911
vn -0.5111 0.3940 -0.7639
vn -0.5560 0.3905 -0.7337
vn -0.5996 0.3865 -0.7007
vn -0.6414 0.3823 -0.6651
vn -0.6810 0.3779 -0.6272
vn -0.7179 0.3736 -0.5873
vn -0.7520 0.3695 -0.5458
vn -0.7829 0.3657 -0.5032
vn -0.8105 0.3624 -0.4600
vn -0.8348 0.3597 -0.4166
vn -0.8558 0.3576 -0.3736
vn -0.8737 0.3563 -0.3312
vn -0.8884 0.3558 -0.2900
vn -0.9004 0.3560 -0.2502
vn -0.9097 0.3569 -0.2120
vn -0.9168 0.3586 -0.1756
vn -0.9218 0.3610 -0.1412
vn -0.9250 0.3640 -0.1089
vn -0.9266 0.3676 -0.0787
vn -0.9270 0.3717 -0.0505
vn -0.9262 0.3762 -0.0244
vn -0.9254 0.3787 -0.0119
vn -0.0667 0.0109 -0.9977
vn -0.1029 0.0150 -0.9946
vn -0.1411 0.0185 -0.9898
vn -0.1812 0.0213 -0.9832
vn -0.2232 0.0233 -0.9745
vn -0.2668 0.0246 -0.9634
vn -0.3120 0.0250 -0.9497
vn -0.3584 0.0246 -0.9332
vn -0.4058 0.0234 -0.9137
vn -0.4537 0.0214 -0.8909
vn -0.5018 0.0186 -0.8648
vn -0.5496 0.0152 -0.8353
vn -0.5965 0.0113 -0.8025
vn -0.6422 0.0069 -0.7665
vn -0.6860 0.0023 -0.7276
vn -0.7276 -0.0023 -0.6860
vn -0.7665 -0.0069 -0.6422
vn -0.8025 -0.0113 -0.5965
vn -0.8353 -0.0152 -0.5496
vn -0.8648 -0.0186 -0.5018
vn -0.8909 -0.0213 -0.4537
vn -0.9137 -0.0233 -0.4058
vn -0.9332 -0.0246 -0.3584
vn -0.9497 -0.0250 -0.3120
vn -0.9634 -0.0246 -0.2668
vn -0.9745 -0.0233 -0.2232
vn -0.9832 -0.0213 -0.1812
vn -0.9898 -0.0185 -0.1411
vn -0.9946 -0.0150 -0.1029
vn -0.9977 -0.0109 -0.0667
vn -0.9995 -0.0062 -0.0325
vn -0.9999 -0.0036 -0.0159
vn -0.0505 -0.3717 -0.9270
vn -0.0787 -0.3676 -0.9266
vn -0.1089 -0.3640 -0.9250
vn -0.1412 -0.3610 -0.9218
vn -0.1756 -0.3586 -0.9168
vn -0.2120 -0.3569 -0.9097
vn -0.2502 -0.3559 -0.9004
vn -0.2900 -0.3558 -0.8884
vn -0.3313 -0.3563 -0.8737
vn -0.3736 -0.3576 -0.8559
vn -0.4167 -0.3597 -0.8349
vn -0.4600 -0.3624 -0.8105
vn -0.5032 -0.3657 -0.7829
vn -0.5458 -0.3695 -0.7520
vn -0.5873 -0.3736 -0.7179
vn -0.6272 -0.3779 -0.6810
vn -0.6651 -0.3823 -0.6414
vn -0.7007 -0.3865 -0.5996
vn -0.7337 -0.3905 -0.5560
vn -0.7639 -0.3940 -0.5111
vn -0.7911 -0.3971 -0.4652
vn -0.8154 -0.3995 -0.4189
vn -0.8368 -0.4012 -0.3726
vn -0.8553 -0.4021 -0.3266
vn -0.8712 -0.4023 -0.2813
vn -0.8846 -0.4017 -0.2369
vn -0.8957 -0.4003 -0.1938
vn -0.9046 -0.3981 -0.1520
vn -0.9117 -0.3953 -0.1116
vn -0.9172 -0.3917 -0.0729
vn -0.9211 -0.3876 -0.0357
vn -0.9227 -0.3852 -0.0176
vn -0.0266 -0.6981 -0.7155
vn -0.0425 -0.6947 -0.7180
vn -0.0602 -0.6915 -0.7198
vn -0.0798 -0.6888 -0.7205
vn -0.1014 -0.6865 -0.7200
vn -0.1250 -0.6846 -0.7181
vn -0.1504 -0.6832 -0.7145
vn -0.1776 -0.6825 -0.7090
vn -0.2065 -0.6823 -0.7013
vn -0.2369 -0.6827 -0.6912
vn -0.2684 -0.6838 -0.6785
vn -0.3008 -0.6854 -0.6631
vn -0.3337 -0.6876 -0.6449
vn -0.3668 -0.6902 -0.6237
vn -0.3997 -0.6932 -0.5997
vn -0.4319 -0.6965 -0.5730
vn -0.4631 -0.7000 -0.5436
vn -0.4929 -0.7035 -0.5120
vn -0.5211 -0.7068 -0.4783
vn -0.5474 -0.7100 -0.4430
vn -0.5716 -0.7128 -0.4063
vn -0.5938 -0.7152 -0.3686
vn -0.6137 -0.7171 -0.3303
vn -0.6315 -0.7184 -0.2917
vn -0.6471 -0.7191 -0.2532
vn -0.6607 -0.7192 -0.2148
vn -0.6724 -0.7186 -0.1769
vn -0.6824 -0.7175 -0.1398
vn -0.6908 -0.7156 -0.1034
vn -0.6977 -0.7132 -0.0680
vn -0.7032 -0.7102 -0.0335
vn -0.7057 -0.7084 -0.0166
vn 0.0013 -0.9186 -0.3950
vn 0.0002 -0.9164 -0.4001
vn -0.0022 -0.9143 -0.4050
vn -0.0062 -0.9122 -0.4096
vn -0.0117 -0.9103 -0.4137
vn -0.0189 -0.9086 -0.4172
vn -0.0277 -0.9071 -0.4200
vn -0.0382 -0.9059 -0.4217
vn -0.0503 -0.9050 -0.4223
vn -0.0640 -0.9045 -0.4215
vn -0.0792 -0.9044 -0.4191
vn -0.0958 -0.9048 -0.4149
vn -0.1134 -0.9055 -0.4089
vn -0.1320 -0.9066 -0.4007
vn -0.1513 -0.9081 -0.3904
vn -0.1709 -0.9099 -0.3780
vn -0.1906 -0.9119 -0.3634
vn -0.2102 -0.9141 -0.3467
vn -0.2293 -0.9163 -0.3281
vn -0.2478 -0.9186 -0.3077
vn -0.2654 -0.9208 -0.2858
vn -0.2820 -0.9228 -0.2625
vn -0.2974 -0.9246 -0.2380
vn -0.3117 -0.9261 -0.2127
vn -0.3248 -0.9272 -0.1867
vn -0.3366 -0.9279 -0.1601
vn -0.3472 -0.9283 -0.1333
vn -0.3566 -0.9281 -0.1064
vn -0.3650 -0.9276 -0.0795
vn -0.3723 -0.9266 -0.0527
vn -0.3786 -0.9252 -0.0262
vn -0.3816 -0.9243 -0.0131
vn 0.0291 -0.9995 -0.0142
vn 0.0429 -0.9988 -0.0210
vn 0.0560 -0.9980 -0.0283
vn 0.0684 -0.9970 -0.0360
vn 0.0798 -0.9958 -0.0441
vn 0.0901 -0.9945 -0.0525
vn 0.0993 -0.9932 -0.0612
vn 0.1072 -0.9918 -0.0700
vn 0.1137 -0.9904 -0.0788
vn 0.1187 -0.9891 -0.0874
vn 0.1221 -0.9879 -0.0956
vn 0.1240 -0.9868 -0.1034
vn 0.1243 -0.9861 -0.1104
vn 0.1231 -0.9855 -0.1166
vn 0.1203 -0.9852 -0.1216
vn 0.1163 -0.9853 -0.1254
vn 0.1110 -0.9856 -0.1278
vn 0.1047 -0.9861 -0.1286
vn 0.0975 -0.9870 -0.1279
vn 0.0897 -0.9880 -0.1256
vn 0.0815 -0.9892 -0.1218
vn 0.0729 -0.9905 -0.1164
vn 0.0642 -0.9919 -0.1095
vn 0.0556 -0.9933 -0.1013
vn 0.0471 -0.9947 -0.0918
vn 0.0389 -0.9959 -0.0811
vn 0.0309 -0.9971 -0.0694
vn 0.0235 -0.9981 -0.0569
vn 0.0164 -0.9989 -0.0435
vn 0.0098 -0.9995 -0.0295
vn 0.0037 -0.9999 -0.0150
vn 0.0007 -1.0000 -0.0076
vn 0.0524 -0.9279 0.3692
vn 0.0791 -0.9289 0.3617
vn 0.1058 -0.9296 0.3531
vn 0.1326 -0.9297 0.3434
vn 0.1592 -0.9295 0.3326
vn 0.1855 -0.9289 0.3205
vn 0.2113 -0.9278 0.3073
vn 0.2364 -0.9265 0.2928
vn 0.2606 -0.9248 0.2772
vn 0.2836 -0.9229 0.2605
vn 0.3052 -0.9208 0.2428
vn 0.3252 -0.9186 0.2243
vn 0.3435 -0.9164 0.2052
vn 0.3598 -0.9143 0.1857
vn 0.3741 -0.9124 0.1661
vn 0.3862 -0.9106 0.1467
vn 0.3962 -0.9092 0.1277
vn 0.4041 -0.9081 0.1093
vn 0.4100 -0.9074 0.0920
vn 0.4140 -0.9071 0.0758
vn 0.4164 -0.9071 0.0609
vn 0.4171 -0.9076 0.0475
vn 0.4165 -0.9084 0.0358
vn 0.4148 -0.9095 0.0256
vn 0.4122 -0.9109 0.0172
vn 0.4088 -0.9125 0.0103
vn 0.4048 -0.9144 0.0050
vn 0.4004 -0.9163 0.0013
vn 0.3956 -0.9184 -0.0009
vn 0.3907 -0.9205 -0.0018
vn 0.3857 -0.9226 -0.0015
vn 0.3831 -0.9237 -0.0010
vn 0.0678 -0.7144 0.6964
vn 0.1032 -0.7170 0.6894
vn 0.1395 -0.7190 0.6808
vn 0.1766 -0.7204 0.6707
vn 0.2144 -0.7211 0.6588
vn 0.2527 -0.7212 0.6450
vn 0.2911 -0.7206 0.6292
vn 0.3296 -0.7195 0.6113
vn 0.3678 -0.7178 0.5911
vn 0.4053 -0.7156 0.5689
vn 0.4418 -0.7129 0.5445
vn 0.4769 -0.7100 0.5181
vn 0.5104 -0.7067 0.4899
vn 0.5418 -0.7034 0.4600
vn 0.5709 -0.7001 0.4288
vn 0.5975 -0.6969 0.3967
vn 0.6213 -0.6940 0.3639
vn 0.6422 -0.6914 0.3309
vn 0.6603 -0.6892 0.2981
vn 0.6756 -0.6876 0.2659
vn 0.6881 -0.6866 0.2346
vn 0.6981 -0.6861 0.2045
vn 0.7058 -0.6862 0.1758
vn 0.7113 -0.6869 0.1488
vn 0.7149 -0.6882 0.1236
vn 0.7168 -0.6900 0.1002
vn 0.7173 -0.6923 0.0788
vn 0.7166 -0.6949 0.0594
vn 0.7149 -0.6979 0.0418
vn 0.7124 -0.7012 0.0262
vn 0.7093 -0.7048 0.0123
vn 0.7075 -0.7067 0.0058
vn 0.0727 -0.3917 0.9172
vn 0.1115 -0.3954 0.9117
vn 0.1518 -0.3984 0.9045
vn 0.1936 -0.4007 0.8955
vn 0.2368 -0.4023 0.8844
vn 0.2811 -0.4030 0.8709
vn 0.3265 -0.4030 0.8549
vn 0.3724 -0.4023 0.8363
vn 0.4187 -0.4008 0.8148
vn 0.4650 -0.3986 0.7905
vn 0.5108 -0.3957 0.7631
vn 0.5558 -0.3924 0.7329
vn 0.5993 -0.3886 0.6998
vn 0.6411 -0.3846 0.6641
vn 0.6806 -0.3804 0.6261
vn 0.7175 -0.3762 0.5862
vn 0.7515 -0.3723 0.5447
vn 0.7823 -0.3686 0.5021
vn 0.8098 -0.3654 0.4589
vn 0.8340 -0.3628 0.4155
vn 0.8550 -0.3608 0.3725
vn 0.8727 -0.3595 0.3302
vn 0.8874 -0.3590 0.2891
vn 0.8993 -0.3592 0.2493
vn 0.9086 -0.3602 0.2112
vn 0.9156 -0.3619 0.1749
vn 0.9206 -0.3642 0.1406
vn 0.9238 -0.3672 0.1084
vn 0.9254 -0.3707 0.0782
vn 0.9257 -0.3748 0.0502
vn 0.9250 -0.3793 0.0242
vn 0.9242 -0.3817 0.0117
vn 0.0665 -0.0091 0.9977
vn 0.1027 -0.0133 0.9946
vn 0.1409 -0.0168 0.9899
vn 0.1810 -0.0197 0.9833
vn 0.2229 -0.0218 0.9746
vn 0.2666 -0.0231 0.9635
vn 0.3117 -0.0237 0.9499
vn 0.3582 -0.0233 0.9333
vn 0.4056 -0.0222 0.9138
vn 0.4535 -0.0204 0.8910
vn 0.5016 -0.0178 0.8649
vn 0.5495 -0.0146 0.8354
vn 0.5964 -0.0108 0.8026
vn 0.6421 -0.0066 0.7666
vn 0.6860 -0.0022 0.7276
vn 0.7276 0.0022 0.6860
vn 0.7666 0.0067 0.6421
vn 0.8026 0.0108 0.5964
vn 0.8354 0.0146 0.5495
vn 0.8649 0.0178 0.5016
vn 0.8910 0.0204 0.4535
vn 0.9138 0.0223 0.4056
vn 0.9333 0.0234 0.3582
vn 0.9499 0.0237 0.3117
vn 0.9635 0.0231 0.2666
vn 0.9746 0.0218 0.2229
vn 0.9833 0.0197 0.1810
vn 0.9899 0.0168 0.1409
vn 0.9946 0.0133 0.1027
vn 0.9977 0.0091 0.0665
vn 0.9995 0.0043 0.0323
vn 0.9999 0.0017 0.0158
vn 0.0502 0.3748 0.9257
vn 0.0782 0.3707 0.9254
vn 0.1084 0.3672 0.9238
vn 0.1406 0.3642 0.9206
vn 0.1749 0.3619 0.9156
vn 0.2112 0.3602 0.9086
vn 0.2493 0.3592 0.8993
vn 0.2891 0.3590 0.8874
vn 0.3302 0.3595 0.8727
vn 0.3725 0.3608 0.8550
vn 0.4155 0.3628 0.8340
vn 0.4589 0.3654 0.8098
vn 0.5021 0.3686 0.7823
vn 0.5447 0.3723 0.7515
vn 0.5862 0.3762 0.7175
vn 0.6261 0.3804 0.6806
vn 0.6641 0.3846 0.6411
vn 0.6998 0.3886 0.5993
vn 0.7329 0.3924 0.5558
vn 0.7631 0.3957 0.5108
vn 0.7905 0.3986 0.4650
vn 0.8148 0.4008 0.4187
vn 0.8363 0.4023 0.3724
vn 0.8549 0.4031 0.3265
vn 0.8709 0.4030 0.2811
vn 0.8844 0.4022 0.2368
vn 0.8955 0.4007 0.1936
vn 0.9045 0.3984 0.1518
vn 0.9117 0.3954 0.1115
vn 0.9172 0.3917 0.0727
vn 0.9212 0.3874 0.0356
vn 0.9228 0.3850 0.0174
vn 0.0262 0.7012 0.7124
vn 0.0418 0.6979 0.7149
vn 0.0594 0.6949 0.7166
vn 0.0788 0.6923 0.7173
vn 0.1002 0.6900 0.7168
vn 0.1236 0.6882 0.7149
vn 0.1488 0.6870 0.7113
vn 0.1758 0.6862 0.7058
vn 0.2044 0.6861 0.6981
vn 0.2346 0.6866 0.6881
vn 0.2659 0.6876 0.6756
vn 0.2981 0.6893 0.6603
vn 0.3309 0.6914 0.6422
vn 0.3639 0.6940 0.6213
vn 0.3967 0.6969 0.5975
vn 0.4288 0.7001 0.5709
vn 0.4600 0.7034 0.5418
vn 0.4899 0.7067 0.5104
vn 0.5181 0.7100 0.4769
vn 0.5445 0.7129 0.4418
vn 0.5689 0.7156 0.4053
vn 0.5912 0.7178 0.3678
vn 0.6113 0.7195 0.3296
vn 0.6292 0.7206 0.2911
vn 0.6450 0.7212 0.2527
vn 0.6588 0.7211 0.2144
vn 0.6707 0.7204 0.1766
vn 0.6808 0.7190 0.1395
vn 0.6893 0.7170 0.1032
vn 0.6964 0.7144 0.0678
vn 0.7021 0.7113 0.0334
vn 0.7046 0.7094 0.0164
vn -0.0018 0.9205 0.3907
vn -0.0009 0.9184 0.3956
vn 0.0013 0.9163 0.4004
vn 0.0050 0.9144 0.4048
vn 0.0103 0.9126 0.4088
vn 0.0172 0.9109 0.4122
vn 0.0256 0.9095 0.4148
vn 0.0358 0.9084 0.4165
vn 0.0475 0.9076 0.4171
vn 0.0609 0.9071 0.4164
vn 0.0758 0.9071 0.4140
vn 0.0920 0.9074 0.4100
vn 0.1093 0.9081 0.4041
vn 0.1277 0.9092 0.3962
vn 0.1467 0.9107 0.3862
vn 0.1661 0.9124 0.3741
vn 0.1857 0.9143 0.3598
vn 0.2052 0.9164 0.3435
vn 0.2243 0.9186 0.3252
vn 0.2428 0.9208 0.3052
vn 0.2605 0.9229 0.2836
vn 0.2772 0.9248 0.2606
vn 0.2928 0.9265 0.2364
vn 0.3073 0.9278 0.2113
vn 0.3205 0.9289 0.1855
vn 0.3326 0.9295 0.1592
vn 0.3434 0.9297 0.1326
vn 0.3531 0.9296 0.1058
vn 0.3617 0.9289 0.0791
vn 0.3692 0.9279 0.0524
vn 0.3757 0.9264 0.0260
vn 0.3789 0.9254 0.0129
vn -0.0295 0.9995 0.0098
vn -0.0435 0.9989 0.0164
vn -0.0569 0.9981 0.0235
vn -0.0694 0.9971 0.0309
vn -0.0811 0.9959 0.0389
vn -0.0918 0.9947 0.0471
vn -0.1013 0.9933 0.0556
vn -0.1095 0.9919 0.0642
vn -0.1164 0.9905 0.0729
vn -0.1218 0.9892 0.0815
vn -0.1256 0.9880 0.0897
vn -0.1279 0.9870 0.0975
vn -0.1286 0.9861 0.1047
vn -0.1278 0.9856 0.1110
vn -0.1254 0.9853 0.1163
vn -0.1216 0.9852 0.1203
vn -0.1166 0.9855 0.1231
vn -0.1104 0.9861 0.1243
vn -0.1034 0.9868 0.1240
vn -0.0956 0.9879 0.1222
vn -0.0874 0.9891 0.1187
vn -0.0787 0.9904 0.1137
vn -0.0700 0.9918 0.1072
vn -0.0612 0.9932 0.0993
vn -0.0525 0.9945 0.0901
vn -0.0441 0.9958 0.0798
vn -0.0360 0.9970 0.0684
vn -0.0283 0.9980 0.0560
vn -0.0210 0.9988 0.0429
vn -0.0141 0.9995 0.0291
vn -0.0078 0.9998 0.0147
vn -0.0046 1.0000 0.0074
vn -0.0357 0.7109 -0.7024
vn -0.0290 0.9255 -0.3775
vn -0.0145 0.9244 -0.3810
vn -0.0177 0.7088 -0.7052
vn -0.0370 0.3886 -0.9207
vn -0.0182 0.3857 -0.9224
vn -0.0327 0.0073 -0.9994
vn -0.0160 0.0042 -0.9999
vn -0.0234 -0.3751 -0.9267
vn -0.0114 -0.3781 -0.9257
vn -0.0106 -0.7009 -0.7131
vn -0.0051 -0.7033 -0.7108
vn 0.0038 -0.9204 -0.3909
vn 0.0020 -0.9218 -0.3876
vn 0.0176 -0.9998 -0.0089
vn 0.0088 -0.9999 -0.0051
vn 0.0287 -0.9267 0.3748
vn 0.0142 -0.9255 0.3785
vn 0.0354 -0.7119 0.7014
vn 0.0174 -0.7096 0.7044
vn 0.0367 -0.3882 0.9208
vn 0.0179 -0.3852 0.9226
vn 0.0323 -0.0051 0.9995
vn 0.0157 -0.0020 0.9999
vn 0.0230 0.3785 0.9253
vn 0.0111 0.3814 0.9243
vn 0.0102 0.7041 0.7100
vn 0.0047 0.7064 0.7078
vn -0.0042 0.9222 0.3866
vn -0.0024 0.9235 0.3835
vn -0.0180 0.9998 0.0048
vn -0.0091 1.0000 0.0011
vn -0.0722 0.7144 -0.6959
vn -0.0582 0.9272 -0.3701
vn -0.1097 0.7172 -0.6881
vn -0.0875 0.9282 -0.3616
vn -0.1480 0.7193 -0.6787
vn -0.1169 0.9287 -0.3520
vn -0.1870 0.7205 -0.6677
vn -0.1461 0.9286 -0.3411
vn -0.2265 0.7210 -0.6548
vn -0.1750 0.9279 -0.3291
vn -0.2664 0.7207 -0.6400
vn -0.2034 0.9268 -0.3157
vn -0.3063 0.7196 -0.6231
vn -0.2311 0.9251 -0.3012
vn -0.3460 0.7178 -0.6041
vn -0.2579 0.9231 -0.2853
vn -0.3851 0.7154 -0.5830
vn -0.2834 0.9207 -0.2683
vn -0.4234 0.7123 -0.5598
vn -0.3076 0.9180 -0.2502
vn -0.4604 0.7088 -0.5344
vn -0.3301 0.9152 -0.2312
vn -0.4959 0.7049 -0.5071
vn -0.3507 0.9123 -0.2114
vn -0.5294 0.7008 -0.4781
vn -0.3692 0.9095 -0.1911
vn -0.5607 0.6966 -0.4476
vn -0.3855 0.9068 -0.1706
vn -0.5895 0.6925 -0.4158
vn -0.3995 0.9043 -0.1500
vn -0.6156 0.6886 -0.3833
vn -0.4112 0.9022 -0.1298
vn -0.6387 0.6851 -0.3503
vn -0.4205 0.9005 -0.1101
vn -0.6589 0.6821 -0.3171
vn -0.4275 0.8993 -0.0914
vn -0.6762 0.6796 -0.2844
vn -0.4324 0.8986 -0.0739
vn -0.6905 0.6778 -0.2524
vn -0.4351 0.8985 -0.0577
vn -0.7021 0.6768 -0.2214
vn -0.4361 0.8988 -0.0432
vn -0.7111 0.6764 -0.1917
vn -0.4354 0.8997 -0.0303
vn -0.7177 0.6768 -0.1637
vn -0.4334 0.9010 -0.0193
vn -0.7221 0.6780 -0.1375
vn -0.4301 0.9027 -0.0102
vn -0.7246 0.6798 -0.1132
vn -0.4259 0.9047 -0.0029
vn -0.7255 0.6821 -0.0909
vn -0.4210 0.9070 0.0024
vn -0.7250 0.6851 -0.0708
vn -0.4155 0.9096 0.0060
vn -0.7233 0.6885 -0.0527
vn -0.4096 0.9122 0.0078
vn -0.7206 0.6924 -0.0367
vn -0.4035 0.9149 0.0079
vn -0.7172 0.6965 -0.0227
vn -0.3972 0.9177 0.0066
vn -0.3909 0.9204 0.0038
vn -0.7131 0.7009 -0.0106
vn -0.3876 0.9218 0.0020
vn -0.7108 0.7033 -0.0051
vn -0.0753 0.3935 -0.9162
vn -0.1152 0.3977 -0.9102
vn -0.1567 0.4010 -0.9026
vn -0.1996 0.4035 -0.8929
vn -0.2437 0.4050 -0.8812
vn -0.2890 0.4056 -0.8672
vn -0.3351 0.4053 -0.8506
vn -0.3817 0.4040 -0.8313
vn -0.4284 0.4018 -0.8093
vn -0.4751 0.3989 -0.7843
vn -0.5210 0.3952 -0.7565
vn -0.5660 0.3909 -0.7258
vn -0.6094 0.3862 -0.6925
vn -0.6509 0.3811 -0.6566
vn -0.6900 0.3760 -0.6185
vn -0.7265 0.3709 -0.5785
vn -0.7599 0.3660 -0.5371
vn -0.7903 0.3616 -0.4946
vn -0.8173 0.3578 -0.4516
vn -0.8410 0.3547 -0.4086
vn -0.8614 0.3523 -0.3658
vn -0.8786 0.3508 -0.3239
vn -0.8928 0.3503 -0.2831
vn -0.9042 0.3506 -0.2438
vn -0.9131 0.3518 -0.2062
vn -0.9196 0.3540 -0.1704
vn -0.9241 0.3569 -0.1367
vn -0.9268 0.3605 -0.1051
vn -0.9280 0.3648 -0.0757
vn -0.9279 0.3697 -0.0485
vn -0.9267 0.3751 -0.0234
vn -0.9257 0.3781 -0.0114
vn -0.0670 0.0129 -0.9977
vn -0.1033 0.0179 -0.9945
vn -0.1416 0.0220 -0.9897
vn -0.1819 0.0253 -0.9830
vn -0.2240 0.0277 -0.9742
vn -0.2679 0.0291 -0.9630
vn -0.3131 0.0296 -0.9492
vn -0.3596 0.0291 -0.9326
vn -0.4070 0.0276 -0.9130
vn -0.4548 0.0252 -0.8902
vn -0.5028 0.0219 -0.8641
vn -0.5504 0.0179 -0.8347
vn -0.5972 0.0133 -0.8020
vn -0.6425 0.0081 -0.7662
vn -0.6861 0.0027 -0.7275
vn -0.7275 -0.0027 -0.6861
vn -0.7662 -0.0081 -0.6425
vn -0.8020 -0.0133 -0.5972
vn -0.8347 -0.0179 -0.5504
vn -0.8641 -0.0219 -0.5028
vn -0.8902 -0.0252 -0.4548
vn -0.9130 -0.0276 -0.4070
vn -0.9326 -0.0291 -0.3596
vn -0.9492 -0.0296 -0.3131
vn -0.9630 -0.0291 -0.2679
vn -0.9742 -0.0277 -0.2240
vn -0.9830 -0.0253 -0.1819
vn -0.9897 -0.0220 -0.1416
vn -0.9945 -0.0179 -0.1033
vn -0.9977 -0.0130 -0.0670
vn -0.9994 -0.0074 -0.0327
vn -0.9999 -0.0042 -0.0160
vn -0.0485 -0.3697 -0.9279
vn -0.0757 -0.3648 -0.9280
vn -0.1051 -0.3605 -0.9268
vn -0.1367 -0.3568 -0.9241
vn -0.1704 -0.3539 -0.9196
vn -0.2062 -0.3518 -0.9131
vn -0.2438 -0.3506 -0.9042
vn -0.2831 -0.3503 -0.8928
vn -0.3239 -0.3508 -0.8786
vn -0.3658 -0.3523 -0.8614
vn -0.4086 -0.3547 -0.8410
vn -0.4516 -0.3578 -0.8173
vn -0.4946 -0.3616 -0.7903
vn -0.5371 -0.3660 -0.7599
vn -0.5785 -0.3709 -0.7265
vn -0.6185 -0.3760 -0.6900
vn -0.6566 -0.3811 -0.6509
vn -0.6925 -0.3862 -0.6094
vn -0.7258 -0.3909 -0.5660
vn -0.7565 -0.3952 -0.5210
vn -0.7843 -0.3989 -0.4751
vn -0.8093 -0.4018 -0.4285
vn -0.8313 -0.4040 -0.3817
vn -0.8506 -0.4053 -0.3351
vn -0.8672 -0.4056 -0.2890
vn -0.8812 -0.4050 -0.2437
vn -0.8929 -0.4035 -0.1996
vn -0.9026 -0.4010 -0.1567
vn -0.9102 -0.3977 -0.1152
vn -0.9162 -0.3935 -0.0753
vn -0.9207 -0.3886 -0.0370
vn -0.9224 -0.3857 -0.0182
vn -0.0227 -0.6965 -0.7172
vn -0.0367 -0.6923 -0.7206
vn -0.0527 -0.6885 -0.7233
vn -0.0708 -0.6851 -0.7250
vn -0.0909 -0.6821 -0.7255
vn -0.1132 -0.6798 -0.7246
vn -0.1375 -0.6780 -0.7221
vn -0.1637 -0.6768 -0.7177
vn -0.1917 -0.6764 -0.7111
vn -0.2214 -0.6767 -0.7021
vn -0.2524 -0.6778 -0.6905
vn -0.2844 -0.6796 -0.6762
vn -0.3171 -0.6820 -0.6589
vn -0.3503 -0.6851 -0.6387
vn -0.3833 -0.6886 -0.6156
vn -0.4158 -0.6925 -0.5895
vn -0.4476 -0.6966 -0.5607
vn -0.4781 -0.7008 -0.5294
vn -0.5072 -0.7049 -0.4959
vn -0.5344 -0.7088 -0.4604
vn -0.5598 -0.7123 -0.4234
vn -0.5830 -0.7153 -0.3851
vn -0.6042 -0.7178 -0.3460
vn -0.6231 -0.7196 -0.3063
vn -0.6400 -0.7207 -0.2664
vn -0.6548 -0.7210 -0.2265
vn -0.6677 -0.7205 -0.1870
vn -0.6787 -0.7193 -0.1480
vn -0.6881 -0.7172 -0.1097
vn -0.6959 -0.7144 -0.0722
vn -0.7024 -0.7109 -0.0357
vn -0.7052 -0.7088 -0.0177
vn 0.0066 -0.9177 -0.3972
vn 0.0079 -0.9149 -0.4034
vn 0.0078 -0.9122 -0.4096
vn 0.0060 -0.9096 -0.4155
vn 0.0024 -0.9070 -0.4210
vn -0.0029 -0.9047 -0.4259
vn -0.0102 -0.9027 -0.4301
vn -0.0193 -0.9010 -0.4334
vn -0.0303 -0.8997 -0.4354
vn -0.0432 -0.8988 -0.4361
vn -0.0577 -0.8985 -0.4351
vn -0.0739 -0.8986 -0.4324
vn -0.0914 -0.8993 -0.4275
vn -0.1102 -0.9005 -0.4205
vn -0.1298 -0.9022 -0.4112
vn -0.1500 -0.9043 -0.3995
vn -0.1706 -0.9068 -0.3855
vn -0.1911 -0.9095 -0.3692
vn -0.2114 -0.9123 -0.3507
vn -0.2312 -0.9152 -0.3301
vn -0.2502 -0.9180 -0.3076
vn -0.2683 -0.9207 -0.2834
vn -0.2853 -0.9231 -0.2579
vn -0.3012 -0.9251 -0.2311
vn -0.3157 -0.9268 -0.2034
vn -0.3291 -0.9279 -0.1750
vn -0.3411 -0.9286 -0.1461
vn -0.3520 -0.9287 -0.1169
vn -0.3616 -0.9282 -0.0875
vn -0.3701 -0.9272 -0.0582
vn -0.3775 -0.9255 -0.0290
vn -0.3810 -0.9244 -0.0145
vn 0.0348 -0.9992 -0.0164
vn 0.0514 -0.9984 -0.0245
vn 0.0671 -0.9972 -0.0332
vn 0.0819 -0.9957 -0.0424
vn 0.0955 -0.9940 -0.0520
vn 0.1079 -0.9922 -0.0621
vn 0.1188 -0.9903 -0.0724
vn 0.1282 -0.9883 -0.0828
vn 0.1359 -0.9863 -0.0932
vn 0.1418 -0.9845 -0.1034
vn 0.1459 -0.9828 -0.1133
vn 0.1481 -0.9814 -0.1225
vn 0.1484 -0.9802 -0.1308
vn 0.1469 -0.9794 -0.1382
vn 0.1437 -0.9790 -0.1442
vn 0.1389 -0.9791 -0.1487
vn 0.1326 -0.9795 -0.1516
vn 0.1252 -0.9803 -0.1527
vn 0.1167 -0.9814 -0.1520
vn 0.1074 -0.9829 -0.1494
vn 0.0976 -0.9846 -0.1449
vn 0.0874 -0.9864 -0.1386
vn 0.0771 -0.9884 -0.1306
vn 0.0668 -0.9904 -0.1208
vn 0.0566 -0.9923 -0.1096
vn 0.0468 -0.9942 -0.0969
vn 0.0374 -0.9958 -0.0830
vn 0.0284 -0.9973 -0.0680
vn 0.0200 -0.9984 -0.0521
vn 0.0121 -0.9993 -0.0354
vn 0.0048 -0.9998 -0.0180
vn 0.0011 -1.0000 -0.0091
vn 0.0578 -0.9283 0.3671
vn 0.0870 -0.9295 0.3584
vn 0.1162 -0.9300 0.3486
vn 0.1453 -0.9300 0.3375
vn 0.1741 -0.9295 0.3252
vn 0.2023 -0.9284 0.3116
vn 0.2297 -0.9268 0.2968
vn 0.2563 -0.9249 0.2808
vn 0.2815 -0.9226 0.2636
vn 0.3054 -0.9200 0.2454
vn 0.3276 -0.9173 0.2263
vn 0.3478 -0.9145 0.2064
vn 0.3660 -0.9118 0.1861
vn 0.3820 -0.9092 0.1656
vn 0.3957 -0.9068 0.1452
vn 0.4071 -0.9048 0.1251
vn 0.4161 -0.9031 0.1057
vn 0.4229 -0.9020 0.0873
vn 0.4275 -0.9013 0.0700
vn 0.4301 -0.9011 0.0541
vn 0.4310 -0.9015 0.0399
vn 0.4303 -0.9022 0.0274
vn 0.4282 -0.9035 0.0167
vn 0.4250 -0.9051 0.0079
vn 0.4209 -0.9071 0.0010
vn 0.4160 -0.9093 -0.0040
vn 0.4106 -0.9118 -0.0073
vn 0.4048 -0.9143 -0.0089
vn 0.3988 -0.9170 -0.0088
vn 0.3927 -0.9196 -0.0072
vn 0.3866 -0.9222 -0.0042
vn 0.3835 -0.9235 -0.0024
vn 0.0719 -0.7155 0.6948
vn 0.1093 -0.7185 0.6868
vn 0.1476 -0.7207 0.6773
vn 0.1866 -0.7221 0.6661
vn 0.2261 -0.7227 0.6530
vn 0.2659 -0.7226 0.6381
vn 0.3057 -0.7217 0.6210
vn 0.3453 -0.7201 0.6018
vn 0.3843 -0.7178 0.5805
vn 0.4224 -0.7150 0.5571
vn 0.4593 -0.7116 0.5316
vn 0.4946 -0.7079 0.5042
vn 0.5279 -0.7039 0.4751
vn 0.5590 -0.6999 0.4445
vn 0.5876 -0.6959 0.4128
vn 0.6134 -0.6922 0.3802
vn 0.6364 -0.6888 0.3472
vn 0.6564 -0.6858 0.3142
vn 0.6735 -0.6835 0.2816
vn 0.6876 -0.6817 0.2497
vn 0.6991 -0.6807 0.2189
vn 0.7079 -0.6803 0.1895
vn 0.7144 -0.6807 0.1617
vn 0.7188 -0.6818 0.1356
vn 0.7213 -0.6836 0.1116
vn 0.7222 -0.6859 0.0895
vn 0.7216 -0.6887 0.0696
vn 0.7200 -0.6921 0.0517
vn 0.7173 -0.6958 0.0359
vn 0.7140 -0.6998 0.0221
vn 0.7100 -0.7041 0.0102
vn 0.7078 -0.7064 0.0047
vn 0.0750 -0.3932 0.9163
vn 0.1149 -0.3975 0.9103
vn 0.1564 -0.4010 0.9026
vn 0.1993 -0.4036 0.8929
vn 0.2435 -0.4053 0.8811
vn 0.2888 -0.4061 0.8670
vn 0.3349 -0.4060 0.8503
vn 0.3815 -0.4049 0.8310
vn 0.4283 -0.4030 0.8088
vn 0.4749 -0.4002 0.7837
vn 0.5209 -0.3967 0.7558
vn 0.5658 -0.3927 0.7250
vn 0.6091 -0.3881 0.6915
vn 0.6506 -0.3833 0.6556
vn 0.6897 -0.3784 0.6174
vn 0.7261 -0.3735 0.5773
vn 0.7595 -0.3688 0.5358
vn 0.7897 -0.3646 0.4934
vn 0.8166 -0.3609 0.4504
vn 0.8402 -0.3579 0.4073
vn 0.8606 -0.3556 0.3646
vn 0.8777 -0.3542 0.3227
vn 0.8918 -0.3537 0.2820
vn 0.9031 -0.3541 0.2427
vn 0.9119 -0.3554 0.2052
vn 0.9184 -0.3574 0.1695
vn 0.9228 -0.3603 0.1359
vn 0.9255 -0.3640 0.1045
vn 0.9267 -0.3682 0.0751
vn 0.9265 -0.3731 0.0480
vn 0.9253 -0.3785 0.0230
vn 0.9243 -0.3814 0.0111
vn 0.0666 -0.0108 0.9977
vn 0.1029 -0.0157 0.9945
vn 0.1412 -0.0200 0.9897
vn 0.1815 -0.0233 0.9831
vn 0.2236 -0.0258 0.9743
vn 0.2675 -0.0274 0.9632
vn 0.3128 -0.0280 0.9494
vn 0.3592 -0.0276 0.9328
vn 0.4067 -0.0263 0.9132
vn 0.4546 -0.0241 0.8904
vn 0.5026 -0.0210 0.8643
vn 0.5502 -0.0172 0.8348
vn 0.5970 -0.0127 0.8021
vn 0.6424 -0.0078 0.7663
vn 0.6861 -0.0026 0.7275
vn 0.7275 0.0026 0.6861
vn 0.7663 0.0078 0.6424
vn 0.8021 0.0127 0.5970
vn 0.8348 0.0172 0.5502
vn 0.8643 0.0210 0.5026
vn 0.8904 0.0241 0.4546
vn 0.9132 0.0263 0.4067
vn 0.9328 0.0276 0.3593
vn 0.9494 0.0280 0.3128
vn 0.9632 0.0274 0.2675
vn 0.9743 0.0258 0.2236
vn 0.9831 0.0233 0.1815
vn 0.9897 0.0200 0.1412
vn 0.9945 0.0158 0.1029
vn 0.9977 0.0108 0.0666
vn 0.9995 0.0052 0.0323
vn 0.9999 0.0020 0.0157
vn 0.0480 0.3731 0.9265
vn 0.0751 0.3682 0.9267
vn 0.1045 0.3639 0.9255
vn 0.1359 0.3603 0.9228
vn 0.1695 0.3574 0.9184
vn 0.2052 0.3553 0.9119
vn 0.2427 0.3541 0.9031
vn 0.2820 0.3537 0.8918
vn 0.3227 0.3542 0.8777
vn 0.3646 0.3556 0.8606
vn 0.4073 0.3579 0.8402
vn 0.4504 0.3609 0.8166
vn 0.4934 0.3646 0.7897
vn 0.5358 0.3688 0.7595
vn 0.5773 0.3735 0.7261
vn 0.6174 0.3784 0.6897
vn 0.6556 0.3833 0.6506
vn 0.6915 0.3881 0.6091
vn 0.7250 0.3927 0.5658
vn 0.7558 0.3967 0.5209
vn 0.7837 0.4002 0.4749
vn 0.8088 0.4030 0.4283
vn 0.8309 0.4049 0.3815
vn 0.8503 0.4060 0.3349
vn 0.8670 0.4061 0.2888
vn 0.8811 0.4053 0.2435
vn 0.8929 0.4036 0.1993
vn 0.9026 0.4010 0.1564
vn 0.9103 0.3975 0.1149
vn 0.9163 0.3932 0.0750
vn 0.9208 0.3882 0.0367
vn 0.9226 0.3852 0.0179
vn 0.0221 0.6998 0.7140
vn 0.0359 0.6958 0.7173
vn 0.0517 0.6920 0.7200
vn 0.0696 0.6887 0.7216
vn 0.0895 0.6858 0.7222
vn 0.1116 0.6835 0.7213
vn 0.1356 0.6818 0.7188
vn 0.1617 0.6807 0.7144
vn 0.1895 0.6803 0.7079
vn 0.2189 0.6807 0.6991
vn 0.2497 0.6817 0.6876
vn 0.2816 0.6835 0.6735
vn 0.3142 0.6858 0.6564
vn 0.3472 0.6888 0.6364
vn 0.3802 0.6922 0.6134
vn 0.4128 0.6959 0.5876
vn 0.4445 0.6999 0.5590
vn 0.4751 0.7039 0.5279
vn 0.5042 0.7079 0.4946
vn 0.5316 0.7116 0.4593
vn 0.5571 0.7149 0.4224
vn 0.5805 0.7178 0.3843
vn 0.6019 0.7201 0.3453
vn 0.6210 0.7217 0.3057
vn 0.6381 0.7226 0.2659
vn 0.6530 0.7227 0.2261
vn 0.6661 0.7221 0.1866
vn 0.6773 0.7207 0.1476
vn 0.6868 0.7185 0.1093
vn 0.6948 0.7155 0.0719
vn 0.7014 0.7119 0.0354
vn 0.7044 0.7096 0.0174
vn -0.0072 0.9196 0.3927
vn -0.0088 0.9170 0.3988
vn -0.0089 0.9143 0.4048
vn -0.0073 0.9118 0.4106
vn -0.0040 0.9093 0.4160
vn 0.0010 0.9071 0.4209
vn 0.0079 0.9051 0.4250
vn 0.0167 0.9035 0.4282
vn 0.0274 0.9022 0.4303
vn 0.0399 0.9015 0.4310
vn 0.0541 0.9011 0.4301
vn 0.0700 0.9013 0.4275
vn 0.0873 0.9020 0.4229
vn 0.1057 0.9031 0.4161
vn 0.1251 0.9048 0.4071
vn 0.1452 0.9068 0.3957
vn 0.1656 0.9092 0.3820
vn 0.1861 0.9118 0.3660
vn 0.2064 0.9145 0.3478
vn 0.2263 0.9173 0.3275
vn 0.2454 0.9200 0.3054
vn 0.2636 0.9226 0.2815
vn 0.2808 0.9249 0.2563
vn 0.2968 0.9268 0.2297
vn 0.3116 0.9284 0.2023
vn 0.3252 0.9295 0.1741
vn 0.3375 0.9300 0.1453
vn 0.3486 0.9300 0.1162
vn 0.3584 0.9295 0.0870
vn 0.3671 0.9283 0.0578
vn 0.3748 0.9267 0.0287
vn 0.3785 0.9255 0.0142
vn -0.0354 0.9993 0.0121
vn -0.0521 0.9984 0.0200
vn -0.0680 0.9973 0.0284
vn -0.0830 0.9958 0.0374
vn -0.0969 0.9942 0.0468
vn -0.1096 0.9923 0.0566
vn -0.1208 0.9904 0.0668
vn -0.1306 0.9884 0.0771
vn -0.1386 0.9864 0.0874
vn -0.1450 0.9846 0.0976
vn -0.1494 0.9829 0.1074
vn -0.1520 0.9814 0.1167
vn -0.1527 0.9803 0.1252
vn -0.1516 0.9795 0.1326
vn -0.1487 0.9791 0.1389
vn -0.1442 0.9790 0.1437
vn -0.1382 0.9794 0.1469
vn -0.1308 0.9802 0.1484
vn -0.1225 0.9814 0.1481
vn -0.1133 0.9828 0.1459
vn -0.1034 0.9845 0.1418
vn -0.0932 0.9863 0.1359
vn -0.0828 0.9883 0.1282
vn -0.0724 0.9903 0.1188
vn -0.0621 0.9922 0.1079
vn -0.0520 0.9940 0.0955
vn -0.0424 0.9957 0.0819
vn -0.0332 0.9972 0.0671
vn -0.0245 0.9984 0.0514
vn -0.0164 0.9992 0.0348
vn -0.0089 0.9998 0.0176
vn -0.0051 0.9999 0.0088
usemtl None
s off
f 17/1/1 18/2/1 19/3/1 20/4/1 21/5/1 22/6/1 23/7/1 24/8/1 25/9/1 26/10/1 27/11/1 28/12/1 29/13/1 30/14/1 31/15/1 32/16/1
f 1/17/1 2/18/1 3/19/1 4/20/1 5/21/1 6/22/1 7/23/1 8/24/1 9/25/1 10/26/1 11/27/1 12/28/1 13/29/1 14/30/1 15/31/1 16/32/1
f 64/33/2 49/34/2 50/35/2 51/36/2 52/37/2 53/38/2 54/39/2 55/40/2 56/41/2 57/42/2 58/43/2 59/44/2 60/45/2 61/46/2 62/47/2 63/48/2
f 48/49/2 33/50/2 34/51/2 35/52/2 36/53/2 37/54/2 38/55/2 39/56/2 40/57/2 41/58/2 42/59/2 43/60/2 44/61/2 45/62/2 46/63/2 47/64/2
s 1
f 128/65/3 65/66/4 63/67/5 62/68/6
f 160/69/7 128/70/3 62/71/6 61/72/8
f 192/73/9 160/69/7 61/72/8 60/74/10
f 224/75/11 192/73/9 60/74/10 59/76/12
f 256/77/13 224/75/11 59/76/12 58/78/14
f 288/79/15 256/80/13 58/81/14 57/82/16
f 320/83/17 288/79/15 57/82/16 56/84/18
f 352/85/19 320/83/17 56/84/18 55/86/20
f 384/87/21 352/85/19 55/86/20 54/88/22
f 416/89/23 384/90/21 54/91/22 53/92/24
f 448/93/25 416/89/23 53/92/24 52/94/26
f 480/95/27 448/93/25 52/94/26 51/96/28
f 512/97/29 480/95/27 51/96/28 50/98/30
f 544/99/31 512/100/29 50/101/30 49/102/32
f 576/103/33 544/99/31 49/102/32 64/104/34
f 65/66/4 576/103/33 64/104/34 63/67/5
f 127/105/35 66/106/36 65/66/4 128/65/3
f 126/107/37 67/108/38 66/106/36 127/105/35
f 125/109/39 68/110/40 67/108/38 126/107/37
f 124/111/41 69/112/42 68/110/40 125/109/39
f 123/113/43 70/114/44 69/112/42 124/111/41
f 122/115/45 71/116/46 70/114/44 123/113/43
f 121/117/47 72/118/48 71/116/46 122/115/45
f 120/119/49 73/120/50 72/118/48 121/117/47
f 119/121/51 74/122/52 73/120/50 120/119/49
f 118/123/53 75/124/54 74/122/52 119/121/51
f 117/125/55 76/126/56 75/124/54 118/123/53
f 116/127/57 77/128/58 76/126/56 117/125/55
f 115/129/59 78/130/60 77/128/58 116/127/57
f 114/131/61 79/132/62 78/130/60 115/129/59
f 113/133/63 80/134/64 79/132/62 114/131/61
f 112/135/65 81/136/66 80/134/64 113/133/63
f 111/137/67 82/138/68 81/136/66 112/135/65
f 110/139/69 83/140/70 82/138/68 111/137/67
f 109/141/71 84/142/72 83/140/70 110/139/69
f 108/143/73 85/144/74 84/142/72 109/141/71
f 107/145/75 86/146/76 85/144/74 108/143/73
f 106/147/77 87/148/78 86/146/76 107/145/75
f 105/149/79 88/150/80 87/148/78 106/147/77
f 104/151/81 89/152/82 88/150/80 105/149/79
f 103/153/83 90/154/84 89/152/82 104/151/81
f 102/155/85 91/156/86 90/154/84 103/153/83
f 101/157/87 92/158/88 91/156/86 102/155/85
f 100/159/89 93/160/90 92/158/88 101/157/87
f 99/161/91 94/162/92 93/160/90 100/159/89
f 98/163/93 95/164/94 94/162/92 99/161/91
f 96/165/95 95/164/94 98/163/93 97/166/96
f 2/167/97 96/165/95 97/166/96 3/168/98
f 159/169/99 127/170/35 128/70/3 160/69/7
f 158/171/100 126/172/37 127/170/35 159/169/99
f 157/173/101 125/174/39 126/172/37 158/171/100
f 156/175/102 124/176/41 125/174/39 157/173/101
f 155/177/103 123/178/43 124/176/41 156/175/102
f 154/179/104 122/180/45 123/178/43 155/177/103
f 153/181/105 121/182/47 122/180/45 154/179/104
f 152/183/106 120/184/49 121/182/47 153/181/105
f 151/185/107 119/186/51 120/184/49 152/183/106
f 150/187/108 118/188/53 119/186/51 151/185/107
f 149/189/109 117/125/55 118/123/53 150/190/108
f 148/191/110 116/127/57 117/125/55 149/189/109
f 147/192/111 115/129/59 116/127/57 148/191/110
f 146/193/112 114/131/61 115/129/59 147/192/111
f 145/194/113 113/133/63 114/131/61 146/193/112
f 144/195/114 112/135/65 113/133/63 145/194/113
f 143/196/115 111/137/67 112/135/65 144/195/114
f 142/197/116 110/139/69 111/137/67 143/196/115
f 141/198/117 109/199/71 110/200/69 142/201/116
f 140/202/118 108/203/73 109/199/71 141/198/117
f 139/204/119 107/205/75 108/203/73 140/202/118
f 138/206/120 106/207/77 107/205/75 139/204/119
f 137/208/121 105/209/79 106/207/77 138/206/120
f 136/210/122 104/211/81 105/209/79 137/208/121
f 135/212/123 103/213/83 104/211/81 136/210/122
f 134/214/124 102/215/85 103/213/83 135/212/123
f 133/216/125 101/217/87 102/215/85 134/214/124
f 132/218/126 100/219/89 101/217/87 133/216/125
f 131/220/127 99/221/91 100/219/89 132/218/126
f 130/222/128 98/163/93 99/161/91 131/223/127
f 97/166/96 98/163/93 130/222/128 129/224/129
f 3/168/98 97/166/96 129/224/129 4/225/130
f 191/226/131 159/169/99 160/69/7 192/73/9
f 190/227/132 158/171/100 159/169/99 191/226/131
f 189/228/133 157/173/101 158/171/100 190/227/132
f 188/229/134 156/175/102 157/173/101 189/228/133
f 187/230/135 155/177/103 156/175/102 188/229/134
f 186/231/136 154/179/104 155/177/103 187/230/135
f 185/232/137 153/181/105 154/179/104 186/231/136
f 184/233/138 152/183/106 153/181/105 185/232/137
f 183/234/139 151/185/107 152/183/106 184/233/138
f 182/235/140 150/187/108 151/185/107 183/234/139
f 181/236/141 149/237/109 150/187/108 182/235/140
f 180/238/142 148/239/110 149/237/109 181/236/141
f 179/240/143 147/241/111 148/239/110 180/238/142
f 178/242/144 146/243/112 147/241/111 179/240/143
f 177/244/145 145/245/113 146/243/112 178/242/144
f 176/246/146 144/247/114 145/245/113 177/244/145
f 175/248/147 143/249/115 144/250/114 176/251/146
f 174/252/148 142/201/116 143/249/115 175/248/147
f 173/253/149 141/198/117 142/201/116 174/252/148
f 172/254/150 140/202/118 141/198/117 173/253/149
f 171/255/151 139/204/119 140/202/118 172/254/150
f 170/256/152 138/206/120 139/204/119 171/255/151
f 169/257/153 137/208/121 138/206/120 170/256/152
f 168/258/154 136/210/122 137/208/121 169/257/153
f 167/259/155 135/212/123 136/210/122 168/258/154
f 166/260/156 134/214/124 135/212/123 167/259/155
f 165/261/157 133/216/125 134/214/124 166/260/156
f 164/262/158 132/218/126 133/216/125 165/261/157
f 163/263/159 131/220/127 132/218/126 164/262/158
f 162/264/160 130/265/128 131/220/127 163/263/159
f 129/266/129 130/265/128 162/264/160 161/267/161
f 4/268/130 129/266/129 161/267/161 5/269/162
f 223/270/163 191/226/131 192/73/9 224/75/11
f 222/271/164 190/227/132 191/226/131 223/270/163
f 221/272/165 189/228/133 190/227/132 222/271/164
f 220/273/166 188/229/134 189/228/133 221/272/165
f 219/274/167 187/230/135 188/229/134 220/273/166
f 218/275/168 186/231/136 187/230/135 219/274/167
f 217/276/169 185/232/137 186/231/136 218/275/168
f 216/277/170 184/233/138 185/232/137 217/276/169
f 215/278/171 183/234/139 184/233/138 216/277/170
f 214/279/172 182/235/140 183/234/139 215/278/171
f 213/280/173 181/236/141 182/235/140 214/279/172
f 212/281/174 180/238/142 181/236/141 213/280/173
f 211/282/175 179/240/143 180/238/142 212/281/174
f 210/283/176 178/242/144 179/240/143 211/282/175
f 209/284/177 177/244/145 178/242/144 210/283/176
f 208/285/178 176/246/146 177/244/145 209/284/177
f 207/286/179 175/287/147 176/246/146 208/285/178
f 206/288/180 174/252/148 175/248/147 207/289/179
f 205/290/181 173/253/149 174/252/148 206/288/180
f 204/291/182 172/254/150 173/253/149 205/290/181
f 203/292/183 171/255/151 172/254/150 204/291/182
f 202/293/184 170/256/152 171/255/151 203/292/183
f 201/294/185 169/257/153 170/256/152 202/293/184
f 200/295/186 168/258/154 169/257/153 201/294/185
f 199/296/187 167/259/155 168/258/154 200/295/186
f 198/297/188 166/260/156 167/259/155 199/296/187
f 197/298/189 165/261/157 166/260/156 198/297/188
f 196/299/190 164/262/158 165/261/157 197/298/189
f 195/300/191 163/263/159 164/262/158 196/299/190
f 194/301/192 162/264/160 163/263/159 195/300/191
f 161/267/161 162/264/160 194/301/192 193/302/193
f 5/269/162 161/267/161 193/302/193 6/303/194
f 255/304/195 223/270/163 224/75/11 256/77/13
f 254/305/196 222/271/164 223/270/163 255/304/195
f 253/306/197 221/272/165 222/271/164 254/305/196
f 252/307/198 220/273/166 221/272/165 253/306/197
f 251/308/199 219/274/167 220/273/166 252/307/198
f 250/309/200 218/275/168 219/274/167 251/308/199
f 249/310/201 217/276/169 218/275/168 250/309/200
f 248/311/202 216/277/170 217/276/169 249/310/201
f 247/312/203 215/278/171 216/277/170 248/311/202
f 246/313/204 214/279/172 215/278/171 247/312/203
f 245/314/205 213/280/173 214/279/172 246/313/204
f 244/315/206 212/281/174 213/280/173 245/314/205
f 243/316/207 211/282/175 212/281/174 244/315/206
f 242/317/208 210/283/176 211/282/175 243/316/207
f 241/318/209 209/284/177 210/283/176 242/317/208
f 240/319/210 208/285/178 209/284/177 241/318/209
f 239/320/211 207/286/179 208/285/178 240/319/210
f 238/321/212 206/322/180 207/286/179 239/320/211
f 237/323/213 205/290/181 206/288/180 238/324/212
f 236/325/214 204/291/182 205/290/181 237/323/213
f 235/326/215 203/292/183 204/291/182 236/325/214
f 234/327/216 202/293/184 203/292/183 235/326/215
f 233/328/217 201/294/185 202/293/184 234/327/216
f 232/329/218 200/295/186 201/294/185 233/328/217
f 231/330/219 199/296/187 200/295/186 232/329/218
f 230/331/220 198/297/188 199/296/187 231/330/219
f 229/332/221 197/298/189 198/297/188 230/331/220
f 228/333/222 196/299/190 197/298/189 229/332/221
f 227/334/223 195/300/191 196/299/190 228/333/222
f 226/335/224 194/301/192 195/300/191 227/334/223
f 193/302/193 194/301/192 226/335/224 225/336/225
f 6/303/194 193/302/193 225/336/225 7/337/226
f 287/338/227 255/339/195 256/80/13 288/79/15
f 286/340/228 254/341/196 255/339/195 287/338/227
f 285/342/229 253/343/197 254/341/196 286/340/228
f 284/344/230 252/345/198 253/343/197 285/342/229
f 283/346/231 251/347/199 252/345/198 284/344/230
f 282/348/232 250/349/200 251/347/199 283/346/231
f 281/350/233 249/351/201 250/349/200 282/348/232
f 280/352/234 248/353/202 249/351/201 281/350/233
f 279/354/235 247/355/203 248/353/202 280/352/234
f 278/356/236 246/357/204 247/355/203 279/354/235
f 277/358/237 245/359/205 246/357/204 278/356/236
f 276/360/238 244/315/206 245/314/205 277/361/237
f 275/362/239 243/316/207 244/315/206 276/360/238
f 274/363/240 242/317/208 243/316/207 275/362/239
f 273/364/241 241/365/209 242/366/208 274/367/240
f 272/368/242 240/369/210 241/365/209 273/364/241
f 271/370/243 239/371/211 240/369/210 272/368/242
f 270/372/244 238/373/212 239/371/211 271/370/243
f 269/374/245 237/375/213 238/373/212 270/372/244
f 268/376/246 236/377/214 237/375/213 269/374/245
f 267/378/247 235/379/215 236/377/214 268/376/246
f 266/380/248 234/381/216 235/379/215 267/378/247
f 265/382/249 233/383/217 234/381/216 266/380/248
f 264/384/250 232/385/218 233/383/217 265/382/249
f 263/386/251 231/387/219 232/385/218 264/384/250
f 262/388/252 230/389/220 231/387/219 263/386/251
f 261/390/253 229/391/221 230/389/220 262/388/252
f 260/392/254 228/393/222 229/391/221 261/390/253
f 259/394/255 227/395/223 228/393/222 260/392/254
f 258/396/256 226/397/224 227/395/223 259/394/255
f 225/398/225 226/397/224 258/396/256 257/399/257
f 7/400/226 225/398/225 257/399/257 8/401/258
f 319/402/259 287/338/227 288/79/15 320/83/17
f 318/403/260 286/340/228 287/338/227 319/402/259
f 317/404/261 285/342/229 286/340/228 318/403/260
f 316/405/262 284/344/230 285/342/229 317/404/261
f 315/406/263 283/346/231 284/344/230 316/405/262
f 314/407/264 282/348/232 283/346/231 315/406/263
f 313/408/265 281/350/233 282/348/232 314/407/264
f 312/409/266 280/352/234 281/350/233 313/408/265
f 311/410/267 279/354/235 280/352/234 312/409/266
f 310/411/268 278/356/236 279/354/235 311/410/267
f 309/412/269 277/358/237 278/356/236 310/411/268
f 308/413/270 276/414/238 277/358/237 309/412/269
f 307/415/271 275/416/239 276/414/238 308/413/270
f 306/417/272 274/367/240 275/416/239 307/415/271
f 305/418/273 273/364/241 274/367/240 306/417/272
f 304/419/274 272/368/242 273/364/241 305/418/273
f 303/420/275 271/370/243 272/368/242 304/419/274
f 302/421/276 270/372/244 271/370/243 303/420/275
f 301/422/277 269/374/245 270/372/244 302/421/276
f 300/423/278 268/376/246 269/374/245 301/422/277
f 299/424/279 267/378/247 268/376/246 300/423/278
f 298/425/280 266/380/248 267/378/247 299/424/279
f 297/426/281 265/382/249 266/380/248 298/425/280
f 296/427/282 264/384/250 265/382/249 297/426/281
f 295/428/283 263/386/251 264/384/250 296/427/282
f 294/429/284 262/388/252 263/386/251 295/428/283
f 293/430/285 261/390/253 262/388/252 294/429/284
f 292/431/286 260/392/254 261/390/253 293/430/285
f 291/432/287 259/394/255 260/392/254 292/431/286
f 290/433/288 258/396/256 259/394/255 291/432/287
f 257/399/257 258/396/256 290/433/288 289/434/289
f 8/401/258 257/399/257 289/434/289 9/435/290
f 351/436/291 319/402/259 320/83/17 352/85/19
f 350/437/292 318/403/260 319/402/259 351/436/291
f 349/438/293 317/404/261 318/403/260 350/437/292
f 348/439/294 316/405/262 317/404/261 349/438/293
f 347/440/295 315/406/263 316/405/262 348/439/294
f 346/441/296 314/407/264 315/406/263 347/440/295
f 345/442/297 313/408/265 314/407/264 346/441/296
f 344/443/298 312/409/266 313/408/265 345/442/297
f 343/444/299 311/410/267 312/409/266 344/443/298
f 342/445/300 310/411/268 311/410/267 343/444/299
f 341/446/301 309/412/269 310/411/268 342/445/300
f 340/447/302 308/413/270 309/412/269 341/446/301
f 339/448/303 307/415/271 308/413/270 340/447/302
f 338/449/304 306/417/272 307/415/271 339/448/303
f 337/450/305 305/418/273 306/417/272 338/449/304
f 336/451/306 304/419/274 305/418/273 337/450/305
f 335/452/307 303/420/275 304/419/274 336/451/306
f 334/453/308 302/421/276 303/420/275 335/452/307
f 333/454/309 301/422/277 302/421/276 334/453/308
f 332/455/310 300/423/278 301/422/277 333/454/309
f 331/456/311 299/424/279 300/423/278 332/455/310
f 330/457/312 298/425/280 299/424/279 331/456/311
f 329/458/313 297/426/281 298/425/280 330/457/312
f 328/459/314 296/427/282 297/426/281 329/458/313
f 327/460/315 295/428/283 296/427/282 328/459/314
f 326/461/316 294/429/284 295/428/283 327/460/315
f 325/462/317 293/430/285 294/429/284 326/461/316
f 324/463/318 292/431/286 293/430/285 325/462/317
f 323/464/319 291/432/287 292/431/286 324/463/318
f 322/465/320 290/433/288 291/432/287 323/464/319
f 289/434/289 290/433/288 322/465/320 321/466/321
f 9/435/290 289/434/289 321/466/321 10/467/322
f 383/468/323 351/436/291 352/85/19 384/87/21
f 382/469/324 350/437/292 351/436/291 383/468/323
f 381/470/325 349/438/293 350/437/292 382/469/324
f 380/471/326 348/439/294 349/438/293 381/470/325
f 379/472/327 347/440/295 348/439/294 380/471/326
f 378/473/328 346/441/296 347/440/295 379/472/327
f 377/474/329 345/442/297 346/441/296 378/473/328
f 376/475/330 344/443/298 345/442/297 377/474/329
f 375/476/331 343/444/299 344/443/298 376/475/330
f 374/477/332 342/445/300 343/444/299 375/476/331
f 373/478/333 341/446/301 342/445/300 374/477/332
f 372/479/334 340/447/302 341/446/301 373/478/333
f 371/480/335 339/448/303 340/447/302 372/479/334
f 370/481/336 338/449/304 339/448/303 371/480/335
f 369/482/337 337/450/305 338/449/304 370/481/336
f 368/483/338 336/451/306 337/450/305 369/482/337
f 367/484/339 335/452/307 336/451/306 368/483/338
f 366/485/340 334/453/308 335/452/307 367/484/339
f 365/486/341 333/454/309 334/453/308 366/485/340
f 364/487/342 332/455/310 333/454/309 365/486/341
f 363/488/343 331/456/311 332/455/310 364/487/342
f 362/489/344 330/457/312 331/456/311 363/488/343
f 361/490/345 329/458/313 330/457/312 362/489/344
f 360/491/346 328/459/314 329/458/313 361/490/345
f 359/492/347 327/460/315 328/459/314 360/491/346
f 358/493/348 326/461/316 327/460/315 359/492/347
f 357/494/349 325/462/317 326/461/316 358/493/348
f 356/495/350 324/463/318 325/462/317 357/494/349
f 355/496/351 323/464/319 324/463/318 356/495/350
f 354/497/352 322/465/320 323/464/319 355/496/351
f 321/466/321 322/465/320 354/497/352 353/498/353
f 10/467/322 321/466/321 353/498/353 11/499/354
f 415/500/355 383/501/323 384/90/21 416/89/23
f 414/502/356 382/503/324 383/501/323 415/500/355
f 413/504/357 381/505/325 382/503/324 414/502/356
f 412/506/358 380/507/326 381/505/325 413/504/357
f 411/508/359 379/509/327 380/507/326 412/506/358
f 410/510/360 378/511/328 379/509/327 411/508/359
f 409/512/361 377/513/329 378/511/328 410/510/360
f 408/514/362 376/515/330 377/513/329 409/512/361
f 407/516/363 375/517/331 376/515/330 408/514/362
f 406/518/364 374/519/332 375/517/331 407/516/363
f 405/520/365 373/521/333 374/519/332 406/518/364
f 404/522/366 372/523/334 373/521/333 405/520/365
f 403/524/367 371/525/335 372/523/334 404/522/366
f 402/526/368 370/527/336 371/528/335 403/529/367
f 401/530/369 369/531/337 370/527/336 402/526/368
f 400/532/370 368/533/338 369/531/337 401/530/369
f 399/534/371 367/535/339 368/533/338 400/532/370
f 398/536/372 366/537/340 367/535/339 399/534/371
f 397/538/373 365/539/341 366/537/340 398/536/372
f 396/540/374 364/541/342 365/539/341 397/538/373
f 395/542/375 363/543/343 364/541/342 396/540/374
f 394/544/376 362/545/344 363/543/343 395/542/375
f 393/546/377 361/547/345 362/545/344 394/544/376
f 392/548/378 360/549/346 361/547/345 393/546/377
f 391/550/379 359/551/347 360/549/346 392/548/378
f 390/552/380 358/553/348 359/551/347 391/550/379
f 389/554/381 357/555/349 358/553/348 390/552/380
f 388/556/382 356/557/350 357/555/349 389/554/381
f 387/558/383 355/559/351 356/557/350 388/556/382
f 386/560/384 354/561/352 355/559/351 387/558/383
f 353/562/353 354/561/352 386/560/384 385/563/385
f 11/564/354 353/562/353 385/563/385 12/565/386
f 447/566/387 415/500/355 416/89/23 448/93/25
f 446/567/388 414/502/356 415/500/355 447/566/387
f 445/568/389 413/504/357 414/502/356 446/567/388
f 444/569/390 412/506/358 413/504/357 445/568/389
f 443/570/391 411/508/359 412/506/358 444/569/390
f 442/571/392 410/510/360 411/508/359 443/570/391
f 441/572/393 409/512/361 410/510/360 442/571/392
f 440/573/394 408/514/362 409/512/361 441/572/393
f 439/574/395 407/516/363 408/514/362 440/573/394
f 438/575/396 406/518/364 407/516/363 439/574/395
f 437/576/397 405/520/365 406/518/364 438/575/396
f 436/577/398 404/522/366 405/520/365 437/576/397
f 435/578/399 403/524/367 404/522/366 436/577/398
f 434/579/400 402/580/368 403/524/367 435/578/399
f 433/581/401 401/582/369 402/580/368 434/579/400
f 432/583/402 400/532/370 401/530/369 433/584/401
f 431/585/403 399/534/371 400/532/370 432/583/402
f 430/586/404 398/536/372 399/534/371 431/585/403
f 429/587/405 397/538/373 398/536/372 430/586/404
f 428/588/406 396/540/374 397/538/373 429/587/405
f 427/589/407 395/542/375 396/540/374 428/588/406
f 426/590/408 394/544/376 395/542/375 427/589/407
f 425/591/409 393/546/377 394/544/376 426/590/408
f 424/592/410 392/548/378 393/546/377 425/591/409
f 423/593/411 391/550/379 392/548/378 424/592/410
f 422/594/412 390/552/380 391/550/379 423/593/411
f 421/595/413 389/554/381 390/552/380 422/594/412
f 420/596/414 388/556/382 389/554/381 421/595/413
f 419/597/415 387/558/383 388/556/382 420/596/414
f 418/598/416 386/560/384 387/558/383 419/597/415
f 385/563/385 386/560/384 418/598/416 417/599/417
f 12/565/386 385/563/385 417/599/417 13/600/418
f 479/601/419 447/566/387 448/93/25 480/95/27
f 478/602/420 446/567/388 447/566/387 479/601/419
f 477/603/421 445/568/389 446/567/388 478/602/420
f 476/604/422 444/569/390 445/568/389 477/603/421
f 475/605/423 443/570/391 444/569/390 476/604/422
f 474/606/424 442/571/392 443/570/391 475/605/423
f 473/607/425 441/572/393 442/571/392 474/606/424
f 472/608/426 440/573/394 441/572/393 473/607/425
f 471/609/427 439/574/395 440/573/394 472/608/426
f 470/610/428 438/575/396 439/574/395 471/609/427
f 469/611/429 437/576/397 438/575/396 470/610/428
f 468/612/430 436/577/398 437/576/397 469/611/429
f 467/613/431 435/578/399 436/577/398 468/612/430
f 466/614/432 434/579/400 435/578/399 467/613/431
f 465/615/433 433/581/401 434/579/400 466/614/432
f 464/616/434 432/617/402 433/581/401 465/615/433
f 463/618/435 431/585/403 432/583/402 464/619/434
f 462/620/436 430/586/404 431/585/403 463/618/435
f 461/621/437 429/587/405 430/586/404 462/620/436
f 460/622/438 428/588/406 429/587/405 461/621/437
f 459/623/439 427/589/407 428/588/406 460/622/438
f 458/624/440 426/590/408 427/589/407 459/623/439
f 457/625/441 425/591/409 426/590/408 458/624/440
f 456/626/442 424/592/410 425/591/409 457/625/441
f 455/627/443 423/593/411 424/592/410 456/626/442
f 454/628/444 422/594/412 423/593/411 455/627/443
f 453/629/445 421/595/413 422/594/412 454/628/444
f 452/630/446 420/596/414 421/595/413 453/629/445
f 451/631/447 419/597/415 420/596/414 452/630/446
f 450/632/448 418/598/416 419/597/415 451/631/447
f 417/599/417 418/598/416 450/632/448 449/633/449
f 13/600/418 417/599/417 449/633/449 14/634/450
f 511/635/451 479/601/419 480/95/27 512/97/29
f 510/636/452 478/602/420 479/601/419 511/635/451
f 509/637/453 477/603/421 478/602/420 510/636/452
f 508/638/454 476/604/422 477/603/421 509/637/453
f 507/639/455 475/605/423 476/604/422 508/638/454
f 506/640/456 474/606/424 475/605/423 507/639/455
f 505/641/457 473/607/425 474/606/424 506/640/456
f 504/642/458 472/608/426 473/607/425 505/641/457
f 503/643/459 471/609/427 472/608/426 504/642/458
f 502/644/460 470/610/428 471/609/427 503/643/459
f 501/645/461 469/611/429 470/610/428 502/644/460
f 500/646/462 468/612/430 469/611/429 501/645/461
f 499/647/463 467/613/431 468/612/430 500/646/462
f 498/648/464 466/614/432 467/613/431 499/647/463
f 497/649/465 465/615/433 466/614/432 498/648/464
f 496/650/466 464/616/434 465/615/433 497/649/465
f 495/651/467 463/652/435 464/616/434 496/650/466
f 494/653/468 462/654/436 463/652/435 495/651/467
f 493/655/469 461/621/437 462/620/436 494/656/468
f 492/657/470 460/622/438 461/621/437 493/655/469
f 491/658/471 459/623/439 460/622/438 492/657/470
f 490/659/472 458/624/440 459/623/439 491/658/471
f 489/660/473 457/625/441 458/624/440 490/659/472
f 488/661/474 456/626/442 457/625/441 489/660/473
f 487/662/475 455/627/443 456/626/442 488/661/474
f 486/663/476 454/628/444 455/627/443 487/662/475
f 485/664/477 453/629/445 454/628/444 486/663/476
f 484/665/478 452/630/446 453/629/445 485/664/477
f 483/666/479 451/631/447 452/630/446 484/665/478
f 482/667/480 450/632/448 451/631/447 483/666/479
f 449/633/449 450/632/448 482/667/480 481/668/481
f 14/634/450 449/633/449 481/668/481 15/669/482
f 543/670/483 511/671/451 512/100/29 544/99/31
f 542/672/484 510/673/452 511/671/451 543/670/483
f 541/674/485 509/675/453 510/673/452 542/672/484
f 540/676/486 508/677/454 509/675/453 541/674/485
f 539/678/487 507/679/455 508/677/454 540/676/486
f 538/680/488 506/681/456 507/679/455 539/678/487
f 537/682/489 505/683/457 506/681/456 538/680/488
f 536/684/490 504/685/458 505/683/457 537/682/489
f 535/686/491 503/687/459 504/685/458 536/684/490
f 534/688/492 502/689/460 503/687/459 535/686/491
f 533/690/493 501/691/461 502/689/460 534/688/492
f 532/692/494 500/693/462 501/691/461 533/690/493
f 531/694/495 499/695/463 500/693/462 532/692/494
f 530/696/496 498/697/464 499/695/463 531/694/495
f 529/698/497 497/699/465 498/697/464 530/696/496
f 528/700/498 496/701/466 497/699/465 529/698/497
f 527/702/499 495/703/467 496/701/466 528/700/498
f 526/704/500 494/705/468 495/703/467 527/702/499
f 525/706/501 493/707/469 494/705/468 526/704/500
f 524/708/502 492/709/470 493/707/469 525/706/501
f 523/710/503 491/711/471 492/709/470 524/708/502
f 522/712/504 490/713/472 491/711/471 523/710/503
f 521/714/505 489/715/473 490/713/472 522/712/504
f 520/716/506 488/717/474 489/715/473 521/714/505
f 519/718/507 487/719/475 488/717/474 520/716/506
f 518/720/508 486/721/476 487/719/475 519/718/507
f 517/722/509 485/723/477 486/721/476 518/720/508
f 516/724/510 484/725/478 485/723/477 517/722/509
f 515/726/511 483/727/479 484/725/478 516/724/510
f 514/728/512 482/729/480 483/727/479 515/726/511
f 481/730/481 482/729/480 514/728/512 513/731/513
f 15/732/482 481/730/481 513/731/513 16/733/514
f 575/734/515 543/670/483 544/99/31 576/103/33
f 574/735/516 542/672/484 543/670/483 575/734/515
f 573/736/517 541/674/485 542/672/484 574/735/516
f 572/737/518 540/676/486 541/674/485 573/736/517
f 571/738/519 539/678/487 540/676/486 572/737/518
f 570/739/520 538/680/488 539/678/487 571/738/519
f 569/740/521 537/682/489 538/680/488 570/739/520
f 568/741/522 536/684/490 537/682/489 569/740/521
f 567/742/523 535/686/491 536/684/490 568/741/522
f 566/743/524 534/688/492 535/686/491 567/742/523
f 565/744/525 533/690/493 534/688/492 566/743/524
f 564/745/526 532/692/494 533/690/493 565/744/525
f 563/746/527 531/694/495 532/692/494 564/745/526
f 562/747/528 530/696/496 531/694/495 563/746/527
f 561/748/529 529/698/497 530/696/496 562/747/528
f 560/749/530 528/700/498 529/698/497 561/748/529
f 559/750/531 527/702/499 528/700/498 560/749/530
f 558/751/532 526/704/500 527/702/499 559/750/531
f 557/752/533 525/706/501 526/704/500 558/751/532
f 556/753/534 524/708/502 525/706/501 557/752/533
f 555/754/535 523/710/503 524/708/502 556/753/534
f 554/755/536 522/712/504 523/710/503 555/754/535
f 553/756/537 521/714/505 522/712/504 554/755/536
f 552/757/538 520/716/506 521/714/505 553/756/537
f 551/758/539 519/718/507 520/716/506 552/757/538
f 550/759/540 518/720/508 519/718/507 551/758/539
f 549/760/541 517/722/509 518/720/508 550/759/540
f 548/761/542 516/724/510 517/722/509 549/760/541
f 547/762/543 515/726/511 516/724/510 548/761/542
f 546/763/544 514/728/512 515/726/511 547/762/543
f 513/731/513 514/728/512 546/763/544 545/764/545
f 16/733/514 513/731/513 545/764/545 1/765/546
f 66/106/36 575/734/515 576/103/33 65/66/4
f 67/108/38 574/735/516 575/734/515 66/106/36
f 68/110/40 573/736/517 574/735/516 67/108/38
f 69/112/42 572/737/518 573/736/517 68/110/40
f 70/114/44 571/738/519 572/737/518 69/112/42
f 71/116/46 570/739/520 571/738/519 70/114/44
f 72/118/48 569/740/521 570/739/520 71/116/46
f 73/120/50 568/741/522 569/740/521 72/118/48
f 74/122/52 567/742/523 568/741/522 73/120/50
f 75/124/54 566/743/524 567/742/523 74/122/52
f 76/126/56 565/744/525 566/743/524 75/124/54
f 77/128/58 564/745/526 565/744/525 76/126/56
f 78/130/60 563/746/527 564/745/526 77/128/58
f 79/132/62 562/747/528 563/746/527 78/130/60
f 80/134/64 561/748/529 562/747/528 79/132/62
f 81/136/66 560/749/530 561/748/529 80/134/64
f 82/138/68 559/750/531 560/749/530 81/136/66
f 83/140/70 558/751/532 559/750/531 82/138/68
f 84/142/72 557/752/533 558/751/532 83/140/70
f 85/144/74 556/753/534 557/752/533 84/142/72
f 86/146/76 555/754/535 556/753/534 85/144/74
f 87/148/78 554/755/536 555/754/535 86/146/76
f 88/150/80 553/756/537 554/755/536 87/148/78
f 89/152/82 552/757/538 553/756/537 88/150/80
f 90/154/84 551/758/539 552/757/538 89/152/82
f 91/156/86 550/759/540 551/758/539 90/154/84
f 92/158/88 549/760/541 550/759/540 91/156/86
f 93/160/90 548/761/542 549/760/541 92/158/88
f 94/162/92 547/762/543 548/761/542 93/160/90
f 95/164/94 546/763/544 547/762/543 94/162/92
f 545/764/545 546/763/544 95/164/94 96/165/95
f 1/765/546 545/764/545 96/165/95 2/167/97
f 640/766/547 577/767/548 47/768/549 46/769/550
f 672/770/551 640/771/547 46/772/550 45/773/552
f 704/774/553 672/770/551 45/773/552 44/775/554
f 736/776/555 704/774/553 44/775/554 43/777/556
f 768/778/557 736/776/555 43/777/556 42/779/558
f 800/780/559 768/781/557 42/782/558 41/783/560
f 832/784/561 800/780/559 41/783/560 40/785/562
f 864/786/563 832/784/561 40/785/562 39/787/564
f 896/788/565 864/786/563 39/787/564 38/789/566
f 928/790/567 896/791/565 38/792/566 37/793/568
f 960/794/569 928/790/567 37/793/568 36/795/570
f 992/796/571 960/794/569 36/795/570 35/797/572
f 1024/798/573 992/796/571 35/797/572 34/799/574
f 1056/800/575 1024/801/573 34/802/574 33/803/576
f 1088/804/577 1056/800/575 33/803/576 48/805/578
f 577/767/548 1088/804/577 48/805/578 47/768/549
f 639/806/579 578/807/580 577/767/548 640/766/547
f 638/808/581 579/809/582 578/807/580 639/806/579
f 637/810/583 580/811/584 579/809/582 638/808/581
f 636/812/585 581/813/586 580/811/584 637/810/583
f 635/814/587 582/815/588 581/813/586 636/812/585
f 634/816/589 583/817/590 582/815/588 635/814/587
f 633/818/591 584/819/592 583/817/590 634/816/589
f 632/820/593 585/821/594 584/819/592 633/818/591
f 631/822/595 586/823/596 585/821/594 632/820/593
f 630/824/597 587/825/598 586/823/596 631/822/595
f 629/826/599 588/827/600 587/825/598 630/824/597
f 628/828/601 589/829/602 588/827/600 629/826/599
f 627/830/603 590/831/604 589/829/602 628/828/601
f 626/832/605 591/833/606 590/831/604 627/830/603
f 625/834/607 592/835/608 591/833/606 626/832/605
f 624/836/609 593/837/610 592/835/608 625/834/607
f 623/838/611 594/839/612 593/837/610 624/836/609
f 622/840/613 595/841/614 594/839/612 623/838/611
f 621/842/615 596/843/616 595/841/614 622/840/613
f 620/844/617 597/845/618 596/843/616 621/842/615
f 619/846/619 598/847/620 597/845/618 620/844/617
f 618/848/621 599/849/622 598/847/620 619/846/619
f 617/850/623 600/851/624 599/849/622 618/848/621
f 616/852/625 601/853/626 600/851/624 617/850/623
f 615/854/627 602/855/628 601/853/626 616/852/625
f 614/856/629 603/857/630 602/855/628 615/854/627
f 613/858/631 604/859/632 603/857/630 614/856/629
f 612/860/633 605/861/634 604/859/632 613/858/631
f 611/862/635 606/863/636 605/861/634 612/860/633
f 610/864/637 607/865/638 606/863/636 611/862/635
f 608/866/639 607/865/638 610/864/637 609/867/640
f 18/868/641 608/866/639 609/867/640 19/869/642
f 671/870/643 639/871/579 640/771/547 672/770/551
f 670/872/644 638/873/581 639/871/579 671/870/643
f 669/874/645 637/875/583 638/873/581 670/872/644
f 668/876/646 636/877/585 637/875/583 669/874/645
f 667/878/647 635/879/587 636/877/585 668/876/646
f 666/880/648 634/881/589 635/879/587 667/878/647
f 665/882/649 633/883/591 634/881/589 666/880/648
f 664/884/650 632/885/593 633/883/591 665/882/649
f 663/886/651 631/887/595 632/885/593 664/884/650
f 662/888/652 630/824/597 631/822/595 663/889/651
f 661/890/653 629/826/599 630/824/597 662/888/652
f 660/891/654 628/828/601 629/826/599 661/890/653
f 659/892/655 627/830/603 628/828/601 660/891/654
f 658/893/656 626/832/605 627/830/603 659/892/655
f 657/894/657 625/834/607 626/832/605 658/893/656
f 656/895/658 624/836/609 625/834/607 657/894/657
f 655/896/659 623/838/611 624/836/609 656/895/658
f 654/897/660 622/898/613 623/899/611 655/900/659
f 653/901/661 621/902/615 622/898/613 654/897/660
f 652/903/662 620/904/617 621/902/615 653/901/661
f 651/905/663 619/906/619 620/904/617 652/903/662
f 650/907/664 618/908/621 619/906/619 651/905/663
f 649/909/665 617/910/623 618/908/621 650/907/664
f 648/911/666 616/912/625 617/910/623 649/909/665
f 647/913/667 615/914/627 616/912/625 648/911/666
f 646/915/668 614/916/629 615/914/627 647/913/667
f 645/917/669 613/918/631 614/916/629 646/915/668
f 644/919/670 612/920/633 613/918/631 645/917/669
f 643/921/671 611/922/635 612/920/633 644/919/670
f 642/923/672 610/924/637 611/922/635 643/921/671
f 609/867/640 610/864/637 642/925/672 641/926/673
f 19/869/642 609/867/640 641/926/673 20/927/674
f 703/928/675 671/870/643 672/770/551 704/774/553
f 702/929/676 670/872/644 671/870/643 703/928/675
f 701/930/677 669/874/645 670/872/644 702/929/676
f 700/931/678 668/876/646 669/874/645 701/930/677
f 699/932/679 667/878/647 668/876/646 700/931/678
f 698/933/680 666/880/648 667/878/647 699/932/679
f 697/934/681 665/882/649 666/880/648 698/933/680
f 696/935/682 664/884/650 665/882/649 697/934/681
f 695/936/683 663/886/651 664/884/650 696/935/682
f 694/937/684 662/938/652 663/886/651 695/936/683
f 693/939/685 661/940/653 662/938/652 694/937/684
f 692/941/686 660/942/654 661/940/653 693/939/685
f 691/943/687 659/944/655 660/942/654 692/941/686
f 690/945/688 658/946/656 659/944/655 691/943/687
f 689/947/689 657/948/657 658/946/656 690/945/688
f 688/949/690 656/950/658 657/951/657 689/952/689
f 687/953/691 655/900/659 656/950/658 688/949/690
f 686/954/692 654/897/660 655/900/659 687/953/691
f 685/955/693 653/901/661 654/897/660 686/954/692
f 684/956/694 652/903/662 653/901/661 685/955/693
f 683/957/695 651/905/663 652/903/662 684/956/694
f 682/958/696 650/907/664 651/905/663 683/957/695
f 681/959/697 649/909/665 650/907/664 682/958/696
f 680/960/698 648/911/666 649/909/665 681/959/697
f 679/961/699 647/913/667 648/911/666 680/960/698
f 678/962/700 646/915/668 647/913/667 679/961/699
f 677/963/701 645/917/669 646/915/668 678/962/700
f 676/964/702 644/919/670 645/917/669 677/963/701
f 675/965/703 643/921/671 644/919/670 676/964/702
f 674/966/704 642/923/672 643/921/671 675/965/703
f 641/967/673 642/923/672 674/966/704 673/968/705
f 20/969/674 641/967/673 673/968/705 21/970/706
f 735/971/707 703/928/675 704/774/553 736/776/555
f 734/972/708 702/929/676 703/928/675 735/971/707
f 733/973/709 701/930/677 702/929/676 734/972/708
f 732/974/710 700/931/678 701/930/677 733/973/709
f 731/975/711 699/932/679 700/931/678 732/974/710
f 730/976/712 698/933/680 699/932/679 731/975/711
f 729/977/713 697/934/681 698/933/680 730/976/712
f 728/978/714 696/935/682 697/934/681 729/977/713
f 727/979/715 695/936/683 696/935/682 728/978/714
f 726/980/716 694/937/684 695/936/683 727/979/715
f 725/981/717 693/939/685 694/937/684 726/980/716
f 724/982/718 692/941/686 693/939/685 725/981/717
f 723/983/719 691/943/687 692/941/686 724/982/718
f 722/984/720 690/945/688 691/943/687 723/983/719
f 721/985/721 689/947/689 690/945/688 722/984/720
f 720/986/722 688/987/690 689/947/689 721/985/721
f 719/988/723 687/989/691 688/987/690 720/986/722
f 718/990/724 686/954/692 687/953/691 719/991/723
f 717/992/725 685/955/693 686/954/692 718/990/724
f 716/993/726 684/956/694 685/955/693 717/992/725
f 715/994/727 683/957/695 684/956/694 716/993/726
f 714/995/728 682/958/696 683/957/695 715/994/727
f 713/996/729 681/959/697 682/958/696 714/995/728
f 712/997/730 680/960/698 681/959/697 713/996/729
f 711/998/731 679/961/699 680/960/698 712/997/730
f 710/999/732 678/962/700 679/961/699 711/998/731
f 709/1000/733 677/963/701 678/962/700 710/999/732
f 708/1001/734 676/964/702 677/963/701 709/1000/733
f 707/1002/735 675/965/703 676/964/702 708/1001/734
f 706/1003/736 674/966/704 675/965/703 707/1002/735
f 673/968/705 674/966/704 706/1003/736 705/1004/737
f 21/970/706 673/968/705 705/1004/737 22/1005/738
f 767/1006/739 735/971/707 736/776/555 768/778/557
f 766/1007/740 734/972/708 735/971/707 767/1006/739
f 765/1008/741 733/973/709 734/972/708 766/1007/740
f 764/1009/742 732/974/710 733/973/709 765/1008/741
f 763/1010/743 731/975/711 732/974/710 764/1009/742
f 762/1011/744 730/976/712 731/975/711 763/1010/743
f 761/1012/745 729/977/713 730/976/712 762/1011/744
f 760/1013/746 728/978/714 729/977/713 761/1012/745
f 759/1014/747 727/979/715 728/978/714 760/1013/746
f 758/1015/748 726/980/716 727/979/715 759/1014/747
f 757/1016/749 725/981/717 726/980/716 758/1015/748
f 756/1017/750 724/982/718 725/981/717 757/1016/749
f 755/1018/751 723/983/719 724/982/718 756/1017/750
f 754/1019/752 722/984/720 723/983/719 755/1018/751
f 753/1020/753 721/985/721 722/984/720 754/1019/752
f 752/1021/754 720/986/722 721/985/721 753/1020/753
f 751/1022/755 719/988/723 720/986/722 752/1021/754
f 750/1023/756 718/1024/724 719/988/723 751/1022/755
f 749/1025/757 717/1026/725 718/1024/724 750/1023/756
f 748/1027/758 716/993/726 717/992/725 749/1028/757
f 747/1029/759 715/994/727 716/993/726 748/1027/758
f 746/1030/760 714/995/728 715/994/727 747/1029/759
f 745/1031/761 713/996/729 714/995/728 746/1030/760
f 744/1032/762 712/997/730 713/996/729 745/1031/761
f 743/1033/763 711/998/731 712/997/730 744/1032/762
f 742/1034/764 710/999/732 711/998/731 743/1033/763
f 741/1035/765 709/1000/733 710/999/732 742/1034/764
f 740/1036/766 708/1001/734 709/1000/733 741/1035/765
f 739/1037/767 707/1002/735 708/1001/734 740/1036/766
f 738/1038/768 706/1003/736 707/1002/735 739/1037/767
f 705/1004/737 706/1003/736 738/1038/768 737/1039/769
f 22/1005/738 705/1004/737 737/1039/769 23/1040/770
f 799/1041/771 767/1042/739 768/781/557 800/780/559
f 798/1043/772 766/1044/740 767/1042/739 799/1041/771
f 797/1045/773 765/1046/741 766/1044/740 798/1043/772
f 796/1047/774 764/1048/742 765/1046/741 797/1045/773
f 795/1049/775 763/1050/743 764/1048/742 796/1047/774
f 794/1051/776 762/1052/744 763/1050/743 795/1049/775
f 793/1053/777 761/1054/745 762/1052/744 794/1051/776
f 792/1055/778 760/1056/746 761/1054/745 793/1053/777
f 791/1057/779 759/1058/747 760/1056/746 792/1055/778
f 790/1059/780 758/1060/748 759/1058/747 791/1057/779
f 789/1061/781 757/1016/749 758/1015/748 790/1062/780
f 788/1063/782 756/1017/750 757/1016/749 789/1061/781
f 787/1064/783 755/1018/751 756/1017/750 788/1063/782
f 786/1065/784 754/1019/752 755/1018/751 787/1064/783
f 785/1066/785 753/1020/753 754/1019/752 786/1065/784
f 784/1067/786 752/1021/754 753/1020/753 785/1066/785
f 783/1068/787 751/1069/755 752/1070/754 784/1071/786
f 782/1072/788 750/1073/756 751/1069/755 783/1068/787
f 781/1074/789 749/1075/757 750/1073/756 782/1072/788
f 780/1076/790 748/1077/758 749/1075/757 781/1074/789
f 779/1078/791 747/1079/759 748/1077/758 780/1076/790
f 778/1080/792 746/1081/760 747/1079/759 779/1078/791
f 777/1082/793 745/1083/761 746/1081/760 778/1080/792
f 776/1084/794 744/1085/762 745/1083/761 777/1082/793
f 775/1086/795 743/1087/763 744/1085/762 776/1084/794
f 774/1088/796 742/1089/764 743/1087/763 775/1086/795
f 773/1090/797 741/1091/765 742/1089/764 774/1088/796
f 772/1092/798 740/1093/766 741/1091/765 773/1090/797
f 771/1094/799 739/1095/767 740/1093/766 772/1092/798
f 770/1096/800 738/1097/768 739/1095/767 771/1094/799
f 737/1098/769 738/1097/768 770/1096/800 769/1099/801
f 23/1100/770 737/1098/769 769/1099/801 24/1101/802
f 831/1102/803 799/1041/771 800/780/559 832/784/561
f 830/1103/804 798/1043/772 799/1041/771 831/1102/803
f 829/1104/805 797/1045/773 798/1043/772 830/1103/804
f 828/1105/806 796/1047/774 797/1045/773 829/1104/805
f 827/1106/807 795/1049/775 796/1047/774 828/1105/806
f 826/1107/808 794/1051/776 795/1049/775 827/1106/807
f 825/1108/809 793/1053/777 794/1051/776 826/1107/808
f 824/1109/810 792/1055/778 793/1053/777 825/1108/809
f 823/1110/811 791/1057/779 792/1055/778 824/1109/810
f 822/1111/812 790/1059/780 791/1057/779 823/1110/811
f 821/1112/813 789/1113/781 790/1059/780 822/1111/812
f 820/1114/814 788/1115/782 789/1113/781 821/1112/813
f 819/1116/815 787/1117/783 788/1115/782 820/1114/814
f 818/1118/816 786/1119/784 787/1117/783 819/1116/815
f 817/1120/817 785/1121/785 786/1119/784 818/1118/816
f 816/1122/818 784/1071/786 785/1121/785 817/1120/817
f 815/1123/819 783/1068/787 784/1071/786 816/1122/818
f 814/1124/820 782/1072/788 783/1068/787 815/1123/819
f 813/1125/821 781/1074/789 782/1072/788 814/1124/820
f 812/1126/822 780/1076/790 781/1074/789 813/1125/821
f 811/1127/823 779/1078/791 780/1076/790 812/1126/822
f 810/1128/824 778/1080/792 779/1078/791 811/1127/823
f 809/1129/825 777/1082/793 778/1080/792 810/1128/824
f 808/1130/826 776/1084/794 777/1082/793 809/1129/825
f 807/1131/827 775/1086/795 776/1084/794 808/1130/826
f 806/1132/828 774/1088/796 775/1086/795 807/1131/827
f 805/1133/829 773/1090/797 774/1088/796 806/1132/828
f 804/1134/830 772/1092/798 773/1090/797 805/1133/829
f 803/1135/831 771/1094/799 772/1092/798 804/1134/830
f 802/1136/832 770/1096/800 771/1094/799 803/1135/831
f 769/1099/801 770/1096/800 802/1136/832 801/1137/833
f 24/1101/802 769/1099/801 801/1137/833 25/1138/834
f 863/1139/835 831/1102/803 832/784/561 864/786/563
f 862/1140/836 830/1103/804 831/1102/803 863/1139/835
f 861/1141/837 829/1104/805 830/1103/804 862/1140/836
f 860/1142/838 828/1105/806 829/1104/805 861/1141/837
f 859/1143/839 827/1106/807 828/1105/806 860/1142/838
f 858/1144/840 826/1107/808 827/1106/807 859/1143/839
f 857/1145/841 825/1108/809 826/1107/808 858/1144/840
f 856/1146/842 824/1109/810 825/1108/809 857/1145/841
f 855/1147/843 823/1110/811 824/1109/810 856/1146/842
f 854/1148/844 822/1111/812 823/1110/811 855/1147/843
f 853/1149/845 821/1112/813 822/1111/812 854/1148/844
f 852/1150/846 820/1114/814 821/1112/813 853/1149/845
f 851/1151/847 819/1116/815 820/1114/814 852/1150/846
f 850/1152/848 818/1118/816 819/1116/815 851/1151/847
f 849/1153/849 817/1120/817 818/1118/816 850/1152/848
f 848/1154/850 816/1122/818 817/1120/817 849/1153/849
f 847/1155/851 815/1123/819 816/1122/818 848/1154/850
f 846/1156/852 814/1124/820 815/1123/819 847/1155/851
f 845/1157/853 813/1125/821 814/1124/820 846/1156/852
f 844/1158/854 812/1126/822 813/1125/821 845/1157/853
f 843/1159/855 811/1127/823 812/1126/822 844/1158/854
f 842/1160/856 810/1128/824 811/1127/823 843/1159/855
f 841/1161/857 809/1129/825 810/1128/824 842/1160/856
f 840/1162/858 808/1130/826 809/1129/825 841/1161/857
f 839/1163/859 807/1131/827 808/1130/826 840/1162/858
f 838/1164/860 806/1132/828 807/1131/827 839/1163/859
f 837/1165/861 805/1133/829 806/1132/828 838/1164/860
f 836/1166/862 804/1134/830 805/1133/829 837/1165/861
f 835/1167/863 803/1135/831 804/1134/830 836/1166/862
f 834/1168/864 802/1136/832 803/1135/831 835/1167/863
f 801/1137/833 802/1136/832 834/1168/864 833/1169/865
f 25/1138/834 801/1137/833 833/1169/865 26/1170/866
f 895/1171/867 863/1139/835 864/786/563 896/788/565
f 894/1172/868 862/1140/836 863/1139/835 895/1171/867
f 893/1173/869 861/1141/837 862/1140/836 894/1172/868
f 892/1174/870 860/1142/838 861/1141/837 893/1173/869
f 891/1175/871 859/1143/839 860/1142/838 892/1174/870
f 890/1176/872 858/1144/840 859/1143/839 891/1175/871
f 889/1177/873 857/1145/841 858/1144/840 890/1176/872
f 888/1178/874 856/1146/842 857/1145/841 889/1177/873
f 887/1179/875 855/1147/843 856/1146/842 888/1178/874
f 886/1180/876 854/1148/844 855/1147/843 887/1179/875
f 885/1181/877 853/1149/845 854/1148/844 886/1180/876
f 884/1182/878 852/1150/846 853/1149/845 885/1181/877
f 883/1183/879 851/1151/847 852/1150/846 884/1182/878
f 882/1184/880 850/1152/848 851/1151/847 883/1183/879
f 881/1185/881 849/1153/849 850/1152/848 882/1184/880
f 880/1186/882 848/1154/850 849/1153/849 881/1185/881
f 879/1187/883 847/1155/851 848/1154/850 880/1186/882
f 878/1188/884 846/1156/852 847/1155/851 879/1187/883
f 877/1189/885 845/1157/853 846/1156/852 878/1188/884
f 876/1190/886 844/1158/854 845/1157/853 877/1189/885
f 875/1191/887 843/1159/855 844/1158/854 876/1190/886
f 874/1192/888 842/1160/856 843/1159/855 875/1191/887
f 873/1193/889 841/1161/857 842/1160/856 874/1192/888
f 872/1194/890 840/1162/858 841/1161/857 873/1193/889
f 871/1195/891 839/1163/859 840/1162/858 872/1194/890
f 870/1196/892 838/1164/860 839/1163/859 871/1195/891
f 869/1197/893 837/1165/861 838/1164/860 870/1196/892
f 868/1198/894 836/1166/862 837/1165/861 869/1197/893
f 867/1199/895 835/1167/863 836/1166/862 868/1198/894
f 866/1200/896 834/1168/864 835/1167/863 867/1199/895
f 833/1169/865 834/1168/864 866/1200/896 865/1201/897
f 26/1170/866 833/1169/865 865/1201/897 27/1202/898
f 927/1203/899 895/1204/867 896/791/565 928/790/567
f 926/1205/900 894/1206/868 895/1204/867 927/1203/899
f 925/1207/901 893/1208/869 894/1206/868 926/1205/900
f 924/1209/902 892/1210/870 893/1208/869 925/1207/901
f 923/1211/903 891/1212/871 892/1210/870 924/1209/902
f 922/1213/904 890/1214/872 891/1212/871 923/1211/903
f 921/1215/905 889/1216/873 890/1214/872 922/1213/904
f 920/1217/906 888/1218/874 889/1216/873 921/1215/905
f 919/1219/907 887/1220/875 888/1218/874 920/1217/906
f 918/1221/908 886/1222/876 887/1220/875 919/1219/907
f 917/1223/909 885/1224/877 886/1222/876 918/1221/908
f 916/1225/910 884/1226/878 885/1224/877 917/1223/909
f 915/1227/911 883/1228/879 884/1226/878 916/1225/910
f 914/1229/912 882/1230/880 883/1231/879 915/1232/911
f 913/1233/913 881/1234/881 882/1230/880 914/1229/912
f 912/1235/914 880/1236/882 881/1234/881 913/1233/913
f 911/1237/915 879/1238/883 880/1236/882 912/1235/914
f 910/1239/916 878/1240/884 879/1238/883 911/1237/915
f 909/1241/917 877/1242/885 878/1240/884 910/1239/916
f 908/1243/918 876/1244/886 877/1242/885 909/1241/917
f 907/1245/919 875/1246/887 876/1244/886 908/1243/918
f 906/1247/920 874/1248/888 875/1246/887 907/1245/919
f 905/1249/921 873/1250/889 874/1248/888 906/1247/920
f 904/1251/922 872/1252/890 873/1250/889 905/1249/921
f 903/1253/923 871/1254/891 872/1252/890 904/1251/922
f 902/1255/924 870/1256/892 871/1254/891 903/1253/923
f 901/1257/925 869/1258/893 870/1256/892 902/1255/924
f 900/1259/926 868/1260/894 869/1258/893 901/1257/925
f 899/1261/927 867/1262/895 868/1260/894 900/1259/926
f 898/1263/928 866/1264/896 867/1262/895 899/1261/927
f 865/1265/897 866/1264/896 898/1263/928 897/1266/929
f 27/1267/898 865/1265/897 897/1266/929 28/1268/930
f 959/1269/931 927/1203/899 928/790/567 960/794/569
f 958/1270/932 926/1205/900 927/1203/899 959/1269/931
f 957/1271/933 925/1207/901 926/1205/900 958/1270/932
f 956/1272/934 924/1209/902 925/1207/901 957/1271/933
f 955/1273/935 923/1211/903 924/1209/902 956/1272/934
f 954/1274/936 922/1213/904 923/1211/903 955/1273/935
f 953/1275/937 921/1215/905 922/1213/904 954/1274/936
f 952/1276/938 920/1217/906 921/1215/905 953/1275/937
f 951/1277/939 919/1219/907 920/1217/906 952/1276/938
f 950/1278/940 918/1221/908 919/1219/907 951/1277/939
f 949/1279/941 917/1223/909 918/1221/908 950/1278/940
f 948/1280/942 916/1225/910 917/1223/909 949/1279/941
f 947/1281/943 915/1227/911 916/1225/910 948/1280/942
f 946/1282/944 914/1283/912 915/1227/911 947/1281/943
f 945/1284/945 913/1285/913 914/1283/912 946/1282/944
f 944/1286/946 912/1235/914 913/1233/913 945/1287/945
f 943/1288/947 911/1237/915 912/1235/914 944/1286/946
f 942/1289/948 910/1239/916 911/1237/915 943/1288/947
f 941/1290/949 909/1241/917 910/1239/916 942/1289/948
f 940/1291/950 908/1243/918 909/1241/917 941/1290/949
f 939/1292/951 907/1245/919 908/1243/918 940/1291/950
f 938/1293/952 906/1247/920 907/1245/919 939/1292/951
f 937/1294/953 905/1249/921 906/1247/920 938/1293/952
f 936/1295/954 904/1251/922 905/1249/921 937/1294/953
f 935/1296/955 903/1253/923 904/1251/922 936/1295/954
f 934/1297/956 902/1255/924 903/1253/923 935/1296/955
f 933/1298/957 901/1257/925 902/1255/924 934/1297/956
f 932/1299/958 900/1259/926 901/1257/925 933/1298/957
f 931/1300/959 899/1261/927 900/1259/926 932/1299/958
f 930/1301/960 898/1263/928 899/1261/927 931/1300/959
f 897/1266/929 898/1263/928 930/1301/960 929/1302/961
f 28/1268/930 897/1266/929 929/1302/961 29/1303/962
f 991/1304/963 959/1269/931 960/794/569 992/796/571
f 990/1305/964 958/1270/932 959/1269/931 991/1304/963
f 989/1306/965 957/1271/933 958/1270/932 990/1305/964
f 988/1307/966 956/1272/934 957/1271/933 989/1306/965
f 987/1308/967 955/1273/935 956/1272/934 988/1307/966
f 986/1309/968 954/1274/936 955/1273/935 987/1308/967
f 985/1310/969 953/1275/937 954/1274/936 986/1309/968
f 984/1311/970 952/1276/938 953/1275/937 985/1310/969
f 983/1312/971 951/1277/939 952/1276/938 984/1311/970
f 982/1313/972 950/1278/940 951/1277/939 983/1312/971
f 981/1314/973 949/1279/941 950/1278/940 982/1313/972
f 980/1315/974 948/1280/942 949/1279/941 981/1314/973
f 979/1316/975 947/1281/943 948/1280/942 980/1315/974
f 978/1317/976 946/1282/944 947/1281/943 979/1316/975
f 977/1318/977 945/1284/945 946/1282/944 978/1317/976
f 976/1319/978 944/1320/946 945/1284/945 977/1318/977
f 975/1321/979 943/1288/947 944/1286/946 976/1322/978
f 974/1323/980 942/1289/948 943/1288/947 975/1321/979
f 973/1324/981 941/1290/949 942/1289/948 974/1323/980
f 972/1325/982 940/1291/950 941/1290/949 973/1324/981
f 971/1326/983 939/1292/951 940/1291/950 972/1325/982
f 970/1327/984 938/1293/952 939/1292/951 971/1326/983
f 969/1328/985 937/1294/953 938/1293/952 970/1327/984
f 968/1329/986 936/1295/954 937/1294/953 969/1328/985
f 967/1330/987 935/1296/955 936/1295/954 968/1329/986
f 966/1331/988 934/1297/956 935/1296/955 967/1330/987
f 965/1332/989 933/1298/957 934/1297/956 966/1331/988
f 964/1333/990 932/1299/958 933/1298/957 965/1332/989
f 963/1334/991 931/1300/959 932/1299/958 964/1333/990
f 962/1335/992 930/1301/960 931/1300/959 963/1334/991
f 929/1302/961 930/1301/960 962/1335/992 961/1336/993
f 29/1303/962 929/1302/961 961/1336/993 30/1337/994
f 1023/1338/995 991/1304/963 992/796/571 1024/798/573
f 1022/1339/996 990/1305/964 991/1304/963 1023/1338/995
f 1021/1340/997 989/1306/965 990/1305/964 1022/1339/996
f 1020/1341/998 988/1307/966 989/1306/965 1021/1340/997
f 1019/1342/999 987/1308/967 988/1307/966 1020/1341/998
f 1018/1343/1000 986/1309/968 987/1308/967 1019/1342/999
f 1017/1344/1001 985/1310/969 986/1309/968 1018/1343/1000
f 1016/1345/1002 984/1311/970 985/1310/969 1017/1344/1001
f 1015/1346/1003 983/1312/971 984/1311/970 1016/1345/1002
f 1014/1347/1004 982/1313/972 983/1312/971 1015/1346/1003
f 1013/1348/1005 981/1314/973 982/1313/972 1014/1347/1004
f 1012/1349/1006 980/1315/974 981/1314/973 1013/1348/1005
f 1011/1350/1007 979/1316/975 980/1315/974 1012/1349/1006
f 1010/1351/1008 978/1317/976 979/1316/975 1011/1350/1007
f 1009/1352/1009 977/1318/977 978/1317/976 1010/1351/1008
f 1008/1353/1010 976/1319/978 977/1318/977 1009/1352/1009
f 1007/1354/1011 975/1355/979 976/1319/978 1008/1353/1010
f 1006/1356/1012 974/1357/980 975/1355/979 1007/1354/1011
f 1005/1358/1013 973/1324/981 974/1323/980 1006/1359/1012
f 1004/1360/1014 972/1325/982 973/1324/981 1005/1358/1013
f 1003/1361/1015 971/1326/983 972/1325/982 1004/1360/1014
f 1002/1362/1016 970/1327/984 971/1326/983 1003/1361/1015
f 1001/1363/1017 969/1328/985 970/1327/984 1002/1362/1016
f 1000/1364/1018 968/1329/986 969/1328/985 1001/1363/1017
f 999/1365/1019 967/1330/987 968/1329/986 1000/1364/1018
f 998/1366/1020 966/1331/988 967/1330/987 999/1365/1019
f 997/1367/1021 965/1332/989 966/1331/988 998/1366/1020
f 996/1368/1022 964/1333/990 965/1332/989 997/1367/1021
f 995/1369/1023 963/1334/991 964/1333/990 996/1368/1022
f 994/1370/1024 962/1335/992 963/1334/991 995/1369/1023
f 961/1336/993 962/1335/992 994/1370/1024 993/1371/1025
f 30/1337/994 961/1336/993 993/1371/1025 31/1372/1026
f 1055/1373/1027 1023/1374/995 1024/801/573 1056/800/575
f 1054/1375/1028 1022/1376/996 1023/1374/995 1055/1373/1027
f 1053/1377/1029 1021/1378/997 1022/1376/996 1054/1375/1028
f 1052/1379/1030 1020/1380/998 1021/1378/997 1053/1377/1029
f 1051/1381/1031 1019/1382/999 1020/1380/998 1052/1379/1030
f 1050/1383/1032 1018/1384/1000 1019/1382/999 1051/1381/1031
f 1049/1385/1033 1017/1386/1001 1018/1384/1000 1050/1383/1032
f 1048/1387/1034 1016/1388/1002 1017/1386/1001 1049/1385/1033
f 1047/1389/1035 1015/1390/1003 1016/1388/1002 1048/1387/1034
f 1046/1391/1036 1014/1392/1004 1015/1390/1003 1047/1389/1035
f 1045/1393/1037 1013/1394/1005 1014/1392/1004 1046/1391/1036
f 1044/1395/1038 1012/1396/1006 1013/1394/1005 1045/1393/1037
f 1043/1397/1039 1011/1398/1007 1012/1396/1006 1044/1395/1038
f 1042/1399/1040 1010/1400/1008 1011/1398/1007 1043/1397/1039
f 1041/1401/1041 1009/1402/1009 1010/1400/1008 1042/1399/1040
f 1040/1403/1042 1008/1404/1010 1009/1402/1009 1041/1401/1041
f 1039/1405/1043 1007/1406/1011 1008/1404/1010 1040/1403/1042
f 1038/1407/1044 1006/1408/1012 1007/1406/1011 1039/1405/1043
f 1037/1409/1045 1005/1410/1013 1006/1408/1012 1038/1407/1044
f 1036/1411/1046 1004/1412/1014 1005/1410/1013 1037/1409/1045
f 1035/1413/1047 1003/1414/1015 1004/1412/1014 1036/1411/1046
f 1034/1415/1048 1002/1416/1016 1003/1414/1015 1035/1413/1047
f 1033/1417/1049 1001/1418/1017 1002/1416/1016 1034/1415/1048
f 1032/1419/1050 1000/1420/1018 1001/1418/1017 1033/1417/1049
f 1031/1421/1051 999/1422/1019 1000/1420/1018 1032/1419/1050
f 1030/1423/1052 998/1424/1020 999/1422/1019 1031/1421/1051
f 1029/1425/1053 997/1426/1021 998/1424/1020 1030/1423/1052
f 1028/1427/1054 996/1428/1022 997/1426/1021 1029/1425/1053
f 1027/1429/1055 995/1430/1023 996/1428/1022 1028/1427/1054
f 1026/1431/1056 994/1432/1024 995/1430/1023 1027/1429/1055
f 993/1433/1025 994/1432/1024 1026/1431/1056 1025/1434/1057
f 31/1435/1026 993/1433/1025 1025/1434/1057 32/1436/1058
f 1087/1437/1059 1055/1373/1027 1056/800/575 1088/804/577
f 1086/1438/1060 1054/1375/1028 1055/1373/1027 1087/1437/1059
f 1085/1439/1061 1053/1377/1029 1054/1375/1028 1086/1438/1060
f 1084/1440/1062 1052/1379/1030 1053/1377/1029 1085/1439/1061
f 1083/1441/1063 1051/1381/1031 1052/1379/1030 1084/1440/1062
f 1082/1442/1064 1050/1383/1032 1051/1381/1031 1083/1441/1063
f 1081/1443/1065 1049/1385/1033 1050/1383/1032 1082/1442/1064
f 1080/1444/1066 1048/1387/1034 1049/1385/1033 1081/1443/1065
f 1079/1445/1067 1047/1389/1035 1048/1387/1034 1080/1444/1066
f 1078/1446/1068 1046/1391/1036 1047/1389/1035 1079/1445/1067
f 1077/1447/1069 1045/1393/1037 1046/1391/1036 1078/1446/1068
f 1076/1448/1070 1044/1395/1038 1045/1393/1037 1077/1447/1069
f 1075/1449/1071 1043/1397/1039 1044/1395/1038 1076/1448/1070
f 1074/1450/1072 1042/1399/1040 1043/1397/1039 1075/1449/1071
f 1073/1451/1073 1041/1401/1041 1042/1399/1040 1074/1450/1072
f 1072/1452/1074 1040/1403/1042 1041/1401/1041 1073/1451/1073
f 1071/1453/1075 1039/1405/1043 1040/1403/1042 1072/1452/1074
f 1070/1454/1076 1038/1407/1044 1039/1405/1043 1071/1453/1075
f 1069/1455/1077 1037/1409/1045 1038/1407/1044 1070/1454/1076
f 1068/1456/1078 1036/1411/1046 1037/1409/1045 1069/1455/1077
f 1067/1457/1079 1035/1413/1047 1036/1411/1046 1068/1456/1078
f 1066/1458/1080 1034/1415/1048 1035/1413/1047 1067/1457/1079
f 1065/1459/1081 1033/1417/1049 1034/1415/1048 1066/1458/1080
f 1064/1460/1082 1032/1419/1050 1033/1417/1049 1065/1459/1081
f 1063/1461/1083 1031/1421/1051 1032/1419/1050 1064/1460/1082
f 1062/1462/1084 1030/1423/1052 1031/1421/1051 1063/1461/1083
f 1061/1463/1085 1029/1425/1053 1030/1423/1052 1062/1462/1084
f 1060/1464/1086 1028/1427/1054 1029/1425/1053 1061/1463/1085
f 1059/1465/1087 1027/1429/1055 1028/1427/1054 1060/1464/1086
f 1058/1466/1088 1026/1431/1056 1027/1429/1055 1059/1465/1087
f 1025/1434/1057 1026/1431/1056 1058/1466/1088 1057/1467/1089
f 32/1436/1058 1025/1434/1057 1057/1467/1089 17/1468/1090
f 578/807/580 1087/1437/1059 1088/804/577 577/767/548
f 579/809/582 1086/1438/1060 1087/1437/1059 578/807/580
f 580/811/584 1085/1439/1061 1086/1438/1060 579/809/582
f 581/813/586 1084/1440/1062 1085/1439/1061 580/811/584
f 582/815/588 1083/1441/1063 1084/1440/1062 581/813/586
f 583/817/590 1082/1442/1064 1083/1441/1063 582/815/588
f 584/819/592 1081/1443/1065 1082/1442/1064 583/817/590
f 585/821/594 1080/1444/1066 1081/1443/1065 584/819/592
f 586/823/596 1079/1445/1067 1080/1444/1066 585/821/594
f 587/825/598 1078/1446/1068 1079/1445/1067 586/823/596
f 588/827/600 1077/1447/1069 1078/1446/1068 587/825/598
f 589/829/602 1076/1448/1070 1077/1447/1069 588/827/600
f 590/831/604 1075/1449/1071 1076/1448/1070 589/829/602
f 591/833/606 1074/1450/1072 1075/1449/1071 590/831/604
f 592/835/608 1073/1451/1073 1074/1450/1072 591/833/606
f 593/837/610 1072/1452/1074 1073/1451/1073 592/835/608
f 594/839/612 1071/1453/1075 1072/1452/1074 593/837/610
f 595/841/614 1070/1454/1076 1071/1453/1075 594/839/612
f 596/843/616 1069/1455/1077 1070/1454/1076 595/841/614
f 597/845/618 1068/1456/1078 1069/1455/1077 596/843/616
f 598/847/620 1067/1457/1079 1068/1456/1078 597/845/618
f 599/849/622 1066/1458/1080 1067/1457/1079 598/847/620
f 600/851/624 1065/1459/1081 1066/1458/1080 599/849/622
f 601/853/626 1064/1460/1082 1065/1459/1081 600/851/624
f 602/855/628 1063/1461/1083 1064/1460/1082 601/853/626
f 603/857/630 1062/1462/1084 1063/1461/1083 602/855/628
f 604/859/632 1061/1463/1085 1062/1462/1084 603/857/630
f 605/861/634 1060/1464/1086 1061/1463/1085 604/859/632
f 606/863/636 1059/1465/1087 1060/1464/1086 605/861/634
f 607/865/638 1058/1466/1088 1059/1465/1087 606/863/636
f 1057/1467/1089 1058/1466/1088 607/865/638 608/866/639
f 17/1468/1090 1057/1467/1089 608/866/639 18/868/641
