# Blender v2.78 (sub 0) OBJ File: 'RailCurveH90.blend'
# www.blender.org
mtllib RailCurveH90_col.mtl
o Cube.116
v 31.045242 0.955880 -81.998291
v 30.805969 0.955880 -82.199074
v 31.175224 1.539277 -81.889221
v 31.195290 1.606324 -81.872375
v 30.655899 1.606324 -82.324982
v 30.675964 1.539277 -82.308144
v 30.754776 1.905707 -82.242020
v 31.096420 1.905707 -81.955338
v 31.176094 1.872471 -81.888481
v 31.195290 1.830545 -81.872375
v 30.655899 1.830545 -82.324982
v 30.675087 1.872471 -82.308891
v 31.045242 1.447088 -81.998283
v 31.064133 1.491623 -81.982422
v 30.787048 1.491623 -82.214935
v 30.805969 1.447088 -82.199074
v 38.196960 0.955880 -89.803032
v 37.976097 0.955880 -90.023895
v 38.316940 1.539277 -89.683037
v 38.335464 1.606324 -89.664520
v 37.837570 1.606324 -90.162415
v 37.856094 1.539277 -90.143890
v 37.928841 1.905707 -90.071144
v 38.244202 1.905707 -89.755775
v 38.317749 1.872471 -89.682228
v 38.335464 1.830545 -89.664520
v 37.837570 1.830545 -90.162415
v 37.855286 1.872471 -90.144707
v 38.196960 1.447088 -89.803017
v 38.214401 1.491623 -89.785568
v 37.958633 1.491623 -90.041351
v 37.976097 1.447088 -90.023895
vt 0.1668 0.7089
vt 0.1668 0.7093
vt 0.1668 0.7093
vt 0.1668 0.7089
vt 0.1663 0.7088
vt 0.1667 0.7089
vt 0.1667 0.7089
vt 0.1663 0.7088
vt 0.1677 0.7093
vt 0.1677 0.7089
vt 0.1677 0.7089
vt 0.1677 0.7093
vt 0.1663 0.7088
vt 0.1663 0.7088
vt 0.1677 0.7089
vt 0.1681 0.7088
vt 0.1681 0.7088
vt 0.1677 0.7089
vt 0.1682 0.7088
vt 0.1682 0.7088
vt 0.1121 0.6734
vt 0.1111 0.6734
vt 0.1111 0.6734
vt 0.1121 0.6734
vt 0.1663 0.7086
vt 0.1663 0.7086
vt 0.1663 0.7086
vt 0.1663 0.7086
vt 0.1682 0.7086
vt 0.1681 0.7086
vt 0.1681 0.7086
vt 0.1682 0.7086
vt 0.1668 0.7085
vt 0.1668 0.7085
vt 0.1677 0.7085
vt 0.1677 0.7085
vn 0.7142 -0.2483 0.6544
vn 0.7373 -0.0000 0.6756
vn 0.5024 -0.7319 0.4604
vn 0.4747 -0.7652 0.4349
vn 0.4747 -0.7652 0.4350
vn -0.7373 0.0000 -0.6756
vn -0.7135 -0.2519 -0.6538
vn 0.7244 -0.1859 0.6638
vn -0.4656 -0.7753 -0.4267
vn -0.5116 -0.7201 -0.4688
vn -0.4657 -0.7753 -0.4267
vn -0.7247 -0.1841 -0.6640
vn -0.1167 0.9874 -0.1070
vn 0.1106 0.9887 0.1013
vn 0.4540 0.7879 0.4160
vn 0.7104 0.2677 0.6509
vn 0.4540 0.7879 0.4161
vn -0.7111 0.2639 -0.6516
vn -0.4630 0.7783 -0.4242
vn -0.4629 0.7783 -0.4242
usemtl Material
s 1
f 13/1/1 1/2/2 17/3/2 29/4/1
f 3/5/3 14/6/4 30/7/5 19/8/3
f 2/9/6 16/10/7 32/11/7 18/12/6
f 4/13/8 3/5/3 19/8/3 20/14/8
f 15/15/9 6/16/10 22/17/10 31/18/11
f 6/16/10 5/19/12 21/20/12 22/17/10
f 7/21/13 8/22/14 24/23/14 23/24/13
f 9/25/15 10/26/16 26/27/16 25/28/17
f 11/29/18 12/30/19 28/31/20 27/32/18
f 8/33/14 9/25/15 25/28/17 24/34/14
f 10/26/16 4/13/8 20/14/8 26/27/16
f 12/30/19 7/35/13 23/36/13 28/31/20
f 5/19/12 11/29/18 27/32/18 21/20/12
f 14/6/4 13/1/1 29/4/1 30/7/5
f 16/10/7 15/15/9 31/18/11 32/11/7
o Cube.115
v 38.196960 0.955880 -89.803032
v 37.976097 0.955880 -90.023895
v 38.316940 1.539277 -89.683037
v 38.335464 1.606324 -89.664520
v 37.837570 1.606324 -90.162415
v 37.856094 1.539277 -90.143890
v 37.928841 1.905707 -90.071144
v 38.244202 1.905707 -89.755775
v 38.317749 1.872471 -89.682228
v 38.335464 1.830545 -89.664520
v 37.837570 1.830545 -90.162415
v 37.855286 1.872471 -90.144707
v 38.196960 1.447088 -89.803017
v 38.214401 1.491623 -89.785568
v 37.958633 1.491623 -90.041351
v 37.976097 1.447088 -90.023895
v 46.001694 0.955880 -96.954758
v 45.800919 0.955880 -97.194031
v 46.110764 1.539277 -96.824768
v 46.127602 1.606324 -96.804695
v 45.674995 1.606324 -97.344101
v 45.691833 1.539277 -97.324020
v 45.757965 1.905707 -97.245216
v 46.044640 1.905707 -96.903564
v 46.111496 1.872471 -96.823883
v 46.127602 1.830545 -96.804695
v 45.674995 1.830545 -97.344101
v 45.691101 1.872471 -97.324913
v 46.001694 1.447088 -96.954742
v 46.017548 1.491623 -96.935837
v 45.785042 1.491623 -97.212944
v 45.800919 1.447088 -97.194031
vt 0.1668 0.7089
vt 0.1668 0.7093
vt 0.1668 0.7093
vt 0.1668 0.7089
vt 0.1663 0.7088
vt 0.1667 0.7089
vt 0.1667 0.7089
vt 0.1663 0.7088
vt 0.1677 0.7093
vt 0.1677 0.7089
vt 0.1677 0.7089
vt 0.1677 0.7093
vt 0.1663 0.7088
vt 0.1663 0.7088
vt 0.1677 0.7089
vt 0.1681 0.7088
vt 0.1681 0.7088
vt 0.1677 0.7089
vt 0.1682 0.7088
vt 0.1682 0.7088
vt 0.1121 0.6734
vt 0.1111 0.6734
vt 0.1111 0.6734
vt 0.1121 0.6734
vt 0.1663 0.7086
vt 0.1663 0.7086
vt 0.1663 0.7086
vt 0.1663 0.7086
vt 0.1682 0.7086
vt 0.1681 0.7086
vt 0.1681 0.7086
vt 0.1682 0.7086
vt 0.1668 0.7085
vt 0.1668 0.7085
vt 0.1677 0.7085
vt 0.1677 0.7085
vn 0.6544 -0.2484 0.7142
vn 0.6756 -0.0000 0.7373
vn 0.4603 -0.7319 0.5024
vn 0.4349 -0.7652 0.4746
vn 0.4604 -0.7319 0.5024
vn -0.6756 0.0000 -0.7373
vn -0.6538 -0.2519 -0.7135
vn 0.6638 -0.1859 0.7244
vn -0.4267 -0.7753 -0.4656
vn -0.4688 -0.7201 -0.5116
vn -0.4267 -0.7753 -0.4657
vn -0.6640 -0.1841 -0.7247
vn -0.1070 0.9874 -0.1167
vn 0.1013 0.9887 0.1106
vn 0.4161 0.7879 0.4540
vn 0.6509 0.2677 0.7104
vn 0.4161 0.7879 0.4541
vn -0.6516 0.2639 -0.7111
vn -0.4242 0.7783 -0.4629
vn -0.6516 0.2640 -0.7111
usemtl Material
s 1
f 45/37/21 33/38/22 49/39/22 61/40/21
f 35/41/23 46/42/24 62/43/24 51/44/25
f 34/45/26 48/46/27 64/47/27 50/48/26
f 36/49/28 35/41/23 51/44/25 52/50/28
f 47/51/29 38/52/30 54/53/30 63/54/31
f 38/52/30 37/55/32 53/56/32 54/53/30
f 39/57/33 40/58/34 56/59/34 55/60/33
f 41/61/35 42/62/36 58/63/36 57/64/37
f 43/65/38 44/66/39 60/67/39 59/68/40
f 40/69/34 41/61/35 57/64/37 56/70/34
f 42/62/36 36/49/28 52/50/28 58/63/36
f 44/66/39 39/71/33 55/72/33 60/67/39
f 37/55/32 43/65/38 59/68/40 53/56/32
f 46/42/24 45/37/21 61/40/21 62/43/24
f 48/46/27 47/51/29 63/54/31 64/47/27
o Cube.114
v 46.001694 0.955880 -96.954758
v 45.800919 0.955880 -97.194031
v 46.110764 1.539277 -96.824768
v 46.127602 1.606324 -96.804695
v 45.674995 1.606324 -97.344101
v 45.691833 1.539277 -97.324020
v 45.757965 1.905707 -97.245216
v 46.044640 1.905707 -96.903564
v 46.111496 1.872471 -96.823883
v 46.127602 1.830545 -96.804695
v 45.674995 1.830545 -97.344101
v 45.691101 1.872471 -97.324913
v 46.001694 1.447088 -96.954742
v 46.017548 1.491623 -96.935837
v 45.785042 1.491623 -97.212944
v 45.800919 1.447088 -97.194031
v 54.400040 0.955880 -103.399040
v 54.220886 0.955880 -103.654900
v 54.497360 1.539277 -103.260040
v 54.512390 1.606324 -103.238571
v 54.108521 1.606324 -103.815369
v 54.123535 1.539277 -103.793907
v 54.182549 1.905707 -103.709641
v 54.438370 1.905707 -103.344299
v 54.498016 1.872471 -103.259094
v 54.512390 1.830545 -103.238571
v 54.108521 1.830545 -103.815369
v 54.122887 1.872471 -103.794853
v 54.400032 1.447088 -103.399025
v 54.414185 1.491623 -103.378815
v 54.206711 1.491623 -103.675125
v 54.220886 1.447088 -103.654900
vt 0.1663 0.7088
vt 0.1667 0.7089
vt 0.1667 0.7089
vt 0.1663 0.7088
vt 0.1677 0.7093
vt 0.1677 0.7089
vt 0.1677 0.7089
vt 0.1677 0.7093
vt 0.1663 0.7088
vt 0.1663 0.7088
vt 0.1677 0.7089
vt 0.1681 0.7088
vt 0.1681 0.7088
vt 0.1677 0.7089
vt 0.1682 0.7088
vt 0.1682 0.7088
vt 0.1121 0.6734
vt 0.1111 0.6734
vt 0.1111 0.6734
vt 0.1121 0.6734
vt 0.1663 0.7086
vt 0.1663 0.7086
vt 0.1663 0.7086
vt 0.1663 0.7086
vt 0.1682 0.7086
vt 0.1681 0.7086
vt 0.1681 0.7086
vt 0.1682 0.7086
vt 0.1668 0.7085
vt 0.1668 0.7085
vt 0.1677 0.7085
vt 0.1677 0.7085
vt 0.1668 0.7089
vt 0.1668 0.7089
vt 0.1668 0.7093
vt 0.1668 0.7093
vn 0.4148 -0.7319 0.5406
vn 0.3919 -0.7652 0.5107
vn -0.6088 0.0000 -0.7934
vn -0.5891 -0.2520 -0.7678
vn -0.5891 -0.2519 -0.7678
vn 0.5981 -0.1860 0.7795
vn -0.3845 -0.7753 -0.5010
vn -0.4224 -0.7201 -0.5505
vn -0.3845 -0.7753 -0.5011
vn -0.5984 -0.1841 -0.7798
vn -0.0964 0.9874 -0.1256
vn 0.0913 0.9887 0.1190
vn 0.3749 0.7879 0.4886
vn 0.5865 0.2677 0.7644
vn -0.5872 0.2639 -0.7652
vn -0.3822 0.7783 -0.4981
vn 0.5897 -0.2484 0.7685
vn 0.6088 -0.0000 0.7934
usemtl Material
s 1
f 67/73/41 78/74/42 94/75/42 83/76/41
f 66/77/43 80/78/44 96/79/45 82/80/43
f 68/81/46 67/73/41 83/76/41 84/82/46
f 79/83/47 70/84/48 86/85/48 95/86/49
f 70/84/48 69/87/50 85/88/50 86/85/48
f 71/89/51 72/90/52 88/91/52 87/92/51
f 73/93/53 74/94/54 90/95/54 89/96/53
f 75/97/55 76/98/56 92/99/56 91/100/55
f 72/101/52 73/93/53 89/96/53 88/102/52
f 74/94/54 68/81/46 84/82/46 90/95/54
f 76/98/56 71/103/51 87/104/51 92/99/56
f 69/87/50 75/97/55 91/100/55 85/88/50
f 78/74/42 77/105/57 93/106/57 94/75/42
f 80/78/44 79/83/47 95/86/49 96/79/45
f 77/105/57 65/107/58 81/108/58 93/106/57
o Cube.113
v 54.400040 0.955880 -103.399040
v 54.220886 0.955880 -103.654900
v 54.497360 1.539277 -103.260040
v 54.512390 1.606324 -103.238571
v 54.108521 1.606324 -103.815369
v 54.123535 1.539277 -103.793907
v 54.182549 1.905707 -103.709641
v 54.438370 1.905707 -103.344299
v 54.498016 1.872471 -103.259094
v 54.512390 1.830545 -103.238571
v 54.108521 1.830545 -103.815369
v 54.122887 1.872471 -103.794853
v 54.400032 1.447088 -103.399025
v 54.414185 1.491623 -103.378815
v 54.206711 1.491623 -103.675125
v 54.220886 1.447088 -103.654900
v 63.328079 0.955880 -109.086830
v 63.171906 0.955880 -109.357330
v 63.412910 1.539277 -108.939880
v 63.426010 1.606324 -108.917191
v 63.073944 1.606324 -109.526993
v 63.087044 1.539277 -109.504295
v 63.138489 1.905707 -109.415207
v 63.361496 1.905707 -109.028961
v 63.413483 1.872471 -108.938889
v 63.426010 1.830545 -108.917191
v 63.073944 1.830545 -109.526993
v 63.086472 1.872471 -109.505295
v 63.328072 1.447088 -109.086815
v 63.340408 1.491623 -109.065453
v 63.159546 1.491623 -109.378723
v 63.171906 1.447088 -109.357330
vt 0.1663 0.7088
vt 0.1667 0.7089
vt 0.1667 0.7089
vt 0.1663 0.7088
vt 0.1677 0.7093
vt 0.1677 0.7089
vt 0.1677 0.7089
vt 0.1677 0.7093
vt 0.1663 0.7088
vt 0.1663 0.7088
vt 0.1677 0.7089
vt 0.1681 0.7088
vt 0.1681 0.7088
vt 0.1677 0.7089
vt 0.1682 0.7088
vt 0.1682 0.7088
vt 0.1121 0.6734
vt 0.1111 0.6734
vt 0.1111 0.6734
vt 0.1121 0.6734
vt 0.1663 0.7086
vt 0.1663 0.7086
vt 0.1663 0.7086
vt 0.1663 0.7086
vt 0.1682 0.7086
vt 0.1681 0.7086
vt 0.1681 0.7086
vt 0.1682 0.7086
vt 0.1668 0.7085
vt 0.1668 0.7085
vt 0.1677 0.7085
vt 0.1677 0.7085
vt 0.1668 0.7089
vt 0.1668 0.7089
vt 0.1668 0.7093
vt 0.1668 0.7093
vn 0.3661 -0.7319 0.5747
vn 0.3459 -0.7652 0.5430
vn -0.5373 0.0000 -0.8434
vn -0.5200 -0.2520 -0.8162
vn 0.5279 -0.1860 0.8287
vn -0.3393 -0.7754 -0.5326
vn -0.3728 -0.7201 -0.5852
vn -0.3393 -0.7753 -0.5326
vn -0.5281 -0.1841 -0.8290
vn -0.0851 0.9874 -0.1335
vn 0.0806 0.9887 0.1265
vn 0.3309 0.7879 0.5194
vn 0.5177 0.2678 0.8126
vn -0.5182 0.2639 -0.8135
vn -0.3374 0.7783 -0.5295
vn 0.5205 -0.2484 0.8170
vn 0.5373 -0.0000 0.8434
usemtl Material
s 1
f 99/109/59 110/110/60 126/111/60 115/112/59
f 98/113/61 112/114/62 128/115/62 114/116/61
f 100/117/63 99/109/59 115/112/59 116/118/63
f 111/119/64 102/120/65 118/121/65 127/122/66
f 102/120/65 101/123/67 117/124/67 118/121/65
f 103/125/68 104/126/69 120/127/69 119/128/68
f 105/129/70 106/130/71 122/131/71 121/132/70
f 107/133/72 108/134/73 124/135/73 123/136/72
f 104/137/69 105/129/70 121/132/70 120/138/69
f 106/130/71 100/117/63 116/118/63 122/131/71
f 108/134/73 103/139/68 119/140/68 124/135/73
f 101/123/67 107/133/72 123/136/72 117/124/67
f 110/110/60 109/141/74 125/142/74 126/111/60
f 112/114/62 111/119/64 127/122/66 128/115/62
f 109/141/74 97/143/75 113/144/75 125/142/74
o Cube.112
v 63.328079 0.955880 -109.086830
v 63.171906 0.955880 -109.357330
v 63.412910 1.539277 -108.939880
v 63.426010 1.606324 -108.917191
v 63.073944 1.606324 -109.526993
v 63.087044 1.539277 -109.504295
v 63.138489 1.905707 -109.415207
v 63.361496 1.905707 -109.028961
v 63.413483 1.872471 -108.938889
v 63.426010 1.830545 -108.917191
v 63.073944 1.830545 -109.526993
v 63.086472 1.872471 -109.505295
v 63.328072 1.447088 -109.086815
v 63.340408 1.491623 -109.065453
v 63.159546 1.491623 -109.378723
v 63.171906 1.447088 -109.357330
v 72.717873 0.955880 -113.974854
v 72.585876 0.955880 -114.257935
v 72.789574 1.539277 -113.821068
v 72.800644 1.606324 -113.797318
v 72.503067 1.606324 -114.435486
v 72.514145 1.539277 -114.411736
v 72.557625 1.905707 -114.318497
v 72.746117 1.905707 -113.914291
v 72.790062 1.872471 -113.820023
v 72.800644 1.830545 -113.797318
v 72.503067 1.830545 -114.435486
v 72.513664 1.872471 -114.412781
v 72.717865 1.447088 -113.974838
v 72.728287 1.491623 -113.952477
v 72.575424 1.491623 -114.280319
v 72.585876 1.447088 -114.257935
vt 0.1663 0.7088
vt 0.1667 0.7089
vt 0.1667 0.7089
vt 0.1663 0.7088
vt 0.1677 0.7093
vt 0.1677 0.7089
vt 0.1677 0.7089
vt 0.1677 0.7093
vt 0.1663 0.7088
vt 0.1663 0.7088
vt 0.1677 0.7089
vt 0.1681 0.7088
vt 0.1681 0.7088
vt 0.1677 0.7089
vt 0.1682 0.7088
vt 0.1682 0.7088
vt 0.1121 0.6734
vt 0.1111 0.6734
vt 0.1111 0.6734
vt 0.1121 0.6734
vt 0.1663 0.7086
vt 0.1663 0.7086
vt 0.1663 0.7086
vt 0.1663 0.7086
vt 0.1682 0.7086
vt 0.1681 0.7086
vt 0.1681 0.7086
vt 0.1682 0.7086
vt 0.1668 0.7085
vt 0.1668 0.7085
vt 0.1677 0.7085
vt 0.1677 0.7085
vt 0.1668 0.7089
vt 0.1668 0.7089
vt 0.1668 0.7093
vt 0.1668 0.7093
vn 0.3146 -0.7319 0.6044
vn 0.2973 -0.7652 0.5710
vn -0.4617 0.0000 -0.8870
vn -0.4468 -0.2520 -0.8584
vn 0.4537 -0.1860 0.8715
vn -0.2916 -0.7754 -0.5601
vn -0.3204 -0.7201 -0.6154
vn -0.2916 -0.7753 -0.5602
vn -0.4539 -0.1841 -0.8718
vn -0.0731 0.9874 -0.1404
vn 0.0693 0.9887 0.1330
vn 0.2844 0.7879 0.5463
vn 0.4449 0.2677 0.8546
vn 0.2844 0.7879 0.5462
vn -0.4454 0.2640 -0.8555
vn -0.2899 0.7783 -0.5569
vn 0.4473 -0.2484 0.8592
vn 0.4617 -0.0000 0.8870
usemtl Material
s 1
f 131/145/76 142/146/77 158/147/77 147/148/76
f 130/149/78 144/150/79 160/151/79 146/152/78
f 132/153/80 131/145/76 147/148/76 148/154/80
f 143/155/81 134/156/82 150/157/82 159/158/83
f 134/156/82 133/159/84 149/160/84 150/157/82
f 135/161/85 136/162/86 152/163/86 151/164/85
f 137/165/87 138/166/88 154/167/88 153/168/89
f 139/169/90 140/170/91 156/171/91 155/172/90
f 136/173/86 137/165/87 153/168/89 152/174/86
f 138/166/88 132/153/80 148/154/80 154/167/88
f 140/170/91 135/175/85 151/176/85 156/171/91
f 133/159/84 139/169/90 155/172/90 149/160/84
f 142/146/77 141/177/92 157/178/92 158/147/77
f 144/150/79 143/155/81 159/158/83 160/151/79
f 141/177/92 129/179/93 145/180/93 157/178/92
o Cube.111
v 72.717873 0.955880 -113.974854
v 72.585876 0.955880 -114.257935
v 72.789574 1.539277 -113.821068
v 72.800644 1.606324 -113.797318
v 72.503067 1.606324 -114.435486
v 72.514145 1.539277 -114.411736
v 72.557625 1.905707 -114.318497
v 72.746117 1.905707 -113.914291
v 72.790062 1.872471 -113.820023
v 72.800644 1.830545 -113.797318
v 72.503067 1.830545 -114.435486
v 72.513664 1.872471 -114.412781
v 72.717865 1.447088 -113.974838
v 72.728287 1.491623 -113.952477
v 72.575424 1.491623 -114.280319
v 72.585876 1.447088 -114.257935
v 82.497955 0.955880 -118.025894
v 82.391129 0.955880 -118.319412
v 82.555984 1.539277 -117.866455
v 82.564941 1.606324 -117.841827
v 82.324120 1.606324 -118.503502
v 82.333076 1.539277 -118.478867
v 82.368271 1.905707 -118.382202
v 82.520813 1.905707 -117.963104
v 82.556374 1.872471 -117.865372
v 82.564941 1.830545 -117.841827
v 82.324120 1.830545 -118.503502
v 82.332687 1.872471 -118.479965
v 82.497948 1.447088 -118.025887
v 82.506386 1.491623 -118.002701
v 82.382675 1.491623 -118.342621
v 82.391129 1.447088 -118.319412
vt 0.1677 0.7093
vt 0.1677 0.7089
vt 0.1677 0.7089
vt 0.1677 0.7093
vt 0.1663 0.7088
vt 0.1663 0.7088
vt 0.1663 0.7088
vt 0.1663 0.7088
vt 0.1677 0.7089
vt 0.1681 0.7088
vt 0.1681 0.7088
vt 0.1677 0.7089
vt 0.1682 0.7088
vt 0.1682 0.7088
vt 0.1121 0.6734
vt 0.1111 0.6734
vt 0.1111 0.6734
vt 0.1121 0.6734
vt 0.1663 0.7086
vt 0.1663 0.7086
vt 0.1663 0.7086
vt 0.1663 0.7086
vt 0.1682 0.7086
vt 0.1681 0.7086
vt 0.1681 0.7086
vt 0.1682 0.7086
vt 0.1668 0.7085
vt 0.1668 0.7085
vt 0.1677 0.7085
vt 0.1677 0.7085
vt 0.1667 0.7089
vt 0.1668 0.7089
vt 0.1668 0.7089
vt 0.1667 0.7089
vt 0.1668 0.7093
vt 0.1668 0.7093
vn -0.3827 0.0000 -0.9239
vn -0.3703 -0.2520 -0.8941
vn 0.3760 -0.1860 0.9078
vn 0.2608 -0.7319 0.6295
vn -0.2417 -0.7754 -0.5834
vn -0.2655 -0.7201 -0.6410
vn -0.2417 -0.7753 -0.5835
vn -0.3761 -0.1842 -0.9081
vn -0.0606 0.9874 -0.1463
vn 0.0574 0.9887 0.1386
vn 0.2357 0.7879 0.5690
vn 0.3687 0.2677 0.8902
vn -0.3691 0.2639 -0.8911
vn -0.2403 0.7783 -0.5801
vn 0.2464 -0.7652 0.5948
vn 0.3707 -0.2484 0.8949
vn 0.3827 -0.0000 0.9239
usemtl Material
s 1
f 162/181/94 176/182/95 192/183/95 178/184/94
f 164/185/96 163/186/97 179/187/97 180/188/96
f 175/189/98 166/190/99 182/191/99 191/192/100
f 166/190/99 165/193/101 181/194/101 182/191/99
f 167/195/102 168/196/103 184/197/103 183/198/102
f 169/199/104 170/200/105 186/201/105 185/202/104
f 171/203/106 172/204/107 188/205/107 187/206/106
f 168/207/103 169/199/104 185/202/104 184/208/103
f 170/200/105 164/185/96 180/188/96 186/201/105
f 172/204/107 167/209/102 183/210/102 188/205/107
f 165/193/101 171/203/106 187/206/106 181/194/101
f 174/211/108 173/212/109 189/213/109 190/214/108
f 176/182/95 175/189/98 191/192/100 192/183/95
f 173/212/109 161/215/110 177/216/110 189/213/109
f 163/186/97 174/211/108 190/214/108 179/187/97
o Cube.110
v 82.497955 0.955880 -118.025894
v 82.391129 0.955880 -118.319412
v 82.555984 1.539277 -117.866455
v 82.564941 1.606324 -117.841827
v 82.324120 1.606324 -118.503502
v 82.333076 1.539277 -118.478867
v 82.368271 1.905707 -118.382202
v 82.520813 1.905707 -117.963104
v 82.556374 1.872471 -117.865372
v 82.564941 1.830545 -117.841827
v 82.324120 1.830545 -118.503502
v 82.332687 1.872471 -118.479965
v 82.497948 1.447088 -118.025887
v 82.506386 1.491623 -118.002701
v 82.382675 1.491623 -118.342621
v 82.391129 1.447088 -118.319412
v 92.593895 0.955880 -121.209137
v 92.513062 0.955880 -121.510849
v 92.637802 1.539277 -121.045242
v 92.644577 1.606324 -121.019928
v 92.462341 1.606324 -121.700081
v 92.469124 1.539277 -121.674759
v 92.495758 1.905707 -121.575394
v 92.611191 1.905707 -121.144592
v 92.638100 1.872471 -121.044128
v 92.644577 1.830545 -121.019928
v 92.462341 1.830545 -121.700081
v 92.468834 1.872471 -121.675880
v 92.593887 1.447088 -121.209129
v 92.600273 1.491623 -121.185295
v 92.506653 1.491623 -121.534706
v 92.513062 1.447088 -121.510849
vt 0.1663 0.7088
vt 0.1663 0.7088
vt 0.1663 0.7088
vt 0.1663 0.7088
vt 0.1677 0.7093
vt 0.1677 0.7089
vt 0.1677 0.7089
vt 0.1677 0.7093
vt 0.1677 0.7089
vt 0.1681 0.7088
vt 0.1681 0.7088
vt 0.1677 0.7089
vt 0.1682 0.7088
vt 0.1682 0.7088
vt 0.1121 0.6734
vt 0.1111 0.6734
vt 0.1111 0.6734
vt 0.1121 0.6734
vt 0.1663 0.7086
vt 0.1663 0.7086
vt 0.1663 0.7086
vt 0.1663 0.7086
vt 0.1682 0.7086
vt 0.1681 0.7086
vt 0.1681 0.7086
vt 0.1682 0.7086
vt 0.1668 0.7085
vt 0.1668 0.7085
vt 0.1677 0.7085
vt 0.1677 0.7085
vt 0.1667 0.7089
vt 0.1668 0.7089
vt 0.1668 0.7089
vt 0.1667 0.7089
vt 0.1668 0.7093
vt 0.1668 0.7093
vn 0.2955 -0.1860 0.9371
vn 0.2049 -0.7319 0.6498
vn 0.2049 -0.7320 0.6498
vn -0.3007 0.0000 -0.9537
vn -0.2910 -0.2520 -0.9229
vn -0.1899 -0.7754 -0.6023
vn -0.2086 -0.7201 -0.6617
vn -0.1899 -0.7753 -0.6023
vn -0.2956 -0.1842 -0.9374
vn -0.0476 0.9874 -0.1510
vn 0.0451 0.9887 0.1431
vn 0.0451 0.9887 0.1430
vn 0.1852 0.7879 0.5873
vn 0.2897 0.2677 0.9189
vn -0.2900 0.2639 -0.9199
vn -0.1888 0.7783 -0.5988
vn 0.1936 -0.7652 0.6140
vn 0.2913 -0.2484 0.9238
vn 0.3007 -0.0000 0.9537
usemtl Material
s 1
f 196/217/111 195/218/112 211/219/113 212/220/111
f 194/221/114 208/222/115 224/223/115 210/224/114
f 207/225/116 198/226/117 214/227/117 223/228/118
f 198/226/117 197/229/119 213/230/119 214/227/117
f 199/231/120 200/232/121 216/233/122 215/234/120
f 201/235/123 202/236/124 218/237/124 217/238/123
f 203/239/125 204/240/126 220/241/126 219/242/125
f 200/243/121 201/235/123 217/238/123 216/244/122
f 202/236/124 196/217/111 212/220/111 218/237/124
f 204/240/126 199/245/120 215/246/120 220/241/126
f 197/229/119 203/239/125 219/242/125 213/230/119
f 206/247/127 205/248/128 221/249/128 222/250/127
f 208/222/115 207/225/116 223/228/118 224/223/115
f 205/248/128 193/251/129 209/252/129 221/249/128
f 195/218/112 206/247/127 222/250/127 211/219/113
o Cube.109
v 92.593895 0.955880 -121.209137
v 92.513062 0.955880 -121.510849
v 92.637802 1.539277 -121.045242
v 92.644577 1.606324 -121.019928
v 92.462341 1.606324 -121.700081
v 92.469124 1.539277 -121.674759
v 92.495758 1.905707 -121.575394
v 92.611191 1.905707 -121.144592
v 92.638100 1.872471 -121.044128
v 92.644577 1.830545 -121.019928
v 92.462341 1.830545 -121.700081
v 92.468834 1.872471 -121.675880
v 92.593887 1.447088 -121.209129
v 92.600273 1.491623 -121.185295
v 92.506653 1.491623 -121.534706
v 92.513062 1.447088 -121.510849
v 102.928848 0.955880 -123.500351
v 102.874619 0.955880 -123.807961
v 102.958313 1.539277 -123.333244
v 102.962860 1.606324 -123.307442
v 102.840591 1.606324 -124.000885
v 102.845139 1.539277 -123.975075
v 102.863007 1.905707 -123.873764
v 102.940460 1.905707 -123.434540
v 102.958511 1.872471 -123.332123
v 102.962860 1.830545 -123.307442
v 102.840591 1.830545 -124.000885
v 102.844948 1.872471 -123.976212
v 102.928848 1.447088 -123.500336
v 102.933128 1.491623 -123.476044
v 102.870323 1.491623 -123.832283
v 102.874619 1.447088 -123.807961
vt 0.1663 0.7088
vt 0.1663 0.7088
vt 0.1663 0.7088
vt 0.1663 0.7088
vt 0.1677 0.7089
vt 0.1681 0.7088
vt 0.1681 0.7088
vt 0.1677 0.7089
vt 0.1682 0.7088
vt 0.1682 0.7088
vt 0.1121 0.6734
vt 0.1111 0.6734
vt 0.1111 0.6734
vt 0.1121 0.6734
vt 0.1663 0.7086
vt 0.1663 0.7086
vt 0.1663 0.7086
vt 0.1663 0.7086
vt 0.1682 0.7086
vt 0.1681 0.7086
vt 0.1681 0.7086
vt 0.1682 0.7086
vt 0.1668 0.7085
vt 0.1668 0.7085
vt 0.1677 0.7085
vt 0.1677 0.7085
vt 0.1667 0.7089
vt 0.1668 0.7089
vt 0.1668 0.7089
vt 0.1667 0.7089
vt 0.1677 0.7089
vt 0.1677 0.7089
vt 0.1668 0.7093
vt 0.1668 0.7093
vt 0.1677 0.7093
vt 0.1677 0.7093
vn 0.2127 -0.1860 0.9593
vn 0.1475 -0.7319 0.6652
vn -0.1367 -0.7754 -0.6166
vn -0.1502 -0.7201 -0.6774
vn -0.1367 -0.7753 -0.6166
vn -0.2127 -0.1842 -0.9596
vn -0.0343 0.9874 -0.1546
vn 0.0325 0.9887 0.1464
vn 0.1333 0.7879 0.6012
vn 0.2085 0.2678 0.9406
vn -0.2088 0.2640 -0.9417
vn -0.1359 0.7783 -0.6130
vn -0.1359 0.7784 -0.6129
vn 0.1393 -0.7652 0.6285
vn 0.2097 -0.2484 0.9457
vn -0.2095 -0.2520 -0.9448
vn 0.2164 -0.0000 0.9763
vn -0.2164 0.0000 -0.9763
usemtl Material
s 1
f 228/253/130 227/254/131 243/255/131 244/256/130
f 239/257/132 230/258/133 246/259/133 255/260/134
f 230/258/133 229/261/135 245/262/135 246/259/133
f 231/263/136 232/264/137 248/265/137 247/266/136
f 233/267/138 234/268/139 250/269/139 249/270/138
f 235/271/140 236/272/141 252/273/142 251/274/140
f 232/275/137 233/267/138 249/270/138 248/276/137
f 234/268/139 228/253/130 244/256/130 250/269/139
f 236/272/141 231/277/136 247/278/136 252/273/142
f 229/261/135 235/271/140 251/274/140 245/262/135
f 238/279/143 237/280/144 253/281/144 254/282/143
f 240/283/145 239/257/132 255/260/134 256/284/145
f 237/280/144 225/285/146 241/286/146 253/281/144
f 227/254/131 238/279/143 254/282/143 243/255/131
f 226/287/147 240/283/145 256/284/145 242/288/147
o Cube.108
v 102.928848 0.955880 -123.500351
v 102.874619 0.955880 -123.807961
v 102.958313 1.539277 -123.333244
v 102.962860 1.606324 -123.307442
v 102.840591 1.606324 -124.000885
v 102.845139 1.539277 -123.975075
v 102.863007 1.905707 -123.873764
v 102.940460 1.905707 -123.434540
v 102.958511 1.872471 -123.332123
v 102.962860 1.830545 -123.307442
v 102.840591 1.830545 -124.000885
v 102.844948 1.872471 -123.976212
v 102.928848 1.447088 -123.500336
v 102.933128 1.491623 -123.476044
v 102.870323 1.491623 -123.832283
v 102.874619 1.447088 -123.807961
v 113.424171 0.955880 -124.882088
v 113.396957 0.955880 -125.193253
v 113.438957 1.539277 -124.713058
v 113.441238 1.606324 -124.686951
v 113.379875 1.606324 -125.388412
v 113.382156 1.539277 -125.362305
v 113.391121 1.905707 -125.259827
v 113.430000 1.905707 -124.815521
v 113.439056 1.872471 -124.711914
v 113.441238 1.830545 -124.686951
v 113.379875 1.830545 -125.388412
v 113.382065 1.872471 -125.363457
v 113.424164 1.447088 -124.882080
v 113.426315 1.491623 -124.857498
v 113.394798 1.491623 -125.217857
v 113.396957 1.447088 -125.193253
vt 0.1677 0.7089
vt 0.1681 0.7088
vt 0.1681 0.7088
vt 0.1677 0.7089
vt 0.1682 0.7088
vt 0.1682 0.7088
vt 0.1121 0.6734
vt 0.1111 0.6734
vt 0.1111 0.6734
vt 0.1121 0.6734
vt 0.1663 0.7086
vt 0.1663 0.7086
vt 0.1663 0.7086
vt 0.1663 0.7086
vt 0.1682 0.7086
vt 0.1681 0.7086
vt 0.1681 0.7086
vt 0.1682 0.7086
vt 0.1668 0.7085
vt 0.1668 0.7085
vt 0.1663 0.7088
vt 0.1663 0.7088
vt 0.1677 0.7085
vt 0.1677 0.7085
vt 0.1667 0.7089
vt 0.1668 0.7089
vt 0.1668 0.7089
vt 0.1667 0.7089
vt 0.1677 0.7089
vt 0.1677 0.7089
vt 0.1668 0.7093
vt 0.1668 0.7093
vt 0.1663 0.7088
vt 0.1663 0.7088
vt 0.1677 0.7093
vt 0.1677 0.7093
vn -0.0824 -0.7753 -0.6261
vn -0.0906 -0.7201 -0.6879
vn -0.0824 -0.7753 -0.6262
vn -0.1283 -0.1841 -0.9745
vn -0.0207 0.9874 -0.1570
vn 0.0196 0.9887 0.1487
vn 0.0804 0.7879 0.6105
vn 0.1258 0.2678 0.9552
vn -0.1259 0.2640 -0.9563
vn -0.0820 0.7783 -0.6225
vn 0.1282 -0.1860 0.9741
vn 0.0840 -0.7652 0.6383
vn 0.1264 -0.2484 0.9604
vn -0.1263 -0.2520 -0.9595
vn 0.1305 -0.0000 0.9914
vn 0.0889 -0.7319 0.6756
vn 0.0889 -0.7319 0.6755
vn -0.1305 0.0000 -0.9914
usemtl Material
s 1
f 271/289/148 262/290/149 278/291/149 287/292/150
f 262/290/149 261/293/151 277/294/151 278/291/149
f 263/295/152 264/296/153 280/297/153 279/298/152
f 265/299/154 266/300/155 282/301/155 281/302/154
f 267/303/156 268/304/157 284/305/157 283/306/156
f 264/307/153 265/299/154 281/302/154 280/308/153
f 266/300/155 260/309/158 276/310/158 282/301/155
f 268/304/157 263/311/152 279/312/152 284/305/157
f 261/293/151 267/303/156 283/306/156 277/294/151
f 270/313/159 269/314/160 285/315/160 286/316/159
f 272/317/161 271/289/148 287/292/150 288/318/161
f 269/314/160 257/319/162 273/320/162 285/315/160
f 259/321/163 270/313/159 286/316/159 275/322/164
f 258/323/165 272/317/161 288/318/161 274/324/165
f 260/309/158 259/321/163 275/322/164 276/310/158
o Cube.107
v 113.424171 0.955880 -124.882088
v 113.396957 0.955880 -125.193253
v 113.438957 1.539277 -124.713058
v 113.441238 1.606324 -124.686951
v 113.379875 1.606324 -125.388412
v 113.382156 1.539277 -125.362305
v 113.391121 1.905707 -125.259827
v 113.430000 1.905707 -124.815521
v 113.439056 1.872471 -124.711914
v 113.441238 1.830545 -124.686951
v 113.379875 1.830545 -125.388412
v 113.382065 1.872471 -125.363457
v 113.424164 1.447088 -124.882080
v 113.426315 1.491623 -124.857498
v 113.394798 1.491623 -125.217857
v 113.396957 1.447088 -125.193253
v 123.999985 0.955880 -125.343842
v 123.999992 0.955880 -125.656197
v 123.999977 1.539277 -125.174164
v 123.999977 1.606324 -125.147957
v 123.999985 1.606324 -125.852104
v 123.999977 1.539277 -125.825897
v 123.999985 1.905707 -125.723022
v 123.999985 1.905707 -125.277016
v 123.999985 1.872471 -125.173019
v 123.999977 1.830545 -125.147957
v 123.999985 1.830545 -125.852104
v 123.999985 1.872471 -125.827042
v 123.999977 1.447088 -125.343826
v 123.999977 1.491623 -125.319153
v 123.999985 1.491623 -125.680893
v 123.999992 1.447088 -125.656197
vt 0.1677 0.7089
vt 0.1681 0.7088
vt 0.1681 0.7088
vt 0.1677 0.7089
vt 0.1682 0.7088
vt 0.1682 0.7088
vt 0.1121 0.6734
vt 0.1111 0.6734
vt 0.1111 0.6734
vt 0.1121 0.6734
vt 0.1663 0.7086
vt 0.1663 0.7086
vt 0.1663 0.7086
vt 0.1663 0.7086
vt 0.1682 0.7086
vt 0.1681 0.7086
vt 0.1681 0.7086
vt 0.1682 0.7086
vt 0.1668 0.7085
vt 0.1668 0.7085
vt 0.1663 0.7088
vt 0.1663 0.7088
vt 0.1677 0.7085
vt 0.1677 0.7085
vt 0.1667 0.7089
vt 0.1668 0.7089
vt 0.1668 0.7089
vt 0.1667 0.7089
vt 0.1677 0.7089
vt 0.1677 0.7089
vt 0.1668 0.7093
vt 0.1668 0.7093
vt 0.1663 0.7088
vt 0.1663 0.7088
vt 0.1677 0.7093
vt 0.1677 0.7093
vn -0.0275 -0.7753 -0.6309
vn -0.0303 -0.7201 -0.6932
vn -0.0276 -0.7753 -0.6310
vn -0.0429 -0.1841 -0.9820
vn -0.0069 0.9874 -0.1582
vn 0.0065 0.9887 0.1499
vn 0.0269 0.7879 0.6152
vn 0.0420 0.2678 0.9626
vn -0.0421 0.2640 -0.9636
vn -0.0274 0.7783 -0.6272
vn 0.0429 -0.1860 0.9816
vn 0.0281 -0.7652 0.6432
vn 0.0423 -0.2484 0.9677
vn 0.0281 -0.7652 0.6431
vn -0.0422 -0.2520 -0.9668
vn -0.0422 -0.2519 -0.9668
vn 0.0436 -0.0000 0.9990
vn 0.0297 -0.7319 0.6807
vn -0.0436 0.0000 -0.9990
usemtl Material
s 1
f 303/325/166 294/326/167 310/327/167 319/328/168
f 294/326/167 293/329/169 309/330/169 310/327/167
f 295/331/170 296/332/171 312/333/171 311/334/170
f 297/335/172 298/336/173 314/337/173 313/338/172
f 299/339/174 300/340/175 316/341/175 315/342/174
f 296/343/171 297/335/172 313/338/172 312/344/171
f 298/336/173 292/345/176 308/346/176 314/337/173
f 300/340/175 295/347/170 311/348/170 316/341/175
f 293/329/169 299/339/174 315/342/174 309/330/169
f 302/349/177 301/350/178 317/351/178 318/352/179
f 304/353/180 303/325/166 319/328/168 320/354/181
f 301/350/178 289/355/182 305/356/182 317/351/178
f 291/357/183 302/349/177 318/352/179 307/358/183
f 290/359/184 304/353/180 320/354/181 306/360/184
f 292/345/176 291/357/183 307/358/183 308/346/176
o Cube.106
v 123.999985 0.955880 -125.343842
v 123.999992 0.955880 -125.656197
v 123.999977 1.539277 -125.174164
v 123.999977 1.606324 -125.147957
v 123.999985 1.606324 -125.852104
v 123.999977 1.539277 -125.825897
v 123.999985 1.905707 -125.723022
v 123.999985 1.905707 -125.277016
v 123.999985 1.872471 -125.173019
v 123.999977 1.830545 -125.147957
v 123.999985 1.830545 -125.852104
v 123.999985 1.872471 -125.827042
v 123.999977 1.447088 -125.343826
v 123.999977 1.491623 -125.319153
v 123.999985 1.491623 -125.680893
v 123.999992 1.447088 -125.656197
v 127.999985 0.955858 -125.343773
v 127.999992 0.955858 -125.656128
v 127.999977 1.539255 -125.174088
v 127.999977 1.606303 -125.147888
v 127.999985 1.606303 -125.852036
v 127.999977 1.539255 -125.825821
v 127.999985 1.905685 -125.722946
v 127.999985 1.905685 -125.276947
v 127.999977 1.872449 -125.172943
v 127.999977 1.830523 -125.147888
v 127.999985 1.830523 -125.852036
v 127.999985 1.872449 -125.826973
v 127.999977 1.447066 -125.343758
v 127.999977 1.491602 -125.319084
v 127.999985 1.491602 -125.680824
v 127.999992 1.447066 -125.656128
vt 0.1668 0.7085
vt 0.1663 0.7086
vt 0.1663 0.7086
vt 0.1668 0.7085
vt 0.1663 0.7086
vt 0.1663 0.7088
vt 0.1663 0.7088
vt 0.1663 0.7086
vt 0.1681 0.7086
vt 0.1677 0.7085
vt 0.1677 0.7085
vt 0.1681 0.7086
vt 0.1682 0.7088
vt 0.1682 0.7086
vt 0.1682 0.7086
vt 0.1682 0.7088
vt 0.1667 0.7089
vt 0.1668 0.7089
vt 0.1668 0.7089
vt 0.1667 0.7089
vt 0.1677 0.7089
vt 0.1677 0.7089
vt 0.1677 0.7089
vt 0.1677 0.7089
vt 0.1668 0.7093
vt 0.1668 0.7093
vt 0.1663 0.7088
vt 0.1663 0.7088
vt 0.1677 0.7093
vt 0.1677 0.7093
vt 0.1681 0.7088
vt 0.1681 0.7088
vt 0.1121 0.6734
vt 0.1111 0.6734
vt 0.1111 0.6734
vt 0.1121 0.6734
vn 0.0000 0.9881 0.1540
vn -0.0000 0.7834 0.6215
vn -0.0000 0.2661 0.9639
vn -0.0000 -0.1852 0.9827
vn 0.0000 0.7834 -0.6215
vn 0.0000 0.9881 -0.1540
vn 0.0000 -0.1853 -0.9827
vn 0.0000 0.2661 -0.9639
vn -0.0000 -0.7705 0.6375
vn -0.0000 -0.2503 0.9682
vn 0.0000 -0.2505 -0.9681
vn 0.0000 -0.7706 -0.6373
vn 0.0000 -0.2504 -0.9681
vn -0.0000 -0.0000 1.0000
vn -0.0000 -0.7263 0.6874
vn 0.0000 0.0000 -1.0000
vn 0.0000 -0.7263 -0.6873
usemtl Material
s 1
f 328/361/185 329/362/186 345/363/186 344/364/185
f 330/365/187 324/366/188 340/367/188 346/368/187
f 332/369/189 327/370/190 343/371/190 348/372/189
f 325/373/191 331/374/192 347/375/192 341/376/191
f 334/377/193 333/378/194 349/379/194 350/380/193
f 336/381/195 335/382/196 351/383/196 352/384/197
f 333/378/194 321/385/198 337/386/198 349/379/194
f 323/387/199 334/377/193 350/380/193 339/388/199
f 322/389/200 336/381/195 352/384/197 338/390/200
f 324/366/188 323/387/199 339/388/199 340/367/188
f 335/382/196 326/391/201 342/392/201 351/383/196
f 326/391/201 325/373/191 341/376/191 342/392/201
f 327/393/190 328/394/185 344/395/185 343/396/190
f 329/362/186 330/365/187 346/368/187 345/363/186
f 331/374/192 332/369/189 348/372/189 347/375/192
o Cube.105
v 123.999985 0.955880 -117.343834
v 123.999985 0.955880 -117.656189
v 123.999985 1.539277 -117.174141
v 123.999977 1.606324 -117.147942
v 123.999985 1.606324 -117.852089
v 123.999985 1.539277 -117.825890
v 123.999977 1.905707 -117.723007
v 123.999985 1.905707 -117.277008
v 123.999985 1.872471 -117.173004
v 123.999977 1.830545 -117.147942
v 123.999985 1.830545 -117.852089
v 123.999985 1.872471 -117.827042
v 123.999977 1.447088 -117.343826
v 123.999985 1.491623 -117.319160
v 123.999985 1.491623 -117.680878
v 123.999985 1.447088 -117.656189
v 127.999985 0.955858 -117.343765
v 127.999992 0.955858 -117.656120
v 127.999985 1.539255 -117.174072
v 127.999977 1.606303 -117.147873
v 127.999985 1.606303 -117.852020
v 127.999992 1.539255 -117.825821
v 127.999977 1.905685 -117.722939
v 127.999985 1.905685 -117.276932
v 127.999985 1.872449 -117.172935
v 127.999977 1.830523 -117.147873
v 127.999985 1.830523 -117.852020
v 127.999992 1.872449 -117.826973
v 127.999977 1.447066 -117.343750
v 127.999985 1.491602 -117.319092
v 127.999985 1.491602 -117.680809
v 127.999992 1.447066 -117.656120
vt 0.1663 0.7079
vt 0.1667 0.7079
vt 0.1667 0.7079
vt 0.1663 0.7079
vt 0.1677 0.7084
vt 0.1677 0.7080
vt 0.1677 0.7080
vt 0.1677 0.7084
vt 0.1663 0.7078
vt 0.1663 0.7078
vt 0.1677 0.7079
vt 0.1681 0.7079
vt 0.1681 0.7079
vt 0.1677 0.7079
vt 0.1682 0.7078
vt 0.1682 0.7078
vt 0.1121 0.6724
vt 0.1111 0.6724
vt 0.1111 0.6724
vt 0.1121 0.6724
vt 0.1663 0.7076
vt 0.1663 0.7077
vt 0.1663 0.7077
vt 0.1663 0.7076
vt 0.1682 0.7077
vt 0.1681 0.7076
vt 0.1681 0.7076
vt 0.1682 0.7077
vt 0.1668 0.7076
vt 0.1668 0.7076
vt 0.1677 0.7076
vt 0.1677 0.7076
vt 0.1668 0.7080
vt 0.1668 0.7080
vt 0.1668 0.7084
vt 0.1668 0.7084
vn -0.0000 -0.7263 0.6874
vn -0.0000 -0.7704 0.6375
vn 0.0000 0.0000 -1.0000
vn 0.0000 -0.2504 -0.9681
vn -0.0000 -0.1852 0.9827
vn 0.0000 -0.7706 -0.6374
vn 0.0000 -0.7263 -0.6874
vn 0.0000 -0.1852 -0.9827
vn 0.0000 0.9881 -0.1540
vn 0.0000 0.9881 0.1540
vn -0.0000 0.7834 0.6215
vn -0.0000 0.2661 0.9639
vn -0.0000 0.2662 0.9639
vn 0.0000 0.2660 -0.9640
vn 0.0000 0.7834 -0.6216
vn -0.0000 -0.2502 0.9682
vn -0.0000 -0.0000 1.0000
usemtl Material
s 1
f 355/397/202 366/398/203 382/399/203 371/400/202
f 354/401/204 368/402/205 384/403/205 370/404/204
f 356/405/206 355/397/202 371/400/202 372/406/206
f 367/407/207 358/408/208 374/409/208 383/410/207
f 358/408/208 357/411/209 373/412/209 374/409/208
f 359/413/210 360/414/211 376/415/211 375/416/210
f 361/417/212 362/418/213 378/419/214 377/420/212
f 363/421/215 364/422/216 380/423/216 379/424/215
f 360/425/211 361/417/212 377/420/212 376/426/211
f 362/418/213 356/405/206 372/406/206 378/419/214
f 364/422/216 359/427/210 375/428/210 380/423/216
f 357/411/209 363/421/215 379/424/215 373/412/209
f 366/398/203 365/429/217 381/430/217 382/399/203
f 368/402/205 367/407/207 383/410/207 384/403/205
f 365/429/217 353/431/218 369/432/218 381/430/217
o Cube.104
v 114.121414 0.955880 -116.912521
v 114.094200 0.955880 -117.223694
v 114.136208 1.539277 -116.743477
v 114.138489 1.606324 -116.717369
v 114.077118 1.606324 -117.418839
v 114.079407 1.539277 -117.392738
v 114.088364 1.905707 -117.290253
v 114.127243 1.905707 -116.845947
v 114.136307 1.872471 -116.742348
v 114.138489 1.830545 -116.717369
v 114.077118 1.830545 -117.418839
v 114.079308 1.872471 -117.393890
v 114.121414 1.447088 -116.912506
v 114.123566 1.491623 -116.887947
v 114.092041 1.491623 -117.248283
v 114.094200 1.447088 -117.223694
v 123.999985 0.955880 -117.343834
v 123.999985 0.955880 -117.656189
v 123.999985 1.539277 -117.174141
v 123.999977 1.606324 -117.147942
v 123.999985 1.606324 -117.852089
v 123.999985 1.539277 -117.825890
v 123.999977 1.905707 -117.723007
v 123.999985 1.905707 -117.277008
v 123.999985 1.872471 -117.173004
v 123.999977 1.830545 -117.147942
v 123.999985 1.830545 -117.852089
v 123.999985 1.872471 -117.827042
v 123.999977 1.447088 -117.343826
v 123.999985 1.491623 -117.319160
v 123.999985 1.491623 -117.680878
v 123.999985 1.447088 -117.656189
vt 0.1663 0.7079
vt 0.1667 0.7079
vt 0.1667 0.7079
vt 0.1663 0.7079
vt 0.1677 0.7084
vt 0.1677 0.7080
vt 0.1677 0.7080
vt 0.1677 0.7084
vt 0.1663 0.7078
vt 0.1663 0.7078
vt 0.1677 0.7079
vt 0.1681 0.7079
vt 0.1681 0.7079
vt 0.1677 0.7079
vt 0.1682 0.7078
vt 0.1682 0.7078
vt 0.1121 0.6724
vt 0.1111 0.6724
vt 0.1111 0.6724
vt 0.1121 0.6724
vt 0.1663 0.7076
vt 0.1663 0.7077
vt 0.1663 0.7077
vt 0.1663 0.7076
vt 0.1682 0.7077
vt 0.1681 0.7076
vt 0.1681 0.7076
vt 0.1682 0.7077
vt 0.1668 0.7076
vt 0.1668 0.7076
vt 0.1677 0.7076
vt 0.1677 0.7076
vt 0.1668 0.7080
vt 0.1668 0.7080
vt 0.1668 0.7084
vt 0.1668 0.7084
vn 0.0297 -0.7319 0.6807
vn 0.0281 -0.7652 0.6432
vn 0.0297 -0.7320 0.6807
vn -0.0436 0.0000 -0.9990
vn -0.0422 -0.2519 -0.9668
vn 0.0429 -0.1860 0.9816
vn -0.0276 -0.7753 -0.6310
vn -0.0303 -0.7201 -0.6932
vn -0.0429 -0.1841 -0.9820
vn -0.0069 0.9874 -0.1582
vn 0.0065 0.9887 0.1499
vn 0.0269 0.7879 0.6152
vn 0.0420 0.2679 0.9625
vn 0.0269 0.7880 0.6151
vn -0.0421 0.2639 -0.9636
vn -0.0274 0.7783 -0.6273
vn 0.0423 -0.2483 0.9678
vn 0.0436 -0.0000 0.9990
usemtl Material
s 1
f 387/433/219 398/434/220 414/435/220 403/436/221
f 386/437/222 400/438/223 416/439/223 402/440/222
f 388/441/224 387/433/219 403/436/221 404/442/224
f 399/443/225 390/444/226 406/445/226 415/446/225
f 390/444/226 389/447/227 405/448/227 406/445/226
f 391/449/228 392/450/229 408/451/229 407/452/228
f 393/453/230 394/454/231 410/455/231 409/456/232
f 395/457/233 396/458/234 412/459/234 411/460/233
f 392/461/229 393/453/230 409/456/232 408/462/229
f 394/454/231 388/441/224 404/442/224 410/455/231
f 396/458/234 391/463/228 407/464/228 412/459/234
f 389/447/227 395/457/233 411/460/233 405/448/227
f 398/434/220 397/465/235 413/466/235 414/435/220
f 400/438/223 399/443/225 415/446/225 416/439/223
f 397/465/235 385/467/236 401/468/236 413/466/235
o Cube.103
v 104.318031 0.955880 -115.621880
v 104.263802 0.955880 -115.929489
v 104.347504 1.539277 -115.454758
v 104.352051 1.606324 -115.428955
v 104.229774 1.606324 -116.122406
v 104.234337 1.539277 -116.096603
v 104.252190 1.905707 -115.995293
v 104.329636 1.905707 -115.556068
v 104.347702 1.872471 -115.453651
v 104.352051 1.830545 -115.428955
v 104.229774 1.830545 -116.122406
v 104.234131 1.872471 -116.097748
v 104.318031 1.447088 -115.621872
v 104.322319 1.491623 -115.597580
v 104.259514 1.491623 -115.953796
v 104.263802 1.447088 -115.929489
v 114.121414 0.955880 -116.912521
v 114.094200 0.955880 -117.223694
v 114.136208 1.539277 -116.743477
v 114.138489 1.606324 -116.717369
v 114.077118 1.606324 -117.418839
v 114.079407 1.539277 -117.392738
v 114.088364 1.905707 -117.290253
v 114.127243 1.905707 -116.845947
v 114.136307 1.872471 -116.742348
v 114.138489 1.830545 -116.717369
v 114.077118 1.830545 -117.418839
v 114.079308 1.872471 -117.393890
v 114.121414 1.447088 -116.912506
v 114.123566 1.491623 -116.887947
v 114.092041 1.491623 -117.248283
v 114.094200 1.447088 -117.223694
vt 0.1681 0.7076
vt 0.1677 0.7076
vt 0.1677 0.7076
vt 0.1681 0.7076
vt 0.1682 0.7078
vt 0.1682 0.7077
vt 0.1682 0.7077
vt 0.1682 0.7078
vt 0.1667 0.7079
vt 0.1668 0.7080
vt 0.1668 0.7080
vt 0.1667 0.7079
vt 0.1677 0.7080
vt 0.1677 0.7079
vt 0.1677 0.7079
vt 0.1677 0.7080
vt 0.1668 0.7084
vt 0.1668 0.7084
vt 0.1663 0.7079
vt 0.1663 0.7079
vt 0.1677 0.7084
vt 0.1677 0.7084
vt 0.1663 0.7078
vt 0.1663 0.7078
vt 0.1681 0.7079
vt 0.1681 0.7079
vt 0.1121 0.6724
vt 0.1111 0.6724
vt 0.1111 0.6724
vt 0.1121 0.6724
vt 0.1663 0.7076
vt 0.1663 0.7077
vt 0.1663 0.7077
vt 0.1663 0.7076
vt 0.1668 0.7076
vt 0.1668 0.7076
vn -0.0820 0.7783 -0.6226
vn -0.0207 0.9874 -0.1570
vn -0.0820 0.7783 -0.6225
vn -0.1283 -0.1841 -0.9745
vn -0.1259 0.2639 -0.9563
vn 0.0840 -0.7652 0.6383
vn 0.1264 -0.2483 0.9604
vn -0.1263 -0.2518 -0.9595
vn -0.0824 -0.7752 -0.6263
vn -0.0825 -0.7752 -0.6263
vn 0.1305 -0.0000 0.9914
vn 0.0889 -0.7319 0.6755
vn -0.1305 0.0000 -0.9914
vn 0.1282 -0.1860 0.9741
vn -0.0906 -0.7201 -0.6879
vn 0.0196 0.9887 0.1487
vn 0.0804 0.7880 0.6104
vn 0.1258 0.2679 0.9552
usemtl Material
s 1
f 428/469/237 423/470/238 439/471/238 444/472/239
f 421/473/240 427/474/241 443/475/241 437/476/240
f 430/477/242 429/478/243 445/479/243 446/480/242
f 432/481/244 431/482/245 447/483/246 448/484/244
f 429/478/243 417/485/247 433/486/247 445/479/243
f 419/487/248 430/477/242 446/480/242 435/488/248
f 418/489/249 432/481/244 448/484/244 434/490/249
f 420/491/250 419/487/248 435/488/248 436/492/250
f 431/482/245 422/493/251 438/494/251 447/483/246
f 422/493/251 421/473/240 437/476/240 438/494/251
f 423/495/238 424/496/252 440/497/252 439/498/238
f 425/499/253 426/500/254 442/501/254 441/502/253
f 427/474/241 428/469/237 444/472/239 443/475/241
f 424/503/252 425/499/253 441/502/253 440/504/252
f 426/500/254 420/491/250 436/492/250 442/501/254
o Cube.102
v 94.664444 0.955880 -113.481728
v 94.583603 0.955880 -113.783440
v 94.708366 1.539277 -113.317810
v 94.715141 1.606324 -113.292496
v 94.532898 1.606324 -113.972656
v 94.539688 1.539277 -113.947350
v 94.566299 1.905707 -113.847977
v 94.681740 1.905707 -113.417175
v 94.708656 1.872471 -113.316719
v 94.715141 1.830545 -113.292496
v 94.532898 1.830545 -113.972656
v 94.539383 1.872471 -113.948471
v 94.664444 1.447088 -113.481720
v 94.670830 1.491623 -113.457886
v 94.577217 1.491623 -113.807281
v 94.583603 1.447088 -113.783440
v 104.318031 0.955880 -115.621880
v 104.263802 0.955880 -115.929489
v 104.347504 1.539277 -115.454758
v 104.352051 1.606324 -115.428955
v 104.229774 1.606324 -116.122406
v 104.234337 1.539277 -116.096603
v 104.252190 1.905707 -115.995293
v 104.329636 1.905707 -115.556068
v 104.347702 1.872471 -115.453651
v 104.352051 1.830545 -115.428955
v 104.229774 1.830545 -116.122406
v 104.234131 1.872471 -116.097748
v 104.318031 1.447088 -115.621872
v 104.322319 1.491623 -115.597580
v 104.259514 1.491623 -115.953796
v 104.263802 1.447088 -115.929489
vt 0.1681 0.7076
vt 0.1677 0.7076
vt 0.1677 0.7076
vt 0.1681 0.7076
vt 0.1682 0.7078
vt 0.1682 0.7077
vt 0.1682 0.7077
vt 0.1682 0.7078
vt 0.1667 0.7079
vt 0.1668 0.7080
vt 0.1668 0.7080
vt 0.1667 0.7079
vt 0.1677 0.7080
vt 0.1677 0.7079
vt 0.1677 0.7079
vt 0.1677 0.7080
vt 0.1668 0.7084
vt 0.1668 0.7084
vt 0.1663 0.7079
vt 0.1663 0.7079
vt 0.1677 0.7084
vt 0.1677 0.7084
vt 0.1663 0.7078
vt 0.1663 0.7078
vt 0.1681 0.7079
vt 0.1681 0.7079
vt 0.1121 0.6724
vt 0.1111 0.6724
vt 0.1111 0.6724
vt 0.1121 0.6724
vt 0.1663 0.7076
vt 0.1663 0.7077
vt 0.1663 0.7077
vt 0.1663 0.7076
vt 0.1668 0.7076
vt 0.1668 0.7076
vn -0.1359 0.7783 -0.6130
vn -0.0343 0.9874 -0.1546
vn -0.2127 -0.1841 -0.9596
vn -0.2088 0.2639 -0.9417
vn 0.1393 -0.7652 0.6285
vn 0.2097 -0.2484 0.9457
vn -0.2095 -0.2518 -0.9448
vn -0.1367 -0.7752 -0.6167
vn 0.2164 -0.0000 0.9763
vn 0.1475 -0.7319 0.6652
vn -0.2164 0.0000 -0.9763
vn 0.2127 -0.1860 0.9593
vn -0.1502 -0.7201 -0.6774
vn 0.0325 0.9887 0.1464
vn 0.1333 0.7880 0.6011
vn 0.2085 0.2679 0.9406
vn 0.2085 0.2680 0.9406
usemtl Material
s 1
f 460/505/255 455/506/256 471/507/256 476/508/255
f 453/509/257 459/510/258 475/511/258 469/512/257
f 462/513/259 461/514/260 477/515/260 478/516/259
f 464/517/261 463/518/262 479/519/262 480/520/261
f 461/514/260 449/521/263 465/522/263 477/515/260
f 451/523/264 462/513/259 478/516/259 467/524/264
f 450/525/265 464/517/261 480/520/261 466/526/265
f 452/527/266 451/523/264 467/524/264 468/528/266
f 463/518/262 454/529/267 470/530/267 479/519/262
f 454/529/267 453/509/257 469/512/257 470/530/267
f 455/531/256 456/532/268 472/533/268 471/534/256
f 457/535/269 458/536/270 474/537/271 473/538/269
f 459/510/258 460/505/255 476/508/255 475/511/258
f 456/539/268 457/535/269 473/538/269 472/540/268
f 458/536/270 452/527/266 468/528/266 474/537/271
o Cube.101
v 85.234116 0.955880 -110.508347
v 85.127289 0.955880 -110.801872
v 85.292160 1.539277 -110.348892
v 85.301117 1.606324 -110.324265
v 85.060280 1.606324 -110.985954
v 85.069252 1.539277 -110.961334
v 85.104431 1.905707 -110.864655
v 85.256973 1.905707 -110.445564
v 85.292542 1.872471 -110.347832
v 85.301117 1.830545 -110.324265
v 85.060280 1.830545 -110.985954
v 85.068863 1.872471 -110.962418
v 85.234116 1.447088 -110.508339
v 85.242554 1.491623 -110.485168
v 85.118851 1.491623 -110.825066
v 85.127289 1.447088 -110.801872
v 94.664444 0.955880 -113.481728
v 94.583603 0.955880 -113.783440
v 94.708366 1.539277 -113.317810
v 94.715141 1.606324 -113.292496
v 94.532898 1.606324 -113.972656
v 94.539688 1.539277 -113.947350
v 94.566299 1.905707 -113.847977
v 94.681740 1.905707 -113.417175
v 94.708656 1.872471 -113.316719
v 94.715141 1.830545 -113.292496
v 94.532898 1.830545 -113.972656
v 94.539383 1.872471 -113.948471
v 94.664444 1.447088 -113.481720
v 94.670830 1.491623 -113.457886
v 94.577217 1.491623 -113.807281
v 94.583603 1.447088 -113.783440
vt 0.1681 0.7076
vt 0.1677 0.7076
vt 0.1677 0.7076
vt 0.1681 0.7076
vt 0.1682 0.7078
vt 0.1682 0.7077
vt 0.1682 0.7077
vt 0.1682 0.7078
vt 0.1667 0.7079
vt 0.1668 0.7080
vt 0.1668 0.7080
vt 0.1667 0.7079
vt 0.1677 0.7080
vt 0.1677 0.7079
vt 0.1677 0.7079
vt 0.1677 0.7080
vt 0.1668 0.7084
vt 0.1668 0.7084
vt 0.1663 0.7079
vt 0.1663 0.7079
vt 0.1677 0.7084
vt 0.1677 0.7084
vt 0.1663 0.7078
vt 0.1663 0.7078
vt 0.1681 0.7079
vt 0.1681 0.7079
vt 0.1121 0.6724
vt 0.1111 0.6724
vt 0.1111 0.6724
vt 0.1121 0.6724
vt 0.1663 0.7076
vt 0.1663 0.7077
vt 0.1663 0.7077
vt 0.1663 0.7076
vt 0.1668 0.7076
vt 0.1668 0.7076
vn -0.1888 0.7783 -0.5989
vn -0.0476 0.9874 -0.1510
vn -0.1888 0.7783 -0.5988
vn -0.2956 -0.1841 -0.9374
vn -0.2900 0.2639 -0.9199
vn 0.1936 -0.7652 0.6140
vn 0.2913 -0.2483 0.9238
vn -0.2910 -0.2518 -0.9230
vn -0.1900 -0.7752 -0.6025
vn -0.1900 -0.7752 -0.6024
vn 0.3007 -0.0000 0.9537
vn 0.2049 -0.7320 0.6498
vn -0.3007 0.0000 -0.9537
vn 0.2955 -0.1860 0.9371
vn -0.2087 -0.7201 -0.6618
vn -0.2086 -0.7201 -0.6617
vn 0.0451 0.9887 0.1431
vn 0.1851 0.7880 0.5872
vn 0.2897 0.2680 0.9188
vn 0.1851 0.7880 0.5871
usemtl Material
s 1
f 492/541/272 487/542/273 503/543/273 508/544/274
f 485/545/275 491/546/276 507/547/276 501/548/275
f 494/549/277 493/550/278 509/551/278 510/552/277
f 496/553/279 495/554/280 511/555/281 512/556/279
f 493/550/278 481/557/282 497/558/282 509/551/278
f 483/559/283 494/549/277 510/552/277 499/560/283
f 482/561/284 496/553/279 512/556/279 498/562/284
f 484/563/285 483/559/283 499/560/283 500/564/285
f 495/554/280 486/565/286 502/566/287 511/555/281
f 486/565/286 485/545/275 501/548/275 502/566/287
f 487/567/273 488/568/288 504/569/288 503/570/273
f 489/571/289 490/572/290 506/573/290 505/574/291
f 491/546/276 492/541/272 508/544/274 507/547/276
f 488/575/288 489/571/289 505/574/291 504/576/288
f 490/572/290 484/563/285 500/564/285 506/573/290
o Cube.100
v 76.098816 0.955880 -106.724380
v 75.966820 0.955880 -107.007477
v 76.170532 1.539277 -106.570587
v 76.181602 1.606324 -106.546844
v 75.884018 1.606324 -107.185013
v 75.895103 1.539277 -107.161270
v 75.938568 1.905707 -107.068024
v 76.127060 1.905707 -106.663826
v 76.171013 1.872471 -106.569565
v 76.181602 1.830545 -106.546844
v 75.884018 1.830545 -107.185013
v 75.894615 1.872471 -107.162315
v 76.098816 1.447088 -106.724373
v 76.109253 1.491623 -106.702026
v 75.956383 1.491623 -107.029846
v 75.966820 1.447088 -107.007477
v 85.234116 0.955880 -110.508347
v 85.127289 0.955880 -110.801872
v 85.292160 1.539277 -110.348892
v 85.301117 1.606324 -110.324265
v 85.060280 1.606324 -110.985954
v 85.069252 1.539277 -110.961334
v 85.104431 1.905707 -110.864655
v 85.256973 1.905707 -110.445564
v 85.292542 1.872471 -110.347832
v 85.301117 1.830545 -110.324265
v 85.060280 1.830545 -110.985954
v 85.068863 1.872471 -110.962418
v 85.234116 1.447088 -110.508339
v 85.242554 1.491623 -110.485168
v 85.118851 1.491623 -110.825066
v 85.127289 1.447088 -110.801872
vt 0.1663 0.7077
vt 0.1663 0.7078
vt 0.1663 0.7078
vt 0.1663 0.7077
vt 0.1681 0.7076
vt 0.1677 0.7076
vt 0.1677 0.7076
vt 0.1681 0.7076
vt 0.1682 0.7078
vt 0.1682 0.7077
vt 0.1682 0.7077
vt 0.1682 0.7078
vt 0.1667 0.7079
vt 0.1668 0.7080
vt 0.1668 0.7080
vt 0.1667 0.7079
vt 0.1677 0.7080
vt 0.1677 0.7079
vt 0.1677 0.7079
vt 0.1677 0.7080
vt 0.1668 0.7084
vt 0.1668 0.7084
vt 0.1663 0.7079
vt 0.1663 0.7079
vt 0.1677 0.7084
vt 0.1677 0.7084
vt 0.1681 0.7079
vt 0.1681 0.7079
vt 0.1121 0.6724
vt 0.1111 0.6724
vt 0.1111 0.6724
vt 0.1121 0.6724
vt 0.1663 0.7076
vt 0.1663 0.7076
vt 0.1668 0.7076
vt 0.1668 0.7076
vn 0.3687 0.2679 0.8901
vn 0.3760 -0.1860 0.9078
vn -0.2403 0.7783 -0.5801
vn -0.0606 0.9874 -0.1463
vn -0.3761 -0.1841 -0.9081
vn -0.3691 0.2639 -0.8911
vn -0.3691 0.2640 -0.8911
vn 0.2464 -0.7652 0.5948
vn 0.3707 -0.2483 0.8950
vn 0.3707 -0.2483 0.8949
vn -0.3703 -0.2519 -0.8941
vn -0.2417 -0.7753 -0.5836
vn 0.3827 -0.0000 0.9239
vn 0.2608 -0.7319 0.6295
vn 0.2607 -0.7319 0.6295
vn -0.3827 0.0000 -0.9239
vn -0.2655 -0.7201 -0.6411
vn -0.2655 -0.7201 -0.6410
vn 0.0574 0.9887 0.1386
vn 0.2356 0.7880 0.5688
usemtl Material
s 1
f 522/577/292 516/578/293 532/579/293 538/580/292
f 524/581/294 519/582/295 535/583/295 540/584/294
f 517/585/296 523/586/297 539/587/298 533/588/296
f 526/589/299 525/590/300 541/591/301 542/592/299
f 528/593/302 527/594/303 543/595/303 544/596/302
f 525/590/300 513/597/304 529/598/304 541/591/301
f 515/599/305 526/589/299 542/592/299 531/600/306
f 514/601/307 528/593/302 544/596/302 530/602/307
f 516/578/293 515/599/305 531/600/306 532/579/293
f 527/594/303 518/603/308 534/604/309 543/595/303
f 518/603/308 517/585/296 533/588/296 534/604/309
f 519/605/295 520/606/310 536/607/310 535/608/295
f 521/609/311 522/577/292 538/580/292 537/610/311
f 523/586/297 524/581/294 540/584/294 539/587/298
f 520/611/310 521/609/311 537/610/311 536/612/310
o Cube.099
v 67.328079 0.955880 -102.158623
v 67.171906 0.955880 -102.429138
v 67.412926 1.539277 -102.011658
v 67.426025 1.606324 -101.988968
v 67.073952 1.606324 -102.598778
v 67.087059 1.539277 -102.576088
v 67.138489 1.905707 -102.486992
v 67.361488 1.905707 -102.100754
v 67.413490 1.872471 -102.010681
v 67.426025 1.830545 -101.988968
v 67.073952 1.830545 -102.598778
v 67.086479 1.872471 -102.577087
v 67.328079 1.447088 -102.158615
v 67.340416 1.491623 -102.137253
v 67.159561 1.491623 -102.450508
v 67.171906 1.447088 -102.429138
v 76.098816 0.955880 -106.724380
v 75.966820 0.955880 -107.007477
v 76.170532 1.539277 -106.570587
v 76.181602 1.606324 -106.546844
v 75.884018 1.606324 -107.185013
v 75.895103 1.539277 -107.161270
v 75.938568 1.905707 -107.068024
v 76.127060 1.905707 -106.663826
v 76.171013 1.872471 -106.569565
v 76.181602 1.830545 -106.546844
v 75.884018 1.830545 -107.185013
v 75.894615 1.872471 -107.162315
v 76.098816 1.447088 -106.724373
v 76.109253 1.491623 -106.702026
v 75.956383 1.491623 -107.029846
v 75.966820 1.447088 -107.007477
vt 0.1663 0.7077
vt 0.1663 0.7078
vt 0.1663 0.7078
vt 0.1663 0.7077
vt 0.1681 0.7076
vt 0.1677 0.7076
vt 0.1677 0.7076
vt 0.1681 0.7076
vt 0.1682 0.7078
vt 0.1682 0.7077
vt 0.1682 0.7077
vt 0.1682 0.7078
vt 0.1667 0.7079
vt 0.1668 0.7080
vt 0.1668 0.7080
vt 0.1667 0.7079
vt 0.1677 0.7080
vt 0.1677 0.7079
vt 0.1677 0.7079
vt 0.1677 0.7080
vt 0.1668 0.7084
vt 0.1668 0.7084
vt 0.1663 0.7079
vt 0.1663 0.7079
vt 0.1677 0.7084
vt 0.1677 0.7084
vt 0.1681 0.7079
vt 0.1681 0.7079
vt 0.1121 0.6724
vt 0.1111 0.6724
vt 0.1111 0.6724
vt 0.1121 0.6724
vt 0.1663 0.7076
vt 0.1663 0.7076
vt 0.1668 0.7076
vt 0.1668 0.7076
vn 0.4449 0.2679 0.8546
vn 0.4537 -0.1860 0.8715
vn -0.2899 0.7783 -0.5570
vn -0.0731 0.9874 -0.1404
vn -0.4539 -0.1841 -0.8719
vn -0.4454 0.2639 -0.8556
vn -0.4539 -0.1841 -0.8718
vn 0.2973 -0.7652 0.5710
vn 0.4473 -0.2483 0.8592
vn 0.4473 -0.2484 0.8592
vn -0.4469 -0.2518 -0.8584
vn -0.2917 -0.7753 -0.5603
vn -0.2917 -0.7752 -0.5603
vn 0.4617 -0.0000 0.8870
vn 0.3146 -0.7319 0.6044
vn -0.4617 0.0000 -0.8870
vn -0.3204 -0.7201 -0.6155
vn 0.0693 0.9887 0.1330
vn 0.2843 0.7880 0.5461
usemtl Material
s 1
f 554/613/312 548/614/313 564/615/313 570/616/312
f 556/617/314 551/618/315 567/619/315 572/620/314
f 549/621/316 555/622/317 571/623/317 565/624/318
f 558/625/319 557/626/320 573/627/321 574/628/319
f 560/629/322 559/630/323 575/631/324 576/632/322
f 557/626/320 545/633/325 561/634/325 573/627/321
f 547/635/326 558/625/319 574/628/319 563/636/326
f 546/637/327 560/629/322 576/632/322 562/638/327
f 548/614/313 547/635/326 563/636/326 564/615/313
f 559/630/323 550/639/328 566/640/328 575/631/324
f 550/639/328 549/621/316 565/624/318 566/640/328
f 551/641/315 552/642/329 568/643/329 567/644/315
f 553/645/330 554/613/312 570/616/312 569/646/330
f 555/622/317 556/617/314 572/620/314 571/623/317
f 552/647/329 553/645/330 569/646/330 568/648/329
o Cube.098
v 58.988647 0.955880 -96.845818
v 58.809494 0.955880 -97.101685
v 59.085983 1.539277 -96.706810
v 59.101006 1.606324 -96.685349
v 58.697128 1.606324 -97.262146
v 58.712166 1.539277 -97.240692
v 58.771164 1.905707 -97.156418
v 59.026978 1.905707 -96.791084
v 59.086632 1.872471 -96.705887
v 59.101006 1.830545 -96.685349
v 58.697128 1.830545 -97.262146
v 58.711494 1.872471 -97.241631
v 58.988647 1.447088 -96.845802
v 59.002808 1.491623 -96.825607
v 58.795341 1.491623 -97.121902
v 58.809494 1.447088 -97.101685
v 67.328079 0.955880 -102.158623
v 67.171906 0.955880 -102.429138
v 67.412926 1.539277 -102.011658
v 67.426025 1.606324 -101.988968
v 67.073952 1.606324 -102.598778
v 67.087059 1.539277 -102.576088
v 67.138489 1.905707 -102.486992
v 67.361488 1.905707 -102.100754
v 67.413490 1.872471 -102.010681
v 67.426025 1.830545 -101.988968
v 67.073952 1.830545 -102.598778
v 67.086479 1.872471 -102.577087
v 67.328079 1.447088 -102.158615
v 67.340416 1.491623 -102.137253
v 67.159561 1.491623 -102.450508
v 67.171906 1.447088 -102.429138
vt 0.1668 0.7076
vt 0.1663 0.7076
vt 0.1663 0.7076
vt 0.1668 0.7076
vt 0.1663 0.7077
vt 0.1663 0.7078
vt 0.1663 0.7078
vt 0.1663 0.7077
vt 0.1681 0.7076
vt 0.1677 0.7076
vt 0.1677 0.7076
vt 0.1681 0.7076
vt 0.1682 0.7078
vt 0.1682 0.7077
vt 0.1682 0.7077
vt 0.1682 0.7078
vt 0.1667 0.7079
vt 0.1668 0.7080
vt 0.1668 0.7080
vt 0.1667 0.7079
vt 0.1677 0.7080
vt 0.1677 0.7079
vt 0.1677 0.7079
vt 0.1677 0.7080
vt 0.1668 0.7084
vt 0.1668 0.7084
vt 0.1663 0.7079
vt 0.1663 0.7079
vt 0.1677 0.7084
vt 0.1677 0.7084
vt 0.1681 0.7079
vt 0.1681 0.7079
vt 0.1121 0.6724
vt 0.1111 0.6724
vt 0.1111 0.6724
vt 0.1121 0.6724
vn 0.0806 0.9887 0.1265
vn 0.3308 0.7880 0.5193
vn 0.5177 0.2679 0.8126
vn 0.5279 -0.1860 0.8287
vn -0.3374 0.7783 -0.5296
vn -0.0851 0.9874 -0.1335
vn -0.5281 -0.1841 -0.8290
vn -0.5183 0.2639 -0.8135
vn 0.3459 -0.7652 0.5430
vn 0.5205 -0.2483 0.8170
vn -0.5200 -0.2518 -0.8162
vn -0.3394 -0.7752 -0.5328
vn 0.5373 -0.0000 0.8434
vn 0.3661 -0.7319 0.5747
vn -0.5373 0.0000 -0.8434
vn -0.3728 -0.7201 -0.5852
usemtl Material
s 1
f 584/649/331 585/650/332 601/651/332 600/652/331
f 586/653/333 580/654/334 596/655/334 602/656/333
f 588/657/335 583/658/336 599/659/336 604/660/335
f 581/661/337 587/662/338 603/663/338 597/664/337
f 590/665/339 589/666/340 605/667/340 606/668/339
f 592/669/341 591/670/342 607/671/342 608/672/341
f 589/666/340 577/673/343 593/674/343 605/667/340
f 579/675/344 590/665/339 606/668/339 595/676/344
f 578/677/345 592/669/341 608/672/341 594/678/345
f 580/654/334 579/675/344 595/676/344 596/655/334
f 591/670/342 582/679/346 598/680/346 607/671/342
f 582/679/346 581/661/337 597/664/337 598/680/346
f 583/681/336 584/682/331 600/683/331 599/684/336
f 585/650/332 586/653/333 602/656/333 601/651/332
f 587/662/338 588/657/335 604/660/335 603/663/338
o Cube.097
v 51.143997 0.955880 -90.826401
v 50.943214 0.955880 -91.065681
v 51.253067 1.539277 -90.696404
v 51.269913 1.606324 -90.676331
v 50.817291 1.606324 -91.215736
v 50.834145 1.539277 -91.195671
v 50.900269 1.905707 -91.116859
v 51.186935 1.905707 -90.775215
v 51.253799 1.872471 -90.695534
v 51.269913 1.830545 -90.676331
v 50.817291 1.830545 -91.215736
v 50.833397 1.872471 -91.196548
v 51.143997 1.447088 -90.826385
v 51.159859 1.491623 -90.807495
v 50.927361 1.491623 -91.084587
v 50.943214 1.447088 -91.065681
v 58.988647 0.955880 -96.845818
v 58.809494 0.955880 -97.101685
v 59.085983 1.539277 -96.706810
v 59.101006 1.606324 -96.685349
v 58.697128 1.606324 -97.262146
v 58.712166 1.539277 -97.240692
v 58.771164 1.905707 -97.156418
v 59.026978 1.905707 -96.791084
v 59.086632 1.872471 -96.705887
v 59.101006 1.830545 -96.685349
v 58.697128 1.830545 -97.262146
v 58.711494 1.872471 -97.241631
v 58.988647 1.447088 -96.845802
v 59.002808 1.491623 -96.825607
v 58.795341 1.491623 -97.121902
v 58.809494 1.447088 -97.101685
vt 0.1668 0.7076
vt 0.1663 0.7076
vt 0.1663 0.7076
vt 0.1668 0.7076
vt 0.1663 0.7077
vt 0.1663 0.7078
vt 0.1663 0.7078
vt 0.1663 0.7077
vt 0.1681 0.7076
vt 0.1677 0.7076
vt 0.1677 0.7076
vt 0.1681 0.7076
vt 0.1682 0.7078
vt 0.1682 0.7077
vt 0.1682 0.7077
vt 0.1682 0.7078
vt 0.1667 0.7079
vt 0.1668 0.7080
vt 0.1668 0.7080
vt 0.1667 0.7079
vt 0.1677 0.7080
vt 0.1677 0.7079
vt 0.1677 0.7079
vt 0.1677 0.7080
vt 0.1668 0.7084
vt 0.1668 0.7084
vt 0.1663 0.7079
vt 0.1663 0.7079
vt 0.1677 0.7084
vt 0.1677 0.7084
vt 0.1681 0.7079
vt 0.1681 0.7079
vt 0.1121 0.6724
vt 0.1111 0.6724
vt 0.1111 0.6724
vt 0.1121 0.6724
vn 0.0913 0.9887 0.1190
vn 0.3748 0.7880 0.4885
vn 0.5865 0.2679 0.7644
vn 0.5981 -0.1860 0.7795
vn -0.3822 0.7783 -0.4981
vn -0.0964 0.9874 -0.1256
vn -0.5984 -0.1841 -0.7798
vn -0.5872 0.2639 -0.7652
vn 0.3919 -0.7652 0.5108
vn 0.5897 -0.2483 0.7685
vn 0.5897 -0.2484 0.7685
vn 0.3919 -0.7652 0.5107
vn -0.5891 -0.2518 -0.7678
vn -0.3846 -0.7752 -0.5012
vn -0.3845 -0.7752 -0.5011
vn 0.6088 -0.0000 0.7934
vn 0.4148 -0.7319 0.5406
vn -0.6088 0.0000 -0.7934
vn -0.4224 -0.7201 -0.5505
usemtl Material
s 1
f 616/685/347 617/686/348 633/687/348 632/688/347
f 618/689/349 612/690/350 628/691/350 634/692/349
f 620/693/351 615/694/352 631/695/352 636/696/351
f 613/697/353 619/698/354 635/699/354 629/700/353
f 622/701/355 621/702/356 637/703/357 638/704/358
f 624/705/359 623/706/360 639/707/361 640/708/359
f 621/702/356 609/709/362 625/710/362 637/703/357
f 611/711/363 622/701/355 638/704/358 627/712/363
f 610/713/364 624/705/359 640/708/359 626/714/364
f 612/690/350 611/711/363 627/712/363 628/691/350
f 623/706/360 614/715/365 630/716/365 639/707/361
f 614/715/365 613/697/353 629/700/353 630/716/365
f 615/717/352 616/718/347 632/719/347 631/720/352
f 617/686/348 618/689/349 634/692/349 633/687/348
f 619/698/354 620/693/351 636/696/351 635/699/354
o Cube.096
v 43.853821 0.955880 -84.146179
v 43.632942 0.955880 -84.367050
v 43.973801 1.539277 -84.026184
v 43.992325 1.606324 -84.007660
v 43.494431 1.606324 -84.505562
v 43.512970 1.539277 -84.487038
v 43.585709 1.905707 -84.414291
v 43.901062 1.905707 -84.098930
v 43.974609 1.872471 -84.025375
v 43.992325 1.830545 -84.007660
v 43.494431 1.830545 -84.505562
v 43.512138 1.872471 -84.487854
v 43.853821 1.447088 -84.146172
v 43.871262 1.491623 -84.128731
v 43.615501 1.491623 -84.384506
v 43.632942 1.447088 -84.367050
v 51.143997 0.955880 -90.826401
v 50.943214 0.955880 -91.065681
v 51.253067 1.539277 -90.696404
v 51.269913 1.606324 -90.676331
v 50.817291 1.606324 -91.215736
v 50.834145 1.539277 -91.195671
v 50.900269 1.905707 -91.116859
v 51.186935 1.905707 -90.775215
v 51.253799 1.872471 -90.695534
v 51.269913 1.830545 -90.676331
v 50.817291 1.830545 -91.215736
v 50.833397 1.872471 -91.196548
v 51.143997 1.447088 -90.826385
v 51.159859 1.491623 -90.807495
v 50.927361 1.491623 -91.084587
v 50.943214 1.447088 -91.065681
vt 0.1668 0.7076
vt 0.1663 0.7076
vt 0.1663 0.7076
vt 0.1668 0.7076
vt 0.1663 0.7077
vt 0.1663 0.7078
vt 0.1663 0.7078
vt 0.1663 0.7077
vt 0.1681 0.7076
vt 0.1677 0.7076
vt 0.1677 0.7076
vt 0.1681 0.7076
vt 0.1682 0.7078
vt 0.1682 0.7077
vt 0.1682 0.7077
vt 0.1682 0.7078
vt 0.1667 0.7079
vt 0.1668 0.7080
vt 0.1668 0.7080
vt 0.1667 0.7079
vt 0.1677 0.7080
vt 0.1677 0.7079
vt 0.1677 0.7079
vt 0.1677 0.7080
vt 0.1668 0.7084
vt 0.1668 0.7084
vt 0.1663 0.7079
vt 0.1663 0.7079
vt 0.1677 0.7084
vt 0.1677 0.7084
vt 0.1681 0.7079
vt 0.1681 0.7079
vt 0.1121 0.6724
vt 0.1111 0.6724
vt 0.1111 0.6724
vt 0.1121 0.6724
vn 0.1013 0.9887 0.1106
vn 0.4160 0.7879 0.4540
vn 0.6509 0.2678 0.7103
vn 0.6638 -0.1860 0.7244
vn -0.4242 0.7783 -0.4629
vn -0.1070 0.9874 -0.1167
vn -0.6640 -0.1841 -0.7247
vn -0.6516 0.2639 -0.7111
vn 0.4350 -0.7652 0.4747
vn 0.6544 -0.2483 0.7142
vn 0.4349 -0.7652 0.4747
vn -0.6538 -0.2517 -0.7135
vn -0.4268 -0.7752 -0.4658
vn -0.4268 -0.7752 -0.4657
vn -0.6538 -0.2518 -0.7135
vn 0.6756 -0.0000 0.7373
vn 0.4603 -0.7319 0.5024
vn -0.6756 0.0000 -0.7373
vn -0.4688 -0.7201 -0.5116
usemtl Material
s 1
f 648/721/366 649/722/367 665/723/367 664/724/366
f 650/725/368 644/726/369 660/727/369 666/728/368
f 652/729/370 647/730/371 663/731/371 668/732/370
f 645/733/372 651/734/373 667/735/373 661/736/372
f 654/737/374 653/738/375 669/739/375 670/740/376
f 656/741/377 655/742/378 671/743/379 672/744/380
f 653/738/375 641/745/381 657/746/381 669/739/375
f 643/747/382 654/737/374 670/740/376 659/748/382
f 642/749/383 656/741/377 672/744/380 658/750/383
f 644/726/369 643/747/382 659/748/382 660/727/369
f 655/742/378 646/751/384 662/752/384 671/743/379
f 646/751/384 645/733/372 661/736/372 662/752/384
f 647/753/371 648/754/366 664/755/366 663/756/371
f 649/722/367 650/725/368 666/728/368 665/723/367
f 651/734/373 652/729/370 668/732/370 667/735/373
o Cube.095
v 37.173599 0.955880 -76.855988
v 36.934319 0.955880 -77.056778
v 37.303581 1.539277 -76.746918
v 37.323654 1.606324 -76.730072
v 36.784256 1.606324 -77.182693
v 36.804337 1.539277 -77.165848
v 36.883148 1.905707 -77.099716
v 37.224777 1.905707 -76.813042
v 37.304466 1.872471 -76.746178
v 37.323654 1.830545 -76.730072
v 36.784256 1.830545 -77.182693
v 36.803444 1.872471 -77.166588
v 37.173599 1.447088 -76.855988
v 37.192505 1.491623 -76.840134
v 36.915421 1.491623 -77.072639
v 36.934319 1.447088 -77.056778
v 43.853821 0.955880 -84.146179
v 43.632942 0.955880 -84.367050
v 43.973801 1.539277 -84.026184
v 43.992325 1.606324 -84.007660
v 43.494431 1.606324 -84.505562
v 43.512970 1.539277 -84.487038
v 43.585709 1.905707 -84.414291
v 43.901062 1.905707 -84.098930
v 43.974609 1.872471 -84.025375
v 43.992325 1.830545 -84.007660
v 43.494431 1.830545 -84.505562
v 43.512138 1.872471 -84.487854
v 43.853821 1.447088 -84.146172
v 43.871262 1.491623 -84.128731
v 43.615501 1.491623 -84.384506
v 43.632942 1.447088 -84.367050
vt 0.1682 0.7077
vt 0.1681 0.7076
vt 0.1681 0.7076
vt 0.1682 0.7077
vt 0.1668 0.7076
vt 0.1663 0.7076
vt 0.1663 0.7076
vt 0.1668 0.7076
vt 0.1663 0.7077
vt 0.1663 0.7078
vt 0.1663 0.7078
vt 0.1663 0.7077
vt 0.1677 0.7076
vt 0.1677 0.7076
vt 0.1682 0.7078
vt 0.1682 0.7078
vt 0.1667 0.7079
vt 0.1668 0.7080
vt 0.1668 0.7080
vt 0.1667 0.7079
vt 0.1677 0.7080
vt 0.1677 0.7079
vt 0.1677 0.7079
vt 0.1677 0.7080
vt 0.1668 0.7084
vt 0.1668 0.7084
vt 0.1663 0.7079
vt 0.1663 0.7079
vt 0.1677 0.7084
vt 0.1677 0.7084
vt 0.1681 0.7079
vt 0.1681 0.7079
vt 0.1121 0.6724
vt 0.1111 0.6724
vt 0.1111 0.6724
vt 0.1121 0.6724
vn -0.7111 0.2639 -0.6516
vn -0.4629 0.7783 -0.4242
vn 0.1106 0.9887 0.1013
vn 0.4540 0.7879 0.4160
vn 0.7104 0.2677 0.6509
vn 0.7244 -0.1860 0.6638
vn -0.1167 0.9874 -0.1070
vn -0.1167 0.9874 -0.1069
vn -0.7247 -0.1842 -0.6640
vn 0.4747 -0.7652 0.4349
vn 0.7142 -0.2483 0.6544
vn -0.7135 -0.2518 -0.6538
vn -0.4658 -0.7752 -0.4268
vn -0.4657 -0.7752 -0.4268
vn 0.7373 0.0000 0.6756
vn 0.5024 -0.7319 0.4603
vn -0.7373 0.0000 -0.6756
vn -0.5115 -0.7201 -0.4687
vn -0.5115 -0.7202 -0.4687
usemtl Material
s 1
f 683/757/385 684/758/386 700/759/386 699/760/385
f 680/761/387 681/762/388 697/763/388 696/764/387
f 682/765/389 676/766/390 692/767/390 698/768/389
f 684/758/386 679/769/391 695/770/392 700/759/386
f 677/771/393 683/757/385 699/760/385 693/772/393
f 686/773/394 685/774/395 701/775/395 702/776/394
f 688/777/396 687/778/397 703/779/398 704/780/396
f 685/774/395 673/781/399 689/782/399 701/775/395
f 675/783/400 686/773/394 702/776/394 691/784/400
f 674/785/401 688/777/396 704/780/396 690/786/401
f 676/766/390 675/783/400 691/784/400 692/767/390
f 687/778/397 678/787/402 694/788/403 703/779/398
f 678/787/402 677/771/393 693/772/393 694/788/403
f 679/789/391 680/790/387 696/791/387 695/792/392
f 681/762/388 682/765/389 698/768/389 697/763/388
o Cube.094
v 24.600967 0.955880 -73.599945
v 24.345108 0.955880 -73.779106
v 24.739960 1.539277 -73.502609
v 24.761421 1.606324 -73.487587
v 24.184639 1.606324 -73.891464
v 24.206093 1.539277 -73.876434
v 24.290359 1.905707 -73.817429
v 24.655701 1.905707 -73.561615
v 24.740891 1.872471 -73.501953
v 24.761421 1.830545 -73.487587
v 24.184639 1.830545 -73.891464
v 24.205154 1.872471 -73.877098
v 24.600967 1.447088 -73.599937
v 24.621178 1.491623 -73.585785
v 24.324875 1.491623 -73.793266
v 24.345108 1.447088 -73.779106
v 31.045242 0.955880 -81.998291
v 30.805969 0.955880 -82.199074
v 31.175224 1.539277 -81.889221
v 31.195290 1.606324 -81.872375
v 30.655899 1.606324 -82.324982
v 30.675964 1.539277 -82.308144
v 30.754776 1.905707 -82.242020
v 31.096420 1.905707 -81.955338
v 31.176094 1.872471 -81.888481
v 31.195290 1.830545 -81.872375
v 30.655899 1.830545 -82.324982
v 30.675087 1.872471 -82.308891
v 31.045242 1.447088 -81.998283
v 31.064133 1.491623 -81.982422
v 30.787048 1.491623 -82.214935
v 30.805969 1.447088 -82.199074
vt 0.1677 0.7089
vt 0.1677 0.7089
vt 0.1677 0.7089
vt 0.1677 0.7089
vt 0.1668 0.7089
vt 0.1668 0.7093
vt 0.1668 0.7093
vt 0.1668 0.7089
vt 0.1663 0.7088
vt 0.1667 0.7089
vt 0.1667 0.7089
vt 0.1663 0.7088
vt 0.1677 0.7093
vt 0.1677 0.7093
vt 0.1663 0.7088
vt 0.1663 0.7088
vt 0.1681 0.7088
vt 0.1681 0.7088
vt 0.1682 0.7088
vt 0.1682 0.7088
vt 0.1121 0.6734
vt 0.1111 0.6734
vt 0.1111 0.6734
vt 0.1121 0.6734
vt 0.1663 0.7086
vt 0.1663 0.7086
vt 0.1663 0.7086
vt 0.1663 0.7086
vt 0.1682 0.7086
vt 0.1681 0.7086
vt 0.1681 0.7086
vt 0.1682 0.7086
vt 0.1668 0.7085
vt 0.1668 0.7085
vt 0.1677 0.7085
vt 0.1677 0.7085
vn -0.7678 -0.2519 -0.5891
vn -0.5011 -0.7753 -0.3845
vn 0.7685 -0.2484 0.5897
vn 0.7934 -0.0000 0.6088
vn 0.7685 -0.2483 0.5897
vn 0.5406 -0.7319 0.4148
vn 0.5107 -0.7652 0.3919
vn 0.5108 -0.7652 0.3919
vn -0.7934 0.0000 -0.6088
vn 0.7795 -0.1859 0.5981
vn -0.5505 -0.7201 -0.4224
vn -0.7798 -0.1841 -0.5984
vn -0.1256 0.9874 -0.0964
vn 0.1190 0.9887 0.0913
vn 0.4885 0.7879 0.3749
vn 0.7644 0.2678 0.5865
vn -0.7652 0.2639 -0.5872
vn -0.4982 0.7783 -0.3822
usemtl Material
s 1
f 720/793/404 719/794/405 735/795/405 736/796/404
f 717/797/406 705/798/407 721/799/407 733/800/408
f 707/801/409 718/802/410 734/803/411 723/804/409
f 706/805/412 720/793/404 736/796/404 722/806/412
f 708/807/413 707/801/409 723/804/409 724/808/413
f 719/794/405 710/809/414 726/810/414 735/795/405
f 710/809/414 709/811/415 725/812/415 726/810/414
f 711/813/416 712/814/417 728/815/417 727/816/416
f 713/817/418 714/818/419 730/819/419 729/820/418
f 715/821/420 716/822/421 732/823/421 731/824/420
f 712/825/417 713/817/418 729/820/418 728/826/417
f 714/818/419 708/807/413 724/808/413 730/819/419
f 716/822/421 711/827/416 727/828/416 732/823/421
f 709/811/415 715/821/420 731/824/420 725/812/415
f 718/802/410 717/797/406 733/800/408 734/803/411
o Cube.093
v 31.154190 0.955880 -69.011337
v 30.898315 0.955880 -69.190498
v 31.293182 1.539277 -68.914001
v 31.314651 1.606324 -68.898979
v 30.737846 1.606324 -69.302849
v 30.759315 1.539277 -69.287819
v 30.843590 1.905707 -69.228821
v 31.208916 1.905707 -68.973007
v 31.294121 1.872471 -68.913338
v 31.314651 1.830545 -68.898972
v 30.737846 1.830545 -69.302849
v 30.758369 1.872471 -69.288490
v 31.154190 1.447088 -69.011330
v 31.174393 1.491623 -68.997177
v 30.878098 1.491623 -69.204651
v 30.898315 1.447088 -69.190498
v 37.173599 0.955880 -76.855988
v 36.934319 0.955880 -77.056778
v 37.303581 1.539277 -76.746918
v 37.323654 1.606324 -76.730072
v 36.784256 1.606324 -77.182693
v 36.804337 1.539277 -77.165848
v 36.883148 1.905707 -77.099716
v 37.224777 1.905707 -76.813042
v 37.304466 1.872471 -76.746178
v 37.323654 1.830545 -76.730072
v 36.784256 1.830545 -77.182693
v 36.803444 1.872471 -77.166588
v 37.173599 1.447088 -76.855988
v 37.192505 1.491623 -76.840134
v 36.915421 1.491623 -77.072639
v 36.934319 1.447088 -77.056778
vt 0.1682 0.7077
vt 0.1681 0.7076
vt 0.1681 0.7076
vt 0.1682 0.7077
vt 0.1668 0.7076
vt 0.1663 0.7076
vt 0.1663 0.7076
vt 0.1668 0.7076
vt 0.1663 0.7077
vt 0.1663 0.7078
vt 0.1663 0.7078
vt 0.1663 0.7077
vt 0.1677 0.7076
vt 0.1677 0.7076
vt 0.1682 0.7078
vt 0.1682 0.7078
vt 0.1667 0.7079
vt 0.1668 0.7080
vt 0.1668 0.7080
vt 0.1667 0.7079
vt 0.1677 0.7080
vt 0.1677 0.7079
vt 0.1677 0.7079
vt 0.1677 0.7080
vt 0.1668 0.7084
vt 0.1668 0.7084
vt 0.1663 0.7079
vt 0.1663 0.7079
vt 0.1677 0.7084
vt 0.1677 0.7084
vt 0.1681 0.7079
vt 0.1681 0.7079
vt 0.1121 0.6724
vt 0.1111 0.6724
vt 0.1111 0.6724
vt 0.1121 0.6724
vn -0.7652 0.2639 -0.5872
vn -0.4981 0.7783 -0.3822
vn 0.1190 0.9887 0.0913
vn 0.4885 0.7879 0.3749
vn 0.4886 0.7879 0.3749
vn 0.7644 0.2678 0.5865
vn 0.7795 -0.1860 0.5981
vn 0.7644 0.2677 0.5865
vn -0.1256 0.9874 -0.0964
vn -0.7798 -0.1841 -0.5984
vn 0.5107 -0.7652 0.3919
vn 0.7685 -0.2484 0.5897
vn -0.7678 -0.2518 -0.5891
vn -0.5012 -0.7752 -0.3846
vn 0.7934 0.0000 0.6088
vn 0.5406 -0.7320 0.4148
vn -0.7934 0.0000 -0.6088
vn -0.5505 -0.7201 -0.4224
usemtl Material
s 1
f 747/829/422 748/830/423 764/831/423 763/832/422
f 744/833/424 745/834/425 761/835/426 760/836/424
f 746/837/427 740/838/428 756/839/428 762/840/429
f 748/830/423 743/841/430 759/842/430 764/831/423
f 741/843/431 747/829/422 763/832/422 757/844/431
f 750/845/432 749/846/433 765/847/433 766/848/432
f 752/849/434 751/850/435 767/851/435 768/852/434
f 749/846/433 737/853/436 753/854/436 765/847/433
f 739/855/437 750/845/432 766/848/432 755/856/437
f 738/857/438 752/849/434 768/852/434 754/858/438
f 740/838/428 739/855/437 755/856/437 756/839/428
f 751/850/435 742/859/439 758/860/439 767/851/435
f 742/859/439 741/843/431 757/844/431 758/860/439
f 743/861/430 744/862/424 760/863/424 759/864/430
f 745/834/425 746/837/427 762/840/429 761/835/426
o Cube.092
v 25.841385 0.955880 -60.671902
v 25.570869 0.955880 -60.828083
v 25.988327 1.539277 -60.587059
v 26.011032 1.606324 -60.573956
v 25.401222 1.606324 -60.926022
v 25.423920 1.539277 -60.912922
v 25.513016 1.905707 -60.861488
v 25.899246 1.905707 -60.638489
v 25.989334 1.872471 -60.586472
v 26.011032 1.830545 -60.573952
v 25.401222 1.830545 -60.926022
v 25.422913 1.872471 -60.913498
v 25.841385 1.447088 -60.671898
v 25.862755 1.491623 -60.659561
v 25.549500 1.491623 -60.840416
v 25.570869 1.447088 -60.828083
v 31.154190 0.955880 -69.011337
v 30.898315 0.955880 -69.190498
v 31.293182 1.539277 -68.914001
v 31.314651 1.606324 -68.898979
v 30.737846 1.606324 -69.302849
v 30.759315 1.539277 -69.287819
v 30.843590 1.905707 -69.228821
v 31.208916 1.905707 -68.973007
v 31.294121 1.872471 -68.913338
v 31.314651 1.830545 -68.898972
v 30.737846 1.830545 -69.302849
v 30.758369 1.872471 -69.288490
v 31.154190 1.447088 -69.011330
v 31.174393 1.491623 -68.997177
v 30.878098 1.491623 -69.204651
v 30.898315 1.447088 -69.190498
vt 0.1663 0.7076
vt 0.1663 0.7077
vt 0.1663 0.7077
vt 0.1663 0.7076
vt 0.1682 0.7077
vt 0.1681 0.7076
vt 0.1681 0.7076
vt 0.1682 0.7077
vt 0.1668 0.7076
vt 0.1668 0.7076
vt 0.1663 0.7078
vt 0.1663 0.7078
vt 0.1677 0.7076
vt 0.1677 0.7076
vt 0.1682 0.7078
vt 0.1682 0.7078
vt 0.1667 0.7079
vt 0.1668 0.7080
vt 0.1668 0.7080
vt 0.1667 0.7079
vt 0.1677 0.7080
vt 0.1677 0.7079
vt 0.1677 0.7079
vt 0.1677 0.7080
vt 0.1668 0.7084
vt 0.1668 0.7084
vt 0.1663 0.7079
vt 0.1663 0.7079
vt 0.1677 0.7084
vt 0.1677 0.7084
vt 0.1681 0.7079
vt 0.1681 0.7079
vt 0.1121 0.6724
vt 0.1111 0.6724
vt 0.1111 0.6724
vt 0.1121 0.6724
vn 0.5194 0.7879 0.3309
vn 0.8126 0.2678 0.5177
vn 0.8126 0.2677 0.5177
vn -0.8135 0.2639 -0.5183
vn -0.5296 0.7783 -0.3374
vn -0.5295 0.7783 -0.3374
vn -0.8135 0.2639 -0.5182
vn 0.1265 0.9887 0.0806
vn 0.8287 -0.1860 0.5279
vn -0.1335 0.9874 -0.0851
vn -0.8290 -0.1841 -0.5281
vn 0.5430 -0.7652 0.3459
vn 0.8170 -0.2484 0.5205
vn -0.8162 -0.2518 -0.5200
vn -0.5328 -0.7752 -0.3394
vn 0.8434 -0.0000 0.5373
vn 0.5746 -0.7320 0.3661
vn 0.5747 -0.7319 0.3661
vn -0.8434 0.0000 -0.5373
vn -0.5852 -0.7201 -0.3728
usemtl Material
s 1
f 777/865/440 778/866/441 794/867/442 793/868/440
f 779/869/443 780/870/444 796/871/445 795/872/446
f 776/873/447 777/865/440 793/868/440 792/874/447
f 778/866/441 772/875/448 788/876/448 794/867/442
f 780/870/444 775/877/449 791/878/449 796/871/445
f 773/879/450 779/869/443 795/872/446 789/880/450
f 782/881/451 781/882/452 797/883/452 798/884/451
f 784/885/453 783/886/454 799/887/454 800/888/453
f 781/882/452 769/889/455 785/890/455 797/883/452
f 771/891/456 782/881/451 798/884/451 787/892/457
f 770/893/458 784/885/453 800/888/453 786/894/458
f 772/875/448 771/891/456 787/892/457 788/876/448
f 783/886/454 774/895/459 790/896/459 799/887/454
f 774/895/459 773/879/450 789/880/450 790/896/459
f 775/897/449 776/898/447 792/899/447 791/900/449
o Cube.091
v 18.913177 0.955880 -64.671898
v 18.642670 0.955880 -64.828079
v 19.060135 1.539277 -64.587051
v 19.082809 1.606324 -64.573952
v 18.473022 1.606324 -64.926018
v 18.495712 1.539277 -64.912918
v 18.584801 1.905707 -64.861481
v 18.971039 1.905707 -64.638489
v 19.061111 1.872471 -64.586479
v 19.082809 1.830545 -64.573952
v 18.473022 1.830545 -64.926018
v 18.494713 1.872471 -64.913498
v 18.913177 1.447088 -64.671890
v 18.934540 1.491623 -64.659554
v 18.621284 1.491623 -64.840416
v 18.642670 1.447088 -64.828079
v 24.600967 0.955880 -73.599945
v 24.345108 0.955880 -73.779106
v 24.739960 1.539277 -73.502609
v 24.761421 1.606324 -73.487587
v 24.184639 1.606324 -73.891464
v 24.206093 1.539277 -73.876434
v 24.290359 1.905707 -73.817429
v 24.655701 1.905707 -73.561615
v 24.740891 1.872471 -73.501953
v 24.761421 1.830545 -73.487587
v 24.184639 1.830545 -73.891464
v 24.205154 1.872471 -73.877098
v 24.600967 1.447088 -73.599937
v 24.621178 1.491623 -73.585785
v 24.324875 1.491623 -73.793266
v 24.345108 1.447088 -73.779106
vt 0.1677 0.7089
vt 0.1677 0.7089
vt 0.1677 0.7089
vt 0.1677 0.7089
vt 0.1668 0.7089
vt 0.1668 0.7093
vt 0.1668 0.7093
vt 0.1668 0.7089
vt 0.1663 0.7088
vt 0.1667 0.7089
vt 0.1667 0.7089
vt 0.1663 0.7088
vt 0.1677 0.7093
vt 0.1677 0.7093
vt 0.1663 0.7088
vt 0.1663 0.7088
vt 0.1681 0.7088
vt 0.1681 0.7088
vt 0.1682 0.7088
vt 0.1682 0.7088
vt 0.1121 0.6734
vt 0.1111 0.6734
vt 0.1111 0.6734
vt 0.1121 0.6734
vt 0.1663 0.7086
vt 0.1663 0.7086
vt 0.1663 0.7086
vt 0.1663 0.7086
vt 0.1682 0.7086
vt 0.1681 0.7086
vt 0.1681 0.7086
vt 0.1682 0.7086
vt 0.1668 0.7085
vt 0.1668 0.7085
vt 0.1677 0.7085
vt 0.1677 0.7085
vn -0.8162 -0.2519 -0.5200
vn -0.5327 -0.7753 -0.3394
vn 0.8170 -0.2484 0.5205
vn 0.8434 -0.0000 0.5373
vn 0.5747 -0.7319 0.3661
vn 0.5430 -0.7652 0.3459
vn -0.8434 0.0000 -0.5373
vn 0.8287 -0.1859 0.5279
vn -0.5852 -0.7201 -0.3728
vn -0.8290 -0.1841 -0.5281
vn -0.1335 0.9874 -0.0851
vn 0.1265 0.9887 0.0806
vn 0.5194 0.7879 0.3309
vn 0.8126 0.2678 0.5177
vn -0.8135 0.2639 -0.5183
vn -0.5296 0.7783 -0.3374
usemtl Material
s 1
f 816/901/460 815/902/461 831/903/461 832/904/460
f 813/905/462 801/906/463 817/907/463 829/908/462
f 803/909/464 814/910/465 830/911/465 819/912/464
f 802/913/466 816/901/460 832/904/460 818/914/466
f 804/915/467 803/909/464 819/912/464 820/916/467
f 815/902/461 806/917/468 822/918/468 831/903/461
f 806/917/468 805/919/469 821/920/469 822/918/468
f 807/921/470 808/922/471 824/923/471 823/924/470
f 809/925/472 810/926/473 826/927/473 825/928/472
f 811/929/474 812/930/475 828/931/475 827/932/474
f 808/933/471 809/925/472 825/928/472 824/934/471
f 810/926/473 804/915/467 820/916/467 826/927/473
f 812/930/475 807/935/470 823/936/470 828/931/475
f 805/919/469 811/929/474 827/932/474 821/920/469
f 814/910/465 813/905/462 829/908/462 830/911/465
o Cube.090
v 14.025162 0.955880 -55.282104
v 13.742081 0.955880 -55.414116
v 14.178955 1.539277 -55.210388
v 14.202690 1.606324 -55.199318
v 13.564545 1.606324 -55.496899
v 13.588272 1.539277 -55.485825
v 13.681511 1.905707 -55.442352
v 14.085716 1.905707 -55.253864
v 14.179977 1.872471 -55.209904
v 14.202690 1.830545 -55.199318
v 13.564545 1.830545 -55.496899
v 13.587242 1.872471 -55.486313
v 14.025162 1.447088 -55.282101
v 14.047531 1.491623 -55.271675
v 13.719696 1.491623 -55.424545
v 13.742081 1.447088 -55.414116
v 18.913177 0.955880 -64.671898
v 18.642670 0.955880 -64.828079
v 19.060135 1.539277 -64.587051
v 19.082809 1.606324 -64.573952
v 18.473022 1.606324 -64.926018
v 18.495712 1.539277 -64.912918
v 18.584801 1.905707 -64.861481
v 18.971039 1.905707 -64.638489
v 19.061111 1.872471 -64.586479
v 19.082809 1.830545 -64.573952
v 18.473022 1.830545 -64.926018
v 18.494713 1.872471 -64.913498
v 18.913177 1.447088 -64.671890
v 18.934540 1.491623 -64.659554
v 18.621284 1.491623 -64.840416
v 18.642670 1.447088 -64.828079
vt 0.1677 0.7089
vt 0.1677 0.7089
vt 0.1677 0.7089
vt 0.1677 0.7089
vt 0.1668 0.7089
vt 0.1668 0.7093
vt 0.1668 0.7093
vt 0.1668 0.7089
vt 0.1663 0.7088
vt 0.1667 0.7089
vt 0.1667 0.7089
vt 0.1663 0.7088
vt 0.1677 0.7093
vt 0.1677 0.7093
vt 0.1663 0.7088
vt 0.1663 0.7088
vt 0.1681 0.7088
vt 0.1681 0.7088
vt 0.1682 0.7088
vt 0.1682 0.7088
vt 0.1121 0.6734
vt 0.1111 0.6734
vt 0.1111 0.6734
vt 0.1121 0.6734
vt 0.1663 0.7086
vt 0.1663 0.7086
vt 0.1663 0.7086
vt 0.1663 0.7086
vt 0.1682 0.7086
vt 0.1681 0.7086
vt 0.1681 0.7086
vt 0.1682 0.7086
vt 0.1668 0.7085
vt 0.1668 0.7085
vt 0.1677 0.7085
vt 0.1677 0.7085
vn -0.8584 -0.2519 -0.4469
vn -0.5602 -0.7753 -0.2916
vn -0.5603 -0.7753 -0.2916
vn 0.8592 -0.2484 0.4473
vn 0.8870 -0.0000 0.4617
vn 0.6045 -0.7319 0.3147
vn 0.5710 -0.7652 0.2973
vn 0.5710 -0.7652 0.2972
vn 0.6044 -0.7319 0.3147
vn -0.8870 0.0000 -0.4617
vn 0.8716 -0.1859 0.4537
vn -0.6155 -0.7201 -0.3204
vn -0.8719 -0.1840 -0.4539
vn -0.1404 0.9874 -0.0731
vn 0.1330 0.9887 0.0693
vn 0.5462 0.7879 0.2843
vn 0.8546 0.2678 0.4449
vn -0.8556 0.2639 -0.4454
vn -0.5570 0.7783 -0.2899
usemtl Material
s 1
f 848/937/476 847/938/477 863/939/478 864/940/476
f 845/941/479 833/942/480 849/943/480 861/944/479
f 835/945/481 846/946/482 862/947/483 851/948/484
f 834/949/485 848/937/476 864/940/476 850/950/485
f 836/951/486 835/945/481 851/948/484 852/952/486
f 847/938/477 838/953/487 854/954/487 863/939/478
f 838/953/487 837/955/488 853/956/488 854/954/487
f 839/957/489 840/958/490 856/959/490 855/960/489
f 841/961/491 842/962/492 858/963/492 857/964/491
f 843/965/493 844/966/494 860/967/494 859/968/493
f 840/969/490 841/961/491 857/964/491 856/970/490
f 842/962/492 836/951/486 852/952/486 858/963/492
f 844/966/494 839/971/489 855/972/489 860/967/494
f 837/955/488 843/965/493 859/968/493 853/956/488
f 846/946/482 845/941/479 861/944/479 862/947/483
o Cube.089
v 21.275627 0.955880 -51.901161
v 20.992523 0.955880 -52.033173
v 21.429398 1.539277 -51.829445
v 21.453156 1.606324 -51.818375
v 20.814987 1.606324 -52.115955
v 20.838745 1.539277 -52.104881
v 20.931984 1.905707 -52.061401
v 21.336174 1.905707 -51.872917
v 21.430450 1.872471 -51.828953
v 21.453156 1.830545 -51.818367
v 20.814987 1.830545 -52.115955
v 20.837692 1.872471 -52.105370
v 21.275627 1.447088 -51.901157
v 21.297989 1.491623 -51.890728
v 20.970161 1.491623 -52.043594
v 20.992523 1.447088 -52.033173
v 25.841385 0.955880 -60.671902
v 25.570869 0.955880 -60.828083
v 25.988327 1.539277 -60.587059
v 26.011032 1.606324 -60.573956
v 25.401222 1.606324 -60.926022
v 25.423920 1.539277 -60.912922
v 25.513016 1.905707 -60.861488
v 25.899246 1.905707 -60.638489
v 25.989334 1.872471 -60.586472
v 26.011032 1.830545 -60.573952
v 25.401222 1.830545 -60.926022
v 25.422913 1.872471 -60.913498
v 25.841385 1.447088 -60.671898
v 25.862755 1.491623 -60.659561
v 25.549500 1.491623 -60.840416
v 25.570869 1.447088 -60.828083
vt 0.1663 0.7076
vt 0.1663 0.7077
vt 0.1663 0.7077
vt 0.1663 0.7076
vt 0.1682 0.7077
vt 0.1681 0.7076
vt 0.1681 0.7076
vt 0.1682 0.7077
vt 0.1668 0.7076
vt 0.1668 0.7076
vt 0.1663 0.7078
vt 0.1663 0.7078
vt 0.1677 0.7076
vt 0.1677 0.7076
vt 0.1682 0.7078
vt 0.1682 0.7078
vt 0.1667 0.7079
vt 0.1668 0.7080
vt 0.1668 0.7080
vt 0.1667 0.7079
vt 0.1677 0.7080
vt 0.1677 0.7079
vt 0.1677 0.7079
vt 0.1677 0.7080
vt 0.1668 0.7084
vt 0.1668 0.7084
vt 0.1663 0.7079
vt 0.1663 0.7079
vt 0.1677 0.7084
vt 0.1677 0.7084
vt 0.1681 0.7079
vt 0.1681 0.7079
vt 0.1121 0.6724
vt 0.1111 0.6724
vt 0.1111 0.6724
vt 0.1121 0.6724
vn 0.5462 0.7879 0.2844
vn 0.8546 0.2677 0.4449
vn -0.8556 0.2639 -0.4454
vn -0.5569 0.7783 -0.2899
vn 0.1330 0.9887 0.0692
vn 0.8715 -0.1860 0.4537
vn -0.1404 0.9874 -0.0731
vn -0.8718 -0.1841 -0.4539
vn 0.5710 -0.7652 0.2973
vn 0.8592 -0.2484 0.4473
vn -0.8584 -0.2517 -0.4469
vn -0.5603 -0.7752 -0.2917
vn -0.5604 -0.7752 -0.2917
vn 0.8870 -0.0000 0.4617
vn 0.6044 -0.7320 0.3146
vn -0.8870 0.0000 -0.4617
vn -0.6154 -0.7201 -0.3204
usemtl Material
s 1
f 873/973/495 874/974/496 890/975/496 889/976/495
f 875/977/497 876/978/498 892/979/498 891/980/497
f 872/981/499 873/973/495 889/976/495 888/982/499
f 874/974/496 868/983/500 884/984/500 890/975/496
f 876/978/498 871/985/501 887/986/501 892/979/498
f 869/987/502 875/977/497 891/980/497 885/988/502
f 878/989/503 877/990/504 893/991/504 894/992/503
f 880/993/505 879/994/506 895/995/507 896/996/505
f 877/990/504 865/997/508 881/998/508 893/991/504
f 867/999/509 878/989/503 894/992/503 883/1000/509
f 866/1001/510 880/993/505 896/996/505 882/1002/510
f 868/983/500 867/999/509 883/1000/509 884/984/500
f 879/994/506 870/1003/511 886/1004/511 895/995/507
f 870/1003/511 869/987/502 885/988/502 886/1004/511
f 871/1005/501 872/1006/499 888/1007/499 887/1008/501
o Cube.088
v 17.491669 0.955880 -42.765862
v 17.198143 0.955880 -42.872696
v 17.651108 1.539277 -42.707821
v 17.675735 1.606324 -42.698860
v 17.014069 1.606324 -42.939693
v 17.038696 1.539277 -42.930729
v 17.135368 1.905707 -42.895546
v 17.554451 1.905707 -42.743004
v 17.652199 1.872471 -42.707424
v 17.675735 1.830545 -42.698860
v 17.014069 1.830545 -42.939693
v 17.037613 1.872471 -42.931126
v 17.491669 1.447088 -42.765858
v 17.514854 1.491623 -42.757420
v 17.174950 1.491623 -42.881134
v 17.198143 1.447088 -42.872696
v 21.275627 0.955880 -51.901161
v 20.992523 0.955880 -52.033173
v 21.429398 1.539277 -51.829445
v 21.453156 1.606324 -51.818375
v 20.814987 1.606324 -52.115955
v 20.838745 1.539277 -52.104881
v 20.931984 1.905707 -52.061401
v 21.336174 1.905707 -51.872917
v 21.430450 1.872471 -51.828953
v 21.453156 1.830545 -51.818367
v 20.814987 1.830545 -52.115955
v 20.837692 1.872471 -52.105370
v 21.275627 1.447088 -51.901157
v 21.297989 1.491623 -51.890728
v 20.970161 1.491623 -52.043594
v 20.992523 1.447088 -52.033173
vt 0.1663 0.7076
vt 0.1663 0.7077
vt 0.1663 0.7077
vt 0.1663 0.7076
vt 0.1682 0.7077
vt 0.1681 0.7076
vt 0.1681 0.7076
vt 0.1682 0.7077
vt 0.1668 0.7076
vt 0.1668 0.7076
vt 0.1663 0.7078
vt 0.1663 0.7078
vt 0.1677 0.7076
vt 0.1677 0.7076
vt 0.1682 0.7078
vt 0.1682 0.7078
vt 0.1667 0.7079
vt 0.1668 0.7080
vt 0.1668 0.7080
vt 0.1667 0.7079
vt 0.1677 0.7080
vt 0.1677 0.7079
vt 0.1677 0.7079
vt 0.1677 0.7080
vt 0.1668 0.7084
vt 0.1668 0.7084
vt 0.1663 0.7079
vt 0.1663 0.7079
vt 0.1677 0.7084
vt 0.1677 0.7084
vt 0.1681 0.7079
vt 0.1681 0.7079
vt 0.1121 0.6724
vt 0.1111 0.6724
vt 0.1111 0.6724
vt 0.1121 0.6724
vn 0.5690 0.7879 0.2357
vn 0.8902 0.2677 0.3687
vn -0.8911 0.2640 -0.3691
vn -0.5801 0.7783 -0.2403
vn 0.1386 0.9887 0.0574
vn 0.9078 -0.1860 0.3760
vn -0.1463 0.9874 -0.0606
vn -0.9081 -0.1841 -0.3761
vn -0.9081 -0.1842 -0.3761
vn 0.5948 -0.7652 0.2464
vn 0.8949 -0.2484 0.3707
vn -0.8941 -0.2518 -0.3704
vn -0.5836 -0.7752 -0.2417
vn 0.9239 -0.0000 0.3827
vn 0.6295 -0.7320 0.2607
vn 0.6295 -0.7319 0.2607
vn -0.9239 0.0000 -0.3827
vn -0.6410 -0.7201 -0.2655
usemtl Material
s 1
f 905/1009/512 906/1010/513 922/1011/513 921/1012/512
f 907/1013/514 908/1014/515 924/1015/515 923/1016/514
f 904/1017/516 905/1009/512 921/1012/512 920/1018/516
f 906/1010/513 900/1019/517 916/1020/517 922/1011/513
f 908/1014/515 903/1021/518 919/1022/518 924/1015/515
f 901/1023/519 907/1013/514 923/1016/514 917/1024/520
f 910/1025/521 909/1026/522 925/1027/522 926/1028/521
f 912/1029/523 911/1030/524 927/1031/524 928/1032/523
f 909/1026/522 897/1033/525 913/1034/525 925/1027/522
f 899/1035/526 910/1025/521 926/1028/521 915/1036/527
f 898/1037/528 912/1029/523 928/1032/523 914/1038/528
f 900/1019/517 899/1035/526 915/1036/527 916/1020/517
f 911/1030/524 902/1039/529 918/1040/529 927/1031/524
f 902/1039/529 901/1023/519 917/1024/520 918/1040/529
f 903/1041/518 904/1042/516 920/1043/516 919/1044/518
o Cube.087
v 9.974121 0.955880 -45.502022
v 9.680603 0.955880 -45.608856
v 10.133583 1.539277 -45.443981
v 10.158188 1.606324 -45.435020
v 9.496536 1.606324 -45.675850
v 9.521149 1.539277 -45.666889
v 9.617805 1.905707 -45.631706
v 10.036911 1.905707 -45.479164
v 10.134644 1.872471 -45.443588
v 10.158188 1.830545 -45.435020
v 9.496536 1.830545 -45.675854
v 9.520065 1.872471 -45.667286
v 9.974121 1.447088 -45.502018
v 9.997314 1.491623 -45.493580
v 9.657410 1.491623 -45.617298
v 9.680603 1.447088 -45.608856
v 14.025162 0.955880 -55.282104
v 13.742081 0.955880 -55.414116
v 14.178955 1.539277 -55.210388
v 14.202690 1.606324 -55.199318
v 13.564545 1.606324 -55.496899
v 13.588272 1.539277 -55.485825
v 13.681511 1.905707 -55.442352
v 14.085716 1.905707 -55.253864
v 14.179977 1.872471 -55.209904
v 14.202690 1.830545 -55.199318
v 13.564545 1.830545 -55.496899
v 13.587242 1.872471 -55.486313
v 14.025162 1.447088 -55.282101
v 14.047531 1.491623 -55.271675
v 13.719696 1.491623 -55.424545
v 13.742081 1.447088 -55.414116
vt 0.1667 0.7089
vt 0.1668 0.7089
vt 0.1668 0.7089
vt 0.1667 0.7089
vt 0.1677 0.7089
vt 0.1677 0.7089
vt 0.1677 0.7089
vt 0.1677 0.7089
vt 0.1668 0.7093
vt 0.1668 0.7093
vt 0.1663 0.7088
vt 0.1663 0.7088
vt 0.1677 0.7093
vt 0.1677 0.7093
vt 0.1663 0.7088
vt 0.1663 0.7088
vt 0.1681 0.7088
vt 0.1681 0.7088
vt 0.1682 0.7088
vt 0.1682 0.7088
vt 0.1121 0.6734
vt 0.1111 0.6734
vt 0.1111 0.6734
vt 0.1121 0.6734
vt 0.1663 0.7086
vt 0.1663 0.7086
vt 0.1663 0.7086
vt 0.1663 0.7086
vt 0.1682 0.7086
vt 0.1681 0.7086
vt 0.1681 0.7086
vt 0.1682 0.7086
vt 0.1668 0.7085
vt 0.1668 0.7085
vt 0.1677 0.7085
vt 0.1677 0.7085
vn 0.5947 -0.7653 0.2463
vn 0.8949 -0.2484 0.3707
vn -0.8941 -0.2519 -0.3703
vn -0.5835 -0.7753 -0.2417
vn -0.5836 -0.7753 -0.2417
vn 0.9239 -0.0000 0.3827
vn 0.6296 -0.7319 0.2608
vn -0.9239 0.0000 -0.3827
vn 0.9078 -0.1859 0.3760
vn -0.6411 -0.7200 -0.2656
vn -0.9081 -0.1840 -0.3761
vn -0.1463 0.9874 -0.0606
vn 0.1386 0.9887 0.0574
vn 0.5689 0.7879 0.2357
vn 0.8901 0.2678 0.3687
vn -0.8911 0.2639 -0.3691
vn -0.5801 0.7783 -0.2403
vn -0.5802 0.7783 -0.2403
usemtl Material
s 1
f 942/1045/530 941/1046/531 957/1047/531 958/1048/530
f 944/1049/532 943/1050/533 959/1051/534 960/1052/532
f 941/1046/531 929/1053/535 945/1054/535 957/1047/531
f 931/1055/536 942/1045/530 958/1048/530 947/1056/536
f 930/1057/537 944/1049/532 960/1052/532 946/1058/537
f 932/1059/538 931/1055/536 947/1056/536 948/1060/538
f 943/1050/533 934/1061/539 950/1062/539 959/1051/534
f 934/1061/539 933/1063/540 949/1064/540 950/1062/539
f 935/1065/541 936/1066/542 952/1067/542 951/1068/541
f 937/1069/543 938/1070/544 954/1071/544 953/1072/543
f 939/1073/545 940/1074/546 956/1075/547 955/1076/545
f 936/1077/542 937/1069/543 953/1072/543 952/1078/542
f 938/1070/544 932/1059/538 948/1060/538 954/1071/544
f 940/1074/546 935/1079/541 951/1080/541 956/1075/547
f 933/1063/540 939/1073/545 955/1076/545 949/1064/540
o Cube.086
v 6.790894 0.955880 -35.406082
v 6.489182 0.955880 -35.486931
v 6.954803 1.539277 -35.362164
v 6.980095 1.606324 -35.355377
v 6.299973 1.606324 -35.537628
v 6.325272 1.539277 -35.530846
v 6.424622 1.905707 -35.504219
v 6.855423 1.905707 -35.388786
v 6.955902 1.872471 -35.361862
v 6.980095 1.830545 -35.355377
v 6.299973 1.830545 -35.537628
v 6.324158 1.872471 -35.531147
v 6.790894 1.447088 -35.406078
v 6.814728 1.491623 -35.399693
v 6.465332 1.491623 -35.493317
v 6.489182 1.447088 -35.486931
v 9.974121 0.955880 -45.502022
v 9.680603 0.955880 -45.608856
v 10.133583 1.539277 -45.443981
v 10.158188 1.606324 -45.435020
v 9.496536 1.606324 -45.675850
v 9.521149 1.539277 -45.666889
v 9.617805 1.905707 -45.631706
v 10.036911 1.905707 -45.479164
v 10.134644 1.872471 -45.443588
v 10.158188 1.830545 -45.435020
v 9.496536 1.830545 -45.675854
v 9.520065 1.872471 -45.667286
v 9.974121 1.447088 -45.502018
v 9.997314 1.491623 -45.493580
v 9.657410 1.491623 -45.617298
v 9.680603 1.447088 -45.608856
vt 0.1667 0.7089
vt 0.1668 0.7089
vt 0.1668 0.7089
vt 0.1667 0.7089
vt 0.1677 0.7089
vt 0.1677 0.7089
vt 0.1677 0.7089
vt 0.1677 0.7089
vt 0.1668 0.7093
vt 0.1668 0.7093
vt 0.1663 0.7088
vt 0.1663 0.7088
vt 0.1677 0.7093
vt 0.1677 0.7093
vt 0.1663 0.7088
vt 0.1663 0.7088
vt 0.1681 0.7088
vt 0.1681 0.7088
vt 0.1682 0.7088
vt 0.1682 0.7088
vt 0.1121 0.6734
vt 0.1111 0.6734
vt 0.1111 0.6734
vt 0.1121 0.6734
vt 0.1663 0.7086
vt 0.1663 0.7086
vt 0.1663 0.7086
vt 0.1663 0.7086
vt 0.1682 0.7086
vt 0.1681 0.7086
vt 0.1681 0.7086
vt 0.1682 0.7086
vt 0.1668 0.7085
vt 0.1668 0.7085
vt 0.1677 0.7085
vt 0.1677 0.7085
vn 0.6139 -0.7653 0.1936
vn 0.9238 -0.2484 0.2913
vn -0.9230 -0.2519 -0.2910
vn -0.6024 -0.7753 -0.1899
vn 0.9537 -0.0000 0.3007
vn 0.6499 -0.7318 0.2049
vn 0.6499 -0.7319 0.2049
vn -0.9537 0.0000 -0.3007
vn 0.9371 -0.1859 0.2955
vn -0.6618 -0.7201 -0.2087
vn -0.9374 -0.1840 -0.2956
vn -0.1510 0.9874 -0.0476
vn 0.1430 0.9887 0.0451
vn 0.5873 0.7879 0.1852
vn 0.9189 0.2677 0.2897
vn -0.9199 0.2638 -0.2900
vn -0.5989 0.7782 -0.1888
vn -0.9199 0.2638 -0.2901
usemtl Material
s 1
f 974/1081/548 973/1082/549 989/1083/549 990/1084/548
f 976/1085/550 975/1086/551 991/1087/551 992/1088/550
f 973/1082/549 961/1089/552 977/1090/552 989/1083/549
f 963/1091/553 974/1081/548 990/1084/548 979/1092/554
f 962/1093/555 976/1085/550 992/1088/550 978/1094/555
f 964/1095/556 963/1091/553 979/1092/554 980/1096/556
f 975/1086/551 966/1097/557 982/1098/557 991/1087/551
f 966/1097/557 965/1099/558 981/1100/558 982/1098/557
f 967/1101/559 968/1102/560 984/1103/560 983/1104/559
f 969/1105/561 970/1106/562 986/1107/562 985/1108/561
f 971/1109/563 972/1110/564 988/1111/564 987/1112/565
f 968/1113/560 969/1105/561 985/1108/561 984/1114/560
f 970/1106/562 964/1095/556 980/1096/556 986/1107/562
f 972/1110/564 967/1115/559 983/1116/559 988/1111/564
f 965/1099/558 971/1109/563 987/1112/565 981/1100/558
o Cube.085
v 4.499695 0.955880 -25.071127
v 4.192078 0.955880 -25.125368
v 4.666794 1.539277 -25.041658
v 4.692596 1.606324 -25.037109
v 3.999161 1.606324 -25.159384
v 4.024963 1.539277 -25.154835
v 4.126266 1.905707 -25.136971
v 4.565491 1.905707 -25.059519
v 4.667923 1.872471 -25.041456
v 4.692596 1.830545 -25.037106
v 3.999176 1.830545 -25.159386
v 4.023834 1.872471 -25.155035
v 4.499695 1.447088 -25.071125
v 4.523987 1.491623 -25.066839
v 4.167770 1.491623 -25.129652
v 4.192078 1.447088 -25.125368
v 6.790894 0.955880 -35.406082
v 6.489182 0.955880 -35.486931
v 6.954803 1.539277 -35.362164
v 6.980095 1.606324 -35.355377
v 6.299973 1.606324 -35.537628
v 6.325272 1.539277 -35.530846
v 6.424622 1.905707 -35.504219
v 6.855423 1.905707 -35.388786
v 6.955902 1.872471 -35.361862
v 6.980095 1.830545 -35.355377
v 6.299973 1.830545 -35.537628
v 6.324158 1.872471 -35.531147
v 6.790894 1.447088 -35.406078
v 6.814728 1.491623 -35.399693
v 6.465332 1.491623 -35.493317
v 6.489182 1.447088 -35.486931
vt 0.1682 0.7088
vt 0.1682 0.7086
vt 0.1682 0.7086
vt 0.1682 0.7088
vt 0.1667 0.7089
vt 0.1668 0.7089
vt 0.1668 0.7089
vt 0.1667 0.7089
vt 0.1677 0.7089
vt 0.1677 0.7089
vt 0.1677 0.7089
vt 0.1677 0.7089
vt 0.1668 0.7093
vt 0.1668 0.7093
vt 0.1663 0.7088
vt 0.1663 0.7088
vt 0.1677 0.7093
vt 0.1677 0.7093
vt 0.1663 0.7088
vt 0.1663 0.7088
vt 0.1681 0.7088
vt 0.1681 0.7088
vt 0.1121 0.6734
vt 0.1111 0.6734
vt 0.1111 0.6734
vt 0.1121 0.6734
vt 0.1663 0.7086
vt 0.1663 0.7086
vt 0.1663 0.7086
vt 0.1663 0.7086
vt 0.1681 0.7086
vt 0.1681 0.7086
vt 0.1668 0.7085
vt 0.1668 0.7085
vt 0.1677 0.7085
vt 0.1677 0.7085
vn -0.9596 -0.1841 -0.2127
vn -0.9417 0.2639 -0.2088
vn -0.9596 -0.1840 -0.2127
vn 0.6285 -0.7652 0.1393
vn 0.9457 -0.2484 0.2097
vn -0.9448 -0.2519 -0.2095
vn -0.6167 -0.7753 -0.1367
vn -0.9448 -0.2518 -0.2095
vn 0.9763 -0.0000 0.2164
vn 0.6653 -0.7319 0.1475
vn -0.9763 0.0000 -0.2164
vn 0.9593 -0.1859 0.2127
vn -0.6775 -0.7201 -0.1502
vn -0.1546 0.9874 -0.0343
vn 0.1464 0.9887 0.0325
vn 0.6012 0.7879 0.1333
vn 0.9407 0.2677 0.2085
vn -0.6131 0.7782 -0.1359
usemtl Material
s 1
f 997/1117/566 1003/1118/567 1019/1119/567 1013/1120/568
f 1006/1121/569 1005/1122/570 1021/1123/570 1022/1124/569
f 1008/1125/571 1007/1126/572 1023/1127/572 1024/1128/573
f 1005/1122/570 993/1129/574 1009/1130/574 1021/1123/570
f 995/1131/575 1006/1121/569 1022/1124/569 1011/1132/575
f 994/1133/576 1008/1125/571 1024/1128/573 1010/1134/576
f 996/1135/577 995/1131/575 1011/1132/575 1012/1136/577
f 1007/1126/572 998/1137/578 1014/1138/578 1023/1127/572
f 998/1137/578 997/1117/566 1013/1120/568 1014/1138/578
f 999/1139/579 1000/1140/580 1016/1141/580 1015/1142/579
f 1001/1143/581 1002/1144/582 1018/1145/582 1017/1146/581
f 1003/1118/567 1004/1147/583 1020/1148/583 1019/1119/567
f 1000/1149/580 1001/1143/581 1017/1146/581 1016/1150/580
f 1002/1144/582 996/1135/577 1012/1136/577 1018/1145/582
f 1004/1147/583 999/1151/579 1015/1152/579 1020/1148/583
o Cube.084
v 14.518295 0.955880 -33.335529
v 14.216583 0.955880 -33.416378
v 14.682190 1.539277 -33.291611
v 14.707504 1.606324 -33.284828
v 14.027359 1.606324 -33.467079
v 14.052681 1.539277 -33.460293
v 14.152046 1.905707 -33.433670
v 14.582832 1.905707 -33.318233
v 14.683311 1.872471 -33.291309
v 14.707504 1.830545 -33.284828
v 14.027359 1.830545 -33.467079
v 14.051559 1.872471 -33.460594
v 14.518295 1.447088 -33.335526
v 14.542130 1.491623 -33.329144
v 14.192741 1.491623 -33.422764
v 14.216583 1.447088 -33.416378
v 17.491669 0.955880 -42.765862
v 17.198143 0.955880 -42.872696
v 17.651108 1.539277 -42.707821
v 17.675735 1.606324 -42.698860
v 17.014069 1.606324 -42.939693
v 17.038696 1.539277 -42.930729
v 17.135368 1.905707 -42.895546
v 17.554451 1.905707 -42.743004
v 17.652199 1.872471 -42.707424
v 17.675735 1.830545 -42.698860
v 17.014069 1.830545 -42.939693
v 17.037613 1.872471 -42.931126
v 17.491669 1.447088 -42.765858
v 17.514854 1.491623 -42.757420
v 17.174950 1.491623 -42.881134
v 17.198143 1.447088 -42.872696
vt 0.1121 0.6724
vt 0.1111 0.6724
vt 0.1111 0.6724
vt 0.1121 0.6724
vt 0.1663 0.7076
vt 0.1663 0.7077
vt 0.1663 0.7077
vt 0.1663 0.7076
vt 0.1682 0.7077
vt 0.1681 0.7076
vt 0.1681 0.7076
vt 0.1682 0.7077
vt 0.1668 0.7076
vt 0.1668 0.7076
vt 0.1663 0.7078
vt 0.1663 0.7078
vt 0.1677 0.7076
vt 0.1677 0.7076
vt 0.1682 0.7078
vt 0.1682 0.7078
vt 0.1667 0.7079
vt 0.1668 0.7080
vt 0.1668 0.7080
vt 0.1667 0.7079
vt 0.1677 0.7080
vt 0.1677 0.7079
vt 0.1677 0.7079
vt 0.1677 0.7080
vt 0.1668 0.7084
vt 0.1668 0.7084
vt 0.1663 0.7079
vt 0.1663 0.7079
vt 0.1677 0.7084
vt 0.1677 0.7084
vt 0.1681 0.7079
vt 0.1681 0.7079
vn -0.1510 0.9874 -0.0476
vn 0.1430 0.9887 0.0451
vn 0.5874 0.7879 0.1852
vn 0.9189 0.2677 0.2897
vn -0.9199 0.2640 -0.2900
vn -0.5988 0.7783 -0.1888
vn 0.9371 -0.1860 0.2955
vn -0.9374 -0.1842 -0.2956
vn 0.6140 -0.7652 0.1936
vn 0.9238 -0.2484 0.2913
vn -0.9230 -0.2518 -0.2910
vn -0.6024 -0.7752 -0.1899
vn -0.6025 -0.7752 -0.1900
vn 0.9537 -0.0000 0.3007
vn 0.6498 -0.7319 0.2049
vn -0.9537 0.0000 -0.3007
vn -0.6617 -0.7201 -0.2086
usemtl Material
s 1
f 1031/1153/584 1032/1154/585 1048/1155/585 1047/1156/584
f 1033/1157/586 1034/1158/587 1050/1159/587 1049/1160/586
f 1035/1161/588 1036/1162/589 1052/1163/589 1051/1164/588
f 1032/1165/585 1033/1157/586 1049/1160/586 1048/1166/585
f 1034/1158/587 1028/1167/590 1044/1168/590 1050/1159/587
f 1036/1162/589 1031/1169/584 1047/1170/584 1052/1163/589
f 1029/1171/591 1035/1161/588 1051/1164/588 1045/1172/591
f 1038/1173/592 1037/1174/593 1053/1175/593 1054/1176/592
f 1040/1177/594 1039/1178/595 1055/1179/596 1056/1180/594
f 1037/1174/593 1025/1181/597 1041/1182/597 1053/1175/593
f 1027/1183/598 1038/1173/592 1054/1176/592 1043/1184/598
f 1026/1185/599 1040/1177/594 1056/1180/594 1042/1186/599
f 1028/1167/590 1027/1183/598 1043/1184/598 1044/1168/590
f 1039/1178/595 1030/1187/600 1046/1188/600 1055/1179/596
f 1030/1187/600 1029/1171/591 1045/1172/591 1046/1188/600
o Cube.083
v 12.378151 0.955880 -23.681942
v 12.070541 0.955880 -23.736183
v 12.545250 1.539277 -23.652473
v 12.571060 1.606324 -23.647924
v 11.877625 1.606324 -23.770199
v 11.903442 1.539277 -23.765648
v 12.004745 1.905707 -23.747786
v 12.443947 1.905707 -23.670334
v 12.546387 1.872471 -23.652271
v 12.571060 1.830545 -23.647921
v 11.877625 1.830545 -23.770201
v 11.902298 1.872471 -23.765850
v 12.378151 1.447088 -23.681938
v 12.402451 1.491623 -23.677656
v 12.046234 1.491623 -23.740467
v 12.070541 1.447088 -23.736183
v 14.518295 0.955880 -33.335529
v 14.216583 0.955880 -33.416378
v 14.682190 1.539277 -33.291611
v 14.707504 1.606324 -33.284828
v 14.027359 1.606324 -33.467079
v 14.052681 1.539277 -33.460293
v 14.152046 1.905707 -33.433670
v 14.582832 1.905707 -33.318233
v 14.683311 1.872471 -33.291309
v 14.707504 1.830545 -33.284828
v 14.027359 1.830545 -33.467079
v 14.051559 1.872471 -33.460594
v 14.518295 1.447088 -33.335526
v 14.542130 1.491623 -33.329144
v 14.192741 1.491623 -33.422764
v 14.216583 1.447088 -33.416378
vt 0.1121 0.6724
vt 0.1111 0.6724
vt 0.1111 0.6724
vt 0.1121 0.6724
vt 0.1663 0.7076
vt 0.1663 0.7077
vt 0.1663 0.7077
vt 0.1663 0.7076
vt 0.1682 0.7077
vt 0.1681 0.7076
vt 0.1681 0.7076
vt 0.1682 0.7077
vt 0.1668 0.7076
vt 0.1668 0.7076
vt 0.1663 0.7078
vt 0.1663 0.7078
vt 0.1677 0.7076
vt 0.1677 0.7076
vt 0.1682 0.7078
vt 0.1682 0.7078
vt 0.1667 0.7079
vt 0.1668 0.7080
vt 0.1668 0.7080
vt 0.1667 0.7079
vt 0.1677 0.7080
vt 0.1677 0.7079
vt 0.1677 0.7079
vt 0.1677 0.7080
vt 0.1668 0.7084
vt 0.1668 0.7084
vt 0.1663 0.7079
vt 0.1663 0.7079
vt 0.1677 0.7084
vt 0.1677 0.7084
vt 0.1681 0.7079
vt 0.1681 0.7079
vn -0.1546 0.9874 -0.0343
vn 0.1464 0.9887 0.0325
vn 0.6012 0.7879 0.1333
vn 0.9407 0.2677 0.2085
vn -0.9417 0.2640 -0.2088
vn -0.6130 0.7783 -0.1359
vn 0.9593 -0.1860 0.2127
vn -0.9596 -0.1842 -0.2127
vn 0.6285 -0.7652 0.1393
vn 0.9457 -0.2484 0.2097
vn -0.9448 -0.2518 -0.2095
vn -0.6167 -0.7752 -0.1367
vn 0.9763 -0.0000 0.2164
vn 0.6652 -0.7319 0.1475
vn -0.9763 0.0000 -0.2164
vn -0.6774 -0.7202 -0.1502
usemtl Material
s 1
f 1063/1189/601 1064/1190/602 1080/1191/602 1079/1192/601
f 1065/1193/603 1066/1194/604 1082/1195/604 1081/1196/603
f 1067/1197/605 1068/1198/606 1084/1199/606 1083/1200/605
f 1064/1201/602 1065/1193/603 1081/1196/603 1080/1202/602
f 1066/1194/604 1060/1203/607 1076/1204/607 1082/1195/604
f 1068/1198/606 1063/1205/601 1079/1206/601 1084/1199/606
f 1061/1207/608 1067/1197/605 1083/1200/605 1077/1208/608
f 1070/1209/609 1069/1210/610 1085/1211/610 1086/1212/609
f 1072/1213/611 1071/1214/612 1087/1215/612 1088/1216/611
f 1069/1210/610 1057/1217/613 1073/1218/613 1085/1211/610
f 1059/1219/614 1070/1209/609 1086/1212/609 1075/1220/614
f 1058/1221/615 1072/1213/611 1088/1216/611 1074/1222/615
f 1060/1203/607 1059/1219/614 1075/1220/614 1076/1204/607
f 1071/1214/612 1062/1223/616 1078/1224/616 1087/1215/612
f 1062/1223/616 1061/1207/608 1077/1208/608 1078/1224/616
o Cube.082
v 3.288132 1.872471 -14.560912
v 3.184509 1.905707 -14.569979
v 3.313095 1.606324 -14.558732
v 3.313095 1.830545 -14.558729
v 2.636597 1.872471 -14.617924
v 2.740234 1.905707 -14.608856
v 2.611633 1.606324 -14.620106
v 2.611633 1.830545 -14.620107
v 3.117950 0.955880 -14.575808
v 3.117950 1.447088 -14.575805
v 3.142532 1.491623 -14.573654
v 3.286987 1.539277 -14.561016
v 2.806793 0.955880 -14.603033
v 2.806793 1.447088 -14.603033
v 2.782196 1.491623 -14.605183
v 2.637741 1.539277 -14.617822
v 4.499695 0.955880 -25.071127
v 4.192078 0.955880 -25.125368
v 4.666794 1.539277 -25.041658
v 4.692596 1.606324 -25.037109
v 3.999161 1.606324 -25.159384
v 4.024963 1.539277 -25.154835
v 4.126266 1.905707 -25.136971
v 4.565491 1.905707 -25.059519
v 4.667923 1.872471 -25.041456
v 4.692596 1.830545 -25.037106
v 3.999176 1.830545 -25.159386
v 4.023834 1.872471 -25.155035
v 4.499695 1.447088 -25.071125
v 4.523987 1.491623 -25.066839
v 4.167770 1.491623 -25.129652
v 4.192078 1.447088 -25.125368
vt 0.1682 0.7088
vt 0.1682 0.7086
vt 0.1682 0.7086
vt 0.1682 0.7088
vt 0.1667 0.7089
vt 0.1668 0.7089
vt 0.1668 0.7089
vt 0.1667 0.7089
vt 0.1677 0.7089
vt 0.1677 0.7089
vt 0.1677 0.7089
vt 0.1677 0.7089
vt 0.1668 0.7093
vt 0.1668 0.7093
vt 0.1663 0.7088
vt 0.1663 0.7088
vt 0.1677 0.7093
vt 0.1677 0.7093
vt 0.1663 0.7088
vt 0.1663 0.7088
vt 0.1681 0.7088
vt 0.1681 0.7088
vt 0.1121 0.6734
vt 0.1111 0.6734
vt 0.1111 0.6734
vt 0.1121 0.6734
vt 0.1663 0.7086
vt 0.1663 0.7086
vt 0.1663 0.7086
vt 0.1663 0.7086
vt 0.1681 0.7086
vt 0.1681 0.7086
vt 0.1668 0.7085
vt 0.1668 0.7085
vt 0.1677 0.7085
vt 0.1677 0.7085
vn -0.9745 -0.1841 -0.1283
vn -0.9563 0.2639 -0.1259
vn 0.6383 -0.7652 0.0840
vn 0.9604 -0.2484 0.1264
vn -0.9595 -0.2519 -0.1263
vn -0.6262 -0.7753 -0.0824
vn 0.9914 -0.0000 0.1305
vn 0.6755 -0.7319 0.0889
vn -0.9914 0.0000 -0.1305
vn 0.9741 -0.1860 0.1282
vn -0.6879 -0.7201 -0.0906
vn -0.1570 0.9874 -0.0207
vn 0.1487 0.9887 0.0196
vn 0.6105 0.7879 0.0804
vn 0.9552 0.2678 0.1258
vn -0.6225 0.7783 -0.0820
usemtl Material
s 1
f 1095/1225/617 1096/1226/618 1115/1227/618 1109/1228/617
f 1099/1229/619 1098/1230/620 1117/1231/620 1118/1232/619
f 1102/1233/621 1103/1234/622 1119/1235/622 1120/1236/621
f 1098/1230/620 1097/1237/623 1105/1238/623 1117/1231/620
f 1100/1239/624 1099/1229/619 1118/1232/619 1107/1240/624
f 1101/1241/625 1102/1233/621 1120/1236/621 1106/1242/625
f 1091/1243/626 1100/1239/624 1107/1240/624 1108/1244/626
f 1103/1234/622 1104/1245/627 1110/1246/627 1119/1235/622
f 1104/1245/627 1095/1225/617 1109/1228/617 1110/1246/627
f 1094/1247/628 1090/1248/629 1112/1249/629 1111/1250/628
f 1089/1251/630 1092/1252/631 1114/1253/631 1113/1254/630
f 1096/1226/618 1093/1255/632 1116/1256/632 1115/1227/618
f 1090/1257/629 1089/1251/630 1113/1254/630 1112/1258/629
f 1092/1252/631 1091/1243/626 1108/1244/626 1114/1253/631
f 1093/1255/632 1094/1259/628 1111/1260/628 1116/1256/632
o Cube.081
v 11.257698 1.872471 -13.863667
v 11.154076 1.905707 -13.872733
v 11.282661 1.606324 -13.861486
v 11.282661 1.830545 -13.861484
v 10.606155 1.872471 -13.920677
v 10.709793 1.905707 -13.911610
v 10.581207 1.606324 -13.922859
v 10.581207 1.830545 -13.922861
v 11.087517 0.955880 -13.878562
v 11.087517 1.447088 -13.878559
v 11.112099 1.491623 -13.876409
v 11.256546 1.539277 -13.863770
v 10.776352 0.955880 -13.905787
v 10.776352 1.447088 -13.905787
v 10.751770 1.491623 -13.907937
v 10.607315 1.539277 -13.920575
v 12.378151 0.955880 -23.681942
v 12.070541 0.955880 -23.736183
v 12.545250 1.539277 -23.652473
v 12.571060 1.606324 -23.647924
v 11.877625 1.606324 -23.770199
v 11.903442 1.539277 -23.765648
v 12.004745 1.905707 -23.747786
v 12.443947 1.905707 -23.670334
v 12.546387 1.872471 -23.652271
v 12.571060 1.830545 -23.647921
v 11.877625 1.830545 -23.770201
v 11.902298 1.872471 -23.765850
v 12.378151 1.447088 -23.681938
v 12.402451 1.491623 -23.677656
v 12.046234 1.491623 -23.740467
v 12.070541 1.447088 -23.736183
vt 0.1681 0.7079
vt 0.1682 0.7078
vt 0.1682 0.7078
vt 0.1681 0.7079
vt 0.1121 0.6724
vt 0.1111 0.6724
vt 0.1111 0.6724
vt 0.1121 0.6724
vt 0.1663 0.7076
vt 0.1663 0.7077
vt 0.1663 0.7077
vt 0.1663 0.7076
vt 0.1682 0.7077
vt 0.1681 0.7076
vt 0.1681 0.7076
vt 0.1682 0.7077
vt 0.1668 0.7076
vt 0.1668 0.7076
vt 0.1663 0.7078
vt 0.1663 0.7078
vt 0.1677 0.7076
vt 0.1677 0.7076
vt 0.1667 0.7079
vt 0.1668 0.7080
vt 0.1668 0.7080
vt 0.1667 0.7079
vt 0.1677 0.7080
vt 0.1677 0.7079
vt 0.1677 0.7079
vt 0.1677 0.7080
vt 0.1668 0.7084
vt 0.1668 0.7084
vt 0.1663 0.7079
vt 0.1663 0.7079
vt 0.1677 0.7084
vt 0.1677 0.7084
vn -0.6879 -0.7201 -0.0906
vn -0.9745 -0.1842 -0.1283
vn -0.1570 0.9874 -0.0207
vn 0.1487 0.9887 0.0196
vn 0.6105 0.7879 0.0804
vn 0.9552 0.2678 0.1258
vn -0.9563 0.2639 -0.1259
vn -0.6225 0.7783 -0.0820
vn 0.9741 -0.1860 0.1282
vn 0.6382 -0.7652 0.0840
vn 0.9604 -0.2484 0.1264
vn -0.9595 -0.2518 -0.1263
vn -0.6263 -0.7752 -0.0825
vn 0.9914 -0.0000 0.1305
vn 0.6755 -0.7320 0.0889
vn -0.9914 0.0000 -0.1305
usemtl Material
s 1
f 1136/1261/633 1127/1262/634 1141/1263/634 1142/1264/633
f 1126/1265/635 1122/1266/636 1144/1267/636 1143/1268/635
f 1121/1269/637 1124/1270/638 1146/1271/638 1145/1272/637
f 1128/1273/639 1125/1274/640 1148/1275/640 1147/1276/639
f 1122/1277/636 1121/1269/637 1145/1272/637 1144/1278/636
f 1124/1270/638 1123/1279/641 1140/1280/641 1146/1271/638
f 1125/1274/640 1126/1281/635 1143/1282/635 1148/1275/640
f 1127/1262/634 1128/1273/639 1147/1276/639 1141/1263/634
f 1131/1283/642 1130/1284/643 1149/1285/643 1150/1286/642
f 1134/1287/644 1135/1288/645 1151/1289/645 1152/1290/644
f 1130/1284/643 1129/1291/646 1137/1292/646 1149/1285/643
f 1132/1293/647 1131/1283/642 1150/1286/642 1139/1294/647
f 1133/1295/648 1134/1287/644 1152/1290/644 1138/1296/648
f 1123/1279/641 1132/1293/647 1139/1294/647 1140/1280/641
f 1135/1288/645 1136/1261/633 1142/1264/633 1151/1289/645
o Cube.080
v 3.288132 1.872471 -14.560912
v 3.184509 1.905707 -14.569979
v 3.313095 1.606324 -14.558732
v 3.313095 1.830545 -14.558729
v 2.636597 1.872471 -14.617924
v 2.740234 1.905707 -14.608856
v 2.611633 1.606324 -14.620106
v 2.611633 1.830545 -14.620107
v 3.117950 0.955880 -14.575808
v 3.117950 1.447088 -14.575805
v 3.142532 1.491623 -14.573654
v 3.286987 1.539277 -14.561016
v 2.806793 0.955880 -14.603033
v 2.806793 1.447088 -14.603033
v 2.782196 1.491623 -14.605183
v 2.637741 1.539277 -14.617822
v 2.343857 1.447088 -4.000001
v 2.319183 1.491623 -4.000001
v 2.680878 1.491623 -3.999997
v 2.656204 1.447088 -3.999997
v 2.173019 1.872471 -4.000002
v 2.147964 1.830545 -4.000002
v 2.852097 1.830545 -3.999994
v 2.827042 1.872471 -3.999994
v 2.723022 1.905707 -3.999994
v 2.277039 1.905707 -4.000001
v 2.174164 1.539277 -4.000001
v 2.147964 1.606324 -4.000001
v 2.852097 1.606324 -3.999997
v 2.825897 1.539277 -3.999997
v 2.343857 0.955880 -4.000001
v 2.656204 0.955880 -4.000000
vt 0.1663 0.7088
vt 0.1667 0.7089
vt 0.1667 0.7089
vt 0.1663 0.7088
vt 0.1677 0.7093
vt 0.1677 0.7089
vt 0.1677 0.7089
vt 0.1677 0.7093
vt 0.1663 0.7088
vt 0.1663 0.7088
vt 0.1677 0.7089
vt 0.1681 0.7088
vt 0.1681 0.7088
vt 0.1677 0.7089
vt 0.1682 0.7088
vt 0.1682 0.7088
vt 0.1121 0.6734
vt 0.1111 0.6734
vt 0.1111 0.6734
vt 0.1121 0.6734
vt 0.1663 0.7086
vt 0.1663 0.7086
vt 0.1663 0.7086
vt 0.1663 0.7086
vt 0.1682 0.7086
vt 0.1681 0.7086
vt 0.1681 0.7086
vt 0.1682 0.7086
vt 0.1668 0.7085
vt 0.1668 0.7085
vt 0.1677 0.7085
vt 0.1677 0.7085
vt 0.1668 0.7089
vt 0.1668 0.7089
vt 0.1668 0.7093
vt 0.1668 0.7093
vn 0.6807 -0.7319 0.0297
vn 0.6431 -0.7652 0.0281
vn -0.9990 0.0000 -0.0436
vn -0.9669 -0.2518 -0.0422
vn 0.9816 -0.1860 0.0429
vn -0.6311 -0.7752 -0.0276
vn -0.6932 -0.7201 -0.0303
vn -0.9820 -0.1841 -0.0429
vn -0.1582 0.9874 -0.0069
vn 0.1498 0.9887 0.0065
vn 0.6152 0.7879 0.0269
vn 0.9626 0.2678 0.0420
vn -0.9636 0.2640 -0.0421
vn -0.6272 0.7783 -0.0274
vn 0.9677 -0.2484 0.0423
vn 0.9990 -0.0000 0.0436
usemtl Material
s 1
f 1182/1297/649 1171/1298/650 1163/1299/650 1164/1300/649
f 1183/1301/651 1169/1302/652 1166/1303/652 1165/1304/651
f 1181/1305/653 1182/1297/649 1164/1300/649 1155/1306/653
f 1170/1307/654 1179/1308/655 1168/1309/655 1167/1310/654
f 1179/1308/655 1180/1311/656 1159/1312/656 1168/1309/655
f 1178/1313/657 1177/1314/658 1154/1315/658 1158/1316/657
f 1176/1317/659 1175/1318/660 1156/1319/660 1153/1320/659
f 1174/1321/661 1173/1322/662 1157/1323/662 1160/1324/661
f 1177/1325/658 1176/1317/659 1153/1320/659 1154/1326/658
f 1175/1318/660 1181/1305/653 1155/1306/653 1156/1319/660
f 1173/1322/662 1178/1327/657 1158/1328/657 1157/1323/662
f 1180/1311/656 1174/1321/661 1160/1324/661 1159/1312/656
f 1171/1298/650 1172/1329/663 1162/1330/663 1163/1299/650
f 1169/1302/652 1170/1307/654 1167/1310/654 1166/1303/652
f 1172/1329/663 1184/1331/664 1161/1332/664 1162/1330/663
o Cube.079
v 11.257698 1.872471 -13.863667
v 11.154076 1.905707 -13.872733
v 11.282661 1.606324 -13.861486
v 11.282661 1.830545 -13.861484
v 10.606155 1.872471 -13.920677
v 10.709793 1.905707 -13.911610
v 10.581207 1.606324 -13.922859
v 10.581207 1.830545 -13.922861
v 11.087517 0.955880 -13.878562
v 11.087517 1.447088 -13.878559
v 11.112099 1.491623 -13.876409
v 11.256546 1.539277 -13.863770
v 10.776352 0.955880 -13.905787
v 10.776352 1.447088 -13.905787
v 10.751770 1.491623 -13.907937
v 10.607315 1.539277 -13.920575
v 10.343857 1.447088 -4.000001
v 10.319183 1.491623 -4.000001
v 10.680878 1.491623 -3.999997
v 10.656204 1.447088 -3.999997
v 10.173019 1.872471 -4.000002
v 10.147964 1.830545 -4.000002
v 10.852097 1.830545 -3.999994
v 10.827042 1.872471 -3.999994
v 10.723022 1.905707 -3.999994
v 10.277039 1.905707 -4.000001
v 10.174171 1.539277 -4.000001
v 10.147964 1.606324 -4.000001
v 10.852097 1.606324 -3.999997
v 10.825890 1.539277 -3.999997
v 10.343857 0.955880 -4.000001
v 10.656204 0.955880 -4.000000
vt 0.1663 0.7077
vt 0.1663 0.7078
vt 0.1663 0.7078
vt 0.1663 0.7077
vt 0.1681 0.7076
vt 0.1677 0.7076
vt 0.1677 0.7076
vt 0.1681 0.7076
vt 0.1682 0.7078
vt 0.1682 0.7077
vt 0.1682 0.7077
vt 0.1682 0.7078
vt 0.1667 0.7079
vt 0.1668 0.7080
vt 0.1668 0.7080
vt 0.1667 0.7079
vt 0.1677 0.7080
vt 0.1677 0.7079
vt 0.1677 0.7079
vt 0.1677 0.7080
vt 0.1668 0.7084
vt 0.1668 0.7084
vt 0.1663 0.7079
vt 0.1663 0.7079
vt 0.1677 0.7084
vt 0.1677 0.7084
vt 0.1681 0.7079
vt 0.1681 0.7079
vt 0.1121 0.6724
vt 0.1111 0.6724
vt 0.1111 0.6724
vt 0.1121 0.6724
vt 0.1663 0.7076
vt 0.1663 0.7076
vt 0.1668 0.7076
vt 0.1668 0.7076
vn 0.9626 0.2678 0.0420
vn 0.9816 -0.1860 0.0429
vn -0.6273 0.7783 -0.0274
vn -0.1582 0.9874 -0.0069
vn -0.9820 -0.1841 -0.0429
vn -0.9636 0.2639 -0.0421
vn 0.6431 -0.7652 0.0281
vn 0.9677 -0.2484 0.0423
vn -0.9669 -0.2518 -0.0422
vn -0.6311 -0.7752 -0.0276
vn 0.9990 -0.0000 0.0436
vn 0.6807 -0.7320 0.0297
vn -0.9990 0.0000 -0.0436
vn -0.6932 -0.7201 -0.0303
vn 0.1498 0.9887 0.0065
vn 0.6152 0.7879 0.0269
usemtl Material
s 1
f 1207/1333/665 1213/1334/666 1187/1335/666 1188/1336/665
f 1205/1337/667 1210/1338/668 1190/1339/668 1189/1340/667
f 1212/1341/669 1206/1342/670 1192/1343/670 1191/1344/669
f 1203/1345/671 1204/1346/672 1194/1347/672 1195/1348/671
f 1201/1349/673 1202/1350/674 1199/1351/674 1198/1352/673
f 1204/1346/672 1216/1353/675 1193/1354/675 1194/1347/672
f 1214/1355/676 1203/1345/671 1195/1348/671 1196/1356/676
f 1215/1357/677 1201/1349/673 1198/1352/673 1197/1358/677
f 1213/1334/666 1214/1355/676 1196/1356/676 1187/1335/666
f 1202/1350/674 1211/1359/678 1200/1360/678 1199/1351/674
f 1211/1359/678 1212/1341/669 1191/1344/669 1200/1360/678
f 1210/1361/668 1209/1362/679 1186/1363/679 1190/1364/668
f 1208/1365/680 1207/1333/665 1188/1336/665 1185/1366/680
f 1206/1342/670 1205/1337/667 1189/1340/667 1192/1343/670
f 1209/1367/679 1208/1365/680 1185/1366/680 1186/1368/679
o Cube.078
v 10.656174 0.955870 0.000000
v 10.343819 0.955870 -0.000001
v 10.722984 1.905697 0.000006
v 10.277008 1.905697 -0.000001
v 10.825859 1.539268 0.000003
v 10.852066 1.606315 0.000003
v 10.147934 1.606315 -0.000001
v 10.174141 1.539268 -0.000001
v 10.852066 1.830535 0.000006
v 10.827011 1.872461 0.000006
v 10.172981 1.872461 -0.000003
v 10.147934 1.830535 -0.000003
v 10.656174 1.447078 0.000003
v 10.680847 1.491614 0.000003
v 10.319145 1.491614 -0.000001
v 10.343819 1.447078 -0.000001
v 10.343857 1.447088 -4.000001
v 10.319183 1.491623 -4.000001
v 10.680878 1.491623 -3.999997
v 10.656204 1.447088 -3.999997
v 10.173019 1.872471 -4.000002
v 10.147964 1.830545 -4.000002
v 10.852097 1.830545 -3.999994
v 10.827042 1.872471 -3.999994
v 10.723022 1.905707 -3.999994
v 10.277039 1.905707 -4.000001
v 10.174171 1.539277 -4.000001
v 10.147964 1.606324 -4.000001
v 10.852097 1.606324 -3.999997
v 10.825890 1.539277 -3.999997
v 10.343857 0.955880 -4.000001
v 10.656204 0.955880 -4.000000
vt 0.1111 0.6724
vt 0.1111 0.6724
vt 0.1121 0.6724
vt 0.1121 0.6724
vt 0.1682 0.7078
vt 0.1682 0.7078
vt 0.1681 0.7079
vt 0.1681 0.7079
vt 0.1677 0.7079
vt 0.1677 0.7079
vt 0.1663 0.7079
vt 0.1663 0.7079
vt 0.1663 0.7078
vt 0.1663 0.7078
vt 0.1677 0.7080
vt 0.1677 0.7080
vt 0.1677 0.7084
vt 0.1677 0.7084
vt 0.1667 0.7079
vt 0.1667 0.7079
vt 0.1668 0.7084
vt 0.1668 0.7084
vt 0.1668 0.7080
vt 0.1668 0.7080
vt 0.1682 0.7077
vt 0.1682 0.7077
vt 0.1677 0.7076
vt 0.1677 0.7076
vt 0.1681 0.7076
vt 0.1681 0.7076
vt 0.1663 0.7077
vt 0.1663 0.7077
vt 0.1663 0.7076
vt 0.1663 0.7076
vt 0.1668 0.7076
vt 0.1668 0.7076
vn 0.1540 0.9881 0.0000
vn -0.1540 0.9881 0.0000
vn -0.9827 -0.1852 -0.0000
vn -0.6874 -0.7263 -0.0000
vn -0.6375 -0.7705 -0.0000
vn 0.6874 -0.7263 0.0000
vn 0.9827 -0.1852 0.0000
vn -0.9682 -0.2503 -0.0000
vn -1.0000 0.0000 -0.0000
vn 0.6375 -0.7705 0.0000
vn 1.0000 0.0000 0.0000
vn 0.9682 -0.2503 0.0000
vn -0.9640 0.2660 -0.0000
vn -0.9640 0.2661 -0.0000
vn -0.6216 0.7834 -0.0000
vn 0.9640 0.2661 0.0000
vn 0.6215 0.7834 0.0000
usemtl Material
s 1
f 1219/1369/681 1241/1370/681 1242/1371/682 1220/1372/682
f 1223/1373/683 1244/1374/683 1243/1375/684 1224/1376/684
f 1224/1376/684 1243/1375/684 1234/1377/685 1231/1378/685
f 1221/1379/686 1246/1380/686 1245/1381/687 1222/1382/687
f 1232/1383/688 1233/1384/688 1247/1385/689 1218/1386/689
f 1230/1387/690 1235/1388/690 1246/1380/686 1221/1379/686
f 1217/1389/691 1248/1390/691 1236/1391/692 1229/1392/692
f 1231/1378/685 1234/1377/685 1233/1384/688 1232/1383/688
f 1229/1392/692 1236/1391/692 1235/1388/690 1230/1387/690
f 1228/1393/693 1238/1394/694 1244/1374/683 1223/1373/683
f 1220/1395/682 1242/1396/682 1237/1397/695 1227/1398/695
f 1222/1382/687 1245/1381/687 1239/1399/696 1225/1400/696
f 1226/1401/697 1240/1402/697 1241/1403/681 1219/1404/681
f 1227/1398/695 1237/1397/695 1238/1394/694 1228/1393/693
f 1225/1400/696 1239/1399/696 1240/1402/697 1226/1401/697
o Cube.077
v 2.656174 0.955870 0.000000
v 2.343826 0.955870 -0.000001
v 2.722992 1.905697 0.000006
v 2.277008 1.905697 -0.000001
v 2.825867 1.539268 0.000003
v 2.852066 1.606315 0.000003
v 2.147934 1.606315 -0.000001
v 2.174133 1.539268 -0.000001
v 2.852066 1.830535 0.000006
v 2.827011 1.872461 0.000006
v 2.172989 1.872461 -0.000003
v 2.147934 1.830535 -0.000003
v 2.656174 1.447078 0.000003
v 2.680847 1.491614 0.000003
v 2.319153 1.491614 -0.000001
v 2.343826 1.447078 -0.000001
v 2.343857 1.447088 -4.000001
v 2.319183 1.491623 -4.000001
v 2.680878 1.491623 -3.999997
v 2.656204 1.447088 -3.999997
v 2.173019 1.872471 -4.000002
v 2.147964 1.830545 -4.000002
v 2.852097 1.830545 -3.999994
v 2.827042 1.872471 -3.999994
v 2.723022 1.905707 -3.999994
v 2.277039 1.905707 -4.000001
v 2.174164 1.539277 -4.000001
v 2.147964 1.606324 -4.000001
v 2.852097 1.606324 -3.999997
v 2.825897 1.539277 -3.999997
v 2.343857 0.955880 -4.000001
v 2.656204 0.955880 -4.000000
vt 0.1668 0.7089
vt 0.1668 0.7089
vt 0.1667 0.7089
vt 0.1667 0.7089
vt 0.1682 0.7086
vt 0.1682 0.7086
vt 0.1682 0.7088
vt 0.1682 0.7088
vt 0.1677 0.7085
vt 0.1677 0.7085
vt 0.1681 0.7086
vt 0.1681 0.7086
vt 0.1663 0.7088
vt 0.1663 0.7088
vt 0.1663 0.7086
vt 0.1663 0.7086
vt 0.1663 0.7086
vt 0.1663 0.7086
vt 0.1668 0.7085
vt 0.1668 0.7085
vt 0.1111 0.6734
vt 0.1111 0.6734
vt 0.1121 0.6734
vt 0.1121 0.6734
vt 0.1681 0.7088
vt 0.1681 0.7088
vt 0.1677 0.7089
vt 0.1677 0.7089
vt 0.1663 0.7088
vt 0.1663 0.7088
vt 0.1677 0.7089
vt 0.1677 0.7089
vt 0.1677 0.7093
vt 0.1677 0.7093
vt 0.1668 0.7093
vt 0.1668 0.7093
vn 0.9682 -0.2503 0.0000
vn 0.6374 -0.7705 0.0000
vn -0.9640 0.2661 -0.0000
vn -0.9827 -0.1852 -0.0000
vn -0.1540 0.9881 0.0000
vn -0.6215 0.7834 -0.0000
vn 0.9827 -0.1852 0.0000
vn 0.9640 0.2661 0.0000
vn 0.6215 0.7834 0.0000
vn 0.1540 0.9881 0.0000
vn -0.6874 -0.7263 -0.0000
vn -0.6374 -0.7705 -0.0000
vn 0.6874 -0.7263 0.0000
vn -0.9682 -0.2503 -0.0000
vn -1.0000 0.0000 -0.0000
vn 1.0000 0.0000 0.0000
usemtl Material
s 1
f 1261/1405/698 1268/1406/698 1267/1407/699 1262/1408/699
f 1260/1409/700 1270/1410/700 1276/1411/701 1255/1412/701
f 1252/1413/702 1274/1414/702 1269/1415/703 1259/1416/703
f 1254/1417/704 1277/1418/704 1271/1419/705 1257/1420/705
f 1258/1421/706 1272/1422/706 1273/1423/707 1251/1424/707
f 1259/1416/703 1269/1415/703 1270/1410/700 1260/1409/700
f 1257/1420/705 1271/1419/705 1272/1422/706 1258/1421/706
f 1251/1425/707 1273/1426/707 1274/1427/702 1252/1428/702
f 1255/1412/701 1276/1411/701 1275/1429/708 1256/1430/708
f 1256/1430/708 1275/1429/708 1266/1431/709 1263/1432/709
f 1253/1433/710 1278/1434/710 1277/1418/704 1254/1417/704
f 1264/1435/711 1265/1436/711 1279/1437/712 1250/1438/712
f 1262/1408/699 1267/1407/699 1278/1434/710 1253/1433/710
f 1249/1439/713 1280/1440/713 1268/1406/698 1261/1405/698
f 1263/1432/709 1266/1431/709 1265/1436/711 1264/1435/711
o Cube.076
v 12.040451 -0.500000 -57.310951
v 11.195213 -0.500000 -55.498337
v 11.195213 0.200000 -55.498337
v 12.040451 0.200000 -57.310951
v 23.822449 0.200000 -51.816917
v 23.822449 -0.500000 -51.816917
v 22.977211 -0.500000 -50.004303
v 22.977211 0.200000 -50.004303
vt 0.0000 1.0000
vt 0.0000 0.0000
vt 0.2985 0.0000
vt 0.2985 1.0000
vt 1.0000 0.1538
vt 0.8955 0.1538
vt 0.8955 0.0000
vt 1.0000 0.0000
vt 1.0000 0.3077
vt 0.8955 0.3077
vt 0.8955 0.1538
vt 1.0000 0.1538
vn 0.0000 -1.0000 0.0000
vn -0.9063 0.0000 -0.4226
vn 0.9063 0.0000 0.4226
usemtl Material_blk_concrete01_dif.tga
s off
f 1281/1441/714 1286/1442/714 1287/1443/714 1282/1444/714
f 1282/1445/715 1283/1446/715 1284/1447/715 1281/1448/715
f 1286/1449/716 1285/1450/716 1288/1451/716 1287/1452/716
o Cube.075
v 21.858818 0.500000 -50.525818
v 22.704056 0.500000 -52.338432
v 20.409302 0.500000 -53.408493
v 19.564064 0.500000 -51.595879
v 19.290909 0.200000 -53.930008
v 18.445671 0.200000 -52.117393
v 23.822449 0.200000 -51.816917
v 22.977211 0.200000 -50.004303
vt 0.2985 0.9051
vt 0.5970 0.9051
vt 0.5970 1.0000
vt 0.2985 1.0000
vt 0.2985 0.7103
vt 0.5970 0.7103
vt 0.2985 0.6154
vt 0.5970 0.6154
vn 0.2141 0.9717 0.0998
vn 0.0000 1.0000 0.0000
vn -0.2141 0.9717 -0.0998
usemtl Material_blk_concrete01_dif.tga
s off
f 1290/1453/717 1289/1454/717 1296/1455/717 1295/1456/717
f 1290/1453/718 1291/1457/718 1292/1458/718 1289/1454/718
f 1291/1457/719 1293/1459/719 1294/1460/719 1292/1458/719
o Cube.074
v 12.313606 0.500000 -54.976822
v 13.158844 0.500000 -56.789436
v 15.453598 0.500000 -55.719376
v 14.608360 0.500000 -53.906761
v 15.726753 0.200000 -53.385246
v 16.571991 0.200000 -55.197861
v 11.195213 0.200000 -55.498337
v 12.040451 0.200000 -57.310951
vt 0.2985 0.2897
vt 0.2985 0.0949
vt 0.5970 0.0949
vt 0.5970 0.2897
vt 0.2985 0.3846
vt 0.5970 0.3846
vt 0.2985 0.0000
vt 0.5970 0.0000
vn 0.0000 1.0000 0.0000
vn 0.2141 0.9717 0.0998
vn -0.2141 0.9717 -0.0998
usemtl Material_blk_concrete01_dif.tga
s off
f 1299/1461/720 1298/1462/720 1297/1463/720 1300/1464/720
f 1302/1465/721 1299/1461/721 1300/1464/721 1301/1466/721
f 1297/1463/722 1298/1462/722 1304/1467/722 1303/1468/722
o Cube.071
v 122.999992 0.500000 -126.765984
v 124.999992 0.500000 -126.765984
v 124.999992 0.500000 -124.234001
v 122.999992 0.500000 -124.234001
v 122.999992 0.200000 -122.999992
v 124.999992 0.200000 -122.999992
v 122.999992 0.200000 -127.999992
v 124.999992 0.200000 -127.999992
vt 0.2985 0.2897
vt 0.2985 0.0949
vt 0.5970 0.0949
vt 0.5970 0.2897
vt 0.2985 0.3846
vt 0.5970 0.3846
vt 0.2985 0.0000
vt 0.5970 0.0000
vn 0.0000 1.0000 0.0000
vn 0.0000 0.9717 0.2362
vn 0.0000 0.9717 -0.2362
usemtl Material_blk_concrete01_dif.tga
s off
f 1307/1469/723 1306/1470/723 1305/1471/723 1308/1472/723
f 1310/1473/724 1307/1469/724 1308/1472/724 1309/1474/724
f 1305/1471/725 1306/1470/725 1312/1475/725 1311/1476/725
o Cube.070
v 122.999992 0.500000 -116.234001
v 124.999992 0.500000 -116.234001
v 124.999992 0.500000 -118.765984
v 122.999992 0.500000 -118.765984
v 124.999992 0.200000 -119.999992
v 122.999992 0.200000 -119.999992
v 124.999992 0.200000 -114.999992
v 122.999992 0.200000 -114.999992
vt 0.2985 0.9051
vt 0.5970 0.9051
vt 0.5970 1.0000
vt 0.2985 1.0000
vt 0.2985 0.7103
vt 0.5970 0.7103
vt 0.2985 0.6154
vt 0.5970 0.6154
vn 0.0000 0.9717 0.2362
vn 0.0000 1.0000 0.0000
vn 0.0000 0.9717 -0.2362
usemtl Material_blk_concrete01_dif.tga
s off
f 1314/1477/726 1313/1478/726 1320/1479/726 1319/1480/726
f 1314/1477/727 1315/1481/727 1316/1482/727 1313/1478/727
f 1315/1481/728 1317/1483/728 1318/1484/728 1316/1482/728
o Cube.069
v 124.999992 -0.500000 -127.999992
v 122.999992 -0.500000 -127.999992
v 122.999992 0.200000 -127.999992
v 124.999992 0.200000 -127.999992
v 124.999992 0.200000 -114.999992
v 124.999992 -0.500000 -114.999992
v 122.999992 -0.500000 -114.999992
v 122.999992 0.200000 -114.999992
vt 0.0000 1.0000
vt 0.0000 0.0000
vt 0.2985 0.0000
vt 0.2985 1.0000
vt 1.0000 0.1538
vt 0.8955 0.1538
vt 0.8955 0.0000
vt 1.0000 0.0000
vt 1.0000 0.3077
vt 0.8955 0.3077
vt 0.8955 0.1538
vt 1.0000 0.1538
vn 0.0000 -1.0000 0.0000
vn 0.0000 0.0000 -1.0000
vn 0.0000 0.0000 1.0000
usemtl Material_blk_concrete01_dif.tga
s off
f 1321/1485/729 1326/1486/729 1327/1487/729 1322/1488/729
f 1322/1489/730 1323/1490/730 1324/1491/730 1321/1492/730
f 1326/1493/731 1325/1494/731 1328/1495/731 1327/1496/731
o Cube.068
v 114.188873 -0.500000 -127.615295
v 112.196487 -0.500000 -127.440994
v 112.196487 0.200000 -127.440994
v 114.188873 0.200000 -127.615295
v 115.321899 0.200000 -114.664764
v 115.321899 -0.500000 -114.664764
v 113.329514 -0.500000 -114.490456
v 113.329514 0.200000 -114.490456
vt 0.0000 1.0000
vt 0.0000 0.0000
vt 0.2985 0.0000
vt 0.2985 1.0000
vt 1.0000 0.1538
vt 0.8955 0.1538
vt 0.8955 0.0000
vt 1.0000 0.0000
vt 1.0000 0.3077
vt 0.8955 0.3077
vt 0.8955 0.1538
vt 1.0000 0.1538
vn 0.0000 -1.0000 0.0000
vn -0.0871 0.0000 -0.9962
vn 0.0872 0.0000 0.9962
usemtl Material_blk_concrete01_dif.tga
s off
f 1329/1497/732 1334/1498/732 1335/1499/732 1330/1500/732
f 1330/1501/733 1331/1502/733 1332/1503/733 1329/1504/733
f 1334/1505/734 1333/1506/734 1336/1507/734 1335/1508/734
o Cube.067
v 113.221962 0.500000 -115.719765
v 115.214348 0.500000 -115.894073
v 114.993675 0.500000 -118.416428
v 113.001282 0.500000 -118.242119
v 114.886124 0.200000 -119.645737
v 112.893738 0.200000 -119.471428
v 115.321899 0.200000 -114.664764
v 113.329514 0.200000 -114.490456
vt 0.2985 0.9051
vt 0.5970 0.9051
vt 0.5970 1.0000
vt 0.2985 1.0000
vt 0.2985 0.7103
vt 0.5970 0.7103
vt 0.2985 0.6154
vt 0.5970 0.6154
vn 0.0206 0.9717 0.2353
vn 0.0000 1.0000 0.0000
vn -0.0206 0.9717 -0.2353
usemtl Material_blk_concrete01_dif.tga
s off
f 1338/1509/735 1337/1510/735 1344/1511/735 1343/1512/735
f 1338/1509/736 1339/1513/736 1340/1514/736 1337/1510/736
f 1339/1513/737 1341/1515/737 1342/1516/737 1340/1514/737
o Cube.066
v 112.304039 0.500000 -126.211685
v 114.296425 0.500000 -126.385986
v 114.517105 0.500000 -123.863632
v 112.524719 0.500000 -123.689331
v 112.632263 0.200000 -122.460022
v 114.624657 0.200000 -122.634323
v 112.196487 0.200000 -127.440994
v 114.188873 0.200000 -127.615295
vt 0.2985 0.2897
vt 0.2985 0.0949
vt 0.5970 0.0949
vt 0.5970 0.2897
vt 0.2985 0.3846
vt 0.5970 0.3846
vt 0.2985 0.0000
vt 0.5970 0.0000
vn 0.0000 1.0000 0.0000
vn 0.0206 0.9717 0.2353
vn -0.0206 0.9717 -0.2353
usemtl Material_blk_concrete01_dif.tga
s off
f 1347/1517/738 1346/1518/738 1345/1519/738 1348/1520/738
f 1350/1521/739 1347/1517/739 1348/1520/739 1349/1522/739
f 1345/1519/740 1346/1518/740 1352/1523/740 1351/1524/740
o Cube.063
v 101.697090 0.500000 -124.727249
v 103.666702 0.500000 -125.074539
v 104.106384 0.500000 -122.581024
v 102.136765 0.500000 -122.233734
v 102.351051 0.200000 -121.018463
v 104.320663 0.200000 -121.365768
v 101.482811 0.200000 -125.942505
v 103.452423 0.200000 -126.289795
vt 0.2985 0.2897
vt 0.2985 0.0949
vt 0.5970 0.0949
vt 0.5970 0.2897
vt 0.2985 0.3846
vt 0.5970 0.3846
vt 0.2985 0.0000
vt 0.5970 0.0000
vn 0.0000 1.0000 0.0000
vn 0.0410 0.9717 0.2326
vn -0.0410 0.9717 -0.2326
usemtl Material_blk_concrete01_dif.tga
s off
f 1355/1525/741 1354/1526/741 1353/1527/741 1356/1528/741
f 1358/1529/742 1355/1525/742 1356/1528/742 1357/1530/742
f 1353/1527/743 1354/1526/743 1360/1531/743 1359/1532/743
o Cube.062
v 103.525955 0.500000 -114.355263
v 105.495567 0.500000 -114.702560
v 105.055893 0.500000 -117.196075
v 103.086281 0.500000 -116.848778
v 104.841614 0.200000 -118.411339
v 102.871994 0.200000 -118.064041
v 105.709854 0.200000 -113.487297
v 103.740234 0.200000 -113.139999
vt 0.2985 0.9051
vt 0.5970 0.9051
vt 0.5970 1.0000
vt 0.2985 1.0000
vt 0.2985 0.7103
vt 0.5970 0.7103
vt 0.2985 0.6154
vt 0.5970 0.6154
vn 0.0410 0.9717 0.2326
vn 0.0000 1.0000 0.0000
vn -0.0410 0.9717 -0.2326
usemtl Material_blk_concrete01_dif.tga
s off
f 1362/1533/744 1361/1534/744 1368/1535/744 1367/1536/744
f 1362/1533/745 1363/1537/745 1364/1538/745 1361/1534/745
f 1363/1537/746 1365/1539/746 1366/1540/746 1364/1538/746
o Cube.061
v 103.452423 -0.500000 -126.289795
v 101.482811 -0.500000 -125.942505
v 101.482811 0.200000 -125.942505
v 103.452423 0.200000 -126.289795
v 105.709854 0.200000 -113.487297
v 105.709854 -0.500000 -113.487297
v 103.740234 -0.500000 -113.139999
v 103.740234 0.200000 -113.139999
vt 0.0000 1.0000
vt 0.0000 0.0000
vt 0.2985 0.0000
vt 0.2985 1.0000
vt 1.0000 0.1538
vt 0.8955 0.1538
vt 0.8955 0.0000
vt 1.0000 0.0000
vt 1.0000 0.3077
vt 0.8955 0.3077
vt 0.8955 0.1538
vt 1.0000 0.1538
vn 0.0000 -1.0000 0.0000
vn -0.1736 0.0000 -0.9848
vn 0.1737 0.0000 0.9848
usemtl Material_blk_concrete01_dif.tga
s off
f 1369/1541/747 1374/1542/747 1375/1543/747 1370/1544/747
f 1370/1545/748 1371/1546/748 1372/1547/748 1369/1548/748
f 1374/1549/749 1373/1550/749 1376/1551/749 1375/1552/749
o Cube.060
v 92.872360 -0.500000 -124.033615
v 90.940506 -0.500000 -123.515976
v 90.940506 0.200000 -123.515976
v 92.872360 0.200000 -124.033615
v 96.237007 0.200000 -111.476578
v 96.237007 -0.500000 -111.476578
v 94.305161 -0.500000 -110.958939
v 94.305161 0.200000 -110.958939
vt 0.0000 1.0000
vt 0.0000 0.0000
vt 0.2985 0.0000
vt 0.2985 1.0000
vt 1.0000 0.1538
vt 0.8955 0.1538
vt 0.8955 0.0000
vt 1.0000 0.0000
vt 1.0000 0.3077
vt 0.8955 0.3077
vt 0.8955 0.1538
vt 1.0000 0.1538
vn 0.0000 -1.0000 0.0000
vn -0.2588 0.0000 -0.9659
vn 0.2588 0.0000 0.9659
usemtl Material_blk_concrete01_dif.tga
s off
f 1377/1553/750 1382/1554/750 1383/1555/750 1378/1556/750
f 1378/1557/751 1379/1558/751 1380/1559/751 1377/1560/751
f 1382/1561/752 1381/1562/752 1384/1563/752 1383/1564/752
o Cube.059
v 93.985771 0.500000 -112.150902
v 95.917625 0.500000 -112.668541
v 95.262299 0.500000 -115.114250
v 93.330444 0.500000 -114.596611
v 94.942917 0.200000 -116.306206
v 93.011063 0.200000 -115.788567
v 96.237007 0.200000 -111.476578
v 94.305161 0.200000 -110.958939
vt 0.2985 0.9051
vt 0.5970 0.9051
vt 0.5970 1.0000
vt 0.2985 1.0000
vt 0.2985 0.7103
vt 0.5970 0.7103
vt 0.2985 0.6154
vt 0.5970 0.6154
vn 0.0611 0.9717 0.2282
vn 0.0000 1.0000 0.0000
vn -0.0611 0.9717 -0.2282
usemtl Material_blk_concrete01_dif.tga
s off
f 1386/1565/753 1385/1566/753 1392/1567/753 1391/1568/753
f 1386/1565/754 1387/1569/754 1388/1570/754 1385/1566/754
f 1387/1569/755 1389/1571/755 1390/1572/755 1388/1570/755
o Cube.058
v 91.259895 0.500000 -122.324020
v 93.191742 0.500000 -122.841660
v 93.847069 0.500000 -120.395943
v 91.915222 0.500000 -119.878304
v 92.234604 0.200000 -118.686348
v 94.166458 0.200000 -119.203987
v 90.940506 0.200000 -123.515976
v 92.872360 0.200000 -124.033615
vt 0.2985 0.2897
vt 0.2985 0.0949
vt 0.5970 0.0949
vt 0.5970 0.2897
vt 0.2985 0.3846
vt 0.5970 0.3846
vt 0.2985 0.0000
vt 0.5970 0.0000
vn 0.0000 1.0000 0.0000
vn 0.0611 0.9717 0.2282
vn -0.0611 0.9717 -0.2282
usemtl Material_blk_concrete01_dif.tga
s off
f 1395/1573/756 1394/1574/756 1393/1575/756 1396/1576/756
f 1398/1577/757 1395/1573/757 1396/1576/757 1397/1578/757
f 1393/1575/758 1394/1574/758 1400/1579/758 1399/1580/758
o Cube.055
v 81.071869 0.500000 -119.020271
v 82.951248 0.500000 -119.704308
v 83.817245 0.500000 -117.325027
v 81.937851 0.500000 -116.640991
v 82.359909 0.200000 -115.481400
v 84.239296 0.200000 -116.165436
v 80.649811 0.200000 -120.179863
v 82.529198 0.200000 -120.863899
vt 0.2985 0.2897
vt 0.2985 0.0949
vt 0.5970 0.0949
vt 0.5970 0.2897
vt 0.2985 0.3846
vt 0.5970 0.3846
vt 0.2985 0.0000
vt 0.5970 0.0000
vn 0.0000 1.0000 0.0000
vn 0.0808 0.9717 0.2220
vn -0.0808 0.9717 -0.2220
usemtl Material_blk_concrete01_dif.tga
s off
f 1403/1581/759 1402/1582/759 1401/1583/759 1404/1584/759
f 1406/1585/760 1403/1581/760 1404/1584/760 1405/1586/760
f 1401/1583/761 1402/1582/761 1408/1587/761 1407/1588/761
o Cube.054
v 84.674011 0.500000 -109.123451
v 86.553406 0.500000 -109.807487
v 85.687408 0.500000 -112.186768
v 83.808029 0.500000 -111.502731
v 85.265358 0.200000 -113.346359
v 83.385971 0.200000 -112.662323
v 86.975456 0.200000 -108.647896
v 85.096069 0.200000 -107.963860
vt 0.2985 0.9051
vt 0.5970 0.9051
vt 0.5970 1.0000
vt 0.2985 1.0000
vt 0.2985 0.7103
vt 0.5970 0.7103
vt 0.2985 0.6154
vt 0.5970 0.6154
vn 0.0808 0.9717 0.2220
vn 0.0000 1.0000 0.0000
vn -0.0808 0.9717 -0.2220
usemtl Material_blk_concrete01_dif.tga
s off
f 1410/1589/762 1409/1590/762 1416/1591/762 1415/1592/762
f 1410/1589/763 1411/1593/763 1412/1594/763 1409/1590/763
f 1411/1593/764 1413/1595/764 1414/1596/764 1412/1594/764
o Cube.053
v 82.529198 -0.500000 -120.863899
v 80.649811 -0.500000 -120.179863
v 80.649811 0.200000 -120.179863
v 82.529198 0.200000 -120.863899
v 86.975456 0.200000 -108.647896
v 86.975456 -0.500000 -108.647896
v 85.096069 -0.500000 -107.963860
v 85.096069 0.200000 -107.963860
vt 0.0000 1.0000
vt 0.0000 0.0000
vt 0.2985 0.0000
vt 0.2985 1.0000
vt 1.0000 0.1538
vt 0.8955 0.1538
vt 0.8955 0.0000
vt 1.0000 0.0000
vt 1.0000 0.3077
vt 0.8955 0.3077
vt 0.8955 0.1538
vt 1.0000 0.1538
vn 0.0000 -1.0000 0.0000
vn -0.3420 0.0000 -0.9397
vn 0.3420 0.0000 0.9397
usemtl Material_blk_concrete01_dif.tga
s off
f 1417/1597/765 1422/1598/765 1423/1599/765 1418/1600/765
f 1418/1601/766 1419/1602/766 1420/1603/766 1417/1604/766
f 1422/1605/767 1421/1606/767 1424/1607/767 1423/1608/767
o Cube.052
v 72.501648 -0.500000 -116.804779
v 70.689034 -0.500000 -115.959541
v 70.689034 0.200000 -115.959541
v 72.501648 0.200000 -116.804779
v 77.995682 0.200000 -105.022781
v 77.995682 -0.500000 -105.022781
v 76.183067 -0.500000 -104.177544
v 76.183067 0.200000 -104.177544
vt 0.0000 1.0000
vt 0.0000 0.0000
vt 0.2985 0.0000
vt 0.2985 1.0000
vt 1.0000 0.1538
vt 0.8955 0.1538
vt 0.8955 0.0000
vt 1.0000 0.0000
vt 1.0000 0.3077
vt 0.8955 0.3077
vt 0.8955 0.1538
vt 1.0000 0.1538
vn 0.0000 -1.0000 0.0000
vn -0.4226 0.0000 -0.9063
vn 0.4226 0.0000 0.9063
usemtl Material_blk_concrete01_dif.tga
s off
f 1425/1609/768 1430/1610/768 1431/1611/768 1426/1612/768
f 1426/1613/769 1427/1614/769 1428/1615/769 1425/1616/769
f 1430/1617/770 1429/1618/770 1432/1619/770 1431/1620/770
o Cube.051
v 75.661560 0.500000 -105.295937
v 77.474174 0.500000 -106.141174
v 76.404114 0.500000 -108.435928
v 74.591492 0.500000 -107.590691
v 75.882599 0.200000 -109.554321
v 74.069977 0.200000 -108.709084
v 77.995682 0.200000 -105.022781
v 76.183067 0.200000 -104.177544
vt 0.2985 0.9051
vt 0.5970 0.9051
vt 0.5970 1.0000
vt 0.2985 1.0000
vt 0.2985 0.7103
vt 0.5970 0.7103
vt 0.2985 0.6154
vt 0.5970 0.6154
vn 0.0998 0.9717 0.2141
vn 0.0000 1.0000 0.0000
vn -0.0998 0.9717 -0.2141
usemtl Material_blk_concrete01_dif.tga
s off
f 1434/1621/771 1433/1622/771 1440/1623/771 1439/1624/771
f 1434/1621/772 1435/1625/772 1436/1626/772 1433/1622/772
f 1435/1625/773 1437/1627/773 1438/1628/773 1436/1626/773
o Cube.050
v 71.210548 0.500000 -114.841148
v 73.023163 0.500000 -115.686386
v 74.093231 0.500000 -113.391632
v 72.280609 0.500000 -112.546394
v 72.802124 0.200000 -111.428001
v 74.614746 0.200000 -112.273239
v 70.689034 0.200000 -115.959541
v 72.501648 0.200000 -116.804779
vt 0.2985 0.2897
vt 0.2985 0.0949
vt 0.5970 0.0949
vt 0.5970 0.2897
vt 0.2985 0.3846
vt 0.5970 0.3846
vt 0.2985 0.0000
vt 0.5970 0.0000
vn 0.0000 1.0000 0.0000
vn 0.0998 0.9717 0.2141
vn -0.0998 0.9717 -0.2141
usemtl Material_blk_concrete01_dif.tga
s off
f 1443/1629/774 1442/1630/774 1441/1631/774 1444/1632/774
f 1446/1633/775 1443/1629/775 1444/1632/775 1445/1634/775
f 1441/1631/776 1442/1630/776 1448/1635/776 1447/1636/776
o Cube.047
v 61.750984 0.500000 -109.818474
v 63.483036 0.500000 -110.818474
v 64.749023 0.500000 -108.625710
v 63.016975 0.500000 -107.625710
v 63.633980 0.200000 -106.557030
v 65.366028 0.200000 -107.557030
v 61.133980 0.200000 -110.887154
v 62.866032 0.200000 -111.887154
vt 0.2985 0.2897
vt 0.2985 0.0949
vt 0.5970 0.0949
vt 0.5970 0.2897
vt 0.2985 0.3846
vt 0.5970 0.3846
vt 0.2985 0.0000
vt 0.5970 0.0000
vn 0.0000 1.0000 0.0000
vn 0.1181 0.9717 0.2046
vn -0.1181 0.9717 -0.2046
usemtl Material_blk_concrete01_dif.tga
s off
f 1451/1637/777 1450/1638/777 1449/1639/777 1452/1640/777
f 1454/1641/778 1451/1637/778 1452/1640/778 1453/1642/778
f 1449/1639/779 1450/1638/779 1456/1643/779 1455/1644/779
o Cube.046
v 67.016968 0.500000 -100.697502
v 68.749023 0.500000 -101.697502
v 67.483032 0.500000 -103.890266
v 65.750977 0.500000 -102.890266
v 66.866028 0.200000 -104.958946
v 65.133972 0.200000 -103.958946
v 69.366028 0.200000 -100.628822
v 67.633972 0.200000 -99.628822
vt 0.2985 0.9051
vt 0.5970 0.9051
vt 0.5970 1.0000
vt 0.2985 1.0000
vt 0.2985 0.7103
vt 0.5970 0.7103
vt 0.2985 0.6154
vt 0.5970 0.6154
vn 0.1181 0.9717 0.2046
vn 0.0000 1.0000 0.0000
vn -0.1181 0.9717 -0.2046
usemtl Material_blk_concrete01_dif.tga
s off
f 1458/1645/780 1457/1646/780 1464/1647/780 1463/1648/780
f 1458/1645/781 1459/1649/781 1460/1650/781 1457/1646/781
f 1459/1649/782 1461/1651/782 1462/1652/782 1460/1650/782
o Cube.045
v 62.866032 -0.500000 -111.887154
v 61.133980 -0.500000 -110.887154
v 61.133980 0.200000 -110.887154
v 62.866032 0.200000 -111.887154
v 69.366028 0.200000 -100.628822
v 69.366028 -0.500000 -100.628822
v 67.633972 -0.500000 -99.628822
v 67.633972 0.200000 -99.628822
vt 0.0000 1.0000
vt 0.0000 0.0000
vt 0.2985 0.0000
vt 0.2985 1.0000
vt 1.0000 0.1538
vt 0.8955 0.1538
vt 0.8955 0.0000
vt 1.0000 0.0000
vt 1.0000 0.3077
vt 0.8955 0.3077
vt 0.8955 0.1538
vt 1.0000 0.1538
vn 0.0000 -1.0000 0.0000
vn -0.5000 0.0000 -0.8660
vn 0.5000 0.0000 0.8660
usemtl Material_blk_concrete01_dif.tga
s off
f 1465/1653/783 1470/1654/783 1471/1655/783 1466/1656/783
f 1466/1657/784 1467/1658/784 1468/1659/784 1465/1660/784
f 1470/1661/785 1469/1662/785 1472/1663/785 1471/1664/785
o Cube.044
v 53.695671 -0.500000 -106.148422
v 52.057373 -0.500000 -105.001266
v 52.057373 0.200000 -105.001266
v 53.695671 0.200000 -106.148422
v 61.152168 0.200000 -95.499451
v 61.152168 -0.500000 -95.499451
v 59.513870 -0.500000 -94.352295
v 59.513870 0.200000 -94.352295
vt 0.0000 1.0000
vt 0.0000 0.0000
vt 0.2985 0.0000
vt 0.2985 1.0000
vt 1.0000 0.1538
vt 0.8955 0.1538
vt 0.8955 0.0000
vt 1.0000 0.0000
vt 1.0000 0.3077
vt 0.8955 0.3077
vt 0.8955 0.1538
vt 1.0000 0.1538
vn 0.0000 -1.0000 0.0000
vn -0.5736 0.0000 -0.8192
vn 0.5736 0.0000 0.8192
usemtl Material_blk_concrete01_dif.tga
s off
f 1473/1665/786 1478/1666/786 1479/1667/786 1474/1668/786
f 1474/1669/787 1475/1670/787 1476/1671/787 1473/1672/787
f 1478/1673/788 1477/1674/788 1480/1675/788 1479/1676/788
o Cube.043
v 58.806068 0.500000 -95.363136
v 60.444374 0.500000 -96.510292
v 58.992088 0.500000 -98.584366
v 57.353783 0.500000 -97.437210
v 58.284294 0.200000 -99.595207
v 56.645988 0.200000 -98.448051
v 61.152168 0.200000 -95.499451
v 59.513870 0.200000 -94.352295
vt 0.2985 0.9051
vt 0.5970 0.9051
vt 0.5970 1.0000
vt 0.2985 1.0000
vt 0.2985 0.7103
vt 0.5970 0.7103
vt 0.2985 0.6154
vt 0.5970 0.6154
vn 0.1355 0.9717 0.1935
vn 0.0000 1.0000 0.0000
vn -0.1355 0.9717 -0.1935
usemtl Material_blk_concrete01_dif.tga
s off
f 1482/1677/789 1481/1678/789 1488/1679/789 1487/1680/789
f 1482/1677/790 1483/1681/790 1484/1682/790 1481/1678/790
f 1483/1681/791 1485/1683/791 1486/1684/791 1484/1682/791
o Cube.042
v 52.765175 0.500000 -103.990425
v 54.403481 0.500000 -105.137581
v 55.855766 0.500000 -103.063507
v 54.217461 0.500000 -101.916351
v 54.925255 0.200000 -100.905510
v 56.563560 0.200000 -102.052666
v 52.057373 0.200000 -105.001266
v 53.695671 0.200000 -106.148422
vt 0.2985 0.2897
vt 0.2985 0.0949
vt 0.5970 0.0949
vt 0.5970 0.2897
vt 0.2985 0.3846
vt 0.5970 0.3846
vt 0.2985 0.0000
vt 0.5970 0.0000
vn 0.0000 1.0000 0.0000
vn 0.1355 0.9717 0.1935
vn -0.1355 0.9717 -0.1935
usemtl Material_blk_concrete01_dif.tga
s off
f 1491/1685/792 1490/1686/792 1489/1687/792 1492/1688/792
f 1494/1689/793 1491/1685/793 1492/1688/793 1493/1690/793
f 1489/1687/794 1490/1686/794 1496/1691/794 1495/1692/794
o Cube.039
v 44.321503 0.500000 -97.401398
v 45.853592 0.500000 -98.686974
v 47.481117 0.500000 -96.747368
v 45.949028 0.500000 -95.461792
v 46.742233 0.200000 -94.516479
v 48.274323 0.200000 -95.802055
v 43.528297 0.200000 -98.346703
v 45.060387 0.200000 -99.632278
vt 0.2985 0.2897
vt 0.2985 0.0949
vt 0.5970 0.0949
vt 0.5970 0.2897
vt 0.2985 0.3846
vt 0.5970 0.3846
vt 0.2985 0.0000
vt 0.5970 0.0000
vn 0.0000 1.0000 0.0000
vn 0.1518 0.9717 0.1810
vn -0.1518 0.9717 -0.1810
usemtl Material_blk_concrete01_dif.tga
s off
f 1499/1693/795 1498/1694/795 1497/1695/795 1500/1696/795
f 1502/1697/796 1499/1693/796 1500/1696/796 1501/1698/796
f 1497/1695/797 1498/1694/797 1504/1699/797 1503/1700/797
o Cube.038
v 51.091324 0.500000 -89.333435
v 52.623413 0.500000 -90.619011
v 50.995888 0.500000 -92.558617
v 49.463799 0.500000 -91.273041
v 50.202682 0.200000 -93.503929
v 48.670593 0.200000 -92.218353
v 53.416618 0.200000 -89.673706
v 51.884529 0.200000 -88.388130
vt 0.2985 0.9051
vt 0.5970 0.9051
vt 0.5970 1.0000
vt 0.2985 1.0000
vt 0.2985 0.7103
vt 0.5970 0.7103
vt 0.2985 0.6154
vt 0.5970 0.6154
vn 0.1518 0.9717 0.1810
vn 0.0000 1.0000 0.0000
vn -0.1518 0.9717 -0.1810
usemtl Material_blk_concrete01_dif.tga
s off
f 1506/1701/798 1505/1702/798 1512/1703/798 1511/1704/798
f 1506/1701/799 1507/1705/799 1508/1706/799 1505/1702/799
f 1507/1705/800 1509/1707/800 1510/1708/800 1508/1706/800
o Cube.037
v 45.060387 -0.500000 -99.632278
v 43.528297 -0.500000 -98.346703
v 43.528297 0.200000 -98.346703
v 45.060387 0.200000 -99.632278
v 53.416618 0.200000 -89.673706
v 53.416618 -0.500000 -89.673706
v 51.884529 -0.500000 -88.388130
v 51.884529 0.200000 -88.388130
vt 0.0000 1.0000
vt 0.0000 0.0000
vt 0.2985 0.0000
vt 0.2985 1.0000
vt 1.0000 0.1538
vt 0.8955 0.1538
vt 0.8955 0.0000
vt 1.0000 0.0000
vt 1.0000 0.3077
vt 0.8955 0.3077
vt 0.8955 0.1538
vt 1.0000 0.1538
vn 0.0000 -1.0000 0.0000
vn -0.6428 0.0000 -0.7660
vn 0.6428 0.0000 0.7660
usemtl Material_blk_concrete01_dif.tga
s off
f 1513/1709/801 1518/1710/801 1519/1711/801 1514/1712/801
f 1514/1713/802 1515/1714/802 1516/1715/802 1513/1716/802
f 1518/1717/803 1517/1718/803 1520/1719/803 1519/1720/803
o Cube.036
v 37.025864 -0.500000 -92.388344
v 35.611649 -0.500000 -90.974129
v 35.611649 0.200000 -90.974129
v 37.025864 0.200000 -92.388344
v 46.218246 0.200000 -83.195961
v 46.218246 -0.500000 -83.195961
v 44.804031 -0.500000 -81.781746
v 44.804031 0.200000 -81.781746
vt 0.0000 1.0000
vt 0.0000 0.0000
vt 0.2985 0.0000
vt 0.2985 1.0000
vt 1.0000 0.1538
vt 0.8955 0.1538
vt 0.8955 0.0000
vt 1.0000 0.0000
vt 1.0000 0.3077
vt 0.8955 0.3077
vt 0.8955 0.1538
vt 1.0000 0.1538
vn 0.0000 -1.0000 0.0000
vn -0.7071 0.0000 -0.7071
vn 0.7071 0.0000 0.7071
usemtl Material_blk_concrete01_dif.tga
s off
f 1521/1721/804 1526/1722/804 1527/1723/804 1522/1724/804
f 1522/1725/805 1523/1726/805 1524/1727/805 1521/1728/805
f 1526/1729/806 1525/1730/806 1528/1731/806 1527/1732/806
o Cube.035
v 43.931458 0.500000 -82.654320
v 45.345673 0.500000 -84.068535
v 43.555283 0.500000 -85.858917
v 42.141075 0.500000 -84.444702
v 42.682709 0.200000 -86.731491
v 41.268501 0.200000 -85.317276
v 46.218246 0.200000 -83.195961
v 44.804031 0.200000 -81.781746
vt 0.2985 0.9051
vt 0.5970 0.9051
vt 0.5970 1.0000
vt 0.2985 1.0000
vt 0.2985 0.7103
vt 0.5970 0.7103
vt 0.2985 0.6154
vt 0.5970 0.6154
vn 0.1670 0.9717 0.1670
vn 0.0000 1.0000 0.0000
vn -0.1670 0.9717 -0.1670
usemtl Material_blk_concrete01_dif.tga
s off
f 1530/1733/807 1529/1734/807 1536/1735/807 1535/1736/807
f 1530/1733/808 1531/1737/808 1532/1738/808 1529/1734/808
f 1531/1737/809 1533/1739/809 1534/1740/809 1532/1738/809
o Cube.034
v 36.484222 0.500000 -90.101555
v 37.898438 0.500000 -91.515770
v 39.688812 0.500000 -89.725388
v 38.274605 0.500000 -88.311172
v 39.147179 0.200000 -87.438599
v 40.561386 0.200000 -88.852814
v 35.611649 0.200000 -90.974129
v 37.025864 0.200000 -92.388344
vt 0.2985 0.2897
vt 0.2985 0.0949
vt 0.5970 0.0949
vt 0.5970 0.2897
vt 0.2985 0.3846
vt 0.5970 0.3846
vt 0.2985 0.0000
vt 0.5970 0.0000
vn 0.0000 1.0000 0.0000
vn 0.1670 0.9717 0.1670
vn -0.1670 0.9717 -0.1670
usemtl Material_blk_concrete01_dif.tga
s off
f 1539/1741/810 1538/1742/810 1537/1743/810 1540/1744/810
f 1542/1745/811 1539/1741/811 1540/1744/811 1541/1746/811
f 1537/1743/812 1538/1742/812 1544/1747/812 1543/1748/812
o Cube.031
v 29.313004 0.500000 -82.146400
v 30.598579 0.500000 -83.678490
v 32.538185 0.500000 -82.050964
v 31.252609 0.500000 -80.518875
v 32.197922 0.200000 -79.725670
v 33.483498 0.200000 -81.257759
v 28.367699 0.200000 -82.939606
v 29.653275 0.200000 -84.471695
vt 0.2985 0.2897
vt 0.2985 0.0949
vt 0.5970 0.0949
vt 0.5970 0.2897
vt 0.2985 0.3846
vt 0.5970 0.3846
vt 0.2985 0.0000
vt 0.5970 0.0000
vn 0.0000 1.0000 0.0000
vn 0.1810 0.9717 0.1518
vn -0.1810 0.9717 -0.1518
usemtl Material_blk_concrete01_dif.tga
s off
f 1547/1749/813 1546/1750/813 1545/1751/813 1548/1752/813
f 1550/1753/814 1547/1749/814 1548/1752/814 1549/1754/814
f 1545/1751/815 1546/1750/815 1552/1755/815 1551/1756/815
o Cube.030
v 37.380966 0.500000 -75.376579
v 38.666542 0.500000 -76.908669
v 36.726936 0.500000 -78.536194
v 35.441360 0.500000 -77.004105
v 35.781624 0.200000 -79.329399
v 34.496048 0.200000 -77.797310
v 39.611847 0.200000 -76.115463
v 38.326271 0.200000 -74.583374
vt 0.2985 0.9051
vt 0.5970 0.9051
vt 0.5970 1.0000
vt 0.2985 1.0000
vt 0.2985 0.7103
vt 0.5970 0.7103
vt 0.2985 0.6154
vt 0.5970 0.6154
vn 0.1810 0.9717 0.1518
vn 0.0000 1.0000 0.0000
vn -0.1810 0.9717 -0.1518
usemtl Material_blk_concrete01_dif.tga
s off
f 1554/1757/816 1553/1758/816 1560/1759/816 1559/1760/816
f 1554/1757/817 1555/1761/817 1556/1762/817 1553/1758/817
f 1555/1761/818 1557/1763/818 1558/1764/818 1556/1762/818
o Cube.029
v 29.653275 -0.500000 -84.471695
v 28.367699 -0.500000 -82.939606
v 28.367699 0.200000 -82.939606
v 29.653275 0.200000 -84.471695
v 39.611847 0.200000 -76.115463
v 39.611847 -0.500000 -76.115463
v 38.326271 -0.500000 -74.583374
v 38.326271 0.200000 -74.583374
vt 0.0000 1.0000
vt 0.0000 0.0000
vt 0.2985 0.0000
vt 0.2985 1.0000
vt 1.0000 0.1538
vt 0.8955 0.1538
vt 0.8955 0.0000
vt 1.0000 0.0000
vt 1.0000 0.3077
vt 0.8955 0.3077
vt 0.8955 0.1538
vt 1.0000 0.1538
vn 0.0000 -1.0000 0.0000
vn -0.7660 0.0000 -0.6428
vn 0.7660 0.0000 0.6428
usemtl Material_blk_concrete01_dif.tga
s off
f 1561/1765/819 1566/1766/819 1567/1767/819 1562/1768/819
f 1562/1769/820 1563/1770/820 1564/1771/820 1561/1772/820
f 1566/1773/821 1565/1774/821 1568/1775/821 1567/1776/821
o Cube.028
v 22.998726 -0.500000 -75.942627
v 21.851570 -0.500000 -74.304321
v 21.851570 0.200000 -74.304321
v 22.998726 0.200000 -75.942627
v 33.647697 0.200000 -68.486130
v 33.647697 -0.500000 -68.486130
v 32.500542 -0.500000 -66.847824
v 32.500542 0.200000 -66.847824
vt 0.0000 1.0000
vt 0.0000 0.0000
vt 0.2985 0.0000
vt 0.2985 1.0000
vt 1.0000 0.1538
vt 0.8955 0.1538
vt 0.8955 0.0000
vt 1.0000 0.0000
vt 1.0000 0.3077
vt 0.8955 0.3077
vt 0.8955 0.1538
vt 1.0000 0.1538
vn 0.0000 -1.0000 0.0000
vn -0.8192 0.0000 -0.5736
vn 0.8192 0.0000 0.5736
usemtl Material_blk_concrete01_dif.tga
s off
f 1569/1777/822 1574/1778/822 1575/1779/822 1570/1780/822
f 1570/1781/823 1571/1782/823 1572/1783/823 1569/1784/823
f 1574/1785/824 1573/1786/824 1576/1787/824 1575/1788/824
o Cube.027
v 31.489700 0.500000 -67.555626
v 32.636856 0.500000 -69.193924
v 30.562782 0.500000 -70.646210
v 29.415627 0.500000 -69.007912
v 29.551941 0.200000 -71.354004
v 28.404785 0.200000 -69.715706
v 33.647697 0.200000 -68.486130
v 32.500542 0.200000 -66.847824
vt 0.2985 0.9051
vt 0.5970 0.9051
vt 0.5970 1.0000
vt 0.2985 1.0000
vt 0.2985 0.7103
vt 0.5970 0.7103
vt 0.2985 0.6154
vt 0.5970 0.6154
vn 0.1935 0.9717 0.1355
vn 0.0000 1.0000 0.0000
vn -0.1935 0.9717 -0.1355
usemtl Material_blk_concrete01_dif.tga
s off
f 1578/1789/825 1577/1790/825 1584/1791/825 1583/1792/825
f 1578/1789/826 1579/1793/826 1580/1794/826 1577/1790/826
f 1579/1793/827 1581/1795/827 1582/1796/827 1580/1794/827
o Cube.026
v 22.862411 0.500000 -73.596519
v 24.009567 0.500000 -75.234818
v 26.083641 0.500000 -73.782532
v 24.936485 0.500000 -72.144234
v 25.947327 0.200000 -71.436440
v 27.094482 0.200000 -73.074738
v 21.851570 0.200000 -74.304321
v 22.998726 0.200000 -75.942627
vt 0.2985 0.2897
vt 0.2985 0.0949
vt 0.5970 0.0949
vt 0.5970 0.2897
vt 0.2985 0.3846
vt 0.5970 0.3846
vt 0.2985 0.0000
vt 0.5970 0.0000
vn 0.0000 1.0000 0.0000
vn 0.1935 0.9717 0.1355
vn -0.1935 0.9717 -0.1355
usemtl Material_blk_concrete01_dif.tga
s off
f 1587/1797/828 1586/1798/828 1585/1799/828 1588/1800/828
f 1590/1801/829 1587/1797/829 1588/1800/829 1589/1802/829
f 1585/1799/830 1586/1798/830 1592/1803/830 1591/1804/830
o Cube.023
v 17.181519 0.500000 -64.516960
v 18.181519 0.500000 -66.249008
v 20.374283 0.500000 -64.983017
v 19.374283 0.500000 -63.250969
v 20.442963 0.200000 -62.633965
v 21.442963 0.200000 -64.366013
v 16.112839 0.200000 -65.133965
v 17.112839 0.200000 -66.866013
vt 0.2985 0.2897
vt 0.2985 0.0949
vt 0.5970 0.0949
vt 0.5970 0.2897
vt 0.2985 0.3846
vt 0.5970 0.3846
vt 0.2985 0.0000
vt 0.5970 0.0000
vn 0.0000 1.0000 0.0000
vn 0.2046 0.9717 0.1181
vn -0.2046 0.9717 -0.1181
usemtl Material_blk_concrete01_dif.tga
s off
f 1595/1805/831 1594/1806/831 1593/1807/831 1596/1808/831
f 1598/1809/832 1595/1805/832 1596/1808/832 1597/1810/832
f 1593/1807/833 1594/1806/833 1600/1811/833 1599/1812/833
o Cube.022
v 26.302490 0.500000 -59.250973
v 27.302490 0.500000 -60.983025
v 25.109726 0.500000 -62.249016
v 24.109726 0.500000 -60.516968
v 24.041046 0.200000 -62.866020
v 23.041046 0.200000 -61.133972
v 28.371170 0.200000 -60.366020
v 27.371170 0.200000 -58.633968
vt 0.2985 0.9051
vt 0.5970 0.9051
vt 0.5970 1.0000
vt 0.2985 1.0000
vt 0.2985 0.7103
vt 0.5970 0.7103
vt 0.2985 0.6154
vt 0.5970 0.6154
vn 0.2046 0.9717 0.1181
vn 0.0000 1.0000 0.0000
vn -0.2046 0.9717 -0.1181
usemtl Material_blk_concrete01_dif.tga
s off
f 1602/1813/834 1601/1814/834 1608/1815/834 1607/1816/834
f 1602/1813/835 1603/1817/835 1604/1818/835 1601/1814/835
f 1603/1817/836 1605/1819/836 1606/1820/836 1604/1818/836
o Cube.021
v 17.112839 -0.500000 -66.866013
v 16.112839 -0.500000 -65.133965
v 16.112839 0.200000 -65.133965
v 17.112839 0.200000 -66.866013
v 28.371170 0.200000 -60.366020
v 28.371170 -0.500000 -60.366020
v 27.371170 -0.500000 -58.633968
v 27.371170 0.200000 -58.633968
vt 0.0000 1.0000
vt 0.0000 0.0000
vt 0.2985 0.0000
vt 0.2985 1.0000
vt 1.0000 0.1538
vt 0.8955 0.1538
vt 0.8955 0.0000
vt 1.0000 0.0000
vt 1.0000 0.3077
vt 0.8955 0.3077
vt 0.8955 0.1538
vt 1.0000 0.1538
vn 0.0000 -1.0000 0.0000
vn -0.8660 0.0000 -0.5000
vn 0.8660 0.0000 0.5000
usemtl Material_blk_concrete01_dif.tga
s off
f 1609/1821/837 1614/1822/837 1615/1823/837 1610/1824/837
f 1610/1825/838 1611/1826/838 1612/1827/838 1609/1828/838
f 1614/1829/839 1613/1830/839 1616/1831/839 1615/1832/839
o Cube.020
v 7.820129 -0.500000 -47.350178
v 7.136093 -0.500000 -45.470791
v 7.136093 0.200000 -45.470791
v 7.820129 0.200000 -47.350178
v 20.036133 0.200000 -42.903919
v 20.036133 -0.500000 -42.903919
v 19.352097 -0.500000 -41.024532
v 19.352097 0.200000 -41.024532
vt 0.0000 1.0000
vt 0.0000 0.0000
vt 0.2985 0.0000
vt 0.2985 1.0000
vt 1.0000 0.1538
vt 0.8955 0.1538
vt 0.8955 0.0000
vt 1.0000 0.0000
vt 1.0000 0.3077
vt 0.8955 0.3077
vt 0.8955 0.1538
vt 1.0000 0.1538
vn 0.0000 -1.0000 0.0000
vn -0.9397 0.0000 -0.3420
vn 0.9397 0.0000 0.3420
usemtl Material_blk_concrete01_dif.tga
s off
f 1617/1833/840 1622/1834/840 1623/1835/840 1618/1836/840
f 1618/1837/841 1619/1838/841 1620/1839/841 1617/1840/841
f 1622/1841/842 1621/1842/842 1624/1843/842 1623/1844/842
o Cube.019
v 18.192505 0.500000 -41.446587
v 18.876541 0.500000 -43.325974
v 16.497261 0.500000 -44.191963
v 15.813225 0.500000 -42.312576
v 15.337669 0.200000 -44.614017
v 14.653633 0.200000 -42.734631
v 20.036133 0.200000 -42.903919
v 19.352097 0.200000 -41.024532
vt 0.2985 0.9051
vt 0.5970 0.9051
vt 0.5970 1.0000
vt 0.2985 1.0000
vt 0.2985 0.7103
vt 0.5970 0.7103
vt 0.2985 0.6154
vt 0.5970 0.6154
vn 0.2220 0.9717 0.0808
vn 0.0000 1.0000 0.0000
vn -0.2220 0.9717 -0.0808
usemtl Material_blk_concrete01_dif.tga
s off
f 1626/1845/843 1625/1846/843 1632/1847/843 1631/1848/843
f 1626/1845/844 1627/1849/844 1628/1850/844 1625/1846/844
f 1627/1849/845 1629/1851/845 1630/1852/845 1628/1850/845
o Cube.018
v 8.295685 0.500000 -45.048737
v 8.979721 0.500000 -46.928123
v 11.359001 0.500000 -46.062134
v 10.674965 0.500000 -44.182747
v 11.834557 0.200000 -43.760693
v 12.518593 0.200000 -45.640079
v 7.136093 0.200000 -45.470791
v 7.820129 0.200000 -47.350178
vt 0.2985 0.2897
vt 0.2985 0.0949
vt 0.5970 0.0949
vt 0.5970 0.2897
vt 0.2985 0.3846
vt 0.5970 0.3846
vt 0.2985 0.0000
vt 0.5970 0.0000
vn 0.0000 1.0000 0.0000
vn 0.2220 0.9717 0.0808
vn -0.2220 0.9717 -0.0808
usemtl Material_blk_concrete01_dif.tga
s off
f 1635/1853/846 1634/1854/846 1633/1855/846 1636/1856/846
f 1638/1857/847 1635/1853/847 1636/1856/847 1637/1858/847
f 1633/1855/848 1634/1854/848 1640/1859/848 1639/1860/848
o Cube.015
v 5.158340 0.500000 -34.808247
v 5.675980 0.500000 -36.740097
v 8.121696 0.500000 -36.084774
v 7.604057 0.500000 -34.152924
v 8.796013 0.200000 -33.833538
v 9.313652 0.200000 -35.765388
v 3.966385 0.200000 -35.127632
v 4.484024 0.200000 -37.059483
vt 0.2985 0.2897
vt 0.2985 0.0949
vt 0.5970 0.0949
vt 0.5970 0.2897
vt 0.2985 0.3846
vt 0.5970 0.3846
vt 0.2985 0.0000
vt 0.5970 0.0000
vn 0.0000 1.0000 0.0000
vn 0.2282 0.9717 0.0611
vn -0.2282 0.9717 -0.0611
usemtl Material_blk_concrete01_dif.tga
s off
f 1643/1861/849 1642/1862/849 1641/1863/849 1644/1864/849
f 1646/1865/850 1643/1861/850 1644/1864/850 1645/1866/850
f 1641/1863/851 1642/1862/851 1648/1867/851 1647/1868/851
o Cube.014
v 15.331459 0.500000 -32.082371
v 15.849098 0.500000 -34.014221
v 13.403389 0.500000 -34.669544
v 12.885750 0.500000 -32.737694
v 12.211433 0.200000 -34.988930
v 11.693794 0.200000 -33.057079
v 17.041061 0.200000 -33.694836
v 16.523422 0.200000 -31.762985
vt 0.2985 0.9051
vt 0.5970 0.9051
vt 0.5970 1.0000
vt 0.2985 1.0000
vt 0.2985 0.7103
vt 0.5970 0.7103
vt 0.2985 0.6154
vt 0.5970 0.6154
vn 0.2282 0.9717 0.0611
vn 0.0000 1.0000 0.0000
vn -0.2282 0.9717 -0.0611
usemtl Material_blk_concrete01_dif.tga
s off
f 1650/1869/852 1649/1870/852 1656/1871/852 1655/1872/852
f 1650/1869/853 1651/1873/853 1652/1874/853 1649/1870/853
f 1651/1873/854 1653/1875/854 1654/1876/854 1652/1874/854
o Cube.013
v 4.484024 -0.500000 -37.059483
v 3.966385 -0.500000 -35.127632
v 3.966385 0.200000 -35.127632
v 4.484024 0.200000 -37.059483
v 17.041061 0.200000 -33.694836
v 17.041061 -0.500000 -33.694836
v 16.523422 -0.500000 -31.762985
v 16.523422 0.200000 -31.762985
vt 0.0000 1.0000
vt 0.0000 0.0000
vt 0.2985 0.0000
vt 0.2985 1.0000
vt 1.0000 0.1538
vt 0.8955 0.1538
vt 0.8955 0.0000
vt 1.0000 0.0000
vt 1.0000 0.3077
vt 0.8955 0.3077
vt 0.8955 0.1538
vt 1.0000 0.1538
vn 0.0000 -1.0000 0.0000
vn -0.9659 0.0000 -0.2588
vn 0.9659 0.0000 0.2588
usemtl Material_blk_concrete01_dif.tga
s off
f 1657/1877/855 1662/1878/855 1663/1879/855 1658/1880/855
f 1658/1881/856 1659/1882/856 1660/1883/856 1657/1884/856
f 1662/1885/857 1661/1886/857 1664/1887/857 1663/1888/857
o Cube.012
v 2.057495 -0.500000 -26.517179
v 1.710205 -0.500000 -24.547564
v 1.710205 0.200000 -24.547564
v 2.057495 0.200000 -26.517179
v 14.859993 0.200000 -24.259752
v 14.859993 -0.500000 -24.259752
v 14.512695 -0.500000 -22.290136
v 14.512695 0.200000 -22.290136
vt 0.0000 1.0000
vt 0.0000 0.0000
vt 0.2985 0.0000
vt 0.2985 1.0000
vt 1.0000 0.1538
vt 0.8955 0.1538
vt 0.8955 0.0000
vt 1.0000 0.0000
vt 1.0000 0.3077
vt 0.8955 0.3077
vt 0.8955 0.1538
vt 1.0000 0.1538
vn 0.0000 -1.0000 0.0000
vn -0.9848 0.0000 -0.1736
vn 0.9848 0.0000 0.1736
usemtl Material_blk_concrete01_dif.tga
s off
f 1665/1889/858 1670/1890/858 1671/1891/858 1666/1892/858
f 1666/1893/859 1667/1894/859 1668/1895/859 1665/1896/859
f 1670/1897/860 1669/1898/860 1672/1899/860 1671/1900/860
o Cube.011
v 13.297432 0.500000 -22.504421
v 13.644730 0.500000 -24.474035
v 11.151215 0.500000 -24.913710
v 10.803917 0.500000 -22.944094
v 9.935951 0.200000 -25.127993
v 9.588654 0.200000 -23.158379
v 14.859993 0.200000 -24.259752
v 14.512695 0.200000 -22.290136
vt 0.2985 0.9051
vt 0.5970 0.9051
vt 0.5970 1.0000
vt 0.2985 1.0000
vt 0.2985 0.7103
vt 0.5970 0.7103
vt 0.2985 0.6154
vt 0.5970 0.6154
vn 0.2326 0.9717 0.0410
vn 0.0000 1.0000 0.0000
vn -0.2326 0.9717 -0.0410
usemtl Material_blk_concrete01_dif.tga
s off
f 1674/1901/861 1673/1902/861 1680/1903/861 1679/1904/861
f 1674/1901/862 1675/1905/862 1676/1906/862 1673/1902/862
f 1675/1905/863 1677/1907/863 1678/1908/863 1676/1906/863
o Cube.010
v 2.925461 0.500000 -24.333279
v 3.272751 0.500000 -26.302893
v 5.766266 0.500000 -25.863222
v 5.418976 0.500000 -23.893606
v 6.634232 0.200000 -23.679321
v 6.981529 0.200000 -25.648935
v 1.710205 0.200000 -24.547564
v 2.057495 0.200000 -26.517179
vt 0.2985 0.2897
vt 0.2985 0.0949
vt 0.5970 0.0949
vt 0.5970 0.2897
vt 0.2985 0.3846
vt 0.5970 0.3846
vt 0.2985 0.0000
vt 0.5970 0.0000
vn 0.0000 1.0000 0.0000
vn 0.2326 0.9717 0.0410
vn -0.2326 0.9717 -0.0410
usemtl Material_blk_concrete01_dif.tga
s off
f 1683/1909/864 1682/1910/864 1681/1911/864 1684/1912/864
f 1686/1913/865 1683/1909/865 1684/1912/865 1685/1914/865
f 1681/1911/866 1682/1910/866 1688/1915/866 1687/1916/866
o Cube.007
v 1.614014 0.500000 -13.703566
v 1.788315 0.500000 -15.695955
v 4.310669 0.500000 -15.475277
v 4.136368 0.500000 -13.482887
v 5.365677 0.200000 -13.375338
v 5.539978 0.200000 -15.367727
v 0.384705 0.200000 -13.811115
v 0.559006 0.200000 -15.803505
vt 0.2985 0.2897
vt 0.2985 0.0949
vt 0.5970 0.0949
vt 0.5970 0.2897
vt 0.2985 0.3846
vt 0.5970 0.3846
vt 0.2985 0.0000
vt 0.5970 0.0000
vn 0.0000 1.0000 0.0000
vn 0.2353 0.9717 0.0206
vn -0.2353 0.9717 -0.0206
usemtl Material_blk_concrete01_dif.tga
s off
f 1691/1917/867 1690/1918/867 1689/1919/867 1692/1920/867
f 1694/1921/868 1691/1917/868 1692/1920/868 1693/1922/868
f 1689/1919/869 1690/1918/869 1696/1923/869 1695/1924/869
o Cube.006
v 12.105919 0.500000 -12.785643
v 12.280228 0.500000 -14.778032
v 9.757874 0.500000 -14.998709
v 9.583565 0.500000 -13.006319
v 8.528564 0.200000 -15.106260
v 8.354256 0.200000 -13.113871
v 13.509537 0.200000 -14.670481
v 13.335228 0.200000 -12.678091
vt 0.2985 0.9051
vt 0.5970 0.9051
vt 0.5970 1.0000
vt 0.2985 1.0000
vt 0.2985 0.7103
vt 0.5970 0.7103
vt 0.2985 0.6154
vt 0.5970 0.6154
vn 0.2353 0.9717 0.0206
vn 0.0000 1.0000 0.0000
vn -0.2353 0.9717 -0.0206
usemtl Material_blk_concrete01_dif.tga
s off
f 1698/1925/870 1697/1926/870 1704/1927/870 1703/1928/870
f 1698/1925/871 1699/1929/871 1700/1930/871 1697/1926/871
f 1699/1929/872 1701/1931/872 1702/1932/872 1700/1930/872
o Cube.005
v 0.559006 -0.500000 -15.803505
v 0.384705 -0.500000 -13.811115
v 0.384705 0.200000 -13.811115
v 0.559006 0.200000 -15.803505
v 13.509537 0.200000 -14.670481
v 13.509537 -0.500000 -14.670481
v 13.335228 -0.500000 -12.678091
v 13.335228 0.200000 -12.678091
vt 0.0000 1.0000
vt 0.0000 0.0000
vt 0.2985 0.0000
vt 0.2985 1.0000
vt 1.0000 0.1538
vt 0.8955 0.1538
vt 0.8955 0.0000
vt 1.0000 0.0000
vt 1.0000 0.3077
vt 0.8955 0.3077
vt 0.8955 0.1538
vt 1.0000 0.1538
vn 0.0000 -1.0000 0.0000
vn -0.9962 0.0000 -0.0872
vn 0.9962 0.0000 0.0872
usemtl Material_blk_concrete01_dif.tga
s off
f 1705/1933/873 1710/1934/873 1711/1935/873 1706/1936/873
f 1706/1937/874 1707/1938/874 1708/1939/874 1705/1940/874
f 1710/1941/875 1709/1942/875 1712/1943/875 1711/1944/875
o Cube.004
v 0.000000 -0.500000 -5.000000
v 0.000000 -0.500000 -3.000000
v 0.000000 0.200000 -3.000000
v 0.000000 0.200000 -5.000000
v 13.000000 0.200000 -5.000000
v 13.000000 -0.500000 -5.000000
v 13.000000 -0.500000 -3.000000
v 13.000000 0.200000 -3.000000
vt 0.0000 1.0000
vt 0.0000 0.0000
vt 0.2985 0.0000
vt 0.2985 1.0000
vt 1.0000 0.1538
vt 0.8955 0.1538
vt 0.8955 0.0000
vt 1.0000 0.0000
vt 1.0000 0.3077
vt 0.8955 0.3077
vt 0.8955 0.1538
vt 1.0000 0.1538
vn 0.0000 -1.0000 0.0000
vn -1.0000 0.0000 0.0000
vn 1.0000 0.0000 0.0000
usemtl Material_blk_concrete01_dif.tga
s off
f 1713/1945/876 1718/1946/876 1719/1947/876 1714/1948/876
f 1714/1949/877 1715/1950/877 1716/1951/877 1713/1952/877
f 1718/1953/878 1717/1954/878 1720/1955/878 1719/1956/878
o Cube.003
v 11.765991 0.500000 -3.000000
v 11.765991 0.500000 -5.000000
v 9.234009 0.500000 -5.000000
v 9.234009 0.500000 -3.000000
v 8.000000 0.200000 -5.000000
v 8.000000 0.200000 -3.000000
v 13.000000 0.200000 -5.000000
v 13.000000 0.200000 -3.000000
vt 0.2985 0.9051
vt 0.5970 0.9051
vt 0.5970 1.0000
vt 0.2985 1.0000
vt 0.2985 0.7103
vt 0.5970 0.7103
vt 0.2985 0.6154
vt 0.5970 0.6154
vn 0.2362 0.9717 0.0000
vn 0.0000 1.0000 0.0000
vn -0.2362 0.9717 0.0000
usemtl Material_blk_concrete01_dif.tga
s off
f 1722/1957/879 1721/1958/879 1728/1959/879 1727/1960/879
f 1722/1957/880 1723/1961/880 1724/1962/880 1721/1958/880
f 1723/1961/881 1725/1963/881 1726/1964/881 1724/1962/881
o Cube.002_Cube.001
v 1.234009 0.500000 -3.000000
v 1.234009 0.500000 -5.000000
v 3.765991 0.500000 -5.000000
v 3.765991 0.500000 -3.000000
v 5.000000 0.200000 -3.000000
v 5.000000 0.200000 -5.000000
v 0.000000 0.200000 -3.000000
v 0.000000 0.200000 -5.000000
vt 0.2985 0.2897
vt 0.2985 0.0949
vt 0.5970 0.0949
vt 0.5970 0.2897
vt 0.2985 0.3846
vt 0.5970 0.3846
vt 0.2985 0.0000
vt 0.5970 0.0000
vn 0.0000 1.0000 0.0000
vn 0.2362 0.9717 0.0000
vn -0.2362 0.9717 0.0000
usemtl Material_blk_concrete01_dif.tga
s off
f 1731/1965/882 1730/1966/882 1729/1967/882 1732/1968/882
f 1734/1969/883 1731/1965/883 1732/1968/883 1733/1970/883
f 1729/1967/884 1730/1966/884 1736/1971/884 1735/1972/884
