# Blender 5.0.1
# www.blender.org
g PipeCurveRCol_Circle.030
v -10.299348 -2.756246 -61.630665
v -13.736791 -7.983537 -62.249866
v 20.418587 -2.756237 -56.097301
v 23.856030 -7.983529 -55.478096
v -15.606162 -2.756323 0.000002
v -19.098928 -7.983618 0.000003
v 15.606171 -2.756316 0.000002
v 19.098938 -7.983604 0.000003
s 1
f 5 7 3 1
f 6 8 7 5
f 6 2 4 8
f 2 1 3 4
g PipeCurveRCol.001_Circle.058
v 20.418587 -2.756237 -56.097301
v 23.856030 -7.983529 -55.478096
v 24.607876 0.737162 -55.342663
v 15.606171 -2.756316 0.000002
v 19.098938 -7.983604 0.000003
v 19.862885 0.737083 0.000002
v 24.308336 -3.708367 0.000002
v 28.982914 -3.708283 -54.554569
s 1
f 9 11 16 10
f 9 12 14 11
f 14 12 13 15
f 16 15 13 10
g PipeCurveRCol.002_Circle.059
v 24.607876 0.737162 -55.342663
v 28.982914 -3.708283 -54.554569
v 28.045933 4.993879 -54.723351
v 19.862885 0.737083 0.000002
v 24.308336 -3.708367 0.000002
v 23.356277 4.993802 0.000002
v 28.583572 1.501041 0.000002
v 33.190434 1.501116 -53.796650
s 1
f 17 19 24 18
f 17 20 22 19
f 22 20 21 23
f 24 23 21 18
g PipeCurveRCol.003_Circle.060
v 28.045933 4.993879 -54.723351
v 33.190434 1.501116 -53.796650
v 30.600643 9.850332 -54.263161
v 23.356277 4.993802 0.000002
v 28.583572 1.501041 0.000002
v 25.952101 9.850258 0.000001
v 31.760359 7.444403 0.000001
v 36.316902 7.444479 -53.233463
s 1
f 25 27 32 26
f 25 28 30 27
f 30 28 29 31
f 32 31 29 26
g PipeCurveRCol.004_Circle.061
v 30.600643 9.850332 -54.263161
v 36.316902 7.444479 -53.233463
v 32.173820 15.119897 -53.979778
v 25.952101 9.850258 0.000001
v 31.760359 7.444403 0.000001
v 27.550598 15.119820 0.000001
v 33.716618 13.893328 0.000001
v 38.242176 13.893406 -52.886658
s 1
f 33 35 40 34
f 33 36 38 35
f 38 36 37 39
f 40 39 37 34
g PipeCurveRCol.005_Circle.062
v 32.173820 15.119897 -53.979778
v 38.242176 13.893406 -52.886658
v 32.705021 20.600058 -53.884090
v 27.550598 15.119820 0.000001
v 33.716618 13.893328 0.000001
v 28.090343 20.599979 0.000000
v 34.377155 20.599979 0.000000
v 38.892246 20.600061 -52.769558
s 1
f 41 43 48 42
f 41 44 46 43
f 46 44 45 47
f 48 47 45 42
g PipeCurveRCol.006_Circle.063
v 32.705021 20.600058 -53.884090
v 38.892246 20.600061 -52.769558
v 32.173809 26.080214 -53.979774
v 28.090343 20.599979 0.000000
v 34.377155 20.599979 0.000000
v 27.550589 26.080135 0.000000
v 33.716599 27.306633 -0.000000
v 38.242149 27.306715 -52.886658
s 1
f 49 51 56 50
f 49 52 54 51
f 54 52 53 55
f 56 55 53 50
g PipeCurveRCol.007_Circle.064
v 32.173809 26.080214 -53.979774
v 38.242149 27.306715 -52.886658
v 30.600616 31.349771 -54.263161
v 27.550589 26.080135 0.000000
v 33.716599 27.306633 -0.000000
v 25.952078 31.349689 -0.000000
v 31.760340 33.755547 -0.000001
v 36.316879 33.755642 -53.233463
s 1
f 57 59 64 58
f 57 60 62 59
f 62 60 61 63
f 64 63 61 58
g PipeCurveRCol.008_Circle.065
v 30.600616 31.349771 -54.263161
v 36.316879 33.755642 -53.233463
v 28.045906 36.206219 -54.723351
v 25.952078 31.349689 -0.000000
v 31.760340 33.755547 -0.000001
v 23.356251 36.206123 -0.000001
v 28.583542 39.698898 -0.000001
v 33.190399 39.698990 -53.796650
s 1
f 65 67 72 66
f 65 68 70 67
f 70 68 69 71
f 72 71 69 66
g PipeCurveRCol.009_Circle.066
v 28.045906 36.206219 -54.723351
v 33.190399 39.698990 -53.796650
v 24.607841 40.462933 -55.342667
v 23.356251 36.206123 -0.000001
v 28.583542 39.698898 -0.000001
v 19.862850 40.462837 0.000000
v 24.308290 44.908295 -0.000001
v 28.982868 44.908382 -54.554573
s 1
f 73 75 80 74
f 73 76 78 75
f 78 76 77 79
f 80 79 77 74
g PipeCurveRCol.010_Circle.067
v 24.607841 40.462933 -55.342667
v 28.982868 44.908382 -54.554573
v 20.418543 43.956318 -56.097301
v 19.862850 40.462837 0.000000
v 24.308290 44.908295 -0.000001
v 15.606124 43.956230 -0.000001
v 19.098890 49.183533 -0.000002
v 23.855984 49.183620 -55.478100
s 1
f 81 83 88 82
f 81 84 86 83
f 86 84 85 87
f 88 87 85 82
g PipeCurveRCol.011_Circle.068
v 20.418543 43.956318 -56.097301
v 23.855984 49.183620 -55.478100
v 15.639015 46.552139 -56.958260
v 15.606124 43.956230 -0.000001
v 19.098890 49.183533 -0.000002
v 10.749670 46.552055 -0.000002
v 13.155522 52.360313 -0.000002
v 18.006756 52.360394 -56.531750
s 1
f 89 91 96 90
f 89 92 94 91
f 94 92 93 95
f 96 95 93 90
g PipeCurveRCol.012_Circle.069
v 15.639015 46.552139 -56.958260
v 18.006756 52.360394 -56.531750
v 10.452921 48.150631 -57.892456
v 10.749670 46.552055 -0.000002
v 13.155522 52.360313 -0.000002
v 5.480111 48.150543 -0.000002
v 6.706599 54.316566 -0.000002
v 11.659985 54.316647 -57.675022
s 1
f 97 99 104 98
f 97 100 102 99
f 102 100 101 103
f 104 103 101 98
g PipeCurveRCol.013_Circle.070
v 5.059618 48.690380 -58.863976
v 5.059615 54.977184 -58.863976
v 10.452921 48.150631 -57.892456
v 0.000003 48.690285 -0.000002
v 0.000000 54.977097 -0.000002
v 5.480111 48.150543 -0.000002
v 6.706599 54.316566 -0.000002
v 11.659985 54.316647 -57.675022
s 1
f 107 105 106 112
f 107 110 108 105
f 108 110 111 109
f 112 106 109 111
g PipeCurveRCol.014_Circle.071
v 5.059618 48.690380 -58.863976
v 5.059615 54.977184 -58.863976
v -0.333733 48.150623 -59.835506
v 0.000003 48.690285 -0.000002
v -5.480155 48.150543 -0.000002
v 0.000000 54.977097 -0.000002
v -6.706651 54.316559 -0.000002
v -1.540805 54.316639 -60.052940
s 1
f 113 115 120 114
f 113 116 117 115
f 117 116 118 119
f 120 119 118 114
g PipeCurveRCol.015_Circle.072
v -0.333733 48.150623 -59.835506
v -1.540805 54.316639 -60.052940
v -5.519825 46.552116 -60.769699
v -5.480155 48.150543 -0.000002
v -6.706651 54.316559 -0.000002
v -10.749710 46.552032 -0.000002
v -13.155568 52.360298 -0.000002
v -7.887572 52.360378 -61.196213
s 1
f 121 123 128 122
f 121 124 126 123
f 126 124 125 127
f 128 127 125 122
g PipeCurveRCol.016_Circle.073
v -5.519825 46.552116 -60.769699
v -7.887572 52.360378 -61.196213
v -10.299351 43.956303 -61.630657
v -10.749710 46.552032 -0.000002
v -13.155568 52.360298 -0.000002
v -15.606160 43.956215 -0.000001
v -19.098925 49.183502 -0.000002
v -13.736790 49.183590 -62.249859
s 1
f 129 131 136 130
f 129 132 134 131
f 134 132 133 135
f 136 135 133 130
g PipeCurveRCol.017_Circle.074
v -10.299351 43.956303 -61.630657
v -13.736790 49.183590 -62.249859
v -14.488634 40.462902 -62.385292
v -15.606160 43.956215 -0.000001
v -19.098925 49.183502 -0.000002
v -19.862873 40.462814 -0.000002
v -24.308319 44.908257 -0.000001
v -18.863668 44.908352 -63.173386
s 1
f 137 139 144 138
f 137 140 142 139
f 142 140 141 143
f 144 143 141 138
g PipeCurveRCol.018_Circle.075
v -14.488634 40.462902 -62.385292
v -18.863668 44.908352 -63.173386
v -17.926697 36.206181 -63.004608
v -19.862873 40.462814 -0.000002
v -24.308319 44.908257 -0.000001
v -23.356270 36.206100 -0.000001
v -28.583563 39.698860 -0.000001
v -23.071190 39.698948 -63.931309
s 1
f 145 147 152 146
f 145 148 150 147
f 150 148 149 151
f 152 151 149 146
g PipeCurveRCol.019_Circle.076
v -17.926697 36.206181 -63.004608
v -23.071190 39.698948 -63.931309
v -20.481409 31.349741 -63.464798
v -23.356270 36.206100 -0.000001
v -28.583563 39.698860 -0.000001
v -25.952099 31.349663 -0.000000
v -31.760353 33.755516 -0.000001
v -26.197662 33.755604 -64.494492
s 1
f 153 155 160 154
f 153 156 158 155
f 158 156 157 159
f 160 159 157 154
g PipeCurveRCol.020_Circle.077
v -20.481409 31.349741 -63.464798
v -26.197662 33.755604 -64.494492
v -22.054592 26.080187 -63.748184
v -25.952099 31.349663 -0.000000
v -31.760353 33.755516 -0.000001
v -27.550602 26.080109 0.000000
v -33.716618 27.306610 -0.000000
v -28.122938 27.306684 -64.841301
s 1
f 161 163 168 162
f 161 164 166 163
f 166 164 165 167
f 168 167 165 162
g PipeCurveRCol.021_Circle.078
v -22.054592 26.080187 -63.748184
v -28.122938 27.306684 -64.841301
v -22.585789 20.600042 -63.843880
v -27.550602 26.080109 0.000000
v -33.716618 27.306610 -0.000000
v -28.090349 20.599953 0.000000
v -34.377159 20.599957 0.000000
v -28.773018 20.600042 -64.958412
s 1
f 169 171 176 170
f 169 172 174 171
f 174 172 173 175
f 176 175 173 170
g PipeCurveRCol.022_Circle.079
v -22.585789 20.600042 -63.843880
v -28.773018 20.600042 -64.958412
v -22.054592 15.119884 -63.748192
v -28.090349 20.599953 0.000000
v -34.377159 20.599957 0.000000
v -27.550602 15.119802 0.000001
v -33.716618 13.893305 0.000001
v -28.122944 13.893390 -64.841309
s 1
f 177 179 184 178
f 177 180 182 179
f 182 180 181 183
f 184 183 181 178
g PipeCurveRCol.023_Circle.080
v -22.054592 15.119884 -63.748192
v -28.122944 13.893390 -64.841309
v -20.481411 9.850325 -63.464806
v -27.550602 15.119802 0.000001
v -33.716618 13.893305 0.000001
v -25.952099 9.850246 0.000001
v -31.760357 7.444386 0.000001
v -26.197670 7.444468 -64.494499
s 1
f 185 187 192 186
f 185 188 190 187
f 190 188 189 191
f 192 191 189 186
g PipeCurveRCol.024_Circle.081
v -20.481411 9.850325 -63.464806
v -26.197670 7.444468 -64.494499
v -17.926704 4.993867 -63.004616
v -25.952099 9.850246 0.000001
v -31.760357 7.444386 0.000001
v -23.356274 4.993785 0.000002
v -28.583567 1.501022 0.000002
v -23.071198 1.501103 -63.931316
s 1
f 193 195 200 194
f 193 196 198 195
f 198 196 197 199
f 200 199 197 194
g PipeCurveRCol.025_Circle.082
v -17.926704 4.993867 -63.004616
v -23.071198 1.501103 -63.931316
v -14.488639 0.737153 -62.385300
v -23.356274 4.993785 0.000002
v -28.583567 1.501022 0.000002
v -19.862877 0.737070 0.000002
v -24.308323 -3.708374 0.000002
v -18.863670 -3.708295 -63.173393
s 1
f 201 203 208 202
f 201 204 206 203
f 206 204 205 207
f 208 207 205 202
g PipeCurveRCol.026_Circle.083
v -14.488639 0.737153 -62.385300
v -18.863670 -3.708295 -63.173393
v -10.299348 -2.756246 -61.630665
v -19.862877 0.737070 0.000002
v -24.308323 -3.708374 0.000002
v -15.606162 -2.756323 0.000002
v -19.098928 -7.983618 0.000003
v -13.736791 -7.983537 -62.249866
s 1
f 209 211 216 210
f 209 212 214 211
f 214 212 213 215
f 216 215 213 210
g PipeCurveRCol.027_Circle.084
v 7.188805 -2.756252 -121.519043
v 3.962662 -7.983543 -122.857491
v -10.299351 -2.756327 -61.630665
v 36.018471 -2.756239 -109.558289
v 39.244614 -7.983531 -108.219833
v 20.418591 -2.756322 -56.097301
v 23.856030 -7.983610 -55.478096
v -13.736791 -7.983622 -62.249866
s 1
f 218 217 220 221
f 219 222 220 217
f 224 223 222 219
f 224 218 221 223
g PipeCurveRCol.028_Circle.085
v 36.018471 -2.756239 -109.558289
v 39.244614 -7.983531 -108.219833
v 39.950241 0.737159 -107.927086
v 20.418591 -2.756322 -56.097301
v 23.856030 -7.983610 -55.478096
v 24.607876 0.737078 -55.342663
v 28.982914 -3.708373 -54.554569
v 44.056343 -3.708284 -106.223557
s 1
f 225 227 232 226
f 225 228 230 227
f 230 228 229 231
f 232 231 229 226
g PipeCurveRCol.029_Circle.086
v 39.950241 0.737159 -107.927086
v 44.056343 -3.708284 -106.223557
v 43.176956 4.993876 -106.588394
v 24.607876 0.737078 -55.342663
v 28.982914 -3.708373 -54.554569
v 28.045937 4.993796 -54.723351
v 33.190434 1.501035 -53.796650
v 48.005219 1.501115 -104.585266
s 1
f 233 235 240 234
f 233 236 238 235
f 238 236 237 239
f 240 239 237 234
g PipeCurveRCol.030_Circle.087
v 43.176956 4.993876 -106.588394
v 48.005219 1.501115 -104.585266
v 45.574623 9.850332 -105.593658
v 28.045937 4.993796 -54.723351
v 33.190434 1.501035 -53.796650
v 30.600643 9.850253 -54.263161
v 36.316902 7.444397 -53.233463
v 50.939499 7.444478 -103.367897
s 1
f 241 243 248 242
f 241 244 246 243
f 246 244 245 247
f 248 247 245 242
g PipeCurveRCol.031_Circle.088
v 45.574623 9.850332 -105.593658
v 50.939499 7.444478 -103.367897
v 47.051098 15.119896 -104.981110
v 30.600643 9.850253 -54.263161
v 36.316902 7.444397 -53.233463
v 32.173820 15.119815 -53.979778
v 38.242176 13.893323 -52.886658
v 52.746426 13.893406 -102.618248
s 1
f 249 251 256 250
f 249 252 254 251
f 254 252 253 255
f 256 255 253 250
g PipeCurveRCol.032_Circle.089
v 47.051098 15.119896 -104.981110
v 52.746426 13.893406 -102.618248
v 47.549641 20.600052 -104.774269
v 32.173820 15.119815 -53.979778
v 38.242176 13.893323 -52.886658
v 32.705021 20.599974 -53.884090
v 38.892246 20.599977 -52.769558
v 53.356537 20.600058 -102.365128
s 1
f 257 259 264 258
f 257 260 262 259
f 262 260 261 263
f 264 263 261 258
g PipeCurveRCol.033_Circle.090
v 47.549641 20.600052 -104.774269
v 53.356537 20.600058 -102.365128
v 47.051086 26.080210 -104.981110
v 32.705021 20.599974 -53.884090
v 38.892246 20.599977 -52.769558
v 32.173817 26.080132 -53.979778
v 38.242157 27.306631 -52.886662
v 52.746403 27.306713 -102.618256
s 1
f 265 267 272 266
f 265 268 270 267
f 270 268 269 271
f 272 271 269 266
g PipeCurveRCol.034_Circle.091
v 47.051086 26.080210 -104.981110
v 52.746403 27.306713 -102.618256
v 45.574600 31.349766 -105.593674
v 32.173817 26.080132 -53.979778
v 38.242157 27.306631 -52.886662
v 30.600624 31.349686 -54.263165
v 36.316883 33.755547 -53.233471
v 50.939472 33.755638 -103.367905
s 1
f 273 275 280 274
f 273 276 278 275
f 278 276 277 279
f 280 279 277 274
g PipeCurveRCol.035_Circle.092
v 45.574600 31.349766 -105.593674
v 50.939472 33.755638 -103.367905
v 43.176926 36.206215 -106.588409
v 30.600624 31.349686 -54.263165
v 36.316883 33.755547 -53.233471
v 28.045910 36.206123 -54.723358
v 33.190403 39.698898 -53.796658
v 48.005180 39.698994 -104.585281
s 1
f 281 283 288 282
f 281 284 286 283
f 286 284 285 287
f 288 287 285 282
g PipeCurveRCol.036_Circle.093
v 43.176926 36.206215 -106.588409
v 48.005180 39.698994 -104.585281
v 39.950203 40.462929 -107.927101
v 28.045910 36.206123 -54.723358
v 33.190403 39.698898 -53.796658
v 24.607841 40.462841 -55.342674
v 28.982872 44.908295 -54.554581
v 44.056290 44.908379 -106.223579
s 1
f 289 291 296 290
f 289 292 294 291
f 294 292 293 295
f 296 295 293 290
g PipeCurveRCol.037_Circle.094
v 39.950203 40.462929 -107.927101
v 44.056290 44.908379 -106.223579
v 36.018429 43.956314 -109.558304
v 24.607841 40.462841 -55.342674
v 28.982872 44.908295 -54.554581
v 20.418547 43.956230 -56.097313
v 23.855991 49.183533 -55.478111
v 39.244560 49.183620 -108.219856
s 1
f 297 299 304 298
f 297 300 302 299
f 302 300 301 303
f 304 303 301 298
g PipeCurveRCol.038_Circle.095
v 36.018429 43.956314 -109.558304
v 39.244560 49.183620 -108.219856
v 31.532703 46.552139 -111.419327
v 20.418547 43.956230 -56.097313
v 23.855991 49.183533 -55.478111
v 15.639017 46.552055 -56.958271
v 18.006760 52.360317 -56.531757
v 33.754898 52.360390 -110.497391
s 1
f 305 307 312 306
f 305 308 310 307
f 310 308 309 311
f 312 311 309 306
g PipeCurveRCol.039_Circle.096
v 31.532703 46.552139 -111.419327
v 33.754898 52.360390 -110.497391
v 26.665401 48.150627 -113.438652
v 15.639017 46.552055 -56.958271
v 18.006760 52.360317 -56.531757
v 10.452927 48.150543 -57.892464
v 11.659987 54.316566 -57.675030
v 27.798271 54.316643 -112.968658
s 1
f 313 315 320 314
f 313 316 318 315
f 318 316 317 319
f 320 319 317 314
g PipeCurveRCol.040_Circle.097
v 21.603630 48.690380 -115.538666
v 21.603630 54.977180 -115.538666
v 26.665401 48.150627 -113.438652
v 5.059621 48.690285 -58.863987
v 5.059619 54.977100 -58.863987
v 10.452927 48.150543 -57.892464
v 11.659987 54.316566 -57.675030
v 27.798271 54.316643 -112.968658
s 1
f 323 321 322 328
f 323 326 324 321
f 324 326 327 325
f 328 322 325 327
g PipeCurveRCol.041_Circle.098
v 21.603630 48.690380 -115.538666
v 21.603630 54.977180 -115.538666
v 16.541815 48.150620 -117.638695
v 5.059621 48.690285 -58.863987
v -0.333734 48.150543 -59.835514
v 5.059619 54.977100 -58.863987
v -1.540801 54.316559 -60.052952
v 15.408947 54.316639 -118.108696
s 1
f 329 331 336 330
f 329 332 333 331
f 333 332 334 335
f 336 335 334 330
g PipeCurveRCol.042_Circle.099
v 16.541815 48.150620 -117.638695
v 15.408947 54.316639 -118.108696
v 11.674518 46.552116 -119.658020
v -0.333734 48.150543 -59.835514
v -1.540801 54.316559 -60.052952
v -5.519819 46.552032 -60.769707
v -7.887570 52.360302 -61.196224
v 9.452320 52.360374 -120.579964
s 1
f 337 339 344 338
f 337 340 342 339
f 342 340 341 343
f 344 343 341 338
g PipeCurveRCol.043_Circle.100
v 11.674518 46.552116 -119.658020
v 9.452320 52.360374 -120.579964
v 7.188795 43.956303 -121.519043
v -5.519819 46.552032 -60.769707
v -7.887570 52.360302 -61.196224
v -10.299345 43.956215 -61.630665
v -13.736783 49.183502 -62.249870
v 3.962658 49.183586 -122.857491
s 1
f 345 347 352 346
f 345 348 350 347
f 350 348 349 351
f 352 351 349 346
g PipeCurveRCol.044_Circle.101
v 7.188795 43.956303 -121.519043
v 3.962658 49.183586 -122.857491
v 3.257032 40.462898 -123.150238
v -10.299345 43.956215 -61.630665
v -13.736783 49.183502 -62.249870
v -14.488635 40.462818 -62.385303
v -18.863667 44.908257 -63.173397
v -0.849064 44.908348 -124.853767
s 1
f 353 355 360 354
f 353 356 358 355
f 358 356 357 359
f 360 359 357 354
g PipeCurveRCol.045_Circle.102
v 3.257032 40.462898 -123.150238
v -0.849064 44.908348 -124.853767
v 0.030306 36.206177 -124.488937
v -14.488635 40.462818 -62.385303
v -18.863667 44.908257 -63.173397
v -17.926701 36.206100 -63.004616
v -23.071194 39.698860 -63.931316
v -4.797949 39.698944 -126.492065
s 1
f 361 363 368 362
f 361 364 366 363
f 366 364 365 367
f 368 367 365 362
g PipeCurveRCol.046_Circle.103
v 0.030306 36.206177 -124.488937
v -4.797949 39.698944 -126.492065
v -2.367359 31.349737 -125.483673
v -17.926701 36.206100 -63.004616
v -23.071194 39.698860 -63.931316
v -20.481407 31.349667 -63.464806
v -26.197666 33.755516 -64.494507
v -7.732231 33.755600 -127.709427
s 1
f 369 371 376 370
f 369 372 374 371
f 374 372 373 375
f 376 375 373 370
g PipeCurveRCol.047_Circle.104
v -2.367359 31.349737 -125.483673
v -7.732231 33.755600 -127.709427
v -3.843838 26.080181 -126.096222
v -20.481407 31.349667 -63.464806
v -26.197666 33.755516 -64.494507
v -22.054588 26.080111 -63.748192
v -28.122944 27.306608 -64.841309
v -9.539162 27.306677 -128.459076
s 1
f 377 379 384 378
f 377 380 382 379
f 382 380 381 383
f 384 383 381 378
g PipeCurveRCol.048_Circle.105
v -3.843838 26.080181 -126.096222
v -9.539162 27.306677 -128.459076
v -4.342379 20.600029 -126.303062
v -22.054588 26.080111 -63.748192
v -28.122944 27.306608 -64.841309
v -22.585789 20.599955 -63.843880
v -28.773018 20.599955 -64.958412
v -10.149271 20.600029 -128.712204
s 1
f 385 387 392 386
f 385 388 390 387
f 390 388 389 391
f 392 391 389 386
g PipeCurveRCol.049_Circle.106
v -4.342379 20.600029 -126.303062
v -10.149271 20.600029 -128.712204
v -3.843834 15.119875 -126.096230
v -22.585789 20.599955 -63.843880
v -28.773018 20.599955 -64.958412
v -22.054592 15.119802 -63.748192
v -28.122944 13.893303 -64.841309
v -9.539158 13.893380 -128.459076
s 1
f 393 395 400 394
f 393 396 398 395
f 398 396 397 399
f 400 399 397 394
g PipeCurveRCol.050_Circle.107
v -3.843834 15.119875 -126.096230
v -9.539158 13.893380 -128.459076
v -2.367355 9.850317 -125.483673
v -22.054592 15.119802 -63.748192
v -28.122944 13.893303 -64.841309
v -20.481411 9.850245 -63.464806
v -26.197670 7.444384 -64.494499
v -7.732227 7.444459 -127.709427
s 1
f 401 403 408 402
f 401 404 406 403
f 406 404 405 407
f 408 407 405 402
g PipeCurveRCol.051_Circle.108
v -2.367355 9.850317 -125.483673
v -7.732227 7.444459 -127.709427
v 0.030310 4.993859 -124.488937
v -20.481411 9.850245 -63.464806
v -26.197670 7.444384 -64.494499
v -17.926704 4.993783 -63.004616
v -23.071198 1.501019 -63.931316
v -4.797945 1.501096 -126.492065
s 1
f 409 411 416 410
f 409 412 414 411
f 414 412 413 415
f 416 415 413 410
g PipeCurveRCol.052_Circle.109
v 0.030310 4.993859 -124.488937
v -4.797945 1.501096 -126.492065
v 3.257034 0.737146 -123.150246
v -17.926704 4.993783 -63.004616
v -23.071198 1.501019 -63.931316
v -14.488639 0.737067 -62.385300
v -18.863670 -3.708377 -63.173393
v -0.849060 -3.708302 -124.853767
s 1
f 417 419 424 418
f 417 420 422 419
f 422 420 421 423
f 424 423 421 418
g PipeCurveRCol.053_Circle.110
v 3.257034 0.737146 -123.150246
v -0.849060 -3.708302 -124.853767
v 7.188805 -2.756252 -121.519043
v -14.488639 0.737067 -62.385300
v -18.863670 -3.708377 -63.173393
v -10.299351 -2.756327 -61.630665
v -13.736791 -7.983622 -62.249866
v 3.962662 -7.983543 -122.857491
s 1
f 425 427 432 426
f 425 428 430 427
f 430 428 429 431
f 432 431 429 426
g PipeCurveRCol.054_Circle.111
v 36.985161 -2.756257 -176.177551
v 34.099854 -7.983549 -178.145905
v 7.188802 -2.756333 -121.519043
v 62.769051 -2.756243 -158.587769
v 65.654358 -7.983535 -156.619400
v 36.018475 -2.756325 -109.558281
v 39.244614 -7.983612 -108.219833
v 3.962662 -7.983628 -122.857491
s 1
f 434 433 436 437
f 435 438 436 433
f 440 439 438 435
f 440 434 437 439
g PipeCurveRCol.055_Circle.112
v 62.769051 -2.756243 -158.587769
v 65.654358 -7.983535 -156.619400
v 66.285439 0.737156 -156.188873
v 36.018475 -2.756325 -109.558281
v 39.244614 -7.983612 -108.219833
v 39.950241 0.737075 -107.927086
v 44.056343 -3.708375 -106.223557
v 69.957733 -3.708287 -153.683640
s 1
f 441 443 448 442
f 441 444 446 443
f 446 444 445 447
f 448 447 445 442
g PipeCurveRCol.056_Circle.113
v 66.285439 0.737156 -156.188873
v 69.957733 -3.708287 -153.683640
v 69.171257 4.993873 -154.220169
v 39.950241 0.737075 -107.927086
v 44.056343 -3.708375 -106.223557
v 43.176964 4.993794 -106.588394
v 48.005219 1.501033 -104.585266
v 73.489426 1.501112 -151.274307
s 1
f 449 451 456 450
f 449 452 454 451
f 454 452 453 455
f 456 455 453 450
g PipeCurveRCol.057_Circle.114
v 69.171257 4.993873 -154.220169
v 73.489426 1.501112 -151.274307
v 71.315620 9.850329 -152.757294
v 43.176964 4.993794 -106.588394
v 48.005219 1.501033 -104.585266
v 45.574623 9.850251 -105.593658
v 50.939499 7.444396 -103.367897
v 76.113708 7.444476 -149.484024
s 1
f 457 459 464 458
f 457 460 462 459
f 462 460 461 463
f 464 463 461 458
g PipeCurveRCol.058_Circle.115
v 71.315620 9.850329 -152.757294
v 76.113708 7.444476 -149.484024
v 72.636108 15.119893 -151.856445
v 45.574623 9.850251 -105.593658
v 50.939499 7.444396 -103.367897
v 47.051098 15.119813 -104.981110
v 52.746426 13.893322 -102.618248
v 77.729736 13.893403 -148.381577
s 1
f 465 467 472 466
f 465 468 470 467
f 470 468 469 471
f 472 471 469 466
g PipeCurveRCol.059_Circle.116
v 72.636108 15.119893 -151.856445
v 77.729736 13.893403 -148.381577
v 73.081978 20.600052 -151.552277
v 47.051098 15.119813 -104.981110
v 52.746426 13.893322 -102.618248
v 47.549641 20.599972 -104.774269
v 53.356537 20.599974 -102.365128
v 78.275391 20.600056 -148.009323
s 1
f 473 475 480 474
f 473 476 478 475
f 478 476 477 479
f 480 479 477 474
g PipeCurveRCol.060_Circle.117
v 73.081978 20.600052 -151.552277
v 78.275391 20.600056 -148.009323
v 72.636101 26.080206 -151.856461
v 47.549641 20.599972 -104.774269
v 53.356537 20.599974 -102.365128
v 47.051086 26.080126 -104.981110
v 52.746407 27.306627 -102.618256
v 77.729721 27.306713 -148.381592
s 1
f 481 483 488 482
f 481 484 486 483
f 486 484 485 487
f 488 487 485 482
g PipeCurveRCol.061_Circle.118
v 72.636101 26.080206 -151.856461
v 77.729721 27.306713 -148.381592
v 71.315605 31.349766 -152.757309
v 47.051086 26.080126 -104.981110
v 52.746407 27.306627 -102.618256
v 45.574604 31.349680 -105.593666
v 50.939476 33.755543 -103.367905
v 76.113693 33.755634 -149.484039
s 1
f 489 491 496 490
f 489 492 494 491
f 494 492 493 495
f 496 495 493 490
g PipeCurveRCol.062_Circle.119
v 71.315605 31.349766 -152.757309
v 76.113693 33.755634 -149.484039
v 69.171242 36.206207 -154.220184
v 45.574604 31.349680 -105.593666
v 50.939476 33.755543 -103.367905
v 43.176933 36.206116 -106.588409
v 48.005188 39.698891 -104.585274
v 73.489403 39.698990 -151.274338
s 1
f 497 499 504 498
f 497 500 502 499
f 502 500 501 503
f 504 503 501 498
g PipeCurveRCol.063_Circle.120
v 69.171242 36.206207 -154.220184
v 73.489403 39.698990 -151.274338
v 66.285408 40.462925 -156.188904
v 43.176933 36.206116 -106.588409
v 48.005188 39.698891 -104.585274
v 39.950211 40.462833 -107.927101
v 44.056297 44.908287 -106.223579
v 69.957703 44.908375 -153.683670
s 1
f 505 507 512 506
f 505 508 510 507
f 510 508 509 511
f 512 511 509 506
g PipeCurveRCol.064_Circle.121
v 66.285408 40.462925 -156.188904
v 69.957703 44.908375 -153.683670
v 62.769016 43.956310 -158.587799
v 39.950211 40.462833 -107.927101
v 44.056297 44.908287 -106.223579
v 36.018429 43.956223 -109.558304
v 39.244568 49.183525 -108.219856
v 65.654320 49.183613 -156.619446
s 1
f 513 515 520 514
f 513 516 518 515
f 518 516 517 519
f 520 519 517 514
g PipeCurveRCol.065_Circle.122
v 62.769016 43.956310 -158.587799
v 65.654320 49.183613 -156.619446
v 58.757195 46.552135 -161.324661
v 36.018429 43.956223 -109.558304
v 39.244568 49.183525 -108.219856
v 31.532703 46.552048 -111.419327
v 33.754906 52.360310 -110.497406
v 60.744621 52.360386 -159.968842
s 1
f 521 523 528 522
f 521 524 526 523
f 526 524 525 527
f 528 527 525 522
g PipeCurveRCol.066_Circle.123
v 58.757195 46.552135 -161.324661
v 60.744621 52.360386 -159.968842
v 54.404114 48.150620 -164.294342
v 31.532703 46.552048 -111.419327
v 33.754906 52.360310 -110.497406
v 26.665405 48.150539 -113.438652
v 27.798275 54.316559 -112.968674
v 55.417294 54.316639 -163.603149
s 1
f 529 531 536 530
f 529 532 534 531
f 534 532 533 535
f 536 535 533 530
g PipeCurveRCol.067_Circle.124
v 49.877106 48.690369 -167.382675
v 49.877102 54.977180 -167.382675
v 54.404114 48.150620 -164.294342
v 21.603634 48.690281 -115.538666
v 21.603638 54.977093 -115.538681
v 26.665405 48.150539 -113.438652
v 27.798275 54.316559 -112.968674
v 55.417294 54.316639 -163.603149
s 1
f 539 537 538 544
f 539 542 540 537
f 540 542 543 541
f 544 538 541 543
g PipeCurveRCol.068_Circle.125
v 49.877106 48.690369 -167.382675
v 49.877102 54.977180 -167.382675
v 45.350056 48.150616 -170.471024
v 21.603634 48.690281 -115.538666
v 16.541815 48.150539 -117.638695
v 21.603638 54.977093 -115.538681
v 15.408953 54.316551 -118.108711
v 44.336868 54.316631 -171.162216
s 1
f 545 547 552 546
f 545 548 549 547
f 549 548 550 551
f 552 551 550 546
g PipeCurveRCol.069_Circle.126
v 45.350056 48.150616 -170.471024
v 44.336868 54.316631 -171.162216
v 40.996979 46.552113 -173.440704
v 16.541815 48.150539 -117.638695
v 15.408953 54.316551 -118.108711
v 11.674524 46.552025 -119.658020
v 9.452328 52.360294 -120.579979
v 39.009544 52.360371 -174.796524
s 1
f 553 555 560 554
f 553 556 558 555
f 558 556 557 559
f 560 559 557 554
g PipeCurveRCol.070_Circle.127
v 40.996979 46.552113 -173.440704
v 39.009544 52.360371 -174.796524
v 36.985161 43.956291 -176.177567
v 11.674524 46.552025 -119.658020
v 9.452328 52.360294 -120.579979
v 7.188802 43.956207 -121.519043
v 3.962662 49.183498 -122.857491
v 34.099857 49.183586 -178.145920
s 1
f 561 563 568 562
f 561 564 566 563
f 566 564 565 567
f 568 567 565 562
g PipeCurveRCol.071_Circle.128
v 36.985161 43.956291 -176.177567
v 34.099857 49.183586 -178.145920
v 33.468777 40.462894 -178.576447
v 7.188802 43.956207 -121.519043
v 3.962662 49.183498 -122.857491
v 3.257034 40.462807 -123.150246
v -0.849060 44.908249 -124.853767
v 29.796478 44.908344 -181.081680
s 1
f 569 571 576 570
f 569 572 574 571
f 574 572 573 575
f 576 575 573 570
g PipeCurveRCol.072_Circle.129
v 33.468777 40.462894 -178.576447
v 29.796478 44.908344 -181.081680
v 30.582949 36.206169 -180.545151
v 3.257034 40.462807 -123.150246
v -0.849060 44.908249 -124.853767
v 0.030310 36.206093 -124.488937
v -4.797945 39.698853 -126.492065
v 26.264786 39.698936 -183.491013
s 1
f 577 579 584 578
f 577 580 582 579
f 582 580 581 583
f 584 583 581 578
g PipeCurveRCol.073_Circle.130
v 30.582949 36.206169 -180.545151
v 26.264786 39.698936 -183.491013
v 28.438587 31.349735 -182.008041
v 0.030310 36.206093 -124.488937
v -4.797945 39.698853 -126.492065
v -2.367355 31.349653 -125.483673
v -7.732227 33.755508 -127.709427
v 23.640499 33.755596 -185.281296
s 1
f 585 587 592 586
f 585 588 590 587
f 590 588 589 591
f 592 591 589 586
g PipeCurveRCol.074_Circle.131
v 28.438587 31.349735 -182.008041
v 23.640499 33.755596 -185.281296
v 27.118093 26.080179 -182.908875
v -2.367355 31.349653 -125.483673
v -7.732227 33.755508 -127.709427
v -3.843834 26.080101 -126.096230
v -9.539158 27.306597 -128.459076
v 22.024471 27.306671 -186.383759
s 1
f 593 595 600 594
f 593 596 598 595
f 598 596 597 599
f 600 599 597 594
g PipeCurveRCol.075_Circle.132
v 27.118093 26.080179 -182.908875
v 22.024471 27.306671 -186.383759
v 26.672218 20.600027 -183.213058
v -3.843834 26.080101 -126.096230
v -9.539158 27.306597 -128.459076
v -4.342379 20.599943 -126.303062
v -10.149271 20.599943 -128.712204
v 21.478809 20.600027 -186.755997
s 1
f 601 603 608 602
f 601 604 606 603
f 606 604 605 607
f 608 607 605 602
g PipeCurveRCol.076_Circle.133
v 26.672218 20.600027 -183.213058
v 21.478809 20.600027 -186.755997
v 27.118093 15.119868 -182.908875
v -4.342379 20.599943 -126.303062
v -10.149271 20.599943 -128.712204
v -3.843834 15.119792 -126.096230
v -9.539158 13.893295 -128.459076
v 22.024471 13.893374 -186.383759
s 1
f 609 611 616 610
f 609 612 614 611
f 614 612 613 615
f 616 615 613 610
g PipeCurveRCol.077_Circle.134
v 27.118093 15.119868 -182.908875
v 22.024471 13.893374 -186.383759
v 28.438585 9.850310 -182.008041
v -3.843834 15.119792 -126.096230
v -9.539158 13.893295 -128.459076
v -2.367355 9.850237 -125.483673
v -7.732227 7.444375 -127.709427
v 23.640499 7.444453 -185.281296
s 1
f 617 619 624 618
f 617 620 622 619
f 622 620 621 623
f 624 623 621 618
g PipeCurveRCol.078_Circle.135
v 28.438585 9.850310 -182.008041
v 23.640499 7.444453 -185.281296
v 30.582945 4.993854 -180.545151
v -2.367355 9.850237 -125.483673
v -7.732227 7.444375 -127.709427
v 0.030310 4.993775 -124.488937
v -4.797945 1.501011 -126.492065
v 26.264782 1.501090 -183.490997
s 1
f 625 627 632 626
f 625 628 630 627
f 630 628 629 631
f 632 631 629 626
g PipeCurveRCol.079_Circle.136
v 30.582945 4.993854 -180.545151
v 26.264782 1.501090 -183.490997
v 33.468773 0.737141 -178.576431
v 0.030310 4.993775 -124.488937
v -4.797945 1.501011 -126.492065
v 3.257034 0.737060 -123.150246
v -0.849060 -3.708384 -124.853767
v 29.796476 -3.708308 -181.081680
s 1
f 633 635 640 634
f 633 636 638 635
f 638 636 637 639
f 640 639 637 634
g PipeCurveRCol.080_Circle.137
v 33.468773 0.737141 -178.576431
v 29.796476 -3.708308 -181.081680
v 36.985161 -2.756257 -176.177551
v 3.257034 0.737060 -123.150246
v -0.849060 -3.708384 -124.853767
v 7.188802 -2.756333 -121.519043
v 3.962662 -7.983628 -122.857491
v 34.099854 -7.983549 -178.145905
s 1
f 641 643 648 642
f 641 644 646 643
f 646 644 645 647
f 648 647 645 642
g PipeCurveRCol.081_Circle.138
v 75.289642 -2.756258 -224.009659
v 72.704773 -7.983549 -226.358673
v 36.985161 -2.756339 -176.177551
v 98.388710 -2.756251 -203.018173
v 100.973572 -7.983542 -200.669144
v 62.769051 -2.756328 -158.587769
v 65.654358 -7.983616 -156.619400
v 34.099854 -7.983634 -178.145905
s 1
f 650 649 652 653
f 651 654 652 649
f 656 655 654 651
f 656 650 653 655
g PipeCurveRCol.082_Circle.139
v 98.388710 -2.756251 -203.018173
v 100.973572 -7.983542 -200.669144
v 101.538940 0.737147 -200.155365
v 62.769051 -2.756328 -158.587769
v 65.654358 -7.983616 -156.619400
v 66.285439 0.737072 -156.188873
v 69.957733 -3.708378 -153.683640
v 104.828857 -3.708296 -197.165634
s 1
f 657 659 664 658
f 657 660 662 659
f 662 660 661 663
f 664 663 661 658
g PipeCurveRCol.083_Circle.140
v 101.538940 0.737147 -200.155365
v 104.828857 -3.708296 -197.165634
v 104.124268 4.993864 -197.805923
v 66.285439 0.737072 -156.188873
v 69.957733 -3.708378 -153.683640
v 69.171265 4.993791 -154.220169
v 73.489426 1.501030 -151.274307
v 107.992798 1.501101 -194.290375
s 1
f 665 667 672 666
f 665 668 670 667
f 670 668 669 671
f 672 671 669 666
g PipeCurveRCol.084_Circle.141
v 104.124268 4.993864 -197.805923
v 107.992798 1.501101 -194.290375
v 106.045349 9.850318 -196.060135
v 69.171265 4.993791 -154.220169
v 73.489426 1.501030 -151.274307
v 71.315620 9.850248 -152.757294
v 76.113708 7.444394 -149.484024
v 110.343811 7.444464 -192.153854
s 1
f 673 675 680 674
f 673 676 678 675
f 678 676 677 679
f 680 679 677 674
g PipeCurveRCol.085_Circle.142
v 106.045349 9.850318 -196.060135
v 110.343811 7.444464 -192.153854
v 107.228333 15.119882 -194.985077
v 71.315620 9.850248 -152.757294
v 76.113708 7.444394 -149.484024
v 72.636108 15.119810 -151.856445
v 77.729736 13.893319 -148.381577
v 111.791573 13.893390 -190.838196
s 1
f 681 683 688 682
f 681 684 686 683
f 686 684 685 687
f 688 687 685 682
g PipeCurveRCol.086_Circle.143
v 107.228333 15.119882 -194.985077
v 111.791573 13.893390 -190.838196
v 107.627777 20.600037 -194.622086
v 72.636108 15.119810 -151.856445
v 77.729736 13.893319 -148.381577
v 73.081978 20.599970 -151.552277
v 78.275391 20.599974 -148.009323
v 112.280411 20.600042 -190.393967
s 1
f 689 691 696 690
f 689 692 694 691
f 694 692 693 695
f 696 695 693 690
g PipeCurveRCol.087_Circle.144
v 107.627777 20.600037 -194.622086
v 112.280411 20.600042 -190.393967
v 107.228333 26.080193 -194.985092
v 73.081978 20.599970 -151.552277
v 78.275391 20.599974 -148.009323
v 72.636101 26.080124 -151.856461
v 77.729721 27.306627 -148.381592
v 111.791565 27.306702 -190.838211
s 1
f 697 699 704 698
f 697 700 702 699
f 702 700 701 703
f 704 703 701 698
g PipeCurveRCol.088_Circle.145
v 107.228333 26.080193 -194.985092
v 111.791565 27.306702 -190.838211
v 106.045334 31.349751 -196.060150
v 72.636101 26.080124 -151.856461
v 77.729721 27.306627 -148.381592
v 71.315605 31.349680 -152.757309
v 76.113693 33.755531 -149.484039
v 110.343811 33.755619 -192.153870
s 1
f 705 707 712 706
f 705 708 710 707
f 710 708 709 711
f 712 711 709 706
g PipeCurveRCol.089_Circle.146
v 106.045334 31.349751 -196.060150
v 110.343811 33.755619 -192.153870
v 104.124260 36.206196 -197.805954
v 71.315605 31.349680 -152.757309
v 76.113693 33.755531 -149.484039
v 69.171242 36.206112 -154.220184
v 73.489403 39.698891 -151.274338
v 107.992783 39.698971 -194.290390
s 1
f 713 715 720 714
f 713 716 718 715
f 718 716 717 719
f 720 719 717 714
g PipeCurveRCol.090_Circle.147
v 104.124260 36.206196 -197.805954
v 107.992783 39.698971 -194.290390
v 101.538925 40.462906 -200.155396
v 69.171242 36.206112 -154.220184
v 73.489403 39.698891 -151.274338
v 66.285408 40.462822 -156.188904
v 69.957703 44.908283 -153.683670
v 104.828835 44.908360 -197.165665
s 1
f 721 723 728 722
f 721 724 726 723
f 726 724 725 727
f 728 727 725 722
g PipeCurveRCol.091_Circle.148
v 101.538925 40.462906 -200.155396
v 104.828835 44.908360 -197.165665
v 98.388687 43.956303 -203.018204
v 66.285408 40.462822 -156.188904
v 69.957703 44.908283 -153.683670
v 62.769012 43.956219 -158.587799
v 65.654320 49.183525 -156.619446
v 100.973549 49.183598 -200.669189
s 1
f 729 731 736 730
f 729 732 734 731
f 734 732 733 735
f 736 735 733 730
g PipeCurveRCol.092_Circle.149
v 98.388687 43.956303 -203.018204
v 100.973549 49.183598 -200.669189
v 94.794609 46.552128 -206.284348
v 62.769012 43.956219 -158.587799
v 65.654320 49.183525 -156.619446
v 58.757195 46.552044 -161.324661
v 60.744621 52.360306 -159.968842
v 96.575089 52.360378 -204.666321
s 1
f 737 739 744 738
f 737 740 742 739
f 742 740 741 743
f 744 743 741 738
g PipeCurveRCol.093_Circle.150
v 94.794609 46.552128 -206.284348
v 96.575089 52.360378 -204.666321
v 90.894806 48.150612 -209.828339
v 58.757195 46.552044 -161.324661
v 60.744621 52.360306 -159.968842
v 54.404114 48.150532 -164.294342
v 55.417290 54.316555 -163.603149
v 91.802490 54.316628 -209.003479
s 1
f 745 747 752 746
f 745 748 750 747
f 750 748 749 751
f 752 751 749 746
g PipeCurveRCol.094_Circle.151
v 86.839188 48.690365 -213.513916
v 86.839188 54.977165 -213.513916
v 90.894806 48.150612 -209.828339
v 49.877106 48.690269 -167.382675
v 49.877102 54.977089 -167.382675
v 54.404114 48.150532 -164.294342
v 55.417290 54.316555 -163.603149
v 91.802490 54.316628 -209.003479
s 1
f 755 753 754 760
f 755 758 756 753
f 756 758 759 757
f 760 754 757 759
g PipeCurveRCol.095_Circle.152
v 86.839188 48.690365 -213.513916
v 86.839188 54.977165 -213.513916
v 82.783531 48.150608 -217.199539
v 49.877106 48.690269 -167.382675
v 45.350052 48.150532 -170.471024
v 49.877102 54.977089 -167.382675
v 44.336868 54.316547 -171.162216
v 81.875847 54.316620 -218.024399
s 1
f 761 763 768 762
f 761 764 765 763
f 765 764 766 767
f 768 767 766 762
g PipeCurveRCol.096_Circle.153
v 82.783531 48.150608 -217.199539
v 81.875847 54.316620 -218.024399
v 78.883728 46.552101 -220.743515
v 45.350052 48.150532 -170.471024
v 44.336868 54.316547 -171.162216
v 40.996979 46.552021 -173.440689
v 39.009544 52.360287 -174.796524
v 77.103249 52.360359 -222.361542
s 1
f 769 771 776 770
f 769 772 774 771
f 774 772 773 775
f 776 775 773 770
g PipeCurveRCol.097_Circle.154
v 78.883728 46.552101 -220.743515
v 77.103249 52.360359 -222.361542
v 75.289650 43.956284 -224.009659
v 40.996979 46.552021 -173.440689
v 39.009544 52.360287 -174.796524
v 36.985161 43.956200 -176.177567
v 34.099857 49.183495 -178.145920
v 72.704788 49.183582 -226.358688
s 1
f 777 779 784 778
f 777 780 782 779
f 782 780 781 783
f 784 783 781 778
g PipeCurveRCol.098_Circle.155
v 75.289650 43.956284 -224.009659
v 72.704788 49.183582 -226.358688
v 72.139420 40.462894 -226.872467
v 36.985161 43.956200 -176.177567
v 34.099857 49.183495 -178.145920
v 33.468777 40.462807 -178.576447
v 29.796478 44.908245 -181.081680
v 68.849518 44.908344 -229.862198
s 1
f 785 787 792 786
f 785 788 790 787
f 790 788 789 791
f 792 791 789 786
g PipeCurveRCol.099_Circle.156
v 72.139420 40.462894 -226.872467
v 68.849518 44.908344 -229.862198
v 69.554085 36.206169 -229.221909
v 33.468777 40.462807 -178.576447
v 29.796478 44.908245 -181.081680
v 30.582949 36.206085 -180.545151
v 26.264786 39.698845 -183.491013
v 65.685562 39.698940 -232.737457
s 1
f 793 795 800 794
f 793 796 798 795
f 798 796 797 799
f 800 799 797 794
g PipeCurveRCol.100_Circle.157
v 69.554085 36.206169 -229.221909
v 65.685562 39.698940 -232.737457
v 67.633011 31.349733 -230.967697
v 30.582949 36.206085 -180.545151
v 26.264786 39.698845 -183.491013
v 28.438587 31.349653 -182.008041
v 23.640499 33.755505 -185.281296
v 63.334541 33.755596 -234.873978
s 1
f 801 803 808 802
f 801 804 806 803
f 806 804 805 807
f 808 807 805 802
g PipeCurveRCol.101_Circle.158
v 67.633011 31.349733 -230.967697
v 63.334541 33.755596 -234.873978
v 66.450020 26.080179 -232.042755
v 28.438587 31.349653 -182.008041
v 23.640499 33.755505 -185.281296
v 27.118093 26.080097 -182.908875
v 22.024471 27.306595 -186.383759
v 61.886787 27.306671 -236.189636
s 1
f 809 811 816 810
f 809 812 814 811
f 814 812 813 815
f 816 815 813 810
g PipeCurveRCol.102_Circle.159
v 66.450020 26.080179 -232.042755
v 61.886787 27.306671 -236.189636
v 66.050568 20.600027 -232.405762
v 27.118093 26.080097 -182.908875
v 22.024471 27.306595 -186.383759
v 26.672218 20.599939 -183.213058
v 21.478809 20.599939 -186.755997
v 61.397942 20.600025 -236.633881
s 1
f 817 819 824 818
f 817 820 822 819
f 822 820 821 823
f 824 823 821 818
g PipeCurveRCol.103_Circle.160
v 66.050568 20.600027 -232.405762
v 61.397942 20.600025 -236.633881
v 66.450012 15.119867 -232.042755
v 26.672218 20.599939 -183.213058
v 21.478809 20.599939 -186.755997
v 27.118093 15.119786 -182.908875
v 22.024471 13.893289 -186.383759
v 61.886780 13.893376 -236.189636
s 1
f 825 827 832 826
f 825 828 830 827
f 830 828 829 831
f 832 831 829 826
g PipeCurveRCol.104_Circle.161
v 66.450012 15.119867 -232.042755
v 61.886780 13.893376 -236.189636
v 67.633011 9.850310 -230.967697
v 27.118093 15.119786 -182.908875
v 22.024471 13.893289 -186.383759
v 28.438585 9.850230 -182.008041
v 23.640499 7.444369 -185.281296
v 63.334534 7.444455 -234.873978
s 1
f 833 835 840 834
f 833 836 838 835
f 838 836 837 839
f 840 839 837 834
g PipeCurveRCol.105_Circle.162
v 67.633011 9.850310 -230.967697
v 63.334534 7.444455 -234.873978
v 69.554077 4.993853 -229.221909
v 28.438585 9.850230 -182.008041
v 23.640499 7.444369 -185.281296
v 30.582945 4.993770 -180.545151
v 26.264782 1.501006 -183.490997
v 65.685555 1.501091 -232.737457
s 1
f 841 843 848 842
f 841 844 846 843
f 846 844 845 847
f 848 847 845 842
g PipeCurveRCol.106_Circle.163
v 69.554077 4.993853 -229.221909
v 65.685555 1.501091 -232.737457
v 72.139404 0.737140 -226.872467
v 30.582945 4.993770 -180.545151
v 26.264782 1.501006 -183.490997
v 33.468773 0.737055 -178.576431
v 29.796476 -3.708390 -181.081680
v 68.849503 -3.708307 -229.862198
s 1
f 849 851 856 850
f 849 852 854 851
f 854 852 853 855
f 856 855 853 850
g PipeCurveRCol.107_Circle.164
v 72.139404 0.737140 -226.872467
v 68.849503 -3.708307 -229.862198
v 75.289642 -2.756258 -224.009659
v 33.468773 0.737055 -178.576431
v 29.796476 -3.708390 -181.081680
v 36.985161 -2.756339 -176.177551
v 34.099854 -7.983634 -178.145905
v 72.704773 -7.983549 -226.358673
s 1
f 857 859 864 858
f 857 860 862 859
f 862 860 861 863
f 864 863 861 858
g PipeCurveRCol.108_Circle.165
v 116.961166 -2.756264 -267.031616
v 114.490601 -7.983555 -269.500549
v 75.289642 -2.756339 -224.009659
v 139.038788 -2.756254 -244.968323
v 141.509354 -7.983546 -242.499374
v 98.388710 -2.756336 -203.018173
v 100.973572 -7.983624 -200.669144
v 72.704773 -7.983633 -226.358673
s 1
f 866 865 868 869
f 867 870 868 865
f 872 871 870 867
f 872 866 869 871
g PipeCurveRCol.109_Circle.166
v 139.038788 -2.756254 -244.968323
v 141.509354 -7.983546 -242.499374
v 142.049728 0.737144 -241.959351
v 98.388710 -2.756336 -203.018173
v 100.973572 -7.983624 -200.669144
v 101.538940 0.737063 -200.155365
v 104.828857 -3.708387 -197.165634
v 145.194153 -3.708300 -238.816971
s 1
f 873 875 880 874
f 873 876 878 875
f 878 876 877 879
f 880 879 877 874
g PipeCurveRCol.110_Circle.167
v 142.049728 0.737144 -241.959351
v 145.194153 -3.708300 -238.816971
v 144.520721 4.993861 -239.489960
v 101.538940 0.737063 -200.155365
v 104.828857 -3.708387 -197.165634
v 104.124268 4.993782 -197.805923
v 107.992798 1.501020 -194.290375
v 148.218185 1.501099 -235.794907
s 1
f 881 883 888 882
f 881 884 886 883
f 886 884 885 887
f 888 887 885 882
g PipeCurveRCol.111_Circle.168
v 144.520721 4.993861 -239.489960
v 148.218185 1.501099 -235.794907
v 146.356842 9.850316 -237.655029
v 104.124268 4.993782 -197.805923
v 107.992798 1.501020 -194.290375
v 106.045349 9.850238 -196.060135
v 110.343811 7.444382 -192.153854
v 150.465240 7.444462 -233.549301
s 1
f 889 891 896 890
f 889 892 894 891
f 894 892 893 895
f 896 895 893 890
g PipeCurveRCol.112_Circle.169
v 146.356842 9.850316 -237.655029
v 150.465240 7.444462 -233.549301
v 147.487518 15.119879 -236.525085
v 106.045349 9.850238 -196.060135
v 110.343811 7.444382 -192.153854
v 107.228333 15.119800 -194.985077
v 111.791573 13.893307 -190.838196
v 151.848969 13.893389 -232.166473
s 1
f 897 899 904 898
f 897 900 902 899
f 902 900 901 903
f 904 903 901 898
g PipeCurveRCol.113_Circle.170
v 147.487518 15.119879 -236.525085
v 151.848969 13.893389 -232.166473
v 147.869308 20.600035 -236.143555
v 107.228333 15.119800 -194.985077
v 111.791573 13.893307 -190.838196
v 107.627777 20.599955 -194.622086
v 112.280411 20.599960 -190.393967
v 152.316208 20.600040 -231.699554
s 1
f 905 907 912 906
f 905 908 910 907
f 910 908 909 911
f 912 911 909 906
g PipeCurveRCol.114_Circle.171
v 147.869308 20.600035 -236.143555
v 152.316208 20.600040 -231.699554
v 147.487503 26.080194 -236.525055
v 107.627777 20.599955 -194.622086
v 112.280411 20.599960 -190.393967
v 107.228333 26.080111 -194.985092
v 111.791565 27.306614 -190.838211
v 151.848938 27.306700 -232.166443
s 1
f 913 915 920 914
f 913 916 918 915
f 918 916 917 919
f 920 919 917 914
g PipeCurveRCol.115_Circle.172
v 147.487503 26.080194 -236.525055
v 151.848938 27.306700 -232.166443
v 146.356812 31.349752 -237.655014
v 107.228333 26.080111 -194.985092
v 111.791565 27.306614 -190.838211
v 106.045334 31.349665 -196.060150
v 110.343811 33.755520 -192.153870
v 150.465210 33.755627 -233.549286
s 1
f 921 923 928 922
f 921 924 926 923
f 926 924 925 927
f 928 927 925 922
g PipeCurveRCol.116_Circle.173
v 146.356812 31.349752 -237.655014
v 150.465210 33.755627 -233.549286
v 144.520691 36.206203 -239.489944
v 106.045334 31.349665 -196.060150
v 110.343811 33.755520 -192.153870
v 104.124260 36.206093 -197.805954
v 107.992783 39.698872 -194.290390
v 148.218140 39.698978 -235.794891
s 1
f 929 931 936 930
f 929 932 934 931
f 934 932 933 935
f 936 935 933 930
g PipeCurveRCol.117_Circle.174
v 144.520691 36.206203 -239.489944
v 148.218140 39.698978 -235.794891
v 142.049683 40.462917 -241.959351
v 104.124260 36.206093 -197.805954
v 107.992783 39.698872 -194.290390
v 101.538925 40.462811 -200.155396
v 104.828835 44.908268 -197.165665
v 145.194092 44.908367 -238.816971
s 1
f 937 939 944 938
f 937 940 942 939
f 942 940 941 943
f 944 943 941 938
g PipeCurveRCol.118_Circle.175
v 142.049683 40.462917 -241.959351
v 145.194092 44.908367 -238.816971
v 139.038742 43.956306 -244.968323
v 101.538925 40.462811 -200.155396
v 104.828835 44.908268 -197.165665
v 98.388687 43.956211 -203.018204
v 100.973549 49.183506 -200.669189
v 141.509308 49.183609 -242.499374
s 1
f 945 947 952 946
f 945 948 950 947
f 950 948 949 951
f 952 951 949 946
g PipeCurveRCol.119_Circle.176
v 139.038742 43.956306 -244.968323
v 141.509308 49.183609 -242.499374
v 135.603592 46.552128 -248.401245
v 98.388687 43.956211 -203.018204
v 100.973549 49.183506 -200.669189
v 94.794609 46.552032 -206.284363
v 96.575089 52.360294 -204.666321
v 137.305344 52.360378 -246.700607
s 1
f 953 955 960 954
f 953 956 958 955
f 958 956 957 959
f 960 959 957 954
g PipeCurveRCol.120_Circle.177
v 135.603592 46.552128 -248.401245
v 137.305344 52.360378 -246.700607
v 131.876236 48.150616 -252.126175
v 94.794609 46.552032 -206.284363
v 96.575089 52.360294 -204.666321
v 90.894806 48.150520 -209.828339
v 91.802490 54.316547 -209.003479
v 132.743790 54.316635 -251.259201
s 1
f 961 963 968 962
f 961 964 966 963
f 966 964 965 967
f 968 967 965 962
g PipeCurveRCol.121_Circle.178
v 127.999962 48.690365 -255.999939
v 127.999962 54.977169 -255.999939
v 131.876236 48.150616 -252.126175
v 86.839188 48.690266 -213.513916
v 86.839188 54.977077 -213.513916
v 90.894806 48.150520 -209.828339
v 91.802490 54.316547 -209.003479
v 132.743790 54.316635 -251.259201
s 1
f 971 969 970 976
f 971 974 972 969
f 972 974 975 973
f 976 970 973 975
g PipeCurveRCol.122_Circle.179
v 127.999962 48.690365 -255.999939
v 127.999962 54.977169 -255.999939
v 124.123650 48.150608 -259.873749
v 86.839188 48.690266 -213.513916
v 82.783531 48.150520 -217.199539
v 86.839188 54.977077 -213.513916
v 81.875847 54.316540 -218.024399
v 123.256104 54.316628 -260.740723
s 1
f 977 979 984 978
f 977 980 981 979
f 981 980 982 983
f 984 983 982 978
g PipeCurveRCol.123_Circle.180
v 124.123650 48.150608 -259.873749
v 123.256104 54.316628 -260.740723
v 120.396294 46.552109 -263.598663
v 82.783531 48.150520 -217.199539
v 81.875847 54.316540 -218.024399
v 78.883728 46.552013 -220.743515
v 77.103249 52.360279 -222.361542
v 118.694542 52.360363 -265.299316
s 1
f 985 987 992 986
f 985 988 990 987
f 990 988 989 991
f 992 991 989 986
g PipeCurveRCol.124_Circle.181
v 120.396294 46.552109 -263.598663
v 118.694542 52.360363 -265.299316
v 116.961151 43.956287 -267.031586
v 78.883728 46.552013 -220.743515
v 77.103249 52.360279 -222.361542
v 75.289650 43.956196 -224.009659
v 72.704788 49.183487 -226.358688
v 114.490593 49.183575 -269.500549
s 1
f 993 995 1000 994
f 993 996 998 995
f 998 996 997 999
f 1000 999 997 994
g PipeCurveRCol.125_Circle.182
v 116.961151 43.956287 -267.031586
v 114.490593 49.183575 -269.500549
v 113.950226 40.462887 -270.040558
v 75.289650 43.956196 -224.009659
v 72.704788 49.183487 -226.358688
v 72.139420 40.462799 -226.872467
v 68.849518 44.908245 -229.862198
v 110.805794 44.908340 -273.182922
s 1
f 1001 1003 1008 1002
f 1001 1004 1006 1003
f 1006 1004 1005 1007
f 1008 1007 1005 1002
g PipeCurveRCol.126_Circle.183
v 113.950226 40.462887 -270.040558
v 110.805794 44.908340 -273.182922
v 111.479210 36.206165 -272.509949
v 72.139420 40.462799 -226.872467
v 68.849518 44.908245 -229.862198
v 69.554085 36.206089 -229.221909
v 65.685562 39.698841 -232.737457
v 107.781754 39.698933 -276.205017
s 1
f 1009 1011 1016 1010
f 1009 1012 1014 1011
f 1014 1012 1013 1015
f 1016 1015 1013 1010
g PipeCurveRCol.127_Circle.184
v 111.479210 36.206165 -272.509949
v 107.781754 39.698933 -276.205017
v 109.643089 31.349730 -274.344879
v 69.554085 36.206089 -229.221909
v 65.685562 39.698841 -232.737457
v 67.633011 31.349651 -230.967697
v 63.334541 33.755501 -234.873978
v 105.534698 33.755592 -278.450623
s 1
f 1017 1019 1024 1018
f 1017 1020 1022 1019
f 1022 1020 1021 1023
f 1024 1023 1021 1018
g PipeCurveRCol.128_Circle.185
v 109.643089 31.349730 -274.344879
v 105.534698 33.755592 -278.450623
v 108.512413 26.080173 -275.474823
v 67.633011 31.349651 -230.967697
v 63.334541 33.755501 -234.873978
v 66.450020 26.080097 -232.042755
v 61.886787 27.306593 -236.189636
v 104.150963 27.306669 -279.833435
s 1
f 1025 1027 1032 1026
f 1025 1028 1030 1027
f 1030 1028 1029 1031
f 1032 1031 1029 1026
g PipeCurveRCol.129_Circle.186
v 108.512413 26.080173 -275.474823
v 104.150963 27.306669 -279.833435
v 108.130646 20.600019 -275.856384
v 66.450020 26.080097 -232.042755
v 61.886787 27.306593 -236.189636
v 66.050568 20.599941 -232.405762
v 61.397942 20.599939 -236.633881
v 103.683762 20.600019 -280.300385
s 1
f 1033 1035 1040 1034
f 1033 1036 1038 1035
f 1038 1036 1037 1039
f 1040 1039 1037 1034
g PipeCurveRCol.130_Circle.187
v 108.130646 20.600019 -275.856384
v 103.683762 20.600019 -280.300385
v 108.512428 15.119865 -275.474854
v 66.050568 20.599941 -232.405762
v 61.397942 20.599939 -236.633881
v 66.450012 15.119786 -232.042755
v 61.886780 13.893291 -236.189636
v 104.150978 13.893371 -279.833466
s 1
f 1041 1043 1048 1042
f 1041 1044 1046 1043
f 1046 1044 1045 1047
f 1048 1047 1045 1042
g PipeCurveRCol.131_Circle.188
v 108.512428 15.119865 -275.474854
v 104.150978 13.893371 -279.833466
v 109.643105 9.850306 -274.344910
v 66.450012 15.119786 -232.042755
v 61.886780 13.893291 -236.189636
v 67.633011 9.850229 -230.967697
v 63.334534 7.444371 -234.873978
v 105.534714 7.444448 -278.450623
s 1
f 1049 1051 1056 1050
f 1049 1052 1054 1051
f 1054 1052 1053 1055
f 1056 1055 1053 1050
g PipeCurveRCol.132_Circle.189
v 109.643105 9.850306 -274.344910
v 105.534714 7.444448 -278.450623
v 111.479233 4.993848 -272.509979
v 67.633011 9.850229 -230.967697
v 63.334534 7.444371 -234.873978
v 69.554077 4.993770 -229.221909
v 65.685555 1.501007 -232.737457
v 107.781776 1.501085 -276.205017
s 1
f 1057 1059 1064 1058
f 1057 1060 1062 1059
f 1062 1060 1061 1063
f 1064 1063 1061 1058
g PipeCurveRCol.133_Circle.190
v 111.479233 4.993848 -272.509979
v 107.781776 1.501085 -276.205017
v 113.950241 0.737134 -270.040588
v 69.554077 4.993770 -229.221909
v 65.685555 1.501007 -232.737457
v 72.139404 0.737054 -226.872467
v 68.849503 -3.708389 -229.862198
v 110.805809 -3.708313 -273.182953
s 1
f 1065 1067 1072 1066
f 1065 1068 1070 1067
f 1070 1068 1069 1071
f 1072 1071 1069 1066
g PipeCurveRCol.134_Circle.191
v 113.950241 0.737134 -270.040588
v 110.805809 -3.708313 -273.182953
v 116.961166 -2.756264 -267.031616
v 72.139404 0.737054 -226.872467
v 68.849503 -3.708389 -229.862198
v 75.289642 -2.756339 -224.009659
v 72.704773 -7.983633 -226.358673
v 114.490601 -7.983555 -269.500549
s 1
f 1073 1075 1080 1074
f 1073 1076 1078 1075
f 1078 1076 1077 1079
f 1080 1079 1077 1074
g PipeCurveRCol.135_Circle.192
v 157.611267 -2.756268 -308.981750
v 155.026398 -7.983559 -311.330780
v 116.961166 -2.756345 -267.031616
v 180.710327 -2.756258 -287.990265
v 183.295197 -7.983549 -285.641266
v 139.038788 -2.756339 -244.968323
v 141.509354 -7.983627 -242.499374
v 114.490601 -7.983640 -269.500549
s 1
f 1082 1081 1084 1085
f 1083 1086 1084 1081
f 1088 1087 1086 1083
f 1088 1082 1085 1087
g PipeCurveRCol.136_Circle.193
v 180.710327 -2.756258 -287.990265
v 183.295197 -7.983549 -285.641266
v 183.860565 0.737140 -285.127472
v 139.038788 -2.756339 -244.968323
v 141.509354 -7.983627 -242.499374
v 142.049728 0.737060 -241.959351
v 145.194153 -3.708390 -238.816971
v 187.150482 -3.708303 -282.137726
s 1
f 1089 1091 1096 1090
f 1089 1092 1094 1091
f 1094 1092 1093 1095
f 1096 1095 1093 1090
g PipeCurveRCol.137_Circle.194
v 183.860565 0.737140 -285.127472
v 187.150482 -3.708303 -282.137726
v 186.445892 4.993856 -282.778046
v 142.049728 0.737060 -241.959351
v 145.194153 -3.708390 -238.816971
v 144.520721 4.993779 -239.489960
v 148.218185 1.501018 -235.794907
v 190.314423 1.501094 -279.262482
s 1
f 1097 1099 1104 1098
f 1097 1100 1102 1099
f 1102 1100 1101 1103
f 1104 1103 1101 1098
g PipeCurveRCol.138_Circle.195
v 186.445892 4.993856 -282.778046
v 190.314423 1.501094 -279.262482
v 188.366959 9.850310 -281.032227
v 144.520721 4.993779 -239.489960
v 148.218185 1.501018 -235.794907
v 146.356842 9.850236 -237.655029
v 150.465240 7.444379 -233.549301
v 192.665436 7.444457 -277.125977
s 1
f 1105 1107 1112 1106
f 1105 1108 1110 1107
f 1110 1108 1109 1111
f 1112 1111 1109 1106
g PipeCurveRCol.139_Circle.196
v 188.366959 9.850310 -281.032227
v 192.665436 7.444457 -277.125977
v 189.549957 15.119873 -279.957184
v 146.356842 9.850236 -237.655029
v 150.465240 7.444379 -233.549301
v 147.487518 15.119797 -236.525085
v 151.848969 13.893305 -232.166473
v 194.113190 13.893384 -275.810303
s 1
f 1113 1115 1120 1114
f 1113 1116 1118 1115
f 1118 1116 1117 1119
f 1120 1119 1117 1114
g PipeCurveRCol.140_Circle.197
v 189.549957 15.119873 -279.957184
v 194.113190 13.893384 -275.810303
v 189.949402 20.600029 -279.594177
v 147.487518 15.119797 -236.525085
v 151.848969 13.893305 -232.166473
v 147.869308 20.599953 -236.143555
v 152.316208 20.599957 -231.699554
v 194.602036 20.600035 -275.366058
s 1
f 1121 1123 1128 1122
f 1121 1124 1126 1123
f 1126 1124 1125 1127
f 1128 1127 1125 1122
g PipeCurveRCol.141_Circle.198
v 189.949402 20.600029 -279.594177
v 194.602036 20.600035 -275.366058
v 189.549927 26.080191 -279.957153
v 147.869308 20.599953 -236.143555
v 152.316208 20.599957 -231.699554
v 147.487518 26.080109 -236.525101
v 151.848969 27.306612 -232.166489
v 194.113159 27.306692 -275.810272
s 1
f 1129 1131 1136 1130
f 1129 1132 1134 1131
f 1134 1132 1133 1135
f 1136 1135 1133 1130
g PipeCurveRCol.142_Circle.199
v 189.549927 26.080191 -279.957153
v 194.113159 27.306692 -275.810272
v 188.366943 31.349745 -281.032227
v 147.487518 26.080109 -236.525101
v 151.848969 27.306612 -232.166489
v 146.356842 31.349663 -237.655045
v 150.465225 33.755524 -233.549316
v 192.665405 33.755615 -277.125946
s 1
f 1137 1139 1144 1138
f 1137 1140 1142 1139
f 1142 1140 1141 1143
f 1144 1143 1141 1138
g PipeCurveRCol.143_Circle.200
v 188.366943 31.349745 -281.032227
v 192.665405 33.755615 -277.125946
v 186.445862 36.206192 -282.778015
v 146.356842 31.349663 -237.655045
v 150.465225 33.755524 -233.549316
v 144.520706 36.206100 -239.489975
v 148.218170 39.698875 -235.794922
v 190.314392 39.698963 -279.262451
s 1
f 1145 1147 1152 1146
f 1145 1148 1150 1147
f 1150 1148 1149 1151
f 1152 1151 1149 1146
g PipeCurveRCol.144_Circle.201
v 186.445862 36.206192 -282.778015
v 190.314392 39.698963 -279.262451
v 183.860535 40.462910 -285.127472
v 144.520706 36.206100 -239.489975
v 148.218170 39.698875 -235.794922
v 142.049698 40.462818 -241.959381
v 145.194122 44.908272 -238.817001
v 187.150436 44.908356 -282.137726
s 1
f 1153 1155 1160 1154
f 1153 1156 1158 1155
f 1158 1156 1157 1159
f 1160 1159 1157 1154
g PipeCurveRCol.145_Circle.202
v 183.860535 40.462910 -285.127472
v 187.150436 44.908356 -282.137726
v 180.710297 43.956299 -287.990265
v 142.049698 40.462818 -241.959381
v 145.194122 44.908272 -238.817001
v 139.038773 43.956211 -244.968369
v 141.509323 49.183510 -242.499405
v 183.295151 49.183601 -285.641266
s 1
f 1161 1163 1168 1162
f 1161 1164 1166 1163
f 1166 1164 1165 1167
f 1168 1167 1165 1162
g PipeCurveRCol.146_Circle.203
v 180.710297 43.956299 -287.990265
v 183.295151 49.183601 -285.641266
v 177.116211 46.552124 -291.256409
v 139.038773 43.956211 -244.968369
v 141.509323 49.183510 -242.499405
v 135.603622 46.552032 -248.401276
v 137.305359 52.360294 -246.700638
v 178.896698 52.360371 -289.638397
s 1
f 1169 1171 1176 1170
f 1169 1172 1174 1171
f 1174 1172 1173 1175
f 1176 1175 1173 1170
g PipeCurveRCol.147_Circle.204
v 177.116211 46.552124 -291.256409
v 178.896698 52.360371 -289.638397
v 173.216415 48.150612 -294.800415
v 135.603622 46.552032 -248.401276
v 137.305359 52.360294 -246.700638
v 131.876266 48.150520 -252.126205
v 132.743805 54.316544 -251.259232
v 174.124084 54.316624 -293.975555
s 1
f 1177 1179 1184 1178
f 1177 1180 1182 1179
f 1182 1180 1181 1183
f 1184 1183 1181 1178
g PipeCurveRCol.148_Circle.205
v 169.160797 48.690361 -298.485992
v 169.160797 54.977161 -298.485992
v 173.216415 48.150612 -294.800415
v 127.999985 48.690266 -255.999969
v 127.999985 54.977074 -255.999969
v 131.876266 48.150520 -252.126205
v 132.743805 54.316544 -251.259232
v 174.124084 54.316624 -293.975555
s 1
f 1187 1185 1186 1192
f 1187 1190 1188 1185
f 1188 1190 1191 1189
f 1192 1186 1189 1191
g PipeCurveRCol.149_Circle.206
v 169.160797 48.690361 -298.485992
v 169.160797 54.977161 -298.485992
v 165.105133 48.150604 -302.171600
v 127.999985 48.690266 -255.999969
v 124.123665 48.150520 -259.873779
v 127.999985 54.977074 -255.999969
v 123.256119 54.316536 -260.740753
v 164.197449 54.316620 -302.996490
s 1
f 1193 1195 1200 1194
f 1193 1196 1197 1195
f 1197 1196 1198 1199
f 1200 1199 1198 1194
g PipeCurveRCol.150_Circle.207
v 165.105133 48.150604 -302.171600
v 164.197449 54.316620 -302.996490
v 161.205338 46.552097 -305.715576
v 124.123665 48.150520 -259.873779
v 123.256119 54.316536 -260.740753
v 120.396317 46.552010 -263.598694
v 118.694565 52.360275 -265.299347
v 159.424850 52.360359 -307.333618
s 1
f 1201 1203 1208 1202
f 1201 1204 1206 1203
f 1206 1204 1205 1207
f 1208 1207 1205 1202
g PipeCurveRCol.151_Circle.208
v 161.205338 46.552097 -305.715576
v 159.424850 52.360359 -307.333618
v 157.611252 43.956280 -308.981750
v 120.396317 46.552010 -263.598694
v 118.694565 52.360275 -265.299347
v 116.961174 43.956196 -267.031616
v 114.490616 49.183479 -269.500549
v 155.026398 49.183571 -311.330750
s 1
f 1209 1211 1216 1210
f 1209 1212 1214 1211
f 1214 1212 1213 1215
f 1216 1215 1213 1210
g PipeCurveRCol.152_Circle.209
v 157.611252 43.956280 -308.981750
v 155.026398 49.183571 -311.330750
v 154.461029 40.462883 -311.844543
v 116.961174 43.956196 -267.031616
v 114.490616 49.183479 -269.500549
v 113.950241 40.462791 -270.040588
v 110.805817 44.908237 -273.182953
v 151.171112 44.908340 -314.834290
s 1
f 1217 1219 1224 1218
f 1217 1220 1222 1219
f 1222 1220 1221 1223
f 1224 1223 1221 1218
g PipeCurveRCol.153_Circle.210
v 154.461029 40.462883 -311.844543
v 151.171112 44.908340 -314.834290
v 151.875702 36.206165 -314.194000
v 113.950241 40.462791 -270.040588
v 110.805817 44.908237 -273.182953
v 111.479233 36.206078 -272.509979
v 107.781776 39.698837 -276.205048
v 148.007172 39.698933 -317.709534
s 1
f 1225 1227 1232 1226
f 1225 1228 1230 1227
f 1230 1228 1229 1231
f 1232 1231 1229 1226
g PipeCurveRCol.154_Circle.211
v 151.875702 36.206165 -314.194000
v 148.007172 39.698933 -317.709534
v 149.954620 31.349722 -315.939789
v 111.479233 36.206078 -272.509979
v 107.781776 39.698837 -276.205048
v 109.643112 31.349644 -274.344910
v 105.534721 33.755493 -278.450623
v 145.656143 33.755589 -319.846069
s 1
f 1233 1235 1240 1234
f 1233 1236 1238 1235
f 1238 1236 1237 1239
f 1240 1239 1237 1234
g PipeCurveRCol.155_Circle.212
v 149.954620 31.349722 -315.939789
v 145.656143 33.755589 -319.846069
v 148.771622 26.080170 -317.014832
v 109.643112 31.349644 -274.344910
v 105.534721 33.755493 -278.450623
v 108.512436 26.080090 -275.474854
v 104.150986 27.306589 -279.833466
v 144.208389 27.306664 -321.161713
s 1
f 1241 1243 1248 1242
f 1241 1244 1246 1243
f 1246 1244 1245 1247
f 1248 1247 1245 1242
g PipeCurveRCol.156_Circle.213
v 148.771622 26.080170 -317.014832
v 144.208389 27.306664 -321.161713
v 148.372192 20.600014 -317.377869
v 108.512436 26.080090 -275.474854
v 104.150986 27.306589 -279.833466
v 108.130646 20.599934 -275.856384
v 103.683762 20.599934 -280.300385
v 143.719574 20.600014 -321.605988
s 1
f 1249 1251 1256 1250
f 1249 1252 1254 1251
f 1254 1252 1253 1255
f 1256 1255 1253 1250
g PipeCurveRCol.157_Circle.214
v 148.372192 20.600014 -317.377869
v 143.719574 20.600014 -321.605988
v 148.771637 15.119857 -317.014862
v 108.130646 20.599934 -275.856384
v 103.683762 20.599934 -280.300385
v 108.512428 15.119782 -275.474854
v 104.150978 13.893286 -279.833466
v 144.208405 13.893363 -321.161743
s 1
f 1257 1259 1264 1258
f 1257 1260 1262 1259
f 1262 1260 1261 1263
f 1264 1263 1261 1258
g PipeCurveRCol.158_Circle.215
v 148.771637 15.119857 -317.014862
v 144.208405 13.893363 -321.161743
v 149.954636 9.850300 -315.939819
v 108.512428 15.119782 -275.474854
v 104.150978 13.893286 -279.833466
v 109.643105 9.850224 -274.344910
v 105.534714 7.444364 -278.450623
v 145.656158 7.444442 -319.846069
s 1
f 1265 1267 1272 1266
f 1265 1268 1270 1267
f 1270 1268 1269 1271
f 1272 1271 1269 1266
g PipeCurveRCol.159_Circle.216
v 149.954636 9.850300 -315.939819
v 145.656158 7.444442 -319.846069
v 151.875702 4.993843 -314.194031
v 109.643105 9.850224 -274.344910
v 105.534714 7.444364 -278.450623
v 111.479233 4.993763 -272.509979
v 107.781776 1.501000 -276.205017
v 148.007187 1.501079 -317.709564
s 1
f 1273 1275 1280 1274
f 1273 1276 1278 1275
f 1278 1276 1277 1279
f 1280 1279 1277 1274
g PipeCurveRCol.160_Circle.217
v 151.875702 4.993843 -314.194031
v 148.007187 1.501079 -317.709564
v 154.461029 0.737129 -311.844574
v 111.479233 4.993763 -272.509979
v 107.781776 1.501000 -276.205017
v 113.950241 0.737048 -270.040588
v 110.805809 -3.708395 -273.182953
v 151.171127 -3.708318 -314.834290
s 1
f 1281 1283 1288 1282
f 1281 1284 1286 1283
f 1286 1284 1285 1287
f 1288 1287 1285 1282
g PipeCurveRCol.161_Circle.218
v 154.461029 0.737129 -311.844574
v 151.171127 -3.708318 -314.834290
v 157.611267 -2.756268 -308.981750
v 113.950241 0.737048 -270.040588
v 110.805809 -3.708395 -273.182953
v 116.961166 -2.756345 -267.031616
v 114.490601 -7.983640 -269.500549
v 155.026398 -7.983559 -311.330780
s 1
f 1289 1291 1296 1290
f 1289 1292 1294 1291
f 1294 1292 1293 1295
f 1296 1295 1293 1290
g PipeCurveRCol.162_Circle.219
v 193.230942 -2.756274 -353.412201
v 190.345627 -7.983565 -355.380554
v 157.611267 -2.756349 -308.981781
v 219.014832 -2.756262 -335.822418
v 221.900131 -7.983553 -333.854065
v 180.710327 -2.756343 -287.990265
v 183.295197 -7.983630 -285.641266
v 155.026398 -7.983644 -311.330780
s 1
f 1298 1297 1300 1301
f 1299 1302 1300 1297
f 1304 1303 1302 1299
f 1304 1298 1301 1303
g PipeCurveRCol.163_Circle.220
v 219.014832 -2.756262 -335.822418
v 221.900131 -7.983553 -333.854065
v 222.531219 0.737137 -333.423523
v 180.710327 -2.756343 -287.990265
v 183.295197 -7.983630 -285.641266
v 183.860565 0.737056 -285.127472
v 187.150482 -3.708394 -282.137726
v 226.203522 -3.708306 -330.918274
s 1
f 1305 1307 1312 1306
f 1305 1308 1310 1307
f 1310 1308 1309 1311
f 1312 1311 1309 1306
g PipeCurveRCol.164_Circle.221
v 222.531219 0.737137 -333.423523
v 226.203522 -3.708306 -330.918274
v 225.417038 4.993854 -331.454834
v 183.860565 0.737056 -285.127472
v 187.150482 -3.708394 -282.137726
v 186.445892 4.993774 -282.778015
v 190.314423 1.501013 -279.262482
v 229.735199 1.501092 -328.508972
s 1
f 1313 1315 1320 1314
f 1313 1316 1318 1315
f 1318 1316 1317 1319
f 1320 1319 1317 1314
g PipeCurveRCol.165_Circle.222
v 225.417038 4.993854 -331.454834
v 229.735199 1.501092 -328.508972
v 227.561401 9.850308 -329.991943
v 186.445892 4.993774 -282.778015
v 190.314423 1.501013 -279.262482
v 188.366959 9.850230 -281.032227
v 192.665436 7.444375 -277.125977
v 232.359482 7.444455 -326.718689
s 1
f 1321 1323 1328 1322
f 1321 1324 1326 1323
f 1326 1324 1325 1327
f 1328 1327 1325 1322
g PipeCurveRCol.166_Circle.223
v 227.561401 9.850308 -329.991943
v 232.359482 7.444455 -326.718689
v 228.881882 15.119871 -329.091095
v 188.366959 9.850230 -281.032227
v 192.665436 7.444375 -277.125977
v 189.549957 15.119791 -279.957184
v 194.113190 13.893299 -275.810303
v 233.975510 13.893381 -325.616211
s 1
f 1329 1331 1336 1330
f 1329 1332 1334 1331
f 1334 1332 1333 1335
f 1336 1335 1333 1330
g PipeCurveRCol.167_Circle.224
v 228.881882 15.119871 -329.091095
v 233.975510 13.893381 -325.616211
v 229.327759 20.600033 -328.786926
v 189.549957 15.119791 -279.957184
v 194.113190 13.893299 -275.810303
v 189.949402 20.599949 -279.594177
v 194.602036 20.599953 -275.366058
v 234.521164 20.600031 -325.243988
s 1
f 1337 1339 1344 1338
f 1337 1340 1342 1339
f 1342 1340 1341 1343
f 1344 1343 1341 1338
g PipeCurveRCol.168_Circle.225
v 229.327759 20.600033 -328.786926
v 234.521164 20.600031 -325.243988
v 228.881851 26.080193 -329.091034
v 189.949402 20.599949 -279.594177
v 194.602036 20.599953 -275.366058
v 189.549942 26.080105 -279.957184
v 194.113174 27.306604 -275.810303
v 233.975464 27.306698 -325.616180
s 1
f 1345 1347 1352 1346
f 1345 1348 1350 1347
f 1350 1348 1349 1351
f 1352 1351 1349 1346
g PipeCurveRCol.169_Circle.226
v 228.881851 26.080193 -329.091034
v 233.975464 27.306698 -325.616180
v 227.561340 31.349749 -329.991882
v 189.549942 26.080105 -279.957184
v 194.113174 27.306604 -275.810303
v 188.366943 31.349655 -281.032257
v 192.665421 33.755516 -277.125977
v 232.359436 33.755619 -326.718628
s 1
f 1353 1355 1360 1354
f 1353 1356 1358 1355
f 1358 1356 1357 1359
f 1360 1359 1357 1354
g PipeCurveRCol.170_Circle.227
v 227.561340 31.349749 -329.991882
v 232.359436 33.755619 -326.718628
v 225.416977 36.206200 -331.454773
v 188.366943 31.349655 -281.032257
v 192.665421 33.755516 -277.125977
v 186.445877 36.206093 -282.778046
v 190.314392 39.698864 -279.262512
v 229.735138 39.698975 -328.508911
s 1
f 1361 1363 1368 1362
f 1361 1364 1366 1363
f 1366 1364 1365 1367
f 1368 1367 1365 1362
g PipeCurveRCol.171_Circle.228
v 225.416977 36.206200 -331.454773
v 229.735138 39.698975 -328.508911
v 222.531158 40.462910 -333.423492
v 186.445877 36.206093 -282.778046
v 190.314392 39.698864 -279.262512
v 183.860535 40.462807 -285.127502
v 187.150452 44.908264 -282.137756
v 226.203445 44.908363 -330.918243
s 1
f 1369 1371 1376 1370
f 1369 1372 1374 1371
f 1374 1372 1373 1375
f 1376 1375 1373 1370
g PipeCurveRCol.172_Circle.229
v 222.531158 40.462910 -333.423492
v 226.203445 44.908363 -330.918243
v 219.014755 43.956295 -335.822388
v 183.860535 40.462807 -285.127502
v 187.150452 44.908264 -282.137756
v 180.710297 43.956200 -287.990295
v 183.295166 49.183498 -285.641296
v 221.900055 49.183601 -333.854034
s 1
f 1377 1379 1384 1378
f 1377 1380 1382 1379
f 1382 1380 1381 1383
f 1384 1383 1381 1378
g PipeCurveRCol.173_Circle.230
v 219.014755 43.956295 -335.822388
v 221.900055 49.183601 -333.854034
v 215.002945 46.552124 -338.559235
v 180.710297 43.956200 -287.990295
v 183.295166 49.183498 -285.641296
v 177.116226 46.552025 -291.256470
v 178.896698 52.360283 -289.638428
v 216.990356 52.360374 -337.203430
s 1
f 1385 1387 1392 1386
f 1385 1388 1390 1387
f 1390 1388 1389 1391
f 1392 1391 1389 1386
g PipeCurveRCol.174_Circle.231
v 215.002945 46.552124 -338.559235
v 216.990356 52.360374 -337.203430
v 210.649857 48.150612 -341.528931
v 177.116226 46.552025 -291.256470
v 178.896698 52.360283 -289.638428
v 173.216431 48.150513 -294.800446
v 174.124100 54.316536 -293.975586
v 211.663040 54.316631 -340.837738
s 1
f 1393 1395 1400 1394
f 1393 1396 1398 1395
f 1398 1396 1397 1399
f 1400 1399 1397 1394
g PipeCurveRCol.175_Circle.232
v 206.122849 48.690361 -344.617249
v 206.122849 54.977165 -344.617249
v 210.649857 48.150612 -341.528931
v 169.160797 48.690254 -298.486023
v 169.160797 54.977062 -298.486023
v 173.216431 48.150513 -294.800446
v 174.124100 54.316536 -293.975586
v 211.663040 54.316631 -340.837738
s 1
f 1403 1401 1402 1408
f 1403 1406 1404 1401
f 1404 1406 1407 1405
f 1408 1402 1405 1407
g PipeCurveRCol.176_Circle.233
v 206.122849 48.690361 -344.617249
v 206.122849 54.977165 -344.617249
v 201.595810 48.150604 -347.705597
v 169.160797 48.690254 -298.486023
v 165.105148 48.150513 -302.171631
v 169.160797 54.977062 -298.486023
v 164.197464 54.316525 -302.996521
v 200.582611 54.316620 -348.396820
s 1
f 1409 1411 1416 1410
f 1409 1412 1413 1411
f 1413 1412 1414 1415
f 1416 1415 1414 1410
g PipeCurveRCol.177_Circle.234
v 201.595810 48.150604 -347.705597
v 200.582611 54.316620 -348.396820
v 197.242722 46.552101 -350.675293
v 165.105148 48.150513 -302.171631
v 164.197464 54.316525 -302.996521
v 161.205353 46.552002 -305.715607
v 159.424866 52.360264 -307.333649
v 195.255295 52.360359 -352.031128
s 1
f 1417 1419 1424 1418
f 1417 1420 1422 1419
f 1422 1420 1421 1423
f 1424 1423 1421 1418
g PipeCurveRCol.178_Circle.235
v 197.242722 46.552101 -350.675293
v 195.255295 52.360359 -352.031128
v 193.230911 43.956280 -353.412140
v 161.205353 46.552002 -305.715607
v 159.424866 52.360264 -307.333649
v 157.611282 43.956181 -308.981781
v 155.026413 49.183472 -311.330780
v 190.345612 49.183571 -355.380524
s 1
f 1425 1427 1432 1426
f 1425 1428 1430 1427
f 1430 1428 1429 1431
f 1432 1431 1429 1426
g PipeCurveRCol.179_Circle.236
v 193.230911 43.956280 -353.412140
v 190.345612 49.183571 -355.380524
v 189.714523 40.462883 -355.811035
v 157.611282 43.956181 -308.981781
v 155.026413 49.183472 -311.330780
v 154.461044 40.462784 -311.844574
v 151.171143 44.908226 -314.834320
v 186.042221 44.908333 -358.316284
s 1
f 1433 1435 1440 1434
f 1433 1436 1438 1435
f 1438 1436 1437 1439
f 1440 1439 1437 1434
g PipeCurveRCol.180_Circle.237
v 189.714523 40.462883 -355.811035
v 186.042221 44.908333 -358.316284
v 186.828690 36.206161 -357.779755
v 154.461044 40.462784 -311.844574
v 151.171143 44.908226 -314.834320
v 151.875702 36.206070 -314.194031
v 148.007187 39.698830 -317.709564
v 182.510529 39.698925 -360.725616
s 1
f 1441 1443 1448 1442
f 1441 1444 1446 1443
f 1446 1444 1445 1447
f 1448 1447 1445 1442
g PipeCurveRCol.181_Circle.238
v 186.828690 36.206161 -357.779755
v 182.510529 39.698925 -360.725616
v 184.684326 31.349718 -359.242645
v 151.875702 36.206070 -314.194031
v 148.007187 39.698830 -317.709564
v 149.954636 31.349636 -315.939819
v 145.656158 33.755486 -319.846069
v 179.886246 33.755581 -362.515900
s 1
f 1449 1451 1456 1450
f 1449 1452 1454 1451
f 1454 1452 1453 1455
f 1456 1455 1453 1450
g PipeCurveRCol.182_Circle.239
v 184.684326 31.349718 -359.242645
v 179.886246 33.755581 -362.515900
v 183.363846 26.080162 -360.143463
v 149.954636 31.349636 -315.939819
v 145.656158 33.755486 -319.846069
v 148.771652 26.080082 -317.014862
v 144.208405 27.306580 -321.161743
v 178.270218 27.306658 -363.618347
s 1
f 1457 1459 1464 1458
f 1457 1460 1462 1459
f 1462 1460 1461 1463
f 1464 1463 1461 1458
g PipeCurveRCol.183_Circle.240
v 183.363846 26.080162 -360.143463
v 178.270218 27.306658 -363.618347
v 182.917999 20.600006 -360.447693
v 148.771652 26.080082 -317.014862
v 144.208405 27.306580 -321.161743
v 148.372192 20.599926 -317.377869
v 143.719574 20.599926 -321.605988
v 177.724594 20.600010 -363.990662
s 1
f 1465 1467 1472 1466
f 1465 1468 1470 1467
f 1470 1468 1469 1471
f 1472 1471 1469 1466
g PipeCurveRCol.184_Circle.241
v 182.917999 20.600006 -360.447693
v 177.724594 20.600010 -363.990662
v 183.363876 15.119851 -360.143524
v 148.372192 20.599926 -317.377869
v 143.719574 20.599926 -321.605988
v 148.771637 15.119775 -317.014862
v 144.208405 13.893277 -321.161743
v 178.270248 13.893356 -363.618408
s 1
f 1473 1475 1480 1474
f 1473 1476 1478 1475
f 1478 1476 1477 1479
f 1480 1479 1477 1474
g PipeCurveRCol.185_Circle.242
v 183.363876 15.119851 -360.143524
v 178.270248 13.893356 -363.618408
v 184.684372 9.850293 -359.242676
v 148.771637 15.119775 -317.014862
v 144.208405 13.893277 -321.161743
v 149.954636 9.850219 -315.939819
v 145.656158 7.444358 -319.846069
v 179.886276 7.444436 -362.515930
s 1
f 1481 1483 1488 1482
f 1481 1484 1486 1483
f 1486 1484 1485 1487
f 1488 1487 1485 1482
g PipeCurveRCol.186_Circle.243
v 184.684372 9.850293 -359.242676
v 179.886276 7.444436 -362.515930
v 186.828720 4.993836 -357.779785
v 149.954636 9.850219 -315.939819
v 145.656158 7.444358 -319.846069
v 151.875702 4.993758 -314.194031
v 148.007187 1.500995 -317.709564
v 182.510559 1.501073 -360.725647
s 1
f 1489 1491 1496 1490
f 1489 1492 1494 1491
f 1494 1492 1493 1495
f 1496 1495 1493 1490
g PipeCurveRCol.187_Circle.244
v 186.828720 4.993836 -357.779785
v 182.510559 1.501073 -360.725647
v 189.714554 0.737124 -355.811096
v 151.875702 4.993758 -314.194031
v 148.007187 1.500995 -317.709564
v 154.461029 0.737043 -311.844574
v 151.171127 -3.708400 -314.834290
v 186.042252 -3.708324 -358.316315
s 1
f 1497 1499 1504 1498
f 1497 1500 1502 1499
f 1502 1500 1501 1503
f 1504 1503 1501 1498
g PipeCurveRCol.188_Circle.245
v 189.714554 0.737124 -355.811096
v 186.042252 -3.708324 -358.316315
v 193.230942 -2.756274 -353.412201
v 154.461029 0.737043 -311.844574
v 151.171127 -3.708400 -314.834290
v 157.611267 -2.756349 -308.981781
v 155.026398 -7.983644 -311.330780
v 190.345627 -7.983565 -355.380554
s 1
f 1505 1507 1512 1506
f 1505 1508 1510 1507
f 1510 1508 1509 1511
f 1512 1511 1509 1506
g PipeCurveRCol.189_Circle.246
v 219.981506 -2.756278 -402.441620
v 216.755356 -7.983570 -403.780060
v 193.230942 -2.756355 -353.412201
v 248.811172 -2.756267 -390.480865
v 252.037308 -7.983558 -389.142395
v 219.014832 -2.756347 -335.822418
v 221.900131 -7.983634 -333.854065
v 190.345627 -7.983650 -355.380554
s 1
f 1514 1513 1516 1517
f 1515 1518 1516 1513
f 1520 1519 1518 1515
f 1520 1514 1517 1519
g PipeCurveRCol.190_Circle.247
v 248.811172 -2.756267 -390.480865
v 252.037308 -7.983558 -389.142395
v 252.742935 0.737132 -388.849670
v 219.014832 -2.756347 -335.822418
v 221.900131 -7.983634 -333.854065
v 222.531219 0.737053 -333.423523
v 226.203522 -3.708397 -330.918274
v 256.849030 -3.708311 -387.146149
s 1
f 1521 1523 1528 1522
f 1521 1524 1526 1523
f 1526 1524 1525 1527
f 1528 1527 1525 1522
g PipeCurveRCol.191_Circle.248
v 252.742935 0.737132 -388.849670
v 256.849030 -3.708311 -387.146149
v 255.969650 4.993849 -387.510986
v 222.531219 0.737053 -333.423523
v 226.203522 -3.708397 -330.918274
v 225.417038 4.993772 -331.454834
v 229.735199 1.501011 -328.508972
v 260.797913 1.501087 -385.507843
s 1
f 1529 1531 1536 1530
f 1529 1532 1534 1531
f 1534 1532 1533 1535
f 1536 1535 1533 1530
g PipeCurveRCol.192_Circle.249
v 255.969650 4.993849 -387.510986
v 260.797913 1.501087 -385.507843
v 258.367310 9.850305 -386.516235
v 225.417038 4.993772 -331.454834
v 229.735199 1.501011 -328.508972
v 227.561401 9.850227 -329.991943
v 232.359482 7.444373 -326.718689
v 263.732208 7.444450 -384.290466
s 1
f 1537 1539 1544 1538
f 1537 1540 1542 1539
f 1542 1540 1541 1543
f 1544 1543 1541 1538
g PipeCurveRCol.193_Circle.250
v 258.367310 9.850305 -386.516235
v 263.732208 7.444450 -384.290466
v 259.843811 15.119868 -385.903687
v 227.561401 9.850227 -329.991943
v 232.359482 7.444373 -326.718689
v 228.881882 15.119789 -329.091095
v 233.975510 13.893297 -325.616211
v 265.539124 13.893378 -383.540833
s 1
f 1545 1547 1552 1546
f 1545 1548 1550 1547
f 1550 1548 1549 1551
f 1552 1551 1549 1546
g PipeCurveRCol.194_Circle.251
v 259.843811 15.119868 -385.903687
v 265.539124 13.893378 -383.540833
v 260.342346 20.600025 -385.696838
v 228.881882 15.119789 -329.091095
v 233.975510 13.893297 -325.616211
v 229.327759 20.599949 -328.786926
v 234.521164 20.599949 -325.243988
v 266.149231 20.600029 -383.287689
s 1
f 1553 1555 1560 1554
f 1553 1556 1558 1555
f 1558 1556 1557 1559
f 1560 1559 1557 1554
g PipeCurveRCol.195_Circle.252
v 260.342346 20.600025 -385.696838
v 266.149231 20.600029 -383.287689
v 259.843750 26.080183 -385.903625
v 229.327759 20.599949 -328.786926
v 234.521164 20.599949 -325.243988
v 228.881866 26.080105 -329.091095
v 233.975494 27.306602 -325.616241
v 265.539062 27.306694 -383.540771
s 1
f 1561 1563 1568 1562
f 1561 1564 1566 1563
f 1566 1564 1565 1567
f 1568 1567 1565 1562
g PipeCurveRCol.196_Circle.253
v 259.843750 26.080183 -385.903625
v 265.539062 27.306694 -383.540771
v 258.367279 31.349743 -386.516174
v 228.881866 26.080105 -329.091095
v 233.975494 27.306602 -325.616241
v 227.561371 31.349657 -329.991943
v 232.359467 33.755516 -326.718689
v 263.732147 33.755615 -384.290405
s 1
f 1569 1571 1576 1570
f 1569 1572 1574 1571
f 1574 1572 1573 1575
f 1576 1575 1573 1570
g PipeCurveRCol.197_Circle.254
v 258.367279 31.349743 -386.516174
v 263.732147 33.755615 -384.290405
v 255.969589 36.206192 -387.510925
v 227.561371 31.349657 -329.991943
v 232.359467 33.755516 -326.718689
v 225.417023 36.206093 -331.454834
v 229.735184 39.698864 -328.509003
v 260.797852 39.698967 -385.507782
s 1
f 1577 1579 1584 1578
f 1577 1580 1582 1579
f 1582 1580 1581 1583
f 1584 1583 1581 1578
g PipeCurveRCol.198_Circle.255
v 255.969589 36.206192 -387.510925
v 260.797852 39.698967 -385.507782
v 252.742874 40.462906 -388.849609
v 225.417023 36.206093 -331.454834
v 229.735184 39.698864 -328.509003
v 222.531189 40.462807 -333.423553
v 226.203476 44.908264 -330.918335
v 256.848969 44.908356 -387.146088
s 1
f 1585 1587 1592 1586
f 1585 1588 1590 1587
f 1590 1588 1589 1591
f 1592 1591 1589 1586
g PipeCurveRCol.199_Circle.256
v 252.742874 40.462906 -388.849609
v 256.848969 44.908356 -387.146088
v 248.811096 43.956295 -390.480804
v 222.531189 40.462807 -333.423553
v 226.203476 44.908264 -330.918335
v 219.014786 43.956200 -335.822449
v 221.900101 49.183502 -333.854095
v 252.037231 49.183594 -389.142365
s 1
f 1593 1595 1600 1594
f 1593 1596 1598 1595
f 1598 1596 1597 1599
f 1600 1599 1597 1594
g PipeCurveRCol.200_Circle.257
v 248.811096 43.956295 -390.480804
v 252.037231 49.183594 -389.142365
v 244.325363 46.552116 -392.341827
v 219.014786 43.956200 -335.822449
v 221.900101 49.183502 -333.854095
v 215.002975 46.552025 -338.559326
v 216.990402 52.360283 -337.203491
v 246.547562 52.360367 -391.419891
s 1
f 1601 1603 1608 1602
f 1601 1604 1606 1603
f 1606 1604 1605 1607
f 1608 1607 1605 1602
g PipeCurveRCol.201_Circle.258
v 244.325363 46.552116 -392.341827
v 246.547562 52.360367 -391.419891
v 239.458069 48.150604 -394.361176
v 215.002975 46.552025 -338.559326
v 216.990402 52.360283 -337.203491
v 210.649887 48.150513 -341.528992
v 211.663071 54.316536 -340.837799
v 240.590927 54.316624 -393.891174
s 1
f 1609 1611 1616 1610
f 1609 1612 1614 1611
f 1614 1612 1613 1615
f 1616 1615 1613 1610
g PipeCurveRCol.202_Circle.259
v 234.396301 48.690353 -396.461182
v 234.396301 54.977158 -396.461182
v 239.458069 48.150604 -394.361176
v 206.122879 48.690254 -344.617310
v 206.122879 54.977062 -344.617310
v 210.649887 48.150513 -341.528992
v 211.663071 54.316536 -340.837799
v 240.590927 54.316624 -393.891174
s 1
f 1619 1617 1618 1624
f 1619 1622 1620 1617
f 1620 1622 1623 1621
f 1624 1618 1621 1623
g PipeCurveRCol.203_Circle.260
v 234.396301 48.690353 -396.461182
v 234.396301 54.977158 -396.461182
v 229.334488 48.150597 -398.561218
v 206.122879 48.690254 -344.617310
v 201.595840 48.150513 -347.705688
v 206.122879 54.977062 -344.617310
v 200.582657 54.316525 -348.396881
v 228.201614 54.316616 -399.031219
s 1
f 1625 1627 1632 1626
f 1625 1628 1629 1627
f 1629 1628 1630 1631
f 1632 1631 1630 1626
g PipeCurveRCol.204_Circle.261
v 229.334488 48.150597 -398.561218
v 228.201614 54.316616 -399.031219
v 224.467194 46.552097 -400.580536
v 201.595840 48.150513 -347.705688
v 200.582657 54.316525 -348.396881
v 197.242767 46.552002 -350.675354
v 195.255325 52.360264 -352.031189
v 222.244980 52.360355 -401.502472
s 1
f 1633 1635 1640 1634
f 1633 1636 1638 1635
f 1638 1636 1637 1639
f 1640 1639 1637 1634
g PipeCurveRCol.205_Circle.262
v 224.467194 46.552097 -400.580536
v 222.244980 52.360355 -401.502472
v 219.981461 43.956280 -402.441559
v 197.242767 46.552002 -350.675354
v 195.255325 52.360264 -352.031189
v 193.230942 43.956184 -353.412201
v 190.345642 49.183468 -355.380554
v 216.755325 49.183563 -403.779999
s 1
f 1641 1643 1648 1642
f 1641 1644 1646 1643
f 1646 1644 1645 1647
f 1648 1647 1645 1642
g PipeCurveRCol.206_Circle.263
v 219.981461 43.956280 -402.441559
v 216.755325 49.183563 -403.779999
v 216.049698 40.462879 -404.072754
v 193.230942 43.956184 -353.412201
v 190.345642 49.183468 -355.380554
v 189.714554 40.462780 -355.811096
v 186.042267 44.908222 -358.316345
v 211.943604 44.908329 -405.776276
s 1
f 1649 1651 1656 1650
f 1649 1652 1654 1651
f 1654 1652 1653 1655
f 1656 1655 1653 1650
g PipeCurveRCol.207_Circle.264
v 216.049698 40.462879 -404.072754
v 211.943604 44.908329 -405.776276
v 212.822968 36.206154 -405.411469
v 189.714554 40.462780 -355.811096
v 186.042267 44.908222 -358.316345
v 186.828735 36.206066 -357.779816
v 182.510559 39.698830 -360.725647
v 207.994720 39.698921 -407.414581
s 1
f 1657 1659 1664 1658
f 1657 1660 1662 1659
f 1662 1660 1661 1663
f 1664 1663 1661 1658
g PipeCurveRCol.208_Circle.265
v 212.822968 36.206154 -405.411469
v 207.994720 39.698921 -407.414581
v 210.425308 31.349712 -406.406189
v 186.828735 36.206066 -357.779816
v 182.510559 39.698830 -360.725647
v 184.684372 31.349630 -359.242676
v 179.886276 33.755482 -362.515930
v 205.060440 33.755581 -408.631958
s 1
f 1665 1667 1672 1666
f 1665 1668 1670 1667
f 1670 1668 1669 1671
f 1672 1671 1669 1666
g PipeCurveRCol.209_Circle.266
v 210.425308 31.349712 -406.406189
v 205.060440 33.755581 -408.631958
v 208.948837 26.080158 -407.018738
v 184.684372 31.349630 -359.242676
v 179.886276 33.755482 -362.515930
v 183.363876 26.080074 -360.143524
v 178.270248 27.306578 -363.618408
v 203.253510 27.306648 -409.381592
s 1
f 1673 1675 1680 1674
f 1673 1676 1678 1675
f 1678 1676 1677 1679
f 1680 1679 1677 1674
g PipeCurveRCol.210_Circle.267
v 208.948837 26.080158 -407.018738
v 203.253510 27.306648 -409.381592
v 208.450317 20.600004 -407.225647
v 183.363876 26.080074 -360.143524
v 178.270248 27.306578 -363.618408
v 182.917999 20.599920 -360.447693
v 177.724594 20.599924 -363.990662
v 202.643433 20.600004 -409.634796
s 1
f 1681 1683 1688 1682
f 1681 1684 1686 1683
f 1686 1684 1685 1687
f 1688 1687 1685 1682
g PipeCurveRCol.211_Circle.268
v 208.450317 20.600004 -407.225647
v 202.643433 20.600004 -409.634796
v 208.948868 15.119848 -407.018799
v 182.917999 20.599920 -360.447693
v 177.724594 20.599924 -363.990662
v 183.363876 15.119768 -360.143524
v 178.270248 13.893270 -363.618408
v 203.253540 13.893355 -409.381653
s 1
f 1689 1691 1696 1690
f 1689 1692 1694 1691
f 1694 1692 1693 1695
f 1696 1695 1693 1690
g PipeCurveRCol.212_Circle.269
v 208.948868 15.119848 -407.018799
v 203.253540 13.893355 -409.381653
v 210.425339 9.850289 -406.406250
v 183.363876 15.119768 -360.143524
v 178.270248 13.893270 -363.618408
v 184.684372 9.850213 -359.242676
v 179.886276 7.444352 -362.515930
v 205.060471 7.444433 -408.632019
s 1
f 1697 1699 1704 1698
f 1697 1700 1702 1699
f 1702 1700 1701 1703
f 1704 1703 1701 1698
g PipeCurveRCol.213_Circle.270
v 210.425339 9.850289 -406.406250
v 205.060471 7.444433 -408.632019
v 212.823013 4.993833 -405.411499
v 184.684372 9.850213 -359.242676
v 179.886276 7.444352 -362.515930
v 186.828720 4.993752 -357.779785
v 182.510559 1.500989 -360.725647
v 207.994751 1.501069 -407.414642
s 1
f 1705 1707 1712 1706
f 1705 1708 1710 1707
f 1710 1708 1709 1711
f 1712 1711 1709 1706
g PipeCurveRCol.214_Circle.271
v 212.823013 4.993833 -405.411499
v 207.994751 1.501069 -407.414642
v 216.049728 0.737120 -404.072815
v 186.828720 4.993752 -357.779785
v 182.510559 1.500989 -360.725647
v 189.714554 0.737038 -355.811096
v 186.042252 -3.708406 -358.316315
v 211.943634 -3.708328 -405.776337
s 1
f 1713 1715 1720 1714
f 1713 1716 1718 1715
f 1718 1716 1717 1719
f 1720 1719 1717 1714
g PipeCurveRCol.215_Circle.272
v 216.049728 0.737120 -404.072815
v 211.943634 -3.708328 -405.776337
v 219.981506 -2.756278 -402.441620
v 189.714554 0.737038 -355.811096
v 186.042252 -3.708406 -358.316315
v 193.230942 -2.756355 -353.412201
v 190.345627 -7.983650 -355.380554
v 216.755356 -7.983570 -403.780060
s 1
f 1721 1723 1728 1722
f 1721 1724 1726 1723
f 1726 1724 1725 1727
f 1728 1727 1725 1722
g PipeCurveRCol.216_Circle.273
v 235.581406 -2.756282 -455.902618
v 232.143967 -7.983573 -456.521820
v 219.981506 -2.756360 -402.441620
v 266.299347 -2.756271 -450.369232
v 269.736786 -7.983563 -449.750031
v 248.811172 -2.756352 -390.480865
v 252.037308 -7.983639 -389.142395
v 216.755356 -7.983655 -403.780060
s 1
f 1730 1729 1732 1733
f 1731 1734 1732 1729
f 1736 1735 1734 1731
f 1736 1730 1733 1735
g PipeCurveRCol.217_Circle.274
v 266.299347 -2.756271 -450.369232
v 269.736786 -7.983563 -449.750031
v 270.488617 0.737127 -449.614594
v 248.811172 -2.756352 -390.480865
v 252.037308 -7.983639 -389.142395
v 252.742935 0.737048 -388.849670
v 256.849030 -3.708402 -387.146149
v 274.863678 -3.708317 -448.826508
s 1
f 1737 1739 1744 1738
f 1737 1740 1742 1739
f 1742 1740 1741 1743
f 1744 1743 1741 1738
g PipeCurveRCol.218_Circle.275
v 270.488617 0.737127 -449.614594
v 274.863678 -3.708317 -448.826508
v 273.926697 4.993844 -448.995300
v 252.742935 0.737048 -388.849670
v 256.849030 -3.708402 -387.146149
v 255.969666 4.993767 -387.510956
v 260.797913 1.501006 -385.507843
v 279.071167 1.501081 -448.068604
s 1
f 1745 1747 1752 1746
f 1745 1748 1750 1747
f 1750 1748 1749 1751
f 1752 1751 1749 1746
g PipeCurveRCol.219_Circle.276
v 273.926697 4.993844 -448.995300
v 279.071167 1.501081 -448.068604
v 276.481384 9.850298 -448.535095
v 255.969666 4.993767 -387.510956
v 260.797913 1.501006 -385.507843
v 258.367310 9.850224 -386.516235
v 263.732208 7.444368 -384.290466
v 282.197662 7.444445 -447.505402
s 1
f 1753 1755 1760 1754
f 1753 1756 1758 1755
f 1758 1756 1757 1759
f 1760 1759 1757 1754
g PipeCurveRCol.220_Circle.277
v 276.481384 9.850298 -448.535095
v 282.197662 7.444445 -447.505402
v 278.054565 15.119862 -448.251709
v 258.367310 9.850224 -386.516235
v 263.732208 7.444368 -384.290466
v 259.843811 15.119787 -385.903687
v 265.539124 13.893295 -383.540833
v 284.122925 13.893372 -447.158600
s 1
f 1761 1763 1768 1762
f 1761 1764 1766 1763
f 1766 1764 1765 1767
f 1768 1767 1765 1762
g PipeCurveRCol.221_Circle.278
v 278.054565 15.119862 -448.251709
v 284.122925 13.893372 -447.158600
v 278.585754 20.600021 -448.156036
v 259.843811 15.119787 -385.903687
v 265.539124 13.893295 -383.540833
v 260.342346 20.599943 -385.696838
v 266.149231 20.599947 -383.287689
v 284.773010 20.600021 -447.041504
s 1
f 1769 1771 1776 1770
f 1769 1772 1774 1771
f 1774 1772 1773 1775
f 1776 1775 1773 1770
g PipeCurveRCol.222_Circle.279
v 278.585754 20.600021 -448.156036
v 284.773010 20.600021 -447.041504
v 278.054565 26.080177 -448.251709
v 260.342346 20.599943 -385.696838
v 266.149231 20.599947 -383.287689
v 259.843781 26.080101 -385.903687
v 265.539093 27.306602 -383.540833
v 284.122894 27.306679 -447.158600
s 1
f 1777 1779 1784 1778
f 1777 1780 1782 1779
f 1782 1780 1781 1783
f 1784 1783 1781 1778
g PipeCurveRCol.223_Circle.280
v 278.054565 26.080177 -448.251709
v 284.122894 27.306679 -447.158600
v 276.481384 31.349735 -448.535095
v 259.843781 26.080101 -385.903687
v 265.539093 27.306602 -383.540833
v 258.367310 31.349653 -386.516235
v 263.732178 33.755512 -384.290466
v 282.197632 33.755604 -447.505402
s 1
f 1785 1787 1792 1786
f 1785 1788 1790 1787
f 1790 1788 1789 1791
f 1792 1791 1789 1786
g PipeCurveRCol.224_Circle.281
v 276.481384 31.349735 -448.535095
v 282.197632 33.755604 -447.505402
v 273.926666 36.206181 -448.995300
v 258.367310 31.349653 -386.516235
v 263.732178 33.755512 -384.290466
v 255.969635 36.206089 -387.510986
v 260.797882 39.698868 -385.507843
v 279.071167 39.698956 -448.068604
s 1
f 1793 1795 1800 1794
f 1793 1796 1798 1795
f 1798 1796 1797 1799
f 1800 1799 1797 1794
g PipeCurveRCol.225_Circle.282
v 273.926666 36.206181 -448.995300
v 279.071167 39.698956 -448.068604
v 270.488586 40.462894 -449.614624
v 255.969635 36.206089 -387.510986
v 260.797882 39.698868 -385.507843
v 252.742905 40.462803 -388.849670
v 256.848999 44.908260 -387.146149
v 274.863617 44.908344 -448.826508
s 1
f 1801 1803 1808 1802
f 1801 1804 1806 1803
f 1806 1804 1805 1807
f 1808 1807 1805 1802
g PipeCurveRCol.226_Circle.283
v 270.488586 40.462894 -449.614624
v 274.863617 44.908344 -448.826508
v 266.299286 43.956280 -450.369232
v 252.742905 40.462803 -388.849670
v 256.848999 44.908260 -387.146149
v 248.811127 43.956196 -390.480865
v 252.037262 49.183502 -389.142426
v 269.736725 49.183582 -449.750031
s 1
f 1809 1811 1816 1810
f 1809 1812 1814 1811
f 1814 1812 1813 1815
f 1816 1815 1813 1810
g PipeCurveRCol.227_Circle.284
v 266.299286 43.956280 -450.369232
v 269.736725 49.183582 -449.750031
v 261.519775 46.552101 -451.230194
v 248.811127 43.956196 -390.480865
v 252.037262 49.183502 -389.142426
v 244.325394 46.552021 -392.341888
v 246.547592 52.360283 -391.419952
v 263.887512 52.360355 -450.803680
s 1
f 1817 1819 1824 1818
f 1817 1820 1822 1819
f 1822 1820 1821 1823
f 1824 1823 1821 1818
g PipeCurveRCol.228_Circle.285
v 261.519775 46.552101 -451.230194
v 263.887512 52.360355 -450.803680
v 256.333679 48.150593 -452.164398
v 244.325394 46.552021 -392.341888
v 246.547592 52.360283 -391.419952
v 239.458099 48.150513 -394.361237
v 240.590958 54.316532 -393.891235
v 257.540741 54.316608 -451.946960
s 1
f 1825 1827 1832 1826
f 1825 1828 1830 1827
f 1830 1828 1829 1831
f 1832 1831 1829 1826
g PipeCurveRCol.229_Circle.286
v 250.940369 48.690342 -453.135925
v 250.940369 54.977146 -453.135925
v 256.333679 48.150593 -452.164398
v 234.396332 48.690254 -396.461243
v 234.396332 54.977062 -396.461243
v 239.458099 48.150513 -394.361237
v 240.590958 54.316532 -393.891235
v 257.540741 54.316608 -451.946960
s 1
f 1835 1833 1834 1840
f 1835 1838 1836 1833
f 1836 1838 1839 1837
f 1840 1834 1837 1839
g PipeCurveRCol.230_Circle.287
v 250.940369 48.690342 -453.135925
v 250.940369 54.977146 -453.135925
v 245.547028 48.150585 -454.107452
v 234.396332 48.690254 -396.461243
v 229.334518 48.150513 -398.561279
v 234.396332 54.977062 -396.461243
v 228.201645 54.316525 -399.031281
v 244.339951 54.316601 -454.324890
s 1
f 1841 1843 1848 1842
f 1841 1844 1845 1843
f 1845 1844 1846 1847
f 1848 1847 1846 1842
g PipeCurveRCol.231_Circle.288
v 245.547028 48.150585 -454.107452
v 244.339951 54.316601 -454.324890
v 240.360931 46.552078 -455.041656
v 229.334518 48.150513 -398.561279
v 228.201645 54.316525 -399.031281
v 224.467224 46.552002 -400.580597
v 222.245010 52.360268 -401.502533
v 237.993179 52.360340 -455.468170
s 1
f 1849 1851 1856 1850
f 1849 1852 1854 1851
f 1854 1852 1853 1855
f 1856 1855 1853 1850
g PipeCurveRCol.232_Circle.289
v 240.360931 46.552078 -455.041656
v 237.993179 52.360340 -455.468170
v 235.581406 43.956264 -455.902618
v 224.467224 46.552002 -400.580597
v 222.245010 52.360268 -401.502533
v 219.981506 43.956181 -402.441620
v 216.755356 49.183472 -403.780060
v 232.143967 49.183552 -456.521820
s 1
f 1857 1859 1864 1858
f 1857 1860 1862 1859
f 1862 1860 1861 1863
f 1864 1863 1861 1858
g PipeCurveRCol.233_Circle.290
v 235.581406 43.956264 -455.902618
v 232.143967 49.183552 -456.521820
v 231.392120 40.462864 -456.657227
v 219.981506 43.956181 -402.441620
v 216.755356 49.183472 -403.780060
v 216.049728 40.462780 -404.072815
v 211.943634 44.908226 -405.776337
v 227.017090 44.908314 -457.445343
s 1
f 1865 1867 1872 1866
f 1865 1868 1870 1867
f 1870 1868 1869 1871
f 1872 1871 1869 1866
g PipeCurveRCol.234_Circle.291
v 231.392120 40.462864 -456.657227
v 227.017090 44.908314 -457.445343
v 227.954056 36.206146 -457.276550
v 216.049728 40.462780 -404.072815
v 211.943634 44.908226 -405.776337
v 212.823013 36.206066 -405.411499
v 207.994751 39.698830 -407.414642
v 222.809570 39.698910 -458.203247
s 1
f 1873 1875 1880 1874
f 1873 1876 1878 1875
f 1878 1876 1877 1879
f 1880 1879 1877 1874
g PipeCurveRCol.235_Circle.292
v 227.954056 36.206146 -457.276550
v 222.809570 39.698910 -458.203247
v 225.399353 31.349707 -457.736755
v 212.823013 36.206066 -405.411499
v 207.994751 39.698830 -407.414642
v 210.425339 31.349628 -406.406250
v 205.060471 33.755482 -408.632019
v 219.683090 33.755566 -458.766449
s 1
f 1881 1883 1888 1882
f 1881 1884 1886 1883
f 1886 1884 1885 1887
f 1888 1887 1885 1882
g PipeCurveRCol.236_Circle.293
v 225.399353 31.349707 -457.736755
v 219.683090 33.755566 -458.766449
v 223.826172 26.080151 -458.020142
v 210.425339 31.349628 -406.406250
v 205.060471 33.755482 -408.632019
v 208.948868 26.080072 -407.018799
v 203.253540 27.306572 -409.381653
v 217.757812 27.306648 -459.113251
s 1
f 1889 1891 1896 1890
f 1889 1892 1894 1891
f 1894 1892 1893 1895
f 1896 1895 1893 1890
g PipeCurveRCol.237_Circle.294
v 223.826172 26.080151 -458.020142
v 217.757812 27.306648 -459.113251
v 223.294968 20.599998 -458.115814
v 208.948868 26.080072 -407.018799
v 203.253540 27.306572 -409.381653
v 208.450317 20.599918 -407.225647
v 202.643433 20.599918 -409.634796
v 217.107727 20.600002 -459.230347
s 1
f 1897 1899 1904 1898
f 1897 1900 1902 1899
f 1902 1900 1901 1903
f 1904 1903 1901 1898
g PipeCurveRCol.238_Circle.295
v 223.294968 20.599998 -458.115814
v 217.107727 20.600002 -459.230347
v 223.826172 15.119845 -458.020142
v 208.450317 20.599918 -407.225647
v 202.643433 20.599918 -409.634796
v 208.948868 15.119766 -407.018799
v 203.253540 13.893269 -409.381653
v 217.757812 13.893351 -459.113251
s 1
f 1905 1907 1912 1906
f 1905 1908 1910 1907
f 1910 1908 1909 1911
f 1912 1911 1909 1906
g PipeCurveRCol.239_Circle.296
v 223.826172 15.119845 -458.020142
v 217.757812 13.893351 -459.113251
v 225.399353 9.850286 -457.736755
v 208.948868 15.119766 -407.018799
v 203.253540 13.893269 -409.381653
v 210.425339 9.850210 -406.406250
v 205.060471 7.444349 -408.632019
v 219.683090 7.444429 -458.766449
s 1
f 1913 1915 1920 1914
f 1913 1916 1918 1915
f 1918 1916 1917 1919
f 1920 1919 1917 1914
g PipeCurveRCol.240_Circle.297
v 225.399353 9.850286 -457.736755
v 219.683090 7.444429 -458.766449
v 227.954056 4.993829 -457.276550
v 210.425339 9.850210 -406.406250
v 205.060471 7.444349 -408.632019
v 212.823013 4.993749 -405.411499
v 207.994751 1.500985 -407.414642
v 222.809555 1.501066 -458.203247
s 1
f 1921 1923 1928 1922
f 1921 1924 1926 1923
f 1926 1924 1925 1927
f 1928 1927 1925 1922
g PipeCurveRCol.241_Circle.298
v 227.954056 4.993829 -457.276550
v 222.809555 1.501066 -458.203247
v 231.392120 0.737116 -456.657257
v 212.823013 4.993749 -405.411499
v 207.994751 1.500985 -407.414642
v 216.049728 0.737034 -404.072815
v 211.943634 -3.708411 -405.776337
v 227.017090 -3.708332 -457.445343
s 1
f 1929 1931 1936 1930
f 1929 1932 1934 1931
f 1934 1932 1933 1935
f 1936 1935 1933 1930
g PipeCurveRCol.242_Circle.299
v 231.392120 0.737116 -456.657257
v 227.017090 -3.708332 -457.445343
v 235.581406 -2.756282 -455.902618
v 216.049728 0.737034 -404.072815
v 211.943634 -3.708411 -405.776337
v 219.981506 -2.756360 -402.441620
v 216.755356 -7.983655 -403.780060
v 232.143967 -7.983573 -456.521820
s 1
f 1937 1939 1944 1938
f 1937 1940 1942 1939
f 1942 1940 1941 1943
f 1944 1943 1941 1938
g PipeCurveRCol.243_Circle.300
v 240.393845 -2.756286 -512.000000
v 236.901077 -7.983578 -512.000000
v 235.581406 -2.756363 -455.902618
v 271.606171 -2.756276 -512.000000
v 275.098938 -7.983568 -512.000000
v 266.299347 -2.756357 -450.369232
v 269.736786 -7.983644 -449.750031
v 232.143967 -7.983658 -456.521820
s 1
f 1946 1945 1948 1949
f 1947 1950 1948 1945
f 1952 1951 1950 1947
f 1952 1946 1949 1951
g PipeCurveRCol.244_Circle.301
v 271.606171 -2.756276 -512.000000
v 275.098938 -7.983568 -512.000000
v 275.862885 0.737122 -512.000000
v 266.299347 -2.756357 -450.369232
v 269.736786 -7.983644 -449.750031
v 270.488617 0.737043 -449.614594
v 274.863678 -3.708408 -448.826508
v 280.308350 -3.708321 -512.000000
s 1
f 1953 1955 1960 1954
f 1953 1956 1958 1955
f 1958 1956 1957 1959
f 1960 1959 1957 1954
g PipeCurveRCol.245_Circle.302
v 275.862885 0.737122 -512.000000
v 280.308350 -3.708321 -512.000000
v 279.356262 4.993839 -512.000000
v 270.488617 0.737043 -449.614594
v 274.863678 -3.708408 -448.826508
v 273.926697 4.993762 -448.995300
v 279.071167 1.501000 -448.068604
v 284.583557 1.501077 -512.000000
s 1
f 1961 1963 1968 1962
f 1961 1964 1966 1963
f 1966 1964 1965 1967
f 1968 1967 1965 1962
g PipeCurveRCol.246_Circle.303
v 279.356262 4.993839 -512.000000
v 284.583557 1.501077 -512.000000
v 281.952087 9.850293 -512.000000
v 273.926697 4.993762 -448.995300
v 279.071167 1.501000 -448.068604
v 276.481384 9.850218 -448.535095
v 282.197662 7.444363 -447.505402
v 287.760345 7.444440 -512.000000
s 1
f 1969 1971 1976 1970
f 1969 1972 1974 1971
f 1974 1972 1973 1975
f 1976 1975 1973 1970
g PipeCurveRCol.247_Circle.304
v 281.952087 9.850293 -512.000000
v 287.760345 7.444440 -512.000000
v 283.550598 15.119857 -512.000000
v 276.481384 9.850218 -448.535095
v 282.197662 7.444363 -447.505402
v 278.054565 15.119780 -448.251709
v 284.122925 13.893287 -447.158600
v 289.716614 13.893367 -512.000000
s 1
f 1977 1979 1984 1978
f 1977 1980 1982 1979
f 1982 1980 1981 1983
f 1984 1983 1981 1978
g PipeCurveRCol.248_Circle.305
v 283.550598 15.119857 -512.000000
v 289.716614 13.893367 -512.000000
v 284.090332 20.600018 -512.000000
v 278.054565 15.119780 -448.251709
v 284.122925 13.893287 -447.158600
v 278.585754 20.599937 -448.156036
v 284.773010 20.599937 -447.041504
v 290.377167 20.600018 -512.000000
s 1
f 1985 1987 1992 1986
f 1985 1988 1990 1987
f 1990 1988 1989 1991
f 1992 1991 1989 1986
g PipeCurveRCol.249_Circle.306
v 284.090332 20.600018 -512.000000
v 290.377167 20.600018 -512.000000
v 283.550598 26.080173 -512.000000
v 278.585754 20.599937 -448.156036
v 284.773010 20.599937 -447.041504
v 278.054565 26.080095 -448.251709
v 284.122894 27.306593 -447.158600
v 289.716614 27.306675 -512.000000
s 1
f 1993 1995 2000 1994
f 1993 1996 1998 1995
f 1998 1996 1997 1999
f 2000 1999 1997 1994
g PipeCurveRCol.250_Circle.307
v 283.550598 26.080173 -512.000000
v 289.716614 27.306675 -512.000000
v 281.952087 31.349731 -512.000000
v 278.054565 26.080095 -448.251709
v 284.122894 27.306593 -447.158600
v 276.481384 31.349649 -448.535095
v 282.197632 33.755508 -447.505402
v 287.760345 33.755600 -512.000000
s 1
f 2001 2003 2008 2002
f 2001 2004 2006 2003
f 2006 2004 2005 2007
f 2008 2007 2005 2002
g PipeCurveRCol.251_Circle.308
v 281.952087 31.349731 -512.000000
v 287.760345 33.755600 -512.000000
v 279.356262 36.206177 -512.000000
v 276.481384 31.349649 -448.535095
v 282.197632 33.755508 -447.505402
v 273.926666 36.206081 -448.995300
v 279.071167 39.698856 -448.068604
v 284.583557 39.698952 -512.000000
s 1
f 2009 2011 2016 2010
f 2009 2012 2014 2011
f 2014 2012 2013 2015
f 2016 2015 2013 2010
g PipeCurveRCol.252_Circle.309
v 279.356262 36.206177 -512.000000
v 284.583557 39.698952 -512.000000
v 275.862854 40.462891 -512.000000
v 273.926666 36.206081 -448.995300
v 279.071167 39.698856 -448.068604
v 270.488586 40.462795 -449.614624
v 274.863617 44.908249 -448.826508
v 280.308289 44.908340 -512.000000
s 1
f 2017 2019 2024 2018
f 2017 2020 2022 2019
f 2022 2020 2021 2023
f 2024 2023 2021 2018
g PipeCurveRCol.253_Circle.310
v 275.862854 40.462891 -512.000000
v 280.308289 44.908340 -512.000000
v 271.606140 43.956276 -512.000000
v 270.488586 40.462795 -449.614624
v 274.863617 44.908249 -448.826508
v 266.299286 43.956188 -450.369232
v 269.736725 49.183487 -449.750031
v 275.098877 49.183578 -512.000000
s 1
f 2025 2027 2032 2026
f 2025 2028 2030 2027
f 2030 2028 2029 2031
f 2032 2031 2029 2026
g PipeCurveRCol.254_Circle.311
v 271.606140 43.956276 -512.000000
v 275.098877 49.183578 -512.000000
v 266.749664 46.552101 -512.000000
v 266.299286 43.956188 -450.369232
v 269.736725 49.183487 -449.750031
v 261.519775 46.552010 -451.230194
v 263.887512 52.360271 -450.803680
v 269.155518 52.360352 -512.000000
s 1
f 2033 2035 2040 2034
f 2033 2036 2038 2035
f 2038 2036 2037 2039
f 2040 2039 2037 2034
g PipeCurveRCol.255_Circle.312
v 266.749664 46.552101 -512.000000
v 269.155518 52.360352 -512.000000
v 261.480103 48.150589 -512.000000
v 261.519775 46.552010 -451.230194
v 263.887512 52.360271 -450.803680
v 256.333679 48.150501 -452.164398
v 257.540741 54.316521 -451.946960
v 262.706604 54.316605 -512.000000
s 1
f 2041 2043 2048 2042
f 2041 2044 2046 2043
f 2046 2044 2045 2047
f 2048 2047 2045 2042
g PipeCurveRCol.256_Circle.313
v 256.000000 48.690338 -512.000000
v 256.000000 54.977142 -512.000000
v 261.480103 48.150589 -512.000000
v 250.940369 48.690239 -453.135925
v 250.940369 54.977055 -453.135925
v 256.333679 48.150501 -452.164398
v 257.540741 54.316521 -451.946960
v 262.706604 54.316605 -512.000000
s 1
f 2051 2049 2050 2056
f 2051 2054 2052 2049
f 2052 2054 2055 2053
f 2056 2050 2053 2055
g PipeCurveRCol.257_Circle.314
v 256.000000 48.690338 -512.000000
v 256.000000 54.977142 -512.000000
v 250.519852 48.150581 -512.000000
v 250.940369 48.690239 -453.135925
v 245.547012 48.150501 -454.107452
v 250.940369 54.977055 -453.135925
v 244.339951 54.316513 -454.324890
v 249.293350 54.316597 -512.000000
s 1
f 2057 2059 2064 2058
f 2057 2060 2061 2059
f 2061 2060 2062 2063
f 2064 2063 2062 2058
g PipeCurveRCol.258_Circle.315
v 250.519852 48.150581 -512.000000
v 249.293350 54.316597 -512.000000
v 245.250290 46.552078 -512.000000
v 245.547012 48.150501 -454.107452
v 244.339951 54.316513 -454.324890
v 240.360931 46.551991 -455.041656
v 237.993179 52.360256 -455.468170
v 242.844437 52.360336 -512.000000
s 1
f 2065 2067 2072 2066
f 2065 2068 2070 2067
f 2070 2068 2069 2071
f 2072 2071 2069 2066
g PipeCurveRCol.259_Circle.316
v 245.250290 46.552078 -512.000000
v 242.844437 52.360336 -512.000000
v 240.393829 43.956261 -512.000000
v 240.360931 46.551991 -455.041656
v 237.993179 52.360256 -455.468170
v 235.581406 43.956173 -455.902618
v 232.143967 49.183456 -456.521820
v 236.901077 49.183548 -512.000000
s 1
f 2073 2075 2080 2074
f 2073 2076 2078 2075
f 2078 2076 2077 2079
f 2080 2079 2077 2074
g PipeCurveRCol.260_Circle.317
v 240.393829 43.956261 -512.000000
v 236.901077 49.183548 -512.000000
v 236.137131 40.462860 -512.000000
v 235.581406 43.956173 -455.902618
v 232.143967 49.183456 -456.521820
v 231.392120 40.462772 -456.657227
v 227.017090 44.908211 -457.445343
v 231.691681 44.908310 -512.000000
s 1
f 2081 2083 2088 2082
f 2081 2084 2086 2083
f 2086 2084 2085 2087
f 2088 2087 2085 2082
g PipeCurveRCol.261_Circle.318
v 236.137131 40.462860 -512.000000
v 231.691681 44.908310 -512.000000
v 232.643738 36.206139 -512.000000
v 231.392120 40.462772 -456.657227
v 227.017090 44.908211 -457.445343
v 227.954056 36.206059 -457.276550
v 222.809570 39.698818 -458.203247
v 227.416443 39.698906 -512.000000
s 1
f 2089 2091 2096 2090
f 2089 2092 2094 2091
f 2094 2092 2093 2095
f 2096 2095 2093 2090
g PipeCurveRCol.262_Circle.319
v 232.643738 36.206139 -512.000000
v 227.416443 39.698906 -512.000000
v 230.047897 31.349701 -512.000000
v 227.954056 36.206059 -457.276550
v 222.809570 39.698818 -458.203247
v 225.399353 31.349623 -457.736755
v 219.683090 33.755478 -458.766449
v 224.239655 33.755562 -512.000000
s 1
f 2097 2099 2104 2098
f 2097 2100 2102 2099
f 2102 2100 2101 2103
f 2104 2103 2101 2098
g PipeCurveRCol.263_Circle.320
v 230.047897 31.349701 -512.000000
v 224.239655 33.755562 -512.000000
v 228.449402 26.080147 -512.000000
v 225.399353 31.349623 -457.736755
v 219.683090 33.755478 -458.766449
v 223.826172 26.080069 -458.020142
v 217.757812 27.306570 -459.113251
v 222.283386 27.306644 -512.000000
s 1
f 2105 2107 2112 2106
f 2105 2108 2110 2107
f 2110 2108 2109 2111
f 2112 2111 2109 2106
g PipeCurveRCol.264_Circle.321
v 228.449402 26.080147 -512.000000
v 222.283386 27.306644 -512.000000
v 227.909653 20.599995 -512.000000
v 223.826172 26.080069 -458.020142
v 217.757812 27.306570 -459.113251
v 223.294968 20.599911 -458.115814
v 217.107727 20.599915 -459.230347
v 221.622833 20.599998 -512.000000
s 1
f 2113 2115 2120 2114
f 2113 2116 2118 2115
f 2118 2116 2117 2119
f 2120 2119 2117 2114
g PipeCurveRCol.265_Circle.322
v 227.909653 20.599995 -512.000000
v 221.622833 20.599998 -512.000000
v 228.449402 15.119840 -512.000000
v 223.294968 20.599911 -458.115814
v 217.107727 20.599915 -459.230347
v 223.826172 15.119762 -458.020142
v 217.757812 13.893265 -459.113251
v 222.283386 13.893346 -512.000000
s 1
f 2121 2123 2128 2122
f 2121 2124 2126 2123
f 2126 2124 2125 2127
f 2128 2127 2125 2122
g PipeCurveRCol.266_Circle.323
v 228.449402 15.119840 -512.000000
v 222.283386 13.893346 -512.000000
v 230.047897 9.850282 -512.000000
v 223.826172 15.119762 -458.020142
v 217.757812 13.893265 -459.113251
v 225.399353 9.850206 -457.736755
v 219.683090 7.444345 -458.766449
v 224.239639 7.444425 -512.000000
s 1
f 2129 2131 2136 2130
f 2129 2132 2134 2131
f 2134 2132 2133 2135
f 2136 2135 2133 2130
g PipeCurveRCol.267_Circle.324
v 230.047897 9.850282 -512.000000
v 224.239639 7.444425 -512.000000
v 232.643723 4.993824 -512.000000
v 225.399353 9.850206 -457.736755
v 219.683090 7.444345 -458.766449
v 227.954056 4.993744 -457.276550
v 222.809555 1.500982 -458.203247
v 227.416428 1.501061 -512.000000
s 1
f 2137 2139 2144 2138
f 2137 2140 2142 2139
f 2142 2140 2141 2143
f 2144 2143 2141 2138
g PipeCurveRCol.268_Circle.325
v 232.643723 4.993824 -512.000000
v 227.416428 1.501061 -512.000000
v 236.137115 0.737112 -512.000000
v 227.954056 4.993744 -457.276550
v 222.809555 1.500982 -458.203247
v 231.392120 0.737030 -456.657257
v 227.017090 -3.708414 -457.445343
v 231.691681 -3.708336 -512.000000
s 1
f 2145 2147 2152 2146
f 2145 2148 2150 2147
f 2150 2148 2149 2151
f 2152 2151 2149 2146
g PipeCurveRCol.269_Circle.326
v 236.137115 0.737112 -512.000000
v 231.691681 -3.708336 -512.000000
v 240.393845 -2.756286 -512.000000
v 231.392120 0.737030 -456.657257
v 227.017090 -3.708414 -457.445343
v 235.581406 -2.756363 -455.902618
v 232.143967 -7.983658 -456.521820
v 236.901077 -7.983578 -512.000000
s 1
f 2153 2155 2160 2154
f 2153 2156 2158 2155
f 2158 2156 2157 2159
f 2160 2159 2157 2154
