<?xml version="1.0" encoding="utf-8"?>
<COLLADA xmlns="http://www.collada.org/2005/11/COLLADASchema" version="1.4.1">
  <asset><contributor><author></author><authoring_tool>FBX COLLADA exporter</authoring_tool><comments></comments></contributor><created>2025-08-25T14:53:50Z</created><keywords></keywords><modified>2025-08-25T14:53:50Z</modified><revision></revision><subject></subject><title></title><unit meter="0.010000" name="centimeter"></unit><up_axis>Y_UP</up_axis></asset>
  <library_animations>
    <animation id="Armature-anim" name="Armature"><animation><source id="Armature-Matrix-animation-input"><float_array id="Armature-Matrix-animation-input-array" count="51">

0.000000 0.033333 0.066667 0.100000 0.133333 0.166667 0.200000 0.233333 0.266667 0.300000 0.333333 0.366667 0.400000 0.433333 0.466667 0.500000
0.533333 0.566667 0.600000 0.633333 0.666667 0.700000 0.733333 0.766667 0.800000 0.833333 0.866667 0.900000 0.933333 0.966667 1.000000 1.033333
1.066667 1.100000 1.133333 1.166667 1.200000 1.233333 1.266667 1.300000 1.333333 1.366667 1.400000 1.433333 1.466667 1.500000 1.533333 1.566667
1.600000 1.633333 1.666667</float_array><technique_common><accessor source="#Armature-Matrix-animation-input-array" count="51"><param name="TIME" type="float"/></accessor></technique_common></source><source id="Armature-Matrix-animation-output-transform"><float_array id="Armature-Matrix-animation-output-transform-array" count="816">

1.000000 0.000000 0.000000 0.000000 0.000000 1.000000 -0.000000 0.000000 0.000000 0.000000 1.000000 0.000000 0.000000 0.000000 0.000000 1.000000
1.000000 0.000000 0.000000 0.000000 0.000000 1.000000 -0.000000 0.000000 0.000000 0.000000 1.000000 0.000000 0.000000 0.000000 0.000000 1.000000
1.000000 0.000000 0.000000 0.000000 0.000000 1.000000 -0.000000 0.000000 0.000000 0.000000 1.000000 0.000000 0.000000 0.000000 0.000000 1.000000
1.000000 0.000000 0.000000 0.000000 0.000000 1.000000 -0.000000 0.000000 0.000000 0.000000 1.000000 0.000000 0.000000 0.000000 0.000000 1.000000
1.000000 0.000000 0.000000 0.000000 0.000000 1.000000 -0.000000 0.000000 0.000000 0.000000 1.000000 0.000000 0.000000 0.000000 0.000000 1.000000
1.000000 0.000000 0.000000 0.000000 0.000000 1.000000 -0.000000 0.000000 0.000000 0.000000 1.000000 0.000000 0.000000 0.000000 0.000000 1.000000
1.000000 0.000000 0.000000 0.000000 0.000000 1.000000 -0.000000 0.000000 0.000000 0.000000 1.000000 0.000000 0.000000 0.000000 0.000000 1.000000
1.000000 0.000000 0.000000 0.000000 0.000000 1.000000 -0.000000 0.000000 0.000000 0.000000 1.000000 0.000000 0.000000 0.000000 0.000000 1.000000
1.000000 0.000000 0.000000 0.000000 0.000000 1.000000 -0.000000 0.000000 0.000000 0.000000 1.000000 0.000000 0.000000 0.000000 0.000000 1.000000
1.000000 0.000000 0.000000 0.000000 0.000000 1.000000 -0.000000 0.000000 0.000000 0.000000 1.000000 0.000000 0.000000 0.000000 0.000000 1.000000
1.000000 0.000000 0.000000 0.000000 0.000000 1.000000 -0.000000 0.000000 0.000000 0.000000 1.000000 0.000000 0.000000 0.000000 0.000000 1.000000
1.000000 0.000000 0.000000 0.000000 0.000000 1.000000 -0.000000 0.000000 0.000000 0.000000 1.000000 0.000000 0.000000 0.000000 0.000000 1.000000
1.000000 0.000000 0.000000 0.000000 0.000000 1.000000 -0.000000 0.000000 0.000000 0.000000 1.000000 0.000000 0.000000 0.000000 0.000000 1.000000
1.000000 0.000000 0.000000 0.000000 0.000000 1.000000 -0.000000 0.000000 0.000000 0.000000 1.000000 0.000000 0.000000 0.000000 0.000000 1.000000
1.000000 0.000000 0.000000 0.000000 0.000000 1.000000 -0.000000 0.000000 0.000000 0.000000 1.000000 0.000000 0.000000 0.000000 0.000000 1.000000
1.000000 0.000000 0.000000 0.000000 0.000000 1.000000 -0.000000 0.000000 0.000000 0.000000 1.000000 0.000000 0.000000 0.000000 0.000000 1.000000
1.000000 0.000000 0.000000 0.000000 0.000000 1.000000 -0.000000 0.000000 0.000000 0.000000 1.000000 0.000000 0.000000 0.000000 0.000000 1.000000
1.000000 0.000000 0.000000 0.000000 0.000000 1.000000 -0.000000 0.000000 0.000000 0.000000 1.000000 0.000000 0.000000 0.000000 0.000000 1.000000
1.000000 0.000000 0.000000 0.000000 0.000000 1.000000 -0.000000 0.000000 0.000000 0.000000 1.000000 0.000000 0.000000 0.000000 0.000000 1.000000
1.000000 0.000000 0.000000 0.000000 0.000000 1.000000 -0.000000 0.000000 0.000000 0.000000 1.000000 0.000000 0.000000 0.000000 0.000000 1.000000
1.000000 0.000000 0.000000 0.000000 0.000000 1.000000 -0.000000 0.000000 0.000000 0.000000 1.000000 0.000000 0.000000 0.000000 0.000000 1.000000
1.000000 0.000000 0.000000 0.000000 0.000000 1.000000 -0.000000 0.000000 0.000000 0.000000 1.000000 0.000000 0.000000 0.000000 0.000000 1.000000
1.000000 0.000000 0.000000 0.000000 0.000000 1.000000 -0.000000 0.000000 0.000000 0.000000 1.000000 0.000000 0.000000 0.000000 0.000000 1.000000
1.000000 0.000000 0.000000 0.000000 0.000000 1.000000 -0.000000 0.000000 0.000000 0.000000 1.000000 0.000000 0.000000 0.000000 0.000000 1.000000
1.000000 0.000000 0.000000 0.000000 0.000000 1.000000 -0.000000 0.000000 0.000000 0.000000 1.000000 0.000000 0.000000 0.000000 0.000000 1.000000
1.000000 0.000000 0.000000 0.000000 0.000000 1.000000 -0.000000 0.000000 0.000000 0.000000 1.000000 0.000000 0.000000 0.000000 0.000000 1.000000
1.000000 0.000000 0.000000 0.000000 0.000000 1.000000 -0.000000 0.000000 0.000000 0.000000 1.000000 0.000000 0.000000 0.000000 0.000000 1.000000
1.000000 0.000000 0.000000 0.000000 0.000000 1.000000 -0.000000 0.000000 0.000000 0.000000 1.000000 0.000000 0.000000 0.000000 0.000000 1.000000
1.000000 0.000000 0.000000 0.000000 0.000000 1.000000 -0.000000 0.000000 0.000000 0.000000 1.000000 0.000000 0.000000 0.000000 0.000000 1.000000
1.000000 0.000000 0.000000 0.000000 0.000000 1.000000 -0.000000 0.000000 0.000000 0.000000 1.000000 0.000000 0.000000 0.000000 0.000000 1.000000
1.000000 0.000000 0.000000 0.000000 0.000000 1.000000 -0.000000 0.000000 0.000000 0.000000 1.000000 0.000000 0.000000 0.000000 0.000000 1.000000
1.000000 0.000000 0.000000 0.000000 0.000000 1.000000 -0.000000 0.000000 0.000000 0.000000 1.000000 0.000000 0.000000 0.000000 0.000000 1.000000
1.000000 0.000000 0.000000 0.000000 0.000000 1.000000 -0.000000 0.000000 0.000000 0.000000 1.000000 0.000000 0.000000 0.000000 0.000000 1.000000
1.000000 0.000000 0.000000 0.000000 0.000000 1.000000 -0.000000 0.000000 0.000000 0.000000 1.000000 0.000000 0.000000 0.000000 0.000000 1.000000
1.000000 0.000000 0.000000 0.000000 0.000000 1.000000 -0.000000 0.000000 0.000000 0.000000 1.000000 0.000000 0.000000 0.000000 0.000000 1.000000
1.000000 0.000000 0.000000 0.000000 0.000000 1.000000 -0.000000 0.000000 0.000000 0.000000 1.000000 0.000000 0.000000 0.000000 0.000000 1.000000
1.000000 0.000000 0.000000 0.000000 0.000000 1.000000 -0.000000 0.000000 0.000000 0.000000 1.000000 0.000000 0.000000 0.000000 0.000000 1.000000
1.000000 0.000000 0.000000 0.000000 0.000000 1.000000 -0.000000 0.000000 0.000000 0.000000 1.000000 0.000000 0.000000 0.000000 0.000000 1.000000
1.000000 0.000000 0.000000 0.000000 0.000000 1.000000 -0.000000 0.000000 0.000000 0.000000 1.000000 0.000000 0.000000 0.000000 0.000000 1.000000
1.000000 0.000000 0.000000 0.000000 0.000000 1.000000 -0.000000 0.000000 0.000000 0.000000 1.000000 0.000000 0.000000 0.000000 0.000000 1.000000
1.000000 0.000000 0.000000 0.000000 0.000000 1.000000 -0.000000 0.000000 0.000000 0.000000 1.000000 0.000000 0.000000 0.000000 0.000000 1.000000
1.000000 0.000000 0.000000 0.000000 0.000000 1.000000 -0.000000 0.000000 0.000000 0.000000 1.000000 0.000000 0.000000 0.000000 0.000000 1.000000
1.000000 0.000000 0.000000 0.000000 0.000000 1.000000 -0.000000 0.000000 0.000000 0.000000 1.000000 0.000000 0.000000 0.000000 0.000000 1.000000
1.000000 0.000000 0.000000 0.000000 0.000000 1.000000 -0.000000 0.000000 0.000000 0.000000 1.000000 0.000000 0.000000 0.000000 0.000000 1.000000
1.000000 0.000000 0.000000 0.000000 0.000000 1.000000 -0.000000 0.000000 0.000000 0.000000 1.000000 0.000000 0.000000 0.000000 0.000000 1.000000
1.000000 0.000000 0.000000 0.000000 0.000000 1.000000 -0.000000 0.000000 0.000000 0.000000 1.000000 0.000000 0.000000 0.000000 0.000000 1.000000
1.000000 0.000000 0.000000 0.000000 0.000000 1.000000 -0.000000 0.000000 0.000000 0.000000 1.000000 0.000000 0.000000 0.000000 0.000000 1.000000
1.000000 0.000000 0.000000 0.000000 0.000000 1.000000 -0.000000 0.000000 0.000000 0.000000 1.000000 0.000000 0.000000 0.000000 0.000000 1.000000
1.000000 0.000000 0.000000 0.000000 0.000000 1.000000 -0.000000 0.000000 0.000000 0.000000 1.000000 0.000000 0.000000 0.000000 0.000000 1.000000
1.000000 0.000000 0.000000 0.000000 0.000000 1.000000 -0.000000 0.000000 0.000000 0.000000 1.000000 0.000000 0.000000 0.000000 0.000000 1.000000
1.000000 0.000000 0.000000 0.000000 0.000000 1.000000 -0.000000 0.000000 0.000000 0.000000 1.000000 0.000000 0.000000 0.000000 0.000000 1.000000</float_array><technique_common><accessor source="#Armature-Matrix-animation-output-transform-array" count="51" stride="16"><param type="float4x4"/></accessor></technique_common></source><source id="Armature-Interpolations"><Name_array id="Armature-Interpolations-array" count="51">
 LINEAR LINEAR LINEAR LINEAR LINEAR LINEAR LINEAR LINEAR LINEAR LINEAR LINEAR
LINEAR LINEAR LINEAR LINEAR LINEAR LINEAR LINEAR LINEAR LINEAR LINEAR LINEAR LINEAR
LINEAR LINEAR LINEAR LINEAR LINEAR LINEAR LINEAR LINEAR LINEAR LINEAR LINEAR LINEAR
LINEAR LINEAR LINEAR LINEAR LINEAR LINEAR LINEAR LINEAR LINEAR LINEAR LINEAR LINEAR
LINEAR LINEAR LINEAR LINEAR</Name_array><technique_common><accessor source="#Armature-Interpolations-array" count="51"><param type="name"/></accessor></technique_common></source><sampler id="Armature-Matrix-animation-transform"><input semantic="INPUT" source="#Armature-Matrix-animation-input"/><input semantic="OUTPUT" source="#Armature-Matrix-animation-output-transform"/><input semantic="INTERPOLATION" source="#Armature-Interpolations"/></sampler><channel source="#Armature-Matrix-animation-transform" target="Armature/matrix"/></animation></animation>
    <animation id="root_jnt-anim" name="root_jnt"><animation><source id="root_jnt-Matrix-animation-input"><float_array id="root_jnt-Matrix-animation-input-array" count="51">

0.000000 0.033333 0.066667 0.100000 0.133333 0.166667 0.200000 0.233333 0.266667 0.300000 0.333333 0.366667 0.400000 0.433333 0.466667 0.500000
0.533333 0.566667 0.600000 0.633333 0.666667 0.700000 0.733333 0.766667 0.800000 0.833333 0.866667 0.900000 0.933333 0.966667 1.000000 1.033333
1.066667 1.100000 1.133333 1.166667 1.200000 1.233333 1.266667 1.300000 1.333333 1.366667 1.400000 1.433333 1.466667 1.500000 1.533333 1.566667
1.600000 1.633333 1.666667</float_array><technique_common><accessor source="#root_jnt-Matrix-animation-input-array" count="51"><param name="TIME" type="float"/></accessor></technique_common></source><source id="root_jnt-Matrix-animation-output-transform"><float_array id="root_jnt-Matrix-animation-output-transform-array" count="816">

1.000000 0.000000 0.000000 0.000000 0.000000 1.000000 -0.000000 0.000000 0.000000 0.000000 1.000000 0.000000 0.000000 0.000000 0.000000 1.000000
1.000000 0.000000 0.000000 0.000000 0.000000 1.000000 -0.000000 0.000000 0.000000 0.000000 1.000000 0.000000 0.000000 0.000000 0.000000 1.000000
1.000000 0.000000 0.000000 0.000000 0.000000 1.000000 -0.000000 0.000000 0.000000 0.000000 1.000000 0.000000 0.000000 0.000000 0.000000 1.000000
1.000000 0.000000 0.000000 0.000000 0.000000 1.000000 -0.000000 0.000000 0.000000 0.000000 1.000000 0.000000 0.000000 0.000000 0.000000 1.000000
1.000000 0.000000 0.000000 0.000000 0.000000 1.000000 -0.000000 0.000000 0.000000 0.000000 1.000000 0.000000 0.000000 0.000000 0.000000 1.000000
1.000000 0.000000 0.000000 0.000000 0.000000 1.000000 -0.000000 0.000000 0.000000 0.000000 1.000000 0.000000 0.000000 0.000000 0.000000 1.000000
1.000000 0.000000 0.000000 0.000000 0.000000 1.000000 -0.000000 0.000000 0.000000 0.000000 1.000000 0.000000 0.000000 0.000000 0.000000 1.000000
1.000000 0.000000 0.000000 0.000000 0.000000 1.000000 -0.000000 0.000000 0.000000 0.000000 1.000000 0.000000 0.000000 0.000000 0.000000 1.000000
1.000000 0.000000 0.000000 0.000000 0.000000 1.000000 -0.000000 0.000000 0.000000 0.000000 1.000000 0.000000 0.000000 0.000000 0.000000 1.000000
1.000000 0.000000 0.000000 0.000000 0.000000 1.000000 -0.000000 0.000000 0.000000 0.000000 1.000000 0.000000 0.000000 0.000000 0.000000 1.000000
1.000000 0.000000 0.000000 0.000000 0.000000 1.000000 -0.000000 0.000000 0.000000 0.000000 1.000000 0.000000 0.000000 0.000000 0.000000 1.000000
1.000000 0.000000 0.000000 0.000000 0.000000 1.000000 -0.000000 0.000000 0.000000 0.000000 1.000000 0.000000 0.000000 0.000000 0.000000 1.000000
1.000000 0.000000 0.000000 0.000000 0.000000 1.000000 -0.000000 0.000000 0.000000 0.000000 1.000000 0.000000 0.000000 0.000000 0.000000 1.000000
1.000000 0.000000 0.000000 0.000000 0.000000 1.000000 -0.000000 0.000000 0.000000 0.000000 1.000000 0.000000 0.000000 0.000000 0.000000 1.000000
1.000000 0.000000 0.000000 0.000000 0.000000 1.000000 -0.000000 0.000000 0.000000 0.000000 1.000000 0.000000 0.000000 0.000000 0.000000 1.000000
1.000000 0.000000 0.000000 0.000000 0.000000 1.000000 -0.000000 0.000000 0.000000 0.000000 1.000000 0.000000 0.000000 0.000000 0.000000 1.000000
1.000000 0.000000 0.000000 0.000000 0.000000 1.000000 -0.000000 0.000000 0.000000 0.000000 1.000000 0.000000 0.000000 0.000000 0.000000 1.000000
1.000000 0.000000 0.000000 0.000000 0.000000 1.000000 -0.000000 0.000000 0.000000 0.000000 1.000000 0.000000 0.000000 0.000000 0.000000 1.000000
1.000000 0.000000 0.000000 0.000000 0.000000 1.000000 -0.000000 0.000000 0.000000 0.000000 1.000000 0.000000 0.000000 0.000000 0.000000 1.000000
1.000000 0.000000 0.000000 0.000000 0.000000 1.000000 -0.000000 0.000000 0.000000 0.000000 1.000000 0.000000 0.000000 0.000000 0.000000 1.000000
1.000000 0.000000 0.000000 0.000000 0.000000 1.000000 -0.000000 0.000000 0.000000 0.000000 1.000000 0.000000 0.000000 0.000000 0.000000 1.000000
1.000000 0.000000 0.000000 0.000000 0.000000 1.000000 -0.000000 0.000000 0.000000 0.000000 1.000000 0.000000 0.000000 0.000000 0.000000 1.000000
1.000000 0.000000 0.000000 0.000000 0.000000 1.000000 -0.000000 0.000000 0.000000 0.000000 1.000000 0.000000 0.000000 0.000000 0.000000 1.000000
1.000000 0.000000 0.000000 0.000000 0.000000 1.000000 -0.000000 0.000000 0.000000 0.000000 1.000000 0.000000 0.000000 0.000000 0.000000 1.000000
1.000000 0.000000 0.000000 0.000000 0.000000 1.000000 -0.000000 0.000000 0.000000 0.000000 1.000000 0.000000 0.000000 0.000000 0.000000 1.000000
1.000000 0.000000 0.000000 0.000000 0.000000 1.000000 -0.000000 0.000000 0.000000 0.000000 1.000000 0.000000 0.000000 0.000000 0.000000 1.000000
1.000000 0.000000 0.000000 0.000000 0.000000 1.000000 -0.000000 0.000000 0.000000 0.000000 1.000000 0.000000 0.000000 0.000000 0.000000 1.000000
1.000000 0.000000 0.000000 0.000000 0.000000 1.000000 -0.000000 0.000000 0.000000 0.000000 1.000000 0.000000 0.000000 0.000000 0.000000 1.000000
1.000000 0.000000 0.000000 0.000000 0.000000 1.000000 -0.000000 0.000000 0.000000 0.000000 1.000000 0.000000 0.000000 0.000000 0.000000 1.000000
1.000000 0.000000 0.000000 0.000000 0.000000 1.000000 -0.000000 0.000000 0.000000 0.000000 1.000000 0.000000 0.000000 0.000000 0.000000 1.000000
1.000000 0.000000 0.000000 0.000000 0.000000 1.000000 -0.000000 0.000000 0.000000 0.000000 1.000000 0.000000 0.000000 0.000000 0.000000 1.000000
1.000000 0.000000 0.000000 0.000000 0.000000 1.000000 -0.000000 0.000000 0.000000 0.000000 1.000000 0.000000 0.000000 0.000000 0.000000 1.000000
1.000000 0.000000 0.000000 0.000000 0.000000 1.000000 -0.000000 0.000000 0.000000 0.000000 1.000000 0.000000 0.000000 0.000000 0.000000 1.000000
1.000000 0.000000 0.000000 0.000000 0.000000 1.000000 -0.000000 0.000000 0.000000 0.000000 1.000000 0.000000 0.000000 0.000000 0.000000 1.000000
1.000000 0.000000 0.000000 0.000000 0.000000 1.000000 -0.000000 0.000000 0.000000 0.000000 1.000000 0.000000 0.000000 0.000000 0.000000 1.000000
1.000000 0.000000 0.000000 0.000000 0.000000 1.000000 -0.000000 0.000000 0.000000 0.000000 1.000000 0.000000 0.000000 0.000000 0.000000 1.000000
1.000000 0.000000 0.000000 0.000000 0.000000 1.000000 -0.000000 0.000000 0.000000 0.000000 1.000000 0.000000 0.000000 0.000000 0.000000 1.000000
1.000000 0.000000 0.000000 0.000000 0.000000 1.000000 -0.000000 0.000000 0.000000 0.000000 1.000000 0.000000 0.000000 0.000000 0.000000 1.000000
1.000000 0.000000 0.000000 0.000000 0.000000 1.000000 -0.000000 0.000000 0.000000 0.000000 1.000000 0.000000 0.000000 0.000000 0.000000 1.000000
1.000000 0.000000 0.000000 0.000000 0.000000 1.000000 -0.000000 0.000000 0.000000 0.000000 1.000000 0.000000 0.000000 0.000000 0.000000 1.000000
1.000000 0.000000 0.000000 0.000000 0.000000 1.000000 -0.000000 0.000000 0.000000 0.000000 1.000000 0.000000 0.000000 0.000000 0.000000 1.000000
1.000000 0.000000 0.000000 0.000000 0.000000 1.000000 -0.000000 0.000000 0.000000 0.000000 1.000000 0.000000 0.000000 0.000000 0.000000 1.000000
1.000000 0.000000 0.000000 0.000000 0.000000 1.000000 -0.000000 0.000000 0.000000 0.000000 1.000000 0.000000 0.000000 0.000000 0.000000 1.000000
1.000000 0.000000 0.000000 0.000000 0.000000 1.000000 -0.000000 0.000000 0.000000 0.000000 1.000000 0.000000 0.000000 0.000000 0.000000 1.000000
1.000000 0.000000 0.000000 0.000000 0.000000 1.000000 -0.000000 0.000000 0.000000 0.000000 1.000000 0.000000 0.000000 0.000000 0.000000 1.000000
1.000000 0.000000 0.000000 0.000000 0.000000 1.000000 -0.000000 0.000000 0.000000 0.000000 1.000000 0.000000 0.000000 0.000000 0.000000 1.000000
1.000000 0.000000 0.000000 0.000000 0.000000 1.000000 -0.000000 0.000000 0.000000 0.000000 1.000000 0.000000 0.000000 0.000000 0.000000 1.000000
1.000000 0.000000 0.000000 0.000000 0.000000 1.000000 -0.000000 0.000000 0.000000 0.000000 1.000000 0.000000 0.000000 0.000000 0.000000 1.000000
1.000000 0.000000 0.000000 0.000000 0.000000 1.000000 -0.000000 0.000000 0.000000 0.000000 1.000000 0.000000 0.000000 0.000000 0.000000 1.000000
1.000000 0.000000 0.000000 0.000000 0.000000 1.000000 -0.000000 0.000000 0.000000 0.000000 1.000000 0.000000 0.000000 0.000000 0.000000 1.000000
1.000000 0.000000 0.000000 0.000000 0.000000 1.000000 -0.000000 0.000000 0.000000 0.000000 1.000000 0.000000 0.000000 0.000000 0.000000 1.000000</float_array><technique_common><accessor source="#root_jnt-Matrix-animation-output-transform-array" count="51" stride="16"><param type="float4x4"/></accessor></technique_common></source><source id="root_jnt-Interpolations"><Name_array id="root_jnt-Interpolations-array" count="51">
 LINEAR LINEAR LINEAR LINEAR LINEAR LINEAR LINEAR LINEAR LINEAR LINEAR LINEAR
LINEAR LINEAR LINEAR LINEAR LINEAR LINEAR LINEAR LINEAR LINEAR LINEAR LINEAR LINEAR
LINEAR LINEAR LINEAR LINEAR LINEAR LINEAR LINEAR LINEAR LINEAR LINEAR LINEAR LINEAR
LINEAR LINEAR LINEAR LINEAR LINEAR LINEAR LINEAR LINEAR LINEAR LINEAR LINEAR LINEAR
LINEAR LINEAR LINEAR LINEAR</Name_array><technique_common><accessor source="#root_jnt-Interpolations-array" count="51"><param type="name"/></accessor></technique_common></source><sampler id="root_jnt-Matrix-animation-transform"><input semantic="INPUT" source="#root_jnt-Matrix-animation-input"/><input semantic="OUTPUT" source="#root_jnt-Matrix-animation-output-transform"/><input semantic="INTERPOLATION" source="#root_jnt-Interpolations"/></sampler><channel source="#root_jnt-Matrix-animation-transform" target="root_jnt/matrix"/></animation></animation>
    <animation id="jnt_hips-anim" name="jnt_hips"><animation><source id="jnt_hips-Matrix-animation-input"><float_array id="jnt_hips-Matrix-animation-input-array" count="51">

0.000000 0.033333 0.066667 0.100000 0.133333 0.166667 0.200000 0.233333 0.266667 0.300000 0.333333 0.366667 0.400000 0.433333 0.466667 0.500000
0.533333 0.566667 0.600000 0.633333 0.666667 0.700000 0.733333 0.766667 0.800000 0.833333 0.866667 0.900000 0.933333 0.966667 1.000000 1.033333
1.066667 1.100000 1.133333 1.166667 1.200000 1.233333 1.266667 1.300000 1.333333 1.366667 1.400000 1.433333 1.466667 1.500000 1.533333 1.566667
1.600000 1.633333 1.666667</float_array><technique_common><accessor source="#jnt_hips-Matrix-animation-input-array" count="51"><param name="TIME" type="float"/></accessor></technique_common></source><source id="jnt_hips-Matrix-animation-output-transform"><float_array id="jnt_hips-Matrix-animation-output-transform-array" count="816">

1.000000 0.000000 0.000000 0.000000 0.000000 1.000000 0.000000 2.061423 0.000000 -0.000000 1.000000 -0.094053 0.000000 0.000000 0.000000 1.000000
1.000000 0.000000 0.000000 0.000000 0.000000 1.000000 0.000000 2.061423 0.000000 -0.000000 1.000000 -0.094053 0.000000 0.000000 0.000000 1.000000
1.000000 0.000000 0.000000 0.000000 0.000000 1.000000 0.000000 2.061423 0.000000 -0.000000 1.000000 -0.094053 0.000000 0.000000 0.000000 1.000000
1.000000 0.000000 0.000000 0.000000 0.000000 1.000000 0.000000 2.061423 0.000000 -0.000000 1.000000 -0.094053 0.000000 0.000000 0.000000 1.000000
1.000000 0.000000 0.000000 0.000000 0.000000 1.000000 0.000000 2.061423 0.000000 -0.000000 1.000000 -0.094053 0.000000 0.000000 0.000000 1.000000
1.000000 0.000000 0.000000 0.000000 0.000000 1.000000 0.000000 2.061423 0.000000 -0.000000 1.000000 -0.094053 0.000000 0.000000 0.000000 1.000000
1.000000 0.000000 0.000000 0.000000 0.000000 1.000000 0.000000 2.061423 0.000000 -0.000000 1.000000 -0.094053 0.000000 0.000000 0.000000 1.000000
1.000000 0.000000 0.000000 0.000000 0.000000 1.000000 0.000000 2.061423 0.000000 -0.000000 1.000000 -0.094053 0.000000 0.000000 0.000000 1.000000
1.000000 0.000000 0.000000 0.000000 0.000000 1.000000 0.000000 2.061423 0.000000 -0.000000 1.000000 -0.094053 0.000000 0.000000 0.000000 1.000000
1.000000 0.000000 0.000000 0.000000 0.000000 1.000000 0.000000 2.061423 0.000000 -0.000000 1.000000 -0.094053 0.000000 0.000000 0.000000 1.000000
1.000000 0.000000 0.000000 0.000000 0.000000 1.000000 0.000000 2.061423 0.000000 -0.000000 1.000000 -0.094053 0.000000 0.000000 0.000000 1.000000
1.000000 0.000000 0.000000 0.000000 0.000000 1.000000 0.000000 2.061423 0.000000 -0.000000 1.000000 -0.094053 0.000000 0.000000 0.000000 1.000000
1.000000 0.000000 0.000000 0.000000 0.000000 1.000000 0.000000 2.061423 0.000000 -0.000000 1.000000 -0.094053 0.000000 0.000000 0.000000 1.000000
1.000000 0.000000 0.000000 0.000000 0.000000 1.000000 0.000000 2.061423 0.000000 -0.000000 1.000000 -0.094053 0.000000 0.000000 0.000000 1.000000
1.000000 0.000000 0.000000 0.000000 0.000000 1.000000 0.000000 2.061423 0.000000 -0.000000 1.000000 -0.094053 0.000000 0.000000 0.000000 1.000000
1.000000 0.000000 0.000000 0.000000 0.000000 1.000000 0.000000 2.061423 0.000000 -0.000000 1.000000 -0.094053 0.000000 0.000000 0.000000 1.000000
1.000000 0.000000 0.000000 0.000000 0.000000 1.000000 0.000000 2.061423 0.000000 -0.000000 1.000000 -0.094053 0.000000 0.000000 0.000000 1.000000
1.000000 0.000000 0.000000 0.000000 0.000000 1.000000 0.000000 2.061423 0.000000 -0.000000 1.000000 -0.094053 0.000000 0.000000 0.000000 1.000000
1.000000 0.000000 0.000000 0.000000 0.000000 1.000000 0.000000 2.061423 0.000000 -0.000000 1.000000 -0.094053 0.000000 0.000000 0.000000 1.000000
1.000000 0.000000 0.000000 0.000000 0.000000 1.000000 0.000000 2.061423 0.000000 -0.000000 1.000000 -0.094053 0.000000 0.000000 0.000000 1.000000
1.000000 0.000000 0.000000 0.000000 0.000000 1.000000 0.000000 2.061423 0.000000 -0.000000 1.000000 -0.094053 0.000000 0.000000 0.000000 1.000000
1.000000 0.000000 0.000000 0.000000 0.000000 1.000000 0.000000 2.061423 0.000000 -0.000000 1.000000 -0.094053 0.000000 0.000000 0.000000 1.000000
1.000000 0.000000 0.000000 0.000000 0.000000 1.000000 0.000000 2.061423 0.000000 -0.000000 1.000000 -0.094053 0.000000 0.000000 0.000000 1.000000
1.000000 0.000000 0.000000 0.000000 0.000000 1.000000 0.000000 2.061423 0.000000 -0.000000 1.000000 -0.094053 0.000000 0.000000 0.000000 1.000000
1.000000 0.000000 0.000000 0.000000 0.000000 1.000000 0.000000 2.061423 0.000000 -0.000000 1.000000 -0.094053 0.000000 0.000000 0.000000 1.000000
1.000000 0.000000 0.000000 0.000000 0.000000 1.000000 0.000000 2.061423 0.000000 -0.000000 1.000000 -0.094053 0.000000 0.000000 0.000000 1.000000
1.000000 0.000000 0.000000 0.000000 0.000000 1.000000 0.000000 2.061423 0.000000 -0.000000 1.000000 -0.094053 0.000000 0.000000 0.000000 1.000000
1.000000 0.000000 0.000000 0.000000 0.000000 1.000000 0.000000 2.061423 0.000000 -0.000000 1.000000 -0.094053 0.000000 0.000000 0.000000 1.000000
1.000000 0.000000 0.000000 0.000000 0.000000 1.000000 0.000000 2.061423 0.000000 -0.000000 1.000000 -0.094053 0.000000 0.000000 0.000000 1.000000
1.000000 0.000000 0.000000 0.000000 0.000000 1.000000 0.000000 2.061423 0.000000 -0.000000 1.000000 -0.094053 0.000000 0.000000 0.000000 1.000000
1.000000 0.000000 0.000000 0.000000 0.000000 1.000000 0.000000 2.061423 0.000000 -0.000000 1.000000 -0.094053 0.000000 0.000000 0.000000 1.000000
1.000000 0.000000 0.000000 0.000000 0.000000 1.000000 0.000000 2.061423 0.000000 -0.000000 1.000000 -0.094053 0.000000 0.000000 0.000000 1.000000
1.000000 0.000000 0.000000 0.000000 0.000000 1.000000 0.000000 2.061423 0.000000 -0.000000 1.000000 -0.094053 0.000000 0.000000 0.000000 1.000000
1.000000 0.000000 0.000000 0.000000 0.000000 1.000000 0.000000 2.061423 0.000000 -0.000000 1.000000 -0.094053 0.000000 0.000000 0.000000 1.000000
1.000000 0.000000 0.000000 0.000000 0.000000 1.000000 0.000000 2.061423 0.000000 -0.000000 1.000000 -0.094053 0.000000 0.000000 0.000000 1.000000
1.000000 0.000000 0.000000 0.000000 0.000000 1.000000 0.000000 2.061423 0.000000 -0.000000 1.000000 -0.094053 0.000000 0.000000 0.000000 1.000000
1.000000 0.000000 0.000000 0.000000 0.000000 1.000000 0.000000 2.061423 0.000000 -0.000000 1.000000 -0.094053 0.000000 0.000000 0.000000 1.000000
1.000000 0.000000 0.000000 0.000000 0.000000 1.000000 0.000000 2.061423 0.000000 -0.000000 1.000000 -0.094053 0.000000 0.000000 0.000000 1.000000
1.000000 0.000000 0.000000 0.000000 0.000000 1.000000 0.000000 2.061423 0.000000 -0.000000 1.000000 -0.094053 0.000000 0.000000 0.000000 1.000000
1.000000 0.000000 0.000000 0.000000 0.000000 1.000000 0.000000 2.061423 0.000000 -0.000000 1.000000 -0.094053 0.000000 0.000000 0.000000 1.000000
1.000000 0.000000 0.000000 0.000000 0.000000 1.000000 0.000000 2.061423 0.000000 -0.000000 1.000000 -0.094053 0.000000 0.000000 0.000000 1.000000
1.000000 0.000000 0.000000 0.000000 0.000000 1.000000 0.000000 2.061423 0.000000 -0.000000 1.000000 -0.094053 0.000000 0.000000 0.000000 1.000000
1.000000 0.000000 0.000000 0.000000 0.000000 1.000000 0.000000 2.061423 0.000000 -0.000000 1.000000 -0.094053 0.000000 0.000000 0.000000 1.000000
1.000000 0.000000 0.000000 0.000000 0.000000 1.000000 0.000000 2.061423 0.000000 -0.000000 1.000000 -0.094053 0.000000 0.000000 0.000000 1.000000
1.000000 0.000000 0.000000 0.000000 0.000000 1.000000 0.000000 2.061423 0.000000 -0.000000 1.000000 -0.094053 0.000000 0.000000 0.000000 1.000000
1.000000 0.000000 0.000000 0.000000 0.000000 1.000000 0.000000 2.061423 0.000000 -0.000000 1.000000 -0.094053 0.000000 0.000000 0.000000 1.000000
1.000000 0.000000 0.000000 0.000000 0.000000 1.000000 0.000000 2.061423 0.000000 -0.000000 1.000000 -0.094053 0.000000 0.000000 0.000000 1.000000
1.000000 0.000000 0.000000 0.000000 0.000000 1.000000 0.000000 2.061423 0.000000 -0.000000 1.000000 -0.094053 0.000000 0.000000 0.000000 1.000000
1.000000 0.000000 0.000000 0.000000 0.000000 1.000000 0.000000 2.061423 0.000000 -0.000000 1.000000 -0.094053 0.000000 0.000000 0.000000 1.000000
1.000000 0.000000 0.000000 0.000000 0.000000 1.000000 0.000000 2.061423 0.000000 -0.000000 1.000000 -0.094053 0.000000 0.000000 0.000000 1.000000
1.000000 0.000000 0.000000 0.000000 0.000000 1.000000 0.000000 2.061423 0.000000 -0.000000 1.000000 -0.094053 0.000000 0.000000 0.000000 1.000000</float_array><technique_common><accessor source="#jnt_hips-Matrix-animation-output-transform-array" count="51" stride="16"><param type="float4x4"/></accessor></technique_common></source><source id="jnt_hips-Interpolations"><Name_array id="jnt_hips-Interpolations-array" count="51">
 LINEAR LINEAR LINEAR LINEAR LINEAR LINEAR LINEAR LINEAR LINEAR LINEAR LINEAR
LINEAR LINEAR LINEAR LINEAR LINEAR LINEAR LINEAR LINEAR LINEAR LINEAR LINEAR LINEAR
LINEAR LINEAR LINEAR LINEAR LINEAR LINEAR LINEAR LINEAR LINEAR LINEAR LINEAR LINEAR
LINEAR LINEAR LINEAR LINEAR LINEAR LINEAR LINEAR LINEAR LINEAR LINEAR LINEAR LINEAR
LINEAR LINEAR LINEAR LINEAR</Name_array><technique_common><accessor source="#jnt_hips-Interpolations-array" count="51"><param type="name"/></accessor></technique_common></source><sampler id="jnt_hips-Matrix-animation-transform"><input semantic="INPUT" source="#jnt_hips-Matrix-animation-input"/><input semantic="OUTPUT" source="#jnt_hips-Matrix-animation-output-transform"/><input semantic="INTERPOLATION" source="#jnt_hips-Interpolations"/></sampler><channel source="#jnt_hips-Matrix-animation-transform" target="jnt_hips/matrix"/></animation></animation>
    <animation id="jnt_right_upleg-anim" name="jnt_right_upleg"><animation><source id="jnt_right_upleg-Matrix-animation-input"><float_array id="jnt_right_upleg-Matrix-animation-input-array" count="51">

0.000000 0.033333 0.066667 0.100000 0.133333 0.166667 0.200000 0.233333 0.266667 0.300000 0.333333 0.366667 0.400000 0.433333 0.466667 0.500000
0.533333 0.566667 0.600000 0.633333 0.666667 0.700000 0.733333 0.766667 0.800000 0.833333 0.866667 0.900000 0.933333 0.966667 1.000000 1.033333
1.066667 1.100000 1.133333 1.166667 1.200000 1.233333 1.266667 1.300000 1.333333 1.366667 1.400000 1.433333 1.466667 1.500000 1.533333 1.566667
1.600000 1.633333 1.666667</float_array><technique_common><accessor source="#jnt_right_upleg-Matrix-animation-input-array" count="51"><param name="TIME" type="float"/></accessor></technique_common></source><source id="jnt_right_upleg-Matrix-animation-output-transform"><float_array id="jnt_right_upleg-Matrix-animation-output-transform-array" count="816">

-0.175338 -0.001757 -0.984507 -0.446779 -0.984438 -0.011650 0.175346 -0.111214 -0.011777 0.999931 0.000313 0.043020 0.000000 0.000000 0.000000 1.000000
-0.175338 -0.001757 -0.984507 -0.446779 -0.984438 -0.011650 0.175346 -0.111214 -0.011777 0.999931 0.000313 0.043020 0.000000 0.000000 0.000000 1.000000
-0.175338 -0.001757 -0.984507 -0.446779 -0.984438 -0.011650 0.175346 -0.111214 -0.011777 0.999931 0.000313 0.043020 0.000000 0.000000 0.000000 1.000000
-0.175338 -0.001757 -0.984507 -0.446779 -0.984438 -0.011650 0.175346 -0.111214 -0.011777 0.999931 0.000313 0.043020 0.000000 0.000000 0.000000 1.000000
-0.175338 -0.001757 -0.984507 -0.446779 -0.984438 -0.011650 0.175346 -0.111214 -0.011777 0.999931 0.000313 0.043020 0.000000 0.000000 0.000000 1.000000
-0.175338 -0.001757 -0.984507 -0.446779 -0.984438 -0.011650 0.175346 -0.111214 -0.011777 0.999931 0.000313 0.043020 0.000000 0.000000 0.000000 1.000000
-0.175338 -0.001757 -0.984507 -0.446779 -0.984438 -0.011650 0.175346 -0.111214 -0.011777 0.999931 0.000313 0.043020 0.000000 0.000000 0.000000 1.000000
-0.175338 -0.001757 -0.984507 -0.446779 -0.984438 -0.011650 0.175346 -0.111214 -0.011777 0.999931 0.000313 0.043020 0.000000 0.000000 0.000000 1.000000
-0.175338 -0.001757 -0.984507 -0.446779 -0.984438 -0.011650 0.175346 -0.111214 -0.011777 0.999931 0.000313 0.043020 0.000000 0.000000 0.000000 1.000000
-0.175338 -0.001757 -0.984507 -0.446779 -0.984438 -0.011650 0.175346 -0.111214 -0.011777 0.999931 0.000313 0.043020 0.000000 0.000000 0.000000 1.000000
-0.175338 -0.001757 -0.984507 -0.446779 -0.984438 -0.011650 0.175346 -0.111214 -0.011777 0.999931 0.000313 0.043020 0.000000 0.000000 0.000000 1.000000
-0.175338 -0.001757 -0.984507 -0.446779 -0.984438 -0.011650 0.175346 -0.111214 -0.011777 0.999931 0.000313 0.043020 0.000000 0.000000 0.000000 1.000000
-0.175338 -0.001757 -0.984507 -0.446779 -0.984438 -0.011650 0.175346 -0.111214 -0.011777 0.999931 0.000313 0.043020 0.000000 0.000000 0.000000 1.000000
-0.175338 -0.001757 -0.984507 -0.446779 -0.984438 -0.011650 0.175346 -0.111214 -0.011777 0.999931 0.000313 0.043020 0.000000 0.000000 0.000000 1.000000
-0.175338 -0.001757 -0.984507 -0.446779 -0.984438 -0.011650 0.175346 -0.111214 -0.011777 0.999931 0.000313 0.043020 0.000000 0.000000 0.000000 1.000000
-0.175338 -0.001757 -0.984507 -0.446779 -0.984438 -0.011650 0.175346 -0.111214 -0.011777 0.999931 0.000313 0.043020 0.000000 0.000000 0.000000 1.000000
-0.175338 -0.001757 -0.984507 -0.446779 -0.984438 -0.011650 0.175346 -0.111214 -0.011777 0.999931 0.000313 0.043020 0.000000 0.000000 0.000000 1.000000
-0.175338 -0.001757 -0.984507 -0.446779 -0.984438 -0.011650 0.175346 -0.111214 -0.011777 0.999931 0.000313 0.043020 0.000000 0.000000 0.000000 1.000000
-0.175338 -0.001757 -0.984507 -0.446779 -0.984438 -0.011650 0.175346 -0.111214 -0.011777 0.999931 0.000313 0.043020 0.000000 0.000000 0.000000 1.000000
-0.175338 -0.001757 -0.984507 -0.446779 -0.984438 -0.011650 0.175346 -0.111214 -0.011777 0.999931 0.000313 0.043020 0.000000 0.000000 0.000000 1.000000
-0.175338 -0.001757 -0.984507 -0.446779 -0.984438 -0.011650 0.175346 -0.111214 -0.011777 0.999931 0.000313 0.043020 0.000000 0.000000 0.000000 1.000000
-0.175338 -0.001757 -0.984507 -0.446779 -0.984438 -0.011650 0.175346 -0.111214 -0.011777 0.999931 0.000313 0.043020 0.000000 0.000000 0.000000 1.000000
-0.175338 -0.001757 -0.984507 -0.446779 -0.984438 -0.011650 0.175346 -0.111214 -0.011777 0.999931 0.000313 0.043020 0.000000 0.000000 0.000000 1.000000
-0.175338 -0.001757 -0.984507 -0.446779 -0.984438 -0.011650 0.175346 -0.111214 -0.011777 0.999931 0.000313 0.043020 0.000000 0.000000 0.000000 1.000000
-0.175338 -0.001757 -0.984507 -0.446779 -0.984438 -0.011650 0.175346 -0.111214 -0.011777 0.999931 0.000313 0.043020 0.000000 0.000000 0.000000 1.000000
-0.175338 -0.001757 -0.984507 -0.446779 -0.984438 -0.011650 0.175346 -0.111214 -0.011777 0.999931 0.000313 0.043020 0.000000 0.000000 0.000000 1.000000
-0.175338 -0.001757 -0.984507 -0.446779 -0.984438 -0.011650 0.175346 -0.111214 -0.011777 0.999931 0.000313 0.043020 0.000000 0.000000 0.000000 1.000000
-0.175338 -0.001757 -0.984507 -0.446779 -0.984438 -0.011650 0.175346 -0.111214 -0.011777 0.999931 0.000313 0.043020 0.000000 0.000000 0.000000 1.000000
-0.175338 -0.001757 -0.984507 -0.446779 -0.984438 -0.011650 0.175346 -0.111214 -0.011777 0.999931 0.000313 0.043020 0.000000 0.000000 0.000000 1.000000
-0.175338 -0.001757 -0.984507 -0.446779 -0.984438 -0.011650 0.175346 -0.111214 -0.011777 0.999931 0.000313 0.043020 0.000000 0.000000 0.000000 1.000000
-0.175338 -0.001757 -0.984507 -0.446779 -0.984438 -0.011650 0.175346 -0.111214 -0.011777 0.999931 0.000313 0.043020 0.000000 0.000000 0.000000 1.000000
-0.175338 -0.001757 -0.984507 -0.446779 -0.984438 -0.011650 0.175346 -0.111214 -0.011777 0.999931 0.000313 0.043020 0.000000 0.000000 0.000000 1.000000
-0.175338 -0.001757 -0.984507 -0.446779 -0.984438 -0.011650 0.175346 -0.111214 -0.011777 0.999931 0.000313 0.043020 0.000000 0.000000 0.000000 1.000000
-0.175338 -0.001757 -0.984507 -0.446779 -0.984438 -0.011650 0.175346 -0.111214 -0.011777 0.999931 0.000313 0.043020 0.000000 0.000000 0.000000 1.000000
-0.175338 -0.001757 -0.984507 -0.446779 -0.984438 -0.011650 0.175346 -0.111214 -0.011777 0.999931 0.000313 0.043020 0.000000 0.000000 0.000000 1.000000
-0.175338 -0.001757 -0.984507 -0.446779 -0.984438 -0.011650 0.175346 -0.111214 -0.011777 0.999931 0.000313 0.043020 0.000000 0.000000 0.000000 1.000000
-0.175338 -0.001757 -0.984507 -0.446779 -0.984438 -0.011650 0.175346 -0.111214 -0.011777 0.999931 0.000313 0.043020 0.000000 0.000000 0.000000 1.000000
-0.175338 -0.001757 -0.984507 -0.446779 -0.984438 -0.011650 0.175346 -0.111214 -0.011777 0.999931 0.000313 0.043020 0.000000 0.000000 0.000000 1.000000
-0.175338 -0.001757 -0.984507 -0.446779 -0.984438 -0.011650 0.175346 -0.111214 -0.011777 0.999931 0.000313 0.043020 0.000000 0.000000 0.000000 1.000000
-0.175338 -0.001757 -0.984507 -0.446779 -0.984438 -0.011650 0.175346 -0.111214 -0.011777 0.999931 0.000313 0.043020 0.000000 0.000000 0.000000 1.000000
-0.175338 -0.001757 -0.984507 -0.446779 -0.984438 -0.011650 0.175346 -0.111214 -0.011777 0.999931 0.000313 0.043020 0.000000 0.000000 0.000000 1.000000
-0.175338 -0.001757 -0.984507 -0.446779 -0.984438 -0.011650 0.175346 -0.111214 -0.011777 0.999931 0.000313 0.043020 0.000000 0.000000 0.000000 1.000000
-0.175338 -0.001757 -0.984507 -0.446779 -0.984438 -0.011650 0.175346 -0.111214 -0.011777 0.999931 0.000313 0.043020 0.000000 0.000000 0.000000 1.000000
-0.175338 -0.001757 -0.984507 -0.446779 -0.984438 -0.011650 0.175346 -0.111214 -0.011777 0.999931 0.000313 0.043020 0.000000 0.000000 0.000000 1.000000
-0.175338 -0.001757 -0.984507 -0.446779 -0.984438 -0.011650 0.175346 -0.111214 -0.011777 0.999931 0.000313 0.043020 0.000000 0.000000 0.000000 1.000000
-0.175338 -0.001757 -0.984507 -0.446779 -0.984438 -0.011650 0.175346 -0.111214 -0.011777 0.999931 0.000313 0.043020 0.000000 0.000000 0.000000 1.000000
-0.175338 -0.001757 -0.984507 -0.446779 -0.984438 -0.011650 0.175346 -0.111214 -0.011777 0.999931 0.000313 0.043020 0.000000 0.000000 0.000000 1.000000
-0.175338 -0.001757 -0.984507 -0.446779 -0.984438 -0.011650 0.175346 -0.111214 -0.011777 0.999931 0.000313 0.043020 0.000000 0.000000 0.000000 1.000000
-0.175338 -0.001757 -0.984507 -0.446779 -0.984438 -0.011650 0.175346 -0.111214 -0.011777 0.999931 0.000313 0.043020 0.000000 0.000000 0.000000 1.000000
-0.175338 -0.001757 -0.984507 -0.446779 -0.984438 -0.011650 0.175346 -0.111214 -0.011777 0.999931 0.000313 0.043020 0.000000 0.000000 0.000000 1.000000
-0.175338 -0.001757 -0.984507 -0.446779 -0.984438 -0.011650 0.175346 -0.111214 -0.011777 0.999931 0.000313 0.043020 0.000000 0.000000 0.000000 1.000000</float_array><technique_common><accessor source="#jnt_right_upleg-Matrix-animation-output-transform-array" count="51" stride="16"><param type="float4x4"/></accessor></technique_common></source><source id="jnt_right_upleg-Interpolations"><Name_array id="jnt_right_upleg-Interpolations-array" count="51">
 LINEAR LINEAR LINEAR LINEAR LINEAR LINEAR LINEAR LINEAR LINEAR LINEAR LINEAR
LINEAR LINEAR LINEAR LINEAR LINEAR LINEAR LINEAR LINEAR LINEAR LINEAR LINEAR LINEAR
LINEAR LINEAR LINEAR LINEAR LINEAR LINEAR LINEAR LINEAR LINEAR LINEAR LINEAR LINEAR
LINEAR LINEAR LINEAR LINEAR LINEAR LINEAR LINEAR LINEAR LINEAR LINEAR LINEAR LINEAR
LINEAR LINEAR LINEAR LINEAR</Name_array><technique_common><accessor source="#jnt_right_upleg-Interpolations-array" count="51"><param type="name"/></accessor></technique_common></source><sampler id="jnt_right_upleg-Matrix-animation-transform"><input semantic="INPUT" source="#jnt_right_upleg-Matrix-animation-input"/><input semantic="OUTPUT" source="#jnt_right_upleg-Matrix-animation-output-transform"/><input semantic="INTERPOLATION" source="#jnt_right_upleg-Interpolations"/></sampler><channel source="#jnt_right_upleg-Matrix-animation-transform" target="jnt_right_upleg/matrix"/></animation></animation>
    <animation id="jnt_right_uplegroll-anim" name="jnt_right_uplegroll"><animation><source id="jnt_right_uplegroll-Matrix-animation-input"><float_array id="jnt_right_uplegroll-Matrix-animation-input-array" count="51">

0.000000 0.033333 0.066667 0.100000 0.133333 0.166667 0.200000 0.233333 0.266667 0.300000 0.333333 0.366667 0.400000 0.433333 0.466667 0.500000
0.533333 0.566667 0.600000 0.633333 0.666667 0.700000 0.733333 0.766667 0.800000 0.833333 0.866667 0.900000 0.933333 0.966667 1.000000 1.033333
1.066667 1.100000 1.133333 1.166667 1.200000 1.233333 1.266667 1.300000 1.333333 1.366667 1.400000 1.433333 1.466667 1.500000 1.533333 1.566667
1.600000 1.633333 1.666667</float_array><technique_common><accessor source="#jnt_right_uplegroll-Matrix-animation-input-array" count="51"><param name="TIME" type="float"/></accessor></technique_common></source><source id="jnt_right_uplegroll-Matrix-animation-output-transform"><float_array id="jnt_right_uplegroll-Matrix-animation-output-transform-array" count="816">

1.000000 -0.000000 -0.000000 0.430000 0.000000 1.000000 -0.000000 -0.000000 0.000000 0.000000 1.000000 -0.000000 0.000000 0.000000 0.000000 1.000000
1.000000 -0.000000 -0.000000 0.430000 0.000000 1.000000 -0.000000 -0.000000 0.000000 0.000000 1.000000 -0.000000 0.000000 0.000000 0.000000 1.000000
1.000000 -0.000000 -0.000000 0.430000 0.000000 1.000000 -0.000000 -0.000000 0.000000 0.000000 1.000000 -0.000000 0.000000 0.000000 0.000000 1.000000
1.000000 -0.000000 -0.000000 0.430000 0.000000 1.000000 -0.000000 -0.000000 0.000000 0.000000 1.000000 -0.000000 0.000000 0.000000 0.000000 1.000000
1.000000 -0.000000 -0.000000 0.430000 0.000000 1.000000 -0.000000 -0.000000 0.000000 0.000000 1.000000 -0.000000 0.000000 0.000000 0.000000 1.000000
1.000000 -0.000000 -0.000000 0.430000 0.000000 1.000000 -0.000000 -0.000000 0.000000 0.000000 1.000000 -0.000000 0.000000 0.000000 0.000000 1.000000
1.000000 -0.000000 -0.000000 0.430000 0.000000 1.000000 -0.000000 -0.000000 0.000000 0.000000 1.000000 -0.000000 0.000000 0.000000 0.000000 1.000000
1.000000 -0.000000 -0.000000 0.430000 0.000000 1.000000 -0.000000 -0.000000 0.000000 0.000000 1.000000 -0.000000 0.000000 0.000000 0.000000 1.000000
1.000000 -0.000000 -0.000000 0.430000 0.000000 1.000000 -0.000000 -0.000000 0.000000 0.000000 1.000000 -0.000000 0.000000 0.000000 0.000000 1.000000
1.000000 -0.000000 -0.000000 0.430000 0.000000 1.000000 -0.000000 -0.000000 0.000000 0.000000 1.000000 -0.000000 0.000000 0.000000 0.000000 1.000000
1.000000 -0.000000 -0.000000 0.430000 0.000000 1.000000 -0.000000 -0.000000 0.000000 0.000000 1.000000 -0.000000 0.000000 0.000000 0.000000 1.000000
1.000000 -0.000000 -0.000000 0.430000 0.000000 1.000000 -0.000000 -0.000000 0.000000 0.000000 1.000000 -0.000000 0.000000 0.000000 0.000000 1.000000
1.000000 -0.000000 -0.000000 0.430000 0.000000 1.000000 -0.000000 -0.000000 0.000000 0.000000 1.000000 -0.000000 0.000000 0.000000 0.000000 1.000000
1.000000 -0.000000 -0.000000 0.430000 0.000000 1.000000 -0.000000 -0.000000 0.000000 0.000000 1.000000 -0.000000 0.000000 0.000000 0.000000 1.000000
1.000000 -0.000000 -0.000000 0.430000 0.000000 1.000000 -0.000000 -0.000000 0.000000 0.000000 1.000000 -0.000000 0.000000 0.000000 0.000000 1.000000
1.000000 -0.000000 -0.000000 0.430000 0.000000 1.000000 -0.000000 -0.000000 0.000000 0.000000 1.000000 -0.000000 0.000000 0.000000 0.000000 1.000000
1.000000 -0.000000 -0.000000 0.430000 0.000000 1.000000 -0.000000 -0.000000 0.000000 0.000000 1.000000 -0.000000 0.000000 0.000000 0.000000 1.000000
1.000000 -0.000000 -0.000000 0.430000 0.000000 1.000000 -0.000000 -0.000000 0.000000 0.000000 1.000000 -0.000000 0.000000 0.000000 0.000000 1.000000
1.000000 -0.000000 -0.000000 0.430000 0.000000 1.000000 -0.000000 -0.000000 0.000000 0.000000 1.000000 -0.000000 0.000000 0.000000 0.000000 1.000000
1.000000 -0.000000 -0.000000 0.430000 0.000000 1.000000 -0.000000 -0.000000 0.000000 0.000000 1.000000 -0.000000 0.000000 0.000000 0.000000 1.000000
1.000000 -0.000000 -0.000000 0.430000 0.000000 1.000000 -0.000000 -0.000000 0.000000 0.000000 1.000000 -0.000000 0.000000 0.000000 0.000000 1.000000
1.000000 -0.000000 -0.000000 0.430000 0.000000 1.000000 -0.000000 -0.000000 0.000000 0.000000 1.000000 -0.000000 0.000000 0.000000 0.000000 1.000000
1.000000 -0.000000 -0.000000 0.430000 0.000000 1.000000 -0.000000 -0.000000 0.000000 0.000000 1.000000 -0.000000 0.000000 0.000000 0.000000 1.000000
1.000000 -0.000000 -0.000000 0.430000 0.000000 1.000000 -0.000000 -0.000000 0.000000 0.000000 1.000000 -0.000000 0.000000 0.000000 0.000000 1.000000
1.000000 -0.000000 -0.000000 0.430000 0.000000 1.000000 -0.000000 -0.000000 0.000000 0.000000 1.000000 -0.000000 0.000000 0.000000 0.000000 1.000000
1.000000 -0.000000 -0.000000 0.430000 0.000000 1.000000 -0.000000 -0.000000 0.000000 0.000000 1.000000 -0.000000 0.000000 0.000000 0.000000 1.000000
1.000000 -0.000000 -0.000000 0.430000 0.000000 1.000000 -0.000000 -0.000000 0.000000 0.000000 1.000000 -0.000000 0.000000 0.000000 0.000000 1.000000
1.000000 -0.000000 -0.000000 0.430000 0.000000 1.000000 -0.000000 -0.000000 0.000000 0.000000 1.000000 -0.000000 0.000000 0.000000 0.000000 1.000000
1.000000 -0.000000 -0.000000 0.430000 0.000000 1.000000 -0.000000 -0.000000 0.000000 0.000000 1.000000 -0.000000 0.000000 0.000000 0.000000 1.000000
1.000000 -0.000000 -0.000000 0.430000 0.000000 1.000000 -0.000000 -0.000000 0.000000 0.000000 1.000000 -0.000000 0.000000 0.000000 0.000000 1.000000
1.000000 -0.000000 -0.000000 0.430000 0.000000 1.000000 -0.000000 -0.000000 0.000000 0.000000 1.000000 -0.000000 0.000000 0.000000 0.000000 1.000000
1.000000 -0.000000 -0.000000 0.430000 0.000000 1.000000 -0.000000 -0.000000 0.000000 0.000000 1.000000 -0.000000 0.000000 0.000000 0.000000 1.000000
1.000000 -0.000000 -0.000000 0.430000 0.000000 1.000000 -0.000000 -0.000000 0.000000 0.000000 1.000000 -0.000000 0.000000 0.000000 0.000000 1.000000
1.000000 -0.000000 -0.000000 0.430000 0.000000 1.000000 -0.000000 -0.000000 0.000000 0.000000 1.000000 -0.000000 0.000000 0.000000 0.000000 1.000000
1.000000 -0.000000 -0.000000 0.430000 0.000000 1.000000 -0.000000 -0.000000 0.000000 0.000000 1.000000 -0.000000 0.000000 0.000000 0.000000 1.000000
1.000000 -0.000000 -0.000000 0.430000 0.000000 1.000000 -0.000000 -0.000000 0.000000 0.000000 1.000000 -0.000000 0.000000 0.000000 0.000000 1.000000
1.000000 -0.000000 -0.000000 0.430000 0.000000 1.000000 -0.000000 -0.000000 0.000000 0.000000 1.000000 -0.000000 0.000000 0.000000 0.000000 1.000000
1.000000 -0.000000 -0.000000 0.430000 0.000000 1.000000 -0.000000 -0.000000 0.000000 0.000000 1.000000 -0.000000 0.000000 0.000000 0.000000 1.000000
1.000000 -0.000000 -0.000000 0.430000 0.000000 1.000000 -0.000000 -0.000000 0.000000 0.000000 1.000000 -0.000000 0.000000 0.000000 0.000000 1.000000
1.000000 -0.000000 -0.000000 0.430000 0.000000 1.000000 -0.000000 -0.000000 0.000000 0.000000 1.000000 -0.000000 0.000000 0.000000 0.000000 1.000000
1.000000 -0.000000 -0.000000 0.430000 0.000000 1.000000 -0.000000 -0.000000 0.000000 0.000000 1.000000 -0.000000 0.000000 0.000000 0.000000 1.000000
1.000000 -0.000000 -0.000000 0.430000 0.000000 1.000000 -0.000000 -0.000000 0.000000 0.000000 1.000000 -0.000000 0.000000 0.000000 0.000000 1.000000
1.000000 -0.000000 -0.000000 0.430000 0.000000 1.000000 -0.000000 -0.000000 0.000000 0.000000 1.000000 -0.000000 0.000000 0.000000 0.000000 1.000000
1.000000 -0.000000 -0.000000 0.430000 0.000000 1.000000 -0.000000 -0.000000 0.000000 0.000000 1.000000 -0.000000 0.000000 0.000000 0.000000 1.000000
1.000000 -0.000000 -0.000000 0.430000 0.000000 1.000000 -0.000000 -0.000000 0.000000 0.000000 1.000000 -0.000000 0.000000 0.000000 0.000000 1.000000
1.000000 -0.000000 -0.000000 0.430000 0.000000 1.000000 -0.000000 -0.000000 0.000000 0.000000 1.000000 -0.000000 0.000000 0.000000 0.000000 1.000000
1.000000 -0.000000 -0.000000 0.430000 0.000000 1.000000 -0.000000 -0.000000 0.000000 0.000000 1.000000 -0.000000 0.000000 0.000000 0.000000 1.000000
1.000000 -0.000000 -0.000000 0.430000 0.000000 1.000000 -0.000000 -0.000000 0.000000 0.000000 1.000000 -0.000000 0.000000 0.000000 0.000000 1.000000
1.000000 -0.000000 -0.000000 0.430000 0.000000 1.000000 -0.000000 -0.000000 0.000000 0.000000 1.000000 -0.000000 0.000000 0.000000 0.000000 1.000000
1.000000 -0.000000 -0.000000 0.430000 0.000000 1.000000 -0.000000 -0.000000 0.000000 0.000000 1.000000 -0.000000 0.000000 0.000000 0.000000 1.000000
1.000000 -0.000000 -0.000000 0.430000 0.000000 1.000000 -0.000000 -0.000000 0.000000 0.000000 1.000000 -0.000000 0.000000 0.000000 0.000000 1.000000</float_array><technique_common><accessor source="#jnt_right_uplegroll-Matrix-animation-output-transform-array" count="51" stride="16"><param type="float4x4"/></accessor></technique_common></source><source id="jnt_right_uplegroll-Interpolations"><Name_array id="jnt_right_uplegroll-Interpolations-array" count="51">
 LINEAR LINEAR LINEAR LINEAR LINEAR LINEAR LINEAR LINEAR LINEAR LINEAR LINEAR
LINEAR LINEAR LINEAR LINEAR LINEAR LINEAR LINEAR LINEAR LINEAR LINEAR LINEAR LINEAR
LINEAR LINEAR LINEAR LINEAR LINEAR LINEAR LINEAR LINEAR LINEAR LINEAR LINEAR LINEAR
LINEAR LINEAR LINEAR LINEAR LINEAR LINEAR LINEAR LINEAR LINEAR LINEAR LINEAR LINEAR
LINEAR LINEAR LINEAR LINEAR</Name_array><technique_common><accessor source="#jnt_right_uplegroll-Interpolations-array" count="51"><param type="name"/></accessor></technique_common></source><sampler id="jnt_right_uplegroll-Matrix-animation-transform"><input semantic="INPUT" source="#jnt_right_uplegroll-Matrix-animation-input"/><input semantic="OUTPUT" source="#jnt_right_uplegroll-Matrix-animation-output-transform"/><input semantic="INTERPOLATION" source="#jnt_right_uplegroll-Interpolations"/></sampler><channel source="#jnt_right_uplegroll-Matrix-animation-transform" target="jnt_right_uplegroll/matrix"/></animation></animation>
    <animation id="jnt_right_leg-anim" name="jnt_right_leg"><animation><source id="jnt_right_leg-Matrix-animation-input"><float_array id="jnt_right_leg-Matrix-animation-input-array" count="51">

0.000000 0.033333 0.066667 0.100000 0.133333 0.166667 0.200000 0.233333 0.266667 0.300000 0.333333 0.366667 0.400000 0.433333 0.466667 0.500000
0.533333 0.566667 0.600000 0.633333 0.666667 0.700000 0.733333 0.766667 0.800000 0.833333 0.866667 0.900000 0.933333 0.966667 1.000000 1.033333
1.066667 1.100000 1.133333 1.166667 1.200000 1.233333 1.266667 1.300000 1.333333 1.366667 1.400000 1.433333 1.466667 1.500000 1.533333 1.566667
1.600000 1.633333 1.666667</float_array><technique_common><accessor source="#jnt_right_leg-Matrix-animation-input-array" count="51"><param name="TIME" type="float"/></accessor></technique_common></source><source id="jnt_right_leg-Matrix-animation-output-transform"><float_array id="jnt_right_leg-Matrix-animation-output-transform-array" count="816">

0.984637 0.174611 -0.000000 0.860324 -0.174611 0.984637 0.000000 -0.000000 0.000000 -0.000000 1.000000 -0.000000 0.000000 0.000000 0.000000 1.000000
0.984637 0.174611 -0.000000 0.860324 -0.174611 0.984637 0.000000 -0.000000 0.000000 -0.000000 1.000000 -0.000000 0.000000 0.000000 0.000000 1.000000
0.984637 0.174611 -0.000000 0.860324 -0.174611 0.984637 0.000000 -0.000000 0.000000 -0.000000 1.000000 -0.000000 0.000000 0.000000 0.000000 1.000000
0.984637 0.174611 -0.000000 0.860324 -0.174611 0.984637 0.000000 -0.000000 0.000000 -0.000000 1.000000 -0.000000 0.000000 0.000000 0.000000 1.000000
0.984637 0.174611 -0.000000 0.860324 -0.174611 0.984637 0.000000 -0.000000 0.000000 -0.000000 1.000000 -0.000000 0.000000 0.000000 0.000000 1.000000
0.984637 0.174611 -0.000000 0.860324 -0.174611 0.984637 0.000000 -0.000000 0.000000 -0.000000 1.000000 -0.000000 0.000000 0.000000 0.000000 1.000000
0.984637 0.174611 -0.000000 0.860324 -0.174611 0.984637 0.000000 -0.000000 0.000000 -0.000000 1.000000 -0.000000 0.000000 0.000000 0.000000 1.000000
0.984637 0.174611 -0.000000 0.860324 -0.174611 0.984637 0.000000 -0.000000 0.000000 -0.000000 1.000000 -0.000000 0.000000 0.000000 0.000000 1.000000
0.984637 0.174611 -0.000000 0.860324 -0.174611 0.984637 0.000000 -0.000000 0.000000 -0.000000 1.000000 -0.000000 0.000000 0.000000 0.000000 1.000000
0.984637 0.174611 -0.000000 0.860324 -0.174611 0.984637 0.000000 -0.000000 0.000000 -0.000000 1.000000 -0.000000 0.000000 0.000000 0.000000 1.000000
0.984637 0.174611 -0.000000 0.860324 -0.174611 0.984637 0.000000 -0.000000 0.000000 -0.000000 1.000000 -0.000000 0.000000 0.000000 0.000000 1.000000
0.984637 0.174611 -0.000000 0.860324 -0.174611 0.984637 0.000000 -0.000000 0.000000 -0.000000 1.000000 -0.000000 0.000000 0.000000 0.000000 1.000000
0.984637 0.174611 -0.000000 0.860324 -0.174611 0.984637 0.000000 -0.000000 0.000000 -0.000000 1.000000 -0.000000 0.000000 0.000000 0.000000 1.000000
0.984637 0.174611 -0.000000 0.860324 -0.174611 0.984637 0.000000 -0.000000 0.000000 -0.000000 1.000000 -0.000000 0.000000 0.000000 0.000000 1.000000
0.984637 0.174611 -0.000000 0.860324 -0.174611 0.984637 0.000000 -0.000000 0.000000 -0.000000 1.000000 -0.000000 0.000000 0.000000 0.000000 1.000000
0.984637 0.174611 -0.000000 0.860324 -0.174611 0.984637 0.000000 -0.000000 0.000000 -0.000000 1.000000 -0.000000 0.000000 0.000000 0.000000 1.000000
0.984637 0.174611 -0.000000 0.860324 -0.174611 0.984637 0.000000 -0.000000 0.000000 -0.000000 1.000000 -0.000000 0.000000 0.000000 0.000000 1.000000
0.984637 0.174611 -0.000000 0.860324 -0.174611 0.984637 0.000000 -0.000000 0.000000 -0.000000 1.000000 -0.000000 0.000000 0.000000 0.000000 1.000000
0.984637 0.174611 -0.000000 0.860324 -0.174611 0.984637 0.000000 -0.000000 0.000000 -0.000000 1.000000 -0.000000 0.000000 0.000000 0.000000 1.000000
0.984637 0.174611 -0.000000 0.860324 -0.174611 0.984637 0.000000 -0.000000 0.000000 -0.000000 1.000000 -0.000000 0.000000 0.000000 0.000000 1.000000
0.984637 0.174611 -0.000000 0.860324 -0.174611 0.984637 0.000000 -0.000000 0.000000 -0.000000 1.000000 -0.000000 0.000000 0.000000 0.000000 1.000000
0.984637 0.174611 -0.000000 0.860324 -0.174611 0.984637 0.000000 -0.000000 0.000000 -0.000000 1.000000 -0.000000 0.000000 0.000000 0.000000 1.000000
0.984637 0.174611 -0.000000 0.860324 -0.174611 0.984637 0.000000 -0.000000 0.000000 -0.000000 1.000000 -0.000000 0.000000 0.000000 0.000000 1.000000
0.984637 0.174611 -0.000000 0.860324 -0.174611 0.984637 0.000000 -0.000000 0.000000 -0.000000 1.000000 -0.000000 0.000000 0.000000 0.000000 1.000000
0.984637 0.174611 -0.000000 0.860324 -0.174611 0.984637 0.000000 -0.000000 0.000000 -0.000000 1.000000 -0.000000 0.000000 0.000000 0.000000 1.000000
0.984637 0.174611 -0.000000 0.860324 -0.174611 0.984637 0.000000 -0.000000 0.000000 -0.000000 1.000000 -0.000000 0.000000 0.000000 0.000000 1.000000
0.984637 0.174611 -0.000000 0.860324 -0.174611 0.984637 0.000000 -0.000000 0.000000 -0.000000 1.000000 -0.000000 0.000000 0.000000 0.000000 1.000000
0.984637 0.174611 -0.000000 0.860324 -0.174611 0.984637 0.000000 -0.000000 0.000000 -0.000000 1.000000 -0.000000 0.000000 0.000000 0.000000 1.000000
0.984637 0.174611 -0.000000 0.860324 -0.174611 0.984637 0.000000 -0.000000 0.000000 -0.000000 1.000000 -0.000000 0.000000 0.000000 0.000000 1.000000
0.984637 0.174611 -0.000000 0.860324 -0.174611 0.984637 0.000000 -0.000000 0.000000 -0.000000 1.000000 -0.000000 0.000000 0.000000 0.000000 1.000000
0.984637 0.174611 -0.000000 0.860324 -0.174611 0.984637 0.000000 -0.000000 0.000000 -0.000000 1.000000 -0.000000 0.000000 0.000000 0.000000 1.000000
0.984637 0.174611 -0.000000 0.860324 -0.174611 0.984637 0.000000 -0.000000 0.000000 -0.000000 1.000000 -0.000000 0.000000 0.000000 0.000000 1.000000
0.984637 0.174611 -0.000000 0.860324 -0.174611 0.984637 0.000000 -0.000000 0.000000 -0.000000 1.000000 -0.000000 0.000000 0.000000 0.000000 1.000000
0.984637 0.174611 -0.000000 0.860324 -0.174611 0.984637 0.000000 -0.000000 0.000000 -0.000000 1.000000 -0.000000 0.000000 0.000000 0.000000 1.000000
0.984637 0.174611 -0.000000 0.860324 -0.174611 0.984637 0.000000 -0.000000 0.000000 -0.000000 1.000000 -0.000000 0.000000 0.000000 0.000000 1.000000
0.984637 0.174611 -0.000000 0.860324 -0.174611 0.984637 0.000000 -0.000000 0.000000 -0.000000 1.000000 -0.000000 0.000000 0.000000 0.000000 1.000000
0.984637 0.174611 -0.000000 0.860324 -0.174611 0.984637 0.000000 -0.000000 0.000000 -0.000000 1.000000 -0.000000 0.000000 0.000000 0.000000 1.000000
0.984637 0.174611 -0.000000 0.860324 -0.174611 0.984637 0.000000 -0.000000 0.000000 -0.000000 1.000000 -0.000000 0.000000 0.000000 0.000000 1.000000
0.984637 0.174611 -0.000000 0.860324 -0.174611 0.984637 0.000000 -0.000000 0.000000 -0.000000 1.000000 -0.000000 0.000000 0.000000 0.000000 1.000000
0.984637 0.174611 -0.000000 0.860324 -0.174611 0.984637 0.000000 -0.000000 0.000000 -0.000000 1.000000 -0.000000 0.000000 0.000000 0.000000 1.000000
0.984637 0.174611 -0.000000 0.860324 -0.174611 0.984637 0.000000 -0.000000 0.000000 -0.000000 1.000000 -0.000000 0.000000 0.000000 0.000000 1.000000
0.984637 0.174611 -0.000000 0.860324 -0.174611 0.984637 0.000000 -0.000000 0.000000 -0.000000 1.000000 -0.000000 0.000000 0.000000 0.000000 1.000000
0.984637 0.174611 -0.000000 0.860324 -0.174611 0.984637 0.000000 -0.000000 0.000000 -0.000000 1.000000 -0.000000 0.000000 0.000000 0.000000 1.000000
0.984637 0.174611 -0.000000 0.860324 -0.174611 0.984637 0.000000 -0.000000 0.000000 -0.000000 1.000000 -0.000000 0.000000 0.000000 0.000000 1.000000
0.984637 0.174611 -0.000000 0.860324 -0.174611 0.984637 0.000000 -0.000000 0.000000 -0.000000 1.000000 -0.000000 0.000000 0.000000 0.000000 1.000000
0.984637 0.174611 -0.000000 0.860324 -0.174611 0.984637 0.000000 -0.000000 0.000000 -0.000000 1.000000 -0.000000 0.000000 0.000000 0.000000 1.000000
0.984637 0.174611 -0.000000 0.860324 -0.174611 0.984637 0.000000 -0.000000 0.000000 -0.000000 1.000000 -0.000000 0.000000 0.000000 0.000000 1.000000
0.984637 0.174611 -0.000000 0.860324 -0.174611 0.984637 0.000000 -0.000000 0.000000 -0.000000 1.000000 -0.000000 0.000000 0.000000 0.000000 1.000000
0.984637 0.174611 -0.000000 0.860324 -0.174611 0.984637 0.000000 -0.000000 0.000000 -0.000000 1.000000 -0.000000 0.000000 0.000000 0.000000 1.000000
0.984637 0.174611 -0.000000 0.860324 -0.174611 0.984637 0.000000 -0.000000 0.000000 -0.000000 1.000000 -0.000000 0.000000 0.000000 0.000000 1.000000
0.984637 0.174611 -0.000000 0.860324 -0.174611 0.984637 0.000000 -0.000000 0.000000 -0.000000 1.000000 -0.000000 0.000000 0.000000 0.000000 1.000000</float_array><technique_common><accessor source="#jnt_right_leg-Matrix-animation-output-transform-array" count="51" stride="16"><param type="float4x4"/></accessor></technique_common></source><source id="jnt_right_leg-Interpolations"><Name_array id="jnt_right_leg-Interpolations-array" count="51">
 LINEAR LINEAR LINEAR LINEAR LINEAR LINEAR LINEAR LINEAR LINEAR LINEAR LINEAR
LINEAR LINEAR LINEAR LINEAR LINEAR LINEAR LINEAR LINEAR LINEAR LINEAR LINEAR LINEAR
LINEAR LINEAR LINEAR LINEAR LINEAR LINEAR LINEAR LINEAR LINEAR LINEAR LINEAR LINEAR
LINEAR LINEAR LINEAR LINEAR LINEAR LINEAR LINEAR LINEAR LINEAR LINEAR LINEAR LINEAR
LINEAR LINEAR LINEAR LINEAR</Name_array><technique_common><accessor source="#jnt_right_leg-Interpolations-array" count="51"><param type="name"/></accessor></technique_common></source><sampler id="jnt_right_leg-Matrix-animation-transform"><input semantic="INPUT" source="#jnt_right_leg-Matrix-animation-input"/><input semantic="OUTPUT" source="#jnt_right_leg-Matrix-animation-output-transform"/><input semantic="INTERPOLATION" source="#jnt_right_leg-Interpolations"/></sampler><channel source="#jnt_right_leg-Matrix-animation-transform" target="jnt_right_leg/matrix"/></animation></animation>
    <animation id="jnt_right_legroll-anim" name="jnt_right_legroll"><animation><source id="jnt_right_legroll-Matrix-animation-input"><float_array id="jnt_right_legroll-Matrix-animation-input-array" count="51">

0.000000 0.033333 0.066667 0.100000 0.133333 0.166667 0.200000 0.233333 0.266667 0.300000 0.333333 0.366667 0.400000 0.433333 0.466667 0.500000
0.533333 0.566667 0.600000 0.633333 0.666667 0.700000 0.733333 0.766667 0.800000 0.833333 0.866667 0.900000 0.933333 0.966667 1.000000 1.033333
1.066667 1.100000 1.133333 1.166667 1.200000 1.233333 1.266667 1.300000 1.333333 1.366667 1.400000 1.433333 1.466667 1.500000 1.533333 1.566667
1.600000 1.633333 1.666667</float_array><technique_common><accessor source="#jnt_right_legroll-Matrix-animation-input-array" count="51"><param name="TIME" type="float"/></accessor></technique_common></source><source id="jnt_right_legroll-Matrix-animation-output-transform"><float_array id="jnt_right_legroll-Matrix-animation-output-transform-array" count="816">

1.000000 0.000000 0.000000 0.384000 -0.000000 1.000000 0.000000 0.000000 -0.000000 -0.000000 1.000000 0.000000 0.000000 0.000000 0.000000 1.000000
1.000000 0.000000 0.000000 0.384000 -0.000000 1.000000 0.000000 0.000000 -0.000000 -0.000000 1.000000 0.000000 0.000000 0.000000 0.000000 1.000000
1.000000 0.000000 0.000000 0.384000 -0.000000 1.000000 0.000000 0.000000 -0.000000 -0.000000 1.000000 0.000000 0.000000 0.000000 0.000000 1.000000
1.000000 0.000000 0.000000 0.384000 -0.000000 1.000000 0.000000 0.000000 -0.000000 -0.000000 1.000000 0.000000 0.000000 0.000000 0.000000 1.000000
1.000000 0.000000 0.000000 0.384000 -0.000000 1.000000 0.000000 0.000000 -0.000000 -0.000000 1.000000 0.000000 0.000000 0.000000 0.000000 1.000000
1.000000 0.000000 0.000000 0.384000 -0.000000 1.000000 0.000000 0.000000 -0.000000 -0.000000 1.000000 0.000000 0.000000 0.000000 0.000000 1.000000
1.000000 0.000000 0.000000 0.384000 -0.000000 1.000000 0.000000 0.000000 -0.000000 -0.000000 1.000000 0.000000 0.000000 0.000000 0.000000 1.000000
1.000000 0.000000 0.000000 0.384000 -0.000000 1.000000 0.000000 0.000000 -0.000000 -0.000000 1.000000 0.000000 0.000000 0.000000 0.000000 1.000000
1.000000 0.000000 0.000000 0.384000 -0.000000 1.000000 0.000000 0.000000 -0.000000 -0.000000 1.000000 0.000000 0.000000 0.000000 0.000000 1.000000
1.000000 0.000000 0.000000 0.384000 -0.000000 1.000000 0.000000 0.000000 -0.000000 -0.000000 1.000000 0.000000 0.000000 0.000000 0.000000 1.000000
1.000000 0.000000 0.000000 0.384000 -0.000000 1.000000 0.000000 0.000000 -0.000000 -0.000000 1.000000 0.000000 0.000000 0.000000 0.000000 1.000000
1.000000 0.000000 0.000000 0.384000 -0.000000 1.000000 0.000000 0.000000 -0.000000 -0.000000 1.000000 0.000000 0.000000 0.000000 0.000000 1.000000
1.000000 0.000000 0.000000 0.384000 -0.000000 1.000000 0.000000 0.000000 -0.000000 -0.000000 1.000000 0.000000 0.000000 0.000000 0.000000 1.000000
1.000000 0.000000 0.000000 0.384000 -0.000000 1.000000 0.000000 0.000000 -0.000000 -0.000000 1.000000 0.000000 0.000000 0.000000 0.000000 1.000000
1.000000 0.000000 0.000000 0.384000 -0.000000 1.000000 0.000000 0.000000 -0.000000 -0.000000 1.000000 0.000000 0.000000 0.000000 0.000000 1.000000
1.000000 0.000000 0.000000 0.384000 -0.000000 1.000000 0.000000 0.000000 -0.000000 -0.000000 1.000000 0.000000 0.000000 0.000000 0.000000 1.000000
1.000000 0.000000 0.000000 0.384000 -0.000000 1.000000 0.000000 0.000000 -0.000000 -0.000000 1.000000 0.000000 0.000000 0.000000 0.000000 1.000000
1.000000 0.000000 0.000000 0.384000 -0.000000 1.000000 0.000000 0.000000 -0.000000 -0.000000 1.000000 0.000000 0.000000 0.000000 0.000000 1.000000
1.000000 0.000000 0.000000 0.384000 -0.000000 1.000000 0.000000 0.000000 -0.000000 -0.000000 1.000000 0.000000 0.000000 0.000000 0.000000 1.000000
1.000000 0.000000 0.000000 0.384000 -0.000000 1.000000 0.000000 0.000000 -0.000000 -0.000000 1.000000 0.000000 0.000000 0.000000 0.000000 1.000000
1.000000 0.000000 0.000000 0.384000 -0.000000 1.000000 0.000000 0.000000 -0.000000 -0.000000 1.000000 0.000000 0.000000 0.000000 0.000000 1.000000
1.000000 0.000000 0.000000 0.384000 -0.000000 1.000000 0.000000 0.000000 -0.000000 -0.000000 1.000000 0.000000 0.000000 0.000000 0.000000 1.000000
1.000000 0.000000 0.000000 0.384000 -0.000000 1.000000 0.000000 0.000000 -0.000000 -0.000000 1.000000 0.000000 0.000000 0.000000 0.000000 1.000000
1.000000 0.000000 0.000000 0.384000 -0.000000 1.000000 0.000000 0.000000 -0.000000 -0.000000 1.000000 0.000000 0.000000 0.000000 0.000000 1.000000
1.000000 0.000000 0.000000 0.384000 -0.000000 1.000000 0.000000 0.000000 -0.000000 -0.000000 1.000000 0.000000 0.000000 0.000000 0.000000 1.000000
1.000000 0.000000 0.000000 0.384000 -0.000000 1.000000 0.000000 0.000000 -0.000000 -0.000000 1.000000 0.000000 0.000000 0.000000 0.000000 1.000000
1.000000 0.000000 0.000000 0.384000 -0.000000 1.000000 0.000000 0.000000 -0.000000 -0.000000 1.000000 0.000000 0.000000 0.000000 0.000000 1.000000
1.000000 0.000000 0.000000 0.384000 -0.000000 1.000000 0.000000 0.000000 -0.000000 -0.000000 1.000000 0.000000 0.000000 0.000000 0.000000 1.000000
1.000000 0.000000 0.000000 0.384000 -0.000000 1.000000 0.000000 0.000000 -0.000000 -0.000000 1.000000 0.000000 0.000000 0.000000 0.000000 1.000000
1.000000 0.000000 0.000000 0.384000 -0.000000 1.000000 0.000000 0.000000 -0.000000 -0.000000 1.000000 0.000000 0.000000 0.000000 0.000000 1.000000
1.000000 0.000000 0.000000 0.384000 -0.000000 1.000000 0.000000 0.000000 -0.000000 -0.000000 1.000000 0.000000 0.000000 0.000000 0.000000 1.000000
1.000000 0.000000 0.000000 0.384000 -0.000000 1.000000 0.000000 0.000000 -0.000000 -0.000000 1.000000 0.000000 0.000000 0.000000 0.000000 1.000000
1.000000 0.000000 0.000000 0.384000 -0.000000 1.000000 0.000000 0.000000 -0.000000 -0.000000 1.000000 0.000000 0.000000 0.000000 0.000000 1.000000
1.000000 0.000000 0.000000 0.384000 -0.000000 1.000000 0.000000 0.000000 -0.000000 -0.000000 1.000000 0.000000 0.000000 0.000000 0.000000 1.000000
1.000000 0.000000 0.000000 0.384000 -0.000000 1.000000 0.000000 0.000000 -0.000000 -0.000000 1.000000 0.000000 0.000000 0.000000 0.000000 1.000000
1.000000 0.000000 0.000000 0.384000 -0.000000 1.000000 0.000000 0.000000 -0.000000 -0.000000 1.000000 0.000000 0.000000 0.000000 0.000000 1.000000
1.000000 0.000000 0.000000 0.384000 -0.000000 1.000000 0.000000 0.000000 -0.000000 -0.000000 1.000000 0.000000 0.000000 0.000000 0.000000 1.000000
1.000000 0.000000 0.000000 0.384000 -0.000000 1.000000 0.000000 0.000000 -0.000000 -0.000000 1.000000 0.000000 0.000000 0.000000 0.000000 1.000000
1.000000 0.000000 0.000000 0.384000 -0.000000 1.000000 0.000000 0.000000 -0.000000 -0.000000 1.000000 0.000000 0.000000 0.000000 0.000000 1.000000
1.000000 0.000000 0.000000 0.384000 -0.000000 1.000000 0.000000 0.000000 -0.000000 -0.000000 1.000000 0.000000 0.000000 0.000000 0.000000 1.000000
1.000000 0.000000 0.000000 0.384000 -0.000000 1.000000 0.000000 0.000000 -0.000000 -0.000000 1.000000 0.000000 0.000000 0.000000 0.000000 1.000000
1.000000 0.000000 0.000000 0.384000 -0.000000 1.000000 0.000000 0.000000 -0.000000 -0.000000 1.000000 0.000000 0.000000 0.000000 0.000000 1.000000
1.000000 0.000000 0.000000 0.384000 -0.000000 1.000000 0.000000 0.000000 -0.000000 -0.000000 1.000000 0.000000 0.000000 0.000000 0.000000 1.000000
1.000000 0.000000 0.000000 0.384000 -0.000000 1.000000 0.000000 0.000000 -0.000000 -0.000000 1.000000 0.000000 0.000000 0.000000 0.000000 1.000000
1.000000 0.000000 0.000000 0.384000 -0.000000 1.000000 0.000000 0.000000 -0.000000 -0.000000 1.000000 0.000000 0.000000 0.000000 0.000000 1.000000
1.000000 0.000000 0.000000 0.384000 -0.000000 1.000000 0.000000 0.000000 -0.000000 -0.000000 1.000000 0.000000 0.000000 0.000000 0.000000 1.000000
1.000000 0.000000 0.000000 0.384000 -0.000000 1.000000 0.000000 0.000000 -0.000000 -0.000000 1.000000 0.000000 0.000000 0.000000 0.000000 1.000000
1.000000 0.000000 0.000000 0.384000 -0.000000 1.000000 0.000000 0.000000 -0.000000 -0.000000 1.000000 0.000000 0.000000 0.000000 0.000000 1.000000
1.000000 0.000000 0.000000 0.384000 -0.000000 1.000000 0.000000 0.000000 -0.000000 -0.000000 1.000000 0.000000 0.000000 0.000000 0.000000 1.000000
1.000000 0.000000 0.000000 0.384000 -0.000000 1.000000 0.000000 0.000000 -0.000000 -0.000000 1.000000 0.000000 0.000000 0.000000 0.000000 1.000000
1.000000 0.000000 0.000000 0.384000 -0.000000 1.000000 0.000000 0.000000 -0.000000 -0.000000 1.000000 0.000000 0.000000 0.000000 0.000000 1.000000</float_array><technique_common><accessor source="#jnt_right_legroll-Matrix-animation-output-transform-array" count="51" stride="16"><param type="float4x4"/></accessor></technique_common></source><source id="jnt_right_legroll-Interpolations"><Name_array id="jnt_right_legroll-Interpolations-array" count="51">
 LINEAR LINEAR LINEAR LINEAR LINEAR LINEAR LINEAR LINEAR LINEAR LINEAR LINEAR
LINEAR LINEAR LINEAR LINEAR LINEAR LINEAR LINEAR LINEAR LINEAR LINEAR LINEAR LINEAR
LINEAR LINEAR LINEAR LINEAR LINEAR LINEAR LINEAR LINEAR LINEAR LINEAR LINEAR LINEAR
LINEAR LINEAR LINEAR LINEAR LINEAR LINEAR LINEAR LINEAR LINEAR LINEAR LINEAR LINEAR
LINEAR LINEAR LINEAR LINEAR</Name_array><technique_common><accessor source="#jnt_right_legroll-Interpolations-array" count="51"><param type="name"/></accessor></technique_common></source><sampler id="jnt_right_legroll-Matrix-animation-transform"><input semantic="INPUT" source="#jnt_right_legroll-Matrix-animation-input"/><input semantic="OUTPUT" source="#jnt_right_legroll-Matrix-animation-output-transform"/><input semantic="INTERPOLATION" source="#jnt_right_legroll-Interpolations"/></sampler><channel source="#jnt_right_legroll-Matrix-animation-transform" target="jnt_right_legroll/matrix"/></animation></animation>
    <animation id="jnt_right_foot-anim" name="jnt_right_foot"><animation><source id="jnt_right_foot-Matrix-animation-input"><float_array id="jnt_right_foot-Matrix-animation-input-array" count="51">

0.000000 0.033333 0.066667 0.100000 0.133333 0.166667 0.200000 0.233333 0.266667 0.300000 0.333333 0.366667 0.400000 0.433333 0.466667 0.500000
0.533333 0.566667 0.600000 0.633333 0.666667 0.700000 0.733333 0.766667 0.800000 0.833333 0.866667 0.900000 0.933333 0.966667 1.000000 1.033333
1.066667 1.100000 1.133333 1.166667 1.200000 1.233333 1.266667 1.300000 1.333333 1.366667 1.400000 1.433333 1.466667 1.500000 1.533333 1.566667
1.600000 1.633333 1.666667</float_array><technique_common><accessor source="#jnt_right_foot-Matrix-animation-input-array" count="51"><param name="TIME" type="float"/></accessor></technique_common></source><source id="jnt_right_foot-Matrix-animation-output-transform"><float_array id="jnt_right_foot-Matrix-animation-output-transform-array" count="816">

0.322359 -0.926716 0.193088 0.768144 0.946458 0.311784 -0.083715 0.000000 0.017378 0.209736 0.977604 0.000000 0.000000 0.000000 0.000000 1.000000
0.322359 -0.926716 0.193088 0.768144 0.946458 0.311784 -0.083715 0.000000 0.017378 0.209736 0.977604 0.000000 0.000000 0.000000 0.000000 1.000000
0.322359 -0.926716 0.193088 0.768144 0.946458 0.311784 -0.083715 0.000000 0.017378 0.209736 0.977604 0.000000 0.000000 0.000000 0.000000 1.000000
0.322359 -0.926716 0.193088 0.768144 0.946458 0.311784 -0.083715 0.000000 0.017378 0.209736 0.977604 0.000000 0.000000 0.000000 0.000000 1.000000
0.322359 -0.926716 0.193088 0.768144 0.946458 0.311784 -0.083715 0.000000 0.017378 0.209736 0.977604 0.000000 0.000000 0.000000 0.000000 1.000000
0.322359 -0.926716 0.193088 0.768144 0.946458 0.311784 -0.083715 0.000000 0.017378 0.209736 0.977604 0.000000 0.000000 0.000000 0.000000 1.000000
0.322359 -0.926716 0.193088 0.768144 0.946458 0.311784 -0.083715 0.000000 0.017378 0.209736 0.977604 0.000000 0.000000 0.000000 0.000000 1.000000
0.322359 -0.926716 0.193088 0.768144 0.946458 0.311784 -0.083715 0.000000 0.017378 0.209736 0.977604 0.000000 0.000000 0.000000 0.000000 1.000000
0.322359 -0.926716 0.193088 0.768144 0.946458 0.311784 -0.083715 0.000000 0.017378 0.209736 0.977604 0.000000 0.000000 0.000000 0.000000 1.000000
0.322359 -0.926716 0.193088 0.768144 0.946458 0.311784 -0.083715 0.000000 0.017378 0.209736 0.977604 0.000000 0.000000 0.000000 0.000000 1.000000
0.322359 -0.926716 0.193088 0.768144 0.946458 0.311784 -0.083715 0.000000 0.017378 0.209736 0.977604 0.000000 0.000000 0.000000 0.000000 1.000000
0.322359 -0.926716 0.193088 0.768144 0.946458 0.311784 -0.083715 0.000000 0.017378 0.209736 0.977604 0.000000 0.000000 0.000000 0.000000 1.000000
0.322359 -0.926716 0.193088 0.768144 0.946458 0.311784 -0.083715 0.000000 0.017378 0.209736 0.977604 0.000000 0.000000 0.000000 0.000000 1.000000
0.322359 -0.926716 0.193088 0.768144 0.946458 0.311784 -0.083715 0.000000 0.017378 0.209736 0.977604 0.000000 0.000000 0.000000 0.000000 1.000000
0.322359 -0.926716 0.193088 0.768144 0.946458 0.311784 -0.083715 0.000000 0.017378 0.209736 0.977604 0.000000 0.000000 0.000000 0.000000 1.000000
0.322359 -0.926716 0.193088 0.768144 0.946458 0.311784 -0.083715 0.000000 0.017378 0.209736 0.977604 0.000000 0.000000 0.000000 0.000000 1.000000
0.322359 -0.926716 0.193088 0.768144 0.946458 0.311784 -0.083715 0.000000 0.017378 0.209736 0.977604 0.000000 0.000000 0.000000 0.000000 1.000000
0.322359 -0.926716 0.193088 0.768144 0.946458 0.311784 -0.083715 0.000000 0.017378 0.209736 0.977604 0.000000 0.000000 0.000000 0.000000 1.000000
0.322359 -0.926716 0.193088 0.768144 0.946458 0.311784 -0.083715 0.000000 0.017378 0.209736 0.977604 0.000000 0.000000 0.000000 0.000000 1.000000
0.322359 -0.926716 0.193088 0.768144 0.946458 0.311784 -0.083715 0.000000 0.017378 0.209736 0.977604 0.000000 0.000000 0.000000 0.000000 1.000000
0.322359 -0.926716 0.193088 0.768144 0.946458 0.311784 -0.083715 0.000000 0.017378 0.209736 0.977604 0.000000 0.000000 0.000000 0.000000 1.000000
0.322359 -0.926716 0.193088 0.768144 0.946458 0.311784 -0.083715 0.000000 0.017378 0.209736 0.977604 0.000000 0.000000 0.000000 0.000000 1.000000
0.322359 -0.926716 0.193088 0.768144 0.946458 0.311784 -0.083715 0.000000 0.017378 0.209736 0.977604 0.000000 0.000000 0.000000 0.000000 1.000000
0.322359 -0.926716 0.193088 0.768144 0.946458 0.311784 -0.083715 0.000000 0.017378 0.209736 0.977604 0.000000 0.000000 0.000000 0.000000 1.000000
0.322359 -0.926716 0.193088 0.768144 0.946458 0.311784 -0.083715 0.000000 0.017378 0.209736 0.977604 0.000000 0.000000 0.000000 0.000000 1.000000
0.322359 -0.926716 0.193088 0.768144 0.946458 0.311784 -0.083715 0.000000 0.017378 0.209736 0.977604 0.000000 0.000000 0.000000 0.000000 1.000000
0.322359 -0.926716 0.193088 0.768144 0.946458 0.311784 -0.083715 0.000000 0.017378 0.209736 0.977604 0.000000 0.000000 0.000000 0.000000 1.000000
0.322359 -0.926716 0.193088 0.768144 0.946458 0.311784 -0.083715 0.000000 0.017378 0.209736 0.977604 0.000000 0.000000 0.000000 0.000000 1.000000
0.322359 -0.926716 0.193088 0.768144 0.946458 0.311784 -0.083715 0.000000 0.017378 0.209736 0.977604 0.000000 0.000000 0.000000 0.000000 1.000000
0.322359 -0.926716 0.193088 0.768144 0.946458 0.311784 -0.083715 0.000000 0.017378 0.209736 0.977604 0.000000 0.000000 0.000000 0.000000 1.000000
0.322359 -0.926716 0.193088 0.768144 0.946458 0.311784 -0.083715 0.000000 0.017378 0.209736 0.977604 0.000000 0.000000 0.000000 0.000000 1.000000
0.322359 -0.926716 0.193088 0.768144 0.946458 0.311784 -0.083715 0.000000 0.017378 0.209736 0.977604 0.000000 0.000000 0.000000 0.000000 1.000000
0.322359 -0.926716 0.193088 0.768144 0.946458 0.311784 -0.083715 0.000000 0.017378 0.209736 0.977604 0.000000 0.000000 0.000000 0.000000 1.000000
0.322359 -0.926716 0.193088 0.768144 0.946458 0.311784 -0.083715 0.000000 0.017378 0.209736 0.977604 0.000000 0.000000 0.000000 0.000000 1.000000
0.322359 -0.926716 0.193088 0.768144 0.946458 0.311784 -0.083715 0.000000 0.017378 0.209736 0.977604 0.000000 0.000000 0.000000 0.000000 1.000000
0.322359 -0.926716 0.193088 0.768144 0.946458 0.311784 -0.083715 0.000000 0.017378 0.209736 0.977604 0.000000 0.000000 0.000000 0.000000 1.000000
0.322359 -0.926716 0.193088 0.768144 0.946458 0.311784 -0.083715 0.000000 0.017378 0.209736 0.977604 0.000000 0.000000 0.000000 0.000000 1.000000
0.322359 -0.926716 0.193088 0.768144 0.946458 0.311784 -0.083715 0.000000 0.017378 0.209736 0.977604 0.000000 0.000000 0.000000 0.000000 1.000000
0.322359 -0.926716 0.193088 0.768144 0.946458 0.311784 -0.083715 0.000000 0.017378 0.209736 0.977604 0.000000 0.000000 0.000000 0.000000 1.000000
0.322359 -0.926716 0.193088 0.768144 0.946458 0.311784 -0.083715 0.000000 0.017378 0.209736 0.977604 0.000000 0.000000 0.000000 0.000000 1.000000
0.322359 -0.926716 0.193088 0.768144 0.946458 0.311784 -0.083715 0.000000 0.017378 0.209736 0.977604 0.000000 0.000000 0.000000 0.000000 1.000000
0.322359 -0.926716 0.193088 0.768144 0.946458 0.311784 -0.083715 0.000000 0.017378 0.209736 0.977604 0.000000 0.000000 0.000000 0.000000 1.000000
0.322359 -0.926716 0.193088 0.768144 0.946458 0.311784 -0.083715 0.000000 0.017378 0.209736 0.977604 0.000000 0.000000 0.000000 0.000000 1.000000
0.322359 -0.926716 0.193088 0.768144 0.946458 0.311784 -0.083715 0.000000 0.017378 0.209736 0.977604 0.000000 0.000000 0.000000 0.000000 1.000000
0.322359 -0.926716 0.193088 0.768144 0.946458 0.311784 -0.083715 0.000000 0.017378 0.209736 0.977604 0.000000 0.000000 0.000000 0.000000 1.000000
0.322359 -0.926716 0.193088 0.768144 0.946458 0.311784 -0.083715 0.000000 0.017378 0.209736 0.977604 0.000000 0.000000 0.000000 0.000000 1.000000
0.322359 -0.926716 0.193088 0.768144 0.946458 0.311784 -0.083715 0.000000 0.017378 0.209736 0.977604 0.000000 0.000000 0.000000 0.000000 1.000000
0.322359 -0.926716 0.193088 0.768144 0.946458 0.311784 -0.083715 0.000000 0.017378 0.209736 0.977604 0.000000 0.000000 0.000000 0.000000 1.000000
0.322359 -0.926716 0.193088 0.768144 0.946458 0.311784 -0.083715 0.000000 0.017378 0.209736 0.977604 0.000000 0.000000 0.000000 0.000000 1.000000
0.322359 -0.926716 0.193088 0.768144 0.946458 0.311784 -0.083715 0.000000 0.017378 0.209736 0.977604 0.000000 0.000000 0.000000 0.000000 1.000000
0.322359 -0.926716 0.193088 0.768144 0.946458 0.311784 -0.083715 0.000000 0.017378 0.209736 0.977604 0.000000 0.000000 0.000000 0.000000 1.000000</float_array><technique_common><accessor source="#jnt_right_foot-Matrix-animation-output-transform-array" count="51" stride="16"><param type="float4x4"/></accessor></technique_common></source><source id="jnt_right_foot-Interpolations"><Name_array id="jnt_right_foot-Interpolations-array" count="51">
 LINEAR LINEAR LINEAR LINEAR LINEAR LINEAR LINEAR LINEAR LINEAR LINEAR LINEAR
LINEAR LINEAR LINEAR LINEAR LINEAR LINEAR LINEAR LINEAR LINEAR LINEAR LINEAR LINEAR
LINEAR LINEAR LINEAR LINEAR LINEAR LINEAR LINEAR LINEAR LINEAR LINEAR LINEAR LINEAR
LINEAR LINEAR LINEAR LINEAR LINEAR LINEAR LINEAR LINEAR LINEAR LINEAR LINEAR LINEAR
LINEAR LINEAR LINEAR LINEAR</Name_array><technique_common><accessor source="#jnt_right_foot-Interpolations-array" count="51"><param type="name"/></accessor></technique_common></source><sampler id="jnt_right_foot-Matrix-animation-transform"><input semantic="INPUT" source="#jnt_right_foot-Matrix-animation-input"/><input semantic="OUTPUT" source="#jnt_right_foot-Matrix-animation-output-transform"/><input semantic="INTERPOLATION" source="#jnt_right_foot-Interpolations"/></sampler><channel source="#jnt_right_foot-Matrix-animation-transform" target="jnt_right_foot/matrix"/></animation></animation>
    <animation id="jnt_right_toebase-anim" name="jnt_right_toebase"><animation><source id="jnt_right_toebase-Matrix-animation-input"><float_array id="jnt_right_toebase-Matrix-animation-input-array" count="51">

0.000000 0.033333 0.066667 0.100000 0.133333 0.166667 0.200000 0.233333 0.266667 0.300000 0.333333 0.366667 0.400000 0.433333 0.466667 0.500000
0.533333 0.566667 0.600000 0.633333 0.666667 0.700000 0.733333 0.766667 0.800000 0.833333 0.866667 0.900000 0.933333 0.966667 1.000000 1.033333
1.066667 1.100000 1.133333 1.166667 1.200000 1.233333 1.266667 1.300000 1.333333 1.366667 1.400000 1.433333 1.466667 1.500000 1.533333 1.566667
1.600000 1.633333 1.666667</float_array><technique_common><accessor source="#jnt_right_toebase-Matrix-animation-input-array" count="51"><param name="TIME" type="float"/></accessor></technique_common></source><source id="jnt_right_toebase-Matrix-animation-output-transform"><float_array id="jnt_right_toebase-Matrix-animation-output-transform-array" count="816">

0.918936 -0.394407 -0.000000 0.441847 0.394407 0.918936 -0.000000 0.000000 0.000000 -0.000000 1.000000 0.000000 0.000000 0.000000 0.000000 1.000000
0.918936 -0.394407 -0.000000 0.441847 0.394407 0.918936 -0.000000 0.000000 0.000000 -0.000000 1.000000 0.000000 0.000000 0.000000 0.000000 1.000000
0.918936 -0.394407 -0.000000 0.441847 0.394407 0.918936 -0.000000 0.000000 0.000000 -0.000000 1.000000 0.000000 0.000000 0.000000 0.000000 1.000000
0.918936 -0.394407 -0.000000 0.441847 0.394407 0.918936 -0.000000 0.000000 0.000000 -0.000000 1.000000 0.000000 0.000000 0.000000 0.000000 1.000000
0.918936 -0.394407 -0.000000 0.441847 0.394407 0.918936 -0.000000 0.000000 0.000000 -0.000000 1.000000 0.000000 0.000000 0.000000 0.000000 1.000000
0.918936 -0.394407 -0.000000 0.441847 0.394407 0.918936 -0.000000 0.000000 0.000000 -0.000000 1.000000 0.000000 0.000000 0.000000 0.000000 1.000000
0.918936 -0.394407 -0.000000 0.441847 0.394407 0.918936 -0.000000 0.000000 0.000000 -0.000000 1.000000 0.000000 0.000000 0.000000 0.000000 1.000000
0.918936 -0.394407 -0.000000 0.441847 0.394407 0.918936 -0.000000 0.000000 0.000000 -0.000000 1.000000 0.000000 0.000000 0.000000 0.000000 1.000000
0.918936 -0.394407 -0.000000 0.441847 0.394407 0.918936 -0.000000 0.000000 0.000000 -0.000000 1.000000 0.000000 0.000000 0.000000 0.000000 1.000000
0.918936 -0.394407 -0.000000 0.441847 0.394407 0.918936 -0.000000 0.000000 0.000000 -0.000000 1.000000 0.000000 0.000000 0.000000 0.000000 1.000000
0.918936 -0.394407 -0.000000 0.441847 0.394407 0.918936 -0.000000 0.000000 0.000000 -0.000000 1.000000 0.000000 0.000000 0.000000 0.000000 1.000000
0.918936 -0.394407 -0.000000 0.441847 0.394407 0.918936 -0.000000 0.000000 0.000000 -0.000000 1.000000 0.000000 0.000000 0.000000 0.000000 1.000000
0.918936 -0.394407 -0.000000 0.441847 0.394407 0.918936 -0.000000 0.000000 0.000000 -0.000000 1.000000 0.000000 0.000000 0.000000 0.000000 1.000000
0.918936 -0.394407 -0.000000 0.441847 0.394407 0.918936 -0.000000 0.000000 0.000000 -0.000000 1.000000 0.000000 0.000000 0.000000 0.000000 1.000000
0.918936 -0.394407 -0.000000 0.441847 0.394407 0.918936 -0.000000 0.000000 0.000000 -0.000000 1.000000 0.000000 0.000000 0.000000 0.000000 1.000000
0.918936 -0.394407 -0.000000 0.441847 0.394407 0.918936 -0.000000 0.000000 0.000000 -0.000000 1.000000 0.000000 0.000000 0.000000 0.000000 1.000000
0.918936 -0.394407 -0.000000 0.441847 0.394407 0.918936 -0.000000 0.000000 0.000000 -0.000000 1.000000 0.000000 0.000000 0.000000 0.000000 1.000000
0.918936 -0.394407 -0.000000 0.441847 0.394407 0.918936 -0.000000 0.000000 0.000000 -0.000000 1.000000 0.000000 0.000000 0.000000 0.000000 1.000000
0.918936 -0.394407 -0.000000 0.441847 0.394407 0.918936 -0.000000 0.000000 0.000000 -0.000000 1.000000 0.000000 0.000000 0.000000 0.000000 1.000000
0.918936 -0.394407 -0.000000 0.441847 0.394407 0.918936 -0.000000 0.000000 0.000000 -0.000000 1.000000 0.000000 0.000000 0.000000 0.000000 1.000000
0.918936 -0.394407 -0.000000 0.441847 0.394407 0.918936 -0.000000 0.000000 0.000000 -0.000000 1.000000 0.000000 0.000000 0.000000 0.000000 1.000000
0.918936 -0.394407 -0.000000 0.441847 0.394407 0.918936 -0.000000 0.000000 0.000000 -0.000000 1.000000 0.000000 0.000000 0.000000 0.000000 1.000000
0.918936 -0.394407 -0.000000 0.441847 0.394407 0.918936 -0.000000 0.000000 0.000000 -0.000000 1.000000 0.000000 0.000000 0.000000 0.000000 1.000000
0.918936 -0.394407 -0.000000 0.441847 0.394407 0.918936 -0.000000 0.000000 0.000000 -0.000000 1.000000 0.000000 0.000000 0.000000 0.000000 1.000000
0.918936 -0.394407 -0.000000 0.441847 0.394407 0.918936 -0.000000 0.000000 0.000000 -0.000000 1.000000 0.000000 0.000000 0.000000 0.000000 1.000000
0.918936 -0.394407 -0.000000 0.441847 0.394407 0.918936 -0.000000 0.000000 0.000000 -0.000000 1.000000 0.000000 0.000000 0.000000 0.000000 1.000000
0.918936 -0.394407 -0.000000 0.441847 0.394407 0.918936 -0.000000 0.000000 0.000000 -0.000000 1.000000 0.000000 0.000000 0.000000 0.000000 1.000000
0.918936 -0.394407 -0.000000 0.441847 0.394407 0.918936 -0.000000 0.000000 0.000000 -0.000000 1.000000 0.000000 0.000000 0.000000 0.000000 1.000000
0.918936 -0.394407 -0.000000 0.441847 0.394407 0.918936 -0.000000 0.000000 0.000000 -0.000000 1.000000 0.000000 0.000000 0.000000 0.000000 1.000000
0.918936 -0.394407 -0.000000 0.441847 0.394407 0.918936 -0.000000 0.000000 0.000000 -0.000000 1.000000 0.000000 0.000000 0.000000 0.000000 1.000000
0.918936 -0.394407 -0.000000 0.441847 0.394407 0.918936 -0.000000 0.000000 0.000000 -0.000000 1.000000 0.000000 0.000000 0.000000 0.000000 1.000000
0.918936 -0.394407 -0.000000 0.441847 0.394407 0.918936 -0.000000 0.000000 0.000000 -0.000000 1.000000 0.000000 0.000000 0.000000 0.000000 1.000000
0.918936 -0.394407 -0.000000 0.441847 0.394407 0.918936 -0.000000 0.000000 0.000000 -0.000000 1.000000 0.000000 0.000000 0.000000 0.000000 1.000000
0.918936 -0.394407 -0.000000 0.441847 0.394407 0.918936 -0.000000 0.000000 0.000000 -0.000000 1.000000 0.000000 0.000000 0.000000 0.000000 1.000000
0.918936 -0.394407 -0.000000 0.441847 0.394407 0.918936 -0.000000 0.000000 0.000000 -0.000000 1.000000 0.000000 0.000000 0.000000 0.000000 1.000000
0.918936 -0.394407 -0.000000 0.441847 0.394407 0.918936 -0.000000 0.000000 0.000000 -0.000000 1.000000 0.000000 0.000000 0.000000 0.000000 1.000000
0.918936 -0.394407 -0.000000 0.441847 0.394407 0.918936 -0.000000 0.000000 0.000000 -0.000000 1.000000 0.000000 0.000000 0.000000 0.000000 1.000000
0.918936 -0.394407 -0.000000 0.441847 0.394407 0.918936 -0.000000 0.000000 0.000000 -0.000000 1.000000 0.000000 0.000000 0.000000 0.000000 1.000000
0.918936 -0.394407 -0.000000 0.441847 0.394407 0.918936 -0.000000 0.000000 0.000000 -0.000000 1.000000 0.000000 0.000000 0.000000 0.000000 1.000000
0.918936 -0.394407 -0.000000 0.441847 0.394407 0.918936 -0.000000 0.000000 0.000000 -0.000000 1.000000 0.000000 0.000000 0.000000 0.000000 1.000000
0.918936 -0.394407 -0.000000 0.441847 0.394407 0.918936 -0.000000 0.000000 0.000000 -0.000000 1.000000 0.000000 0.000000 0.000000 0.000000 1.000000
0.918936 -0.394407 -0.000000 0.441847 0.394407 0.918936 -0.000000 0.000000 0.000000 -0.000000 1.000000 0.000000 0.000000 0.000000 0.000000 1.000000
0.918936 -0.394407 -0.000000 0.441847 0.394407 0.918936 -0.000000 0.000000 0.000000 -0.000000 1.000000 0.000000 0.000000 0.000000 0.000000 1.000000
0.918936 -0.394407 -0.000000 0.441847 0.394407 0.918936 -0.000000 0.000000 0.000000 -0.000000 1.000000 0.000000 0.000000 0.000000 0.000000 1.000000
0.918936 -0.394407 -0.000000 0.441847 0.394407 0.918936 -0.000000 0.000000 0.000000 -0.000000 1.000000 0.000000 0.000000 0.000000 0.000000 1.000000
0.918936 -0.394407 -0.000000 0.441847 0.394407 0.918936 -0.000000 0.000000 0.000000 -0.000000 1.000000 0.000000 0.000000 0.000000 0.000000 1.000000
0.918936 -0.394407 -0.000000 0.441847 0.394407 0.918936 -0.000000 0.000000 0.000000 -0.000000 1.000000 0.000000 0.000000 0.000000 0.000000 1.000000
0.918936 -0.394407 -0.000000 0.441847 0.394407 0.918936 -0.000000 0.000000 0.000000 -0.000000 1.000000 0.000000 0.000000 0.000000 0.000000 1.000000
0.918936 -0.394407 -0.000000 0.441847 0.394407 0.918936 -0.000000 0.000000 0.000000 -0.000000 1.000000 0.000000 0.000000 0.000000 0.000000 1.000000
0.918936 -0.394407 -0.000000 0.441847 0.394407 0.918936 -0.000000 0.000000 0.000000 -0.000000 1.000000 0.000000 0.000000 0.000000 0.000000 1.000000
0.918936 -0.394407 -0.000000 0.441847 0.394407 0.918936 -0.000000 0.000000 0.000000 -0.000000 1.000000 0.000000 0.000000 0.000000 0.000000 1.000000</float_array><technique_common><accessor source="#jnt_right_toebase-Matrix-animation-output-transform-array" count="51" stride="16"><param type="float4x4"/></accessor></technique_common></source><source id="jnt_right_toebase-Interpolations"><Name_array id="jnt_right_toebase-Interpolations-array" count="51">
 LINEAR LINEAR LINEAR LINEAR LINEAR LINEAR LINEAR LINEAR LINEAR LINEAR LINEAR
LINEAR LINEAR LINEAR LINEAR LINEAR LINEAR LINEAR LINEAR LINEAR LINEAR LINEAR LINEAR
LINEAR LINEAR LINEAR LINEAR LINEAR LINEAR LINEAR LINEAR LINEAR LINEAR LINEAR LINEAR
LINEAR LINEAR LINEAR LINEAR LINEAR LINEAR LINEAR LINEAR LINEAR LINEAR LINEAR LINEAR
LINEAR LINEAR LINEAR LINEAR</Name_array><technique_common><accessor source="#jnt_right_toebase-Interpolations-array" count="51"><param type="name"/></accessor></technique_common></source><sampler id="jnt_right_toebase-Matrix-animation-transform"><input semantic="INPUT" source="#jnt_right_toebase-Matrix-animation-input"/><input semantic="OUTPUT" source="#jnt_right_toebase-Matrix-animation-output-transform"/><input semantic="INTERPOLATION" source="#jnt_right_toebase-Interpolations"/></sampler><channel source="#jnt_right_toebase-Matrix-animation-transform" target="jnt_right_toebase/matrix"/></animation></animation>
    <animation id="jnt_right_toeend-anim" name="jnt_right_toeend"><animation><source id="jnt_right_toeend-Matrix-animation-input"><float_array id="jnt_right_toeend-Matrix-animation-input-array" count="51">

0.000000 0.033333 0.066667 0.100000 0.133333 0.166667 0.200000 0.233333 0.266667 0.300000 0.333333 0.366667 0.400000 0.433333 0.466667 0.500000
0.533333 0.566667 0.600000 0.633333 0.666667 0.700000 0.733333 0.766667 0.800000 0.833333 0.866667 0.900000 0.933333 0.966667 1.000000 1.033333
1.066667 1.100000 1.133333 1.166667 1.200000 1.233333 1.266667 1.300000 1.333333 1.366667 1.400000 1.433333 1.466667 1.500000 1.533333 1.566667
1.600000 1.633333 1.666667</float_array><technique_common><accessor source="#jnt_right_toeend-Matrix-animation-input-array" count="51"><param name="TIME" type="float"/></accessor></technique_common></source><source id="jnt_right_toeend-Matrix-animation-output-transform"><float_array id="jnt_right_toeend-Matrix-animation-output-transform-array" count="816">

1.000000 0.000000 0.000000 0.379397 -0.000000 1.000000 0.000000 -0.000000 -0.000000 -0.000000 1.000000 -0.000000 0.000000 0.000000 0.000000 1.000000
1.000000 0.000000 0.000000 0.379397 -0.000000 1.000000 0.000000 -0.000000 -0.000000 -0.000000 1.000000 -0.000000 0.000000 0.000000 0.000000 1.000000
1.000000 0.000000 0.000000 0.379397 -0.000000 1.000000 0.000000 -0.000000 -0.000000 -0.000000 1.000000 -0.000000 0.000000 0.000000 0.000000 1.000000
1.000000 0.000000 0.000000 0.379397 -0.000000 1.000000 0.000000 -0.000000 -0.000000 -0.000000 1.000000 -0.000000 0.000000 0.000000 0.000000 1.000000
1.000000 0.000000 0.000000 0.379397 -0.000000 1.000000 0.000000 -0.000000 -0.000000 -0.000000 1.000000 -0.000000 0.000000 0.000000 0.000000 1.000000
1.000000 0.000000 0.000000 0.379397 -0.000000 1.000000 0.000000 -0.000000 -0.000000 -0.000000 1.000000 -0.000000 0.000000 0.000000 0.000000 1.000000
1.000000 0.000000 0.000000 0.379397 -0.000000 1.000000 0.000000 -0.000000 -0.000000 -0.000000 1.000000 -0.000000 0.000000 0.000000 0.000000 1.000000
1.000000 0.000000 0.000000 0.379397 -0.000000 1.000000 0.000000 -0.000000 -0.000000 -0.000000 1.000000 -0.000000 0.000000 0.000000 0.000000 1.000000
1.000000 0.000000 0.000000 0.379397 -0.000000 1.000000 0.000000 -0.000000 -0.000000 -0.000000 1.000000 -0.000000 0.000000 0.000000 0.000000 1.000000
1.000000 0.000000 0.000000 0.379397 -0.000000 1.000000 0.000000 -0.000000 -0.000000 -0.000000 1.000000 -0.000000 0.000000 0.000000 0.000000 1.000000
1.000000 0.000000 0.000000 0.379397 -0.000000 1.000000 0.000000 -0.000000 -0.000000 -0.000000 1.000000 -0.000000 0.000000 0.000000 0.000000 1.000000
1.000000 0.000000 0.000000 0.379397 -0.000000 1.000000 0.000000 -0.000000 -0.000000 -0.000000 1.000000 -0.000000 0.000000 0.000000 0.000000 1.000000
1.000000 0.000000 0.000000 0.379397 -0.000000 1.000000 0.000000 -0.000000 -0.000000 -0.000000 1.000000 -0.000000 0.000000 0.000000 0.000000 1.000000
1.000000 0.000000 0.000000 0.379397 -0.000000 1.000000 0.000000 -0.000000 -0.000000 -0.000000 1.000000 -0.000000 0.000000 0.000000 0.000000 1.000000
1.000000 0.000000 0.000000 0.379397 -0.000000 1.000000 0.000000 -0.000000 -0.000000 -0.000000 1.000000 -0.000000 0.000000 0.000000 0.000000 1.000000
1.000000 0.000000 0.000000 0.379397 -0.000000 1.000000 0.000000 -0.000000 -0.000000 -0.000000 1.000000 -0.000000 0.000000 0.000000 0.000000 1.000000
1.000000 0.000000 0.000000 0.379397 -0.000000 1.000000 0.000000 -0.000000 -0.000000 -0.000000 1.000000 -0.000000 0.000000 0.000000 0.000000 1.000000
1.000000 0.000000 0.000000 0.379397 -0.000000 1.000000 0.000000 -0.000000 -0.000000 -0.000000 1.000000 -0.000000 0.000000 0.000000 0.000000 1.000000
1.000000 0.000000 0.000000 0.379397 -0.000000 1.000000 0.000000 -0.000000 -0.000000 -0.000000 1.000000 -0.000000 0.000000 0.000000 0.000000 1.000000
1.000000 0.000000 0.000000 0.379397 -0.000000 1.000000 0.000000 -0.000000 -0.000000 -0.000000 1.000000 -0.000000 0.000000 0.000000 0.000000 1.000000
1.000000 0.000000 0.000000 0.379397 -0.000000 1.000000 0.000000 -0.000000 -0.000000 -0.000000 1.000000 -0.000000 0.000000 0.000000 0.000000 1.000000
1.000000 0.000000 0.000000 0.379397 -0.000000 1.000000 0.000000 -0.000000 -0.000000 -0.000000 1.000000 -0.000000 0.000000 0.000000 0.000000 1.000000
1.000000 0.000000 0.000000 0.379397 -0.000000 1.000000 0.000000 -0.000000 -0.000000 -0.000000 1.000000 -0.000000 0.000000 0.000000 0.000000 1.000000
1.000000 0.000000 0.000000 0.379397 -0.000000 1.000000 0.000000 -0.000000 -0.000000 -0.000000 1.000000 -0.000000 0.000000 0.000000 0.000000 1.000000
1.000000 0.000000 0.000000 0.379397 -0.000000 1.000000 0.000000 -0.000000 -0.000000 -0.000000 1.000000 -0.000000 0.000000 0.000000 0.000000 1.000000
1.000000 0.000000 0.000000 0.379397 -0.000000 1.000000 0.000000 -0.000000 -0.000000 -0.000000 1.000000 -0.000000 0.000000 0.000000 0.000000 1.000000
1.000000 0.000000 0.000000 0.379397 -0.000000 1.000000 0.000000 -0.000000 -0.000000 -0.000000 1.000000 -0.000000 0.000000 0.000000 0.000000 1.000000
1.000000 0.000000 0.000000 0.379397 -0.000000 1.000000 0.000000 -0.000000 -0.000000 -0.000000 1.000000 -0.000000 0.000000 0.000000 0.000000 1.000000
1.000000 0.000000 0.000000 0.379397 -0.000000 1.000000 0.000000 -0.000000 -0.000000 -0.000000 1.000000 -0.000000 0.000000 0.000000 0.000000 1.000000
1.000000 0.000000 0.000000 0.379397 -0.000000 1.000000 0.000000 -0.000000 -0.000000 -0.000000 1.000000 -0.000000 0.000000 0.000000 0.000000 1.000000
1.000000 0.000000 0.000000 0.379397 -0.000000 1.000000 0.000000 -0.000000 -0.000000 -0.000000 1.000000 -0.000000 0.000000 0.000000 0.000000 1.000000
1.000000 0.000000 0.000000 0.379397 -0.000000 1.000000 0.000000 -0.000000 -0.000000 -0.000000 1.000000 -0.000000 0.000000 0.000000 0.000000 1.000000
1.000000 0.000000 0.000000 0.379397 -0.000000 1.000000 0.000000 -0.000000 -0.000000 -0.000000 1.000000 -0.000000 0.000000 0.000000 0.000000 1.000000
1.000000 0.000000 0.000000 0.379397 -0.000000 1.000000 0.000000 -0.000000 -0.000000 -0.000000 1.000000 -0.000000 0.000000 0.000000 0.000000 1.000000
1.000000 0.000000 0.000000 0.379397 -0.000000 1.000000 0.000000 -0.000000 -0.000000 -0.000000 1.000000 -0.000000 0.000000 0.000000 0.000000 1.000000
1.000000 0.000000 0.000000 0.379397 -0.000000 1.000000 0.000000 -0.000000 -0.000000 -0.000000 1.000000 -0.000000 0.000000 0.000000 0.000000 1.000000
1.000000 0.000000 0.000000 0.379397 -0.000000 1.000000 0.000000 -0.000000 -0.000000 -0.000000 1.000000 -0.000000 0.000000 0.000000 0.000000 1.000000
1.000000 0.000000 0.000000 0.379397 -0.000000 1.000000 0.000000 -0.000000 -0.000000 -0.000000 1.000000 -0.000000 0.000000 0.000000 0.000000 1.000000
1.000000 0.000000 0.000000 0.379397 -0.000000 1.000000 0.000000 -0.000000 -0.000000 -0.000000 1.000000 -0.000000 0.000000 0.000000 0.000000 1.000000
1.000000 0.000000 0.000000 0.379397 -0.000000 1.000000 0.000000 -0.000000 -0.000000 -0.000000 1.000000 -0.000000 0.000000 0.000000 0.000000 1.000000
1.000000 0.000000 0.000000 0.379397 -0.000000 1.000000 0.000000 -0.000000 -0.000000 -0.000000 1.000000 -0.000000 0.000000 0.000000 0.000000 1.000000
1.000000 0.000000 0.000000 0.379397 -0.000000 1.000000 0.000000 -0.000000 -0.000000 -0.000000 1.000000 -0.000000 0.000000 0.000000 0.000000 1.000000
1.000000 0.000000 0.000000 0.379397 -0.000000 1.000000 0.000000 -0.000000 -0.000000 -0.000000 1.000000 -0.000000 0.000000 0.000000 0.000000 1.000000
1.000000 0.000000 0.000000 0.379397 -0.000000 1.000000 0.000000 -0.000000 -0.000000 -0.000000 1.000000 -0.000000 0.000000 0.000000 0.000000 1.000000
1.000000 0.000000 0.000000 0.379397 -0.000000 1.000000 0.000000 -0.000000 -0.000000 -0.000000 1.000000 -0.000000 0.000000 0.000000 0.000000 1.000000
1.000000 0.000000 0.000000 0.379397 -0.000000 1.000000 0.000000 -0.000000 -0.000000 -0.000000 1.000000 -0.000000 0.000000 0.000000 0.000000 1.000000
1.000000 0.000000 0.000000 0.379397 -0.000000 1.000000 0.000000 -0.000000 -0.000000 -0.000000 1.000000 -0.000000 0.000000 0.000000 0.000000 1.000000
1.000000 0.000000 0.000000 0.379397 -0.000000 1.000000 0.000000 -0.000000 -0.000000 -0.000000 1.000000 -0.000000 0.000000 0.000000 0.000000 1.000000
1.000000 0.000000 0.000000 0.379397 -0.000000 1.000000 0.000000 -0.000000 -0.000000 -0.000000 1.000000 -0.000000 0.000000 0.000000 0.000000 1.000000
1.000000 0.000000 0.000000 0.379397 -0.000000 1.000000 0.000000 -0.000000 -0.000000 -0.000000 1.000000 -0.000000 0.000000 0.000000 0.000000 1.000000
1.000000 0.000000 0.000000 0.379397 -0.000000 1.000000 0.000000 -0.000000 -0.000000 -0.000000 1.000000 -0.000000 0.000000 0.000000 0.000000 1.000000</float_array><technique_common><accessor source="#jnt_right_toeend-Matrix-animation-output-transform-array" count="51" stride="16"><param type="float4x4"/></accessor></technique_common></source><source id="jnt_right_toeend-Interpolations"><Name_array id="jnt_right_toeend-Interpolations-array" count="51">
 LINEAR LINEAR LINEAR LINEAR LINEAR LINEAR LINEAR LINEAR LINEAR LINEAR LINEAR
LINEAR LINEAR LINEAR LINEAR LINEAR LINEAR LINEAR LINEAR LINEAR LINEAR LINEAR LINEAR
LINEAR LINEAR LINEAR LINEAR LINEAR LINEAR LINEAR LINEAR LINEAR LINEAR LINEAR LINEAR
LINEAR LINEAR LINEAR LINEAR LINEAR LINEAR LINEAR LINEAR LINEAR LINEAR LINEAR LINEAR
LINEAR LINEAR LINEAR LINEAR</Name_array><technique_common><accessor source="#jnt_right_toeend-Interpolations-array" count="51"><param type="name"/></accessor></technique_common></source><sampler id="jnt_right_toeend-Matrix-animation-transform"><input semantic="INPUT" source="#jnt_right_toeend-Matrix-animation-input"/><input semantic="OUTPUT" source="#jnt_right_toeend-Matrix-animation-output-transform"/><input semantic="INTERPOLATION" source="#jnt_right_toeend-Interpolations"/></sampler><channel source="#jnt_right_toeend-Matrix-animation-transform" target="jnt_right_toeend/matrix"/></animation></animation>
    <animation id="jnt_left_upleg-anim" name="jnt_left_upleg"><animation><source id="jnt_left_upleg-Matrix-animation-input"><float_array id="jnt_left_upleg-Matrix-animation-input-array" count="51">

0.000000 0.033333 0.066667 0.100000 0.133333 0.166667 0.200000 0.233333 0.266667 0.300000 0.333333 0.366667 0.400000 0.433333 0.466667 0.500000
0.533333 0.566667 0.600000 0.633333 0.666667 0.700000 0.733333 0.766667 0.800000 0.833333 0.866667 0.900000 0.933333 0.966667 1.000000 1.033333
1.066667 1.100000 1.133333 1.166667 1.200000 1.233333 1.266667 1.300000 1.333333 1.366667 1.400000 1.433333 1.466667 1.500000 1.533333 1.566667
1.600000 1.633333 1.666667</float_array><technique_common><accessor source="#jnt_left_upleg-Matrix-animation-input-array" count="51"><param name="TIME" type="float"/></accessor></technique_common></source><source id="jnt_left_upleg-Matrix-animation-output-transform"><float_array id="jnt_left_upleg-Matrix-animation-output-transform-array" count="816">

0.175337 0.001757 -0.984507 0.446779 -0.984438 -0.011651 -0.175345 -0.111213 -0.011778 0.999931 -0.000313 0.043020 0.000000 0.000000 0.000000 1.000000
0.175337 0.001757 -0.984507 0.446779 -0.984438 -0.011651 -0.175345 -0.111213 -0.011778 0.999931 -0.000313 0.043020 0.000000 0.000000 0.000000 1.000000
0.175337 0.001757 -0.984507 0.446779 -0.984438 -0.011651 -0.175345 -0.111213 -0.011778 0.999931 -0.000313 0.043020 0.000000 0.000000 0.000000 1.000000
0.175337 0.001757 -0.984507 0.446779 -0.984438 -0.011651 -0.175345 -0.111213 -0.011778 0.999931 -0.000313 0.043020 0.000000 0.000000 0.000000 1.000000
0.175337 0.001757 -0.984507 0.446779 -0.984438 -0.011651 -0.175345 -0.111213 -0.011778 0.999931 -0.000313 0.043020 0.000000 0.000000 0.000000 1.000000
0.175337 0.001757 -0.984507 0.446779 -0.984438 -0.011651 -0.175345 -0.111213 -0.011778 0.999931 -0.000313 0.043020 0.000000 0.000000 0.000000 1.000000
0.175337 0.001757 -0.984507 0.446779 -0.984438 -0.011651 -0.175345 -0.111213 -0.011778 0.999931 -0.000313 0.043020 0.000000 0.000000 0.000000 1.000000
0.175337 0.001757 -0.984507 0.446779 -0.984438 -0.011651 -0.175345 -0.111213 -0.011778 0.999931 -0.000313 0.043020 0.000000 0.000000 0.000000 1.000000
0.175337 0.001757 -0.984507 0.446779 -0.984438 -0.011651 -0.175345 -0.111213 -0.011778 0.999931 -0.000313 0.043020 0.000000 0.000000 0.000000 1.000000
0.175337 0.001757 -0.984507 0.446779 -0.984438 -0.011651 -0.175345 -0.111213 -0.011778 0.999931 -0.000313 0.043020 0.000000 0.000000 0.000000 1.000000
0.175337 0.001757 -0.984507 0.446779 -0.984438 -0.011651 -0.175345 -0.111213 -0.011778 0.999931 -0.000313 0.043020 0.000000 0.000000 0.000000 1.000000
0.175337 0.001757 -0.984507 0.446779 -0.984438 -0.011651 -0.175345 -0.111213 -0.011778 0.999931 -0.000313 0.043020 0.000000 0.000000 0.000000 1.000000
0.175337 0.001757 -0.984507 0.446779 -0.984438 -0.011651 -0.175345 -0.111213 -0.011778 0.999931 -0.000313 0.043020 0.000000 0.000000 0.000000 1.000000
0.175337 0.001757 -0.984507 0.446779 -0.984438 -0.011651 -0.175345 -0.111213 -0.011778 0.999931 -0.000313 0.043020 0.000000 0.000000 0.000000 1.000000
0.175337 0.001757 -0.984507 0.446779 -0.984438 -0.011651 -0.175345 -0.111213 -0.011778 0.999931 -0.000313 0.043020 0.000000 0.000000 0.000000 1.000000
0.175337 0.001757 -0.984507 0.446779 -0.984438 -0.011651 -0.175345 -0.111213 -0.011778 0.999931 -0.000313 0.043020 0.000000 0.000000 0.000000 1.000000
0.175337 0.001757 -0.984507 0.446779 -0.984438 -0.011651 -0.175345 -0.111213 -0.011778 0.999931 -0.000313 0.043020 0.000000 0.000000 0.000000 1.000000
0.175337 0.001757 -0.984507 0.446779 -0.984438 -0.011651 -0.175345 -0.111213 -0.011778 0.999931 -0.000313 0.043020 0.000000 0.000000 0.000000 1.000000
0.175337 0.001757 -0.984507 0.446779 -0.984438 -0.011651 -0.175345 -0.111213 -0.011778 0.999931 -0.000313 0.043020 0.000000 0.000000 0.000000 1.000000
0.175337 0.001757 -0.984507 0.446779 -0.984438 -0.011651 -0.175345 -0.111213 -0.011778 0.999931 -0.000313 0.043020 0.000000 0.000000 0.000000 1.000000
0.175337 0.001757 -0.984507 0.446779 -0.984438 -0.011651 -0.175345 -0.111213 -0.011778 0.999931 -0.000313 0.043020 0.000000 0.000000 0.000000 1.000000
0.175337 0.001757 -0.984507 0.446779 -0.984438 -0.011651 -0.175345 -0.111213 -0.011778 0.999931 -0.000313 0.043020 0.000000 0.000000 0.000000 1.000000
0.175337 0.001757 -0.984507 0.446779 -0.984438 -0.011651 -0.175345 -0.111213 -0.011778 0.999931 -0.000313 0.043020 0.000000 0.000000 0.000000 1.000000
0.175337 0.001757 -0.984507 0.446779 -0.984438 -0.011651 -0.175345 -0.111213 -0.011778 0.999931 -0.000313 0.043020 0.000000 0.000000 0.000000 1.000000
0.175337 0.001757 -0.984507 0.446779 -0.984438 -0.011651 -0.175345 -0.111213 -0.011778 0.999931 -0.000313 0.043020 0.000000 0.000000 0.000000 1.000000
0.175337 0.001757 -0.984507 0.446779 -0.984438 -0.011651 -0.175345 -0.111213 -0.011778 0.999931 -0.000313 0.043020 0.000000 0.000000 0.000000 1.000000
0.175337 0.001757 -0.984507 0.446779 -0.984438 -0.011651 -0.175345 -0.111213 -0.011778 0.999931 -0.000313 0.043020 0.000000 0.000000 0.000000 1.000000
0.175337 0.001757 -0.984507 0.446779 -0.984438 -0.011651 -0.175345 -0.111213 -0.011778 0.999931 -0.000313 0.043020 0.000000 0.000000 0.000000 1.000000
0.175337 0.001757 -0.984507 0.446779 -0.984438 -0.011651 -0.175345 -0.111213 -0.011778 0.999931 -0.000313 0.043020 0.000000 0.000000 0.000000 1.000000
0.175337 0.001757 -0.984507 0.446779 -0.984438 -0.011651 -0.175345 -0.111213 -0.011778 0.999931 -0.000313 0.043020 0.000000 0.000000 0.000000 1.000000
0.175337 0.001757 -0.984507 0.446779 -0.984438 -0.011651 -0.175345 -0.111213 -0.011778 0.999931 -0.000313 0.043020 0.000000 0.000000 0.000000 1.000000
0.175337 0.001757 -0.984507 0.446779 -0.984438 -0.011651 -0.175345 -0.111213 -0.011778 0.999931 -0.000313 0.043020 0.000000 0.000000 0.000000 1.000000
0.175337 0.001757 -0.984507 0.446779 -0.984438 -0.011651 -0.175345 -0.111213 -0.011778 0.999931 -0.000313 0.043020 0.000000 0.000000 0.000000 1.000000
0.175337 0.001757 -0.984507 0.446779 -0.984438 -0.011651 -0.175345 -0.111213 -0.011778 0.999931 -0.000313 0.043020 0.000000 0.000000 0.000000 1.000000
0.175337 0.001757 -0.984507 0.446779 -0.984438 -0.011651 -0.175345 -0.111213 -0.011778 0.999931 -0.000313 0.043020 0.000000 0.000000 0.000000 1.000000
0.175337 0.001757 -0.984507 0.446779 -0.984438 -0.011651 -0.175345 -0.111213 -0.011778 0.999931 -0.000313 0.043020 0.000000 0.000000 0.000000 1.000000
0.175337 0.001757 -0.984507 0.446779 -0.984438 -0.011651 -0.175345 -0.111213 -0.011778 0.999931 -0.000313 0.043020 0.000000 0.000000 0.000000 1.000000
0.175337 0.001757 -0.984507 0.446779 -0.984438 -0.011651 -0.175345 -0.111213 -0.011778 0.999931 -0.000313 0.043020 0.000000 0.000000 0.000000 1.000000
0.175337 0.001757 -0.984507 0.446779 -0.984438 -0.011651 -0.175345 -0.111213 -0.011778 0.999931 -0.000313 0.043020 0.000000 0.000000 0.000000 1.000000
0.175337 0.001757 -0.984507 0.446779 -0.984438 -0.011651 -0.175345 -0.111213 -0.011778 0.999931 -0.000313 0.043020 0.000000 0.000000 0.000000 1.000000
0.175337 0.001757 -0.984507 0.446779 -0.984438 -0.011651 -0.175345 -0.111213 -0.011778 0.999931 -0.000313 0.043020 0.000000 0.000000 0.000000 1.000000
0.175337 0.001757 -0.984507 0.446779 -0.984438 -0.011651 -0.175345 -0.111213 -0.011778 0.999931 -0.000313 0.043020 0.000000 0.000000 0.000000 1.000000
0.175337 0.001757 -0.984507 0.446779 -0.984438 -0.011651 -0.175345 -0.111213 -0.011778 0.999931 -0.000313 0.043020 0.000000 0.000000 0.000000 1.000000
0.175337 0.001757 -0.984507 0.446779 -0.984438 -0.011651 -0.175345 -0.111213 -0.011778 0.999931 -0.000313 0.043020 0.000000 0.000000 0.000000 1.000000
0.175337 0.001757 -0.984507 0.446779 -0.984438 -0.011651 -0.175345 -0.111213 -0.011778 0.999931 -0.000313 0.043020 0.000000 0.000000 0.000000 1.000000
0.175337 0.001757 -0.984507 0.446779 -0.984438 -0.011651 -0.175345 -0.111213 -0.011778 0.999931 -0.000313 0.043020 0.000000 0.000000 0.000000 1.000000
0.175337 0.001757 -0.984507 0.446779 -0.984438 -0.011651 -0.175345 -0.111213 -0.011778 0.999931 -0.000313 0.043020 0.000000 0.000000 0.000000 1.000000
0.175337 0.001757 -0.984507 0.446779 -0.984438 -0.011651 -0.175345 -0.111213 -0.011778 0.999931 -0.000313 0.043020 0.000000 0.000000 0.000000 1.000000
0.175337 0.001757 -0.984507 0.446779 -0.984438 -0.011651 -0.175345 -0.111213 -0.011778 0.999931 -0.000313 0.043020 0.000000 0.000000 0.000000 1.000000
0.175337 0.001757 -0.984507 0.446779 -0.984438 -0.011651 -0.175345 -0.111213 -0.011778 0.999931 -0.000313 0.043020 0.000000 0.000000 0.000000 1.000000
0.175337 0.001757 -0.984507 0.446779 -0.984438 -0.011651 -0.175345 -0.111213 -0.011778 0.999931 -0.000313 0.043020 0.000000 0.000000 0.000000 1.000000</float_array><technique_common><accessor source="#jnt_left_upleg-Matrix-animation-output-transform-array" count="51" stride="16"><param type="float4x4"/></accessor></technique_common></source><source id="jnt_left_upleg-Interpolations"><Name_array id="jnt_left_upleg-Interpolations-array" count="51">
 LINEAR LINEAR LINEAR LINEAR LINEAR LINEAR LINEAR LINEAR LINEAR LINEAR LINEAR
LINEAR LINEAR LINEAR LINEAR LINEAR LINEAR LINEAR LINEAR LINEAR LINEAR LINEAR LINEAR
LINEAR LINEAR LINEAR LINEAR LINEAR LINEAR LINEAR LINEAR LINEAR LINEAR LINEAR LINEAR
LINEAR LINEAR LINEAR LINEAR LINEAR LINEAR LINEAR LINEAR LINEAR LINEAR LINEAR LINEAR
LINEAR LINEAR LINEAR LINEAR</Name_array><technique_common><accessor source="#jnt_left_upleg-Interpolations-array" count="51"><param type="name"/></accessor></technique_common></source><sampler id="jnt_left_upleg-Matrix-animation-transform"><input semantic="INPUT" source="#jnt_left_upleg-Matrix-animation-input"/><input semantic="OUTPUT" source="#jnt_left_upleg-Matrix-animation-output-transform"/><input semantic="INTERPOLATION" source="#jnt_left_upleg-Interpolations"/></sampler><channel source="#jnt_left_upleg-Matrix-animation-transform" target="jnt_left_upleg/matrix"/></animation></animation>
    <animation id="jnt_left_uplegroll-anim" name="jnt_left_uplegroll"><animation><source id="jnt_left_uplegroll-Matrix-animation-input"><float_array id="jnt_left_uplegroll-Matrix-animation-input-array" count="51">

0.000000 0.033333 0.066667 0.100000 0.133333 0.166667 0.200000 0.233333 0.266667 0.300000 0.333333 0.366667 0.400000 0.433333 0.466667 0.500000
0.533333 0.566667 0.600000 0.633333 0.666667 0.700000 0.733333 0.766667 0.800000 0.833333 0.866667 0.900000 0.933333 0.966667 1.000000 1.033333
1.066667 1.100000 1.133333 1.166667 1.200000 1.233333 1.266667 1.300000 1.333333 1.366667 1.400000 1.433333 1.466667 1.500000 1.533333 1.566667
1.600000 1.633333 1.666667</float_array><technique_common><accessor source="#jnt_left_uplegroll-Matrix-animation-input-array" count="51"><param name="TIME" type="float"/></accessor></technique_common></source><source id="jnt_left_uplegroll-Matrix-animation-output-transform"><float_array id="jnt_left_uplegroll-Matrix-animation-output-transform-array" count="816">

1.000000 0.000000 -0.000000 0.430000 -0.000000 1.000000 0.000000 0.000000 0.000000 -0.000000 1.000000 -0.000000 0.000000 0.000000 0.000000 1.000000
1.000000 0.000000 -0.000000 0.430000 -0.000000 1.000000 0.000000 0.000000 0.000000 -0.000000 1.000000 -0.000000 0.000000 0.000000 0.000000 1.000000
1.000000 0.000000 -0.000000 0.430000 -0.000000 1.000000 0.000000 0.000000 0.000000 -0.000000 1.000000 -0.000000 0.000000 0.000000 0.000000 1.000000
1.000000 0.000000 -0.000000 0.430000 -0.000000 1.000000 0.000000 0.000000 0.000000 -0.000000 1.000000 -0.000000 0.000000 0.000000 0.000000 1.000000
1.000000 0.000000 -0.000000 0.430000 -0.000000 1.000000 0.000000 0.000000 0.000000 -0.000000 1.000000 -0.000000 0.000000 0.000000 0.000000 1.000000
1.000000 0.000000 -0.000000 0.430000 -0.000000 1.000000 0.000000 0.000000 0.000000 -0.000000 1.000000 -0.000000 0.000000 0.000000 0.000000 1.000000
1.000000 0.000000 -0.000000 0.430000 -0.000000 1.000000 0.000000 0.000000 0.000000 -0.000000 1.000000 -0.000000 0.000000 0.000000 0.000000 1.000000
1.000000 0.000000 -0.000000 0.430000 -0.000000 1.000000 0.000000 0.000000 0.000000 -0.000000 1.000000 -0.000000 0.000000 0.000000 0.000000 1.000000
1.000000 0.000000 -0.000000 0.430000 -0.000000 1.000000 0.000000 0.000000 0.000000 -0.000000 1.000000 -0.000000 0.000000 0.000000 0.000000 1.000000
1.000000 0.000000 -0.000000 0.430000 -0.000000 1.000000 0.000000 0.000000 0.000000 -0.000000 1.000000 -0.000000 0.000000 0.000000 0.000000 1.000000
1.000000 0.000000 -0.000000 0.430000 -0.000000 1.000000 0.000000 0.000000 0.000000 -0.000000 1.000000 -0.000000 0.000000 0.000000 0.000000 1.000000
1.000000 0.000000 -0.000000 0.430000 -0.000000 1.000000 0.000000 0.000000 0.000000 -0.000000 1.000000 -0.000000 0.000000 0.000000 0.000000 1.000000
1.000000 0.000000 -0.000000 0.430000 -0.000000 1.000000 0.000000 0.000000 0.000000 -0.000000 1.000000 -0.000000 0.000000 0.000000 0.000000 1.000000
1.000000 0.000000 -0.000000 0.430000 -0.000000 1.000000 0.000000 0.000000 0.000000 -0.000000 1.000000 -0.000000 0.000000 0.000000 0.000000 1.000000
1.000000 0.000000 -0.000000 0.430000 -0.000000 1.000000 0.000000 0.000000 0.000000 -0.000000 1.000000 -0.000000 0.000000 0.000000 0.000000 1.000000
1.000000 0.000000 -0.000000 0.430000 -0.000000 1.000000 0.000000 0.000000 0.000000 -0.000000 1.000000 -0.000000 0.000000 0.000000 0.000000 1.000000
1.000000 0.000000 -0.000000 0.430000 -0.000000 1.000000 0.000000 0.000000 0.000000 -0.000000 1.000000 -0.000000 0.000000 0.000000 0.000000 1.000000
1.000000 0.000000 -0.000000 0.430000 -0.000000 1.000000 0.000000 0.000000 0.000000 -0.000000 1.000000 -0.000000 0.000000 0.000000 0.000000 1.000000
1.000000 0.000000 -0.000000 0.430000 -0.000000 1.000000 0.000000 0.000000 0.000000 -0.000000 1.000000 -0.000000 0.000000 0.000000 0.000000 1.000000
1.000000 0.000000 -0.000000 0.430000 -0.000000 1.000000 0.000000 0.000000 0.000000 -0.000000 1.000000 -0.000000 0.000000 0.000000 0.000000 1.000000
1.000000 0.000000 -0.000000 0.430000 -0.000000 1.000000 0.000000 0.000000 0.000000 -0.000000 1.000000 -0.000000 0.000000 0.000000 0.000000 1.000000
1.000000 0.000000 -0.000000 0.430000 -0.000000 1.000000 0.000000 0.000000 0.000000 -0.000000 1.000000 -0.000000 0.000000 0.000000 0.000000 1.000000
1.000000 0.000000 -0.000000 0.430000 -0.000000 1.000000 0.000000 0.000000 0.000000 -0.000000 1.000000 -0.000000 0.000000 0.000000 0.000000 1.000000
1.000000 0.000000 -0.000000 0.430000 -0.000000 1.000000 0.000000 0.000000 0.000000 -0.000000 1.000000 -0.000000 0.000000 0.000000 0.000000 1.000000
1.000000 0.000000 -0.000000 0.430000 -0.000000 1.000000 0.000000 0.000000 0.000000 -0.000000 1.000000 -0.000000 0.000000 0.000000 0.000000 1.000000
1.000000 0.000000 -0.000000 0.430000 -0.000000 1.000000 0.000000 0.000000 0.000000 -0.000000 1.000000 -0.000000 0.000000 0.000000 0.000000 1.000000
1.000000 0.000000 -0.000000 0.430000 -0.000000 1.000000 0.000000 0.000000 0.000000 -0.000000 1.000000 -0.000000 0.000000 0.000000 0.000000 1.000000
1.000000 0.000000 -0.000000 0.430000 -0.000000 1.000000 0.000000 0.000000 0.000000 -0.000000 1.000000 -0.000000 0.000000 0.000000 0.000000 1.000000
1.000000 0.000000 -0.000000 0.430000 -0.000000 1.000000 0.000000 0.000000 0.000000 -0.000000 1.000000 -0.000000 0.000000 0.000000 0.000000 1.000000
1.000000 0.000000 -0.000000 0.430000 -0.000000 1.000000 0.000000 0.000000 0.000000 -0.000000 1.000000 -0.000000 0.000000 0.000000 0.000000 1.000000
1.000000 0.000000 -0.000000 0.430000 -0.000000 1.000000 0.000000 0.000000 0.000000 -0.000000 1.000000 -0.000000 0.000000 0.000000 0.000000 1.000000
1.000000 0.000000 -0.000000 0.430000 -0.000000 1.000000 0.000000 0.000000 0.000000 -0.000000 1.000000 -0.000000 0.000000 0.000000 0.000000 1.000000
1.000000 0.000000 -0.000000 0.430000 -0.000000 1.000000 0.000000 0.000000 0.000000 -0.000000 1.000000 -0.000000 0.000000 0.000000 0.000000 1.000000
1.000000 0.000000 -0.000000 0.430000 -0.000000 1.000000 0.000000 0.000000 0.000000 -0.000000 1.000000 -0.000000 0.000000 0.000000 0.000000 1.000000
1.000000 0.000000 -0.000000 0.430000 -0.000000 1.000000 0.000000 0.000000 0.000000 -0.000000 1.000000 -0.000000 0.000000 0.000000 0.000000 1.000000
1.000000 0.000000 -0.000000 0.430000 -0.000000 1.000000 0.000000 0.000000 0.000000 -0.000000 1.000000 -0.000000 0.000000 0.000000 0.000000 1.000000
1.000000 0.000000 -0.000000 0.430000 -0.000000 1.000000 0.000000 0.000000 0.000000 -0.000000 1.000000 -0.000000 0.000000 0.000000 0.000000 1.000000
1.000000 0.000000 -0.000000 0.430000 -0.000000 1.000000 0.000000 0.000000 0.000000 -0.000000 1.000000 -0.000000 0.000000 0.000000 0.000000 1.000000
1.000000 0.000000 -0.000000 0.430000 -0.000000 1.000000 0.000000 0.000000 0.000000 -0.000000 1.000000 -0.000000 0.000000 0.000000 0.000000 1.000000
1.000000 0.000000 -0.000000 0.430000 -0.000000 1.000000 0.000000 0.000000 0.000000 -0.000000 1.000000 -0.000000 0.000000 0.000000 0.000000 1.000000
1.000000 0.000000 -0.000000 0.430000 -0.000000 1.000000 0.000000 0.000000 0.000000 -0.000000 1.000000 -0.000000 0.000000 0.000000 0.000000 1.000000
1.000000 0.000000 -0.000000 0.430000 -0.000000 1.000000 0.000000 0.000000 0.000000 -0.000000 1.000000 -0.000000 0.000000 0.000000 0.000000 1.000000
1.000000 0.000000 -0.000000 0.430000 -0.000000 1.000000 0.000000 0.000000 0.000000 -0.000000 1.000000 -0.000000 0.000000 0.000000 0.000000 1.000000
1.000000 0.000000 -0.000000 0.430000 -0.000000 1.000000 0.000000 0.000000 0.000000 -0.000000 1.000000 -0.000000 0.000000 0.000000 0.000000 1.000000
1.000000 0.000000 -0.000000 0.430000 -0.000000 1.000000 0.000000 0.000000 0.000000 -0.000000 1.000000 -0.000000 0.000000 0.000000 0.000000 1.000000
1.000000 0.000000 -0.000000 0.430000 -0.000000 1.000000 0.000000 0.000000 0.000000 -0.000000 1.000000 -0.000000 0.000000 0.000000 0.000000 1.000000
1.000000 0.000000 -0.000000 0.430000 -0.000000 1.000000 0.000000 0.000000 0.000000 -0.000000 1.000000 -0.000000 0.000000 0.000000 0.000000 1.000000
1.000000 0.000000 -0.000000 0.430000 -0.000000 1.000000 0.000000 0.000000 0.000000 -0.000000 1.000000 -0.000000 0.000000 0.000000 0.000000 1.000000
1.000000 0.000000 -0.000000 0.430000 -0.000000 1.000000 0.000000 0.000000 0.000000 -0.000000 1.000000 -0.000000 0.000000 0.000000 0.000000 1.000000
1.000000 0.000000 -0.000000 0.430000 -0.000000 1.000000 0.000000 0.000000 0.000000 -0.000000 1.000000 -0.000000 0.000000 0.000000 0.000000 1.000000
1.000000 0.000000 -0.000000 0.430000 -0.000000 1.000000 0.000000 0.000000 0.000000 -0.000000 1.000000 -0.000000 0.000000 0.000000 0.000000 1.000000</float_array><technique_common><accessor source="#jnt_left_uplegroll-Matrix-animation-output-transform-array" count="51" stride="16"><param type="float4x4"/></accessor></technique_common></source><source id="jnt_left_uplegroll-Interpolations"><Name_array id="jnt_left_uplegroll-Interpolations-array" count="51">
 LINEAR LINEAR LINEAR LINEAR LINEAR LINEAR LINEAR LINEAR LINEAR LINEAR LINEAR
LINEAR LINEAR LINEAR LINEAR LINEAR LINEAR LINEAR LINEAR LINEAR LINEAR LINEAR LINEAR
LINEAR LINEAR LINEAR LINEAR LINEAR LINEAR LINEAR LINEAR LINEAR LINEAR LINEAR LINEAR
LINEAR LINEAR LINEAR LINEAR LINEAR LINEAR LINEAR LINEAR LINEAR LINEAR LINEAR LINEAR
LINEAR LINEAR LINEAR LINEAR</Name_array><technique_common><accessor source="#jnt_left_uplegroll-Interpolations-array" count="51"><param type="name"/></accessor></technique_common></source><sampler id="jnt_left_uplegroll-Matrix-animation-transform"><input semantic="INPUT" source="#jnt_left_uplegroll-Matrix-animation-input"/><input semantic="OUTPUT" source="#jnt_left_uplegroll-Matrix-animation-output-transform"/><input semantic="INTERPOLATION" source="#jnt_left_uplegroll-Interpolations"/></sampler><channel source="#jnt_left_uplegroll-Matrix-animation-transform" target="jnt_left_uplegroll/matrix"/></animation></animation>
    <animation id="jnt_left_leg-anim" name="jnt_left_leg"><animation><source id="jnt_left_leg-Matrix-animation-input"><float_array id="jnt_left_leg-Matrix-animation-input-array" count="51">

0.000000 0.033333 0.066667 0.100000 0.133333 0.166667 0.200000 0.233333 0.266667 0.300000 0.333333 0.366667 0.400000 0.433333 0.466667 0.500000
0.533333 0.566667 0.600000 0.633333 0.666667 0.700000 0.733333 0.766667 0.800000 0.833333 0.866667 0.900000 0.933333 0.966667 1.000000 1.033333
1.066667 1.100000 1.133333 1.166667 1.200000 1.233333 1.266667 1.300000 1.333333 1.366667 1.400000 1.433333 1.466667 1.500000 1.533333 1.566667
1.600000 1.633333 1.666667</float_array><technique_common><accessor source="#jnt_left_leg-Matrix-animation-input-array" count="51"><param name="TIME" type="float"/></accessor></technique_common></source><source id="jnt_left_leg-Matrix-animation-output-transform"><float_array id="jnt_left_leg-Matrix-animation-output-transform-array" count="816">

0.984638 0.174609 0.000000 0.860328 -0.174610 0.984638 0.000000 0.000000 -0.000000 -0.000000 1.000000 0.000001 0.000000 0.000000 0.000000 1.000000
0.984638 0.174609 0.000000 0.860328 -0.174610 0.984638 0.000000 0.000000 -0.000000 -0.000000 1.000000 0.000001 0.000000 0.000000 0.000000 1.000000
0.984638 0.174609 0.000000 0.860328 -0.174610 0.984638 0.000000 0.000000 -0.000000 -0.000000 1.000000 0.000001 0.000000 0.000000 0.000000 1.000000
0.984638 0.174609 0.000000 0.860328 -0.174610 0.984638 0.000000 0.000000 -0.000000 -0.000000 1.000000 0.000001 0.000000 0.000000 0.000000 1.000000
0.984638 0.174609 0.000000 0.860328 -0.174610 0.984638 0.000000 0.000000 -0.000000 -0.000000 1.000000 0.000001 0.000000 0.000000 0.000000 1.000000
0.984638 0.174609 0.000000 0.860328 -0.174610 0.984638 0.000000 0.000000 -0.000000 -0.000000 1.000000 0.000001 0.000000 0.000000 0.000000 1.000000
0.984638 0.174609 0.000000 0.860328 -0.174610 0.984638 0.000000 0.000000 -0.000000 -0.000000 1.000000 0.000001 0.000000 0.000000 0.000000 1.000000
0.984638 0.174609 0.000000 0.860328 -0.174610 0.984638 0.000000 0.000000 -0.000000 -0.000000 1.000000 0.000001 0.000000 0.000000 0.000000 1.000000
0.984638 0.174609 0.000000 0.860328 -0.174610 0.984638 0.000000 0.000000 -0.000000 -0.000000 1.000000 0.000001 0.000000 0.000000 0.000000 1.000000
0.984638 0.174609 0.000000 0.860328 -0.174610 0.984638 0.000000 0.000000 -0.000000 -0.000000 1.000000 0.000001 0.000000 0.000000 0.000000 1.000000
0.984638 0.174609 0.000000 0.860328 -0.174610 0.984638 0.000000 0.000000 -0.000000 -0.000000 1.000000 0.000001 0.000000 0.000000 0.000000 1.000000
0.984638 0.174609 0.000000 0.860328 -0.174610 0.984638 0.000000 0.000000 -0.000000 -0.000000 1.000000 0.000001 0.000000 0.000000 0.000000 1.000000
0.984638 0.174609 0.000000 0.860328 -0.174610 0.984638 0.000000 0.000000 -0.000000 -0.000000 1.000000 0.000001 0.000000 0.000000 0.000000 1.000000
0.984638 0.174610 0.000000 0.860328 -0.174610 0.984638 0.000000 0.000000 -0.000000 -0.000000 1.000000 0.000001 0.000000 0.000000 0.000000 1.000000
0.984638 0.174610 0.000000 0.860328 -0.174610 0.984638 0.000000 0.000000 -0.000000 -0.000000 1.000000 0.000001 0.000000 0.000000 0.000000 1.000000
0.984638 0.174610 0.000000 0.860328 -0.174610 0.984638 0.000000 0.000000 -0.000000 -0.000000 1.000000 0.000001 0.000000 0.000000 0.000000 1.000000
0.984638 0.174610 0.000000 0.860328 -0.174610 0.984638 0.000000 0.000000 -0.000000 -0.000000 1.000000 0.000001 0.000000 0.000000 0.000000 1.000000
0.984638 0.174610 0.000000 0.860328 -0.174610 0.984638 0.000000 0.000000 -0.000000 -0.000000 1.000000 0.000001 0.000000 0.000000 0.000000 1.000000
0.984638 0.174610 0.000000 0.860328 -0.174610 0.984638 0.000000 0.000000 -0.000000 -0.000000 1.000000 0.000001 0.000000 0.000000 0.000000 1.000000
0.984638 0.174610 0.000000 0.860328 -0.174610 0.984638 0.000000 0.000000 -0.000000 -0.000000 1.000000 0.000001 0.000000 0.000000 0.000000 1.000000
0.984638 0.174610 0.000000 0.860328 -0.174610 0.984638 0.000000 0.000000 -0.000000 -0.000000 1.000000 0.000001 0.000000 0.000000 0.000000 1.000000
0.984638 0.174610 0.000000 0.860328 -0.174610 0.984638 0.000000 0.000000 -0.000000 -0.000000 1.000000 0.000001 0.000000 0.000000 0.000000 1.000000
0.984638 0.174610 0.000000 0.860328 -0.174610 0.984638 0.000000 0.000000 -0.000000 -0.000000 1.000000 0.000001 0.000000 0.000000 0.000000 1.000000
0.984638 0.174610 0.000000 0.860328 -0.174610 0.984638 0.000000 0.000000 -0.000000 -0.000000 1.000000 0.000001 0.000000 0.000000 0.000000 1.000000
0.984638 0.174610 0.000000 0.860328 -0.174610 0.984638 0.000000 0.000000 -0.000000 -0.000000 1.000000 0.000001 0.000000 0.000000 0.000000 1.000000
0.984638 0.174610 0.000000 0.860328 -0.174610 0.984638 0.000000 0.000000 -0.000000 -0.000000 1.000000 0.000001 0.000000 0.000000 0.000000 1.000000
0.984638 0.174610 0.000000 0.860328 -0.174610 0.984638 0.000000 0.000000 -0.000000 -0.000000 1.000000 0.000001 0.000000 0.000000 0.000000 1.000000
0.984638 0.174610 0.000000 0.860328 -0.174610 0.984638 0.000000 0.000000 -0.000000 -0.000000 1.000000 0.000001 0.000000 0.000000 0.000000 1.000000
0.984638 0.174610 0.000000 0.860328 -0.174610 0.984638 0.000000 0.000000 -0.000000 -0.000000 1.000000 0.000001 0.000000 0.000000 0.000000 1.000000
0.984638 0.174610 0.000000 0.860328 -0.174610 0.984638 0.000000 0.000000 -0.000000 -0.000000 1.000000 0.000001 0.000000 0.000000 0.000000 1.000000
0.984638 0.174610 0.000000 0.860328 -0.174610 0.984638 0.000000 0.000000 -0.000000 -0.000000 1.000000 0.000001 0.000000 0.000000 0.000000 1.000000
0.984638 0.174610 0.000000 0.860328 -0.174610 0.984638 0.000000 0.000000 -0.000000 -0.000000 1.000000 0.000001 0.000000 0.000000 0.000000 1.000000
0.984638 0.174610 0.000000 0.860328 -0.174610 0.984638 0.000000 0.000000 -0.000000 -0.000000 1.000000 0.000001 0.000000 0.000000 0.000000 1.000000
0.984638 0.174610 0.000000 0.860328 -0.174610 0.984638 0.000000 0.000000 -0.000000 -0.000000 1.000000 0.000001 0.000000 0.000000 0.000000 1.000000
0.984638 0.174610 0.000000 0.860328 -0.174610 0.984638 0.000000 0.000000 -0.000000 -0.000000 1.000000 0.000001 0.000000 0.000000 0.000000 1.000000
0.984638 0.174610 0.000000 0.860328 -0.174610 0.984638 0.000000 0.000000 -0.000000 -0.000000 1.000000 0.000001 0.000000 0.000000 0.000000 1.000000
0.984638 0.174610 0.000000 0.860328 -0.174610 0.984638 0.000000 0.000000 -0.000000 -0.000000 1.000000 0.000001 0.000000 0.000000 0.000000 1.000000
0.984638 0.174610 0.000000 0.860328 -0.174610 0.984638 0.000000 0.000000 -0.000000 -0.000000 1.000000 0.000001 0.000000 0.000000 0.000000 1.000000
0.984638 0.174610 0.000000 0.860328 -0.174610 0.984638 0.000000 0.000000 -0.000000 -0.000000 1.000000 0.000001 0.000000 0.000000 0.000000 1.000000
0.984638 0.174610 0.000000 0.860328 -0.174610 0.984638 0.000000 0.000000 -0.000000 -0.000000 1.000000 0.000001 0.000000 0.000000 0.000000 1.000000
0.984638 0.174610 0.000000 0.860328 -0.174610 0.984638 0.000000 0.000000 -0.000000 -0.000000 1.000000 0.000001 0.000000 0.000000 0.000000 1.000000
0.984638 0.174610 0.000000 0.860328 -0.174610 0.984638 0.000000 0.000000 -0.000000 -0.000000 1.000000 0.000001 0.000000 0.000000 0.000000 1.000000
0.984638 0.174610 0.000000 0.860328 -0.174610 0.984638 0.000000 0.000000 -0.000000 -0.000000 1.000000 0.000001 0.000000 0.000000 0.000000 1.000000
0.984638 0.174610 0.000000 0.860328 -0.174610 0.984638 0.000000 0.000000 -0.000000 -0.000000 1.000000 0.000001 0.000000 0.000000 0.000000 1.000000
0.984638 0.174610 0.000000 0.860328 -0.174610 0.984638 0.000000 0.000000 -0.000000 -0.000000 1.000000 0.000001 0.000000 0.000000 0.000000 1.000000
0.984638 0.174610 0.000000 0.860328 -0.174610 0.984638 0.000000 0.000000 -0.000000 -0.000000 1.000000 0.000001 0.000000 0.000000 0.000000 1.000000
0.984638 0.174610 0.000000 0.860328 -0.174610 0.984638 0.000000 0.000000 -0.000000 -0.000000 1.000000 0.000001 0.000000 0.000000 0.000000 1.000000
0.984638 0.174610 0.000000 0.860328 -0.174610 0.984638 0.000000 0.000000 -0.000000 -0.000000 1.000000 0.000001 0.000000 0.000000 0.000000 1.000000
0.984638 0.174610 0.000000 0.860328 -0.174610 0.984638 0.000000 0.000000 -0.000000 -0.000000 1.000000 0.000001 0.000000 0.000000 0.000000 1.000000
0.984638 0.174610 0.000000 0.860328 -0.174610 0.984638 0.000000 0.000000 -0.000000 -0.000000 1.000000 0.000001 0.000000 0.000000 0.000000 1.000000
0.984638 0.174610 0.000000 0.860328 -0.174610 0.984638 0.000000 0.000000 -0.000000 -0.000000 1.000000 0.000001 0.000000 0.000000 0.000000 1.000000</float_array><technique_common><accessor source="#jnt_left_leg-Matrix-animation-output-transform-array" count="51" stride="16"><param type="float4x4"/></accessor></technique_common></source><source id="jnt_left_leg-Interpolations"><Name_array id="jnt_left_leg-Interpolations-array" count="51">
 LINEAR LINEAR LINEAR LINEAR LINEAR LINEAR LINEAR LINEAR LINEAR LINEAR LINEAR
LINEAR LINEAR LINEAR LINEAR LINEAR LINEAR LINEAR LINEAR LINEAR LINEAR LINEAR LINEAR
LINEAR LINEAR LINEAR LINEAR LINEAR LINEAR LINEAR LINEAR LINEAR LINEAR LINEAR LINEAR
LINEAR LINEAR LINEAR LINEAR LINEAR LINEAR LINEAR LINEAR LINEAR LINEAR LINEAR LINEAR
LINEAR LINEAR LINEAR LINEAR</Name_array><technique_common><accessor source="#jnt_left_leg-Interpolations-array" count="51"><param type="name"/></accessor></technique_common></source><sampler id="jnt_left_leg-Matrix-animation-transform"><input semantic="INPUT" source="#jnt_left_leg-Matrix-animation-input"/><input semantic="OUTPUT" source="#jnt_left_leg-Matrix-animation-output-transform"/><input semantic="INTERPOLATION" source="#jnt_left_leg-Interpolations"/></sampler><channel source="#jnt_left_leg-Matrix-animation-transform" target="jnt_left_leg/matrix"/></animation></animation>
    <animation id="jnt_left_legroll-anim" name="jnt_left_legroll"><animation><source id="jnt_left_legroll-Matrix-animation-input"><float_array id="jnt_left_legroll-Matrix-animation-input-array" count="51">

0.000000 0.033333 0.066667 0.100000 0.133333 0.166667 0.200000 0.233333 0.266667 0.300000 0.333333 0.366667 0.400000 0.433333 0.466667 0.500000
0.533333 0.566667 0.600000 0.633333 0.666667 0.700000 0.733333 0.766667 0.800000 0.833333 0.866667 0.900000 0.933333 0.966667 1.000000 1.033333
1.066667 1.100000 1.133333 1.166667 1.200000 1.233333 1.266667 1.300000 1.333333 1.366667 1.400000 1.433333 1.466667 1.500000 1.533333 1.566667
1.600000 1.633333 1.666667</float_array><technique_common><accessor source="#jnt_left_legroll-Matrix-animation-input-array" count="51"><param name="TIME" type="float"/></accessor></technique_common></source><source id="jnt_left_legroll-Matrix-animation-output-transform"><float_array id="jnt_left_legroll-Matrix-animation-output-transform-array" count="816">

1.000000 0.000000 -0.000000 0.384000 -0.000000 1.000000 0.000000 0.000000 0.000000 -0.000000 1.000000 -0.000000 0.000000 0.000000 0.000000 1.000000
1.000000 0.000000 -0.000000 0.384000 -0.000000 1.000000 0.000000 0.000000 0.000000 -0.000000 1.000000 -0.000000 0.000000 0.000000 0.000000 1.000000
1.000000 0.000000 -0.000000 0.384000 -0.000000 1.000000 0.000000 0.000000 0.000000 -0.000000 1.000000 -0.000000 0.000000 0.000000 0.000000 1.000000
1.000000 0.000000 -0.000000 0.384000 -0.000000 1.000000 0.000000 0.000000 0.000000 -0.000000 1.000000 -0.000000 0.000000 0.000000 0.000000 1.000000
1.000000 0.000000 -0.000000 0.384000 -0.000000 1.000000 0.000000 0.000000 0.000000 -0.000000 1.000000 -0.000000 0.000000 0.000000 0.000000 1.000000
1.000000 0.000000 -0.000000 0.384000 -0.000000 1.000000 0.000000 0.000000 0.000000 -0.000000 1.000000 -0.000000 0.000000 0.000000 0.000000 1.000000
1.000000 0.000000 -0.000000 0.384000 -0.000000 1.000000 0.000000 0.000000 0.000000 -0.000000 1.000000 -0.000000 0.000000 0.000000 0.000000 1.000000
1.000000 0.000000 -0.000000 0.384000 -0.000000 1.000000 0.000000 0.000000 0.000000 -0.000000 1.000000 -0.000000 0.000000 0.000000 0.000000 1.000000
1.000000 0.000000 -0.000000 0.384000 -0.000000 1.000000 0.000000 0.000000 0.000000 -0.000000 1.000000 -0.000000 0.000000 0.000000 0.000000 1.000000
1.000000 0.000000 -0.000000 0.384000 -0.000000 1.000000 0.000000 0.000000 0.000000 -0.000000 1.000000 -0.000000 0.000000 0.000000 0.000000 1.000000
1.000000 0.000000 -0.000000 0.384000 -0.000000 1.000000 0.000000 0.000000 0.000000 -0.000000 1.000000 -0.000000 0.000000 0.000000 0.000000 1.000000
1.000000 0.000000 -0.000000 0.384000 -0.000000 1.000000 0.000000 0.000000 0.000000 -0.000000 1.000000 -0.000000 0.000000 0.000000 0.000000 1.000000
1.000000 0.000000 -0.000000 0.384000 -0.000000 1.000000 0.000000 0.000000 0.000000 -0.000000 1.000000 -0.000000 0.000000 0.000000 0.000000 1.000000
1.000000 0.000000 -0.000000 0.384000 -0.000000 1.000000 0.000000 0.000000 0.000000 -0.000000 1.000000 -0.000000 0.000000 0.000000 0.000000 1.000000
1.000000 0.000000 -0.000000 0.384000 -0.000000 1.000000 0.000000 0.000000 0.000000 -0.000000 1.000000 -0.000000 0.000000 0.000000 0.000000 1.000000
1.000000 0.000000 -0.000000 0.384000 -0.000000 1.000000 0.000000 0.000000 0.000000 -0.000000 1.000000 -0.000000 0.000000 0.000000 0.000000 1.000000
1.000000 0.000000 -0.000000 0.384000 -0.000000 1.000000 0.000000 0.000000 0.000000 -0.000000 1.000000 -0.000000 0.000000 0.000000 0.000000 1.000000
1.000000 0.000000 -0.000000 0.384000 -0.000000 1.000000 0.000000 0.000000 0.000000 -0.000000 1.000000 -0.000000 0.000000 0.000000 0.000000 1.000000
1.000000 0.000000 -0.000000 0.384000 -0.000000 1.000000 0.000000 0.000000 0.000000 -0.000000 1.000000 -0.000000 0.000000 0.000000 0.000000 1.000000
1.000000 0.000000 -0.000000 0.384000 -0.000000 1.000000 0.000000 0.000000 0.000000 -0.000000 1.000000 -0.000000 0.000000 0.000000 0.000000 1.000000
1.000000 0.000000 -0.000000 0.384000 -0.000000 1.000000 0.000000 0.000000 0.000000 -0.000000 1.000000 -0.000000 0.000000 0.000000 0.000000 1.000000
1.000000 0.000000 -0.000000 0.384000 -0.000000 1.000000 0.000000 0.000000 0.000000 -0.000000 1.000000 -0.000000 0.000000 0.000000 0.000000 1.000000
1.000000 0.000000 -0.000000 0.384000 -0.000000 1.000000 0.000000 0.000000 0.000000 -0.000000 1.000000 -0.000000 0.000000 0.000000 0.000000 1.000000
1.000000 0.000000 -0.000000 0.384000 -0.000000 1.000000 0.000000 0.000000 0.000000 -0.000000 1.000000 -0.000000 0.000000 0.000000 0.000000 1.000000
1.000000 0.000000 -0.000000 0.384000 -0.000000 1.000000 0.000000 0.000000 0.000000 -0.000000 1.000000 -0.000000 0.000000 0.000000 0.000000 1.000000
1.000000 0.000000 -0.000000 0.384000 -0.000000 1.000000 0.000000 0.000000 0.000000 -0.000000 1.000000 -0.000000 0.000000 0.000000 0.000000 1.000000
1.000000 0.000000 -0.000000 0.384000 -0.000000 1.000000 0.000000 0.000000 0.000000 -0.000000 1.000000 -0.000000 0.000000 0.000000 0.000000 1.000000
1.000000 0.000000 -0.000000 0.384000 -0.000000 1.000000 0.000000 0.000000 0.000000 -0.000000 1.000000 -0.000000 0.000000 0.000000 0.000000 1.000000
1.000000 0.000000 -0.000000 0.384000 -0.000000 1.000000 0.000000 0.000000 0.000000 -0.000000 1.000000 -0.000000 0.000000 0.000000 0.000000 1.000000
1.000000 0.000000 -0.000000 0.384000 -0.000000 1.000000 0.000000 0.000000 0.000000 -0.000000 1.000000 -0.000000 0.000000 0.000000 0.000000 1.000000
1.000000 0.000000 -0.000000 0.384000 -0.000000 1.000000 0.000000 0.000000 0.000000 -0.000000 1.000000 -0.000000 0.000000 0.000000 0.000000 1.000000
1.000000 0.000000 -0.000000 0.384000 -0.000000 1.000000 0.000000 0.000000 0.000000 -0.000000 1.000000 -0.000000 0.000000 0.000000 0.000000 1.000000
1.000000 0.000000 -0.000000 0.384000 -0.000000 1.000000 0.000000 0.000000 0.000000 -0.000000 1.000000 -0.000000 0.000000 0.000000 0.000000 1.000000
1.000000 0.000000 -0.000000 0.384000 -0.000000 1.000000 0.000000 0.000000 0.000000 -0.000000 1.000000 -0.000000 0.000000 0.000000 0.000000 1.000000
1.000000 0.000000 -0.000000 0.384000 -0.000000 1.000000 0.000000 0.000000 0.000000 -0.000000 1.000000 -0.000000 0.000000 0.000000 0.000000 1.000000
1.000000 0.000000 -0.000000 0.384000 -0.000000 1.000000 0.000000 0.000000 0.000000 -0.000000 1.000000 -0.000000 0.000000 0.000000 0.000000 1.000000
1.000000 0.000000 -0.000000 0.384000 -0.000000 1.000000 0.000000 0.000000 0.000000 -0.000000 1.000000 -0.000000 0.000000 0.000000 0.000000 1.000000
1.000000 0.000000 -0.000000 0.384000 -0.000000 1.000000 0.000000 0.000000 0.000000 -0.000000 1.000000 -0.000000 0.000000 0.000000 0.000000 1.000000
1.000000 0.000000 -0.000000 0.384000 -0.000000 1.000000 0.000000 0.000000 0.000000 -0.000000 1.000000 -0.000000 0.000000 0.000000 0.000000 1.000000
1.000000 0.000000 -0.000000 0.384000 -0.000000 1.000000 0.000000 0.000000 0.000000 -0.000000 1.000000 -0.000000 0.000000 0.000000 0.000000 1.000000
1.000000 0.000000 -0.000000 0.384000 -0.000000 1.000000 0.000000 0.000000 0.000000 -0.000000 1.000000 -0.000000 0.000000 0.000000 0.000000 1.000000
1.000000 0.000000 -0.000000 0.384000 -0.000000 1.000000 0.000000 0.000000 0.000000 -0.000000 1.000000 -0.000000 0.000000 0.000000 0.000000 1.000000
1.000000 0.000000 -0.000000 0.384000 -0.000000 1.000000 0.000000 0.000000 0.000000 -0.000000 1.000000 -0.000000 0.000000 0.000000 0.000000 1.000000
1.000000 0.000000 -0.000000 0.384000 -0.000000 1.000000 0.000000 0.000000 0.000000 -0.000000 1.000000 -0.000000 0.000000 0.000000 0.000000 1.000000
1.000000 0.000000 -0.000000 0.384000 -0.000000 1.000000 0.000000 0.000000 0.000000 -0.000000 1.000000 -0.000000 0.000000 0.000000 0.000000 1.000000
1.000000 0.000000 -0.000000 0.384000 -0.000000 1.000000 0.000000 0.000000 0.000000 -0.000000 1.000000 -0.000000 0.000000 0.000000 0.000000 1.000000
1.000000 0.000000 -0.000000 0.384000 -0.000000 1.000000 0.000000 0.000000 0.000000 -0.000000 1.000000 -0.000000 0.000000 0.000000 0.000000 1.000000
1.000000 0.000000 -0.000000 0.384000 -0.000000 1.000000 0.000000 0.000000 0.000000 -0.000000 1.000000 -0.000000 0.000000 0.000000 0.000000 1.000000
1.000000 0.000000 -0.000000 0.384000 -0.000000 1.000000 0.000000 0.000000 0.000000 -0.000000 1.000000 -0.000000 0.000000 0.000000 0.000000 1.000000
1.000000 0.000000 -0.000000 0.384000 -0.000000 1.000000 0.000000 0.000000 0.000000 -0.000000 1.000000 -0.000000 0.000000 0.000000 0.000000 1.000000
1.000000 0.000000 -0.000000 0.384000 -0.000000 1.000000 0.000000 0.000000 0.000000 -0.000000 1.000000 -0.000000 0.000000 0.000000 0.000000 1.000000</float_array><technique_common><accessor source="#jnt_left_legroll-Matrix-animation-output-transform-array" count="51" stride="16"><param type="float4x4"/></accessor></technique_common></source><source id="jnt_left_legroll-Interpolations"><Name_array id="jnt_left_legroll-Interpolations-array" count="51">
 LINEAR LINEAR LINEAR LINEAR LINEAR LINEAR LINEAR LINEAR LINEAR LINEAR LINEAR
LINEAR LINEAR LINEAR LINEAR LINEAR LINEAR LINEAR LINEAR LINEAR LINEAR LINEAR LINEAR
LINEAR LINEAR LINEAR LINEAR LINEAR LINEAR LINEAR LINEAR LINEAR LINEAR LINEAR LINEAR
LINEAR LINEAR LINEAR LINEAR LINEAR LINEAR LINEAR LINEAR LINEAR LINEAR LINEAR LINEAR
LINEAR LINEAR LINEAR LINEAR</Name_array><technique_common><accessor source="#jnt_left_legroll-Interpolations-array" count="51"><param type="name"/></accessor></technique_common></source><sampler id="jnt_left_legroll-Matrix-animation-transform"><input semantic="INPUT" source="#jnt_left_legroll-Matrix-animation-input"/><input semantic="OUTPUT" source="#jnt_left_legroll-Matrix-animation-output-transform"/><input semantic="INTERPOLATION" source="#jnt_left_legroll-Interpolations"/></sampler><channel source="#jnt_left_legroll-Matrix-animation-transform" target="jnt_left_legroll/matrix"/></animation></animation>
    <animation id="jnt_left_foot-anim" name="jnt_left_foot"><animation><source id="jnt_left_foot-Matrix-animation-input"><float_array id="jnt_left_foot-Matrix-animation-input-array" count="51">

0.000000 0.033333 0.066667 0.100000 0.133333 0.166667 0.200000 0.233333 0.266667 0.300000 0.333333 0.366667 0.400000 0.433333 0.466667 0.500000
0.533333 0.566667 0.600000 0.633333 0.666667 0.700000 0.733333 0.766667 0.800000 0.833333 0.866667 0.900000 0.933333 0.966667 1.000000 1.033333
1.066667 1.100000 1.133333 1.166667 1.200000 1.233333 1.266667 1.300000 1.333333 1.366667 1.400000 1.433333 1.466667 1.500000 1.533333 1.566667
1.600000 1.633333 1.666667</float_array><technique_common><accessor source="#jnt_left_foot-Matrix-animation-input-array" count="51"><param name="TIME" type="float"/></accessor></technique_common></source><source id="jnt_left_foot-Matrix-animation-output-transform"><float_array id="jnt_left_foot-Matrix-animation-output-transform-array" count="816">

0.322360 -0.926715 -0.193087 0.768142 0.946458 0.311785 0.083715 0.000000 -0.017378 -0.209735 0.977604 -0.000001 0.000000 0.000000 0.000000 1.000000
0.322360 -0.926715 -0.193087 0.768142 0.946458 0.311785 0.083715 0.000000 -0.017378 -0.209735 0.977604 -0.000001 0.000000 0.000000 0.000000 1.000000
0.322360 -0.926715 -0.193087 0.768142 0.946458 0.311785 0.083715 0.000000 -0.017378 -0.209735 0.977604 -0.000001 0.000000 0.000000 0.000000 1.000000
0.322360 -0.926715 -0.193087 0.768142 0.946458 0.311785 0.083715 0.000000 -0.017378 -0.209735 0.977604 -0.000001 0.000000 0.000000 0.000000 1.000000
0.322360 -0.926715 -0.193087 0.768142 0.946458 0.311785 0.083715 0.000000 -0.017378 -0.209735 0.977604 -0.000001 0.000000 0.000000 0.000000 1.000000
0.322360 -0.926715 -0.193087 0.768142 0.946458 0.311785 0.083715 0.000000 -0.017378 -0.209735 0.977604 -0.000001 0.000000 0.000000 0.000000 1.000000
0.322360 -0.926715 -0.193087 0.768142 0.946458 0.311785 0.083715 0.000000 -0.017378 -0.209735 0.977604 -0.000001 0.000000 0.000000 0.000000 1.000000
0.322360 -0.926715 -0.193087 0.768142 0.946458 0.311785 0.083715 0.000000 -0.017378 -0.209735 0.977604 -0.000001 0.000000 0.000000 0.000000 1.000000
0.322360 -0.926715 -0.193087 0.768142 0.946458 0.311785 0.083715 0.000000 -0.017378 -0.209735 0.977604 -0.000001 0.000000 0.000000 0.000000 1.000000
0.322360 -0.926715 -0.193087 0.768142 0.946458 0.311785 0.083715 0.000000 -0.017378 -0.209735 0.977604 -0.000001 0.000000 0.000000 0.000000 1.000000
0.322360 -0.926715 -0.193087 0.768142 0.946458 0.311785 0.083715 0.000000 -0.017378 -0.209735 0.977604 -0.000001 0.000000 0.000000 0.000000 1.000000
0.322360 -0.926715 -0.193087 0.768142 0.946458 0.311785 0.083715 0.000000 -0.017378 -0.209735 0.977604 -0.000001 0.000000 0.000000 0.000000 1.000000
0.322360 -0.926715 -0.193087 0.768142 0.946458 0.311785 0.083715 0.000000 -0.017378 -0.209735 0.977604 -0.000001 0.000000 0.000000 0.000000 1.000000
0.322360 -0.926715 -0.193087 0.768142 0.946458 0.311785 0.083715 0.000000 -0.017378 -0.209735 0.977604 -0.000001 0.000000 0.000000 0.000000 1.000000
0.322360 -0.926715 -0.193087 0.768142 0.946458 0.311785 0.083715 0.000000 -0.017378 -0.209735 0.977604 -0.000001 0.000000 0.000000 0.000000 1.000000
0.322360 -0.926715 -0.193087 0.768142 0.946458 0.311785 0.083715 0.000000 -0.017378 -0.209735 0.977604 -0.000001 0.000000 0.000000 0.000000 1.000000
0.322360 -0.926715 -0.193087 0.768142 0.946458 0.311785 0.083715 0.000000 -0.017378 -0.209735 0.977604 -0.000001 0.000000 0.000000 0.000000 1.000000
0.322360 -0.926715 -0.193087 0.768142 0.946458 0.311785 0.083715 0.000000 -0.017378 -0.209735 0.977604 -0.000001 0.000000 0.000000 0.000000 1.000000
0.322360 -0.926715 -0.193087 0.768142 0.946458 0.311785 0.083715 0.000000 -0.017378 -0.209735 0.977604 -0.000001 0.000000 0.000000 0.000000 1.000000
0.322360 -0.926715 -0.193087 0.768142 0.946458 0.311785 0.083715 0.000000 -0.017378 -0.209735 0.977604 -0.000001 0.000000 0.000000 0.000000 1.000000
0.322360 -0.926715 -0.193087 0.768142 0.946458 0.311785 0.083715 0.000000 -0.017378 -0.209735 0.977604 -0.000001 0.000000 0.000000 0.000000 1.000000
0.322360 -0.926715 -0.193087 0.768142 0.946458 0.311785 0.083715 0.000000 -0.017378 -0.209735 0.977604 -0.000001 0.000000 0.000000 0.000000 1.000000
0.322360 -0.926715 -0.193087 0.768142 0.946458 0.311785 0.083715 0.000000 -0.017378 -0.209735 0.977604 -0.000001 0.000000 0.000000 0.000000 1.000000
0.322360 -0.926715 -0.193087 0.768142 0.946458 0.311785 0.083715 0.000000 -0.017378 -0.209735 0.977604 -0.000001 0.000000 0.000000 0.000000 1.000000
0.322360 -0.926715 -0.193087 0.768142 0.946458 0.311785 0.083715 0.000000 -0.017378 -0.209735 0.977604 -0.000001 0.000000 0.000000 0.000000 1.000000
0.322360 -0.926715 -0.193087 0.768142 0.946458 0.311785 0.083715 0.000000 -0.017378 -0.209735 0.977604 -0.000001 0.000000 0.000000 0.000000 1.000000
0.322360 -0.926715 -0.193087 0.768142 0.946458 0.311785 0.083715 0.000000 -0.017378 -0.209735 0.977604 -0.000001 0.000000 0.000000 0.000000 1.000000
0.322360 -0.926715 -0.193087 0.768142 0.946458 0.311785 0.083715 0.000000 -0.017378 -0.209735 0.977604 -0.000001 0.000000 0.000000 0.000000 1.000000
0.322360 -0.926715 -0.193087 0.768142 0.946458 0.311785 0.083715 0.000000 -0.017378 -0.209735 0.977604 -0.000001 0.000000 0.000000 0.000000 1.000000
0.322360 -0.926715 -0.193087 0.768142 0.946458 0.311785 0.083715 0.000000 -0.017378 -0.209735 0.977604 -0.000001 0.000000 0.000000 0.000000 1.000000
0.322360 -0.926715 -0.193087 0.768142 0.946458 0.311785 0.083715 0.000000 -0.017378 -0.209735 0.977604 -0.000001 0.000000 0.000000 0.000000 1.000000
0.322360 -0.926715 -0.193087 0.768142 0.946458 0.311785 0.083715 0.000000 -0.017378 -0.209735 0.977604 -0.000001 0.000000 0.000000 0.000000 1.000000
0.322360 -0.926715 -0.193087 0.768142 0.946458 0.311785 0.083715 0.000000 -0.017378 -0.209735 0.977604 -0.000001 0.000000 0.000000 0.000000 1.000000
0.322360 -0.926715 -0.193087 0.768142 0.946458 0.311785 0.083715 0.000000 -0.017378 -0.209735 0.977604 -0.000001 0.000000 0.000000 0.000000 1.000000
0.322360 -0.926715 -0.193087 0.768142 0.946458 0.311785 0.083715 0.000000 -0.017378 -0.209735 0.977604 -0.000001 0.000000 0.000000 0.000000 1.000000
0.322360 -0.926715 -0.193087 0.768142 0.946458 0.311785 0.083715 0.000000 -0.017378 -0.209735 0.977604 -0.000001 0.000000 0.000000 0.000000 1.000000
0.322360 -0.926715 -0.193087 0.768142 0.946458 0.311785 0.083715 0.000000 -0.017378 -0.209735 0.977604 -0.000001 0.000000 0.000000 0.000000 1.000000
0.322360 -0.926715 -0.193087 0.768142 0.946458 0.311785 0.083715 0.000000 -0.017378 -0.209735 0.977604 -0.000001 0.000000 0.000000 0.000000 1.000000
0.322360 -0.926715 -0.193087 0.768142 0.946458 0.311785 0.083715 0.000000 -0.017378 -0.209735 0.977604 -0.000001 0.000000 0.000000 0.000000 1.000000
0.322360 -0.926715 -0.193087 0.768142 0.946458 0.311785 0.083715 0.000000 -0.017378 -0.209735 0.977604 -0.000001 0.000000 0.000000 0.000000 1.000000
0.322360 -0.926715 -0.193087 0.768142 0.946458 0.311785 0.083715 0.000000 -0.017378 -0.209735 0.977604 -0.000001 0.000000 0.000000 0.000000 1.000000
0.322360 -0.926715 -0.193087 0.768142 0.946458 0.311785 0.083715 0.000000 -0.017378 -0.209735 0.977604 -0.000001 0.000000 0.000000 0.000000 1.000000
0.322360 -0.926715 -0.193087 0.768142 0.946458 0.311785 0.083715 0.000000 -0.017378 -0.209735 0.977604 -0.000001 0.000000 0.000000 0.000000 1.000000
0.322360 -0.926715 -0.193087 0.768142 0.946458 0.311785 0.083715 0.000000 -0.017378 -0.209735 0.977604 -0.000001 0.000000 0.000000 0.000000 1.000000
0.322360 -0.926715 -0.193087 0.768142 0.946458 0.311785 0.083715 0.000000 -0.017378 -0.209735 0.977604 -0.000001 0.000000 0.000000 0.000000 1.000000
0.322360 -0.926715 -0.193087 0.768142 0.946458 0.311785 0.083715 0.000000 -0.017378 -0.209735 0.977604 -0.000001 0.000000 0.000000 0.000000 1.000000
0.322360 -0.926715 -0.193087 0.768142 0.946458 0.311785 0.083715 0.000000 -0.017378 -0.209735 0.977604 -0.000001 0.000000 0.000000 0.000000 1.000000
0.322360 -0.926715 -0.193087 0.768142 0.946458 0.311785 0.083715 0.000000 -0.017378 -0.209735 0.977604 -0.000001 0.000000 0.000000 0.000000 1.000000
0.322360 -0.926715 -0.193087 0.768142 0.946458 0.311785 0.083715 0.000000 -0.017378 -0.209735 0.977604 -0.000001 0.000000 0.000000 0.000000 1.000000
0.322360 -0.926715 -0.193087 0.768142 0.946458 0.311785 0.083715 0.000000 -0.017378 -0.209735 0.977604 -0.000001 0.000000 0.000000 0.000000 1.000000
0.322360 -0.926715 -0.193087 0.768142 0.946458 0.311785 0.083715 0.000000 -0.017378 -0.209735 0.977604 -0.000001 0.000000 0.000000 0.000000 1.000000</float_array><technique_common><accessor source="#jnt_left_foot-Matrix-animation-output-transform-array" count="51" stride="16"><param type="float4x4"/></accessor></technique_common></source><source id="jnt_left_foot-Interpolations"><Name_array id="jnt_left_foot-Interpolations-array" count="51">
 LINEAR LINEAR LINEAR LINEAR LINEAR LINEAR LINEAR LINEAR LINEAR LINEAR LINEAR
LINEAR LINEAR LINEAR LINEAR LINEAR LINEAR LINEAR LINEAR LINEAR LINEAR LINEAR LINEAR
LINEAR LINEAR LINEAR LINEAR LINEAR LINEAR LINEAR LINEAR LINEAR LINEAR LINEAR LINEAR
LINEAR LINEAR LINEAR LINEAR LINEAR LINEAR LINEAR LINEAR LINEAR LINEAR LINEAR LINEAR
LINEAR LINEAR LINEAR LINEAR</Name_array><technique_common><accessor source="#jnt_left_foot-Interpolations-array" count="51"><param type="name"/></accessor></technique_common></source><sampler id="jnt_left_foot-Matrix-animation-transform"><input semantic="INPUT" source="#jnt_left_foot-Matrix-animation-input"/><input semantic="OUTPUT" source="#jnt_left_foot-Matrix-animation-output-transform"/><input semantic="INTERPOLATION" source="#jnt_left_foot-Interpolations"/></sampler><channel source="#jnt_left_foot-Matrix-animation-transform" target="jnt_left_foot/matrix"/></animation></animation>
    <animation id="jnt_left_toebase-anim" name="jnt_left_toebase"><animation><source id="jnt_left_toebase-Matrix-animation-input"><float_array id="jnt_left_toebase-Matrix-animation-input-array" count="51">

0.000000 0.033333 0.066667 0.100000 0.133333 0.166667 0.200000 0.233333 0.266667 0.300000 0.333333 0.366667 0.400000 0.433333 0.466667 0.500000
0.533333 0.566667 0.600000 0.633333 0.666667 0.700000 0.733333 0.766667 0.800000 0.833333 0.866667 0.900000 0.933333 0.966667 1.000000 1.033333
1.066667 1.100000 1.133333 1.166667 1.200000 1.233333 1.266667 1.300000 1.333333 1.366667 1.400000 1.433333 1.466667 1.500000 1.533333 1.566667
1.600000 1.633333 1.666667</float_array><technique_common><accessor source="#jnt_left_toebase-Matrix-animation-input-array" count="51"><param name="TIME" type="float"/></accessor></technique_common></source><source id="jnt_left_toebase-Matrix-animation-output-transform"><float_array id="jnt_left_toebase-Matrix-animation-output-transform-array" count="816">

0.918936 -0.394407 0.000000 0.441847 0.394407 0.918936 0.000000 -0.000000 -0.000000 0.000000 1.000000 0.000000 0.000000 0.000000 0.000000 1.000000
0.918936 -0.394407 0.000000 0.441847 0.394407 0.918936 0.000000 -0.000000 -0.000000 0.000000 1.000000 0.000000 0.000000 0.000000 0.000000 1.000000
0.918936 -0.394407 0.000000 0.441847 0.394407 0.918936 0.000000 -0.000000 -0.000000 0.000000 1.000000 -0.000000 0.000000 0.000000 0.000000 1.000000
0.918936 -0.394407 0.000000 0.441847 0.394407 0.918936 0.000000 -0.000000 -0.000000 0.000000 1.000000 -0.000000 0.000000 0.000000 0.000000 1.000000
0.918936 -0.394407 0.000000 0.441847 0.394407 0.918936 0.000000 -0.000000 -0.000000 0.000000 1.000000 -0.000000 0.000000 0.000000 0.000000 1.000000
0.918936 -0.394407 0.000000 0.441847 0.394407 0.918936 0.000000 -0.000000 -0.000000 0.000000 1.000000 -0.000000 0.000000 0.000000 0.000000 1.000000
0.918936 -0.394407 0.000000 0.441847 0.394407 0.918936 0.000000 -0.000000 -0.000000 0.000000 1.000000 -0.000000 0.000000 0.000000 0.000000 1.000000
0.918936 -0.394407 0.000000 0.441847 0.394407 0.918936 0.000000 -0.000000 -0.000000 0.000000 1.000000 -0.000000 0.000000 0.000000 0.000000 1.000000
0.918936 -0.394407 0.000000 0.441847 0.394407 0.918936 0.000000 -0.000000 -0.000000 0.000000 1.000000 -0.000000 0.000000 0.000000 0.000000 1.000000
0.918936 -0.394407 0.000000 0.441847 0.394407 0.918936 0.000000 -0.000000 -0.000000 0.000000 1.000000 -0.000000 0.000000 0.000000 0.000000 1.000000
0.918936 -0.394407 0.000000 0.441847 0.394407 0.918936 0.000000 -0.000000 -0.000000 0.000000 1.000000 -0.000000 0.000000 0.000000 0.000000 1.000000
0.918936 -0.394407 0.000000 0.441847 0.394407 0.918936 0.000000 -0.000000 -0.000000 0.000000 1.000000 -0.000000 0.000000 0.000000 0.000000 1.000000
0.918936 -0.394407 0.000000 0.441847 0.394407 0.918936 0.000000 -0.000000 -0.000000 0.000000 1.000000 -0.000000 0.000000 0.000000 0.000000 1.000000
0.918936 -0.394407 0.000000 0.441847 0.394407 0.918936 0.000000 -0.000000 -0.000000 0.000000 1.000000 -0.000000 0.000000 0.000000 0.000000 1.000000
0.918936 -0.394407 0.000000 0.441847 0.394407 0.918936 0.000000 -0.000000 -0.000000 0.000000 1.000000 -0.000000 0.000000 0.000000 0.000000 1.000000
0.918936 -0.394407 0.000000 0.441847 0.394407 0.918936 0.000000 -0.000000 -0.000000 0.000000 1.000000 -0.000000 0.000000 0.000000 0.000000 1.000000
0.918936 -0.394407 0.000000 0.441847 0.394407 0.918936 0.000000 -0.000000 -0.000000 0.000000 1.000000 -0.000000 0.000000 0.000000 0.000000 1.000000
0.918936 -0.394407 0.000000 0.441847 0.394407 0.918936 0.000000 -0.000000 -0.000000 0.000000 1.000000 -0.000000 0.000000 0.000000 0.000000 1.000000
0.918936 -0.394407 0.000000 0.441847 0.394407 0.918936 0.000000 -0.000000 -0.000000 0.000000 1.000000 -0.000000 0.000000 0.000000 0.000000 1.000000
0.918936 -0.394407 0.000000 0.441847 0.394407 0.918936 0.000000 -0.000000 -0.000000 0.000000 1.000000 -0.000000 0.000000 0.000000 0.000000 1.000000
0.918936 -0.394407 0.000000 0.441847 0.394407 0.918936 0.000000 -0.000000 -0.000000 0.000000 1.000000 -0.000000 0.000000 0.000000 0.000000 1.000000
0.918936 -0.394407 0.000000 0.441847 0.394407 0.918936 0.000000 -0.000000 -0.000000 0.000000 1.000000 -0.000000 0.000000 0.000000 0.000000 1.000000
0.918936 -0.394407 0.000000 0.441847 0.394407 0.918936 0.000000 -0.000000 -0.000000 0.000000 1.000000 -0.000000 0.000000 0.000000 0.000000 1.000000
0.918936 -0.394407 0.000000 0.441847 0.394407 0.918936 0.000000 -0.000000 -0.000000 0.000000 1.000000 -0.000000 0.000000 0.000000 0.000000 1.000000
0.918936 -0.394407 0.000000 0.441847 0.394407 0.918936 0.000000 -0.000000 -0.000000 0.000000 1.000000 -0.000000 0.000000 0.000000 0.000000 1.000000
0.918936 -0.394407 0.000000 0.441847 0.394407 0.918936 0.000000 -0.000000 -0.000000 0.000000 1.000000 -0.000000 0.000000 0.000000 0.000000 1.000000
0.918936 -0.394407 0.000000 0.441847 0.394407 0.918936 0.000000 -0.000000 -0.000000 0.000000 1.000000 -0.000000 0.000000 0.000000 0.000000 1.000000
0.918936 -0.394407 0.000000 0.441847 0.394407 0.918936 0.000000 -0.000000 -0.000000 0.000000 1.000000 -0.000000 0.000000 0.000000 0.000000 1.000000
0.918936 -0.394407 0.000000 0.441847 0.394407 0.918936 0.000000 -0.000000 -0.000000 0.000000 1.000000 -0.000000 0.000000 0.000000 0.000000 1.000000
0.918936 -0.394407 0.000000 0.441847 0.394407 0.918936 0.000000 -0.000000 -0.000000 0.000000 1.000000 -0.000000 0.000000 0.000000 0.000000 1.000000
0.918936 -0.394407 0.000000 0.441847 0.394407 0.918936 0.000000 -0.000000 -0.000000 0.000000 1.000000 -0.000000 0.000000 0.000000 0.000000 1.000000
0.918936 -0.394407 0.000000 0.441847 0.394407 0.918936 0.000000 -0.000000 -0.000000 0.000000 1.000000 -0.000000 0.000000 0.000000 0.000000 1.000000
0.918936 -0.394407 0.000000 0.441847 0.394407 0.918936 0.000000 -0.000000 -0.000000 0.000000 1.000000 -0.000000 0.000000 0.000000 0.000000 1.000000
0.918936 -0.394407 0.000000 0.441847 0.394407 0.918936 0.000000 -0.000000 -0.000000 0.000000 1.000000 -0.000000 0.000000 0.000000 0.000000 1.000000
0.918936 -0.394407 0.000000 0.441847 0.394407 0.918936 0.000000 -0.000000 -0.000000 0.000000 1.000000 -0.000000 0.000000 0.000000 0.000000 1.000000
0.918936 -0.394407 0.000000 0.441847 0.394407 0.918936 0.000000 -0.000000 -0.000000 0.000000 1.000000 -0.000000 0.000000 0.000000 0.000000 1.000000
0.918936 -0.394407 0.000000 0.441847 0.394407 0.918936 0.000000 -0.000000 -0.000000 0.000000 1.000000 -0.000000 0.000000 0.000000 0.000000 1.000000
0.918936 -0.394407 0.000000 0.441847 0.394407 0.918936 0.000000 -0.000000 -0.000000 0.000000 1.000000 -0.000000 0.000000 0.000000 0.000000 1.000000
0.918936 -0.394407 0.000000 0.441847 0.394407 0.918936 0.000000 -0.000000 -0.000000 0.000000 1.000000 -0.000000 0.000000 0.000000 0.000000 1.000000
0.918936 -0.394407 0.000000 0.441847 0.394407 0.918936 0.000000 -0.000000 -0.000000 0.000000 1.000000 -0.000000 0.000000 0.000000 0.000000 1.000000
0.918936 -0.394407 0.000000 0.441847 0.394407 0.918936 0.000000 -0.000000 -0.000000 0.000000 1.000000 -0.000000 0.000000 0.000000 0.000000 1.000000
0.918936 -0.394407 0.000000 0.441847 0.394407 0.918936 0.000000 -0.000000 -0.000000 0.000000 1.000000 -0.000000 0.000000 0.000000 0.000000 1.000000
0.918936 -0.394407 0.000000 0.441847 0.394407 0.918936 0.000000 -0.000000 -0.000000 0.000000 1.000000 -0.000000 0.000000 0.000000 0.000000 1.000000
0.918936 -0.394407 0.000000 0.441847 0.394407 0.918936 0.000000 -0.000000 -0.000000 0.000000 1.000000 -0.000000 0.000000 0.000000 0.000000 1.000000
0.918936 -0.394407 0.000000 0.441847 0.394407 0.918936 0.000000 -0.000000 -0.000000 0.000000 1.000000 -0.000000 0.000000 0.000000 0.000000 1.000000
0.918936 -0.394407 0.000000 0.441847 0.394407 0.918936 0.000000 -0.000000 -0.000000 0.000000 1.000000 -0.000000 0.000000 0.000000 0.000000 1.000000
0.918936 -0.394407 0.000000 0.441847 0.394407 0.918936 0.000000 -0.000000 -0.000000 0.000000 1.000000 -0.000000 0.000000 0.000000 0.000000 1.000000
0.918936 -0.394407 0.000000 0.441847 0.394407 0.918936 0.000000 -0.000000 -0.000000 0.000000 1.000000 -0.000000 0.000000 0.000000 0.000000 1.000000
0.918936 -0.394407 0.000000 0.441847 0.394407 0.918936 0.000000 -0.000000 -0.000000 0.000000 1.000000 -0.000000 0.000000 0.000000 0.000000 1.000000
0.918936 -0.394407 0.000000 0.441847 0.394407 0.918936 0.000000 -0.000000 -0.000000 0.000000 1.000000 -0.000000 0.000000 0.000000 0.000000 1.000000
0.918936 -0.394407 0.000000 0.441847 0.394407 0.918936 0.000000 -0.000000 -0.000000 0.000000 1.000000 -0.000000 0.000000 0.000000 0.000000 1.000000</float_array><technique_common><accessor source="#jnt_left_toebase-Matrix-animation-output-transform-array" count="51" stride="16"><param type="float4x4"/></accessor></technique_common></source><source id="jnt_left_toebase-Interpolations"><Name_array id="jnt_left_toebase-Interpolations-array" count="51">
 LINEAR LINEAR LINEAR LINEAR LINEAR LINEAR LINEAR LINEAR LINEAR LINEAR LINEAR
LINEAR LINEAR LINEAR LINEAR LINEAR LINEAR LINEAR LINEAR LINEAR LINEAR LINEAR LINEAR
LINEAR LINEAR LINEAR LINEAR LINEAR LINEAR LINEAR LINEAR LINEAR LINEAR LINEAR LINEAR
LINEAR LINEAR LINEAR LINEAR LINEAR LINEAR LINEAR LINEAR LINEAR LINEAR LINEAR LINEAR
LINEAR LINEAR LINEAR LINEAR</Name_array><technique_common><accessor source="#jnt_left_toebase-Interpolations-array" count="51"><param type="name"/></accessor></technique_common></source><sampler id="jnt_left_toebase-Matrix-animation-transform"><input semantic="INPUT" source="#jnt_left_toebase-Matrix-animation-input"/><input semantic="OUTPUT" source="#jnt_left_toebase-Matrix-animation-output-transform"/><input semantic="INTERPOLATION" source="#jnt_left_toebase-Interpolations"/></sampler><channel source="#jnt_left_toebase-Matrix-animation-transform" target="jnt_left_toebase/matrix"/></animation></animation>
    <animation id="jnt_left_toeend-anim" name="jnt_left_toeend"><animation><source id="jnt_left_toeend-Matrix-animation-input"><float_array id="jnt_left_toeend-Matrix-animation-input-array" count="51">

0.000000 0.033333 0.066667 0.100000 0.133333 0.166667 0.200000 0.233333 0.266667 0.300000 0.333333 0.366667 0.400000 0.433333 0.466667 0.500000
0.533333 0.566667 0.600000 0.633333 0.666667 0.700000 0.733333 0.766667 0.800000 0.833333 0.866667 0.900000 0.933333 0.966667 1.000000 1.033333
1.066667 1.100000 1.133333 1.166667 1.200000 1.233333 1.266667 1.300000 1.333333 1.366667 1.400000 1.433333 1.466667 1.500000 1.533333 1.566667
1.600000 1.633333 1.666667</float_array><technique_common><accessor source="#jnt_left_toeend-Matrix-animation-input-array" count="51"><param name="TIME" type="float"/></accessor></technique_common></source><source id="jnt_left_toeend-Matrix-animation-output-transform"><float_array id="jnt_left_toeend-Matrix-animation-output-transform-array" count="816">

1.000000 -0.000000 -0.000000 0.379397 0.000000 1.000000 -0.000000 0.000000 0.000000 0.000000 1.000000 0.000000 0.000000 0.000000 0.000000 1.000000
1.000000 -0.000000 -0.000000 0.379397 0.000000 1.000000 -0.000000 0.000000 0.000000 0.000000 1.000000 0.000000 0.000000 0.000000 0.000000 1.000000
1.000000 -0.000000 -0.000000 0.379397 0.000000 1.000000 -0.000000 0.000000 0.000000 0.000000 1.000000 0.000000 0.000000 0.000000 0.000000 1.000000
1.000000 -0.000000 -0.000000 0.379397 0.000000 1.000000 -0.000000 0.000000 0.000000 0.000000 1.000000 0.000000 0.000000 0.000000 0.000000 1.000000
1.000000 -0.000000 -0.000000 0.379397 0.000000 1.000000 -0.000000 0.000000 0.000000 0.000000 1.000000 0.000000 0.000000 0.000000 0.000000 1.000000
1.000000 -0.000000 -0.000000 0.379397 0.000000 1.000000 -0.000000 0.000000 0.000000 0.000000 1.000000 0.000000 0.000000 0.000000 0.000000 1.000000
1.000000 -0.000000 -0.000000 0.379397 0.000000 1.000000 -0.000000 0.000000 0.000000 0.000000 1.000000 0.000000 0.000000 0.000000 0.000000 1.000000
1.000000 -0.000000 -0.000000 0.379397 0.000000 1.000000 -0.000000 0.000000 0.000000 0.000000 1.000000 0.000000 0.000000 0.000000 0.000000 1.000000
1.000000 -0.000000 -0.000000 0.379397 0.000000 1.000000 -0.000000 0.000000 0.000000 0.000000 1.000000 0.000000 0.000000 0.000000 0.000000 1.000000
1.000000 -0.000000 -0.000000 0.379397 0.000000 1.000000 -0.000000 0.000000 0.000000 0.000000 1.000000 0.000000 0.000000 0.000000 0.000000 1.000000
1.000000 -0.000000 -0.000000 0.379397 0.000000 1.000000 -0.000000 0.000000 0.000000 0.000000 1.000000 0.000000 0.000000 0.000000 0.000000 1.000000
1.000000 -0.000000 -0.000000 0.379397 0.000000 1.000000 -0.000000 0.000000 0.000000 0.000000 1.000000 0.000000 0.000000 0.000000 0.000000 1.000000
1.000000 -0.000000 -0.000000 0.379397 0.000000 1.000000 -0.000000 0.000000 0.000000 0.000000 1.000000 0.000000 0.000000 0.000000 0.000000 1.000000
1.000000 -0.000000 -0.000000 0.379397 0.000000 1.000000 -0.000000 0.000000 0.000000 0.000000 1.000000 0.000000 0.000000 0.000000 0.000000 1.000000
1.000000 -0.000000 -0.000000 0.379397 0.000000 1.000000 -0.000000 0.000000 0.000000 0.000000 1.000000 0.000000 0.000000 0.000000 0.000000 1.000000
1.000000 -0.000000 -0.000000 0.379397 0.000000 1.000000 -0.000000 0.000000 0.000000 0.000000 1.000000 0.000000 0.000000 0.000000 0.000000 1.000000
1.000000 -0.000000 -0.000000 0.379397 0.000000 1.000000 -0.000000 0.000000 0.000000 0.000000 1.000000 0.000000 0.000000 0.000000 0.000000 1.000000
1.000000 0.000000 -0.000000 0.379397 -0.000000 1.000000 -0.000000 0.000000 0.000000 0.000000 1.000000 0.000000 0.000000 0.000000 0.000000 1.000000
1.000000 0.000000 -0.000000 0.379397 -0.000000 1.000000 -0.000000 0.000000 0.000000 0.000000 1.000000 0.000000 0.000000 0.000000 0.000000 1.000000
1.000000 0.000000 -0.000000 0.379397 -0.000000 1.000000 -0.000000 0.000000 0.000000 0.000000 1.000000 0.000000 0.000000 0.000000 0.000000 1.000000
1.000000 0.000000 -0.000000 0.379397 -0.000000 1.000000 -0.000000 0.000000 0.000000 0.000000 1.000000 0.000000 0.000000 0.000000 0.000000 1.000000
1.000000 0.000000 -0.000000 0.379397 -0.000000 1.000000 -0.000000 0.000000 0.000000 0.000000 1.000000 0.000000 0.000000 0.000000 0.000000 1.000000
1.000000 0.000000 -0.000000 0.379397 -0.000000 1.000000 -0.000000 0.000000 0.000000 0.000000 1.000000 0.000000 0.000000 0.000000 0.000000 1.000000
1.000000 0.000000 -0.000000 0.379397 -0.000000 1.000000 -0.000000 0.000000 0.000000 0.000000 1.000000 0.000000 0.000000 0.000000 0.000000 1.000000
1.000000 0.000000 -0.000000 0.379397 -0.000000 1.000000 -0.000000 0.000000 0.000000 0.000000 1.000000 0.000000 0.000000 0.000000 0.000000 1.000000
1.000000 0.000000 -0.000000 0.379397 -0.000000 1.000000 -0.000000 0.000000 0.000000 0.000000 1.000000 0.000000 0.000000 0.000000 0.000000 1.000000
1.000000 0.000000 -0.000000 0.379397 -0.000000 1.000000 -0.000000 0.000000 0.000000 0.000000 1.000000 0.000000 0.000000 0.000000 0.000000 1.000000
1.000000 0.000000 -0.000000 0.379397 -0.000000 1.000000 -0.000000 0.000000 0.000000 0.000000 1.000000 0.000000 0.000000 0.000000 0.000000 1.000000
1.000000 0.000000 -0.000000 0.379397 -0.000000 1.000000 -0.000000 0.000000 0.000000 0.000000 1.000000 0.000000 0.000000 0.000000 0.000000 1.000000
1.000000 0.000000 -0.000000 0.379397 -0.000000 1.000000 -0.000000 0.000000 0.000000 0.000000 1.000000 0.000000 0.000000 0.000000 0.000000 1.000000
1.000000 0.000000 -0.000000 0.379397 -0.000000 1.000000 -0.000000 0.000000 0.000000 0.000000 1.000000 0.000000 0.000000 0.000000 0.000000 1.000000
1.000000 0.000000 -0.000000 0.379397 -0.000000 1.000000 -0.000000 0.000000 0.000000 0.000000 1.000000 0.000000 0.000000 0.000000 0.000000 1.000000
1.000000 0.000000 -0.000000 0.379397 -0.000000 1.000000 -0.000000 0.000000 0.000000 0.000000 1.000000 0.000000 0.000000 0.000000 0.000000 1.000000
1.000000 0.000000 -0.000000 0.379397 -0.000000 1.000000 -0.000000 0.000000 0.000000 0.000000 1.000000 0.000000 0.000000 0.000000 0.000000 1.000000
1.000000 0.000000 -0.000000 0.379397 -0.000000 1.000000 -0.000000 0.000000 0.000000 0.000000 1.000000 0.000000 0.000000 0.000000 0.000000 1.000000
1.000000 0.000000 -0.000000 0.379397 -0.000000 1.000000 -0.000000 0.000000 0.000000 0.000000 1.000000 0.000000 0.000000 0.000000 0.000000 1.000000
1.000000 0.000000 -0.000000 0.379397 -0.000000 1.000000 -0.000000 0.000000 0.000000 0.000000 1.000000 0.000000 0.000000 0.000000 0.000000 1.000000
1.000000 0.000000 -0.000000 0.379397 -0.000000 1.000000 -0.000000 0.000000 0.000000 0.000000 1.000000 0.000000 0.000000 0.000000 0.000000 1.000000
1.000000 0.000000 -0.000000 0.379397 -0.000000 1.000000 -0.000000 0.000000 0.000000 0.000000 1.000000 0.000000 0.000000 0.000000 0.000000 1.000000
1.000000 0.000000 -0.000000 0.379397 -0.000000 1.000000 -0.000000 0.000000 0.000000 0.000000 1.000000 0.000000 0.000000 0.000000 0.000000 1.000000
1.000000 0.000000 -0.000000 0.379397 -0.000000 1.000000 -0.000000 0.000000 0.000000 0.000000 1.000000 0.000000 0.000000 0.000000 0.000000 1.000000
1.000000 0.000000 -0.000000 0.379397 -0.000000 1.000000 -0.000000 0.000000 0.000000 0.000000 1.000000 0.000000 0.000000 0.000000 0.000000 1.000000
1.000000 0.000000 -0.000000 0.379397 -0.000000 1.000000 -0.000000 0.000000 0.000000 0.000000 1.000000 0.000000 0.000000 0.000000 0.000000 1.000000
1.000000 0.000000 -0.000000 0.379397 -0.000000 1.000000 -0.000000 0.000000 0.000000 0.000000 1.000000 0.000000 0.000000 0.000000 0.000000 1.000000
1.000000 0.000000 -0.000000 0.379397 -0.000000 1.000000 -0.000000 0.000000 0.000000 0.000000 1.000000 0.000000 0.000000 0.000000 0.000000 1.000000
1.000000 0.000000 -0.000000 0.379397 -0.000000 1.000000 -0.000000 0.000000 0.000000 0.000000 1.000000 0.000000 0.000000 0.000000 0.000000 1.000000
1.000000 0.000000 -0.000000 0.379397 -0.000000 1.000000 -0.000000 0.000000 0.000000 0.000000 1.000000 0.000000 0.000000 0.000000 0.000000 1.000000
1.000000 0.000000 -0.000000 0.379397 -0.000000 1.000000 -0.000000 0.000000 0.000000 0.000000 1.000000 0.000000 0.000000 0.000000 0.000000 1.000000
1.000000 0.000000 -0.000000 0.379397 -0.000000 1.000000 -0.000000 0.000000 0.000000 0.000000 1.000000 0.000000 0.000000 0.000000 0.000000 1.000000
1.000000 0.000000 -0.000000 0.379397 -0.000000 1.000000 -0.000000 0.000000 0.000000 0.000000 1.000000 0.000000 0.000000 0.000000 0.000000 1.000000
1.000000 0.000000 -0.000000 0.379397 -0.000000 1.000000 -0.000000 0.000000 0.000000 0.000000 1.000000 0.000000 0.000000 0.000000 0.000000 1.000000</float_array><technique_common><accessor source="#jnt_left_toeend-Matrix-animation-output-transform-array" count="51" stride="16"><param type="float4x4"/></accessor></technique_common></source><source id="jnt_left_toeend-Interpolations"><Name_array id="jnt_left_toeend-Interpolations-array" count="51">
 LINEAR LINEAR LINEAR LINEAR LINEAR LINEAR LINEAR LINEAR LINEAR LINEAR LINEAR
LINEAR LINEAR LINEAR LINEAR LINEAR LINEAR LINEAR LINEAR LINEAR LINEAR LINEAR LINEAR
LINEAR LINEAR LINEAR LINEAR LINEAR LINEAR LINEAR LINEAR LINEAR LINEAR LINEAR LINEAR
LINEAR LINEAR LINEAR LINEAR LINEAR LINEAR LINEAR LINEAR LINEAR LINEAR LINEAR LINEAR
LINEAR LINEAR LINEAR LINEAR</Name_array><technique_common><accessor source="#jnt_left_toeend-Interpolations-array" count="51"><param type="name"/></accessor></technique_common></source><sampler id="jnt_left_toeend-Matrix-animation-transform"><input semantic="INPUT" source="#jnt_left_toeend-Matrix-animation-input"/><input semantic="OUTPUT" source="#jnt_left_toeend-Matrix-animation-output-transform"/><input semantic="INTERPOLATION" source="#jnt_left_toeend-Interpolations"/></sampler><channel source="#jnt_left_toeend-Matrix-animation-transform" target="jnt_left_toeend/matrix"/></animation></animation>
    <animation id="jnt_height-anim" name="jnt_height"><animation><source id="jnt_height-Matrix-animation-input"><float_array id="jnt_height-Matrix-animation-input-array" count="51">

0.000000 0.033333 0.066667 0.100000 0.133333 0.166667 0.200000 0.233333 0.266667 0.300000 0.333333 0.366667 0.400000 0.433333 0.466667 0.500000
0.533333 0.566667 0.600000 0.633333 0.666667 0.700000 0.733333 0.766667 0.800000 0.833333 0.866667 0.900000 0.933333 0.966667 1.000000 1.033333
1.066667 1.100000 1.133333 1.166667 1.200000 1.233333 1.266667 1.300000 1.333333 1.366667 1.400000 1.433333 1.466667 1.500000 1.533333 1.566667
1.600000 1.633333 1.666667</float_array><technique_common><accessor source="#jnt_height-Matrix-animation-input-array" count="51"><param name="TIME" type="float"/></accessor></technique_common></source><source id="jnt_height-Matrix-animation-output-transform"><float_array id="jnt_height-Matrix-animation-output-transform-array" count="816">

1.000000 0.000000 0.000000 0.000000 0.000000 1.000000 0.000000 0.000000 0.000000 0.000000 1.000000 0.000000 0.000000 0.000000 0.000000 1.000000
1.000000 0.000000 0.000000 0.000000 0.000000 1.000000 0.000000 0.000000 0.000000 0.000000 1.000000 0.000000 0.000000 0.000000 0.000000 1.000000
1.000000 0.000000 0.000000 0.000000 0.000000 1.000000 0.000000 0.000000 0.000000 0.000000 1.000000 0.000000 0.000000 0.000000 0.000000 1.000000
1.000000 0.000000 0.000000 0.000000 0.000000 1.000000 0.000000 0.000000 0.000000 0.000000 1.000000 0.000000 0.000000 0.000000 0.000000 1.000000
1.000000 0.000000 0.000000 0.000000 0.000000 1.000000 0.000000 0.000000 0.000000 0.000000 1.000000 0.000000 0.000000 0.000000 0.000000 1.000000
1.000000 0.000000 0.000000 0.000000 0.000000 1.000000 0.000000 0.000000 0.000000 0.000000 1.000000 0.000000 0.000000 0.000000 0.000000 1.000000
1.000000 0.000000 0.000000 0.000000 0.000000 1.000000 0.000000 0.000000 0.000000 0.000000 1.000000 0.000000 0.000000 0.000000 0.000000 1.000000
1.000000 0.000000 0.000000 0.000000 0.000000 1.000000 0.000000 0.000000 0.000000 0.000000 1.000000 0.000000 0.000000 0.000000 0.000000 1.000000
1.000000 0.000000 0.000000 0.000000 0.000000 1.000000 0.000000 0.000000 0.000000 0.000000 1.000000 0.000000 0.000000 0.000000 0.000000 1.000000
1.000000 0.000000 0.000000 0.000000 0.000000 1.000000 0.000000 0.000000 0.000000 0.000000 1.000000 0.000000 0.000000 0.000000 0.000000 1.000000
1.000000 0.000000 0.000000 0.000000 0.000000 1.000000 0.000000 0.000000 0.000000 0.000000 1.000000 0.000000 0.000000 0.000000 0.000000 1.000000
1.000000 0.000000 0.000000 0.000000 0.000000 1.000000 0.000000 0.000000 0.000000 0.000000 1.000000 0.000000 0.000000 0.000000 0.000000 1.000000
1.000000 0.000000 0.000000 0.000000 0.000000 1.000000 0.000000 0.000000 0.000000 0.000000 1.000000 0.000000 0.000000 0.000000 0.000000 1.000000
1.000000 0.000000 0.000000 0.000000 0.000000 1.000000 0.000000 0.000000 0.000000 0.000000 1.000000 0.000000 0.000000 0.000000 0.000000 1.000000
1.000000 0.000000 0.000000 0.000000 0.000000 1.000000 0.000000 0.000000 0.000000 0.000000 1.000000 0.000000 0.000000 0.000000 0.000000 1.000000
1.000000 0.000000 0.000000 0.000000 0.000000 1.000000 0.000000 0.000000 0.000000 0.000000 1.000000 0.000000 0.000000 0.000000 0.000000 1.000000
1.000000 0.000000 0.000000 0.000000 0.000000 1.000000 0.000000 0.000000 0.000000 0.000000 1.000000 0.000000 0.000000 0.000000 0.000000 1.000000
1.000000 0.000000 0.000000 0.000000 0.000000 1.000000 0.000000 0.000000 0.000000 0.000000 1.000000 0.000000 0.000000 0.000000 0.000000 1.000000
1.000000 0.000000 0.000000 0.000000 0.000000 1.000000 0.000000 0.000000 0.000000 0.000000 1.000000 0.000000 0.000000 0.000000 0.000000 1.000000
1.000000 0.000000 0.000000 0.000000 0.000000 1.000000 0.000000 0.000000 0.000000 0.000000 1.000000 0.000000 0.000000 0.000000 0.000000 1.000000
1.000000 0.000000 0.000000 0.000000 0.000000 1.000000 0.000000 0.000000 0.000000 0.000000 1.000000 0.000000 0.000000 0.000000 0.000000 1.000000
1.000000 0.000000 0.000000 0.000000 0.000000 1.000000 0.000000 0.000000 0.000000 0.000000 1.000000 0.000000 0.000000 0.000000 0.000000 1.000000
1.000000 0.000000 0.000000 0.000000 0.000000 1.000000 0.000000 0.000000 0.000000 0.000000 1.000000 0.000000 0.000000 0.000000 0.000000 1.000000
1.000000 0.000000 0.000000 0.000000 0.000000 1.000000 0.000000 0.000000 0.000000 0.000000 1.000000 0.000000 0.000000 0.000000 0.000000 1.000000
1.000000 0.000000 0.000000 0.000000 0.000000 1.000000 0.000000 0.000000 0.000000 0.000000 1.000000 0.000000 0.000000 0.000000 0.000000 1.000000
1.000000 0.000000 0.000000 0.000000 0.000000 1.000000 0.000000 0.000000 0.000000 0.000000 1.000000 0.000000 0.000000 0.000000 0.000000 1.000000
1.000000 0.000000 0.000000 0.000000 0.000000 1.000000 0.000000 0.000000 0.000000 0.000000 1.000000 0.000000 0.000000 0.000000 0.000000 1.000000
1.000000 0.000000 0.000000 0.000000 0.000000 1.000000 0.000000 0.000000 0.000000 0.000000 1.000000 0.000000 0.000000 0.000000 0.000000 1.000000
1.000000 0.000000 0.000000 0.000000 0.000000 1.000000 0.000000 0.000000 0.000000 0.000000 1.000000 0.000000 0.000000 0.000000 0.000000 1.000000
1.000000 0.000000 0.000000 0.000000 0.000000 1.000000 0.000000 0.000000 0.000000 0.000000 1.000000 0.000000 0.000000 0.000000 0.000000 1.000000
1.000000 0.000000 0.000000 0.000000 0.000000 1.000000 0.000000 0.000000 0.000000 0.000000 1.000000 0.000000 0.000000 0.000000 0.000000 1.000000
1.000000 0.000000 0.000000 0.000000 0.000000 1.000000 0.000000 0.000000 0.000000 0.000000 1.000000 0.000000 0.000000 0.000000 0.000000 1.000000
1.000000 0.000000 0.000000 0.000000 0.000000 1.000000 0.000000 0.000000 0.000000 0.000000 1.000000 0.000000 0.000000 0.000000 0.000000 1.000000
1.000000 0.000000 0.000000 0.000000 0.000000 1.000000 0.000000 0.000000 0.000000 0.000000 1.000000 0.000000 0.000000 0.000000 0.000000 1.000000
1.000000 0.000000 0.000000 0.000000 0.000000 1.000000 0.000000 0.000000 0.000000 0.000000 1.000000 0.000000 0.000000 0.000000 0.000000 1.000000
1.000000 0.000000 0.000000 0.000000 0.000000 1.000000 0.000000 0.000000 0.000000 0.000000 1.000000 0.000000 0.000000 0.000000 0.000000 1.000000
1.000000 0.000000 0.000000 0.000000 0.000000 1.000000 0.000000 0.000000 0.000000 0.000000 1.000000 0.000000 0.000000 0.000000 0.000000 1.000000
1.000000 0.000000 0.000000 0.000000 0.000000 1.000000 0.000000 0.000000 0.000000 0.000000 1.000000 0.000000 0.000000 0.000000 0.000000 1.000000
1.000000 0.000000 0.000000 0.000000 0.000000 1.000000 0.000000 0.000000 0.000000 0.000000 1.000000 0.000000 0.000000 0.000000 0.000000 1.000000
1.000000 0.000000 0.000000 0.000000 0.000000 1.000000 0.000000 0.000000 0.000000 0.000000 1.000000 0.000000 0.000000 0.000000 0.000000 1.000000
1.000000 0.000000 0.000000 0.000000 0.000000 1.000000 0.000000 0.000000 0.000000 0.000000 1.000000 0.000000 0.000000 0.000000 0.000000 1.000000
1.000000 0.000000 0.000000 0.000000 0.000000 1.000000 0.000000 0.000000 0.000000 0.000000 1.000000 0.000000 0.000000 0.000000 0.000000 1.000000
1.000000 0.000000 0.000000 0.000000 0.000000 1.000000 0.000000 0.000000 0.000000 0.000000 1.000000 0.000000 0.000000 0.000000 0.000000 1.000000
1.000000 0.000000 0.000000 0.000000 0.000000 1.000000 0.000000 0.000000 0.000000 0.000000 1.000000 0.000000 0.000000 0.000000 0.000000 1.000000
1.000000 0.000000 0.000000 0.000000 0.000000 1.000000 0.000000 0.000000 0.000000 0.000000 1.000000 0.000000 0.000000 0.000000 0.000000 1.000000
1.000000 0.000000 0.000000 0.000000 0.000000 1.000000 0.000000 0.000000 0.000000 0.000000 1.000000 0.000000 0.000000 0.000000 0.000000 1.000000
1.000000 0.000000 0.000000 0.000000 0.000000 1.000000 0.000000 0.000000 0.000000 0.000000 1.000000 0.000000 0.000000 0.000000 0.000000 1.000000
1.000000 0.000000 0.000000 0.000000 0.000000 1.000000 0.000000 0.000000 0.000000 0.000000 1.000000 0.000000 0.000000 0.000000 0.000000 1.000000
1.000000 0.000000 0.000000 0.000000 0.000000 1.000000 0.000000 0.000000 0.000000 0.000000 1.000000 0.000000 0.000000 0.000000 0.000000 1.000000
1.000000 0.000000 0.000000 0.000000 0.000000 1.000000 0.000000 0.000000 0.000000 0.000000 1.000000 0.000000 0.000000 0.000000 0.000000 1.000000
1.000000 0.000000 0.000000 0.000000 0.000000 1.000000 0.000000 0.000000 0.000000 0.000000 1.000000 0.000000 0.000000 0.000000 0.000000 1.000000</float_array><technique_common><accessor source="#jnt_height-Matrix-animation-output-transform-array" count="51" stride="16"><param type="float4x4"/></accessor></technique_common></source><source id="jnt_height-Interpolations"><Name_array id="jnt_height-Interpolations-array" count="51">
 LINEAR LINEAR LINEAR LINEAR LINEAR LINEAR LINEAR LINEAR LINEAR LINEAR LINEAR
LINEAR LINEAR LINEAR LINEAR LINEAR LINEAR LINEAR LINEAR LINEAR LINEAR LINEAR LINEAR
LINEAR LINEAR LINEAR LINEAR LINEAR LINEAR LINEAR LINEAR LINEAR LINEAR LINEAR LINEAR
LINEAR LINEAR LINEAR LINEAR LINEAR LINEAR LINEAR LINEAR LINEAR LINEAR LINEAR LINEAR
LINEAR LINEAR LINEAR LINEAR</Name_array><technique_common><accessor source="#jnt_height-Interpolations-array" count="51"><param type="name"/></accessor></technique_common></source><sampler id="jnt_height-Matrix-animation-transform"><input semantic="INPUT" source="#jnt_height-Matrix-animation-input"/><input semantic="OUTPUT" source="#jnt_height-Matrix-animation-output-transform"/><input semantic="INTERPOLATION" source="#jnt_height-Interpolations"/></sampler><channel source="#jnt_height-Matrix-animation-transform" target="jnt_height/matrix"/></animation></animation>
    <animation id="jnt_spine1-anim" name="jnt_spine1"><animation><source id="jnt_spine1-Matrix-animation-input"><float_array id="jnt_spine1-Matrix-animation-input-array" count="51">

0.000000 0.033333 0.066667 0.100000 0.133333 0.166667 0.200000 0.233333 0.266667 0.300000 0.333333 0.366667 0.400000 0.433333 0.466667 0.500000
0.533333 0.566667 0.600000 0.633333 0.666667 0.700000 0.733333 0.766667 0.800000 0.833333 0.866667 0.900000 0.933333 0.966667 1.000000 1.033333
1.066667 1.100000 1.133333 1.166667 1.200000 1.233333 1.266667 1.300000 1.333333 1.366667 1.400000 1.433333 1.466667 1.500000 1.533333 1.566667
1.600000 1.633333 1.666667</float_array><technique_common><accessor source="#jnt_spine1-Matrix-animation-input-array" count="51"><param name="TIME" type="float"/></accessor></technique_common></source><source id="jnt_spine1-Matrix-animation-output-transform"><float_array id="jnt_spine1-Matrix-animation-output-transform-array" count="816">

-0.000000 0.000000 1.000000 -0.000000 0.999927 -0.012060 0.000000 0.212132 0.012060 0.999927 -0.000000 0.023482 0.000000 0.000000 0.000000 1.000000
-0.000000 0.000000 1.000000 -0.000000 0.999927 -0.012060 0.000000 0.212132 0.012060 0.999927 -0.000000 0.023482 0.000000 0.000000 0.000000 1.000000
-0.000000 0.000000 1.000000 -0.000000 0.999927 -0.012060 0.000000 0.212132 0.012060 0.999927 -0.000000 0.023482 0.000000 0.000000 0.000000 1.000000
-0.000000 0.000000 1.000000 -0.000000 0.999927 -0.012060 0.000000 0.212132 0.012060 0.999927 -0.000000 0.023482 0.000000 0.000000 0.000000 1.000000
-0.000000 0.000000 1.000000 -0.000000 0.999927 -0.012060 0.000000 0.212132 0.012060 0.999927 -0.000000 0.023482 0.000000 0.000000 0.000000 1.000000
-0.000000 0.000000 1.000000 -0.000000 0.999927 -0.012060 0.000000 0.212132 0.012060 0.999927 -0.000000 0.023482 0.000000 0.000000 0.000000 1.000000
-0.000000 0.000000 1.000000 -0.000000 0.999927 -0.012060 0.000000 0.212132 0.012060 0.999927 -0.000000 0.023482 0.000000 0.000000 0.000000 1.000000
-0.000000 0.000000 1.000000 -0.000000 0.999927 -0.012060 0.000000 0.212132 0.012060 0.999927 -0.000000 0.023482 0.000000 0.000000 0.000000 1.000000
-0.000000 0.000000 1.000000 -0.000000 0.999927 -0.012060 0.000000 0.212132 0.012060 0.999927 -0.000000 0.023482 0.000000 0.000000 0.000000 1.000000
-0.000000 0.000000 1.000000 -0.000000 0.999927 -0.012060 0.000000 0.212132 0.012060 0.999927 -0.000000 0.023482 0.000000 0.000000 0.000000 1.000000
-0.000000 0.000000 1.000000 -0.000000 0.999927 -0.012060 0.000000 0.212132 0.012060 0.999927 -0.000000 0.023482 0.000000 0.000000 0.000000 1.000000
-0.000000 0.000000 1.000000 -0.000000 0.999927 -0.012060 0.000000 0.212132 0.012060 0.999927 -0.000000 0.023482 0.000000 0.000000 0.000000 1.000000
-0.000000 0.000000 1.000000 -0.000000 0.999927 -0.012060 0.000000 0.212132 0.012060 0.999927 -0.000000 0.023482 0.000000 0.000000 0.000000 1.000000
-0.000000 0.000000 1.000000 -0.000000 0.999927 -0.012060 0.000000 0.212132 0.012060 0.999927 -0.000000 0.023482 0.000000 0.000000 0.000000 1.000000
-0.000000 0.000000 1.000000 -0.000000 0.999927 -0.012060 0.000000 0.212132 0.012060 0.999927 -0.000000 0.023482 0.000000 0.000000 0.000000 1.000000
-0.000000 0.000000 1.000000 -0.000000 0.999927 -0.012060 0.000000 0.212132 0.012060 0.999927 -0.000000 0.023482 0.000000 0.000000 0.000000 1.000000
-0.000000 0.000000 1.000000 -0.000000 0.999927 -0.012060 0.000000 0.212132 0.012060 0.999927 -0.000000 0.023482 0.000000 0.000000 0.000000 1.000000
-0.000000 0.000000 1.000000 -0.000000 0.999927 -0.012060 0.000000 0.212132 0.012060 0.999927 -0.000000 0.023482 0.000000 0.000000 0.000000 1.000000
-0.000000 0.000000 1.000000 -0.000000 0.999927 -0.012060 0.000000 0.212132 0.012060 0.999927 -0.000000 0.023482 0.000000 0.000000 0.000000 1.000000
-0.000000 0.000000 1.000000 -0.000000 0.999927 -0.012060 0.000000 0.212132 0.012060 0.999927 -0.000000 0.023482 0.000000 0.000000 0.000000 1.000000
-0.000000 0.000000 1.000000 -0.000000 0.999927 -0.012060 0.000000 0.212132 0.012060 0.999927 -0.000000 0.023482 0.000000 0.000000 0.000000 1.000000
-0.000000 0.000000 1.000000 -0.000000 0.999927 -0.012060 0.000000 0.212132 0.012060 0.999927 -0.000000 0.023482 0.000000 0.000000 0.000000 1.000000
-0.000000 0.000000 1.000000 -0.000000 0.999927 -0.012060 0.000000 0.212132 0.012060 0.999927 -0.000000 0.023482 0.000000 0.000000 0.000000 1.000000
-0.000000 0.000000 1.000000 -0.000000 0.999927 -0.012060 0.000000 0.212132 0.012060 0.999927 -0.000000 0.023482 0.000000 0.000000 0.000000 1.000000
-0.000000 0.000000 1.000000 -0.000000 0.999927 -0.012060 0.000000 0.212132 0.012060 0.999927 -0.000000 0.023482 0.000000 0.000000 0.000000 1.000000
-0.000000 0.000000 1.000000 -0.000000 0.999927 -0.012060 0.000000 0.212132 0.012060 0.999927 -0.000000 0.023482 0.000000 0.000000 0.000000 1.000000
-0.000000 0.000000 1.000000 -0.000000 0.999927 -0.012060 0.000000 0.212132 0.012060 0.999927 -0.000000 0.023482 0.000000 0.000000 0.000000 1.000000
-0.000000 0.000000 1.000000 -0.000000 0.999927 -0.012060 0.000000 0.212132 0.012060 0.999927 -0.000000 0.023482 0.000000 0.000000 0.000000 1.000000
-0.000000 0.000000 1.000000 -0.000000 0.999927 -0.012060 0.000000 0.212132 0.012060 0.999927 -0.000000 0.023482 0.000000 0.000000 0.000000 1.000000
-0.000000 0.000000 1.000000 -0.000000 0.999927 -0.012060 0.000000 0.212132 0.012060 0.999927 -0.000000 0.023482 0.000000 0.000000 0.000000 1.000000
-0.000000 0.000000 1.000000 -0.000000 0.999927 -0.012060 0.000000 0.212132 0.012060 0.999927 -0.000000 0.023482 0.000000 0.000000 0.000000 1.000000
-0.000000 0.000000 1.000000 -0.000000 0.999927 -0.012060 0.000000 0.212132 0.012060 0.999927 -0.000000 0.023482 0.000000 0.000000 0.000000 1.000000
-0.000000 0.000000 1.000000 -0.000000 0.999927 -0.012060 0.000000 0.212132 0.012060 0.999927 -0.000000 0.023482 0.000000 0.000000 0.000000 1.000000
-0.000000 0.000000 1.000000 -0.000000 0.999927 -0.012060 0.000000 0.212132 0.012060 0.999927 -0.000000 0.023482 0.000000 0.000000 0.000000 1.000000
-0.000000 0.000000 1.000000 -0.000000 0.999927 -0.012060 0.000000 0.212132 0.012060 0.999927 -0.000000 0.023482 0.000000 0.000000 0.000000 1.000000
-0.000000 0.000000 1.000000 -0.000000 0.999927 -0.012060 0.000000 0.212132 0.012060 0.999927 -0.000000 0.023482 0.000000 0.000000 0.000000 1.000000
-0.000000 0.000000 1.000000 -0.000000 0.999927 -0.012060 0.000000 0.212132 0.012060 0.999927 -0.000000 0.023482 0.000000 0.000000 0.000000 1.000000
-0.000000 0.000000 1.000000 -0.000000 0.999927 -0.012060 0.000000 0.212132 0.012060 0.999927 -0.000000 0.023482 0.000000 0.000000 0.000000 1.000000
-0.000000 0.000000 1.000000 -0.000000 0.999927 -0.012060 0.000000 0.212132 0.012060 0.999927 -0.000000 0.023482 0.000000 0.000000 0.000000 1.000000
-0.000000 0.000000 1.000000 -0.000000 0.999927 -0.012060 0.000000 0.212132 0.012060 0.999927 -0.000000 0.023482 0.000000 0.000000 0.000000 1.000000
-0.000000 0.000000 1.000000 -0.000000 0.999927 -0.012060 0.000000 0.212132 0.012060 0.999927 -0.000000 0.023482 0.000000 0.000000 0.000000 1.000000
-0.000000 0.000000 1.000000 -0.000000 0.999927 -0.012060 0.000000 0.212132 0.012060 0.999927 -0.000000 0.023482 0.000000 0.000000 0.000000 1.000000
-0.000000 0.000000 1.000000 -0.000000 0.999927 -0.012060 0.000000 0.212132 0.012060 0.999927 -0.000000 0.023482 0.000000 0.000000 0.000000 1.000000
-0.000000 0.000000 1.000000 -0.000000 0.999927 -0.012060 0.000000 0.212132 0.012060 0.999927 -0.000000 0.023482 0.000000 0.000000 0.000000 1.000000
-0.000000 0.000000 1.000000 -0.000000 0.999927 -0.012060 0.000000 0.212132 0.012060 0.999927 -0.000000 0.023482 0.000000 0.000000 0.000000 1.000000
-0.000000 0.000000 1.000000 -0.000000 0.999927 -0.012060 0.000000 0.212132 0.012060 0.999927 -0.000000 0.023482 0.000000 0.000000 0.000000 1.000000
-0.000000 0.000000 1.000000 -0.000000 0.999927 -0.012060 0.000000 0.212132 0.012060 0.999927 -0.000000 0.023482 0.000000 0.000000 0.000000 1.000000
-0.000000 0.000000 1.000000 -0.000000 0.999927 -0.012060 0.000000 0.212132 0.012060 0.999927 -0.000000 0.023482 0.000000 0.000000 0.000000 1.000000
-0.000000 0.000000 1.000000 -0.000000 0.999927 -0.012060 0.000000 0.212132 0.012060 0.999927 -0.000000 0.023482 0.000000 0.000000 0.000000 1.000000
-0.000000 0.000000 1.000000 -0.000000 0.999927 -0.012060 0.000000 0.212132 0.012060 0.999927 -0.000000 0.023482 0.000000 0.000000 0.000000 1.000000
-0.000000 0.000000 1.000000 -0.000000 0.999927 -0.012060 0.000000 0.212132 0.012060 0.999927 -0.000000 0.023482 0.000000 0.000000 0.000000 1.000000</float_array><technique_common><accessor source="#jnt_spine1-Matrix-animation-output-transform-array" count="51" stride="16"><param type="float4x4"/></accessor></technique_common></source><source id="jnt_spine1-Interpolations"><Name_array id="jnt_spine1-Interpolations-array" count="51">
 LINEAR LINEAR LINEAR LINEAR LINEAR LINEAR LINEAR LINEAR LINEAR LINEAR LINEAR
LINEAR LINEAR LINEAR LINEAR LINEAR LINEAR LINEAR LINEAR LINEAR LINEAR LINEAR LINEAR
LINEAR LINEAR LINEAR LINEAR LINEAR LINEAR LINEAR LINEAR LINEAR LINEAR LINEAR LINEAR
LINEAR LINEAR LINEAR LINEAR LINEAR LINEAR LINEAR LINEAR LINEAR LINEAR LINEAR LINEAR
LINEAR LINEAR LINEAR LINEAR</Name_array><technique_common><accessor source="#jnt_spine1-Interpolations-array" count="51"><param type="name"/></accessor></technique_common></source><sampler id="jnt_spine1-Matrix-animation-transform"><input semantic="INPUT" source="#jnt_spine1-Matrix-animation-input"/><input semantic="OUTPUT" source="#jnt_spine1-Matrix-animation-output-transform"/><input semantic="INTERPOLATION" source="#jnt_spine1-Interpolations"/></sampler><channel source="#jnt_spine1-Matrix-animation-transform" target="jnt_spine1/matrix"/></animation></animation>
    <animation id="jnt_spine2-anim" name="jnt_spine2"><animation><source id="jnt_spine2-Matrix-animation-input"><float_array id="jnt_spine2-Matrix-animation-input-array" count="51">

0.000000 0.033333 0.066667 0.100000 0.133333 0.166667 0.200000 0.233333 0.266667 0.300000 0.333333 0.366667 0.400000 0.433333 0.466667 0.500000
0.533333 0.566667 0.600000 0.633333 0.666667 0.700000 0.733333 0.766667 0.800000 0.833333 0.866667 0.900000 0.933333 0.966667 1.000000 1.033333
1.066667 1.100000 1.133333 1.166667 1.200000 1.233333 1.266667 1.300000 1.333333 1.366667 1.400000 1.433333 1.466667 1.500000 1.533333 1.566667
1.600000 1.633333 1.666667</float_array><technique_common><accessor source="#jnt_spine2-Matrix-animation-input-array" count="51"><param name="TIME" type="float"/></accessor></technique_common></source><source id="jnt_spine2-Matrix-animation-output-transform"><float_array id="jnt_spine2-Matrix-animation-output-transform-array" count="816">

0.998734 0.050292 -0.000000 0.426848 -0.050292 0.998734 -0.000000 -0.000000 0.000000 0.000000 1.000000 0.000000 0.000000 0.000000 0.000000 1.000000
0.998734 0.050292 -0.000000 0.426848 -0.050292 0.998734 -0.000000 -0.000000 0.000000 0.000000 1.000000 0.000000 0.000000 0.000000 0.000000 1.000000
0.998734 0.050292 -0.000000 0.426848 -0.050292 0.998734 -0.000000 -0.000000 0.000000 0.000000 1.000000 0.000000 0.000000 0.000000 0.000000 1.000000
0.998734 0.050292 -0.000000 0.426848 -0.050292 0.998734 -0.000000 -0.000000 0.000000 0.000000 1.000000 0.000000 0.000000 0.000000 0.000000 1.000000
0.998734 0.050292 -0.000000 0.426848 -0.050292 0.998734 -0.000000 -0.000000 0.000000 0.000000 1.000000 0.000000 0.000000 0.000000 0.000000 1.000000
0.998734 0.050292 -0.000000 0.426848 -0.050292 0.998734 -0.000000 -0.000000 0.000000 0.000000 1.000000 0.000000 0.000000 0.000000 0.000000 1.000000
0.998734 0.050292 -0.000000 0.426848 -0.050292 0.998734 -0.000000 -0.000000 0.000000 0.000000 1.000000 0.000000 0.000000 0.000000 0.000000 1.000000
0.998734 0.050292 -0.000000 0.426848 -0.050292 0.998734 -0.000000 -0.000000 0.000000 0.000000 1.000000 0.000000 0.000000 0.000000 0.000000 1.000000
0.998734 0.050292 -0.000000 0.426848 -0.050292 0.998734 -0.000000 -0.000000 0.000000 0.000000 1.000000 0.000000 0.000000 0.000000 0.000000 1.000000
0.998734 0.050292 -0.000000 0.426848 -0.050292 0.998734 -0.000000 -0.000000 0.000000 0.000000 1.000000 0.000000 0.000000 0.000000 0.000000 1.000000
0.998734 0.050292 -0.000000 0.426848 -0.050292 0.998734 -0.000000 -0.000000 0.000000 0.000000 1.000000 0.000000 0.000000 0.000000 0.000000 1.000000
0.998734 0.050292 -0.000000 0.426848 -0.050292 0.998734 -0.000000 -0.000000 0.000000 0.000000 1.000000 0.000000 0.000000 0.000000 0.000000 1.000000
0.998734 0.050292 -0.000000 0.426848 -0.050292 0.998734 -0.000000 -0.000000 0.000000 0.000000 1.000000 0.000000 0.000000 0.000000 0.000000 1.000000
0.998734 0.050292 -0.000000 0.426848 -0.050292 0.998734 -0.000000 -0.000000 0.000000 0.000000 1.000000 0.000000 0.000000 0.000000 0.000000 1.000000
0.998734 0.050292 -0.000000 0.426848 -0.050292 0.998734 -0.000000 -0.000000 0.000000 0.000000 1.000000 0.000000 0.000000 0.000000 0.000000 1.000000
0.998734 0.050292 -0.000000 0.426848 -0.050292 0.998734 -0.000000 -0.000000 0.000000 0.000000 1.000000 0.000000 0.000000 0.000000 0.000000 1.000000
0.998734 0.050292 -0.000000 0.426848 -0.050292 0.998734 -0.000000 -0.000000 0.000000 0.000000 1.000000 0.000000 0.000000 0.000000 0.000000 1.000000
0.998734 0.050292 -0.000000 0.426848 -0.050292 0.998734 -0.000000 -0.000000 0.000000 0.000000 1.000000 0.000000 0.000000 0.000000 0.000000 1.000000
0.998734 0.050292 -0.000000 0.426848 -0.050292 0.998734 -0.000000 -0.000000 0.000000 0.000000 1.000000 0.000000 0.000000 0.000000 0.000000 1.000000
0.998734 0.050292 -0.000000 0.426848 -0.050292 0.998734 -0.000000 -0.000000 0.000000 0.000000 1.000000 0.000000 0.000000 0.000000 0.000000 1.000000
0.998734 0.050292 -0.000000 0.426848 -0.050292 0.998734 -0.000000 -0.000000 0.000000 0.000000 1.000000 0.000000 0.000000 0.000000 0.000000 1.000000
0.998734 0.050292 -0.000000 0.426848 -0.050292 0.998734 -0.000000 -0.000000 0.000000 0.000000 1.000000 0.000000 0.000000 0.000000 0.000000 1.000000
0.998734 0.050292 -0.000000 0.426848 -0.050292 0.998734 -0.000000 -0.000000 0.000000 0.000000 1.000000 0.000000 0.000000 0.000000 0.000000 1.000000
0.998734 0.050292 -0.000000 0.426848 -0.050292 0.998734 -0.000000 -0.000000 0.000000 0.000000 1.000000 0.000000 0.000000 0.000000 0.000000 1.000000
0.998734 0.050292 -0.000000 0.426848 -0.050292 0.998734 -0.000000 -0.000000 0.000000 0.000000 1.000000 0.000000 0.000000 0.000000 0.000000 1.000000
0.998734 0.050292 -0.000000 0.426848 -0.050292 0.998734 -0.000000 -0.000000 0.000000 0.000000 1.000000 0.000000 0.000000 0.000000 0.000000 1.000000
0.998734 0.050292 -0.000000 0.426848 -0.050292 0.998734 -0.000000 -0.000000 0.000000 0.000000 1.000000 0.000000 0.000000 0.000000 0.000000 1.000000
0.998734 0.050292 -0.000000 0.426848 -0.050292 0.998734 -0.000000 -0.000000 0.000000 0.000000 1.000000 0.000000 0.000000 0.000000 0.000000 1.000000
0.998734 0.050292 -0.000000 0.426848 -0.050292 0.998734 -0.000000 -0.000000 0.000000 0.000000 1.000000 0.000000 0.000000 0.000000 0.000000 1.000000
0.998734 0.050292 -0.000000 0.426848 -0.050292 0.998734 -0.000000 -0.000000 0.000000 0.000000 1.000000 0.000000 0.000000 0.000000 0.000000 1.000000
0.998734 0.050292 -0.000000 0.426848 -0.050292 0.998734 -0.000000 -0.000000 0.000000 0.000000 1.000000 0.000000 0.000000 0.000000 0.000000 1.000000
0.998734 0.050292 -0.000000 0.426848 -0.050292 0.998734 -0.000000 -0.000000 0.000000 0.000000 1.000000 0.000000 0.000000 0.000000 0.000000 1.000000
0.998734 0.050292 -0.000000 0.426848 -0.050292 0.998734 -0.000000 -0.000000 0.000000 0.000000 1.000000 0.000000 0.000000 0.000000 0.000000 1.000000
0.998734 0.050292 -0.000000 0.426848 -0.050292 0.998734 -0.000000 -0.000000 0.000000 0.000000 1.000000 0.000000 0.000000 0.000000 0.000000 1.000000
0.998734 0.050292 -0.000000 0.426848 -0.050292 0.998734 -0.000000 -0.000000 0.000000 0.000000 1.000000 0.000000 0.000000 0.000000 0.000000 1.000000
0.998734 0.050292 -0.000000 0.426848 -0.050292 0.998734 -0.000000 -0.000000 0.000000 0.000000 1.000000 0.000000 0.000000 0.000000 0.000000 1.000000
0.998734 0.050292 -0.000000 0.426848 -0.050292 0.998734 -0.000000 -0.000000 0.000000 0.000000 1.000000 0.000000 0.000000 0.000000 0.000000 1.000000
0.998734 0.050292 -0.000000 0.426848 -0.050292 0.998734 -0.000000 -0.000000 0.000000 0.000000 1.000000 0.000000 0.000000 0.000000 0.000000 1.000000
0.998734 0.050292 -0.000000 0.426848 -0.050292 0.998734 -0.000000 -0.000000 0.000000 0.000000 1.000000 0.000000 0.000000 0.000000 0.000000 1.000000
0.998734 0.050292 -0.000000 0.426848 -0.050292 0.998734 -0.000000 -0.000000 0.000000 0.000000 1.000000 0.000000 0.000000 0.000000 0.000000 1.000000
0.998734 0.050292 -0.000000 0.426848 -0.050292 0.998734 -0.000000 -0.000000 0.000000 0.000000 1.000000 0.000000 0.000000 0.000000 0.000000 1.000000
0.998734 0.050292 -0.000000 0.426848 -0.050292 0.998734 -0.000000 -0.000000 0.000000 0.000000 1.000000 0.000000 0.000000 0.000000 0.000000 1.000000
0.998734 0.050292 -0.000000 0.426848 -0.050292 0.998734 -0.000000 -0.000000 0.000000 0.000000 1.000000 0.000000 0.000000 0.000000 0.000000 1.000000
0.998734 0.050292 -0.000000 0.426848 -0.050292 0.998734 -0.000000 -0.000000 0.000000 0.000000 1.000000 0.000000 0.000000 0.000000 0.000000 1.000000
0.998734 0.050292 -0.000000 0.426848 -0.050292 0.998734 -0.000000 -0.000000 0.000000 0.000000 1.000000 0.000000 0.000000 0.000000 0.000000 1.000000
0.998734 0.050292 -0.000000 0.426848 -0.050292 0.998734 -0.000000 -0.000000 0.000000 0.000000 1.000000 0.000000 0.000000 0.000000 0.000000 1.000000
0.998734 0.050292 -0.000000 0.426848 -0.050292 0.998734 -0.000000 -0.000000 0.000000 0.000000 1.000000 0.000000 0.000000 0.000000 0.000000 1.000000
0.998734 0.050292 -0.000000 0.426848 -0.050292 0.998734 -0.000000 -0.000000 0.000000 0.000000 1.000000 0.000000 0.000000 0.000000 0.000000 1.000000
0.998734 0.050292 -0.000000 0.426848 -0.050292 0.998734 -0.000000 -0.000000 0.000000 0.000000 1.000000 0.000000 0.000000 0.000000 0.000000 1.000000
0.998734 0.050292 -0.000000 0.426848 -0.050292 0.998734 -0.000000 -0.000000 0.000000 0.000000 1.000000 0.000000 0.000000 0.000000 0.000000 1.000000
0.998734 0.050292 -0.000000 0.426848 -0.050292 0.998734 -0.000000 -0.000000 0.000000 0.000000 1.000000 0.000000 0.000000 0.000000 0.000000 1.000000</float_array><technique_common><accessor source="#jnt_spine2-Matrix-animation-output-transform-array" count="51" stride="16"><param type="float4x4"/></accessor></technique_common></source><source id="jnt_spine2-Interpolations"><Name_array id="jnt_spine2-Interpolations-array" count="51">
 LINEAR LINEAR LINEAR LINEAR LINEAR LINEAR LINEAR LINEAR LINEAR LINEAR LINEAR
LINEAR LINEAR LINEAR LINEAR LINEAR LINEAR LINEAR LINEAR LINEAR LINEAR LINEAR LINEAR
LINEAR LINEAR LINEAR LINEAR LINEAR LINEAR LINEAR LINEAR LINEAR LINEAR LINEAR LINEAR
LINEAR LINEAR LINEAR LINEAR LINEAR LINEAR LINEAR LINEAR LINEAR LINEAR LINEAR LINEAR
LINEAR LINEAR LINEAR LINEAR</Name_array><technique_common><accessor source="#jnt_spine2-Interpolations-array" count="51"><param type="name"/></accessor></technique_common></source><sampler id="jnt_spine2-Matrix-animation-transform"><input semantic="INPUT" source="#jnt_spine2-Matrix-animation-input"/><input semantic="OUTPUT" source="#jnt_spine2-Matrix-animation-output-transform"/><input semantic="INTERPOLATION" source="#jnt_spine2-Interpolations"/></sampler><channel source="#jnt_spine2-Matrix-animation-transform" target="jnt_spine2/matrix"/></animation></animation>
    <animation id="jnt_spine3-anim" name="jnt_spine3"><animation><source id="jnt_spine3-Matrix-animation-input"><float_array id="jnt_spine3-Matrix-animation-input-array" count="51">

0.000000 0.033333 0.066667 0.100000 0.133333 0.166667 0.200000 0.233333 0.266667 0.300000 0.333333 0.366667 0.400000 0.433333 0.466667 0.500000
0.533333 0.566667 0.600000 0.633333 0.666667 0.700000 0.733333 0.766667 0.800000 0.833333 0.866667 0.900000 0.933333 0.966667 1.000000 1.033333
1.066667 1.100000 1.133333 1.166667 1.200000 1.233333 1.266667 1.300000 1.333333 1.366667 1.400000 1.433333 1.466667 1.500000 1.533333 1.566667
1.600000 1.633333 1.666667</float_array><technique_common><accessor source="#jnt_spine3-Matrix-animation-input-array" count="51"><param name="TIME" type="float"/></accessor></technique_common></source><source id="jnt_spine3-Matrix-animation-output-transform"><float_array id="jnt_spine3-Matrix-animation-output-transform-array" count="816">

0.998134 0.061061 -0.000000 0.555067 -0.061061 0.998134 -0.000000 0.000000 0.000000 0.000000 1.000000 0.000000 0.000000 0.000000 0.000000 1.000000
0.998134 0.061061 -0.000000 0.555067 -0.061061 0.998134 -0.000000 0.000000 0.000000 0.000000 1.000000 0.000000 0.000000 0.000000 0.000000 1.000000
0.998134 0.061061 -0.000000 0.555067 -0.061061 0.998134 -0.000000 0.000000 0.000000 0.000000 1.000000 0.000000 0.000000 0.000000 0.000000 1.000000
0.998134 0.061061 -0.000000 0.555067 -0.061061 0.998134 -0.000000 0.000000 0.000000 0.000000 1.000000 0.000000 0.000000 0.000000 0.000000 1.000000
0.998134 0.061061 -0.000000 0.555067 -0.061061 0.998134 -0.000000 0.000000 0.000000 0.000000 1.000000 0.000000 0.000000 0.000000 0.000000 1.000000
0.998134 0.061061 -0.000000 0.555067 -0.061061 0.998134 -0.000000 0.000000 0.000000 0.000000 1.000000 0.000000 0.000000 0.000000 0.000000 1.000000
0.998134 0.061061 -0.000000 0.555067 -0.061061 0.998134 -0.000000 0.000000 0.000000 0.000000 1.000000 0.000000 0.000000 0.000000 0.000000 1.000000
0.998134 0.061061 -0.000000 0.555067 -0.061061 0.998134 -0.000000 0.000000 0.000000 0.000000 1.000000 0.000000 0.000000 0.000000 0.000000 1.000000
0.998134 0.061061 -0.000000 0.555067 -0.061061 0.998134 -0.000000 0.000000 0.000000 0.000000 1.000000 0.000000 0.000000 0.000000 0.000000 1.000000
0.998134 0.061061 -0.000000 0.555067 -0.061061 0.998134 -0.000000 0.000000 0.000000 0.000000 1.000000 0.000000 0.000000 0.000000 0.000000 1.000000
0.998134 0.061061 -0.000000 0.555067 -0.061061 0.998134 -0.000000 0.000000 0.000000 0.000000 1.000000 0.000000 0.000000 0.000000 0.000000 1.000000
0.998134 0.061061 -0.000000 0.555067 -0.061061 0.998134 -0.000000 0.000000 0.000000 0.000000 1.000000 0.000000 0.000000 0.000000 0.000000 1.000000
0.998134 0.061061 -0.000000 0.555067 -0.061061 0.998134 -0.000000 0.000000 0.000000 0.000000 1.000000 0.000000 0.000000 0.000000 0.000000 1.000000
0.998134 0.061061 -0.000000 0.555067 -0.061061 0.998134 -0.000000 0.000000 0.000000 0.000000 1.000000 0.000000 0.000000 0.000000 0.000000 1.000000
0.998134 0.061061 -0.000000 0.555067 -0.061061 0.998134 -0.000000 0.000000 0.000000 0.000000 1.000000 0.000000 0.000000 0.000000 0.000000 1.000000
0.998134 0.061061 -0.000000 0.555067 -0.061061 0.998134 -0.000000 0.000000 0.000000 0.000000 1.000000 0.000000 0.000000 0.000000 0.000000 1.000000
0.998134 0.061061 -0.000000 0.555067 -0.061061 0.998134 -0.000000 0.000000 0.000000 0.000000 1.000000 0.000000 0.000000 0.000000 0.000000 1.000000
0.998134 0.061061 -0.000000 0.555067 -0.061061 0.998134 -0.000000 0.000000 0.000000 0.000000 1.000000 0.000000 0.000000 0.000000 0.000000 1.000000
0.998134 0.061061 -0.000000 0.555067 -0.061061 0.998134 -0.000000 0.000000 0.000000 0.000000 1.000000 0.000000 0.000000 0.000000 0.000000 1.000000
0.998134 0.061061 -0.000000 0.555067 -0.061061 0.998134 -0.000000 0.000000 0.000000 0.000000 1.000000 0.000000 0.000000 0.000000 0.000000 1.000000
0.998134 0.061061 -0.000000 0.555067 -0.061061 0.998134 -0.000000 0.000000 0.000000 0.000000 1.000000 0.000000 0.000000 0.000000 0.000000 1.000000
0.998134 0.061061 -0.000000 0.555067 -0.061061 0.998134 -0.000000 0.000000 0.000000 0.000000 1.000000 0.000000 0.000000 0.000000 0.000000 1.000000
0.998134 0.061061 -0.000000 0.555067 -0.061061 0.998134 -0.000000 0.000000 0.000000 0.000000 1.000000 0.000000 0.000000 0.000000 0.000000 1.000000
0.998134 0.061061 -0.000000 0.555067 -0.061061 0.998134 -0.000000 0.000000 0.000000 0.000000 1.000000 0.000000 0.000000 0.000000 0.000000 1.000000
0.998134 0.061061 -0.000000 0.555067 -0.061061 0.998134 -0.000000 0.000000 0.000000 0.000000 1.000000 0.000000 0.000000 0.000000 0.000000 1.000000
0.998134 0.061061 -0.000000 0.555067 -0.061061 0.998134 -0.000000 0.000000 0.000000 0.000000 1.000000 0.000000 0.000000 0.000000 0.000000 1.000000
0.998134 0.061061 -0.000000 0.555067 -0.061061 0.998134 -0.000000 0.000000 0.000000 0.000000 1.000000 0.000000 0.000000 0.000000 0.000000 1.000000
0.998134 0.061061 -0.000000 0.555067 -0.061061 0.998134 -0.000000 0.000000 0.000000 0.000000 1.000000 0.000000 0.000000 0.000000 0.000000 1.000000
0.998134 0.061061 -0.000000 0.555067 -0.061061 0.998134 -0.000000 0.000000 0.000000 0.000000 1.000000 0.000000 0.000000 0.000000 0.000000 1.000000
0.998134 0.061061 -0.000000 0.555067 -0.061061 0.998134 -0.000000 0.000000 0.000000 0.000000 1.000000 0.000000 0.000000 0.000000 0.000000 1.000000
0.998134 0.061061 -0.000000 0.555067 -0.061061 0.998134 -0.000000 0.000000 0.000000 0.000000 1.000000 0.000000 0.000000 0.000000 0.000000 1.000000
0.998134 0.061061 -0.000000 0.555067 -0.061061 0.998134 -0.000000 0.000000 0.000000 0.000000 1.000000 0.000000 0.000000 0.000000 0.000000 1.000000
0.998134 0.061061 -0.000000 0.555067 -0.061061 0.998134 -0.000000 0.000000 0.000000 0.000000 1.000000 0.000000 0.000000 0.000000 0.000000 1.000000
0.998134 0.061061 -0.000000 0.555067 -0.061061 0.998134 -0.000000 0.000000 0.000000 0.000000 1.000000 0.000000 0.000000 0.000000 0.000000 1.000000
0.998134 0.061061 -0.000000 0.555067 -0.061061 0.998134 -0.000000 0.000000 0.000000 0.000000 1.000000 0.000000 0.000000 0.000000 0.000000 1.000000
0.998134 0.061061 -0.000000 0.555067 -0.061061 0.998134 -0.000000 0.000000 0.000000 0.000000 1.000000 0.000000 0.000000 0.000000 0.000000 1.000000
0.998134 0.061061 -0.000000 0.555067 -0.061061 0.998134 -0.000000 0.000000 0.000000 0.000000 1.000000 0.000000 0.000000 0.000000 0.000000 1.000000
0.998134 0.061061 -0.000000 0.555067 -0.061061 0.998134 -0.000000 0.000000 0.000000 0.000000 1.000000 0.000000 0.000000 0.000000 0.000000 1.000000
0.998134 0.061061 -0.000000 0.555067 -0.061061 0.998134 -0.000000 0.000000 0.000000 0.000000 1.000000 0.000000 0.000000 0.000000 0.000000 1.000000
0.998134 0.061061 -0.000000 0.555067 -0.061061 0.998134 -0.000000 0.000000 0.000000 0.000000 1.000000 0.000000 0.000000 0.000000 0.000000 1.000000
0.998134 0.061061 -0.000000 0.555067 -0.061061 0.998134 -0.000000 0.000000 0.000000 0.000000 1.000000 0.000000 0.000000 0.000000 0.000000 1.000000
0.998134 0.061061 -0.000000 0.555067 -0.061061 0.998134 -0.000000 0.000000 0.000000 0.000000 1.000000 0.000000 0.000000 0.000000 0.000000 1.000000
0.998134 0.061061 -0.000000 0.555067 -0.061061 0.998134 -0.000000 0.000000 0.000000 0.000000 1.000000 0.000000 0.000000 0.000000 0.000000 1.000000
0.998134 0.061061 -0.000000 0.555067 -0.061061 0.998134 -0.000000 0.000000 0.000000 0.000000 1.000000 0.000000 0.000000 0.000000 0.000000 1.000000
0.998134 0.061061 -0.000000 0.555067 -0.061061 0.998134 -0.000000 0.000000 0.000000 0.000000 1.000000 0.000000 0.000000 0.000000 0.000000 1.000000
0.998134 0.061061 -0.000000 0.555067 -0.061061 0.998134 -0.000000 0.000000 0.000000 0.000000 1.000000 0.000000 0.000000 0.000000 0.000000 1.000000
0.998134 0.061061 -0.000000 0.555067 -0.061061 0.998134 -0.000000 0.000000 0.000000 0.000000 1.000000 0.000000 0.000000 0.000000 0.000000 1.000000
0.998134 0.061061 -0.000000 0.555067 -0.061061 0.998134 -0.000000 0.000000 0.000000 0.000000 1.000000 0.000000 0.000000 0.000000 0.000000 1.000000
0.998134 0.061061 -0.000000 0.555067 -0.061061 0.998134 -0.000000 0.000000 0.000000 0.000000 1.000000 0.000000 0.000000 0.000000 0.000000 1.000000
0.998134 0.061061 -0.000000 0.555067 -0.061061 0.998134 -0.000000 0.000000 0.000000 0.000000 1.000000 0.000000 0.000000 0.000000 0.000000 1.000000
0.998134 0.061061 -0.000000 0.555067 -0.061061 0.998134 -0.000000 0.000000 0.000000 0.000000 1.000000 0.000000 0.000000 0.000000 0.000000 1.000000</float_array><technique_common><accessor source="#jnt_spine3-Matrix-animation-output-transform-array" count="51" stride="16"><param type="float4x4"/></accessor></technique_common></source><source id="jnt_spine3-Interpolations"><Name_array id="jnt_spine3-Interpolations-array" count="51">
 LINEAR LINEAR LINEAR LINEAR LINEAR LINEAR LINEAR LINEAR LINEAR LINEAR LINEAR
LINEAR LINEAR LINEAR LINEAR LINEAR LINEAR LINEAR LINEAR LINEAR LINEAR LINEAR LINEAR
LINEAR LINEAR LINEAR LINEAR LINEAR LINEAR LINEAR LINEAR LINEAR LINEAR LINEAR LINEAR
LINEAR LINEAR LINEAR LINEAR LINEAR LINEAR LINEAR LINEAR LINEAR LINEAR LINEAR LINEAR
LINEAR LINEAR LINEAR LINEAR</Name_array><technique_common><accessor source="#jnt_spine3-Interpolations-array" count="51"><param type="name"/></accessor></technique_common></source><sampler id="jnt_spine3-Matrix-animation-transform"><input semantic="INPUT" source="#jnt_spine3-Matrix-animation-input"/><input semantic="OUTPUT" source="#jnt_spine3-Matrix-animation-output-transform"/><input semantic="INTERPOLATION" source="#jnt_spine3-Interpolations"/></sampler><channel source="#jnt_spine3-Matrix-animation-transform" target="jnt_spine3/matrix"/></animation></animation>
    <animation id="jnt_neck-anim" name="jnt_neck"><animation><source id="jnt_neck-Matrix-animation-input"><float_array id="jnt_neck-Matrix-animation-input-array" count="51">

0.000000 0.033333 0.066667 0.100000 0.133333 0.166667 0.200000 0.233333 0.266667 0.300000 0.333333 0.366667 0.400000 0.433333 0.466667 0.500000
0.533333 0.566667 0.600000 0.633333 0.666667 0.700000 0.733333 0.766667 0.800000 0.833333 0.866667 0.900000 0.933333 0.966667 1.000000 1.033333
1.066667 1.100000 1.133333 1.166667 1.200000 1.233333 1.266667 1.300000 1.333333 1.366667 1.400000 1.433333 1.466667 1.500000 1.533333 1.566667
1.600000 1.633333 1.666667</float_array><technique_common><accessor source="#jnt_neck-Matrix-animation-input-array" count="51"><param name="TIME" type="float"/></accessor></technique_common></source><source id="jnt_neck-Matrix-animation-output-transform"><float_array id="jnt_neck-Matrix-animation-output-transform-array" count="816">

0.958992 -0.283434 0.000000 0.867451 0.283434 0.958992 0.000000 0.171570 -0.000000 -0.000000 1.000000 0.000000 0.000000 0.000000 0.000000 1.000000
0.958992 -0.283434 0.000000 0.867451 0.283434 0.958992 0.000000 0.171570 -0.000000 -0.000000 1.000000 0.000000 0.000000 0.000000 0.000000 1.000000
0.958992 -0.283434 0.000000 0.867451 0.283434 0.958992 0.000000 0.171570 -0.000000 -0.000000 1.000000 0.000000 0.000000 0.000000 0.000000 1.000000
0.958992 -0.283434 0.000000 0.867451 0.283434 0.958992 0.000000 0.171570 -0.000000 -0.000000 1.000000 0.000000 0.000000 0.000000 0.000000 1.000000
0.958992 -0.283434 0.000000 0.867451 0.283434 0.958992 0.000000 0.171570 -0.000000 -0.000000 1.000000 0.000000 0.000000 0.000000 0.000000 1.000000
0.958992 -0.283434 0.000000 0.867451 0.283434 0.958992 0.000000 0.171570 -0.000000 -0.000000 1.000000 0.000000 0.000000 0.000000 0.000000 1.000000
0.958992 -0.283434 0.000000 0.867451 0.283434 0.958992 0.000000 0.171570 -0.000000 -0.000000 1.000000 0.000000 0.000000 0.000000 0.000000 1.000000
0.958992 -0.283434 0.000000 0.867451 0.283434 0.958992 0.000000 0.171570 -0.000000 -0.000000 1.000000 0.000000 0.000000 0.000000 0.000000 1.000000
0.958992 -0.283434 0.000000 0.867451 0.283434 0.958992 0.000000 0.171570 -0.000000 -0.000000 1.000000 0.000000 0.000000 0.000000 0.000000 1.000000
0.958992 -0.283434 0.000000 0.867451 0.283434 0.958992 0.000000 0.171570 -0.000000 -0.000000 1.000000 0.000000 0.000000 0.000000 0.000000 1.000000
0.958992 -0.283434 0.000000 0.867451 0.283434 0.958992 0.000000 0.171570 -0.000000 -0.000000 1.000000 0.000000 0.000000 0.000000 0.000000 1.000000
0.958992 -0.283434 0.000000 0.867451 0.283434 0.958992 0.000000 0.171570 -0.000000 -0.000000 1.000000 0.000000 0.000000 0.000000 0.000000 1.000000
0.958992 -0.283434 0.000000 0.867451 0.283434 0.958992 0.000000 0.171570 -0.000000 -0.000000 1.000000 0.000000 0.000000 0.000000 0.000000 1.000000
0.958992 -0.283434 0.000000 0.867451 0.283434 0.958992 0.000000 0.171570 -0.000000 -0.000000 1.000000 0.000000 0.000000 0.000000 0.000000 1.000000
0.958992 -0.283434 0.000000 0.867451 0.283434 0.958992 0.000000 0.171570 -0.000000 -0.000000 1.000000 0.000000 0.000000 0.000000 0.000000 1.000000
0.958992 -0.283434 0.000000 0.867451 0.283434 0.958992 0.000000 0.171570 -0.000000 -0.000000 1.000000 0.000000 0.000000 0.000000 0.000000 1.000000
0.958992 -0.283434 0.000000 0.867451 0.283434 0.958992 0.000000 0.171570 -0.000000 -0.000000 1.000000 0.000000 0.000000 0.000000 0.000000 1.000000
0.958992 -0.283434 0.000000 0.867451 0.283434 0.958992 0.000000 0.171570 -0.000000 -0.000000 1.000000 0.000000 0.000000 0.000000 0.000000 1.000000
0.958992 -0.283434 0.000000 0.867451 0.283434 0.958992 0.000000 0.171570 -0.000000 -0.000000 1.000000 0.000000 0.000000 0.000000 0.000000 1.000000
0.958992 -0.283434 0.000000 0.867451 0.283434 0.958992 0.000000 0.171570 -0.000000 -0.000000 1.000000 0.000000 0.000000 0.000000 0.000000 1.000000
0.958992 -0.283434 0.000000 0.867451 0.283434 0.958992 0.000000 0.171570 -0.000000 -0.000000 1.000000 0.000000 0.000000 0.000000 0.000000 1.000000
0.958992 -0.283434 0.000000 0.867451 0.283434 0.958992 0.000000 0.171570 -0.000000 -0.000000 1.000000 0.000000 0.000000 0.000000 0.000000 1.000000
0.958992 -0.283434 0.000000 0.867451 0.283434 0.958992 0.000000 0.171570 -0.000000 -0.000000 1.000000 0.000000 0.000000 0.000000 0.000000 1.000000
0.958992 -0.283434 0.000000 0.867451 0.283434 0.958992 0.000000 0.171570 -0.000000 -0.000000 1.000000 0.000000 0.000000 0.000000 0.000000 1.000000
0.958992 -0.283434 0.000000 0.867451 0.283434 0.958992 0.000000 0.171570 -0.000000 -0.000000 1.000000 0.000000 0.000000 0.000000 0.000000 1.000000
0.958992 -0.283434 0.000000 0.867451 0.283434 0.958992 0.000000 0.171570 -0.000000 -0.000000 1.000000 0.000000 0.000000 0.000000 0.000000 1.000000
0.958992 -0.283434 0.000000 0.867451 0.283434 0.958992 0.000000 0.171570 -0.000000 -0.000000 1.000000 0.000000 0.000000 0.000000 0.000000 1.000000
0.958992 -0.283434 0.000000 0.867451 0.283434 0.958992 0.000000 0.171570 -0.000000 -0.000000 1.000000 0.000000 0.000000 0.000000 0.000000 1.000000
0.958992 -0.283434 0.000000 0.867451 0.283434 0.958992 0.000000 0.171570 -0.000000 -0.000000 1.000000 0.000000 0.000000 0.000000 0.000000 1.000000
0.958992 -0.283434 0.000000 0.867451 0.283434 0.958992 0.000000 0.171570 -0.000000 -0.000000 1.000000 0.000000 0.000000 0.000000 0.000000 1.000000
0.958992 -0.283434 0.000000 0.867451 0.283434 0.958992 0.000000 0.171570 -0.000000 -0.000000 1.000000 0.000000 0.000000 0.000000 0.000000 1.000000
0.958992 -0.283434 0.000000 0.867451 0.283434 0.958992 0.000000 0.171570 -0.000000 -0.000000 1.000000 0.000000 0.000000 0.000000 0.000000 1.000000
0.958992 -0.283434 0.000000 0.867451 0.283434 0.958992 0.000000 0.171570 -0.000000 -0.000000 1.000000 0.000000 0.000000 0.000000 0.000000 1.000000
0.958992 -0.283434 0.000000 0.867451 0.283434 0.958992 0.000000 0.171570 -0.000000 -0.000000 1.000000 0.000000 0.000000 0.000000 0.000000 1.000000
0.958992 -0.283434 0.000000 0.867451 0.283434 0.958992 0.000000 0.171570 -0.000000 -0.000000 1.000000 0.000000 0.000000 0.000000 0.000000 1.000000
0.958992 -0.283434 0.000000 0.867451 0.283434 0.958992 0.000000 0.171570 -0.000000 -0.000000 1.000000 0.000000 0.000000 0.000000 0.000000 1.000000
0.958992 -0.283434 0.000000 0.867451 0.283434 0.958992 0.000000 0.171570 -0.000000 -0.000000 1.000000 0.000000 0.000000 0.000000 0.000000 1.000000
0.958992 -0.283434 0.000000 0.867451 0.283434 0.958992 0.000000 0.171570 -0.000000 -0.000000 1.000000 0.000000 0.000000 0.000000 0.000000 1.000000
0.958992 -0.283434 0.000000 0.867451 0.283434 0.958992 0.000000 0.171570 -0.000000 -0.000000 1.000000 0.000000 0.000000 0.000000 0.000000 1.000000
0.958992 -0.283434 0.000000 0.867451 0.283434 0.958992 0.000000 0.171570 -0.000000 -0.000000 1.000000 0.000000 0.000000 0.000000 0.000000 1.000000
0.958992 -0.283434 0.000000 0.867451 0.283434 0.958992 0.000000 0.171570 -0.000000 -0.000000 1.000000 0.000000 0.000000 0.000000 0.000000 1.000000
0.958992 -0.283434 0.000000 0.867451 0.283434 0.958992 0.000000 0.171570 -0.000000 -0.000000 1.000000 0.000000 0.000000 0.000000 0.000000 1.000000
0.958992 -0.283434 0.000000 0.867451 0.283434 0.958992 0.000000 0.171570 -0.000000 -0.000000 1.000000 0.000000 0.000000 0.000000 0.000000 1.000000
0.958992 -0.283434 0.000000 0.867451 0.283434 0.958992 0.000000 0.171570 -0.000000 -0.000000 1.000000 0.000000 0.000000 0.000000 0.000000 1.000000
0.958992 -0.283434 0.000000 0.867451 0.283434 0.958992 0.000000 0.171570 -0.000000 -0.000000 1.000000 0.000000 0.000000 0.000000 0.000000 1.000000
0.958992 -0.283434 0.000000 0.867451 0.283434 0.958992 0.000000 0.171570 -0.000000 -0.000000 1.000000 0.000000 0.000000 0.000000 0.000000 1.000000
0.958992 -0.283434 0.000000 0.867451 0.283434 0.958992 0.000000 0.171570 -0.000000 -0.000000 1.000000 0.000000 0.000000 0.000000 0.000000 1.000000
0.958992 -0.283434 0.000000 0.867451 0.283434 0.958992 0.000000 0.171570 -0.000000 -0.000000 1.000000 0.000000 0.000000 0.000000 0.000000 1.000000
0.958992 -0.283434 0.000000 0.867451 0.283434 0.958992 0.000000 0.171570 -0.000000 -0.000000 1.000000 0.000000 0.000000 0.000000 0.000000 1.000000
0.958992 -0.283434 0.000000 0.867451 0.283434 0.958992 0.000000 0.171570 -0.000000 -0.000000 1.000000 0.000000 0.000000 0.000000 0.000000 1.000000
0.958992 -0.283434 0.000000 0.867451 0.283434 0.958992 0.000000 0.171570 -0.000000 -0.000000 1.000000 0.000000 0.000000 0.000000 0.000000 1.000000</float_array><technique_common><accessor source="#jnt_neck-Matrix-animation-output-transform-array" count="51" stride="16"><param type="float4x4"/></accessor></technique_common></source><source id="jnt_neck-Interpolations"><Name_array id="jnt_neck-Interpolations-array" count="51">
 LINEAR LINEAR LINEAR LINEAR LINEAR LINEAR LINEAR LINEAR LINEAR LINEAR LINEAR
LINEAR LINEAR LINEAR LINEAR LINEAR LINEAR LINEAR LINEAR LINEAR LINEAR LINEAR LINEAR
LINEAR LINEAR LINEAR LINEAR LINEAR LINEAR LINEAR LINEAR LINEAR LINEAR LINEAR LINEAR
LINEAR LINEAR LINEAR LINEAR LINEAR LINEAR LINEAR LINEAR LINEAR LINEAR LINEAR LINEAR
LINEAR LINEAR LINEAR LINEAR</Name_array><technique_common><accessor source="#jnt_neck-Interpolations-array" count="51"><param type="name"/></accessor></technique_common></source><sampler id="jnt_neck-Matrix-animation-transform"><input semantic="INPUT" source="#jnt_neck-Matrix-animation-input"/><input semantic="OUTPUT" source="#jnt_neck-Matrix-animation-output-transform"/><input semantic="INTERPOLATION" source="#jnt_neck-Interpolations"/></sampler><channel source="#jnt_neck-Matrix-animation-transform" target="jnt_neck/matrix"/></animation></animation>
    <animation id="jnt_head-anim" name="jnt_head"><animation><source id="jnt_head-Matrix-animation-input"><float_array id="jnt_head-Matrix-animation-input-array" count="51">

0.000000 0.033333 0.066667 0.100000 0.133333 0.166667 0.200000 0.233333 0.266667 0.300000 0.333333 0.366667 0.400000 0.433333 0.466667 0.500000
0.533333 0.566667 0.600000 0.633333 0.666667 0.700000 0.733333 0.766667 0.800000 0.833333 0.866667 0.900000 0.933333 0.966667 1.000000 1.033333
1.066667 1.100000 1.133333 1.166667 1.200000 1.233333 1.266667 1.300000 1.333333 1.366667 1.400000 1.433333 1.466667 1.500000 1.533333 1.566667
1.600000 1.633333 1.666667</float_array><technique_common><accessor source="#jnt_head-Matrix-animation-input-array" count="51"><param name="TIME" type="float"/></accessor></technique_common></source><source id="jnt_head-Matrix-animation-output-transform"><float_array id="jnt_head-Matrix-animation-output-transform-array" count="816">

0.982376 0.186916 -0.000000 0.273591 -0.186916 0.982376 -0.000000 -0.000000 0.000000 0.000000 1.000000 0.000000 0.000000 0.000000 0.000000 1.000000
0.982376 0.186916 -0.000000 0.273591 -0.186916 0.982376 -0.000000 -0.000000 0.000000 0.000000 1.000000 0.000000 0.000000 0.000000 0.000000 1.000000
0.982376 0.186916 -0.000000 0.273591 -0.186916 0.982376 -0.000000 -0.000000 0.000000 0.000000 1.000000 0.000000 0.000000 0.000000 0.000000 1.000000
0.982376 0.186916 -0.000000 0.273591 -0.186916 0.982376 -0.000000 -0.000000 0.000000 0.000000 1.000000 0.000000 0.000000 0.000000 0.000000 1.000000
0.982376 0.186916 -0.000000 0.273591 -0.186916 0.982376 -0.000000 -0.000000 0.000000 0.000000 1.000000 0.000000 0.000000 0.000000 0.000000 1.000000
0.982376 0.186916 -0.000000 0.273591 -0.186916 0.982376 -0.000000 -0.000000 0.000000 0.000000 1.000000 0.000000 0.000000 0.000000 0.000000 1.000000
0.982376 0.186916 -0.000000 0.273591 -0.186916 0.982376 -0.000000 -0.000000 0.000000 0.000000 1.000000 0.000000 0.000000 0.000000 0.000000 1.000000
0.982376 0.186916 -0.000000 0.273591 -0.186916 0.982376 -0.000000 -0.000000 0.000000 0.000000 1.000000 0.000000 0.000000 0.000000 0.000000 1.000000
0.982376 0.186916 -0.000000 0.273591 -0.186916 0.982376 -0.000000 -0.000000 0.000000 0.000000 1.000000 0.000000 0.000000 0.000000 0.000000 1.000000
0.982376 0.186916 -0.000000 0.273591 -0.186916 0.982376 -0.000000 -0.000000 0.000000 0.000000 1.000000 0.000000 0.000000 0.000000 0.000000 1.000000
0.982376 0.186916 -0.000000 0.273591 -0.186916 0.982376 -0.000000 -0.000000 0.000000 0.000000 1.000000 0.000000 0.000000 0.000000 0.000000 1.000000
0.982376 0.186916 -0.000000 0.273591 -0.186916 0.982376 -0.000000 -0.000000 0.000000 0.000000 1.000000 0.000000 0.000000 0.000000 0.000000 1.000000
0.982376 0.186916 -0.000000 0.273591 -0.186916 0.982376 -0.000000 -0.000000 0.000000 0.000000 1.000000 0.000000 0.000000 0.000000 0.000000 1.000000
0.982376 0.186916 -0.000000 0.273591 -0.186916 0.982376 -0.000000 -0.000000 0.000000 0.000000 1.000000 0.000000 0.000000 0.000000 0.000000 1.000000
0.982376 0.186916 -0.000000 0.273591 -0.186916 0.982376 -0.000000 -0.000000 0.000000 0.000000 1.000000 0.000000 0.000000 0.000000 0.000000 1.000000
0.982376 0.186916 -0.000000 0.273591 -0.186916 0.982376 -0.000000 -0.000000 0.000000 0.000000 1.000000 0.000000 0.000000 0.000000 0.000000 1.000000
0.982376 0.186916 -0.000000 0.273591 -0.186916 0.982376 -0.000000 -0.000000 0.000000 0.000000 1.000000 0.000000 0.000000 0.000000 0.000000 1.000000
0.982376 0.186916 -0.000000 0.273591 -0.186916 0.982376 -0.000000 -0.000000 0.000000 0.000000 1.000000 0.000000 0.000000 0.000000 0.000000 1.000000
0.982376 0.186916 -0.000000 0.273591 -0.186916 0.982376 -0.000000 -0.000000 0.000000 0.000000 1.000000 0.000000 0.000000 0.000000 0.000000 1.000000
0.982376 0.186916 -0.000000 0.273591 -0.186916 0.982376 -0.000000 -0.000000 0.000000 0.000000 1.000000 0.000000 0.000000 0.000000 0.000000 1.000000
0.982376 0.186916 -0.000000 0.273591 -0.186916 0.982376 -0.000000 -0.000000 0.000000 0.000000 1.000000 0.000000 0.000000 0.000000 0.000000 1.000000
0.982376 0.186916 -0.000000 0.273591 -0.186916 0.982376 -0.000000 -0.000000 0.000000 0.000000 1.000000 0.000000 0.000000 0.000000 0.000000 1.000000
0.982376 0.186916 -0.000000 0.273591 -0.186916 0.982376 -0.000000 -0.000000 0.000000 0.000000 1.000000 0.000000 0.000000 0.000000 0.000000 1.000000
0.982376 0.186916 -0.000000 0.273591 -0.186916 0.982376 -0.000000 -0.000000 0.000000 0.000000 1.000000 0.000000 0.000000 0.000000 0.000000 1.000000
0.982376 0.186916 -0.000000 0.273591 -0.186916 0.982376 -0.000000 -0.000000 0.000000 0.000000 1.000000 0.000000 0.000000 0.000000 0.000000 1.000000
0.982376 0.186916 -0.000000 0.273591 -0.186916 0.982376 -0.000000 -0.000000 0.000000 0.000000 1.000000 0.000000 0.000000 0.000000 0.000000 1.000000
0.982376 0.186916 -0.000000 0.273591 -0.186916 0.982376 -0.000000 -0.000000 0.000000 0.000000 1.000000 0.000000 0.000000 0.000000 0.000000 1.000000
0.982376 0.186916 -0.000000 0.273591 -0.186916 0.982376 -0.000000 -0.000000 0.000000 0.000000 1.000000 0.000000 0.000000 0.000000 0.000000 1.000000
0.982376 0.186916 -0.000000 0.273591 -0.186916 0.982376 -0.000000 -0.000000 0.000000 0.000000 1.000000 0.000000 0.000000 0.000000 0.000000 1.000000
0.982376 0.186916 -0.000000 0.273591 -0.186916 0.982376 -0.000000 -0.000000 0.000000 0.000000 1.000000 0.000000 0.000000 0.000000 0.000000 1.000000
0.982376 0.186916 -0.000000 0.273591 -0.186916 0.982376 -0.000000 -0.000000 0.000000 0.000000 1.000000 0.000000 0.000000 0.000000 0.000000 1.000000
0.982376 0.186916 -0.000000 0.273591 -0.186916 0.982376 -0.000000 -0.000000 0.000000 0.000000 1.000000 0.000000 0.000000 0.000000 0.000000 1.000000
0.982376 0.186916 -0.000000 0.273591 -0.186916 0.982376 -0.000000 -0.000000 0.000000 0.000000 1.000000 0.000000 0.000000 0.000000 0.000000 1.000000
0.982376 0.186916 -0.000000 0.273591 -0.186916 0.982376 -0.000000 -0.000000 0.000000 0.000000 1.000000 0.000000 0.000000 0.000000 0.000000 1.000000
0.982376 0.186916 -0.000000 0.273591 -0.186916 0.982376 -0.000000 -0.000000 0.000000 0.000000 1.000000 0.000000 0.000000 0.000000 0.000000 1.000000
0.982376 0.186916 -0.000000 0.273591 -0.186916 0.982376 -0.000000 -0.000000 0.000000 0.000000 1.000000 0.000000 0.000000 0.000000 0.000000 1.000000
0.982376 0.186916 -0.000000 0.273591 -0.186916 0.982376 -0.000000 -0.000000 0.000000 0.000000 1.000000 0.000000 0.000000 0.000000 0.000000 1.000000
0.982376 0.186916 -0.000000 0.273591 -0.186916 0.982376 -0.000000 -0.000000 0.000000 0.000000 1.000000 0.000000 0.000000 0.000000 0.000000 1.000000
0.982376 0.186916 -0.000000 0.273591 -0.186916 0.982376 -0.000000 -0.000000 0.000000 0.000000 1.000000 0.000000 0.000000 0.000000 0.000000 1.000000
0.982376 0.186916 -0.000000 0.273591 -0.186916 0.982376 -0.000000 -0.000000 0.000000 0.000000 1.000000 0.000000 0.000000 0.000000 0.000000 1.000000
0.982376 0.186916 -0.000000 0.273591 -0.186916 0.982376 -0.000000 -0.000000 0.000000 0.000000 1.000000 0.000000 0.000000 0.000000 0.000000 1.000000
0.982376 0.186916 -0.000000 0.273591 -0.186916 0.982376 -0.000000 -0.000000 0.000000 0.000000 1.000000 0.000000 0.000000 0.000000 0.000000 1.000000
0.982376 0.186916 -0.000000 0.273591 -0.186916 0.982376 -0.000000 -0.000000 0.000000 0.000000 1.000000 0.000000 0.000000 0.000000 0.000000 1.000000
0.982376 0.186916 -0.000000 0.273591 -0.186916 0.982376 -0.000000 -0.000000 0.000000 0.000000 1.000000 0.000000 0.000000 0.000000 0.000000 1.000000
0.982376 0.186916 -0.000000 0.273591 -0.186916 0.982376 -0.000000 -0.000000 0.000000 0.000000 1.000000 0.000000 0.000000 0.000000 0.000000 1.000000
0.982376 0.186916 -0.000000 0.273591 -0.186916 0.982376 -0.000000 -0.000000 0.000000 0.000000 1.000000 0.000000 0.000000 0.000000 0.000000 1.000000
0.982376 0.186916 -0.000000 0.273591 -0.186916 0.982376 -0.000000 -0.000000 0.000000 0.000000 1.000000 0.000000 0.000000 0.000000 0.000000 1.000000
0.982376 0.186916 -0.000000 0.273591 -0.186916 0.982376 -0.000000 -0.000000 0.000000 0.000000 1.000000 0.000000 0.000000 0.000000 0.000000 1.000000
0.982376 0.186916 -0.000000 0.273591 -0.186916 0.982376 -0.000000 -0.000000 0.000000 0.000000 1.000000 0.000000 0.000000 0.000000 0.000000 1.000000
0.982376 0.186916 -0.000000 0.273591 -0.186916 0.982376 -0.000000 -0.000000 0.000000 0.000000 1.000000 0.000000 0.000000 0.000000 0.000000 1.000000
0.982376 0.186916 -0.000000 0.273591 -0.186916 0.982376 -0.000000 -0.000000 0.000000 0.000000 1.000000 0.000000 0.000000 0.000000 0.000000 1.000000</float_array><technique_common><accessor source="#jnt_head-Matrix-animation-output-transform-array" count="51" stride="16"><param type="float4x4"/></accessor></technique_common></source><source id="jnt_head-Interpolations"><Name_array id="jnt_head-Interpolations-array" count="51">
 LINEAR LINEAR LINEAR LINEAR LINEAR LINEAR LINEAR LINEAR LINEAR LINEAR LINEAR
LINEAR LINEAR LINEAR LINEAR LINEAR LINEAR LINEAR LINEAR LINEAR LINEAR LINEAR LINEAR
LINEAR LINEAR LINEAR LINEAR LINEAR LINEAR LINEAR LINEAR LINEAR LINEAR LINEAR LINEAR
LINEAR LINEAR LINEAR LINEAR LINEAR LINEAR LINEAR LINEAR LINEAR LINEAR LINEAR LINEAR
LINEAR LINEAR LINEAR LINEAR</Name_array><technique_common><accessor source="#jnt_head-Interpolations-array" count="51"><param type="name"/></accessor></technique_common></source><sampler id="jnt_head-Matrix-animation-transform"><input semantic="INPUT" source="#jnt_head-Matrix-animation-input"/><input semantic="OUTPUT" source="#jnt_head-Matrix-animation-output-transform"/><input semantic="INTERPOLATION" source="#jnt_head-Interpolations"/></sampler><channel source="#jnt_head-Matrix-animation-transform" target="jnt_head/matrix"/></animation></animation>
    <animation id="jnt_left_armroot-anim" name="jnt_left_armroot"><animation><source id="jnt_left_armroot-Matrix-animation-input"><float_array id="jnt_left_armroot-Matrix-animation-input-array" count="51">

0.000000 0.033333 0.066667 0.100000 0.133333 0.166667 0.200000 0.233333 0.266667 0.300000 0.333333 0.366667 0.400000 0.433333 0.466667 0.500000
0.533333 0.566667 0.600000 0.633333 0.666667 0.700000 0.733333 0.766667 0.800000 0.833333 0.866667 0.900000 0.933333 0.966667 1.000000 1.033333
1.066667 1.100000 1.133333 1.166667 1.200000 1.233333 1.266667 1.300000 1.333333 1.366667 1.400000 1.433333 1.466667 1.500000 1.533333 1.566667
1.600000 1.633333 1.666667</float_array><technique_common><accessor source="#jnt_left_armroot-Matrix-animation-input-array" count="51"><param name="TIME" type="float"/></accessor></technique_common></source><source id="jnt_left_armroot-Matrix-animation-output-transform"><float_array id="jnt_left_armroot-Matrix-animation-output-transform-array" count="816">

1.000000 0.000000 -0.000000 -0.000000 -0.000000 1.000000 0.000000 -0.000000 0.000000 -0.000000 1.000000 0.000000 0.000000 0.000000 0.000000 1.000000
1.000000 0.000000 -0.000000 -0.000000 -0.000000 1.000000 0.000000 -0.000000 0.000000 -0.000000 1.000000 0.000000 0.000000 0.000000 0.000000 1.000000
1.000000 0.000000 -0.000000 -0.000000 -0.000000 1.000000 0.000000 -0.000000 0.000000 -0.000000 1.000000 0.000000 0.000000 0.000000 0.000000 1.000000
1.000000 0.000000 -0.000000 -0.000000 -0.000000 1.000000 0.000000 -0.000000 0.000000 -0.000000 1.000000 0.000000 0.000000 0.000000 0.000000 1.000000
1.000000 0.000000 -0.000000 -0.000000 -0.000000 1.000000 0.000000 -0.000000 0.000000 -0.000000 1.000000 0.000000 0.000000 0.000000 0.000000 1.000000
1.000000 0.000000 -0.000000 -0.000000 -0.000000 1.000000 0.000000 -0.000000 0.000000 -0.000000 1.000000 0.000000 0.000000 0.000000 0.000000 1.000000
1.000000 0.000000 -0.000000 -0.000000 -0.000000 1.000000 0.000000 -0.000000 0.000000 -0.000000 1.000000 0.000000 0.000000 0.000000 0.000000 1.000000
1.000000 0.000000 -0.000000 -0.000000 -0.000000 1.000000 0.000000 -0.000000 0.000000 -0.000000 1.000000 0.000000 0.000000 0.000000 0.000000 1.000000
1.000000 0.000000 -0.000000 -0.000000 -0.000000 1.000000 0.000000 -0.000000 0.000000 -0.000000 1.000000 0.000000 0.000000 0.000000 0.000000 1.000000
1.000000 0.000000 -0.000000 -0.000000 -0.000000 1.000000 0.000000 -0.000000 0.000000 -0.000000 1.000000 0.000000 0.000000 0.000000 0.000000 1.000000
1.000000 0.000000 -0.000000 -0.000000 -0.000000 1.000000 0.000000 -0.000000 0.000000 -0.000000 1.000000 0.000000 0.000000 0.000000 0.000000 1.000000
1.000000 0.000000 -0.000000 -0.000000 -0.000000 1.000000 0.000000 -0.000000 0.000000 -0.000000 1.000000 0.000000 0.000000 0.000000 0.000000 1.000000
1.000000 0.000000 -0.000000 -0.000000 -0.000000 1.000000 0.000000 -0.000000 0.000000 -0.000000 1.000000 0.000000 0.000000 0.000000 0.000000 1.000000
1.000000 0.000000 -0.000000 -0.000000 -0.000000 1.000000 0.000000 -0.000000 0.000000 -0.000000 1.000000 0.000000 0.000000 0.000000 0.000000 1.000000
1.000000 0.000000 -0.000000 -0.000000 -0.000000 1.000000 0.000000 -0.000000 0.000000 -0.000000 1.000000 0.000000 0.000000 0.000000 0.000000 1.000000
1.000000 0.000000 -0.000000 -0.000000 -0.000000 1.000000 0.000000 -0.000000 0.000000 -0.000000 1.000000 0.000000 0.000000 0.000000 0.000000 1.000000
1.000000 0.000000 -0.000000 -0.000000 -0.000000 1.000000 0.000000 -0.000000 0.000000 -0.000000 1.000000 0.000000 0.000000 0.000000 0.000000 1.000000
1.000000 0.000000 -0.000000 -0.000000 -0.000000 1.000000 0.000000 -0.000000 0.000000 -0.000000 1.000000 0.000000 0.000000 0.000000 0.000000 1.000000
1.000000 0.000000 -0.000000 -0.000000 -0.000000 1.000000 0.000000 -0.000000 0.000000 -0.000000 1.000000 0.000000 0.000000 0.000000 0.000000 1.000000
1.000000 0.000000 -0.000000 -0.000000 -0.000000 1.000000 0.000000 -0.000000 0.000000 -0.000000 1.000000 0.000000 0.000000 0.000000 0.000000 1.000000
1.000000 0.000000 -0.000000 -0.000000 -0.000000 1.000000 0.000000 -0.000000 0.000000 -0.000000 1.000000 0.000000 0.000000 0.000000 0.000000 1.000000
1.000000 0.000000 -0.000000 -0.000000 -0.000000 1.000000 0.000000 -0.000000 0.000000 -0.000000 1.000000 0.000000 0.000000 0.000000 0.000000 1.000000
1.000000 0.000000 -0.000000 -0.000000 -0.000000 1.000000 0.000000 -0.000000 0.000000 -0.000000 1.000000 0.000000 0.000000 0.000000 0.000000 1.000000
1.000000 0.000000 -0.000000 -0.000000 -0.000000 1.000000 0.000000 -0.000000 0.000000 -0.000000 1.000000 0.000000 0.000000 0.000000 0.000000 1.000000
1.000000 0.000000 -0.000000 -0.000000 -0.000000 1.000000 0.000000 -0.000000 0.000000 -0.000000 1.000000 0.000000 0.000000 0.000000 0.000000 1.000000
1.000000 0.000000 -0.000000 -0.000000 -0.000000 1.000000 0.000000 -0.000000 0.000000 -0.000000 1.000000 0.000000 0.000000 0.000000 0.000000 1.000000
1.000000 0.000000 -0.000000 -0.000000 -0.000000 1.000000 0.000000 -0.000000 0.000000 -0.000000 1.000000 0.000000 0.000000 0.000000 0.000000 1.000000
1.000000 0.000000 -0.000000 -0.000000 -0.000000 1.000000 0.000000 -0.000000 0.000000 -0.000000 1.000000 0.000000 0.000000 0.000000 0.000000 1.000000
1.000000 0.000000 -0.000000 -0.000000 -0.000000 1.000000 0.000000 -0.000000 0.000000 -0.000000 1.000000 0.000000 0.000000 0.000000 0.000000 1.000000
1.000000 0.000000 -0.000000 -0.000000 -0.000000 1.000000 0.000000 -0.000000 0.000000 -0.000000 1.000000 0.000000 0.000000 0.000000 0.000000 1.000000
1.000000 0.000000 -0.000000 -0.000000 -0.000000 1.000000 0.000000 -0.000000 0.000000 -0.000000 1.000000 0.000000 0.000000 0.000000 0.000000 1.000000
1.000000 0.000000 -0.000000 -0.000000 -0.000000 1.000000 0.000000 -0.000000 0.000000 -0.000000 1.000000 0.000000 0.000000 0.000000 0.000000 1.000000
1.000000 0.000000 -0.000000 -0.000000 -0.000000 1.000000 0.000000 -0.000000 0.000000 -0.000000 1.000000 0.000000 0.000000 0.000000 0.000000 1.000000
1.000000 0.000000 -0.000000 -0.000000 -0.000000 1.000000 0.000000 -0.000000 0.000000 -0.000000 1.000000 0.000000 0.000000 0.000000 0.000000 1.000000
1.000000 0.000000 -0.000000 -0.000000 -0.000000 1.000000 0.000000 -0.000000 0.000000 -0.000000 1.000000 0.000000 0.000000 0.000000 0.000000 1.000000
1.000000 0.000000 -0.000000 -0.000000 -0.000000 1.000000 0.000000 -0.000000 0.000000 -0.000000 1.000000 0.000000 0.000000 0.000000 0.000000 1.000000
1.000000 0.000000 -0.000000 -0.000000 -0.000000 1.000000 0.000000 -0.000000 0.000000 -0.000000 1.000000 0.000000 0.000000 0.000000 0.000000 1.000000
1.000000 0.000000 -0.000000 -0.000000 -0.000000 1.000000 0.000000 -0.000000 0.000000 -0.000000 1.000000 0.000000 0.000000 0.000000 0.000000 1.000000
1.000000 0.000000 -0.000000 -0.000000 -0.000000 1.000000 0.000000 -0.000000 0.000000 -0.000000 1.000000 0.000000 0.000000 0.000000 0.000000 1.000000
1.000000 0.000000 -0.000000 -0.000000 -0.000000 1.000000 0.000000 -0.000000 0.000000 -0.000000 1.000000 0.000000 0.000000 0.000000 0.000000 1.000000
1.000000 0.000000 -0.000000 -0.000000 -0.000000 1.000000 0.000000 -0.000000 0.000000 -0.000000 1.000000 0.000000 0.000000 0.000000 0.000000 1.000000
1.000000 0.000000 -0.000000 -0.000000 -0.000000 1.000000 0.000000 -0.000000 0.000000 -0.000000 1.000000 0.000000 0.000000 0.000000 0.000000 1.000000
1.000000 0.000000 -0.000000 -0.000000 -0.000000 1.000000 0.000000 -0.000000 0.000000 -0.000000 1.000000 0.000000 0.000000 0.000000 0.000000 1.000000
1.000000 0.000000 -0.000000 -0.000000 -0.000000 1.000000 0.000000 -0.000000 0.000000 -0.000000 1.000000 0.000000 0.000000 0.000000 0.000000 1.000000
1.000000 0.000000 -0.000000 -0.000000 -0.000000 1.000000 0.000000 -0.000000 0.000000 -0.000000 1.000000 0.000000 0.000000 0.000000 0.000000 1.000000
1.000000 0.000000 -0.000000 -0.000000 -0.000000 1.000000 0.000000 -0.000000 0.000000 -0.000000 1.000000 0.000000 0.000000 0.000000 0.000000 1.000000
1.000000 0.000000 -0.000000 -0.000000 -0.000000 1.000000 0.000000 -0.000000 0.000000 -0.000000 1.000000 0.000000 0.000000 0.000000 0.000000 1.000000
1.000000 0.000000 -0.000000 -0.000000 -0.000000 1.000000 0.000000 -0.000000 0.000000 -0.000000 1.000000 0.000000 0.000000 0.000000 0.000000 1.000000
1.000000 0.000000 -0.000000 -0.000000 -0.000000 1.000000 0.000000 -0.000000 0.000000 -0.000000 1.000000 0.000000 0.000000 0.000000 0.000000 1.000000
1.000000 0.000000 -0.000000 -0.000000 -0.000000 1.000000 0.000000 -0.000000 0.000000 -0.000000 1.000000 0.000000 0.000000 0.000000 0.000000 1.000000
1.000000 0.000000 -0.000000 -0.000000 -0.000000 1.000000 0.000000 -0.000000 0.000000 -0.000000 1.000000 0.000000 0.000000 0.000000 0.000000 1.000000</float_array><technique_common><accessor source="#jnt_left_armroot-Matrix-animation-output-transform-array" count="51" stride="16"><param type="float4x4"/></accessor></technique_common></source><source id="jnt_left_armroot-Interpolations"><Name_array id="jnt_left_armroot-Interpolations-array" count="51">
 LINEAR LINEAR LINEAR LINEAR LINEAR LINEAR LINEAR LINEAR LINEAR LINEAR LINEAR
LINEAR LINEAR LINEAR LINEAR LINEAR LINEAR LINEAR LINEAR LINEAR LINEAR LINEAR LINEAR
LINEAR LINEAR LINEAR LINEAR LINEAR LINEAR LINEAR LINEAR LINEAR LINEAR LINEAR LINEAR
LINEAR LINEAR LINEAR LINEAR LINEAR LINEAR LINEAR LINEAR LINEAR LINEAR LINEAR LINEAR
LINEAR LINEAR LINEAR LINEAR</Name_array><technique_common><accessor source="#jnt_left_armroot-Interpolations-array" count="51"><param type="name"/></accessor></technique_common></source><sampler id="jnt_left_armroot-Matrix-animation-transform"><input semantic="INPUT" source="#jnt_left_armroot-Matrix-animation-input"/><input semantic="OUTPUT" source="#jnt_left_armroot-Matrix-animation-output-transform"/><input semantic="INTERPOLATION" source="#jnt_left_armroot-Interpolations"/></sampler><channel source="#jnt_left_armroot-Matrix-animation-transform" target="jnt_left_armroot/matrix"/></animation></animation>
    <animation id="jnt_right_armroot-anim" name="jnt_right_armroot"><animation><source id="jnt_right_armroot-Matrix-animation-input"><float_array id="jnt_right_armroot-Matrix-animation-input-array" count="51">

0.000000 0.033333 0.066667 0.100000 0.133333 0.166667 0.200000 0.233333 0.266667 0.300000 0.333333 0.366667 0.400000 0.433333 0.466667 0.500000
0.533333 0.566667 0.600000 0.633333 0.666667 0.700000 0.733333 0.766667 0.800000 0.833333 0.866667 0.900000 0.933333 0.966667 1.000000 1.033333
1.066667 1.100000 1.133333 1.166667 1.200000 1.233333 1.266667 1.300000 1.333333 1.366667 1.400000 1.433333 1.466667 1.500000 1.533333 1.566667
1.600000 1.633333 1.666667</float_array><technique_common><accessor source="#jnt_right_armroot-Matrix-animation-input-array" count="51"><param name="TIME" type="float"/></accessor></technique_common></source><source id="jnt_right_armroot-Matrix-animation-output-transform"><float_array id="jnt_right_armroot-Matrix-animation-output-transform-array" count="816">

1.000000 -0.000000 0.000000 -0.000000 0.000000 1.000000 0.000000 -0.000000 -0.000000 -0.000000 1.000000 0.000000 0.000000 0.000000 0.000000 1.000000
1.000000 -0.000000 0.000000 -0.000000 0.000000 1.000000 0.000000 -0.000000 -0.000000 -0.000000 1.000000 0.000000 0.000000 0.000000 0.000000 1.000000
1.000000 -0.000000 0.000000 -0.000000 0.000000 1.000000 0.000000 -0.000000 -0.000000 -0.000000 1.000000 0.000000 0.000000 0.000000 0.000000 1.000000
1.000000 -0.000000 0.000000 -0.000000 0.000000 1.000000 0.000000 -0.000000 -0.000000 -0.000000 1.000000 0.000000 0.000000 0.000000 0.000000 1.000000
1.000000 -0.000000 0.000000 -0.000000 0.000000 1.000000 0.000000 -0.000000 -0.000000 -0.000000 1.000000 0.000000 0.000000 0.000000 0.000000 1.000000
1.000000 -0.000000 0.000000 -0.000000 0.000000 1.000000 0.000000 -0.000000 -0.000000 -0.000000 1.000000 0.000000 0.000000 0.000000 0.000000 1.000000
1.000000 -0.000000 0.000000 -0.000000 0.000000 1.000000 0.000000 -0.000000 -0.000000 -0.000000 1.000000 0.000000 0.000000 0.000000 0.000000 1.000000
1.000000 -0.000000 0.000000 -0.000000 0.000000 1.000000 0.000000 -0.000000 -0.000000 -0.000000 1.000000 0.000000 0.000000 0.000000 0.000000 1.000000
1.000000 -0.000000 0.000000 -0.000000 0.000000 1.000000 0.000000 -0.000000 -0.000000 -0.000000 1.000000 0.000000 0.000000 0.000000 0.000000 1.000000
1.000000 -0.000000 0.000000 -0.000000 0.000000 1.000000 0.000000 -0.000000 -0.000000 -0.000000 1.000000 0.000000 0.000000 0.000000 0.000000 1.000000
1.000000 -0.000000 0.000000 -0.000000 0.000000 1.000000 0.000000 -0.000000 -0.000000 -0.000000 1.000000 0.000000 0.000000 0.000000 0.000000 1.000000
1.000000 -0.000000 0.000000 -0.000000 0.000000 1.000000 0.000000 -0.000000 -0.000000 -0.000000 1.000000 0.000000 0.000000 0.000000 0.000000 1.000000
1.000000 -0.000000 0.000000 -0.000000 0.000000 1.000000 0.000000 -0.000000 -0.000000 -0.000000 1.000000 0.000000 0.000000 0.000000 0.000000 1.000000
1.000000 -0.000000 0.000000 -0.000000 0.000000 1.000000 0.000000 -0.000000 -0.000000 -0.000000 1.000000 0.000000 0.000000 0.000000 0.000000 1.000000
1.000000 -0.000000 0.000000 -0.000000 0.000000 1.000000 0.000000 -0.000000 -0.000000 -0.000000 1.000000 0.000000 0.000000 0.000000 0.000000 1.000000
1.000000 -0.000000 0.000000 -0.000000 0.000000 1.000000 0.000000 -0.000000 -0.000000 -0.000000 1.000000 0.000000 0.000000 0.000000 0.000000 1.000000
1.000000 -0.000000 0.000000 -0.000000 0.000000 1.000000 0.000000 -0.000000 -0.000000 -0.000000 1.000000 0.000000 0.000000 0.000000 0.000000 1.000000
1.000000 -0.000000 0.000000 -0.000000 0.000000 1.000000 0.000000 -0.000000 -0.000000 -0.000000 1.000000 0.000000 0.000000 0.000000 0.000000 1.000000
1.000000 -0.000000 0.000000 -0.000000 0.000000 1.000000 0.000000 -0.000000 -0.000000 -0.000000 1.000000 0.000000 0.000000 0.000000 0.000000 1.000000
1.000000 -0.000000 0.000000 -0.000000 0.000000 1.000000 0.000000 -0.000000 -0.000000 -0.000000 1.000000 0.000000 0.000000 0.000000 0.000000 1.000000
1.000000 -0.000000 0.000000 -0.000000 0.000000 1.000000 0.000000 -0.000000 -0.000000 -0.000000 1.000000 0.000000 0.000000 0.000000 0.000000 1.000000
1.000000 -0.000000 0.000000 -0.000000 0.000000 1.000000 0.000000 -0.000000 -0.000000 -0.000000 1.000000 0.000000 0.000000 0.000000 0.000000 1.000000
1.000000 -0.000000 0.000000 -0.000000 0.000000 1.000000 0.000000 -0.000000 -0.000000 -0.000000 1.000000 0.000000 0.000000 0.000000 0.000000 1.000000
1.000000 -0.000000 0.000000 -0.000000 0.000000 1.000000 0.000000 -0.000000 -0.000000 -0.000000 1.000000 0.000000 0.000000 0.000000 0.000000 1.000000
1.000000 -0.000000 0.000000 -0.000000 0.000000 1.000000 0.000000 -0.000000 -0.000000 -0.000000 1.000000 0.000000 0.000000 0.000000 0.000000 1.000000
1.000000 -0.000000 0.000000 -0.000000 0.000000 1.000000 0.000000 -0.000000 -0.000000 -0.000000 1.000000 0.000000 0.000000 0.000000 0.000000 1.000000
1.000000 -0.000000 0.000000 -0.000000 0.000000 1.000000 0.000000 -0.000000 -0.000000 -0.000000 1.000000 0.000000 0.000000 0.000000 0.000000 1.000000
1.000000 -0.000000 0.000000 -0.000000 0.000000 1.000000 0.000000 -0.000000 -0.000000 -0.000000 1.000000 0.000000 0.000000 0.000000 0.000000 1.000000
1.000000 -0.000000 0.000000 -0.000000 0.000000 1.000000 0.000000 -0.000000 -0.000000 -0.000000 1.000000 0.000000 0.000000 0.000000 0.000000 1.000000
1.000000 -0.000000 0.000000 -0.000000 0.000000 1.000000 0.000000 -0.000000 -0.000000 -0.000000 1.000000 0.000000 0.000000 0.000000 0.000000 1.000000
1.000000 -0.000000 0.000000 -0.000000 0.000000 1.000000 0.000000 -0.000000 -0.000000 -0.000000 1.000000 0.000000 0.000000 0.000000 0.000000 1.000000
1.000000 -0.000000 0.000000 -0.000000 0.000000 1.000000 0.000000 -0.000000 -0.000000 -0.000000 1.000000 0.000000 0.000000 0.000000 0.000000 1.000000
1.000000 -0.000000 0.000000 -0.000000 0.000000 1.000000 0.000000 -0.000000 -0.000000 -0.000000 1.000000 0.000000 0.000000 0.000000 0.000000 1.000000
1.000000 -0.000000 0.000000 -0.000000 0.000000 1.000000 0.000000 -0.000000 -0.000000 -0.000000 1.000000 0.000000 0.000000 0.000000 0.000000 1.000000
1.000000 -0.000000 0.000000 -0.000000 0.000000 1.000000 0.000000 -0.000000 -0.000000 -0.000000 1.000000 0.000000 0.000000 0.000000 0.000000 1.000000
1.000000 -0.000000 0.000000 -0.000000 0.000000 1.000000 0.000000 -0.000000 -0.000000 -0.000000 1.000000 0.000000 0.000000 0.000000 0.000000 1.000000
1.000000 -0.000000 0.000000 -0.000000 0.000000 1.000000 0.000000 -0.000000 -0.000000 -0.000000 1.000000 0.000000 0.000000 0.000000 0.000000 1.000000
1.000000 -0.000000 0.000000 -0.000000 0.000000 1.000000 0.000000 -0.000000 -0.000000 -0.000000 1.000000 0.000000 0.000000 0.000000 0.000000 1.000000
1.000000 -0.000000 0.000000 -0.000000 0.000000 1.000000 0.000000 -0.000000 -0.000000 -0.000000 1.000000 0.000000 0.000000 0.000000 0.000000 1.000000
1.000000 -0.000000 0.000000 -0.000000 0.000000 1.000000 0.000000 -0.000000 -0.000000 -0.000000 1.000000 0.000000 0.000000 0.000000 0.000000 1.000000
1.000000 -0.000000 0.000000 -0.000000 0.000000 1.000000 0.000000 -0.000000 -0.000000 -0.000000 1.000000 0.000000 0.000000 0.000000 0.000000 1.000000
1.000000 -0.000000 0.000000 -0.000000 0.000000 1.000000 0.000000 -0.000000 -0.000000 -0.000000 1.000000 0.000000 0.000000 0.000000 0.000000 1.000000
1.000000 -0.000000 0.000000 -0.000000 0.000000 1.000000 0.000000 -0.000000 -0.000000 -0.000000 1.000000 0.000000 0.000000 0.000000 0.000000 1.000000
1.000000 -0.000000 0.000000 -0.000000 0.000000 1.000000 0.000000 -0.000000 -0.000000 -0.000000 1.000000 0.000000 0.000000 0.000000 0.000000 1.000000
1.000000 -0.000000 0.000000 -0.000000 0.000000 1.000000 0.000000 -0.000000 -0.000000 -0.000000 1.000000 0.000000 0.000000 0.000000 0.000000 1.000000
1.000000 -0.000000 0.000000 -0.000000 0.000000 1.000000 0.000000 -0.000000 -0.000000 -0.000000 1.000000 0.000000 0.000000 0.000000 0.000000 1.000000
1.000000 -0.000000 0.000000 -0.000000 0.000000 1.000000 0.000000 -0.000000 -0.000000 -0.000000 1.000000 0.000000 0.000000 0.000000 0.000000 1.000000
1.000000 -0.000000 0.000000 -0.000000 0.000000 1.000000 0.000000 -0.000000 -0.000000 -0.000000 1.000000 0.000000 0.000000 0.000000 0.000000 1.000000
1.000000 -0.000000 0.000000 -0.000000 0.000000 1.000000 0.000000 -0.000000 -0.000000 -0.000000 1.000000 0.000000 0.000000 0.000000 0.000000 1.000000
1.000000 -0.000000 0.000000 -0.000000 0.000000 1.000000 0.000000 -0.000000 -0.000000 -0.000000 1.000000 0.000000 0.000000 0.000000 0.000000 1.000000
1.000000 -0.000000 0.000000 -0.000000 0.000000 1.000000 0.000000 -0.000000 -0.000000 -0.000000 1.000000 0.000000 0.000000 0.000000 0.000000 1.000000</float_array><technique_common><accessor source="#jnt_right_armroot-Matrix-animation-output-transform-array" count="51" stride="16"><param type="float4x4"/></accessor></technique_common></source><source id="jnt_right_armroot-Interpolations"><Name_array id="jnt_right_armroot-Interpolations-array" count="51">
 LINEAR LINEAR LINEAR LINEAR LINEAR LINEAR LINEAR LINEAR LINEAR LINEAR LINEAR
LINEAR LINEAR LINEAR LINEAR LINEAR LINEAR LINEAR LINEAR LINEAR LINEAR LINEAR LINEAR
LINEAR LINEAR LINEAR LINEAR LINEAR LINEAR LINEAR LINEAR LINEAR LINEAR LINEAR LINEAR
LINEAR LINEAR LINEAR LINEAR LINEAR LINEAR LINEAR LINEAR LINEAR LINEAR LINEAR LINEAR
LINEAR LINEAR LINEAR LINEAR</Name_array><technique_common><accessor source="#jnt_right_armroot-Interpolations-array" count="51"><param type="name"/></accessor></technique_common></source><sampler id="jnt_right_armroot-Matrix-animation-transform"><input semantic="INPUT" source="#jnt_right_armroot-Matrix-animation-input"/><input semantic="OUTPUT" source="#jnt_right_armroot-Matrix-animation-output-transform"/><input semantic="INTERPOLATION" source="#jnt_right_armroot-Interpolations"/></sampler><channel source="#jnt_right_armroot-Matrix-animation-transform" target="jnt_right_armroot/matrix"/></animation></animation>
    <animation id="jnt_right_shoulder-anim" name="jnt_right_shoulder"><animation><source id="jnt_right_shoulder-Matrix-animation-input"><float_array id="jnt_right_shoulder-Matrix-animation-input-array" count="51">

0.000000 0.033333 0.066667 0.100000 0.133333 0.166667 0.200000 0.233333 0.266667 0.300000 0.333333 0.366667 0.400000 0.433333 0.466667 0.500000
0.533333 0.566667 0.600000 0.633333 0.666667 0.700000 0.733333 0.766667 0.800000 0.833333 0.866667 0.900000 0.933333 0.966667 1.000000 1.033333
1.066667 1.100000 1.133333 1.166667 1.200000 1.233333 1.266667 1.300000 1.333333 1.366667 1.400000 1.433333 1.466667 1.500000 1.533333 1.566667
1.600000 1.633333 1.666667</float_array><technique_common><accessor source="#jnt_right_shoulder-Matrix-animation-input-array" count="51"><param name="TIME" type="float"/></accessor></technique_common></source><source id="jnt_right_shoulder-Matrix-animation-output-transform"><float_array id="jnt_right_shoulder-Matrix-animation-output-transform-array" count="816">

-0.375519 -0.115681 0.919567 0.635990 -0.182656 0.981958 0.048939 0.114392 -0.908638 -0.149587 -0.389873 -0.266187 0.000000 0.000000 0.000000 1.000000
-0.376007 -0.115648 0.919371 0.635990 -0.182823 0.981936 0.048747 0.114392 -0.908402 -0.149753 -0.390358 -0.266187 0.000000 0.000000 0.000000 1.000000
-0.376495 -0.115616 0.919176 0.635990 -0.182990 0.981915 0.048554 0.114392 -0.908166 -0.149919 -0.390842 -0.266187 0.000000 0.000000 0.000000 1.000000
-0.376982 -0.115583 0.918980 0.635990 -0.183156 0.981893 0.048362 0.114392 -0.907930 -0.150085 -0.391326 -0.266187 0.000000 0.000000 0.000000 1.000000
-0.377470 -0.115551 0.918784 0.635990 -0.183323 0.981872 0.048169 0.114392 -0.907694 -0.150251 -0.391810 -0.266187 0.000000 0.000000 0.000000 1.000000
-0.377958 -0.115518 0.918587 0.635990 -0.183489 0.981850 0.047977 0.114392 -0.907458 -0.150417 -0.392294 -0.266187 0.000000 0.000000 0.000000 1.000000
-0.378446 -0.115486 0.918391 0.635990 -0.183655 0.981828 0.047784 0.114392 -0.907221 -0.150583 -0.392778 -0.266187 0.000000 0.000000 0.000000 1.000000
-0.378933 -0.116119 0.918110 0.635990 -0.183820 0.981772 0.048302 0.114392 -0.906984 -0.150464 -0.393371 -0.266187 0.000000 0.000000 0.000000 1.000000
-0.383091 -0.116663 0.916314 0.635990 -0.185234 0.981544 0.047525 0.114392 -0.904947 -0.151526 -0.397631 -0.266187 0.000000 0.000000 0.000000 1.000000
-0.385936 -0.117048 0.915070 0.635990 -0.186200 0.981387 0.047000 0.114392 -0.903539 -0.152247 -0.400547 -0.266187 0.000000 0.000000 0.000000 1.000000
-0.388779 -0.117424 0.913817 0.635990 -0.187160 0.981230 0.046460 0.114392 -0.902121 -0.152967 -0.403459 -0.266187 0.000000 0.000000 0.000000 1.000000
-0.395918 -0.118409 0.910619 0.635990 -0.189565 0.980831 0.045119 0.114392 -0.898506 -0.154758 -0.410774 -0.266187 0.000000 0.000000 0.000000 1.000000
-0.404424 -0.119624 0.906714 0.635990 -0.192413 0.980348 0.043517 0.114392 -0.894102 -0.156864 -0.419494 -0.266187 0.000000 0.000000 0.000000 1.000000
-0.414212 -0.121081 0.902090 0.635990 -0.195665 0.979785 0.041666 0.114392 -0.888900 -0.159249 -0.429530 -0.266187 0.000000 0.000000 0.000000 1.000000
-0.425194 -0.122789 0.896734 0.635990 -0.199285 0.979142 0.039580 0.114392 -0.882890 -0.161876 -0.440795 -0.266187 0.000000 0.000000 0.000000 1.000000
-0.431249 -0.123768 0.893703 0.635990 -0.201262 0.978783 0.038434 0.114392 -0.879499 -0.163294 -0.447009 -0.266187 0.000000 0.000000 0.000000 1.000000
-0.437280 -0.124758 0.890630 0.635990 -0.203231 0.978421 0.037274 0.114392 -0.876061 -0.164704 -0.453198 -0.266187 0.000000 0.000000 0.000000 1.000000
-0.452022 -0.127289 0.882877 0.635990 -0.207992 0.977524 0.034445 0.114392 -0.867418 -0.168061 -0.468338 -0.266187 0.000000 0.000000 0.000000 1.000000
-0.470186 -0.130603 0.872850 0.635990 -0.213781 0.976391 0.030937 0.114392 -0.856284 -0.172052 -0.487006 -0.266187 0.000000 0.000000 0.000000 1.000000
-0.490500 -0.134568 0.860988 0.635990 -0.220154 0.975092 0.026982 0.114392 -0.843174 -0.176315 -0.507908 -0.266187 0.000000 0.000000 0.000000 1.000000
-0.511734 -0.139008 0.847823 0.635990 -0.226703 0.973697 0.022812 0.114392 -0.828694 -0.180530 -0.529788 -0.266187 0.000000 0.000000 0.000000 1.000000
-0.522270 -0.141340 0.840985 0.635990 -0.229895 0.972994 0.020755 0.114392 -0.821207 -0.182499 -0.540659 -0.266187 0.000000 0.000000 0.000000 1.000000
-0.532709 -0.143696 0.834010 0.635990 -0.233059 0.972283 0.018657 0.114392 -0.813575 -0.184435 -0.551434 -0.266187 0.000000 0.000000 0.000000 1.000000
-0.552316 -0.148353 0.820328 0.635990 -0.238901 0.970932 0.014740 0.114392 -0.798669 -0.187836 -0.571703 -0.266187 0.000000 0.000000 0.000000 1.000000
-0.569521 -0.152664 0.807675 0.635990 -0.243947 0.969723 0.011277 0.114392 -0.784943 -0.190608 -0.589519 -0.266187 0.000000 0.000000 0.000000 1.000000
-0.583353 -0.156284 0.797041 0.635990 -0.247951 0.968735 0.008475 0.114392 -0.773446 -0.192684 -0.603865 -0.266187 0.000000 0.000000 0.000000 1.000000
-0.594574 -0.159324 0.788097 0.635990 -0.251165 0.967924 0.006190 0.114392 -0.763805 -0.194262 -0.615519 -0.266187 0.000000 0.000000 0.000000 1.000000
-0.597901 -0.160252 0.785388 0.635990 -0.252112 0.967682 0.005519 0.114392 -0.760890 -0.194705 -0.618979 -0.266187 0.000000 0.000000 0.000000 1.000000
-0.601218 -0.161171 0.782663 0.635990 -0.253049 0.967441 0.004837 0.114392 -0.757960 -0.195144 -0.622427 -0.266187 0.000000 0.000000 0.000000 1.000000
-0.604520 -0.162098 0.779923 0.635990 -0.253987 0.967198 0.004155 0.114392 -0.755014 -0.195578 -0.625862 -0.266187 0.000000 0.000000 0.000000 1.000000
-0.613127 -0.164558 0.772655 0.635990 -0.256409 0.966565 0.002387 0.114392 -0.747215 -0.196652 -0.634821 -0.266187 0.000000 0.000000 0.000000 1.000000
-0.620330 -0.166660 0.766430 0.635990 -0.258422 0.966031 0.000903 0.114392 -0.740546 -0.197502 -0.642327 -0.266187 0.000000 0.000000 0.000000 1.000000
-0.626061 -0.168362 0.761381 0.635990 -0.260015 0.965604 -0.000281 0.114392 -0.735146 -0.198147 -0.648304 -0.266187 0.000000 0.000000 0.000000 1.000000
-0.630252 -0.169623 0.757634 0.635990 -0.261175 0.965290 -0.001149 0.114392 -0.731143 -0.198599 -0.652678 -0.266187 0.000000 0.000000 0.000000 1.000000
-0.631359 -0.170174 0.756589 0.635990 -0.261605 0.965174 -0.001214 0.114392 -0.730033 -0.198694 -0.653890 -0.266187 0.000000 0.000000 0.000000 1.000000
-0.632464 -0.170726 0.755541 0.635990 -0.262035 0.965057 -0.001281 0.114392 -0.728922 -0.198788 -0.655100 -0.266187 0.000000 0.000000 0.000000 1.000000
-0.633567 -0.171001 0.754553 0.635990 -0.262464 0.964940 -0.001700 0.114392 -0.727808 -0.199120 -0.656236 -0.266187 0.000000 0.000000 0.000000 1.000000
-0.633577 -0.170977 0.754550 0.635990 -0.262440 0.964946 -0.001712 0.114392 -0.727808 -0.199109 -0.656240 -0.266187 0.000000 0.000000 0.000000 1.000000
-0.633587 -0.170954 0.754547 0.635990 -0.262416 0.964953 -0.001724 0.114392 -0.727808 -0.199097 -0.656243 -0.266187 0.000000 0.000000 0.000000 1.000000
-0.633597 -0.170931 0.754544 0.635990 -0.262392 0.964959 -0.001736 0.114392 -0.727808 -0.199086 -0.656247 -0.266187 0.000000 0.000000 0.000000 1.000000
-0.633607 -0.170907 0.754541 0.635990 -0.262368 0.964966 -0.001747 0.114392 -0.727808 -0.199075 -0.656250 -0.266187 0.000000 0.000000 0.000000 1.000000
-0.633617 -0.170884 0.754538 0.635990 -0.262344 0.964973 -0.001759 0.114392 -0.727808 -0.199063 -0.656254 -0.266187 0.000000 0.000000 0.000000 1.000000
-0.633627 -0.170860 0.754535 0.635990 -0.262320 0.964979 -0.001771 0.114392 -0.727808 -0.199052 -0.656257 -0.266187 0.000000 0.000000 0.000000 1.000000
-0.633637 -0.170837 0.754532 0.635990 -0.262296 0.964986 -0.001783 0.114392 -0.727808 -0.199040 -0.656260 -0.266187 0.000000 0.000000 0.000000 1.000000
-0.633647 -0.170813 0.754529 0.635990 -0.262272 0.964992 -0.001794 0.114392 -0.727808 -0.199029 -0.656264 -0.266187 0.000000 0.000000 0.000000 1.000000
-0.633657 -0.170790 0.754526 0.635990 -0.262248 0.964999 -0.001806 0.114392 -0.727808 -0.199017 -0.656267 -0.266187 0.000000 0.000000 0.000000 1.000000
-0.633667 -0.170766 0.754523 0.635990 -0.262224 0.965005 -0.001818 0.114392 -0.727808 -0.199006 -0.656271 -0.266187 0.000000 0.000000 0.000000 1.000000
-0.633677 -0.170743 0.754520 0.635990 -0.262200 0.965012 -0.001830 0.114392 -0.727808 -0.198994 -0.656274 -0.266187 0.000000 0.000000 0.000000 1.000000
-0.633687 -0.170720 0.754517 0.635990 -0.262175 0.965018 -0.001842 0.114392 -0.727808 -0.198983 -0.656278 -0.266187 0.000000 0.000000 0.000000 1.000000
-0.633697 -0.170696 0.754514 0.635990 -0.262151 0.965025 -0.001853 0.114392 -0.727808 -0.198971 -0.656281 -0.266187 0.000000 0.000000 0.000000 1.000000
-0.633706 -0.170673 0.754511 0.635990 -0.262127 0.965031 -0.001865 0.114392 -0.727808 -0.198960 -0.656285 -0.266187 0.000000 0.000000 0.000000 1.000000</float_array><technique_common><accessor source="#jnt_right_shoulder-Matrix-animation-output-transform-array" count="51" stride="16"><param type="float4x4"/></accessor></technique_common></source><source id="jnt_right_shoulder-Interpolations"><Name_array id="jnt_right_shoulder-Interpolations-array" count="51">
 LINEAR LINEAR LINEAR LINEAR LINEAR LINEAR LINEAR LINEAR LINEAR LINEAR LINEAR
LINEAR LINEAR LINEAR LINEAR LINEAR LINEAR LINEAR LINEAR LINEAR LINEAR LINEAR LINEAR
LINEAR LINEAR LINEAR LINEAR LINEAR LINEAR LINEAR LINEAR LINEAR LINEAR LINEAR LINEAR
LINEAR LINEAR LINEAR LINEAR LINEAR LINEAR LINEAR LINEAR LINEAR LINEAR LINEAR LINEAR
LINEAR LINEAR LINEAR LINEAR</Name_array><technique_common><accessor source="#jnt_right_shoulder-Interpolations-array" count="51"><param type="name"/></accessor></technique_common></source><sampler id="jnt_right_shoulder-Matrix-animation-transform"><input semantic="INPUT" source="#jnt_right_shoulder-Matrix-animation-input"/><input semantic="OUTPUT" source="#jnt_right_shoulder-Matrix-animation-output-transform"/><input semantic="INTERPOLATION" source="#jnt_right_shoulder-Interpolations"/></sampler><channel source="#jnt_right_shoulder-Matrix-animation-transform" target="jnt_right_shoulder/matrix"/></animation></animation>
    <animation id="jnt_right_arm-anim" name="jnt_right_arm"><animation><source id="jnt_right_arm-Matrix-animation-input"><float_array id="jnt_right_arm-Matrix-animation-input-array" count="51">

0.000000 0.033333 0.066667 0.100000 0.133333 0.166667 0.200000 0.233333 0.266667 0.300000 0.333333 0.366667 0.400000 0.433333 0.466667 0.500000
0.533333 0.566667 0.600000 0.633333 0.666667 0.700000 0.733333 0.766667 0.800000 0.833333 0.866667 0.900000 0.933333 0.966667 1.000000 1.033333
1.066667 1.100000 1.133333 1.166667 1.200000 1.233333 1.266667 1.300000 1.333333 1.366667 1.400000 1.433333 1.466667 1.500000 1.533333 1.566667
1.600000 1.633333 1.666667</float_array><technique_common><accessor source="#jnt_right_arm-Matrix-animation-input-array" count="51"><param name="TIME" type="float"/></accessor></technique_common></source><source id="jnt_right_arm-Matrix-animation-output-transform"><float_array id="jnt_right_arm-Matrix-animation-output-transform-array" count="816">

0.611119 -0.699849 0.369790 0.525417 0.323976 0.647410 0.689855 0.032447 -0.722200 -0.301781 0.622379 -0.009494 0.000000 0.000000 0.000000 1.000000
0.609796 -0.694506 0.381850 0.525417 0.326876 0.659294 0.677114 0.032447 -0.722012 -0.288084 0.629052 -0.009494 0.000000 0.000000 0.000000 1.000000
0.620210 -0.677903 0.394700 0.525417 0.324335 0.679749 0.657836 0.032447 -0.714246 -0.279982 0.641454 -0.009494 0.000000 0.000000 0.000000 1.000000
0.629746 -0.666296 0.399336 0.525417 0.321779 0.691652 0.646588 0.032447 -0.707021 -0.278688 0.649965 -0.009494 0.000000 0.000000 0.000000 1.000000
0.639194 -0.654533 0.403754 0.525417 0.319026 0.703379 0.635201 0.032447 -0.699752 -0.277209 0.658409 -0.009494 0.000000 0.000000 0.000000 1.000000
0.649289 -0.642555 0.406876 0.525417 0.315890 0.714496 0.624267 0.032447 -0.691837 -0.276801 0.666890 -0.009494 0.000000 0.000000 0.000000 1.000000
0.663048 -0.633891 0.398183 0.525417 0.327542 0.723969 0.607112 0.032447 -0.673115 -0.272123 0.687652 -0.009494 0.000000 0.000000 0.000000 1.000000
0.698008 -0.611712 0.372280 0.525417 0.358852 0.748695 0.557387 0.032447 -0.619685 -0.255468 0.742110 -0.009494 0.000000 0.000000 0.000000 1.000000
0.742556 -0.583648 0.328580 0.525417 0.403568 0.781403 0.475965 0.032447 -0.534550 -0.220826 0.815777 -0.009494 0.000000 0.000000 0.000000 1.000000
0.764638 -0.570688 0.299405 0.525417 0.430704 0.798117 0.421312 0.032447 -0.479398 -0.193197 0.856068 -0.009494 0.000000 0.000000 0.000000 1.000000
0.784722 -0.558715 0.268421 0.525417 0.454156 0.812964 0.364460 0.032447 -0.421846 -0.164095 0.891694 -0.009494 0.000000 0.000000 0.000000 1.000000
0.814997 -0.544896 0.197152 0.525417 0.502334 0.833968 0.228382 0.032447 -0.288863 -0.087095 0.953401 -0.009494 0.000000 0.000000 0.000000 1.000000
0.828483 -0.546239 0.123451 0.525417 0.540559 0.837628 0.078580 0.032447 -0.146329 0.001630 0.989235 -0.009494 0.000000 0.000000 0.000000 1.000000
0.825808 -0.561134 0.056306 0.525417 0.563906 0.822882 -0.069818 0.032447 -0.007156 0.089408 0.995969 -0.009494 0.000000 0.000000 0.000000 1.000000
0.812565 -0.582868 0.001637 0.525417 0.571300 0.795874 -0.200503 0.032447 0.115564 0.163857 0.979692 -0.009494 0.000000 0.000000 0.000000 1.000000
0.805611 -0.592137 -0.019120 0.525417 0.569560 0.782970 -0.250119 0.032447 0.163075 0.190608 0.968026 -0.009494 0.000000 0.000000 0.000000 1.000000
0.797595 -0.601916 -0.039250 0.525417 0.565360 0.768665 -0.299201 0.032447 0.210264 0.216450 0.953383 -0.009494 0.000000 0.000000 0.000000 1.000000
0.784321 -0.615966 -0.073667 0.525417 0.551319 0.746548 -0.372442 0.032447 0.284407 0.251500 0.925127 -0.009494 0.000000 0.000000 0.000000 1.000000
0.769871 -0.629107 -0.107343 0.525417 0.532849 0.726196 -0.434409 0.032447 0.351242 0.277241 0.894296 -0.009494 0.000000 0.000000 0.000000 1.000000
0.754926 -0.640837 -0.139334 0.525417 0.512111 0.708770 -0.485167 0.032447 0.409669 0.294910 0.863249 -0.009494 0.000000 0.000000 0.000000 1.000000
0.740388 -0.650706 -0.168545 0.525417 0.491217 0.694937 -0.525136 0.032447 0.458837 0.306012 0.834161 -0.009494 0.000000 0.000000 0.000000 1.000000
0.734001 -0.654520 -0.181236 0.525417 0.481856 0.689944 -0.540178 0.032447 0.478600 0.309161 0.821804 -0.009494 0.000000 0.000000 0.000000 1.000000
0.727317 -0.658383 -0.193757 0.525417 0.472140 0.684898 -0.554976 0.032447 0.498091 0.312163 0.808987 -0.009494 0.000000 0.000000 0.000000 1.000000
0.716836 -0.663703 -0.213644 0.525417 0.456661 0.678458 -0.575461 0.032447 0.526884 0.314948 0.789430 -0.009494 0.000000 0.000000 0.000000 1.000000
0.709995 -0.666700 -0.226759 0.525417 0.446362 0.675118 -0.587348 0.032447 0.544673 0.315797 0.776919 -0.009494 0.000000 0.000000 0.000000 1.000000
0.707600 -0.667611 -0.231510 0.525417 0.442643 0.674179 -0.591228 0.032447 0.550790 0.315876 0.772563 -0.009494 0.000000 0.000000 0.000000 1.000000
0.666089 -0.725239 -0.174224 0.525417 0.533141 0.626297 -0.568782 0.032447 0.521619 0.285973 0.803824 -0.009494 0.000000 0.000000 0.000000 1.000000
0.622156 -0.770330 -0.139692 0.525417 0.602026 0.584812 -0.543654 0.032447 0.500486 0.254139 0.827603 -0.009494 0.000000 0.000000 0.000000 1.000000
0.573504 -0.812161 -0.107177 0.525417 0.666697 0.538752 -0.515036 0.032447 0.476034 0.223921 0.850442 -0.009494 0.000000 0.000000 0.000000 1.000000
0.520655 -0.850286 -0.077025 0.525417 0.726461 0.488608 -0.483235 0.032447 0.448523 0.195643 0.872096 -0.009494 0.000000 0.000000 0.000000 1.000000
0.279833 -0.958505 -0.054428 0.525417 0.893307 0.280729 -0.350990 0.032447 0.351706 0.049598 0.934796 -0.009494 0.000000 0.000000 0.000000 1.000000
0.060596 -0.988283 -0.140088 0.525417 0.966821 0.093005 -0.237922 0.032447 0.248163 -0.121023 0.961129 -0.009494 0.000000 0.000000 0.000000 1.000000
-0.074404 -0.947269 -0.311683 0.525417 0.989138 -0.030373 -0.143817 0.032447 0.126767 -0.318998 0.939239 -0.009494 0.000000 0.000000 0.000000 1.000000
-0.169119 -0.832552 -0.527500 0.525416 0.985429 -0.152665 -0.074982 0.032447 -0.018104 -0.532495 0.846239 -0.009494 0.000000 0.000000 0.000000 1.000000
-0.199851 -0.756412 -0.622817 0.525416 0.975903 -0.210494 -0.057504 0.032447 -0.087602 -0.619300 0.780252 -0.009494 0.000000 0.000000 0.000000 1.000000
-0.221624 -0.668392 -0.710025 0.525416 0.961968 -0.269100 -0.046942 0.032447 -0.159692 -0.693425 0.702610 -0.009494 0.000000 0.000000 0.000000 1.000000
-0.237253 -0.524774 -0.817510 0.525416 0.932705 -0.358341 -0.040659 0.032447 -0.271610 -0.772143 0.574477 -0.009494 0.000000 0.000000 0.000000 1.000000
-0.181490 -0.462358 -0.867921 0.525416 0.917334 -0.397617 0.019995 0.032447 -0.354345 -0.792544 0.496300 -0.009494 0.000000 0.000000 0.000000 1.000000
-0.060987 -0.469197 -0.880985 0.525416 0.905509 -0.397334 0.148929 0.032447 -0.419923 -0.788657 0.449094 -0.009494 0.000000 0.000000 0.000000 1.000000
0.056162 -0.504577 -0.861538 0.525416 0.884726 -0.374758 0.277158 0.032447 -0.462716 -0.777791 0.425365 -0.009494 0.000000 0.000000 0.000000 1.000000
0.108112 -0.524774 -0.844348 0.525416 0.871676 -0.358341 0.334325 0.032447 -0.478010 -0.772142 0.418692 -0.009494 0.000000 0.000000 0.000000 1.000000
0.108112 -0.524774 -0.844348 0.525416 0.871676 -0.358341 0.334325 0.032447 -0.478010 -0.772142 0.418692 -0.009494 0.000000 0.000000 0.000000 1.000000
0.108113 -0.524774 -0.844348 0.525416 0.871676 -0.358341 0.334325 0.032447 -0.478010 -0.772143 0.418692 -0.009494 0.000000 0.000000 0.000000 1.000000
0.108113 -0.524774 -0.844348 0.525416 0.871676 -0.358341 0.334325 0.032447 -0.478010 -0.772143 0.418692 -0.009494 0.000000 0.000000 0.000000 1.000000
0.108113 -0.524774 -0.844348 0.525416 0.871676 -0.358341 0.334325 0.032447 -0.478010 -0.772143 0.418692 -0.009494 0.000000 0.000000 0.000000 1.000000
0.108113 -0.524774 -0.844348 0.525416 0.871676 -0.358341 0.334326 0.032447 -0.478010 -0.772143 0.418692 -0.009494 0.000000 0.000000 0.000000 1.000000
0.108113 -0.524774 -0.844348 0.525416 0.871676 -0.358341 0.334326 0.032447 -0.478010 -0.772143 0.418692 -0.009494 0.000000 0.000000 0.000000 1.000000
0.108113 -0.524774 -0.844348 0.525416 0.871676 -0.358341 0.334325 0.032447 -0.478010 -0.772143 0.418692 -0.009494 0.000000 0.000000 0.000000 1.000000
0.108113 -0.524774 -0.844348 0.525416 0.871676 -0.358341 0.334325 0.032447 -0.478010 -0.772143 0.418692 -0.009494 0.000000 0.000000 0.000000 1.000000
0.108113 -0.524774 -0.844348 0.525416 0.871676 -0.358341 0.334326 0.032447 -0.478010 -0.772143 0.418692 -0.009494 0.000000 0.000000 0.000000 1.000000
0.108113 -0.524774 -0.844348 0.525416 0.871676 -0.358341 0.334326 0.032447 -0.478010 -0.772143 0.418692 -0.009494 0.000000 0.000000 0.000000 1.000000</float_array><technique_common><accessor source="#jnt_right_arm-Matrix-animation-output-transform-array" count="51" stride="16"><param type="float4x4"/></accessor></technique_common></source><source id="jnt_right_arm-Interpolations"><Name_array id="jnt_right_arm-Interpolations-array" count="51">
 LINEAR LINEAR LINEAR LINEAR LINEAR LINEAR LINEAR LINEAR LINEAR LINEAR LINEAR
LINEAR LINEAR LINEAR LINEAR LINEAR LINEAR LINEAR LINEAR LINEAR LINEAR LINEAR LINEAR
LINEAR LINEAR LINEAR LINEAR LINEAR LINEAR LINEAR LINEAR LINEAR LINEAR LINEAR LINEAR
LINEAR LINEAR LINEAR LINEAR LINEAR LINEAR LINEAR LINEAR LINEAR LINEAR LINEAR LINEAR
LINEAR LINEAR LINEAR LINEAR</Name_array><technique_common><accessor source="#jnt_right_arm-Interpolations-array" count="51"><param type="name"/></accessor></technique_common></source><sampler id="jnt_right_arm-Matrix-animation-transform"><input semantic="INPUT" source="#jnt_right_arm-Matrix-animation-input"/><input semantic="OUTPUT" source="#jnt_right_arm-Matrix-animation-output-transform"/><input semantic="INTERPOLATION" source="#jnt_right_arm-Interpolations"/></sampler><channel source="#jnt_right_arm-Matrix-animation-transform" target="jnt_right_arm/matrix"/></animation></animation>
    <animation id="jnt_right_armroll-anim" name="jnt_right_armroll"><animation><source id="jnt_right_armroll-Matrix-animation-input"><float_array id="jnt_right_armroll-Matrix-animation-input-array" count="51">

0.000000 0.033333 0.066667 0.100000 0.133333 0.166667 0.200000 0.233333 0.266667 0.300000 0.333333 0.366667 0.400000 0.433333 0.466667 0.500000
0.533333 0.566667 0.600000 0.633333 0.666667 0.700000 0.733333 0.766667 0.800000 0.833333 0.866667 0.900000 0.933333 0.966667 1.000000 1.033333
1.066667 1.100000 1.133333 1.166667 1.200000 1.233333 1.266667 1.300000 1.333333 1.366667 1.400000 1.433333 1.466667 1.500000 1.533333 1.566667
1.600000 1.633333 1.666667</float_array><technique_common><accessor source="#jnt_right_armroll-Matrix-animation-input-array" count="51"><param name="TIME" type="float"/></accessor></technique_common></source><source id="jnt_right_armroll-Matrix-animation-output-transform"><float_array id="jnt_right_armroll-Matrix-animation-output-transform-array" count="816">

1.000000 0.000002 0.000001 0.422000 -0.000002 1.000000 -0.000002 0.000000 -0.000001 0.000002 1.000000 -0.000000 0.000000 0.000000 0.000000 1.000000
1.000000 0.000002 0.000001 0.422000 -0.000002 1.000000 -0.000002 0.000000 -0.000001 0.000002 1.000000 -0.000000 0.000000 0.000000 0.000000 1.000000
1.000000 0.000003 0.000001 0.422000 -0.000003 1.000000 -0.000002 0.000000 -0.000001 0.000002 1.000000 -0.000000 0.000000 0.000000 0.000000 1.000000
1.000000 0.000003 0.000001 0.422000 -0.000003 1.000000 -0.000002 0.000000 -0.000001 0.000002 1.000000 -0.000000 0.000000 0.000000 0.000000 1.000000
1.000000 0.000003 0.000001 0.422000 -0.000003 1.000000 -0.000002 0.000000 -0.000001 0.000002 1.000000 -0.000000 0.000000 0.000000 0.000000 1.000000
1.000000 0.000003 0.000001 0.422000 -0.000003 1.000000 -0.000002 0.000000 -0.000001 0.000002 1.000000 -0.000000 0.000000 0.000000 0.000000 1.000000
1.000000 0.000003 0.000001 0.422000 -0.000003 1.000000 -0.000002 0.000000 -0.000001 0.000002 1.000000 -0.000000 0.000000 0.000000 0.000000 1.000000
1.000000 0.000003 0.000001 0.422000 -0.000003 1.000000 -0.000002 0.000000 -0.000001 0.000002 1.000000 -0.000000 0.000000 0.000000 0.000000 1.000000
1.000000 0.000003 0.000001 0.422000 -0.000003 1.000000 -0.000002 0.000000 -0.000001 0.000002 1.000000 -0.000000 0.000000 0.000000 0.000000 1.000000
1.000000 0.000003 0.000001 0.422000 -0.000003 1.000000 -0.000002 0.000000 -0.000001 0.000002 1.000000 -0.000000 0.000000 0.000000 0.000000 1.000000
1.000000 0.000003 0.000001 0.422000 -0.000003 1.000000 -0.000002 0.000000 -0.000001 0.000002 1.000000 -0.000000 0.000000 0.000000 0.000000 1.000000
1.000000 0.000003 0.000001 0.422000 -0.000003 1.000000 -0.000002 0.000000 -0.000001 0.000002 1.000000 -0.000000 0.000000 0.000000 0.000000 1.000000
1.000000 0.000003 0.000001 0.422000 -0.000003 1.000000 -0.000002 0.000000 -0.000001 0.000002 1.000000 -0.000000 0.000000 0.000000 0.000000 1.000000
1.000000 0.000003 0.000001 0.422000 -0.000003 1.000000 -0.000002 0.000000 -0.000001 0.000002 1.000000 -0.000000 0.000000 0.000000 0.000000 1.000000
1.000000 0.000003 0.000001 0.422000 -0.000003 1.000000 -0.000002 0.000000 -0.000001 0.000002 1.000000 -0.000000 0.000000 0.000000 0.000000 1.000000
1.000000 0.000003 0.000001 0.422000 -0.000003 1.000000 -0.000002 0.000000 -0.000001 0.000002 1.000000 -0.000000 0.000000 0.000000 0.000000 1.000000
1.000000 0.000003 0.000001 0.422000 -0.000003 1.000000 -0.000002 0.000000 -0.000001 0.000002 1.000000 -0.000000 0.000000 0.000000 0.000000 1.000000
1.000000 0.000003 0.000001 0.422000 -0.000003 1.000000 -0.000002 0.000000 -0.000001 0.000002 1.000000 -0.000000 0.000000 0.000000 0.000000 1.000000
1.000000 0.000003 0.000001 0.422000 -0.000003 1.000000 -0.000002 0.000000 -0.000001 0.000002 1.000000 -0.000000 0.000000 0.000000 0.000000 1.000000
1.000000 0.000003 0.000001 0.422000 -0.000003 1.000000 -0.000002 0.000000 -0.000001 0.000002 1.000000 -0.000000 0.000000 0.000000 0.000000 1.000000
1.000000 0.000004 0.000001 0.422000 -0.000004 1.000000 -0.000002 0.000000 -0.000001 0.000002 1.000000 -0.000000 0.000000 0.000000 0.000000 1.000000
1.000000 0.000004 0.000001 0.422000 -0.000004 1.000000 -0.000002 0.000000 -0.000001 0.000002 1.000000 -0.000000 0.000000 0.000000 0.000000 1.000000
1.000000 0.000004 0.000001 0.422000 -0.000004 1.000000 -0.000002 0.000000 -0.000001 0.000002 1.000000 -0.000000 0.000000 0.000000 0.000000 1.000000
1.000000 0.000004 0.000001 0.422000 -0.000004 1.000000 -0.000002 0.000000 -0.000001 0.000002 1.000000 -0.000000 0.000000 0.000000 0.000000 1.000000
1.000000 0.000004 0.000001 0.422000 -0.000004 1.000000 -0.000002 0.000000 -0.000001 0.000002 1.000000 -0.000000 0.000000 0.000000 0.000000 1.000000
1.000000 0.000004 0.000001 0.422000 -0.000004 1.000000 -0.000002 0.000000 -0.000001 0.000002 1.000000 -0.000000 0.000000 0.000000 0.000000 1.000000
1.000000 0.000004 0.000001 0.422000 -0.000004 1.000000 -0.000002 0.000000 -0.000001 0.000002 1.000000 -0.000000 0.000000 0.000000 0.000000 1.000000
1.000000 0.000004 0.000001 0.422000 -0.000004 1.000000 -0.000002 0.000000 -0.000001 0.000002 1.000000 -0.000000 0.000000 0.000000 0.000000 1.000000
1.000000 0.000004 0.000001 0.422000 -0.000004 1.000000 -0.000002 0.000000 -0.000001 0.000002 1.000000 -0.000000 0.000000 0.000000 0.000000 1.000000
1.000000 0.000004 0.000001 0.422000 -0.000004 1.000000 -0.000002 0.000000 -0.000001 0.000002 1.000000 -0.000000 0.000000 0.000000 0.000000 1.000000
1.000000 0.000004 0.000001 0.422000 -0.000004 1.000000 -0.000002 0.000000 -0.000001 0.000002 1.000000 -0.000000 0.000000 0.000000 0.000000 1.000000
1.000000 0.000004 0.000001 0.422000 -0.000004 1.000000 -0.000002 0.000000 -0.000001 0.000002 1.000000 -0.000000 0.000000 0.000000 0.000000 1.000000
1.000000 0.000004 0.000000 0.422000 -0.000004 1.000000 -0.000002 0.000000 -0.000000 0.000002 1.000000 -0.000000 0.000000 0.000000 0.000000 1.000000
1.000000 0.000004 0.000000 0.422000 -0.000004 1.000000 -0.000002 0.000000 -0.000000 0.000002 1.000000 -0.000000 0.000000 0.000000 0.000000 1.000000
1.000000 0.000004 0.000000 0.422000 -0.000004 1.000000 -0.000002 0.000000 -0.000000 0.000002 1.000000 -0.000000 0.000000 0.000000 0.000000 1.000000
1.000000 0.000004 0.000000 0.422000 -0.000004 1.000000 -0.000002 0.000000 -0.000000 0.000002 1.000000 -0.000000 0.000000 0.000000 0.000000 1.000000
1.000000 0.000004 0.000000 0.422000 -0.000004 1.000000 -0.000002 0.000000 -0.000000 0.000002 1.000000 -0.000000 0.000000 0.000000 0.000000 1.000000
1.000000 0.000004 0.000000 0.422000 -0.000004 1.000000 -0.000002 -0.000000 -0.000000 0.000002 1.000000 -0.000000 0.000000 0.000000 0.000000 1.000000
1.000000 0.000004 0.000000 0.422000 -0.000004 1.000000 -0.000002 -0.000000 -0.000000 0.000002 1.000000 -0.000000 0.000000 0.000000 0.000000 1.000000
1.000000 0.000005 0.000000 0.422000 -0.000005 1.000000 -0.000002 -0.000000 -0.000000 0.000002 1.000000 -0.000000 0.000000 0.000000 0.000000 1.000000
1.000000 0.000005 0.000000 0.422000 -0.000005 1.000000 -0.000002 -0.000000 -0.000000 0.000002 1.000000 -0.000000 0.000000 0.000000 0.000000 1.000000
1.000000 0.000005 0.000000 0.422000 -0.000005 1.000000 -0.000002 -0.000000 -0.000000 0.000002 1.000000 -0.000000 0.000000 0.000000 0.000000 1.000000
1.000000 0.000005 0.000000 0.422000 -0.000005 1.000000 -0.000002 -0.000000 -0.000000 0.000002 1.000000 -0.000000 0.000000 0.000000 0.000000 1.000000
1.000000 0.000005 0.000000 0.422000 -0.000005 1.000000 -0.000002 -0.000000 -0.000000 0.000002 1.000000 -0.000000 0.000000 0.000000 0.000000 1.000000
1.000000 0.000005 0.000000 0.422000 -0.000005 1.000000 -0.000002 -0.000000 -0.000000 0.000002 1.000000 -0.000000 0.000000 0.000000 0.000000 1.000000
1.000000 0.000005 0.000000 0.422000 -0.000005 1.000000 -0.000002 -0.000000 -0.000000 0.000002 1.000000 -0.000000 0.000000 0.000000 0.000000 1.000000
1.000000 0.000005 0.000000 0.422000 -0.000005 1.000000 -0.000002 -0.000000 -0.000000 0.000002 1.000000 -0.000000 0.000000 0.000000 0.000000 1.000000
1.000000 0.000005 0.000000 0.422000 -0.000005 1.000000 -0.000002 -0.000000 -0.000000 0.000002 1.000000 -0.000000 0.000000 0.000000 0.000000 1.000000
1.000000 0.000005 0.000000 0.422000 -0.000005 1.000000 -0.000002 -0.000000 -0.000000 0.000002 1.000000 -0.000000 0.000000 0.000000 0.000000 1.000000
1.000000 0.000005 0.000000 0.422000 -0.000005 1.000000 -0.000002 -0.000000 -0.000000 0.000002 1.000000 -0.000000 0.000000 0.000000 0.000000 1.000000
1.000000 0.000005 0.000000 0.422000 -0.000005 1.000000 -0.000002 -0.000000 -0.000000 0.000002 1.000000 -0.000000 0.000000 0.000000 0.000000 1.000000</float_array><technique_common><accessor source="#jnt_right_armroll-Matrix-animation-output-transform-array" count="51" stride="16"><param type="float4x4"/></accessor></technique_common></source><source id="jnt_right_armroll-Interpolations"><Name_array id="jnt_right_armroll-Interpolations-array" count="51">
 LINEAR LINEAR LINEAR LINEAR LINEAR LINEAR LINEAR LINEAR LINEAR LINEAR LINEAR
LINEAR LINEAR LINEAR LINEAR LINEAR LINEAR LINEAR LINEAR LINEAR LINEAR LINEAR LINEAR
LINEAR LINEAR LINEAR LINEAR LINEAR LINEAR LINEAR LINEAR LINEAR LINEAR LINEAR LINEAR
LINEAR LINEAR LINEAR LINEAR LINEAR LINEAR LINEAR LINEAR LINEAR LINEAR LINEAR LINEAR
LINEAR LINEAR LINEAR LINEAR</Name_array><technique_common><accessor source="#jnt_right_armroll-Interpolations-array" count="51"><param type="name"/></accessor></technique_common></source><sampler id="jnt_right_armroll-Matrix-animation-transform"><input semantic="INPUT" source="#jnt_right_armroll-Matrix-animation-input"/><input semantic="OUTPUT" source="#jnt_right_armroll-Matrix-animation-output-transform"/><input semantic="INTERPOLATION" source="#jnt_right_armroll-Interpolations"/></sampler><channel source="#jnt_right_armroll-Matrix-animation-transform" target="jnt_right_armroll/matrix"/></animation></animation>
    <animation id="jnt_right_forearm-anim" name="jnt_right_forearm"><animation><source id="jnt_right_forearm-Matrix-animation-input"><float_array id="jnt_right_forearm-Matrix-animation-input-array" count="51">

0.000000 0.033333 0.066667 0.100000 0.133333 0.166667 0.200000 0.233333 0.266667 0.300000 0.333333 0.366667 0.400000 0.433333 0.466667 0.500000
0.533333 0.566667 0.600000 0.633333 0.666667 0.700000 0.733333 0.766667 0.800000 0.833333 0.866667 0.900000 0.933333 0.966667 1.000000 1.033333
1.066667 1.100000 1.133333 1.166667 1.200000 1.233333 1.266667 1.300000 1.333333 1.366667 1.400000 1.433333 1.466667 1.500000 1.533333 1.566667
1.600000 1.633333 1.666667</float_array><technique_common><accessor source="#jnt_right_forearm-Matrix-animation-input-array" count="51"><param name="TIME" type="float"/></accessor></technique_common></source><source id="jnt_right_forearm-Matrix-animation-output-transform"><float_array id="jnt_right_forearm-Matrix-animation-output-transform-array" count="816">

-0.410847 -0.885560 -0.216768 0.843984 0.911668 -0.401161 -0.089053 -0.000001 -0.008097 -0.234208 0.972153 -0.000001 0.000000 0.000000 0.000000 1.000000
-0.436542 -0.873908 -0.213814 0.843984 0.899645 -0.426225 -0.094715 -0.000001 -0.008360 -0.233704 0.972272 -0.000001 0.000000 0.000000 0.000000 1.000000
-0.473826 -0.857726 -0.199486 0.843984 0.880575 -0.463734 -0.097665 -0.000001 -0.008739 -0.221938 0.975022 -0.000001 0.000000 0.000000 0.000000 1.000000
-0.495506 -0.848038 -0.187896 0.843984 0.868557 -0.486009 -0.096974 -0.000001 -0.009081 -0.211249 0.977390 -0.000001 0.000000 0.000000 0.000000 1.000000
-0.516886 -0.837702 -0.176305 0.843984 0.856005 -0.507978 -0.095984 -0.000001 -0.009153 -0.200530 0.979645 -0.000001 0.000000 0.000000 0.000000 1.000000
-0.537226 -0.827270 -0.164350 0.843984 0.843386 -0.529053 -0.093818 -0.000001 -0.009337 -0.189012 0.981930 -0.000001 0.000000 0.000000 0.000000 1.000000
-0.481125 -0.860678 -0.166591 0.843984 0.876642 -0.471453 -0.096076 -0.000001 0.004151 -0.192265 0.981334 -0.000001 0.000000 0.000000 0.000000 1.000000
-0.320506 -0.930480 -0.177432 0.843984 0.946371 -0.306493 -0.102190 -0.000001 0.040704 -0.200669 0.978813 -0.000001 0.000000 0.000000 0.000000 1.000000
-0.071078 -0.976050 -0.205608 0.843984 0.992982 -0.049706 -0.107307 -0.000001 0.094517 -0.211793 0.972733 -0.000001 0.000000 0.000000 0.000000 1.000000
0.079850 -0.969692 -0.230912 0.843984 0.988754 0.106436 -0.105053 -0.000001 0.126447 -0.219927 0.967287 -0.000001 0.000000 0.000000 0.000000 1.000000
0.227989 -0.939539 -0.255513 0.843984 0.960553 0.259957 -0.098797 -0.000001 0.159246 -0.222909 0.961744 -0.000001 0.000000 0.000000 0.000000 1.000000
0.514812 -0.795807 -0.318842 0.843984 0.826511 0.559500 -0.061962 -0.000001 0.227702 -0.231628 0.945780 -0.000001 0.000000 0.000000 0.000000 1.000000
0.731563 -0.568707 -0.376016 0.843984 0.615953 0.787752 0.006939 -0.000001 0.292261 -0.236685 0.926587 -0.000001 0.000000 0.000000 0.000000 1.000000
0.854541 -0.319550 -0.409447 0.843984 0.387588 0.917112 0.093167 -0.000001 0.345738 -0.238312 0.907564 -0.000001 0.000000 0.000000 0.000000 1.000000
0.901489 -0.116856 -0.416728 0.843984 0.203487 0.964239 0.169810 -0.000001 0.381982 -0.237881 0.893030 -0.000001 0.000000 0.000000 0.000000 1.000000
0.907938 -0.065190 -0.414003 0.843984 0.156418 0.969159 0.190431 -0.000001 0.388820 -0.237657 0.890134 -0.000001 0.000000 0.000000 0.000000 1.000000
0.911900 -0.013342 -0.410196 0.843984 0.109074 0.971406 0.210885 -0.000001 0.395654 -0.237047 0.887280 -0.000001 0.000000 0.000000 0.000000 1.000000
0.921866 0.017809 -0.387100 0.843984 0.075296 0.971671 0.224020 -0.000001 0.380123 -0.235663 0.894410 -0.000001 0.000000 0.000000 0.000000 1.000000
0.939973 0.032221 -0.339724 0.843984 0.049606 0.972056 0.229446 -0.000001 0.337624 -0.232525 0.912109 -0.000001 0.000000 0.000000 0.000000 1.000000
0.960656 0.034502 -0.275588 0.843983 0.030394 0.973235 0.227794 -0.000001 0.276071 -0.227208 0.933896 -0.000001 0.000000 0.000000 0.000000 1.000000
0.978836 0.029141 -0.202560 0.843983 0.016698 0.975136 0.220978 -0.000001 0.203963 -0.219683 0.954012 -0.000001 0.000000 0.000000 0.000000 1.000000
0.985808 0.024549 -0.166071 0.843983 0.012135 0.976242 0.216344 -0.000001 0.167436 -0.215288 0.962089 -0.000001 0.000000 0.000000 0.000000 1.000000
0.991398 0.020128 -0.129324 0.843983 0.007752 0.977339 0.211536 -0.000001 0.130651 -0.210719 0.968776 -0.000001 0.000000 0.000000 0.000000 1.000000
0.997812 0.010713 -0.065231 0.843983 0.002698 0.979360 0.202105 -0.000001 0.066050 -0.201839 0.977189 -0.000001 0.000000 0.000000 0.000000 1.000000
0.999797 0.003435 -0.019864 0.843983 0.000506 0.980792 0.195057 -0.000001 0.020152 -0.195027 0.980591 -0.000001 0.000000 0.000000 0.000000 1.000000
0.999996 0.000488 -0.002677 0.843983 0.000036 0.981328 0.192341 -0.000001 0.002721 -0.192340 0.981325 -0.000001 0.000000 0.000000 0.000000 1.000000
0.999441 -0.032161 -0.009148 0.843983 0.033332 0.979951 0.196428 -0.000001 0.002648 -0.196623 0.980476 -0.000001 0.000000 0.000000 0.000000 1.000000
0.998037 -0.060759 -0.015145 0.843983 0.062562 0.977837 0.199803 -0.000001 0.002669 -0.200359 0.979719 -0.000001 0.000000 0.000000 0.000000 1.000000
0.995779 -0.089289 -0.021239 0.843983 0.091744 0.974871 0.203000 -0.000001 0.002580 -0.204091 0.978948 -0.000001 0.000000 0.000000 0.000000 1.000000
0.992669 -0.117712 -0.027422 0.843983 0.120840 0.971059 0.206013 -0.000001 0.002378 -0.207816 0.978165 -0.000001 0.000000 0.000000 0.000000 1.000000
0.970071 -0.236281 -0.055971 0.843983 0.242813 0.945658 0.216270 -0.000001 0.001828 -0.223388 0.974728 -0.000001 0.000000 0.000000 0.000000 1.000000
0.925833 -0.366584 -0.091915 0.843983 0.377930 0.898671 0.222618 -0.000002 0.000993 -0.240844 0.970563 -0.000001 0.000000 0.000000 0.000000 1.000000
0.862879 -0.488321 -0.130312 0.843983 0.505410 0.833699 0.222503 -0.000002 -0.000012 -0.257854 0.966184 -0.000001 0.000000 0.000000 0.000000 1.000000
0.793662 -0.585580 -0.164914 0.843983 0.608358 0.763506 0.216699 -0.000002 -0.000982 -0.272312 0.962208 -0.000001 0.000000 0.000000 0.000000 1.000000
0.766197 -0.617659 -0.177311 0.843983 0.642604 0.735926 0.213245 -0.000002 -0.001225 -0.277328 0.960774 -0.000001 0.000000 0.000000 0.000000 1.000000
0.737257 -0.648480 -0.189540 0.843983 0.675610 0.706943 0.209244 -0.000002 -0.001696 -0.282321 0.959318 -0.000001 0.000000 0.000000 0.000000 1.000000
0.714348 -0.670945 -0.198846 0.843983 0.699788 0.684101 0.205676 -0.000002 -0.001966 -0.286075 0.958205 -0.000001 0.000000 0.000000 0.000000 1.000000
0.714348 -0.670944 -0.198851 0.843983 0.699788 0.684102 0.205673 -0.000002 -0.001961 -0.286076 0.958205 -0.000001 0.000000 0.000000 0.000000 1.000000
0.714347 -0.670943 -0.198855 0.843983 0.699789 0.684102 0.205671 -0.000002 -0.001957 -0.286077 0.958205 -0.000001 0.000000 0.000000 0.000000 1.000000
0.714347 -0.670943 -0.198856 0.843983 0.699789 0.684101 0.205671 -0.000002 -0.001956 -0.286078 0.958204 -0.000001 0.000000 0.000000 0.000000 1.000000
0.714346 -0.670943 -0.198858 0.843983 0.699790 0.684101 0.205671 -0.000002 -0.001954 -0.286079 0.958204 -0.000001 0.000000 0.000000 0.000000 1.000000
0.714346 -0.670943 -0.198859 0.843983 0.699790 0.684100 0.205670 -0.000002 -0.001953 -0.286080 0.958204 -0.000001 0.000000 0.000000 0.000000 1.000000
0.714345 -0.670944 -0.198861 0.843983 0.699791 0.684100 0.205670 -0.000002 -0.001952 -0.286081 0.958204 -0.000001 0.000000 0.000000 0.000000 1.000000
0.714345 -0.670944 -0.198862 0.843983 0.699791 0.684099 0.205671 -0.000002 -0.001952 -0.286081 0.958203 -0.000001 0.000000 0.000000 0.000000 1.000000
0.714344 -0.670944 -0.198863 0.843983 0.699792 0.684098 0.205671 -0.000002 -0.001952 -0.286082 0.958203 -0.000001 0.000000 0.000000 0.000000 1.000000
0.714344 -0.670944 -0.198863 0.843983 0.699792 0.684098 0.205672 -0.000002 -0.001952 -0.286083 0.958203 -0.000001 0.000000 0.000000 0.000000 1.000000
0.714343 -0.670945 -0.198864 0.843983 0.699793 0.684097 0.205672 -0.000002 -0.001952 -0.286084 0.958202 -0.000001 0.000000 0.000000 0.000000 1.000000
0.714343 -0.670945 -0.198865 0.843983 0.699793 0.684096 0.205673 -0.000002 -0.001952 -0.286085 0.958202 -0.000001 0.000000 0.000000 0.000000 1.000000
0.714342 -0.670945 -0.198866 0.843983 0.699794 0.684096 0.205673 -0.000002 -0.001952 -0.286086 0.958202 -0.000001 0.000000 0.000000 0.000000 1.000000
0.714342 -0.670946 -0.198867 0.843983 0.699794 0.684095 0.205674 -0.000002 -0.001952 -0.286087 0.958202 -0.000001 0.000000 0.000000 0.000000 1.000000
0.714341 -0.670946 -0.198868 0.843983 0.699795 0.684094 0.205674 -0.000002 -0.001952 -0.286088 0.958201 -0.000001 0.000000 0.000000 0.000000 1.000000</float_array><technique_common><accessor source="#jnt_right_forearm-Matrix-animation-output-transform-array" count="51" stride="16"><param type="float4x4"/></accessor></technique_common></source><source id="jnt_right_forearm-Interpolations"><Name_array id="jnt_right_forearm-Interpolations-array" count="51">
 LINEAR LINEAR LINEAR LINEAR LINEAR LINEAR LINEAR LINEAR LINEAR LINEAR LINEAR
LINEAR LINEAR LINEAR LINEAR LINEAR LINEAR LINEAR LINEAR LINEAR LINEAR LINEAR LINEAR
LINEAR LINEAR LINEAR LINEAR LINEAR LINEAR LINEAR LINEAR LINEAR LINEAR LINEAR LINEAR
LINEAR LINEAR LINEAR LINEAR LINEAR LINEAR LINEAR LINEAR LINEAR LINEAR LINEAR LINEAR
LINEAR LINEAR LINEAR LINEAR</Name_array><technique_common><accessor source="#jnt_right_forearm-Interpolations-array" count="51"><param type="name"/></accessor></technique_common></source><sampler id="jnt_right_forearm-Matrix-animation-transform"><input semantic="INPUT" source="#jnt_right_forearm-Matrix-animation-input"/><input semantic="OUTPUT" source="#jnt_right_forearm-Matrix-animation-output-transform"/><input semantic="INTERPOLATION" source="#jnt_right_forearm-Interpolations"/></sampler><channel source="#jnt_right_forearm-Matrix-animation-transform" target="jnt_right_forearm/matrix"/></animation></animation>
    <animation id="jnt_right_forearmroll-anim" name="jnt_right_forearmroll"><animation><source id="jnt_right_forearmroll-Matrix-animation-input"><float_array id="jnt_right_forearmroll-Matrix-animation-input-array" count="51">

0.000000 0.033333 0.066667 0.100000 0.133333 0.166667 0.200000 0.233333 0.266667 0.300000 0.333333 0.366667 0.400000 0.433333 0.466667 0.500000
0.533333 0.566667 0.600000 0.633333 0.666667 0.700000 0.733333 0.766667 0.800000 0.833333 0.866667 0.900000 0.933333 0.966667 1.000000 1.033333
1.066667 1.100000 1.133333 1.166667 1.200000 1.233333 1.266667 1.300000 1.333333 1.366667 1.400000 1.433333 1.466667 1.500000 1.533333 1.566667
1.600000 1.633333 1.666667</float_array><technique_common><accessor source="#jnt_right_forearmroll-Matrix-animation-input-array" count="51"><param name="TIME" type="float"/></accessor></technique_common></source><source id="jnt_right_forearmroll-Matrix-animation-output-transform"><float_array id="jnt_right_forearmroll-Matrix-animation-output-transform-array" count="816">

1.000000 0.000006 0.000004 0.487000 -0.000007 0.948271 0.317463 0.000000 -0.000002 -0.317463 0.948271 -0.000000 0.000000 0.000000 0.000000 1.000000
1.000000 0.000006 0.000003 0.487000 -0.000007 0.948271 0.317463 0.000000 -0.000001 -0.317463 0.948271 -0.000000 0.000000 0.000000 0.000000 1.000000
1.000000 0.000005 0.000003 0.487000 -0.000006 0.948508 0.316755 0.000000 -0.000001 -0.316755 0.948508 -0.000000 0.000000 0.000000 0.000000 1.000000
1.000000 0.000005 0.000003 0.487000 -0.000006 0.948727 0.316097 0.000000 -0.000001 -0.316097 0.948727 -0.000000 0.000000 0.000000 0.000000 1.000000
1.000000 0.000005 0.000002 0.487000 -0.000005 0.948946 0.315439 0.000000 -0.000001 -0.315439 0.948946 -0.000000 0.000000 0.000000 0.000000 1.000000
1.000000 0.000005 0.000002 0.487000 -0.000005 0.949182 0.314729 0.000000 -0.000000 -0.314730 0.949182 -0.000000 0.000000 0.000000 0.000000 1.000000
1.000000 0.000005 0.000001 0.487000 -0.000005 0.962392 0.271666 0.000000 -0.000000 -0.271666 0.962392 -0.000000 0.000000 0.000000 0.000000 1.000000
1.000000 0.000004 0.000000 0.487000 -0.000004 0.988105 0.153781 0.000000 0.000000 -0.153781 0.988105 -0.000000 0.000000 0.000000 0.000000 1.000000
1.000000 0.000003 -0.000000 0.487000 -0.000003 0.999792 -0.020393 0.000000 0.000000 0.020393 0.999792 -0.000000 0.000000 0.000000 0.000000 1.000000
1.000000 0.000003 -0.000001 0.487000 -0.000003 0.992321 -0.123688 0.000000 0.000001 0.123688 0.992321 -0.000000 0.000000 0.000000 0.000000 1.000000
1.000000 0.000001 -0.000001 0.487000 -0.000002 0.974207 -0.225656 0.000000 0.000001 0.225656 0.974207 -0.000000 0.000000 0.000000 0.000000 1.000000
1.000000 -0.000002 -0.000000 0.487000 0.000001 0.902331 -0.431045 0.000000 0.000001 0.431045 0.902331 -0.000000 0.000000 0.000000 0.000000 1.000000
1.000000 -0.000003 0.000001 0.487000 0.000003 0.794342 -0.607471 0.000000 0.000001 0.607471 0.794342 -0.000000 0.000000 0.000000 0.000000 1.000000
1.000000 -0.000004 0.000003 0.487000 0.000005 0.676601 -0.736350 0.000000 0.000001 0.736350 0.676601 -0.000000 0.000000 0.000000 0.000000 1.000000
1.000000 -0.000005 0.000004 0.487000 0.000006 0.582992 -0.812478 0.000000 0.000001 0.812478 0.582992 -0.000000 0.000000 0.000000 0.000000 1.000000
1.000000 -0.000005 0.000004 0.487000 0.000006 0.564546 -0.825402 0.000000 0.000002 0.825402 0.564546 -0.000000 0.000000 0.000000 0.000000 1.000000
1.000000 -0.000005 0.000004 0.487000 0.000006 0.545813 -0.837907 0.000000 0.000002 0.837907 0.545813 -0.000000 0.000000 0.000000 0.000000 1.000000
1.000000 -0.000005 0.000003 0.487000 0.000005 0.546602 -0.837393 0.000000 0.000002 0.837393 0.546602 -0.000000 0.000000 0.000000 0.000000 1.000000
1.000000 -0.000005 0.000003 0.487000 0.000005 0.547390 -0.836878 0.000000 0.000002 0.836878 0.547390 -0.000000 0.000000 0.000000 0.000000 1.000000
1.000000 -0.000005 0.000003 0.487000 0.000005 0.551127 -0.834421 0.000000 0.000002 0.834421 0.551127 -0.000000 0.000000 0.000000 0.000000 1.000000
1.000000 -0.000005 0.000003 0.487000 0.000005 0.558374 -0.829590 0.000000 0.000002 0.829590 0.558374 -0.000000 0.000000 0.000000 0.000000 1.000000
1.000000 -0.000005 0.000002 0.487000 0.000005 0.564316 -0.825559 0.000000 0.000002 0.825559 0.564316 -0.000000 0.000000 0.000000 0.000000 1.000000
1.000000 -0.000005 0.000002 0.487000 0.000004 0.570228 -0.821487 0.000000 0.000002 0.821487 0.570228 -0.000000 0.000000 0.000000 0.000000 1.000000
1.000000 -0.000005 0.000002 0.487001 0.000004 0.587694 -0.809084 0.000000 0.000003 0.809084 0.587694 -0.000000 0.000000 0.000000 0.000000 1.000000
1.000000 -0.000004 0.000001 0.487001 0.000004 0.611616 -0.791155 0.000000 0.000003 0.791155 0.611616 -0.000000 0.000000 0.000000 0.000000 1.000000
1.000000 -0.000004 0.000001 0.487001 0.000003 0.642599 -0.766203 0.000000 0.000003 0.766203 0.642599 -0.000000 0.000000 0.000000 0.000000 1.000000
1.000000 -0.000004 0.000000 0.487001 0.000003 0.693128 -0.720814 0.000000 0.000003 0.720814 0.693128 -0.000000 0.000000 0.000000 0.000000 1.000000
1.000000 -0.000004 -0.000000 0.487001 0.000003 0.717720 -0.696332 -0.000000 0.000003 0.696332 0.717720 -0.000000 0.000000 0.000000 0.000000 1.000000
1.000000 -0.000004 -0.000001 0.487001 0.000002 0.741454 -0.671004 -0.000000 0.000003 0.671004 0.741454 -0.000000 0.000000 0.000000 0.000000 1.000000
1.000000 -0.000003 -0.000001 0.487001 0.000001 0.764288 -0.644875 -0.000000 0.000003 0.644875 0.764288 -0.000000 0.000000 0.000000 0.000000 1.000000
1.000000 -0.000002 -0.000002 0.487001 0.000001 0.839460 -0.543422 -0.000000 0.000003 0.543422 0.839460 -0.000000 0.000000 0.000000 0.000000 1.000000
1.000000 -0.000002 -0.000003 0.487001 0.000000 0.904810 -0.425815 -0.000000 0.000003 0.425815 0.904810 -0.000000 0.000000 0.000000 0.000000 1.000000
1.000000 0.000001 -0.000004 0.487001 -0.000002 0.952069 -0.305882 -0.000000 0.000003 0.305882 0.952069 -0.000000 0.000000 0.000000 0.000000 1.000000
1.000000 0.000002 -0.000004 0.487001 -0.000003 0.979775 -0.200101 -0.000000 0.000003 0.200101 0.979775 -0.000000 0.000000 0.000000 0.000000 1.000000
1.000000 0.000003 -0.000004 0.487001 -0.000004 0.986659 -0.162800 -0.000000 0.000004 0.162800 0.986659 -0.000000 0.000000 0.000000 0.000000 1.000000
1.000000 0.000004 -0.000004 0.487001 -0.000004 0.992123 -0.125264 -0.000000 0.000004 0.125264 0.992123 -0.000000 0.000000 0.000000 0.000000 1.000000
1.000000 0.000004 -0.000004 0.487001 -0.000005 0.995279 -0.097054 -0.000000 0.000004 0.097054 0.995279 -0.000000 0.000000 0.000000 0.000000 1.000000
1.000000 0.000005 -0.000004 0.487001 -0.000005 0.995279 -0.097054 -0.000000 0.000004 0.097054 0.995279 -0.000000 0.000000 0.000000 0.000000 1.000000
1.000000 0.000005 -0.000004 0.487001 -0.000006 0.995279 -0.097054 -0.000000 0.000004 0.097054 0.995279 -0.000000 0.000000 0.000000 0.000000 1.000000
1.000000 0.000005 -0.000004 0.487001 -0.000006 0.995279 -0.097054 -0.000000 0.000004 0.097054 0.995279 -0.000000 0.000000 0.000000 0.000000 1.000000
1.000000 0.000005 -0.000004 0.487001 -0.000006 0.995279 -0.097054 -0.000000 0.000004 0.097054 0.995279 -0.000000 0.000000 0.000000 0.000000 1.000000
1.000000 0.000005 -0.000005 0.487001 -0.000006 0.995279 -0.097054 -0.000000 0.000004 0.097054 0.995279 -0.000000 0.000000 0.000000 0.000000 1.000000
1.000000 0.000005 -0.000005 0.487001 -0.000006 0.995279 -0.097054 -0.000000 0.000004 0.097054 0.995279 -0.000000 0.000000 0.000000 0.000000 1.000000
1.000000 0.000005 -0.000005 0.487001 -0.000006 0.995279 -0.097054 -0.000000 0.000004 0.097054 0.995279 -0.000000 0.000000 0.000000 0.000000 1.000000
1.000000 0.000006 -0.000005 0.487001 -0.000006 0.995279 -0.097054 -0.000000 0.000004 0.097054 0.995279 -0.000000 0.000000 0.000000 0.000000 1.000000
1.000000 0.000006 -0.000005 0.487001 -0.000006 0.995279 -0.097053 -0.000000 0.000004 0.097053 0.995279 -0.000000 0.000000 0.000000 0.000000 1.000000
1.000000 0.000006 -0.000005 0.487001 -0.000006 0.995279 -0.097053 -0.000000 0.000004 0.097053 0.995279 -0.000000 0.000000 0.000000 0.000000 1.000000
1.000000 0.000006 -0.000005 0.487001 -0.000006 0.995279 -0.097053 -0.000000 0.000004 0.097053 0.995279 -0.000000 0.000000 0.000000 0.000000 1.000000
1.000000 0.000006 -0.000005 0.487001 -0.000006 0.995279 -0.097053 -0.000000 0.000004 0.097053 0.995279 -0.000000 0.000000 0.000000 0.000000 1.000000
1.000000 0.000006 -0.000005 0.487001 -0.000006 0.995279 -0.097053 -0.000000 0.000004 0.097053 0.995279 -0.000000 0.000000 0.000000 0.000000 1.000000
1.000000 0.000006 -0.000005 0.487001 -0.000006 0.995279 -0.097053 -0.000000 0.000004 0.097053 0.995279 -0.000000 0.000000 0.000000 0.000000 1.000000</float_array><technique_common><accessor source="#jnt_right_forearmroll-Matrix-animation-output-transform-array" count="51" stride="16"><param type="float4x4"/></accessor></technique_common></source><source id="jnt_right_forearmroll-Interpolations"><Name_array id="jnt_right_forearmroll-Interpolations-array" count="51">
 LINEAR LINEAR LINEAR LINEAR LINEAR LINEAR LINEAR LINEAR LINEAR LINEAR LINEAR
LINEAR LINEAR LINEAR LINEAR LINEAR LINEAR LINEAR LINEAR LINEAR LINEAR LINEAR LINEAR
LINEAR LINEAR LINEAR LINEAR LINEAR LINEAR LINEAR LINEAR LINEAR LINEAR LINEAR LINEAR
LINEAR LINEAR LINEAR LINEAR LINEAR LINEAR LINEAR LINEAR LINEAR LINEAR LINEAR LINEAR
LINEAR LINEAR LINEAR LINEAR</Name_array><technique_common><accessor source="#jnt_right_forearmroll-Interpolations-array" count="51"><param type="name"/></accessor></technique_common></source><sampler id="jnt_right_forearmroll-Matrix-animation-transform"><input semantic="INPUT" source="#jnt_right_forearmroll-Matrix-animation-input"/><input semantic="OUTPUT" source="#jnt_right_forearmroll-Matrix-animation-output-transform"/><input semantic="INTERPOLATION" source="#jnt_right_forearmroll-Interpolations"/></sampler><channel source="#jnt_right_forearmroll-Matrix-animation-transform" target="jnt_right_forearmroll/matrix"/></animation></animation>
    <animation id="jnt_right_hand-anim" name="jnt_right_hand"><animation><source id="jnt_right_hand-Matrix-animation-input"><float_array id="jnt_right_hand-Matrix-animation-input-array" count="51">

0.000000 0.033333 0.066667 0.100000 0.133333 0.166667 0.200000 0.233333 0.266667 0.300000 0.333333 0.366667 0.400000 0.433333 0.466667 0.500000
0.533333 0.566667 0.600000 0.633333 0.666667 0.700000 0.733333 0.766667 0.800000 0.833333 0.866667 0.900000 0.933333 0.966667 1.000000 1.033333
1.066667 1.100000 1.133333 1.166667 1.200000 1.233333 1.266667 1.300000 1.333333 1.366667 1.400000 1.433333 1.466667 1.500000 1.533333 1.566667
1.600000 1.633333 1.666667</float_array><technique_common><accessor source="#jnt_right_hand-Matrix-animation-input-array" count="51"><param name="TIME" type="float"/></accessor></technique_common></source><source id="jnt_right_hand-Matrix-animation-output-transform"><float_array id="jnt_right_hand-Matrix-animation-output-transform-array" count="816">

0.892390 0.225594 -0.390829 0.975261 0.107355 0.735080 0.669427 -0.000003 0.438309 -0.639348 0.631759 -0.000001 0.000000 0.000000 0.000000 1.000000
0.892390 0.225594 -0.390829 0.975261 0.107354 0.735079 0.669428 -0.000003 0.438309 -0.639348 0.631759 -0.000001 0.000000 0.000000 0.000000 1.000000
0.917199 0.222554 -0.330479 0.975261 0.067712 0.730319 0.679742 -0.000003 0.392634 -0.645836 0.654778 -0.000000 0.000000 0.000000 0.000000 1.000000
0.936651 0.218917 -0.273423 0.975261 0.030223 0.727195 0.685765 -0.000003 0.348957 -0.650586 0.674512 -0.000000 0.000000 0.000000 0.000000 1.000000
0.952596 0.214944 -0.215312 0.975261 -0.007576 0.724251 0.689495 -0.000003 0.304142 -0.655179 0.691547 -0.000000 0.000000 0.000000 0.000000 1.000000
0.965792 0.209979 -0.152168 0.975261 -0.048438 0.722545 0.689625 -0.000003 0.254755 -0.658663 0.707999 -0.000000 0.000000 0.000000 0.000000 1.000000
0.977114 0.135970 -0.163583 0.975261 -0.015636 0.812860 0.582250 -0.000003 0.212139 -0.566367 0.796383 -0.000000 0.000000 0.000000 0.000000 1.000000
0.989238 -0.056298 -0.135053 0.975261 0.089342 0.963379 0.252823 -0.000003 0.115873 -0.262168 0.958041 -0.000000 0.000000 0.000000 0.000000 1.000000
0.963081 -0.266783 0.036089 0.975261 0.267708 0.934898 -0.233021 -0.000003 0.028427 0.234079 0.971802 -0.000000 0.000000 0.000000 0.000000 1.000000
0.926389 -0.326115 0.188289 0.975261 0.376567 0.803744 -0.460644 -0.000003 -0.001113 0.497639 0.867384 -0.000000 0.000000 0.000000 0.000000 1.000000
0.875315 -0.336353 0.347406 0.975261 0.483545 0.604507 -0.633052 -0.000003 0.002920 0.722106 0.691776 -0.000000 0.000000 0.000000 0.000000 1.000000
0.733119 -0.185893 0.654202 0.975261 0.678442 0.132747 -0.722562 -0.000003 0.047476 0.973562 0.223437 -0.000000 0.000000 0.000000 0.000000 1.000000
0.568493 0.095578 0.817117 0.975261 0.812762 -0.219071 -0.539839 -0.000003 0.127410 0.971016 -0.202223 -0.000000 0.000000 0.000000 0.000000 1.000000
0.421459 0.358278 0.833072 0.975261 0.884339 -0.365780 -0.290086 -0.000003 0.200790 0.858977 -0.471001 0.000000 0.000000 0.000000 0.000000 1.000000
0.322635 0.522388 0.789315 0.975261 0.913926 -0.388894 -0.116191 -0.000003 0.246263 0.758863 -0.602895 0.000000 0.000000 0.000000 0.000000 1.000000
0.304985 0.550013 0.777477 0.975261 0.917988 -0.387117 -0.086245 -0.000003 0.253538 0.740018 -0.622970 0.000000 0.000000 0.000000 0.000000 1.000000
0.287415 0.577128 0.764405 0.975261 0.921477 -0.384330 -0.056304 -0.000003 0.261289 0.720565 -0.642273 0.000000 0.000000 0.000000 0.000000 1.000000
0.306850 0.569987 0.762206 0.975261 0.910572 -0.408848 -0.060838 -0.000003 0.276950 0.712712 -0.644469 0.000000 0.000000 0.000000 0.000000 1.000000
0.361054 0.544665 0.756954 0.975261 0.877296 -0.473624 -0.077659 -0.000003 0.316214 0.692113 -0.648837 0.000000 0.000000 0.000000 0.000000 1.000000
0.443482 0.492195 0.749045 0.975261 0.818522 -0.562901 -0.114736 -0.000003 0.365166 0.663993 -0.652509 0.000000 0.000000 0.000000 0.000000 1.000000
0.543945 0.404359 0.735267 0.975261 0.732112 -0.656871 -0.180367 -0.000003 0.410042 0.636408 -0.653338 0.000000 0.000000 0.000000 0.000000 1.000000
0.598197 0.343552 0.723970 0.975261 0.678722 -0.697512 -0.229812 -0.000003 0.426025 0.628847 -0.650426 0.000000 0.000000 0.000000 0.000000 1.000000
0.647757 0.279700 0.708645 0.975261 0.620830 -0.732920 -0.278206 -0.000003 0.441566 0.620159 -0.648401 0.000000 0.000000 0.000000 0.000000 1.000000
0.738864 0.127353 0.661711 0.975261 0.494186 -0.769983 -0.403616 -0.000003 0.458105 0.625225 -0.631849 0.000001 0.000000 0.000000 0.000000 1.000000
0.804953 -0.034270 0.592348 0.975261 0.367790 -0.754579 -0.543453 -0.000003 0.465597 0.655313 -0.594797 0.000001 0.000000 0.000000 0.000000 1.000000
0.841100 -0.184388 0.508479 0.975261 0.260787 -0.685356 -0.679910 -0.000003 0.473857 0.704477 -0.528367 0.000001 0.000000 0.000000 0.000000 1.000000
0.852893 -0.337128 0.398645 0.975261 0.172484 -0.538737 -0.824628 -0.000003 0.492771 0.772079 -0.401336 0.000001 0.000000 0.000000 0.000000 1.000000
0.851543 -0.392464 0.347630 0.975261 0.146126 -0.459117 -0.876275 -0.000003 0.503510 0.796984 -0.333608 0.000001 0.000000 0.000000 0.000000 1.000000
0.848050 -0.442632 0.291356 0.975261 0.120670 -0.374064 -0.919519 -0.000003 0.515995 0.814955 -0.263813 0.000001 0.000000 0.000000 0.000000 1.000000
0.842469 -0.486854 0.230695 0.975261 0.096509 -0.284900 -0.953687 -0.000003 0.530031 0.825715 -0.193033 0.000001 0.000000 0.000000 0.000000 1.000000
0.809201 -0.587455 0.009549 0.975261 0.044784 0.045467 -0.997962 -0.000003 0.585823 0.807979 0.063100 0.000001 0.000000 0.000000 0.000000 1.000000
0.757720 -0.609625 -0.232849 0.975261 0.024804 0.383459 -0.923225 -0.000003 0.652109 0.693770 0.305676 0.000001 0.000000 0.000000 0.000000 1.000000
0.696950 -0.556312 -0.452524 0.975261 0.034823 0.656539 -0.753488 -0.000003 0.716274 0.509385 0.476947 0.000001 0.000000 0.000000 0.000000 1.000000
0.638463 -0.461591 -0.615873 0.975261 0.063349 0.828997 -0.555653 -0.000003 0.767041 0.315749 0.558526 0.000001 0.000000 0.000000 0.000000 1.000000
0.616477 -0.420243 -0.665846 0.975261 0.076988 0.873776 -0.480196 -0.000003 0.783600 0.244768 0.571017 0.000001 0.000000 0.000000 0.000000 1.000000
0.594846 -0.374025 -0.711522 0.975261 0.092963 0.911224 -0.401284 -0.000004 0.798446 0.172556 0.576808 0.000001 0.000000 0.000000 0.000000 1.000000
0.578028 -0.337625 -0.742895 0.975261 0.106033 0.933749 -0.341861 -0.000004 0.809099 0.118834 0.575533 0.000001 0.000000 0.000000 0.000000 1.000000
0.578028 -0.337625 -0.742895 0.975261 0.106033 0.933749 -0.341861 -0.000004 0.809099 0.118834 0.575533 0.000001 0.000000 0.000000 0.000000 1.000000
0.578028 -0.337625 -0.742895 0.975261 0.106033 0.933749 -0.341861 -0.000004 0.809099 0.118834 0.575533 0.000001 0.000000 0.000000 0.000000 1.000000
0.578028 -0.337625 -0.742895 0.975261 0.106033 0.933749 -0.341861 -0.000004 0.809099 0.118834 0.575532 0.000001 0.000000 0.000000 0.000000 1.000000
0.578028 -0.337624 -0.742895 0.975261 0.106033 0.933750 -0.341861 -0.000004 0.809099 0.118834 0.575532 0.000001 0.000000 0.000000 0.000000 1.000000
0.578028 -0.337624 -0.742896 0.975261 0.106033 0.933750 -0.341861 -0.000004 0.809099 0.118834 0.575532 0.000001 0.000000 0.000000 0.000000 1.000000
0.578028 -0.337624 -0.742896 0.975261 0.106033 0.933750 -0.341861 -0.000004 0.809099 0.118834 0.575532 0.000001 0.000000 0.000000 0.000000 1.000000
0.578028 -0.337624 -0.742896 0.975261 0.106032 0.933750 -0.341860 -0.000004 0.809099 0.118834 0.575532 0.000001 0.000000 0.000000 0.000000 1.000000
0.578028 -0.337624 -0.742896 0.975261 0.106032 0.933750 -0.341860 -0.000004 0.809099 0.118834 0.575532 0.000002 0.000000 0.000000 0.000000 1.000000
0.578028 -0.337624 -0.742896 0.975261 0.106032 0.933750 -0.341860 -0.000004 0.809099 0.118834 0.575532 0.000002 0.000000 0.000000 0.000000 1.000000
0.578028 -0.337623 -0.742896 0.975261 0.106032 0.933750 -0.341860 -0.000004 0.809099 0.118834 0.575532 0.000002 0.000000 0.000000 0.000000 1.000000
0.578028 -0.337623 -0.742896 0.975261 0.106032 0.933750 -0.341860 -0.000004 0.809099 0.118834 0.575532 0.000002 0.000000 0.000000 0.000000 1.000000
0.578028 -0.337623 -0.742896 0.975261 0.106032 0.933750 -0.341860 -0.000004 0.809099 0.118834 0.575532 0.000002 0.000000 0.000000 0.000000 1.000000
0.578028 -0.337623 -0.742896 0.975261 0.106032 0.933750 -0.341860 -0.000004 0.809099 0.118834 0.575532 0.000002 0.000000 0.000000 0.000000 1.000000
0.578028 -0.337623 -0.742896 0.975261 0.106031 0.933750 -0.341860 -0.000004 0.809099 0.118834 0.575532 0.000002 0.000000 0.000000 0.000000 1.000000</float_array><technique_common><accessor source="#jnt_right_hand-Matrix-animation-output-transform-array" count="51" stride="16"><param type="float4x4"/></accessor></technique_common></source><source id="jnt_right_hand-Interpolations"><Name_array id="jnt_right_hand-Interpolations-array" count="51">
 LINEAR LINEAR LINEAR LINEAR LINEAR LINEAR LINEAR LINEAR LINEAR LINEAR LINEAR
LINEAR LINEAR LINEAR LINEAR LINEAR LINEAR LINEAR LINEAR LINEAR LINEAR LINEAR LINEAR
LINEAR LINEAR LINEAR LINEAR LINEAR LINEAR LINEAR LINEAR LINEAR LINEAR LINEAR LINEAR
LINEAR LINEAR LINEAR LINEAR LINEAR LINEAR LINEAR LINEAR LINEAR LINEAR LINEAR LINEAR
LINEAR LINEAR LINEAR LINEAR</Name_array><technique_common><accessor source="#jnt_right_hand-Interpolations-array" count="51"><param type="name"/></accessor></technique_common></source><sampler id="jnt_right_hand-Matrix-animation-transform"><input semantic="INPUT" source="#jnt_right_hand-Matrix-animation-input"/><input semantic="OUTPUT" source="#jnt_right_hand-Matrix-animation-output-transform"/><input semantic="INTERPOLATION" source="#jnt_right_hand-Interpolations"/></sampler><channel source="#jnt_right_hand-Matrix-animation-transform" target="jnt_right_hand/matrix"/></animation></animation>
    <animation id="jnt_right_handthumb1-anim" name="jnt_right_handthumb1"><animation><source id="jnt_right_handthumb1-Matrix-animation-input"><float_array id="jnt_right_handthumb1-Matrix-animation-input-array" count="51">

0.000000 0.033333 0.066667 0.100000 0.133333 0.166667 0.200000 0.233333 0.266667 0.300000 0.333333 0.366667 0.400000 0.433333 0.466667 0.500000
0.533333 0.566667 0.600000 0.633333 0.666667 0.700000 0.733333 0.766667 0.800000 0.833333 0.866667 0.900000 0.933333 0.966667 1.000000 1.033333
1.066667 1.100000 1.133333 1.166667 1.200000 1.233333 1.266667 1.300000 1.333333 1.366667 1.400000 1.433333 1.466667 1.500000 1.533333 1.566667
1.600000 1.633333 1.666667</float_array><technique_common><accessor source="#jnt_right_handthumb1-Matrix-animation-input-array" count="51"><param name="TIME" type="float"/></accessor></technique_common></source><source id="jnt_right_handthumb1-Matrix-animation-output-transform"><float_array id="jnt_right_handthumb1-Matrix-animation-output-transform-array" count="816">

0.842752 -0.349286 0.409596 0.060228 -0.074432 0.677983 0.731300 0.203939 -0.533131 -0.646791 0.545374 -0.155682 0.000000 0.000000 0.000000 1.000000
0.842752 -0.349252 0.409624 0.060228 -0.074432 0.678043 0.731244 0.203939 -0.533131 -0.646746 0.545427 -0.155682 0.000000 0.000000 0.000000 1.000000
0.842752 -0.349218 0.409653 0.060228 -0.074432 0.678103 0.731188 0.203939 -0.533131 -0.646701 0.545480 -0.155682 0.000000 0.000000 0.000000 1.000000
0.842752 -0.349184 0.409682 0.060228 -0.074432 0.678164 0.731132 0.203939 -0.533131 -0.646656 0.545533 -0.155682 0.000000 0.000000 0.000000 1.000000
0.842752 -0.349151 0.409711 0.060228 -0.074432 0.678224 0.731076 0.203939 -0.533131 -0.646612 0.545587 -0.155682 0.000000 0.000000 0.000000 1.000000
0.842752 -0.349117 0.409739 0.060228 -0.074432 0.678284 0.731021 0.203939 -0.533131 -0.646567 0.545640 -0.155682 0.000000 0.000000 0.000000 1.000000
0.842752 -0.349083 0.409768 0.060228 -0.074432 0.678344 0.730965 0.203939 -0.533131 -0.646522 0.545693 -0.155682 0.000000 0.000000 0.000000 1.000000
0.842752 -0.349050 0.409797 0.060227 -0.074432 0.678404 0.730909 0.203939 -0.533131 -0.646477 0.545746 -0.155682 0.000000 0.000000 0.000000 1.000000
0.842752 -0.349016 0.409826 0.060227 -0.074432 0.678464 0.730853 0.203939 -0.533131 -0.646432 0.545799 -0.155682 0.000000 0.000000 0.000000 1.000000
0.842752 -0.348982 0.409854 0.060227 -0.074432 0.678525 0.730797 0.203939 -0.533131 -0.646387 0.545853 -0.155682 0.000000 0.000000 0.000000 1.000000
0.842752 -0.348948 0.409883 0.060227 -0.074432 0.678585 0.730741 0.203939 -0.533131 -0.646342 0.545906 -0.155682 0.000000 0.000000 0.000000 1.000000
0.842752 -0.348915 0.409912 0.060227 -0.074432 0.678645 0.730685 0.203939 -0.533131 -0.646297 0.545959 -0.155682 0.000000 0.000000 0.000000 1.000000
0.842752 -0.348881 0.409941 0.060227 -0.074432 0.678705 0.730630 0.203939 -0.533131 -0.646252 0.546012 -0.155682 0.000000 0.000000 0.000000 1.000000
0.842752 -0.348847 0.409969 0.060227 -0.074432 0.678765 0.730574 0.203939 -0.533131 -0.646207 0.546065 -0.155682 0.000000 0.000000 0.000000 1.000000
0.842752 -0.348813 0.409998 0.060227 -0.074432 0.678825 0.730518 0.203939 -0.533131 -0.646162 0.546119 -0.155682 0.000000 0.000000 0.000000 1.000000
0.842752 -0.348780 0.410027 0.060227 -0.074432 0.678885 0.730462 0.203939 -0.533131 -0.646117 0.546172 -0.155682 0.000000 0.000000 0.000000 1.000000
0.842752 -0.348746 0.410056 0.060227 -0.074432 0.678946 0.730406 0.203939 -0.533131 -0.646072 0.546225 -0.155682 0.000000 0.000000 0.000000 1.000000
0.842752 -0.348712 0.410084 0.060227 -0.074432 0.679006 0.730350 0.203939 -0.533131 -0.646027 0.546278 -0.155682 0.000000 0.000000 0.000000 1.000000
0.842752 -0.348678 0.410113 0.060227 -0.074432 0.679066 0.730294 0.203939 -0.533131 -0.645982 0.546331 -0.155682 0.000000 0.000000 0.000000 1.000000
0.842752 -0.348645 0.410142 0.060227 -0.074432 0.679126 0.730238 0.203939 -0.533131 -0.645937 0.546384 -0.155682 0.000000 0.000000 0.000000 1.000000
0.842492 -0.352745 0.407159 0.060227 -0.070176 0.677501 0.732166 0.203939 -0.534118 -0.645417 0.546035 -0.155682 0.000000 0.000000 0.000000 1.000000
0.842104 -0.357551 0.403756 0.060227 -0.064251 0.676802 0.733356 0.203939 -0.535475 -0.643503 0.546964 -0.155682 0.000000 0.000000 0.000000 1.000000
0.841679 -0.362350 0.400347 0.060227 -0.058324 0.676071 0.734525 0.203939 -0.536819 -0.641584 0.547901 -0.155682 0.000000 0.000000 0.000000 1.000000
0.840186 -0.376922 0.389894 0.060227 -0.040249 0.673641 0.737962 0.203939 -0.540803 -0.635718 0.550813 -0.155682 0.000000 0.000000 0.000000 1.000000
0.837852 -0.395261 0.376527 0.060227 -0.017332 0.670131 0.742040 0.203939 -0.545622 -0.628246 0.554620 -0.155682 0.000000 0.000000 0.000000 1.000000
0.834558 -0.416172 0.360990 0.060227 0.009035 0.665500 0.746343 0.203939 -0.550846 -0.619605 0.559159 -0.155682 0.000000 0.000000 0.000000 1.000000
0.830277 -0.438478 0.344060 0.060227 0.037446 0.659803 0.750505 0.203939 -0.556092 -0.610243 0.564238 -0.155682 0.000000 0.000000 0.000000 1.000000
0.828650 -0.446026 0.338231 0.060227 0.047138 0.657690 0.751812 0.203939 -0.557779 -0.607045 0.566020 -0.155682 0.000000 0.000000 0.000000 1.000000
0.826928 -0.453546 0.332394 0.060227 0.056820 0.655496 0.753058 0.203939 -0.559429 -0.603839 0.567818 -0.155682 0.000000 0.000000 0.000000 1.000000
0.825112 -0.461038 0.326549 0.060227 0.066491 0.653220 0.754243 0.203939 -0.561043 -0.600623 0.569634 -0.155682 0.000000 0.000000 0.000000 1.000000
0.819313 -0.482762 0.309301 0.060227 0.094767 0.646072 0.757371 0.203939 -0.565461 -0.591212 0.575085 -0.155682 0.000000 0.000000 0.000000 1.000000
0.813272 -0.502621 0.293189 0.060227 0.120891 0.638817 0.759801 0.203939 -0.569186 -0.582482 0.580295 -0.155682 0.000000 0.000000 0.000000 1.000000
0.807508 -0.519646 0.279103 0.060227 0.143506 0.632029 0.761542 0.203939 -0.572133 -0.574898 0.584941 -0.155682 0.000000 0.000000 0.000000 1.000000
0.802625 -0.532918 0.267940 0.060227 0.161281 0.626359 0.762668 0.203939 -0.574266 -0.568922 0.588681 -0.155682 0.000000 0.000000 0.000000 1.000000
0.800965 -0.537234 0.264263 0.060227 0.167100 0.624440 0.762989 0.203939 -0.574920 -0.566969 0.589926 -0.155682 0.000000 0.000000 0.000000 1.000000
0.799261 -0.541546 0.260595 0.060227 0.172908 0.622491 0.763288 0.203939 -0.575574 -0.565007 0.591170 -0.155682 0.000000 0.000000 0.000000 1.000000
0.798311 -0.544346 0.257655 0.060227 0.177142 0.621136 0.763421 0.203939 -0.575604 -0.563806 0.592286 -0.155682 0.000000 0.000000 0.000000 1.000000
0.798291 -0.544367 0.257676 0.060227 0.177137 0.621132 0.763425 0.203939 -0.575634 -0.563791 0.592271 -0.155682 0.000000 0.000000 0.000000 1.000000
0.798270 -0.544387 0.257697 0.060227 0.177133 0.621127 0.763430 0.203939 -0.575664 -0.563777 0.592256 -0.155682 0.000000 0.000000 0.000000 1.000000
0.798249 -0.544407 0.257719 0.060227 0.177128 0.621123 0.763435 0.203939 -0.575694 -0.563762 0.592240 -0.155682 0.000000 0.000000 0.000000 1.000000
0.798229 -0.544428 0.257740 0.060227 0.177124 0.621118 0.763439 0.203939 -0.575724 -0.563747 0.592225 -0.155682 0.000000 0.000000 0.000000 1.000000
0.798208 -0.544448 0.257761 0.060227 0.177119 0.621114 0.763444 0.203939 -0.575754 -0.563733 0.592210 -0.155682 0.000000 0.000000 0.000000 1.000000
0.798187 -0.544468 0.257782 0.060227 0.177114 0.621109 0.763449 0.203939 -0.575784 -0.563718 0.592194 -0.155682 0.000000 0.000000 0.000000 1.000000
0.798166 -0.544488 0.257804 0.060227 0.177110 0.621105 0.763453 0.203939 -0.575815 -0.563703 0.592179 -0.155682 0.000000 0.000000 0.000000 1.000000
0.798146 -0.544509 0.257825 0.060227 0.177105 0.621100 0.763458 0.203939 -0.575845 -0.563689 0.592164 -0.155682 0.000000 0.000000 0.000000 1.000000
0.798125 -0.544529 0.257846 0.060227 0.177101 0.621096 0.763463 0.203939 -0.575875 -0.563674 0.592148 -0.155682 0.000000 0.000000 0.000000 1.000000
0.798104 -0.544549 0.257868 0.060227 0.177096 0.621091 0.763467 0.203939 -0.575905 -0.563659 0.592133 -0.155682 0.000000 0.000000 0.000000 1.000000
0.798084 -0.544569 0.257889 0.060227 0.177091 0.621087 0.763472 0.203939 -0.575935 -0.563645 0.592118 -0.155682 0.000000 0.000000 0.000000 1.000000
0.798063 -0.544590 0.257910 0.060227 0.177087 0.621082 0.763477 0.203939 -0.575965 -0.563630 0.592102 -0.155682 0.000000 0.000000 0.000000 1.000000
0.798042 -0.544610 0.257932 0.060227 0.177082 0.621078 0.763482 0.203939 -0.575995 -0.563615 0.592087 -0.155682 0.000000 0.000000 0.000000 1.000000
0.798021 -0.544630 0.257953 0.060227 0.177078 0.621073 0.763486 0.203939 -0.576025 -0.563601 0.592072 -0.155682 0.000000 0.000000 0.000000 1.000000</float_array><technique_common><accessor source="#jnt_right_handthumb1-Matrix-animation-output-transform-array" count="51" stride="16"><param type="float4x4"/></accessor></technique_common></source><source id="jnt_right_handthumb1-Interpolations"><Name_array id="jnt_right_handthumb1-Interpolations-array" count="51">
 LINEAR LINEAR LINEAR LINEAR LINEAR LINEAR LINEAR LINEAR LINEAR LINEAR LINEAR
LINEAR LINEAR LINEAR LINEAR LINEAR LINEAR LINEAR LINEAR LINEAR LINEAR LINEAR LINEAR
LINEAR LINEAR LINEAR LINEAR LINEAR LINEAR LINEAR LINEAR LINEAR LINEAR LINEAR LINEAR
LINEAR LINEAR LINEAR LINEAR LINEAR LINEAR LINEAR LINEAR LINEAR LINEAR LINEAR LINEAR
LINEAR LINEAR LINEAR LINEAR</Name_array><technique_common><accessor source="#jnt_right_handthumb1-Interpolations-array" count="51"><param type="name"/></accessor></technique_common></source><sampler id="jnt_right_handthumb1-Matrix-animation-transform"><input semantic="INPUT" source="#jnt_right_handthumb1-Matrix-animation-input"/><input semantic="OUTPUT" source="#jnt_right_handthumb1-Matrix-animation-output-transform"/><input semantic="INTERPOLATION" source="#jnt_right_handthumb1-Interpolations"/></sampler><channel source="#jnt_right_handthumb1-Matrix-animation-transform" target="jnt_right_handthumb1/matrix"/></animation></animation>
    <animation id="jnt_right_handthumb2-anim" name="jnt_right_handthumb2"><animation><source id="jnt_right_handthumb2-Matrix-animation-input"><float_array id="jnt_right_handthumb2-Matrix-animation-input-array" count="51">

0.000000 0.033333 0.066667 0.100000 0.133333 0.166667 0.200000 0.233333 0.266667 0.300000 0.333333 0.366667 0.400000 0.433333 0.466667 0.500000
0.533333 0.566667 0.600000 0.633333 0.666667 0.700000 0.733333 0.766667 0.800000 0.833333 0.866667 0.900000 0.933333 0.966667 1.000000 1.033333
1.066667 1.100000 1.133333 1.166667 1.200000 1.233333 1.266667 1.300000 1.333333 1.366667 1.400000 1.433333 1.466667 1.500000 1.533333 1.566667
1.600000 1.633333 1.666667</float_array><technique_common><accessor source="#jnt_right_handthumb2-Matrix-animation-input-array" count="51"><param name="TIME" type="float"/></accessor></technique_common></source><source id="jnt_right_handthumb2-Matrix-animation-output-transform"><float_array id="jnt_right_handthumb2-Matrix-animation-output-transform-array" count="816">

0.887959 0.436906 0.143669 0.213224 -0.433528 0.899416 -0.055720 -0.000000 -0.153563 -0.012807 0.988056 0.000000 0.000000 0.000000 0.000000 1.000000
0.887959 0.436906 0.143669 0.213224 -0.433528 0.899416 -0.055720 -0.000000 -0.153563 -0.012807 0.988056 0.000000 0.000000 0.000000 0.000000 1.000000
0.887959 0.436906 0.143669 0.213224 -0.433528 0.899416 -0.055721 -0.000000 -0.153563 -0.012807 0.988056 0.000000 0.000000 0.000000 0.000000 1.000000
0.887959 0.436906 0.143669 0.213224 -0.433528 0.899416 -0.055721 -0.000000 -0.153563 -0.012807 0.988056 0.000000 0.000000 0.000000 0.000000 1.000000
0.887959 0.436906 0.143670 0.213224 -0.433528 0.899416 -0.055721 -0.000000 -0.153563 -0.012807 0.988056 0.000000 0.000000 0.000000 0.000000 1.000000
0.887959 0.436906 0.143670 0.213224 -0.433528 0.899416 -0.055721 -0.000000 -0.153563 -0.012807 0.988056 0.000000 0.000000 0.000000 0.000000 1.000000
0.887959 0.436907 0.143670 0.213224 -0.433528 0.899416 -0.055721 -0.000000 -0.153563 -0.012807 0.988056 0.000000 0.000000 0.000000 0.000000 1.000000
0.887959 0.436907 0.143670 0.213224 -0.433528 0.899416 -0.055721 -0.000000 -0.153563 -0.012807 0.988056 0.000000 0.000000 0.000000 0.000000 1.000000
0.887959 0.436907 0.143670 0.213224 -0.433528 0.899416 -0.055721 -0.000000 -0.153563 -0.012807 0.988056 0.000000 0.000000 0.000000 0.000000 1.000000
0.887959 0.436907 0.143670 0.213224 -0.433528 0.899416 -0.055721 -0.000000 -0.153563 -0.012807 0.988056 0.000000 0.000000 0.000000 0.000000 1.000000
0.887959 0.436907 0.143670 0.213224 -0.433528 0.899415 -0.055721 -0.000000 -0.153563 -0.012807 0.988056 0.000000 0.000000 0.000000 0.000000 1.000000
0.887959 0.436907 0.143670 0.213224 -0.433528 0.899415 -0.055721 -0.000000 -0.153564 -0.012807 0.988056 0.000000 0.000000 0.000000 0.000000 1.000000
0.887959 0.436907 0.143670 0.213224 -0.433528 0.899415 -0.055721 -0.000000 -0.153564 -0.012807 0.988056 0.000000 0.000000 0.000000 0.000000 1.000000
0.887959 0.436907 0.143670 0.213224 -0.433528 0.899415 -0.055721 -0.000000 -0.153564 -0.012807 0.988056 0.000000 0.000000 0.000000 0.000000 1.000000
0.887959 0.436907 0.143670 0.213224 -0.433528 0.899415 -0.055721 -0.000000 -0.153564 -0.012807 0.988056 0.000000 0.000000 0.000000 0.000000 1.000000
0.887959 0.436907 0.143670 0.213224 -0.433529 0.899415 -0.055721 -0.000000 -0.153564 -0.012807 0.988056 0.000000 0.000000 0.000000 0.000000 1.000000
0.887959 0.436907 0.143670 0.213224 -0.433529 0.899415 -0.055721 -0.000000 -0.153564 -0.012807 0.988056 0.000000 0.000000 0.000000 0.000000 1.000000
0.887959 0.436907 0.143670 0.213224 -0.433529 0.899415 -0.055721 -0.000000 -0.153564 -0.012807 0.988056 0.000000 0.000000 0.000000 0.000000 1.000000
0.887959 0.436907 0.143670 0.213224 -0.433529 0.899415 -0.055721 -0.000000 -0.153564 -0.012807 0.988056 0.000000 0.000000 0.000000 0.000000 1.000000
0.887959 0.436907 0.143670 0.213224 -0.433529 0.899415 -0.055721 -0.000000 -0.153564 -0.012807 0.988056 0.000000 0.000000 0.000000 0.000000 1.000000
0.891315 0.431139 0.140273 0.213224 -0.427990 0.902200 -0.053468 -0.000000 -0.149607 -0.012378 0.988668 0.000000 0.000000 0.000000 0.000000 1.000000
0.895901 0.423079 0.135521 0.213224 -0.420241 0.906015 -0.050340 -0.000000 -0.144082 -0.011852 0.989495 0.000000 0.000000 0.000000 0.000000 1.000000
0.900388 0.414982 0.130737 0.213224 -0.412440 0.909758 -0.047253 -0.000000 -0.138548 -0.011375 0.990290 0.000000 0.000000 0.000000 0.000000 1.000000
0.913442 0.390095 0.115973 0.213224 -0.388385 0.920716 -0.037940 -0.000000 -0.121578 -0.010386 0.992528 0.000000 0.000000 0.000000 0.000000 1.000000
0.928626 0.358147 0.096873 0.213224 -0.357312 0.933611 -0.026428 -0.000000 -0.099907 -0.010073 0.994946 0.000000 0.000000 0.000000 0.000000 1.000000
0.944187 0.320905 0.074374 0.213224 -0.320806 0.947047 -0.013603 -0.000000 -0.074801 -0.011016 0.997138 0.000000 0.000000 0.000000 0.000000 1.000000
0.958640 0.280284 0.049505 0.213224 -0.280613 0.959821 -0.000307 -0.000000 -0.047602 -0.013597 0.998774 0.000000 0.000000 0.000000 0.000000 1.000000
0.963012 0.266341 0.040875 0.213224 -0.266725 0.963763 0.004155 -0.000000 -0.038287 -0.014903 0.999156 0.000000 0.000000 0.000000 0.000000 1.000000
0.967100 0.252353 0.032176 0.213224 -0.252739 0.967497 0.008491 -0.000000 -0.028988 -0.016344 0.999446 0.000000 0.000000 0.000000 0.000000 1.000000
0.970903 0.238326 0.023414 0.213224 -0.238661 0.971020 0.012701 -0.000000 -0.019708 -0.017919 0.999645 0.000000 0.000000 0.000000 0.000000 1.000000
0.980367 0.197162 -0.002633 0.213223 -0.197038 0.980083 0.024770 -0.000000 0.007464 -0.023765 0.999690 0.000000 0.000000 0.000000 0.000000 1.000000
0.986912 0.158940 -0.027259 0.213223 -0.157947 0.986813 0.035377 -0.000000 0.032522 -0.030608 0.999002 0.000000 0.000000 0.000000 0.000000 1.000000
0.990848 0.125769 -0.049011 0.213223 -0.123650 0.991345 0.044116 -0.000000 0.054135 -0.037652 0.997823 0.000000 0.000000 0.000000 0.000000 1.000000
0.992803 0.099676 -0.066389 0.213223 -0.096412 0.994050 0.050686 -0.000000 0.071046 -0.043920 0.996506 0.000000 0.000000 0.000000 0.000000 1.000000
0.993222 0.091142 -0.072132 0.213223 -0.087451 0.994769 0.052787 -0.000000 0.076565 -0.046122 0.995997 0.000000 0.000000 0.000000 0.000000 1.000000
0.993533 0.082614 -0.077889 0.213223 -0.078471 0.995407 0.054837 -0.000000 0.082062 -0.048370 0.995453 0.000000 0.000000 0.000000 0.000000 1.000000
0.993689 0.076498 -0.082039 0.213223 -0.072014 0.995813 0.056297 -0.000000 0.086002 -0.050033 0.995038 0.000000 0.000000 0.000000 0.000000 1.000000
0.993689 0.076498 -0.082039 0.213223 -0.072014 0.995813 0.056297 -0.000000 0.086002 -0.050033 0.995038 0.000000 0.000000 0.000000 0.000000 1.000000
0.993689 0.076498 -0.082039 0.213223 -0.072014 0.995813 0.056297 -0.000000 0.086002 -0.050033 0.995038 0.000000 0.000000 0.000000 0.000000 1.000000
0.993689 0.076498 -0.082039 0.213223 -0.072014 0.995813 0.056297 -0.000000 0.086002 -0.050033 0.995038 0.000000 0.000000 0.000000 0.000000 1.000000
0.993689 0.076498 -0.082039 0.213223 -0.072014 0.995813 0.056297 -0.000000 0.086002 -0.050033 0.995038 0.000000 0.000000 0.000000 0.000000 1.000000
0.993689 0.076498 -0.082039 0.213223 -0.072014 0.995813 0.056297 -0.000000 0.086002 -0.050033 0.995038 0.000000 0.000000 0.000000 0.000000 1.000000
0.993689 0.076498 -0.082039 0.213223 -0.072014 0.995813 0.056297 -0.000000 0.086002 -0.050033 0.995038 0.000000 0.000000 0.000000 0.000000 1.000000
0.993689 0.076498 -0.082039 0.213223 -0.072014 0.995813 0.056297 -0.000000 0.086002 -0.050033 0.995038 0.000000 0.000000 0.000000 0.000000 1.000000
0.993689 0.076498 -0.082039 0.213223 -0.072014 0.995813 0.056297 -0.000000 0.086002 -0.050033 0.995038 0.000000 0.000000 0.000000 0.000000 1.000000
0.993689 0.076498 -0.082039 0.213223 -0.072014 0.995813 0.056297 -0.000000 0.086002 -0.050033 0.995038 0.000000 0.000000 0.000000 0.000000 1.000000
0.993689 0.076498 -0.082039 0.213223 -0.072014 0.995813 0.056297 -0.000000 0.086002 -0.050033 0.995038 0.000000 0.000000 0.000000 0.000000 1.000000
0.993689 0.076498 -0.082039 0.213223 -0.072014 0.995813 0.056297 -0.000000 0.086002 -0.050033 0.995038 0.000000 0.000000 0.000000 0.000000 1.000000
0.993689 0.076498 -0.082039 0.213223 -0.072014 0.995813 0.056297 -0.000000 0.086002 -0.050033 0.995038 0.000000 0.000000 0.000000 0.000000 1.000000
0.993689 0.076498 -0.082039 0.213223 -0.072014 0.995813 0.056297 -0.000000 0.086002 -0.050033 0.995038 0.000000 0.000000 0.000000 0.000000 1.000000
0.993689 0.076498 -0.082039 0.213223 -0.072014 0.995813 0.056297 -0.000000 0.086002 -0.050033 0.995038 0.000000 0.000000 0.000000 0.000000 1.000000</float_array><technique_common><accessor source="#jnt_right_handthumb2-Matrix-animation-output-transform-array" count="51" stride="16"><param type="float4x4"/></accessor></technique_common></source><source id="jnt_right_handthumb2-Interpolations"><Name_array id="jnt_right_handthumb2-Interpolations-array" count="51">
 LINEAR LINEAR LINEAR LINEAR LINEAR LINEAR LINEAR LINEAR LINEAR LINEAR LINEAR
LINEAR LINEAR LINEAR LINEAR LINEAR LINEAR LINEAR LINEAR LINEAR LINEAR LINEAR LINEAR
LINEAR LINEAR LINEAR LINEAR LINEAR LINEAR LINEAR LINEAR LINEAR LINEAR LINEAR LINEAR
LINEAR LINEAR LINEAR LINEAR LINEAR LINEAR LINEAR LINEAR LINEAR LINEAR LINEAR LINEAR
LINEAR LINEAR LINEAR LINEAR</Name_array><technique_common><accessor source="#jnt_right_handthumb2-Interpolations-array" count="51"><param type="name"/></accessor></technique_common></source><sampler id="jnt_right_handthumb2-Matrix-animation-transform"><input semantic="INPUT" source="#jnt_right_handthumb2-Matrix-animation-input"/><input semantic="OUTPUT" source="#jnt_right_handthumb2-Matrix-animation-output-transform"/><input semantic="INTERPOLATION" source="#jnt_right_handthumb2-Interpolations"/></sampler><channel source="#jnt_right_handthumb2-Matrix-animation-transform" target="jnt_right_handthumb2/matrix"/></animation></animation>
    <animation id="jnt_right_handthumb3-anim" name="jnt_right_handthumb3"><animation><source id="jnt_right_handthumb3-Matrix-animation-input"><float_array id="jnt_right_handthumb3-Matrix-animation-input-array" count="51">

0.000000 0.033333 0.066667 0.100000 0.133333 0.166667 0.200000 0.233333 0.266667 0.300000 0.333333 0.366667 0.400000 0.433333 0.466667 0.500000
0.533333 0.566667 0.600000 0.633333 0.666667 0.700000 0.733333 0.766667 0.800000 0.833333 0.866667 0.900000 0.933333 0.966667 1.000000 1.033333
1.066667 1.100000 1.133333 1.166667 1.200000 1.233333 1.266667 1.300000 1.333333 1.366667 1.400000 1.433333 1.466667 1.500000 1.533333 1.566667
1.600000 1.633333 1.666667</float_array><technique_common><accessor source="#jnt_right_handthumb3-Matrix-animation-input-array" count="51"><param name="TIME" type="float"/></accessor></technique_common></source><source id="jnt_right_handthumb3-Matrix-animation-output-transform"><float_array id="jnt_right_handthumb3-Matrix-animation-output-transform-array" count="816">

0.930714 0.250989 -0.266038 0.141882 -0.269577 0.962335 -0.035197 -0.000000 0.247183 0.104476 0.963320 0.000023 0.000000 0.000000 0.000000 1.000000
0.930714 0.250989 -0.266038 0.141882 -0.269577 0.962335 -0.035197 -0.000000 0.247183 0.104476 0.963320 0.000023 0.000000 0.000000 0.000000 1.000000
0.930714 0.250989 -0.266038 0.141882 -0.269577 0.962335 -0.035197 -0.000000 0.247183 0.104476 0.963320 0.000023 0.000000 0.000000 0.000000 1.000000
0.930714 0.250989 -0.266038 0.141882 -0.269577 0.962335 -0.035197 -0.000000 0.247183 0.104476 0.963320 0.000023 0.000000 0.000000 0.000000 1.000000
0.930714 0.250989 -0.266038 0.141882 -0.269577 0.962335 -0.035197 -0.000000 0.247183 0.104476 0.963320 0.000023 0.000000 0.000000 0.000000 1.000000
0.930714 0.250989 -0.266037 0.141882 -0.269577 0.962335 -0.035197 -0.000000 0.247183 0.104476 0.963320 0.000023 0.000000 0.000000 0.000000 1.000000
0.930714 0.250989 -0.266037 0.141882 -0.269577 0.962335 -0.035197 -0.000000 0.247183 0.104476 0.963320 0.000023 0.000000 0.000000 0.000000 1.000000
0.930714 0.250989 -0.266037 0.141882 -0.269577 0.962335 -0.035197 -0.000000 0.247183 0.104476 0.963320 0.000023 0.000000 0.000000 0.000000 1.000000
0.930714 0.250989 -0.266037 0.141882 -0.269577 0.962335 -0.035197 -0.000000 0.247183 0.104476 0.963320 0.000023 0.000000 0.000000 0.000000 1.000000
0.930714 0.250989 -0.266037 0.141882 -0.269577 0.962335 -0.035197 -0.000000 0.247183 0.104476 0.963320 0.000023 0.000000 0.000000 0.000000 1.000000
0.930714 0.250989 -0.266037 0.141882 -0.269577 0.962335 -0.035197 -0.000000 0.247183 0.104476 0.963320 0.000023 0.000000 0.000000 0.000000 1.000000
0.930714 0.250989 -0.266037 0.141882 -0.269577 0.962335 -0.035197 -0.000000 0.247183 0.104476 0.963320 0.000023 0.000000 0.000000 0.000000 1.000000
0.930714 0.250989 -0.266037 0.141882 -0.269577 0.962335 -0.035197 -0.000000 0.247183 0.104476 0.963320 0.000023 0.000000 0.000000 0.000000 1.000000
0.930714 0.250989 -0.266037 0.141882 -0.269577 0.962335 -0.035197 -0.000000 0.247183 0.104476 0.963320 0.000023 0.000000 0.000000 0.000000 1.000000
0.930714 0.250989 -0.266037 0.141882 -0.269577 0.962335 -0.035197 -0.000000 0.247183 0.104476 0.963320 0.000023 0.000000 0.000000 0.000000 1.000000
0.930714 0.250989 -0.266037 0.141882 -0.269577 0.962335 -0.035197 -0.000000 0.247183 0.104476 0.963320 0.000023 0.000000 0.000000 0.000000 1.000000
0.930714 0.250989 -0.266037 0.141882 -0.269577 0.962335 -0.035197 -0.000000 0.247183 0.104476 0.963320 0.000023 0.000000 0.000000 0.000000 1.000000
0.930714 0.250989 -0.266037 0.141882 -0.269577 0.962335 -0.035197 -0.000000 0.247183 0.104476 0.963320 0.000023 0.000000 0.000000 0.000000 1.000000
0.930714 0.250989 -0.266037 0.141882 -0.269577 0.962335 -0.035197 -0.000000 0.247183 0.104476 0.963320 0.000023 0.000000 0.000000 0.000000 1.000000
0.930714 0.250989 -0.266037 0.141882 -0.269577 0.962335 -0.035197 -0.000000 0.247183 0.104476 0.963320 0.000023 0.000000 0.000000 0.000000 1.000000
0.932662 0.243372 -0.266291 0.141882 -0.261688 0.964516 -0.035039 -0.000000 0.248315 0.102365 0.963255 0.000023 0.000000 0.000000 0.000000 1.000000
0.935261 0.232756 -0.266668 0.141882 -0.250668 0.967450 -0.034727 -0.000000 0.249905 0.099324 0.963163 0.000023 0.000000 0.000000 0.000000 1.000000
0.937738 0.222111 -0.267047 0.141882 -0.239615 0.970258 -0.034420 -0.000000 0.251460 0.096265 0.963068 0.000023 0.000000 0.000000 0.000000 1.000000
0.944485 0.189565 -0.268354 0.141882 -0.205675 0.978065 -0.032978 -0.000000 0.256216 0.086341 0.962756 0.000023 0.000000 0.000000 0.000000 1.000000
0.951302 0.148152 -0.270325 0.141882 -0.162212 0.986290 -0.030303 -0.000000 0.262129 0.072677 0.962292 0.000023 0.000000 0.000000 0.000000 1.000000
0.956729 0.100411 -0.273107 0.141882 -0.111706 0.993399 -0.026086 -0.000000 0.268685 0.055465 0.961630 0.000023 0.000000 0.000000 0.000000 1.000000
0.959668 0.049011 -0.276830 0.141882 -0.056813 0.998180 -0.020227 -0.000000 0.275335 0.035138 0.960706 0.000023 0.000000 0.000000 0.000000 1.000000
0.959959 0.031569 -0.278355 0.141882 -0.038004 0.999120 -0.017750 -0.000000 0.277550 0.027618 0.960314 0.000023 0.000000 0.000000 0.000000 1.000000
0.959918 0.014126 -0.279923 0.141882 -0.019175 0.999699 -0.015304 -0.000000 0.279622 0.020058 0.959900 0.000023 0.000000 0.000000 0.000000 1.000000
0.959546 -0.003307 -0.281532 0.141882 -0.000336 0.999917 -0.012889 -0.000000 0.281551 0.012462 0.959465 0.000023 0.000000 0.000000 0.000000 1.000000
0.956389 -0.053826 -0.287093 0.141882 0.054843 0.998485 -0.004505 -0.000000 0.286901 -0.011437 0.957892 0.000023 0.000000 0.000000 0.000000 1.000000
0.950814 -0.099968 -0.293188 0.141882 0.105863 0.994372 0.004265 -0.000000 0.291111 -0.035093 0.956045 0.000023 0.000000 0.000000 0.000000 1.000000
0.943935 -0.139374 -0.299268 0.141882 0.149966 0.988611 0.012602 -0.000000 0.294103 -0.056776 0.954086 0.000023 0.000000 0.000000 0.000000 1.000000
0.937198 -0.169926 -0.304607 0.141882 0.184538 0.982630 0.019611 -0.000000 0.295983 -0.074591 0.952276 0.000023 0.000000 0.000000 0.000000 1.000000
0.934748 -0.179824 -0.306446 0.141882 0.195825 0.980391 0.022025 -0.000000 0.296476 -0.080597 0.951633 0.000023 0.000000 0.000000 0.000000 1.000000
0.932161 -0.189681 -0.308376 0.141882 0.207085 0.978019 0.024401 -0.000000 0.296969 -0.086606 0.950951 0.000023 0.000000 0.000000 0.000000 1.000000
0.930321 -0.196744 -0.309508 0.141882 0.215175 0.976223 0.026221 -0.000000 0.296990 -0.090992 0.950535 0.000023 0.000000 0.000000 0.000000 1.000000
0.930315 -0.196742 -0.309527 0.141882 0.215174 0.976224 0.026216 -0.000000 0.297010 -0.090991 0.950529 0.000023 0.000000 0.000000 0.000000 1.000000
0.930308 -0.196740 -0.309547 0.141882 0.215172 0.976224 0.026212 -0.000000 0.297030 -0.090991 0.950523 0.000023 0.000000 0.000000 0.000000 1.000000
0.930302 -0.196739 -0.309567 0.141882 0.215171 0.976225 0.026207 -0.000000 0.297051 -0.090990 0.950516 0.000023 0.000000 0.000000 0.000000 1.000000
0.930296 -0.196737 -0.309587 0.141882 0.215169 0.976225 0.026202 -0.000000 0.297071 -0.090990 0.950510 0.000023 0.000000 0.000000 0.000000 1.000000
0.930290 -0.196735 -0.309606 0.141882 0.215168 0.976226 0.026198 -0.000000 0.297092 -0.090989 0.950504 0.000023 0.000000 0.000000 0.000000 1.000000
0.930284 -0.196733 -0.309626 0.141882 0.215167 0.976226 0.026193 -0.000000 0.297112 -0.090988 0.950498 0.000023 0.000000 0.000000 0.000000 1.000000
0.930278 -0.196731 -0.309646 0.141882 0.215165 0.976226 0.026189 -0.000000 0.297132 -0.090988 0.950491 0.000023 0.000000 0.000000 0.000000 1.000000
0.930271 -0.196729 -0.309665 0.141882 0.215164 0.976227 0.026184 -0.000000 0.297153 -0.090987 0.950485 0.000023 0.000000 0.000000 0.000000 1.000000
0.930265 -0.196727 -0.309685 0.141882 0.215162 0.976227 0.026180 -0.000000 0.297173 -0.090987 0.950479 0.000023 0.000000 0.000000 0.000000 1.000000
0.930259 -0.196726 -0.309705 0.141882 0.215161 0.976228 0.026175 -0.000000 0.297193 -0.090986 0.950472 0.000024 0.000000 0.000000 0.000000 1.000000
0.930253 -0.196724 -0.309725 0.141882 0.215160 0.976228 0.026170 -0.000000 0.297214 -0.090985 0.950466 0.000024 0.000000 0.000000 0.000000 1.000000
0.930247 -0.196722 -0.309744 0.141882 0.215158 0.976229 0.026166 -0.000000 0.297234 -0.090985 0.950460 0.000024 0.000000 0.000000 0.000000 1.000000
0.930240 -0.196720 -0.309764 0.141882 0.215157 0.976229 0.026161 0.000000 0.297254 -0.090984 0.950453 0.000024 0.000000 0.000000 0.000000 1.000000
0.930234 -0.196718 -0.309784 0.141882 0.215155 0.976229 0.026157 0.000000 0.297275 -0.090983 0.950447 0.000024 0.000000 0.000000 0.000000 1.000000</float_array><technique_common><accessor source="#jnt_right_handthumb3-Matrix-animation-output-transform-array" count="51" stride="16"><param type="float4x4"/></accessor></technique_common></source><source id="jnt_right_handthumb3-Interpolations"><Name_array id="jnt_right_handthumb3-Interpolations-array" count="51">
 LINEAR LINEAR LINEAR LINEAR LINEAR LINEAR LINEAR LINEAR LINEAR LINEAR LINEAR
LINEAR LINEAR LINEAR LINEAR LINEAR LINEAR LINEAR LINEAR LINEAR LINEAR LINEAR LINEAR
LINEAR LINEAR LINEAR LINEAR LINEAR LINEAR LINEAR LINEAR LINEAR LINEAR LINEAR LINEAR
LINEAR LINEAR LINEAR LINEAR LINEAR LINEAR LINEAR LINEAR LINEAR LINEAR LINEAR LINEAR
LINEAR LINEAR LINEAR LINEAR</Name_array><technique_common><accessor source="#jnt_right_handthumb3-Interpolations-array" count="51"><param type="name"/></accessor></technique_common></source><sampler id="jnt_right_handthumb3-Matrix-animation-transform"><input semantic="INPUT" source="#jnt_right_handthumb3-Matrix-animation-input"/><input semantic="OUTPUT" source="#jnt_right_handthumb3-Matrix-animation-output-transform"/><input semantic="INTERPOLATION" source="#jnt_right_handthumb3-Interpolations"/></sampler><channel source="#jnt_right_handthumb3-Matrix-animation-transform" target="jnt_right_handthumb3/matrix"/></animation></animation>
    <animation id="jnt_right_handthumb4-anim" name="jnt_right_handthumb4"><animation><source id="jnt_right_handthumb4-Matrix-animation-input"><float_array id="jnt_right_handthumb4-Matrix-animation-input-array" count="51">

0.000000 0.033333 0.066667 0.100000 0.133333 0.166667 0.200000 0.233333 0.266667 0.300000 0.333333 0.366667 0.400000 0.433333 0.466667 0.500000
0.533333 0.566667 0.600000 0.633333 0.666667 0.700000 0.733333 0.766667 0.800000 0.833333 0.866667 0.900000 0.933333 0.966667 1.000000 1.033333
1.066667 1.100000 1.133333 1.166667 1.200000 1.233333 1.266667 1.300000 1.333333 1.366667 1.400000 1.433333 1.466667 1.500000 1.533333 1.566667
1.600000 1.633333 1.666667</float_array><technique_common><accessor source="#jnt_right_handthumb4-Matrix-animation-input-array" count="51"><param name="TIME" type="float"/></accessor></technique_common></source><source id="jnt_right_handthumb4-Matrix-animation-output-transform"><float_array id="jnt_right_handthumb4-Matrix-animation-output-transform-array" count="816">

1.000000 0.000002 0.000000 0.122606 -0.000002 1.000000 0.000001 -0.000000 -0.000000 -0.000001 1.000000 -0.000000 0.000000 0.000000 0.000000 1.000000
1.000000 0.000002 0.000000 0.122606 -0.000002 1.000000 0.000001 -0.000000 -0.000000 -0.000001 1.000000 -0.000000 0.000000 0.000000 0.000000 1.000000
1.000000 0.000002 0.000000 0.122606 -0.000002 1.000000 0.000001 -0.000000 -0.000000 -0.000001 1.000000 -0.000000 0.000000 0.000000 0.000000 1.000000
1.000000 0.000002 0.000000 0.122606 -0.000002 1.000000 0.000001 -0.000000 -0.000000 -0.000001 1.000000 -0.000000 0.000000 0.000000 0.000000 1.000000
1.000000 0.000002 0.000000 0.122606 -0.000002 1.000000 0.000001 -0.000000 -0.000000 -0.000001 1.000000 -0.000000 0.000000 0.000000 0.000000 1.000000
1.000000 0.000002 0.000000 0.122606 -0.000002 1.000000 0.000001 -0.000000 -0.000000 -0.000001 1.000000 -0.000000 0.000000 0.000000 0.000000 1.000000
1.000000 0.000001 0.000000 0.122606 -0.000001 1.000000 0.000001 -0.000000 -0.000000 -0.000001 1.000000 -0.000000 0.000000 0.000000 0.000000 1.000000
1.000000 0.000001 0.000000 0.122606 -0.000001 1.000000 0.000000 -0.000000 -0.000000 -0.000000 1.000000 -0.000000 0.000000 0.000000 0.000000 1.000000
1.000000 0.000001 0.000000 0.122606 -0.000001 1.000000 0.000000 -0.000000 -0.000000 -0.000000 1.000000 -0.000000 0.000000 0.000000 0.000000 1.000000
1.000000 0.000001 0.000000 0.122606 -0.000001 1.000000 0.000000 -0.000000 -0.000000 -0.000000 1.000000 -0.000000 0.000000 0.000000 0.000000 1.000000
1.000000 0.000001 0.000000 0.122606 -0.000001 1.000000 0.000000 -0.000000 -0.000000 -0.000000 1.000000 -0.000000 0.000000 0.000000 0.000000 1.000000
1.000000 0.000001 0.000000 0.122606 -0.000001 1.000000 0.000000 -0.000000 -0.000000 -0.000000 1.000000 -0.000000 0.000000 0.000000 0.000000 1.000000
1.000000 0.000001 0.000000 0.122606 -0.000001 1.000000 0.000000 -0.000000 -0.000000 -0.000000 1.000000 -0.000000 0.000000 0.000000 0.000000 1.000000
1.000000 0.000001 0.000000 0.122606 -0.000001 1.000000 0.000000 -0.000000 -0.000000 -0.000000 1.000000 -0.000000 0.000000 0.000000 0.000000 1.000000
1.000000 0.000001 0.000000 0.122606 -0.000001 1.000000 0.000000 -0.000000 -0.000000 -0.000000 1.000000 -0.000000 0.000000 0.000000 0.000000 1.000000
1.000000 0.000001 0.000000 0.122606 -0.000001 1.000000 0.000000 -0.000000 -0.000000 -0.000000 1.000000 -0.000000 0.000000 0.000000 0.000000 1.000000
1.000000 0.000001 0.000000 0.122606 -0.000001 1.000000 0.000000 -0.000000 -0.000000 -0.000000 1.000000 -0.000000 0.000000 0.000000 0.000000 1.000000
1.000000 0.000001 0.000000 0.122606 -0.000001 1.000000 0.000000 -0.000000 -0.000000 -0.000000 1.000000 -0.000000 0.000000 0.000000 0.000000 1.000000
1.000000 0.000001 0.000000 0.122606 -0.000001 1.000000 0.000000 -0.000000 -0.000000 -0.000000 1.000000 -0.000000 0.000000 0.000000 0.000000 1.000000
1.000000 0.000001 0.000000 0.122606 -0.000001 1.000000 0.000000 -0.000000 -0.000000 -0.000000 1.000000 -0.000000 0.000000 0.000000 0.000000 1.000000
1.000000 0.000001 0.000000 0.122606 -0.000001 1.000000 0.000000 -0.000000 -0.000000 -0.000000 1.000000 -0.000000 0.000000 0.000000 0.000000 1.000000
1.000000 0.000001 0.000000 0.122606 -0.000001 1.000000 0.000000 -0.000000 -0.000000 -0.000000 1.000000 -0.000000 0.000000 0.000000 0.000000 1.000000
1.000000 0.000001 0.000000 0.122606 -0.000001 1.000000 0.000000 -0.000000 -0.000000 -0.000000 1.000000 -0.000000 0.000000 0.000000 0.000000 1.000000
1.000000 0.000001 0.000000 0.122606 -0.000001 1.000000 0.000000 -0.000000 -0.000000 -0.000000 1.000000 -0.000000 0.000000 0.000000 0.000000 1.000000
1.000000 0.000001 0.000000 0.122606 -0.000001 1.000000 0.000000 -0.000000 -0.000000 -0.000000 1.000000 -0.000000 0.000000 0.000000 0.000000 1.000000
1.000000 0.000001 0.000000 0.122606 -0.000001 1.000000 0.000000 0.000000 -0.000000 -0.000000 1.000000 -0.000000 0.000000 0.000000 0.000000 1.000000
1.000000 0.000001 0.000000 0.122606 -0.000001 1.000000 0.000000 0.000000 -0.000000 -0.000000 1.000000 -0.000000 0.000000 0.000000 0.000000 1.000000
1.000000 0.000001 0.000000 0.122606 -0.000001 1.000000 0.000000 0.000000 -0.000000 -0.000000 1.000000 -0.000000 0.000000 0.000000 0.000000 1.000000
1.000000 0.000001 0.000000 0.122606 -0.000001 1.000000 0.000000 0.000000 -0.000000 -0.000000 1.000000 -0.000000 0.000000 0.000000 0.000000 1.000000
1.000000 0.000001 0.000000 0.122606 -0.000001 1.000000 0.000000 0.000000 -0.000000 -0.000000 1.000000 -0.000000 0.000000 0.000000 0.000000 1.000000
1.000000 0.000001 0.000000 0.122606 -0.000001 1.000000 0.000000 0.000000 -0.000000 -0.000000 1.000000 -0.000000 0.000000 0.000000 0.000000 1.000000
1.000000 0.000001 0.000000 0.122606 -0.000001 1.000000 0.000000 0.000000 -0.000000 -0.000000 1.000000 -0.000000 0.000000 0.000000 0.000000 1.000000
1.000000 0.000001 0.000000 0.122606 -0.000001 1.000000 0.000000 0.000000 -0.000000 -0.000000 1.000000 -0.000000 0.000000 0.000000 0.000000 1.000000
1.000000 0.000001 0.000000 0.122606 -0.000001 1.000000 0.000000 0.000000 -0.000000 -0.000000 1.000000 -0.000000 0.000000 0.000000 0.000000 1.000000
1.000000 0.000001 0.000000 0.122606 -0.000001 1.000000 0.000000 0.000000 -0.000000 -0.000000 1.000000 -0.000000 0.000000 0.000000 0.000000 1.000000
1.000000 0.000001 0.000000 0.122606 -0.000001 1.000000 -0.000000 0.000000 -0.000000 0.000000 1.000000 -0.000000 0.000000 0.000000 0.000000 1.000000
1.000000 0.000001 0.000000 0.122606 -0.000001 1.000000 -0.000000 0.000000 -0.000000 0.000000 1.000000 -0.000000 0.000000 0.000000 0.000000 1.000000
1.000000 0.000001 0.000000 0.122606 -0.000001 1.000000 -0.000000 0.000000 -0.000000 0.000000 1.000000 -0.000000 0.000000 0.000000 0.000000 1.000000
1.000000 0.000001 0.000000 0.122606 -0.000001 1.000000 -0.000000 0.000000 -0.000000 0.000000 1.000000 -0.000000 0.000000 0.000000 0.000000 1.000000
1.000000 0.000001 0.000000 0.122606 -0.000001 1.000000 -0.000000 0.000000 -0.000000 0.000000 1.000000 -0.000000 0.000000 0.000000 0.000000 1.000000
1.000000 0.000000 0.000000 0.122606 -0.000000 1.000000 -0.000000 0.000000 -0.000000 0.000000 1.000000 -0.000000 0.000000 0.000000 0.000000 1.000000
1.000000 0.000000 0.000000 0.122606 -0.000000 1.000000 -0.000000 0.000000 -0.000000 0.000000 1.000000 -0.000000 0.000000 0.000000 0.000000 1.000000
1.000000 0.000000 0.000000 0.122606 -0.000000 1.000000 -0.000000 0.000000 -0.000000 0.000000 1.000000 -0.000000 0.000000 0.000000 0.000000 1.000000
1.000000 0.000000 0.000000 0.122606 -0.000000 1.000000 -0.000000 0.000000 -0.000000 0.000000 1.000000 -0.000000 0.000000 0.000000 0.000000 1.000000
1.000000 0.000000 0.000000 0.122606 -0.000000 1.000000 -0.000000 0.000000 -0.000000 0.000000 1.000000 -0.000000 0.000000 0.000000 0.000000 1.000000
1.000000 0.000000 0.000000 0.122606 -0.000000 1.000000 -0.000000 0.000000 -0.000000 0.000000 1.000000 -0.000000 0.000000 0.000000 0.000000 1.000000
1.000000 0.000000 0.000000 0.122606 -0.000000 1.000000 -0.000000 0.000000 -0.000000 0.000000 1.000000 -0.000000 0.000000 0.000000 0.000000 1.000000
1.000000 0.000000 0.000000 0.122606 -0.000000 1.000000 -0.000000 0.000000 -0.000000 0.000000 1.000000 -0.000000 0.000000 0.000000 0.000000 1.000000
1.000000 0.000000 0.000000 0.122606 -0.000000 1.000000 -0.000000 0.000000 -0.000000 0.000000 1.000000 -0.000000 0.000000 0.000000 0.000000 1.000000
1.000000 0.000000 0.000000 0.122606 -0.000000 1.000000 -0.000000 0.000000 -0.000000 0.000000 1.000000 -0.000000 0.000000 0.000000 0.000000 1.000000
1.000000 0.000000 0.000000 0.122606 -0.000000 1.000000 -0.000000 0.000000 -0.000000 0.000000 1.000000 -0.000000 0.000000 0.000000 0.000000 1.000000</float_array><technique_common><accessor source="#jnt_right_handthumb4-Matrix-animation-output-transform-array" count="51" stride="16"><param type="float4x4"/></accessor></technique_common></source><source id="jnt_right_handthumb4-Interpolations"><Name_array id="jnt_right_handthumb4-Interpolations-array" count="51">
 LINEAR LINEAR LINEAR LINEAR LINEAR LINEAR LINEAR LINEAR LINEAR LINEAR LINEAR
LINEAR LINEAR LINEAR LINEAR LINEAR LINEAR LINEAR LINEAR LINEAR LINEAR LINEAR LINEAR
LINEAR LINEAR LINEAR LINEAR LINEAR LINEAR LINEAR LINEAR LINEAR LINEAR LINEAR LINEAR
LINEAR LINEAR LINEAR LINEAR LINEAR LINEAR LINEAR LINEAR LINEAR LINEAR LINEAR LINEAR
LINEAR LINEAR LINEAR LINEAR</Name_array><technique_common><accessor source="#jnt_right_handthumb4-Interpolations-array" count="51"><param type="name"/></accessor></technique_common></source><sampler id="jnt_right_handthumb4-Matrix-animation-transform"><input semantic="INPUT" source="#jnt_right_handthumb4-Matrix-animation-input"/><input semantic="OUTPUT" source="#jnt_right_handthumb4-Matrix-animation-output-transform"/><input semantic="INTERPOLATION" source="#jnt_right_handthumb4-Interpolations"/></sampler><channel source="#jnt_right_handthumb4-Matrix-animation-transform" target="jnt_right_handthumb4/matrix"/></animation></animation>
    <animation id="jnt_right_handindex1-anim" name="jnt_right_handindex1"><animation><source id="jnt_right_handindex1-Matrix-animation-input"><float_array id="jnt_right_handindex1-Matrix-animation-input-array" count="51">

0.000000 0.033333 0.066667 0.100000 0.133333 0.166667 0.200000 0.233333 0.266667 0.300000 0.333333 0.366667 0.400000 0.433333 0.466667 0.500000
0.533333 0.566667 0.600000 0.633333 0.666667 0.700000 0.733333 0.766667 0.800000 0.833333 0.866667 0.900000 0.933333 0.966667 1.000000 1.033333
1.066667 1.100000 1.133333 1.166667 1.200000 1.233333 1.266667 1.300000 1.333333 1.366667 1.400000 1.433333 1.466667 1.500000 1.533333 1.566667
1.600000 1.633333 1.666667</float_array><technique_common><accessor source="#jnt_right_handindex1-Matrix-animation-input-array" count="51"><param name="TIME" type="float"/></accessor></technique_common></source><source id="jnt_right_handindex1-Matrix-animation-output-transform"><float_array id="jnt_right_handindex1-Matrix-animation-output-transform-array" count="816">

0.931859 0.319574 -0.171786 0.494374 -0.228114 0.147866 -0.962341 0.203976 -0.282138 0.935953 0.210690 0.029845 0.000000 0.000000 0.000000 1.000000
0.931859 0.319574 -0.171786 0.494374 -0.228114 0.147866 -0.962341 0.203976 -0.282138 0.935953 0.210690 0.029845 0.000000 0.000000 0.000000 1.000000
0.931859 0.319574 -0.171786 0.494374 -0.228114 0.147866 -0.962341 0.203976 -0.282138 0.935953 0.210690 0.029845 0.000000 0.000000 0.000000 1.000000
0.931859 0.319574 -0.171786 0.494374 -0.228115 0.147866 -0.962341 0.203976 -0.282138 0.935953 0.210690 0.029845 0.000000 0.000000 0.000000 1.000000
0.931859 0.319574 -0.171786 0.494374 -0.228115 0.147866 -0.962341 0.203976 -0.282138 0.935953 0.210690 0.029845 0.000000 0.000000 0.000000 1.000000
0.931859 0.319574 -0.171786 0.494374 -0.228115 0.147866 -0.962341 0.203976 -0.282138 0.935953 0.210690 0.029845 0.000000 0.000000 0.000000 1.000000
0.931859 0.319574 -0.171786 0.494374 -0.228115 0.147866 -0.962341 0.203976 -0.282138 0.935953 0.210690 0.029845 0.000000 0.000000 0.000000 1.000000
0.931859 0.319574 -0.171786 0.494374 -0.228115 0.147866 -0.962341 0.203976 -0.282138 0.935953 0.210690 0.029845 0.000000 0.000000 0.000000 1.000000
0.931859 0.319575 -0.171786 0.494374 -0.228115 0.147866 -0.962341 0.203976 -0.282138 0.935953 0.210690 0.029845 0.000000 0.000000 0.000000 1.000000
0.931859 0.319574 -0.171786 0.494374 -0.228115 0.147866 -0.962341 0.203976 -0.282138 0.935953 0.210690 0.029845 0.000000 0.000000 0.000000 1.000000
0.931859 0.319575 -0.171786 0.494374 -0.228115 0.147866 -0.962341 0.203976 -0.282138 0.935953 0.210690 0.029845 0.000000 0.000000 0.000000 1.000000
0.931859 0.319575 -0.171786 0.494374 -0.228115 0.147866 -0.962341 0.203976 -0.282138 0.935953 0.210690 0.029845 0.000000 0.000000 0.000000 1.000000
0.931859 0.319575 -0.171786 0.494374 -0.228115 0.147866 -0.962341 0.203976 -0.282138 0.935953 0.210690 0.029845 0.000000 0.000000 0.000000 1.000000
0.931859 0.319575 -0.171786 0.494374 -0.228115 0.147866 -0.962341 0.203976 -0.282138 0.935953 0.210690 0.029845 0.000000 0.000000 0.000000 1.000000
0.931859 0.319575 -0.171786 0.494374 -0.228115 0.147866 -0.962341 0.203976 -0.282138 0.935953 0.210690 0.029845 0.000000 0.000000 0.000000 1.000000
0.931859 0.319575 -0.171786 0.494374 -0.228115 0.147866 -0.962341 0.203976 -0.282138 0.935953 0.210690 0.029845 0.000000 0.000000 0.000000 1.000000
0.931859 0.319575 -0.171786 0.494374 -0.228115 0.147866 -0.962341 0.203976 -0.282138 0.935953 0.210690 0.029845 0.000000 0.000000 0.000000 1.000000
0.931859 0.319575 -0.171786 0.494374 -0.228115 0.147866 -0.962341 0.203976 -0.282138 0.935953 0.210690 0.029845 0.000000 0.000000 0.000000 1.000000
0.931859 0.319575 -0.171786 0.494374 -0.228115 0.147866 -0.962341 0.203976 -0.282138 0.935953 0.210690 0.029845 0.000000 0.000000 0.000000 1.000000
0.931859 0.319575 -0.171786 0.494374 -0.228115 0.147866 -0.962341 0.203976 -0.282138 0.935953 0.210690 0.029845 0.000000 0.000000 0.000000 1.000000
0.933857 0.316541 -0.166471 0.494374 -0.221498 0.146435 -0.964104 0.203976 -0.280801 0.937208 0.206862 0.029845 0.000000 0.000000 0.000000 1.000000
0.936561 0.312354 -0.159020 0.494374 -0.212267 0.144425 -0.966480 0.203976 -0.278918 0.938923 0.201566 0.029845 0.000000 0.000000 0.000000 1.000000
0.939182 0.308180 -0.151533 0.494374 -0.203023 0.142372 -0.968768 0.203976 -0.276981 0.940615 0.196281 0.029845 0.000000 0.000000 0.000000 1.000000
0.946619 0.295688 -0.128380 0.494374 -0.174725 0.135968 -0.975184 0.203976 -0.270894 0.945559 0.180374 0.029845 0.000000 0.000000 0.000000 1.000000
0.954851 0.280311 -0.098409 0.494374 -0.138649 0.127508 -0.982099 0.203976 -0.262745 0.951403 0.160616 0.029845 0.000000 0.000000 0.000000 1.000000
0.962652 0.263280 -0.063128 0.494374 -0.096906 0.117343 -0.988352 0.203976 -0.252806 0.957556 0.138474 0.029845 0.000000 0.000000 0.000000 1.000000
0.969031 0.245746 -0.024227 0.494374 -0.051690 0.105928 -0.993030 0.203976 -0.241467 0.963529 0.115350 0.029845 0.000000 0.000000 0.000000 1.000000
0.970707 0.240025 -0.010728 0.494374 -0.036205 0.101988 -0.994127 0.203976 -0.237521 0.965395 0.107690 0.029845 0.000000 0.000000 0.000000 1.000000
0.972148 0.234351 0.002819 0.494374 -0.020727 0.097953 -0.994975 0.203976 -0.233450 0.967205 0.100082 0.029845 0.000000 0.000000 0.000000 1.000000
0.973352 0.228727 0.016409 0.494374 -0.005264 0.093825 -0.995575 0.203976 -0.229255 0.968959 0.092529 0.029845 0.000000 0.000000 0.000000 1.000000
0.975389 0.213068 0.056729 0.494374 0.040076 0.081685 -0.995852 0.203976 -0.216818 0.973617 0.071136 0.029845 0.000000 0.000000 0.000000 1.000000
0.975340 0.199420 0.094572 0.494374 0.082041 0.070210 -0.994153 0.203976 -0.204894 0.977396 0.052118 0.029845 0.000000 0.000000 0.000000 1.000000
0.973777 0.188256 0.127739 0.494374 0.118396 0.060115 -0.991145 0.203976 -0.194268 0.980279 0.036250 0.029845 0.000000 0.000000 0.000000 1.000000
0.971546 0.179912 0.154045 0.494374 0.146969 0.052098 -0.987768 0.203976 -0.185737 0.982302 0.024174 0.029845 0.000000 0.000000 0.000000 1.000000
0.970619 0.177277 0.162699 0.494374 0.156320 0.049474 -0.986467 0.203976 -0.182927 0.982917 0.020309 0.029845 0.000000 0.000000 0.000000 1.000000
0.969604 0.174663 0.171351 0.494374 0.165650 0.046824 -0.985073 0.203976 -0.180079 0.983514 0.016468 0.029845 0.000000 0.000000 0.000000 1.000000
0.968814 0.172360 0.178023 0.494374 0.172346 0.047478 -0.983892 0.203976 -0.178036 0.983889 0.016292 0.029845 0.000000 0.000000 0.000000 1.000000
0.968814 0.172393 0.177991 0.494374 0.172346 0.047296 -0.983900 0.203976 -0.178036 0.983892 0.016110 0.029845 0.000000 0.000000 0.000000 1.000000
0.968813 0.172426 0.177959 0.494374 0.172346 0.047114 -0.983909 0.203976 -0.178036 0.983895 0.015928 0.029845 0.000000 0.000000 0.000000 1.000000
0.968813 0.172459 0.177927 0.494374 0.172346 0.046932 -0.983918 0.203976 -0.178036 0.983898 0.015745 0.029845 0.000000 0.000000 0.000000 1.000000
0.968813 0.172492 0.177895 0.494374 0.172346 0.046749 -0.983926 0.203975 -0.178036 0.983901 0.015563 0.029845 0.000000 0.000000 0.000000 1.000000
0.968813 0.172525 0.177863 0.494374 0.172346 0.046567 -0.983935 0.203975 -0.178036 0.983904 0.015381 0.029845 0.000000 0.000000 0.000000 1.000000
0.968813 0.172558 0.177831 0.494374 0.172346 0.046385 -0.983944 0.203975 -0.178036 0.983907 0.015199 0.029845 0.000000 0.000000 0.000000 1.000000
0.968813 0.172591 0.177799 0.494374 0.172346 0.046203 -0.983952 0.203975 -0.178036 0.983909 0.015016 0.029845 0.000000 0.000000 0.000000 1.000000
0.968813 0.172624 0.177767 0.494374 0.172346 0.046021 -0.983961 0.203975 -0.178036 0.983912 0.014834 0.029845 0.000000 0.000000 0.000000 1.000000
0.968813 0.172657 0.177735 0.494374 0.172346 0.045838 -0.983969 0.203975 -0.178036 0.983915 0.014652 0.029845 0.000000 0.000000 0.000000 1.000000
0.968813 0.172690 0.177703 0.494374 0.172346 0.045656 -0.983978 0.203975 -0.178036 0.983917 0.014470 0.029845 0.000000 0.000000 0.000000 1.000000
0.968813 0.172722 0.177671 0.494374 0.172346 0.045474 -0.983986 0.203975 -0.178036 0.983920 0.014288 0.029845 0.000000 0.000000 0.000000 1.000000
0.968813 0.172755 0.177639 0.494374 0.172346 0.045292 -0.983995 0.203975 -0.178036 0.983923 0.014105 0.029845 0.000000 0.000000 0.000000 1.000000
0.968813 0.172788 0.177607 0.494374 0.172346 0.045109 -0.984003 0.203975 -0.178036 0.983925 0.013923 0.029845 0.000000 0.000000 0.000000 1.000000
0.968814 0.172821 0.177575 0.494374 0.172346 0.044927 -0.984011 0.203975 -0.178036 0.983928 0.013741 0.029845 0.000000 0.000000 0.000000 1.000000</float_array><technique_common><accessor source="#jnt_right_handindex1-Matrix-animation-output-transform-array" count="51" stride="16"><param type="float4x4"/></accessor></technique_common></source><source id="jnt_right_handindex1-Interpolations"><Name_array id="jnt_right_handindex1-Interpolations-array" count="51">
 LINEAR LINEAR LINEAR LINEAR LINEAR LINEAR LINEAR LINEAR LINEAR LINEAR LINEAR
LINEAR LINEAR LINEAR LINEAR LINEAR LINEAR LINEAR LINEAR LINEAR LINEAR LINEAR LINEAR
LINEAR LINEAR LINEAR LINEAR LINEAR LINEAR LINEAR LINEAR LINEAR LINEAR LINEAR LINEAR
LINEAR LINEAR LINEAR LINEAR LINEAR LINEAR LINEAR LINEAR LINEAR LINEAR LINEAR LINEAR
LINEAR LINEAR LINEAR LINEAR</Name_array><technique_common><accessor source="#jnt_right_handindex1-Interpolations-array" count="51"><param type="name"/></accessor></technique_common></source><sampler id="jnt_right_handindex1-Matrix-animation-transform"><input semantic="INPUT" source="#jnt_right_handindex1-Matrix-animation-input"/><input semantic="OUTPUT" source="#jnt_right_handindex1-Matrix-animation-output-transform"/><input semantic="INTERPOLATION" source="#jnt_right_handindex1-Interpolations"/></sampler><channel source="#jnt_right_handindex1-Matrix-animation-transform" target="jnt_right_handindex1/matrix"/></animation></animation>
    <animation id="jnt_right_handindex2-anim" name="jnt_right_handindex2"><animation><source id="jnt_right_handindex2-Matrix-animation-input"><float_array id="jnt_right_handindex2-Matrix-animation-input-array" count="51">

0.000000 0.033333 0.066667 0.100000 0.133333 0.166667 0.200000 0.233333 0.266667 0.300000 0.333333 0.366667 0.400000 0.433333 0.466667 0.500000
0.533333 0.566667 0.600000 0.633333 0.666667 0.700000 0.733333 0.766667 0.800000 0.833333 0.866667 0.900000 0.933333 0.966667 1.000000 1.033333
1.066667 1.100000 1.133333 1.166667 1.200000 1.233333 1.266667 1.300000 1.333333 1.366667 1.400000 1.433333 1.466667 1.500000 1.533333 1.566667
1.600000 1.633333 1.666667</float_array><technique_common><accessor source="#jnt_right_handindex2-Matrix-animation-input-array" count="51"><param name="TIME" type="float"/></accessor></technique_common></source><source id="jnt_right_handindex2-Matrix-animation-output-transform"><float_array id="jnt_right_handindex2-Matrix-animation-output-transform-array" count="816">

0.842182 0.538415 0.028955 0.145440 -0.538266 0.842669 -0.013379 -0.001122 -0.031602 -0.004318 0.999491 -0.000039 0.000000 0.000000 0.000000 1.000000
0.842182 0.538415 0.028955 0.145440 -0.538266 0.842669 -0.013379 -0.001122 -0.031602 -0.004318 0.999491 -0.000039 0.000000 0.000000 0.000000 1.000000
0.842182 0.538415 0.028955 0.145440 -0.538266 0.842668 -0.013379 -0.001122 -0.031602 -0.004318 0.999491 -0.000039 0.000000 0.000000 0.000000 1.000000
0.842182 0.538415 0.028955 0.145440 -0.538266 0.842668 -0.013379 -0.001122 -0.031602 -0.004318 0.999491 -0.000039 0.000000 0.000000 0.000000 1.000000
0.842182 0.538415 0.028955 0.145440 -0.538267 0.842668 -0.013379 -0.001122 -0.031602 -0.004318 0.999491 -0.000039 0.000000 0.000000 0.000000 1.000000
0.842182 0.538415 0.028955 0.145440 -0.538267 0.842668 -0.013379 -0.001122 -0.031602 -0.004318 0.999491 -0.000039 0.000000 0.000000 0.000000 1.000000
0.842182 0.538415 0.028955 0.145440 -0.538267 0.842668 -0.013379 -0.001122 -0.031602 -0.004318 0.999491 -0.000039 0.000000 0.000000 0.000000 1.000000
0.842182 0.538415 0.028955 0.145440 -0.538267 0.842668 -0.013379 -0.001122 -0.031602 -0.004318 0.999491 -0.000039 0.000000 0.000000 0.000000 1.000000
0.842182 0.538415 0.028955 0.145440 -0.538267 0.842668 -0.013379 -0.001122 -0.031602 -0.004318 0.999491 -0.000039 0.000000 0.000000 0.000000 1.000000
0.842182 0.538416 0.028955 0.145440 -0.538267 0.842668 -0.013379 -0.001122 -0.031602 -0.004318 0.999491 -0.000039 0.000000 0.000000 0.000000 1.000000
0.842182 0.538416 0.028955 0.145440 -0.538267 0.842668 -0.013379 -0.001122 -0.031602 -0.004318 0.999491 -0.000039 0.000000 0.000000 0.000000 1.000000
0.842182 0.538416 0.028955 0.145440 -0.538267 0.842668 -0.013379 -0.001122 -0.031602 -0.004318 0.999491 -0.000039 0.000000 0.000000 0.000000 1.000000
0.842182 0.538416 0.028955 0.145440 -0.538267 0.842668 -0.013379 -0.001122 -0.031602 -0.004318 0.999491 -0.000039 0.000000 0.000000 0.000000 1.000000
0.842182 0.538416 0.028955 0.145440 -0.538267 0.842668 -0.013379 -0.001122 -0.031602 -0.004318 0.999491 -0.000039 0.000000 0.000000 0.000000 1.000000
0.842182 0.538416 0.028955 0.145440 -0.538267 0.842668 -0.013379 -0.001122 -0.031602 -0.004318 0.999491 -0.000039 0.000000 0.000000 0.000000 1.000000
0.842182 0.538416 0.028955 0.145440 -0.538267 0.842668 -0.013379 -0.001122 -0.031602 -0.004318 0.999491 -0.000039 0.000000 0.000000 0.000000 1.000000
0.842182 0.538416 0.028955 0.145440 -0.538267 0.842668 -0.013379 -0.001122 -0.031602 -0.004318 0.999491 -0.000039 0.000000 0.000000 0.000000 1.000000
0.842182 0.538416 0.028955 0.145440 -0.538267 0.842668 -0.013379 -0.001122 -0.031602 -0.004318 0.999491 -0.000039 0.000000 0.000000 0.000000 1.000000
0.842182 0.538416 0.028955 0.145440 -0.538267 0.842668 -0.013379 -0.001122 -0.031602 -0.004318 0.999491 -0.000039 0.000000 0.000000 0.000000 1.000000
0.842182 0.538416 0.028955 0.145440 -0.538267 0.842668 -0.013379 -0.001122 -0.031602 -0.004318 0.999491 -0.000039 0.000000 0.000000 0.000000 1.000000
0.844741 0.534416 0.028483 0.145440 -0.534272 0.845211 -0.013079 -0.001122 -0.031064 -0.004169 0.999509 -0.000039 0.000000 0.000000 0.000000 1.000000
0.848272 0.528829 0.027825 0.145440 -0.528692 0.848719 -0.012666 -0.001122 -0.030313 -0.003967 0.999532 -0.000039 0.000000 0.000000 0.000000 1.000000
0.851765 0.523219 0.027164 0.145440 -0.523089 0.852190 -0.012257 -0.001122 -0.029561 -0.003769 0.999556 -0.000039 0.000000 0.000000 0.000000 1.000000
0.862182 0.505975 0.025132 0.145440 -0.505865 0.862542 -0.011037 -0.001122 -0.027261 -0.003197 0.999623 -0.000039 0.000000 0.000000 0.000000 1.000000
0.874876 0.483823 0.022521 0.145440 -0.483735 0.875162 -0.009550 -0.001122 -0.024330 -0.002539 0.999701 -0.000039 0.000000 0.000000 0.000000 1.000000
0.888770 0.457940 0.019471 0.145440 -0.457875 0.888981 -0.007921 -0.001122 -0.020937 -0.001875 0.999779 -0.000039 0.000000 0.000000 0.000000 1.000000
0.902885 0.429580 0.016129 0.145440 -0.429536 0.903028 -0.006266 -0.001122 -0.017257 -0.001270 0.999850 -0.000039 0.000000 0.000000 0.000000 1.000000
0.907495 0.419796 0.014976 0.145440 -0.419759 0.907618 -0.005725 -0.001122 -0.015996 -0.001091 0.999871 -0.000039 0.000000 0.000000 0.000000 1.000000
0.911997 0.409963 0.013817 0.145440 -0.409931 0.912102 -0.005197 -0.001122 -0.014733 -0.000925 0.999891 -0.000039 0.000000 0.000000 0.000000 1.000000
0.916392 0.400082 0.012653 0.145440 -0.400055 0.916479 -0.004681 -0.001122 -0.013469 -0.000772 0.999909 -0.000039 0.000000 0.000000 0.000000 1.000000
0.928636 0.370877 0.009211 0.145440 -0.370863 0.928682 -0.003243 -0.001122 -0.009757 -0.000404 0.999952 -0.000039 0.000000 0.000000 0.000000 1.000000
0.939146 0.343466 0.005981 0.145440 -0.343460 0.939165 -0.002008 -0.001122 -0.006307 -0.000168 0.999980 -0.000039 0.000000 0.000000 0.000000 1.000000
0.947613 0.319405 0.003146 0.145440 -0.319403 0.947618 -0.001012 -0.001122 -0.003304 -0.000046 0.999994 -0.000039 0.000000 0.000000 0.000000 1.000000
0.953852 0.300274 0.000891 0.145440 -0.300274 0.953853 -0.000277 -0.001122 -0.000933 -0.000003 0.999999 -0.000039 0.000000 0.000000 0.000000 1.000000
0.955814 0.293972 0.000148 0.145440 -0.293972 0.955814 -0.000046 -0.001122 -0.000155 0.000000 1.000000 -0.000039 0.000000 0.000000 0.000000 1.000000
0.957733 0.287657 -0.000596 0.145440 -0.287657 0.957734 0.000180 -0.001122 0.000622 -0.000001 1.000000 -0.000039 0.000000 0.000000 0.000000 1.000000
0.959086 0.283112 -0.001131 0.145440 -0.283112 0.959087 0.000340 -0.001122 0.001181 -0.000005 0.999999 -0.000039 0.000000 0.000000 0.000000 1.000000
0.959086 0.283112 -0.001131 0.145440 -0.283112 0.959087 0.000340 -0.001122 0.001181 -0.000005 0.999999 -0.000039 0.000000 0.000000 0.000000 1.000000
0.959086 0.283112 -0.001131 0.145440 -0.283112 0.959087 0.000340 -0.001122 0.001181 -0.000005 0.999999 -0.000039 0.000000 0.000000 0.000000 1.000000
0.959086 0.283112 -0.001131 0.145440 -0.283112 0.959087 0.000340 -0.001122 0.001181 -0.000005 0.999999 -0.000039 0.000000 0.000000 0.000000 1.000000
0.959086 0.283113 -0.001131 0.145440 -0.283112 0.959087 0.000340 -0.001122 0.001181 -0.000005 0.999999 -0.000039 0.000000 0.000000 0.000000 1.000000
0.959086 0.283113 -0.001131 0.145440 -0.283112 0.959087 0.000340 -0.001122 0.001181 -0.000005 0.999999 -0.000039 0.000000 0.000000 0.000000 1.000000
0.959086 0.283113 -0.001131 0.145440 -0.283112 0.959087 0.000340 -0.001122 0.001181 -0.000005 0.999999 -0.000039 0.000000 0.000000 0.000000 1.000000
0.959086 0.283113 -0.001131 0.145440 -0.283112 0.959087 0.000340 -0.001122 0.001181 -0.000005 0.999999 -0.000039 0.000000 0.000000 0.000000 1.000000
0.959086 0.283113 -0.001131 0.145440 -0.283112 0.959087 0.000340 -0.001122 0.001181 -0.000005 0.999999 -0.000039 0.000000 0.000000 0.000000 1.000000
0.959086 0.283113 -0.001131 0.145440 -0.283112 0.959087 0.000340 -0.001122 0.001181 -0.000005 0.999999 -0.000039 0.000000 0.000000 0.000000 1.000000
0.959086 0.283113 -0.001131 0.145440 -0.283112 0.959087 0.000340 -0.001122 0.001181 -0.000005 0.999999 -0.000039 0.000000 0.000000 0.000000 1.000000
0.959086 0.283113 -0.001131 0.145440 -0.283112 0.959087 0.000340 -0.001122 0.001181 -0.000005 0.999999 -0.000039 0.000000 0.000000 0.000000 1.000000
0.959086 0.283113 -0.001131 0.145440 -0.283112 0.959087 0.000340 -0.001122 0.001181 -0.000005 0.999999 -0.000039 0.000000 0.000000 0.000000 1.000000
0.959086 0.283113 -0.001131 0.145440 -0.283112 0.959087 0.000340 -0.001122 0.001181 -0.000005 0.999999 -0.000039 0.000000 0.000000 0.000000 1.000000
0.959086 0.283113 -0.001131 0.145440 -0.283112 0.959087 0.000340 -0.001122 0.001181 -0.000005 0.999999 -0.000039 0.000000 0.000000 0.000000 1.000000</float_array><technique_common><accessor source="#jnt_right_handindex2-Matrix-animation-output-transform-array" count="51" stride="16"><param type="float4x4"/></accessor></technique_common></source><source id="jnt_right_handindex2-Interpolations"><Name_array id="jnt_right_handindex2-Interpolations-array" count="51">
 LINEAR LINEAR LINEAR LINEAR LINEAR LINEAR LINEAR LINEAR LINEAR LINEAR LINEAR
LINEAR LINEAR LINEAR LINEAR LINEAR LINEAR LINEAR LINEAR LINEAR LINEAR LINEAR LINEAR
LINEAR LINEAR LINEAR LINEAR LINEAR LINEAR LINEAR LINEAR LINEAR LINEAR LINEAR LINEAR
LINEAR LINEAR LINEAR LINEAR LINEAR LINEAR LINEAR LINEAR LINEAR LINEAR LINEAR LINEAR
LINEAR LINEAR LINEAR LINEAR</Name_array><technique_common><accessor source="#jnt_right_handindex2-Interpolations-array" count="51"><param type="name"/></accessor></technique_common></source><sampler id="jnt_right_handindex2-Matrix-animation-transform"><input semantic="INPUT" source="#jnt_right_handindex2-Matrix-animation-input"/><input semantic="OUTPUT" source="#jnt_right_handindex2-Matrix-animation-output-transform"/><input semantic="INTERPOLATION" source="#jnt_right_handindex2-Interpolations"/></sampler><channel source="#jnt_right_handindex2-Matrix-animation-transform" target="jnt_right_handindex2/matrix"/></animation></animation>
    <animation id="jnt_right_handindex3-anim" name="jnt_right_handindex3"><animation><source id="jnt_right_handindex3-Matrix-animation-input"><float_array id="jnt_right_handindex3-Matrix-animation-input-array" count="51">

0.000000 0.033333 0.066667 0.100000 0.133333 0.166667 0.200000 0.233333 0.266667 0.300000 0.333333 0.366667 0.400000 0.433333 0.466667 0.500000
0.533333 0.566667 0.600000 0.633333 0.666667 0.700000 0.733333 0.766667 0.800000 0.833333 0.866667 0.900000 0.933333 0.966667 1.000000 1.033333
1.066667 1.100000 1.133333 1.166667 1.200000 1.233333 1.266667 1.300000 1.333333 1.366667 1.400000 1.433333 1.466667 1.500000 1.533333 1.566667
1.600000 1.633333 1.666667</float_array><technique_common><accessor source="#jnt_right_handindex3-Matrix-animation-input-array" count="51"><param name="TIME" type="float"/></accessor></technique_common></source><source id="jnt_right_handindex3-Matrix-animation-output-transform"><float_array id="jnt_right_handindex3-Matrix-animation-output-transform-array" count="816">

0.835409 0.546696 0.056706 0.093746 -0.546451 0.837225 -0.021112 -0.000000 -0.059018 -0.013350 0.998168 0.000000 0.000000 0.000000 0.000000 1.000000
0.835409 0.546696 0.056706 0.093746 -0.546451 0.837225 -0.021112 -0.000000 -0.059018 -0.013350 0.998168 0.000000 0.000000 0.000000 0.000000 1.000000
0.835409 0.546696 0.056706 0.093746 -0.546451 0.837225 -0.021112 -0.000000 -0.059018 -0.013350 0.998168 0.000000 0.000000 0.000000 0.000000 1.000000
0.835409 0.546696 0.056706 0.093746 -0.546451 0.837225 -0.021112 -0.000000 -0.059018 -0.013350 0.998168 0.000000 0.000000 0.000000 0.000000 1.000000
0.835409 0.546696 0.056706 0.093746 -0.546451 0.837225 -0.021112 -0.000000 -0.059018 -0.013350 0.998168 0.000000 0.000000 0.000000 0.000000 1.000000
0.835409 0.546696 0.056706 0.093746 -0.546451 0.837225 -0.021112 -0.000000 -0.059018 -0.013350 0.998168 0.000000 0.000000 0.000000 0.000000 1.000000
0.835409 0.546696 0.056706 0.093746 -0.546452 0.837225 -0.021112 -0.000000 -0.059018 -0.013350 0.998168 0.000000 0.000000 0.000000 0.000000 1.000000
0.835409 0.546696 0.056706 0.093746 -0.546452 0.837225 -0.021112 -0.000000 -0.059018 -0.013350 0.998168 0.000000 0.000000 0.000000 0.000000 1.000000
0.835409 0.546696 0.056706 0.093746 -0.546452 0.837225 -0.021112 -0.000000 -0.059018 -0.013350 0.998168 0.000000 0.000000 0.000000 0.000000 1.000000
0.835409 0.546696 0.056706 0.093746 -0.546452 0.837225 -0.021112 -0.000000 -0.059018 -0.013350 0.998168 0.000000 0.000000 0.000000 0.000000 1.000000
0.835408 0.546696 0.056706 0.093746 -0.546452 0.837225 -0.021112 -0.000000 -0.059018 -0.013350 0.998168 0.000000 0.000000 0.000000 0.000000 1.000000
0.835408 0.546696 0.056706 0.093746 -0.546452 0.837225 -0.021112 -0.000000 -0.059018 -0.013350 0.998168 0.000000 0.000000 0.000000 0.000000 1.000000
0.835408 0.546697 0.056706 0.093746 -0.546452 0.837225 -0.021112 -0.000000 -0.059018 -0.013350 0.998168 0.000000 0.000000 0.000000 0.000000 1.000000
0.835408 0.546697 0.056706 0.093746 -0.546452 0.837225 -0.021112 -0.000000 -0.059018 -0.013350 0.998168 0.000000 0.000000 0.000000 0.000000 1.000000
0.835408 0.546697 0.056706 0.093746 -0.546452 0.837225 -0.021112 -0.000000 -0.059018 -0.013350 0.998168 0.000000 0.000000 0.000000 0.000000 1.000000
0.835408 0.546697 0.056706 0.093746 -0.546452 0.837225 -0.021112 -0.000000 -0.059018 -0.013350 0.998168 0.000000 0.000000 0.000000 0.000000 1.000000
0.835408 0.546697 0.056706 0.093746 -0.546452 0.837224 -0.021112 -0.000000 -0.059018 -0.013350 0.998168 0.000000 0.000000 0.000000 0.000000 1.000000
0.835408 0.546697 0.056706 0.093746 -0.546452 0.837224 -0.021112 -0.000000 -0.059018 -0.013350 0.998168 0.000000 0.000000 0.000000 0.000000 1.000000
0.835408 0.546697 0.056706 0.093746 -0.546452 0.837224 -0.021112 -0.000000 -0.059018 -0.013350 0.998168 0.000000 0.000000 0.000000 0.000000 1.000000
0.835408 0.546697 0.056706 0.093746 -0.546452 0.837224 -0.021112 -0.000000 -0.059018 -0.013350 0.998168 0.000000 0.000000 0.000000 0.000000 1.000000
0.839067 0.541145 0.055929 0.093746 -0.540907 0.840830 -0.020608 -0.000000 -0.058178 -0.012961 0.998222 0.000000 0.000000 0.000000 0.000000 1.000000
0.844098 0.533377 0.054842 0.093746 -0.533150 0.845786 -0.019915 -0.000000 -0.057007 -0.012429 0.998296 0.000000 0.000000 0.000000 0.000000 1.000000
0.849055 0.525563 0.053748 0.093746 -0.525346 0.850671 -0.019233 -0.000000 -0.055830 -0.011907 0.998369 0.000000 0.000000 0.000000 0.000000 1.000000
0.863710 0.501464 0.050383 0.093746 -0.501275 0.865116 -0.017228 -0.000000 -0.052226 -0.010376 0.998581 0.000000 0.000000 0.000000 0.000000 1.000000
0.881283 0.470339 0.046050 0.093746 -0.470183 0.882444 -0.014846 -0.000000 -0.047619 -0.008569 0.998829 0.000000 0.000000 0.000000 0.000000 1.000000
0.900091 0.433771 0.040978 0.093746 -0.433647 0.900998 -0.012326 -0.000000 -0.042268 -0.006676 0.999084 0.000000 0.000000 0.000000 0.000000 1.000000
0.918644 0.393496 0.035419 0.093746 -0.393402 0.919314 -0.009877 -0.000000 -0.036448 -0.004861 0.999324 0.000000 0.000000 0.000000 0.000000 1.000000
0.924560 0.379561 0.033505 0.093746 -0.379476 0.925157 -0.009109 -0.000000 -0.034455 -0.004292 0.999397 0.000000 0.000000 0.000000 0.000000 1.000000
0.930261 0.365537 0.031580 0.093746 -0.365460 0.930789 -0.008370 -0.000000 -0.032454 -0.003754 0.999466 0.000000 0.000000 0.000000 0.000000 1.000000
0.935745 0.351429 0.029643 0.093746 -0.351360 0.936209 -0.007661 -0.000000 -0.030444 -0.003247 0.999531 0.000000 0.000000 0.000000 0.000000 1.000000
0.950550 0.309648 0.023938 0.093746 -0.309600 0.950849 -0.005785 -0.000000 -0.024553 -0.001913 0.999697 0.000000 0.000000 0.000000 0.000000 1.000000
0.962580 0.270358 0.018605 0.093746 -0.270325 0.962760 -0.004301 -0.000000 -0.019075 -0.000890 0.999818 0.000000 0.000000 0.000000 0.000000 1.000000
0.971693 0.235834 0.013943 0.093746 -0.235812 0.971793 -0.003211 -0.000000 -0.014307 -0.000168 0.999898 0.000000 0.000000 0.000000 0.000000 1.000000
0.977994 0.208378 0.010254 0.093746 -0.208364 0.978048 -0.002482 -0.000000 -0.010546 0.000291 0.999944 0.000000 0.000000 0.000000 0.000000 1.000000
0.979890 0.199334 0.009043 0.093746 -0.199322 0.979931 -0.002268 -0.000000 -0.009314 0.000420 0.999956 0.000000 0.000000 0.000000 0.000000 1.000000
0.981700 0.190273 0.007830 0.093746 -0.190262 0.981731 -0.002066 -0.000000 -0.008080 0.000539 0.999967 0.000000 0.000000 0.000000 0.000000 1.000000
0.982948 0.183752 0.006959 0.093746 -0.183743 0.982972 -0.001929 -0.000000 -0.007195 0.000618 0.999974 0.000000 0.000000 0.000000 0.000000 1.000000
0.982948 0.183752 0.006959 0.093746 -0.183743 0.982972 -0.001929 -0.000000 -0.007195 0.000618 0.999974 0.000000 0.000000 0.000000 0.000000 1.000000
0.982948 0.183752 0.006959 0.093746 -0.183743 0.982972 -0.001929 -0.000000 -0.007195 0.000618 0.999974 0.000000 0.000000 0.000000 0.000000 1.000000
0.982948 0.183752 0.006959 0.093746 -0.183743 0.982972 -0.001929 -0.000000 -0.007195 0.000618 0.999974 0.000000 0.000000 0.000000 0.000000 1.000000
0.982948 0.183752 0.006959 0.093746 -0.183743 0.982972 -0.001929 -0.000000 -0.007195 0.000618 0.999974 0.000000 0.000000 0.000000 0.000000 1.000000
0.982948 0.183752 0.006959 0.093746 -0.183743 0.982972 -0.001929 -0.000000 -0.007195 0.000618 0.999974 0.000000 0.000000 0.000000 0.000000 1.000000
0.982948 0.183752 0.006959 0.093746 -0.183743 0.982972 -0.001929 -0.000000 -0.007195 0.000618 0.999974 0.000000 0.000000 0.000000 0.000000 1.000000
0.982948 0.183752 0.006959 0.093746 -0.183743 0.982972 -0.001929 -0.000000 -0.007195 0.000618 0.999974 0.000000 0.000000 0.000000 0.000000 1.000000
0.982948 0.183752 0.006959 0.093746 -0.183743 0.982972 -0.001929 -0.000000 -0.007195 0.000618 0.999974 0.000000 0.000000 0.000000 0.000000 1.000000
0.982948 0.183752 0.006959 0.093746 -0.183743 0.982972 -0.001929 -0.000000 -0.007195 0.000618 0.999974 0.000000 0.000000 0.000000 0.000000 1.000000
0.982948 0.183752 0.006959 0.093746 -0.183743 0.982972 -0.001929 -0.000000 -0.007195 0.000618 0.999974 0.000000 0.000000 0.000000 0.000000 1.000000
0.982948 0.183752 0.006959 0.093746 -0.183743 0.982972 -0.001929 -0.000000 -0.007195 0.000618 0.999974 0.000000 0.000000 0.000000 0.000000 1.000000
0.982948 0.183752 0.006959 0.093746 -0.183743 0.982972 -0.001929 -0.000000 -0.007195 0.000618 0.999974 0.000000 0.000000 0.000000 0.000000 1.000000
0.982948 0.183752 0.006959 0.093746 -0.183743 0.982972 -0.001929 -0.000000 -0.007195 0.000618 0.999974 0.000000 0.000000 0.000000 0.000000 1.000000
0.982948 0.183752 0.006959 0.093746 -0.183743 0.982972 -0.001929 -0.000000 -0.007195 0.000618 0.999974 -0.000000 0.000000 0.000000 0.000000 1.000000</float_array><technique_common><accessor source="#jnt_right_handindex3-Matrix-animation-output-transform-array" count="51" stride="16"><param type="float4x4"/></accessor></technique_common></source><source id="jnt_right_handindex3-Interpolations"><Name_array id="jnt_right_handindex3-Interpolations-array" count="51">
 LINEAR LINEAR LINEAR LINEAR LINEAR LINEAR LINEAR LINEAR LINEAR LINEAR LINEAR
LINEAR LINEAR LINEAR LINEAR LINEAR LINEAR LINEAR LINEAR LINEAR LINEAR LINEAR LINEAR
LINEAR LINEAR LINEAR LINEAR LINEAR LINEAR LINEAR LINEAR LINEAR LINEAR LINEAR LINEAR
LINEAR LINEAR LINEAR LINEAR LINEAR LINEAR LINEAR LINEAR LINEAR LINEAR LINEAR LINEAR
LINEAR LINEAR LINEAR LINEAR</Name_array><technique_common><accessor source="#jnt_right_handindex3-Interpolations-array" count="51"><param type="name"/></accessor></technique_common></source><sampler id="jnt_right_handindex3-Matrix-animation-transform"><input semantic="INPUT" source="#jnt_right_handindex3-Matrix-animation-input"/><input semantic="OUTPUT" source="#jnt_right_handindex3-Matrix-animation-output-transform"/><input semantic="INTERPOLATION" source="#jnt_right_handindex3-Interpolations"/></sampler><channel source="#jnt_right_handindex3-Matrix-animation-transform" target="jnt_right_handindex3/matrix"/></animation></animation>
    <animation id="jnt_right_handindex4-anim" name="jnt_right_handindex4"><animation><source id="jnt_right_handindex4-Matrix-animation-input"><float_array id="jnt_right_handindex4-Matrix-animation-input-array" count="51">

0.000000 0.033333 0.066667 0.100000 0.133333 0.166667 0.200000 0.233333 0.266667 0.300000 0.333333 0.366667 0.400000 0.433333 0.466667 0.500000
0.533333 0.566667 0.600000 0.633333 0.666667 0.700000 0.733333 0.766667 0.800000 0.833333 0.866667 0.900000 0.933333 0.966667 1.000000 1.033333
1.066667 1.100000 1.133333 1.166667 1.200000 1.233333 1.266667 1.300000 1.333333 1.366667 1.400000 1.433333 1.466667 1.500000 1.533333 1.566667
1.600000 1.633333 1.666667</float_array><technique_common><accessor source="#jnt_right_handindex4-Matrix-animation-input-array" count="51"><param name="TIME" type="float"/></accessor></technique_common></source><source id="jnt_right_handindex4-Matrix-animation-output-transform"><float_array id="jnt_right_handindex4-Matrix-animation-output-transform-array" count="816">

1.000000 0.000000 0.000000 0.107087 -0.000000 1.000000 0.000002 -0.000052 -0.000000 -0.000002 1.000000 0.001503 0.000000 0.000000 0.000000 1.000000
1.000000 0.000000 0.000000 0.107087 -0.000000 1.000000 0.000002 -0.000052 -0.000000 -0.000002 1.000000 0.001503 0.000000 0.000000 0.000000 1.000000
1.000000 0.000000 0.000000 0.107087 -0.000000 1.000000 0.000002 -0.000052 -0.000000 -0.000002 1.000000 0.001503 0.000000 0.000000 0.000000 1.000000
1.000000 0.000000 0.000000 0.107087 -0.000000 1.000000 0.000002 -0.000052 -0.000000 -0.000002 1.000000 0.001503 0.000000 0.000000 0.000000 1.000000
1.000000 0.000000 0.000000 0.107087 -0.000000 1.000000 0.000002 -0.000052 -0.000000 -0.000002 1.000000 0.001503 0.000000 0.000000 0.000000 1.000000
1.000000 0.000000 0.000000 0.107087 -0.000000 1.000000 0.000002 -0.000052 -0.000000 -0.000002 1.000000 0.001503 0.000000 0.000000 0.000000 1.000000
1.000000 0.000000 0.000000 0.107087 -0.000000 1.000000 0.000002 -0.000052 -0.000000 -0.000002 1.000000 0.001503 0.000000 0.000000 0.000000 1.000000
1.000000 0.000000 0.000000 0.107087 -0.000000 1.000000 0.000002 -0.000052 -0.000000 -0.000002 1.000000 0.001503 0.000000 0.000000 0.000000 1.000000
1.000000 0.000000 0.000000 0.107087 -0.000000 1.000000 0.000002 -0.000052 -0.000000 -0.000002 1.000000 0.001503 0.000000 0.000000 0.000000 1.000000
1.000000 0.000000 0.000000 0.107087 -0.000000 1.000000 0.000002 -0.000052 -0.000000 -0.000002 1.000000 0.001503 0.000000 0.000000 0.000000 1.000000
1.000000 0.000000 0.000000 0.107087 -0.000000 1.000000 0.000002 -0.000052 -0.000000 -0.000002 1.000000 0.001503 0.000000 0.000000 0.000000 1.000000
1.000000 0.000000 0.000000 0.107087 -0.000000 1.000000 0.000001 -0.000052 -0.000000 -0.000001 1.000000 0.001503 0.000000 0.000000 0.000000 1.000000
1.000000 0.000000 0.000000 0.107087 -0.000000 1.000000 0.000001 -0.000052 -0.000000 -0.000001 1.000000 0.001503 0.000000 0.000000 0.000000 1.000000
1.000000 0.000000 0.000000 0.107087 -0.000000 1.000000 0.000001 -0.000052 -0.000000 -0.000001 1.000000 0.001503 0.000000 0.000000 0.000000 1.000000
1.000000 0.000000 0.000000 0.107087 -0.000000 1.000000 0.000001 -0.000052 -0.000000 -0.000001 1.000000 0.001503 0.000000 0.000000 0.000000 1.000000
1.000000 0.000000 0.000000 0.107087 -0.000000 1.000000 0.000001 -0.000052 -0.000000 -0.000001 1.000000 0.001503 0.000000 0.000000 0.000000 1.000000
1.000000 0.000000 0.000000 0.107087 -0.000000 1.000000 0.000001 -0.000052 -0.000000 -0.000001 1.000000 0.001503 0.000000 0.000000 0.000000 1.000000
1.000000 0.000000 0.000000 0.107087 -0.000000 1.000000 0.000001 -0.000052 -0.000000 -0.000001 1.000000 0.001503 0.000000 0.000000 0.000000 1.000000
1.000000 0.000000 0.000000 0.107087 -0.000000 1.000000 0.000001 -0.000052 -0.000000 -0.000001 1.000000 0.001503 0.000000 0.000000 0.000000 1.000000
1.000000 0.000000 0.000000 0.107087 -0.000000 1.000000 0.000001 -0.000052 -0.000000 -0.000001 1.000000 0.001503 0.000000 0.000000 0.000000 1.000000
1.000000 0.000142 0.000018 0.107087 -0.000142 1.000000 0.000001 -0.000052 -0.000018 -0.000001 1.000000 0.001503 0.000000 0.000000 0.000000 1.000000
1.000000 0.000338 0.000042 0.107087 -0.000338 1.000000 -0.000002 -0.000052 -0.000042 0.000002 1.000000 0.001503 0.000000 0.000000 0.000000 1.000000
1.000000 0.000535 0.000066 0.107087 -0.000535 1.000000 -0.000005 -0.000052 -0.000066 0.000005 1.000000 0.001503 0.000000 0.000000 0.000000 1.000000
0.999999 0.001135 0.000139 0.107087 -0.001135 0.999999 -0.000014 -0.000052 -0.000139 0.000014 1.000000 0.001503 0.000000 0.000000 0.000000 1.000000
0.999998 0.001895 0.000231 0.107087 -0.001895 0.999998 -0.000025 -0.000052 -0.000231 0.000025 1.000000 0.001503 0.000000 0.000000 0.000000 1.000000
0.999996 0.002770 0.000338 0.107087 -0.002770 0.999996 -0.000038 -0.000052 -0.000338 0.000037 1.000000 0.001503 0.000000 0.000000 0.000000 1.000000
0.999993 0.003714 0.000452 0.107087 -0.003714 0.999993 -0.000052 -0.000052 -0.000452 0.000050 1.000000 0.001503 0.000000 0.000000 0.000000 1.000000
0.999992 0.004036 0.000491 0.107087 -0.004036 0.999992 -0.000057 -0.000052 -0.000492 0.000055 1.000000 0.001503 0.000000 0.000000 0.000000 1.000000
0.999990 0.004358 0.000530 0.107087 -0.004358 0.999991 -0.000061 -0.000052 -0.000531 0.000059 1.000000 0.001503 0.000000 0.000000 0.000000 1.000000
0.999989 0.004680 0.000570 0.107087 -0.004680 0.999989 -0.000066 -0.000052 -0.000570 0.000063 1.000000 0.001503 0.000000 0.000000 0.000000 1.000000
0.999984 0.005624 0.000684 0.107087 -0.005624 0.999984 -0.000080 -0.000052 -0.000685 0.000076 1.000000 0.001503 0.000000 0.000000 0.000000 1.000000
0.999979 0.006499 0.000791 0.107088 -0.006499 0.999979 -0.000093 -0.000052 -0.000791 0.000088 1.000000 0.001503 0.000000 0.000000 0.000000 1.000000
0.999973 0.007259 0.000883 0.107088 -0.007259 0.999974 -0.000105 -0.000052 -0.000884 0.000099 1.000000 0.001503 0.000000 0.000000 0.000000 1.000000
0.999969 0.007859 0.000956 0.107088 -0.007859 0.999969 -0.000114 -0.000052 -0.000957 0.000107 1.000000 0.001503 0.000000 0.000000 0.000000 1.000000
0.999967 0.008056 0.000980 0.107088 -0.008056 0.999968 -0.000117 -0.000052 -0.000981 0.000109 1.000000 0.001503 0.000000 0.000000 0.000000 1.000000
0.999965 0.008253 0.001004 0.107088 -0.008253 0.999966 -0.000120 -0.000052 -0.001005 0.000112 0.999999 0.001503 0.000000 0.000000 0.000000 1.000000
0.999964 0.008394 0.001021 0.107088 -0.008394 0.999965 -0.000123 -0.000052 -0.001022 0.000114 0.999999 0.001503 0.000000 0.000000 0.000000 1.000000
0.999964 0.008395 0.001021 0.107088 -0.008394 0.999965 -0.000122 -0.000052 -0.001022 0.000114 0.999999 0.001503 0.000000 0.000000 0.000000 1.000000
0.999964 0.008395 0.001021 0.107088 -0.008394 0.999965 -0.000122 -0.000052 -0.001022 0.000114 0.999999 0.001503 0.000000 0.000000 0.000000 1.000000
0.999964 0.008395 0.001021 0.107088 -0.008395 0.999965 -0.000122 -0.000052 -0.001022 0.000114 0.999999 0.001503 0.000000 0.000000 0.000000 1.000000
0.999964 0.008395 0.001021 0.107088 -0.008395 0.999965 -0.000122 -0.000052 -0.001022 0.000114 0.999999 0.001503 0.000000 0.000000 0.000000 1.000000
0.999964 0.008395 0.001021 0.107088 -0.008395 0.999965 -0.000122 -0.000052 -0.001022 0.000114 0.999999 0.001503 0.000000 0.000000 0.000000 1.000000
0.999964 0.008395 0.001021 0.107088 -0.008395 0.999965 -0.000122 -0.000052 -0.001022 0.000114 0.999999 0.001503 0.000000 0.000000 0.000000 1.000000
0.999964 0.008395 0.001021 0.107088 -0.008395 0.999965 -0.000122 -0.000052 -0.001022 0.000114 0.999999 0.001503 0.000000 0.000000 0.000000 1.000000
0.999964 0.008395 0.001021 0.107088 -0.008395 0.999965 -0.000122 -0.000052 -0.001022 0.000114 0.999999 0.001503 0.000000 0.000000 0.000000 1.000000
0.999964 0.008395 0.001021 0.107088 -0.008395 0.999965 -0.000122 -0.000052 -0.001022 0.000114 0.999999 0.001503 0.000000 0.000000 0.000000 1.000000
0.999964 0.008395 0.001021 0.107088 -0.008395 0.999965 -0.000122 -0.000052 -0.001022 0.000114 0.999999 0.001503 0.000000 0.000000 0.000000 1.000000
0.999964 0.008395 0.001021 0.107088 -0.008395 0.999965 -0.000122 -0.000052 -0.001022 0.000114 0.999999 0.001503 0.000000 0.000000 0.000000 1.000000
0.999964 0.008395 0.001021 0.107088 -0.008395 0.999965 -0.000122 -0.000052 -0.001022 0.000113 0.999999 0.001503 0.000000 0.000000 0.000000 1.000000
0.999964 0.008395 0.001021 0.107088 -0.008395 0.999965 -0.000122 -0.000052 -0.001022 0.000113 0.999999 0.001503 0.000000 0.000000 0.000000 1.000000
0.999964 0.008395 0.001021 0.107088 -0.008395 0.999965 -0.000122 -0.000052 -0.001022 0.000113 0.999999 0.001503 0.000000 0.000000 0.000000 1.000000</float_array><technique_common><accessor source="#jnt_right_handindex4-Matrix-animation-output-transform-array" count="51" stride="16"><param type="float4x4"/></accessor></technique_common></source><source id="jnt_right_handindex4-Interpolations"><Name_array id="jnt_right_handindex4-Interpolations-array" count="51">
 LINEAR LINEAR LINEAR LINEAR LINEAR LINEAR LINEAR LINEAR LINEAR LINEAR LINEAR
LINEAR LINEAR LINEAR LINEAR LINEAR LINEAR LINEAR LINEAR LINEAR LINEAR LINEAR LINEAR
LINEAR LINEAR LINEAR LINEAR LINEAR LINEAR LINEAR LINEAR LINEAR LINEAR LINEAR LINEAR
LINEAR LINEAR LINEAR LINEAR LINEAR LINEAR LINEAR LINEAR LINEAR LINEAR LINEAR LINEAR
LINEAR LINEAR LINEAR LINEAR</Name_array><technique_common><accessor source="#jnt_right_handindex4-Interpolations-array" count="51"><param type="name"/></accessor></technique_common></source><sampler id="jnt_right_handindex4-Matrix-animation-transform"><input semantic="INPUT" source="#jnt_right_handindex4-Matrix-animation-input"/><input semantic="OUTPUT" source="#jnt_right_handindex4-Matrix-animation-output-transform"/><input semantic="INTERPOLATION" source="#jnt_right_handindex4-Interpolations"/></sampler><channel source="#jnt_right_handindex4-Matrix-animation-transform" target="jnt_right_handindex4/matrix"/></animation></animation>
    <animation id="jnt_right_weapon-anim" name="jnt_right_weapon"><animation><source id="jnt_right_weapon-Matrix-animation-input"><float_array id="jnt_right_weapon-Matrix-animation-input-array" count="51">

0.000000 0.033333 0.066667 0.100000 0.133333 0.166667 0.200000 0.233333 0.266667 0.300000 0.333333 0.366667 0.400000 0.433333 0.466667 0.500000
0.533333 0.566667 0.600000 0.633333 0.666667 0.700000 0.733333 0.766667 0.800000 0.833333 0.866667 0.900000 0.933333 0.966667 1.000000 1.033333
1.066667 1.100000 1.133333 1.166667 1.200000 1.233333 1.266667 1.300000 1.333333 1.366667 1.400000 1.433333 1.466667 1.500000 1.533333 1.566667
1.600000 1.633333 1.666667</float_array><technique_common><accessor source="#jnt_right_weapon-Matrix-animation-input-array" count="51"><param name="TIME" type="float"/></accessor></technique_common></source><source id="jnt_right_weapon-Matrix-animation-output-transform"><float_array id="jnt_right_weapon-Matrix-animation-output-transform-array" count="816">

-0.068647 0.108940 0.991675 0.378154 0.108716 0.988917 -0.101112 0.022002 -0.991700 0.100870 -0.079730 -0.243599 0.000000 0.000000 0.000000 1.000000
-0.068647 0.108940 0.991675 0.378154 0.108716 0.988917 -0.101112 0.022002 -0.991700 0.100870 -0.079730 -0.243599 0.000000 0.000000 0.000000 1.000000
-0.068647 0.108940 0.991675 0.378154 0.108716 0.988917 -0.101112 0.022002 -0.991700 0.100870 -0.079730 -0.243599 0.000000 0.000000 0.000000 1.000000
-0.068647 0.108940 0.991675 0.378154 0.108716 0.988917 -0.101112 0.022002 -0.991700 0.100870 -0.079730 -0.243599 0.000000 0.000000 0.000000 1.000000
-0.068647 0.108940 0.991675 0.378154 0.108716 0.988917 -0.101112 0.022002 -0.991700 0.100870 -0.079730 -0.243599 0.000000 0.000000 0.000000 1.000000
-0.068647 0.108940 0.991675 0.378154 0.108716 0.988917 -0.101112 0.022002 -0.991700 0.100870 -0.079730 -0.243599 0.000000 0.000000 0.000000 1.000000
-0.068647 0.108940 0.991675 0.378154 0.108716 0.988917 -0.101112 0.022002 -0.991700 0.100870 -0.079730 -0.243599 0.000000 0.000000 0.000000 1.000000
-0.068647 0.108940 0.991675 0.378154 0.108716 0.988917 -0.101112 0.022002 -0.991700 0.100870 -0.079730 -0.243599 0.000000 0.000000 0.000000 1.000000
-0.068647 0.108940 0.991675 0.378154 0.108716 0.988917 -0.101112 0.022002 -0.991700 0.100870 -0.079730 -0.243599 0.000000 0.000000 0.000000 1.000000
-0.068647 0.108940 0.991675 0.378154 0.108716 0.988917 -0.101112 0.022002 -0.991700 0.100870 -0.079730 -0.243599 0.000000 0.000000 0.000000 1.000000
-0.068647 0.108940 0.991675 0.378154 0.108716 0.988917 -0.101112 0.022002 -0.991700 0.100870 -0.079730 -0.243599 0.000000 0.000000 0.000000 1.000000
-0.068647 0.108940 0.991675 0.378154 0.108716 0.988917 -0.101112 0.022002 -0.991700 0.100870 -0.079730 -0.243599 0.000000 0.000000 0.000000 1.000000
-0.068647 0.108940 0.991675 0.378154 0.108716 0.988917 -0.101112 0.022002 -0.991700 0.100870 -0.079730 -0.243599 0.000000 0.000000 0.000000 1.000000
-0.068647 0.108940 0.991675 0.378154 0.108716 0.988917 -0.101112 0.022002 -0.991700 0.100870 -0.079730 -0.243599 0.000000 0.000000 0.000000 1.000000
-0.068647 0.108940 0.991675 0.378154 0.108716 0.988917 -0.101112 0.022002 -0.991700 0.100870 -0.079730 -0.243599 0.000000 0.000000 0.000000 1.000000
-0.068647 0.108940 0.991675 0.378154 0.108716 0.988917 -0.101112 0.022002 -0.991700 0.100870 -0.079730 -0.243599 0.000000 0.000000 0.000000 1.000000
-0.068647 0.108940 0.991675 0.378154 0.108716 0.988917 -0.101112 0.022002 -0.991700 0.100870 -0.079730 -0.243599 0.000000 0.000000 0.000000 1.000000
-0.068647 0.108940 0.991675 0.378154 0.108716 0.988917 -0.101112 0.022002 -0.991700 0.100870 -0.079730 -0.243599 0.000000 0.000000 0.000000 1.000000
-0.068647 0.108940 0.991675 0.378154 0.108716 0.988917 -0.101112 0.022002 -0.991700 0.100870 -0.079730 -0.243599 0.000000 0.000000 0.000000 1.000000
-0.068647 0.108940 0.991675 0.378154 0.108716 0.988917 -0.101112 0.022002 -0.991700 0.100870 -0.079730 -0.243599 0.000000 0.000000 0.000000 1.000000
-0.068647 0.108940 0.991675 0.378153 0.108716 0.988917 -0.101112 0.022002 -0.991700 0.100870 -0.079730 -0.243599 0.000000 0.000000 0.000000 1.000000
-0.068647 0.108940 0.991675 0.378153 0.108716 0.988917 -0.101112 0.022002 -0.991700 0.100870 -0.079730 -0.243599 0.000000 0.000000 0.000000 1.000000
-0.068647 0.108940 0.991675 0.378153 0.108716 0.988917 -0.101112 0.022002 -0.991700 0.100870 -0.079730 -0.243599 0.000000 0.000000 0.000000 1.000000
-0.068647 0.108940 0.991675 0.378153 0.108716 0.988917 -0.101112 0.022002 -0.991700 0.100870 -0.079730 -0.243599 0.000000 0.000000 0.000000 1.000000
-0.068647 0.108940 0.991675 0.378153 0.108716 0.988917 -0.101112 0.022002 -0.991700 0.100870 -0.079730 -0.243599 0.000000 0.000000 0.000000 1.000000
-0.068647 0.108940 0.991675 0.378153 0.108716 0.988917 -0.101112 0.022002 -0.991700 0.100870 -0.079730 -0.243599 0.000000 0.000000 0.000000 1.000000
-0.068647 0.108940 0.991675 0.378153 0.108716 0.988917 -0.101112 0.022002 -0.991700 0.100870 -0.079730 -0.243599 0.000000 0.000000 0.000000 1.000000
-0.068647 0.108940 0.991675 0.378153 0.108716 0.988917 -0.101112 0.022002 -0.991700 0.100870 -0.079730 -0.243599 0.000000 0.000000 0.000000 1.000000
-0.068647 0.108940 0.991675 0.378153 0.108717 0.988917 -0.101112 0.022002 -0.991700 0.100870 -0.079730 -0.243599 0.000000 0.000000 0.000000 1.000000
-0.068647 0.108940 0.991675 0.378153 0.108717 0.988917 -0.101112 0.022002 -0.991700 0.100870 -0.079730 -0.243599 0.000000 0.000000 0.000000 1.000000
-0.068647 0.108940 0.991675 0.378153 0.108717 0.988917 -0.101112 0.022002 -0.991700 0.100870 -0.079730 -0.243599 0.000000 0.000000 0.000000 1.000000
-0.068647 0.108940 0.991675 0.378153 0.108717 0.988917 -0.101112 0.022002 -0.991700 0.100870 -0.079730 -0.243599 0.000000 0.000000 0.000000 1.000000
-0.068647 0.108940 0.991675 0.378153 0.108717 0.988917 -0.101112 0.022002 -0.991700 0.100870 -0.079730 -0.243599 0.000000 0.000000 0.000000 1.000000
-0.068647 0.108940 0.991675 0.378153 0.108717 0.988917 -0.101112 0.022002 -0.991700 0.100870 -0.079730 -0.243599 0.000000 0.000000 0.000000 1.000000
-0.068647 0.108940 0.991675 0.378153 0.108717 0.988917 -0.101112 0.022002 -0.991700 0.100870 -0.079730 -0.243599 0.000000 0.000000 0.000000 1.000000
-0.068647 0.108940 0.991675 0.378153 0.108717 0.988917 -0.101112 0.022002 -0.991700 0.100870 -0.079730 -0.243599 0.000000 0.000000 0.000000 1.000000
-0.068647 0.108940 0.991675 0.378153 0.108717 0.988917 -0.101112 0.022002 -0.991700 0.100870 -0.079730 -0.243599 0.000000 0.000000 0.000000 1.000000
-0.068647 0.108940 0.991675 0.378153 0.108717 0.988917 -0.101112 0.022002 -0.991700 0.100870 -0.079730 -0.243599 0.000000 0.000000 0.000000 1.000000
-0.068647 0.108940 0.991675 0.378153 0.108717 0.988917 -0.101112 0.022002 -0.991700 0.100870 -0.079730 -0.243599 0.000000 0.000000 0.000000 1.000000
-0.068647 0.108940 0.991675 0.378153 0.108717 0.988917 -0.101112 0.022002 -0.991700 0.100870 -0.079730 -0.243599 0.000000 0.000000 0.000000 1.000000
-0.068647 0.108940 0.991675 0.378153 0.108717 0.988917 -0.101112 0.022002 -0.991700 0.100870 -0.079730 -0.243599 0.000000 0.000000 0.000000 1.000000
-0.068647 0.108940 0.991675 0.378153 0.108717 0.988917 -0.101112 0.022002 -0.991700 0.100870 -0.079730 -0.243599 0.000000 0.000000 0.000000 1.000000
-0.068647 0.108940 0.991675 0.378153 0.108717 0.988917 -0.101112 0.022002 -0.991700 0.100870 -0.079730 -0.243599 0.000000 0.000000 0.000000 1.000000
-0.068647 0.108940 0.991675 0.378153 0.108717 0.988917 -0.101112 0.022002 -0.991700 0.100870 -0.079730 -0.243599 0.000000 0.000000 0.000000 1.000000
-0.068647 0.108940 0.991675 0.378153 0.108717 0.988917 -0.101112 0.022002 -0.991700 0.100870 -0.079730 -0.243599 0.000000 0.000000 0.000000 1.000000
-0.068647 0.108940 0.991675 0.378153 0.108717 0.988917 -0.101112 0.022002 -0.991700 0.100870 -0.079730 -0.243599 0.000000 0.000000 0.000000 1.000000
-0.068647 0.108940 0.991675 0.378153 0.108717 0.988917 -0.101112 0.022002 -0.991700 0.100870 -0.079730 -0.243599 0.000000 0.000000 0.000000 1.000000
-0.068647 0.108940 0.991675 0.378153 0.108717 0.988917 -0.101112 0.022002 -0.991700 0.100870 -0.079730 -0.243599 0.000000 0.000000 0.000000 1.000000
-0.068647 0.108940 0.991675 0.378153 0.108717 0.988917 -0.101112 0.022002 -0.991700 0.100870 -0.079730 -0.243599 0.000000 0.000000 0.000000 1.000000
-0.068647 0.108940 0.991675 0.378153 0.108717 0.988917 -0.101112 0.022002 -0.991700 0.100870 -0.079730 -0.243599 0.000000 0.000000 0.000000 1.000000
-0.068647 0.108940 0.991675 0.378153 0.108717 0.988917 -0.101112 0.022002 -0.991700 0.100870 -0.079730 -0.243599 0.000000 0.000000 0.000000 1.000000</float_array><technique_common><accessor source="#jnt_right_weapon-Matrix-animation-output-transform-array" count="51" stride="16"><param type="float4x4"/></accessor></technique_common></source><source id="jnt_right_weapon-Interpolations"><Name_array id="jnt_right_weapon-Interpolations-array" count="51">
 LINEAR LINEAR LINEAR LINEAR LINEAR LINEAR LINEAR LINEAR LINEAR LINEAR LINEAR
LINEAR LINEAR LINEAR LINEAR LINEAR LINEAR LINEAR LINEAR LINEAR LINEAR LINEAR LINEAR
LINEAR LINEAR LINEAR LINEAR LINEAR LINEAR LINEAR LINEAR LINEAR LINEAR LINEAR LINEAR
LINEAR LINEAR LINEAR LINEAR LINEAR LINEAR LINEAR LINEAR LINEAR LINEAR LINEAR LINEAR
LINEAR LINEAR LINEAR LINEAR</Name_array><technique_common><accessor source="#jnt_right_weapon-Interpolations-array" count="51"><param type="name"/></accessor></technique_common></source><sampler id="jnt_right_weapon-Matrix-animation-transform"><input semantic="INPUT" source="#jnt_right_weapon-Matrix-animation-input"/><input semantic="OUTPUT" source="#jnt_right_weapon-Matrix-animation-output-transform"/><input semantic="INTERPOLATION" source="#jnt_right_weapon-Interpolations"/></sampler><channel source="#jnt_right_weapon-Matrix-animation-transform" target="jnt_right_weapon/matrix"/></animation></animation>
    <animation id="jnt_right_handmiddle1-anim" name="jnt_right_handmiddle1"><animation><source id="jnt_right_handmiddle1-Matrix-animation-input"><float_array id="jnt_right_handmiddle1-Matrix-animation-input-array" count="51">

0.000000 0.033333 0.066667 0.100000 0.133333 0.166667 0.200000 0.233333 0.266667 0.300000 0.333333 0.366667 0.400000 0.433333 0.466667 0.500000
0.533333 0.566667 0.600000 0.633333 0.666667 0.700000 0.733333 0.766667 0.800000 0.833333 0.866667 0.900000 0.933333 0.966667 1.000000 1.033333
1.066667 1.100000 1.133333 1.166667 1.200000 1.233333 1.266667 1.300000 1.333333 1.366667 1.400000 1.433333 1.466667 1.500000 1.533333 1.566667
1.600000 1.633333 1.666667</float_array><technique_common><accessor source="#jnt_right_handmiddle1-Matrix-animation-input-array" count="51"><param name="TIME" type="float"/></accessor></technique_common></source><source id="jnt_right_handmiddle1-Matrix-animation-output-transform"><float_array id="jnt_right_handmiddle1-Matrix-animation-output-transform-array" count="816">

0.830191 0.549370 -0.094738 0.489246 -0.081202 -0.048962 -0.995494 0.062066 -0.551533 0.834143 0.003963 0.036303 0.000000 0.000000 0.000000 1.000000
0.830191 0.549347 -0.094874 0.489246 -0.081202 -0.049208 -0.995482 0.062066 -0.551533 0.834144 0.003756 0.036303 0.000000 0.000000 0.000000 1.000000
0.830191 0.549323 -0.095010 0.489246 -0.081202 -0.049454 -0.995470 0.062066 -0.551533 0.834145 0.003550 0.036303 0.000000 0.000000 0.000000 1.000000
0.830191 0.549300 -0.095146 0.489246 -0.081202 -0.049701 -0.995458 0.062066 -0.551533 0.834146 0.003343 0.036303 0.000000 0.000000 0.000000 1.000000
0.830191 0.549276 -0.095282 0.489246 -0.081202 -0.049947 -0.995445 0.062066 -0.551533 0.834147 0.003137 0.036303 0.000000 0.000000 0.000000 1.000000
0.830191 0.549252 -0.095418 0.489246 -0.081203 -0.050194 -0.995433 0.062066 -0.551533 0.834148 0.002930 0.036303 0.000000 0.000000 0.000000 1.000000
0.830191 0.549229 -0.095554 0.489246 -0.081203 -0.050440 -0.995421 0.062066 -0.551533 0.834148 0.002724 0.036303 0.000000 0.000000 0.000000 1.000000
0.830191 0.549205 -0.095690 0.489246 -0.081203 -0.050686 -0.995408 0.062066 -0.551533 0.834149 0.002518 0.036303 0.000000 0.000000 0.000000 1.000000
0.830191 0.549182 -0.095826 0.489246 -0.081203 -0.050933 -0.995396 0.062066 -0.551533 0.834150 0.002311 0.036303 0.000000 0.000000 0.000000 1.000000
0.830191 0.549158 -0.095962 0.489246 -0.081203 -0.051179 -0.995383 0.062066 -0.551533 0.834150 0.002105 0.036303 0.000000 0.000000 0.000000 1.000000
0.830191 0.549134 -0.096098 0.489246 -0.081203 -0.051425 -0.995370 0.062066 -0.551534 0.834151 0.001898 0.036303 0.000000 0.000000 0.000000 1.000000
0.830191 0.549110 -0.096234 0.489246 -0.081203 -0.051672 -0.995357 0.062066 -0.551534 0.834151 0.001692 0.036303 0.000000 0.000000 0.000000 1.000000
0.830191 0.549086 -0.096370 0.489246 -0.081203 -0.051918 -0.995345 0.062066 -0.551534 0.834151 0.001485 0.036303 0.000000 0.000000 0.000000 1.000000
0.830191 0.549063 -0.096506 0.489246 -0.081203 -0.052165 -0.995332 0.062066 -0.551533 0.834152 0.001279 0.036303 0.000000 0.000000 0.000000 1.000000
0.830191 0.549023 -0.096732 0.489246 -0.081203 -0.052574 -0.995310 0.062066 -0.551533 0.834152 0.000935 0.036303 0.000000 0.000000 0.000000 1.000000
0.830191 0.548983 -0.096958 0.489246 -0.081203 -0.052984 -0.995288 0.062066 -0.551533 0.834152 0.000592 0.036303 0.000000 0.000000 0.000000 1.000000
0.830191 0.548943 -0.097184 0.489246 -0.081203 -0.053394 -0.995266 0.062066 -0.551534 0.834153 0.000249 0.036303 0.000000 0.000000 0.000000 1.000000
0.830191 0.548903 -0.097410 0.489246 -0.081203 -0.053804 -0.995244 0.062066 -0.551534 0.834153 -0.000095 0.036303 0.000000 0.000000 0.000000 1.000000
0.830191 0.548863 -0.097636 0.489246 -0.081203 -0.054213 -0.995222 0.062066 -0.551534 0.834153 -0.000438 0.036303 0.000000 0.000000 0.000000 1.000000
0.830191 0.548823 -0.097862 0.489246 -0.081203 -0.054623 -0.995200 0.062066 -0.551534 0.834152 -0.000781 0.036303 0.000000 0.000000 0.000000 1.000000
0.836128 0.539959 -0.096614 0.489246 -0.080544 -0.053369 -0.995321 0.062066 -0.542589 0.839998 -0.001133 0.036303 0.000000 0.000000 0.000000 1.000000
0.844231 0.527525 -0.094826 0.489246 -0.079623 -0.051521 -0.995493 0.062066 -0.530032 0.847976 -0.001493 0.036303 0.000000 0.000000 0.000000 1.000000
0.852145 0.514967 -0.093049 0.489246 -0.078671 -0.049723 -0.995660 0.062066 -0.517359 0.855767 -0.001859 0.036303 0.000000 0.000000 0.000000 1.000000
0.875085 0.476008 -0.087423 0.489246 -0.075708 -0.043775 -0.996169 0.062066 -0.478011 0.878351 -0.002269 0.036303 0.000000 0.000000 0.000000 1.000000
0.901537 0.425125 -0.080621 0.489246 -0.071761 -0.036844 -0.996741 0.062066 -0.426710 0.904384 -0.002709 0.036303 0.000000 0.000000 0.000000 1.000000
0.928237 0.364789 -0.072828 0.489246 -0.066942 -0.028772 -0.997342 0.062066 -0.365915 0.930645 -0.002287 0.036303 0.000000 0.000000 0.000000 1.000000
0.952422 0.297792 -0.064907 0.489246 -0.061402 -0.021123 -0.997890 0.062066 -0.298534 0.954397 -0.001833 0.036303 0.000000 0.000000 0.000000 1.000000
0.959559 0.274548 -0.062208 0.489246 -0.059441 -0.018393 -0.998062 0.062066 -0.275161 0.961397 -0.001330 0.036303 0.000000 0.000000 0.000000 1.000000
0.966121 0.251126 -0.059543 0.489246 -0.057421 -0.015774 -0.998225 0.062066 -0.251620 0.967826 -0.000819 0.036303 0.000000 0.000000 0.000000 1.000000
0.972102 0.227548 -0.056911 0.489246 -0.055344 -0.013264 -0.998379 0.062066 -0.227934 0.973677 -0.000301 0.036303 0.000000 0.000000 0.000000 1.000000
0.986246 0.157653 -0.049632 0.489246 -0.049046 -0.007612 -0.998768 0.062066 -0.157837 0.987465 0.000225 0.036303 0.000000 0.000000 0.000000 1.000000
0.994823 0.092085 -0.042974 0.489246 -0.042861 -0.003201 -0.999076 0.062066 -0.092138 0.995746 0.000762 0.036303 0.000000 0.000000 0.000000 1.000000
0.998704 0.034754 -0.037189 0.489246 -0.037211 0.000009 -0.999307 0.062066 -0.034729 0.999396 0.001302 0.036303 0.000000 0.000000 0.000000 1.000000
0.999413 -0.010561 -0.032596 0.489246 -0.032572 0.002447 -0.999466 0.062065 0.010635 0.999941 0.002102 0.036303 0.000000 0.000000 0.000000 1.000000
0.999193 -0.025407 -0.031095 0.489246 -0.031011 0.003691 -0.999512 0.062065 0.025510 0.999670 0.002901 0.036303 0.000000 0.000000 0.000000 1.000000
0.998751 -0.040252 -0.029615 0.489246 -0.029442 0.004889 -0.999555 0.062065 0.040379 0.999178 0.003698 0.036303 0.000000 0.000000 0.000000 1.000000
0.998295 -0.050905 -0.028566 0.489246 -0.028300 0.005945 -0.999582 0.062065 0.051054 0.998686 0.004495 0.036303 0.000000 0.000000 0.000000 1.000000
0.998295 -0.050900 -0.028575 0.489246 -0.028300 0.006118 -0.999581 0.062065 0.051054 0.998685 0.004667 0.036303 0.000000 0.000000 0.000000 1.000000
0.998295 -0.050895 -0.028584 0.489246 -0.028300 0.006291 -0.999580 0.062065 0.051054 0.998684 0.004840 0.036303 0.000000 0.000000 0.000000 1.000000
0.998295 -0.050891 -0.028592 0.489246 -0.028300 0.006463 -0.999579 0.062065 0.051054 0.998683 0.005012 0.036303 0.000000 0.000000 0.000000 1.000000
0.998295 -0.050886 -0.028601 0.489246 -0.028300 0.006636 -0.999577 0.062065 0.051054 0.998683 0.005185 0.036303 0.000000 0.000000 0.000000 1.000000
0.998295 -0.050881 -0.028610 0.489246 -0.028300 0.006809 -0.999576 0.062065 0.051054 0.998682 0.005357 0.036303 0.000000 0.000000 0.000000 1.000000
0.998295 -0.050876 -0.028619 0.489245 -0.028300 0.006981 -0.999575 0.062065 0.051054 0.998681 0.005529 0.036303 0.000000 0.000000 0.000000 1.000000
0.998295 -0.050871 -0.028628 0.489245 -0.028300 0.007154 -0.999574 0.062065 0.051054 0.998680 0.005702 0.036303 0.000000 0.000000 0.000000 1.000000
0.998295 -0.050866 -0.028636 0.489245 -0.028300 0.007327 -0.999573 0.062065 0.051054 0.998679 0.005875 0.036303 0.000000 0.000000 0.000000 1.000000
0.998295 -0.050861 -0.028645 0.489245 -0.028300 0.007499 -0.999571 0.062065 0.051054 0.998678 0.006047 0.036303 0.000000 0.000000 0.000000 1.000000
0.998295 -0.050856 -0.028654 0.489245 -0.028300 0.007672 -0.999570 0.062065 0.051054 0.998677 0.006220 0.036303 0.000000 0.000000 0.000000 1.000000
0.998295 -0.050851 -0.028663 0.489245 -0.028300 0.007844 -0.999569 0.062065 0.051054 0.998676 0.006392 0.036303 0.000000 0.000000 0.000000 1.000000
0.998295 -0.050847 -0.028672 0.489245 -0.028300 0.008017 -0.999567 0.062065 0.051054 0.998674 0.006564 0.036303 0.000000 0.000000 0.000000 1.000000
0.998295 -0.050842 -0.028680 0.489245 -0.028300 0.008190 -0.999566 0.062065 0.051054 0.998673 0.006737 0.036303 0.000000 0.000000 0.000000 1.000000
0.998295 -0.050837 -0.028689 0.489245 -0.028300 0.008362 -0.999565 0.062065 0.051054 0.998672 0.006909 0.036303 0.000000 0.000000 0.000000 1.000000</float_array><technique_common><accessor source="#jnt_right_handmiddle1-Matrix-animation-output-transform-array" count="51" stride="16"><param type="float4x4"/></accessor></technique_common></source><source id="jnt_right_handmiddle1-Interpolations"><Name_array id="jnt_right_handmiddle1-Interpolations-array" count="51">
 LINEAR LINEAR LINEAR LINEAR LINEAR LINEAR LINEAR LINEAR LINEAR LINEAR LINEAR
LINEAR LINEAR LINEAR LINEAR LINEAR LINEAR LINEAR LINEAR LINEAR LINEAR LINEAR LINEAR
LINEAR LINEAR LINEAR LINEAR LINEAR LINEAR LINEAR LINEAR LINEAR LINEAR LINEAR LINEAR
LINEAR LINEAR LINEAR LINEAR LINEAR LINEAR LINEAR LINEAR LINEAR LINEAR LINEAR LINEAR
LINEAR LINEAR LINEAR LINEAR</Name_array><technique_common><accessor source="#jnt_right_handmiddle1-Interpolations-array" count="51"><param type="name"/></accessor></technique_common></source><sampler id="jnt_right_handmiddle1-Matrix-animation-transform"><input semantic="INPUT" source="#jnt_right_handmiddle1-Matrix-animation-input"/><input semantic="OUTPUT" source="#jnt_right_handmiddle1-Matrix-animation-output-transform"/><input semantic="INTERPOLATION" source="#jnt_right_handmiddle1-Interpolations"/></sampler><channel source="#jnt_right_handmiddle1-Matrix-animation-transform" target="jnt_right_handmiddle1/matrix"/></animation></animation>
    <animation id="jnt_right_handmiddle2-anim" name="jnt_right_handmiddle2"><animation><source id="jnt_right_handmiddle2-Matrix-animation-input"><float_array id="jnt_right_handmiddle2-Matrix-animation-input-array" count="51">

0.000000 0.033333 0.066667 0.100000 0.133333 0.166667 0.200000 0.233333 0.266667 0.300000 0.333333 0.366667 0.400000 0.433333 0.466667 0.500000
0.533333 0.566667 0.600000 0.633333 0.666667 0.700000 0.733333 0.766667 0.800000 0.833333 0.866667 0.900000 0.933333 0.966667 1.000000 1.033333
1.066667 1.100000 1.133333 1.166667 1.200000 1.233333 1.266667 1.300000 1.333333 1.366667 1.400000 1.433333 1.466667 1.500000 1.533333 1.566667
1.600000 1.633333 1.666667</float_array><technique_common><accessor source="#jnt_right_handmiddle2-Matrix-animation-input-array" count="51"><param name="TIME" type="float"/></accessor></technique_common></source><source id="jnt_right_handmiddle2-Matrix-animation-output-transform"><float_array id="jnt_right_handmiddle2-Matrix-animation-output-transform-array" count="816">

0.723631 0.690163 0.005762 0.176685 -0.690155 0.723652 -0.003570 0.000000 -0.006634 -0.001393 0.999977 0.000000 0.000000 0.000000 0.000000 1.000000
0.723631 0.690163 0.005762 0.176685 -0.690155 0.723652 -0.003570 0.000000 -0.006634 -0.001394 0.999977 0.000000 0.000000 0.000000 0.000000 1.000000
0.723631 0.690163 0.005763 0.176685 -0.690155 0.723652 -0.003570 0.000000 -0.006634 -0.001394 0.999977 0.000000 0.000000 0.000000 0.000000 1.000000
0.723631 0.690163 0.005763 0.176685 -0.690155 0.723652 -0.003570 0.000000 -0.006634 -0.001394 0.999977 0.000000 0.000000 0.000000 0.000000 1.000000
0.723631 0.690163 0.005763 0.176685 -0.690155 0.723652 -0.003570 0.000000 -0.006634 -0.001394 0.999977 0.000000 0.000000 0.000000 0.000000 1.000000
0.723631 0.690163 0.005763 0.176685 -0.690155 0.723652 -0.003570 0.000000 -0.006634 -0.001394 0.999977 0.000000 0.000000 0.000000 0.000000 1.000000
0.723631 0.690163 0.005763 0.176685 -0.690155 0.723652 -0.003570 0.000000 -0.006634 -0.001394 0.999977 0.000000 0.000000 0.000000 0.000000 1.000000
0.723631 0.690163 0.005763 0.176685 -0.690155 0.723652 -0.003570 0.000000 -0.006634 -0.001394 0.999977 0.000000 0.000000 0.000000 0.000000 1.000000
0.723631 0.690163 0.005763 0.176685 -0.690155 0.723652 -0.003570 0.000000 -0.006634 -0.001394 0.999977 0.000000 0.000000 0.000000 0.000000 1.000000
0.723630 0.690163 0.005763 0.176685 -0.690156 0.723652 -0.003570 0.000000 -0.006634 -0.001394 0.999977 0.000000 0.000000 0.000000 0.000000 1.000000
0.723630 0.690163 0.005763 0.176685 -0.690156 0.723652 -0.003570 0.000000 -0.006634 -0.001394 0.999977 0.000000 0.000000 0.000000 0.000000 1.000000
0.723630 0.690163 0.005763 0.176685 -0.690156 0.723652 -0.003570 0.000000 -0.006634 -0.001394 0.999977 0.000000 0.000000 0.000000 0.000000 1.000000
0.723630 0.690163 0.005763 0.176685 -0.690156 0.723652 -0.003570 0.000000 -0.006634 -0.001395 0.999977 0.000000 0.000000 0.000000 0.000000 1.000000
0.723630 0.690163 0.005763 0.176685 -0.690156 0.723652 -0.003570 0.000000 -0.006634 -0.001395 0.999977 0.000000 0.000000 0.000000 0.000000 1.000000
0.723630 0.690163 0.005764 0.176685 -0.690156 0.723652 -0.003569 0.000000 -0.006634 -0.001395 0.999977 0.000000 0.000000 0.000000 0.000000 1.000000
0.723630 0.690163 0.005764 0.176685 -0.690156 0.723652 -0.003569 0.000000 -0.006634 -0.001395 0.999977 0.000000 0.000000 0.000000 0.000000 1.000000
0.723630 0.690164 0.005764 0.176685 -0.690156 0.723652 -0.003569 0.000000 -0.006634 -0.001395 0.999977 0.000000 0.000000 0.000000 0.000000 1.000000
0.723630 0.690164 0.005764 0.176685 -0.690156 0.723652 -0.003569 0.000000 -0.006634 -0.001395 0.999977 0.000000 0.000000 0.000000 0.000000 1.000000
0.723630 0.690164 0.005764 0.176685 -0.690156 0.723652 -0.003569 0.000000 -0.006635 -0.001395 0.999977 0.000000 0.000000 0.000000 0.000000 1.000000
0.723630 0.690164 0.005764 0.176685 -0.690156 0.723652 -0.003569 0.000000 -0.006635 -0.001395 0.999977 0.000000 0.000000 0.000000 0.000000 1.000000
0.728437 0.685089 0.005681 0.176685 -0.685081 0.728458 -0.003490 0.000000 -0.006529 -0.001349 0.999978 0.000000 0.000000 0.000000 0.000000 1.000000
0.735069 0.677969 0.005563 0.176685 -0.677962 0.735089 -0.003381 0.000000 -0.006382 -0.001287 0.999979 0.000000 0.000000 0.000000 0.000000 1.000000
0.741631 0.670786 0.005445 0.176685 -0.670779 0.741650 -0.003273 0.000000 -0.006234 -0.001225 0.999980 0.000000 0.000000 0.000000 0.000000 1.000000
0.761199 0.648499 0.005079 0.176685 -0.648493 0.761215 -0.002951 0.000000 -0.005780 -0.001047 0.999983 0.000000 0.000000 0.000000 0.000000 1.000000
0.785037 0.619432 0.004600 0.176685 -0.619428 0.785050 -0.002559 0.000000 -0.005197 -0.000841 0.999986 0.000000 0.000000 0.000000 0.000000 1.000000
0.811093 0.584903 0.004032 0.176685 -0.584899 0.811103 -0.002130 0.000000 -0.004517 -0.000631 0.999990 0.000000 0.000000 0.000000 0.000000 1.000000
0.837495 0.546435 0.003400 0.176685 -0.546432 0.837502 -0.001696 0.000000 -0.003774 -0.000437 0.999993 0.000000 0.000000 0.000000 0.000000 1.000000
0.846094 0.533024 0.003179 0.176685 -0.533022 0.846100 -0.001554 0.000000 -0.003518 -0.000379 0.999994 0.000000 0.000000 0.000000 0.000000 1.000000
0.854479 0.519477 0.002956 0.176685 -0.519475 0.854484 -0.001416 0.000000 -0.003261 -0.000325 0.999995 0.000000 0.000000 0.000000 0.000000 1.000000
0.862647 0.505800 0.002731 0.176685 -0.505798 0.862651 -0.001282 0.000000 -0.003004 -0.000275 0.999995 0.000000 0.000000 0.000000 0.000000 1.000000
0.885302 0.465012 0.002060 0.176685 -0.465011 0.885304 -0.000909 0.000000 -0.002246 -0.000153 0.999997 0.000000 0.000000 0.000000 0.000000 1.000000
0.904585 0.426292 0.001423 0.176685 -0.426291 0.904586 -0.000592 0.000000 -0.001539 -0.000071 0.999999 0.000000 0.000000 0.000000 0.000000 1.000000
0.919968 0.391993 0.000858 0.176685 -0.391993 0.919968 -0.000339 0.000000 -0.000923 -0.000025 1.000000 0.000000 0.000000 0.000000 0.000000 1.000000
0.931188 0.364540 0.000407 0.176685 -0.364540 0.931188 -0.000154 0.000000 -0.000435 -0.000005 1.000000 0.000000 0.000000 0.000000 0.000000 1.000000
0.934690 0.355464 0.000257 0.176685 -0.355464 0.934690 -0.000097 0.000000 -0.000275 -0.000001 1.000000 0.000000 0.000000 0.000000 0.000000 1.000000
0.938104 0.346354 0.000108 0.176685 -0.346354 0.938104 -0.000040 0.000000 -0.000115 0.000001 1.000000 0.000000 0.000000 0.000000 0.000000 1.000000
0.940502 0.339789 -0.000000 0.176685 -0.339789 0.940502 -0.000000 0.000000 0.000000 0.000001 1.000000 0.000000 0.000000 0.000000 0.000000 1.000000
0.940502 0.339789 -0.000000 0.176685 -0.339789 0.940502 -0.000000 0.000000 0.000000 0.000001 1.000000 0.000000 0.000000 0.000000 0.000000 1.000000
0.940502 0.339789 -0.000001 0.176685 -0.339789 0.940502 -0.000000 0.000000 0.000000 0.000001 1.000000 0.000000 0.000000 0.000000 0.000000 1.000000
0.940502 0.339789 -0.000001 0.176685 -0.339789 0.940502 -0.000000 0.000000 0.000000 0.000001 1.000000 0.000000 0.000000 0.000000 0.000000 1.000000
0.940502 0.339789 -0.000001 0.176685 -0.339789 0.940502 -0.000000 0.000000 0.000000 0.000001 1.000000 0.000000 0.000000 0.000000 0.000000 1.000000
0.940502 0.339789 -0.000001 0.176685 -0.339789 0.940502 -0.000000 0.000000 0.000000 0.000001 1.000000 0.000000 0.000000 0.000000 0.000000 1.000000
0.940502 0.339789 -0.000001 0.176685 -0.339789 0.940502 -0.000000 0.000000 0.000000 0.000001 1.000000 0.000000 0.000000 0.000000 0.000000 1.000000
0.940502 0.339789 -0.000001 0.176685 -0.339789 0.940502 -0.000000 0.000000 0.000000 0.000001 1.000000 0.000000 0.000000 0.000000 0.000000 1.000000
0.940502 0.339789 -0.000001 0.176685 -0.339789 0.940502 -0.000000 0.000000 0.000000 0.000001 1.000000 0.000000 0.000000 0.000000 0.000000 1.000000
0.940502 0.339789 -0.000001 0.176685 -0.339789 0.940502 -0.000000 0.000000 0.000000 0.000001 1.000000 0.000000 0.000000 0.000000 0.000000 1.000000
0.940502 0.339789 -0.000001 0.176685 -0.339789 0.940502 -0.000000 0.000000 0.000000 0.000001 1.000000 0.000000 0.000000 0.000000 0.000000 1.000000
0.940502 0.339789 -0.000001 0.176685 -0.339789 0.940502 -0.000000 0.000000 0.000000 0.000001 1.000000 0.000000 0.000000 0.000000 0.000000 1.000000
0.940502 0.339789 -0.000001 0.176685 -0.339789 0.940502 -0.000000 0.000000 0.000000 0.000001 1.000000 0.000000 0.000000 0.000000 0.000000 1.000000
0.940502 0.339789 -0.000001 0.176685 -0.339789 0.940502 -0.000001 0.000000 0.000000 0.000001 1.000000 0.000000 0.000000 0.000000 0.000000 1.000000
0.940502 0.339789 -0.000001 0.176685 -0.339789 0.940502 -0.000001 0.000000 0.000000 0.000001 1.000000 0.000000 0.000000 0.000000 0.000000 1.000000</float_array><technique_common><accessor source="#jnt_right_handmiddle2-Matrix-animation-output-transform-array" count="51" stride="16"><param type="float4x4"/></accessor></technique_common></source><source id="jnt_right_handmiddle2-Interpolations"><Name_array id="jnt_right_handmiddle2-Interpolations-array" count="51">
 LINEAR LINEAR LINEAR LINEAR LINEAR LINEAR LINEAR LINEAR LINEAR LINEAR LINEAR
LINEAR LINEAR LINEAR LINEAR LINEAR LINEAR LINEAR LINEAR LINEAR LINEAR LINEAR LINEAR
LINEAR LINEAR LINEAR LINEAR LINEAR LINEAR LINEAR LINEAR LINEAR LINEAR LINEAR LINEAR
LINEAR LINEAR LINEAR LINEAR LINEAR LINEAR LINEAR LINEAR LINEAR LINEAR LINEAR LINEAR
LINEAR LINEAR LINEAR LINEAR</Name_array><technique_common><accessor source="#jnt_right_handmiddle2-Interpolations-array" count="51"><param type="name"/></accessor></technique_common></source><sampler id="jnt_right_handmiddle2-Matrix-animation-transform"><input semantic="INPUT" source="#jnt_right_handmiddle2-Matrix-animation-input"/><input semantic="OUTPUT" source="#jnt_right_handmiddle2-Matrix-animation-output-transform"/><input semantic="INTERPOLATION" source="#jnt_right_handmiddle2-Interpolations"/></sampler><channel source="#jnt_right_handmiddle2-Matrix-animation-transform" target="jnt_right_handmiddle2/matrix"/></animation></animation>
    <animation id="jnt_right_handmiddle3-anim" name="jnt_right_handmiddle3"><animation><source id="jnt_right_handmiddle3-Matrix-animation-input"><float_array id="jnt_right_handmiddle3-Matrix-animation-input-array" count="51">

0.000000 0.033333 0.066667 0.100000 0.133333 0.166667 0.200000 0.233333 0.266667 0.300000 0.333333 0.366667 0.400000 0.433333 0.466667 0.500000
0.533333 0.566667 0.600000 0.633333 0.666667 0.700000 0.733333 0.766667 0.800000 0.833333 0.866667 0.900000 0.933333 0.966667 1.000000 1.033333
1.066667 1.100000 1.133333 1.166667 1.200000 1.233333 1.266667 1.300000 1.333333 1.366667 1.400000 1.433333 1.466667 1.500000 1.533333 1.566667
1.600000 1.633333 1.666667</float_array><technique_common><accessor source="#jnt_right_handmiddle3-Matrix-animation-input-array" count="51"><param name="TIME" type="float"/></accessor></technique_common></source><source id="jnt_right_handmiddle3-Matrix-animation-output-transform"><float_array id="jnt_right_handmiddle3-Matrix-animation-output-transform-array" count="816">

0.769223 0.638940 0.007161 0.108374 -0.638938 0.769253 -0.002796 0.000000 -0.007295 -0.002425 0.999970 0.000000 0.000000 0.000000 0.000000 1.000000
0.769223 0.638940 0.007161 0.108374 -0.638939 0.769253 -0.002796 0.000000 -0.007295 -0.002425 0.999970 0.000000 0.000000 0.000000 0.000000 1.000000
0.769223 0.638940 0.007161 0.108374 -0.638939 0.769253 -0.002796 0.000000 -0.007295 -0.002425 0.999970 0.000000 0.000000 0.000000 0.000000 1.000000
0.769223 0.638940 0.007161 0.108374 -0.638939 0.769253 -0.002796 0.000000 -0.007295 -0.002424 0.999970 0.000000 0.000000 0.000000 0.000000 1.000000
0.769223 0.638940 0.007161 0.108374 -0.638939 0.769253 -0.002796 0.000000 -0.007295 -0.002424 0.999970 0.000000 0.000000 0.000000 0.000000 1.000000
0.769223 0.638940 0.007161 0.108374 -0.638939 0.769253 -0.002796 0.000000 -0.007295 -0.002424 0.999970 0.000000 0.000000 0.000000 0.000000 1.000000
0.769223 0.638940 0.007161 0.108374 -0.638939 0.769253 -0.002796 0.000000 -0.007295 -0.002424 0.999970 0.000000 0.000000 0.000000 0.000000 1.000000
0.769223 0.638940 0.007161 0.108374 -0.638939 0.769253 -0.002797 0.000000 -0.007295 -0.002424 0.999970 0.000000 0.000000 0.000000 0.000000 1.000000
0.769223 0.638940 0.007161 0.108374 -0.638939 0.769253 -0.002797 0.000000 -0.007295 -0.002424 0.999970 0.000000 0.000000 0.000000 0.000000 1.000000
0.769223 0.638940 0.007161 0.108374 -0.638939 0.769253 -0.002797 0.000000 -0.007295 -0.002424 0.999970 0.000000 0.000000 0.000000 0.000000 1.000000
0.769223 0.638940 0.007161 0.108374 -0.638939 0.769253 -0.002797 0.000000 -0.007295 -0.002424 0.999970 0.000000 0.000000 0.000000 0.000000 1.000000
0.769223 0.638940 0.007160 0.108374 -0.638939 0.769253 -0.002797 0.000000 -0.007295 -0.002424 0.999970 0.000000 0.000000 0.000000 0.000000 1.000000
0.769223 0.638940 0.007160 0.108374 -0.638939 0.769253 -0.002797 0.000000 -0.007295 -0.002424 0.999970 0.000000 0.000000 0.000000 0.000000 1.000000
0.769223 0.638940 0.007160 0.108374 -0.638939 0.769253 -0.002797 0.000000 -0.007295 -0.002424 0.999970 0.000000 0.000000 0.000000 0.000000 1.000000
0.769223 0.638940 0.007160 0.108374 -0.638939 0.769253 -0.002797 0.000000 -0.007295 -0.002423 0.999970 0.000000 0.000000 0.000000 0.000000 1.000000
0.769223 0.638941 0.007160 0.108374 -0.638939 0.769252 -0.002797 0.000000 -0.007295 -0.002423 0.999970 0.000000 0.000000 0.000000 0.000000 1.000000
0.769223 0.638941 0.007160 0.108374 -0.638939 0.769252 -0.002797 0.000000 -0.007295 -0.002423 0.999970 0.000000 0.000000 0.000000 0.000000 1.000000
0.769223 0.638941 0.007160 0.108374 -0.638939 0.769252 -0.002797 0.000000 -0.007295 -0.002423 0.999970 0.000000 0.000000 0.000000 0.000000 1.000000
0.769223 0.638941 0.007160 0.108374 -0.638939 0.769252 -0.002798 0.000000 -0.007296 -0.002423 0.999970 0.000000 0.000000 0.000000 0.000000 1.000000
0.769223 0.638941 0.007160 0.108374 -0.638939 0.769252 -0.002798 0.000000 -0.007296 -0.002423 0.999970 0.000000 0.000000 0.000000 0.000000 1.000000
0.775297 0.631558 0.007052 0.108374 -0.631556 0.775325 -0.002726 0.000000 -0.007189 -0.002340 0.999971 0.000000 0.000000 0.000000 0.000000 1.000000
0.783633 0.621185 0.006901 0.108374 -0.621184 0.783661 -0.002627 0.000000 -0.007040 -0.002228 0.999973 0.000000 0.000000 0.000000 0.000000 1.000000
0.791831 0.610703 0.006748 0.108374 -0.610702 0.791857 -0.002531 0.000000 -0.006889 -0.002117 0.999974 0.000000 0.000000 0.000000 0.000000 1.000000
0.815951 0.578088 0.006278 0.108374 -0.578086 0.815973 -0.002245 0.000000 -0.006420 -0.001797 0.999978 0.000000 0.000000 0.000000 0.000000 1.000000
0.844588 0.535387 0.005668 0.108374 -0.535385 0.844606 -0.001904 0.000000 -0.005807 -0.001427 0.999982 0.000000 0.000000 0.000000 0.000000 1.000000
0.874775 0.484505 0.004951 0.108374 -0.484504 0.874788 -0.001540 0.000000 -0.005077 -0.001051 0.999986 0.000000 0.000000 0.000000 0.000000 1.000000
0.903898 0.427727 0.004158 0.108374 -0.427726 0.903908 -0.001184 0.000000 -0.004265 -0.000708 0.999991 0.000000 0.000000 0.000000 0.000000 1.000000
0.913004 0.407931 0.003884 0.108374 -0.407930 0.913012 -0.001070 0.000000 -0.003982 -0.000607 0.999992 0.000000 0.000000 0.000000 0.000000 1.000000
0.921678 0.387940 0.003607 0.108374 -0.387939 0.921685 -0.000962 0.000000 -0.003698 -0.000513 0.999993 0.000000 0.000000 0.000000 0.000000 1.000000
0.929912 0.367766 0.003328 0.108374 -0.367765 0.929918 -0.000859 0.000000 -0.003411 -0.000425 0.999994 0.000000 0.000000 0.000000 0.000000 1.000000
0.951477 0.307709 0.002501 0.108374 -0.307709 0.951480 -0.000582 0.000000 -0.002559 -0.000216 0.999997 0.000000 0.000000 0.000000 0.000000 1.000000
0.968010 0.250904 0.001722 0.108374 -0.250904 0.968012 -0.000360 0.000000 -0.001757 -0.000083 0.999998 0.000000 0.000000 0.000000 0.000000 1.000000
0.979628 0.200821 0.001036 0.108374 -0.200820 0.979628 -0.000196 0.000000 -0.001054 -0.000016 0.999999 0.000000 0.000000 0.000000 0.000000 1.000000
0.986966 0.160926 0.000490 0.108374 -0.160926 0.986966 -0.000085 0.000000 -0.000497 0.000005 1.000000 0.000000 0.000000 0.000000 0.000000 1.000000
0.989020 0.147779 0.000310 0.108374 -0.147779 0.989020 -0.000051 0.000000 -0.000314 0.000005 1.000000 0.000000 0.000000 0.000000 0.000000 1.000000
0.990899 0.134605 0.000129 0.108374 -0.134605 0.990899 -0.000022 0.000000 -0.000131 0.000004 1.000000 0.000000 0.000000 0.000000 0.000000 1.000000
0.992141 0.125125 -0.000000 0.108374 -0.125125 0.992141 -0.000001 0.000000 0.000000 0.000001 1.000000 0.000000 0.000000 0.000000 0.000000 1.000000
0.992141 0.125125 -0.000000 0.108374 -0.125125 0.992141 -0.000001 0.000000 0.000000 0.000001 1.000000 0.000000 0.000000 0.000000 0.000000 1.000000
0.992141 0.125125 -0.000000 0.108374 -0.125125 0.992141 -0.000001 0.000000 0.000000 0.000001 1.000000 0.000000 0.000000 0.000000 0.000000 1.000000
0.992141 0.125125 -0.000000 0.108374 -0.125125 0.992141 -0.000001 0.000000 0.000000 0.000001 1.000000 0.000000 0.000000 0.000000 0.000000 1.000000
0.992141 0.125126 -0.000000 0.108374 -0.125126 0.992141 -0.000001 0.000000 0.000000 0.000001 1.000000 0.000000 0.000000 0.000000 0.000000 1.000000
0.992141 0.125126 -0.000000 0.108374 -0.125126 0.992141 -0.000001 0.000000 0.000000 0.000001 1.000000 0.000000 0.000000 0.000000 0.000000 1.000000
0.992141 0.125126 -0.000000 0.108374 -0.125126 0.992141 -0.000001 0.000000 0.000000 0.000001 1.000000 0.000000 0.000000 0.000000 0.000000 1.000000
0.992141 0.125126 -0.000000 0.108374 -0.125126 0.992141 -0.000001 0.000000 0.000000 0.000001 1.000000 0.000000 0.000000 0.000000 0.000000 1.000000
0.992141 0.125126 -0.000000 0.108374 -0.125126 0.992141 -0.000001 0.000000 0.000000 0.000001 1.000000 0.000000 0.000000 0.000000 0.000000 1.000000
0.992141 0.125126 -0.000000 0.108374 -0.125126 0.992141 -0.000001 0.000000 0.000000 0.000001 1.000000 0.000000 0.000000 0.000000 0.000000 1.000000
0.992141 0.125126 -0.000000 0.108374 -0.125126 0.992141 -0.000001 0.000000 0.000000 0.000001 1.000000 0.000000 0.000000 0.000000 0.000000 1.000000
0.992141 0.125126 -0.000000 0.108374 -0.125126 0.992141 -0.000001 0.000000 0.000000 0.000001 1.000000 0.000000 0.000000 0.000000 0.000000 1.000000
0.992141 0.125126 -0.000000 0.108374 -0.125126 0.992141 -0.000001 0.000000 0.000000 0.000001 1.000000 0.000000 0.000000 0.000000 0.000000 1.000000
0.992141 0.125126 -0.000000 0.108374 -0.125126 0.992141 -0.000001 0.000000 0.000000 0.000001 1.000000 0.000000 0.000000 0.000000 0.000000 1.000000
0.992141 0.125126 -0.000000 0.108374 -0.125126 0.992141 -0.000001 0.000000 0.000000 0.000001 1.000000 0.000000 0.000000 0.000000 0.000000 1.000000</float_array><technique_common><accessor source="#jnt_right_handmiddle3-Matrix-animation-output-transform-array" count="51" stride="16"><param type="float4x4"/></accessor></technique_common></source><source id="jnt_right_handmiddle3-Interpolations"><Name_array id="jnt_right_handmiddle3-Interpolations-array" count="51">
 LINEAR LINEAR LINEAR LINEAR LINEAR LINEAR LINEAR LINEAR LINEAR LINEAR LINEAR
LINEAR LINEAR LINEAR LINEAR LINEAR LINEAR LINEAR LINEAR LINEAR LINEAR LINEAR LINEAR
LINEAR LINEAR LINEAR LINEAR LINEAR LINEAR LINEAR LINEAR LINEAR LINEAR LINEAR LINEAR
LINEAR LINEAR LINEAR LINEAR LINEAR LINEAR LINEAR LINEAR LINEAR LINEAR LINEAR LINEAR
LINEAR LINEAR LINEAR LINEAR</Name_array><technique_common><accessor source="#jnt_right_handmiddle3-Interpolations-array" count="51"><param type="name"/></accessor></technique_common></source><sampler id="jnt_right_handmiddle3-Matrix-animation-transform"><input semantic="INPUT" source="#jnt_right_handmiddle3-Matrix-animation-input"/><input semantic="OUTPUT" source="#jnt_right_handmiddle3-Matrix-animation-output-transform"/><input semantic="INTERPOLATION" source="#jnt_right_handmiddle3-Interpolations"/></sampler><channel source="#jnt_right_handmiddle3-Matrix-animation-transform" target="jnt_right_handmiddle3/matrix"/></animation></animation>
    <animation id="jnt_right_handmiddle4-anim" name="jnt_right_handmiddle4"><animation><source id="jnt_right_handmiddle4-Matrix-animation-input"><float_array id="jnt_right_handmiddle4-Matrix-animation-input-array" count="51">

0.000000 0.033333 0.066667 0.100000 0.133333 0.166667 0.200000 0.233333 0.266667 0.300000 0.333333 0.366667 0.400000 0.433333 0.466667 0.500000
0.533333 0.566667 0.600000 0.633333 0.666667 0.700000 0.733333 0.766667 0.800000 0.833333 0.866667 0.900000 0.933333 0.966667 1.000000 1.033333
1.066667 1.100000 1.133333 1.166667 1.200000 1.233333 1.266667 1.300000 1.333333 1.366667 1.400000 1.433333 1.466667 1.500000 1.533333 1.566667
1.600000 1.633333 1.666667</float_array><technique_common><accessor source="#jnt_right_handmiddle4-Matrix-animation-input-array" count="51"><param name="TIME" type="float"/></accessor></technique_common></source><source id="jnt_right_handmiddle4-Matrix-animation-output-transform"><float_array id="jnt_right_handmiddle4-Matrix-animation-output-transform-array" count="816">

1.000000 0.000000 -0.000001 0.119191 -0.000000 1.000000 0.000001 0.000105 0.000001 -0.000001 1.000000 -0.000005 0.000000 0.000000 0.000000 1.000000
1.000000 0.000000 -0.000001 0.119191 -0.000000 1.000000 0.000001 0.000105 0.000001 -0.000001 1.000000 -0.000005 0.000000 0.000000 0.000000 1.000000
1.000000 0.000000 -0.000001 0.119191 -0.000000 1.000000 0.000001 0.000105 0.000001 -0.000001 1.000000 -0.000005 0.000000 0.000000 0.000000 1.000000
1.000000 0.000000 -0.000001 0.119191 -0.000000 1.000000 0.000001 0.000105 0.000001 -0.000001 1.000000 -0.000005 0.000000 0.000000 0.000000 1.000000
1.000000 0.000000 -0.000001 0.119191 -0.000000 1.000000 0.000001 0.000105 0.000001 -0.000001 1.000000 -0.000005 0.000000 0.000000 0.000000 1.000000
1.000000 0.000000 -0.000001 0.119191 -0.000000 1.000000 0.000001 0.000105 0.000001 -0.000001 1.000000 -0.000005 0.000000 0.000000 0.000000 1.000000
1.000000 0.000000 -0.000001 0.119191 -0.000000 1.000000 0.000001 0.000105 0.000001 -0.000001 1.000000 -0.000005 0.000000 0.000000 0.000000 1.000000
1.000000 0.000000 -0.000001 0.119191 -0.000000 1.000000 0.000001 0.000105 0.000001 -0.000001 1.000000 -0.000005 0.000000 0.000000 0.000000 1.000000
1.000000 0.000000 -0.000001 0.119191 -0.000000 1.000000 0.000001 0.000105 0.000001 -0.000001 1.000000 -0.000005 0.000000 0.000000 0.000000 1.000000
1.000000 0.000000 -0.000001 0.119191 -0.000000 1.000000 0.000001 0.000105 0.000001 -0.000001 1.000000 -0.000005 0.000000 0.000000 0.000000 1.000000
1.000000 0.000000 -0.000001 0.119191 -0.000000 1.000000 0.000001 0.000105 0.000001 -0.000001 1.000000 -0.000005 0.000000 0.000000 0.000000 1.000000
1.000000 0.000000 -0.000001 0.119191 -0.000000 1.000000 0.000001 0.000105 0.000001 -0.000001 1.000000 -0.000005 0.000000 0.000000 0.000000 1.000000
1.000000 0.000000 -0.000001 0.119191 -0.000000 1.000000 0.000001 0.000105 0.000001 -0.000001 1.000000 -0.000005 0.000000 0.000000 0.000000 1.000000
1.000000 0.000000 -0.000001 0.119191 -0.000000 1.000000 0.000002 0.000105 0.000001 -0.000002 1.000000 -0.000005 0.000000 0.000000 0.000000 1.000000
1.000000 0.000000 -0.000001 0.119191 -0.000000 1.000000 0.000002 0.000105 0.000001 -0.000002 1.000000 -0.000005 0.000000 0.000000 0.000000 1.000000
1.000000 0.000000 -0.000001 0.119191 -0.000000 1.000000 0.000002 0.000105 0.000001 -0.000002 1.000000 -0.000005 0.000000 0.000000 0.000000 1.000000
1.000000 0.000000 -0.000001 0.119191 -0.000000 1.000000 0.000002 0.000105 0.000001 -0.000002 1.000000 -0.000005 0.000000 0.000000 0.000000 1.000000
1.000000 0.000000 -0.000001 0.119191 -0.000000 1.000000 0.000002 0.000105 0.000001 -0.000002 1.000000 -0.000005 0.000000 0.000000 0.000000 1.000000
1.000000 0.000000 -0.000001 0.119191 -0.000000 1.000000 0.000002 0.000105 0.000001 -0.000002 1.000000 -0.000005 0.000000 0.000000 0.000000 1.000000
1.000000 0.000000 -0.000001 0.119191 -0.000000 1.000000 0.000002 0.000105 0.000001 -0.000002 1.000000 -0.000005 0.000000 0.000000 0.000000 1.000000
1.000000 0.000175 0.000003 0.119191 -0.000175 1.000000 0.000002 0.000105 -0.000003 -0.000002 1.000000 -0.000005 0.000000 0.000000 0.000000 1.000000
1.000000 0.000418 0.000007 0.119191 -0.000418 1.000000 0.000002 0.000105 -0.000007 -0.000002 1.000000 -0.000005 0.000000 0.000000 0.000000 1.000000
1.000000 0.000662 0.000011 0.119191 -0.000662 1.000000 0.000002 0.000105 -0.000011 -0.000002 1.000000 -0.000005 0.000000 0.000000 0.000000 1.000000
0.999999 0.001405 0.000024 0.119191 -0.001405 0.999999 0.000002 0.000105 -0.000024 -0.000002 1.000000 -0.000005 0.000000 0.000000 0.000000 1.000000
0.999997 0.002347 0.000040 0.119191 -0.002347 0.999997 0.000002 0.000105 -0.000040 -0.000002 1.000000 -0.000005 0.000000 0.000000 0.000000 1.000000
0.999994 0.003430 0.000058 0.119191 -0.003430 0.999994 0.000002 0.000105 -0.000058 -0.000002 1.000000 -0.000005 0.000000 0.000000 0.000000 1.000000
0.999989 0.004599 0.000078 0.119191 -0.004599 0.999989 0.000002 0.000105 -0.000078 -0.000002 1.000000 -0.000005 0.000000 0.000000 0.000000 1.000000
0.999988 0.004998 0.000085 0.119191 -0.004998 0.999988 0.000002 0.000105 -0.000085 -0.000002 1.000000 -0.000005 0.000000 0.000000 0.000000 1.000000
0.999985 0.005397 0.000092 0.119191 -0.005397 0.999985 0.000002 0.000105 -0.000092 -0.000002 1.000000 -0.000005 0.000000 0.000000 0.000000 1.000000
0.999983 0.005796 0.000099 0.119191 -0.005796 0.999983 0.000002 0.000105 -0.000099 -0.000003 1.000000 -0.000005 0.000000 0.000000 0.000000 1.000000
0.999976 0.006964 0.000119 0.119191 -0.006964 0.999976 0.000002 0.000105 -0.000119 -0.000003 1.000000 -0.000005 0.000000 0.000000 0.000000 1.000000
0.999968 0.008048 0.000137 0.119191 -0.008048 0.999968 0.000002 0.000105 -0.000137 -0.000003 1.000000 -0.000005 0.000000 0.000000 0.000000 1.000000
0.999960 0.008989 0.000153 0.119191 -0.008989 0.999960 0.000001 0.000105 -0.000153 -0.000003 1.000000 -0.000005 0.000000 0.000000 0.000000 1.000000
0.999953 0.009732 0.000166 0.119191 -0.009732 0.999953 0.000001 0.000105 -0.000166 -0.000003 1.000000 -0.000005 0.000000 0.000000 0.000000 1.000000
0.999950 0.009975 0.000170 0.119191 -0.009975 0.999950 0.000001 0.000105 -0.000170 -0.000003 1.000000 -0.000005 0.000000 0.000000 0.000000 1.000000
0.999948 0.010219 0.000174 0.119191 -0.010219 0.999948 0.000001 0.000105 -0.000174 -0.000003 1.000000 -0.000005 0.000000 0.000000 0.000000 1.000000
0.999946 0.010394 0.000177 0.119191 -0.010394 0.999946 0.000001 0.000105 -0.000177 -0.000003 1.000000 -0.000005 0.000000 0.000000 0.000000 1.000000
0.999946 0.010394 0.000177 0.119191 -0.010394 0.999946 0.000001 0.000105 -0.000177 -0.000003 1.000000 -0.000005 0.000000 0.000000 0.000000 1.000000
0.999946 0.010394 0.000177 0.119191 -0.010394 0.999946 0.000001 0.000105 -0.000177 -0.000003 1.000000 -0.000005 0.000000 0.000000 0.000000 1.000000
0.999946 0.010394 0.000177 0.119191 -0.010394 0.999946 0.000001 0.000105 -0.000177 -0.000003 1.000000 -0.000005 0.000000 0.000000 0.000000 1.000000
0.999946 0.010394 0.000177 0.119191 -0.010394 0.999946 0.000001 0.000105 -0.000177 -0.000003 1.000000 -0.000005 0.000000 0.000000 0.000000 1.000000
0.999946 0.010394 0.000177 0.119191 -0.010394 0.999946 0.000001 0.000105 -0.000177 -0.000003 1.000000 -0.000005 0.000000 0.000000 0.000000 1.000000
0.999946 0.010394 0.000177 0.119191 -0.010394 0.999946 0.000001 0.000105 -0.000177 -0.000003 1.000000 -0.000005 0.000000 0.000000 0.000000 1.000000
0.999946 0.010394 0.000177 0.119191 -0.010394 0.999946 0.000001 0.000105 -0.000177 -0.000003 1.000000 -0.000005 0.000000 0.000000 0.000000 1.000000
0.999946 0.010394 0.000177 0.119191 -0.010394 0.999946 0.000001 0.000105 -0.000177 -0.000003 1.000000 -0.000005 0.000000 0.000000 0.000000 1.000000
0.999946 0.010394 0.000177 0.119191 -0.010394 0.999946 0.000001 0.000105 -0.000177 -0.000003 1.000000 -0.000005 0.000000 0.000000 0.000000 1.000000
0.999946 0.010394 0.000177 0.119191 -0.010394 0.999946 0.000001 0.000105 -0.000177 -0.000003 1.000000 -0.000005 0.000000 0.000000 0.000000 1.000000
0.999946 0.010394 0.000177 0.119191 -0.010394 0.999946 0.000001 0.000105 -0.000177 -0.000003 1.000000 -0.000005 0.000000 0.000000 0.000000 1.000000
0.999946 0.010394 0.000177 0.119191 -0.010394 0.999946 0.000001 0.000105 -0.000177 -0.000003 1.000000 -0.000005 0.000000 0.000000 0.000000 1.000000
0.999946 0.010394 0.000177 0.119191 -0.010394 0.999946 0.000001 0.000105 -0.000177 -0.000003 1.000000 -0.000005 0.000000 0.000000 0.000000 1.000000
0.999946 0.010394 0.000177 0.119191 -0.010394 0.999946 0.000001 0.000105 -0.000177 -0.000003 1.000000 -0.000005 0.000000 0.000000 0.000000 1.000000</float_array><technique_common><accessor source="#jnt_right_handmiddle4-Matrix-animation-output-transform-array" count="51" stride="16"><param type="float4x4"/></accessor></technique_common></source><source id="jnt_right_handmiddle4-Interpolations"><Name_array id="jnt_right_handmiddle4-Interpolations-array" count="51">
 LINEAR LINEAR LINEAR LINEAR LINEAR LINEAR LINEAR LINEAR LINEAR LINEAR LINEAR
LINEAR LINEAR LINEAR LINEAR LINEAR LINEAR LINEAR LINEAR LINEAR LINEAR LINEAR LINEAR
LINEAR LINEAR LINEAR LINEAR LINEAR LINEAR LINEAR LINEAR LINEAR LINEAR LINEAR LINEAR
LINEAR LINEAR LINEAR LINEAR LINEAR LINEAR LINEAR LINEAR LINEAR LINEAR LINEAR LINEAR
LINEAR LINEAR LINEAR LINEAR</Name_array><technique_common><accessor source="#jnt_right_handmiddle4-Interpolations-array" count="51"><param type="name"/></accessor></technique_common></source><sampler id="jnt_right_handmiddle4-Matrix-animation-transform"><input semantic="INPUT" source="#jnt_right_handmiddle4-Matrix-animation-input"/><input semantic="OUTPUT" source="#jnt_right_handmiddle4-Matrix-animation-output-transform"/><input semantic="INTERPOLATION" source="#jnt_right_handmiddle4-Interpolations"/></sampler><channel source="#jnt_right_handmiddle4-Matrix-animation-transform" target="jnt_right_handmiddle4/matrix"/></animation></animation>
    <animation id="jnt_right_handring1-anim" name="jnt_right_handring1"><animation><source id="jnt_right_handring1-Matrix-animation-input"><float_array id="jnt_right_handring1-Matrix-animation-input-array" count="51">

0.000000 0.033333 0.066667 0.100000 0.133333 0.166667 0.200000 0.233333 0.266667 0.300000 0.333333 0.366667 0.400000 0.433333 0.466667 0.500000
0.533333 0.566667 0.600000 0.633333 0.666667 0.700000 0.733333 0.766667 0.800000 0.833333 0.866667 0.900000 0.933333 0.966667 1.000000 1.033333
1.066667 1.100000 1.133333 1.166667 1.200000 1.233333 1.266667 1.300000 1.333333 1.366667 1.400000 1.433333 1.466667 1.500000 1.533333 1.566667
1.600000 1.633333 1.666667</float_array><technique_common><accessor source="#jnt_right_handring1-Matrix-animation-input-array" count="51"><param name="TIME" type="float"/></accessor></technique_common></source><source id="jnt_right_handring1-Matrix-animation-output-transform"><float_array id="jnt_right_handring1-Matrix-animation-output-transform-array" count="816">

0.719849 0.670146 -0.180892 0.469963 -0.034199 -0.226044 -0.973516 -0.076799 -0.693288 0.706971 -0.139799 0.036646 0.000000 0.000000 0.000000 1.000000
0.719849 0.670176 -0.180779 0.469963 -0.034199 -0.225881 -0.973554 -0.076799 -0.693288 0.706995 -0.139680 0.036646 0.000000 0.000000 0.000000 1.000000
0.719849 0.670207 -0.180667 0.469963 -0.034199 -0.225718 -0.973592 -0.076799 -0.693288 0.707018 -0.139562 0.036646 0.000000 0.000000 0.000000 1.000000
0.719849 0.670237 -0.180555 0.469963 -0.034199 -0.225554 -0.973630 -0.076799 -0.693288 0.707041 -0.139443 0.036646 0.000000 0.000000 0.000000 1.000000
0.719849 0.670267 -0.180442 0.469963 -0.034199 -0.225391 -0.973668 -0.076799 -0.693288 0.707065 -0.139325 0.036646 0.000000 0.000000 0.000000 1.000000
0.719849 0.670298 -0.180330 0.469963 -0.034199 -0.225228 -0.973706 -0.076799 -0.693288 0.707088 -0.139206 0.036646 0.000000 0.000000 0.000000 1.000000
0.719849 0.670328 -0.180217 0.469963 -0.034199 -0.225065 -0.973743 -0.076799 -0.693288 0.707111 -0.139088 0.036646 0.000000 0.000000 0.000000 1.000000
0.719849 0.670358 -0.180105 0.469963 -0.034199 -0.224901 -0.973781 -0.076799 -0.693288 0.707135 -0.138969 0.036646 0.000000 0.000000 0.000000 1.000000
0.719849 0.670388 -0.179992 0.469963 -0.034199 -0.224738 -0.973819 -0.076799 -0.693288 0.707158 -0.138851 0.036646 0.000000 0.000000 0.000000 1.000000
0.719849 0.670418 -0.179880 0.469963 -0.034199 -0.224575 -0.973856 -0.076799 -0.693288 0.707181 -0.138732 0.036646 0.000000 0.000000 0.000000 1.000000
0.719849 0.670449 -0.179768 0.469963 -0.034199 -0.224411 -0.973894 -0.076799 -0.693288 0.707204 -0.138613 0.036646 0.000000 0.000000 0.000000 1.000000
0.719849 0.670479 -0.179655 0.469963 -0.034199 -0.224248 -0.973932 -0.076799 -0.693288 0.707228 -0.138495 0.036646 0.000000 0.000000 0.000000 1.000000
0.719849 0.670509 -0.179543 0.469963 -0.034199 -0.224085 -0.973969 -0.076799 -0.693288 0.707251 -0.138376 0.036646 0.000000 0.000000 0.000000 1.000000
0.719849 0.670539 -0.179430 0.469963 -0.034199 -0.223921 -0.974007 -0.076799 -0.693288 0.707274 -0.138258 0.036646 0.000000 0.000000 0.000000 1.000000
0.719849 0.670569 -0.179318 0.469963 -0.034199 -0.223758 -0.974044 -0.076799 -0.693288 0.707297 -0.138139 0.036646 0.000000 0.000000 0.000000 1.000000
0.719849 0.670599 -0.179205 0.469963 -0.034199 -0.223595 -0.974082 -0.076799 -0.693288 0.707320 -0.138020 0.036646 0.000000 0.000000 0.000000 1.000000
0.719849 0.670629 -0.179093 0.469963 -0.034199 -0.223431 -0.974119 -0.076799 -0.693288 0.707344 -0.137902 0.036646 0.000000 0.000000 0.000000 1.000000
0.719849 0.670659 -0.178980 0.469963 -0.034199 -0.223268 -0.974157 -0.076799 -0.693288 0.707367 -0.137783 0.036646 0.000000 0.000000 0.000000 1.000000
0.719849 0.670689 -0.178868 0.469963 -0.034199 -0.223105 -0.974194 -0.076799 -0.693288 0.707390 -0.137665 0.036646 0.000000 0.000000 0.000000 1.000000
0.719849 0.670719 -0.178755 0.469963 -0.034199 -0.222941 -0.974232 -0.076799 -0.693288 0.707413 -0.137546 0.036646 0.000000 0.000000 0.000000 1.000000
0.728537 0.661015 -0.179702 0.469963 -0.036729 -0.224263 -0.973836 -0.076799 -0.684021 0.716076 -0.139106 0.036646 0.000000 0.000000 0.000000 1.000000
0.740432 0.648103 -0.178110 0.469963 -0.040225 -0.221789 -0.974265 -0.076799 -0.670927 0.728541 -0.138149 0.036646 0.000000 0.000000 0.000000 1.000000
0.752091 0.634976 -0.176535 0.469963 -0.043676 -0.219250 -0.974690 -0.076799 -0.657610 0.740766 -0.137163 0.036646 0.000000 0.000000 0.000000 1.000000
0.786144 0.593595 -0.172114 0.469963 -0.053987 -0.211463 -0.975894 -0.076799 -0.615681 0.776485 -0.134194 0.036646 0.000000 0.000000 0.000000 1.000000
0.825938 0.538398 -0.167195 0.469963 -0.066563 -0.201366 -0.977252 -0.076799 -0.559818 0.818278 -0.130478 0.036646 0.000000 0.000000 0.000000 1.000000
0.866819 0.471423 -0.162437 0.469963 -0.080331 -0.189484 -0.978592 -0.076799 -0.492110 0.861311 -0.126378 0.036646 0.000000 0.000000 0.000000 1.000000
0.904703 0.395538 -0.158310 0.469963 -0.094315 -0.176425 -0.979785 -0.076799 -0.415472 0.901346 -0.122307 0.036646 0.000000 0.000000 0.000000 1.000000
0.916103 0.368832 -0.157218 0.469963 -0.098905 -0.172115 -0.980099 -0.076799 -0.388551 0.913422 -0.121195 0.036646 0.000000 0.000000 0.000000 1.000000
0.926711 0.341816 -0.156105 0.469963 -0.103365 -0.167521 -0.980435 -0.076799 -0.361279 0.924715 -0.119912 0.036646 0.000000 0.000000 0.000000 1.000000
0.936511 0.314491 -0.155057 0.469963 -0.107688 -0.162872 -0.980753 -0.076799 -0.333692 0.935184 -0.118664 0.036646 0.000000 0.000000 0.000000 1.000000
0.960471 0.232758 -0.152708 0.469963 -0.119804 -0.149553 -0.981469 -0.076799 -0.251283 0.960967 -0.115756 0.036646 0.000000 0.000000 0.000000 1.000000
0.976247 0.155236 -0.151139 0.469963 -0.130205 -0.137202 -0.981948 -0.076799 -0.173171 0.978303 -0.113730 0.036646 0.000000 0.000000 0.000000 1.000000
0.984834 0.086706 -0.150281 0.469963 -0.138595 -0.127916 -0.982053 -0.076799 -0.104373 0.987988 -0.113959 0.036646 0.000000 0.000000 0.000000 1.000000
0.988212 0.032406 -0.149625 0.469963 -0.144791 -0.119657 -0.982200 -0.076799 -0.049733 0.992286 -0.113554 0.036646 0.000000 0.000000 0.000000 1.000000
0.988663 0.014666 -0.149435 0.469963 -0.146753 -0.116218 -0.982322 -0.076799 -0.031773 0.993115 -0.112748 0.036646 0.000000 0.000000 0.000000 1.000000
0.988792 -0.003075 -0.149264 0.469963 -0.148657 -0.112710 -0.982445 -0.076799 -0.013803 0.993623 -0.111904 0.036646 0.000000 0.000000 0.000000 1.000000
0.988684 -0.015912 -0.149163 0.469963 -0.150007 -0.110780 -0.982459 -0.076799 -0.000891 0.993718 -0.111914 0.036646 0.000000 0.000000 0.000000 1.000000
0.988684 -0.015912 -0.149163 0.469963 -0.150007 -0.110779 -0.982459 -0.076799 -0.000891 0.993718 -0.111912 0.036646 0.000000 0.000000 0.000000 1.000000
0.988684 -0.015912 -0.149163 0.469962 -0.150007 -0.110778 -0.982459 -0.076799 -0.000891 0.993718 -0.111911 0.036646 0.000000 0.000000 0.000000 1.000000
0.988684 -0.015912 -0.149163 0.469962 -0.150007 -0.110777 -0.982459 -0.076799 -0.000891 0.993718 -0.111910 0.036646 0.000000 0.000000 0.000000 1.000000
0.988684 -0.015912 -0.149163 0.469962 -0.150007 -0.110776 -0.982459 -0.076799 -0.000891 0.993718 -0.111909 0.036646 0.000000 0.000000 0.000000 1.000000
0.988684 -0.015912 -0.149163 0.469962 -0.150007 -0.110774 -0.982460 -0.076799 -0.000891 0.993718 -0.111908 0.036646 0.000000 0.000000 0.000000 1.000000
0.988684 -0.015912 -0.149163 0.469962 -0.150007 -0.110773 -0.982460 -0.076799 -0.000891 0.993718 -0.111907 0.036646 0.000000 0.000000 0.000000 1.000000
0.988684 -0.015912 -0.149163 0.469962 -0.150007 -0.110772 -0.982460 -0.076799 -0.000891 0.993718 -0.111906 0.036646 0.000000 0.000000 0.000000 1.000000
0.988684 -0.015911 -0.149163 0.469962 -0.150007 -0.110771 -0.982460 -0.076799 -0.000891 0.993719 -0.111904 0.036646 0.000000 0.000000 0.000000 1.000000
0.988684 -0.015911 -0.149163 0.469962 -0.150007 -0.110770 -0.982460 -0.076799 -0.000891 0.993719 -0.111903 0.036646 0.000000 0.000000 0.000000 1.000000
0.988684 -0.015911 -0.149163 0.469962 -0.150007 -0.110769 -0.982460 -0.076799 -0.000891 0.993719 -0.111902 0.036646 0.000000 0.000000 0.000000 1.000000
0.988684 -0.015911 -0.149163 0.469962 -0.150007 -0.110768 -0.982460 -0.076799 -0.000891 0.993719 -0.111901 0.036646 0.000000 0.000000 0.000000 1.000000
0.988684 -0.015911 -0.149163 0.469962 -0.150007 -0.110766 -0.982460 -0.076799 -0.000891 0.993719 -0.111900 0.036646 0.000000 0.000000 0.000000 1.000000
0.988684 -0.015911 -0.149163 0.469962 -0.150007 -0.110765 -0.982461 -0.076799 -0.000890 0.993719 -0.111899 0.036646 0.000000 0.000000 0.000000 1.000000
0.988684 -0.015911 -0.149164 0.469962 -0.150007 -0.110764 -0.982461 -0.076799 -0.000890 0.993719 -0.111898 0.036646 0.000000 0.000000 0.000000 1.000000</float_array><technique_common><accessor source="#jnt_right_handring1-Matrix-animation-output-transform-array" count="51" stride="16"><param type="float4x4"/></accessor></technique_common></source><source id="jnt_right_handring1-Interpolations"><Name_array id="jnt_right_handring1-Interpolations-array" count="51">
 LINEAR LINEAR LINEAR LINEAR LINEAR LINEAR LINEAR LINEAR LINEAR LINEAR LINEAR
LINEAR LINEAR LINEAR LINEAR LINEAR LINEAR LINEAR LINEAR LINEAR LINEAR LINEAR LINEAR
LINEAR LINEAR LINEAR LINEAR LINEAR LINEAR LINEAR LINEAR LINEAR LINEAR LINEAR LINEAR
LINEAR LINEAR LINEAR LINEAR LINEAR LINEAR LINEAR LINEAR LINEAR LINEAR LINEAR LINEAR
LINEAR LINEAR LINEAR LINEAR</Name_array><technique_common><accessor source="#jnt_right_handring1-Interpolations-array" count="51"><param type="name"/></accessor></technique_common></source><sampler id="jnt_right_handring1-Matrix-animation-transform"><input semantic="INPUT" source="#jnt_right_handring1-Matrix-animation-input"/><input semantic="OUTPUT" source="#jnt_right_handring1-Matrix-animation-output-transform"/><input semantic="INTERPOLATION" source="#jnt_right_handring1-Interpolations"/></sampler><channel source="#jnt_right_handring1-Matrix-animation-transform" target="jnt_right_handring1/matrix"/></animation></animation>
    <animation id="jnt_right_handring2-anim" name="jnt_right_handring2"><animation><source id="jnt_right_handring2-Matrix-animation-input"><float_array id="jnt_right_handring2-Matrix-animation-input-array" count="51">

0.000000 0.033333 0.066667 0.100000 0.133333 0.166667 0.200000 0.233333 0.266667 0.300000 0.333333 0.366667 0.400000 0.433333 0.466667 0.500000
0.533333 0.566667 0.600000 0.633333 0.666667 0.700000 0.733333 0.766667 0.800000 0.833333 0.866667 0.900000 0.933333 0.966667 1.000000 1.033333
1.066667 1.100000 1.133333 1.166667 1.200000 1.233333 1.266667 1.300000 1.333333 1.366667 1.400000 1.433333 1.466667 1.500000 1.533333 1.566667
1.600000 1.633333 1.666667</float_array><technique_common><accessor source="#jnt_right_handring2-Matrix-animation-input-array" count="51"><param name="TIME" type="float"/></accessor></technique_common></source><source id="jnt_right_handring2-Matrix-animation-output-transform"><float_array id="jnt_right_handring2-Matrix-animation-output-transform-array" count="816">

0.692304 0.719359 -0.056899 0.184241 -0.718536 0.694478 0.037505 0.000000 0.066494 0.014919 0.997675 0.000000 0.000000 0.000000 0.000000 1.000000
0.692304 0.719359 -0.056898 0.184241 -0.718536 0.694478 0.037505 0.000000 0.066494 0.014919 0.997675 0.000000 0.000000 0.000000 0.000000 1.000000
0.692304 0.719359 -0.056898 0.184241 -0.718536 0.694478 0.037505 0.000000 0.066494 0.014919 0.997675 0.000000 0.000000 0.000000 0.000000 1.000000
0.692304 0.719359 -0.056898 0.184241 -0.718536 0.694478 0.037505 0.000000 0.066494 0.014919 0.997675 0.000000 0.000000 0.000000 0.000000 1.000000
0.692304 0.719359 -0.056898 0.184241 -0.718536 0.694478 0.037505 0.000000 0.066494 0.014919 0.997675 0.000000 0.000000 0.000000 0.000000 1.000000
0.692304 0.719359 -0.056898 0.184241 -0.718536 0.694478 0.037505 0.000000 0.066494 0.014919 0.997675 0.000000 0.000000 0.000000 0.000000 1.000000
0.692304 0.719359 -0.056898 0.184241 -0.718536 0.694478 0.037505 0.000000 0.066494 0.014919 0.997675 0.000000 0.000000 0.000000 0.000000 1.000000
0.692304 0.719359 -0.056898 0.184241 -0.718536 0.694478 0.037505 0.000000 0.066494 0.014919 0.997675 0.000000 0.000000 0.000000 0.000000 1.000000
0.692304 0.719359 -0.056898 0.184241 -0.718536 0.694478 0.037505 0.000000 0.066494 0.014919 0.997675 0.000000 0.000000 0.000000 0.000000 1.000000
0.692304 0.719359 -0.056898 0.184241 -0.718536 0.694478 0.037505 0.000000 0.066494 0.014918 0.997675 0.000000 0.000000 0.000000 0.000000 1.000000
0.692304 0.719359 -0.056898 0.184241 -0.718536 0.694478 0.037505 0.000000 0.066494 0.014918 0.997675 0.000000 0.000000 0.000000 0.000000 1.000000
0.692304 0.719359 -0.056898 0.184241 -0.718536 0.694478 0.037505 -0.000000 0.066494 0.014918 0.997675 0.000000 0.000000 0.000000 0.000000 1.000000
0.692304 0.719359 -0.056898 0.184241 -0.718536 0.694478 0.037505 -0.000000 0.066494 0.014918 0.997675 0.000000 0.000000 0.000000 0.000000 1.000000
0.692304 0.719359 -0.056898 0.184241 -0.718536 0.694478 0.037505 -0.000000 0.066494 0.014918 0.997675 0.000000 0.000000 0.000000 0.000000 1.000000
0.692304 0.719359 -0.056898 0.184241 -0.718536 0.694478 0.037505 -0.000000 0.066494 0.014918 0.997675 0.000000 0.000000 0.000000 0.000000 1.000000
0.692304 0.719359 -0.056898 0.184241 -0.718536 0.694478 0.037505 -0.000000 0.066494 0.014918 0.997675 0.000000 0.000000 0.000000 0.000000 1.000000
0.692304 0.719359 -0.056898 0.184241 -0.718536 0.694478 0.037505 -0.000000 0.066494 0.014918 0.997675 0.000000 0.000000 0.000000 0.000000 1.000000
0.692304 0.719359 -0.056898 0.184241 -0.718536 0.694478 0.037505 -0.000000 0.066494 0.014918 0.997675 0.000000 0.000000 0.000000 0.000000 1.000000
0.692304 0.719359 -0.056898 0.184241 -0.718536 0.694478 0.037505 -0.000000 0.066494 0.014918 0.997675 0.000000 0.000000 0.000000 0.000000 1.000000
0.692304 0.719359 -0.056898 0.184241 -0.718536 0.694478 0.037505 -0.000000 0.066494 0.014918 0.997675 0.000000 0.000000 0.000000 0.000000 1.000000
0.697696 0.714194 -0.056093 0.184241 -0.713398 0.699799 0.036676 -0.000000 0.065448 0.014428 0.997752 0.000000 0.000000 0.000000 0.000000 1.000000
0.705136 0.706939 -0.054963 0.184241 -0.706179 0.707141 0.035532 -0.000000 0.063986 0.013758 0.997856 0.000000 0.000000 0.000000 0.000000 1.000000
0.712498 0.699607 -0.053821 0.184241 -0.698883 0.714408 0.034400 -0.000000 0.062516 0.013104 0.997958 0.000000 0.000000 0.000000 0.000000 1.000000
0.734457 0.676791 -0.050266 0.184241 -0.676172 0.736090 0.031022 -0.000000 0.057995 0.011204 0.998254 0.000000 0.000000 0.000000 0.000000 1.000000
0.761213 0.646896 -0.045608 0.184241 -0.646399 0.762525 0.026902 -0.000000 0.052180 0.009003 0.998597 0.000000 0.000000 0.000000 0.000000 1.000000
0.790458 0.611205 -0.040047 0.184241 -0.610832 0.791443 0.022396 -0.000000 0.045384 0.006759 0.998947 0.000000 0.000000 0.000000 0.000000 1.000000
0.820081 0.571247 -0.033821 0.184241 -0.570988 0.820764 0.017827 -0.000000 0.037943 0.004692 0.999269 0.000000 0.000000 0.000000 0.000000 1.000000
0.829725 0.557275 -0.031644 0.184241 -0.557050 0.830318 0.016338 -0.000000 0.035380 0.004071 0.999366 0.000000 0.000000 0.000000 0.000000 1.000000
0.839126 0.543140 -0.029442 0.184241 -0.542947 0.839635 0.014886 -0.000000 0.032806 0.003494 0.999456 0.000000 0.000000 0.000000 0.000000 1.000000
0.848279 0.528849 -0.027215 0.184241 -0.528686 0.848711 0.013472 -0.000000 0.030222 0.002960 0.999539 0.000000 0.000000 0.000000 0.000000 1.000000
0.873646 0.486127 -0.020559 0.184241 -0.486036 0.873886 0.009549 -0.000000 0.022608 0.001650 0.999743 0.000000 0.000000 0.000000 0.000000 1.000000
0.895198 0.445441 -0.014219 0.184241 -0.445398 0.895311 0.006210 -0.000000 0.015497 0.000774 0.999880 0.000000 0.000000 0.000000 0.000000 1.000000
0.912354 0.409313 -0.008590 0.184241 -0.409298 0.912394 0.003548 -0.000000 0.009290 0.000279 0.999957 0.000000 0.000000 0.000000 0.000000 1.000000
0.924836 0.380344 -0.004076 0.184241 -0.380340 0.924845 0.001608 -0.000000 0.004381 0.000064 0.999990 0.000000 0.000000 0.000000 0.000000 1.000000
0.928726 0.370757 -0.002583 0.184241 -0.370756 0.928730 0.001002 -0.000000 0.002770 0.000027 0.999996 0.000000 0.000000 0.000000 0.000000 1.000000
0.932514 0.361131 -0.001083 0.184241 -0.361131 0.932515 0.000412 -0.000000 0.001159 0.000007 0.999999 0.000000 0.000000 0.000000 0.000000 1.000000
0.935173 0.354192 -0.000001 0.184241 -0.354192 0.935173 -0.000002 -0.000000 -0.000000 0.000002 1.000000 0.000000 0.000000 0.000000 0.000000 1.000000
0.935173 0.354192 -0.000001 0.184241 -0.354192 0.935173 -0.000002 -0.000000 -0.000000 0.000002 1.000000 0.000000 0.000000 0.000000 0.000000 1.000000
0.935173 0.354192 -0.000001 0.184241 -0.354192 0.935173 -0.000002 -0.000000 -0.000000 0.000002 1.000000 0.000000 0.000000 0.000000 0.000000 1.000000
0.935173 0.354192 -0.000001 0.184241 -0.354192 0.935173 -0.000002 -0.000000 -0.000000 0.000002 1.000000 0.000000 0.000000 0.000000 0.000000 1.000000
0.935173 0.354192 -0.000001 0.184241 -0.354192 0.935173 -0.000002 -0.000000 -0.000000 0.000002 1.000000 0.000000 0.000000 0.000000 0.000000 1.000000
0.935173 0.354192 -0.000001 0.184241 -0.354192 0.935173 -0.000002 -0.000000 -0.000000 0.000002 1.000000 0.000000 0.000000 0.000000 0.000000 1.000000
0.935173 0.354192 -0.000001 0.184241 -0.354192 0.935173 -0.000002 -0.000000 -0.000000 0.000002 1.000000 0.000000 0.000000 0.000000 0.000000 1.000000
0.935173 0.354192 -0.000001 0.184241 -0.354192 0.935173 -0.000002 -0.000000 -0.000000 0.000002 1.000000 0.000000 0.000000 0.000000 0.000000 1.000000
0.935173 0.354192 -0.000001 0.184241 -0.354192 0.935173 -0.000002 -0.000000 -0.000000 0.000002 1.000000 0.000000 0.000000 0.000000 0.000000 1.000000
0.935173 0.354192 -0.000001 0.184241 -0.354192 0.935173 -0.000002 -0.000000 -0.000000 0.000002 1.000000 0.000001 0.000000 0.000000 0.000000 1.000000
0.935173 0.354192 -0.000001 0.184241 -0.354192 0.935173 -0.000002 -0.000000 0.000000 0.000002 1.000000 0.000001 0.000000 0.000000 0.000000 1.000000
0.935173 0.354192 -0.000001 0.184241 -0.354192 0.935173 -0.000002 -0.000000 0.000000 0.000002 1.000000 0.000001 0.000000 0.000000 0.000000 1.000000
0.935173 0.354192 -0.000001 0.184241 -0.354192 0.935173 -0.000002 -0.000000 0.000000 0.000002 1.000000 0.000001 0.000000 0.000000 0.000000 1.000000
0.935173 0.354192 -0.000001 0.184241 -0.354192 0.935173 -0.000002 -0.000000 0.000000 0.000002 1.000000 0.000001 0.000000 0.000000 0.000000 1.000000
0.935173 0.354192 -0.000001 0.184241 -0.354192 0.935173 -0.000002 -0.000000 0.000000 0.000002 1.000000 0.000001 0.000000 0.000000 0.000000 1.000000</float_array><technique_common><accessor source="#jnt_right_handring2-Matrix-animation-output-transform-array" count="51" stride="16"><param type="float4x4"/></accessor></technique_common></source><source id="jnt_right_handring2-Interpolations"><Name_array id="jnt_right_handring2-Interpolations-array" count="51">
 LINEAR LINEAR LINEAR LINEAR LINEAR LINEAR LINEAR LINEAR LINEAR LINEAR LINEAR
LINEAR LINEAR LINEAR LINEAR LINEAR LINEAR LINEAR LINEAR LINEAR LINEAR LINEAR LINEAR
LINEAR LINEAR LINEAR LINEAR LINEAR LINEAR LINEAR LINEAR LINEAR LINEAR LINEAR LINEAR
LINEAR LINEAR LINEAR LINEAR LINEAR LINEAR LINEAR LINEAR LINEAR LINEAR LINEAR LINEAR
LINEAR LINEAR LINEAR LINEAR</Name_array><technique_common><accessor source="#jnt_right_handring2-Interpolations-array" count="51"><param type="name"/></accessor></technique_common></source><sampler id="jnt_right_handring2-Matrix-animation-transform"><input semantic="INPUT" source="#jnt_right_handring2-Matrix-animation-input"/><input semantic="OUTPUT" source="#jnt_right_handring2-Matrix-animation-output-transform"/><input semantic="INTERPOLATION" source="#jnt_right_handring2-Interpolations"/></sampler><channel source="#jnt_right_handring2-Matrix-animation-transform" target="jnt_right_handring2/matrix"/></animation></animation>
    <animation id="jnt_right_handring3-anim" name="jnt_right_handring3"><animation><source id="jnt_right_handring3-Matrix-animation-input"><float_array id="jnt_right_handring3-Matrix-animation-input-array" count="51">

0.000000 0.033333 0.066667 0.100000 0.133333 0.166667 0.200000 0.233333 0.266667 0.300000 0.333333 0.366667 0.400000 0.433333 0.466667 0.500000
0.533333 0.566667 0.600000 0.633333 0.666667 0.700000 0.733333 0.766667 0.800000 0.833333 0.866667 0.900000 0.933333 0.966667 1.000000 1.033333
1.066667 1.100000 1.133333 1.166667 1.200000 1.233333 1.266667 1.300000 1.333333 1.366667 1.400000 1.433333 1.466667 1.500000 1.533333 1.566667
1.600000 1.633333 1.666667</float_array><technique_common><accessor source="#jnt_right_handring3-Matrix-animation-input-array" count="51"><param name="TIME" type="float"/></accessor></technique_common></source><source id="jnt_right_handring3-Matrix-animation-output-transform"><float_array id="jnt_right_handring3-Matrix-animation-output-transform-array" count="816">

0.802243 0.594373 -0.055925 0.103951 -0.594190 0.804033 0.021643 0.000000 0.057830 0.015867 0.998200 0.000000 0.000000 0.000000 0.000000 1.000000
0.802243 0.594373 -0.055925 0.103951 -0.594190 0.804033 0.021643 0.000000 0.057830 0.015867 0.998200 0.000000 0.000000 0.000000 0.000000 1.000000
0.802243 0.594373 -0.055925 0.103951 -0.594190 0.804033 0.021643 0.000000 0.057830 0.015867 0.998200 0.000000 0.000000 0.000000 0.000000 1.000000
0.802243 0.594373 -0.055925 0.103951 -0.594190 0.804033 0.021643 0.000000 0.057830 0.015867 0.998200 0.000000 0.000000 0.000000 0.000000 1.000000
0.802243 0.594373 -0.055925 0.103951 -0.594190 0.804033 0.021643 0.000000 0.057830 0.015867 0.998200 0.000000 0.000000 0.000000 0.000000 1.000000
0.802243 0.594373 -0.055925 0.103951 -0.594190 0.804033 0.021643 0.000000 0.057830 0.015867 0.998200 0.000000 0.000000 0.000000 0.000000 1.000000
0.802243 0.594372 -0.055925 0.103951 -0.594190 0.804033 0.021643 0.000000 0.057830 0.015867 0.998200 0.000000 0.000000 0.000000 0.000000 1.000000
0.802243 0.594372 -0.055925 0.103951 -0.594190 0.804033 0.021643 0.000000 0.057830 0.015867 0.998200 0.000000 0.000000 0.000000 0.000000 1.000000
0.802243 0.594372 -0.055925 0.103951 -0.594190 0.804033 0.021643 0.000000 0.057830 0.015867 0.998200 0.000000 0.000000 0.000000 0.000000 1.000000
0.802243 0.594372 -0.055925 0.103951 -0.594190 0.804033 0.021643 0.000000 0.057830 0.015867 0.998200 0.000000 0.000000 0.000000 0.000000 1.000000
0.802243 0.594372 -0.055925 0.103951 -0.594190 0.804033 0.021643 0.000000 0.057830 0.015867 0.998200 0.000000 0.000000 0.000000 0.000000 1.000000
0.802243 0.594372 -0.055925 0.103951 -0.594190 0.804033 0.021643 0.000000 0.057830 0.015867 0.998200 0.000000 0.000000 0.000000 0.000000 1.000000
0.802243 0.594372 -0.055925 0.103951 -0.594190 0.804033 0.021643 0.000000 0.057830 0.015867 0.998200 0.000000 0.000000 0.000000 0.000000 1.000000
0.802243 0.594372 -0.055925 0.103951 -0.594190 0.804033 0.021643 0.000000 0.057830 0.015867 0.998200 0.000000 0.000000 0.000000 0.000000 1.000000
0.802243 0.594372 -0.055925 0.103951 -0.594190 0.804033 0.021643 0.000000 0.057830 0.015867 0.998200 0.000000 0.000000 0.000000 0.000000 1.000000
0.802243 0.594372 -0.055925 0.103951 -0.594190 0.804033 0.021643 0.000000 0.057830 0.015867 0.998200 0.000000 0.000000 0.000000 0.000000 1.000000
0.802243 0.594372 -0.055925 0.103951 -0.594190 0.804033 0.021643 0.000000 0.057830 0.015867 0.998200 0.000000 0.000000 0.000000 0.000000 1.000000
0.802243 0.594372 -0.055925 0.103951 -0.594190 0.804033 0.021643 0.000000 0.057830 0.015867 0.998200 0.000000 0.000000 0.000000 0.000000 1.000000
0.802243 0.594372 -0.055925 0.103951 -0.594190 0.804033 0.021644 0.000000 0.057830 0.015867 0.998200 0.000000 0.000000 0.000000 0.000000 1.000000
0.802243 0.594372 -0.055925 0.103951 -0.594190 0.804033 0.021644 -0.000000 0.057830 0.015867 0.998200 0.000000 0.000000 0.000000 0.000000 1.000000
0.807403 0.587424 -0.055071 0.103951 -0.587243 0.809135 0.021122 -0.000000 0.056967 0.015286 0.998259 0.000000 0.000000 0.000000 0.000000 1.000000
0.814483 0.577680 -0.053878 0.103951 -0.577502 0.816134 0.020402 -0.000000 0.055758 0.014498 0.998339 0.000000 0.000000 0.000000 0.000000 1.000000
0.821443 0.567852 -0.052677 0.103951 -0.567676 0.823016 0.019696 -0.000000 0.054538 0.013724 0.998417 0.000000 0.000000 0.000000 0.000000 1.000000
0.841916 0.537381 -0.048975 0.103951 -0.537216 0.843261 0.017599 -0.000000 0.050756 0.011494 0.998645 0.000000 0.000000 0.000000 0.000000 1.000000
0.866215 0.497712 -0.044198 0.103951 -0.497564 0.867296 0.015073 -0.000000 0.045835 0.008935 0.998909 0.000000 0.000000 0.000000 0.000000 1.000000
0.891830 0.450722 -0.038586 0.103951 -0.450597 0.892642 0.012354 -0.000000 0.040012 0.006369 0.999179 0.000000 0.000000 0.000000 0.000000 1.000000
0.916561 0.398579 -0.032402 0.103951 -0.398483 0.917125 0.009653 -0.000000 0.033564 0.004064 0.999428 0.000000 0.000000 0.000000 0.000000 1.000000
0.924302 0.380461 -0.030263 0.103951 -0.380375 0.924791 0.008773 -0.000000 0.031325 0.003403 0.999503 0.000000 0.000000 0.000000 0.000000 1.000000
0.931680 0.362191 -0.028107 0.103951 -0.362115 0.932100 0.007935 -0.000000 0.029073 0.002785 0.999573 0.000000 0.000000 0.000000 0.000000 1.000000
0.938691 0.343783 -0.025935 0.103951 -0.343715 0.939047 0.007140 -0.000000 0.026809 0.002212 0.999638 0.000000 0.000000 0.000000 0.000000 1.000000
0.957095 0.289117 -0.019500 0.103951 -0.289076 0.957293 0.004942 -0.000000 0.020096 0.000907 0.999798 0.000000 0.000000 0.000000 0.000000 1.000000
0.971279 0.237566 -0.013434 0.103951 -0.237545 0.971371 0.003134 -0.000000 0.013794 0.000147 0.999905 0.000000 0.000000 0.000000 0.000000 1.000000
0.981321 0.192209 -0.008090 0.103951 -0.192202 0.981354 0.001747 -0.000000 0.008275 -0.000159 0.999966 0.000000 0.000000 0.000000 0.000000 1.000000
0.987729 0.156129 -0.003830 0.103951 -0.156127 0.987737 0.000775 -0.000000 0.003904 -0.000167 0.999992 0.000000 0.000000 0.000000 0.000000 1.000000
0.989539 0.144246 -0.002424 0.103951 -0.144245 0.989542 0.000477 -0.000000 0.002467 -0.000123 0.999997 0.000000 0.000000 0.000000 0.000000 1.000000
0.991204 0.132342 -0.001014 0.103951 -0.132342 0.991204 0.000197 -0.000000 0.001031 -0.000061 0.999999 0.000000 0.000000 0.000000 0.000000 1.000000
0.992310 0.123778 -0.000000 0.103951 -0.123778 0.992310 -0.000000 -0.000000 0.000000 0.000000 1.000000 0.000000 0.000000 0.000000 0.000000 1.000000
0.992310 0.123778 -0.000000 0.103951 -0.123778 0.992310 -0.000000 -0.000000 0.000000 0.000000 1.000000 0.000000 0.000000 0.000000 0.000000 1.000000
0.992310 0.123778 -0.000000 0.103951 -0.123778 0.992310 -0.000000 -0.000000 0.000000 0.000000 1.000000 0.000000 0.000000 0.000000 0.000000 1.000000
0.992310 0.123778 -0.000000 0.103951 -0.123778 0.992310 -0.000000 -0.000000 0.000000 0.000000 1.000000 0.000000 0.000000 0.000000 0.000000 1.000000
0.992310 0.123778 -0.000000 0.103951 -0.123778 0.992310 -0.000000 -0.000000 0.000000 0.000000 1.000000 0.000000 0.000000 0.000000 0.000000 1.000000
0.992310 0.123778 -0.000000 0.103951 -0.123778 0.992310 -0.000000 -0.000000 0.000000 0.000000 1.000000 0.000000 0.000000 0.000000 0.000000 1.000000
0.992310 0.123778 -0.000000 0.103951 -0.123778 0.992310 -0.000000 -0.000000 0.000000 0.000000 1.000000 0.000000 0.000000 0.000000 0.000000 1.000000
0.992310 0.123778 -0.000000 0.103951 -0.123778 0.992310 -0.000000 -0.000000 0.000000 0.000000 1.000000 0.000000 0.000000 0.000000 0.000000 1.000000
0.992310 0.123778 -0.000000 0.103951 -0.123778 0.992310 -0.000000 -0.000000 0.000000 0.000000 1.000000 0.000000 0.000000 0.000000 0.000000 1.000000
0.992310 0.123778 -0.000000 0.103951 -0.123778 0.992310 -0.000000 -0.000000 0.000000 0.000000 1.000000 0.000000 0.000000 0.000000 0.000000 1.000000
0.992310 0.123778 -0.000000 0.103951 -0.123778 0.992310 -0.000000 -0.000000 0.000000 0.000000 1.000000 -0.000000 0.000000 0.000000 0.000000 1.000000
0.992310 0.123778 -0.000000 0.103951 -0.123778 0.992310 -0.000000 -0.000000 0.000000 0.000000 1.000000 -0.000000 0.000000 0.000000 0.000000 1.000000
0.992310 0.123778 -0.000000 0.103951 -0.123778 0.992310 -0.000000 -0.000000 0.000000 0.000000 1.000000 -0.000000 0.000000 0.000000 0.000000 1.000000
0.992310 0.123778 -0.000000 0.103951 -0.123778 0.992310 -0.000000 -0.000000 0.000000 0.000000 1.000000 -0.000000 0.000000 0.000000 0.000000 1.000000
0.992310 0.123778 -0.000000 0.103951 -0.123778 0.992310 -0.000000 -0.000000 0.000000 0.000000 1.000000 -0.000000 0.000000 0.000000 0.000000 1.000000</float_array><technique_common><accessor source="#jnt_right_handring3-Matrix-animation-output-transform-array" count="51" stride="16"><param type="float4x4"/></accessor></technique_common></source><source id="jnt_right_handring3-Interpolations"><Name_array id="jnt_right_handring3-Interpolations-array" count="51">
 LINEAR LINEAR LINEAR LINEAR LINEAR LINEAR LINEAR LINEAR LINEAR LINEAR LINEAR
LINEAR LINEAR LINEAR LINEAR LINEAR LINEAR LINEAR LINEAR LINEAR LINEAR LINEAR LINEAR
LINEAR LINEAR LINEAR LINEAR LINEAR LINEAR LINEAR LINEAR LINEAR LINEAR LINEAR LINEAR
LINEAR LINEAR LINEAR LINEAR LINEAR LINEAR LINEAR LINEAR LINEAR LINEAR LINEAR LINEAR
LINEAR LINEAR LINEAR LINEAR</Name_array><technique_common><accessor source="#jnt_right_handring3-Interpolations-array" count="51"><param type="name"/></accessor></technique_common></source><sampler id="jnt_right_handring3-Matrix-animation-transform"><input semantic="INPUT" source="#jnt_right_handring3-Matrix-animation-input"/><input semantic="OUTPUT" source="#jnt_right_handring3-Matrix-animation-output-transform"/><input semantic="INTERPOLATION" source="#jnt_right_handring3-Interpolations"/></sampler><channel source="#jnt_right_handring3-Matrix-animation-transform" target="jnt_right_handring3/matrix"/></animation></animation>
    <animation id="jnt_right_handring4-anim" name="jnt_right_handring4"><animation><source id="jnt_right_handring4-Matrix-animation-input"><float_array id="jnt_right_handring4-Matrix-animation-input-array" count="51">

0.000000 0.033333 0.066667 0.100000 0.133333 0.166667 0.200000 0.233333 0.266667 0.300000 0.333333 0.366667 0.400000 0.433333 0.466667 0.500000
0.533333 0.566667 0.600000 0.633333 0.666667 0.700000 0.733333 0.766667 0.800000 0.833333 0.866667 0.900000 0.933333 0.966667 1.000000 1.033333
1.066667 1.100000 1.133333 1.166667 1.200000 1.233333 1.266667 1.300000 1.333333 1.366667 1.400000 1.433333 1.466667 1.500000 1.533333 1.566667
1.600000 1.633333 1.666667</float_array><technique_common><accessor source="#jnt_right_handring4-Matrix-animation-input-array" count="51"><param name="TIME" type="float"/></accessor></technique_common></source><source id="jnt_right_handring4-Matrix-animation-output-transform"><float_array id="jnt_right_handring4-Matrix-animation-output-transform-array" count="816">

1.000000 -0.000000 0.000000 0.120247 0.000000 1.000000 0.000001 0.000103 -0.000000 -0.000001 1.000000 -0.000016 0.000000 0.000000 0.000000 1.000000
1.000000 -0.000000 0.000000 0.120247 0.000000 1.000000 0.000001 0.000103 -0.000000 -0.000001 1.000000 -0.000016 0.000000 0.000000 0.000000 1.000000
1.000000 -0.000000 0.000000 0.120247 0.000000 1.000000 0.000001 0.000103 -0.000000 -0.000001 1.000000 -0.000016 0.000000 0.000000 0.000000 1.000000
1.000000 -0.000000 0.000000 0.120247 0.000000 1.000000 0.000001 0.000103 -0.000000 -0.000001 1.000000 -0.000016 0.000000 0.000000 0.000000 1.000000
1.000000 -0.000000 0.000000 0.120247 0.000000 1.000000 0.000001 0.000103 -0.000000 -0.000001 1.000000 -0.000016 0.000000 0.000000 0.000000 1.000000
1.000000 -0.000000 0.000000 0.120247 0.000000 1.000000 0.000001 0.000103 -0.000000 -0.000001 1.000000 -0.000016 0.000000 0.000000 0.000000 1.000000
1.000000 -0.000000 0.000000 0.120247 0.000000 1.000000 0.000001 0.000103 -0.000000 -0.000001 1.000000 -0.000016 0.000000 0.000000 0.000000 1.000000
1.000000 -0.000000 0.000000 0.120247 0.000000 1.000000 0.000000 0.000103 -0.000000 -0.000000 1.000000 -0.000016 0.000000 0.000000 0.000000 1.000000
1.000000 -0.000000 0.000000 0.120247 0.000000 1.000000 0.000000 0.000103 -0.000000 -0.000000 1.000000 -0.000016 0.000000 0.000000 0.000000 1.000000
1.000000 -0.000000 0.000000 0.120247 0.000000 1.000000 0.000000 0.000103 -0.000000 -0.000000 1.000000 -0.000016 0.000000 0.000000 0.000000 1.000000
1.000000 -0.000000 0.000000 0.120247 0.000000 1.000000 0.000000 0.000104 -0.000000 -0.000000 1.000000 -0.000016 0.000000 0.000000 0.000000 1.000000
1.000000 -0.000000 0.000000 0.120247 0.000000 1.000000 0.000000 0.000104 -0.000000 -0.000000 1.000000 -0.000016 0.000000 0.000000 0.000000 1.000000
1.000000 -0.000000 0.000000 0.120247 0.000000 1.000000 0.000000 0.000104 -0.000000 -0.000000 1.000000 -0.000016 0.000000 0.000000 0.000000 1.000000
1.000000 -0.000000 0.000000 0.120247 0.000000 1.000000 -0.000000 0.000104 -0.000000 0.000000 1.000000 -0.000016 0.000000 0.000000 0.000000 1.000000
1.000000 -0.000000 0.000000 0.120247 0.000000 1.000000 -0.000000 0.000104 -0.000000 0.000000 1.000000 -0.000016 0.000000 0.000000 0.000000 1.000000
1.000000 -0.000000 0.000000 0.120247 0.000000 1.000000 -0.000000 0.000104 -0.000000 0.000000 1.000000 -0.000016 0.000000 0.000000 0.000000 1.000000
1.000000 -0.000000 0.000000 0.120247 0.000000 1.000000 -0.000000 0.000104 -0.000000 0.000000 1.000000 -0.000016 0.000000 0.000000 0.000000 1.000000
1.000000 -0.000000 0.000000 0.120247 0.000000 1.000000 -0.000000 0.000104 -0.000000 0.000000 1.000000 -0.000016 0.000000 0.000000 0.000000 1.000000
1.000000 -0.000000 0.000000 0.120247 0.000000 1.000000 -0.000000 0.000104 -0.000000 0.000000 1.000000 -0.000016 0.000000 0.000000 0.000000 1.000000
1.000000 -0.000000 0.000000 0.120247 0.000000 1.000000 -0.000001 0.000104 -0.000000 0.000001 1.000000 -0.000016 0.000000 0.000000 0.000000 1.000000
1.000000 0.000182 -0.000028 0.120247 -0.000182 1.000000 -0.000001 0.000104 0.000028 0.000001 1.000000 -0.000016 0.000000 0.000000 0.000000 1.000000
1.000000 0.000434 -0.000066 0.120247 -0.000434 1.000000 -0.000001 0.000104 0.000066 0.000001 1.000000 -0.000016 0.000000 0.000000 0.000000 1.000000
1.000000 0.000687 -0.000105 0.120247 -0.000687 1.000000 -0.000001 0.000104 0.000105 0.000001 1.000000 -0.000016 0.000000 0.000000 0.000000 1.000000
0.999999 0.001457 -0.000224 0.120247 -0.001457 0.999999 -0.000001 0.000104 0.000224 0.000001 1.000000 -0.000016 0.000000 0.000000 0.000000 1.000000
0.999997 0.002432 -0.000374 0.120247 -0.002432 0.999997 -0.000001 0.000104 0.000374 0.000002 1.000000 -0.000016 0.000000 0.000000 0.000000 1.000000
0.999994 0.003555 -0.000547 0.120247 -0.003555 0.999994 -0.000000 0.000104 0.000547 0.000002 1.000000 -0.000016 0.000000 0.000000 0.000000 1.000000
0.999988 0.004766 -0.000734 0.120247 -0.004766 0.999989 0.000001 0.000104 0.000734 0.000002 1.000000 -0.000016 0.000000 0.000000 0.000000 1.000000
0.999986 0.005179 -0.000797 0.120247 -0.005179 0.999987 0.000001 0.000104 0.000797 0.000003 1.000000 -0.000016 0.000000 0.000000 0.000000 1.000000
0.999984 0.005593 -0.000861 0.120247 -0.005593 0.999984 0.000002 0.000104 0.000861 0.000003 1.000000 -0.000016 0.000000 0.000000 0.000000 1.000000
0.999982 0.006006 -0.000925 0.120247 -0.006006 0.999982 0.000002 0.000104 0.000925 0.000003 1.000000 -0.000016 0.000000 0.000000 0.000000 1.000000
0.999973 0.007217 -0.001111 0.120247 -0.007217 0.999974 0.000004 0.000104 0.001111 0.000004 0.999999 -0.000016 0.000000 0.000000 0.000000 1.000000
0.999964 0.008339 -0.001284 0.120247 -0.008339 0.999965 0.000006 0.000104 0.001284 0.000005 0.999999 -0.000016 0.000000 0.000000 0.000000 1.000000
0.999956 0.009315 -0.001434 0.120247 -0.009315 0.999957 0.000007 0.000104 0.001434 0.000006 0.999999 -0.000016 0.000000 0.000000 0.000000 1.000000
0.999948 0.010085 -0.001553 0.120247 -0.010085 0.999949 0.000009 0.000104 0.001553 0.000007 0.999999 -0.000016 0.000000 0.000000 0.000000 1.000000
0.999945 0.010337 -0.001592 0.120247 -0.010337 0.999947 0.000009 0.000104 0.001592 0.000007 0.999999 -0.000016 0.000000 0.000000 0.000000 1.000000
0.999943 0.010590 -0.001631 0.120247 -0.010590 0.999944 0.000009 0.000104 0.001631 0.000008 0.999999 -0.000016 0.000000 0.000000 0.000000 1.000000
0.999941 0.010771 -0.001659 0.120247 -0.010771 0.999942 0.000010 0.000104 0.001659 0.000008 0.999999 -0.000016 0.000000 0.000000 0.000000 1.000000
0.999941 0.010771 -0.001659 0.120247 -0.010771 0.999942 0.000010 0.000104 0.001659 0.000008 0.999999 -0.000016 0.000000 0.000000 0.000000 1.000000
0.999941 0.010771 -0.001659 0.120247 -0.010771 0.999942 0.000010 0.000104 0.001659 0.000008 0.999999 -0.000016 0.000000 0.000000 0.000000 1.000000
0.999941 0.010771 -0.001659 0.120247 -0.010771 0.999942 0.000010 0.000104 0.001659 0.000008 0.999999 -0.000016 0.000000 0.000000 0.000000 1.000000
0.999941 0.010771 -0.001659 0.120247 -0.010771 0.999942 0.000010 0.000104 0.001659 0.000008 0.999999 -0.000016 0.000000 0.000000 0.000000 1.000000
0.999941 0.010771 -0.001659 0.120247 -0.010771 0.999942 0.000010 0.000104 0.001659 0.000008 0.999999 -0.000016 0.000000 0.000000 0.000000 1.000000
0.999941 0.010771 -0.001659 0.120247 -0.010771 0.999942 0.000010 0.000104 0.001659 0.000008 0.999999 -0.000016 0.000000 0.000000 0.000000 1.000000
0.999941 0.010771 -0.001659 0.120247 -0.010771 0.999942 0.000010 0.000104 0.001659 0.000008 0.999999 -0.000016 0.000000 0.000000 0.000000 1.000000
0.999941 0.010771 -0.001659 0.120247 -0.010771 0.999942 0.000010 0.000104 0.001659 0.000008 0.999999 -0.000016 0.000000 0.000000 0.000000 1.000000
0.999941 0.010771 -0.001659 0.120247 -0.010771 0.999942 0.000010 0.000104 0.001659 0.000008 0.999999 -0.000016 0.000000 0.000000 0.000000 1.000000
0.999941 0.010771 -0.001659 0.120247 -0.010771 0.999942 0.000010 0.000104 0.001659 0.000008 0.999999 -0.000016 0.000000 0.000000 0.000000 1.000000
0.999941 0.010771 -0.001659 0.120247 -0.010771 0.999942 0.000010 0.000104 0.001659 0.000008 0.999999 -0.000016 0.000000 0.000000 0.000000 1.000000
0.999941 0.010771 -0.001659 0.120247 -0.010771 0.999942 0.000010 0.000104 0.001659 0.000008 0.999999 -0.000016 0.000000 0.000000 0.000000 1.000000
0.999941 0.010771 -0.001659 0.120247 -0.010771 0.999942 0.000009 0.000104 0.001659 0.000008 0.999999 -0.000016 0.000000 0.000000 0.000000 1.000000
0.999941 0.010771 -0.001659 0.120247 -0.010771 0.999942 0.000009 0.000105 0.001659 0.000008 0.999999 -0.000016 0.000000 0.000000 0.000000 1.000000</float_array><technique_common><accessor source="#jnt_right_handring4-Matrix-animation-output-transform-array" count="51" stride="16"><param type="float4x4"/></accessor></technique_common></source><source id="jnt_right_handring4-Interpolations"><Name_array id="jnt_right_handring4-Interpolations-array" count="51">
 LINEAR LINEAR LINEAR LINEAR LINEAR LINEAR LINEAR LINEAR LINEAR LINEAR LINEAR
LINEAR LINEAR LINEAR LINEAR LINEAR LINEAR LINEAR LINEAR LINEAR LINEAR LINEAR LINEAR
LINEAR LINEAR LINEAR LINEAR LINEAR LINEAR LINEAR LINEAR LINEAR LINEAR LINEAR LINEAR
LINEAR LINEAR LINEAR LINEAR LINEAR LINEAR LINEAR LINEAR LINEAR LINEAR LINEAR LINEAR
LINEAR LINEAR LINEAR LINEAR</Name_array><technique_common><accessor source="#jnt_right_handring4-Interpolations-array" count="51"><param type="name"/></accessor></technique_common></source><sampler id="jnt_right_handring4-Matrix-animation-transform"><input semantic="INPUT" source="#jnt_right_handring4-Matrix-animation-input"/><input semantic="OUTPUT" source="#jnt_right_handring4-Matrix-animation-output-transform"/><input semantic="INTERPOLATION" source="#jnt_right_handring4-Interpolations"/></sampler><channel source="#jnt_right_handring4-Matrix-animation-transform" target="jnt_right_handring4/matrix"/></animation></animation>
    <animation id="jnt_right_handpinky1-anim" name="jnt_right_handpinky1"><animation><source id="jnt_right_handpinky1-Matrix-animation-input"><float_array id="jnt_right_handpinky1-Matrix-animation-input-array" count="51">

0.000000 0.033333 0.066667 0.100000 0.133333 0.166667 0.200000 0.233333 0.266667 0.300000 0.333333 0.366667 0.400000 0.433333 0.466667 0.500000
0.533333 0.566667 0.600000 0.633333 0.666667 0.700000 0.733333 0.766667 0.800000 0.833333 0.866667 0.900000 0.933333 0.966667 1.000000 1.033333
1.066667 1.100000 1.133333 1.166667 1.200000 1.233333 1.266667 1.300000 1.333333 1.366667 1.400000 1.433333 1.466667 1.500000 1.533333 1.566667
1.600000 1.633333 1.666667</float_array><technique_common><accessor source="#jnt_right_handpinky1-Matrix-animation-input-array" count="51"><param name="TIME" type="float"/></accessor></technique_common></source><source id="jnt_right_handpinky1-Matrix-animation-output-transform"><float_array id="jnt_right_handpinky1-Matrix-animation-output-transform-array" count="816">

0.704837 0.702274 -0.100086 0.407609 0.050346 -0.190260 -0.980442 -0.208156 -0.707581 0.686012 -0.169459 -0.012229 0.000000 0.000000 0.000000 1.000000
0.704837 0.702274 -0.100086 0.407609 0.050346 -0.190260 -0.980442 -0.208156 -0.707581 0.686012 -0.169459 -0.012229 0.000000 0.000000 0.000000 1.000000
0.704837 0.702274 -0.100086 0.407609 0.050346 -0.190260 -0.980442 -0.208156 -0.707581 0.686012 -0.169459 -0.012229 0.000000 0.000000 0.000000 1.000000
0.704837 0.702274 -0.100086 0.407609 0.050346 -0.190260 -0.980442 -0.208156 -0.707581 0.686012 -0.169459 -0.012229 0.000000 0.000000 0.000000 1.000000
0.704837 0.702274 -0.100086 0.407609 0.050346 -0.190260 -0.980442 -0.208156 -0.707581 0.686012 -0.169459 -0.012229 0.000000 0.000000 0.000000 1.000000
0.704837 0.702274 -0.100086 0.407609 0.050346 -0.190260 -0.980442 -0.208156 -0.707581 0.686012 -0.169459 -0.012229 0.000000 0.000000 0.000000 1.000000
0.704837 0.702274 -0.100086 0.407609 0.050346 -0.190260 -0.980442 -0.208156 -0.707581 0.686012 -0.169460 -0.012229 0.000000 0.000000 0.000000 1.000000
0.704837 0.702274 -0.100086 0.407609 0.050346 -0.190260 -0.980442 -0.208156 -0.707581 0.686012 -0.169460 -0.012229 0.000000 0.000000 0.000000 1.000000
0.704837 0.702274 -0.100086 0.407609 0.050346 -0.190260 -0.980442 -0.208156 -0.707581 0.686012 -0.169460 -0.012229 0.000000 0.000000 0.000000 1.000000
0.704837 0.702274 -0.100086 0.407609 0.050346 -0.190260 -0.980442 -0.208156 -0.707581 0.686012 -0.169460 -0.012229 0.000000 0.000000 0.000000 1.000000
0.704837 0.702274 -0.100086 0.407609 0.050346 -0.190261 -0.980442 -0.208156 -0.707581 0.686012 -0.169460 -0.012229 0.000000 0.000000 0.000000 1.000000
0.704837 0.702274 -0.100086 0.407609 0.050346 -0.190261 -0.980442 -0.208156 -0.707581 0.686012 -0.169460 -0.012229 0.000000 0.000000 0.000000 1.000000
0.704837 0.702274 -0.100086 0.407609 0.050347 -0.190261 -0.980442 -0.208156 -0.707581 0.686012 -0.169460 -0.012229 0.000000 0.000000 0.000000 1.000000
0.704837 0.702274 -0.100086 0.407609 0.050347 -0.190261 -0.980442 -0.208156 -0.707581 0.686012 -0.169460 -0.012229 0.000000 0.000000 0.000000 1.000000
0.704837 0.702274 -0.100087 0.407609 0.050347 -0.190261 -0.980442 -0.208156 -0.707581 0.686012 -0.169460 -0.012229 0.000000 0.000000 0.000000 1.000000
0.704837 0.702274 -0.100087 0.407609 0.050347 -0.190261 -0.980442 -0.208156 -0.707581 0.686012 -0.169460 -0.012229 0.000000 0.000000 0.000000 1.000000
0.704837 0.702274 -0.100087 0.407609 0.050347 -0.190261 -0.980442 -0.208156 -0.707581 0.686012 -0.169460 -0.012229 0.000000 0.000000 0.000000 1.000000
0.704837 0.702274 -0.100087 0.407609 0.050347 -0.190261 -0.980442 -0.208156 -0.707581 0.686012 -0.169460 -0.012229 0.000000 0.000000 0.000000 1.000000
0.704837 0.702274 -0.100087 0.407609 0.050347 -0.190261 -0.980442 -0.208156 -0.707581 0.686012 -0.169460 -0.012229 0.000000 0.000000 0.000000 1.000000
0.704837 0.702274 -0.100087 0.407609 0.050347 -0.190261 -0.980442 -0.208156 -0.707581 0.686012 -0.169460 -0.012229 0.000000 0.000000 0.000000 1.000000
0.717801 0.688857 -0.101181 0.407609 0.042403 -0.188305 -0.981195 -0.208156 -0.694956 0.700013 -0.164375 -0.012229 0.000000 0.000000 0.000000 1.000000
0.735434 0.669709 -0.103088 0.407609 0.031398 -0.185655 -0.982114 -0.208156 -0.676869 0.719042 -0.157564 -0.012229 0.000000 0.000000 0.000000 1.000000
0.752533 0.650103 -0.105172 0.407609 0.020463 -0.182706 -0.982955 -0.208156 -0.658237 0.737554 -0.150795 -0.012229 0.000000 0.000000 0.000000 1.000000
0.801358 0.587267 -0.113765 0.407609 -0.012453 -0.173765 -0.984709 -0.208156 -0.598056 0.790521 -0.131935 -0.012229 0.000000 0.000000 0.000000 1.000000
0.855431 0.501712 -0.128543 0.407609 -0.053167 -0.161815 -0.985388 -0.208156 -0.515181 0.849765 -0.111748 -0.012229 0.000000 0.000000 0.000000 1.000000
0.905811 0.396247 -0.149981 0.407609 -0.098486 -0.147375 -0.984165 -0.208156 -0.412076 0.906239 -0.094469 -0.012229 0.000000 0.000000 0.000000 1.000000
0.944784 0.275808 -0.176957 0.407609 -0.145371 -0.131204 -0.980639 -0.208156 -0.293686 0.952216 -0.083865 -0.012229 0.000000 0.000000 0.000000 1.000000
0.954252 0.233305 -0.187009 0.407609 -0.160881 -0.126567 -0.978825 -0.208156 -0.252034 0.964131 -0.083242 -0.012229 0.000000 0.000000 0.000000 1.000000
0.961733 0.190508 -0.196919 0.407609 -0.176145 -0.120599 -0.976949 -0.208156 -0.209865 0.974250 -0.082427 -0.012229 0.000000 0.000000 0.000000 1.000000
0.967203 0.147366 -0.206884 0.407609 -0.191116 -0.114280 -0.974892 -0.208156 -0.167309 0.982458 -0.082368 -0.012229 0.000000 0.000000 0.000000 1.000000
0.971470 0.019213 -0.236385 0.407609 -0.233474 -0.097683 -0.967444 -0.208156 -0.041678 0.995032 -0.090410 -0.012229 0.000000 0.000000 0.000000 1.000000
0.959788 -0.100105 -0.262272 0.407609 -0.270692 -0.082467 -0.959127 -0.208156 0.074384 0.991553 -0.106249 -0.012229 0.000000 0.000000 0.000000 1.000000
0.937621 -0.202784 -0.282394 0.407609 -0.301448 -0.069546 -0.950943 -0.208156 0.173197 0.976751 -0.126337 -0.012229 0.000000 0.000000 0.000000 1.000000
0.912494 -0.282341 -0.296039 0.407608 -0.324695 -0.059643 -0.943937 -0.208156 0.248856 0.957458 -0.146099 -0.012229 0.000000 0.000000 0.000000 1.000000
0.902837 -0.308066 -0.299968 0.407608 -0.332132 -0.056585 -0.941534 -0.208156 0.273081 0.949681 -0.153405 -0.012229 0.000000 0.000000 0.000000 1.000000
0.892481 -0.333549 -0.303681 0.407608 -0.339472 -0.053317 -0.939104 -0.208156 0.297046 0.941224 -0.160815 -0.012229 0.000000 0.000000 0.000000 1.000000
0.884630 -0.351718 -0.306144 0.407608 -0.344690 -0.051082 -0.937326 -0.208156 0.314036 0.934711 -0.166423 -0.012229 0.000000 0.000000 0.000000 1.000000
0.884630 -0.351718 -0.306144 0.407608 -0.344691 -0.051082 -0.937326 -0.208156 0.314036 0.934711 -0.166423 -0.012229 0.000000 0.000000 0.000000 1.000000
0.884630 -0.351718 -0.306144 0.407608 -0.344691 -0.051082 -0.937326 -0.208156 0.314036 0.934711 -0.166423 -0.012229 0.000000 0.000000 0.000000 1.000000
0.884630 -0.351718 -0.306145 0.407608 -0.344691 -0.051082 -0.937326 -0.208156 0.314036 0.934711 -0.166423 -0.012229 0.000000 0.000000 0.000000 1.000000
0.884630 -0.351718 -0.306145 0.407608 -0.344691 -0.051082 -0.937326 -0.208156 0.314036 0.934711 -0.166423 -0.012229 0.000000 0.000000 0.000000 1.000000
0.884630 -0.351718 -0.306145 0.407608 -0.344691 -0.051082 -0.937326 -0.208156 0.314036 0.934711 -0.166423 -0.012229 0.000000 0.000000 0.000000 1.000000
0.884630 -0.351718 -0.306145 0.407608 -0.344691 -0.051082 -0.937326 -0.208156 0.314036 0.934711 -0.166423 -0.012229 0.000000 0.000000 0.000000 1.000000
0.884630 -0.351718 -0.306145 0.407608 -0.344691 -0.051082 -0.937325 -0.208156 0.314036 0.934711 -0.166423 -0.012229 0.000000 0.000000 0.000000 1.000000
0.884630 -0.351718 -0.306145 0.407608 -0.344691 -0.051082 -0.937325 -0.208156 0.314036 0.934711 -0.166423 -0.012229 0.000000 0.000000 0.000000 1.000000
0.884630 -0.351718 -0.306145 0.407608 -0.344691 -0.051083 -0.937325 -0.208156 0.314036 0.934711 -0.166423 -0.012229 0.000000 0.000000 0.000000 1.000000
0.884630 -0.351718 -0.306145 0.407608 -0.344691 -0.051083 -0.937325 -0.208156 0.314036 0.934711 -0.166423 -0.012229 0.000000 0.000000 0.000000 1.000000
0.884630 -0.351718 -0.306145 0.407608 -0.344691 -0.051083 -0.937325 -0.208156 0.314036 0.934711 -0.166423 -0.012229 0.000000 0.000000 0.000000 1.000000
0.884630 -0.351718 -0.306145 0.407608 -0.344691 -0.051083 -0.937325 -0.208156 0.314036 0.934711 -0.166423 -0.012229 0.000000 0.000000 0.000000 1.000000
0.884630 -0.351719 -0.306145 0.407608 -0.344691 -0.051083 -0.937325 -0.208156 0.314036 0.934711 -0.166424 -0.012229 0.000000 0.000000 0.000000 1.000000
0.884629 -0.351719 -0.306145 0.407608 -0.344691 -0.051083 -0.937325 -0.208156 0.314036 0.934711 -0.166424 -0.012229 0.000000 0.000000 0.000000 1.000000</float_array><technique_common><accessor source="#jnt_right_handpinky1-Matrix-animation-output-transform-array" count="51" stride="16"><param type="float4x4"/></accessor></technique_common></source><source id="jnt_right_handpinky1-Interpolations"><Name_array id="jnt_right_handpinky1-Interpolations-array" count="51">
 LINEAR LINEAR LINEAR LINEAR LINEAR LINEAR LINEAR LINEAR LINEAR LINEAR LINEAR
LINEAR LINEAR LINEAR LINEAR LINEAR LINEAR LINEAR LINEAR LINEAR LINEAR LINEAR LINEAR
LINEAR LINEAR LINEAR LINEAR LINEAR LINEAR LINEAR LINEAR LINEAR LINEAR LINEAR LINEAR
LINEAR LINEAR LINEAR LINEAR LINEAR LINEAR LINEAR LINEAR LINEAR LINEAR LINEAR LINEAR
LINEAR LINEAR LINEAR LINEAR</Name_array><technique_common><accessor source="#jnt_right_handpinky1-Interpolations-array" count="51"><param type="name"/></accessor></technique_common></source><sampler id="jnt_right_handpinky1-Matrix-animation-transform"><input semantic="INPUT" source="#jnt_right_handpinky1-Matrix-animation-input"/><input semantic="OUTPUT" source="#jnt_right_handpinky1-Matrix-animation-output-transform"/><input semantic="INTERPOLATION" source="#jnt_right_handpinky1-Interpolations"/></sampler><channel source="#jnt_right_handpinky1-Matrix-animation-transform" target="jnt_right_handpinky1/matrix"/></animation></animation>
    <animation id="jnt_right_handpinky2-anim" name="jnt_right_handpinky2"><animation><source id="jnt_right_handpinky2-Matrix-animation-input"><float_array id="jnt_right_handpinky2-Matrix-animation-input-array" count="51">

0.000000 0.033333 0.066667 0.100000 0.133333 0.166667 0.200000 0.233333 0.266667 0.300000 0.333333 0.366667 0.400000 0.433333 0.466667 0.500000
0.533333 0.566667 0.600000 0.633333 0.666667 0.700000 0.733333 0.766667 0.800000 0.833333 0.866667 0.900000 0.933333 0.966667 1.000000 1.033333
1.066667 1.100000 1.133333 1.166667 1.200000 1.233333 1.266667 1.300000 1.333333 1.366667 1.400000 1.433333 1.466667 1.500000 1.533333 1.566667
1.600000 1.633333 1.666667</float_array><technique_common><accessor source="#jnt_right_handpinky2-Matrix-animation-input-array" count="51"><param name="TIME" type="float"/></accessor></technique_common></source><source id="jnt_right_handpinky2-Matrix-animation-output-transform"><float_array id="jnt_right_handpinky2-Matrix-animation-output-transform-array" count="816">

0.796433 0.604328 -0.021959 0.148507 -0.604219 0.796727 0.012048 0.000000 0.024776 0.003673 0.999686 -0.000000 0.000000 0.000000 0.000000 1.000000
0.796433 0.604328 -0.021959 0.148507 -0.604219 0.796727 0.012048 0.000000 0.024776 0.003673 0.999686 -0.000000 0.000000 0.000000 0.000000 1.000000
0.796433 0.604328 -0.021959 0.148507 -0.604219 0.796727 0.012048 0.000000 0.024776 0.003673 0.999686 -0.000000 0.000000 0.000000 0.000000 1.000000
0.796433 0.604328 -0.021959 0.148507 -0.604219 0.796727 0.012048 0.000000 0.024777 0.003673 0.999686 -0.000000 0.000000 0.000000 0.000000 1.000000
0.796433 0.604328 -0.021959 0.148507 -0.604219 0.796727 0.012048 0.000000 0.024777 0.003673 0.999686 -0.000000 0.000000 0.000000 0.000000 1.000000
0.796433 0.604328 -0.021959 0.148507 -0.604219 0.796727 0.012048 0.000000 0.024777 0.003673 0.999686 -0.000000 0.000000 0.000000 0.000000 1.000000
0.796433 0.604328 -0.021959 0.148507 -0.604219 0.796727 0.012048 0.000000 0.024777 0.003673 0.999686 -0.000000 0.000000 0.000000 0.000000 1.000000
0.796433 0.604328 -0.021959 0.148507 -0.604219 0.796727 0.012048 0.000000 0.024777 0.003673 0.999686 -0.000000 0.000000 0.000000 0.000000 1.000000
0.796433 0.604328 -0.021959 0.148507 -0.604219 0.796727 0.012048 0.000000 0.024777 0.003673 0.999686 -0.000000 0.000000 0.000000 0.000000 1.000000
0.796433 0.604328 -0.021959 0.148507 -0.604219 0.796727 0.012048 0.000000 0.024777 0.003673 0.999686 -0.000000 0.000000 0.000000 0.000000 1.000000
0.796433 0.604328 -0.021959 0.148507 -0.604219 0.796727 0.012048 0.000000 0.024777 0.003673 0.999686 -0.000000 0.000000 0.000000 0.000000 1.000000
0.796433 0.604328 -0.021959 0.148507 -0.604219 0.796727 0.012048 0.000000 0.024777 0.003673 0.999686 -0.000000 0.000000 0.000000 0.000000 1.000000
0.796433 0.604328 -0.021959 0.148507 -0.604219 0.796727 0.012048 0.000000 0.024777 0.003673 0.999686 0.000000 0.000000 0.000000 0.000000 1.000000
0.796433 0.604328 -0.021959 0.148507 -0.604219 0.796727 0.012048 0.000000 0.024777 0.003673 0.999686 0.000000 0.000000 0.000000 0.000000 1.000000
0.796433 0.604328 -0.021959 0.148507 -0.604219 0.796727 0.012048 0.000000 0.024777 0.003673 0.999686 0.000000 0.000000 0.000000 0.000000 1.000000
0.796433 0.604328 -0.021959 0.148507 -0.604219 0.796727 0.012048 0.000000 0.024777 0.003673 0.999686 0.000000 0.000000 0.000000 0.000000 1.000000
0.796433 0.604328 -0.021959 0.148507 -0.604219 0.796727 0.012048 0.000000 0.024777 0.003673 0.999686 0.000000 0.000000 0.000000 0.000000 1.000000
0.796433 0.604328 -0.021959 0.148507 -0.604219 0.796727 0.012048 0.000000 0.024777 0.003673 0.999686 0.000000 0.000000 0.000000 0.000000 1.000000
0.796433 0.604328 -0.021959 0.148507 -0.604219 0.796727 0.012048 0.000000 0.024777 0.003673 0.999686 0.000000 0.000000 0.000000 0.000000 1.000000
0.796433 0.604328 -0.021959 0.148507 -0.604219 0.796727 0.012048 0.000000 0.024777 0.003673 0.999686 0.000000 0.000000 0.000000 0.000000 1.000000
0.799428 0.600373 -0.021622 0.148507 -0.600268 0.799712 0.011793 0.000000 0.024371 0.003551 0.999697 0.000000 0.000000 0.000000 0.000000 1.000000
0.803563 0.594843 -0.021149 0.148507 -0.594743 0.803835 0.011441 0.000000 0.023806 0.003385 0.999711 0.000000 0.000000 0.000000 0.000000 1.000000
0.807661 0.589285 -0.020675 0.148507 -0.589189 0.807919 0.011092 0.000000 0.023240 0.003223 0.999725 0.000000 0.000000 0.000000 0.000000 1.000000
0.819912 0.572168 -0.019213 0.148507 -0.572086 0.820132 0.010049 0.000000 0.021506 0.002752 0.999765 0.000000 0.000000 0.000000 0.000000 1.000000
0.834914 0.550108 -0.017329 0.148507 -0.550042 0.835091 0.008771 0.000000 0.019296 0.002208 0.999811 0.000000 0.000000 0.000000 0.000000 1.000000
0.851438 0.524238 -0.015119 0.148507 -0.524188 0.851570 0.007363 0.000000 0.016735 0.001656 0.999858 0.000000 0.000000 0.000000 0.000000 1.000000
0.868355 0.495780 -0.012688 0.148507 -0.495746 0.868447 0.005921 0.000000 0.013955 0.001148 0.999902 0.000000 0.000000 0.000000 0.000000 1.000000
0.873913 0.485938 -0.011848 0.148507 -0.485908 0.873993 0.005448 0.000000 0.013002 0.000996 0.999915 0.000000 0.000000 0.000000 0.000000 1.000000
0.879358 0.476033 -0.011002 0.148507 -0.476008 0.879427 0.004983 0.000000 0.012048 0.000855 0.999927 0.000000 0.000000 0.000000 0.000000 1.000000
0.884691 0.466068 -0.010151 0.148507 -0.466047 0.884749 0.004529 0.000000 0.011091 0.000724 0.999938 0.000000 0.000000 0.000000 0.000000 1.000000
0.899651 0.436543 -0.007629 0.148507 -0.436531 0.899683 0.003253 0.000000 0.008284 0.000404 0.999966 0.000000 0.000000 0.000000 0.000000 1.000000
0.912635 0.408741 -0.005254 0.148507 -0.408735 0.912651 0.002145 0.000000 0.005672 0.000190 0.999984 0.000000 0.000000 0.000000 0.000000 1.000000
0.923216 0.384268 -0.003164 0.148507 -0.384266 0.923222 0.001242 0.000000 0.003399 0.000069 0.999994 0.000000 0.000000 0.000000 0.000000 1.000000
0.931098 0.364766 -0.001498 0.148507 -0.364765 0.931099 0.000569 0.000000 0.001603 0.000017 0.999999 0.000000 0.000000 0.000000 0.000000 1.000000
0.933593 0.358333 -0.000949 0.148507 -0.358333 0.933594 0.000356 0.000000 0.001013 0.000008 0.999999 0.000000 0.000000 0.000000 0.000000 1.000000
0.936044 0.351883 -0.000398 0.148507 -0.351883 0.936044 0.000147 0.000000 0.000424 0.000003 1.000000 0.000000 0.000000 0.000000 0.000000 1.000000
0.937777 0.347239 -0.000001 0.148507 -0.347239 0.937777 -0.000002 0.000000 0.000000 0.000003 1.000000 0.000000 0.000000 0.000000 0.000000 1.000000
0.937777 0.347239 -0.000001 0.148507 -0.347239 0.937777 -0.000002 0.000000 0.000000 0.000003 1.000000 0.000000 0.000000 0.000000 0.000000 1.000000
0.937777 0.347239 -0.000001 0.148507 -0.347239 0.937777 -0.000002 0.000000 0.000000 0.000002 1.000000 0.000000 0.000000 0.000000 0.000000 1.000000
0.937777 0.347239 -0.000001 0.148507 -0.347239 0.937777 -0.000002 0.000000 0.000000 0.000002 1.000000 0.000000 0.000000 0.000000 0.000000 1.000000
0.937777 0.347239 -0.000001 0.148507 -0.347239 0.937777 -0.000002 0.000000 0.000000 0.000002 1.000000 0.000000 0.000000 0.000000 0.000000 1.000000
0.937777 0.347239 -0.000001 0.148507 -0.347239 0.937777 -0.000002 0.000000 0.000000 0.000002 1.000000 0.000000 0.000000 0.000000 0.000000 1.000000
0.937777 0.347239 -0.000001 0.148507 -0.347239 0.937777 -0.000002 0.000000 0.000000 0.000002 1.000000 0.000000 0.000000 0.000000 0.000000 1.000000
0.937777 0.347239 -0.000001 0.148507 -0.347239 0.937777 -0.000002 0.000000 0.000000 0.000002 1.000000 0.000000 0.000000 0.000000 0.000000 1.000000
0.937777 0.347239 -0.000001 0.148507 -0.347239 0.937777 -0.000002 0.000000 0.000000 0.000002 1.000000 0.000000 0.000000 0.000000 0.000000 1.000000
0.937777 0.347239 -0.000001 0.148507 -0.347239 0.937777 -0.000002 0.000000 0.000000 0.000002 1.000000 0.000000 0.000000 0.000000 0.000000 1.000000
0.937777 0.347239 -0.000001 0.148507 -0.347239 0.937777 -0.000002 0.000000 0.000000 0.000002 1.000000 0.000000 0.000000 0.000000 0.000000 1.000000
0.937777 0.347238 -0.000001 0.148507 -0.347238 0.937777 -0.000002 0.000000 0.000000 0.000002 1.000000 0.000000 0.000000 0.000000 0.000000 1.000000
0.937777 0.347238 -0.000001 0.148507 -0.347238 0.937777 -0.000002 0.000000 0.000000 0.000002 1.000000 0.000000 0.000000 0.000000 0.000000 1.000000
0.937777 0.347238 -0.000001 0.148507 -0.347238 0.937777 -0.000002 0.000000 0.000000 0.000002 1.000000 0.000000 0.000000 0.000000 0.000000 1.000000
0.937777 0.347238 -0.000001 0.148507 -0.347238 0.937777 -0.000001 0.000000 0.000000 0.000002 1.000000 0.000000 0.000000 0.000000 0.000000 1.000000</float_array><technique_common><accessor source="#jnt_right_handpinky2-Matrix-animation-output-transform-array" count="51" stride="16"><param type="float4x4"/></accessor></technique_common></source><source id="jnt_right_handpinky2-Interpolations"><Name_array id="jnt_right_handpinky2-Interpolations-array" count="51">
 LINEAR LINEAR LINEAR LINEAR LINEAR LINEAR LINEAR LINEAR LINEAR LINEAR LINEAR
LINEAR LINEAR LINEAR LINEAR LINEAR LINEAR LINEAR LINEAR LINEAR LINEAR LINEAR LINEAR
LINEAR LINEAR LINEAR LINEAR LINEAR LINEAR LINEAR LINEAR LINEAR LINEAR LINEAR LINEAR
LINEAR LINEAR LINEAR LINEAR LINEAR LINEAR LINEAR LINEAR LINEAR LINEAR LINEAR LINEAR
LINEAR LINEAR LINEAR LINEAR</Name_array><technique_common><accessor source="#jnt_right_handpinky2-Interpolations-array" count="51"><param type="name"/></accessor></technique_common></source><sampler id="jnt_right_handpinky2-Matrix-animation-transform"><input semantic="INPUT" source="#jnt_right_handpinky2-Matrix-animation-input"/><input semantic="OUTPUT" source="#jnt_right_handpinky2-Matrix-animation-output-transform"/><input semantic="INTERPOLATION" source="#jnt_right_handpinky2-Interpolations"/></sampler><channel source="#jnt_right_handpinky2-Matrix-animation-transform" target="jnt_right_handpinky2/matrix"/></animation></animation>
    <animation id="jnt_right_handpinky3-anim" name="jnt_right_handpinky3"><animation><source id="jnt_right_handpinky3-Matrix-animation-input"><float_array id="jnt_right_handpinky3-Matrix-animation-input-array" count="51">

0.000000 0.033333 0.066667 0.100000 0.133333 0.166667 0.200000 0.233333 0.266667 0.300000 0.333333 0.366667 0.400000 0.433333 0.466667 0.500000
0.533333 0.566667 0.600000 0.633333 0.666667 0.700000 0.733333 0.766667 0.800000 0.833333 0.866667 0.900000 0.933333 0.966667 1.000000 1.033333
1.066667 1.100000 1.133333 1.166667 1.200000 1.233333 1.266667 1.300000 1.333333 1.366667 1.400000 1.433333 1.466667 1.500000 1.533333 1.566667
1.600000 1.633333 1.666667</float_array><technique_common><accessor source="#jnt_right_handpinky3-Matrix-animation-input-array" count="51"><param name="TIME" type="float"/></accessor></technique_common></source><source id="jnt_right_handpinky3-Matrix-animation-output-transform"><float_array id="jnt_right_handpinky3-Matrix-animation-output-transform-array" count="816">

0.868617 0.494805 -0.025918 0.075471 -0.494766 0.868986 0.008362 0.000000 0.026660 0.005560 0.999629 -0.000000 0.000000 0.000000 0.000000 1.000000
0.868617 0.494805 -0.025918 0.075471 -0.494766 0.868986 0.008362 0.000000 0.026660 0.005560 0.999629 -0.000000 0.000000 0.000000 0.000000 1.000000
0.868617 0.494805 -0.025918 0.075471 -0.494766 0.868986 0.008362 0.000000 0.026660 0.005560 0.999629 -0.000000 0.000000 0.000000 0.000000 1.000000
0.868617 0.494805 -0.025918 0.075471 -0.494766 0.868986 0.008362 0.000000 0.026660 0.005560 0.999629 -0.000000 0.000000 0.000000 0.000000 1.000000
0.868617 0.494805 -0.025918 0.075471 -0.494766 0.868986 0.008362 0.000000 0.026660 0.005560 0.999629 -0.000000 0.000000 0.000000 0.000000 1.000000
0.868617 0.494805 -0.025918 0.075471 -0.494766 0.868986 0.008362 0.000000 0.026660 0.005560 0.999629 -0.000000 0.000000 0.000000 0.000000 1.000000
0.868617 0.494805 -0.025918 0.075471 -0.494765 0.868986 0.008362 0.000000 0.026660 0.005560 0.999629 -0.000000 0.000000 0.000000 0.000000 1.000000
0.868618 0.494805 -0.025918 0.075471 -0.494765 0.868986 0.008362 0.000000 0.026660 0.005560 0.999629 -0.000000 0.000000 0.000000 0.000000 1.000000
0.868618 0.494805 -0.025918 0.075471 -0.494765 0.868986 0.008362 0.000000 0.026660 0.005560 0.999629 -0.000000 0.000000 0.000000 0.000000 1.000000
0.868618 0.494805 -0.025918 0.075471 -0.494765 0.868986 0.008362 0.000000 0.026660 0.005560 0.999629 -0.000000 0.000000 0.000000 0.000000 1.000000
0.868618 0.494805 -0.025918 0.075471 -0.494765 0.868986 0.008363 0.000000 0.026660 0.005559 0.999629 -0.000000 0.000000 0.000000 0.000000 1.000000
0.868618 0.494805 -0.025918 0.075471 -0.494765 0.868986 0.008363 0.000000 0.026660 0.005559 0.999629 -0.000000 0.000000 0.000000 0.000000 1.000000
0.868618 0.494805 -0.025918 0.075471 -0.494765 0.868986 0.008363 0.000000 0.026660 0.005559 0.999629 -0.000000 0.000000 0.000000 0.000000 1.000000
0.868618 0.494805 -0.025918 0.075471 -0.494765 0.868986 0.008363 0.000000 0.026660 0.005559 0.999629 -0.000000 0.000000 0.000000 0.000000 1.000000
0.868618 0.494805 -0.025918 0.075471 -0.494765 0.868986 0.008363 0.000000 0.026660 0.005559 0.999629 -0.000000 0.000000 0.000000 0.000000 1.000000
0.868618 0.494805 -0.025918 0.075471 -0.494765 0.868986 0.008363 0.000000 0.026660 0.005559 0.999629 -0.000000 0.000000 0.000000 0.000000 1.000000
0.868618 0.494805 -0.025918 0.075471 -0.494765 0.868986 0.008363 0.000000 0.026660 0.005559 0.999629 -0.000000 0.000000 0.000000 0.000000 1.000000
0.868618 0.494805 -0.025918 0.075471 -0.494765 0.868986 0.008363 0.000000 0.026660 0.005559 0.999629 -0.000000 0.000000 0.000000 0.000000 1.000000
0.868618 0.494804 -0.025918 0.075471 -0.494765 0.868986 0.008363 0.000000 0.026660 0.005559 0.999629 -0.000000 0.000000 0.000000 0.000000 1.000000
0.868618 0.494804 -0.025918 0.075471 -0.494765 0.868986 0.008363 0.000000 0.026660 0.005559 0.999629 -0.000000 0.000000 0.000000 0.000000 1.000000
0.872036 0.488777 -0.025509 0.075471 -0.488738 0.872392 0.008163 0.000000 0.026244 0.005349 0.999641 -0.000000 0.000000 0.000000 0.000000 1.000000
0.876723 0.480348 -0.024939 0.075471 -0.480310 0.877063 0.007887 0.000000 0.025661 0.005064 0.999658 -0.000000 0.000000 0.000000 0.000000 1.000000
0.881329 0.471875 -0.024366 0.075471 -0.471837 0.881653 0.007616 0.000000 0.025076 0.004785 0.999674 -0.000000 0.000000 0.000000 0.000000 1.000000
0.894860 0.445775 -0.022608 0.075471 -0.445740 0.895136 0.006811 0.000000 0.023273 0.003982 0.999721 -0.000000 0.000000 0.000000 0.000000 1.000000
0.910893 0.412140 -0.020352 0.075471 -0.412110 0.911115 0.005842 0.000000 0.020950 0.003066 0.999776 -0.000000 0.000000 0.000000 0.000000 1.000000
0.927772 0.372727 -0.017719 0.075471 -0.372703 0.927938 0.004798 0.000000 0.018231 0.002152 0.999831 -0.000000 0.000000 0.000000 0.000000 1.000000
0.944057 0.329448 -0.014839 0.075471 -0.329430 0.944173 0.003760 0.000000 0.015249 0.001339 0.999883 -0.000000 0.000000 0.000000 0.000000 1.000000
0.949155 0.314505 -0.013846 0.075471 -0.314489 0.949255 0.003421 0.000000 0.014220 0.001107 0.999898 -0.000000 0.000000 0.000000 0.000000 1.000000
0.954015 0.299483 -0.012849 0.075471 -0.299468 0.954101 0.003099 0.000000 0.013187 0.000892 0.999913 -0.000000 0.000000 0.000000 0.000000 1.000000
0.958637 0.284386 -0.011846 0.075471 -0.284373 0.958710 0.002792 0.000000 0.012151 0.000693 0.999926 -0.000000 0.000000 0.000000 0.000000 1.000000
0.970788 0.239775 -0.008886 0.075471 -0.239768 0.970828 0.001941 0.000000 0.009092 0.000246 0.999959 -0.000000 0.000000 0.000000 0.000000 1.000000
0.980192 0.197955 -0.006109 0.075471 -0.197951 0.980211 0.001238 0.000000 0.006233 -0.000004 0.999981 -0.000000 0.000000 0.000000 0.000000 1.000000
0.986896 0.161314 -0.003673 0.075471 -0.161313 0.986903 0.000694 0.000000 0.003737 -0.000092 0.999993 -0.000000 0.000000 0.000000 0.000000 1.000000
0.991215 0.132247 -0.001737 0.075471 -0.132246 0.991217 0.000310 0.000000 0.001763 -0.000078 0.999998 -0.000000 0.000000 0.000000 0.000000 1.000000
0.992445 0.122686 -0.001099 0.075471 -0.122686 0.992446 0.000192 0.000000 0.001114 -0.000056 0.999999 -0.000000 0.000000 0.000000 0.000000 1.000000
0.993582 0.113113 -0.000460 0.075471 -0.113113 0.993582 0.000080 0.000000 0.000466 -0.000027 1.000000 -0.000000 0.000000 0.000000 0.000000 1.000000
0.994342 0.106230 -0.000001 0.075471 -0.106230 0.994342 0.000001 0.000000 0.000001 -0.000001 1.000000 -0.000000 0.000000 0.000000 0.000000 1.000000
0.994342 0.106230 -0.000001 0.075471 -0.106230 0.994342 0.000001 0.000000 0.000001 -0.000001 1.000000 -0.000000 0.000000 0.000000 0.000000 1.000000
0.994342 0.106230 -0.000001 0.075471 -0.106230 0.994342 0.000001 0.000000 0.000001 -0.000001 1.000000 -0.000000 0.000000 0.000000 0.000000 1.000000
0.994342 0.106230 -0.000001 0.075471 -0.106230 0.994342 0.000001 0.000000 0.000001 -0.000001 1.000000 -0.000000 0.000000 0.000000 0.000000 1.000000
0.994342 0.106230 -0.000001 0.075471 -0.106230 0.994342 0.000001 0.000000 0.000001 -0.000001 1.000000 -0.000000 0.000000 0.000000 0.000000 1.000000
0.994342 0.106230 -0.000000 0.075471 -0.106230 0.994342 0.000001 0.000000 0.000001 -0.000001 1.000000 -0.000000 0.000000 0.000000 0.000000 1.000000
0.994342 0.106230 -0.000000 0.075471 -0.106230 0.994342 0.000001 0.000000 0.000000 -0.000001 1.000000 -0.000000 0.000000 0.000000 0.000000 1.000000
0.994342 0.106230 -0.000000 0.075471 -0.106230 0.994342 0.000001 0.000000 0.000000 -0.000001 1.000000 -0.000000 0.000000 0.000000 0.000000 1.000000
0.994342 0.106230 -0.000000 0.075471 -0.106230 0.994342 0.000001 0.000000 0.000000 -0.000001 1.000000 -0.000000 0.000000 0.000000 0.000000 1.000000
0.994342 0.106230 -0.000000 0.075471 -0.106230 0.994342 0.000001 0.000000 0.000000 -0.000001 1.000000 -0.000000 0.000000 0.000000 0.000000 1.000000
0.994342 0.106230 -0.000000 0.075471 -0.106230 0.994342 0.000001 0.000000 0.000000 -0.000001 1.000000 -0.000000 0.000000 0.000000 0.000000 1.000000
0.994342 0.106230 0.000000 0.075471 -0.106230 0.994342 0.000001 0.000000 0.000000 -0.000001 1.000000 -0.000000 0.000000 0.000000 0.000000 1.000000
0.994342 0.106230 0.000000 0.075471 -0.106230 0.994342 0.000001 0.000000 -0.000000 -0.000001 1.000000 -0.000000 0.000000 0.000000 0.000000 1.000000
0.994342 0.106230 0.000000 0.075471 -0.106230 0.994342 0.000001 0.000000 -0.000000 -0.000001 1.000000 -0.000000 0.000000 0.000000 0.000000 1.000000
0.994342 0.106230 0.000000 0.075471 -0.106230 0.994342 0.000001 0.000000 -0.000000 -0.000001 1.000000 -0.000000 0.000000 0.000000 0.000000 1.000000</float_array><technique_common><accessor source="#jnt_right_handpinky3-Matrix-animation-output-transform-array" count="51" stride="16"><param type="float4x4"/></accessor></technique_common></source><source id="jnt_right_handpinky3-Interpolations"><Name_array id="jnt_right_handpinky3-Interpolations-array" count="51">
 LINEAR LINEAR LINEAR LINEAR LINEAR LINEAR LINEAR LINEAR LINEAR LINEAR LINEAR
LINEAR LINEAR LINEAR LINEAR LINEAR LINEAR LINEAR LINEAR LINEAR LINEAR LINEAR LINEAR
LINEAR LINEAR LINEAR LINEAR LINEAR LINEAR LINEAR LINEAR LINEAR LINEAR LINEAR LINEAR
LINEAR LINEAR LINEAR LINEAR LINEAR LINEAR LINEAR LINEAR LINEAR LINEAR LINEAR LINEAR
LINEAR LINEAR LINEAR LINEAR</Name_array><technique_common><accessor source="#jnt_right_handpinky3-Interpolations-array" count="51"><param type="name"/></accessor></technique_common></source><sampler id="jnt_right_handpinky3-Matrix-animation-transform"><input semantic="INPUT" source="#jnt_right_handpinky3-Matrix-animation-input"/><input semantic="OUTPUT" source="#jnt_right_handpinky3-Matrix-animation-output-transform"/><input semantic="INTERPOLATION" source="#jnt_right_handpinky3-Interpolations"/></sampler><channel source="#jnt_right_handpinky3-Matrix-animation-transform" target="jnt_right_handpinky3/matrix"/></animation></animation>
    <animation id="jnt_right_handpinky4-anim" name="jnt_right_handpinky4"><animation><source id="jnt_right_handpinky4-Matrix-animation-input"><float_array id="jnt_right_handpinky4-Matrix-animation-input-array" count="51">

0.000000 0.033333 0.066667 0.100000 0.133333 0.166667 0.200000 0.233333 0.266667 0.300000 0.333333 0.366667 0.400000 0.433333 0.466667 0.500000
0.533333 0.566667 0.600000 0.633333 0.666667 0.700000 0.733333 0.766667 0.800000 0.833333 0.866667 0.900000 0.933333 0.966667 1.000000 1.033333
1.066667 1.100000 1.133333 1.166667 1.200000 1.233333 1.266667 1.300000 1.333333 1.366667 1.400000 1.433333 1.466667 1.500000 1.533333 1.566667
1.600000 1.633333 1.666667</float_array><technique_common><accessor source="#jnt_right_handpinky4-Matrix-animation-input-array" count="51"><param name="TIME" type="float"/></accessor></technique_common></source><source id="jnt_right_handpinky4-Matrix-animation-output-transform"><float_array id="jnt_right_handpinky4-Matrix-animation-output-transform-array" count="816">

1.000000 0.000001 -0.000001 0.101152 -0.000001 1.000000 -0.000001 0.000000 0.000001 0.000001 1.000000 -0.000000 0.000000 0.000000 0.000000 1.000000
1.000000 0.000001 -0.000001 0.101152 -0.000001 1.000000 -0.000001 0.000000 0.000001 0.000001 1.000000 -0.000000 0.000000 0.000000 0.000000 1.000000
1.000000 0.000001 -0.000001 0.101152 -0.000001 1.000000 -0.000001 0.000000 0.000001 0.000001 1.000000 -0.000000 0.000000 0.000000 0.000000 1.000000
1.000000 0.000001 -0.000001 0.101152 -0.000001 1.000000 -0.000001 0.000000 0.000001 0.000001 1.000000 -0.000000 0.000000 0.000000 0.000000 1.000000
1.000000 0.000001 -0.000001 0.101152 -0.000001 1.000000 -0.000001 0.000000 0.000001 0.000001 1.000000 -0.000000 0.000000 0.000000 0.000000 1.000000
1.000000 0.000001 -0.000001 0.101152 -0.000001 1.000000 -0.000001 0.000000 0.000001 0.000001 1.000000 -0.000000 0.000000 0.000000 0.000000 1.000000
1.000000 0.000001 -0.000001 0.101152 -0.000001 1.000000 -0.000001 0.000000 0.000001 0.000001 1.000000 -0.000000 0.000000 0.000000 0.000000 1.000000
1.000000 0.000001 -0.000001 0.101152 -0.000001 1.000000 -0.000001 0.000000 0.000001 0.000001 1.000000 -0.000000 0.000000 0.000000 0.000000 1.000000
1.000000 0.000001 -0.000001 0.101152 -0.000001 1.000000 -0.000001 0.000000 0.000001 0.000001 1.000000 -0.000000 0.000000 0.000000 0.000000 1.000000
1.000000 0.000001 -0.000001 0.101152 -0.000001 1.000000 -0.000001 0.000000 0.000001 0.000001 1.000000 -0.000000 0.000000 0.000000 0.000000 1.000000
1.000000 0.000001 -0.000001 0.101152 -0.000001 1.000000 -0.000001 0.000000 0.000001 0.000001 1.000000 -0.000000 0.000000 0.000000 0.000000 1.000000
1.000000 0.000001 -0.000001 0.101152 -0.000001 1.000000 -0.000001 0.000000 0.000001 0.000001 1.000000 -0.000000 0.000000 0.000000 0.000000 1.000000
1.000000 0.000001 -0.000001 0.101152 -0.000001 1.000000 -0.000001 0.000000 0.000001 0.000001 1.000000 -0.000000 0.000000 0.000000 0.000000 1.000000
1.000000 0.000001 -0.000001 0.101152 -0.000001 1.000000 -0.000001 0.000000 0.000001 0.000001 1.000000 -0.000000 0.000000 0.000000 0.000000 1.000000
1.000000 0.000001 -0.000001 0.101152 -0.000001 1.000000 -0.000001 0.000000 0.000001 0.000001 1.000000 -0.000000 0.000000 0.000000 0.000000 1.000000
1.000000 0.000001 -0.000001 0.101152 -0.000001 1.000000 -0.000001 0.000000 0.000001 0.000001 1.000000 -0.000000 0.000000 0.000000 0.000000 1.000000
1.000000 0.000001 -0.000001 0.101152 -0.000001 1.000000 -0.000001 0.000000 0.000001 0.000001 1.000000 -0.000000 0.000000 0.000000 0.000000 1.000000
1.000000 0.000001 -0.000001 0.101152 -0.000001 1.000000 -0.000001 0.000000 0.000001 0.000001 1.000000 -0.000000 0.000000 0.000000 0.000000 1.000000
1.000000 0.000001 -0.000001 0.101152 -0.000001 1.000000 -0.000001 0.000000 0.000001 0.000001 1.000000 -0.000000 0.000000 0.000000 0.000000 1.000000
1.000000 0.000001 -0.000001 0.101152 -0.000001 1.000000 -0.000001 0.000000 0.000001 0.000001 1.000000 -0.000000 0.000000 0.000000 0.000000 1.000000
0.999906 0.013630 -0.001182 0.101152 -0.013630 0.999907 0.000007 0.000000 0.001182 0.000009 0.999999 -0.000000 0.000000 0.000000 0.000000 1.000000
0.999465 0.032595 -0.002826 0.101152 -0.032595 0.999469 0.000045 0.000000 0.002826 0.000047 0.999996 -0.000000 0.000000 0.000000 0.000000 1.000000
0.998661 0.051548 -0.004469 0.101152 -0.051548 0.998670 0.000114 0.000000 0.004469 0.000116 0.999990 -0.000000 0.000000 0.000000 0.000000 1.000000
0.993977 0.109184 -0.009466 0.101152 -0.109184 0.994021 0.000518 0.000000 0.009466 0.000519 0.999955 -0.000000 0.000000 0.000000 0.000000 1.000000
0.983231 0.181683 -0.015751 0.101152 -0.181683 0.983356 0.001442 0.000000 0.015751 0.001443 0.999875 -0.000000 0.000000 0.000000 0.000000 1.000000
0.964286 0.263872 -0.022876 0.101152 -0.263872 0.964553 0.003073 0.000000 0.022876 0.003073 0.999734 -0.000000 0.000000 0.000000 0.000000 1.000000
0.936113 0.350384 -0.030375 0.101152 -0.350384 0.936590 0.005497 0.000000 0.030375 0.005497 0.999523 -0.000000 0.000000 0.000000 0.000000 1.000000
0.924695 0.379287 -0.032881 0.101152 -0.379287 0.925256 0.006479 0.000000 0.032881 0.006480 0.999438 -0.000000 0.000000 0.000000 0.000000 1.000000
0.912374 0.407828 -0.035355 0.101152 -0.407828 0.913028 0.007540 0.000000 0.035355 0.007540 0.999346 -0.000000 0.000000 0.000000 0.000000 1.000000
0.899169 0.435965 -0.037794 0.101152 -0.435965 0.899922 0.008676 0.000000 0.037794 0.008676 0.999248 -0.000000 0.000000 0.000000 0.000000 1.000000
0.855514 0.515845 -0.044719 0.101152 -0.515845 0.856592 0.012432 0.000000 0.044719 0.012432 0.998922 -0.000000 0.000000 0.000000 0.000000 1.000000
0.808662 0.586076 -0.050808 0.101152 -0.586076 0.810089 0.016464 0.000000 0.050808 0.016463 0.998573 -0.000000 0.000000 0.000000 0.000000 1.000000
0.763229 0.643713 -0.055804 0.101152 -0.643713 0.764995 0.020373 0.000000 0.055804 0.020372 0.998234 -0.000000 0.000000 0.000000 0.000000 1.000000
0.724458 0.686743 -0.059534 0.101152 -0.686743 0.726513 0.023709 0.000000 0.059535 0.023708 0.997945 -0.000000 0.000000 0.000000 0.000000 1.000000
0.711202 0.700361 -0.060715 0.101152 -0.700361 0.713356 0.024850 0.000000 0.060715 0.024849 0.997846 -0.000000 0.000000 0.000000 0.000000 1.000000
0.697688 0.713725 -0.061873 0.101152 -0.713725 0.699943 0.026013 0.000000 0.061874 0.026011 0.997745 -0.000000 0.000000 0.000000 0.000000 1.000000
0.687822 0.723167 -0.062691 0.101152 -0.723167 0.690151 0.026862 0.000000 0.062692 0.026860 0.997671 -0.000000 0.000000 0.000000 0.000000 1.000000
0.687822 0.723167 -0.062692 0.101152 -0.723167 0.690151 0.026862 0.000000 0.062692 0.026860 0.997671 -0.000000 0.000000 0.000000 0.000000 1.000000
0.687822 0.723167 -0.062692 0.101152 -0.723167 0.690151 0.026862 0.000000 0.062693 0.026860 0.997671 -0.000000 0.000000 0.000000 0.000000 1.000000
0.687822 0.723167 -0.062692 0.101152 -0.723167 0.690151 0.026862 0.000000 0.062693 0.026860 0.997671 -0.000000 0.000000 0.000000 0.000000 1.000000
0.687822 0.723167 -0.062692 0.101152 -0.723167 0.690150 0.026862 0.000000 0.062693 0.026860 0.997671 -0.000000 0.000000 0.000000 0.000000 1.000000
0.687822 0.723167 -0.062692 0.101152 -0.723167 0.690150 0.026862 0.000000 0.062693 0.026860 0.997671 -0.000000 0.000000 0.000000 0.000000 1.000000
0.687822 0.723167 -0.062692 0.101152 -0.723167 0.690151 0.026862 0.000000 0.062693 0.026860 0.997671 -0.000000 0.000000 0.000000 0.000000 1.000000
0.687822 0.723167 -0.062692 0.101152 -0.723167 0.690151 0.026862 0.000000 0.062693 0.026860 0.997671 -0.000000 0.000000 0.000000 0.000000 1.000000
0.687822 0.723167 -0.062692 0.101152 -0.723167 0.690151 0.026862 0.000000 0.062693 0.026860 0.997671 -0.000000 0.000000 0.000000 0.000000 1.000000
0.687822 0.723167 -0.062692 0.101152 -0.723167 0.690151 0.026862 0.000000 0.062693 0.026860 0.997671 -0.000000 0.000000 0.000000 0.000000 1.000000
0.687822 0.723167 -0.062692 0.101152 -0.723167 0.690151 0.026862 0.000000 0.062693 0.026860 0.997671 -0.000000 0.000000 0.000000 0.000000 1.000000
0.687822 0.723167 -0.062692 0.101152 -0.723167 0.690150 0.026863 0.000000 0.062693 0.026860 0.997671 -0.000000 0.000000 0.000000 0.000000 1.000000
0.687822 0.723167 -0.062693 0.101152 -0.723167 0.690150 0.026863 0.000000 0.062693 0.026861 0.997671 -0.000000 0.000000 0.000000 0.000000 1.000000
0.687822 0.723167 -0.062693 0.101152 -0.723167 0.690150 0.026863 0.000000 0.062693 0.026861 0.997671 -0.000000 0.000000 0.000000 0.000000 1.000000
0.687822 0.723167 -0.062693 0.101152 -0.723167 0.690150 0.026863 0.000000 0.062694 0.026861 0.997671 -0.000000 0.000000 0.000000 0.000000 1.000000</float_array><technique_common><accessor source="#jnt_right_handpinky4-Matrix-animation-output-transform-array" count="51" stride="16"><param type="float4x4"/></accessor></technique_common></source><source id="jnt_right_handpinky4-Interpolations"><Name_array id="jnt_right_handpinky4-Interpolations-array" count="51">
 LINEAR LINEAR LINEAR LINEAR LINEAR LINEAR LINEAR LINEAR LINEAR LINEAR LINEAR
LINEAR LINEAR LINEAR LINEAR LINEAR LINEAR LINEAR LINEAR LINEAR LINEAR LINEAR LINEAR
LINEAR LINEAR LINEAR LINEAR LINEAR LINEAR LINEAR LINEAR LINEAR LINEAR LINEAR LINEAR
LINEAR LINEAR LINEAR LINEAR LINEAR LINEAR LINEAR LINEAR LINEAR LINEAR LINEAR LINEAR
LINEAR LINEAR LINEAR LINEAR</Name_array><technique_common><accessor source="#jnt_right_handpinky4-Interpolations-array" count="51"><param type="name"/></accessor></technique_common></source><sampler id="jnt_right_handpinky4-Matrix-animation-transform"><input semantic="INPUT" source="#jnt_right_handpinky4-Matrix-animation-input"/><input semantic="OUTPUT" source="#jnt_right_handpinky4-Matrix-animation-output-transform"/><input semantic="INTERPOLATION" source="#jnt_right_handpinky4-Interpolations"/></sampler><channel source="#jnt_right_handpinky4-Matrix-animation-transform" target="jnt_right_handpinky4/matrix"/></animation></animation>
    <animation id="jnt_backpack-anim" name="jnt_backpack"><animation><source id="jnt_backpack-Matrix-animation-input"><float_array id="jnt_backpack-Matrix-animation-input-array" count="51">

0.000000 0.033333 0.066667 0.100000 0.133333 0.166667 0.200000 0.233333 0.266667 0.300000 0.333333 0.366667 0.400000 0.433333 0.466667 0.500000
0.533333 0.566667 0.600000 0.633333 0.666667 0.700000 0.733333 0.766667 0.800000 0.833333 0.866667 0.900000 0.933333 0.966667 1.000000 1.033333
1.066667 1.100000 1.133333 1.166667 1.200000 1.233333 1.266667 1.300000 1.333333 1.366667 1.400000 1.433333 1.466667 1.500000 1.533333 1.566667
1.600000 1.633333 1.666667</float_array><technique_common><accessor source="#jnt_backpack-Matrix-animation-input-array" count="51"><param name="TIME" type="float"/></accessor></technique_common></source><source id="jnt_backpack-Matrix-animation-output-transform"><float_array id="jnt_backpack-Matrix-animation-output-transform-array" count="816">

0.000000 0.995069 -0.099188 0.682543 0.000000 0.099188 0.995069 -0.705660 1.000000 -0.000000 0.000000 0.000000 0.000000 0.000000 0.000000 1.000000
0.000000 0.995069 -0.099188 0.682543 0.000000 0.099188 0.995069 -0.705660 1.000000 -0.000000 0.000000 0.000000 0.000000 0.000000 0.000000 1.000000
0.000000 0.995069 -0.099188 0.682543 0.000000 0.099188 0.995069 -0.705660 1.000000 -0.000000 0.000000 0.000000 0.000000 0.000000 0.000000 1.000000
0.000000 0.995069 -0.099188 0.682543 0.000000 0.099188 0.995069 -0.705660 1.000000 -0.000000 0.000000 0.000000 0.000000 0.000000 0.000000 1.000000
0.000000 0.995069 -0.099188 0.682543 0.000000 0.099188 0.995069 -0.705660 1.000000 -0.000000 0.000000 0.000000 0.000000 0.000000 0.000000 1.000000
0.000000 0.995069 -0.099188 0.682543 0.000000 0.099188 0.995069 -0.705660 1.000000 -0.000000 0.000000 0.000000 0.000000 0.000000 0.000000 1.000000
0.000000 0.995069 -0.099188 0.682543 0.000000 0.099188 0.995069 -0.705660 1.000000 -0.000000 0.000000 0.000000 0.000000 0.000000 0.000000 1.000000
0.000000 0.995069 -0.099188 0.682543 0.000000 0.099188 0.995069 -0.705660 1.000000 -0.000000 0.000000 0.000000 0.000000 0.000000 0.000000 1.000000
0.000000 0.995069 -0.099188 0.682543 0.000000 0.099188 0.995069 -0.705660 1.000000 -0.000000 0.000000 0.000000 0.000000 0.000000 0.000000 1.000000
0.000000 0.995069 -0.099188 0.682543 0.000000 0.099188 0.995069 -0.705660 1.000000 -0.000000 0.000000 0.000000 0.000000 0.000000 0.000000 1.000000
0.000000 0.995069 -0.099188 0.682543 0.000000 0.099188 0.995069 -0.705660 1.000000 -0.000000 0.000000 0.000000 0.000000 0.000000 0.000000 1.000000
0.000000 0.995069 -0.099188 0.682543 0.000000 0.099188 0.995069 -0.705660 1.000000 -0.000000 0.000000 0.000000 0.000000 0.000000 0.000000 1.000000
0.000000 0.995069 -0.099188 0.682543 0.000000 0.099188 0.995069 -0.705660 1.000000 -0.000000 0.000000 0.000000 0.000000 0.000000 0.000000 1.000000
0.000000 0.995069 -0.099188 0.682543 0.000000 0.099188 0.995069 -0.705660 1.000000 -0.000000 0.000000 0.000000 0.000000 0.000000 0.000000 1.000000
0.000000 0.995069 -0.099188 0.682543 0.000000 0.099188 0.995069 -0.705660 1.000000 -0.000000 0.000000 0.000000 0.000000 0.000000 0.000000 1.000000
0.000000 0.995069 -0.099188 0.682543 0.000000 0.099188 0.995069 -0.705660 1.000000 -0.000000 0.000000 0.000000 0.000000 0.000000 0.000000 1.000000
0.000000 0.995069 -0.099188 0.682543 0.000000 0.099188 0.995069 -0.705660 1.000000 -0.000000 0.000000 0.000000 0.000000 0.000000 0.000000 1.000000
0.000000 0.995069 -0.099188 0.682543 0.000000 0.099188 0.995069 -0.705660 1.000000 -0.000000 0.000000 0.000000 0.000000 0.000000 0.000000 1.000000
0.000000 0.995069 -0.099188 0.682543 0.000000 0.099188 0.995069 -0.705660 1.000000 -0.000000 0.000000 0.000000 0.000000 0.000000 0.000000 1.000000
0.000000 0.995069 -0.099188 0.682543 0.000000 0.099188 0.995069 -0.705660 1.000000 -0.000000 0.000000 0.000000 0.000000 0.000000 0.000000 1.000000
0.000000 0.995069 -0.099188 0.682543 0.000000 0.099188 0.995069 -0.705660 1.000000 -0.000000 0.000000 0.000000 0.000000 0.000000 0.000000 1.000000
0.000000 0.995069 -0.099188 0.682543 0.000000 0.099188 0.995069 -0.705660 1.000000 -0.000000 0.000000 0.000000 0.000000 0.000000 0.000000 1.000000
0.000000 0.995069 -0.099188 0.682543 0.000000 0.099188 0.995069 -0.705660 1.000000 -0.000000 0.000000 0.000000 0.000000 0.000000 0.000000 1.000000
0.000000 0.995069 -0.099188 0.682543 0.000000 0.099188 0.995069 -0.705660 1.000000 -0.000000 0.000000 0.000000 0.000000 0.000000 0.000000 1.000000
0.000000 0.995069 -0.099188 0.682543 0.000000 0.099188 0.995069 -0.705660 1.000000 -0.000000 0.000000 0.000000 0.000000 0.000000 0.000000 1.000000
0.000000 0.995069 -0.099188 0.682543 0.000000 0.099188 0.995069 -0.705660 1.000000 -0.000000 0.000000 0.000000 0.000000 0.000000 0.000000 1.000000
0.000000 0.995069 -0.099188 0.682543 0.000000 0.099188 0.995069 -0.705660 1.000000 -0.000000 0.000000 0.000000 0.000000 0.000000 0.000000 1.000000
0.000000 0.995069 -0.099188 0.682543 0.000000 0.099188 0.995069 -0.705660 1.000000 -0.000000 0.000000 0.000000 0.000000 0.000000 0.000000 1.000000
0.000000 0.995069 -0.099188 0.682543 0.000000 0.099188 0.995069 -0.705660 1.000000 -0.000000 0.000000 0.000000 0.000000 0.000000 0.000000 1.000000
0.000000 0.995069 -0.099188 0.682543 0.000000 0.099188 0.995069 -0.705660 1.000000 -0.000000 0.000000 0.000000 0.000000 0.000000 0.000000 1.000000
0.000000 0.995069 -0.099188 0.682543 0.000000 0.099188 0.995069 -0.705660 1.000000 -0.000000 0.000000 0.000000 0.000000 0.000000 0.000000 1.000000
0.000000 0.995069 -0.099188 0.682543 0.000000 0.099188 0.995069 -0.705660 1.000000 -0.000000 0.000000 0.000000 0.000000 0.000000 0.000000 1.000000
0.000000 0.995069 -0.099188 0.682543 0.000000 0.099188 0.995069 -0.705660 1.000000 -0.000000 0.000000 0.000000 0.000000 0.000000 0.000000 1.000000
0.000000 0.995069 -0.099188 0.682543 0.000000 0.099188 0.995069 -0.705660 1.000000 -0.000000 0.000000 0.000000 0.000000 0.000000 0.000000 1.000000
0.000000 0.995069 -0.099188 0.682543 0.000000 0.099188 0.995069 -0.705660 1.000000 -0.000000 0.000000 0.000000 0.000000 0.000000 0.000000 1.000000
0.000000 0.995069 -0.099188 0.682543 0.000000 0.099188 0.995069 -0.705660 1.000000 -0.000000 0.000000 0.000000 0.000000 0.000000 0.000000 1.000000
0.000000 0.995069 -0.099188 0.682543 0.000000 0.099188 0.995069 -0.705660 1.000000 -0.000000 0.000000 0.000000 0.000000 0.000000 0.000000 1.000000
0.000000 0.995069 -0.099188 0.682543 0.000000 0.099188 0.995069 -0.705660 1.000000 -0.000000 0.000000 0.000000 0.000000 0.000000 0.000000 1.000000
0.000000 0.995069 -0.099188 0.682543 0.000000 0.099188 0.995069 -0.705660 1.000000 -0.000000 0.000000 0.000000 0.000000 0.000000 0.000000 1.000000
0.000000 0.995069 -0.099188 0.682543 0.000000 0.099188 0.995069 -0.705660 1.000000 -0.000000 0.000000 0.000000 0.000000 0.000000 0.000000 1.000000
0.000000 0.995069 -0.099188 0.682543 0.000000 0.099188 0.995069 -0.705660 1.000000 -0.000000 0.000000 0.000000 0.000000 0.000000 0.000000 1.000000
0.000000 0.995069 -0.099188 0.682543 0.000000 0.099188 0.995069 -0.705660 1.000000 -0.000000 0.000000 0.000000 0.000000 0.000000 0.000000 1.000000
0.000000 0.995069 -0.099188 0.682543 0.000000 0.099188 0.995069 -0.705660 1.000000 -0.000000 0.000000 0.000000 0.000000 0.000000 0.000000 1.000000
0.000000 0.995069 -0.099188 0.682543 0.000000 0.099188 0.995069 -0.705660 1.000000 -0.000000 0.000000 0.000000 0.000000 0.000000 0.000000 1.000000
0.000000 0.995069 -0.099188 0.682543 0.000000 0.099188 0.995069 -0.705660 1.000000 -0.000000 0.000000 0.000000 0.000000 0.000000 0.000000 1.000000
0.000000 0.995069 -0.099188 0.682543 0.000000 0.099188 0.995069 -0.705660 1.000000 -0.000000 0.000000 0.000000 0.000000 0.000000 0.000000 1.000000
0.000000 0.995069 -0.099188 0.682543 0.000000 0.099188 0.995069 -0.705660 1.000000 -0.000000 0.000000 0.000000 0.000000 0.000000 0.000000 1.000000
0.000000 0.995069 -0.099188 0.682543 0.000000 0.099188 0.995069 -0.705660 1.000000 -0.000000 0.000000 0.000000 0.000000 0.000000 0.000000 1.000000
0.000000 0.995069 -0.099188 0.682543 0.000000 0.099188 0.995069 -0.705660 1.000000 -0.000000 0.000000 0.000000 0.000000 0.000000 0.000000 1.000000
0.000000 0.995069 -0.099188 0.682543 0.000000 0.099188 0.995069 -0.705660 1.000000 -0.000000 0.000000 0.000000 0.000000 0.000000 0.000000 1.000000
0.000000 0.995069 -0.099188 0.682543 0.000000 0.099188 0.995069 -0.705660 1.000000 -0.000000 0.000000 0.000000 0.000000 0.000000 0.000000 1.000000</float_array><technique_common><accessor source="#jnt_backpack-Matrix-animation-output-transform-array" count="51" stride="16"><param type="float4x4"/></accessor></technique_common></source><source id="jnt_backpack-Interpolations"><Name_array id="jnt_backpack-Interpolations-array" count="51">
 LINEAR LINEAR LINEAR LINEAR LINEAR LINEAR LINEAR LINEAR LINEAR LINEAR LINEAR
LINEAR LINEAR LINEAR LINEAR LINEAR LINEAR LINEAR LINEAR LINEAR LINEAR LINEAR LINEAR
LINEAR LINEAR LINEAR LINEAR LINEAR LINEAR LINEAR LINEAR LINEAR LINEAR LINEAR LINEAR
LINEAR LINEAR LINEAR LINEAR LINEAR LINEAR LINEAR LINEAR LINEAR LINEAR LINEAR LINEAR
LINEAR LINEAR LINEAR LINEAR</Name_array><technique_common><accessor source="#jnt_backpack-Interpolations-array" count="51"><param type="name"/></accessor></technique_common></source><sampler id="jnt_backpack-Matrix-animation-transform"><input semantic="INPUT" source="#jnt_backpack-Matrix-animation-input"/><input semantic="OUTPUT" source="#jnt_backpack-Matrix-animation-output-transform"/><input semantic="INTERPOLATION" source="#jnt_backpack-Interpolations"/></sampler><channel source="#jnt_backpack-Matrix-animation-transform" target="jnt_backpack/matrix"/></animation></animation>
    <animation id="jnt_camera-anim" name="jnt_camera"><animation><source id="jnt_camera-Matrix-animation-input"><float_array id="jnt_camera-Matrix-animation-input-array" count="51">

0.000000 0.033333 0.066667 0.100000 0.133333 0.166667 0.200000 0.233333 0.266667 0.300000 0.333333 0.366667 0.400000 0.433333 0.466667 0.500000
0.533333 0.566667 0.600000 0.633333 0.666667 0.700000 0.733333 0.766667 0.800000 0.833333 0.866667 0.900000 0.933333 0.966667 1.000000 1.033333
1.066667 1.100000 1.133333 1.166667 1.200000 1.233333 1.266667 1.300000 1.333333 1.366667 1.400000 1.433333 1.466667 1.500000 1.533333 1.566667
1.600000 1.633333 1.666667</float_array><technique_common><accessor source="#jnt_camera-Matrix-animation-input-array" count="51"><param name="TIME" type="float"/></accessor></technique_common></source><source id="jnt_camera-Matrix-animation-output-transform"><float_array id="jnt_camera-Matrix-animation-output-transform-array" count="816">

1.000000 0.000000 0.000000 0.000000 0.000000 1.000000 -0.000000 1.193612 0.000000 0.000000 1.000000 0.007402 0.000000 0.000000 0.000000 1.000000
1.000000 0.000000 0.000000 0.000000 0.000000 1.000000 -0.000000 1.193612 0.000000 0.000000 1.000000 0.007402 0.000000 0.000000 0.000000 1.000000
1.000000 0.000000 0.000000 0.000000 0.000000 1.000000 -0.000000 1.193612 0.000000 0.000000 1.000000 0.007402 0.000000 0.000000 0.000000 1.000000
1.000000 0.000000 0.000000 0.000000 0.000000 1.000000 -0.000000 1.193612 0.000000 0.000000 1.000000 0.007402 0.000000 0.000000 0.000000 1.000000
1.000000 0.000000 0.000000 0.000000 0.000000 1.000000 -0.000000 1.193612 0.000000 0.000000 1.000000 0.007402 0.000000 0.000000 0.000000 1.000000
1.000000 0.000000 0.000000 0.000000 0.000000 1.000000 -0.000000 1.193612 0.000000 0.000000 1.000000 0.007402 0.000000 0.000000 0.000000 1.000000
1.000000 0.000000 0.000000 0.000000 0.000000 1.000000 -0.000000 1.193612 0.000000 0.000000 1.000000 0.007402 0.000000 0.000000 0.000000 1.000000
1.000000 0.000000 0.000000 0.000000 0.000000 1.000000 -0.000000 1.193612 0.000000 0.000000 1.000000 0.007402 0.000000 0.000000 0.000000 1.000000
1.000000 0.000000 0.000000 0.000000 0.000000 1.000000 -0.000000 1.193612 0.000000 0.000000 1.000000 0.007402 0.000000 0.000000 0.000000 1.000000
1.000000 0.000000 0.000000 0.000000 0.000000 1.000000 -0.000000 1.193612 0.000000 0.000000 1.000000 0.007402 0.000000 0.000000 0.000000 1.000000
1.000000 0.000000 0.000000 0.000000 0.000000 1.000000 -0.000000 1.193612 0.000000 0.000000 1.000000 0.007402 0.000000 0.000000 0.000000 1.000000
1.000000 0.000000 0.000000 0.000000 0.000000 1.000000 -0.000000 1.193612 0.000000 0.000000 1.000000 0.007402 0.000000 0.000000 0.000000 1.000000
1.000000 0.000000 0.000000 0.000000 0.000000 1.000000 -0.000000 1.193612 0.000000 0.000000 1.000000 0.007402 0.000000 0.000000 0.000000 1.000000
1.000000 0.000000 0.000000 0.000000 0.000000 1.000000 -0.000000 1.193612 0.000000 0.000000 1.000000 0.007402 0.000000 0.000000 0.000000 1.000000
1.000000 0.000000 0.000000 0.000000 0.000000 1.000000 -0.000000 1.193612 0.000000 0.000000 1.000000 0.007402 0.000000 0.000000 0.000000 1.000000
1.000000 0.000000 0.000000 0.000000 0.000000 1.000000 -0.000000 1.193612 0.000000 0.000000 1.000000 0.007402 0.000000 0.000000 0.000000 1.000000
1.000000 0.000000 0.000000 0.000000 0.000000 1.000000 -0.000000 1.193612 0.000000 0.000000 1.000000 0.007402 0.000000 0.000000 0.000000 1.000000
1.000000 0.000000 0.000000 0.000000 0.000000 1.000000 -0.000000 1.193612 0.000000 0.000000 1.000000 0.007402 0.000000 0.000000 0.000000 1.000000
1.000000 0.000000 0.000000 0.000000 0.000000 1.000000 -0.000000 1.193612 0.000000 0.000000 1.000000 0.007402 0.000000 0.000000 0.000000 1.000000
1.000000 0.000000 0.000000 0.000000 0.000000 1.000000 -0.000000 1.193612 0.000000 0.000000 1.000000 0.007402 0.000000 0.000000 0.000000 1.000000
1.000000 0.000000 0.000000 0.000000 0.000000 1.000000 -0.000000 1.193612 0.000000 0.000000 1.000000 0.007402 0.000000 0.000000 0.000000 1.000000
1.000000 0.000000 0.000000 0.000000 0.000000 1.000000 -0.000000 1.193612 0.000000 0.000000 1.000000 0.007402 0.000000 0.000000 0.000000 1.000000
1.000000 0.000000 0.000000 0.000000 0.000000 1.000000 -0.000000 1.193612 0.000000 0.000000 1.000000 0.007402 0.000000 0.000000 0.000000 1.000000
1.000000 0.000000 0.000000 0.000000 0.000000 1.000000 -0.000000 1.193612 0.000000 0.000000 1.000000 0.007402 0.000000 0.000000 0.000000 1.000000
1.000000 0.000000 0.000000 0.000000 0.000000 1.000000 -0.000000 1.193612 0.000000 0.000000 1.000000 0.007402 0.000000 0.000000 0.000000 1.000000
1.000000 0.000000 0.000000 0.000000 0.000000 1.000000 -0.000000 1.193612 0.000000 0.000000 1.000000 0.007402 0.000000 0.000000 0.000000 1.000000
1.000000 0.000000 0.000000 0.000000 0.000000 1.000000 -0.000000 1.193612 0.000000 0.000000 1.000000 0.007402 0.000000 0.000000 0.000000 1.000000
1.000000 0.000000 0.000000 0.000000 0.000000 1.000000 -0.000000 1.193612 0.000000 0.000000 1.000000 0.007402 0.000000 0.000000 0.000000 1.000000
1.000000 0.000000 0.000000 0.000000 0.000000 1.000000 -0.000000 1.193612 0.000000 0.000000 1.000000 0.007402 0.000000 0.000000 0.000000 1.000000
1.000000 0.000000 0.000000 0.000000 0.000000 1.000000 -0.000000 1.193612 0.000000 0.000000 1.000000 0.007402 0.000000 0.000000 0.000000 1.000000
1.000000 0.000000 0.000000 0.000000 0.000000 1.000000 -0.000000 1.193612 0.000000 0.000000 1.000000 0.007402 0.000000 0.000000 0.000000 1.000000
1.000000 0.000000 0.000000 0.000000 0.000000 1.000000 -0.000000 1.193612 0.000000 0.000000 1.000000 0.007402 0.000000 0.000000 0.000000 1.000000
1.000000 0.000000 0.000000 0.000000 0.000000 1.000000 -0.000000 1.193612 0.000000 0.000000 1.000000 0.007402 0.000000 0.000000 0.000000 1.000000
1.000000 0.000000 0.000000 0.000000 0.000000 1.000000 -0.000000 1.193612 0.000000 0.000000 1.000000 0.007402 0.000000 0.000000 0.000000 1.000000
1.000000 0.000000 0.000000 0.000000 0.000000 1.000000 -0.000000 1.193612 0.000000 0.000000 1.000000 0.007402 0.000000 0.000000 0.000000 1.000000
1.000000 0.000000 0.000000 0.000000 0.000000 1.000000 -0.000000 1.193612 0.000000 0.000000 1.000000 0.007402 0.000000 0.000000 0.000000 1.000000
1.000000 0.000000 0.000000 0.000000 0.000000 1.000000 -0.000000 1.193612 0.000000 0.000000 1.000000 0.007402 0.000000 0.000000 0.000000 1.000000
1.000000 0.000000 0.000000 0.000000 0.000000 1.000000 -0.000000 1.193612 0.000000 0.000000 1.000000 0.007402 0.000000 0.000000 0.000000 1.000000
1.000000 0.000000 0.000000 0.000000 0.000000 1.000000 -0.000000 1.193612 0.000000 0.000000 1.000000 0.007402 0.000000 0.000000 0.000000 1.000000
1.000000 0.000000 0.000000 0.000000 0.000000 1.000000 -0.000000 1.193612 0.000000 0.000000 1.000000 0.007402 0.000000 0.000000 0.000000 1.000000
1.000000 0.000000 0.000000 0.000000 0.000000 1.000000 -0.000000 1.193612 0.000000 0.000000 1.000000 0.007402 0.000000 0.000000 0.000000 1.000000
1.000000 0.000000 0.000000 0.000000 0.000000 1.000000 -0.000000 1.193612 0.000000 0.000000 1.000000 0.007402 0.000000 0.000000 0.000000 1.000000
1.000000 0.000000 0.000000 0.000000 0.000000 1.000000 -0.000000 1.193612 0.000000 0.000000 1.000000 0.007402 0.000000 0.000000 0.000000 1.000000
1.000000 0.000000 0.000000 0.000000 0.000000 1.000000 -0.000000 1.193612 0.000000 0.000000 1.000000 0.007402 0.000000 0.000000 0.000000 1.000000
1.000000 0.000000 0.000000 0.000000 0.000000 1.000000 -0.000000 1.193612 0.000000 0.000000 1.000000 0.007402 0.000000 0.000000 0.000000 1.000000
1.000000 0.000000 0.000000 0.000000 0.000000 1.000000 -0.000000 1.193612 0.000000 0.000000 1.000000 0.007402 0.000000 0.000000 0.000000 1.000000
1.000000 0.000000 0.000000 0.000000 0.000000 1.000000 -0.000000 1.193612 0.000000 0.000000 1.000000 0.007402 0.000000 0.000000 0.000000 1.000000
1.000000 0.000000 0.000000 0.000000 0.000000 1.000000 -0.000000 1.193612 0.000000 0.000000 1.000000 0.007402 0.000000 0.000000 0.000000 1.000000
1.000000 0.000000 0.000000 0.000000 0.000000 1.000000 -0.000000 1.193612 0.000000 0.000000 1.000000 0.007402 0.000000 0.000000 0.000000 1.000000
1.000000 0.000000 0.000000 0.000000 0.000000 1.000000 -0.000000 1.193612 0.000000 0.000000 1.000000 0.007402 0.000000 0.000000 0.000000 1.000000
1.000000 0.000000 0.000000 0.000000 0.000000 1.000000 -0.000000 1.193612 0.000000 0.000000 1.000000 0.007402 0.000000 0.000000 0.000000 1.000000</float_array><technique_common><accessor source="#jnt_camera-Matrix-animation-output-transform-array" count="51" stride="16"><param type="float4x4"/></accessor></technique_common></source><source id="jnt_camera-Interpolations"><Name_array id="jnt_camera-Interpolations-array" count="51">
 LINEAR LINEAR LINEAR LINEAR LINEAR LINEAR LINEAR LINEAR LINEAR LINEAR LINEAR
LINEAR LINEAR LINEAR LINEAR LINEAR LINEAR LINEAR LINEAR LINEAR LINEAR LINEAR LINEAR
LINEAR LINEAR LINEAR LINEAR LINEAR LINEAR LINEAR LINEAR LINEAR LINEAR LINEAR LINEAR
LINEAR LINEAR LINEAR LINEAR LINEAR LINEAR LINEAR LINEAR LINEAR LINEAR LINEAR LINEAR
LINEAR LINEAR LINEAR LINEAR</Name_array><technique_common><accessor source="#jnt_camera-Interpolations-array" count="51"><param type="name"/></accessor></technique_common></source><sampler id="jnt_camera-Matrix-animation-transform"><input semantic="INPUT" source="#jnt_camera-Matrix-animation-input"/><input semantic="OUTPUT" source="#jnt_camera-Matrix-animation-output-transform"/><input semantic="INTERPOLATION" source="#jnt_camera-Interpolations"/></sampler><channel source="#jnt_camera-Matrix-animation-transform" target="jnt_camera/matrix"/></animation></animation>
  </library_animations>
  <library_visual_scenes>
    <visual_scene id="Scene" name="Scene">
      <node name="root_jnt" id="root_jnt" sid="root_jnt" type="JOINT"><matrix sid="matrix">1.000000 0.000000 0.000000 0.000000 0.000000 1.000000 -0.000000 0.000000 0.000000 0.000000 1.000000 0.000000 0.000000 0.000000 0.000000 1.000000</matrix><extra><technique profile="FCOLLADA"><visibility>1.000000</visibility></technique></extra><node name="jnt_hips" id="jnt_hips" sid="jnt_hips" type="JOINT"><matrix sid="matrix">1.000000 0.000000 0.000000 0.000000 0.000000 1.000000 0.000000 2.061423 0.000000 -0.000000 1.000000 -0.094053 0.000000 0.000000 0.000000 1.000000</matrix><extra><technique profile="FCOLLADA"><visibility>1.000000</visibility></technique></extra><node name="jnt_right_upleg" id="jnt_right_upleg" sid="jnt_right_upleg" type="JOINT"><matrix sid="matrix">-0.175338 -0.001757 -0.984507 -0.446779 -0.984438 -0.011650 0.175346 -0.111214 -0.011777 0.999931 0.000313 0.043020 0.000000 0.000000 0.000000 1.000000</matrix><extra><technique profile="FCOLLADA"><visibility>1.000000</visibility></technique></extra><node name="jnt_right_uplegroll" id="jnt_right_uplegroll" sid="jnt_right_uplegroll" type="JOINT"><matrix sid="matrix">1.000000 -0.000000 -0.000000 0.430000 0.000000 1.000000 -0.000000 -0.000000 0.000000 0.000000 1.000000 -0.000000 0.000000 0.000000 0.000000 1.000000</matrix><extra><technique profile="FCOLLADA"><visibility>1.000000</visibility></technique></extra></node><node name="jnt_right_leg" id="jnt_right_leg" sid="jnt_right_leg" type="JOINT"><matrix sid="matrix">0.984637 0.174611 -0.000000 0.860324 -0.174611 0.984637 0.000000 -0.000000 0.000000 -0.000000 1.000000 -0.000000 0.000000 0.000000 0.000000 1.000000</matrix><extra><technique profile="FCOLLADA"><visibility>1.000000</visibility></technique></extra><node name="jnt_right_legroll" id="jnt_right_legroll" sid="jnt_right_legroll" type="JOINT"><matrix sid="matrix">1.000000 0.000000 0.000000 0.384000 -0.000000 1.000000 0.000000 0.000000 -0.000000 -0.000000 1.000000 0.000000 0.000000 0.000000 0.000000 1.000000</matrix><extra><technique profile="FCOLLADA"><visibility>1.000000</visibility></technique></extra></node><node name="jnt_right_foot" id="jnt_right_foot" sid="jnt_right_foot" type="JOINT"><matrix sid="matrix">0.322359 -0.926716 0.193088 0.768144 0.946458 0.311784 -0.083715 0.000000 0.017378 0.209736 0.977604 0.000000 0.000000 0.000000 0.000000 1.000000</matrix><extra><technique profile="FCOLLADA"><visibility>1.000000</visibility></technique></extra><node name="jnt_right_toebase" id="jnt_right_toebase" sid="jnt_right_toebase" type="JOINT"><matrix sid="matrix">0.918936 -0.394407 -0.000000 0.441847 0.394407 0.918936 -0.000000 0.000000 0.000000 -0.000000 1.000000 0.000000 0.000000 0.000000 0.000000 1.000000</matrix><extra><technique profile="FCOLLADA"><visibility>1.000000</visibility></technique></extra><node name="jnt_right_toeend" id="jnt_right_toeend" sid="jnt_right_toeend" type="JOINT"><matrix sid="matrix">1.000000 0.000000 0.000000 0.379397 -0.000000 1.000000 0.000000 -0.000000 -0.000000 -0.000000 1.000000 -0.000000 0.000000 0.000000 0.000000 1.000000</matrix><extra><technique profile="FCOLLADA"><visibility>1.000000</visibility></technique></extra></node></node></node></node></node><node name="jnt_left_upleg" id="jnt_left_upleg" sid="jnt_left_upleg" type="JOINT"><matrix sid="matrix">0.175337 0.001757 -0.984507 0.446779 -0.984438 -0.011651 -0.175345 -0.111213 -0.011778 0.999931 -0.000313 0.043020 0.000000 0.000000 0.000000 1.000000</matrix><extra><technique profile="FCOLLADA"><visibility>1.000000</visibility></technique></extra><node name="jnt_left_uplegroll" id="jnt_left_uplegroll" sid="jnt_left_uplegroll" type="JOINT"><matrix sid="matrix">1.000000 0.000000 -0.000000 0.430000 -0.000000 1.000000 0.000000 0.000000 0.000000 -0.000000 1.000000 -0.000000 0.000000 0.000000 0.000000 1.000000</matrix><extra><technique profile="FCOLLADA"><visibility>1.000000</visibility></technique></extra></node><node name="jnt_left_leg" id="jnt_left_leg" sid="jnt_left_leg" type="JOINT"><matrix sid="matrix">0.984638 0.174609 0.000000 0.860328 -0.174610 0.984638 0.000000 0.000000 -0.000000 -0.000000 1.000000 0.000001 0.000000 0.000000 0.000000 1.000000</matrix><extra><technique profile="FCOLLADA"><visibility>1.000000</visibility></technique></extra><node name="jnt_left_legroll" id="jnt_left_legroll" sid="jnt_left_legroll" type="JOINT"><matrix sid="matrix">1.000000 0.000000 -0.000000 0.384000 -0.000000 1.000000 0.000000 0.000000 0.000000 -0.000000 1.000000 -0.000000 0.000000 0.000000 0.000000 1.000000</matrix><extra><technique profile="FCOLLADA"><visibility>1.000000</visibility></technique></extra></node><node name="jnt_left_foot" id="jnt_left_foot" sid="jnt_left_foot" type="JOINT"><matrix sid="matrix">0.322360 -0.926715 -0.193087 0.768142 0.946458 0.311785 0.083715 0.000000 -0.017378 -0.209735 0.977604 -0.000001 0.000000 0.000000 0.000000 1.000000</matrix><extra><technique profile="FCOLLADA"><visibility>1.000000</visibility></technique></extra><node name="jnt_left_toebase" id="jnt_left_toebase" sid="jnt_left_toebase" type="JOINT"><matrix sid="matrix">0.918936 -0.394407 0.000000 0.441847 0.394407 0.918936 0.000000 -0.000000 -0.000000 0.000000 1.000000 0.000000 0.000000 0.000000 0.000000 1.000000</matrix><extra><technique profile="FCOLLADA"><visibility>1.000000</visibility></technique></extra><node name="jnt_left_toeend" id="jnt_left_toeend" sid="jnt_left_toeend" type="JOINT"><matrix sid="matrix">1.000000 -0.000000 -0.000000 0.379397 0.000000 1.000000 -0.000000 0.000000 0.000000 0.000000 1.000000 0.000000 0.000000 0.000000 0.000000 1.000000</matrix><extra><technique profile="FCOLLADA"><visibility>1.000000</visibility></technique></extra></node></node></node></node></node><node name="jnt_height" id="jnt_height" sid="jnt_height" type="JOINT"><matrix sid="matrix">1.000000 0.000000 0.000000 0.000000 0.000000 1.000000 0.000000 0.000000 0.000000 0.000000 1.000000 0.000000 0.000000 0.000000 0.000000 1.000000</matrix><extra><technique profile="FCOLLADA"><visibility>1.000000</visibility></technique></extra><node name="jnt_spine1" id="jnt_spine1" sid="jnt_spine1" type="JOINT"><matrix sid="matrix">-0.000000 0.000000 1.000000 -0.000000 0.999927 -0.012060 0.000000 0.212132 0.012060 0.999927 -0.000000 0.023482 0.000000 0.000000 0.000000 1.000000</matrix><extra><technique profile="FCOLLADA"><visibility>1.000000</visibility></technique></extra><node name="jnt_spine2" id="jnt_spine2" sid="jnt_spine2" type="JOINT"><matrix sid="matrix">0.998734 0.050292 -0.000000 0.426848 -0.050292 0.998734 -0.000000 -0.000000 0.000000 0.000000 1.000000 0.000000 0.000000 0.000000 0.000000 1.000000</matrix><extra><technique profile="FCOLLADA"><visibility>1.000000</visibility></technique></extra><node name="jnt_spine3" id="jnt_spine3" sid="jnt_spine3" type="JOINT"><matrix sid="matrix">0.998134 0.061061 -0.000000 0.555067 -0.061061 0.998134 -0.000000 0.000000 0.000000 0.000000 1.000000 0.000000 0.000000 0.000000 0.000000 1.000000</matrix><extra><technique profile="FCOLLADA"><visibility>1.000000</visibility></technique></extra><node name="jnt_neck" id="jnt_neck" sid="jnt_neck" type="JOINT"><matrix sid="matrix">0.958992 -0.283434 0.000000 0.867451 0.283434 0.958992 0.000000 0.171570 -0.000000 -0.000000 1.000000 0.000000 0.000000 0.000000 0.000000 1.000000</matrix><extra><technique profile="FCOLLADA"><visibility>1.000000</visibility></technique></extra><node name="jnt_head" id="jnt_head" sid="jnt_head" type="JOINT"><matrix sid="matrix">0.982376 0.186916 -0.000000 0.273591 -0.186916 0.982376 -0.000000 -0.000000 0.000000 0.000000 1.000000 0.000000 0.000000 0.000000 0.000000 1.000000</matrix><extra><technique profile="FCOLLADA"><visibility>1.000000</visibility></technique></extra></node></node><node name="jnt_left_armroot" id="jnt_left_armroot" sid="jnt_left_armroot" type="JOINT"><matrix sid="matrix">1.000000 0.000000 -0.000000 -0.000000 -0.000000 1.000000 0.000000 -0.000000 0.000000 -0.000000 1.000000 0.000000 0.000000 0.000000 0.000000 1.000000</matrix><extra><technique profile="FCOLLADA"><visibility>1.000000</visibility></technique></extra></node><node name="jnt_right_armroot" id="jnt_right_armroot" sid="jnt_right_armroot" type="JOINT"><matrix sid="matrix">1.000000 -0.000000 0.000000 -0.000000 0.000000 1.000000 0.000000 -0.000000 -0.000000 -0.000000 1.000000 0.000000 0.000000 0.000000 0.000000 1.000000</matrix><extra><technique profile="FCOLLADA"><visibility>1.000000</visibility></technique></extra><node name="jnt_right_shoulder" id="jnt_right_shoulder" sid="jnt_right_shoulder" type="JOINT"><matrix sid="matrix">-0.375519 -0.115681 0.919567 0.635990 -0.182656 0.981958 0.048939 0.114392 -0.908638 -0.149587 -0.389873 -0.266187 0.000000 0.000000 0.000000 1.000000</matrix><extra><technique profile="FCOLLADA"><visibility>1.000000</visibility></technique></extra><node name="jnt_right_arm" id="jnt_right_arm" sid="jnt_right_arm" type="JOINT"><matrix sid="matrix">0.611119 -0.699849 0.369790 0.525417 0.323976 0.647410 0.689855 0.032447 -0.722200 -0.301781 0.622379 -0.009494 0.000000 0.000000 0.000000 1.000000</matrix><extra><technique profile="FCOLLADA"><visibility>1.000000</visibility></technique></extra><node name="jnt_right_armroll" id="jnt_right_armroll" sid="jnt_right_armroll" type="JOINT"><matrix sid="matrix">1.000000 0.000002 0.000001 0.422000 -0.000002 1.000000 -0.000002 0.000000 -0.000001 0.000002 1.000000 -0.000000 0.000000 0.000000 0.000000 1.000000</matrix><extra><technique profile="FCOLLADA"><visibility>1.000000</visibility></technique></extra></node><node name="jnt_right_forearm" id="jnt_right_forearm" sid="jnt_right_forearm" type="JOINT"><matrix sid="matrix">-0.410847 -0.885560 -0.216768 0.843984 0.911668 -0.401161 -0.089053 -0.000001 -0.008097 -0.234208 0.972153 -0.000001 0.000000 0.000000 0.000000 1.000000</matrix><extra><technique profile="FCOLLADA"><visibility>1.000000</visibility></technique></extra><node name="jnt_right_forearmroll" id="jnt_right_forearmroll" sid="jnt_right_forearmroll" type="JOINT"><matrix sid="matrix">1.000000 0.000006 0.000004 0.487000 -0.000007 0.948271 0.317463 0.000000 -0.000002 -0.317463 0.948271 -0.000000 0.000000 0.000000 0.000000 1.000000</matrix><extra><technique profile="FCOLLADA"><visibility>1.000000</visibility></technique></extra></node><node name="jnt_right_hand" id="jnt_right_hand" sid="jnt_right_hand" type="JOINT"><matrix sid="matrix">0.892390 0.225594 -0.390829 0.975261 0.107355 0.735080 0.669427 -0.000003 0.438309 -0.639348 0.631759 -0.000001 0.000000 0.000000 0.000000 1.000000</matrix><extra><technique profile="FCOLLADA"><visibility>1.000000</visibility></technique></extra><node name="jnt_right_handthumb1" id="jnt_right_handthumb1" sid="jnt_right_handthumb1" type="JOINT"><matrix sid="matrix">0.842752 -0.349286 0.409596 0.060228 -0.074432 0.677983 0.731300 0.203939 -0.533131 -0.646791 0.545374 -0.155682 0.000000 0.000000 0.000000 1.000000</matrix><extra><technique profile="FCOLLADA"><visibility>1.000000</visibility></technique></extra><node name="jnt_right_handthumb2" id="jnt_right_handthumb2" sid="jnt_right_handthumb2" type="JOINT"><matrix sid="matrix">0.887959 0.436906 0.143669 0.213224 -0.433528 0.899416 -0.055720 -0.000000 -0.153563 -0.012807 0.988056 0.000000 0.000000 0.000000 0.000000 1.000000</matrix><extra><technique profile="FCOLLADA"><visibility>1.000000</visibility></technique></extra><node name="jnt_right_handthumb3" id="jnt_right_handthumb3" sid="jnt_right_handthumb3" type="JOINT"><matrix sid="matrix">0.930714 0.250989 -0.266038 0.141882 -0.269577 0.962335 -0.035197 -0.000000 0.247183 0.104476 0.963320 0.000023 0.000000 0.000000 0.000000 1.000000</matrix><extra><technique profile="FCOLLADA"><visibility>1.000000</visibility></technique></extra><node name="jnt_right_handthumb4" id="jnt_right_handthumb4" sid="jnt_right_handthumb4" type="JOINT"><matrix sid="matrix">1.000000 0.000002 0.000000 0.122606 -0.000002 1.000000 0.000001 -0.000000 -0.000000 -0.000001 1.000000 -0.000000 0.000000 0.000000 0.000000 1.000000</matrix><extra><technique profile="FCOLLADA"><visibility>1.000000</visibility></technique></extra></node></node></node></node><node name="jnt_right_handindex1" id="jnt_right_handindex1" sid="jnt_right_handindex1" type="JOINT"><matrix sid="matrix">0.931859 0.319574 -0.171786 0.494374 -0.228114 0.147866 -0.962341 0.203976 -0.282138 0.935953 0.210690 0.029845 0.000000 0.000000 0.000000 1.000000</matrix><extra><technique profile="FCOLLADA"><visibility>1.000000</visibility></technique></extra><node name="jnt_right_handindex2" id="jnt_right_handindex2" sid="jnt_right_handindex2" type="JOINT"><matrix sid="matrix">0.842182 0.538415 0.028955 0.145440 -0.538266 0.842669 -0.013379 -0.001122 -0.031602 -0.004318 0.999491 -0.000039 0.000000 0.000000 0.000000 1.000000</matrix><extra><technique profile="FCOLLADA"><visibility>1.000000</visibility></technique></extra><node name="jnt_right_handindex3" id="jnt_right_handindex3" sid="jnt_right_handindex3" type="JOINT"><matrix sid="matrix">0.835409 0.546696 0.056706 0.093746 -0.546451 0.837225 -0.021112 -0.000000 -0.059018 -0.013350 0.998168 0.000000 0.000000 0.000000 0.000000 1.000000</matrix><extra><technique profile="FCOLLADA"><visibility>1.000000</visibility></technique></extra><node name="jnt_right_handindex4" id="jnt_right_handindex4" sid="jnt_right_handindex4" type="JOINT"><matrix sid="matrix">1.000000 0.000000 0.000000 0.107087 -0.000000 1.000000 0.000002 -0.000052 -0.000000 -0.000002 1.000000 0.001503 0.000000 0.000000 0.000000 1.000000</matrix><extra><technique profile="FCOLLADA"><visibility>1.000000</visibility></technique></extra></node></node></node></node><node name="jnt_right_weapon" id="jnt_right_weapon" sid="jnt_right_weapon" type="JOINT"><matrix sid="matrix">-0.068647 0.108940 0.991675 0.378154 0.108716 0.988917 -0.101112 0.022002 -0.991700 0.100870 -0.079730 -0.243599 0.000000 0.000000 0.000000 1.000000</matrix><extra><technique profile="FCOLLADA"><visibility>1.000000</visibility></technique></extra></node><node name="jnt_right_handmiddle1" id="jnt_right_handmiddle1" sid="jnt_right_handmiddle1" type="JOINT"><matrix sid="matrix">0.830191 0.549370 -0.094738 0.489246 -0.081202 -0.048962 -0.995494 0.062066 -0.551533 0.834143 0.003963 0.036303 0.000000 0.000000 0.000000 1.000000</matrix><extra><technique profile="FCOLLADA"><visibility>1.000000</visibility></technique></extra><node name="jnt_right_handmiddle2" id="jnt_right_handmiddle2" sid="jnt_right_handmiddle2" type="JOINT"><matrix sid="matrix">0.723631 0.690163 0.005762 0.176685 -0.690155 0.723652 -0.003570 0.000000 -0.006634 -0.001393 0.999977 0.000000 0.000000 0.000000 0.000000 1.000000</matrix><extra><technique profile="FCOLLADA"><visibility>1.000000</visibility></technique></extra><node name="jnt_right_handmiddle3" id="jnt_right_handmiddle3" sid="jnt_right_handmiddle3" type="JOINT"><matrix sid="matrix">0.769223 0.638940 0.007161 0.108374 -0.638938 0.769253 -0.002796 0.000000 -0.007295 -0.002425 0.999970 0.000000 0.000000 0.000000 0.000000 1.000000</matrix><extra><technique profile="FCOLLADA"><visibility>1.000000</visibility></technique></extra><node name="jnt_right_handmiddle4" id="jnt_right_handmiddle4" sid="jnt_right_handmiddle4" type="JOINT"><matrix sid="matrix">1.000000 0.000000 -0.000001 0.119191 -0.000000 1.000000 0.000001 0.000105 0.000001 -0.000001 1.000000 -0.000005 0.000000 0.000000 0.000000 1.000000</matrix><extra><technique profile="FCOLLADA"><visibility>1.000000</visibility></technique></extra></node></node></node></node><node name="jnt_right_handring1" id="jnt_right_handring1" sid="jnt_right_handring1" type="JOINT"><matrix sid="matrix">0.719849 0.670146 -0.180892 0.469963 -0.034199 -0.226044 -0.973516 -0.076799 -0.693288 0.706971 -0.139799 0.036646 0.000000 0.000000 0.000000 1.000000</matrix><extra><technique profile="FCOLLADA"><visibility>1.000000</visibility></technique></extra><node name="jnt_right_handring2" id="jnt_right_handring2" sid="jnt_right_handring2" type="JOINT"><matrix sid="matrix">0.692304 0.719359 -0.056899 0.184241 -0.718536 0.694478 0.037505 0.000000 0.066494 0.014919 0.997675 0.000000 0.000000 0.000000 0.000000 1.000000</matrix><extra><technique profile="FCOLLADA"><visibility>1.000000</visibility></technique></extra><node name="jnt_right_handring3" id="jnt_right_handring3" sid="jnt_right_handring3" type="JOINT"><matrix sid="matrix">0.802243 0.594373 -0.055925 0.103951 -0.594190 0.804033 0.021643 0.000000 0.057830 0.015867 0.998200 0.000000 0.000000 0.000000 0.000000 1.000000</matrix><extra><technique profile="FCOLLADA"><visibility>1.000000</visibility></technique></extra><node name="jnt_right_handring4" id="jnt_right_handring4" sid="jnt_right_handring4" type="JOINT"><matrix sid="matrix">1.000000 -0.000000 0.000000 0.120247 0.000000 1.000000 0.000001 0.000103 -0.000000 -0.000001 1.000000 -0.000016 0.000000 0.000000 0.000000 1.000000</matrix><extra><technique profile="FCOLLADA"><visibility>1.000000</visibility></technique></extra></node></node></node></node><node name="jnt_right_handpinky1" id="jnt_right_handpinky1" sid="jnt_right_handpinky1" type="JOINT"><matrix sid="matrix">0.704837 0.702274 -0.100086 0.407609 0.050346 -0.190260 -0.980442 -0.208156 -0.707581 0.686012 -0.169459 -0.012229 0.000000 0.000000 0.000000 1.000000</matrix><extra><technique profile="FCOLLADA"><visibility>1.000000</visibility></technique></extra><node name="jnt_right_handpinky2" id="jnt_right_handpinky2" sid="jnt_right_handpinky2" type="JOINT"><matrix sid="matrix">0.796433 0.604328 -0.021959 0.148507 -0.604219 0.796727 0.012048 0.000000 0.024776 0.003673 0.999686 -0.000000 0.000000 0.000000 0.000000 1.000000</matrix><extra><technique profile="FCOLLADA"><visibility>1.000000</visibility></technique></extra><node name="jnt_right_handpinky3" id="jnt_right_handpinky3" sid="jnt_right_handpinky3" type="JOINT"><matrix sid="matrix">0.868617 0.494805 -0.025918 0.075471 -0.494766 0.868986 0.008362 0.000000 0.026660 0.005560 0.999629 -0.000000 0.000000 0.000000 0.000000 1.000000</matrix><extra><technique profile="FCOLLADA"><visibility>1.000000</visibility></technique></extra><node name="jnt_right_handpinky4" id="jnt_right_handpinky4" sid="jnt_right_handpinky4" type="JOINT"><matrix sid="matrix">1.000000 0.000001 -0.000001 0.101152 -0.000001 1.000000 -0.000001 0.000000 0.000001 0.000001 1.000000 -0.000000 0.000000 0.000000 0.000000 1.000000</matrix><extra><technique profile="FCOLLADA"><visibility>1.000000</visibility></technique></extra></node></node></node></node></node></node></node></node></node><node name="jnt_backpack" id="jnt_backpack" sid="jnt_backpack" type="JOINT"><matrix sid="matrix">0.000000 0.995069 -0.099188 0.682543 0.000000 0.099188 0.995069 -0.705660 1.000000 -0.000000 0.000000 0.000000 0.000000 0.000000 0.000000 1.000000</matrix><extra><technique profile="FCOLLADA"><visibility>1.000000</visibility></technique></extra></node></node></node></node><node name="jnt_camera" id="jnt_camera" sid="jnt_camera" type="JOINT"><matrix sid="matrix">1.000000 0.000000 0.000000 0.000000 0.000000 1.000000 -0.000000 1.193612 0.000000 0.000000 1.000000 0.007402 0.000000 0.000000 0.000000 1.000000</matrix><extra><technique profile="FCOLLADA"><visibility>1.000000</visibility></technique></extra></node></node></node></node>
      <extra><technique profile="MAX3D"><frame_rate>30.000000</frame_rate></technique><technique profile="FCOLLADA"><start_time>0.000000</start_time><end_time>1.000000</end_time></technique></extra>
    </visual_scene>
  </library_visual_scenes>
  <scene>
    <instance_visual_scene url="#Scene"></instance_visual_scene>
  </scene>
</COLLADA>
