<?xml version="1.0" encoding="utf-8"?>
<COLLADA xmlns="http://www.collada.org/2005/11/COLLADASchema" version="1.4.1" xmlns:xsi="http://www.w3.org/2001/XMLSchema-instance">
  <asset>
    <contributor>
      <author>Blender User</author>
      <authoring_tool>Blender 2.79.0 commit date:2018-02-21, commit time:10:41, hash:8928d99270f</authoring_tool>
    </contributor>
    <created>2018-04-20T17:53:03</created>
    <modified>2018-04-20T17:53:03</modified>
    <unit name="meter" meter="1"/>
    <up_axis>Z_UP</up_axis>
  </asset>
  <library_cameras>
    <camera id="Camera-camera" name="Camera">
      <optics>
        <technique_common>
          <perspective>
            <xfov sid="xfov">49.13434</xfov>
            <aspect_ratio>1.777778</aspect_ratio>
            <znear sid="znear">0.1</znear>
            <zfar sid="zfar">100</zfar>
          </perspective>
        </technique_common>
      </optics>
      <extra>
        <technique profile="blender">
          <shiftx sid="shiftx" type="float">0</shiftx>
          <shifty sid="shifty" type="float">0</shifty>
          <YF_dofdist sid="YF_dofdist" type="float">0</YF_dofdist>
        </technique>
      </extra>
    </camera>
  </library_cameras>
  <library_lights>
    <light id="Lamp-light" name="Lamp">
      <technique_common>
        <point>
          <color sid="color">1 1 1</color>
          <constant_attenuation>1</constant_attenuation>
          <linear_attenuation>0</linear_attenuation>
          <quadratic_attenuation>0.00111109</quadratic_attenuation>
        </point>
      </technique_common>
      <extra>
        <technique profile="blender">
          <type sid="type" type="int">0</type>
          <flag sid="flag" type="int">0</flag>
          <mode sid="mode" type="int">8192</mode>
          <gamma sid="blender_gamma" type="float">1</gamma>
          <red sid="red" type="float">1</red>
          <green sid="green" type="float">1</green>
          <blue sid="blue" type="float">1</blue>
          <shadow_r sid="blender_shadow_r" type="float">0</shadow_r>
          <shadow_g sid="blender_shadow_g" type="float">0</shadow_g>
          <shadow_b sid="blender_shadow_b" type="float">0</shadow_b>
          <energy sid="blender_energy" type="float">1</energy>
          <dist sid="blender_dist" type="float">29.99998</dist>
          <spotsize sid="spotsize" type="float">75</spotsize>
          <spotblend sid="spotblend" type="float">0.15</spotblend>
          <halo_intensity sid="blnder_halo_intensity" type="float">1</halo_intensity>
          <att1 sid="att1" type="float">0</att1>
          <att2 sid="att2" type="float">1</att2>
          <falloff_type sid="falloff_type" type="int">2</falloff_type>
          <clipsta sid="clipsta" type="float">1.000799</clipsta>
          <clipend sid="clipend" type="float">30.002</clipend>
          <bias sid="bias" type="float">1</bias>
          <soft sid="soft" type="float">3</soft>
          <compressthresh sid="compressthresh" type="float">0.04999995</compressthresh>
          <bufsize sid="bufsize" type="int">2880</bufsize>
          <samp sid="samp" type="int">3</samp>
          <buffers sid="buffers" type="int">1</buffers>
          <filtertype sid="filtertype" type="int">0</filtertype>
          <bufflag sid="bufflag" type="int">0</bufflag>
          <buftype sid="buftype" type="int">2</buftype>
          <ray_samp sid="ray_samp" type="int">1</ray_samp>
          <ray_sampy sid="ray_sampy" type="int">1</ray_sampy>
          <ray_sampz sid="ray_sampz" type="int">1</ray_sampz>
          <ray_samp_type sid="ray_samp_type" type="int">0</ray_samp_type>
          <area_shape sid="area_shape" type="int">1</area_shape>
          <area_size sid="area_size" type="float">0.1</area_size>
          <area_sizey sid="area_sizey" type="float">0.1</area_sizey>
          <area_sizez sid="area_sizez" type="float">1</area_sizez>
          <adapt_thresh sid="adapt_thresh" type="float">0.000999987</adapt_thresh>
          <ray_samp_method sid="ray_samp_method" type="int">1</ray_samp_method>
          <shadhalostep sid="shadhalostep" type="int">0</shadhalostep>
          <sun_effect_type sid="sun_effect_type" type="int">0</sun_effect_type>
          <skyblendtype sid="skyblendtype" type="int">1</skyblendtype>
          <horizon_brightness sid="horizon_brightness" type="float">1</horizon_brightness>
          <spread sid="spread" type="float">1</spread>
          <sun_brightness sid="sun_brightness" type="float">1</sun_brightness>
          <sun_size sid="sun_size" type="float">1</sun_size>
          <backscattered_light sid="backscattered_light" type="float">1</backscattered_light>
          <sun_intensity sid="sun_intensity" type="float">1</sun_intensity>
          <atm_turbidity sid="atm_turbidity" type="float">2</atm_turbidity>
          <atm_extinction_factor sid="atm_extinction_factor" type="float">1</atm_extinction_factor>
          <atm_distance_factor sid="atm_distance_factor" type="float">1</atm_distance_factor>
          <skyblendfac sid="skyblendfac" type="float">1</skyblendfac>
          <sky_exposure sid="sky_exposure" type="float">1</sky_exposure>
          <sky_colorspace sid="sky_colorspace" type="int">0</sky_colorspace>
        </technique>
      </extra>
    </light>
  </library_lights>
  <library_images/>
  <library_geometries>
    <geometry id="Sphere_004-mesh" name="Sphere.004">
      <mesh>
        <source id="Sphere_004-mesh-positions">
          <float_array id="Sphere_004-mesh-positions-array" count="3276">0 11.10335 -2.208594 0 10.45913 -4.332312 0 9.412965 -6.289543 0 8.005069 -8.005069 0 6.28954 -9.412964 0 4.332311 -10.45913 0 2.208593 -11.10335 0 0 -11.32088 0 -2.208592 -11.10335 0 -9.412964 -6.28954 0.4308758 11.10335 -2.166156 0.8451929 10.45913 -4.249068 1.22703 9.412965 -6.168691 1.561712 8.005069 -7.851253 1.836379 6.28954 -9.232096 2.040474 4.332311 -10.25816 2.166156 2.208593 -10.89 2.208594 0 -11.10335 2.166157 -2.208592 -10.89 2.040475 -4.332311 -10.25816 1.836379 -6.289541 -9.232097 1.561712 -8.005068 -7.851253 1.227029 -9.412965 -6.168688 0.8451924 -10.45913 -4.249065 0.4308754 -11.10335 -2.166153 0.8451935 11.10335 -2.040475 1.657905 10.45913 -4.002535 2.406905 9.412965 -5.810779 3.063408 8.005069 -7.395719 3.602187 6.28954 -8.696444 4.002535 4.332311 -9.662972 4.249068 2.208593 -10.25816 4.332313 0 -10.45913 4.249068 -2.208592 -10.25816 4.002535 -4.332311 -9.662973 3.602187 -6.289541 -8.696445 3.063408 -8.00507 -7.395718 2.406904 -9.412966 -5.810778 1.657904 -10.45913 -4.002532 0.8451923 -11.10335 -2.040471 1.227031 11.10335 -1.836378 2.406905 10.45913 -3.602186 3.494284 9.412965 -5.229563 4.447379 8.005069 -6.655971 5.229564 6.28954 -7.826594 5.81078 4.332311 -8.696444 6.168691 2.208593 -9.232096 6.289544 0 -9.412963 6.168691 -2.208592 -9.232095 5.81078 -4.332311 -8.696445 5.229564 -6.289541 -7.826593 4.447379 -8.00507 -6.65597 3.494283 -9.412966 -5.229561 2.406904 -10.45913 -3.602183 1.227029 -11.10335 -1.836375 1.561714 11.10335 -1.561711 3.06341 10.45913 -3.063406 4.44738 9.412965 -4.447377 5.66044 8.005069 -5.660438 6.655973 6.28954 -6.65597 7.39572 4.332311 -7.395717 7.851254 2.208593 -7.851251 8.00507 9.53674e-7 -8.005066 7.851254 -2.208592 -7.851251 7.39572 -4.33231 -7.395718 6.655973 -6.289541 -6.655969 5.66044 -8.005069 -5.660436 4.447379 -9.412964 -4.447375 3.063408 -10.45913 -3.063405 1.561712 -11.10335 -1.561708 1.836381 11.10335 -1.227028 3.602189 10.45913 -2.406902 5.229565 9.412965 -3.494281 6.655973 8.005069 -4.447376 7.826596 6.289541 -5.229561 8.696447 4.332311 -5.810777 9.232098 2.208594 -6.168687 9.412966 4.76837e-7 -6.289539 9.232098 -2.208592 -6.168687 8.696447 -4.33231 -5.810778 7.826596 -6.289541 -5.22956 6.655973 -8.005068 -4.447375 5.229564 -9.412965 -3.494279 3.602187 -10.45913 -2.4069 1.836379 -11.10335 -1.227025 2.040477 11.10335 -0.8451901 4.002537 10.45913 -1.657902 5.810782 9.412965 -2.406901 7.39572 8.005069 -3.063405 8.696447 6.289541 -3.602183 9.662974 4.332311 -4.002532 10.25816 2.208594 -4.249063 10.45913 4.76837e-7 -4.332309 10.25816 -2.208592 -4.249063 9.662974 -4.33231 -4.002532 8.696447 -6.289541 -3.602182 7.39572 -8.00507 -3.063404 5.810781 -9.412965 -2.4069 4.002535 -10.45913 -1.657901 2.040474 -11.10335 -0.8451882 2.166159 11.10335 -0.4308729 4.249071 10.45913 -0.8451901 6.168692 9.412965 -1.227026 7.851255 8.005069 -1.561708 9.232098 6.289541 -1.836375 10.25816 4.332311 -2.040472 10.89 2.208594 -2.166152 11.10335 7.15256e-7 -2.20859 10.89 -2.208592 -2.166152 10.25816 -4.33231 -2.040472 9.232098 -6.28954 -1.836375 7.851255 -8.005069 -1.561708 6.168692 -9.412965 -1.227025 4.249069 -10.45913 -0.8451882 2.166156 -11.10335 -0.430871 2.208596 11.10335 2.86102e-6 4.332314 10.45913 2.86102e-6 6.289545 9.412965 2.86102e-6 8.00507 8.005069 2.86102e-6 9.412966 6.289541 3.33786e-6 10.45913 4.332311 2.86102e-6 11.10335 2.208594 4.29153e-6 11.32088 8.54703e-7 4.28823e-6 11.10335 -2.208592 4.52995e-6 10.45913 -4.33231 2.86102e-6 9.412966 -6.289541 4.29153e-6 8.00507 -8.005069 3.8147e-6 6.289544 -9.412965 3.8147e-6 4.332313 -10.45913 3.8147e-6 2.208594 -11.10335 3.8147e-6 2.166159 11.10335 0.4308786 4.24907 10.45913 0.8451958 6.168692 9.412965 1.227033 7.851254 8.005069 1.561715 9.232098 6.289541 1.836382 10.25816 4.332311 2.040477 10.89 2.208594 2.16616 11.10335 9.53674e-7 2.208598 10.89 -2.208592 2.16616 10.25816 -4.33231 2.040477 9.232098 -6.289541 1.836382 7.851254 -8.005069 1.561716 6.168691 -9.412965 1.227033 4.249068 -10.45913 0.8451958 2.166156 -11.10335 0.4308796 2.040477 11.10335 0.8451967 4.002536 10.45913 1.657908 5.810781 9.412965 2.406908 7.39572 8.005069 3.063411 8.696446 6.28954 3.60219 9.662974 4.332311 4.002538 10.25815 2.208594 4.249072 10.45913 9.53674e-7 4.332317 10.25815 -2.208592 4.249072 9.662974 -4.33231 4.002537 8.696446 -6.289541 3.60219 7.39572 -8.005069 3.063411 5.810779 -9.412965 2.406909 4.002535 -10.45913 1.657908 2.040474 -11.10335 0.8451958 1.83638 11.10335 1.227034 3.602187 10.45913 2.406908 5.229564 9.412964 3.494287 6.655972 8.005069 4.447381 7.826594 6.28954 5.229567 8.696446 4.332312 5.810782 9.232095 2.208594 6.168694 9.412965 9.53674e-7 6.289547 9.232095 -2.208592 6.168694 8.696446 -4.332309 5.810782 7.826594 -6.289541 5.229568 6.655972 -8.005069 4.447383 5.229563 -9.412965 3.494287 3.602186 -10.45913 2.406908 1.836379 -11.10335 1.227033 1.561713 11.10335 1.561717 3.063409 10.45913 3.063412 4.447379 9.412966 4.447382 5.660439 8.005069 5.660442 6.65597 6.289541 6.655975 7.39572 4.332312 7.395723 7.851253 2.208594 7.851256 8.005068 9.53674e-7 8.005073 7.851253 -2.208592 7.851255 7.39572 -4.332309 7.395723 6.65597 -6.28954 6.655976 5.660439 -8.005069 5.660443 4.447378 -9.412965 4.447383 3.063407 -10.45913 3.063412 1.561711 -11.10335 1.561716 1.22703 11.10335 1.836384 2.406905 10.45913 3.60219 3.494283 9.412965 5.229567 4.447378 8.005069 6.655975 5.229562 6.289541 7.826598 5.81078 4.332312 8.696449 6.168688 2.208594 9.2321 6.289542 9.53674e-7 9.41297 6.168688 -2.208591 9.2321 5.81078 -4.332309 8.696449 5.229562 -6.28954 7.826599 4.447378 -8.005069 6.655976 3.494282 -9.412965 5.229568 2.406903 -10.45913 3.60219 1.227029 -11.10335 1.836383 0 -11.32088 3.8147e-6 0.845193 11.10335 2.04048 1.657905 10.45913 4.002539 2.406904 9.412966 5.810783 3.063407 8.005069 7.395723 3.602184 6.289541 8.696449 4.002535 4.332312 9.662977 4.249065 2.208594 10.25816 4.332311 9.53674e-7 10.45913 4.249065 -2.208591 10.25816 4.002535 -4.332309 9.662977 3.602184 -6.28954 8.696448 3.063407 -8.005069 7.395724 2.406903 -9.412965 5.810782 1.657904 -10.45913 4.002539 0.8451922 -11.10335 2.040479 0.4308756 11.10335 2.166162 0.8451928 10.45913 4.249073 1.227029 9.412964 6.168694 1.561711 8.005068 7.851256 1.836377 6.289541 9.232099 2.040475 4.332312 10.25816 2.166154 2.208594 10.89 2.208593 9.53674e-7 11.10335 2.166154 -2.208591 10.89 2.040475 -4.332309 10.25816 1.836377 -6.28954 9.232098 1.561711 -8.005069 7.851257 1.227028 -9.412965 6.168694 0.8451921 -10.45913 4.249071 0.4308753 -11.10335 2.166161 0 11.10335 2.208599 4.6661e-7 10.45913 4.332316 2.97916e-7 9.412965 6.289546 -2.92514e-7 8.005068 8.005072 -9.67291e-7 6.289541 9.412966 7.19651e-7 4.332312 10.45913 -9.67291e-7 2.208594 11.10335 -1.13599e-6 9.53674e-7 11.32088 -9.67291e-7 -2.208591 11.10335 7.19651e-7 -4.332309 10.45913 -9.67291e-7 -6.28954 9.412966 -2.92514e-7 -8.005069 8.005071 -1.2382e-7 -9.412965 6.289546 0 -10.45913 4.332315 0 -11.10335 2.208597 -0.4308757 11.10335 2.166161 -0.8451918 10.45913 4.249072 -1.227028 9.412964 6.168694 -1.561711 8.00507 7.851255 -1.836379 6.289541 9.232098 -2.040473 4.332312 10.25816 -2.166156 2.208594 10.89 -2.208595 9.53674e-7 11.10335 -2.166156 -2.208591 10.89 -2.040473 -4.332309 10.25816 -1.836379 -6.28954 9.232098 -1.561711 -8.005069 7.851256 -1.227028 -9.412965 6.168693 -0.8451918 -10.45913 4.249071 -0.4308751 -11.10335 2.166161 -0.8451929 11.10335 2.04048 -1.657904 10.45913 4.002538 -2.406903 9.412966 5.810783 -3.063407 8.005069 7.395722 -3.602185 6.289541 8.696446 -4.002533 4.332312 9.662977 -4.249067 2.208594 10.25816 -4.332313 9.53674e-7 10.45913 -4.249067 -2.208591 10.25816 -4.002533 -4.332309 9.662977 -3.602185 -6.28954 8.696446 -3.063407 -8.005069 7.395722 -2.406903 -9.412965 5.810782 -1.657904 -10.45913 4.002537 -0.8451918 -11.10335 2.040478 -1.22703 11.10335 1.836383 -2.406903 10.45913 3.602189 -3.494282 9.412965 5.229567 -4.447377 8.00507 6.655973 -5.229562 6.289541 7.826594 -5.810778 4.332312 8.696449 -6.168688 2.208594 9.232097 -6.289544 9.53674e-7 9.412967 -6.168688 -2.208591 9.232097 -5.810778 -4.332309 8.696449 -5.229562 -6.28954 7.826595 -4.447377 -8.005069 6.655974 -3.494282 -9.412965 5.229566 -2.406903 -10.45913 3.602188 -1.227028 -11.10335 1.836382 -2.60838e-6 11.32088 5.72205e-6 -1.561712 11.10335 1.561716 -3.063407 10.45913 3.06341 -4.447378 9.412966 4.447382 -5.660438 8.005069 5.660441 -6.655969 6.289541 6.65597 -7.395718 4.332312 7.395722 -7.851251 2.208594 7.851253 -8.005069 9.53674e-7 8.005071 -7.851251 -2.208592 7.851253 -7.395718 -4.332309 7.395722 -6.655969 -6.28954 6.655971 -5.660438 -8.005069 5.660441 -4.447377 -9.412965 4.447381 -3.063406 -10.45913 3.06341 -1.561711 -11.10335 1.561715 -1.83638 11.10335 1.227033 -3.602185 10.45913 2.406906 -5.229563 9.412965 3.494286 -6.65597 8.00507 4.44738 -7.826592 6.28954 5.229563 -8.696444 4.332312 5.810782 -9.232094 2.208594 6.168689 -9.412964 9.53674e-7 6.289544 -9.232094 -2.208592 6.168689 -8.696444 -4.332309 5.810782 -7.826592 -6.289541 5.229564 -6.65597 -8.005069 4.447381 -5.229562 -9.412965 3.494285 -3.602184 -10.45913 2.406906 -1.836378 -11.10335 1.227033 -2.040475 11.10335 0.8451958 -4.002533 10.45913 1.657907 -5.810779 9.412965 2.406907 -7.395719 8.005068 3.063409 -8.696441 6.289541 3.602186 -9.662972 4.332311 4.002538 -10.25815 2.208594 4.249067 -10.45912 9.53674e-7 4.332313 -10.25815 -2.208592 4.249067 -9.662972 -4.33231 4.002538 -8.696441 -6.289541 3.602187 -7.395719 -8.005069 3.06341 -5.810778 -9.412965 2.406906 -4.002532 -10.45913 1.657907 -2.040473 -11.10335 0.8451958 -2.166157 11.10335 0.4308786 -4.249066 10.45913 0.8451948 -6.168689 9.412965 1.227032 -7.851253 8.005069 1.561713 -9.232093 6.289541 1.836379 -10.25816 4.332312 2.040478 -10.89 2.208594 2.166156 -11.10335 9.53674e-7 2.208595 -10.89 -2.208592 2.166156 -10.25816 -4.33231 2.040478 -9.232093 -6.289541 1.83638 -7.851253 -8.005069 1.561714 -6.168688 -9.412965 1.227032 -4.249065 -10.45913 0.8451948 -2.166155 -11.10335 0.4308786 -2.208595 11.10335 2.86102e-6 -4.33231 10.45913 2.86102e-6 -6.28954 9.412965 2.86102e-6 -8.005067 8.005069 1.90735e-6 -9.412961 6.289541 1.43051e-6 -10.45912 4.332311 3.33786e-6 -11.10334 2.208594 9.53674e-7 -11.32087 8.54703e-7 1.58913e-6 -11.10334 -2.208592 1.19209e-6 -10.45912 -4.33231 3.8147e-6 -9.412961 -6.289541 1.90735e-6 -8.005067 -8.005069 2.86102e-6 -6.289539 -9.412965 3.8147e-6 -4.332309 -10.45913 2.86102e-6 -2.208593 -11.10335 3.8147e-6 -2.166157 11.10335 -0.430872 -4.249066 10.45913 -0.8451891 -6.168688 9.412966 -1.227026 -7.851253 8.005069 -1.561709 -9.232091 6.289541 -1.836376 -10.25815 4.332311 -2.040471 -10.88999 2.208594 -2.166154 -11.10334 7.15256e-7 -2.208591 -10.88999 -2.208592 -2.166154 -10.25815 -4.33231 -2.04047 -9.232091 -6.289541 -1.836376 -7.851253 -8.005069 -1.561709 -6.168687 -9.412964 -1.227025 -4.249065 -10.45913 -0.8451882 -2.166155 -11.10335 -0.430871 -2.040475 11.10335 -0.8451901 -4.002533 10.45913 -1.657901 -5.810778 9.412965 -2.4069 -7.395717 8.005069 -3.063405 -8.69644 6.289541 -3.602183 -9.662971 4.332311 -4.002531 -10.25815 2.208594 -4.249064 -10.45912 4.76837e-7 -4.332309 -10.25815 -2.208592 -4.249064 -9.662971 -4.33231 -4.002531 -8.69644 -6.289541 -3.602182 -7.395717 -8.005069 -3.063405 -5.810776 -9.412965 -2.406899 -4.002532 -10.45913 -1.6579 -2.040473 -11.10335 -0.8451872 -1.836379 11.10335 -1.227026 -3.602184 10.45913 -2.4069 -5.229561 9.412965 -3.494279 -6.655969 8.005069 -4.447375 -7.826588 6.289541 -5.229559 -8.696444 4.332311 -5.810775 -9.23209 2.208594 -6.168685 -9.412961 4.76837e-7 -6.289538 -9.23209 -2.208592 -6.168685 -8.696444 -4.33231 -5.810775 -7.826588 -6.289541 -5.229558 -6.655969 -8.005069 -4.447375 -5.22956 -9.412966 -3.494278 -3.602183 -10.45913 -2.406898 -1.836377 -11.10335 -1.227024 -1.561712 11.10335 -1.561709 -3.063405 10.45913 -3.063404 -4.447376 9.412965 -4.447374 -5.660436 8.005069 -5.660435 -6.655965 6.28954 -6.655966 -7.395718 4.332311 -7.395714 -7.851246 2.208593 -7.851247 -8.005063 9.53674e-7 -8.005065 -7.851246 -2.208592 -7.851247 -7.395718 -4.33231 -7.395714 -6.655965 -6.289541 -6.655966 -5.660436 -8.005068 -5.660434 -4.447375 -9.412966 -4.447372 -3.063405 -10.45913 -3.063402 -1.561711 -11.10335 -1.561707 -1.227029 11.10335 -1.836376 -2.406902 10.45913 -3.602182 -3.49428 9.412965 -5.229559 -4.447375 8.005069 -6.655969 -5.229557 6.28954 -7.826588 -5.810778 4.332311 -8.69644 -6.168683 2.208593 -9.23209 -6.289536 0 -9.412961 -6.168683 -2.208592 -9.232089 -5.810778 -4.332311 -8.696441 -5.229557 -6.289541 -7.826587 -4.447375 -8.005069 -6.655967 -3.49428 -9.412965 -5.229557 -2.406902 -10.45913 -3.60218 -1.227028 -11.10335 -1.836373 -0.8451923 11.10335 -2.040472 -1.657903 10.45913 -4.002531 -2.406902 9.412965 -5.810775 -3.063405 8.005069 -7.395716 -3.60218 6.28954 -8.696438 -4.002532 4.332311 -9.662966 -4.249062 2.208593 -10.25815 -4.332307 0 -10.45912 -4.249062 -2.208592 -10.25815 -4.002532 -4.332311 -9.662967 -3.60218 -6.289541 -8.696438 -3.063405 -8.005068 -7.395715 -2.406901 -9.412964 -5.810773 -1.657902 -10.45913 -4.002529 -0.8451915 -11.10335 -2.040469 -0.4308751 11.10335 -2.166154 -0.845191 10.45913 -4.249063 -1.227027 9.412965 -6.168685 -1.561709 8.005069 -7.85125 -1.836374 6.28954 -9.232089 -2.040473 4.332311 -10.25815 -2.166152 2.208593 -10.88999 -2.208589 0 -11.10334 -2.166152 -2.208592 -10.88999 -2.040473 -4.332311 -10.25815 -1.836374 -6.289541 -9.232089 -1.561709 -8.005068 -7.851249 -1.227027 -9.412965 -6.168683 -0.8451908 -10.45913 -4.249062 -0.4308748 -11.10335 -2.166151 7.19651e-7 -4.332311 -10.45912 3.08137e-6 -6.289541 -9.412955 1.73182e-6 -8.005069 -8.005064 8.88345e-7 -10.45913 -4.332305 1.71395e-7 -11.10335 -2.208589 0 -1.90735e-6 -25.97967 -4.389348 -2.534193 -25.48048 -8.610015 -4.970997 -24.00209 -12.4998 -7.216766 -21.60131 -15.90923 -9.185204 -18.3704 -18.70728 -10.80066 -14.43353 -20.78641 -12.00104 -9.941989 -22.06674 -12.74024 -5.068383 -22.49905 -12.98984 -9.53674e-7 -22.06674 -12.74024 5.068379 -20.78642 -12.00104 9.941987 -18.70728 -10.80065 14.43353 -15.90923 -9.185201 18.3704 -12.4998 -7.216764 21.60131 -8.610012 -4.970993 24.00209 -4.389342 -2.534187 25.48048 7.33112e-6 5.72205e-6 25.97967 4.389357 2.534199 25.48048 8.610026 4.971001 24.00208 12.49982 7.216774 21.6013 15.90925 9.185208 18.37039 18.70729 10.80066 14.43352 20.78642 12.00105 9.94197 22.06674 12.74024 5.06836 22.49905 12.98984 -2.57492e-5 22.06674 12.74024 -5.06841 20.78641 12.00104 -9.942017 18.70726 10.80064 -14.43356 15.90921 9.185189 -18.37043 12.49978 7.216751 -21.60133 8.609985 4.970976 -24.0021 4.389313 2.53417 -25.48049 -3.482256 -2.010483 -20.21475 1.87973e-6 0 -20.61078 -6.830693 -3.943703 -19.04188 -9.916627 -5.725368 -17.13724 -12.62147 -7.287013 -14.57402 -14.84128 -8.56862 -11.45074 -16.49075 -9.520939 -7.887404 -17.50649 -10.10737 -4.020963 -17.84946 -10.30539 0 -17.50649 -10.10738 4.020962 -16.49075 -9.520939 7.887402 -14.84128 -8.568619 11.45074 -12.62147 -7.287011 14.57402 -9.916626 -5.725367 17.13724 -6.830689 -3.9437 19.04188 -3.482252 -2.010479 20.21475 5.52101e-6 3.8147e-6 20.61078 3.482263 2.010487 20.21475 6.830701 3.943708 19.04187 9.916638 5.725374 17.13723 12.62148 7.287016 14.57401 14.84129 8.568624 11.45072 16.49075 9.520943 7.887389 17.50649 10.10738 4.020946 17.84946 10.30539 -2.09808e-5 17.50648 10.10737 -4.020986 16.49074 9.520936 -7.887424 14.84127 8.568611 -11.45076 12.62146 7.287002 -14.57404 9.916607 5.725356 -17.13725 6.830668 3.943687 -19.04189 3.482228 2.010464 -20.21476 0 -1.90735e-6 -25.97967 -4.389348 -2.534193 -25.48048 -8.610015 -4.970997 -24.00209 -12.4998 -7.216766 -21.60131 -15.90923 -9.185204 -18.3704 -18.70728 -10.80066 -14.43353 -20.78641 -12.00104 -9.941989 -22.06674 -12.74024 -5.068383 -22.49905 -12.98984 -9.53674e-7 -22.06674 -12.74024 5.068379 -20.78642 -12.00104 9.941987 -18.70728 -10.80065 14.43353 -15.90923 -9.185201 18.3704 -12.4998 -7.216764 21.60131 -8.610012 -4.970993 24.00209 -4.389342 -2.534187 25.48048 7.33112e-6 5.72205e-6 25.97967 4.389357 2.534199 25.48048 8.610026 4.971001 24.00208 12.49982 7.216774 21.6013 15.90925 9.185208 18.37039 18.70729 10.80066 14.43352 20.78642 12.00105 9.94197 22.06674 12.74024 5.06836 22.49905 12.98984 -2.57492e-5 22.06674 12.74024 -5.06841 20.78641 12.00104 -9.942017 18.70726 10.80064 -14.43356 15.90921 9.185189 -18.37043 12.49978 7.216751 -21.60133 8.609985 4.970976 -24.0021 4.389313 2.53417 -25.48049 -3.482256 -2.010483 -20.21475 1.87973e-6 0 -20.61078 -6.830693 -3.943703 -19.04188 -9.916627 -5.725368 -17.13724 -12.62147 -7.287013 -14.57402 -14.84128 -8.56862 -11.45074 -16.49075 -9.520939 -7.887404 -17.50649 -10.10737 -4.020963 -17.84946 -10.30539 0 -17.50649 -10.10738 4.020962 -16.49075 -9.520939 7.887402 -14.84128 -8.568619 11.45074 -12.62147 -7.287011 14.57402 -9.916626 -5.725367 17.13724 -6.830689 -3.9437 19.04188 -3.482252 -2.010479 20.21475 5.52101e-6 3.8147e-6 20.61078 3.482263 2.010487 20.21475 6.830701 3.943708 19.04187 9.916638 5.725374 17.13723 12.62148 7.287016 14.57401 14.84129 8.568624 11.45072 16.49075 9.520943 7.887389 17.50649 10.10738 4.020946 17.84946 10.30539 -2.09808e-5 17.50648 10.10737 -4.020986 16.49074 9.520936 -7.887424 14.84127 8.568611 -11.45076 12.62146 7.287002 -14.57404 9.916607 5.725356 -17.13725 6.830668 3.943687 -19.04189 3.482228 2.010464 -20.21476 0 9.807853 -1.950904 0 9.238796 -3.826835 0 8.314697 -5.555703 0 7.071067 -7.071068 0 5.555701 -8.314696 0 3.826834 -9.238797 0 1.950903 -9.807854 0 0 -10 0 -1.950902 -9.807853 0 -8.314696 -5.555701 0.3806029 9.807853 -1.913418 0.7465791 9.238796 -3.753304 1.083864 8.314697 -5.448952 1.379497 7.071067 -6.9352 1.622117 5.555701 -8.154932 1.8024 3.826834 -9.061274 1.913418 1.950903 -9.619399 1.950904 0 -9.807853 1.913418 -1.950902 -9.619398 1.8024 -3.826834 -9.061276 1.622117 -5.555702 -8.154932 1.379497 -7.071069 -6.935198 1.083864 -8.314697 -5.44895 0.7465786 -9.238797 -3.753301 0.3806025 -9.807853 -1.913414 0.7465796 9.807853 -1.8024 1.464467 9.238796 -3.535535 2.126076 8.314697 -5.1328 2.705981 7.071067 -6.532814 3.181897 5.555701 -7.681777 3.535535 3.826834 -8.535534 3.753304 1.950903 -9.061274 3.826835 0 -9.238795 3.753304 -1.950902 -9.061274 3.535535 -3.826834 -8.535534 3.181897 -5.555702 -7.681777 2.705981 -7.071068 -6.532814 2.126076 -8.314696 -5.132798 1.464467 -9.238797 -3.535532 0.7465786 -9.807853 -1.802397 1.083866 9.807853 -1.622117 2.126077 9.238796 -3.181897 3.086584 8.314697 -4.619397 3.928476 7.071067 -5.879377 4.619399 5.555701 -6.913416 5.132801 3.826834 -7.681776 5.448952 1.950903 -8.154931 5.555704 0 -8.314695 5.448952 -1.950902 -8.154931 5.132801 -3.826833 -7.681777 4.619399 -5.555702 -6.913415 3.928476 -7.071068 -5.879377 3.086584 -8.314697 -4.619396 2.126076 -9.238797 -3.181894 1.083864 -9.807853 -1.622114 1.379499 9.807853 -1.379497 2.705983 9.238796 -2.70598 3.928477 8.314697 -3.928473 5.000001 7.071068 -5 5.87938 5.555701 -5.879377 6.532816 3.826834 -6.532814 6.9352 1.950903 -6.935197 7.07107 4.76837e-7 -7.071066 6.9352 -1.950902 -6.935197 6.532816 -3.826833 -6.532814 5.87938 -5.555702 -5.879376 5.000001 -7.071068 -4.999999 3.928476 -8.314698 -3.928472 2.705981 -9.238797 -2.705978 1.379497 -9.807853 -1.379494 1.622119 9.807853 -1.083863 3.181899 9.238796 -2.126075 4.6194 8.314697 -3.086581 5.87938 7.071068 -3.928473 6.913419 5.555702 -4.619397 7.681779 3.826834 -5.132799 8.154932 1.950903 -5.448948 8.314698 4.76837e-7 -5.5557 8.154932 -1.950902 -5.448948 7.681779 -3.826833 -5.132799 6.913419 -5.555702 -4.619396 5.87938 -7.071067 -3.928473 4.619399 -8.314698 -3.08658 3.181898 -9.238797 -2.126073 1.622117 -9.807853 -1.08386 1.802402 9.807853 -0.7465763 3.535537 9.238796 -1.464464 5.132802 8.314697 -2.126074 6.532816 7.071068 -2.705978 7.681779 5.555702 -3.181894 8.535535 3.826834 -3.535532 9.061275 1.950903 -3.753299 9.238797 4.76837e-7 -3.826832 9.061275 -1.950902 -3.753299 8.535535 -3.826833 -3.535532 7.681779 -5.555702 -3.181894 6.532816 -7.071068 -2.705978 5.132801 -8.314697 -2.126072 3.535535 -9.238797 -1.464463 1.8024 -9.807853 -0.7465754 1.91342 9.807853 -0.3806 3.753305 9.238796 -0.7465763 5.448953 8.314697 -1.083861 6.935201 7.071068 -1.379495 8.154933 5.555702 -1.622114 9.061275 3.826834 -1.802397 9.619398 1.950903 -1.913414 9.807854 7.15256e-7 -1.9509 9.619398 -1.950902 -1.913413 9.061275 -3.826833 -1.802398 8.154933 -5.555702 -1.622113 6.935201 -7.071067 -1.379494 5.448952 -8.314697 -1.08386 3.753304 -9.238797 -0.7465754 1.913417 -9.807853 -0.380599 1.950906 9.807853 2.86102e-6 3.826837 9.238796 2.86102e-6 5.555705 8.314697 2.86102e-6 7.071069 7.071068 2.86102e-6 8.314697 5.555702 2.86102e-6 9.238797 3.826834 2.6226e-6 9.807852 1.950903 3.8147e-6 10 7.54979e-7 3.7879e-6 9.807852 -1.950902 4.05312e-6 9.238797 -3.826833 2.38419e-6 8.314697 -5.555702 3.8147e-6 7.071069 -7.071068 3.33786e-6 5.555704 -8.314697 3.8147e-6 3.826835 -9.238797 3.8147e-6 1.950904 -9.807853 3.8147e-6 1.91342 9.807854 0.3806057 3.753305 9.238796 0.746582 5.448953 8.314697 1.083867 6.9352 7.071068 1.3795 8.154932 5.555702 1.62212 9.061275 3.826834 1.802402 9.619397 1.950904 1.913421 9.807854 8.34465e-7 1.950907 9.619397 -1.950902 1.913421 9.061275 -3.826833 1.802402 8.154932 -5.555702 1.62212 6.9352 -7.071068 1.3795 5.448952 -8.314697 1.083868 3.753304 -9.238797 0.746582 1.913417 -9.807853 0.3806057 1.802402 9.807853 0.746582 3.535536 9.238796 1.46447 5.132801 8.314696 2.126079 6.532816 7.071068 2.705984 7.681777 5.555702 3.1819 8.535535 3.826834 3.535537 9.061273 1.950903 3.753306 9.238797 9.53674e-7 3.826838 9.061273 -1.950902 3.753306 8.535535 -3.826833 3.535537 7.681777 -5.555702 3.1819 6.532816 -7.071068 2.705984 5.1328 -8.314697 2.12608 3.535535 -9.238797 1.46447 1.8024 -9.807853 0.746582 1.622119 9.807854 1.083868 3.181898 9.238796 2.126079 4.619399 8.314697 3.086586 5.879379 7.071068 3.928478 6.913417 5.555702 4.619401 7.681778 3.826835 5.132803 8.15493 1.950904 5.448954 8.314697 9.53674e-7 5.555706 8.15493 -1.950902 5.448954 7.681778 -3.826833 5.132803 6.913417 -5.555702 4.619402 5.879379 -7.071068 3.928478 4.619398 -8.314697 3.086587 3.181897 -9.238797 2.12608 1.622117 -9.807853 1.083868 1.379498 9.807853 1.379501 2.705982 9.238796 2.705985 3.928476 8.314697 3.928479 5 7.071068 5.000003 5.879377 5.555702 5.879382 6.532816 3.826835 6.532818 6.935197 1.950904 6.935202 7.071067 9.53674e-7 7.071073 6.935197 -1.950901 6.935202 6.532816 -3.826833 6.532818 5.879377 -5.555701 5.879383 5 -7.071068 5.000004 3.928475 -8.314697 3.928479 2.705981 -9.238797 2.705984 1.379497 -9.807853 1.3795 1.083865 9.807853 1.622121 2.126076 9.238796 3.1819 3.086583 8.314697 4.619401 3.928475 7.071069 5.879382 4.619397 5.555702 6.91342 5.132801 3.826835 7.681781 5.448949 1.950904 8.154934 5.555702 9.53674e-7 8.314702 5.448949 -1.950901 8.154934 5.132801 -3.826833 7.681781 4.619397 -5.555701 6.913421 3.928475 -7.071067 5.879383 3.086582 -8.314697 4.619401 2.126075 -9.238797 3.1819 1.083864 -9.807853 1.622121 0 -10 3.8147e-6 0.7465791 9.807854 1.802404 1.464467 9.238797 3.535538 2.126076 8.314697 5.132803 2.70598 7.071068 6.532817 3.181895 5.555702 7.68178 3.535535 3.826835 8.535537 3.753301 1.950904 9.061277 3.826833 9.53674e-7 9.238801 3.753301 -1.950901 9.061277 3.535535 -3.826832 8.535537 3.181895 -5.555701 7.68178 2.70598 -7.071067 6.532818 2.126075 -8.314697 5.132804 1.464466 -9.238797 3.535538 0.7465785 -9.807853 1.802403 0.3806027 9.807853 1.913422 0.746579 9.238796 3.753306 1.083864 8.314697 5.448955 1.379496 7.071069 6.935202 1.622115 5.555702 8.154934 1.8024 3.826835 9.061278 1.913416 1.950904 9.6194 1.950902 9.53674e-7 9.807858 1.913416 -1.950901 9.6194 1.8024 -3.826832 9.061278 1.622115 -5.555701 8.154934 1.379496 -7.071067 6.935204 1.083863 -8.314697 5.448955 0.7465784 -9.238797 3.753306 0.3806024 -9.807853 1.913421 0 9.807853 1.950908 4.12168e-7 9.238796 3.826838 2.63156e-7 8.314698 5.555706 -2.58385e-7 7.071069 7.07107 -8.54431e-7 5.555702 8.314698 6.35685e-7 3.826835 9.238799 -8.54431e-7 1.950904 9.807854 -1.00344e-6 9.53674e-7 10 -8.54431e-7 -1.950901 9.807854 6.35685e-7 -3.826832 9.238799 -8.54431e-7 -5.555701 8.314698 -2.58385e-7 -7.071067 7.071072 0 -8.314697 5.555705 0 -9.238797 3.826838 0 -9.807853 1.950907 -0.3806028 9.807853 1.913422 -0.746578 9.238796 3.753306 -1.083864 8.314697 5.448955 -1.379497 7.071068 6.935201 -1.622117 5.555702 8.154932 -1.802399 3.826835 9.061278 -1.913417 1.950904 9.619399 -1.950904 9.53674e-7 9.807856 -1.913417 -1.950901 9.619399 -1.802399 -3.826832 9.061278 -1.622117 -5.555701 8.154932 -1.379497 -7.071067 6.935202 -1.083864 -8.314697 5.448955 -0.7465782 -9.238797 3.753305 -0.3806023 -9.807853 1.913421 -0.7465791 9.807853 1.802403 -1.464466 9.238796 3.535537 -2.126075 8.314697 5.132803 -2.70598 7.071068 6.532817 -3.181896 5.555702 7.681777 -3.535533 3.826835 8.535537 -3.753302 1.950904 9.061276 -3.826835 9.53674e-7 9.238799 -3.753302 -1.950901 9.061276 -3.535533 -3.826832 8.535537 -3.181896 -5.555701 7.681778 -2.70598 -7.071067 6.532818 -2.126075 -8.314697 5.132802 -1.464466 -9.238797 3.535537 -0.7465782 -9.807853 1.802403 -1.083865 9.807852 1.622121 -2.126075 9.238796 3.1819 -3.086583 8.314697 4.619401 -3.928475 7.071068 5.879381 -4.619397 5.555702 6.913416 -5.132799 3.826834 7.68178 -5.44895 1.950904 8.154932 -5.555704 9.53674e-7 8.314699 -5.44895 -1.950901 8.154932 -5.132799 -3.826833 7.681781 -4.619397 -5.555701 6.913417 -3.928475 -7.071067 5.879381 -3.086582 -8.314697 4.619401 -2.126075 -9.238797 3.181899 -1.083863 -9.807854 1.62212 -2.30405e-6 10 4.76837e-6 -1.379498 9.807853 1.3795 -2.70598 9.238795 2.705983 -3.928475 8.314698 3.928478 -5 7.071068 5.000001 -5.879376 5.555702 5.879377 -6.532814 3.826834 6.532817 -6.935197 1.950904 6.935199 -7.071068 9.53674e-7 7.07107 -6.935197 -1.950901 6.935199 -6.532814 -3.826833 6.532817 -5.879376 -5.555701 5.879378 -5 -7.071068 5.000002 -3.928474 -8.314697 3.928477 -2.70598 -9.238797 2.705983 -1.379496 -9.807853 1.3795 -1.622118 9.807853 1.083867 -3.181896 9.238797 2.126078 -4.619397 8.314697 3.086586 -5.879377 7.071068 3.928477 -6.913414 5.555702 4.619397 -7.681777 3.826835 5.132803 -8.154929 1.950904 5.448951 -8.314696 9.53674e-7 5.555704 -8.154929 -1.950902 5.448951 -7.681777 -3.826833 5.132803 -6.913414 -5.555702 4.619399 -5.879377 -7.071068 3.928477 -4.619397 -8.314697 3.086585 -3.181895 -9.238797 2.126078 -1.622116 -9.807852 1.083867 -1.802401 9.807853 0.746582 -3.535533 9.238796 1.464468 -5.132799 8.314697 2.126078 -6.532814 7.071067 2.705982 -7.681774 5.555702 3.181896 -8.535533 3.826834 3.535537 -9.061271 1.950904 3.753302 -9.238795 9.53674e-7 3.826835 -9.061271 -1.950902 3.753303 -8.535533 -3.826833 3.535538 -7.681774 -5.555702 3.181897 -6.532814 -7.071068 2.705983 -5.132798 -8.314697 2.126078 -3.535532 -9.238797 1.464468 -1.802399 -9.807853 0.746582 -1.913419 9.807853 0.3806057 -3.753302 9.238796 0.7465811 -5.448951 8.314698 1.083866 -6.935198 7.071068 1.379498 -8.154928 5.555702 1.622117 -9.061273 3.826834 1.802402 -9.619394 1.950904 1.913417 -9.807851 8.34465e-7 1.950904 -9.619394 -1.950902 1.913418 -9.061273 -3.826833 1.802403 -8.154928 -5.555702 1.622117 -6.935198 -7.071068 1.379499 -5.448949 -8.314697 1.083867 -3.753301 -9.238797 0.7465811 -1.913416 -9.807853 0.3806057 -1.950904 9.807853 2.86102e-6 -3.826833 9.238796 2.86102e-6 -5.555701 8.314697 2.86102e-6 -7.071066 7.071068 1.43051e-6 -8.314692 5.555702 9.53674e-7 -9.238794 3.826834 3.09944e-6 -9.807847 1.950903 8.34465e-7 -9.999998 7.54979e-7 1.40371e-6 -9.807847 -1.950902 1.07288e-6 -9.238794 -3.826833 3.33786e-6 -8.314692 -5.555702 1.43051e-6 -7.071066 -7.071068 2.38419e-6 -5.5557 -8.314697 2.86102e-6 -3.826832 -9.238797 2.86102e-6 -1.950902 -9.807853 3.8147e-6 -1.913418 9.807853 -0.3806 -3.753302 9.238796 -0.7465754 -5.44895 8.314697 -1.083861 -6.935197 7.071068 -1.379496 -8.154927 5.555702 -1.622115 -9.061273 3.826834 -1.802396 -9.619392 1.950903 -1.913415 -9.807849 7.15256e-7 -1.950902 -9.619392 -1.950902 -1.913415 -9.061273 -3.826833 -1.802396 -8.154927 -5.555702 -1.622114 -6.935197 -7.071068 -1.379495 -5.448949 -8.314698 -1.08386 -3.7533 -9.238797 -0.7465754 -1.913416 -9.807853 -0.380599 -1.802401 9.807853 -0.7465763 -3.535533 9.238796 -1.464463 -5.132798 8.314697 -2.126073 -6.532813 7.071068 -2.705978 -7.681772 5.555702 -3.181894 -8.535532 3.826834 -3.535531 -9.061268 1.950903 -3.7533 -9.238792 4.76837e-7 -3.826832 -9.061268 -1.950902 -3.7533 -8.535532 -3.826833 -3.53553 -7.681772 -5.555702 -3.181893 -6.532813 -7.071068 -2.705978 -5.132797 -8.314697 -2.126071 -3.535532 -9.238797 -1.464462 -1.802399 -9.807854 -0.7465744 -1.622118 9.807853 -1.083861 -3.181895 9.238796 -2.126073 -4.619396 8.314697 -3.08658 -5.879376 7.071068 -3.928472 -6.913412 5.555702 -4.619395 -7.681776 3.826834 -5.132797 -8.154925 1.950903 -5.448947 -8.314692 4.76837e-7 -5.555699 -8.154925 -1.950902 -5.448947 -7.681776 -3.826833 -5.132796 -6.913412 -5.555702 -4.619393 -5.879376 -7.071068 -3.928472 -4.619395 -8.314697 -3.086578 -3.181894 -9.238797 -2.126071 -1.622116 -9.807853 -1.083859 -1.379497 9.807853 -1.379495 -2.705979 9.238796 -2.705977 -3.928473 8.314697 -3.928472 -4.999998 7.071068 -4.999998 -5.879373 5.555701 -5.879374 -6.532814 3.826834 -6.532812 -6.935194 1.950903 -6.935194 -7.071063 4.76837e-7 -7.071064 -6.935194 -1.950902 -6.935194 -6.532814 -3.826833 -6.532811 -5.879373 -5.555702 -5.879373 -4.999998 -7.071068 -4.999997 -3.928472 -8.314697 -3.92847 -2.705979 -9.238797 -2.705976 -1.379496 -9.807852 -1.379493 -1.083864 9.807852 -1.622115 -2.126074 9.238796 -3.181893 -3.086581 8.314697 -4.619394 -3.928473 7.071067 -5.879375 -4.619392 5.555701 -6.913413 -5.132798 3.826834 -7.681774 -5.448945 1.950903 -8.154925 -5.555698 0 -8.314692 -5.448945 -1.950902 -8.154925 -5.132798 -3.826833 -7.681773 -4.619392 -5.555702 -6.913412 -3.928473 -7.071069 -5.879374 -3.08658 -8.314698 -4.619392 -2.126073 -9.238797 -3.181891 -1.083863 -9.807853 -1.622112 -0.7465785 9.807853 -1.802398 -1.464465 9.238796 -3.535531 -2.126074 8.314697 -5.132796 -2.705979 7.071067 -6.532812 -3.181892 5.555701 -7.681771 -3.535533 3.826834 -8.535531 -3.753298 1.950903 -9.061266 -3.82683 0 -9.238789 -3.753298 -1.950902 -9.061266 -3.535533 -3.826833 -8.53553 -3.181892 -5.555702 -7.68177 -2.705979 -7.071068 -6.532811 -2.126073 -8.314697 -5.132794 -1.464465 -9.238797 -3.535529 -0.7465779 -9.807853 -1.802395 -0.3806022 9.807853 -1.913416 -0.7465773 9.238796 -3.753299 -1.083862 8.314697 -5.448947 -1.379495 7.071067 -6.935196 -1.622113 5.555701 -8.154925 -1.802399 3.826834 -9.06127 -1.913413 1.950903 -9.619389 -1.9509 0 -9.807846 -1.913413 -1.950903 -9.619389 -1.802399 -3.826834 -9.06127 -1.622113 -5.555702 -8.154925 -1.379495 -7.071068 -6.935195 -1.083862 -8.314697 -5.448945 -0.7465772 -9.238797 -3.753297 -0.380602 -9.807853 -1.913413 6.35685e-7 -3.826834 -9.238791 2.72185e-6 -5.555702 -8.314688 1.52975e-6 -7.071068 -7.071063 7.84697e-7 -9.238797 -3.826828 1.51397e-7 -9.807853 -1.950899</float_array>
          <technique_common>
            <accessor source="#Sphere_004-mesh-positions-array" count="1092" stride="3">
              <param name="X" type="float"/>
              <param name="Y" type="float"/>
              <param name="Z" type="float"/>
            </accessor>
          </technique_common>
        </source>
        <source id="Sphere_004-mesh-normals">
          <float_array id="Sphere_004-mesh-normals-array" count="1845">-0.1803984 0.3805426 0.9069971 0 0.1939206 0.9810172 0 0.3805441 0.9247629 -0.1091972 -0.8286537 0.5490075 0 -0.9217141 0.3878701 0 -0.8286449 0.5597748 -0.1625746 0.5527598 0.8173288 0 0.5527549 0.8333439 -0.1385268 -0.7040483 0.6965101 0 -0.7040483 0.7101522 -0.1385268 0.7040483 0.6965101 0 0.7040483 0.7101522 -0.1625746 -0.5527598 0.8173288 0 -0.5527549 0.8333439 -0.1091972 0.8286537 0.5490075 0 0.8286449 0.5597748 -0.1803984 -0.3805426 0.9069971 0 -0.3805441 0.9247629 -0.0756573 0.9217128 0.3804228 0 0.9217141 0.3878701 -0.1913838 -0.1939169 0.9621686 0 -0.1939206 0.9810172 -0.03918647 0.9796015 0.1970922 0 0.979598 0.2009674 0 0 1 0 -0.979598 0.2009674 -0.03918647 -0.9796015 0.1970922 0 -1 0 0 1 0 -0.1913838 0.1939169 0.9621686 -0.0756573 -0.9217128 0.3804228 -0.07690811 0.979602 0.1856477 -0.3826816 0 0.9238803 -0.1950772 0 0.9807879 -0.07690811 -0.979602 0.1856477 -0.3538681 0.3805418 0.8543801 -0.214214 -0.8286563 0.5171472 -0.2717489 -0.7040628 0.6560856 -0.3188951 0.5527638 0.7699079 -0.2717489 0.7040628 0.6560856 -0.3538681 -0.3805418 0.8543801 -0.1484151 0.9217121 0.3583571 -0.3754112 -0.1939162 0.906346 -0.214214 0.8286563 0.5171472 -0.3945282 0.704059 0.5904647 -0.5137555 -0.3805404 0.7689241 -0.3188951 -0.5527638 0.7699079 -0.3109903 0.8286566 0.4654174 -0.5450153 -0.1939202 0.8156918 -0.1116387 0.9796006 0.1670918 -0.1116387 -0.9796006 0.1670918 -0.5450153 0.1939202 0.8156918 -0.3754112 0.1939162 0.906346 -0.2154968 -0.9217139 0.3224976 -0.1484151 -0.9217121 0.3583571 -0.5137555 0.3805404 0.7689241 -0.3945282 -0.704059 0.5904647 -0.2742754 -0.9217082 0.2742754 -0.6539059 0.3805448 0.6539059 -0.3958047 -0.8286599 0.3958047 -0.3109903 -0.8286566 0.4654174 -0.4629725 0.5527593 0.6929023 -0.5892608 0.55276 0.5892608 -0.4629725 -0.5527593 0.6929023 -0.5021433 -0.7040627 0.5021433 -0.3958047 0.8286599 0.3958047 -0.5892608 -0.55276 0.5892608 -0.2742754 0.9217082 0.2742754 -0.2154968 0.9217139 0.3224976 -0.6539059 -0.3805448 0.6539059 -0.5555732 0 0.8314677 -0.6936836 -0.1939225 0.6936836 -0.1420966 -0.9796004 0.1420966 -0.1420966 0.9796004 0.1420966 -0.6936836 0.1939225 0.6936836 -0.7689241 -0.3805404 0.5137555 -0.4654174 0.8286566 0.3109903 -0.3224976 0.9217139 0.2154968 -0.7071068 0 0.7071068 -0.8156918 -0.1939202 0.5450153 -0.1670918 -0.9796006 0.1116387 -0.1670918 0.9796006 0.1116387 -0.8314677 0 0.5555732 -0.7689241 0.3805404 0.5137555 -0.4654174 -0.8286566 0.3109903 -0.5904647 -0.704059 0.3945282 -0.5904647 0.704059 0.3945282 -0.5021433 0.7040627 0.5021433 -0.6929023 -0.5527593 0.4629725 -0.8543801 0.3805418 0.3538681 -0.8156918 0.1939202 0.5450153 -0.5171472 -0.8286563 0.214214 -0.3224976 -0.9217139 0.2154968 -0.6929023 0.5527593 0.4629725 -0.6560856 -0.7040628 0.2717489 -0.7699079 0.5527638 0.3188951 -0.7699079 -0.5527638 0.3188951 -0.6560856 0.7040628 0.2717489 -0.8543801 -0.3805418 0.3538681 -0.3583571 0.9217122 0.1484152 -0.9063459 -0.1939162 0.3754112 -0.1856481 -0.9796044 0.07687777 -0.1856477 0.979602 0.07690811 -0.9063459 0.1939162 0.3754112 -0.3583571 -0.9217122 0.1484152 -0.5490075 0.8286537 0.1091972 -0.5171472 0.8286563 0.214214 -0.9069971 -0.3805426 0.1803984 -0.3804228 0.9217128 0.0756573 -0.9807879 0 0.1950772 -0.9238803 0 0.3826816 -0.1970922 -0.9796015 0.03918647 -0.1970922 0.9796015 0.03918647 -0.3804228 -0.9217128 0.0756573 -0.9069971 0.3805426 0.1803984 -0.5490075 -0.8286537 0.1091972 -0.6965101 -0.7040483 0.1385268 -0.6965101 0.7040483 0.1385268 -0.8173288 -0.5527598 0.1625746 -0.3878701 -0.9217141 0 -0.8173288 0.5527598 0.1625746 -0.9247629 0.3805441 0 -0.5597748 -0.8286449 0 -0.7101522 0.7040483 0 -0.7101522 -0.7040483 0 -0.9247629 -0.3805441 0 -0.5597748 0.8286449 0 -0.9621686 -0.1939169 0.1913838 -0.2009674 0.979598 0 -0.9810172 -0.1939206 0 -0.2009674 -0.979598 0 -0.9810172 0.1939206 0 -0.9621686 0.1939169 0.1913838 -0.9069971 -0.3805426 -0.1803984 -0.3804228 0.9217128 -0.0756573 -0.3878701 0.9217141 0 -0.9807879 0 -0.1950772 -1 0 0 -0.1970922 -0.9796015 -0.03918647 -0.1970922 0.9796015 -0.03918647 -0.3804228 -0.9217128 -0.0756573 -0.9069971 0.3805426 -0.1803984 -0.5490075 -0.8286537 -0.1091972 -0.8333439 0.5527549 0 -0.6965101 -0.7040483 -0.1385268 -0.8173288 0.5527598 -0.1625746 -0.8333439 -0.5527549 0 -0.6965101 0.7040483 -0.1385268 -0.5490075 0.8286537 -0.1091972 -0.854371 0.3805376 -0.3538948 -0.6560856 -0.7040628 -0.2717489 -0.6560856 0.7040628 -0.2717489 -0.8173288 -0.5527598 -0.1625746 -0.8543801 -0.3805418 -0.3538681 -0.3583571 0.9217122 -0.1484152 -0.9621686 -0.1939169 -0.1913838 -0.1856477 0.979602 -0.07690811 -0.9238803 0 -0.3826816 -0.1856477 -0.979602 -0.07690811 -0.9621686 0.1939169 -0.1913838 -0.3583571 -0.9217122 -0.1484152 -0.5171472 -0.8286563 -0.214214 -0.1670918 0.9796006 -0.1116387 -0.8314677 0 -0.5555732 -0.9063459 -0.1939162 -0.3754112 -0.1670918 -0.9796006 -0.1116387 -0.9063459 0.1939162 -0.3754112 -0.7689241 0.3805404 -0.5137555 -0.4654174 -0.8286566 -0.3109903 -0.7699079 0.5527638 -0.3188951 -0.5904647 -0.704059 -0.3945282 -0.5904647 0.704059 -0.3945282 -0.7699079 -0.5527638 -0.3188951 -0.5171472 0.8286563 -0.214214 -0.7689241 -0.3805404 -0.5137555 -0.3224976 0.9217139 -0.2154968 -0.5021433 0.7040627 -0.5021433 -0.6929023 0.5527593 -0.4629725 -0.5892608 -0.55276 -0.5892608 -0.6929023 -0.5527593 -0.4629725 -0.4654174 0.8286566 -0.3109903 -0.6539059 -0.3805448 -0.6539059 -0.2742754 0.9217082 -0.2742754 -0.8156918 -0.1939202 -0.5450153 -0.1420966 0.9796004 -0.1420966 -0.6936836 -0.1939225 -0.6936836 -0.1420966 -0.9796004 -0.1420966 -0.6936836 0.1939225 -0.6936836 -0.8156918 0.1939202 -0.5450153 -0.2742754 -0.9217082 -0.2742754 -0.3224976 -0.9217139 -0.2154968 -0.6539059 0.3805448 -0.6539059 -0.3958047 -0.8286599 -0.3958047 -0.5021433 -0.7040627 -0.5021433 -0.1116387 -0.9796006 -0.1670918 -0.1116387 0.9796006 -0.1670918 -0.5450153 0.1939202 -0.8156918 -0.7071068 0 -0.7071068 -0.2154968 -0.9217139 -0.3224976 -0.5137555 0.3805404 -0.7689241 -0.5892608 0.55276 -0.5892608 -0.3945282 -0.704059 -0.5904647 -0.3945282 0.704059 -0.5904647 -0.3958047 0.8286599 -0.3958047 -0.5137555 -0.3805404 -0.7689241 -0.3109903 0.8286566 -0.4654174 -0.2154968 0.9217139 -0.3224976 -0.5555732 0 -0.8314677 -0.4629725 -0.5527593 -0.6929023 -0.2717489 -0.7040628 -0.6560856 -0.2717489 0.7040628 -0.6560856 -0.3538948 -0.3805376 -0.854371 -0.214214 0.8286563 -0.5171472 -0.5450153 -0.1939202 -0.8156918 -0.07690811 0.979602 -0.1856477 -0.3826816 0 -0.9238803 -0.07690811 -0.979602 -0.1856477 -0.1484151 -0.9217121 -0.3583571 -0.3538948 0.3805376 -0.854371 -0.214214 -0.8286563 -0.5171472 -0.3109903 -0.8286566 -0.4654174 -0.4629725 0.5527593 -0.6929023 -0.3188951 0.5527638 -0.7699079 -0.1913838 0.1939169 -0.9621686 -0.3754112 0.1939162 -0.906346 -0.03918647 -0.9796015 -0.1970922 -0.1803984 0.3805426 -0.9069971 -0.0756573 -0.9217128 -0.3804228 -0.1091972 -0.8286537 -0.5490075 -0.1625746 0.5527598 -0.8173288 -0.1625746 -0.5527598 -0.8173288 -0.3188951 -0.5527638 -0.7699079 -0.1091972 0.8286537 -0.5490075 -0.1803984 -0.3805426 -0.9069971 -0.0756573 0.9217128 -0.3804228 -0.1484151 0.9217121 -0.3583571 -0.3754112 -0.1939162 -0.906346 -0.1913838 -0.1939169 -0.9621686 -0.03918647 0.9796015 -0.1970922 0 0.7040483 -0.7101522 -0.1385268 0.7040483 -0.6965101 0 -0.3805441 -0.9247629 0 0.9217141 -0.3878701 0 0 -1 -0.1950772 0 -0.9807879 0 -0.979598 -0.2009674 0 0.979598 -0.2009674 0 0.1939206 -0.9810172 0 -0.9217141 -0.3878701 0 0.3805441 -0.9247629 0 -0.8286449 -0.5597748 -0.1385268 -0.7040483 -0.6965101 0 -0.7040483 -0.7101522 0.0756573 -0.9217128 -0.3804228 0.1803984 0.3805426 -0.9069971 0 0.5527549 -0.8333439 0.1385268 -0.7040483 -0.6965101 0.1385268 0.7040483 -0.6965101 0.1625746 -0.5527598 -0.8173288 0 -0.5527549 -0.8333439 0 0.8286449 -0.5597748 0.1803984 -0.3805426 -0.9069971 0.1091972 0.8286537 -0.5490075 0 -0.1939206 -0.9810172 0.03918647 0.9796015 -0.1970922 0.1913838 -0.1939169 -0.9621686 0.03918647 -0.9796015 -0.1970922 0.1913838 0.1939169 -0.9621686 0.3538681 -0.3805418 -0.8543801 0.0756573 0.9217128 -0.3804228 0.214214 0.8286563 -0.5171472 0.1484151 0.9217121 -0.3583571 0.3826816 0 -0.9238803 0.1950772 0 -0.9807879 0.07690811 -0.979602 -0.1856477 0.07690811 0.979602 -0.1856477 0.3754112 0.1939162 -0.906346 0.1484151 -0.9217121 -0.3583571 0.3538948 0.3805376 -0.854371 0.214214 -0.8286563 -0.5171472 0.1091972 -0.8286537 -0.5490075 0.1625746 0.5527598 -0.8173288 0.2717489 0.7040628 -0.6560856 0.2717489 -0.7040628 -0.6560856 0.5137555 0.3805404 -0.7689241 0.3109903 -0.8286566 -0.4654174 0.3188951 0.5527638 -0.7699079 0.3945282 0.704059 -0.5904647 0.4629725 -0.5527593 -0.6929023 0.3188951 -0.5527638 -0.7699079 0.5137555 -0.3805404 -0.7689241 0.3109903 0.8286566 -0.4654174 0.3754112 -0.1939162 -0.906346 0.2154968 0.9217139 -0.3224976 0.5450153 -0.1939202 -0.8156918 0.1116387 -0.9796006 -0.1670918 0.1116387 0.9796006 -0.1670918 0.5450153 0.1939202 -0.8156918 0.2154968 -0.9217139 -0.3224976 0.2742754 0.9217082 -0.2742754 0.6539059 -0.3805448 -0.6539059 0.1420966 0.9796004 -0.1420966 0.5555732 0 -0.8314677 0.6936836 -0.1939225 -0.6936836 0.1420966 -0.9796004 -0.1420966 0.6936836 0.1939225 -0.6936836 0.2742754 -0.9217082 -0.2742754 0.6539059 0.3805448 -0.6539059 0.3958047 -0.8286599 -0.3958047 0.4629725 0.5527593 -0.6929023 0.3945282 -0.704059 -0.5904647 0.5021433 0.7040627 -0.5021433 0.5021433 -0.7040627 -0.5021433 0.3958047 0.8286599 -0.3958047 0.5892608 0.55276 -0.5892608 0.7689241 0.3805404 -0.5137555 0.5904647 -0.704059 -0.3945282 0.5904647 0.704059 -0.3945282 0.5892608 -0.55276 -0.5892608 0.7689241 -0.3805404 -0.5137555 0.4654174 0.8286566 -0.3109903 0.1670918 0.9796006 -0.1116387 0.8314677 0 -0.5555732 0.7071068 0 -0.7071068 0.1670918 -0.9796006 -0.1116387 0.3224976 -0.9217139 -0.2154968 0.4654174 -0.8286566 -0.3109903 0.3583571 0.9217122 -0.1484152 0.3224976 0.9217139 -0.2154968 0.9238803 0 -0.3826816 0.8156918 -0.1939202 -0.5450153 0.1856481 -0.9796044 -0.07687777 0.1856477 0.979602 -0.07690811 0.8156918 0.1939202 -0.5450153 0.3583571 -0.9217122 -0.1484152 0.8543801 0.3805418 -0.3538681 0.5171472 -0.8286563 -0.214214 0.6929023 0.5527593 -0.4629725 0.7699079 0.5527638 -0.3188951 0.7699079 -0.5527638 -0.3188951 0.6929023 -0.5527593 -0.4629725 0.6560856 0.7040628 -0.2717489 0.8543801 -0.3805418 -0.3538681 0.5171472 0.8286563 -0.214214 0.6560856 -0.7040628 -0.2717489 0.5490075 -0.8286537 -0.1091972 0.6965101 0.7040483 -0.1385268 0.8173288 -0.5527598 -0.1625746 0.9069971 -0.3805426 -0.1803984 0.5490075 0.8286537 -0.1091972 0.9063459 -0.1939162 -0.3754112 0.3804228 0.9217128 -0.0756573 0.9807879 0 -0.1950772 0.1970922 -0.9796015 -0.03918647 0.1970922 0.9796015 -0.03918647 0.9063459 0.1939162 -0.3754112 0.9069971 0.3805426 -0.1803984 1 0 0 0.9621686 -0.1939169 -0.1913838 0.2009674 -0.979598 0 0.2009674 0.979598 0 0.9621686 0.1939169 -0.1913838 0.3878701 -0.9217141 0 0.3804228 -0.9217128 -0.0756573 0.9247629 0.3805441 0 0.5597748 -0.8286449 0 0.8173288 0.5527598 -0.1625746 0.7101522 -0.7040483 0 0.6965101 -0.7040483 -0.1385268 0.7101522 0.7040483 0 0.5597748 0.8286449 0 0.9247629 -0.3805441 0 0.6965101 0.7040483 0.1385268 0.8333439 0.5527549 0 0.8173288 -0.5527598 0.1625746 0.8333439 -0.5527549 0 0.5490075 0.8286537 0.1091972 0.9069971 -0.3805426 0.1803984 0.3878701 0.9217141 0 0.9810172 -0.1939206 0 0.3804228 0.9217128 0.0756573 0.9807879 0 0.1950772 0.1970922 -0.9796015 0.03918647 0.1970922 0.9796015 0.03918647 0.9810172 0.1939206 0 0.9069971 0.3805426 0.1803984 0.5490075 -0.8286537 0.1091972 0.1856477 -0.979602 0.07690811 0.1856477 0.979602 0.07690811 0.9621686 0.1939169 0.1913838 0.9238803 0 0.3826816 0.3804228 -0.9217128 0.0756573 0.8543801 0.3805418 0.3538681 0.3583571 -0.9217122 0.1484152 0.8173288 0.5527598 0.1625746 0.6965101 -0.7040483 0.1385268 0.5171472 -0.8286563 0.214214 0.6560856 0.7040628 0.2717489 0.6560856 -0.7040628 0.2717489 0.8543801 -0.3805418 0.3538681 0.5171472 0.8286563 0.214214 0.9621686 -0.1939169 0.1913838 0.9063459 -0.1939162 0.3754112 0.7699079 -0.5527638 0.3188951 0.5904647 -0.704059 0.3945282 0.4654174 0.8286566 0.3109903 0.7689241 -0.3805404 0.5137555 0.3583571 0.9217122 0.1484152 0.1670918 0.9796006 0.1116387 0.8314677 0 0.5555732 0.1670918 -0.9796006 0.1116387 0.8156918 0.1939202 0.5450153 0.9063459 0.1939162 0.3754112 0.3224976 -0.9217139 0.2154968 0.7689241 0.3805404 0.5137555 0.4654174 -0.8286566 0.3109903 0.7699079 0.5527638 0.3188951 0.5904647 0.704059 0.3945282 0.6936836 0.1939225 0.6936836 0.1420966 -0.9796004 0.1420966 0.6539059 0.3805448 0.6539059 0.2742754 -0.9217082 0.2742754 0.6929023 0.5527593 0.4629725 0.5021433 -0.7040627 0.5021433 0.5021433 0.7040627 0.5021433 0.6929023 -0.5527593 0.4629725 0.6539059 -0.3805448 0.6539059 0.2742754 0.9217082 0.2742754 0.3224976 0.9217139 0.2154968 0.8156918 -0.1939202 0.5450153 0.1420966 0.9796004 0.1420966 0.6936836 -0.1939225 0.6936836 0.3109903 0.8286566 0.4654174 0.3958047 0.8286599 0.3958047 0.5137555 -0.3805404 0.7689241 0.5892608 -0.55276 0.5892608 0.2154968 0.9217139 0.3224976 0.1116387 0.9796006 0.1670918 0.7071068 0 0.7071068 0.5450153 -0.1939202 0.8156918 0.1116387 -0.9796006 0.1670918 0.5450153 0.1939202 0.8156918 0.5137555 0.3805404 0.7689241 0.3109903 -0.8286566 0.4654174 0.3958047 -0.8286599 0.3958047 0.5892608 0.55276 0.5892608 0.3945282 0.704059 0.5904647 0.3945282 -0.704059 0.5904647 0.3538681 0.3805418 0.8543801 0.1484151 -0.9217121 0.3583571 0.2154968 -0.9217139 0.3224976 0.4629725 0.5527593 0.6929023 0.214214 -0.8286563 0.5171472 0.2717489 0.7040628 0.6560856 0.4629725 -0.5527593 0.6929023 0.2717489 -0.7040628 0.6560856 0.214214 0.8286563 0.5171472 0.3538681 -0.3805418 0.8543801 0.1484151 0.9217121 0.3583571 0.07690811 0.979602 0.1856477 0.3826816 0 0.9238803 0.5555732 0 0.8314677 0.07690811 -0.979602 0.1856477 0.3754112 0.1939162 0.906346 0.1091972 0.8286537 0.5490075 0.3754112 -0.1939162 0.906346 0.1803984 -0.3805426 0.9069971 0.03918647 0.9796015 0.1970922 0.1950772 0 0.9807879 0.03918647 -0.9796015 0.1970922 0.0756573 -0.9217128 0.3804228 0.1803984 0.3805426 0.9069971 0.1091972 -0.8286537 0.5490075 0.3188951 0.5527638 0.7699079 0.1385268 0.7040483 0.6965101 0.3188951 -0.5527638 0.7699079 0.1385268 -0.7040483 0.6965101 0.1625746 0.5527598 0.8173288 0.1625746 -0.5527598 0.8173288 0.0756573 0.9217128 0.3804228 0.1913838 -0.1939169 0.9621686 0.1913838 0.1939169 0.9621686 0.5000001 -0.8660253 1.32528e-7 0.4999997 -0.8660257 0 0.5000001 -0.8660255 0 0.5000001 -0.8660254 -1.76704e-7 0.5000004 -0.8660253 5.30111e-7 0.5000003 -0.8660253 2.65056e-7 0.4999995 -0.8660258 3.53407e-7 0.4999998 -0.8660256 0 0.4999997 -0.8660256 -5.08023e-7 0.4999998 -0.8660256 0 0.5000001 -0.8660255 3.53407e-7 0.5000001 -0.8660254 0 0.5000002 -0.8660254 0 0.4999999 -0.8660255 -2.65055e-7 0.5000002 -0.8660254 1.32528e-7 0.5000001 -0.8660254 1.76703e-7 0.5 -0.8660255 1.76703e-7 0.4999996 -0.8660257 0 0.5000003 -0.8660253 1.76704e-7 0.5000001 -0.8660255 1.76704e-7 0.5 -0.8660255 -3.53407e-7 0.5 -0.8660255 1.76704e-7 0.4999996 -0.8660256 0 0.4999998 -0.8660256 0 0.4999998 -0.8660255 -5.30111e-7 0.5000001 -0.8660254 3.53407e-7 0.5000001 -0.8660254 -3.53407e-7 0.5 -0.8660255 1.76703e-7 0.5000001 -0.8660254 0 0.5000001 -0.8660253 0 0.5000001 -0.8660254 0 -0.5000001 0.8660254 0 -0.5000004 0.8660252 -2.80373e-7 -0.5 0.8660254 0 -0.5000004 0.8660253 1.40186e-7 -0.5000003 0.8660253 -3.53407e-7 -0.5000002 0.8660253 -3.53407e-7 -0.5000001 0.8660254 -1.40187e-7 -0.5 0.8660255 1.40186e-7 -0.4999998 0.8660256 3.53407e-7 -0.4999997 0.8660256 0 -0.5000002 0.8660253 -1.40186e-7 -0.5 0.8660255 0 -0.4999998 0.8660256 0 -0.4999999 0.8660255 2.80373e-7 -0.5000002 0.8660254 -1.40186e-7 -0.5000004 0.8660253 -1.32527e-7 -0.5000002 0.8660254 -1.76703e-7 -0.4999998 0.8660256 0 -0.4999997 0.8660256 -1.76703e-7 -0.4999998 0.8660256 -1.40186e-7 -0.5000002 0.8660254 0 -0.5000002 0.8660253 0 -0.5 0.8660255 0 -0.5000004 0.8660252 0 -0.5000004 0.8660252 -2.45326e-7 -0.4999997 0.8660256 7.06814e-7 -0.5000002 0.8660254 -3.53407e-7 -0.4999999 0.8660255 -1.40186e-7 -0.5 0.8660255 0 -0.5000001 0.8660253 0 -0.5000001 0.8660254 0 0.3538948 -0.3805376 -0.854371 0.1856481 -0.9796044 0.07687777 0.3538948 0.3805376 0.854371 -0.3538948 0.3805376 0.854371 -0.07687777 -0.9796044 0.1856481 -0.1856477 -0.979602 0.07690811 -0.1856481 0.9796044 0.07687777 -0.8543801 0.3805418 -0.3538681 -0.3538681 -0.3805418 -0.8543801 -0.3538681 0.3805418 -0.8543801 0.5000001 -0.8660254 0 0.5000004 -0.8660252 2.80373e-7 0.5000001 -0.8660255 3.1542e-7 0.5000004 -0.8660253 -1.40186e-7 0.5000001 -0.8660254 1.40186e-7 0.5000001 -0.8660254 0 0.5000001 -0.8660254 1.40187e-7 0.5 -0.8660255 -1.40186e-7 0.4999999 -0.8660255 0 0.5 -0.8660254 0 0.5000002 -0.8660253 1.40186e-7 0.5 -0.8660255 0 0.4999998 -0.8660256 0 0.4999999 -0.8660255 -2.80373e-7 0.5000002 -0.8660254 1.40186e-7 0.5000002 -0.8660254 0 0.5 -0.8660254 1.75234e-7 0.4999998 -0.8660256 0 0.5000002 -0.8660253 -2.45326e-7 0.4999998 -0.8660256 1.40186e-7 0.5000004 -0.8660253 -2.80373e-7 0.5000002 -0.8660253 0 0.5000001 -0.8660255 0 0.5000004 -0.8660252 0 0.5000004 -0.8660252 2.45326e-7 0.5000002 -0.8660253 2.80373e-7 0.5 -0.8660255 0 0.4999999 -0.8660255 1.40186e-7 0.5000002 -0.8660253 1.40186e-7 0.5000002 -0.8660253 0 0.5000001 -0.8660254 0 -0.5000001 0.8660253 -1.32528e-7 -0.4999997 0.8660257 0 -0.5 0.8660254 -2.80373e-7 -0.5000001 0.8660254 1.76704e-7 -0.5 0.8660255 -1.40186e-7 -0.5000002 0.8660254 0 -0.4999995 0.8660258 -3.53407e-7 -0.4999998 0.8660256 0 -0.5 0.8660254 0 -0.5000001 0.8660255 0 -0.5000001 0.8660255 -3.53407e-7 -0.5000001 0.8660254 0 -0.4999999 0.8660255 2.65055e-7 -0.5000002 0.8660254 0 -0.5000001 0.8660254 -1.75233e-7 -0.5 0.8660255 -1.76703e-7 -0.5 0.8660254 2.80373e-7 -0.5000003 0.8660253 -1.76704e-7 -0.5000002 0.8660254 2.80373e-7 -0.5 0.8660255 3.53407e-7 -0.5000001 0.8660255 0 -0.4999996 0.8660256 0 -0.4999998 0.8660256 0 -0.5000001 0.8660255 -1.40186e-7 -0.5000004 0.8660253 -2.80373e-7 -0.5000001 0.8660254 3.53407e-7 -0.5 0.8660255 -1.76703e-7 -0.5000002 0.8660253 -1.40186e-7 -0.5000003 0.8660253 0 -0.5000001 0.8660254 0</float_array>
          <technique_common>
            <accessor source="#Sphere_004-mesh-normals-array" count="615" stride="3">
              <param name="X" type="float"/>
              <param name="Y" type="float"/>
              <param name="Z" type="float"/>
            </accessor>
          </technique_common>
        </source>
        <source id="Sphere_004-mesh-map-0">
          <float_array id="Sphere_004-mesh-map-0-array" count="12288">0.07276374 0.930771 0.07435983 0.9339632 0.07435983 0.930771 0.07276374 0.9531162 0.07435983 0.9563084 0.07435983 0.9531162 0.07276374 0.9275788 0.07435983 0.930771 0.07435983 0.9275788 0.07276374 0.949924 0.07435983 0.9531162 0.07435983 0.949924 0.07276374 0.9243867 0.07435983 0.9275788 0.07435983 0.9243867 0.07276374 0.9467318 0.07435983 0.949924 0.07435983 0.9467318 0.07276374 0.9211946 0.07435983 0.9243867 0.07435983 0.9211946 0.07276374 0.9435396 0.07435983 0.9467318 0.07435983 0.9435396 0.07276374 0.9180024 0.07435983 0.9211946 0.07435983 0.9180024 0.07276374 0.9403476 0.07435983 0.9435396 0.07435983 0.9403476 0.07276374 0.9148102 0.07435983 0.9180024 0.07435983 0.9148102 0.07435983 0.9371554 0.07276374 0.9403476 0.07435983 0.9403476 0.07435983 0.9595004 0.07276374 0.9595004 0.09747517 0.9626926 0.09821528 0.911618 0.07276374 0.9148102 0.07435983 0.9148102 0.07276374 0.9339632 0.07435983 0.9371554 0.07435983 0.9339632 0.07276374 0.9563084 0.07435983 0.9595004 0.07435983 0.9563084 0.09821528 0.911618 0.07116764 0.9148102 0.07276374 0.9148102 0.07276374 0.9339632 0.07116764 0.9371554 0.07276374 0.9371554 0.07276374 0.9563084 0.07116764 0.9595004 0.07276374 0.9595004 0.07116764 0.930771 0.07276374 0.9339632 0.07276374 0.930771 0.07116764 0.9531162 0.07276374 0.9563084 0.07276374 0.9531162 0.07276374 0.9275788 0.07116764 0.930771 0.07276374 0.930771 0.07116764 0.949924 0.07276374 0.9531162 0.07276374 0.949924 0.07276374 0.9243867 0.07116764 0.9275788 0.07276374 0.9275788 0.07276374 0.9467318 0.07116764 0.949924 0.07276374 0.949924 0.07276374 0.9211946 0.07116764 0.9243867 0.07276374 0.9243867 0.07116764 0.9435396 0.07276374 0.9467318 0.07276374 0.9435396 0.07116764 0.9180024 0.07276374 0.9211946 0.07276374 0.9180024 0.07116764 0.9403476 0.07276374 0.9435396 0.07276374 0.9403476 0.07116764 0.9148102 0.07276374 0.9180024 0.07276374 0.9148102 0.07276374 0.9371554 0.07116764 0.9403476 0.07276374 0.9403476 0.07276374 0.9595004 0.07116764 0.9595004 0.09747517 0.9626926 0.07116764 0.9211946 0.06957155 0.9243867 0.07116764 0.9243867 0.06957155 0.9435396 0.07116764 0.9467318 0.07116764 0.9435396 0.07116764 0.9180024 0.06957155 0.9211946 0.07116764 0.9211946 0.06957155 0.9403476 0.07116764 0.9435396 0.07116764 0.9403476 0.06957155 0.9148102 0.07116764 0.9180024 0.07116764 0.9148102 0.07116764 0.9371554 0.06957155 0.9403476 0.07116764 0.9403476 0.07116764 0.9595004 0.06957155 0.9595004 0.04640054 0.9626926 0.04714065 0.911618 0.06957155 0.9148102 0.07116764 0.9148102 0.06957155 0.9339632 0.07116764 0.9371554 0.07116764 0.9339632 0.06957155 0.9563084 0.07116764 0.9595004 0.07116764 0.9563084 0.06957155 0.930771 0.07116764 0.9339632 0.07116764 0.930771 0.07116764 0.9531162 0.06957155 0.9563084 0.07116764 0.9563084 0.07116764 0.9275788 0.06957155 0.930771 0.07116764 0.930771 0.06957155 0.949924 0.07116764 0.9531162 0.07116764 0.949924 0.06957155 0.9243867 0.07116764 0.9275788 0.07116764 0.9243867 0.07116764 0.9467318 0.06957155 0.949924 0.07116764 0.949924 0.06797552 0.9563084 0.06957155 0.9595004 0.06957155 0.9563084 0.06797552 0.930771 0.06957155 0.9339632 0.06957155 0.930771 0.06797552 0.9531162 0.06957155 0.9563084 0.06957155 0.9531162 0.06957155 0.9275788 0.06797552 0.930771 0.06957155 0.930771 0.06957155 0.949924 0.06797552 0.9531162 0.06957155 0.9531162 0.06957155 0.9243867 0.06797552 0.9275788 0.06957155 0.9275788 0.06957155 0.9467318 0.06797552 0.949924 0.06957155 0.949924 0.06797552 0.9211946 0.06957155 0.9243867 0.06957155 0.9211946 0.06957155 0.9435396 0.06797552 0.9467318 0.06957155 0.9467318 0.06797552 0.9180024 0.06957155 0.9211946 0.06957155 0.9180024 0.06957155 0.9403476 0.06797552 0.9435396 0.06957155 0.9435396 0.06957155 0.9148102 0.06797552 0.9180024 0.06957155 0.9180024 0.06957155 0.9371554 0.06797552 0.9403476 0.06957155 0.9403476 0.06957155 0.9595004 0.06797546 0.9595004 0.04640054 0.9626926 0.04714065 0.911618 0.06797552 0.9148102 0.06957155 0.9148102 0.06797552 0.9339632 0.06957155 0.9371554 0.06957155 0.9339632 0.06637942 0.9435396 0.06797552 0.9467318 0.06797552 0.9435396 0.06797552 0.9180024 0.06637942 0.9211946 0.06797552 0.9211946 0.06797552 0.9403476 0.06637942 0.9435396 0.06797552 0.9435396 0.06797552 0.9148102 0.06637942 0.9180024 0.06797552 0.9180024 0.06797552 0.9371554 0.06637942 0.9403476 0.06797552 0.9403476 0.06797546 0.9595004 0.06637942 0.9595004 0.04640054 0.9626926 0.04714065 0.911618 0.06637942 0.9148102 0.06797552 0.9148102 0.06797552 0.9339632 0.06637942 0.9371554 0.06797552 0.9371554 0.06797552 0.9563084 0.06637942 0.9595004 0.06797546 0.9595004 0.06637942 0.930771 0.06797552 0.9339632 0.06797552 0.930771 0.06637942 0.9531162 0.06797552 0.9563084 0.06797552 0.9531162 0.06797552 0.9275788 0.06637942 0.930771 0.06797552 0.930771 0.06637942 0.949924 0.06797552 0.9531162 0.06797552 0.949924 0.06637942 0.9243867 0.06797552 0.9275788 0.06797552 0.9243867 0.06637942 0.9467318 0.06797552 0.949924 0.06797552 0.9467318 0.06797552 0.9211946 0.06637942 0.9243867 0.06797552 0.9243867 0.06478333 0.930771 0.06637942 0.9339632 0.06637942 0.930771 0.06478333 0.9531162 0.06637942 0.9563084 0.06637942 0.9531162 0.06637942 0.9275788 0.06478333 0.930771 0.06637942 0.930771 0.06478333 0.949924 0.06637942 0.9531162 0.06637942 0.949924 0.06637942 0.9243867 0.06478333 0.9275788 0.06637942 0.9275788 0.06478333 0.9467318 0.06637942 0.949924 0.06637942 0.9467318 0.06637942 0.9211946 0.06478333 0.9243867 0.06637942 0.9243867 0.06478333 0.9435396 0.06637942 0.9467318 0.06637942 0.9435396 0.06478333 0.9180024 0.06637942 0.9211946 0.06637942 0.9180024 0.06637942 0.9403476 0.06478333 0.9435396 0.06637942 0.9435396 0.06637942 0.9148102 0.06478333 0.9180024 0.06637942 0.9180024 0.06637942 0.9371554 0.06478333 0.9403476 0.06637942 0.9403476 0.06637942 0.9595004 0.06478333 0.9595004 0.04640054 0.9626926 0.04714065 0.911618 0.06478333 0.9148102 0.06637942 0.9148102 0.06478333 0.9339632 0.06637942 0.9371554 0.06637942 0.9339632 0.06478333 0.9563084 0.06637942 0.9595004 0.06637942 0.9563084 0.06478333 0.9180024 0.06318724 0.9211946 0.06478333 0.9211946 0.06478333 0.9403476 0.06318724 0.9435396 0.06478333 0.9435396 0.06478333 0.9148102 0.06318724 0.9180024 0.06478333 0.9180024 0.06318724 0.9371554 0.06478333 0.9403476 0.06478333 0.9371554 0.06478333 0.9595004 0.06318724 0.9595004 0.04640054 0.9626926 0.04714065 0.911618 0.06318724 0.9148102 0.06478333 0.9148102 0.06478333 0.9339632 0.06318724 0.9371554 0.06478333 0.9371554 0.06318724 0.9563084 0.06478333 0.9595004 0.06478333 0.9563084 0.06318724 0.930771 0.06478333 0.9339632 0.06478333 0.930771 0.06318724 0.9531162 0.06478333 0.9563084 0.06478333 0.9531162 0.06478333 0.9275788 0.06318724 0.930771 0.06478333 0.930771 0.06318724 0.949924 0.06478333 0.9531162 0.06478333 0.949924 0.06318724 0.9243867 0.06478333 0.9275788 0.06478333 0.9243867 0.06318724 0.9467318 0.06478333 0.949924 0.06478333 0.9467318 0.06478333 0.9211946 0.06318724 0.9243867 0.06478333 0.9243867 0.06318724 0.9435396 0.06478333 0.9467318 0.06478333 0.9435396 0.06318724 0.9531162 0.06159114 0.9563084 0.06318724 0.9563084 0.06318724 0.9275788 0.06159114 0.930771 0.06318724 0.930771 0.06318724 0.949924 0.06159114 0.9531162 0.06318724 0.9531162 0.06159114 0.9243867 0.06318724 0.9275788 0.06318724 0.9243867 0.06318724 0.9467318 0.06159114 0.949924 0.06318724 0.949924 0.06318724 0.9211946 0.06159114 0.9243867 0.06318724 0.9243867 0.06159114 0.9435396 0.06318724 0.9467318 0.06318724 0.9435396 0.06318724 0.9180024 0.06159114 0.9211946 0.06318724 0.9211946 0.06318724 0.9403476 0.06159114 0.9435396 0.06318724 0.9435396 0.06159114 0.9148102 0.06318724 0.9180024 0.06318724 0.9148102 0.06318724 0.9371554 0.06159114 0.9403476 0.06318724 0.9403476 0.06318724 0.9595004 0.06159114 0.9595004 0.04640054 0.9626926 0.04714065 0.911618 0.06159114 0.9148102 0.06318724 0.9148102 0.06159114 0.9339632 0.06318724 0.9371554 0.06318724 0.9339632 0.06159114 0.9563084 0.06318724 0.9595004 0.06318724 0.9563084 0.06159114 0.930771 0.06318724 0.9339632 0.06318724 0.930771 0.06159114 0.9403476 0.05999505 0.9435396 0.06159114 0.9435396 0.06159114 0.9148102 0.05999505 0.9180024 0.06159114 0.9180024 0.05999505 0.9371554 0.06159114 0.9403476 0.06159114 0.9371554 0.06159114 0.9595004 0.05999505 0.9595004 0.04640054 0.9626926 0.04714065 0.911618 0.05999505 0.9148102 0.06159114 0.9148102 0.06159114 0.9339632 0.05999505 0.9371554 0.06159114 0.9371554 0.05999505 0.9563084 0.06159114 0.9595004 0.06159114 0.9563084 0.05999505 0.930771 0.06159114 0.9339632 0.06159114 0.930771 0.05999505 0.9531162 0.06159114 0.9563084 0.06159114 0.9531162 0.06159114 0.9275788 0.05999505 0.930771 0.06159114 0.930771 0.05999505 0.949924 0.06159114 0.9531162 0.06159114 0.949924 0.06159114 0.9243867 0.05999505 0.9275788 0.06159114 0.9275788 0.06159114 0.9467318 0.05999505 0.949924 0.06159114 0.949924 0.06159114 0.9211946 0.05999505 0.9243867 0.06159114 0.9243867 0.05999505 0.9435396 0.06159114 0.9467318 0.06159114 0.9435396 0.06159114 0.9180024 0.05999505 0.9211946 0.06159114 0.9211946 0.05999505 0.9275788 0.05839902 0.930771 0.05999505 0.930771 0.05839902 0.949924 0.05999505 0.9531162 0.05999505 0.949924 0.05839902 0.9243867 0.05999505 0.9275788 0.05999505 0.9243867 0.05999505 0.9467318 0.05839902 0.949924 0.05999505 0.949924 0.05999505 0.9211946 0.05839902 0.9243867 0.05999505 0.9243867 0.05839902 0.9435396 0.05999505 0.9467318 0.05999505 0.9435396 0.05839902 0.9180024 0.05999505 0.9211946 0.05999505 0.9180024 0.05999505 0.9403476 0.05839902 0.9435396 0.05999505 0.9435396 0.05839896 0.9148102 0.05999505 0.9180024 0.05999505 0.9148102 0.05839902 0.9371554 0.05999505 0.9403476 0.05999505 0.9371554 0.05999505 0.9595004 0.05839902 0.9595004 0.04640054 0.9626926 0.04714065 0.911618 0.05839896 0.9148102 0.05999505 0.9148102 0.05999505 0.9339632 0.05839902 0.9371554 0.05999505 0.9371554 0.05839902 0.9563084 0.05999505 0.9595004 0.05999505 0.9563084 0.05839902 0.930771 0.05999505 0.9339632 0.05999505 0.930771 0.05839902 0.9531162 0.05999505 0.9563084 0.05999505 0.9531162 0.05680292 0.9148102 0.05839902 0.9180024 0.05839896 0.9148102 0.05680292 0.9371554 0.05839902 0.9403476 0.05839902 0.9371554 0.05839902 0.9595004 0.05680292 0.9595004 0.04640054 0.9626926 0.04714065 0.911618 0.05680292 0.9148102 0.05839896 0.9148102 0.05839902 0.9339632 0.05680292 0.9371554 0.05839902 0.9371554 0.05839902 0.9563084 0.05680292 0.9595004 0.05839902 0.9595004 0.05680292 0.930771 0.05839902 0.9339632 0.05839902 0.930771 0.05680292 0.9531162 0.05839902 0.9563084 0.05839902 0.9531162 0.05839902 0.9275788 0.05680292 0.930771 0.05839902 0.930771 0.05680292 0.949924 0.05839902 0.9531162 0.05839902 0.949924 0.05680292 0.9243867 0.05839902 0.9275788 0.05839902 0.9243867 0.05839902 0.9467318 0.05680292 0.949924 0.05839902 0.949924 0.05839902 0.9211946 0.05680292 0.9243867 0.05839902 0.9243867 0.05680292 0.9435396 0.05839902 0.9467318 0.05839902 0.9435396 0.05680292 0.9180024 0.05839902 0.9211946 0.05839902 0.9180024 0.05839902 0.9403476 0.05680292 0.9435396 0.05839902 0.9435396 0.05520683 0.9243867 0.05680292 0.9275788 0.05680292 0.9243867 0.05520683 0.9467318 0.05680292 0.949924 0.05680292 0.9467318 0.05680292 0.9211946 0.05520683 0.9243867 0.05680292 0.9243867 0.05520683 0.9435396 0.05680292 0.9467318 0.05680292 0.9435396 0.05520683 0.9180024 0.05680292 0.9211946 0.05680292 0.9180024 0.05680292 0.9403476 0.05520683 0.9435396 0.05680292 0.9435396 0.05520683 0.9148102 0.05680292 0.9180024 0.05680292 0.9148102 0.05680292 0.9371554 0.05520683 0.9403476 0.05680292 0.9403476 0.05680292 0.9595004 0.05520683 0.9595004 0.04640054 0.9626926 0.04714065 0.911618 0.05520683 0.9148102 0.05680292 0.9148102 0.05520683 0.9339632 0.05680292 0.9371554 0.05680292 0.9339632 0.05520683 0.9563084 0.05680292 0.9595004 0.05680292 0.9563084 0.05520683 0.930771 0.05680292 0.9339632 0.05680292 0.930771 0.05520683 0.9531162 0.05680292 0.9563084 0.05680292 0.9531162 0.05680292 0.9275788 0.05520683 0.930771 0.05680292 0.930771 0.05520683 0.949924 0.05680292 0.9531162 0.05680292 0.949924 0.05520683 0.9595004 0.05361074 0.9595004 0.04640054 0.9626926 0.04714065 0.911618 0.05361074 0.9148102 0.05520683 0.9148102 0.05361074 0.9339632 0.05520683 0.9371554 0.05520683 0.9339632 0.05361074 0.9563084 0.05520683 0.9595004 0.05520683 0.9563084 0.05361074 0.930771 0.05520683 0.9339632 0.05520683 0.930771 0.05520683 0.9531162 0.05361074 0.9563084 0.05520683 0.9563084 0.05520683 0.9275788 0.05361074 0.930771 0.05520683 0.930771 0.05361074 0.949924 0.05520683 0.9531162 0.05520683 0.949924 0.05361074 0.9243867 0.05520683 0.9275788 0.05520683 0.9243867 0.05520683 0.9467318 0.05361074 0.949924 0.05520683 0.949924 0.05520683 0.9211946 0.05361074 0.9243867 0.05520683 0.9243867 0.05361074 0.9435396 0.05520683 0.9467318 0.05520683 0.9435396 0.05520683 0.9180024 0.05361074 0.9211946 0.05520683 0.9211946 0.05520683 0.9403476 0.05361074 0.9435396 0.05520683 0.9435396 0.05520683 0.9148102 0.05361074 0.9180024 0.05520683 0.9180024 0.05361074 0.9371554 0.05520683 0.9403476 0.05520683 0.9371554 0.05361074 0.9467318 0.05201464 0.949924 0.05361074 0.949924 0.05361074 0.9211946 0.05201464 0.9243867 0.05361074 0.9243867 0.05201464 0.9435396 0.05361074 0.9467318 0.05361074 0.9435396 0.05361074 0.9180024 0.05201464 0.9211946 0.05361074 0.9211946 0.05361074 0.9403476 0.05201464 0.9435396 0.05361074 0.9435396 0.05201464 0.9148102 0.05361074 0.9180024 0.05361074 0.9148102 0.05201464 0.9371554 0.05361074 0.9403476 0.05361074 0.9371554 0.05361074 0.9595004 0.05201464 0.9595004 0.04640054 0.9626926 0.04714065 0.911618 0.05201464 0.9148102 0.05361074 0.9148102 0.05361074 0.9339632 0.05201464 0.9371554 0.05361074 0.9371554 0.05201464 0.9563084 0.05361074 0.9595004 0.05361074 0.9563084 0.05201464 0.930771 0.05361074 0.9339632 0.05361074 0.930771 0.05201464 0.9531162 0.05361074 0.9563084 0.05361074 0.9531162 0.05361074 0.9275788 0.05201464 0.930771 0.05361074 0.930771 0.05361074 0.949924 0.05201464 0.9531162 0.05361074 0.9531162 0.05361074 0.9243867 0.05201464 0.9275788 0.05361074 0.9275788 0.05041861 0.9339632 0.05201464 0.9371554 0.05201464 0.9339632 0.05201464 0.9563084 0.05041861 0.9595004 0.05201464 0.9595004 0.05041861 0.930771 0.05201464 0.9339632 0.05201464 0.930771 0.05201464 0.9531162 0.05041861 0.9563084 0.05201464 0.9563084 0.05201464 0.9275788 0.05041861 0.930771 0.05201464 0.930771 0.05201464 0.949924 0.05041861 0.9531162 0.05201464 0.9531162 0.05201464 0.9243867 0.05041861 0.9275788 0.05201464 0.9275788 0.05041861 0.9467318 0.05201464 0.949924 0.05201464 0.9467318 0.05041861 0.9211946 0.05201464 0.9243867 0.05201464 0.9211946 0.05041861 0.9435396 0.05201464 0.9467318 0.05201464 0.9435396 0.05041861 0.9180024 0.05201464 0.9211946 0.05201464 0.9180024 0.05201464 0.9403476 0.05041861 0.9435396 0.05201464 0.9435396 0.05201464 0.9148102 0.05041861 0.9180024 0.05201464 0.9180024 0.05201464 0.9371554 0.05041861 0.9403476 0.05201464 0.9403476 0.05201464 0.9595004 0.05041861 0.9595004 0.04640054 0.9626926 0.04714065 0.911618 0.05041861 0.9148102 0.05201464 0.9148102 0.05041861 0.9211946 0.04882252 0.9243867 0.05041861 0.9243867 0.04882252 0.9435396 0.05041861 0.9467318 0.05041861 0.9435396 0.04882252 0.9180024 0.05041861 0.9211946 0.05041861 0.9180024 0.05041861 0.9403476 0.04882252 0.9435396 0.05041861 0.9435396 0.05041861 0.9148102 0.04882252 0.9180024 0.05041861 0.9180024 0.04882252 0.9371554 0.05041861 0.9403476 0.05041861 0.9371554 0.05041861 0.9595004 0.04882252 0.9595004 0.04640054 0.9626926 0.04714065 0.911618 0.04882252 0.9148102 0.05041861 0.9148102 0.04882252 0.9339632 0.05041861 0.9371554 0.05041861 0.9339632 0.04882252 0.9563084 0.05041861 0.9595004 0.05041861 0.9563084 0.04882252 0.930771 0.05041861 0.9339632 0.05041861 0.930771 0.04882252 0.9531162 0.05041861 0.9563084 0.05041861 0.9531162 0.05041861 0.9275788 0.04882252 0.930771 0.05041861 0.930771 0.05041861 0.949924 0.04882252 0.9531162 0.05041861 0.9531162 0.04882252 0.9243867 0.05041861 0.9275788 0.05041861 0.9243867 0.05041861 0.9467318 0.04882252 0.949924 0.05041861 0.949924 0.04722642 0.9563084 0.04882252 0.9595004 0.04882252 0.9563084 0.04722642 0.930771 0.04882252 0.9339632 0.04882252 0.930771 0.04882252 0.9531162 0.04722642 0.9563084 0.04882252 0.9563084 0.04882252 0.9275788 0.04722642 0.930771 0.04882252 0.930771 0.04722642 0.949924 0.04882252 0.9531162 0.04882252 0.949924 0.04722642 0.9243867 0.04882252 0.9275788 0.04882252 0.9243867 0.04722642 0.9467318 0.04882252 0.949924 0.04882252 0.9467318 0.04882252 0.9211946 0.04722642 0.9243867 0.04882252 0.9243867 0.04722642 0.9435396 0.04882252 0.9467318 0.04882252 0.9435396 0.04882252 0.9180024 0.04722642 0.9211946 0.04882252 0.9211946 0.04882252 0.9403476 0.04722642 0.9435396 0.04882252 0.9435396 0.04722642 0.9148102 0.04882252 0.9180024 0.04882252 0.9148102 0.04882252 0.9371554 0.04722642 0.9403476 0.04882252 0.9403476 0.04882252 0.9595004 0.04722642 0.9595004 0.04640054 0.9626926 0.04714065 0.911618 0.04722642 0.9148102 0.04882252 0.9148102 0.04722642 0.9339632 0.04882252 0.9371554 0.04882252 0.9339632 0.04563033 0.9435396 0.04722642 0.9467318 0.04722642 0.9435396 0.04722642 0.9180024 0.04563033 0.9211946 0.04722642 0.9211946 0.04722642 0.9403476 0.04563033 0.9435396 0.04722642 0.9435396 0.04722642 0.9148102 0.04563033 0.9180024 0.04722642 0.9180024 0.04563033 0.9371554 0.04722642 0.9403476 0.04722642 0.9371554 0.04722642 0.9595004 0.04563033 0.9595004 0.04640054 0.9626926 0.04714065 0.911618 0.04563033 0.9148102 0.04722642 0.9148102 0.04563033 0.9339632 0.04722642 0.9371554 0.04722642 0.9339632 0.04563033 0.9563084 0.04722642 0.9595004 0.04722642 0.9563084 0.04563033 0.930771 0.04722642 0.9339632 0.04722642 0.930771 0.04563033 0.9531162 0.04722642 0.9563084 0.04722642 0.9531162 0.04722642 0.9275788 0.04563033 0.930771 0.04722642 0.930771 0.04722642 0.949924 0.04563033 0.9531162 0.04722642 0.9531162 0.04563033 0.9243867 0.04722642 0.9275788 0.04722642 0.9243867 0.04722642 0.9467318 0.04563033 0.949924 0.04722642 0.949924 0.04563033 0.9211946 0.04722642 0.9243867 0.04722642 0.9211946 0.04403424 0.930771 0.04563033 0.9339632 0.04563033 0.930771 0.04403424 0.9531162 0.04563033 0.9563084 0.04563033 0.9531162 0.04563033 0.9275788 0.04403424 0.930771 0.04563033 0.930771 0.04563033 0.949924 0.04403424 0.9531162 0.04563033 0.9531162 0.04403424 0.9243867 0.04563033 0.9275788 0.04563033 0.9243867 0.04403424 0.9467318 0.04563033 0.949924 0.04563033 0.9467318 0.04563033 0.9211946 0.04403424 0.9243867 0.04563033 0.9243867 0.04403424 0.9435396 0.04563033 0.9467318 0.04563033 0.9435396 0.04563033 0.9180024 0.04403424 0.9211946 0.04563033 0.9211946 0.04563033 0.9403476 0.04403424 0.9435396 0.04563033 0.9435396 0.04563033 0.9148102 0.04403424 0.9180024 0.04563033 0.9180024 0.04563033 0.9371554 0.04403424 0.9403476 0.04563033 0.9403476 0.04563033 0.9595004 0.0440343 0.9595004 0.04640054 0.9626926 0.04714065 0.911618 0.04403424 0.9148102 0.04563033 0.9148102 0.04403424 0.9339632 0.04563033 0.9371554 0.04563033 0.9339632 0.04403424 0.9563084 0.04563033 0.9595004 0.04563033 0.9563084 0.0424382 0.9180024 0.04403424 0.9211946 0.04403424 0.9180024 0.04403424 0.9403476 0.0424382 0.9435396 0.04403424 0.9435396 0.0424382 0.9148102 0.04403424 0.9180024 0.04403424 0.9148102 0.04403424 0.9371554 0.0424382 0.9403476 0.04403424 0.9403476 0.0440343 0.9595004 0.0424382 0.9595004 0.04640054 0.9626926 0.04714065 0.911618 0.0424382 0.9148102 0.04403424 0.9148102 0.0424382 0.9339632 0.04403424 0.9371554 0.04403424 0.9339632 0.0424382 0.9563084 0.0440343 0.9595004 0.04403424 0.9563084 0.0424382 0.930771 0.04403424 0.9339632 0.04403424 0.930771 0.0424382 0.9531162 0.04403424 0.9563084 0.04403424 0.9531162 0.04403424 0.9275788 0.0424382 0.930771 0.04403424 0.930771 0.04403424 0.949924 0.0424382 0.9531162 0.04403424 0.9531162 0.0424382 0.9243867 0.04403424 0.9275788 0.04403424 0.9243867 0.04403424 0.9467318 0.0424382 0.949924 0.04403424 0.949924 0.0424382 0.9211946 0.04403424 0.9243867 0.04403424 0.9211946 0.0424382 0.9435396 0.04403424 0.9467318 0.04403424 0.9435396 0.0424382 0.9275788 0.04084211 0.930771 0.0424382 0.930771 0.04084211 0.949924 0.0424382 0.9531162 0.0424382 0.949924 0.04084211 0.9243867 0.0424382 0.9275788 0.0424382 0.9243867 0.0424382 0.9467318 0.04084211 0.949924 0.0424382 0.949924 0.0424382 0.9211946 0.04084211 0.9243867 0.0424382 0.9243867 0.04084211 0.9435396 0.0424382 0.9467318 0.0424382 0.9435396 0.0424382 0.9180024 0.04084211 0.9211946 0.0424382 0.9211946 0.0424382 0.9403476 0.04084211 0.9435396 0.0424382 0.9435396 0.04084211 0.9148102 0.0424382 0.9180024 0.0424382 0.9148102 0.04084211 0.9371554 0.0424382 0.9403476 0.0424382 0.9371554 0.0424382 0.9595004 0.04084211 0.9595004 0.04640054 0.9626926 0.04714065 0.911618 0.04084211 0.9148102 0.0424382 0.9148102 0.0424382 0.9339632 0.04084211 0.9371554 0.0424382 0.9371554 0.04084211 0.9563084 0.0424382 0.9595004 0.0424382 0.9563084 0.04084211 0.930771 0.0424382 0.9339632 0.0424382 0.930771 0.04084211 0.9531162 0.0424382 0.9563084 0.0424382 0.9531162 0.04084211 0.9148102 0.03924602 0.9180024 0.04084211 0.9180024 0.03924602 0.9371554 0.04084211 0.9403476 0.04084211 0.9371554 0.04084211 0.9595004 0.03924602 0.9595004 0.04640054 0.9626926 0.04714065 0.911618 0.03924602 0.9148102 0.04084211 0.9148102 0.04084211 0.9339632 0.03924602 0.9371554 0.04084211 0.9371554 0.03924602 0.9563084 0.04084211 0.9595004 0.04084211 0.9563084 0.03924602 0.930771 0.04084211 0.9339632 0.04084211 0.930771 0.03924602 0.9531162 0.04084211 0.9563084 0.04084211 0.9531162 0.04084211 0.9275788 0.03924602 0.930771 0.04084211 0.930771 0.04084211 0.949924 0.03924602 0.9531162 0.04084211 0.9531162 0.04084211 0.9243867 0.03924602 0.9275788 0.04084211 0.9275788 0.03924602 0.9467318 0.04084211 0.949924 0.04084211 0.9467318 0.04084211 0.9211946 0.03924602 0.9243867 0.04084211 0.9243867 0.03924602 0.9435396 0.04084211 0.9467318 0.04084211 0.9435396 0.04084211 0.9180024 0.03924602 0.9211946 0.04084211 0.9211946 0.04084211 0.9403476 0.03924602 0.9435396 0.04084211 0.9435396 0.03924602 0.949924 0.03764992 0.9531162 0.03924602 0.9531162 0.03764992 0.9243867 0.03924602 0.9275788 0.03924602 0.9243867 0.03764992 0.9467318 0.03924602 0.949924 0.03924602 0.9467318 0.03924602 0.9211946 0.03764992 0.9243867 0.03924602 0.9243867 0.03764992 0.9435396 0.03924602 0.9467318 0.03924602 0.9435396 0.03924602 0.9180024 0.03764992 0.9211946 0.03924602 0.9211946 0.03924602 0.9403476 0.03764992 0.9435396 0.03924602 0.9435396 0.03924602 0.9148102 0.03764992 0.9180024 0.03924602 0.9180024 0.03764992 0.9371554 0.03924602 0.9403476 0.03924602 0.9371554 0.03924602 0.9595004 0.03764992 0.9595004 0.04640054 0.9626926 0.04714065 0.911618 0.03764992 0.9148102 0.03924602 0.9148102 0.03924602 0.9339632 0.03764992 0.9371554 0.03924602 0.9371554 0.03924602 0.9563084 0.03764992 0.9595004 0.03924602 0.9595004 0.03764992 0.930771 0.03924602 0.9339632 0.03924602 0.930771 0.03764992 0.9531162 0.03924602 0.9563084 0.03924602 0.9531162 0.03924602 0.9275788 0.03764992 0.930771 0.03924602 0.930771 0.03605383 0.9371554 0.03764992 0.9403476 0.03764992 0.9371554 0.03764992 0.9595004 0.03605383 0.9595004 0.04640054 0.9626926 0.04714065 0.911618 0.03605389 0.9148102 0.03764992 0.9148102 0.03764992 0.9339632 0.03605383 0.9371554 0.03764992 0.9371554 0.03605383 0.9563084 0.03764992 0.9595004 0.03764992 0.9563084 0.03605383 0.930771 0.03764992 0.9339632 0.03764992 0.930771 0.03605383 0.9531162 0.03764992 0.9563084 0.03764992 0.9531162 0.03764992 0.9275788 0.03605383 0.930771 0.03764992 0.930771 0.03605383 0.949924 0.03764992 0.9531162 0.03764992 0.949924 0.03605383 0.9243867 0.03764992 0.9275788 0.03764992 0.9243867 0.03764992 0.9467318 0.03605383 0.949924 0.03764992 0.949924 0.03605383 0.9211946 0.03764992 0.9243867 0.03764992 0.9211946 0.03605383 0.9435396 0.03764992 0.9467318 0.03764992 0.9435396 0.03764992 0.9180024 0.03605383 0.9211946 0.03764992 0.9211946 0.03764992 0.9403476 0.03605383 0.9435396 0.03764992 0.9435396 0.03605389 0.9148102 0.03764992 0.9180024 0.03764992 0.9148102 0.0344578 0.9243867 0.03605383 0.9275788 0.03605383 0.9243867 0.0344578 0.9467318 0.03605383 0.949924 0.03605383 0.9467318 0.0344578 0.9211946 0.03605383 0.9243867 0.03605383 0.9211946 0.0344578 0.9435396 0.03605383 0.9467318 0.03605383 0.9435396 0.03605383 0.9180024 0.0344578 0.9211946 0.03605383 0.9211946 0.03605383 0.9403476 0.0344578 0.9435396 0.03605383 0.9435396 0.03605389 0.9148102 0.0344578 0.9180024 0.03605383 0.9180024 0.0344578 0.9371554 0.03605383 0.9403476 0.03605383 0.9371554 0.03605383 0.9595004 0.0344578 0.9595004 0.04640054 0.9626926 0.04714065 0.911618 0.0344578 0.9148102 0.03605389 0.9148102 0.03605383 0.9339632 0.0344578 0.9371554 0.03605383 0.9371554 0.03605383 0.9563084 0.0344578 0.9595004 0.03605383 0.9595004 0.0344578 0.930771 0.03605383 0.9339632 0.03605383 0.930771 0.0344578 0.9531162 0.03605383 0.9563084 0.03605383 0.9531162 0.03605383 0.9275788 0.0344578 0.930771 0.03605383 0.930771 0.03605383 0.949924 0.0344578 0.9531162 0.03605383 0.9531162 0.0344578 0.9595004 0.0328617 0.9595004 0.04640054 0.9626926 0.04714065 0.911618 0.0328617 0.9148102 0.0344578 0.9148102 0.0344578 0.9339632 0.0328617 0.9371554 0.0344578 0.9371554 0.0344578 0.9563084 0.0328617 0.9595004 0.0344578 0.9595004 0.0328617 0.930771 0.0344578 0.9339632 0.0344578 0.930771 0.0344578 0.9531162 0.0328617 0.9563084 0.0344578 0.9563084 0.0344578 0.9275788 0.0328617 0.930771 0.0344578 0.930771 0.0344578 0.949924 0.0328617 0.9531162 0.0344578 0.9531162 0.0328617 0.9243867 0.0344578 0.9275788 0.0344578 0.9243867 0.0344578 0.9467318 0.0328617 0.949924 0.0344578 0.949924 0.0344578 0.9211946 0.0328617 0.9243867 0.0344578 0.9243867 0.0328617 0.9435396 0.0344578 0.9467318 0.0344578 0.9435396 0.0344578 0.9180024 0.0328617 0.9211946 0.0344578 0.9211946 0.0344578 0.9403476 0.0328617 0.9435396 0.0344578 0.9435396 0.0328617 0.9148102 0.0344578 0.9180024 0.0344578 0.9148102 0.0344578 0.9371554 0.0328617 0.9403476 0.0344578 0.9403476 0.0328617 0.9467318 0.03126561 0.949924 0.0328617 0.949924 0.03126561 0.9211946 0.0328617 0.9243867 0.0328617 0.9211946 0.03126561 0.9435396 0.0328617 0.9467318 0.0328617 0.9435396 0.0328617 0.9180024 0.03126561 0.9211946 0.0328617 0.9211946 0.0328617 0.9403476 0.03126561 0.9435396 0.0328617 0.9435396 0.03126561 0.9148102 0.0328617 0.9180024 0.0328617 0.9148102 0.03126561 0.9371554 0.0328617 0.9403476 0.0328617 0.9371554 0.0328617 0.9595004 0.03126561 0.9595004 0.04640054 0.9626926 0.04714065 0.911618 0.03126561 0.9148102 0.0328617 0.9148102 0.03126561 0.9339632 0.0328617 0.9371554 0.0328617 0.9339632 0.03126561 0.9563084 0.0328617 0.9595004 0.0328617 0.9563084 0.03126561 0.930771 0.0328617 0.9339632 0.0328617 0.930771 0.03126561 0.9531162 0.0328617 0.9563084 0.0328617 0.9531162 0.0328617 0.9275788 0.03126561 0.930771 0.0328617 0.930771 0.0328617 0.949924 0.03126561 0.9531162 0.0328617 0.9531162 0.03126561 0.9243867 0.0328617 0.9275788 0.0328617 0.9243867 0.02966952 0.9339632 0.03126561 0.9371554 0.03126561 0.9339632 0.03126561 0.9563084 0.02966952 0.9595004 0.03126561 0.9595004 0.02966952 0.930771 0.03126561 0.9339632 0.03126561 0.930771 0.03126561 0.9531162 0.02966952 0.9563084 0.03126561 0.9563084 0.03126561 0.9275788 0.02966952 0.930771 0.03126561 0.930771 0.02966952 0.949924 0.03126561 0.9531162 0.03126561 0.949924 0.02966952 0.9243867 0.03126561 0.9275788 0.03126561 0.9243867 0.03126561 0.9467318 0.02966952 0.949924 0.03126561 0.949924 0.03126561 0.9211946 0.02966952 0.9243867 0.03126561 0.9243867 0.02966952 0.9435396 0.03126561 0.9467318 0.03126561 0.9435396 0.02966952 0.9180024 0.03126561 0.9211946 0.03126561 0.9180024 0.03126561 0.9403476 0.02966952 0.9435396 0.03126561 0.9435396 0.02966952 0.9148102 0.03126561 0.9180024 0.03126561 0.9148102 0.03126561 0.9371554 0.02966952 0.9403476 0.03126561 0.9403476 0.03126561 0.9595004 0.02966952 0.9595004 0.04640054 0.9626926 0.04714065 0.911618 0.02966952 0.9148102 0.03126561 0.9148102 0.02807343 0.9211945 0.02966952 0.9243867 0.02966952 0.9211945 0.02807343 0.9435396 0.02966952 0.9467318 0.02966952 0.9435396 0.02807343 0.9180024 0.02966952 0.9211945 0.02966952 0.9180024 0.02966952 0.9403476 0.02807343 0.9435396 0.02966952 0.9435396 0.02807343 0.9148102 0.02966952 0.9180024 0.02966952 0.9148102 0.02966952 0.9371554 0.02807343 0.9403476 0.02966952 0.9403476 0.02966952 0.9595004 0.02807343 0.9595004 0.04640054 0.9626926 0.04714065 0.911618 0.02807343 0.9148102 0.02966952 0.9148102 0.02807343 0.9339632 0.02966952 0.9371554 0.02966952 0.9339632 0.02966952 0.9563084 0.02807343 0.9595004 0.02966952 0.9595004 0.02807343 0.930771 0.02966952 0.9339632 0.02966952 0.930771 0.02807343 0.9531162 0.02966952 0.9563084 0.02966952 0.9531162 0.02966952 0.9275788 0.02807343 0.930771 0.02966952 0.930771 0.02966952 0.949924 0.02807343 0.9531162 0.02966952 0.9531162 0.02807343 0.9243867 0.02966952 0.9275788 0.02966952 0.9243867 0.02966952 0.9467318 0.02807343 0.949924 0.02966952 0.949924 0.02647733 0.930771 0.02807343 0.9339632 0.02807343 0.930771 0.02807343 0.9531162 0.02647733 0.9563084 0.02807343 0.9563084 0.02807343 0.9275788 0.02647733 0.930771 0.02807343 0.930771 0.02807343 0.949924 0.02647733 0.9531162 0.02807343 0.9531162 0.02647733 0.9243867 0.02807343 0.9275788 0.02807343 0.9243867 0.02807343 0.9467318 0.02647733 0.949924 0.02807343 0.949924 0.02647733 0.9211945 0.02807343 0.9243867 0.02807343 0.9211945 0.02647733 0.9435396 0.02807343 0.9467318 0.02807343 0.9435396 0.02647733 0.9180024 0.02807343 0.9211945 0.02807343 0.9180024 0.02807343 0.9403476 0.02647733 0.9435396 0.02807343 0.9435396 0.02647739 0.9148102 0.02807343 0.9180024 0.02807343 0.9148102 0.02647733 0.9371554 0.02807343 0.9403476 0.02807343 0.9371554 0.02807343 0.9595004 0.02647733 0.9595004 0.04640054 0.9626926 0.04714065 0.911618 0.02647739 0.9148102 0.02807343 0.9148102 0.02647733 0.9339632 0.02807343 0.9371554 0.02807343 0.9339632 0.02807343 0.9563084 0.02647733 0.9595004 0.02807343 0.9595004 0.02647733 0.9180024 0.0248813 0.9211945 0.02647733 0.9211945 0.02647733 0.9403476 0.0248813 0.9435396 0.02647733 0.9435396 0.0248813 0.9148102 0.02647733 0.9180024 0.02647739 0.9148102 0.02488136 0.9371554 0.02647733 0.9403476 0.02647733 0.9371554 0.02647733 0.9595004 0.0248813 0.9595004 0.04640054 0.9626926 0.04714065 0.911618 0.0248813 0.9148102 0.02647739 0.9148102 0.02647733 0.9339632 0.02488136 0.9371554 0.02647733 0.9371554 0.02488136 0.9563084 0.02647733 0.9595004 0.02647733 0.9563084 0.0248813 0.930771 0.02647733 0.9339632 0.02647733 0.930771 0.02488136 0.9531162 0.02647733 0.9563084 0.02647733 0.9531162 0.02647733 0.9275788 0.0248813 0.930771 0.02647733 0.930771 0.02647733 0.949924 0.02488136 0.9531162 0.02647733 0.9531162 0.0248813 0.9243867 0.02647733 0.9275788 0.02647733 0.9243867 0.02647733 0.9467318 0.02488136 0.949924 0.02647733 0.949924 0.02647733 0.9211945 0.0248813 0.9243867 0.02647733 0.9243867 0.0248813 0.9435396 0.02647733 0.9467318 0.02647733 0.9435396 0.02488136 0.9531162 0.02328521 0.9563084 0.02488136 0.9563084 0.02488136 0.9275788 0.02328521 0.930771 0.0248813 0.930771 0.02488136 0.949924 0.02328521 0.9531162 0.02488136 0.9531162 0.02328521 0.9243867 0.02488136 0.9275788 0.0248813 0.9243867 0.02488136 0.9467318 0.02328521 0.949924 0.02488136 0.949924 0.02328515 0.9211946 0.0248813 0.9243867 0.0248813 0.9211945 0.0248813 0.9435396 0.02328521 0.9467318 0.02488136 0.9467318 0.02328521 0.9180024 0.0248813 0.9211945 0.0248813 0.9180024 0.02488136 0.9403476 0.02328521 0.9435396 0.0248813 0.9435396 0.02328526 0.9148102 0.0248813 0.9180024 0.0248813 0.9148102 0.02488136 0.9371554 0.02328521 0.9403476 0.02488136 0.9403476 0.07595592 0.9595004 0.07435983 0.9595004 0.09747517 0.9626926 0.04714065 0.911618 0.02328526 0.9148102 0.0248813 0.9148102 0.02328521 0.9339632 0.02488136 0.9371554 0.02488136 0.9339632 0.07595592 0.9563084 0.07435983 0.9595004 0.07595592 0.9595004 0.02328521 0.930771 0.02488136 0.9339632 0.0248813 0.930771 0.9285154 0.9269136 0.9345868 0.9276344 0.930468 0.9298359 0.9260302 0.9244284 0.9321255 0.9239508 0.9285154 0.9269136 0.9253094 0.918357 0.9260302 0.9244284 0.923108 0.9224757 0.9198609 0.9211308 0.9253094 0.918357 0.923108 0.9224757 0.9168715 0.9157974 0.9198609 0.9211308 0.9164139 0.920445 0.9124414 0.9157974 0.9164139 0.920445 0.9128992 0.920445 0.9094521 0.9211308 0.9124414 0.9157974 0.9128992 0.920445 0.9062051 0.9224757 0.9080964 0.9166616 0.9094521 0.9211308 0.9003201 0.9208183 0.9062051 0.9224757 0.9032828 0.9244284 0.8971875 0.9239508 0.9032828 0.9244284 0.9007976 0.9269136 0.898845 0.9298358 0.8971875 0.9239508 0.9007976 0.9269136 0.8974999 0.9330829 0.8947263 0.9276344 0.898845 0.9298358 0.8968143 0.9365301 0.8930308 0.9317272 0.8974999 0.9330829 0.8968143 0.9400446 0.8921666 0.9360722 0.8968143 0.9365301 0.8974999 0.9434916 0.8921666 0.9405024 0.8968143 0.9400446 0.8947263 0.9489402 0.8974999 0.9434916 0.898845 0.9467386 0.8971875 0.9526237 0.898845 0.9467386 0.9007976 0.949661 0.9032827 0.9521461 0.8971875 0.9526237 0.9007976 0.949661 0.9040035 0.9582175 0.9032827 0.9521461 0.9062051 0.9540988 0.909452 0.9554437 0.9040035 0.9582175 0.9062051 0.9540988 0.9124413 0.9607771 0.909452 0.9554437 0.9128992 0.9561294 0.9164139 0.9561294 0.9124413 0.9607771 0.9128992 0.9561294 0.9212166 0.9599129 0.9164139 0.9561294 0.9198609 0.9554437 0.923108 0.9540988 0.9212166 0.9599129 0.9198609 0.9554437 0.9260302 0.9521461 0.9253094 0.9582175 0.923108 0.9540988 0.9321255 0.9526237 0.9260302 0.9521461 0.9285154 0.949661 0.9345868 0.9489402 0.9285154 0.949661 0.930468 0.9467386 0.931813 0.9434916 0.9345868 0.9489402 0.930468 0.9467386 0.9324986 0.9400446 0.936282 0.9448472 0.931813 0.9434916 0.9371463 0.9360722 0.9324986 0.9400446 0.9324986 0.9365299 0.936282 0.9317272 0.9324986 0.9365299 0.931813 0.9330829 0.930468 0.9298359 0.936282 0.9317272 0.931813 0.9330829 0.9710279 0.9521461 0.9771233 0.9526237 0.9739907 0.9557562 0.9681057 0.9540988 0.9739907 0.9557562 0.9703072 0.9582175 0.9681057 0.9540988 0.9662143 0.9599129 0.9648586 0.9554437 0.9614115 0.9561294 0.9662143 0.9599129 0.9618692 0.9607771 0.9614115 0.9561294 0.957439 0.9607771 0.9578969 0.9561294 0.9578969 0.9561294 0.9530941 0.9599129 0.9544498 0.9554437 0.9512028 0.9540988 0.9530941 0.9599129 0.9490012 0.9582175 0.9482805 0.9521461 0.9490012 0.9582175 0.9453178 0.9557562 0.9482805 0.9521461 0.9421852 0.9526237 0.9457952 0.949661 0.9457952 0.949661 0.939724 0.9489402 0.9438427 0.9467386 0.9424976 0.9434916 0.939724 0.9489402 0.9380285 0.9448472 0.9418121 0.9400446 0.9380285 0.9448472 0.9371643 0.9405024 0.9418121 0.9365299 0.9371643 0.9405024 0.9371643 0.9360722 0.9424976 0.9330829 0.9371643 0.9360722 0.9380287 0.9317272 0.9438427 0.9298358 0.9380287 0.9317272 0.939724 0.9276344 0.9438427 0.9298358 0.9421852 0.9239508 0.9457952 0.9269136 0.9457952 0.9269136 0.9453178 0.9208183 0.9482805 0.9244283 0.9512028 0.9224757 0.9453178 0.9208183 0.9490012 0.918357 0.9512028 0.9224757 0.9530941 0.9166616 0.9544498 0.9211308 0.9578969 0.920445 0.9530941 0.9166616 0.957439 0.9157974 0.9578969 0.920445 0.9618692 0.9157974 0.9614115 0.920445 0.9648586 0.9211308 0.9618692 0.9157974 0.9662143 0.9166616 0.9648586 0.9211308 0.9703072 0.918357 0.9681057 0.9224757 0.9710279 0.9244284 0.9703072 0.918357 0.9739907 0.9208183 0.9735132 0.9269136 0.9739907 0.9208183 0.9771233 0.9239508 0.9735132 0.9269136 0.9795845 0.9276344 0.9754657 0.9298358 0.9754657 0.9298358 0.9812797 0.9317272 0.9768106 0.9330829 0.9774963 0.9365299 0.9812797 0.9317272 0.9821441 0.9360722 0.9774963 0.9400446 0.9821441 0.9360722 0.9821441 0.9405024 0.9774963 0.9400446 0.9812797 0.9448473 0.9768106 0.9434916 0.9768106 0.9434916 0.9795845 0.9489402 0.9754657 0.9467387 0.9735132 0.949661 0.9795845 0.9489402 0.9771233 0.9526237 0.9390453 0.07067567 0.93676 0.06610512 0.9390453 0.06610512 0.9390453 0.09809899 0.93676 0.1026696 0.93676 0.09809899 0.9817879 0.7908775 0.6889995 0.5034223 0.9546837 0.4662334 0.9390453 0.09352844 0.93676 0.09809899 0.93676 0.09352844 0.9546837 0.4662334 0.662207 0.1464852 0.8912839 0.1250283 0.6321262 0.6661452 0.502649 0.7906737 0.5083825 0.6592646 0.9390453 0.05696398 0.93676 0.05239343 0.9390453 0.05239343 0.6321262 0.6661452 0.5147652 0.5068354 0.6551641 0.5191489 0.9390453 0.05239343 0.93676 0.04782289 0.9390453 0.04782283 0.6551641 0.5191489 0.5210427 0.3509751 0.6691221 0.3688348 0.9390453 0.04782283 0.93676 0.04325228 0.9390453 0.04325228 0.6725043 0.2328156 0.5210427 0.3509751 0.5264447 0.2108696 0.4968525 0.4533672 0.505679 0.1197865 0.5640519 0.448067 0.9732016 0.03868174 0.9390453 0.04325228 0.93676 0.04325228 0.9390453 0.07524621 0.93676 0.07067567 0.9390453 0.07067567 0.4895622 0.7919233 0.5640519 0.448067 0.6199471 0.7835614 0.9732016 0.03868174 0.93676 0.04325228 0.9344747 0.04325228 0.93676 0.07067567 0.9344747 0.07524621 0.9344747 0.07067567 0.5640519 0.448067 0.746918 0.7500156 0.6199471 0.7835614 0.93676 0.07067567 0.9344747 0.06610512 0.93676 0.06610512 0.93676 0.09809899 0.9344747 0.1026696 0.9344747 0.09809899 0.6889995 0.5034223 0.3766752 0.8542813 0.3931377 0.5065475 0.93676 0.09809899 0.9344747 0.09352844 0.93676 0.09352844 0.662207 0.1464852 0.3931377 0.5065475 0.4095304 0.1429405 0.502649 0.7906737 0.3804285 0.6582708 0.5083825 0.6592646 0.93676 0.05696398 0.9344747 0.05239343 0.93676 0.05239343 0.5147652 0.5068354 0.3804285 0.6582708 0.3688157 0.5050494 0.93676 0.05239343 0.9344747 0.04782289 0.93676 0.04782289 0.5147652 0.5068354 0.3666326 0.3483794 0.5210427 0.3509751 0.93676 0.04782289 0.9344747 0.04325228 0.93676 0.04325228 0.5210427 0.3509751 0.374062 0.2076813 0.5264447 0.2108696 0.5640519 0.448067 0.505679 0.1197865 0.6292667 0.430229 0.9344747 0.05239343 0.9321894 0.05696398 0.9321894 0.05239343 0.3804285 0.6582708 0.2340239 0.5141263 0.3688157 0.5050494 0.7257145 0.3755615 0.7304286 0.8529565 0.5753828 0.450578 0.3688157 0.5050494 0.2242302 0.3615572 0.3666326 0.3483794 0.7257145 0.3755615 0.4134329 0.04364442 0.4907774 0.008617997 0.374062 0.2076813 0.2242302 0.3615572 0.2332974 0.2238706 0.6292667 0.430229 0.505679 0.1197865 0.6897367 0.400541 0.9000726 0.03868174 0.9344747 0.04325228 0.9321894 0.04325228 0.9344747 0.07524621 0.9321894 0.07067567 0.9344747 0.07067567 0.746918 0.7500156 0.6897367 0.400541 0.8646352 0.6925671 0.9344747 0.07067567 0.9321894 0.06610512 0.9344747 0.06610512 0.9344747 0.1026696 0.9321894 0.09809899 0.9344747 0.09809899 0.3931377 0.5065475 0.05023849 0.8197705 0.09118843 0.4732695 0.9344747 0.09352844 0.9321894 0.09809899 0.9321894 0.09352844 0.4095304 0.1429405 0.09118843 0.4732695 0.1523324 0.1133868 0.3994147 0.7902697 0.2617409 0.6633328 0.3804285 0.6582708 0.6897367 0.400541 0.9676808 0.6137838 0.8646352 0.6925671 0.9321894 0.07067567 0.9299041 0.06610512 0.9321894 0.06610512 0.9321894 0.1026696 0.9299041 0.09809899 0.9321894 0.09809899 0.9321894 0.06153452 0.9299041 0.06610512 0.9299041 0.06153452 0.9321894 0.09809899 0.9299041 0.09352844 0.9321894 0.09352844 0.9321894 0.06153452 0.9299041 0.05696398 0.9321894 0.05696398 0.9321894 0.0889579 0.9299041 0.09352844 0.9299041 0.0889579 0.9321894 0.05239343 0.9299041 0.05696398 0.9299041 0.05239343 0.9321894 0.08438736 0.9299041 0.0889579 0.9299041 0.08438736 0.7304286 0.8529565 0.4093547 0.4985107 0.5753828 0.450578 0.9321894 0.08438736 0.9299041 0.07981675 0.9321894 0.07981675 0.4134329 0.04364442 0.4093547 0.4985107 0.3295586 0.06576269 0.9321894 0.07524621 0.9299041 0.07981675 0.9299041 0.07524621 0.6897367 0.400541 0.505679 0.1197865 0.7429012 0.3602398 0.9000726 0.03868174 0.9321894 0.04325228 0.9299041 0.04325228 0.9321894 0.07524621 0.9299041 0.07067567 0.9321894 0.07067567 0.9299041 0.0889579 0.9276188 0.08438736 0.9299041 0.08438736 0.4093547 0.4985107 0.251807 0.9529856 0.2364991 0.5159317 0.9299041 0.07981675 0.9276188 0.08438736 0.9276188 0.07981675 0.4093547 0.4985107 0.243025 0.07375174 0.3295586 0.06576269 0.9299041 0.07981675 0.9276188 0.07524621 0.9299041 0.07524621 0.9299041 0.1072402 0.8990129 0.1118107 0.9276188 0.1072402 0.9000726 0.03868174 0.9299041 0.04325228 0.9276188 0.04325228 0.9299041 0.07067567 0.9276188 0.07524621 0.9276188 0.07067567 0.9299041 0.1072402 0.9276188 0.1026696 0.9299041 0.1026696 0.9299041 0.07067567 0.9276188 0.06610512 0.9299041 0.06610512 0.9299041 0.09809899 0.9276188 0.1026696 0.9276188 0.09809899 0.9299041 0.06153452 0.9276188 0.06610512 0.9276188 0.06153452 0.9299041 0.09809899 0.9276188 0.09352844 0.9299041 0.09352844 0.9299041 0.06153452 0.9276188 0.05696398 0.9299041 0.05696398 0.9299041 0.09352844 0.9276188 0.0889579 0.9299041 0.0889579 0.9299041 0.05239343 0.9276188 0.05696398 0.9276188 0.05239343 0.9276188 0.07067567 0.9253336 0.06610512 0.9276188 0.06610512 0.9276188 0.1026696 0.9253336 0.09809899 0.9276188 0.09809899 0.9276188 0.06153452 0.9253336 0.06610512 0.9253336 0.06153452 0.7176739 0.9771381 0.6036753 0.6718614 0.8094956 0.7069295 0.9276188 0.06153452 0.9253336 0.05696398 0.9276188 0.05696398 0.8094956 0.7069295 0.6420407 0.3613819 0.8856478 0.4109631 0.9276188 0.05239343 0.9253336 0.05696398 0.9253336 0.05239343 0.8856478 0.4109631 0.6710377 0.05675172 0.9376056 0.1196881 0.9276188 0.04782289 0.9253336 0.05239343 0.9253336 0.04782289 0.9276188 0.07981675 0.9253336 0.08438736 0.9253336 0.07981675 0.9276188 0.04325228 0.9253336 0.04782289 0.9253335 0.04325228 0.9276188 0.07981675 0.9253336 0.07524621 0.9276188 0.07524621 0.9276188 0.1072402 0.8990129 0.1118107 0.9253335 0.1072402 0.9000726 0.03868174 0.9276188 0.04325228 0.9253335 0.04325228 0.9276188 0.07067567 0.9253336 0.07524621 0.9253336 0.07067567 0.9276188 0.1072402 0.9253336 0.1026696 0.9276188 0.1026696 0.9253336 0.05239343 0.9230483 0.04782289 0.9253336 0.04782289 0.9253336 0.07981675 0.9230483 0.08438736 0.9230483 0.07981675 0.9253335 0.04325228 0.9230483 0.04782289 0.9230483 0.04325228 0.9253336 0.07981675 0.9230483 0.07524621 0.9253336 0.07524621 0.9253335 0.1072402 0.8990129 0.1118107 0.9230483 0.1072402 0.9000726 0.03868174 0.9253335 0.04325228 0.9230483 0.04325228 0.7837585 0.6115617 0.6528289 0.7686771 0.6523529 0.6339868 0.9253335 0.1072402 0.9230483 0.1026696 0.9253336 0.1026696 0.7837585 0.6115617 0.64287 0.4847407 0.7688736 0.4677138 0.9253336 0.1026696 0.9230483 0.09809899 0.9253336 0.09809899 0.7384708 0.3237621 0.64287 0.4847407 0.6249369 0.3350542 0.5603916 0.9550788 0.3840622 0.6595222 0.6036753 0.6718614 0.7384708 0.3237621 0.6004338 0.199373 0.6954899 0.1929797 0.6420407 0.3613819 0.3840622 0.6595222 0.379948 0.3438379 0.9253336 0.05239343 0.9230483 0.05696398 0.9230483 0.05239343 0.6420407 0.3613819 0.3826605 0.03440487 0.6710377 0.05675172 0.9230483 0.09809899 0.920763 0.1026696 0.920763 0.09809899 0.6249369 0.3350542 0.5029852 0.492528 0.4997807 0.3401952 0.3942509 0.9473711 0.168358 0.671427 0.3840622 0.6595222 0.6004338 0.199373 0.4997807 0.3401952 0.4966903 0.2022644 0.3840622 0.6595222 0.1225786 0.3607653 0.379948 0.3438379 0.9230483 0.05239343 0.920763 0.05696398 0.920763 0.05239343 0.379948 0.3438379 0.09941911 0.05596667 0.3826605 0.03440487 0.9230483 0.04782289 0.920763 0.05239343 0.920763 0.04782289 0.9230483 0.07981675 0.920763 0.08438736 0.920763 0.07981675 0.9230483 0.04325228 0.920763 0.04782289 0.920763 0.04325228 0.9230483 0.07981675 0.920763 0.07524621 0.9230483 0.07524621 0.9230483 0.1072402 0.8990129 0.1118107 0.920763 0.1072402 0.9000726 0.03868174 0.9230483 0.04325228 0.920763 0.04325228 0.6523529 0.6339868 0.5084947 0.7806994 0.5059844 0.6442638 0.9230483 0.1072402 0.920763 0.1026696 0.9230483 0.1026696 0.6523529 0.6339868 0.5029852 0.492528 0.64287 0.4847407 0.920763 0.07981675 0.9184777 0.08438736 0.9184777 0.07981675 0.920763 0.04782289 0.9184777 0.04325228 0.920763 0.04325228 0.920763 0.07981675 0.9184777 0.07524621 0.920763 0.07524621 0.920763 0.1072402 0.8990129 0.1118107 0.9184777 0.1072402 0.9000726 0.03868174 0.920763 0.04325228 0.9184777 0.04325228 0.5059844 0.6442638 0.3623041 0.7767871 0.3577606 0.640919 0.920763 0.1072402 0.9184777 0.1026696 0.920763 0.1026696 0.5059844 0.6442638 0.361442 0.4899947 0.5029852 0.492528 0.920763 0.1026696 0.9184777 0.09809899 0.920763 0.09809899 0.4997807 0.3401952 0.361442 0.4899947 0.3733139 0.3385244 0.920763 0.09809899 0.9184777 0.09352844 0.920763 0.09352844 0.4997807 0.3401952 0.3920482 0.2013261 0.4966903 0.2022644 0.920763 0.0889579 0.9184777 0.09352844 0.9184777 0.0889579 0.920763 0.05239343 0.9184777 0.05696398 0.9184777 0.05239343 0.920763 0.0889579 0.9184777 0.08438736 0.920763 0.08438736 0.920763 0.05239343 0.9184777 0.04782289 0.920763 0.04782289 0.3733139 0.3385244 0.2309597 0.4774982 0.2562206 0.3302596 0.9184777 0.09352844 0.9161924 0.09809899 0.9161924 0.09352844 0.3733139 0.3385244 0.294528 0.1966657 0.3920482 0.2013261 0.9184777 0.0889579 0.9161924 0.09352844 0.9161924 0.0889579 0.9184777 0.05239343 0.9161924 0.05696398 0.9161924 0.05239343 0.9184777 0.0889579 0.9161924 0.08438736 0.9184777 0.08438736 0.9184777 0.04782289 0.9161924 0.05239343 0.9161924 0.04782289 0.9184777 0.07981675 0.9161924 0.08438736 0.9161924 0.07981675 0.9184777 0.04325228 0.9161924 0.04782289 0.9161924 0.04325228 0.9184777 0.07981675 0.9161924 0.07524621 0.9184777 0.07524621 0.9184777 0.1072402 0.8990129 0.1118107 0.9161924 0.1072402 0.9000726 0.03868174 0.9184777 0.04325228 0.9161924 0.04325228 0.3577606 0.640919 0.2276363 0.7575051 0.2213545 0.6244404 0.9184777 0.1026696 0.9161924 0.1072402 0.9161924 0.1026696 0.3577606 0.640919 0.2309597 0.4774982 0.361442 0.4899947 0.9184777 0.1026696 0.9161924 0.09809899 0.9184777 0.09809899 0.9161924 0.04782289 0.9139071 0.04325228 0.9161924 0.04325228 0.9161924 0.07981675 0.9139071 0.07524621 0.9161924 0.07524621 0.9161924 0.1072402 0.8990129 0.1118107 0.9139071 0.1072402 0.9000726 0.03868174 0.9161924 0.04325228 0.9139071 0.04325228 0.9161924 0.07067567 0.9139071 0.07524621 0.9139071 0.07067567 0.9161924 0.1072402 0.9139071 0.1026696 0.9161924 0.1026696 0.9161924 0.07067567 0.9139071 0.06610512 0.9161924 0.06610512 0.9161924 0.1026696 0.9139071 0.09809899 0.9161924 0.09809899 0.9161924 0.06153452 0.9139071 0.06610512 0.9139071 0.06153452 0.9161924 0.09809899 0.9139071 0.09352844 0.9161924 0.09352844 0.9161924 0.06153452 0.9139071 0.05696398 0.9161924 0.05696398 0.9161924 0.0889579 0.9139071 0.09352844 0.9139071 0.0889579 0.9161924 0.05239343 0.9139071 0.05696398 0.9139071 0.05239343 0.9161924 0.0889579 0.9139071 0.08438736 0.9161924 0.08438736 0.9161924 0.05239343 0.9139071 0.04782289 0.9161924 0.04782289 0.9161924 0.07981675 0.9139071 0.08438736 0.9139071 0.07981675 0.9139071 0.06153452 0.9116219 0.05696398 0.9139071 0.05696398 0.9139071 0.0889579 0.9116219 0.09352844 0.9116219 0.0889579 0.9139071 0.05239343 0.9116219 0.05696398 0.9116219 0.05239343 0.9139071 0.0889579 0.9116219 0.08438736 0.9139071 0.08438736 0.9139071 0.04782289 0.9116219 0.05239343 0.9116219 0.04782289 0.9139071 0.07981675 0.9116219 0.08438736 0.9116219 0.07981675 0.9139071 0.04325228 0.9116219 0.04782289 0.9116218 0.04325228 0.9139071 0.07524621 0.9116219 0.07981675 0.9116219 0.07524621 0.9139071 0.1072402 0.8990129 0.1118107 0.9116219 0.1072402 0.9000726 0.03868174 0.9139071 0.04325228 0.9116218 0.04325228 0.9139071 0.07524621 0.9116219 0.07067567 0.9139071 0.07067567 0.9139071 0.1072402 0.9116219 0.1026696 0.9139071 0.1026696 0.9139071 0.07067567 0.9116219 0.06610512 0.9139071 0.06610512 0.9139071 0.09809899 0.9116219 0.1026696 0.9116219 0.09809899 0.9139071 0.06153452 0.9116219 0.06610512 0.9116219 0.06153458 0.9139071 0.09809899 0.9116219 0.09352844 0.9139071 0.09352844 0.9116219 0.1072402 0.8990129 0.1118107 0.9093366 0.1072402 0.9000726 0.03868174 0.9116218 0.04325228 0.9093366 0.04325228 0.9116219 0.07524621 0.9093366 0.07067567 0.9116219 0.07067567 0.9116219 0.1072402 0.9093366 0.1026696 0.9116219 0.1026696 0.9116219 0.07067567 0.9093366 0.06610512 0.9116219 0.06610512 0.9116219 0.1026696 0.9093366 0.09809899 0.9116219 0.09809899 0.9116219 0.06153458 0.9093366 0.06610512 0.9093366 0.06153458 0.9116219 0.09809899 0.9093366 0.09352844 0.9116219 0.09352844 0.9116219 0.06153458 0.9093366 0.05696398 0.9116219 0.05696398 0.9116219 0.09352844 0.9093366 0.0889579 0.9116219 0.0889579 0.9116219 0.05696398 0.9093366 0.05239343 0.9116219 0.05239343 0.9116219 0.0889579 0.9093366 0.08438736 0.9116219 0.08438736 0.9116219 0.04782289 0.9093366 0.05239343 0.9093366 0.04782289 0.9116219 0.07981675 0.9093366 0.08438736 0.9093366 0.07981675 0.9116219 0.04782289 0.9093366 0.04325228 0.9116218 0.04325228 0.9116219 0.07524621 0.9093366 0.07981675 0.9093366 0.07524621 0.7711517 0.5042108 0.5012915 0.8137423 0.5014367 0.4893694 0.9093366 0.05239343 0.9070513 0.05696398 0.9070513 0.05239343 0.7711517 0.5042108 0.5015442 0.1649299 0.8012356 0.1814206 0.9093366 0.05239343 0.9070513 0.04782289 0.9093366 0.04782289 0.9093366 0.07981675 0.9070513 0.08438736 0.9070513 0.07981675 0.9093366 0.04782289 0.9070513 0.04325228 0.9093366 0.04325228 0.9093366 0.07524621 0.9070513 0.07981675 0.9070513 0.07524621 0.9093366 0.1072402 0.8990129 0.1118107 0.9070513 0.1072402 0.9000726 0.03868174 0.9093366 0.04325228 0.9070513 0.04325228 0.9093366 0.07524621 0.9070513 0.07067567 0.9093366 0.07067567 0.9093366 0.1072402 0.9070513 0.1026696 0.9093366 0.1026696 0.9093366 0.07067567 0.9070513 0.06610512 0.9093366 0.06610512 0.9093366 0.1026696 0.9070513 0.09809899 0.9093366 0.09809899 0.9093366 0.06153458 0.9070513 0.06610512 0.9070513 0.06153458 0.9093366 0.09809899 0.9070513 0.09352844 0.9093366 0.09352844 0.9093366 0.05696398 0.9070513 0.06153458 0.9070513 0.05696398 0.9070513 0.07524621 0.904766 0.07067567 0.9070513 0.07067567 0.9070513 0.1026696 0.904766 0.1072402 0.904766 0.1026696 0.9070513 0.07067567 0.904766 0.06610512 0.9070513 0.06610512 0.9070513 0.09809899 0.904766 0.1026696 0.904766 0.09809899 0.9070513 0.06153458 0.904766 0.06610512 0.904766 0.06153458 0.9070513 0.09352844 0.904766 0.09809899 0.904766 0.09352844 0.9070513 0.06153458 0.904766 0.05696398 0.9070513 0.05696398 0.5012915 0.8137423 0.2316841 0.5040013 0.5014367 0.4893694 0.9070513 0.05696398 0.904766 0.05239343 0.9070513 0.05239343 0.5014367 0.4893694 0.2018114 0.1811878 0.5015442 0.1649299 0.9070513 0.04782289 0.904766 0.05239343 0.904766 0.04782289 0.9070513 0.07981675 0.904766 0.08438736 0.904766 0.07981675 0.9070513 0.04325228 0.904766 0.04782289 0.904766 0.04325228 0.9070513 0.07524621 0.904766 0.07981675 0.904766 0.07524621 0.9070513 0.1072402 0.8990129 0.1118107 0.904766 0.1072402 0.9000726 0.03868174 0.9070513 0.04325228 0.904766 0.04325228 0.904766 0.05239343 0.9024807 0.05696398 0.9024807 0.05239343 0.904766 0.0889579 0.9024807 0.08438736 0.904766 0.08438736 0.904766 0.04782289 0.9024807 0.05239343 0.9024807 0.04782289 0.904766 0.07981675 0.9024807 0.08438736 0.9024807 0.07981675 0.904766 0.04325228 0.9024807 0.04782289 0.9024807 0.04325228 0.7627095 0.5040714 0.4930598 0.7707058 0.4930301 0.5040771 0.904766 0.1072402 0.8990129 0.1118107 0.9024807 0.1072402 0.9000726 0.03868174 0.904766 0.04325228 0.9024807 0.04325228 0.7627095 0.5040714 0.4930598 0.2376119 0.7560352 0.2375013 0.904766 0.1072402 0.9024807 0.1026696 0.904766 0.1026696 0.904766 0.07067567 0.9024807 0.06610512 0.904766 0.06610512 0.904766 0.1026696 0.9024807 0.09809899 0.904766 0.09809899 0.904766 0.06153458 0.9024807 0.06610512 0.9024807 0.06153458 0.904766 0.09809899 0.9024807 0.09352844 0.904766 0.09352844 0.904766 0.05696398 0.9024807 0.06153458 0.9024807 0.05696398 0.904766 0.09352844 0.9024807 0.0889579 0.904766 0.0889579 0.9024807 0.1072402 0.9001955 0.1026696 0.9024807 0.1026696 0.9024807 0.07067567 0.9001955 0.06610512 0.9024807 0.06610512 0.9024807 0.09809899 0.9001955 0.1026696 0.9001955 0.09809899 0.9024807 0.06153458 0.9001955 0.06610512 0.9001955 0.06153458 0.9024807 0.09352844 0.9001955 0.09809899 0.9001955 0.09352844 0.9024807 0.05696398 0.9001955 0.06153458 0.9001955 0.05696398 0.9024807 0.0889579 0.9001955 0.09352844 0.9001955 0.0889579 0.9024807 0.05239343 0.9001955 0.05696398 0.9001955 0.05239343 0.9024807 0.0889579 0.9001955 0.08438736 0.9024807 0.08438736 0.9024807 0.05239343 0.9001955 0.04782289 0.9024807 0.04782289 0.9024807 0.07981675 0.9001955 0.08438736 0.9001955 0.07981675 0.9024807 0.04325228 0.9001955 0.04782289 0.9001955 0.04325228 0.4930301 0.5040771 0.233278 0.7677958 0.2267064 0.5042456 0.9024807 0.1072402 0.8990129 0.1118107 0.9001955 0.1072402 0.9000726 0.03868174 0.9024807 0.04325228 0.9001955 0.04325228 0.4930301 0.5040771 0.233278 0.240849 0.4930598 0.2376119 0.9001955 0.0889579 0.8979102 0.08438736 0.9001955 0.08438736 0.6512577 0.1610007 0.6296587 0.2920647 0.601358 0.1678938 0.9001955 0.07981675 0.8979102 0.08438736 0.8979102 0.07981675 0.9001955 0.04782289 0.8979102 0.04325228 0.9001955 0.04325228 0.9001955 0.07524621 0.8979102 0.07981675 0.8979102 0.07524621 0.9001955 0.1072402 0.8990129 0.1118107 0.8979102 0.1072402 0.9000726 0.03868174 0.9001955 0.04325228 0.8979102 0.04325228 0.9001955 0.07524621 0.8979102 0.07067567 0.9001955 0.07067567 0.9001955 0.1072402 0.8979102 0.1026696 0.9001955 0.1026696 0.7825689 0.8001334 0.6676769 0.7133742 0.7865643 0.68781 0.9001955 0.1026696 0.8979102 0.09809899 0.9001955 0.09809899 0.7745174 0.5563996 0.6676769 0.7133742 0.6644604 0.5779898 0.9001955 0.09352844 0.8979102 0.09809899 0.8979102 0.09352844 0.7745174 0.5563996 0.6514543 0.4330459 0.7461872 0.4163946 0.9001955 0.0889579 0.8979102 0.09352844 0.8979102 0.0889579 0.7037082 0.2805277 0.6514543 0.4330459 0.6296587 0.2920647 0.6615483 0.8280565 0.5382078 0.7202473 0.6676769 0.7133742 0.8979102 0.1026696 0.8956249 0.09809899 0.8979102 0.09809899 0.6644604 0.5779898 0.5382078 0.7202473 0.5448381 0.5837852 0.8979102 0.09352844 0.8956249 0.09809899 0.8956249 0.09352844 0.6644604 0.5779898 0.5489112 0.4375033 0.6514543 0.4330459 0.8979102 0.0889579 0.8956249 0.09352844 0.8956249 0.0889579 0.6514543 0.4330459 0.5499815 0.2951416 0.6296587 0.2920647 0.8979102 0.0889579 0.8956249 0.08438736 0.8979102 0.08438736 0.6296587 0.2920647 0.5480521 0.1697242 0.601358 0.1678938 0.8979102 0.07981675 0.8956249 0.08438736 0.8956249 0.07981675 0.8979102 0.04325228 0.8956249 0.04782289 0.8956249 0.04325228 0.8979102 0.07524621 0.8956249 0.07981675 0.8956249 0.07524621 0.8979102 0.1072402 0.8990129 0.1118107 0.8956249 0.1072402 0.9000726 0.03868174 0.8979102 0.04325228 0.8956249 0.04325228 0.8979102 0.07524621 0.8956249 0.07067567 0.8979102 0.07067567 0.8979102 0.1026696 0.8956249 0.1072402 0.8956249 0.1026696 0.5480521 0.1697242 0.4695072 0.2895023 0.4941826 0.1663668 0.7708615 0.3714319 0.6331713 0.5033902 0.636862 0.3571325 0.8956249 0.04782289 0.8933396 0.04325228 0.8956249 0.04325228 0.7666647 0.2391632 0.636862 0.3571325 0.6328244 0.2226631 0.8956249 0.1072402 0.8990129 0.1118107 0.8933396 0.1072402 0.9000726 0.03868174 0.8956249 0.04325228 0.8933396 0.04325228 0.8956249 0.07524621 0.8933396 0.07067567 0.8956249 0.07067567 0.8956249 0.1072402 0.8933396 0.1026696 0.8956249 0.1026696 0.5297926 0.8355668 0.4077764 0.7076684 0.5382078 0.7202473 0.8956249 0.1026696 0.8933396 0.09809899 0.8956249 0.09809899 0.5448381 0.5837852 0.4077764 0.7076684 0.424216 0.5731755 0.8956249 0.09809899 0.8933396 0.09352844 0.8956249 0.09352844 0.5489112 0.4375033 0.424216 0.5731755 0.4454202 0.4293393 0.735295 0.6568209 0.6044387 0.7811556 0.6219626 0.6488304 0.5499815 0.2951416 0.4454202 0.4293393 0.4695072 0.2895023 0.735295 0.6568209 0.6331713 0.5033902 0.7601876 0.5146417 0.424216 0.5731755 0.2860209 0.6770203 0.3111929 0.5472708 0.8933396 0.09352844 0.8910543 0.09809899 0.8910543 0.09352844 0.424216 0.5731755 0.3478847 0.4093323 0.4454202 0.4293393 0.6219626 0.6488304 0.5041403 0.7806876 0.50075 0.6480941 0.4454202 0.4293393 0.3931047 0.275614 0.4695072 0.2895023 0.6219626 0.6488304 0.4968933 0.5023514 0.6331713 0.5033902 0.4941826 0.1663668 0.3931047 0.275614 0.4426191 0.1580507 0.636862 0.3571325 0.4968933 0.5023514 0.4928928 0.3558112 0.8933396 0.04782289 0.8910543 0.04325228 0.8933396 0.04325228 0.636862 0.3571325 0.4890961 0.2211383 0.6328244 0.2226631 0.8933396 0.1072402 0.8990129 0.1118107 0.8910543 0.1072402 0.9000726 0.03868174 0.8933396 0.04325228 0.8910543 0.04325228 0.8933396 0.07067567 0.8910543 0.07524621 0.8910543 0.07067567 0.8933396 0.1072402 0.8910543 0.1026696 0.8933396 0.1026696 0.3971732 0.8218227 0.2860209 0.6770203 0.4077764 0.7076684 0.8933396 0.1026696 0.8910543 0.09809899 0.8933396 0.09809899 0.8910543 0.04325228 0.8887691 0.04782289 0.8887691 0.04325228 0.4928928 0.3558112 0.3474158 0.2347832 0.4890961 0.2211383 0.8910543 0.1072402 0.8990129 0.1118107 0.8887691 0.1072402 0.9000726 0.03868174 0.8910543 0.04325228 0.8887691 0.04325228 0.8910543 0.07067567 0.888769 0.07524621 0.888769 0.07067567 0.8910543 0.1026696 0.8887691 0.1072402 0.8887691 0.1026696 0.2735669 0.7883527 0.1810279 0.6314926 0.2860209 0.6770203 0.8910543 0.1026696 0.8887691 0.09809899 0.8910543 0.09809899 0.3111929 0.5472708 0.1810279 0.6314926 0.2130711 0.5086455 0.8910543 0.09809899 0.8887691 0.09352844 0.8910543 0.09352844 0.3111929 0.5472708 0.2622852 0.3793055 0.3478847 0.4093323 0.50075 0.6480941 0.4047473 0.7848911 0.3808877 0.6546958 0.3931047 0.275614 0.2622852 0.3793055 0.3251032 0.2545855 0.50075 0.6480941 0.3623607 0.511653 0.4968933 0.5023514 0.4426191 0.1580507 0.3251032 0.2545855 0.3959897 0.1453289 0.4928928 0.3558112 0.3623607 0.511653 0.3509203 0.3676361 0.8887691 0.09809899 0.8864838 0.09352844 0.8887691 0.09352844 0.8887691 0.06153452 0.8864838 0.05696398 0.8887691 0.05696398 0.4047473 0.7848911 0.2712271 0.6679002 0.3808877 0.6546958 0.8887691 0.05696398 0.8864838 0.05239343 0.8887691 0.05239343 0.3808877 0.6546958 0.2400695 0.5301781 0.3623607 0.511653 0.8887691 0.04782289 0.8864838 0.05239343 0.8864838 0.04782289 0.3509203 0.3676361 0.2400695 0.5301781 0.2223198 0.3911355 0.8887691 0.04782289 0.8864838 0.04325228 0.8887691 0.04325228 0.3509203 0.3676361 0.2191236 0.261901 0.3474158 0.2347832 0.8887691 0.1072402 0.8990129 0.1118107 0.8864838 0.1072402 0.9000726 0.03868174 0.8887691 0.04325228 0.8864838 0.04325228 0.888769 0.07067567 0.8864838 0.07524621 0.8864838 0.07067567 0.8887691 0.1072402 0.8864838 0.1026696 0.8887691 0.1026696 0.888769 0.07067567 0.8864838 0.06610512 0.8887691 0.06610512 0.8887691 0.1026696 0.8864838 0.09809899 0.8887691 0.09809899 0.8887691 0.06153452 0.8864838 0.06610512 0.8864838 0.06153452 0.8864838 0.07981675 0.8841985 0.07524621 0.8864838 0.07524621 0.8864838 0.1072402 0.8990129 0.1118107 0.8841985 0.1072402 0.9000726 0.03868174 0.8864838 0.04325228 0.8841986 0.04325228 0.8864838 0.07067567 0.8841985 0.07524621 0.8841985 0.07067567 0.8864838 0.1072402 0.8841985 0.1026696 0.8864838 0.1026696 0.8864838 0.07067567 0.8841985 0.06610512 0.8864838 0.06610512 0.8864838 0.09809899 0.8841985 0.1026696 0.8841985 0.09809899 0.8864838 0.06153452 0.8841985 0.06610512 0.8841985 0.06153452 0.8864838 0.09352844 0.8841985 0.09809899 0.8841985 0.09352844 0.8864838 0.06153452 0.8841985 0.05696398 0.8864838 0.05696398 0.8864838 0.0889579 0.8841985 0.09352844 0.8841985 0.0889579 0.8864838 0.05696398 0.8841985 0.05239343 0.8864838 0.05239343 0.8864838 0.0889579 0.8841985 0.08438736 0.8864838 0.08438736 0.8864838 0.04782289 0.8841985 0.05239343 0.8841985 0.04782289 0.8864838 0.07981675 0.8841985 0.08438736 0.8841985 0.07981675 0.8864838 0.04782289 0.8841986 0.04325228 0.8864838 0.04325228 0.8841985 0.06153452 0.8819133 0.05696398 0.8841985 0.05696398 0.8841985 0.09352844 0.8819133 0.0889579 0.8841985 0.0889579 0.8841985 0.05696398 0.8819133 0.05239343 0.8841985 0.05239343 0.8841985 0.0889579 0.8819133 0.08438736 0.8841985 0.08438736 0.8841985 0.04782289 0.8819133 0.05239343 0.8819133 0.04782289 0.8841985 0.07981675 0.8819133 0.08438736 0.8819133 0.07981675 0.8841985 0.04782289 0.8819133 0.04325228 0.8841986 0.04325228 0.8841985 0.07981675 0.8819133 0.07524621 0.8841985 0.07524621 0.8841985 0.1072402 0.8990129 0.1118107 0.8819133 0.1072402 0.9000726 0.03868174 0.8841986 0.04325228 0.8819133 0.04325228 0.7787273 0.4969564 0.4942997 0.7890731 0.4959009 0.5012864 0.8841985 0.1072402 0.8819133 0.1026696 0.8841985 0.1026696 0.7787273 0.4969564 0.4970985 0.2115309 0.7629585 0.2088547 0.8841985 0.09809899 0.8819133 0.1026696 0.8819133 0.09809899 0.8841985 0.06153452 0.8819133 0.06610512 0.8819133 0.06153452 0.8841985 0.09352844 0.8819133 0.09809899 0.8819133 0.09352844 0.8819133 0.1072402 0.8990129 0.1118107 0.8796279 0.1072402 0.9000726 0.03868174 0.8819133 0.04325228 0.879628 0.04325228 0.4959009 0.5012864 0.2092909 0.7807698 0.2133368 0.4951443 0.8819133 0.1072402 0.879628 0.1026696 0.8819133 0.1026696 0.4959009 0.5012864 0.2314361 0.2077348 0.4970985 0.2115309 0.8819133 0.1026696 0.8796279 0.09809899 0.8819133 0.09809899 0.8819133 0.06153452 0.879628 0.06610512 0.8796279 0.06153452 0.8819133 0.09352844 0.8796279 0.09809899 0.879628 0.09352844 0.8819133 0.05696398 0.8796279 0.06153452 0.879628 0.05696398 0.8819133 0.09352844 0.879628 0.0889579 0.8819133 0.0889579 0.8819133 0.05696398 0.879628 0.05239343 0.8819133 0.05239343 0.8819133 0.0889579 0.879628 0.08438736 0.8819133 0.08438736 0.8819133 0.04782289 0.879628 0.05239343 0.8796279 0.04782289 0.8819133 0.07981675 0.879628 0.08438736 0.879628 0.07981675 0.8819133 0.04782289 0.879628 0.04325228 0.8819133 0.04325228 0.8819133 0.07981675 0.879628 0.07524621 0.8819133 0.07524621 0.8667623 0.5092886 0.4897895 0.9342123 0.4930623 0.4859344 0.879628 0.05696398 0.8773427 0.05239343 0.879628 0.05239343 0.8667623 0.5092886 0.4961891 0.03723883 0.9061484 0.06777983 0.8796279 0.04782289 0.8773427 0.05239343 0.8773427 0.04782283 0.879628 0.07981675 0.8773427 0.08438736 0.8773427 0.07981675 0.8796279 0.04782289 0.8773428 0.04325228 0.879628 0.04325228 0.879628 0.07981675 0.8773427 0.07524621 0.879628 0.07524621 0.8796279 0.1072402 0.8990129 0.1118107 0.8773427 0.1072402 0.9000726 0.03868174 0.879628 0.04325228 0.8773428 0.04325228 0.879628 0.07067567 0.8773427 0.07524621 0.8773427 0.07067567 0.879628 0.1026696 0.8773427 0.1072402 0.8773427 0.1026696 0.879628 0.07067567 0.8773427 0.06610512 0.879628 0.06610512 0.8796279 0.09809899 0.8773427 0.1026696 0.8773427 0.09809905 0.8796279 0.06153452 0.8773427 0.06610512 0.8773427 0.06153452 0.879628 0.09352844 0.8773427 0.09809905 0.8773427 0.09352844 0.8796279 0.06153452 0.8773427 0.05696398 0.879628 0.05696398 0.8773427 0.07067567 0.8750574 0.07524621 0.8750574 0.07067567 0.8773427 0.1072402 0.8750574 0.1026696 0.8773427 0.1026696 0.8773427 0.07067567 0.8750574 0.06610512 0.8773427 0.06610512 0.8773427 0.1026696 0.8750574 0.09809905 0.8773427 0.09809905 0.8773427 0.06153452 0.8750574 0.06610512 0.8750574 0.06153452 0.8773427 0.09352844 0.8750574 0.09809905 0.8750574 0.09352844 0.8773427 0.06153452 0.8750574 0.05696398 0.8773427 0.05696398 0.4930623 0.4859344 0.174898 0.9464021 0.1180918 0.5038937 0.8773427 0.05696398 0.8750574 0.05239343 0.8773427 0.05239343 0.4930623 0.4859344 0.08468264 0.06073009 0.4961891 0.03723883 0.8773427 0.05239343 0.8750574 0.04782283 0.8773427 0.04782283 0.8773427 0.07981675 0.8750574 0.08438736 0.8750574 0.07981675 0.8773427 0.04782283 0.8750574 0.04325228 0.8773428 0.04325228 0.8773427 0.07981675 0.8750574 0.07524621 0.8773427 0.07524621 0.8773427 0.1072402 0.8990129 0.1118107 0.8750574 0.1072402 0.9000726 0.03868174 0.8773428 0.04325228 0.8750574 0.04325228 0.8750574 0.05239343 0.872772 0.05696398 0.8727721 0.05239343 0.8750574 0.0889579 0.872772 0.08438736 0.8750574 0.08438736 0.8750574 0.04782283 0.8727721 0.05239343 0.8727721 0.04782283 0.8750574 0.07981675 0.872772 0.08438736 0.8727721 0.07981675 0.8750574 0.04325228 0.8727721 0.04782283 0.8727721 0.04325228 0.8750574 0.07524621 0.8727721 0.07981675 0.8727721 0.07524621 0.2623419 0.3550895 0.505679 0.1197865 0.3108946 0.3956863 0.9000726 0.03868174 0.8750574 0.04325228 0.8727721 0.04325228 0.8750574 0.07524621 0.8727721 0.07067567 0.8750574 0.07067567 0.04441761 0.5921628 0.3108946 0.3956863 0.1346087 0.6724579 0.8750574 0.07067567 0.872772 0.06610512 0.8750574 0.06610512 0.8750574 0.1026696 0.8727721 0.09809905 0.8750574 0.09809905 0.7604805 0.4289626 0.5150596 0.7655718 0.4994029 0.4542818 0.8750574 0.09352844 0.8727721 0.09809905 0.8727721 0.09352844 0.7604805 0.4289626 0.4830786 0.129096 0.7074368 0.1121568 0.8750574 0.0889579 0.8727721 0.09352844 0.8727722 0.0889579 0.8727721 0.07067567 0.8704868 0.06610512 0.872772 0.06610512 0.8727721 0.09809905 0.8704868 0.1026696 0.8704868 0.09809905 0.4994029 0.4542818 0.2299581 0.761153 0.2329352 0.4508714 0.8727721 0.09352844 0.8704868 0.09809905 0.8704868 0.09352844 0.4994029 0.4542818 0.254855 0.1268195 0.4830786 0.129096 0.8727722 0.0889579 0.8704868 0.09352844 0.8704868 0.0889579 0.872772 0.05696398 0.8704868 0.05239343 0.8727721 0.05239343 0.8727722 0.0889579 0.8704868 0.08438736 0.872772 0.08438736 0.8727721 0.05239343 0.8704868 0.04782283 0.8727721 0.04782283 0.8727721 0.07981675 0.8704868 0.08438736 0.8704868 0.07981675 0.8727721 0.04782283 0.8704869 0.04325228 0.8727721 0.04325228 0.8727721 0.07981675 0.8704868 0.07524621 0.8727721 0.07524621 0.3108946 0.3956863 0.505679 0.1197865 0.3676641 0.4264668 0.9000726 0.03868174 0.8727721 0.04325228 0.8704869 0.04325228 0.8727721 0.07067567 0.8704868 0.07524621 0.8704868 0.07067567 0.1346087 0.6724579 0.3676641 0.4264668 0.2416869 0.7345302 0.8704868 0.04782283 0.8682016 0.05239343 0.8682016 0.04782283 0.8704868 0.07981675 0.8682016 0.08438736 0.8682016 0.07981675 0.8704868 0.04782283 0.8682016 0.04325228 0.8704869 0.04325228 0.8704868 0.07981675 0.8682016 0.07524621 0.8704868 0.07524621 0.3676641 0.4264668 0.505679 0.1197865 0.4304829 0.4460164 0.9000726 0.03868174 0.8704869 0.04325228 0.8682016 0.04325228 0.8704868 0.07067567 0.8682016 0.07524621 0.8682016 0.07067567 0.3676641 0.4264668 0.3616326 0.775146 0.2416869 0.7345302 0.8704868 0.07067567 0.8682016 0.06610512 0.8704868 0.06610512 0.8704868 0.1026696 0.8682016 0.09809905 0.8704868 0.09809905 0.8704868 0.06153452 0.8682016 0.06610512 0.8682016 0.06153452 0.8704868 0.09809905 0.8682016 0.09352844 0.8704868 0.09352844 0.8704868 0.06153452 0.8682016 0.05696398 0.8704868 0.05696398 0.8704868 0.0889579 0.8682016 0.09352844 0.8682016 0.0889579 0.8704868 0.05239343 0.8682016 0.05696398 0.8682016 0.05239343 0.8704868 0.0889579 0.8682016 0.08438736 0.8704868 0.08438736 0.8682016 0.09809905 0.8659163 0.1026696 0.8659163 0.09809899 0.8682016 0.06153452 0.8659163 0.06610512 0.8659163 0.06153452 0.8682016 0.09352844 0.8659163 0.09809899 0.8659163 0.09352844 0.8682016 0.06153452 0.8659163 0.05696398 0.8682016 0.05696398 0.7397503 0.6778008 0.603165 0.7934879 0.6321262 0.6661452 0.8682016 0.05696398 0.8659162 0.05239343 0.8682016 0.05239343 0.7755162 0.5398052 0.6321262 0.6661452 0.6551641 0.5191489 0.8682016 0.05239343 0.8659163 0.04782283 0.8682016 0.04782283 0.7951135 0.3986588 0.6551641 0.5191489 0.6691221 0.3688348 0.8682016 0.04325228 0.8659163 0.04782283 0.8659163 0.04325228 0.7968229 0.2695031 0.6691221 0.3688348 0.6725043 0.2328156 0.4304829 0.4460164 0.505679 0.1197865 0.4968525 0.4533672 0.9000726 0.03868174 0.8682016 0.04325228 0.8659163 0.04325228 0.8682016 0.07524621 0.8659163 0.07067567 0.8682016 0.07067567 0.3616326 0.775146 0.4968525 0.4533672 0.4895622 0.7919233 0.8682016 0.07067567 0.8659163 0.06610512 0.8682016 0.06610512 0.07276374 0.930771 0.07276374 0.9339632 0.07435983 0.9339632 0.07276374 0.9531162 0.07276374 0.9563084 0.07435983 0.9563084 0.07276374 0.9275788 0.07276374 0.930771 0.07435983 0.930771 0.07276374 0.949924 0.07276374 0.9531162 0.07435983 0.9531162 0.07276374 0.9243867 0.07276374 0.9275788 0.07435983 0.9275788 0.07276374 0.9467318 0.07276374 0.949924 0.07435983 0.949924 0.07276374 0.9211946 0.07276374 0.9243867 0.07435983 0.9243867 0.07276374 0.9435396 0.07276374 0.9467318 0.07435983 0.9467318 0.07276374 0.9180024 0.07276374 0.9211946 0.07435983 0.9211946 0.07276374 0.9403476 0.07276374 0.9435396 0.07435983 0.9435396 0.07276374 0.9148102 0.07276374 0.9180024 0.07435983 0.9180024 0.07435983 0.9371554 0.07276374 0.9371554 0.07276374 0.9403476 0.07276374 0.9339632 0.07276374 0.9371554 0.07435983 0.9371554 0.07276374 0.9563084 0.07276374 0.9595004 0.07435983 0.9595004 0.07276374 0.9339632 0.07116764 0.9339632 0.07116764 0.9371554 0.07276374 0.9563084 0.07116764 0.9563084 0.07116764 0.9595004 0.07116764 0.930771 0.07116764 0.9339632 0.07276374 0.9339632 0.07116764 0.9531162 0.07116764 0.9563084 0.07276374 0.9563084 0.07276374 0.9275788 0.07116764 0.9275788 0.07116764 0.930771 0.07116764 0.949924 0.07116764 0.9531162 0.07276374 0.9531162 0.07276374 0.9243867 0.07116764 0.9243867 0.07116764 0.9275788 0.07276374 0.9467318 0.07116764 0.9467318 0.07116764 0.949924 0.07276374 0.9211946 0.07116764 0.9211946 0.07116764 0.9243867 0.07116764 0.9435396 0.07116764 0.9467318 0.07276374 0.9467318 0.07116764 0.9180024 0.07116764 0.9211946 0.07276374 0.9211946 0.07116764 0.9403476 0.07116764 0.9435396 0.07276374 0.9435396 0.07116764 0.9148102 0.07116764 0.9180024 0.07276374 0.9180024 0.07276374 0.9371554 0.07116764 0.9371554 0.07116764 0.9403476 0.07116764 0.9211946 0.06957155 0.9211946 0.06957155 0.9243867 0.06957155 0.9435396 0.06957155 0.9467318 0.07116764 0.9467318 0.07116764 0.9180024 0.06957155 0.9180024 0.06957155 0.9211946 0.06957155 0.9403476 0.06957155 0.9435396 0.07116764 0.9435396 0.06957155 0.9148102 0.06957155 0.9180024 0.07116764 0.9180024 0.07116764 0.9371554 0.06957155 0.9371554 0.06957155 0.9403476 0.06957155 0.9339632 0.06957155 0.9371554 0.07116764 0.9371554 0.06957155 0.9563084 0.06957155 0.9595004 0.07116764 0.9595004 0.06957155 0.930771 0.06957155 0.9339632 0.07116764 0.9339632 0.07116764 0.9531162 0.06957155 0.9531162 0.06957155 0.9563084 0.07116764 0.9275788 0.06957155 0.9275788 0.06957155 0.930771 0.06957155 0.949924 0.06957155 0.9531162 0.07116764 0.9531162 0.06957155 0.9243867 0.06957155 0.9275788 0.07116764 0.9275788 0.07116764 0.9467318 0.06957155 0.9467318 0.06957155 0.949924 0.06797552 0.9563084 0.06797546 0.9595004 0.06957155 0.9595004 0.06797552 0.930771 0.06797552 0.9339632 0.06957155 0.9339632 0.06797552 0.9531162 0.06797552 0.9563084 0.06957155 0.9563084 0.06957155 0.9275788 0.06797552 0.9275788 0.06797552 0.930771 0.06957155 0.949924 0.06797552 0.949924 0.06797552 0.9531162 0.06957155 0.9243867 0.06797552 0.9243867 0.06797552 0.9275788 0.06957155 0.9467318 0.06797552 0.9467318 0.06797552 0.949924 0.06797552 0.9211946 0.06797552 0.9243867 0.06957155 0.9243867 0.06957155 0.9435396 0.06797552 0.9435396 0.06797552 0.9467318 0.06797552 0.9180024 0.06797552 0.9211946 0.06957155 0.9211946 0.06957155 0.9403476 0.06797552 0.9403476 0.06797552 0.9435396 0.06957155 0.9148102 0.06797552 0.9148102 0.06797552 0.9180024 0.06957155 0.9371554 0.06797552 0.9371554 0.06797552 0.9403476 0.06797552 0.9339632 0.06797552 0.9371554 0.06957155 0.9371554 0.06637942 0.9435396 0.06637942 0.9467318 0.06797552 0.9467318 0.06797552 0.9180024 0.06637942 0.9180024 0.06637942 0.9211946 0.06797552 0.9403476 0.06637942 0.9403476 0.06637942 0.9435396 0.06797552 0.9148102 0.06637942 0.9148102 0.06637942 0.9180024 0.06797552 0.9371554 0.06637942 0.9371554 0.06637942 0.9403476 0.06797552 0.9339632 0.06637942 0.9339632 0.06637942 0.9371554 0.06797552 0.9563084 0.06637942 0.9563084 0.06637942 0.9595004 0.06637942 0.930771 0.06637942 0.9339632 0.06797552 0.9339632 0.06637942 0.9531162 0.06637942 0.9563084 0.06797552 0.9563084 0.06797552 0.9275788 0.06637942 0.9275788 0.06637942 0.930771 0.06637942 0.949924 0.06637942 0.9531162 0.06797552 0.9531162 0.06637942 0.9243867 0.06637942 0.9275788 0.06797552 0.9275788 0.06637942 0.9467318 0.06637942 0.949924 0.06797552 0.949924 0.06797552 0.9211946 0.06637942 0.9211946 0.06637942 0.9243867 0.06478333 0.930771 0.06478333 0.9339632 0.06637942 0.9339632 0.06478333 0.9531162 0.06478333 0.9563084 0.06637942 0.9563084 0.06637942 0.9275788 0.06478333 0.9275788 0.06478333 0.930771 0.06478333 0.949924 0.06478333 0.9531162 0.06637942 0.9531162 0.06637942 0.9243867 0.06478333 0.9243867 0.06478333 0.9275788 0.06478333 0.9467318 0.06478333 0.949924 0.06637942 0.949924 0.06637942 0.9211946 0.06478333 0.9211946 0.06478333 0.9243867 0.06478333 0.9435396 0.06478333 0.9467318 0.06637942 0.9467318 0.06478333 0.9180024 0.06478333 0.9211946 0.06637942 0.9211946 0.06637942 0.9403476 0.06478333 0.9403476 0.06478333 0.9435396 0.06637942 0.9148102 0.06478333 0.9148102 0.06478333 0.9180024 0.06637942 0.9371554 0.06478333 0.9371554 0.06478333 0.9403476 0.06478333 0.9339632 0.06478333 0.9371554 0.06637942 0.9371554 0.06478333 0.9563084 0.06478333 0.9595004 0.06637942 0.9595004 0.06478333 0.9180024 0.06318724 0.9180024 0.06318724 0.9211946 0.06478333 0.9403476 0.06318724 0.9403476 0.06318724 0.9435396 0.06478333 0.9148102 0.06318724 0.9148102 0.06318724 0.9180024 0.06318724 0.9371554 0.06318724 0.9403476 0.06478333 0.9403476 0.06478333 0.9339632 0.06318724 0.9339632 0.06318724 0.9371554 0.06318724 0.9563084 0.06318724 0.9595004 0.06478333 0.9595004 0.06318724 0.930771 0.06318724 0.9339632 0.06478333 0.9339632 0.06318724 0.9531162 0.06318724 0.9563084 0.06478333 0.9563084 0.06478333 0.9275788 0.06318724 0.9275788 0.06318724 0.930771 0.06318724 0.949924 0.06318724 0.9531162 0.06478333 0.9531162 0.06318724 0.9243867 0.06318724 0.9275788 0.06478333 0.9275788 0.06318724 0.9467318 0.06318724 0.949924 0.06478333 0.949924 0.06478333 0.9211946 0.06318724 0.9211946 0.06318724 0.9243867 0.06318724 0.9435396 0.06318724 0.9467318 0.06478333 0.9467318 0.06318724 0.9531162 0.06159114 0.9531162 0.06159114 0.9563084 0.06318724 0.9275788 0.06159114 0.9275788 0.06159114 0.930771 0.06318724 0.949924 0.06159114 0.949924 0.06159114 0.9531162 0.06159114 0.9243867 0.06159114 0.9275788 0.06318724 0.9275788 0.06318724 0.9467318 0.06159114 0.9467318 0.06159114 0.949924 0.06318724 0.9211946 0.06159114 0.9211946 0.06159114 0.9243867 0.06159114 0.9435396 0.06159114 0.9467318 0.06318724 0.9467318 0.06318724 0.9180024 0.06159114 0.9180024 0.06159114 0.9211946 0.06318724 0.9403476 0.06159114 0.9403476 0.06159114 0.9435396 0.06159114 0.9148102 0.06159114 0.9180024 0.06318724 0.9180024 0.06318724 0.9371554 0.06159114 0.9371554 0.06159114 0.9403476 0.06159114 0.9339632 0.06159114 0.9371554 0.06318724 0.9371554 0.06159114 0.9563084 0.06159114 0.9595004 0.06318724 0.9595004 0.06159114 0.930771 0.06159114 0.9339632 0.06318724 0.9339632 0.06159114 0.9403476 0.05999505 0.9403476 0.05999505 0.9435396 0.06159114 0.9148102 0.05999505 0.9148102 0.05999505 0.9180024 0.05999505 0.9371554 0.05999505 0.9403476 0.06159114 0.9403476 0.06159114 0.9339632 0.05999505 0.9339632 0.05999505 0.9371554 0.05999505 0.9563084 0.05999505 0.9595004 0.06159114 0.9595004 0.05999505 0.930771 0.05999505 0.9339632 0.06159114 0.9339632 0.05999505 0.9531162 0.05999505 0.9563084 0.06159114 0.9563084 0.06159114 0.9275788 0.05999505 0.9275788 0.05999505 0.930771 0.05999505 0.949924 0.05999505 0.9531162 0.06159114 0.9531162 0.06159114 0.9243867 0.05999505 0.9243867 0.05999505 0.9275788 0.06159114 0.9467318 0.05999505 0.9467318 0.05999505 0.949924 0.06159114 0.9211946 0.05999505 0.9211946 0.05999505 0.9243867 0.05999505 0.9435396 0.05999505 0.9467318 0.06159114 0.9467318 0.06159114 0.9180024 0.05999505 0.9180024 0.05999505 0.9211946 0.05999505 0.9275788 0.05839902 0.9275788 0.05839902 0.930771 0.05839902 0.949924 0.05839902 0.9531162 0.05999505 0.9531162 0.05839902 0.9243867 0.05839902 0.9275788 0.05999505 0.9275788 0.05999505 0.9467318 0.05839902 0.9467318 0.05839902 0.949924 0.05999505 0.9211946 0.05839902 0.9211946 0.05839902 0.9243867 0.05839902 0.9435396 0.05839902 0.9467318 0.05999505 0.9467318 0.05839902 0.9180024 0.05839902 0.9211946 0.05999505 0.9211946 0.05999505 0.9403476 0.05839902 0.9403476 0.05839902 0.9435396 0.05839896 0.9148102 0.05839902 0.9180024 0.05999505 0.9180024 0.05839902 0.9371554 0.05839902 0.9403476 0.05999505 0.9403476 0.05999505 0.9339632 0.05839902 0.9339632 0.05839902 0.9371554 0.05839902 0.9563084 0.05839902 0.9595004 0.05999505 0.9595004 0.05839902 0.930771 0.05839902 0.9339632 0.05999505 0.9339632 0.05839902 0.9531162 0.05839902 0.9563084 0.05999505 0.9563084 0.05680292 0.9148102 0.05680292 0.9180024 0.05839902 0.9180024 0.05680292 0.9371554 0.05680292 0.9403476 0.05839902 0.9403476 0.05839902 0.9339632 0.05680292 0.9339632 0.05680292 0.9371554 0.05839902 0.9563084 0.05680292 0.9563084 0.05680292 0.9595004 0.05680292 0.930771 0.05680292 0.9339632 0.05839902 0.9339632 0.05680292 0.9531162 0.05680292 0.9563084 0.05839902 0.9563084 0.05839902 0.9275788 0.05680292 0.9275788 0.05680292 0.930771 0.05680292 0.949924 0.05680292 0.9531162 0.05839902 0.9531162 0.05680292 0.9243867 0.05680292 0.9275788 0.05839902 0.9275788 0.05839902 0.9467318 0.05680292 0.9467318 0.05680292 0.949924 0.05839902 0.9211946 0.05680292 0.9211946 0.05680292 0.9243867 0.05680292 0.9435396 0.05680292 0.9467318 0.05839902 0.9467318 0.05680292 0.9180024 0.05680292 0.9211946 0.05839902 0.9211946 0.05839902 0.9403476 0.05680292 0.9403476 0.05680292 0.9435396 0.05520683 0.9243867 0.05520683 0.9275788 0.05680292 0.9275788 0.05520683 0.9467318 0.05520683 0.949924 0.05680292 0.949924 0.05680292 0.9211946 0.05520683 0.9211946 0.05520683 0.9243867 0.05520683 0.9435396 0.05520683 0.9467318 0.05680292 0.9467318 0.05520683 0.9180024 0.05520683 0.9211946 0.05680292 0.9211946 0.05680292 0.9403476 0.05520683 0.9403476 0.05520683 0.9435396 0.05520683 0.9148102 0.05520683 0.9180024 0.05680292 0.9180024 0.05680292 0.9371554 0.05520683 0.9371554 0.05520683 0.9403476 0.05520683 0.9339632 0.05520683 0.9371554 0.05680292 0.9371554 0.05520683 0.9563084 0.05520683 0.9595004 0.05680292 0.9595004 0.05520683 0.930771 0.05520683 0.9339632 0.05680292 0.9339632 0.05520683 0.9531162 0.05520683 0.9563084 0.05680292 0.9563084 0.05680292 0.9275788 0.05520683 0.9275788 0.05520683 0.930771 0.05520683 0.949924 0.05520683 0.9531162 0.05680292 0.9531162 0.05361074 0.9339632 0.05361074 0.9371554 0.05520683 0.9371554 0.05361074 0.9563084 0.05361074 0.9595004 0.05520683 0.9595004 0.05361074 0.930771 0.05361074 0.9339632 0.05520683 0.9339632 0.05520683 0.9531162 0.05361074 0.9531162 0.05361074 0.9563084 0.05520683 0.9275788 0.05361074 0.9275788 0.05361074 0.930771 0.05361074 0.949924 0.05361074 0.9531162 0.05520683 0.9531162 0.05361074 0.9243867 0.05361074 0.9275788 0.05520683 0.9275788 0.05520683 0.9467318 0.05361074 0.9467318 0.05361074 0.949924 0.05520683 0.9211946 0.05361074 0.9211946 0.05361074 0.9243867 0.05361074 0.9435396 0.05361074 0.9467318 0.05520683 0.9467318 0.05520683 0.9180024 0.05361074 0.9180024 0.05361074 0.9211946 0.05520683 0.9403476 0.05361074 0.9403476 0.05361074 0.9435396 0.05520683 0.9148102 0.05361074 0.9148102 0.05361074 0.9180024 0.05361074 0.9371554 0.05361074 0.9403476 0.05520683 0.9403476 0.05361074 0.9467318 0.05201464 0.9467318 0.05201464 0.949924 0.05361074 0.9211946 0.05201464 0.9211946 0.05201464 0.9243867 0.05201464 0.9435396 0.05201464 0.9467318 0.05361074 0.9467318 0.05361074 0.9180024 0.05201464 0.9180024 0.05201464 0.9211946 0.05361074 0.9403476 0.05201464 0.9403476 0.05201464 0.9435396 0.05201464 0.9148102 0.05201464 0.9180024 0.05361074 0.9180024 0.05201464 0.9371554 0.05201464 0.9403476 0.05361074 0.9403476 0.05361074 0.9339632 0.05201464 0.9339632 0.05201464 0.9371554 0.05201464 0.9563084 0.05201464 0.9595004 0.05361074 0.9595004 0.05201464 0.930771 0.05201464 0.9339632 0.05361074 0.9339632 0.05201464 0.9531162 0.05201464 0.9563084 0.05361074 0.9563084 0.05361074 0.9275788 0.05201464 0.9275788 0.05201464 0.930771 0.05361074 0.949924 0.05201464 0.949924 0.05201464 0.9531162 0.05361074 0.9243867 0.05201464 0.9243867 0.05201464 0.9275788 0.05041861 0.9339632 0.05041861 0.9371554 0.05201464 0.9371554 0.05201464 0.9563084 0.05041861 0.9563084 0.05041861 0.9595004 0.05041861 0.930771 0.05041861 0.9339632 0.05201464 0.9339632 0.05201464 0.9531162 0.05041861 0.9531162 0.05041861 0.9563084 0.05201464 0.9275788 0.05041861 0.9275788 0.05041861 0.930771 0.05201464 0.949924 0.05041861 0.949924 0.05041861 0.9531162 0.05201464 0.9243867 0.05041861 0.9243867 0.05041861 0.9275788 0.05041861 0.9467318 0.05041861 0.949924 0.05201464 0.949924 0.05041861 0.9211946 0.05041861 0.9243867 0.05201464 0.9243867 0.05041861 0.9435396 0.05041861 0.9467318 0.05201464 0.9467318 0.05041861 0.9180024 0.05041861 0.9211946 0.05201464 0.9211946 0.05201464 0.9403476 0.05041861 0.9403476 0.05041861 0.9435396 0.05201464 0.9148102 0.05041861 0.9148102 0.05041861 0.9180024 0.05201464 0.9371554 0.05041861 0.9371554 0.05041861 0.9403476 0.05041861 0.9211946 0.04882252 0.9211946 0.04882252 0.9243867 0.04882252 0.9435396 0.04882252 0.9467318 0.05041861 0.9467318 0.04882252 0.9180024 0.04882252 0.9211946 0.05041861 0.9211946 0.05041861 0.9403476 0.04882252 0.9403476 0.04882252 0.9435396 0.05041861 0.9148102 0.04882252 0.9148102 0.04882252 0.9180024 0.04882252 0.9371554 0.04882252 0.9403476 0.05041861 0.9403476 0.04882252 0.9339632 0.04882252 0.9371554 0.05041861 0.9371554 0.04882252 0.9563084 0.04882252 0.9595004 0.05041861 0.9595004 0.04882252 0.930771 0.04882252 0.9339632 0.05041861 0.9339632 0.04882252 0.9531162 0.04882252 0.9563084 0.05041861 0.9563084 0.05041861 0.9275788 0.04882252 0.9275788 0.04882252 0.930771 0.05041861 0.949924 0.04882252 0.949924 0.04882252 0.9531162 0.04882252 0.9243867 0.04882252 0.9275788 0.05041861 0.9275788 0.05041861 0.9467318 0.04882252 0.9467318 0.04882252 0.949924 0.04722642 0.9563084 0.04722642 0.9595004 0.04882252 0.9595004 0.04722642 0.930771 0.04722642 0.9339632 0.04882252 0.9339632 0.04882252 0.9531162 0.04722642 0.9531162 0.04722642 0.9563084 0.04882252 0.9275788 0.04722642 0.9275788 0.04722642 0.930771 0.04722642 0.949924 0.04722642 0.9531162 0.04882252 0.9531162 0.04722642 0.9243867 0.04722642 0.9275788 0.04882252 0.9275788 0.04722642 0.9467318 0.04722642 0.949924 0.04882252 0.949924 0.04882252 0.9211946 0.04722642 0.9211946 0.04722642 0.9243867 0.04722642 0.9435396 0.04722642 0.9467318 0.04882252 0.9467318 0.04882252 0.9180024 0.04722642 0.9180024 0.04722642 0.9211946 0.04882252 0.9403476 0.04722642 0.9403476 0.04722642 0.9435396 0.04722642 0.9148102 0.04722642 0.9180024 0.04882252 0.9180024 0.04882252 0.9371554 0.04722642 0.9371554 0.04722642 0.9403476 0.04722642 0.9339632 0.04722642 0.9371554 0.04882252 0.9371554 0.04563033 0.9435396 0.04563033 0.9467318 0.04722642 0.9467318 0.04722642 0.9180024 0.04563033 0.9180024 0.04563033 0.9211946 0.04722642 0.9403476 0.04563033 0.9403476 0.04563033 0.9435396 0.04722642 0.9148102 0.04563033 0.9148102 0.04563033 0.9180024 0.04563033 0.9371554 0.04563033 0.9403476 0.04722642 0.9403476 0.04563033 0.9339632 0.04563033 0.9371554 0.04722642 0.9371554 0.04563033 0.9563084 0.04563033 0.9595004 0.04722642 0.9595004 0.04563033 0.930771 0.04563033 0.9339632 0.04722642 0.9339632 0.04563033 0.9531162 0.04563033 0.9563084 0.04722642 0.9563084 0.04722642 0.9275788 0.04563033 0.9275788 0.04563033 0.930771 0.04722642 0.949924 0.04563033 0.949924 0.04563033 0.9531162 0.04563033 0.9243867 0.04563033 0.9275788 0.04722642 0.9275788 0.04722642 0.9467318 0.04563033 0.9467318 0.04563033 0.949924 0.04563033 0.9211946 0.04563033 0.9243867 0.04722642 0.9243867 0.04403424 0.930771 0.04403424 0.9339632 0.04563033 0.9339632 0.04403424 0.9531162 0.04403424 0.9563084 0.04563033 0.9563084 0.04563033 0.9275788 0.04403424 0.9275788 0.04403424 0.930771 0.04563033 0.949924 0.04403424 0.949924 0.04403424 0.9531162 0.04403424 0.9243867 0.04403424 0.9275788 0.04563033 0.9275788 0.04403424 0.9467318 0.04403424 0.949924 0.04563033 0.949924 0.04563033 0.9211946 0.04403424 0.9211946 0.04403424 0.9243867 0.04403424 0.9435396 0.04403424 0.9467318 0.04563033 0.9467318 0.04563033 0.9180024 0.04403424 0.9180024 0.04403424 0.9211946 0.04563033 0.9403476 0.04403424 0.9403476 0.04403424 0.9435396 0.04563033 0.9148102 0.04403424 0.9148102 0.04403424 0.9180024 0.04563033 0.9371554 0.04403424 0.9371554 0.04403424 0.9403476 0.04403424 0.9339632 0.04403424 0.9371554 0.04563033 0.9371554 0.04403424 0.9563084 0.0440343 0.9595004 0.04563033 0.9595004 0.0424382 0.9180024 0.0424382 0.9211946 0.04403424 0.9211946 0.04403424 0.9403476 0.0424382 0.9403476 0.0424382 0.9435396 0.0424382 0.9148102 0.0424382 0.9180024 0.04403424 0.9180024 0.04403424 0.9371554 0.0424382 0.9371554 0.0424382 0.9403476 0.0424382 0.9339632 0.0424382 0.9371554 0.04403424 0.9371554 0.0424382 0.9563084 0.0424382 0.9595004 0.0440343 0.9595004 0.0424382 0.930771 0.0424382 0.9339632 0.04403424 0.9339632 0.0424382 0.9531162 0.0424382 0.9563084 0.04403424 0.9563084 0.04403424 0.9275788 0.0424382 0.9275788 0.0424382 0.930771 0.04403424 0.949924 0.0424382 0.949924 0.0424382 0.9531162 0.0424382 0.9243867 0.0424382 0.9275788 0.04403424 0.9275788 0.04403424 0.9467318 0.0424382 0.9467318 0.0424382 0.949924 0.0424382 0.9211946 0.0424382 0.9243867 0.04403424 0.9243867 0.0424382 0.9435396 0.0424382 0.9467318 0.04403424 0.9467318 0.0424382 0.9275788 0.04084211 0.9275788 0.04084211 0.930771 0.04084211 0.949924 0.04084211 0.9531162 0.0424382 0.9531162 0.04084211 0.9243867 0.04084211 0.9275788 0.0424382 0.9275788 0.0424382 0.9467318 0.04084211 0.9467318 0.04084211 0.949924 0.0424382 0.9211946 0.04084211 0.9211946 0.04084211 0.9243867 0.04084211 0.9435396 0.04084211 0.9467318 0.0424382 0.9467318 0.0424382 0.9180024 0.04084211 0.9180024 0.04084211 0.9211946 0.0424382 0.9403476 0.04084211 0.9403476 0.04084211 0.9435396 0.04084211 0.9148102 0.04084211 0.9180024 0.0424382 0.9180024 0.04084211 0.9371554 0.04084211 0.9403476 0.0424382 0.9403476 0.0424382 0.9339632 0.04084211 0.9339632 0.04084211 0.9371554 0.04084211 0.9563084 0.04084211 0.9595004 0.0424382 0.9595004 0.04084211 0.930771 0.04084211 0.9339632 0.0424382 0.9339632 0.04084211 0.9531162 0.04084211 0.9563084 0.0424382 0.9563084 0.04084211 0.9148102 0.03924602 0.9148102 0.03924602 0.9180024 0.03924602 0.9371554 0.03924602 0.9403476 0.04084211 0.9403476 0.04084211 0.9339632 0.03924602 0.9339632 0.03924602 0.9371554 0.03924602 0.9563084 0.03924602 0.9595004 0.04084211 0.9595004 0.03924602 0.930771 0.03924602 0.9339632 0.04084211 0.9339632 0.03924602 0.9531162 0.03924602 0.9563084 0.04084211 0.9563084 0.04084211 0.9275788 0.03924602 0.9275788 0.03924602 0.930771 0.04084211 0.949924 0.03924602 0.949924 0.03924602 0.9531162 0.04084211 0.9243867 0.03924602 0.9243867 0.03924602 0.9275788 0.03924602 0.9467318 0.03924602 0.949924 0.04084211 0.949924 0.04084211 0.9211946 0.03924602 0.9211946 0.03924602 0.9243867 0.03924602 0.9435396 0.03924602 0.9467318 0.04084211 0.9467318 0.04084211 0.9180024 0.03924602 0.9180024 0.03924602 0.9211946 0.04084211 0.9403476 0.03924602 0.9403476 0.03924602 0.9435396 0.03924602 0.949924 0.03764992 0.949924 0.03764992 0.9531162 0.03764992 0.9243867 0.03764992 0.9275788 0.03924602 0.9275788 0.03764992 0.9467318 0.03764992 0.949924 0.03924602 0.949924 0.03924602 0.9211946 0.03764992 0.9211946 0.03764992 0.9243867 0.03764992 0.9435396 0.03764992 0.9467318 0.03924602 0.9467318 0.03924602 0.9180024 0.03764992 0.9180024 0.03764992 0.9211946 0.03924602 0.9403476 0.03764992 0.9403476 0.03764992 0.9435396 0.03924602 0.9148102 0.03764992 0.9148102 0.03764992 0.9180024 0.03764992 0.9371554 0.03764992 0.9403476 0.03924602 0.9403476 0.03924602 0.9339632 0.03764992 0.9339632 0.03764992 0.9371554 0.03924602 0.9563084 0.03764992 0.9563084 0.03764992 0.9595004 0.03764992 0.930771 0.03764992 0.9339632 0.03924602 0.9339632 0.03764992 0.9531162 0.03764992 0.9563084 0.03924602 0.9563084 0.03924602 0.9275788 0.03764992 0.9275788 0.03764992 0.930771 0.03605383 0.9371554 0.03605383 0.9403476 0.03764992 0.9403476 0.03764992 0.9339632 0.03605383 0.9339632 0.03605383 0.9371554 0.03605383 0.9563084 0.03605383 0.9595004 0.03764992 0.9595004 0.03605383 0.930771 0.03605383 0.9339632 0.03764992 0.9339632 0.03605383 0.9531162 0.03605383 0.9563084 0.03764992 0.9563084 0.03764992 0.9275788 0.03605383 0.9275788 0.03605383 0.930771 0.03605383 0.949924 0.03605383 0.9531162 0.03764992 0.9531162 0.03605383 0.9243867 0.03605383 0.9275788 0.03764992 0.9275788 0.03764992 0.9467318 0.03605383 0.9467318 0.03605383 0.949924 0.03605383 0.9211946 0.03605383 0.9243867 0.03764992 0.9243867 0.03605383 0.9435396 0.03605383 0.9467318 0.03764992 0.9467318 0.03764992 0.9180024 0.03605383 0.9180024 0.03605383 0.9211946 0.03764992 0.9403476 0.03605383 0.9403476 0.03605383 0.9435396 0.03605389 0.9148102 0.03605383 0.9180024 0.03764992 0.9180024 0.0344578 0.9243867 0.0344578 0.9275788 0.03605383 0.9275788 0.0344578 0.9467318 0.0344578 0.949924 0.03605383 0.949924 0.0344578 0.9211946 0.0344578 0.9243867 0.03605383 0.9243867 0.0344578 0.9435396 0.0344578 0.9467318 0.03605383 0.9467318 0.03605383 0.9180024 0.0344578 0.9180024 0.0344578 0.9211946 0.03605383 0.9403476 0.0344578 0.9403476 0.0344578 0.9435396 0.03605389 0.9148102 0.0344578 0.9148102 0.0344578 0.9180024 0.0344578 0.9371554 0.0344578 0.9403476 0.03605383 0.9403476 0.03605383 0.9339632 0.0344578 0.9339632 0.0344578 0.9371554 0.03605383 0.9563084 0.0344578 0.9563084 0.0344578 0.9595004 0.0344578 0.930771 0.0344578 0.9339632 0.03605383 0.9339632 0.0344578 0.9531162 0.0344578 0.9563084 0.03605383 0.9563084 0.03605383 0.9275788 0.0344578 0.9275788 0.0344578 0.930771 0.03605383 0.949924 0.0344578 0.949924 0.0344578 0.9531162 0.0344578 0.9339632 0.0328617 0.9339632 0.0328617 0.9371554 0.0344578 0.9563084 0.0328617 0.9563084 0.0328617 0.9595004 0.0328617 0.930771 0.0328617 0.9339632 0.0344578 0.9339632 0.0344578 0.9531162 0.0328617 0.9531162 0.0328617 0.9563084 0.0344578 0.9275788 0.0328617 0.9275788 0.0328617 0.930771 0.0344578 0.949924 0.0328617 0.949924 0.0328617 0.9531162 0.0328617 0.9243867 0.0328617 0.9275788 0.0344578 0.9275788 0.0344578 0.9467318 0.0328617 0.9467318 0.0328617 0.949924 0.0344578 0.9211946 0.0328617 0.9211946 0.0328617 0.9243867 0.0328617 0.9435396 0.0328617 0.9467318 0.0344578 0.9467318 0.0344578 0.9180024 0.0328617 0.9180024 0.0328617 0.9211946 0.0344578 0.9403476 0.0328617 0.9403476 0.0328617 0.9435396 0.0328617 0.9148102 0.0328617 0.9180024 0.0344578 0.9180024 0.0344578 0.9371554 0.0328617 0.9371554 0.0328617 0.9403476 0.0328617 0.9467318 0.03126561 0.9467318 0.03126561 0.949924 0.03126561 0.9211946 0.03126561 0.9243867 0.0328617 0.9243867 0.03126561 0.9435396 0.03126561 0.9467318 0.0328617 0.9467318 0.0328617 0.9180024 0.03126561 0.9180024 0.03126561 0.9211946 0.0328617 0.9403476 0.03126561 0.9403476 0.03126561 0.9435396 0.03126561 0.9148102 0.03126561 0.9180024 0.0328617 0.9180024 0.03126561 0.9371554 0.03126561 0.9403476 0.0328617 0.9403476 0.03126561 0.9339632 0.03126561 0.9371554 0.0328617 0.9371554 0.03126561 0.9563084 0.03126561 0.9595004 0.0328617 0.9595004 0.03126561 0.930771 0.03126561 0.9339632 0.0328617 0.9339632 0.03126561 0.9531162 0.03126561 0.9563084 0.0328617 0.9563084 0.0328617 0.9275788 0.03126561 0.9275788 0.03126561 0.930771 0.0328617 0.949924 0.03126561 0.949924 0.03126561 0.9531162 0.03126561 0.9243867 0.03126561 0.9275788 0.0328617 0.9275788 0.02966952 0.9339632 0.02966952 0.9371554 0.03126561 0.9371554 0.03126561 0.9563084 0.02966952 0.9563084 0.02966952 0.9595004 0.02966952 0.930771 0.02966952 0.9339632 0.03126561 0.9339632 0.03126561 0.9531162 0.02966952 0.9531162 0.02966952 0.9563084 0.03126561 0.9275788 0.02966952 0.9275788 0.02966952 0.930771 0.02966952 0.949924 0.02966952 0.9531162 0.03126561 0.9531162 0.02966952 0.9243867 0.02966952 0.9275788 0.03126561 0.9275788 0.03126561 0.9467318 0.02966952 0.9467318 0.02966952 0.949924 0.03126561 0.9211946 0.02966952 0.9211945 0.02966952 0.9243867 0.02966952 0.9435396 0.02966952 0.9467318 0.03126561 0.9467318 0.02966952 0.9180024 0.02966952 0.9211945 0.03126561 0.9211946 0.03126561 0.9403476 0.02966952 0.9403476 0.02966952 0.9435396 0.02966952 0.9148102 0.02966952 0.9180024 0.03126561 0.9180024 0.03126561 0.9371554 0.02966952 0.9371554 0.02966952 0.9403476 0.02807343 0.9211945 0.02807343 0.9243867 0.02966952 0.9243867 0.02807343 0.9435396 0.02807343 0.9467318 0.02966952 0.9467318 0.02807343 0.9180024 0.02807343 0.9211945 0.02966952 0.9211945 0.02966952 0.9403476 0.02807343 0.9403476 0.02807343 0.9435396 0.02807343 0.9148102 0.02807343 0.9180024 0.02966952 0.9180024 0.02966952 0.9371554 0.02807343 0.9371554 0.02807343 0.9403476 0.02807343 0.9339632 0.02807343 0.9371554 0.02966952 0.9371554 0.02966952 0.9563084 0.02807343 0.9563084 0.02807343 0.9595004 0.02807343 0.930771 0.02807343 0.9339632 0.02966952 0.9339632 0.02807343 0.9531162 0.02807343 0.9563084 0.02966952 0.9563084 0.02966952 0.9275788 0.02807343 0.9275788 0.02807343 0.930771 0.02966952 0.949924 0.02807343 0.949924 0.02807343 0.9531162 0.02807343 0.9243867 0.02807343 0.9275788 0.02966952 0.9275788 0.02966952 0.9467318 0.02807343 0.9467318 0.02807343 0.949924 0.02647733 0.930771 0.02647733 0.9339632 0.02807343 0.9339632 0.02807343 0.9531162 0.02647733 0.9531162 0.02647733 0.9563084 0.02807343 0.9275788 0.02647733 0.9275788 0.02647733 0.930771 0.02807343 0.949924 0.02647733 0.949924 0.02647733 0.9531162 0.02647733 0.9243867 0.02647733 0.9275788 0.02807343 0.9275788 0.02807343 0.9467318 0.02647733 0.9467318 0.02647733 0.949924 0.02647733 0.9211945 0.02647733 0.9243867 0.02807343 0.9243867 0.02647733 0.9435396 0.02647733 0.9467318 0.02807343 0.9467318 0.02647733 0.9180024 0.02647733 0.9211945 0.02807343 0.9211945 0.02807343 0.9403476 0.02647733 0.9403476 0.02647733 0.9435396 0.02647739 0.9148102 0.02647733 0.9180024 0.02807343 0.9180024 0.02647733 0.9371554 0.02647733 0.9403476 0.02807343 0.9403476 0.02647733 0.9339632 0.02647733 0.9371554 0.02807343 0.9371554 0.02807343 0.9563084 0.02647733 0.9563084 0.02647733 0.9595004 0.02647733 0.9180024 0.0248813 0.9180024 0.0248813 0.9211945 0.02647733 0.9403476 0.02488136 0.9403476 0.0248813 0.9435396 0.0248813 0.9148102 0.0248813 0.9180024 0.02647733 0.9180024 0.02488136 0.9371554 0.02488136 0.9403476 0.02647733 0.9403476 0.02647733 0.9339632 0.02488136 0.9339632 0.02488136 0.9371554 0.02488136 0.9563084 0.0248813 0.9595004 0.02647733 0.9595004 0.0248813 0.930771 0.02488136 0.9339632 0.02647733 0.9339632 0.02488136 0.9531162 0.02488136 0.9563084 0.02647733 0.9563084 0.02647733 0.9275788 0.02488136 0.9275788 0.0248813 0.930771 0.02647733 0.949924 0.02488136 0.949924 0.02488136 0.9531162 0.0248813 0.9243867 0.02488136 0.9275788 0.02647733 0.9275788 0.02647733 0.9467318 0.02488136 0.9467318 0.02488136 0.949924 0.02647733 0.9211945 0.0248813 0.9211945 0.0248813 0.9243867 0.0248813 0.9435396 0.02488136 0.9467318 0.02647733 0.9467318 0.02488136 0.9531162 0.02328521 0.9531162 0.02328521 0.9563084 0.02488136 0.9275788 0.02328521 0.9275788 0.02328521 0.930771 0.02488136 0.949924 0.02328521 0.949924 0.02328521 0.9531162 0.02328521 0.9243867 0.02328521 0.9275788 0.02488136 0.9275788 0.02488136 0.9467318 0.02328521 0.9467318 0.02328521 0.949924 0.02328515 0.9211946 0.02328521 0.9243867 0.0248813 0.9243867 0.0248813 0.9435396 0.02328521 0.9435396 0.02328521 0.9467318 0.02328521 0.9180024 0.02328515 0.9211946 0.0248813 0.9211945 0.02488136 0.9403476 0.02328521 0.9403476 0.02328521 0.9435396 0.02328526 0.9148102 0.02328521 0.9180024 0.0248813 0.9180024 0.02488136 0.9371554 0.02328521 0.9371554 0.02328521 0.9403476 0.02328521 0.9339632 0.02328521 0.9371554 0.02488136 0.9371554 0.07595592 0.9563084 0.07435983 0.9563084 0.07435983 0.9595004 0.02328521 0.930771 0.02328521 0.9339632 0.02488136 0.9339632 0.9285154 0.9269136 0.9321255 0.9239508 0.9345868 0.9276344 0.9260302 0.9244284 0.928993 0.9208183 0.9321255 0.9239508 0.9253094 0.918357 0.928993 0.9208183 0.9260302 0.9244284 0.9198609 0.9211308 0.9212166 0.9166616 0.9253094 0.918357 0.9168715 0.9157974 0.9212166 0.9166616 0.9198609 0.9211308 0.9124414 0.9157974 0.9168715 0.9157974 0.9164139 0.920445 0.9094521 0.9211308 0.9080964 0.9166616 0.9124414 0.9157974 0.9062051 0.9224757 0.9040035 0.918357 0.9080964 0.9166616 0.9003201 0.9208183 0.9040035 0.918357 0.9062051 0.9224757 0.8971875 0.9239508 0.9003201 0.9208183 0.9032828 0.9244284 0.898845 0.9298358 0.8947263 0.9276344 0.8971875 0.9239508 0.8974999 0.9330829 0.8930308 0.9317272 0.8947263 0.9276344 0.8968143 0.9365301 0.8921666 0.9360722 0.8930308 0.9317272 0.8968143 0.9400446 0.8921666 0.9405024 0.8921666 0.9360722 0.8974999 0.9434916 0.8930309 0.9448473 0.8921666 0.9405024 0.8947263 0.9489402 0.8930309 0.9448473 0.8974999 0.9434916 0.8971875 0.9526237 0.8947263 0.9489402 0.898845 0.9467386 0.9032827 0.9521461 0.90032 0.9557562 0.8971875 0.9526237 0.9040035 0.9582175 0.90032 0.9557562 0.9032827 0.9521461 0.909452 0.9554437 0.9080964 0.9599129 0.9040035 0.9582175 0.9124413 0.9607771 0.9080964 0.9599129 0.909452 0.9554437 0.9164139 0.9561294 0.9168715 0.9607771 0.9124413 0.9607771 0.9212166 0.9599129 0.9168715 0.9607771 0.9164139 0.9561294 0.923108 0.9540988 0.9253094 0.9582175 0.9212166 0.9599129 0.9260302 0.9521461 0.928993 0.9557562 0.9253094 0.9582175 0.9321255 0.9526237 0.928993 0.9557562 0.9260302 0.9521461 0.9345868 0.9489402 0.9321255 0.9526237 0.9285154 0.949661 0.931813 0.9434916 0.936282 0.9448472 0.9345868 0.9489402 0.9324986 0.9400446 0.9371463 0.9405024 0.936282 0.9448472 0.9371463 0.9360722 0.9371463 0.9405024 0.9324986 0.9400446 0.936282 0.9317272 0.9371463 0.9360722 0.9324986 0.9365299 0.930468 0.9298359 0.9345868 0.9276344 0.936282 0.9317272 0.9710279 0.9521461 0.9735132 0.949661 0.9771233 0.9526237 0.9681057 0.9540988 0.9710279 0.9521461 0.9739907 0.9557562 0.9681057 0.9540988 0.9703072 0.9582175 0.9662143 0.9599129 0.9614115 0.9561294 0.9648586 0.9554437 0.9662143 0.9599129 0.9614115 0.9561294 0.9618692 0.9607771 0.957439 0.9607771 0.9578969 0.9561294 0.957439 0.9607771 0.9530941 0.9599129 0.9512028 0.9540988 0.9544498 0.9554437 0.9530941 0.9599129 0.9482805 0.9521461 0.9512028 0.9540988 0.9490012 0.9582175 0.9482805 0.9521461 0.9453178 0.9557562 0.9421852 0.9526237 0.9457952 0.949661 0.9421852 0.9526237 0.939724 0.9489402 0.9424976 0.9434916 0.9438427 0.9467386 0.939724 0.9489402 0.9418121 0.9400446 0.9424976 0.9434916 0.9380285 0.9448472 0.9418121 0.9365299 0.9418121 0.9400446 0.9371643 0.9405024 0.9424976 0.9330829 0.9418121 0.9365299 0.9371643 0.9360722 0.9438427 0.9298358 0.9424976 0.9330829 0.9380287 0.9317272 0.9438427 0.9298358 0.939724 0.9276344 0.9421852 0.9239508 0.9457952 0.9269136 0.9421852 0.9239508 0.9453178 0.9208183 0.9512028 0.9224757 0.9482805 0.9244283 0.9453178 0.9208183 0.9512028 0.9224757 0.9490012 0.918357 0.9530941 0.9166616 0.9578969 0.920445 0.9544498 0.9211308 0.9530941 0.9166616 0.9578969 0.920445 0.957439 0.9157974 0.9618692 0.9157974 0.9648586 0.9211308 0.9614115 0.920445 0.9618692 0.9157974 0.9648586 0.9211308 0.9662143 0.9166616 0.9703072 0.918357 0.9710279 0.9244284 0.9681057 0.9224757 0.9703072 0.918357 0.9735132 0.9269136 0.9710279 0.9244284 0.9739907 0.9208183 0.9735132 0.9269136 0.9771233 0.9239508 0.9795845 0.9276344 0.9754657 0.9298358 0.9795845 0.9276344 0.9812797 0.9317272 0.9774963 0.9365299 0.9768106 0.9330829 0.9812797 0.9317272 0.9774963 0.9400446 0.9774963 0.9365299 0.9821441 0.9360722 0.9774963 0.9400446 0.9821441 0.9405024 0.9812797 0.9448473 0.9768106 0.9434916 0.9812797 0.9448473 0.9795845 0.9489402 0.9735132 0.949661 0.9754657 0.9467387 0.9795845 0.9489402 0.9390453 0.07067567 0.93676 0.07067567 0.93676 0.06610512 0.9390453 0.09809899 0.9390453 0.1026696 0.93676 0.1026696 0.9817879 0.7908775 0.6962043 0.843408 0.6889995 0.5034223 0.9390453 0.09352844 0.9390453 0.09809899 0.93676 0.09809899 0.9546837 0.4662334 0.6889995 0.5034223 0.662207 0.1464852 0.6321262 0.6661452 0.603165 0.7934879 0.502649 0.7906737 0.9390453 0.05696398 0.93676 0.05696398 0.93676 0.05239343 0.6321262 0.6661452 0.5083825 0.6592646 0.5147652 0.5068354 0.9390453 0.05239343 0.93676 0.05239343 0.93676 0.04782289 0.6551641 0.5191489 0.5147652 0.5068354 0.5210427 0.3509751 0.9390453 0.04782283 0.93676 0.04782289 0.93676 0.04325228 0.6725043 0.2328156 0.6691221 0.3688348 0.5210427 0.3509751 0.9390453 0.07524621 0.93676 0.07524621 0.93676 0.07067567 0.4895622 0.7919233 0.4968525 0.4533672 0.5640519 0.448067 0.93676 0.07067567 0.93676 0.07524621 0.9344747 0.07524621 0.5640519 0.448067 0.6292667 0.430229 0.746918 0.7500156 0.93676 0.07067567 0.9344747 0.07067567 0.9344747 0.06610512 0.93676 0.09809899 0.93676 0.1026696 0.9344747 0.1026696 0.6889995 0.5034223 0.6962043 0.843408 0.3766752 0.8542813 0.93676 0.09809899 0.9344747 0.09809899 0.9344747 0.09352844 0.662207 0.1464852 0.6889995 0.5034223 0.3931377 0.5065475 0.502649 0.7906737 0.3994147 0.7902697 0.3804285 0.6582708 0.93676 0.05696398 0.9344747 0.05696398 0.9344747 0.05239343 0.5147652 0.5068354 0.5083825 0.6592646 0.3804285 0.6582708 0.93676 0.05239343 0.9344747 0.05239343 0.9344747 0.04782289 0.5147652 0.5068354 0.3688157 0.5050494 0.3666326 0.3483794 0.93676 0.04782289 0.9344747 0.04782289 0.9344747 0.04325228 0.5210427 0.3509751 0.3666326 0.3483794 0.374062 0.2076813 0.9344747 0.05239343 0.9344747 0.05696398 0.9321894 0.05696398 0.3804285 0.6582708 0.2617409 0.6633328 0.2340239 0.5141263 0.7257145 0.3755615 0.9384629 0.739412 0.7304286 0.8529565 0.3688157 0.5050494 0.2340239 0.5141263 0.2242302 0.3615572 0.7257145 0.3755615 0.5753828 0.450578 0.4134329 0.04364442 0.374062 0.2076813 0.3666326 0.3483794 0.2242302 0.3615572 0.9344747 0.07524621 0.9321894 0.07524621 0.9321894 0.07067567 0.746918 0.7500156 0.6292667 0.430229 0.6897367 0.400541 0.9344747 0.07067567 0.9321894 0.07067567 0.9321894 0.06610512 0.9344747 0.1026696 0.9321894 0.1026696 0.9321894 0.09809899 0.3931377 0.5065475 0.3766752 0.8542813 0.05023849 0.8197705 0.9344747 0.09352844 0.9344747 0.09809899 0.9321894 0.09809899 0.4095304 0.1429405 0.3931377 0.5065475 0.09118843 0.4732695 0.3994147 0.7902697 0.3030266 0.7923344 0.2617409 0.6633328 0.6897367 0.400541 0.7429012 0.3602398 0.9676808 0.6137838 0.9321894 0.07067567 0.9299041 0.07067567 0.9299041 0.06610512 0.9321894 0.1026696 0.9299041 0.1026696 0.9299041 0.09809899 0.9321894 0.06153452 0.9321894 0.06610512 0.9299041 0.06610512 0.9321894 0.09809899 0.9299041 0.09809899 0.9299041 0.09352844 0.9321894 0.06153452 0.9299041 0.06153452 0.9299041 0.05696398 0.9321894 0.0889579 0.9321894 0.09352844 0.9299041 0.09352844 0.9321894 0.05239343 0.9321894 0.05696398 0.9299041 0.05696398 0.9321894 0.08438736 0.9321894 0.0889579 0.9299041 0.0889579 0.7304286 0.8529565 0.4969393 0.9262191 0.4093547 0.4985107 0.9321894 0.08438736 0.9299041 0.08438736 0.9299041 0.07981675 0.4134329 0.04364442 0.5753828 0.450578 0.4093547 0.4985107 0.9321894 0.07524621 0.9321894 0.07981675 0.9299041 0.07981675 0.9321894 0.07524621 0.9299041 0.07524621 0.9299041 0.07067567 0.9299041 0.0889579 0.9276188 0.0889579 0.9276188 0.08438736 0.4093547 0.4985107 0.4969393 0.9262191 0.251807 0.9529856 0.9299041 0.07981675 0.9299041 0.08438736 0.9276188 0.08438736 0.4093547 0.4985107 0.2364991 0.5159317 0.243025 0.07375174 0.9299041 0.07981675 0.9276188 0.07981675 0.9276188 0.07524621 0.9299041 0.07067567 0.9299041 0.07524621 0.9276188 0.07524621 0.9299041 0.1072402 0.9276188 0.1072402 0.9276188 0.1026696 0.9299041 0.07067567 0.9276188 0.07067567 0.9276188 0.06610512 0.9299041 0.09809899 0.9299041 0.1026696 0.9276188 0.1026696 0.9299041 0.06153452 0.9299041 0.06610512 0.9276188 0.06610512 0.9299041 0.09809899 0.9276188 0.09809899 0.9276188 0.09352844 0.9299041 0.06153452 0.9276188 0.06153452 0.9276188 0.05696398 0.9299041 0.09352844 0.9276188 0.09352844 0.9276188 0.0889579 0.9299041 0.05239343 0.9299041 0.05696398 0.9276188 0.05696398 0.9276188 0.07067567 0.9253336 0.07067567 0.9253336 0.06610512 0.9276188 0.1026696 0.9253336 0.1026696 0.9253336 0.09809899 0.9276188 0.06153452 0.9276188 0.06610512 0.9253336 0.06610512 0.7176739 0.9771381 0.5603916 0.9550788 0.6036753 0.6718614 0.9276188 0.06153452 0.9253336 0.06153452 0.9253336 0.05696398 0.8094956 0.7069295 0.6036753 0.6718614 0.6420407 0.3613819 0.9276188 0.05239343 0.9276188 0.05696398 0.9253336 0.05696398 0.8856478 0.4109631 0.6420407 0.3613819 0.6710377 0.05675172 0.9276188 0.04782289 0.9276188 0.05239343 0.9253336 0.05239343 0.9276188 0.07981675 0.9276188 0.08438736 0.9253336 0.08438736 0.9276188 0.04325228 0.9276188 0.04782289 0.9253336 0.04782289 0.9276188 0.07981675 0.9253336 0.07981675 0.9253336 0.07524621 0.9276188 0.07067567 0.9276188 0.07524621 0.9253336 0.07524621 0.9276188 0.1072402 0.9253335 0.1072402 0.9253336 0.1026696 0.9253336 0.05239343 0.9230483 0.05239343 0.9230483 0.04782289 0.9253336 0.07981675 0.9253336 0.08438736 0.9230483 0.08438736 0.9253335 0.04325228 0.9253336 0.04782289 0.9230483 0.04782289 0.9253336 0.07981675 0.9230483 0.07981675 0.9230483 0.07524621 0.7837585 0.6115617 0.7824795 0.742427 0.6528289 0.7686771 0.9253335 0.1072402 0.9230483 0.1072402 0.9230483 0.1026696 0.7837585 0.6115617 0.6523529 0.6339868 0.64287 0.4847407 0.9253336 0.1026696 0.9230483 0.1026696 0.9230483 0.09809899 0.7384708 0.3237621 0.7688736 0.4677138 0.64287 0.4847407 0.5603916 0.9550788 0.3942509 0.9473711 0.3840622 0.6595222 0.7384708 0.3237621 0.6249369 0.3350542 0.6004338 0.199373 0.6420407 0.3613819 0.6036753 0.6718614 0.3840622 0.6595222 0.9253336 0.05239343 0.9253336 0.05696398 0.9230483 0.05696398 0.6420407 0.3613819 0.379948 0.3438379 0.3826605 0.03440487 0.9230483 0.09809899 0.9230483 0.1026696 0.920763 0.1026696 0.6249369 0.3350542 0.64287 0.4847407 0.5029852 0.492528 0.3942509 0.9473711 0.2309656 0.9548067 0.168358 0.671427 0.6004338 0.199373 0.6249369 0.3350542 0.4997807 0.3401952 0.3840622 0.6595222 0.168358 0.671427 0.1225786 0.3607653 0.9230483 0.05239343 0.9230483 0.05696398 0.920763 0.05696398 0.379948 0.3438379 0.1225786 0.3607653 0.09941911 0.05596667 0.9230483 0.04782289 0.9230483 0.05239343 0.920763 0.05239343 0.9230483 0.07981675 0.9230483 0.08438736 0.920763 0.08438736 0.9230483 0.04325228 0.9230483 0.04782289 0.920763 0.04782289 0.9230483 0.07981675 0.920763 0.07981675 0.920763 0.07524621 0.6523529 0.6339868 0.6528289 0.7686771 0.5084947 0.7806994 0.9230483 0.1072402 0.920763 0.1072402 0.920763 0.1026696 0.6523529 0.6339868 0.5059844 0.6442638 0.5029852 0.492528 0.920763 0.07981675 0.920763 0.08438736 0.9184777 0.08438736 0.920763 0.04782289 0.9184777 0.04782289 0.9184777 0.04325228 0.920763 0.07981675 0.9184777 0.07981675 0.9184777 0.07524621 0.5059844 0.6442638 0.5084947 0.7806994 0.3623041 0.7767871 0.920763 0.1072402 0.9184777 0.1072402 0.9184777 0.1026696 0.5059844 0.6442638 0.3577606 0.640919 0.361442 0.4899947 0.920763 0.1026696 0.9184777 0.1026696 0.9184777 0.09809899 0.4997807 0.3401952 0.5029852 0.492528 0.361442 0.4899947 0.920763 0.09809899 0.9184777 0.09809899 0.9184777 0.09352844 0.4997807 0.3401952 0.3733139 0.3385244 0.3920482 0.2013261 0.920763 0.0889579 0.920763 0.09352844 0.9184777 0.09352844 0.920763 0.05239343 0.920763 0.05696398 0.9184777 0.05696398 0.920763 0.0889579 0.9184777 0.0889579 0.9184777 0.08438736 0.920763 0.05239343 0.9184777 0.05239343 0.9184777 0.04782289 0.3733139 0.3385244 0.361442 0.4899947 0.2309597 0.4774982 0.9184777 0.09352844 0.9184777 0.09809899 0.9161924 0.09809899 0.3733139 0.3385244 0.2562206 0.3302596 0.294528 0.1966657 0.9184777 0.0889579 0.9184777 0.09352844 0.9161924 0.09352844 0.9184777 0.05239343 0.9184777 0.05696398 0.9161924 0.05696398 0.9184777 0.0889579 0.9161924 0.0889579 0.9161924 0.08438736 0.9184777 0.04782289 0.9184777 0.05239343 0.9161924 0.05239343 0.9184777 0.07981675 0.9184777 0.08438736 0.9161924 0.08438736 0.9184777 0.04325228 0.9184777 0.04782289 0.9161924 0.04782289 0.9184777 0.07981675 0.9161924 0.07981675 0.9161924 0.07524621 0.3577606 0.640919 0.3623041 0.7767871 0.2276363 0.7575051 0.9184777 0.1026696 0.9184777 0.1072402 0.9161924 0.1072402 0.3577606 0.640919 0.2213545 0.6244404 0.2309597 0.4774982 0.9184777 0.1026696 0.9161924 0.1026696 0.9161924 0.09809899 0.9161924 0.04782289 0.9139071 0.04782289 0.9139071 0.04325228 0.9161924 0.07981675 0.9139071 0.07981675 0.9139071 0.07524621 0.9161924 0.07067567 0.9161924 0.07524621 0.9139071 0.07524621 0.9161924 0.1072402 0.9139071 0.1072402 0.9139071 0.1026696 0.9161924 0.07067567 0.9139071 0.07067567 0.9139071 0.06610512 0.9161924 0.1026696 0.9139071 0.1026696 0.9139071 0.09809899 0.9161924 0.06153452 0.9161924 0.06610512 0.9139071 0.06610512 0.9161924 0.09809899 0.9139071 0.09809899 0.9139071 0.09352844 0.9161924 0.06153452 0.9139071 0.06153452 0.9139071 0.05696398 0.9161924 0.0889579 0.9161924 0.09352844 0.9139071 0.09352844 0.9161924 0.05239343 0.9161924 0.05696398 0.9139071 0.05696398 0.9161924 0.0889579 0.9139071 0.0889579 0.9139071 0.08438736 0.9161924 0.05239343 0.9139071 0.05239343 0.9139071 0.04782289 0.9161924 0.07981675 0.9161924 0.08438736 0.9139071 0.08438736 0.9139071 0.06153452 0.9116219 0.06153458 0.9116219 0.05696398 0.9139071 0.0889579 0.9139071 0.09352844 0.9116219 0.09352844 0.9139071 0.05239343 0.9139071 0.05696398 0.9116219 0.05696398 0.9139071 0.0889579 0.9116219 0.0889579 0.9116219 0.08438736 0.9139071 0.04782289 0.9139071 0.05239343 0.9116219 0.05239343 0.9139071 0.07981675 0.9139071 0.08438736 0.9116219 0.08438736 0.9139071 0.04325228 0.9139071 0.04782289 0.9116219 0.04782289 0.9139071 0.07524621 0.9139071 0.07981675 0.9116219 0.07981675 0.9139071 0.07524621 0.9116219 0.07524621 0.9116219 0.07067567 0.9139071 0.1072402 0.9116219 0.1072402 0.9116219 0.1026696 0.9139071 0.07067567 0.9116219 0.07067567 0.9116219 0.06610512 0.9139071 0.09809899 0.9139071 0.1026696 0.9116219 0.1026696 0.9139071 0.06153452 0.9139071 0.06610512 0.9116219 0.06610512 0.9139071 0.09809899 0.9116219 0.09809899 0.9116219 0.09352844 0.9116219 0.07524621 0.9093366 0.07524621 0.9093366 0.07067567 0.9116219 0.1072402 0.9093366 0.1072402 0.9093366 0.1026696 0.9116219 0.07067567 0.9093366 0.07067567 0.9093366 0.06610512 0.9116219 0.1026696 0.9093366 0.1026696 0.9093366 0.09809899 0.9116219 0.06153458 0.9116219 0.06610512 0.9093366 0.06610512 0.9116219 0.09809899 0.9093366 0.09809899 0.9093366 0.09352844 0.9116219 0.06153458 0.9093366 0.06153458 0.9093366 0.05696398 0.9116219 0.09352844 0.9093366 0.09352844 0.9093366 0.0889579 0.9116219 0.05696398 0.9093366 0.05696398 0.9093366 0.05239343 0.9116219 0.0889579 0.9093366 0.0889579 0.9093366 0.08438736 0.9116219 0.04782289 0.9116219 0.05239343 0.9093366 0.05239343 0.9116219 0.07981675 0.9116219 0.08438736 0.9093366 0.08438736 0.9116219 0.04782289 0.9093366 0.04782289 0.9093366 0.04325228 0.9116219 0.07524621 0.9116219 0.07981675 0.9093366 0.07981675 0.7711517 0.5042108 0.7306653 0.8263632 0.5012915 0.8137423 0.9093366 0.05239343 0.9093366 0.05696398 0.9070513 0.05696398 0.7711517 0.5042108 0.5014367 0.4893694 0.5015442 0.1649299 0.9093366 0.05239343 0.9070513 0.05239343 0.9070513 0.04782289 0.9093366 0.07981675 0.9093366 0.08438736 0.9070513 0.08438736 0.9093366 0.04782289 0.9070513 0.04782289 0.9070513 0.04325228 0.9093366 0.07524621 0.9093366 0.07981675 0.9070513 0.07981675 0.9093366 0.07524621 0.9070513 0.07524621 0.9070513 0.07067567 0.9093366 0.1072402 0.9070513 0.1072402 0.9070513 0.1026696 0.9093366 0.07067567 0.9070513 0.07067567 0.9070513 0.06610512 0.9093366 0.1026696 0.9070513 0.1026696 0.9070513 0.09809899 0.9093366 0.06153458 0.9093366 0.06610512 0.9070513 0.06610512 0.9093366 0.09809899 0.9070513 0.09809899 0.9070513 0.09352844 0.9093366 0.05696398 0.9093366 0.06153458 0.9070513 0.06153458 0.9070513 0.07524621 0.904766 0.07524621 0.904766 0.07067567 0.9070513 0.1026696 0.9070513 0.1072402 0.904766 0.1072402 0.9070513 0.07067567 0.904766 0.07067567 0.904766 0.06610512 0.9070513 0.09809899 0.9070513 0.1026696 0.904766 0.1026696 0.9070513 0.06153458 0.9070513 0.06610512 0.904766 0.06610512 0.9070513 0.09352844 0.9070513 0.09809899 0.904766 0.09809899 0.9070513 0.06153458 0.904766 0.06153458 0.904766 0.05696398 0.5012915 0.8137423 0.2718862 0.8261852 0.2316841 0.5040013 0.9070513 0.05696398 0.904766 0.05696398 0.904766 0.05239343 0.5014367 0.4893694 0.2316841 0.5040013 0.2018114 0.1811878 0.9070513 0.04782289 0.9070513 0.05239343 0.904766 0.05239343 0.9070513 0.07981675 0.9070513 0.08438736 0.904766 0.08438736 0.9070513 0.04325228 0.9070513 0.04782289 0.904766 0.04782289 0.9070513 0.07524621 0.9070513 0.07981675 0.904766 0.07981675 0.904766 0.05239343 0.904766 0.05696398 0.9024807 0.05696398 0.904766 0.0889579 0.9024807 0.0889579 0.9024807 0.08438736 0.904766 0.04782289 0.904766 0.05239343 0.9024807 0.05239343 0.904766 0.07981675 0.904766 0.08438736 0.9024807 0.08438736 0.904766 0.04325228 0.904766 0.04782289 0.9024807 0.04782289 0.7627095 0.5040714 0.7560352 0.7708054 0.4930598 0.7707058 0.7627095 0.5040714 0.4930301 0.5040771 0.4930598 0.2376119 0.904766 0.1072402 0.9024807 0.1072402 0.9024807 0.1026696 0.904766 0.07067567 0.9024807 0.07067567 0.9024807 0.06610512 0.904766 0.1026696 0.9024807 0.1026696 0.9024807 0.09809899 0.904766 0.06153458 0.904766 0.06610512 0.9024807 0.06610512 0.904766 0.09809899 0.9024807 0.09809899 0.9024807 0.09352844 0.904766 0.05696398 0.904766 0.06153458 0.9024807 0.06153458 0.904766 0.09352844 0.9024807 0.09352844 0.9024807 0.0889579 0.9024807 0.1072402 0.9001955 0.1072402 0.9001955 0.1026696 0.9024807 0.07067567 0.9001955 0.07067567 0.9001955 0.06610512 0.9024807 0.09809899 0.9024807 0.1026696 0.9001955 0.1026696 0.9024807 0.06153458 0.9024807 0.06610512 0.9001955 0.06610512 0.9024807 0.09352844 0.9024807 0.09809899 0.9001955 0.09809899 0.9024807 0.05696398 0.9024807 0.06153458 0.9001955 0.06153458 0.9024807 0.0889579 0.9024807 0.09352844 0.9001955 0.09352844 0.9024807 0.05239343 0.9024807 0.05696398 0.9001955 0.05696398 0.9024807 0.0889579 0.9001955 0.0889579 0.9001955 0.08438736 0.9024807 0.05239343 0.9001955 0.05239343 0.9001955 0.04782289 0.9024807 0.07981675 0.9024807 0.08438736 0.9001955 0.08438736 0.9024807 0.04325228 0.9024807 0.04782289 0.9001955 0.04782289 0.4930301 0.5040771 0.4930598 0.7707058 0.233278 0.7677958 0.4930301 0.5040771 0.2267064 0.5042456 0.233278 0.240849 0.9001955 0.0889579 0.8979102 0.0889579 0.8979102 0.08438736 0.6512577 0.1610007 0.7037082 0.2805277 0.6296587 0.2920647 0.9001955 0.07981675 0.9001955 0.08438736 0.8979102 0.08438736 0.9001955 0.04782289 0.8979102 0.04782289 0.8979102 0.04325228 0.9001955 0.07524621 0.9001955 0.07981675 0.8979102 0.07981675 0.9001955 0.07524621 0.8979102 0.07524621 0.8979102 0.07067567 0.9001955 0.1072402 0.8979102 0.1072402 0.8979102 0.1026696 0.7825689 0.8001334 0.6615483 0.8280565 0.6676769 0.7133742 0.9001955 0.1026696 0.8979102 0.1026696 0.8979102 0.09809899 0.7745174 0.5563996 0.7865643 0.68781 0.6676769 0.7133742 0.9001955 0.09352844 0.9001955 0.09809899 0.8979102 0.09809899 0.7745174 0.5563996 0.6644604 0.5779898 0.6514543 0.4330459 0.9001955 0.0889579 0.9001955 0.09352844 0.8979102 0.09352844 0.7037082 0.2805277 0.7461872 0.4163946 0.6514543 0.4330459 0.6615483 0.8280565 0.5297926 0.8355668 0.5382078 0.7202473 0.8979102 0.1026696 0.8956249 0.1026696 0.8956249 0.09809899 0.6644604 0.5779898 0.6676769 0.7133742 0.5382078 0.7202473 0.8979102 0.09352844 0.8979102 0.09809899 0.8956249 0.09809899 0.6644604 0.5779898 0.5448381 0.5837852 0.5489112 0.4375033 0.8979102 0.0889579 0.8979102 0.09352844 0.8956249 0.09352844 0.6514543 0.4330459 0.5489112 0.4375033 0.5499815 0.2951416 0.8979102 0.0889579 0.8956249 0.0889579 0.8956249 0.08438736 0.6296587 0.2920647 0.5499815 0.2951416 0.5480521 0.1697242 0.8979102 0.07981675 0.8979102 0.08438736 0.8956249 0.08438736 0.8979102 0.04325228 0.8979102 0.04782289 0.8956249 0.04782289 0.8979102 0.07524621 0.8979102 0.07981675 0.8956249 0.07981675 0.8979102 0.07524621 0.8956249 0.07524621 0.8956249 0.07067567 0.8979102 0.1026696 0.8979102 0.1072402 0.8956249 0.1072402 0.5480521 0.1697242 0.5499815 0.2951416 0.4695072 0.2895023 0.7708615 0.3714319 0.7601876 0.5146417 0.6331713 0.5033902 0.8956249 0.04782289 0.8933396 0.04782289 0.8933396 0.04325228 0.7666647 0.2391632 0.7708615 0.3714319 0.636862 0.3571325 0.8956249 0.07524621 0.8933396 0.07524621 0.8933396 0.07067567 0.8956249 0.1072402 0.8933396 0.1072402 0.8933396 0.1026696 0.5297926 0.8355668 0.3971732 0.8218227 0.4077764 0.7076684 0.8956249 0.1026696 0.8933396 0.1026696 0.8933396 0.09809899 0.5448381 0.5837852 0.5382078 0.7202473 0.4077764 0.7076684 0.8956249 0.09809899 0.8933396 0.09809899 0.8933396 0.09352844 0.5489112 0.4375033 0.5448381 0.5837852 0.424216 0.5731755 0.735295 0.6568209 0.6986503 0.7862479 0.6044387 0.7811556 0.5499815 0.2951416 0.5489112 0.4375033 0.4454202 0.4293393 0.735295 0.6568209 0.6219626 0.6488304 0.6331713 0.5033902 0.424216 0.5731755 0.4077764 0.7076684 0.2860209 0.6770203 0.8933396 0.09352844 0.8933396 0.09809899 0.8910543 0.09809899 0.424216 0.5731755 0.3111929 0.5472708 0.3478847 0.4093323 0.6219626 0.6488304 0.6044387 0.7811556 0.5041403 0.7806876 0.4454202 0.4293393 0.3478847 0.4093323 0.3931047 0.275614 0.6219626 0.6488304 0.50075 0.6480941 0.4968933 0.5023514 0.4941826 0.1663668 0.4695072 0.2895023 0.3931047 0.275614 0.636862 0.3571325 0.6331713 0.5033902 0.4968933 0.5023514 0.8933396 0.04782289 0.8910543 0.04782289 0.8910543 0.04325228 0.636862 0.3571325 0.4928928 0.3558112 0.4890961 0.2211383 0.8933396 0.07067567 0.8933396 0.07524621 0.8910543 0.07524621 0.8933396 0.1072402 0.8910543 0.1072402 0.8910543 0.1026696 0.3971732 0.8218227 0.2735669 0.7883527 0.2860209 0.6770203 0.8933396 0.1026696 0.8910543 0.1026696 0.8910543 0.09809899 0.8910543 0.04325228 0.8910543 0.04782289 0.8887691 0.04782289 0.4928928 0.3558112 0.3509203 0.3676361 0.3474158 0.2347832 0.8910543 0.07067567 0.8910543 0.07524621 0.888769 0.07524621 0.8910543 0.1026696 0.8910543 0.1072402 0.8887691 0.1072402 0.2735669 0.7883527 0.1672286 0.7386753 0.1810279 0.6314926 0.8910543 0.1026696 0.8887691 0.1026696 0.8887691 0.09809899 0.3111929 0.5472708 0.2860209 0.6770203 0.1810279 0.6314926 0.8910543 0.09809899 0.8887691 0.09809899 0.8887691 0.09352844 0.3111929 0.5472708 0.2130711 0.5086455 0.2622852 0.3793055 0.50075 0.6480941 0.5041403 0.7806876 0.4047473 0.7848911 0.3931047 0.275614 0.3478847 0.4093323 0.2622852 0.3793055 0.50075 0.6480941 0.3808877 0.6546958 0.3623607 0.511653 0.4426191 0.1580507 0.3931047 0.275614 0.3251032 0.2545855 0.4928928 0.3558112 0.4968933 0.5023514 0.3623607 0.511653 0.8887691 0.09809899 0.8864838 0.09809899 0.8864838 0.09352844 0.8887691 0.06153452 0.8864838 0.06153452 0.8864838 0.05696398 0.4047473 0.7848911 0.313015 0.7933495 0.2712271 0.6679002 0.8887691 0.05696398 0.8864838 0.05696398 0.8864838 0.05239343 0.3808877 0.6546958 0.2712271 0.6679002 0.2400695 0.5301781 0.8887691 0.04782289 0.8887691 0.05239343 0.8864838 0.05239343 0.3509203 0.3676361 0.3623607 0.511653 0.2400695 0.5301781 0.8887691 0.04782289 0.8864838 0.04782289 0.8864838 0.04325228 0.3509203 0.3676361 0.2223198 0.3911355 0.2191236 0.261901 0.888769 0.07067567 0.888769 0.07524621 0.8864838 0.07524621 0.8887691 0.1072402 0.8864838 0.1072402 0.8864838 0.1026696 0.888769 0.07067567 0.8864838 0.07067567 0.8864838 0.06610512 0.8887691 0.1026696 0.8864838 0.1026696 0.8864838 0.09809899 0.8887691 0.06153452 0.8887691 0.06610512 0.8864838 0.06610512 0.8864838 0.07981675 0.8841985 0.07981675 0.8841985 0.07524621 0.8864838 0.07067567 0.8864838 0.07524621 0.8841985 0.07524621 0.8864838 0.1072402 0.8841985 0.1072402 0.8841985 0.1026696 0.8864838 0.07067567 0.8841985 0.07067567 0.8841985 0.06610512 0.8864838 0.09809899 0.8864838 0.1026696 0.8841985 0.1026696 0.8864838 0.06153452 0.8864838 0.06610512 0.8841985 0.06610512 0.8864838 0.09352844 0.8864838 0.09809899 0.8841985 0.09809899 0.8864838 0.06153452 0.8841985 0.06153452 0.8841985 0.05696398 0.8864838 0.0889579 0.8864838 0.09352844 0.8841985 0.09352844 0.8864838 0.05696398 0.8841985 0.05696398 0.8841985 0.05239343 0.8864838 0.0889579 0.8841985 0.0889579 0.8841985 0.08438736 0.8864838 0.04782289 0.8864838 0.05239343 0.8841985 0.05239343 0.8864838 0.07981675 0.8864838 0.08438736 0.8841985 0.08438736 0.8864838 0.04782289 0.8841985 0.04782289 0.8841986 0.04325228 0.8841985 0.06153452 0.8819133 0.06153452 0.8819133 0.05696398 0.8841985 0.09352844 0.8819133 0.09352844 0.8819133 0.0889579 0.8841985 0.05696398 0.8819133 0.05696398 0.8819133 0.05239343 0.8841985 0.0889579 0.8819133 0.0889579 0.8819133 0.08438736 0.8841985 0.04782289 0.8841985 0.05239343 0.8819133 0.05239343 0.8841985 0.07981675 0.8841985 0.08438736 0.8819133 0.08438736 0.8841985 0.04782289 0.8819133 0.04782289 0.8819133 0.04325228 0.8841985 0.07981675 0.8819133 0.07981675 0.8819133 0.07524621 0.7787273 0.4969564 0.7795987 0.783219 0.4942997 0.7890731 0.8841985 0.1072402 0.8819133 0.1072402 0.8819133 0.1026696 0.7787273 0.4969564 0.4959009 0.5012864 0.4970985 0.2115309 0.8841985 0.09809899 0.8841985 0.1026696 0.8819133 0.1026696 0.8841985 0.06153452 0.8841985 0.06610512 0.8819133 0.06610512 0.8841985 0.09352844 0.8841985 0.09809899 0.8819133 0.09809899 0.4959009 0.5012864 0.4942997 0.7890731 0.2092909 0.7807698 0.8819133 0.1072402 0.8796279 0.1072402 0.879628 0.1026696 0.4959009 0.5012864 0.2133368 0.4951443 0.2314361 0.2077348 0.8819133 0.1026696 0.879628 0.1026696 0.8796279 0.09809899 0.8819133 0.06153452 0.8819133 0.06610512 0.879628 0.06610512 0.8819133 0.09352844 0.8819133 0.09809899 0.8796279 0.09809899 0.8819133 0.05696398 0.8819133 0.06153452 0.8796279 0.06153452 0.8819133 0.09352844 0.879628 0.09352844 0.879628 0.0889579 0.8819133 0.05696398 0.879628 0.05696398 0.879628 0.05239343 0.8819133 0.0889579 0.879628 0.0889579 0.879628 0.08438736 0.8819133 0.04782289 0.8819133 0.05239343 0.879628 0.05239343 0.8819133 0.07981675 0.8819133 0.08438736 0.879628 0.08438736 0.8819133 0.04782289 0.8796279 0.04782289 0.879628 0.04325228 0.8819133 0.07981675 0.879628 0.07981675 0.879628 0.07524621 0.8667623 0.5092886 0.8037801 0.9500699 0.4897895 0.9342123 0.879628 0.05696398 0.8773427 0.05696398 0.8773427 0.05239343 0.8667623 0.5092886 0.4930623 0.4859344 0.4961891 0.03723883 0.8796279 0.04782289 0.879628 0.05239343 0.8773427 0.05239343 0.879628 0.07981675 0.879628 0.08438736 0.8773427 0.08438736 0.8796279 0.04782289 0.8773427 0.04782283 0.8773428 0.04325228 0.879628 0.07981675 0.8773427 0.07981675 0.8773427 0.07524621 0.879628 0.07067567 0.879628 0.07524621 0.8773427 0.07524621 0.879628 0.1026696 0.8796279 0.1072402 0.8773427 0.1072402 0.879628 0.07067567 0.8773427 0.07067567 0.8773427 0.06610512 0.8796279 0.09809899 0.879628 0.1026696 0.8773427 0.1026696 0.8796279 0.06153452 0.879628 0.06610512 0.8773427 0.06610512 0.879628 0.09352844 0.8796279 0.09809899 0.8773427 0.09809905 0.8796279 0.06153452 0.8773427 0.06153452 0.8773427 0.05696398 0.8773427 0.07067567 0.8773427 0.07524621 0.8750574 0.07524621 0.8773427 0.1072402 0.8750574 0.1072402 0.8750574 0.1026696 0.8773427 0.07067567 0.8750574 0.07067567 0.8750574 0.06610512 0.8773427 0.1026696 0.8750574 0.1026696 0.8750574 0.09809905 0.8773427 0.06153452 0.8773427 0.06610512 0.8750574 0.06610512 0.8773427 0.09352844 0.8773427 0.09809905 0.8750574 0.09809905 0.8773427 0.06153452 0.8750574 0.06153452 0.8750574 0.05696398 0.4930623 0.4859344 0.4897895 0.9342123 0.174898 0.9464021 0.8773427 0.05696398 0.8750574 0.05696398 0.8750574 0.05239343 0.4930623 0.4859344 0.1180918 0.5038937 0.08468264 0.06073009 0.8773427 0.05239343 0.8750574 0.05239343 0.8750574 0.04782283 0.8773427 0.07981675 0.8773427 0.08438736 0.8750574 0.08438736 0.8773427 0.04782283 0.8750574 0.04782283 0.8750574 0.04325228 0.8773427 0.07981675 0.8750574 0.07981675 0.8750574 0.07524621 0.8750574 0.05239343 0.8750574 0.05696398 0.872772 0.05696398 0.8750574 0.0889579 0.8727722 0.0889579 0.872772 0.08438736 0.8750574 0.04782283 0.8750574 0.05239343 0.8727721 0.05239343 0.8750574 0.07981675 0.8750574 0.08438736 0.872772 0.08438736 0.8750574 0.04325228 0.8750574 0.04782283 0.8727721 0.04782283 0.8750574 0.07524621 0.8750574 0.07981675 0.8727721 0.07981675 0.8750574 0.07524621 0.8727721 0.07524621 0.8727721 0.07067567 0.04441761 0.5921628 0.2623419 0.3550895 0.3108946 0.3956863 0.8750574 0.07067567 0.8727721 0.07067567 0.872772 0.06610512 0.8750574 0.1026696 0.8727721 0.1026696 0.8727721 0.09809905 0.7604805 0.4289626 0.7937781 0.7327994 0.5150596 0.7655718 0.8750574 0.09352844 0.8750574 0.09809905 0.8727721 0.09809905 0.7604805 0.4289626 0.4994029 0.4542818 0.4830786 0.129096 0.8750574 0.0889579 0.8750574 0.09352844 0.8727721 0.09352844 0.8727721 0.07067567 0.8704868 0.07067567 0.8704868 0.06610512 0.8727721 0.09809905 0.8727721 0.1026696 0.8704868 0.1026696 0.4994029 0.4542818 0.5150596 0.7655718 0.2299581 0.761153 0.8727721 0.09352844 0.8727721 0.09809905 0.8704868 0.09809905 0.4994029 0.4542818 0.2329352 0.4508714 0.254855 0.1268195 0.8727722 0.0889579 0.8727721 0.09352844 0.8704868 0.09352844 0.872772 0.05696398 0.8704868 0.05696398 0.8704868 0.05239343 0.8727722 0.0889579 0.8704868 0.0889579 0.8704868 0.08438736 0.8727721 0.05239343 0.8704868 0.05239343 0.8704868 0.04782283 0.8727721 0.07981675 0.872772 0.08438736 0.8704868 0.08438736 0.8727721 0.04782283 0.8704868 0.04782283 0.8704869 0.04325228 0.8727721 0.07981675 0.8704868 0.07981675 0.8704868 0.07524621 0.8727721 0.07067567 0.8727721 0.07524621 0.8704868 0.07524621 0.1346087 0.6724579 0.3108946 0.3956863 0.3676641 0.4264668 0.8704868 0.04782283 0.8704868 0.05239343 0.8682016 0.05239343 0.8704868 0.07981675 0.8704868 0.08438736 0.8682016 0.08438736 0.8704868 0.04782283 0.8682016 0.04782283 0.8682016 0.04325228 0.8704868 0.07981675 0.8682016 0.07981675 0.8682016 0.07524621 0.8704868 0.07067567 0.8704868 0.07524621 0.8682016 0.07524621 0.3676641 0.4264668 0.4304829 0.4460164 0.3616326 0.775146 0.8704868 0.07067567 0.8682016 0.07067567 0.8682016 0.06610512 0.8704868 0.1026696 0.8682016 0.1026696 0.8682016 0.09809905 0.8704868 0.06153452 0.8704868 0.06610512 0.8682016 0.06610512 0.8704868 0.09809905 0.8682016 0.09809905 0.8682016 0.09352844 0.8704868 0.06153452 0.8682016 0.06153452 0.8682016 0.05696398 0.8704868 0.0889579 0.8704868 0.09352844 0.8682016 0.09352844 0.8704868 0.05239343 0.8704868 0.05696398 0.8682016 0.05696398 0.8704868 0.0889579 0.8682016 0.0889579 0.8682016 0.08438736 0.8682016 0.09809905 0.8682016 0.1026696 0.8659163 0.1026696 0.8682016 0.06153452 0.8682016 0.06610512 0.8659163 0.06610512 0.8682016 0.09352844 0.8682016 0.09809905 0.8659163 0.09809899 0.8682016 0.06153452 0.8659163 0.06153452 0.8659163 0.05696398 0.7397503 0.6778008 0.6923028 0.7983203 0.603165 0.7934879 0.8682016 0.05696398 0.8659163 0.05696398 0.8659162 0.05239343 0.7755162 0.5398052 0.7397503 0.6778008 0.6321262 0.6661452 0.8682016 0.05239343 0.8659162 0.05239343 0.8659163 0.04782283 0.7951135 0.3986588 0.7755162 0.5398052 0.6551641 0.5191489 0.8682016 0.04325228 0.8682016 0.04782283 0.8659163 0.04782283 0.7968229 0.2695031 0.7951135 0.3986588 0.6691221 0.3688348 0.8682016 0.07524621 0.8659163 0.07524621 0.8659163 0.07067567 0.3616326 0.775146 0.4304829 0.4460164 0.4968525 0.4533672 0.8682016 0.07067567 0.8659163 0.07067567 0.8659163 0.06610512</float_array>
          <technique_common>
            <accessor source="#Sphere_004-mesh-map-0-array" count="6144" stride="2">
              <param name="S" type="float"/>
              <param name="T" type="float"/>
            </accessor>
          </technique_common>
        </source>
        <vertices id="Sphere_004-mesh-vertices">
          <input semantic="POSITION" source="#Sphere_004-mesh-positions"/>
        </vertices>
        <triangles count="2048">
          <input semantic="VERTEX" source="#Sphere_004-mesh-vertices" offset="0"/>
          <input semantic="NORMAL" source="#Sphere_004-mesh-normals" offset="1"/>
          <input semantic="TEXCOORD" source="#Sphere_004-mesh-map-0" offset="2" set="0"/>
          <p>19 0 0 8 1 1 477 2 2 12 3 3 1 4 4 2 5 5 20 6 6 477 2 7 478 7 8 13 8 9 2 5 10 3 9 11 21 10 12 478 7 13 479 11 14 14 12 15 3 9 16 4 13 17 22 14 18 479 11 19 9 15 20 15 16 21 4 13 22 5 17 23 23 18 24 9 15 25 480 19 26 16 20 27 5 17 28 6 21 29 24 22 30 480 19 31 481 23 32 7 24 33 16 20 34 6 21 35 0 25 36 10 26 37 296 27 38 205 28 39 24 22 40 481 23 41 18 29 42 7 24 43 8 1 44 11 30 45 0 25 46 1 4 47 205 28 48 39 31 49 24 22 50 18 29 51 32 32 52 17 33 53 11 30 54 25 34 55 10 26 56 34 35 57 18 29 58 19 0 59 27 36 60 11 30 61 12 3 62 20 6 63 34 35 64 19 0 65 28 37 66 12 3 67 13 8 68 21 10 69 35 38 70 20 6 71 14 12 72 28 37 73 13 8 74 22 14 75 36 39 76 21 10 77 30 40 78 14 12 79 15 16 80 38 41 81 22 14 82 23 18 83 31 42 84 15 16 85 16 20 86 39 31 87 23 18 88 24 22 89 17 33 90 31 42 91 16 20 92 10 26 93 25 34 94 296 27 95 37 43 96 51 44 97 36 39 98 45 45 99 29 46 100 30 40 101 38 41 102 52 47 103 37 43 104 46 48 105 30 40 106 31 42 107 54 49 108 38 41 109 39 31 110 32 32 111 46 48 112 31 42 113 25 34 114 40 50 115 296 27 116 205 28 117 54 49 118 39 31 119 48 51 120 32 32 121 33 52 122 41 53 123 25 34 124 26 54 125 49 55 126 33 52 127 34 35 128 27 36 129 41 53 130 26 54 131 35 38 132 49 55 133 34 35 134 43 56 135 27 36 136 28 37 137 51 44 138 35 38 139 36 39 140 29 46 141 43 56 142 28 37 143 56 57 144 40 50 145 41 53 146 64 58 147 48 51 148 49 55 149 57 59 150 41 53 151 42 60 152 50 61 153 64 58 154 49 55 155 43 56 156 57 59 157 42 60 158 51 44 159 65 62 160 50 61 161 44 63 162 58 64 163 43 56 164 67 65 165 51 44 166 52 47 167 45 45 168 59 66 169 44 63 170 68 67 171 52 47 172 53 68 173 46 48 174 60 69 175 45 45 176 54 49 177 68 67 178 53 68 179 47 70 180 61 71 181 46 48 182 40 50 183 55 72 184 296 27 185 205 28 186 69 73 187 54 49 188 63 74 189 47 70 190 48 51 191 75 75 192 59 66 193 60 69 194 68 67 195 82 76 196 67 65 197 61 71 198 75 75 199 60 69 200 69 73 201 83 77 202 68 67 203 62 78 204 76 79 205 61 71 206 55 72 207 70 80 208 296 27 209 205 28 210 84 81 211 69 73 212 63 74 213 77 82 214 62 78 215 56 57 216 70 80 217 55 72 218 79 83 219 63 74 220 64 58 221 72 84 222 56 57 223 57 59 224 65 62 225 79 83 226 64 58 227 73 85 228 57 59 229 58 64 230 81 86 231 65 62 232 66 87 233 74 88 234 58 64 235 59 66 236 67 65 237 81 86 238 66 87 239 94 89 240 78 90 241 79 83 242 87 91 243 71 92 244 72 84 245 80 93 246 94 89 247 79 83 248 88 94 249 72 84 250 73 85 251 81 86 252 95 95 253 80 93 254 89 96 255 73 85 256 74 88 257 82 76 258 96 97 259 81 86 260 90 98 261 74 88 262 75 75 263 98 99 264 82 76 265 83 77 266 76 79 267 90 98 268 75 75 269 84 81 270 98 99 271 83 77 272 77 82 273 91 100 274 76 79 275 70 80 276 85 101 277 296 27 278 205 28 279 99 102 280 84 81 281 93 103 282 77 82 283 78 90 284 86 104 285 70 80 286 71 92 287 98 99 288 112 105 289 97 106 290 91 100 291 105 107 292 90 98 293 99 102 294 113 108 295 98 99 296 107 109 297 91 100 298 92 110 299 85 101 300 100 111 301 296 27 302 205 28 303 114 112 304 99 102 305 93 103 306 107 109 307 92 110 308 101 113 309 85 101 310 86 104 311 109 114 312 93 103 313 94 89 314 102 115 315 86 104 316 87 91 317 95 95 318 109 114 319 94 89 320 103 116 321 87 91 322 88 94 323 111 117 324 95 95 325 96 97 326 104 118 327 88 94 328 89 96 329 97 106 330 111 117 331 96 97 332 105 107 333 89 96 334 90 98 335 102 115 336 116 119 337 101 113 338 110 120 339 124 121 340 109 114 341 103 116 342 117 122 343 102 115 344 126 123 345 110 120 346 111 117 347 104 118 348 118 124 349 103 116 350 112 105 351 126 123 352 111 117 353 120 125 354 104 118 355 105 107 356 113 108 357 127 126 358 112 105 359 106 127 360 120 125 361 105 107 362 129 128 363 113 108 364 114 112 365 107 109 366 121 129 367 106 127 368 100 111 369 115 130 370 296 27 371 205 28 372 129 128 373 114 112 374 123 131 375 107 109 376 108 132 377 116 119 378 100 111 379 101 113 380 124 121 381 108 132 382 109 114 383 121 129 384 135 133 385 120 125 386 129 128 387 143 134 388 128 135 389 137 136 390 121 129 391 122 137 392 115 130 393 130 138 394 296 27 395 205 28 396 144 139 397 129 128 398 123 131 399 137 136 400 122 137 401 131 140 402 115 130 403 116 119 404 139 141 405 123 131 406 124 121 407 132 142 408 116 119 409 117 122 410 125 143 411 139 141 412 124 121 413 133 144 414 117 122 415 118 124 416 126 123 417 140 145 418 125 143 419 119 146 420 133 144 421 118 124 422 127 126 423 141 147 424 126 123 425 135 133 426 119 146 427 120 125 428 128 135 429 142 148 430 127 126 431 140 145 432 154 149 433 139 141 434 148 150 435 132 142 436 133 144 437 156 151 438 140 145 439 141 147 440 134 152 441 148 150 442 133 144 443 142 148 444 156 151 445 141 147 446 150 153 447 134 152 448 135 133 449 158 154 450 142 148 451 143 134 452 136 155 453 150 153 454 135 133 455 159 156 456 143 134 457 144 139 458 152 157 459 136 155 460 137 136 461 130 138 462 145 158 463 296 27 464 205 28 465 159 156 466 144 139 467 138 159 468 152 157 469 137 136 470 146 160 471 130 138 472 131 140 473 154 149 474 138 159 475 139 141 476 147 161 477 131 140 478 132 142 479 174 162 480 158 154 481 159 156 482 167 163 483 151 164 484 152 157 485 145 158 486 160 165 487 296 27 488 205 28 489 174 162 490 159 156 491 153 166 492 167 163 493 152 157 494 146 160 495 160 165 496 145 158 497 169 167 498 153 166 499 154 149 500 162 168 501 146 160 502 147 161 503 155 169 504 169 167 505 154 149 506 163 170 507 147 161 508 148 150 509 171 171 510 155 169 511 156 151 512 149 172 513 163 170 514 148 150 515 157 173 516 171 171 517 156 151 518 165 174 519 149 172 520 150 153 521 173 175 522 157 173 523 158 154 524 151 164 525 165 174 526 150 153 527 186 176 528 170 177 529 171 171 530 179 178 531 163 170 532 164 179 533 172 180 534 186 176 535 171 171 536 180 181 537 164 179 538 165 174 539 188 182 540 172 180 541 173 175 542 166 183 543 180 181 544 165 174 545 189 184 546 173 175 547 174 162 548 167 163 549 181 185 550 166 183 551 160 165 552 175 186 553 296 27 554 205 28 555 189 184 556 174 162 557 183 187 558 167 163 559 168 188 560 176 189 561 160 165 562 161 190 563 184 191 564 168 188 565 169 167 566 177 192 567 161 190 568 162 168 569 170 177 570 184 191 571 169 167 572 178 193 573 162 168 574 163 170 575 175 186 576 190 194 577 296 27 578 205 28 579 204 195 580 189 184 581 198 196 582 182 197 583 183 187 584 191 198 585 175 186 586 176 189 587 199 199 588 183 187 589 184 191 590 177 192 591 191 198 592 176 189 593 185 200 594 199 199 595 184 191 596 193 201 597 177 192 598 178 193 599 201 202 600 185 200 601 186 176 602 179 178 603 193 201 604 178 193 605 187 203 606 201 202 607 186 176 608 195 204 609 179 178 610 180 181 611 188 182 612 202 205 613 187 203 614 181 185 615 195 204 616 180 181 617 189 184 618 203 206 619 188 182 620 197 207 621 181 185 622 182 197 623 194 208 624 209 209 625 193 201 626 202 205 627 217 210 628 201 202 629 211 211 630 194 208 631 195 204 632 203 206 633 218 212 634 202 205 635 196 213 636 211 211 637 195 204 638 220 214 639 203 206 640 204 195 641 213 215 642 196 213 643 197 207 644 190 194 645 206 216 646 296 27 647 205 28 648 220 214 649 204 195 650 198 196 651 213 215 652 197 207 653 207 217 654 190 194 655 191 198 656 215 218 657 198 196 658 199 199 659 208 219 660 191 198 661 192 220 662 200 221 663 215 218 664 199 199 665 193 201 666 208 219 667 192 220 668 201 202 669 216 222 670 200 221 671 229 223 672 213 215 673 214 224 674 207 217 675 221 225 676 206 216 677 230 226 678 214 224 679 215 218 680 208 219 681 222 227 682 207 217 683 216 222 684 230 226 685 215 218 686 209 209 687 223 228 688 208 219 689 217 210 690 231 229 691 216 222 692 225 230 693 209 209 694 210 231 695 233 232 696 217 210 697 218 212 698 226 233 699 210 231 700 211 211 701 234 234 702 218 212 703 219 235 704 212 236 705 226 233 706 211 211 707 220 214 708 234 234 709 219 235 710 213 215 711 227 237 712 212 236 713 206 216 714 221 225 715 296 27 716 205 28 717 235 238 718 220 214 719 233 232 720 247 239 721 232 240 722 241 241 723 225 230 724 226 233 725 249 242 726 233 232 727 234 234 728 227 237 729 241 241 730 226 233 731 235 238 732 249 242 733 234 234 734 243 243 735 227 237 736 228 244 737 221 225 738 236 245 739 296 27 740 205 28 741 250 246 742 235 238 743 244 247 744 228 244 745 229 223 746 237 248 747 221 225 748 222 227 749 245 249 750 229 223 751 230 226 752 238 250 753 222 227 754 223 228 755 231 229 756 245 249 757 230 226 758 224 251 759 238 250 760 223 228 761 247 239 762 231 229 763 232 240 764 225 230 765 239 252 766 224 251 767 252 253 768 236 245 769 237 248 770 260 254 771 244 247 772 245 249 773 238 250 774 252 253 775 237 248 776 246 255 777 260 254 778 245 249 779 254 256 780 238 250 781 239 252 782 262 257 783 246 255 784 247 239 785 255 258 786 239 252 787 240 259 788 248 260 789 262 257 790 247 239 791 256 261 792 240 259 793 241 241 794 249 242 795 263 262 796 248 260 797 242 263 798 256 261 799 241 241 800 265 264 801 249 242 802 250 246 803 243 243 804 257 265 805 242 263 806 236 245 807 251 266 808 296 27 809 205 28 810 265 264 811 250 246 812 259 267 813 243 243 814 244 247 815 271 268 816 255 258 817 256 261 818 264 269 819 278 270 820 263 262 821 257 265 822 271 268 823 256 261 824 265 264 825 279 271 826 264 269 827 273 272 828 257 265 829 258 273 830 251 266 831 266 274 832 296 27 833 205 28 834 280 275 835 265 264 836 274 276 837 258 273 838 259 267 839 267 277 840 251 266 841 252 253 842 275 278 843 259 267 844 260 254 845 268 279 846 252 253 847 253 280 848 261 281 849 275 278 850 260 254 851 254 256 852 268 279 853 253 280 854 277 282 855 261 281 856 262 257 857 255 258 858 269 283 859 254 256 860 278 270 861 262 257 862 263 262 863 290 284 864 274 276 865 275 278 866 283 285 867 267 277 868 268 279 869 276 286 870 290 284 871 275 278 872 269 283 873 283 285 874 268 279 875 292 287 876 276 286 877 277 282 878 285 288 879 269 283 880 270 289 881 278 270 882 292 287 883 277 282 884 286 290 885 270 289 886 271 268 887 279 271 888 293 291 889 278 270 890 272 292 891 286 290 892 271 268 893 280 275 894 294 293 895 279 271 896 273 272 897 287 294 898 272 292 899 266 274 900 281 295 901 296 27 902 205 28 903 295 296 904 280 275 905 289 297 906 273 272 907 274 276 908 282 298 909 266 274 910 267 277 911 310 299 912 293 291 913 294 293 914 287 294 915 302 300 916 286 290 917 311 301 918 294 293 919 295 296 920 288 302 921 303 303 922 287 294 923 281 295 924 297 304 925 296 27 926 205 28 927 311 301 928 295 296 929 305 305 930 288 302 931 289 297 932 298 306 933 281 295 934 282 298 935 306 307 936 289 297 937 290 284 938 299 308 939 282 298 940 283 285 941 291 309 942 306 307 943 290 284 944 284 310 945 299 308 946 283 285 947 308 311 948 291 309 949 292 287 950 285 288 951 300 312 952 284 310 953 309 313 954 292 287 955 293 291 956 302 300 957 285 288 958 286 290 959 307 314 960 321 315 961 306 307 962 315 316 963 299 308 964 300 312 965 323 317 966 307 314 967 308 311 968 301 318 969 315 316 970 300 312 971 309 313 972 323 317 973 308 311 974 317 319 975 301 318 976 302 300 977 310 299 978 324 320 979 309 313 980 303 303 981 317 319 982 302 300 983 326 321 984 310 299 985 311 301 986 319 322 987 303 303 988 304 323 989 297 304 990 312 324 991 296 27 992 205 28 993 326 321 994 311 301 995 305 305 996 319 322 997 304 323 998 313 325 999 297 304 1000 298 306 1001 321 315 1002 305 305 1003 306 307 1004 314 326 1005 298 306 1006 299 308 1007 326 321 1008 340 327 1009 325 328 1010 334 329 1011 318 330 1012 319 322 1013 312 324 1014 327 331 1015 296 27 1016 205 28 1017 341 332 1018 326 321 1019 320 333 1020 334 329 1021 319 322 1022 328 334 1023 312 324 1024 313 325 1025 336 335 1026 320 333 1027 321 315 1028 329 336 1029 313 325 1030 314 326 1031 322 337 1032 336 335 1033 321 315 1034 315 316 1035 329 336 1036 314 326 1037 323 317 1038 337 338 1039 322 337 1040 331 339 1041 315 316 1042 316 340 1043 324 320 1044 338 341 1045 323 317 1046 332 342 1047 316 340 1048 317 319 1049 325 328 1050 339 343 1051 324 320 1052 318 330 1053 332 342 1054 317 319 1055 330 344 1056 344 345 1057 329 336 1058 353 346 1059 337 338 1060 338 341 1061 346 347 1062 330 344 1063 331 339 1064 339 343 1065 353 346 1066 338 341 1067 347 348 1068 331 339 1069 332 342 1070 340 327 1071 354 349 1072 339 343 1073 333 350 1074 347 348 1075 332 342 1076 341 332 1077 355 351 1078 340 327 1079 349 352 1080 333 350 1081 334 329 1082 327 331 1083 342 353 1084 296 27 1085 205 28 1086 356 354 1087 341 332 1088 335 355 1089 349 352 1090 334 329 1091 328 334 1092 342 353 1093 327 331 1094 351 356 1095 335 355 1096 336 335 1097 344 345 1098 328 334 1099 329 336 1100 337 338 1101 351 356 1102 336 335 1103 364 357 1104 348 358 1105 349 352 1106 342 353 1107 357 359 1108 296 27 1109 205 28 1110 371 360 1111 356 354 1112 350 361 1113 364 357 1114 349 352 1115 358 362 1116 342 353 1117 343 363 1118 366 364 1119 350 361 1120 351 356 1121 359 365 1122 343 363 1123 344 345 1124 352 366 1125 366 364 1126 351 356 1127 360 367 1128 344 345 1129 345 368 1130 368 369 1131 352 366 1132 353 346 1133 346 347 1134 360 367 1135 345 368 1136 369 370 1137 353 346 1138 354 349 1139 362 371 1140 346 347 1141 347 348 1142 355 351 1143 369 370 1144 354 349 1145 348 358 1146 362 371 1147 347 348 1148 371 360 1149 355 351 1150 356 354 1151 383 372 1152 367 373 1153 368 369 1154 376 374 1155 360 367 1156 361 375 1157 384 376 1158 368 369 1159 369 370 1160 377 377 1161 361 375 1162 362 371 1163 370 378 1164 384 376 1165 369 370 1166 363 379 1167 377 377 1168 362 371 1169 371 360 1170 385 380 1171 370 378 1172 379 381 1173 363 379 1174 364 357 1175 357 359 1176 372 382 1177 296 27 1178 205 28 1179 386 383 1180 371 360 1181 365 384 1182 379 381 1183 364 357 1184 358 362 1185 372 382 1186 357 359 1187 381 385 1188 365 384 1189 366 364 1190 374 386 1191 358 362 1192 359 365 1193 367 373 1194 381 385 1195 366 364 1196 360 367 1197 374 386 1198 359 365 1199 372 382 1200 387 387 1201 296 27 1202 205 28 1203 401 388 1204 386 383 1205 380 389 1206 394 390 1207 379 381 1208 373 391 1209 387 387 1210 372 382 1211 396 392 1212 380 389 1213 381 385 1214 374 386 1215 388 393 1216 373 391 1217 382 394 1218 396 392 1219 381 385 1220 375 395 1221 389 396 1222 374 386 1223 398 397 1224 382 394 1225 383 372 1226 376 374 1227 390 398 1228 375 395 1229 384 376 1230 398 397 1231 383 372 1232 392 399 1233 376 374 1234 377 377 1235 385 380 1236 399 400 1237 384 376 1238 378 401 1239 392 399 1240 377 377 1241 401 388 1242 385 380 1243 386 383 1244 379 381 1245 393 402 1246 378 401 1247 391 403 1248 405 404 1249 390 398 1250 414 405 1251 398 397 1252 399 400 1253 407 406 1254 391 403 1255 392 399 1256 400 407 1257 414 405 1258 399 400 1259 393 402 1260 407 406 1261 392 399 1262 416 408 1263 400 407 1264 401 388 1265 409 409 1266 393 402 1267 394 390 1268 387 387 1269 402 410 1270 296 27 1271 205 28 1272 416 408 1273 401 388 1274 410 411 1275 394 390 1276 395 412 1277 403 413 1278 387 387 1279 388 393 1280 411 414 1281 395 412 1282 396 392 1283 404 415 1284 388 393 1285 389 396 1286 397 416 1287 411 414 1288 396 392 1289 390 398 1290 404 415 1291 389 396 1292 413 417 1293 397 416 1294 398 397 1295 425 418 1296 409 409 1297 410 411 1298 403 413 1299 417 419 1300 402 410 1301 426 420 1302 410 411 1303 411 414 1304 404 415 1305 418 421 1306 403 413 1307 412 422 1308 426 420 1309 411 414 1310 420 423 1311 404 415 1312 405 404 1313 428 424 1314 412 422 1315 413 417 1316 406 425 1317 420 423 1318 405 404 1319 414 405 1320 428 424 1321 413 417 1322 422 426 1323 406 425 1324 407 406 1325 430 427 1326 414 405 1327 415 428 1328 408 429 1329 422 426 1330 407 406 1331 431 430 1332 415 428 1333 416 408 1334 409 409 1335 423 431 1336 408 429 1337 402 410 1338 417 419 1339 296 27 1340 205 28 1341 431 430 1342 416 408 1343 444 432 1344 428 424 1345 429 433 1346 437 434 1347 421 435 1348 422 426 1349 445 436 1350 429 433 1351 430 427 1352 423 431 1353 437 434 1354 422 426 1355 446 437 1356 430 427 1357 431 430 1358 424 438 1359 438 439 1360 423 431 1361 417 419 1362 432 440 1363 296 27 1364 205 28 1365 446 437 1366 431 430 1367 440 441 1368 424 438 1369 425 418 1370 418 421 1371 432 440 1372 417 419 1373 441 442 1374 425 418 1375 426 420 1376 434 443 1377 418 421 1378 419 444 1379 427 445 1380 441 442 1381 426 420 1382 420 423 1383 434 443 1384 419 444 1385 443 446 1386 427 445 1387 428 424 1388 421 435 1389 435 447 1390 420 423 1391 456 448 1392 440 441 1393 441 442 1394 434 443 1395 448 449 1396 433 450 1397 442 451 1398 456 448 1399 441 442 1400 435 447 1401 449 452 1402 434 443 1403 458 453 1404 442 451 1405 443 446 1406 436 454 1407 450 455 1408 435 447 1409 459 456 1410 443 446 1411 444 432 1412 452 457 1413 436 454 1414 437 434 1415 460 458 1416 444 432 1417 445 436 1418 438 439 1419 452 457 1420 437 434 1421 461 459 1422 445 436 1423 446 437 1424 454 460 1425 438 439 1426 439 461 1427 432 440 1428 447 462 1429 296 27 1430 205 28 1431 461 459 1432 446 437 1433 455 463 1434 439 461 1435 440 441 1436 433 450 1437 447 462 1438 432 440 1439 460 458 1440 474 464 1441 459 456 1442 453 465 1443 467 466 1444 452 457 1445 476 467 1446 460 458 1447 461 459 1448 469 468 1449 453 465 1450 454 460 1451 447 462 1452 462 469 1453 296 27 1454 205 28 1455 476 467 1456 461 459 1457 455 463 1458 469 468 1459 454 460 1460 463 470 1461 447 462 1462 448 449 1463 471 471 1464 455 463 1465 456 448 1466 464 472 1467 448 449 1468 449 452 1469 457 473 1470 471 471 1471 456 448 1472 450 455 1473 464 472 1474 449 452 1475 473 474 1476 457 473 1477 458 453 1478 451 475 1479 465 476 1480 450 455 1481 459 456 1482 473 474 1483 458 453 1484 467 466 1485 451 475 1486 452 457 1487 464 472 1488 1 4 1489 463 470 1490 472 477 1491 477 2 1492 471 471 1493 465 476 1494 2 5 1495 464 472 1496 479 11 1497 472 477 1498 473 474 1499 466 478 1500 3 9 1501 465 476 1502 9 15 1503 473 474 1504 474 464 1505 467 466 1506 4 13 1507 466 478 1508 480 19 1509 474 464 1510 475 479 1511 468 480 1512 5 17 1513 467 466 1514 481 23 1515 475 479 1516 476 467 1517 469 468 1518 6 21 1519 468 480 1520 462 469 1521 0 25 1522 296 27 1523 205 28 1524 481 23 1525 476 467 1526 8 1 1527 469 468 1528 470 481 1529 463 470 1530 0 25 1531 462 469 1532 477 2 1533 470 481 1534 471 471 1535 514 482 1536 482 482 1537 515 482 1538 516 483 1539 483 483 1540 514 483 1541 485 484 1542 516 484 1543 517 484 1544 518 485 1545 485 485 1546 517 485 1547 487 486 1548 518 486 1549 519 486 1550 488 487 1551 519 487 1552 520 487 1553 521 488 1554 488 488 1555 520 488 1556 522 489 1557 489 489 1558 521 489 1559 491 490 1560 522 490 1561 523 490 1562 492 491 1563 523 491 1564 524 491 1565 525 492 1566 492 492 1567 524 492 1568 526 493 1569 493 493 1570 525 493 1571 527 493 1572 494 493 1573 526 493 1574 528 494 1575 495 494 1576 527 494 1577 529 495 1578 496 495 1579 528 495 1580 498 496 1581 529 496 1582 530 496 1583 499 497 1584 530 497 1585 531 497 1586 532 498 1587 499 498 1588 531 498 1589 501 499 1590 532 499 1591 533 499 1592 534 500 1593 501 500 1594 533 500 1595 503 501 1596 534 501 1597 535 501 1598 536 502 1599 503 502 1600 535 502 1601 505 503 1602 536 503 1603 537 503 1604 538 504 1605 505 504 1606 537 504 1607 539 505 1608 506 505 1609 538 505 1610 508 506 1611 539 506 1612 540 506 1613 509 507 1614 540 507 1615 541 507 1616 542 508 1617 509 508 1618 541 508 1619 543 509 1620 510 509 1621 542 509 1622 512 510 1623 543 510 1624 544 510 1625 513 511 1626 544 511 1627 545 511 1628 515 512 1629 513 512 1630 545 512 1631 578 513 1632 546 513 1633 547 513 1634 580 514 1635 547 514 1636 548 514 1637 580 515 1638 549 515 1639 581 515 1640 582 516 1641 549 516 1642 550 516 1643 582 517 1644 551 517 1645 583 517 1646 583 518 1647 552 518 1648 584 518 1649 585 519 1650 552 519 1651 553 519 1652 586 520 1653 553 520 1654 554 520 1655 586 521 1656 555 521 1657 587 521 1658 587 522 1659 556 522 1660 588 522 1661 589 523 1662 556 523 1663 557 523 1664 590 524 1665 557 524 1666 558 524 1667 591 525 1668 558 525 1669 559 525 1670 592 526 1671 559 526 1672 560 526 1673 593 527 1674 560 527 1675 561 527 1676 593 528 1677 562 528 1678 594 528 1679 594 529 1680 563 529 1681 595 529 1682 596 530 1683 563 530 1684 564 530 1685 596 531 1686 565 531 1687 597 531 1688 598 532 1689 565 532 1690 566 532 1691 598 533 1692 567 533 1693 599 533 1694 600 534 1695 567 534 1696 568 534 1697 600 535 1698 569 535 1699 601 535 1700 602 536 1701 569 536 1702 570 536 1703 603 537 1704 570 537 1705 571 537 1706 603 538 1707 572 538 1708 604 538 1709 604 539 1710 573 539 1711 605 539 1712 606 535 1713 573 535 1714 574 535 1715 607 540 1716 574 540 1717 575 540 1718 607 541 1719 576 541 1720 608 541 1721 608 542 1722 577 542 1723 609 542 1724 579 543 1725 577 543 1726 546 543 1727 618 263 1728 629 261 1729 1087 241 1730 612 260 1731 621 269 1732 622 262 1733 1087 241 1734 630 258 1735 1088 259 1736 613 239 1737 622 262 1738 623 257 1739 1088 259 1740 631 256 1741 1089 252 1742 614 255 1743 623 257 1744 624 281 1745 1089 252 1746 632 280 1747 619 250 1748 614 255 1749 625 254 1750 615 249 1751 619 250 1752 633 253 1753 1090 248 1754 615 249 1755 626 267 1756 616 247 1757 1090 248 1758 634 266 1759 1091 245 1760 617 243 1761 626 267 1762 627 273 1763 610 246 1764 906 28 1765 620 264 1766 815 27 1767 1091 245 1768 634 266 1769 617 243 1770 628 265 1771 618 263 1772 611 242 1773 620 264 1774 621 269 1775 815 27 1776 634 266 1777 649 274 1778 628 265 1779 642 272 1780 643 292 1781 620 264 1782 636 271 1783 621 269 1784 628 265 1785 644 544 1786 629 261 1787 622 262 1788 636 271 1789 637 270 1790 630 258 1791 644 544 1792 645 289 1793 622 262 1794 638 282 1795 623 257 1796 631 256 1797 645 289 1798 646 283 1799 623 257 1800 639 286 1801 624 281 1802 631 256 1803 647 279 1804 632 280 1805 625 254 1806 639 286 1807 640 278 1808 632 280 1809 648 277 1810 633 253 1811 625 254 1812 641 276 1813 626 267 1814 633 253 1815 649 274 1816 634 266 1817 626 267 1818 642 272 1819 627 273 1820 620 264 1821 906 28 1822 635 275 1823 647 279 1824 661 310 1825 662 285 1826 639 286 1827 655 284 1828 640 278 1829 648 277 1830 662 285 1831 663 298 1832 640 278 1833 656 297 1834 641 276 1835 648 277 1836 664 295 1837 649 274 1838 642 272 1839 656 297 1840 657 302 1841 635 275 1842 906 28 1843 650 296 1844 815 27 1845 649 274 1846 664 295 1847 642 272 1848 658 294 1849 643 292 1850 636 271 1851 650 296 1852 651 293 1853 643 292 1854 659 290 1855 644 544 1856 636 271 1857 652 291 1858 637 270 1859 645 289 1860 659 290 1861 660 288 1862 638 282 1863 652 291 1864 653 287 1865 646 283 1866 660 288 1867 661 310 1868 638 282 1869 654 309 1870 639 286 1871 650 296 1872 666 299 1873 651 293 1874 658 294 1875 674 300 1876 659 290 1877 651 293 1878 667 313 1879 652 291 1880 660 288 1881 674 300 1882 675 318 1883 652 291 1884 668 311 1885 653 287 1886 660 288 1887 676 312 1888 661 310 1889 654 309 1890 668 311 1891 669 314 1892 662 285 1893 676 312 1894 677 308 1895 655 284 1896 669 314 1897 670 307 1898 662 285 1899 678 306 1900 663 298 1901 655 284 1902 671 305 1903 656 297 1904 664 295 1905 678 306 1906 679 304 1907 657 302 1908 671 305 1909 672 323 1910 650 296 1911 906 28 1912 665 301 1913 815 27 1914 664 295 1915 679 304 1916 657 302 1917 673 303 1918 658 294 1919 669 314 1920 685 315 1921 670 307 1922 678 306 1923 692 326 1924 693 325 1925 671 305 1926 685 315 1927 686 333 1928 678 306 1929 694 324 1930 679 304 1931 671 305 1932 687 322 1933 672 323 1934 665 301 1935 906 28 1936 680 321 1937 815 27 1938 679 304 1939 694 324 1940 673 303 1941 687 322 1942 688 330 1943 665 301 1944 681 328 1945 666 299 1946 673 303 1947 689 319 1948 674 300 1949 667 313 1950 681 328 1951 682 320 1952 675 318 1953 689 319 1954 690 340 1955 667 313 1956 683 317 1957 668 311 1958 675 318 1959 691 316 1960 676 312 1961 668 311 1962 684 337 1963 669 314 1964 677 308 1965 691 316 1966 692 326 1967 688 330 1968 704 342 1969 689 319 1970 681 328 1971 697 343 1972 682 320 1973 690 340 1974 704 342 1975 705 339 1976 682 320 1977 698 341 1978 683 317 1979 690 340 1980 706 344 1981 691 316 1982 683 317 1983 699 338 1984 684 337 1985 692 326 1986 706 344 1987 707 336 1988 684 337 1989 700 335 1990 685 315 1991 693 325 1992 707 336 1993 708 334 1994 686 333 1995 700 335 1996 701 355 1997 694 324 1998 708 334 1999 709 331 2000 686 333 2001 702 329 2002 687 322 2003 680 321 2004 906 28 2005 695 332 2006 815 27 2007 694 324 2008 709 331 2009 688 330 2010 702 329 2011 703 350 2012 680 321 2013 696 327 2014 681 328 2015 707 336 2016 723 363 2017 708 334 2018 701 355 2019 715 356 2020 716 361 2021 709 331 2022 723 363 2023 724 353 2024 701 355 2025 717 352 2026 702 329 2027 695 332 2028 906 28 2029 710 354 2030 815 27 2031 709 331 2032 724 353 2033 703 350 2034 717 352 2035 718 358 2036 695 332 2037 711 351 2038 696 327 2039 703 350 2040 719 348 2041 704 342 2042 696 327 2043 712 349 2044 697 343 2045 705 339 2046 719 348 2047 720 347 2048 697 343 2049 713 346 2050 698 341 2051 705 339 2052 721 368 2053 706 344 2054 699 338 2055 713 346 2056 714 366 2057 707 336 2058 721 368 2059 722 345 2060 699 338 2061 715 356 2062 700 335 2063 712 349 2064 726 378 2065 727 370 2066 720 347 2067 734 371 2068 735 375 2069 712 349 2070 728 369 2071 713 346 2072 721 368 2073 735 375 2074 736 367 2075 713 346 2076 729 373 2077 714 366 2078 722 345 2079 736 367 2080 737 365 2081 714 366 2082 730 364 2083 715 356 2084 723 363 2085 737 365 2086 738 362 2087 716 361 2088 730 364 2089 731 384 2090 724 353 2091 738 362 2092 739 359 2093 716 361 2094 732 357 2095 717 352 2096 710 354 2097 906 28 2098 725 360 2099 815 27 2100 724 353 2101 739 359 2102 718 358 2103 732 357 2104 733 379 2105 710 354 2106 726 378 2107 711 351 2108 718 358 2109 734 371 2110 719 348 2111 731 384 2112 745 385 2113 746 389 2114 738 362 2115 754 382 2116 739 359 2117 731 384 2118 747 381 2119 732 357 2120 725 360 2121 906 28 2122 740 383 2123 815 27 2124 739 359 2125 754 382 2126 733 379 2127 747 381 2128 748 401 2129 725 360 2130 741 380 2131 726 378 2132 733 379 2133 749 377 2134 734 371 2135 726 378 2136 742 376 2137 727 370 2138 735 375 2139 749 377 2140 750 374 2141 727 370 2142 743 372 2143 728 369 2144 735 375 2145 751 395 2146 736 367 2147 729 373 2148 743 372 2149 744 394 2150 737 365 2151 751 395 2152 752 386 2153 729 373 2154 745 385 2155 730 364 2156 737 365 2157 753 391 2158 738 362 2159 750 374 2160 764 399 2161 765 403 2162 743 372 2163 757 400 2164 758 397 2165 750 374 2166 766 398 2167 751 395 2168 744 394 2169 758 397 2170 759 416 2171 752 386 2172 766 398 2173 767 396 2174 744 394 2175 760 392 2176 745 385 2177 753 391 2178 767 396 2179 768 393 2180 746 389 2181 760 392 2182 761 412 2183 754 382 2184 768 393 2185 769 545 2186 746 389 2187 762 390 2188 747 381 2189 740 383 2190 906 28 2191 755 388 2192 815 27 2193 754 382 2194 769 545 2195 748 401 2196 762 390 2197 763 402 2198 741 380 2199 755 388 2200 756 407 2201 748 401 2202 764 399 2203 749 377 2204 741 380 2205 757 400 2206 742 376 2207 768 393 2208 784 410 2209 769 545 2210 761 412 2211 777 409 2212 762 390 2213 755 388 2214 906 28 2215 770 408 2216 815 27 2217 769 545 2218 784 410 2219 763 402 2220 777 409 2221 778 429 2222 755 388 2223 771 428 2224 756 407 2225 763 402 2226 779 406 2227 764 399 2228 756 407 2229 772 405 2230 757 400 2231 765 403 2232 779 406 2233 780 425 2234 757 400 2235 773 417 2236 758 397 2237 765 403 2238 781 404 2239 766 398 2240 759 416 2241 773 417 2242 774 422 2243 767 396 2244 781 404 2245 782 415 2246 759 416 2247 775 414 2248 760 392 2249 767 396 2250 783 413 2251 768 393 2252 761 412 2253 775 414 2254 776 411 2255 780 425 2256 796 423 2257 781 404 2258 774 422 2259 788 424 2260 789 445 2261 782 415 2262 796 423 2263 797 444 2264 774 422 2265 790 420 2266 775 414 2267 783 413 2268 797 444 2269 798 421 2270 776 411 2271 790 420 2272 791 418 2273 784 410 2274 798 421 2275 799 419 2276 777 409 2277 791 418 2278 792 438 2279 770 408 2280 906 28 2281 785 430 2282 815 27 2283 784 410 2284 799 419 2285 777 409 2286 793 431 2287 778 429 2288 770 408 2289 786 427 2290 771 428 2291 778 429 2292 794 426 2293 779 406 2294 772 405 2295 786 427 2296 787 433 2297 780 425 2298 794 426 2299 795 435 2300 772 405 2301 788 424 2302 773 417 2303 785 430 2304 906 28 2305 800 437 2306 815 27 2307 799 419 2308 814 440 2309 792 438 2310 808 439 2311 793 431 2312 785 430 2313 801 436 2314 786 427 2315 793 431 2316 809 434 2317 794 426 2318 786 427 2319 802 432 2320 787 433 2321 795 435 2322 809 434 2323 810 454 2324 787 433 2325 803 446 2326 788 424 2327 795 435 2328 811 447 2329 796 423 2330 788 424 2331 804 451 2332 789 445 2333 796 423 2334 812 443 2335 797 444 2336 789 445 2337 805 442 2338 790 420 2339 798 421 2340 812 443 2341 813 450 2342 791 418 2343 805 442 2344 806 441 2345 798 421 2346 814 440 2347 799 419 2348 792 438 2349 806 441 2350 807 461 2351 804 451 2352 819 453 2353 820 473 2354 812 443 2355 827 455 2356 828 452 2357 804 451 2358 821 546 2359 805 442 2360 812 443 2361 829 449 2362 813 450 2363 806 441 2364 821 546 2365 822 463 2366 813 450 2367 830 462 2368 814 440 2369 807 461 2370 822 463 2371 823 460 2372 800 437 2373 906 28 2374 816 459 2375 815 27 2376 814 440 2377 830 462 2378 807 461 2379 824 465 2380 808 439 2381 800 437 2382 817 458 2383 801 436 2384 808 439 2385 825 457 2386 809 434 2387 801 436 2388 818 456 2389 802 432 2390 810 454 2391 825 457 2392 826 475 2393 802 432 2394 819 453 2395 803 446 2396 811 447 2397 826 475 2398 827 455 2399 823 460 2400 839 480 2401 824 465 2402 817 458 2403 831 467 2404 832 479 2405 824 465 2406 840 466 2407 825 457 2408 818 456 2409 832 479 2410 833 464 2411 826 475 2412 840 466 2413 841 478 2414 819 453 2415 833 464 2416 834 474 2417 826 475 2418 842 476 2419 827 455 2420 819 453 2421 835 477 2422 820 473 2423 827 455 2424 843 472 2425 828 452 2426 820 473 2427 836 471 2428 821 546 2429 829 449 2430 843 472 2431 844 470 2432 822 463 2433 836 471 2434 837 481 2435 830 462 2436 844 470 2437 845 469 2438 823 460 2439 837 481 2440 838 468 2441 816 459 2442 906 28 2443 831 467 2444 815 27 2445 830 462 2446 845 469 2447 843 472 2448 857 9 2449 858 5 2450 835 477 2451 851 2 2452 836 471 2453 844 470 2454 858 5 2455 859 4 2456 837 481 2457 851 2 2458 852 1 2459 845 469 2460 859 4 2461 860 25 2462 838 468 2463 852 1 2464 853 24 2465 831 467 2466 906 28 2467 846 23 2468 815 27 2469 845 469 2470 860 25 2471 838 468 2472 854 21 2473 839 480 2474 831 467 2475 847 19 2476 832 479 2477 839 480 2478 855 17 2479 840 466 2480 832 479 2481 848 15 2482 833 464 2483 841 478 2484 855 17 2485 856 13 2486 833 464 2487 849 11 2488 834 474 2489 842 476 2490 856 13 2491 857 9 2492 834 474 2493 850 7 2494 835 477 2495 846 23 2496 862 18 2497 847 19 2498 854 21 2499 870 16 2500 855 17 2501 848 15 2502 862 18 2503 863 14 2504 856 13 2505 870 16 2506 871 12 2507 849 11 2508 863 14 2509 864 10 2510 857 9 2511 871 12 2512 872 8 2513 850 7 2514 864 10 2515 865 6 2516 858 5 2517 872 8 2518 873 3 2519 850 7 2520 866 0 2521 851 2 2522 858 5 2523 874 30 2524 859 4 2525 852 1 2526 866 0 2527 867 29 2528 860 25 2529 874 30 2530 875 26 2531 853 24 2532 867 29 2533 868 33 2534 846 23 2535 906 28 2536 861 22 2537 815 27 2538 860 25 2539 875 26 2540 853 24 2541 869 20 2542 854 21 2543 865 6 2544 881 547 2545 866 0 2546 874 30 2547 888 36 2548 889 54 2549 867 29 2550 881 547 2551 882 52 2552 874 30 2553 890 548 2554 875 26 2555 868 33 2556 882 52 2557 883 32 2558 861 22 2559 906 28 2560 876 31 2561 815 27 2562 875 26 2563 890 548 2564 868 33 2565 884 42 2566 869 20 2567 861 22 2568 877 41 2569 862 18 2570 869 20 2571 885 40 2572 870 16 2573 862 18 2574 878 43 2575 863 14 2576 871 12 2577 885 40 2578 886 46 2579 864 10 2580 878 43 2581 879 39 2582 871 12 2583 887 37 2584 872 8 2585 865 6 2586 879 39 2587 880 38 2588 873 3 2589 887 37 2590 888 36 2591 884 42 2592 900 45 2593 885 40 2594 877 41 2595 893 47 2596 878 43 2597 886 46 2598 900 45 2599 901 63 2600 879 39 2601 893 47 2602 894 44 2603 886 46 2604 902 56 2605 887 37 2606 880 38 2607 894 44 2608 895 61 2609 887 37 2610 903 60 2611 888 36 2612 880 38 2613 896 55 2614 881 547 2615 888 36 2616 904 53 2617 889 54 2618 882 52 2619 896 55 2620 897 51 2621 890 548 2622 904 53 2623 905 50 2624 883 32 2625 897 51 2626 898 70 2627 876 31 2628 906 28 2629 891 49 2630 815 27 2631 890 548 2632 905 50 2633 883 32 2634 899 48 2635 884 42 2636 877 41 2637 891 49 2638 892 68 2639 904 53 2640 919 59 2641 920 57 2642 897 51 2643 912 58 2644 913 74 2645 904 53 2646 921 72 2647 905 50 2648 898 70 2649 913 74 2650 914 78 2651 891 49 2652 906 28 2653 907 73 2654 815 27 2655 905 50 2656 921 72 2657 898 70 2658 915 71 2659 899 48 2660 891 49 2661 908 67 2662 892 68 2663 899 48 2664 916 69 2665 900 45 2666 892 68 2667 909 65 2668 893 47 2669 901 63 2670 916 69 2671 917 66 2672 893 47 2673 910 87 2674 894 44 2675 902 56 2676 917 66 2677 918 64 2678 895 61 2679 910 87 2680 911 62 2681 903 60 2682 918 64 2683 919 59 2684 895 61 2685 912 58 2686 896 55 2687 917 66 2688 931 75 2689 932 88 2690 910 87 2691 924 76 2692 925 86 2693 917 66 2694 933 85 2695 918 64 2696 911 62 2697 925 86 2698 926 93 2699 918 64 2700 934 84 2701 919 59 2702 911 62 2703 927 83 2704 912 58 2705 920 57 2706 934 84 2707 935 92 2708 913 74 2709 927 83 2710 928 90 2711 920 57 2712 936 80 2713 921 72 2714 913 74 2715 929 82 2716 914 78 2717 907 73 2718 906 28 2719 922 81 2720 815 27 2721 921 72 2722 936 80 2723 915 71 2724 929 82 2725 930 79 2726 907 73 2727 923 77 2728 908 67 2729 915 71 2730 931 75 2731 916 69 2732 908 67 2733 924 76 2734 909 65 2735 936 80 2736 950 104 2737 951 549 2738 928 90 2739 944 110 2740 929 82 2741 922 81 2742 906 28 2743 937 550 2744 815 27 2745 936 80 2746 951 549 2747 930 79 2748 944 110 2749 945 100 2750 923 77 2751 937 550 2752 938 99 2753 930 79 2754 946 98 2755 931 75 2756 923 77 2757 939 106 2758 924 76 2759 932 88 2760 946 98 2761 947 96 2762 924 76 2763 940 97 2764 925 86 2765 932 88 2766 948 94 2767 933 85 2768 926 93 2769 940 97 2770 941 95 2771 934 84 2772 948 94 2773 949 91 2774 926 93 2775 942 89 2776 927 83 2777 935 92 2778 949 91 2779 950 104 2780 928 90 2781 942 89 2782 943 103 2783 939 106 2784 955 117 2785 940 97 2786 947 96 2787 963 116 2788 948 94 2789 940 97 2790 956 120 2791 941 95 2792 948 94 2793 964 115 2794 949 91 2795 941 95 2796 957 114 2797 942 89 2798 950 104 2799 964 115 2800 965 113 2801 943 103 2802 957 114 2803 958 132 2804 950 104 2805 966 111 2806 951 549 2807 943 103 2808 959 109 2809 944 110 2810 937 550 2811 906 28 2812 952 112 2813 815 27 2814 951 549 2815 966 111 2816 945 100 2817 959 109 2818 960 127 2819 937 550 2820 953 108 2821 938 99 2822 945 100 2823 961 107 2824 946 98 2825 938 99 2826 954 105 2827 939 106 2828 947 96 2829 961 107 2830 962 118 2831 958 132 2832 974 137 2833 959 109 2834 952 112 2835 906 28 2836 967 128 2837 815 27 2838 966 111 2839 981 130 2840 960 127 2841 974 137 2842 975 129 2843 952 112 2844 968 135 2845 953 108 2846 960 127 2847 976 125 2848 961 107 2849 954 105 2850 968 135 2851 969 126 2852 962 118 2853 976 125 2854 977 146 2855 955 117 2856 969 126 2857 970 123 2858 962 118 2859 978 124 2860 963 116 2861 956 120 2862 970 123 2863 971 143 2864 963 116 2865 979 122 2866 964 115 2867 956 120 2868 972 121 2869 957 114 2870 965 113 2871 979 122 2872 980 119 2873 958 132 2874 972 121 2875 973 131 2876 965 113 2877 981 130 2878 966 111 2879 977 146 2880 993 144 2881 978 124 2882 970 123 2883 986 145 2884 971 143 2885 978 124 2886 994 142 2887 979 122 2888 971 143 2889 987 141 2890 972 121 2891 980 119 2892 994 142 2893 995 140 2894 973 131 2895 987 141 2896 988 159 2897 980 119 2898 996 138 2899 981 130 2900 973 131 2901 989 136 2902 974 137 2903 967 128 2904 906 28 2905 982 139 2906 815 27 2907 981 130 2908 996 138 2909 975 129 2910 989 136 2911 990 155 2912 967 128 2913 983 134 2914 968 135 2915 975 129 2916 991 133 2917 976 125 2918 969 126 2919 983 134 2920 984 148 2921 977 146 2922 991 133 2923 992 152 2924 970 123 2925 984 148 2926 985 147 2927 982 139 2928 906 28 2929 997 156 2930 815 27 2931 996 138 2932 1011 158 2933 990 155 2934 1004 157 2935 1005 164 2936 982 139 2937 998 154 2938 983 134 2939 990 155 2940 1006 153 2941 991 133 2942 983 134 2943 999 173 2944 984 148 2945 992 152 2946 1006 153 2947 1007 172 2948 985 147 2949 999 173 2950 1000 151 2951 993 144 2952 1007 172 2953 1008 150 2954 985 147 2955 1001 169 2956 986 145 2957 993 144 2958 1009 161 2959 994 142 2960 986 145 2961 1002 551 2962 987 141 2963 995 140 2964 1009 161 2965 1010 160 2966 988 159 2967 1002 551 2968 1003 166 2969 995 140 2970 1011 158 2971 996 138 2972 988 159 2973 1004 157 2974 989 136 2975 1001 169 2976 1015 171 2977 1016 177 2978 1008 150 2979 1024 168 2980 1009 161 2981 1001 169 2982 1017 167 2983 1002 551 2984 1010 160 2985 1024 168 2986 1025 190 2987 1003 166 2988 1017 167 2989 1018 188 2990 1010 160 2991 1026 165 2992 1011 158 2993 1003 166 2994 1019 163 2995 1004 157 2996 997 156 2997 906 28 2998 1012 162 2999 815 27 3000 1011 158 3001 1026 165 3002 1005 164 3003 1019 163 3004 1020 183 3005 998 154 3006 1012 162 3007 1013 175 3008 1005 164 3009 1021 174 3010 1006 153 3011 999 173 3012 1013 175 3013 1014 180 3014 1007 172 3015 1021 174 3016 1022 179 3017 1000 151 3018 1014 180 3019 1015 171 3020 1007 172 3021 1023 170 3022 1008 150 3023 1020 183 3024 1034 197 3025 1035 185 3026 1012 162 3027 1028 182 3028 1013 175 3029 1020 183 3030 1036 181 3031 1021 174 3032 1013 175 3033 1029 203 3034 1014 180 3035 1022 179 3036 1036 181 3037 1037 178 3038 1015 171 3039 1029 203 3040 1030 176 3041 1022 179 3042 1038 193 3043 1023 170 3044 1016 177 3045 1030 176 3046 1031 200 3047 1023 170 3048 1039 192 3049 1024 168 3050 1016 177 3051 1032 191 3052 1017 167 3053 1024 168 3054 1040 189 3055 1025 190 3056 1018 188 3057 1032 191 3058 1033 187 3059 1025 190 3060 1041 186 3061 1026 165 3062 1018 188 3063 1034 197 3064 1019 163 3065 1012 162 3066 906 28 3067 1027 184 3068 815 27 3069 1026 165 3070 1041 186 3071 1039 192 3072 1053 201 3073 1054 220 3074 1031 200 3075 1047 199 3076 1032 191 3077 1040 189 3078 1054 220 3079 1055 198 3080 1033 187 3081 1047 199 3082 1048 196 3083 1041 186 3084 1055 198 3085 1056 194 3086 1034 197 3087 1048 196 3088 1049 207 3089 1027 184 3090 906 28 3091 1042 195 3092 815 27 3093 1041 186 3094 1056 194 3095 1034 197 3096 1050 213 3097 1035 185 3098 1028 182 3099 1042 195 3100 1043 206 3101 1035 185 3102 1051 204 3103 1036 181 3104 1028 182 3105 1044 205 3106 1029 203 3107 1037 178 3108 1051 204 3109 1052 208 3110 1030 176 3111 1044 205 3112 1045 202 3113 1037 178 3114 1053 201 3115 1038 193 3116 1031 200 3117 1045 202 3118 1046 221 3119 1050 213 3120 1066 552 3121 1051 204 3122 1044 205 3123 1058 235 3124 1059 212 3125 1052 208 3126 1066 552 3127 1067 231 3128 1045 202 3129 1059 212 3130 1060 210 3131 1052 208 3132 1068 209 3133 1053 201 3134 1046 221 3135 1060 210 3136 1061 222 3137 1053 201 3138 1069 219 3139 1054 220 3140 1046 221 3141 1062 553 3142 1047 199 3143 1054 220 3144 1070 217 3145 1055 198 3146 1048 196 3147 1062 553 3148 1063 224 3149 1055 198 3150 1071 216 3151 1056 194 3152 1048 196 3153 1064 215 3154 1049 207 3155 1042 195 3156 906 28 3157 1057 214 3158 815 27 3159 1056 194 3160 1071 216 3161 1050 213 3162 1064 215 3163 1065 236 3164 1043 206 3165 1057 214 3166 1058 235 3167 1070 217 3168 1084 228 3169 1085 227 3170 1063 224 3171 1077 226 3172 1078 223 3173 1070 217 3174 1086 225 3175 1071 216 3176 1063 224 3177 1079 244 3178 1064 215 3179 1057 214 3180 906 28 3181 1072 238 3182 815 27 3183 1071 216 3184 1086 225 3185 1065 236 3186 1079 244 3187 1080 237 3188 1057 214 3189 1073 234 3190 1058 235 3191 1065 236 3192 1081 233 3193 1066 552 3194 1058 235 3195 1074 232 3196 1059 212 3197 1067 231 3198 1081 233 3199 1082 230 3200 1059 212 3201 1075 240 3202 1060 210 3203 1067 231 3204 1083 251 3205 1068 209 3206 1061 222 3207 1075 240 3208 1076 229 3209 1069 219 3210 1083 251 3211 1084 228 3212 1061 222 3213 1077 226 3214 1062 553 3215 1074 232 3216 611 242 3217 612 260 3218 1082 230 3219 1087 241 3220 1088 259 3221 1075 240 3222 612 260 3223 613 239 3224 1082 230 3225 1089 252 3226 1083 251 3227 1076 229 3228 613 239 3229 614 255 3230 1083 251 3231 619 250 3232 1084 228 3233 1077 226 3234 614 255 3235 615 249 3236 1084 228 3237 1090 248 3238 1085 227 3239 1078 223 3240 615 249 3241 616 247 3242 1086 225 3243 1090 248 3244 1091 245 3245 1079 244 3246 616 247 3247 617 243 3248 1072 238 3249 906 28 3250 610 246 3251 815 27 3252 1086 225 3253 1091 245 3254 1079 244 3255 618 263 3256 1080 237 3257 1073 234 3258 610 246 3259 611 242 3260 1080 237 3261 1087 241 3262 1081 233 3263 19 0 3264 18 29 3265 8 1 3266 12 3 3267 11 30 3268 1 4 3269 20 6 3270 19 0 3271 477 2 3272 13 8 3273 12 3 3274 2 5 3275 21 10 3276 20 6 3277 478 7 3278 14 12 3279 13 8 3280 3 9 3281 22 14 3282 21 10 3283 479 11 3284 15 16 3285 14 12 3286 4 13 3287 23 18 3288 22 14 3289 9 15 3290 16 20 3291 15 16 3292 5 17 3293 24 22 3294 23 18 3295 480 19 3296 7 24 3297 17 33 3298 16 20 3299 18 29 3300 17 33 3301 7 24 3302 11 30 3303 10 26 3304 0 25 3305 18 29 3306 33 52 3307 32 32 3308 11 30 3309 26 54 3310 25 34 3311 34 35 3312 33 52 3313 18 29 3314 27 36 3315 26 54 3316 11 30 3317 20 6 3318 35 38 3319 34 35 3320 28 37 3321 27 36 3322 12 3 3323 21 10 3324 36 39 3325 35 38 3326 14 12 3327 29 46 3328 28 37 3329 22 14 3330 37 43 3331 36 39 3332 30 40 3333 29 46 3334 14 12 3335 38 41 3336 37 43 3337 22 14 3338 31 42 3339 30 40 3340 15 16 3341 39 31 3342 38 41 3343 23 18 3344 17 33 3345 32 32 3346 31 42 3347 37 43 3348 52 47 3349 51 44 3350 45 45 3351 44 63 3352 29 46 3353 38 41 3354 53 68 3355 52 47 3356 46 48 3357 45 45 3358 30 40 3359 54 49 3360 53 68 3361 38 41 3362 32 32 3363 47 70 3364 46 48 3365 48 51 3366 47 70 3367 32 32 3368 41 53 3369 40 50 3370 25 34 3371 49 55 3372 48 51 3373 33 52 3374 27 36 3375 42 60 3376 41 53 3377 35 38 3378 50 61 3379 49 55 3380 43 56 3381 42 60 3382 27 36 3383 51 44 3384 50 61 3385 35 38 3386 29 46 3387 44 63 3388 43 56 3389 56 57 3390 55 72 3391 40 50 3392 64 58 3393 63 74 3394 48 51 3395 57 59 3396 56 57 3397 41 53 3398 50 61 3399 65 62 3400 64 58 3401 43 56 3402 58 64 3403 57 59 3404 51 44 3405 66 87 3406 65 62 3407 44 63 3408 59 66 3409 58 64 3410 67 65 3411 66 87 3412 51 44 3413 45 45 3414 60 69 3415 59 66 3416 68 67 3417 67 65 3418 52 47 3419 46 48 3420 61 71 3421 60 69 3422 54 49 3423 69 73 3424 68 67 3425 47 70 3426 62 78 3427 61 71 3428 63 74 3429 62 78 3430 47 70 3431 75 75 3432 74 88 3433 59 66 3434 68 67 3435 83 77 3436 82 76 3437 61 71 3438 76 79 3439 75 75 3440 69 73 3441 84 81 3442 83 77 3443 62 78 3444 77 82 3445 76 79 3446 63 74 3447 78 90 3448 77 82 3449 56 57 3450 71 92 3451 70 80 3452 79 83 3453 78 90 3454 63 74 3455 72 84 3456 71 92 3457 56 57 3458 65 62 3459 80 93 3460 79 83 3461 73 85 3462 72 84 3463 57 59 3464 81 86 3465 80 93 3466 65 62 3467 74 88 3468 73 85 3469 58 64 3470 67 65 3471 82 76 3472 81 86 3473 94 89 3474 93 103 3475 78 90 3476 87 91 3477 86 104 3478 71 92 3479 80 93 3480 95 95 3481 94 89 3482 88 94 3483 87 91 3484 72 84 3485 81 86 3486 96 97 3487 95 95 3488 89 96 3489 88 94 3490 73 85 3491 82 76 3492 97 106 3493 96 97 3494 90 98 3495 89 96 3496 74 88 3497 98 99 3498 97 106 3499 82 76 3500 76 79 3501 91 100 3502 90 98 3503 84 81 3504 99 102 3505 98 99 3506 77 82 3507 92 110 3508 91 100 3509 93 103 3510 92 110 3511 77 82 3512 86 104 3513 85 101 3514 70 80 3515 98 99 3516 113 108 3517 112 105 3518 91 100 3519 106 127 3520 105 107 3521 99 102 3522 114 112 3523 113 108 3524 107 109 3525 106 127 3526 91 100 3527 93 103 3528 108 132 3529 107 109 3530 101 113 3531 100 111 3532 85 101 3533 109 114 3534 108 132 3535 93 103 3536 102 115 3537 101 113 3538 86 104 3539 95 95 3540 110 120 3541 109 114 3542 103 116 3543 102 115 3544 87 91 3545 111 117 3546 110 120 3547 95 95 3548 104 118 3549 103 116 3550 88 94 3551 97 106 3552 112 105 3553 111 117 3554 105 107 3555 104 118 3556 89 96 3557 102 115 3558 117 122 3559 116 119 3560 110 120 3561 125 143 3562 124 121 3563 103 116 3564 118 124 3565 117 122 3566 126 123 3567 125 143 3568 110 120 3569 104 118 3570 119 146 3571 118 124 3572 112 105 3573 127 126 3574 126 123 3575 120 125 3576 119 146 3577 104 118 3578 113 108 3579 128 135 3580 127 126 3581 106 127 3582 121 129 3583 120 125 3584 129 128 3585 128 135 3586 113 108 3587 107 109 3588 122 137 3589 121 129 3590 123 131 3591 122 137 3592 107 109 3593 116 119 3594 115 130 3595 100 111 3596 124 121 3597 123 131 3598 108 132 3599 121 129 3600 136 155 3601 135 133 3602 129 128 3603 144 139 3604 143 134 3605 137 136 3606 136 155 3607 121 129 3608 123 131 3609 138 159 3610 137 136 3611 131 140 3612 130 138 3613 115 130 3614 139 141 3615 138 159 3616 123 131 3617 132 142 3618 131 140 3619 116 119 3620 125 143 3621 140 145 3622 139 141 3623 133 144 3624 132 142 3625 117 122 3626 126 123 3627 141 147 3628 140 145 3629 119 146 3630 134 152 3631 133 144 3632 127 126 3633 142 148 3634 141 147 3635 135 133 3636 134 152 3637 119 146 3638 128 135 3639 143 134 3640 142 148 3641 140 145 3642 155 169 3643 154 149 3644 148 150 3645 147 161 3646 132 142 3647 156 151 3648 155 169 3649 140 145 3650 134 152 3651 149 172 3652 148 150 3653 142 148 3654 157 173 3655 156 151 3656 150 153 3657 149 172 3658 134 152 3659 158 154 3660 157 173 3661 142 148 3662 136 155 3663 151 164 3664 150 153 3665 159 156 3666 158 154 3667 143 134 3668 152 157 3669 151 164 3670 136 155 3671 138 159 3672 153 166 3673 152 157 3674 146 160 3675 145 158 3676 130 138 3677 154 149 3678 153 166 3679 138 159 3680 147 161 3681 146 160 3682 131 140 3683 174 162 3684 173 175 3685 158 154 3686 167 163 3687 166 183 3688 151 164 3689 153 166 3690 168 188 3691 167 163 3692 146 160 3693 161 190 3694 160 165 3695 169 167 3696 168 188 3697 153 166 3698 162 168 3699 161 190 3700 146 160 3701 155 169 3702 170 177 3703 169 167 3704 163 170 3705 162 168 3706 147 161 3707 171 171 3708 170 177 3709 155 169 3710 149 172 3711 164 179 3712 163 170 3713 157 173 3714 172 180 3715 171 171 3716 165 174 3717 164 179 3718 149 172 3719 173 175 3720 172 180 3721 157 173 3722 151 164 3723 166 183 3724 165 174 3725 186 176 3726 185 200 3727 170 177 3728 179 178 3729 178 193 3730 163 170 3731 172 180 3732 187 203 3733 186 176 3734 180 181 3735 179 178 3736 164 179 3737 188 182 3738 187 203 3739 172 180 3740 166 183 3741 181 185 3742 180 181 3743 189 184 3744 188 182 3745 173 175 3746 167 163 3747 182 197 3748 181 185 3749 183 187 3750 182 197 3751 167 163 3752 176 189 3753 175 186 3754 160 165 3755 184 191 3756 183 187 3757 168 188 3758 177 192 3759 176 189 3760 161 190 3761 170 177 3762 185 200 3763 184 191 3764 178 193 3765 177 192 3766 162 168 3767 198 196 3768 197 207 3769 182 197 3770 191 198 3771 190 194 3772 175 186 3773 199 199 3774 198 196 3775 183 187 3776 177 192 3777 192 220 3778 191 198 3779 185 200 3780 200 221 3781 199 199 3782 193 201 3783 192 220 3784 177 192 3785 201 202 3786 200 221 3787 185 200 3788 179 178 3789 194 208 3790 193 201 3791 187 203 3792 202 205 3793 201 202 3794 195 204 3795 194 208 3796 179 178 3797 188 182 3798 203 206 3799 202 205 3800 181 185 3801 196 213 3802 195 204 3803 189 184 3804 204 195 3805 203 206 3806 197 207 3807 196 213 3808 181 185 3809 194 208 3810 210 231 3811 209 209 3812 202 205 3813 218 212 3814 217 210 3815 211 211 3816 210 231 3817 194 208 3818 203 206 3819 219 235 3820 218 212 3821 196 213 3822 212 236 3823 211 211 3824 220 214 3825 219 235 3826 203 206 3827 213 215 3828 212 236 3829 196 213 3830 198 196 3831 214 224 3832 213 215 3833 207 217 3834 206 216 3835 190 194 3836 215 218 3837 214 224 3838 198 196 3839 208 219 3840 207 217 3841 191 198 3842 200 221 3843 216 222 3844 215 218 3845 193 201 3846 209 209 3847 208 219 3848 201 202 3849 217 210 3850 216 222 3851 229 223 3852 228 244 3853 213 215 3854 207 217 3855 222 227 3856 221 225 3857 230 226 3858 229 223 3859 214 224 3860 208 219 3861 223 228 3862 222 227 3863 216 222 3864 231 229 3865 230 226 3866 209 209 3867 224 251 3868 223 228 3869 217 210 3870 232 240 3871 231 229 3872 225 230 3873 224 251 3874 209 209 3875 233 232 3876 232 240 3877 217 210 3878 226 233 3879 225 230 3880 210 231 3881 234 234 3882 233 232 3883 218 212 3884 212 236 3885 227 237 3886 226 233 3887 220 214 3888 235 238 3889 234 234 3890 213 215 3891 228 244 3892 227 237 3893 233 232 3894 248 260 3895 247 239 3896 241 241 3897 240 259 3898 225 230 3899 249 242 3900 248 260 3901 233 232 3902 227 237 3903 242 263 3904 241 241 3905 235 238 3906 250 246 3907 249 242 3908 243 243 3909 242 263 3910 227 237 3911 244 247 3912 243 243 3913 228 244 3914 237 248 3915 236 245 3916 221 225 3917 245 249 3918 244 247 3919 229 223 3920 238 250 3921 237 248 3922 222 227 3923 231 229 3924 246 255 3925 245 249 3926 224 251 3927 239 252 3928 238 250 3929 247 239 3930 246 255 3931 231 229 3932 225 230 3933 240 259 3934 239 252 3935 252 253 3936 251 266 3937 236 245 3938 260 254 3939 259 267 3940 244 247 3941 238 250 3942 253 280 3943 252 253 3944 246 255 3945 261 281 3946 260 254 3947 254 256 3948 253 280 3949 238 250 3950 262 257 3951 261 281 3952 246 255 3953 255 258 3954 254 256 3955 239 252 3956 248 260 3957 263 262 3958 262 257 3959 256 261 3960 255 258 3961 240 259 3962 249 242 3963 264 269 3964 263 262 3965 242 263 3966 257 265 3967 256 261 3968 265 264 3969 264 269 3970 249 242 3971 243 243 3972 258 273 3973 257 265 3974 259 267 3975 258 273 3976 243 243 3977 271 268 3978 270 289 3979 255 258 3980 264 269 3981 279 271 3982 278 270 3983 257 265 3984 272 292 3985 271 268 3986 265 264 3987 280 275 3988 279 271 3989 273 272 3990 272 292 3991 257 265 3992 274 276 3993 273 272 3994 258 273 3995 267 277 3996 266 274 3997 251 266 3998 275 278 3999 274 276 4000 259 267 4001 268 279 4002 267 277 4003 252 253 4004 261 281 4005 276 286 4006 275 278 4007 254 256 4008 269 283 4009 268 279 4010 277 282 4011 276 286 4012 261 281 4013 255 258 4014 270 289 4015 269 283 4016 278 270 4017 277 282 4018 262 257 4019 290 284 4020 289 297 4021 274 276 4022 283 285 4023 282 298 4024 267 277 4025 276 286 4026 291 309 4027 290 284 4028 269 283 4029 284 310 4030 283 285 4031 292 287 4032 291 309 4033 276 286 4034 285 288 4035 284 310 4036 269 283 4037 278 270 4038 293 291 4039 292 287 4040 286 290 4041 285 288 4042 270 289 4043 279 271 4044 294 293 4045 293 291 4046 272 292 4047 287 294 4048 286 290 4049 280 275 4050 295 296 4051 294 293 4052 273 272 4053 288 302 4054 287 294 4055 289 297 4056 288 302 4057 273 272 4058 282 298 4059 281 295 4060 266 274 4061 310 299 4062 309 313 4063 293 291 4064 287 294 4065 303 303 4066 302 300 4067 311 301 4068 310 299 4069 294 293 4070 288 302 4071 304 323 4072 303 303 4073 305 305 4074 304 323 4075 288 302 4076 298 306 4077 297 304 4078 281 295 4079 306 307 4080 305 305 4081 289 297 4082 299 308 4083 298 306 4084 282 298 4085 291 309 4086 307 314 4087 306 307 4088 284 310 4089 300 312 4090 299 308 4091 308 311 4092 307 314 4093 291 309 4094 285 288 4095 301 318 4096 300 312 4097 309 313 4098 308 311 4099 292 287 4100 302 300 4101 301 318 4102 285 288 4103 307 314 4104 322 337 4105 321 315 4106 315 316 4107 314 326 4108 299 308 4109 323 317 4110 322 337 4111 307 314 4112 301 318 4113 316 340 4114 315 316 4115 309 313 4116 324 320 4117 323 317 4118 317 319 4119 316 340 4120 301 318 4121 310 299 4122 325 328 4123 324 320 4124 303 303 4125 318 330 4126 317 319 4127 326 321 4128 325 328 4129 310 299 4130 319 322 4131 318 330 4132 303 303 4133 305 305 4134 320 333 4135 319 322 4136 313 325 4137 312 324 4138 297 304 4139 321 315 4140 320 333 4141 305 305 4142 314 326 4143 313 325 4144 298 306 4145 326 321 4146 341 332 4147 340 327 4148 334 329 4149 333 350 4150 318 330 4151 320 333 4152 335 355 4153 334 329 4154 328 334 4155 327 331 4156 312 324 4157 336 335 4158 335 355 4159 320 333 4160 329 336 4161 328 334 4162 313 325 4163 322 337 4164 337 338 4165 336 335 4166 315 316 4167 330 344 4168 329 336 4169 323 317 4170 338 341 4171 337 338 4172 331 339 4173 330 344 4174 315 316 4175 324 320 4176 339 343 4177 338 341 4178 332 342 4179 331 339 4180 316 340 4181 325 328 4182 340 327 4183 339 343 4184 318 330 4185 333 350 4186 332 342 4187 330 344 4188 345 368 4189 344 345 4190 353 346 4191 352 366 4192 337 338 4193 346 347 4194 345 368 4195 330 344 4196 339 343 4197 354 349 4198 353 346 4199 347 348 4200 346 347 4201 331 339 4202 340 327 4203 355 351 4204 354 349 4205 333 350 4206 348 358 4207 347 348 4208 341 332 4209 356 354 4210 355 351 4211 349 352 4212 348 358 4213 333 350 4214 335 355 4215 350 361 4216 349 352 4217 328 334 4218 343 363 4219 342 353 4220 351 356 4221 350 361 4222 335 355 4223 344 345 4224 343 363 4225 328 334 4226 337 338 4227 352 366 4228 351 356 4229 364 357 4230 363 379 4231 348 358 4232 350 361 4233 365 384 4234 364 357 4235 358 362 4236 357 359 4237 342 353 4238 366 364 4239 365 384 4240 350 361 4241 359 365 4242 358 362 4243 343 363 4244 352 366 4245 367 373 4246 366 364 4247 360 367 4248 359 365 4249 344 345 4250 368 369 4251 367 373 4252 352 366 4253 346 347 4254 361 375 4255 360 367 4256 369 370 4257 368 369 4258 353 346 4259 362 371 4260 361 375 4261 346 347 4262 355 351 4263 370 378 4264 369 370 4265 348 358 4266 363 379 4267 362 371 4268 371 360 4269 370 378 4270 355 351 4271 383 372 4272 382 394 4273 367 373 4274 376 374 4275 375 395 4276 360 367 4277 384 376 4278 383 372 4279 368 369 4280 377 377 4281 376 374 4282 361 375 4283 370 378 4284 385 380 4285 384 376 4286 363 379 4287 378 401 4288 377 377 4289 371 360 4290 386 383 4291 385 380 4292 379 381 4293 378 401 4294 363 379 4295 365 384 4296 380 389 4297 379 381 4298 358 362 4299 373 391 4300 372 382 4301 381 385 4302 380 389 4303 365 384 4304 374 386 4305 373 391 4306 358 362 4307 367 373 4308 382 394 4309 381 385 4310 360 367 4311 375 395 4312 374 386 4313 380 389 4314 395 412 4315 394 390 4316 373 391 4317 388 393 4318 387 387 4319 396 392 4320 395 412 4321 380 389 4322 374 386 4323 389 396 4324 388 393 4325 382 394 4326 397 416 4327 396 392 4328 375 395 4329 390 398 4330 389 396 4331 398 397 4332 397 416 4333 382 394 4334 376 374 4335 391 403 4336 390 398 4337 384 376 4338 399 400 4339 398 397 4340 392 399 4341 391 403 4342 376 374 4343 385 380 4344 400 407 4345 399 400 4346 378 401 4347 393 402 4348 392 399 4349 401 388 4350 400 407 4351 385 380 4352 379 381 4353 394 390 4354 393 402 4355 391 403 4356 406 425 4357 405 404 4358 414 405 4359 413 417 4360 398 397 4361 407 406 4362 406 425 4363 391 403 4364 400 407 4365 415 428 4366 414 405 4367 393 402 4368 408 429 4369 407 406 4370 416 408 4371 415 428 4372 400 407 4373 409 409 4374 408 429 4375 393 402 4376 410 411 4377 409 409 4378 394 390 4379 403 413 4380 402 410 4381 387 387 4382 411 414 4383 410 411 4384 395 412 4385 404 415 4386 403 413 4387 388 393 4388 397 416 4389 412 422 4390 411 414 4391 390 398 4392 405 404 4393 404 415 4394 413 417 4395 412 422 4396 397 416 4397 425 418 4398 424 438 4399 409 409 4400 403 413 4401 418 421 4402 417 419 4403 426 420 4404 425 418 4405 410 411 4406 404 415 4407 419 444 4408 418 421 4409 412 422 4410 427 445 4411 426 420 4412 420 423 4413 419 444 4414 404 415 4415 428 424 4416 427 445 4417 412 422 4418 406 425 4419 421 435 4420 420 423 4421 414 405 4422 429 433 4423 428 424 4424 422 426 4425 421 435 4426 406 425 4427 430 427 4428 429 433 4429 414 405 4430 408 429 4431 423 431 4432 422 426 4433 431 430 4434 430 427 4435 415 428 4436 409 409 4437 424 438 4438 423 431 4439 444 432 4440 443 446 4441 428 424 4442 437 434 4443 436 454 4444 421 435 4445 445 436 4446 444 432 4447 429 433 4448 423 431 4449 438 439 4450 437 434 4451 446 437 4452 445 436 4453 430 427 4454 424 438 4455 439 461 4456 438 439 4457 440 441 4458 439 461 4459 424 438 4460 418 421 4461 433 450 4462 432 440 4463 441 442 4464 440 441 4465 425 418 4466 434 443 4467 433 450 4468 418 421 4469 427 445 4470 442 451 4471 441 442 4472 420 423 4473 435 447 4474 434 443 4475 443 446 4476 442 451 4477 427 445 4478 421 435 4479 436 454 4480 435 447 4481 456 448 4482 455 463 4483 440 441 4484 434 443 4485 449 452 4486 448 449 4487 442 451 4488 457 473 4489 456 448 4490 435 447 4491 450 455 4492 449 452 4493 458 453 4494 457 473 4495 442 451 4496 436 454 4497 451 475 4498 450 455 4499 459 456 4500 458 453 4501 443 446 4502 452 457 4503 451 475 4504 436 454 4505 460 458 4506 459 456 4507 444 432 4508 438 439 4509 453 465 4510 452 457 4511 461 459 4512 460 458 4513 445 436 4514 454 460 4515 453 465 4516 438 439 4517 455 463 4518 454 460 4519 439 461 4520 433 450 4521 448 449 4522 447 462 4523 460 458 4524 475 479 4525 474 464 4526 453 465 4527 468 480 4528 467 466 4529 476 467 4530 475 479 4531 460 458 4532 469 468 4533 468 480 4534 453 465 4535 455 463 4536 470 481 4537 469 468 4538 463 470 4539 462 469 4540 447 462 4541 471 471 4542 470 481 4543 455 463 4544 464 472 4545 463 470 4546 448 449 4547 457 473 4548 472 477 4549 471 471 4550 450 455 4551 465 476 4552 464 472 4553 473 474 4554 472 477 4555 457 473 4556 451 475 4557 466 478 4558 465 476 4559 459 456 4560 474 464 4561 473 474 4562 467 466 4563 466 478 4564 451 475 4565 464 472 4566 2 5 4567 1 4 4568 472 477 4569 478 7 4570 477 2 4571 465 476 4572 3 9 4573 2 5 4574 479 11 4575 478 7 4576 472 477 4577 466 478 4578 4 13 4579 3 9 4580 9 15 4581 479 11 4582 473 474 4583 467 466 4584 5 17 4585 4 13 4586 480 19 4587 9 15 4588 474 464 4589 468 480 4590 6 21 4591 5 17 4592 481 23 4593 480 19 4594 475 479 4595 469 468 4596 7 24 4597 6 21 4598 8 1 4599 7 24 4600 469 468 4601 463 470 4602 1 4 4603 0 25 4604 477 2 4605 8 1 4606 470 481 4607 514 554 4608 483 554 4609 482 554 4610 516 555 4611 484 555 4612 483 555 4613 485 556 4614 484 556 4615 516 556 4616 518 557 4617 486 557 4618 485 557 4619 487 558 4620 486 558 4621 518 558 4622 488 559 4623 487 559 4624 519 559 4625 521 560 4626 489 560 4627 488 560 4628 522 561 4629 490 561 4630 489 561 4631 491 562 4632 490 562 4633 522 562 4634 492 563 4635 491 563 4636 523 563 4637 525 564 4638 493 564 4639 492 564 4640 526 565 4641 494 565 4642 493 565 4643 527 566 4644 495 566 4645 494 566 4646 528 567 4647 496 567 4648 495 567 4649 529 568 4650 497 568 4651 496 568 4652 498 569 4653 497 569 4654 529 569 4655 499 570 4656 498 570 4657 530 570 4658 532 571 4659 500 571 4660 499 571 4661 501 572 4662 500 572 4663 532 572 4664 534 573 4665 502 573 4666 501 573 4667 503 574 4668 502 574 4669 534 574 4670 536 575 4671 504 575 4672 503 575 4673 505 576 4674 504 576 4675 536 576 4676 538 577 4677 506 577 4678 505 577 4679 539 578 4680 507 578 4681 506 578 4682 508 563 4683 507 563 4684 539 563 4685 509 579 4686 508 579 4687 540 579 4688 542 580 4689 510 580 4690 509 580 4691 543 581 4692 511 581 4693 510 581 4694 512 582 4695 511 582 4696 543 582 4697 513 583 4698 512 583 4699 544 583 4700 515 584 4701 482 584 4702 513 584 4703 578 585 4704 579 585 4705 546 585 4706 580 586 4707 578 586 4708 547 586 4709 580 587 4710 548 587 4711 549 587 4712 582 588 4713 581 588 4714 549 588 4715 582 589 4716 550 589 4717 551 589 4718 583 590 4719 551 590 4720 552 590 4721 585 591 4722 584 591 4723 552 591 4724 586 592 4725 585 592 4726 553 592 4727 586 593 4728 554 593 4729 555 593 4730 587 594 4731 555 594 4732 556 594 4733 589 595 4734 588 595 4735 556 595 4736 590 596 4737 589 596 4738 557 596 4739 591 596 4740 590 596 4741 558 596 4742 592 533 4743 591 533 4744 559 533 4745 593 597 4746 592 597 4747 560 597 4748 593 598 4749 561 598 4750 562 598 4751 594 599 4752 562 599 4753 563 599 4754 596 600 4755 595 600 4756 563 600 4757 596 601 4758 564 601 4759 565 601 4760 598 602 4761 597 602 4762 565 602 4763 598 603 4764 566 603 4765 567 603 4766 600 604 4767 599 604 4768 567 604 4769 600 605 4770 568 605 4771 569 605 4772 602 606 4773 601 606 4774 569 606 4775 603 607 4776 602 607 4777 570 607 4778 603 608 4779 571 608 4780 572 608 4781 604 609 4782 572 609 4783 573 609 4784 606 610 4785 605 610 4786 573 610 4787 607 611 4788 606 611 4789 574 611 4790 607 612 4791 575 612 4792 576 612 4793 608 613 4794 576 613 4795 577 613 4796 579 614 4797 609 614 4798 577 614 4799 618 263 4800 628 265 4801 629 261 4802 612 260 4803 611 242 4804 621 269 4805 1087 241 4806 629 261 4807 630 258 4808 613 239 4809 612 260 4810 622 262 4811 1088 259 4812 630 258 4813 631 256 4814 614 255 4815 613 239 4816 623 257 4817 1089 252 4818 631 256 4819 632 280 4820 614 255 4821 624 281 4822 625 254 4823 619 250 4824 632 280 4825 633 253 4826 615 249 4827 625 254 4828 626 267 4829 1090 248 4830 633 253 4831 634 266 4832 617 243 4833 616 247 4834 626 267 4835 617 243 4836 627 273 4837 628 265 4838 611 242 4839 610 246 4840 620 264 4841 628 265 4842 627 273 4843 642 272 4844 620 264 4845 635 275 4846 636 271 4847 628 265 4848 643 292 4849 644 544 4850 622 262 4851 621 269 4852 636 271 4853 630 258 4854 629 261 4855 644 544 4856 622 262 4857 637 270 4858 638 282 4859 631 256 4860 630 258 4861 645 289 4862 623 257 4863 638 282 4864 639 286 4865 631 256 4866 646 283 4867 647 279 4868 625 254 4869 624 281 4870 639 286 4871 632 280 4872 647 279 4873 648 277 4874 625 254 4875 640 278 4876 641 276 4877 633 253 4878 648 277 4879 649 274 4880 626 267 4881 641 276 4882 642 272 4883 647 279 4884 646 283 4885 661 310 4886 639 286 4887 654 309 4888 655 284 4889 648 277 4890 647 279 4891 662 285 4892 640 278 4893 655 284 4894 656 297 4895 648 277 4896 663 298 4897 664 295 4898 642 272 4899 641 276 4900 656 297 4901 642 272 4902 657 302 4903 658 294 4904 636 271 4905 635 275 4906 650 296 4907 643 292 4908 658 294 4909 659 290 4910 636 271 4911 651 293 4912 652 291 4913 645 289 4914 644 544 4915 659 290 4916 638 282 4917 637 270 4918 652 291 4919 646 283 4920 645 289 4921 660 288 4922 638 282 4923 653 287 4924 654 309 4925 650 296 4926 665 301 4927 666 299 4928 658 294 4929 673 303 4930 674 300 4931 651 293 4932 666 299 4933 667 313 4934 660 288 4935 659 290 4936 674 300 4937 652 291 4938 667 313 4939 668 311 4940 660 288 4941 675 318 4942 676 312 4943 654 309 4944 653 287 4945 668 311 4946 662 285 4947 661 310 4948 676 312 4949 655 284 4950 654 309 4951 669 314 4952 662 285 4953 677 308 4954 678 306 4955 655 284 4956 670 307 4957 671 305 4958 664 295 4959 663 298 4960 678 306 4961 657 302 4962 656 297 4963 671 305 4964 657 302 4965 672 323 4966 673 303 4967 669 314 4968 684 337 4969 685 315 4970 678 306 4971 677 308 4972 692 326 4973 671 305 4974 670 307 4975 685 315 4976 678 306 4977 693 325 4978 694 324 4979 671 305 4980 686 333 4981 687 322 4982 673 303 4983 672 323 4984 687 322 4985 665 301 4986 680 321 4987 681 328 4988 673 303 4989 688 330 4990 689 319 4991 667 313 4992 666 299 4993 681 328 4994 675 318 4995 674 300 4996 689 319 4997 667 313 4998 682 320 4999 683 317 5000 675 318 5001 690 340 5002 691 316 5003 668 311 5004 683 317 5005 684 337 5006 677 308 5007 676 312 5008 691 316 5009 688 330 5010 703 350 5011 704 342 5012 681 328 5013 696 327 5014 697 343 5015 690 340 5016 689 319 5017 704 342 5018 682 320 5019 697 343 5020 698 341 5021 690 340 5022 705 339 5023 706 344 5024 683 317 5025 698 341 5026 699 338 5027 692 326 5028 691 316 5029 706 344 5030 684 337 5031 699 338 5032 700 335 5033 693 325 5034 692 326 5035 707 336 5036 686 333 5037 685 315 5038 700 335 5039 694 324 5040 693 325 5041 708 334 5042 686 333 5043 701 355 5044 702 329 5045 688 330 5046 687 322 5047 702 329 5048 680 321 5049 695 332 5050 696 327 5051 707 336 5052 722 345 5053 723 363 5054 701 355 5055 700 335 5056 715 356 5057 709 331 5058 708 334 5059 723 363 5060 701 355 5061 716 361 5062 717 352 5063 703 350 5064 702 329 5065 717 352 5066 695 332 5067 710 354 5068 711 351 5069 703 350 5070 718 358 5071 719 348 5072 696 327 5073 711 351 5074 712 349 5075 705 339 5076 704 342 5077 719 348 5078 697 343 5079 712 349 5080 713 346 5081 705 339 5082 720 347 5083 721 368 5084 699 338 5085 698 341 5086 713 346 5087 707 336 5088 706 344 5089 721 368 5090 699 338 5091 714 366 5092 715 356 5093 712 349 5094 711 351 5095 726 378 5096 720 347 5097 719 348 5098 734 371 5099 712 349 5100 727 370 5101 728 369 5102 721 368 5103 720 347 5104 735 375 5105 713 346 5106 728 369 5107 729 373 5108 722 345 5109 721 368 5110 736 367 5111 714 366 5112 729 373 5113 730 364 5114 723 363 5115 722 345 5116 737 365 5117 716 361 5118 715 356 5119 730 364 5120 724 353 5121 723 363 5122 738 362 5123 716 361 5124 731 384 5125 732 357 5126 718 358 5127 717 352 5128 732 357 5129 710 354 5130 725 360 5131 726 378 5132 718 358 5133 733 379 5134 734 371 5135 731 384 5136 730 364 5137 745 385 5138 738 362 5139 753 391 5140 754 382 5141 731 384 5142 746 389 5143 747 381 5144 733 379 5145 732 357 5146 747 381 5147 725 360 5148 740 383 5149 741 380 5150 733 379 5151 748 401 5152 749 377 5153 726 378 5154 741 380 5155 742 376 5156 735 375 5157 734 371 5158 749 377 5159 727 370 5160 742 376 5161 743 372 5162 735 375 5163 750 374 5164 751 395 5165 729 373 5166 728 369 5167 743 372 5168 737 365 5169 736 367 5170 751 395 5171 729 373 5172 744 394 5173 745 385 5174 737 365 5175 752 386 5176 753 391 5177 750 374 5178 749 377 5179 764 399 5180 743 372 5181 742 376 5182 757 400 5183 750 374 5184 765 403 5185 766 398 5186 744 394 5187 743 372 5188 758 397 5189 752 386 5190 751 395 5191 766 398 5192 744 394 5193 759 416 5194 760 392 5195 753 391 5196 752 386 5197 767 396 5198 746 389 5199 745 385 5200 760 392 5201 754 382 5202 753 391 5203 768 393 5204 746 389 5205 761 412 5206 762 390 5207 748 401 5208 747 381 5209 762 390 5210 741 380 5211 740 383 5212 755 388 5213 748 401 5214 763 402 5215 764 399 5216 741 380 5217 756 407 5218 757 400 5219 768 393 5220 783 413 5221 784 410 5222 761 412 5223 776 411 5224 777 409 5225 763 402 5226 762 390 5227 777 409 5228 755 388 5229 770 408 5230 771 428 5231 763 402 5232 778 429 5233 779 406 5234 756 407 5235 771 428 5236 772 405 5237 765 403 5238 764 399 5239 779 406 5240 757 400 5241 772 405 5242 773 417 5243 765 403 5244 780 425 5245 781 404 5246 759 416 5247 758 397 5248 773 417 5249 767 396 5250 766 398 5251 781 404 5252 759 416 5253 774 422 5254 775 414 5255 767 396 5256 782 415 5257 783 413 5258 761 412 5259 760 392 5260 775 414 5261 780 425 5262 795 435 5263 796 423 5264 774 422 5265 773 417 5266 788 424 5267 782 415 5268 781 404 5269 796 423 5270 774 422 5271 789 445 5272 790 420 5273 783 413 5274 782 415 5275 797 444 5276 776 411 5277 775 414 5278 790 420 5279 784 410 5280 783 413 5281 798 421 5282 777 409 5283 776 411 5284 791 418 5285 777 409 5286 792 438 5287 793 431 5288 770 408 5289 785 430 5290 786 427 5291 778 429 5292 793 431 5293 794 426 5294 772 405 5295 771 428 5296 786 427 5297 780 425 5298 779 406 5299 794 426 5300 772 405 5301 787 433 5302 788 424 5303 792 438 5304 807 461 5305 808 439 5306 785 430 5307 800 437 5308 801 436 5309 793 431 5310 808 439 5311 809 434 5312 786 427 5313 801 436 5314 802 432 5315 795 435 5316 794 426 5317 809 434 5318 787 433 5319 802 432 5320 803 446 5321 795 435 5322 810 454 5323 811 447 5324 788 424 5325 803 446 5326 804 451 5327 796 423 5328 811 447 5329 812 443 5330 789 445 5331 804 451 5332 805 442 5333 798 421 5334 797 444 5335 812 443 5336 791 418 5337 790 420 5338 805 442 5339 798 421 5340 813 450 5341 814 440 5342 792 438 5343 791 418 5344 806 441 5345 804 451 5346 803 446 5347 819 453 5348 812 443 5349 811 447 5350 827 455 5351 804 451 5352 820 473 5353 821 546 5354 812 443 5355 828 452 5356 829 449 5357 806 441 5358 805 442 5359 821 546 5360 813 450 5361 829 449 5362 830 462 5363 807 461 5364 806 441 5365 822 463 5366 807 461 5367 823 460 5368 824 465 5369 800 437 5370 816 459 5371 817 458 5372 808 439 5373 824 465 5374 825 457 5375 801 436 5376 817 458 5377 818 456 5378 810 454 5379 809 434 5380 825 457 5381 802 432 5382 818 456 5383 819 453 5384 811 447 5385 810 454 5386 826 475 5387 823 460 5388 838 468 5389 839 480 5390 817 458 5391 816 459 5392 831 467 5393 824 465 5394 839 480 5395 840 466 5396 818 456 5397 817 458 5398 832 479 5399 826 475 5400 825 457 5401 840 466 5402 819 453 5403 818 456 5404 833 464 5405 826 475 5406 841 478 5407 842 476 5408 819 453 5409 834 474 5410 835 477 5411 827 455 5412 842 476 5413 843 472 5414 820 473 5415 835 477 5416 836 471 5417 829 449 5418 828 452 5419 843 472 5420 822 463 5421 821 546 5422 836 471 5423 830 462 5424 829 449 5425 844 470 5426 823 460 5427 822 463 5428 837 481 5429 843 472 5430 842 476 5431 857 9 5432 835 477 5433 850 7 5434 851 2 5435 844 470 5436 843 472 5437 858 5 5438 837 481 5439 836 471 5440 851 2 5441 845 469 5442 844 470 5443 859 4 5444 838 468 5445 837 481 5446 852 1 5447 838 468 5448 853 24 5449 854 21 5450 831 467 5451 846 23 5452 847 19 5453 839 480 5454 854 21 5455 855 17 5456 832 479 5457 847 19 5458 848 15 5459 841 478 5460 840 466 5461 855 17 5462 833 464 5463 848 15 5464 849 11 5465 842 476 5466 841 478 5467 856 13 5468 834 474 5469 849 11 5470 850 7 5471 846 23 5472 861 22 5473 862 18 5474 854 21 5475 869 20 5476 870 16 5477 848 15 5478 847 19 5479 862 18 5480 856 13 5481 855 17 5482 870 16 5483 849 11 5484 848 15 5485 863 14 5486 857 9 5487 856 13 5488 871 12 5489 850 7 5490 849 11 5491 864 10 5492 858 5 5493 857 9 5494 872 8 5495 850 7 5496 865 6 5497 866 0 5498 858 5 5499 873 3 5500 874 30 5501 852 1 5502 851 2 5503 866 0 5504 860 25 5505 859 4 5506 874 30 5507 853 24 5508 852 1 5509 867 29 5510 853 24 5511 868 33 5512 869 20 5513 865 6 5514 880 38 5515 881 547 5516 874 30 5517 873 3 5518 888 36 5519 867 29 5520 866 0 5521 881 547 5522 874 30 5523 889 54 5524 890 548 5525 868 33 5526 867 29 5527 882 52 5528 868 33 5529 883 32 5530 884 42 5531 861 22 5532 876 31 5533 877 41 5534 869 20 5535 884 42 5536 885 40 5537 862 18 5538 877 41 5539 878 43 5540 871 12 5541 870 16 5542 885 40 5543 864 10 5544 863 14 5545 878 43 5546 871 12 5547 886 46 5548 887 37 5549 865 6 5550 864 10 5551 879 39 5552 873 3 5553 872 8 5554 887 37 5555 884 42 5556 899 48 5557 900 45 5558 877 41 5559 892 68 5560 893 47 5561 886 46 5562 885 40 5563 900 45 5564 879 39 5565 878 43 5566 893 47 5567 886 46 5568 901 63 5569 902 56 5570 880 38 5571 879 39 5572 894 44 5573 887 37 5574 902 56 5575 903 60 5576 880 38 5577 895 61 5578 896 55 5579 888 36 5580 903 60 5581 904 53 5582 882 52 5583 881 547 5584 896 55 5585 890 548 5586 889 54 5587 904 53 5588 883 32 5589 882 52 5590 897 51 5591 883 32 5592 898 70 5593 899 48 5594 877 41 5595 876 31 5596 891 49 5597 904 53 5598 903 60 5599 919 59 5600 897 51 5601 896 55 5602 912 58 5603 904 53 5604 920 57 5605 921 72 5606 898 70 5607 897 51 5608 913 74 5609 898 70 5610 914 78 5611 915 71 5612 891 49 5613 907 73 5614 908 67 5615 899 48 5616 915 71 5617 916 69 5618 892 68 5619 908 67 5620 909 65 5621 901 63 5622 900 45 5623 916 69 5624 893 47 5625 909 65 5626 910 87 5627 902 56 5628 901 63 5629 917 66 5630 895 61 5631 894 44 5632 910 87 5633 903 60 5634 902 56 5635 918 64 5636 895 61 5637 911 62 5638 912 58 5639 917 66 5640 916 69 5641 931 75 5642 910 87 5643 909 65 5644 924 76 5645 917 66 5646 932 88 5647 933 85 5648 911 62 5649 910 87 5650 925 86 5651 918 64 5652 933 85 5653 934 84 5654 911 62 5655 926 93 5656 927 83 5657 920 57 5658 919 59 5659 934 84 5660 913 74 5661 912 58 5662 927 83 5663 920 57 5664 935 92 5665 936 80 5666 913 74 5667 928 90 5668 929 82 5669 915 71 5670 914 78 5671 929 82 5672 907 73 5673 922 81 5674 923 77 5675 915 71 5676 930 79 5677 931 75 5678 908 67 5679 923 77 5680 924 76 5681 936 80 5682 935 92 5683 950 104 5684 928 90 5685 943 103 5686 944 110 5687 930 79 5688 929 82 5689 944 110 5690 923 77 5691 922 81 5692 937 550 5693 930 79 5694 945 100 5695 946 98 5696 923 77 5697 938 99 5698 939 106 5699 932 88 5700 931 75 5701 946 98 5702 924 76 5703 939 106 5704 940 97 5705 932 88 5706 947 96 5707 948 94 5708 926 93 5709 925 86 5710 940 97 5711 934 84 5712 933 85 5713 948 94 5714 926 93 5715 941 95 5716 942 89 5717 935 92 5718 934 84 5719 949 91 5720 928 90 5721 927 83 5722 942 89 5723 939 106 5724 954 105 5725 955 117 5726 947 96 5727 962 118 5728 963 116 5729 940 97 5730 955 117 5731 956 120 5732 948 94 5733 963 116 5734 964 115 5735 941 95 5736 956 120 5737 957 114 5738 950 104 5739 949 91 5740 964 115 5741 943 103 5742 942 89 5743 957 114 5744 950 104 5745 965 113 5746 966 111 5747 943 103 5748 958 132 5749 959 109 5750 945 100 5751 944 110 5752 959 109 5753 937 550 5754 952 112 5755 953 108 5756 945 100 5757 960 127 5758 961 107 5759 938 99 5760 953 108 5761 954 105 5762 947 96 5763 946 98 5764 961 107 5765 958 132 5766 973 131 5767 974 137 5768 960 127 5769 959 109 5770 974 137 5771 952 112 5772 967 128 5773 968 135 5774 960 127 5775 975 129 5776 976 125 5777 954 105 5778 953 108 5779 968 135 5780 962 118 5781 961 107 5782 976 125 5783 955 117 5784 954 105 5785 969 126 5786 962 118 5787 977 146 5788 978 124 5789 956 120 5790 955 117 5791 970 123 5792 963 116 5793 978 124 5794 979 122 5795 956 120 5796 971 143 5797 972 121 5798 965 113 5799 964 115 5800 979 122 5801 958 132 5802 957 114 5803 972 121 5804 965 113 5805 980 119 5806 981 130 5807 977 146 5808 992 152 5809 993 144 5810 970 123 5811 985 147 5812 986 145 5813 978 124 5814 993 144 5815 994 142 5816 971 143 5817 986 145 5818 987 141 5819 980 119 5820 979 122 5821 994 142 5822 973 131 5823 972 121 5824 987 141 5825 980 119 5826 995 140 5827 996 138 5828 973 131 5829 988 159 5830 989 136 5831 975 129 5832 974 137 5833 989 136 5834 967 128 5835 982 139 5836 983 134 5837 975 129 5838 990 155 5839 991 133 5840 969 126 5841 968 135 5842 983 134 5843 977 146 5844 976 125 5845 991 133 5846 970 123 5847 969 126 5848 984 148 5849 990 155 5850 989 136 5851 1004 157 5852 982 139 5853 997 156 5854 998 154 5855 990 155 5856 1005 164 5857 1006 153 5858 983 134 5859 998 154 5860 999 173 5861 992 152 5862 991 133 5863 1006 153 5864 985 147 5865 984 148 5866 999 173 5867 993 144 5868 992 152 5869 1007 172 5870 985 147 5871 1000 151 5872 1001 169 5873 993 144 5874 1008 150 5875 1009 161 5876 986 145 5877 1001 169 5878 1002 551 5879 995 140 5880 994 142 5881 1009 161 5882 988 159 5883 987 141 5884 1002 551 5885 995 140 5886 1010 160 5887 1011 158 5888 988 159 5889 1003 166 5890 1004 157 5891 1001 169 5892 1000 151 5893 1015 171 5894 1008 150 5895 1023 170 5896 1024 168 5897 1001 169 5898 1016 177 5899 1017 167 5900 1010 160 5901 1009 161 5902 1024 168 5903 1003 166 5904 1002 551 5905 1017 167 5906 1010 160 5907 1025 190 5908 1026 165 5909 1003 166 5910 1018 188 5911 1019 163 5912 1005 164 5913 1004 157 5914 1019 163 5915 998 154 5916 997 156 5917 1012 162 5918 1005 164 5919 1020 183 5920 1021 174 5921 999 173 5922 998 154 5923 1013 175 5924 1007 172 5925 1006 153 5926 1021 174 5927 1000 151 5928 999 173 5929 1014 180 5930 1007 172 5931 1022 179 5932 1023 170 5933 1020 183 5934 1019 163 5935 1034 197 5936 1012 162 5937 1027 184 5938 1028 182 5939 1020 183 5940 1035 185 5941 1036 181 5942 1013 175 5943 1028 182 5944 1029 203 5945 1022 179 5946 1021 174 5947 1036 181 5948 1015 171 5949 1014 180 5950 1029 203 5951 1022 179 5952 1037 178 5953 1038 193 5954 1016 177 5955 1015 171 5956 1030 176 5957 1023 170 5958 1038 193 5959 1039 192 5960 1016 177 5961 1031 200 5962 1032 191 5963 1024 168 5964 1039 192 5965 1040 189 5966 1018 188 5967 1017 167 5968 1032 191 5969 1025 190 5970 1040 189 5971 1041 186 5972 1018 188 5973 1033 187 5974 1034 197 5975 1039 192 5976 1038 193 5977 1053 201 5978 1031 200 5979 1046 221 5980 1047 199 5981 1040 189 5982 1039 192 5983 1054 220 5984 1033 187 5985 1032 191 5986 1047 199 5987 1041 186 5988 1040 189 5989 1055 198 5990 1034 197 5991 1033 187 5992 1048 196 5993 1034 197 5994 1049 207 5995 1050 213 5996 1028 182 5997 1027 184 5998 1042 195 5999 1035 185 6000 1050 213 6001 1051 204 6002 1028 182 6003 1043 206 6004 1044 205 6005 1037 178 6006 1036 181 6007 1051 204 6008 1030 176 6009 1029 203 6010 1044 205 6011 1037 178 6012 1052 208 6013 1053 201 6014 1031 200 6015 1030 176 6016 1045 202 6017 1050 213 6018 1065 236 6019 1066 552 6020 1044 205 6021 1043 206 6022 1058 235 6023 1052 208 6024 1051 204 6025 1066 552 6026 1045 202 6027 1044 205 6028 1059 212 6029 1052 208 6030 1067 231 6031 1068 209 6032 1046 221 6033 1045 202 6034 1060 210 6035 1053 201 6036 1068 209 6037 1069 219 6038 1046 221 6039 1061 222 6040 1062 553 6041 1054 220 6042 1069 219 6043 1070 217 6044 1048 196 6045 1047 199 6046 1062 553 6047 1055 198 6048 1070 217 6049 1071 216 6050 1048 196 6051 1063 224 6052 1064 215 6053 1050 213 6054 1049 207 6055 1064 215 6056 1043 206 6057 1042 195 6058 1057 214 6059 1070 217 6060 1069 219 6061 1084 228 6062 1063 224 6063 1062 553 6064 1077 226 6065 1070 217 6066 1085 227 6067 1086 225 6068 1063 224 6069 1078 223 6070 1079 244 6071 1065 236 6072 1064 215 6073 1079 244 6074 1057 214 6075 1072 238 6076 1073 234 6077 1065 236 6078 1080 237 6079 1081 233 6080 1058 235 6081 1073 234 6082 1074 232 6083 1067 231 6084 1066 552 6085 1081 233 6086 1059 212 6087 1074 232 6088 1075 240 6089 1067 231 6090 1082 230 6091 1083 251 6092 1061 222 6093 1060 210 6094 1075 240 6095 1069 219 6096 1068 209 6097 1083 251 6098 1061 222 6099 1076 229 6100 1077 226 6101 1074 232 6102 1073 234 6103 611 242 6104 1082 230 6105 1081 233 6106 1087 241 6107 1075 240 6108 1074 232 6109 612 260 6110 1082 230 6111 1088 259 6112 1089 252 6113 1076 229 6114 1075 240 6115 613 239 6116 1083 251 6117 1089 252 6118 619 250 6119 1077 226 6120 1076 229 6121 614 255 6122 1084 228 6123 619 250 6124 1090 248 6125 1078 223 6126 1077 226 6127 615 249 6128 1086 225 6129 1085 227 6130 1090 248 6131 1079 244 6132 1078 223 6133 616 247 6134 1079 244 6135 617 243 6136 618 263 6137 1073 234 6138 1072 238 6139 610 246 6140 1080 237 6141 618 263 6142 1087 241 6143</p>
        </triangles>
      </mesh>
    </geometry>
  </library_geometries>
  <library_controllers/>
  <library_visual_scenes>
    <visual_scene id="Scene" name="Scene">
      <node id="Camera" name="Camera" type="NODE">
        <matrix sid="transform">0.6859207 -0.3240135 0.6515582 7.481132 0.7276763 0.3054208 -0.6141704 -6.50764 0 0.8953956 0.4452714 5.343665 0 0 0 1</matrix>
        <instance_camera url="#Camera-camera"/>
      </node>
      <node id="Lamp" name="Lamp" type="NODE">
        <matrix sid="transform">-0.2908646 -0.7711008 0.5663932 4.076245 0.9551712 -0.1998834 0.2183912 1.005454 -0.05518906 0.6045247 0.7946723 5.903862 0 0 0 1</matrix>
        <instance_light url="#Lamp-light"/>
      </node>
      <node id="Sphere_002" name="Sphere_002" type="NODE">
        <matrix sid="transform">1 0 0 0 0 1 0 0 0 0 1 0 0 0 0 1</matrix>
        <instance_geometry url="#Sphere_004-mesh" name="Sphere_002"/>
      </node>
    </visual_scene>
  </library_visual_scenes>
  <scene>
    <instance_visual_scene url="#Scene"/>
  </scene>
</COLLADA>