# Blender v2.78 (sub 0) OBJ File: 'RollerCoasterRail45Curve_col.blend'
# www.blender.org
mtllib RollerCoasterRail45Curve_col.mtl
o Circle.038
v 12.671573 0.830000 -29.328428
v 12.582275 0.804880 -29.417725
v 12.506573 0.733345 -29.493427
v 12.455989 0.626286 -29.544010
v 12.438229 0.500000 -29.561771
v 12.455989 0.373714 -29.544010
v 12.506573 0.266655 -29.493427
v 12.582275 0.195120 -29.417725
v 12.671573 0.170000 -29.328428
v 12.760870 0.195120 -29.239130
v 12.836574 0.266655 -29.163425
v 12.887156 0.373714 -29.112843
v 12.904918 0.500000 -29.095081
v 12.887156 0.626286 -29.112843
v 12.836574 0.733345 -29.163425
v 12.760870 0.804880 -29.239130
v 13.671573 0.830000 -30.328428
v 13.582275 0.804880 -30.417725
v 13.506573 0.733345 -30.493427
v 13.455989 0.626286 -30.544010
v 13.438229 0.500000 -30.561771
v 13.455989 0.373714 -30.544010
v 13.506573 0.266655 -30.493427
v 13.582275 0.195120 -30.417725
v 13.671573 0.170000 -30.328428
v 13.760870 0.195120 -30.239130
v 13.836574 0.266655 -30.163425
v 13.887156 0.373714 -30.112843
v 13.904918 0.500000 -30.095081
v 13.887156 0.626286 -30.112843
v 13.836574 0.733345 -30.163425
v 13.760870 0.804880 -30.239130
vt 0.6819 0.6926
vt 0.6875 0.7019
vt 0.6875 0.7019
vt 0.6819 0.6926
vt 0.6875 0.7019
vt 0.6875 0.7120
vt 0.6875 0.7120
vt 0.6875 0.7019
vt 0.6875 0.7120
vt 0.6819 0.7214
vt 0.6819 0.7214
vt 0.6875 0.7120
vt 0.6819 0.7214
vt 0.6716 0.7285
vt 0.6716 0.7285
vt 0.6819 0.7214
vt 0.6436 0.7324
vt 0.6302 0.7285
vt 0.6302 0.7285
vt 0.6436 0.7324
vt 0.6716 0.7285
vt 0.6582 0.7324
vt 0.6582 0.7324
vt 0.6716 0.7285
vt 0.6302 0.7285
vt 0.6199 0.7214
vt 0.6199 0.7214
vt 0.6302 0.7285
vt 0.6582 0.7324
vt 0.6582 0.7324
vt 0.6582 0.7324
vt 0.6582 0.7324
vt 0.6199 0.7214
vt 0.6143 0.7120
vt 0.6143 0.7120
vt 0.6199 0.7214
vt 0.6143 0.7120
vt 0.6143 0.7019
vt 0.6143 0.7019
vt 0.6143 0.7120
vt 0.6143 0.7019
vt 0.6199 0.6926
vt 0.6199 0.6926
vt 0.6143 0.7019
vt 0.6199 0.6926
vt 0.6302 0.6854
vt 0.6302 0.6854
vt 0.6199 0.6926
vt 0.6302 0.6854
vt 0.6436 0.6816
vt 0.6436 0.6816
vt 0.6302 0.6854
vt 0.6436 0.6816
vt 0.6582 0.6816
vt 0.6582 0.6816
vt 0.6436 0.6816
vt 0.6582 0.6816
vt 0.6716 0.6854
vt 0.6716 0.6854
vt 0.6582 0.6816
vt 0.6716 0.6854
vt 0.6819 0.6926
vt 0.6819 0.6926
vt 0.6716 0.6854
vn 0.6533 -0.3827 0.6533
vn 0.5000 -0.7071 0.5000
vn 0.7071 -0.0000 0.7071
vn 0.6533 0.3827 0.6533
vn 0.5000 0.7071 0.5000
vn -0.2706 0.9239 -0.2706
vn -0.0000 1.0000 -0.0000
vn 0.2706 0.9239 0.2706
vn -0.5000 0.7071 -0.5000
vn -0.6533 0.3827 -0.6533
vn -0.7071 -0.0000 -0.7071
vn -0.6533 -0.3827 -0.6533
vn -0.5000 -0.7071 -0.5000
vn -0.2706 -0.9239 -0.2706
vn -0.0000 -1.0000 -0.0000
vn 0.2706 -0.9239 0.2706
usemtl None
s 1
f 12/1/1 11/2/2 27/3/2 28/4/1
f 13/5/3 12/6/1 28/7/1 29/8/3
f 14/9/4 13/10/3 29/11/3 30/12/4
f 15/13/5 14/14/4 30/15/4 31/16/5
f 2/17/6 1/18/7 17/19/7 18/20/6
f 16/21/8 15/22/5 31/23/5 32/24/8
f 3/25/9 2/26/6 18/27/6 19/28/9
f 1/29/7 16/30/8 32/31/8 17/32/7
f 4/33/10 3/34/9 19/35/9 20/36/10
f 5/37/11 4/38/10 20/39/10 21/40/11
f 6/41/12 5/42/11 21/43/11 22/44/12
f 7/45/13 6/46/12 22/47/12 23/48/13
f 8/49/14 7/50/13 23/51/13 24/52/14
f 9/53/15 8/54/14 24/55/14 25/56/15
f 10/57/16 9/58/15 25/59/15 26/60/16
f 11/61/2 10/62/16 26/63/16 27/64/2
o Circle.037
v 12.671573 0.830000 -29.328428
v 12.582275 0.804880 -29.417725
v 12.506573 0.733345 -29.493427
v 12.455989 0.626286 -29.544010
v 12.438229 0.500000 -29.561771
v 12.455989 0.373714 -29.544010
v 12.506573 0.266655 -29.493427
v 12.582275 0.195120 -29.417725
v 12.671573 0.170000 -29.328428
v 12.760870 0.195120 -29.239130
v 12.836574 0.266655 -29.163425
v 12.887156 0.373714 -29.112843
v 12.904918 0.500000 -29.095081
v 12.887156 0.626286 -29.112843
v 12.836574 0.733345 -29.163425
v 12.760870 0.804880 -29.239130
v 11.295815 0.804880 -28.072586
v 11.216827 0.733345 -28.144852
v 11.164050 0.626285 -28.193138
v 11.145515 0.500000 -28.210094
v 11.164048 0.373714 -28.193138
v 11.216827 0.266655 -28.144852
v 11.295817 0.195120 -28.072584
v 11.388989 0.170000 -27.987345
v 11.482166 0.195120 -27.902100
v 11.561157 0.266655 -27.829832
v 11.613936 0.373714 -27.781546
v 11.632468 0.500000 -27.764591
v 11.613938 0.626286 -27.781544
v 11.561159 0.733345 -27.829830
v 11.482167 0.804880 -27.902098
v 11.388991 0.830000 -27.987343
vt 0.6302 0.7285
vt 0.6205 0.7218
vt 0.6199 0.7214
vt 0.6302 0.7285
vt 0.6199 0.7214
vt 0.6146 0.7126
vt 0.6143 0.7120
vt 0.6199 0.7214
vt 0.6143 0.7120
vt 0.6143 0.7025
vt 0.6143 0.7019
vt 0.6143 0.7120
vt 0.6143 0.7019
vt 0.6195 0.6931
vt 0.6199 0.6926
vt 0.6143 0.7019
vt 0.6199 0.6926
vt 0.6296 0.6859
vt 0.6302 0.6854
vt 0.6199 0.6926
vt 0.6302 0.6854
vt 0.6428 0.6818
vt 0.6436 0.6816
vt 0.6302 0.6854
vt 0.6436 0.6816
vt 0.6573 0.6816
vt 0.6582 0.6816
vt 0.6436 0.6816
vt 0.6582 0.6816
vt 0.6708 0.6852
vt 0.6716 0.6854
vt 0.6582 0.6816
vt 0.6716 0.6854
vt 0.6813 0.6922
vt 0.6819 0.6926
vt 0.6716 0.6854
vt 0.6819 0.6926
vt 0.6872 0.7014
vt 0.6875 0.7019
vt 0.6819 0.6926
vt 0.6875 0.7019
vt 0.6875 0.7114
vt 0.6875 0.7120
vt 0.6875 0.7019
vt 0.6875 0.7120
vt 0.6823 0.7208
vt 0.6819 0.7214
vt 0.6875 0.7120
vt 0.6819 0.7214
vt 0.6722 0.7281
vt 0.6716 0.7285
vt 0.6819 0.7214
vt 0.6716 0.7285
vt 0.6590 0.7321
vt 0.6582 0.7324
vt 0.6716 0.7285
vt 0.6582 0.7324
vt 0.6582 0.7324
vt 0.6582 0.7324
vt 0.6582 0.7324
vt 0.6436 0.7324
vt 0.6318 0.7287
vt 0.6302 0.7285
vt 0.6436 0.7324
vn -0.5121 0.7056 -0.4897
vn -0.2783 0.9229 -0.2662
vn -0.6680 0.3816 -0.6389
vn -0.7227 -0.0000 -0.6912
vn -0.6680 -0.3816 -0.6389
vn -0.5121 -0.7056 -0.4897
vn -0.2783 -0.9229 -0.2662
vn -0.0020 -1.0000 -0.0019
vn 0.2749 -0.9248 0.2629
vn 0.5101 -0.7084 0.4878
vn 0.6674 -0.3836 0.6383
vn 0.7227 -0.0000 0.6912
vn 0.6674 0.3836 0.6383
vn 0.5101 0.7084 0.4878
vn 0.2749 0.9248 0.2629
vn -0.0020 1.0000 -0.0019
usemtl None
s 1
f 50/65/17 49/66/18 34/67/18 35/68/17
f 51/69/19 50/70/17 35/71/17 36/72/19
f 52/73/20 51/74/19 36/75/19 37/76/20
f 53/77/21 52/78/20 37/79/20 38/80/21
f 54/81/22 53/82/21 38/83/21 39/84/22
f 55/85/23 54/86/22 39/87/22 40/88/23
f 56/89/24 55/90/23 40/91/23 41/92/24
f 57/93/25 56/94/24 41/95/24 42/96/25
f 58/97/26 57/98/25 42/99/25 43/100/26
f 59/101/27 58/102/26 43/103/26 44/104/27
f 60/105/28 59/106/27 44/107/27 45/108/28
f 61/109/29 60/110/28 45/111/28 46/112/29
f 62/113/30 61/114/29 46/115/29 47/116/30
f 63/117/31 62/118/30 47/119/30 48/120/31
f 64/121/32 63/122/31 48/123/31 33/124/32
f 49/125/18 64/126/32 33/127/32 34/128/18
o Circle.036
v 11.295815 0.804880 -28.072586
v 10.067828 0.804880 -26.669210
v 9.985731 0.733345 -26.737925
v 11.216827 0.733345 -28.144852
v 9.930877 0.626285 -26.783840
v 11.164050 0.626285 -28.193138
v 9.911615 0.500000 -26.799963
v 11.145515 0.500000 -28.210094
v 9.930873 0.373714 -26.783840
v 11.164048 0.373714 -28.193138
v 9.985731 0.266655 -26.737925
v 11.216827 0.266655 -28.144852
v 10.067831 0.195120 -26.669210
v 11.295817 0.195120 -28.072584
v 10.164668 0.170000 -26.588158
v 11.388989 0.170000 -27.987345
v 10.261506 0.195120 -26.507099
v 11.482166 0.195120 -27.902100
v 10.343607 0.266655 -26.438383
v 11.561157 0.266655 -27.829832
v 10.398462 0.373714 -26.392469
v 11.613936 0.373714 -27.781546
v 10.417723 0.500000 -26.376348
v 11.632468 0.500000 -27.764591
v 10.398462 0.626286 -26.392466
v 11.613938 0.626286 -27.781544
v 10.343610 0.733345 -26.438381
v 11.561159 0.733345 -27.829830
v 10.261510 0.804880 -26.507099
v 11.482167 0.804880 -27.902098
v 10.164668 0.830000 -26.588156
v 11.388991 0.830000 -27.987343
vt 0.6302 0.7285
vt 0.6211 0.7222
vt 0.6205 0.7218
vt 0.6302 0.7285
vt 0.6199 0.7214
vt 0.6150 0.7131
vt 0.6146 0.7126
vt 0.6199 0.7214
vt 0.6143 0.7120
vt 0.6143 0.7031
vt 0.6143 0.7025
vt 0.6143 0.7120
vt 0.6143 0.7019
vt 0.6192 0.6937
vt 0.6195 0.6931
vt 0.6143 0.7019
vt 0.6199 0.6926
vt 0.6290 0.6863
vt 0.6296 0.6859
vt 0.6199 0.6926
vt 0.6302 0.6854
vt 0.6420 0.6820
vt 0.6428 0.6818
vt 0.6302 0.6854
vt 0.6436 0.6816
vt 0.6565 0.6816
vt 0.6573 0.6816
vt 0.6436 0.6816
vt 0.6582 0.6816
vt 0.6700 0.6850
vt 0.6708 0.6852
vt 0.6582 0.6816
vt 0.6716 0.6854
vt 0.6807 0.6917
vt 0.6813 0.6922
vt 0.6716 0.6854
vt 0.6819 0.6926
vt 0.6868 0.7008
vt 0.6872 0.7014
vt 0.6819 0.6926
vt 0.6875 0.7019
vt 0.6875 0.7108
vt 0.6875 0.7114
vt 0.6875 0.7019
vt 0.6875 0.7120
vt 0.6826 0.7203
vt 0.6823 0.7208
vt 0.6875 0.7120
vt 0.6819 0.7214
vt 0.6728 0.7277
vt 0.6722 0.7281
vt 0.6819 0.7214
vt 0.6716 0.7285
vt 0.6598 0.7319
vt 0.6590 0.7321
vt 0.6716 0.7285
vt 0.6582 0.7324
vt 0.6582 0.7324
vt 0.6582 0.7324
vt 0.6582 0.7324
vt 0.6436 0.7324
vt 0.6335 0.7289
vt 0.6318 0.7287
vt 0.6436 0.7324
vn -0.5332 0.7057 -0.4666
vn -0.2898 0.9229 -0.2536
vn -0.5332 0.7056 -0.4666
vn -0.6956 0.3816 -0.6087
vn -0.7526 0.0000 -0.6585
vn -0.6956 -0.3816 -0.6087
vn -0.5332 -0.7057 -0.4666
vn -0.2898 -0.9229 -0.2536
vn -0.0021 -1.0000 -0.0018
vn 0.2863 -0.9248 0.2505
vn 0.5312 -0.7084 0.4648
vn 0.6950 -0.3836 0.6081
vn 0.7526 -0.0000 0.6585
vn 0.6950 0.3835 0.6082
vn 0.6950 0.3836 0.6082
vn 0.5312 0.7084 0.4648
vn 0.2863 0.9248 0.2505
vn -0.0021 1.0000 -0.0018
usemtl None
s 1
f 67/129/33 66/130/34 65/131/34 68/132/35
f 69/133/36 67/134/33 68/135/35 70/136/36
f 71/137/37 69/138/36 70/139/36 72/140/37
f 73/141/38 71/142/37 72/143/37 74/144/38
f 75/145/39 73/146/38 74/147/38 76/148/39
f 77/149/40 75/150/39 76/151/39 78/152/40
f 79/153/41 77/154/40 78/155/40 80/156/41
f 81/157/42 79/158/41 80/159/41 82/160/42
f 83/161/43 81/162/42 82/163/42 84/164/43
f 85/165/44 83/166/43 84/167/43 86/168/44
f 87/169/45 85/170/44 86/171/44 88/172/45
f 89/173/46 87/174/45 88/175/45 90/176/47
f 91/177/48 89/178/46 90/179/47 92/180/48
f 93/181/49 91/182/48 92/183/48 94/184/49
f 95/185/50 93/186/49 94/187/49 96/188/50
f 66/189/34 95/190/50 96/191/50 65/192/34
o Circle.035
v 10.067828 0.804880 -26.669210
v 8.900820 0.804880 -25.211088
v 8.815797 0.733345 -25.276144
v 9.985731 0.733345 -26.737925
v 8.758985 0.626285 -25.319614
v 9.930877 0.626285 -26.783840
v 8.739035 0.500000 -25.334877
v 9.911615 0.500000 -26.799963
v 8.758983 0.373714 -25.319614
v 9.930873 0.373714 -26.783840
v 8.815794 0.266655 -25.276142
v 9.985731 0.266655 -26.737925
v 8.900825 0.195120 -25.211084
v 10.067831 0.195120 -26.669210
v 9.001115 0.170000 -25.134348
v 10.164668 0.170000 -26.588158
v 9.101410 0.195120 -25.057608
v 10.261506 0.195120 -26.507099
v 9.186436 0.266655 -24.992546
v 10.343607 0.266655 -26.438383
v 9.243251 0.373714 -24.949080
v 10.398462 0.373714 -26.392469
v 9.263196 0.500000 -24.933815
v 10.417723 0.500000 -26.376348
v 9.243251 0.626286 -24.949076
v 10.398462 0.626286 -26.392466
v 9.186438 0.733345 -24.992548
v 10.343610 0.733345 -26.438381
v 9.101411 0.804880 -25.057608
v 10.261510 0.804880 -26.507099
v 9.001115 0.830000 -25.134348
v 10.164668 0.830000 -26.588156
vt 0.6302 0.7285
vt 0.6217 0.7226
vt 0.6211 0.7222
vt 0.6302 0.7285
vt 0.6199 0.7214
vt 0.6153 0.7137
vt 0.6150 0.7131
vt 0.6199 0.7214
vt 0.6143 0.7120
vt 0.6143 0.7037
vt 0.6143 0.7031
vt 0.6143 0.7120
vt 0.6143 0.7019
vt 0.6189 0.6942
vt 0.6192 0.6937
vt 0.6143 0.7019
vt 0.6199 0.6926
vt 0.6284 0.6867
vt 0.6290 0.6863
vt 0.6199 0.6926
vt 0.6302 0.6854
vt 0.6412 0.6823
vt 0.6420 0.6820
vt 0.6302 0.6854
vt 0.6436 0.6816
vt 0.6556 0.6816
vt 0.6565 0.6816
vt 0.6436 0.6816
vt 0.6582 0.6816
vt 0.6693 0.6848
vt 0.6700 0.6850
vt 0.6582 0.6816
vt 0.6716 0.6854
vt 0.6801 0.6913
vt 0.6807 0.6917
vt 0.6716 0.6854
vt 0.6819 0.6926
vt 0.6865 0.7003
vt 0.6868 0.7008
vt 0.6819 0.6926
vt 0.6875 0.7019
vt 0.6875 0.7102
vt 0.6875 0.7108
vt 0.6875 0.7019
vt 0.6875 0.7120
vt 0.6829 0.7197
vt 0.6826 0.7203
vt 0.6875 0.7120
vt 0.6819 0.7214
vt 0.6734 0.7272
vt 0.6728 0.7277
vt 0.6819 0.7214
vt 0.6716 0.7285
vt 0.6606 0.7317
vt 0.6598 0.7319
vt 0.6716 0.7285
vt 0.6582 0.7324
vt 0.6582 0.7324
vt 0.6582 0.7324
vt 0.6582 0.7324
vt 0.6436 0.7324
vt 0.6351 0.7292
vt 0.6335 0.7289
vt 0.6436 0.7324
vn -0.5532 0.7057 -0.4427
vn -0.3006 0.9229 -0.2406
vn -0.3007 0.9229 -0.2406
vn -0.7216 0.3816 -0.5776
vn -0.7807 0.0000 -0.6249
vn -0.7216 -0.3816 -0.5776
vn -0.5532 -0.7057 -0.4427
vn -0.3006 -0.9229 -0.2406
vn -0.0021 -1.0000 -0.0017
vn 0.2970 -0.9248 0.2377
vn 0.5511 -0.7084 0.4410
vn 0.7210 -0.3836 0.5771
vn 0.7807 -0.0000 0.6249
vn 0.7210 0.3835 0.5771
vn 0.7210 0.3836 0.5771
vn 0.5511 0.7084 0.4410
vn 0.2970 0.9248 0.2377
vn -0.0021 1.0000 -0.0017
usemtl None
s 1
f 99/193/51 98/194/52 97/195/53 100/196/51
f 101/197/54 99/198/51 100/199/51 102/200/54
f 103/201/55 101/202/54 102/203/54 104/204/55
f 105/205/56 103/206/55 104/207/55 106/208/56
f 107/209/57 105/210/56 106/211/56 108/212/57
f 109/213/58 107/214/57 108/215/57 110/216/58
f 111/217/59 109/218/58 110/219/58 112/220/59
f 113/221/60 111/222/59 112/223/59 114/224/60
f 115/225/61 113/226/60 114/227/60 116/228/61
f 117/229/62 115/230/61 116/231/61 118/232/62
f 119/233/63 117/234/62 118/235/62 120/236/63
f 121/237/64 119/238/63 120/239/63 122/240/65
f 123/241/66 121/242/64 122/243/65 124/244/66
f 125/245/67 123/246/66 124/247/66 126/248/67
f 127/249/68 125/250/67 126/251/67 128/252/68
f 98/253/52 127/254/68 128/255/68 97/256/53
o Circle.034
v 8.900820 0.804880 -25.211088
v 7.797303 0.804880 -23.701710
v 7.709523 0.733345 -23.762999
v 8.815797 0.733345 -25.276144
v 7.650871 0.626286 -23.803947
v 8.758985 0.626285 -25.319614
v 7.630276 0.500000 -23.818331
v 8.739035 0.500000 -25.334877
v 7.650866 0.373714 -23.803951
v 8.758983 0.373714 -25.319614
v 7.709520 0.266655 -23.762999
v 8.815794 0.266655 -25.276142
v 7.797305 0.195120 -23.701708
v 8.900825 0.195120 -25.211084
v 7.900846 0.170000 -23.629416
v 9.001115 0.170000 -25.134348
v 8.004391 0.195120 -23.557119
v 9.101410 0.195120 -25.057608
v 8.092174 0.266655 -23.495829
v 9.186436 0.266655 -24.992546
v 8.150828 0.373714 -23.454876
v 9.243251 0.373714 -24.949080
v 8.171420 0.500000 -23.440498
v 9.263196 0.500000 -24.933815
v 8.150830 0.626286 -23.454874
v 9.243251 0.626286 -24.949076
v 8.092175 0.733345 -23.495829
v 9.186438 0.733345 -24.992548
v 8.004391 0.804880 -23.557117
v 9.101411 0.804880 -25.057608
v 7.900848 0.830000 -23.629414
v 9.001115 0.830000 -25.134348
vt 0.6302 0.7285
vt 0.6223 0.7230
vt 0.6217 0.7226
vt 0.6302 0.7285
vt 0.6199 0.7214
vt 0.6156 0.7142
vt 0.6153 0.7137
vt 0.6199 0.7214
vt 0.6143 0.7120
vt 0.6143 0.7043
vt 0.6143 0.7037
vt 0.6143 0.7120
vt 0.6143 0.7019
vt 0.6186 0.6948
vt 0.6189 0.6942
vt 0.6143 0.7019
vt 0.6199 0.6926
vt 0.6277 0.6871
vt 0.6284 0.6867
vt 0.6199 0.6926
vt 0.6302 0.6854
vt 0.6405 0.6825
vt 0.6412 0.6823
vt 0.6302 0.6854
vt 0.6436 0.6816
vt 0.6548 0.6816
vt 0.6556 0.6816
vt 0.6436 0.6816
vt 0.6582 0.6816
vt 0.6685 0.6845
vt 0.6693 0.6848
vt 0.6582 0.6816
vt 0.6716 0.6854
vt 0.6795 0.6909
vt 0.6801 0.6913
vt 0.6716 0.6854
vt 0.6819 0.6926
vt 0.6862 0.6997
vt 0.6865 0.7003
vt 0.6819 0.6926
vt 0.6875 0.7019
vt 0.6875 0.7096
vt 0.6875 0.7102
vt 0.6875 0.7019
vt 0.6875 0.7120
vt 0.6832 0.7192
vt 0.6829 0.7197
vt 0.6875 0.7120
vt 0.6819 0.7214
vt 0.6741 0.7268
vt 0.6734 0.7272
vt 0.6819 0.7214
vt 0.6716 0.7285
vt 0.6613 0.7314
vt 0.6606 0.7317
vt 0.6716 0.7285
vt 0.6582 0.7324
vt 0.6582 0.7324
vt 0.6582 0.7324
vt 0.6582 0.7324
vt 0.6436 0.7324
vt 0.6368 0.7294
vt 0.6351 0.7292
vt 0.6436 0.7324
vn -0.5720 0.7057 -0.4182
vn -0.3109 0.9229 -0.2273
vn -0.7462 0.3817 -0.5455
vn -0.7462 0.3816 -0.5455
vn -0.8073 0.0000 -0.5902
vn -0.7462 -0.3816 -0.5455
vn -0.5720 -0.7057 -0.4182
vn -0.3108 -0.9229 -0.2273
vn -0.0022 -1.0000 -0.0016
vn 0.3071 -0.9248 0.2245
vn 0.5698 -0.7084 0.4166
vn 0.7455 -0.3835 0.5451
vn 0.7455 -0.3836 0.5451
vn 0.8073 -0.0000 0.5902
vn 0.7455 0.3835 0.5451
vn 0.5698 0.7084 0.4166
vn 0.3071 0.9248 0.2245
vn -0.0022 1.0000 -0.0016
usemtl None
s 1
f 131/257/69 130/258/70 129/259/70 132/260/69
f 133/261/71 131/262/69 132/263/69 134/264/72
f 135/265/73 133/266/71 134/267/72 136/268/73
f 137/269/74 135/270/73 136/271/73 138/272/74
f 139/273/75 137/274/74 138/275/74 140/276/75
f 141/277/76 139/278/75 140/279/75 142/280/76
f 143/281/77 141/282/76 142/283/76 144/284/77
f 145/285/78 143/286/77 144/287/77 146/288/78
f 147/289/79 145/290/78 146/291/78 148/292/79
f 149/293/80 147/294/79 148/295/79 150/296/81
f 151/297/82 149/298/80 150/299/81 152/300/82
f 153/301/83 151/302/82 152/303/82 154/304/83
f 155/305/84 153/306/83 154/307/83 156/308/84
f 157/309/85 155/310/84 156/311/84 158/312/85
f 159/313/86 157/314/85 158/315/85 160/316/86
f 130/317/70 159/318/86 160/319/86 129/320/70
o Circle.033
v 7.797303 0.804880 -23.701710
v 6.759784 0.804880 -22.144558
v 6.669414 0.733345 -22.201965
v 7.709523 0.733345 -23.762999
v 6.609039 0.626285 -22.240322
v 7.650871 0.626286 -23.803947
v 6.587830 0.500000 -22.253792
v 7.630276 0.500000 -23.818331
v 6.609034 0.373714 -22.240324
v 7.650866 0.373714 -23.803951
v 6.669419 0.266655 -22.201965
v 7.709520 0.266655 -23.762999
v 6.759784 0.195120 -22.144556
v 7.797305 0.195120 -23.701708
v 6.866376 0.170000 -22.076843
v 7.900846 0.170000 -23.629416
v 6.972973 0.195120 -22.009127
v 8.004391 0.195120 -23.557119
v 7.063341 0.266655 -21.951717
v 8.092174 0.266655 -23.495829
v 7.123720 0.373714 -21.913359
v 8.150828 0.373714 -23.454876
v 7.144924 0.500000 -21.899891
v 8.171420 0.500000 -23.440498
v 7.123723 0.626286 -21.913359
v 8.150830 0.626286 -23.454874
v 7.063343 0.733345 -21.951715
v 8.092175 0.733345 -23.495829
v 6.972973 0.804880 -22.009125
v 8.004391 0.804880 -23.557117
v 6.866378 0.830000 -22.076843
v 7.900848 0.830000 -23.629414
vt 0.6302 0.7285
vt 0.6229 0.7235
vt 0.6223 0.7230
vt 0.6302 0.7285
vt 0.6199 0.7214
vt 0.6159 0.7148
vt 0.6156 0.7142
vt 0.6199 0.7214
vt 0.6143 0.7120
vt 0.6143 0.7049
vt 0.6143 0.7043
vt 0.6143 0.7120
vt 0.6143 0.7019
vt 0.6182 0.6953
vt 0.6186 0.6948
vt 0.6143 0.7019
vt 0.6199 0.6926
vt 0.6271 0.6875
vt 0.6277 0.6871
vt 0.6199 0.6926
vt 0.6302 0.6854
vt 0.6397 0.6827
vt 0.6405 0.6825
vt 0.6302 0.6854
vt 0.6436 0.6816
vt 0.6539 0.6816
vt 0.6548 0.6816
vt 0.6436 0.6816
vt 0.6582 0.6816
vt 0.6677 0.6843
vt 0.6685 0.6845
vt 0.6582 0.6816
vt 0.6716 0.6854
vt 0.6789 0.6905
vt 0.6795 0.6909
vt 0.6716 0.6854
vt 0.6819 0.6926
vt 0.6859 0.6992
vt 0.6862 0.6997
vt 0.6819 0.6926
vt 0.6875 0.7019
vt 0.6875 0.7090
vt 0.6875 0.7096
vt 0.6875 0.7019
vt 0.6875 0.7120
vt 0.6836 0.7186
vt 0.6832 0.7192
vt 0.6875 0.7120
vt 0.6819 0.7214
vt 0.6747 0.7264
vt 0.6741 0.7268
vt 0.6819 0.7214
vt 0.6716 0.7285
vt 0.6621 0.7312
vt 0.6613 0.7314
vt 0.6716 0.7285
vt 0.6582 0.7324
vt 0.6582 0.7324
vt 0.6582 0.7324
vt 0.6582 0.7324
vt 0.6436 0.7324
vt 0.6384 0.7296
vt 0.6368 0.7294
vt 0.6436 0.7324
vn -0.5896 0.7057 -0.3929
vn -0.3204 0.9229 -0.2135
vn -0.7692 0.3816 -0.5125
vn -0.7692 0.3817 -0.5125
vn -0.8322 0.0000 -0.5545
vn -0.7692 -0.3816 -0.5125
vn -0.5896 -0.7057 -0.3929
vn -0.3204 -0.9229 -0.2135
vn -0.0023 -1.0000 -0.0015
vn 0.3166 -0.9248 0.2109
vn 0.5874 -0.7084 0.3914
vn 0.7685 -0.3836 0.5121
vn 0.8322 -0.0000 0.5545
vn 0.7685 0.3835 0.5121
vn 0.5874 0.7084 0.3914
vn 0.3166 0.9248 0.2109
vn -0.0023 1.0000 -0.0015
usemtl None
s 1
f 163/321/87 162/322/88 161/323/88 164/324/87
f 165/325/89 163/326/87 164/327/87 166/328/90
f 167/329/91 165/330/89 166/331/90 168/332/91
f 169/333/92 167/334/91 168/335/91 170/336/92
f 171/337/93 169/338/92 170/339/92 172/340/93
f 173/341/94 171/342/93 172/343/93 174/344/94
f 175/345/95 173/346/94 174/347/94 176/348/95
f 177/349/96 175/350/95 176/351/95 178/352/96
f 179/353/97 177/354/96 178/355/96 180/356/97
f 181/357/98 179/358/97 180/359/97 182/360/98
f 183/361/99 181/362/98 182/363/98 184/364/99
f 185/365/100 183/366/99 184/367/99 186/368/100
f 187/369/101 185/370/100 186/371/100 188/372/101
f 189/373/102 187/374/101 188/375/101 190/376/102
f 191/377/103 189/378/102 190/379/102 192/380/103
f 162/381/88 191/382/103 192/383/103 161/384/88
o Circle.032
v 6.759784 0.804880 -22.144558
v 5.790770 0.804880 -20.543116
v 5.697985 0.733345 -20.596521
v 6.669414 0.733345 -22.201965
v 5.635984 0.626286 -20.632208
v 6.609039 0.626285 -22.240322
v 5.614211 0.500000 -20.644739
v 6.587830 0.500000 -22.253792
v 5.635982 0.373714 -20.632210
v 6.609034 0.373714 -22.240324
v 5.697982 0.266655 -20.596521
v 6.669419 0.266655 -22.201965
v 5.790772 0.195120 -20.543116
v 6.759784 0.195120 -22.144556
v 5.900217 0.170000 -20.480120
v 6.866376 0.170000 -22.076843
v 6.009669 0.195120 -20.417124
v 6.972973 0.195120 -22.009127
v 6.102458 0.266655 -20.363712
v 7.063341 0.266655 -21.951717
v 6.164457 0.373714 -20.328030
v 7.123720 0.373714 -21.913359
v 6.186225 0.500000 -20.315498
v 7.144924 0.500000 -21.899891
v 6.164457 0.626286 -20.328028
v 7.123723 0.626286 -21.913359
v 6.102458 0.733345 -20.363712
v 7.063343 0.733345 -21.951715
v 6.009671 0.804880 -20.417120
v 6.972973 0.804880 -22.009125
v 5.900219 0.830000 -20.480120
v 6.866378 0.830000 -22.076843
vt 0.6302 0.7285
vt 0.6235 0.7239
vt 0.6229 0.7235
vt 0.6302 0.7285
vt 0.6199 0.7214
vt 0.6163 0.7153
vt 0.6159 0.7148
vt 0.6199 0.7214
vt 0.6143 0.7120
vt 0.6143 0.7055
vt 0.6143 0.7049
vt 0.6143 0.7120
vt 0.6143 0.7019
vt 0.6179 0.6959
vt 0.6182 0.6953
vt 0.6143 0.7019
vt 0.6199 0.6926
vt 0.6265 0.6880
vt 0.6271 0.6875
vt 0.6199 0.6926
vt 0.6302 0.6854
vt 0.6389 0.6829
vt 0.6397 0.6827
vt 0.6302 0.6854
vt 0.6436 0.6816
vt 0.6530 0.6816
vt 0.6539 0.6816
vt 0.6436 0.6816
vt 0.6582 0.6816
vt 0.6669 0.6841
vt 0.6677 0.6843
vt 0.6582 0.6816
vt 0.6716 0.6854
vt 0.6783 0.6901
vt 0.6789 0.6905
vt 0.6716 0.6854
vt 0.6819 0.6926
vt 0.6855 0.6986
vt 0.6859 0.6992
vt 0.6819 0.6926
vt 0.6875 0.7019
vt 0.6875 0.7085
vt 0.6875 0.7090
vt 0.6875 0.7019
vt 0.6875 0.7120
vt 0.6839 0.7181
vt 0.6836 0.7186
vt 0.6875 0.7120
vt 0.6819 0.7214
vt 0.6753 0.7260
vt 0.6747 0.7264
vt 0.6819 0.7214
vt 0.6716 0.7285
vt 0.6629 0.7310
vt 0.6621 0.7312
vt 0.6716 0.7285
vt 0.6582 0.7324
vt 0.6582 0.7324
vt 0.6582 0.7324
vt 0.6582 0.7324
vt 0.6436 0.7324
vt 0.6401 0.7299
vt 0.6384 0.7296
vt 0.6436 0.7324
vn -0.6062 0.7057 -0.3668
vn -0.3295 0.9229 -0.1994
vn -0.3295 0.9229 -0.1993
vn -0.7908 0.3817 -0.4785
vn -0.8556 0.0000 -0.5177
vn -0.7908 -0.3817 -0.4785
vn -0.6062 -0.7057 -0.3668
vn -0.3295 -0.9229 -0.1994
vn -0.3295 -0.9229 -0.1993
vn -0.0023 -1.0000 -0.0014
vn 0.3255 -0.9248 0.1969
vn 0.6039 -0.7084 0.3654
vn 0.7901 -0.3836 0.4781
vn 0.8556 -0.0000 0.5177
vn 0.7901 0.3836 0.4781
vn 0.7901 0.3835 0.4781
vn 0.6039 0.7084 0.3654
vn 0.3255 0.9248 0.1969
vn 0.3255 0.9248 0.1970
vn -0.0023 1.0000 -0.0014
usemtl None
s 1
f 195/385/104 194/386/105 193/387/106 196/388/104
f 197/389/107 195/390/104 196/391/104 198/392/107
f 199/393/108 197/394/107 198/395/107 200/396/108
f 201/397/109 199/398/108 200/399/108 202/400/109
f 203/401/110 201/402/109 202/403/109 204/404/110
f 205/405/111 203/406/110 204/407/110 206/408/112
f 207/409/113 205/410/111 206/411/112 208/412/113
f 209/413/114 207/414/113 208/415/113 210/416/114
f 211/417/115 209/418/114 210/419/114 212/420/115
f 213/421/116 211/422/115 212/423/115 214/424/116
f 215/425/117 213/426/116 214/427/116 216/428/117
f 217/429/118 215/430/117 216/431/117 218/432/119
f 219/433/120 217/434/118 218/435/119 220/436/120
f 221/437/121 219/438/120 220/439/120 222/440/122
f 223/441/123 221/442/121 222/443/122 224/444/123
f 194/445/105 223/446/123 224/447/123 193/448/106
o Circle.031
v 5.790770 0.804880 -20.543116
v 4.892776 0.804880 -18.900866
v 4.797733 0.733345 -18.950148
v 5.697985 0.733345 -20.596521
v 4.734229 0.626286 -18.983074
v 5.635984 0.626286 -20.632208
v 4.711929 0.500000 -18.994638
v 5.614211 0.500000 -20.644739
v 4.734226 0.373714 -18.983074
v 5.635982 0.373714 -20.632210
v 4.797733 0.266655 -18.950148
v 5.697982 0.266655 -20.596521
v 4.892778 0.195120 -18.900864
v 5.790772 0.195120 -20.543116
v 5.004884 0.170000 -18.842735
v 5.900217 0.170000 -20.480120
v 5.116995 0.195120 -18.784603
v 6.009669 0.195120 -20.417124
v 5.212040 0.266655 -18.735321
v 6.102458 0.266655 -20.363712
v 5.275544 0.373714 -18.702391
v 6.164457 0.373714 -20.328030
v 5.297843 0.500000 -18.690830
v 6.186225 0.500000 -20.315498
v 5.275547 0.626286 -18.702391
v 6.164457 0.626286 -20.328028
v 5.212040 0.733345 -18.735321
v 6.102458 0.733345 -20.363712
v 5.116997 0.804880 -18.784601
v 6.009671 0.804880 -20.417120
v 5.004887 0.830000 -18.842735
v 5.900219 0.830000 -20.480120
vt 0.6302 0.7285
vt 0.6241 0.7243
vt 0.6235 0.7239
vt 0.6302 0.7285
vt 0.6199 0.7214
vt 0.6166 0.7159
vt 0.6163 0.7153
vt 0.6199 0.7214
vt 0.6143 0.7120
vt 0.6143 0.7061
vt 0.6143 0.7055
vt 0.6143 0.7120
vt 0.6143 0.7019
vt 0.6176 0.6964
vt 0.6179 0.6959
vt 0.6143 0.7019
vt 0.6199 0.6926
vt 0.6259 0.6884
vt 0.6265 0.6880
vt 0.6199 0.6926
vt 0.6302 0.6854
vt 0.6381 0.6832
vt 0.6389 0.6829
vt 0.6302 0.6854
vt 0.6436 0.6816
vt 0.6522 0.6816
vt 0.6530 0.6816
vt 0.6436 0.6816
vt 0.6582 0.6816
vt 0.6661 0.6838
vt 0.6669 0.6841
vt 0.6582 0.6816
vt 0.6716 0.6854
vt 0.6777 0.6896
vt 0.6783 0.6901
vt 0.6716 0.6854
vt 0.6819 0.6926
vt 0.6852 0.6981
vt 0.6855 0.6986
vt 0.6819 0.6926
vt 0.6875 0.7019
vt 0.6875 0.7079
vt 0.6875 0.7085
vt 0.6875 0.7019
vt 0.6875 0.7120
vt 0.6842 0.7175
vt 0.6839 0.7181
vt 0.6875 0.7120
vt 0.6819 0.7214
vt 0.6759 0.7256
vt 0.6753 0.7260
vt 0.6819 0.7214
vt 0.6716 0.7285
vt 0.6637 0.7308
vt 0.6629 0.7310
vt 0.6716 0.7285
vt 0.6582 0.7324
vt 0.6582 0.7324
vt 0.6582 0.7324
vt 0.6582 0.7324
vt 0.6436 0.7324
vt 0.6417 0.7301
vt 0.6401 0.7299
vt 0.6436 0.7324
vn -0.6217 0.7057 -0.3399
vn -0.3379 0.9229 -0.1848
vn -0.3379 0.9229 -0.1847
vn -0.8110 0.3816 -0.4435
vn -0.8110 0.3817 -0.4435
vn -0.8774 0.0000 -0.4798
vn -0.8110 -0.3816 -0.4435
vn -0.6217 -0.7057 -0.3399
vn -0.3379 -0.9229 -0.1848
vn -0.3379 -0.9229 -0.1847
vn -0.0024 -1.0000 -0.0013
vn 0.3338 -0.9248 0.1825
vn 0.6193 -0.7084 0.3386
vn 0.8103 -0.3836 0.4431
vn 0.8774 -0.0000 0.4798
vn 0.8103 0.3836 0.4431
vn 0.6193 0.7084 0.3386
vn 0.3338 0.9248 0.1825
vn -0.0024 1.0000 -0.0013
usemtl None
s 1
f 227/449/124 226/450/125 225/451/126 228/452/124
f 229/453/127 227/454/124 228/455/124 230/456/128
f 231/457/129 229/458/127 230/459/128 232/460/129
f 233/461/130 231/462/129 232/463/129 234/464/130
f 235/465/131 233/466/130 234/467/130 236/468/131
f 237/469/132 235/470/131 236/471/131 238/472/133
f 239/473/134 237/474/132 238/475/133 240/476/134
f 241/477/135 239/478/134 240/479/134 242/480/135
f 243/481/136 241/482/135 242/483/135 244/484/136
f 245/485/137 243/486/136 244/487/136 246/488/137
f 247/489/138 245/490/137 246/491/137 248/492/138
f 249/493/139 247/494/138 248/495/138 250/496/139
f 251/497/140 249/498/139 250/499/139 252/500/140
f 253/501/141 251/502/140 252/503/140 254/504/141
f 255/505/142 253/506/141 254/507/141 256/508/142
f 226/509/125 255/510/142 256/511/142 225/512/126
o Circle.030
v 4.892776 0.804880 -18.900866
v 4.068317 0.804880 -17.221287
v 3.971189 0.733345 -17.266310
v 4.797733 0.733345 -18.950148
v 3.906288 0.626286 -17.296396
v 4.734229 0.626286 -18.983074
v 3.883498 0.500000 -17.306959
v 4.711929 0.500000 -18.994638
v 3.906288 0.373714 -17.296398
v 4.734226 0.373714 -18.983074
v 3.971187 0.266655 -17.266312
v 4.797733 0.266655 -18.950148
v 4.068322 0.195120 -17.221285
v 4.892778 0.195120 -18.900864
v 4.182892 0.170000 -17.168177
v 5.004884 0.170000 -18.842735
v 4.297468 0.195120 -17.115065
v 5.116995 0.195120 -18.784603
v 4.394601 0.266655 -17.070038
v 5.212040 0.266655 -18.735321
v 4.459502 0.373714 -17.039953
v 5.275544 0.373714 -18.702391
v 4.482287 0.500000 -17.029390
v 5.297843 0.500000 -18.690830
v 4.459502 0.626286 -17.039953
v 5.275547 0.626286 -18.702391
v 4.394601 0.733345 -17.070036
v 5.212040 0.733345 -18.735321
v 4.297468 0.804880 -17.115063
v 5.116997 0.804880 -18.784601
v 4.182892 0.830000 -17.168177
v 5.004887 0.830000 -18.842735
vt 0.6302 0.7285
vt 0.6247 0.7247
vt 0.6241 0.7243
vt 0.6302 0.7285
vt 0.6199 0.7214
vt 0.6169 0.7164
vt 0.6166 0.7159
vt 0.6199 0.7214
vt 0.6143 0.7120
vt 0.6143 0.7067
vt 0.6143 0.7061
vt 0.6143 0.7120
vt 0.6143 0.7019
vt 0.6173 0.6970
vt 0.6176 0.6964
vt 0.6143 0.7019
vt 0.6199 0.6926
vt 0.6253 0.6888
vt 0.6259 0.6884
vt 0.6199 0.6926
vt 0.6302 0.6854
vt 0.6373 0.6834
vt 0.6381 0.6832
vt 0.6302 0.6854
vt 0.6436 0.6816
vt 0.6513 0.6816
vt 0.6522 0.6816
vt 0.6436 0.6816
vt 0.6582 0.6816
vt 0.6653 0.6836
vt 0.6661 0.6838
vt 0.6582 0.6816
vt 0.6716 0.6854
vt 0.6771 0.6892
vt 0.6777 0.6896
vt 0.6716 0.6854
vt 0.6819 0.6926
vt 0.6849 0.6975
vt 0.6852 0.6981
vt 0.6819 0.6926
vt 0.6875 0.7019
vt 0.6875 0.7073
vt 0.6875 0.7079
vt 0.6875 0.7019
vt 0.6875 0.7120
vt 0.6845 0.7170
vt 0.6842 0.7175
vt 0.6875 0.7120
vt 0.6819 0.7214
vt 0.6765 0.7251
vt 0.6759 0.7256
vt 0.6819 0.7214
vt 0.6716 0.7285
vt 0.6645 0.7305
vt 0.6637 0.7308
vt 0.6716 0.7285
vt 0.6582 0.7324
vt 0.6582 0.7324
vt 0.6582 0.7324
vt 0.6582 0.7324
vt 0.6436 0.7324
vt 0.6434 0.7303
vt 0.6417 0.7301
vt 0.6436 0.7324
vn -0.6361 0.7056 -0.3122
vn -0.3457 0.9229 -0.1697
vn -0.6361 0.7057 -0.3122
vn -0.8297 0.3816 -0.4073
vn -0.8977 0.0000 -0.4406
vn -0.8297 -0.3816 -0.4073
vn -0.6361 -0.7056 -0.3122
vn -0.6361 -0.7057 -0.3122
vn -0.3457 -0.9229 -0.1697
vn -0.0025 -1.0000 -0.0012
vn 0.3415 -0.9248 0.1676
vn 0.6336 -0.7084 0.3110
vn 0.8290 -0.3836 0.4069
vn 0.8977 -0.0000 0.4406
vn 0.8290 0.3836 0.4069
vn 0.6336 0.7084 0.3110
vn 0.3415 0.9248 0.1676
vn -0.0025 1.0000 -0.0012
usemtl None
s 1
f 259/513/143 258/514/144 257/515/144 260/516/145
f 261/517/146 259/518/143 260/519/145 262/520/146
f 263/521/147 261/522/146 262/523/146 264/524/147
f 265/525/148 263/526/147 264/527/147 266/528/148
f 267/529/149 265/530/148 266/531/148 268/532/150
f 269/533/151 267/534/149 268/535/150 270/536/151
f 271/537/152 269/538/151 270/539/151 272/540/152
f 273/541/153 271/542/152 272/543/152 274/544/153
f 275/545/154 273/546/153 274/547/153 276/548/154
f 277/549/155 275/550/154 276/551/154 278/552/155
f 279/553/156 277/554/155 278/555/155 280/556/156
f 281/557/157 279/558/156 280/559/156 282/560/157
f 283/561/158 281/562/157 282/563/157 284/564/158
f 285/565/159 283/566/158 284/567/158 286/568/159
f 287/569/160 285/570/159 286/571/159 288/572/160
f 258/573/144 287/574/160 288/575/160 257/576/144
o Circle.029
v 4.068317 0.804880 -17.221287
v 3.319916 0.804880 -15.507863
v 3.220864 0.733345 -15.548493
v 3.971189 0.733345 -17.266310
v 3.154684 0.626286 -15.575643
v 3.906288 0.626286 -17.296396
v 3.131441 0.500000 -15.585176
v 3.883498 0.500000 -17.306959
v 3.154681 0.373714 -15.575643
v 3.906288 0.373714 -17.296398
v 3.220864 0.266655 -15.548494
v 3.971187 0.266655 -17.266312
v 3.319916 0.195120 -15.507862
v 4.068322 0.195120 -17.221285
v 3.436747 0.170000 -15.459936
v 4.182892 0.170000 -17.168177
v 3.553583 0.195120 -15.412007
v 4.297468 0.195120 -17.115065
v 3.652640 0.266655 -15.371376
v 4.394601 0.266655 -17.070038
v 3.718822 0.373714 -15.344226
v 4.459502 0.373714 -17.039953
v 3.742064 0.500000 -15.334694
v 4.482287 0.500000 -17.029390
v 3.718822 0.626286 -15.344225
v 4.459502 0.626286 -17.039953
v 3.652640 0.733345 -15.371373
v 4.394601 0.733345 -17.070036
v 3.553588 0.804880 -15.412006
v 4.297468 0.804880 -17.115063
v 3.436749 0.830000 -15.459934
v 4.182892 0.830000 -17.168177
vt 0.6302 0.7285
vt 0.6253 0.7251
vt 0.6247 0.7247
vt 0.6302 0.7285
vt 0.6199 0.7214
vt 0.6173 0.7170
vt 0.6169 0.7164
vt 0.6199 0.7214
vt 0.6143 0.7120
vt 0.6143 0.7073
vt 0.6143 0.7067
vt 0.6143 0.7120
vt 0.6143 0.7019
vt 0.6169 0.6975
vt 0.6173 0.6970
vt 0.6143 0.7019
vt 0.6199 0.6926
vt 0.6247 0.6892
vt 0.6253 0.6888
vt 0.6199 0.6926
vt 0.6302 0.6854
vt 0.6365 0.6836
vt 0.6373 0.6834
vt 0.6302 0.6854
vt 0.6436 0.6816
vt 0.6505 0.6816
vt 0.6513 0.6816
vt 0.6436 0.6816
vt 0.6582 0.6816
vt 0.6645 0.6834
vt 0.6653 0.6836
vt 0.6582 0.6816
vt 0.6716 0.6854
vt 0.6765 0.6888
vt 0.6771 0.6892
vt 0.6716 0.6854
vt 0.6819 0.6926
vt 0.6845 0.6970
vt 0.6849 0.6975
vt 0.6819 0.6926
vt 0.6875 0.7019
vt 0.6875 0.7067
vt 0.6875 0.7073
vt 0.6875 0.7019
vt 0.6875 0.7120
vt 0.6849 0.7164
vt 0.6845 0.7170
vt 0.6875 0.7120
vt 0.6819 0.7214
vt 0.6771 0.7247
vt 0.6765 0.7251
vt 0.6819 0.7214
vt 0.6716 0.7285
vt 0.6653 0.7303
vt 0.6645 0.7305
vt 0.6716 0.7285
vt 0.6582 0.7324
vt 0.6582 0.7324
vt 0.6582 0.7324
vt 0.6582 0.7324
vt 0.6436 0.7324
vt 0.6450 0.7305
vt 0.6434 0.7303
vt 0.6436 0.7324
vn -0.6494 0.7056 -0.2836
vn -0.3530 0.9229 -0.1542
vn -0.3529 0.9229 -0.1542
vn -0.6493 0.7056 -0.2836
vn -0.8470 0.3816 -0.3700
vn -0.9164 0.0000 -0.4003
vn -0.8470 -0.3816 -0.3700
vn -0.6493 -0.7056 -0.2836
vn -0.3529 -0.9229 -0.1542
vn -0.0026 -1.0000 -0.0011
vn -0.0025 -1.0000 -0.0011
vn 0.3486 -0.9248 0.1522
vn 0.3486 -0.9248 0.1523
vn 0.6468 -0.7084 0.2825
vn 0.8463 -0.3836 0.3697
vn 0.9164 0.0000 0.4003
vn 0.8463 0.3836 0.3697
vn 0.6468 0.7084 0.2825
vn 0.3486 0.9248 0.1523
vn -0.0026 1.0000 -0.0011
vn -0.0025 1.0000 -0.0011
usemtl None
s 1
f 291/577/161 290/578/162 289/579/163 292/580/164
f 293/581/165 291/582/161 292/583/164 294/584/165
f 295/585/166 293/586/165 294/587/165 296/588/166
f 297/589/167 295/590/166 296/591/166 298/592/167
f 299/593/168 297/594/167 298/595/167 300/596/168
f 301/597/169 299/598/168 300/599/168 302/600/169
f 303/601/170 301/602/169 302/603/169 304/604/171
f 305/605/172 303/606/170 304/607/171 306/608/173
f 307/609/174 305/610/172 306/611/173 308/612/174
f 309/613/175 307/614/174 308/615/174 310/616/175
f 311/617/176 309/618/175 310/619/175 312/620/176
f 313/621/177 311/622/176 312/623/176 314/624/177
f 315/625/178 313/626/177 314/627/177 316/628/178
f 317/629/179 315/630/178 316/631/178 318/632/179
f 319/633/180 317/634/179 318/635/179 320/636/181
f 290/637/162 319/638/180 320/639/181 289/640/163
o Circle.028
v 3.319916 0.804880 -15.507863
v 2.650085 0.804880 -13.764071
v 2.549297 0.733345 -13.800162
v 3.220864 0.733345 -15.548493
v 2.481948 0.626286 -13.824279
v 3.154684 0.626286 -15.575643
v 2.458300 0.500000 -13.832748
v 3.131441 0.500000 -15.585176
v 2.481948 0.373714 -13.824280
v 3.154681 0.373714 -15.575643
v 2.549294 0.266655 -13.800162
v 3.220864 0.266655 -15.548494
v 2.650090 0.195120 -13.764069
v 3.319916 0.195120 -15.507862
v 2.768976 0.170000 -13.721496
v 3.436747 0.170000 -15.459936
v 2.887872 0.195120 -13.678921
v 3.553583 0.195120 -15.412007
v 2.988666 0.266655 -13.642828
v 3.652640 0.266655 -15.371376
v 3.056009 0.373714 -13.618711
v 3.718822 0.373714 -15.344226
v 3.079660 0.500000 -13.610243
v 3.742064 0.500000 -15.334694
v 3.056014 0.626286 -13.618711
v 3.718822 0.626286 -15.344225
v 2.988666 0.733345 -13.642828
v 3.652640 0.733345 -15.371373
v 2.887875 0.804880 -13.678921
v 3.553588 0.804880 -15.412006
v 2.768979 0.830000 -13.721496
v 3.436749 0.830000 -15.459934
vt 0.6302 0.7285
vt 0.6259 0.7256
vt 0.6253 0.7251
vt 0.6302 0.7285
vt 0.6199 0.7214
vt 0.6176 0.7175
vt 0.6173 0.7170
vt 0.6199 0.7214
vt 0.6143 0.7120
vt 0.6143 0.7079
vt 0.6143 0.7073
vt 0.6143 0.7120
vt 0.6143 0.7019
vt 0.6166 0.6981
vt 0.6169 0.6975
vt 0.6143 0.7019
vt 0.6199 0.6926
vt 0.6241 0.6896
vt 0.6247 0.6892
vt 0.6199 0.6926
vt 0.6302 0.6854
vt 0.6357 0.6838
vt 0.6365 0.6836
vt 0.6302 0.6854
vt 0.6436 0.6816
vt 0.6496 0.6816
vt 0.6505 0.6816
vt 0.6436 0.6816
vt 0.6582 0.6816
vt 0.6637 0.6832
vt 0.6645 0.6834
vt 0.6582 0.6816
vt 0.6716 0.6854
vt 0.6759 0.6884
vt 0.6765 0.6888
vt 0.6716 0.6854
vt 0.6819 0.6926
vt 0.6842 0.6964
vt 0.6845 0.6970
vt 0.6819 0.6926
vt 0.6875 0.7019
vt 0.6875 0.7061
vt 0.6875 0.7067
vt 0.6875 0.7019
vt 0.6875 0.7120
vt 0.6852 0.7159
vt 0.6849 0.7164
vt 0.6875 0.7120
vt 0.6819 0.7214
vt 0.6777 0.7243
vt 0.6771 0.7247
vt 0.6819 0.7214
vt 0.6716 0.7285
vt 0.6661 0.7301
vt 0.6653 0.7303
vt 0.6716 0.7285
vt 0.6582 0.7324
vt 0.6582 0.7324
vt 0.6582 0.7324
vt 0.6582 0.7324
vt 0.6436 0.7324
vt 0.6466 0.7308
vt 0.6450 0.7305
vt 0.6436 0.7324
vn -0.6615 0.7056 -0.2541
vn -0.3596 0.9228 -0.1381
vn -0.3595 0.9229 -0.1381
vn -0.8629 0.3816 -0.3314
vn -0.9335 0.0000 -0.3586
vn -0.8629 -0.3816 -0.3314
vn -0.6615 -0.7056 -0.2541
vn -0.3596 -0.9228 -0.1381
vn -0.3595 -0.9229 -0.1381
vn -0.0027 -1.0000 -0.0010
vn -0.0026 -1.0000 -0.0010
vn 0.3550 -0.9249 0.1364
vn 0.3551 -0.9248 0.1364
vn 0.6588 -0.7084 0.2531
vn 0.6589 -0.7084 0.2531
vn 0.8621 -0.3836 0.3311
vn 0.9335 -0.0000 0.3586
vn 0.8621 0.3836 0.3311
vn 0.6588 0.7084 0.2531
vn 0.6589 0.7084 0.2531
vn 0.3550 0.9248 0.1364
vn 0.3551 0.9248 0.1364
vn -0.0027 1.0000 -0.0010
vn -0.0026 1.0000 -0.0010
usemtl None
s 1
f 323/641/182 322/642/183 321/643/184 324/644/182
f 325/645/185 323/646/182 324/647/182 326/648/185
f 327/649/186 325/650/185 326/651/185 328/652/186
f 329/653/187 327/654/186 328/655/186 330/656/187
f 331/657/188 329/658/187 330/659/187 332/660/188
f 333/661/189 331/662/188 332/663/188 334/664/190
f 335/665/191 333/666/189 334/667/190 336/668/192
f 337/669/193 335/670/191 336/671/192 338/672/194
f 339/673/195 337/674/193 338/675/194 340/676/196
f 341/677/197 339/678/195 340/679/196 342/680/197
f 343/681/198 341/682/197 342/683/197 344/684/198
f 345/685/199 343/686/198 344/687/198 346/688/199
f 347/689/200 345/690/199 346/691/199 348/692/201
f 349/693/202 347/694/200 348/695/201 350/696/203
f 351/697/204 349/698/202 350/699/203 352/700/205
f 322/701/183 351/702/204 352/703/205 321/704/184
o Circle.027
v 2.650085 0.804880 -13.764071
v 2.061356 0.804880 -11.993397
v 1.959009 0.733345 -12.024801
v 2.549297 0.733345 -13.800162
v 1.890620 0.626286 -12.045784
v 2.481948 0.626286 -13.824279
v 1.866604 0.500000 -12.053153
v 2.458300 0.500000 -13.832748
v 1.890620 0.373715 -12.045785
v 2.481948 0.373714 -13.824280
v 1.959006 0.266655 -12.024800
v 2.549294 0.266655 -13.800162
v 2.061361 0.195120 -11.993397
v 2.650090 0.195120 -13.764069
v 2.182084 0.170000 -11.956353
v 2.768976 0.170000 -13.721496
v 2.302813 0.195120 -11.919309
v 2.887872 0.195120 -13.678921
v 2.405168 0.266655 -11.887903
v 2.988666 0.266655 -13.642828
v 2.473556 0.373715 -11.866920
v 3.056009 0.373714 -13.618711
v 2.497570 0.500000 -11.859551
v 3.079660 0.500000 -13.610243
v 2.473554 0.626286 -11.866920
v 3.056014 0.626286 -13.618711
v 2.405168 0.733346 -11.887903
v 2.988666 0.733345 -13.642828
v 2.302818 0.804880 -11.919308
v 2.887875 0.804880 -13.678921
v 2.182087 0.830000 -11.956352
v 2.768979 0.830000 -13.721496
vt 0.6302 0.7285
vt 0.6265 0.7260
vt 0.6259 0.7256
vt 0.6302 0.7285
vt 0.6199 0.7214
vt 0.6179 0.7181
vt 0.6176 0.7175
vt 0.6199 0.7214
vt 0.6143 0.7120
vt 0.6143 0.7085
vt 0.6143 0.7079
vt 0.6143 0.7120
vt 0.6143 0.7019
vt 0.6163 0.6986
vt 0.6166 0.6981
vt 0.6143 0.7019
vt 0.6199 0.6926
vt 0.6235 0.6901
vt 0.6241 0.6896
vt 0.6199 0.6926
vt 0.6302 0.6854
vt 0.6349 0.6841
vt 0.6357 0.6838
vt 0.6302 0.6854
vt 0.6436 0.6816
vt 0.6488 0.6816
vt 0.6496 0.6816
vt 0.6436 0.6816
vt 0.6582 0.6816
vt 0.6629 0.6829
vt 0.6637 0.6832
vt 0.6582 0.6816
vt 0.6716 0.6854
vt 0.6753 0.6880
vt 0.6759 0.6884
vt 0.6716 0.6854
vt 0.6819 0.6926
vt 0.6839 0.6959
vt 0.6842 0.6964
vt 0.6819 0.6926
vt 0.6875 0.7019
vt 0.6875 0.7055
vt 0.6875 0.7061
vt 0.6875 0.7019
vt 0.6875 0.7120
vt 0.6855 0.7153
vt 0.6852 0.7159
vt 0.6875 0.7120
vt 0.6819 0.7214
vt 0.6783 0.7239
vt 0.6777 0.7243
vt 0.6819 0.7214
vt 0.6716 0.7285
vt 0.6669 0.7299
vt 0.6661 0.7301
vt 0.6716 0.7285
vt 0.6582 0.7324
vt 0.6582 0.7324
vt 0.6582 0.7324
vt 0.6582 0.7324
vt 0.6436 0.7324
vt 0.6483 0.7310
vt 0.6466 0.7308
vt 0.6436 0.7324
vn -0.6724 0.7056 -0.2236
vn -0.3656 0.9228 -0.1215
vn -0.3655 0.9228 -0.1215
vn -0.8771 0.3816 -0.2916
vn -0.9489 0.0000 -0.3155
vn -0.8771 -0.3816 -0.2916
vn -0.6724 -0.7056 -0.2236
vn -0.3656 -0.9228 -0.1215
vn -0.3655 -0.9228 -0.1215
vn -0.0027 -1.0000 -0.0009
vn 0.3609 -0.9249 0.1200
vn 0.3609 -0.9248 0.1200
vn 0.6697 -0.7085 0.2227
vn 0.6697 -0.7084 0.2227
vn 0.8763 -0.3836 0.2914
vn 0.9489 -0.0000 0.3155
vn 0.8763 0.3836 0.2914
vn 0.6697 0.7085 0.2227
vn 0.6697 0.7084 0.2227
vn 0.3609 0.9249 0.1200
vn 0.3609 0.9248 0.1200
vn -0.0027 1.0000 -0.0009
usemtl None
s 1
f 355/705/206 354/706/207 353/707/208 356/708/206
f 357/709/209 355/710/206 356/711/206 358/712/209
f 359/713/210 357/714/209 358/715/209 360/716/210
f 361/717/211 359/718/210 360/719/210 362/720/211
f 363/721/212 361/722/211 362/723/211 364/724/212
f 365/725/213 363/726/212 364/727/212 366/728/214
f 367/729/215 365/730/213 366/731/214 368/732/215
f 369/733/216 367/734/215 368/735/215 370/736/217
f 371/737/218 369/738/216 370/739/217 372/740/219
f 373/741/220 371/742/218 372/743/219 374/744/220
f 375/745/221 373/746/220 374/747/220 376/748/221
f 377/749/222 375/750/221 376/751/221 378/752/222
f 379/753/223 377/754/222 378/755/222 380/756/224
f 381/757/225 379/758/223 380/759/224 382/760/226
f 383/761/227 381/762/225 382/763/226 384/764/227
f 354/765/207 383/766/227 384/767/227 353/768/208
o Circle.026
v 2.061356 0.804880 -11.993397
v 1.556252 0.804880 -10.199320
v 1.452541 0.733345 -10.225880
v 1.959009 0.733345 -12.024801
v 1.383243 0.626286 -10.243627
v 1.890620 0.626286 -12.045784
v 1.358907 0.500000 -10.249859
v 1.866604 0.500000 -12.053153
v 1.383243 0.373714 -10.243628
v 1.890620 0.373715 -12.045785
v 1.452541 0.266655 -10.225880
v 1.959006 0.266655 -12.024800
v 1.556255 0.195120 -10.199319
v 2.061361 0.195120 -11.993397
v 1.678587 0.170000 -10.167990
v 2.182084 0.170000 -11.956353
v 1.800930 0.195120 -10.136660
v 2.302813 0.195120 -11.919309
v 1.904644 0.266655 -10.110099
v 2.405168 0.266655 -11.887903
v 1.973941 0.373715 -10.092352
v 2.473556 0.373715 -11.866920
v 1.998275 0.500000 -10.086121
v 2.497570 0.500000 -11.859551
v 1.973941 0.626286 -10.092352
v 2.473554 0.626286 -11.866920
v 1.904644 0.733345 -10.110099
v 2.405168 0.733346 -11.887903
v 1.800930 0.804880 -10.136660
v 2.302818 0.804880 -11.919308
v 1.678590 0.830000 -10.167990
v 2.182087 0.830000 -11.956352
vt 0.6302 0.7285
vt 0.6271 0.7264
vt 0.6265 0.7260
vt 0.6302 0.7285
vt 0.6199 0.7214
vt 0.6182 0.7186
vt 0.6179 0.7181
vt 0.6199 0.7214
vt 0.6143 0.7120
vt 0.6143 0.7090
vt 0.6143 0.7085
vt 0.6143 0.7120
vt 0.6143 0.7019
vt 0.6159 0.6992
vt 0.6163 0.6986
vt 0.6143 0.7019
vt 0.6199 0.6926
vt 0.6229 0.6905
vt 0.6235 0.6901
vt 0.6199 0.6926
vt 0.6302 0.6854
vt 0.6341 0.6843
vt 0.6349 0.6841
vt 0.6302 0.6854
vt 0.6436 0.6816
vt 0.6479 0.6816
vt 0.6488 0.6816
vt 0.6436 0.6816
vt 0.6582 0.6816
vt 0.6621 0.6827
vt 0.6629 0.6829
vt 0.6582 0.6816
vt 0.6716 0.6854
vt 0.6747 0.6875
vt 0.6753 0.6880
vt 0.6716 0.6854
vt 0.6819 0.6926
vt 0.6836 0.6953
vt 0.6839 0.6959
vt 0.6819 0.6926
vt 0.6875 0.7019
vt 0.6875 0.7049
vt 0.6875 0.7055
vt 0.6875 0.7019
vt 0.6875 0.7120
vt 0.6859 0.7148
vt 0.6855 0.7153
vt 0.6875 0.7120
vt 0.6819 0.7214
vt 0.6789 0.7235
vt 0.6783 0.7239
vt 0.6819 0.7214
vt 0.6716 0.7285
vt 0.6677 0.7296
vt 0.6669 0.7299
vt 0.6716 0.7285
vt 0.6582 0.7324
vt 0.6582 0.7324
vt 0.6582 0.7324
vt 0.6582 0.7324
vt 0.6436 0.7324
vt 0.6499 0.7312
vt 0.6483 0.7310
vt 0.6436 0.7324
vn -0.6822 0.7055 -0.1921
vn -0.3709 0.9228 -0.1044
vn -0.3708 0.9228 -0.1044
vn -0.6821 0.7056 -0.1920
vn -0.8898 0.3816 -0.2505
vn -0.8897 0.3816 -0.2505
vn -0.9626 0.0000 -0.2710
vn -0.8898 -0.3816 -0.2505
vn -0.8897 -0.3816 -0.2505
vn -0.6822 -0.7055 -0.1921
vn -0.6821 -0.7056 -0.1920
vn -0.3709 -0.9228 -0.1044
vn -0.3708 -0.9228 -0.1044
vn -0.0028 -1.0000 -0.0008
vn 0.3660 -0.9249 0.1030
vn 0.3661 -0.9249 0.1031
vn 0.6793 -0.7085 0.1913
vn 0.8889 -0.3836 0.2503
vn 0.9626 0.0000 0.2710
vn 0.8889 0.3836 0.2503
vn 0.6793 0.7085 0.1913
vn 0.3660 0.9249 0.1030
vn 0.3661 0.9249 0.1031
vn -0.0028 1.0000 -0.0008
usemtl None
s 1
f 387/769/228 386/770/229 385/771/230 388/772/231
f 389/773/232 387/774/228 388/775/231 390/776/233
f 391/777/234 389/778/232 390/779/233 392/780/234
f 393/781/235 391/782/234 392/783/234 394/784/236
f 395/785/237 393/786/235 394/787/236 396/788/238
f 397/789/239 395/790/237 396/791/238 398/792/240
f 399/793/241 397/794/239 398/795/240 400/796/241
f 401/797/242 399/798/241 400/799/241 402/800/243
f 403/801/244 401/802/242 402/803/243 404/804/244
f 405/805/245 403/806/244 404/807/244 406/808/245
f 407/809/246 405/810/245 406/811/245 408/812/246
f 409/813/247 407/814/246 408/815/246 410/816/247
f 411/817/248 409/818/247 410/819/247 412/820/248
f 413/821/249 411/822/248 412/823/248 414/824/250
f 415/825/251 413/826/249 414/827/250 416/828/251
f 386/829/229 415/830/251 416/831/251 385/832/230
o Circle.025
v 1.556252 0.804880 -10.199320
v 1.137298 0.804880 -8.385325
v 1.032434 0.733345 -8.406882
v 1.452541 0.733345 -10.225880
v 0.962361 0.626286 -8.421287
v 1.383243 0.626286 -10.243627
v 0.937758 0.500000 -8.426345
v 1.358907 0.500000 -10.249859
v 0.962361 0.373715 -8.421287
v 1.383243 0.373714 -10.243628
v 1.032434 0.266655 -8.406882
v 1.452541 0.266655 -10.225880
v 1.137301 0.195120 -8.385324
v 1.556255 0.195120 -10.199319
v 1.260996 0.170000 -8.359898
v 1.678587 0.170000 -10.167990
v 1.384695 0.195120 -8.334469
v 1.800930 0.195120 -10.136660
v 1.489565 0.266655 -8.312911
v 1.904644 0.266655 -10.110099
v 1.559633 0.373714 -8.298507
v 1.973941 0.373715 -10.092352
v 1.584241 0.500000 -8.293448
v 1.998275 0.500000 -10.086121
v 1.559635 0.626286 -8.298506
v 1.973941 0.626286 -10.092352
v 1.489567 0.733345 -8.312911
v 1.904644 0.733345 -10.110099
v 1.384700 0.804880 -8.334468
v 1.800930 0.804880 -10.136660
v 1.260998 0.830000 -8.359897
v 1.678590 0.830000 -10.167990
vt 0.6302 0.7285
vt 0.6277 0.7268
vt 0.6271 0.7264
vt 0.6302 0.7285
vt 0.6199 0.7214
vt 0.6186 0.7192
vt 0.6182 0.7186
vt 0.6199 0.7214
vt 0.6143 0.7120
vt 0.6143 0.7096
vt 0.6143 0.7090
vt 0.6143 0.7120
vt 0.6143 0.7019
vt 0.6156 0.6997
vt 0.6159 0.6992
vt 0.6143 0.7019
vt 0.6199 0.6926
vt 0.6223 0.6909
vt 0.6229 0.6905
vt 0.6199 0.6926
vt 0.6302 0.6854
vt 0.6333 0.6845
vt 0.6341 0.6843
vt 0.6302 0.6854
vt 0.6436 0.6816
vt 0.6470 0.6816
vt 0.6479 0.6816
vt 0.6436 0.6816
vt 0.6582 0.6816
vt 0.6613 0.6825
vt 0.6621 0.6827
vt 0.6582 0.6816
vt 0.6716 0.6854
vt 0.6741 0.6871
vt 0.6747 0.6875
vt 0.6716 0.6854
vt 0.6819 0.6926
vt 0.6832 0.6948
vt 0.6836 0.6953
vt 0.6819 0.6926
vt 0.6875 0.7019
vt 0.6875 0.7043
vt 0.6875 0.7049
vt 0.6875 0.7019
vt 0.6875 0.7120
vt 0.6862 0.7142
vt 0.6859 0.7148
vt 0.6875 0.7120
vt 0.6819 0.7214
vt 0.6795 0.7230
vt 0.6789 0.7235
vt 0.6819 0.7214
vt 0.6716 0.7285
vt 0.6685 0.7294
vt 0.6677 0.7296
vt 0.6716 0.7285
vt 0.6582 0.7324
vt 0.6582 0.7324
vt 0.6582 0.7324
vt 0.6582 0.7324
vt 0.6436 0.7324
vt 0.6516 0.7314
vt 0.6499 0.7312
vt 0.6436 0.7324
vn -0.6905 0.7055 -0.1595
vn -0.3755 0.9228 -0.0867
vn -0.3754 0.9228 -0.0867
vn -0.9006 0.3815 -0.2080
vn -0.9006 0.3816 -0.2080
vn -0.9744 0.0000 -0.2250
vn -0.9006 -0.3815 -0.2080
vn -0.9006 -0.3816 -0.2080
vn -0.6905 -0.7055 -0.1595
vn -0.3755 -0.9228 -0.0867
vn -0.3754 -0.9228 -0.0867
vn -0.0029 -1.0000 -0.0007
vn 0.3704 -0.9249 0.0856
vn 0.3705 -0.9249 0.0856
vn 0.6876 -0.7085 0.1588
vn 0.8998 -0.3837 0.2078
vn 0.8998 -0.3836 0.2078
vn 0.9744 -0.0000 0.2250
vn 0.8998 0.3837 0.2078
vn 0.8998 0.3836 0.2078
vn 0.6876 0.7085 0.1588
vn 0.3704 0.9249 0.0856
vn 0.3705 0.9249 0.0856
vn -0.0029 1.0000 -0.0007
usemtl None
s 1
f 419/833/252 418/834/253 417/835/254 420/836/252
f 421/837/255 419/838/252 420/839/252 422/840/256
f 423/841/257 421/842/255 422/843/256 424/844/257
f 425/845/258 423/846/257 424/847/257 426/848/259
f 427/849/260 425/850/258 426/851/259 428/852/260
f 429/853/261 427/854/260 428/855/260 430/856/262
f 431/857/263 429/858/261 430/859/262 432/860/263
f 433/861/264 431/862/263 432/863/263 434/864/265
f 435/865/266 433/866/264 434/867/265 436/868/266
f 437/869/267 435/870/266 436/871/266 438/872/268
f 439/873/269 437/874/267 438/875/268 440/876/269
f 441/877/270 439/878/269 440/879/269 442/880/271
f 443/881/272 441/882/270 442/883/271 444/884/272
f 445/885/273 443/886/272 444/887/272 446/888/274
f 447/889/275 445/890/273 446/891/274 448/892/275
f 418/893/253 447/894/275 448/895/275 417/896/254
o Circle.024
v 1.137298 0.804880 -8.385325
v 0.807037 0.804880 -6.554901
v 0.701241 0.733345 -6.571295
v 1.032434 0.733345 -8.406882
v 0.630549 0.626286 -6.582249
v 0.962361 0.626286 -8.421287
v 0.605724 0.500000 -6.586095
v 0.937758 0.500000 -8.426345
v 0.630549 0.373715 -6.582249
v 0.962361 0.373715 -8.421287
v 0.701236 0.266655 -6.571295
v 1.032434 0.266655 -8.406882
v 0.807039 0.195120 -6.554900
v 1.137301 0.195120 -8.385324
v 0.931832 0.170000 -6.535563
v 1.260996 0.170000 -8.359898
v 1.056627 0.195120 -6.516225
v 1.384695 0.195120 -8.334469
v 1.162428 0.266655 -6.499830
v 1.489565 0.266655 -8.312911
v 1.233120 0.373715 -6.488875
v 1.559633 0.373714 -8.298507
v 1.257939 0.500000 -6.485029
v 1.584241 0.500000 -8.293448
v 1.233117 0.626286 -6.488876
v 1.559635 0.626286 -8.298506
v 1.162426 0.733345 -6.499830
v 1.489567 0.733345 -8.312911
v 1.056629 0.804880 -6.516224
v 1.384700 0.804880 -8.334468
v 0.931832 0.830000 -6.535563
v 1.260998 0.830000 -8.359897
vt 0.6302 0.7285
vt 0.6284 0.7272
vt 0.6277 0.7268
vt 0.6302 0.7285
vt 0.6199 0.7214
vt 0.6189 0.7197
vt 0.6186 0.7192
vt 0.6199 0.7214
vt 0.6143 0.7120
vt 0.6143 0.7102
vt 0.6143 0.7096
vt 0.6143 0.7120
vt 0.6143 0.7019
vt 0.6153 0.7003
vt 0.6156 0.6997
vt 0.6143 0.7019
vt 0.6199 0.6926
vt 0.6217 0.6913
vt 0.6223 0.6909
vt 0.6199 0.6926
vt 0.6302 0.6854
vt 0.6325 0.6848
vt 0.6333 0.6845
vt 0.6302 0.6854
vt 0.6436 0.6816
vt 0.6462 0.6816
vt 0.6470 0.6816
vt 0.6436 0.6816
vt 0.6582 0.6816
vt 0.6606 0.6823
vt 0.6613 0.6825
vt 0.6582 0.6816
vt 0.6716 0.6854
vt 0.6734 0.6867
vt 0.6741 0.6871
vt 0.6716 0.6854
vt 0.6819 0.6926
vt 0.6829 0.6942
vt 0.6832 0.6948
vt 0.6819 0.6926
vt 0.6875 0.7019
vt 0.6875 0.7037
vt 0.6875 0.7043
vt 0.6875 0.7019
vt 0.6875 0.7120
vt 0.6865 0.7137
vt 0.6862 0.7142
vt 0.6875 0.7120
vt 0.6819 0.7214
vt 0.6801 0.7226
vt 0.6795 0.7230
vt 0.6819 0.7214
vt 0.6716 0.7285
vt 0.6693 0.7292
vt 0.6685 0.7294
vt 0.6716 0.7285
vt 0.6582 0.7324
vt 0.6582 0.7324
vt 0.6582 0.7324
vt 0.6582 0.7324
vt 0.6436 0.7324
vt 0.6532 0.7317
vt 0.6516 0.7314
vt 0.6436 0.7324
vn -0.6975 0.7055 -0.1258
vn -0.3793 0.9227 -0.0684
vn -0.3792 0.9228 -0.0684
vn -0.6974 0.7055 -0.1258
vn -0.9097 0.3815 -0.1641
vn -0.9841 0.0000 -0.1776
vn -0.9097 -0.3815 -0.1641
vn -0.6975 -0.7055 -0.1258
vn -0.6974 -0.7055 -0.1258
vn -0.3793 -0.9228 -0.0684
vn -0.3792 -0.9228 -0.0684
vn -0.0030 -1.0000 -0.0005
vn 0.3741 -0.9249 0.0675
vn 0.3742 -0.9249 0.0675
vn 0.6945 -0.7085 0.1253
vn 0.9088 -0.3837 0.1640
vn 0.9088 -0.3836 0.1640
vn 0.9841 -0.0000 0.1776
vn 0.9088 0.3837 0.1640
vn 0.9088 0.3836 0.1640
vn 0.6945 0.7085 0.1253
vn 0.3741 0.9249 0.0675
vn 0.3742 0.9249 0.0675
vn -0.0030 1.0000 -0.0005
usemtl None
s 1
f 451/897/276 450/898/277 449/899/278 452/900/279
f 453/901/280 451/902/276 452/903/279 454/904/280
f 455/905/281 453/906/280 454/907/280 456/908/281
f 457/909/282 455/910/281 456/911/281 458/912/282
f 459/913/283 457/914/282 458/915/282 460/916/284
f 461/917/285 459/918/283 460/919/284 462/920/286
f 463/921/287 461/922/285 462/923/286 464/924/287
f 465/925/288 463/926/287 464/927/287 466/928/289
f 467/929/290 465/930/288 466/931/289 468/932/290
f 469/933/291 467/934/290 468/935/290 470/936/292
f 471/937/293 469/938/291 470/939/292 472/940/293
f 473/941/294 471/942/293 472/943/293 474/944/295
f 475/945/296 473/946/294 474/947/295 476/948/296
f 477/949/297 475/950/296 476/951/296 478/952/298
f 479/953/299 477/954/297 478/955/298 480/956/299
f 450/957/277 479/958/299 480/959/299 449/960/278
o Circle.023
v 0.807037 0.804880 -6.554901
v 0.567992 0.804880 -4.711536
v 0.461506 0.733345 -4.722609
v 0.701241 0.733345 -6.571295
v 0.390358 0.626286 -4.730007
v 0.630549 0.626286 -6.582249
v 0.365373 0.500000 -4.732605
v 0.605724 0.500000 -6.586095
v 0.390356 0.373715 -4.730007
v 0.630549 0.373715 -6.582249
v 0.461506 0.266655 -4.722609
v 0.701236 0.266655 -6.571295
v 0.567995 0.195120 -4.711536
v 0.807039 0.195120 -6.554900
v 0.693598 0.170000 -4.698476
v 0.931832 0.170000 -6.535563
v 0.819206 0.195120 -4.685415
v 1.056627 0.195120 -6.516225
v 0.925697 0.266655 -4.674343
v 1.162428 0.266655 -6.499830
v 0.996850 0.373715 -4.666944
v 1.233120 0.373715 -6.488875
v 1.021830 0.500000 -4.664347
v 1.257939 0.500000 -6.485029
v 0.996847 0.626286 -4.666944
v 1.233117 0.626286 -6.488876
v 0.925697 0.733346 -4.674343
v 1.162426 0.733345 -6.499830
v 0.819211 0.804880 -4.685415
v 1.056629 0.804880 -6.516224
v 0.693603 0.830000 -4.698476
v 0.931832 0.830000 -6.535563
vt 0.6302 0.7285
vt 0.6290 0.7277
vt 0.6284 0.7272
vt 0.6302 0.7285
vt 0.6199 0.7214
vt 0.6192 0.7203
vt 0.6189 0.7197
vt 0.6199 0.7214
vt 0.6143 0.7120
vt 0.6143 0.7108
vt 0.6143 0.7102
vt 0.6143 0.7120
vt 0.6143 0.7019
vt 0.6150 0.7008
vt 0.6153 0.7003
vt 0.6143 0.7019
vt 0.6199 0.6926
vt 0.6211 0.6917
vt 0.6217 0.6913
vt 0.6199 0.6926
vt 0.6302 0.6854
vt 0.6318 0.6850
vt 0.6325 0.6848
vt 0.6302 0.6854
vt 0.6436 0.6816
vt 0.6453 0.6816
vt 0.6462 0.6816
vt 0.6436 0.6816
vt 0.6582 0.6816
vt 0.6598 0.6820
vt 0.6606 0.6823
vt 0.6582 0.6816
vt 0.6716 0.6854
vt 0.6728 0.6863
vt 0.6734 0.6867
vt 0.6716 0.6854
vt 0.6819 0.6926
vt 0.6826 0.6937
vt 0.6829 0.6942
vt 0.6819 0.6926
vt 0.6875 0.7019
vt 0.6875 0.7031
vt 0.6875 0.7037
vt 0.6875 0.7019
vt 0.6875 0.7120
vt 0.6868 0.7131
vt 0.6865 0.7137
vt 0.6875 0.7120
vt 0.6819 0.7214
vt 0.6807 0.7222
vt 0.6801 0.7226
vt 0.6819 0.7214
vt 0.6716 0.7285
vt 0.6700 0.7289
vt 0.6693 0.7292
vt 0.6716 0.7285
vt 0.6582 0.7324
vt 0.6582 0.7324
vt 0.6582 0.7324
vt 0.6582 0.7324
vt 0.6436 0.7324
vt 0.6549 0.7319
vt 0.6532 0.7317
vt 0.6436 0.7324
vn -0.7029 0.7054 -0.0912
vn -0.3823 0.9227 -0.0496
vn -0.3822 0.9227 -0.0496
vn -0.7029 0.7055 -0.0911
vn -0.9167 0.3815 -0.1189
vn -0.9917 0.0000 -0.1286
vn -0.9167 -0.3815 -0.1189
vn -0.7029 -0.7054 -0.0911
vn -0.7029 -0.7055 -0.0911
vn -0.3823 -0.9227 -0.0496
vn -0.3822 -0.9227 -0.0496
vn -0.0031 -1.0000 -0.0004
vn 0.3769 -0.9250 0.0489
vn 0.3770 -0.9249 0.0489
vn 0.6998 -0.7086 0.0907
vn 0.6998 -0.7085 0.0908
vn 0.9158 -0.3837 0.1188
vn 0.9917 0.0000 0.1286
vn 0.9158 0.3837 0.1188
vn 0.6998 0.7086 0.0907
vn 0.6998 0.7085 0.0908
vn 0.3769 0.9249 0.0489
vn 0.3770 0.9249 0.0489
vn -0.0031 1.0000 -0.0004
usemtl None
s 1
f 483/961/300 482/962/301 481/963/302 484/964/303
f 485/965/304 483/966/300 484/967/303 486/968/304
f 487/969/305 485/970/304 486/971/304 488/972/305
f 489/973/306 487/974/305 488/975/305 490/976/306
f 491/977/307 489/978/306 490/979/306 492/980/308
f 493/981/309 491/982/307 492/983/308 494/984/310
f 495/985/311 493/986/309 494/987/310 496/988/311
f 497/989/312 495/990/311 496/991/311 498/992/313
f 499/993/314 497/994/312 498/995/313 500/996/315
f 501/997/316 499/998/314 500/999/315 502/1000/316
f 503/1001/317 501/1002/316 502/1003/316 504/1004/317
f 505/1005/318 503/1006/317 504/1007/317 506/1008/318
f 507/1009/319 505/1010/318 506/1011/318 508/1012/320
f 509/1013/321 507/1014/319 508/1015/320 510/1016/322
f 511/1017/323 509/1018/321 510/1019/322 512/1020/323
f 482/1021/301 511/1022/323 512/1023/323 481/1024/302
o Circle.022
v 0.567992 0.804880 -4.711536
v 0.422703 0.804880 -2.858728
v 0.315794 0.733345 -2.864325
v 0.461506 0.733345 -4.722609
v 0.244357 0.626286 -2.868065
v 0.390358 0.626286 -4.730007
v 0.219271 0.500000 -2.869378
v 0.365373 0.500000 -4.732605
v 0.244355 0.373714 -2.868065
v 0.390356 0.373715 -4.730007
v 0.315792 0.266655 -2.864325
v 0.461506 0.266655 -4.722609
v 0.422708 0.195120 -2.858728
v 0.567995 0.195120 -4.711536
v 0.548818 0.170000 -2.852126
v 0.693598 0.170000 -4.698476
v 0.674932 0.195120 -2.845524
v 0.819206 0.195120 -4.685415
v 0.781846 0.266655 -2.839926
v 0.925697 0.266655 -4.674343
v 0.853286 0.373714 -2.836186
v 0.996850 0.373715 -4.666944
v 0.878367 0.500000 -2.834873
v 1.021830 0.500000 -4.664347
v 0.853283 0.626286 -2.836186
v 0.996847 0.626286 -4.666944
v 0.781846 0.733345 -2.839926
v 0.925697 0.733346 -4.674343
v 0.674932 0.804880 -2.845523
v 0.819211 0.804880 -4.685415
v 0.548820 0.830000 -2.852126
v 0.693603 0.830000 -4.698476
vt 0.6296 0.7281
vt 0.6290 0.7277
vt 0.6302 0.7285
vt 0.6302 0.7285
vt 0.6195 0.7208
vt 0.6192 0.7203
vt 0.6199 0.7214
vt 0.6199 0.7214
vt 0.6143 0.7114
vt 0.6143 0.7108
vt 0.6143 0.7120
vt 0.6143 0.7120
vt 0.6146 0.7014
vt 0.6150 0.7008
vt 0.6143 0.7019
vt 0.6143 0.7019
vt 0.6205 0.6922
vt 0.6211 0.6917
vt 0.6199 0.6926
vt 0.6199 0.6926
vt 0.6310 0.6852
vt 0.6318 0.6850
vt 0.6302 0.6854
vt 0.6302 0.6854
vt 0.6445 0.6816
vt 0.6453 0.6816
vt 0.6436 0.6816
vt 0.6436 0.6816
vt 0.6590 0.6818
vt 0.6598 0.6820
vt 0.6582 0.6816
vt 0.6582 0.6816
vt 0.6722 0.6859
vt 0.6728 0.6863
vt 0.6716 0.6854
vt 0.6716 0.6854
vt 0.6823 0.6931
vt 0.6826 0.6937
vt 0.6819 0.6926
vt 0.6819 0.6926
vt 0.6875 0.7025
vt 0.6875 0.7031
vt 0.6875 0.7019
vt 0.6875 0.7019
vt 0.6872 0.7126
vt 0.6868 0.7131
vt 0.6875 0.7120
vt 0.6875 0.7120
vt 0.6813 0.7218
vt 0.6807 0.7222
vt 0.6819 0.7214
vt 0.6819 0.7214
vt 0.6708 0.7287
vt 0.6700 0.7289
vt 0.6716 0.7285
vt 0.6716 0.7285
vt 0.6582 0.7324
vt 0.6582 0.7324
vt 0.6582 0.7324
vt 0.6582 0.7324
vt 0.6565 0.7321
vt 0.6549 0.7319
vt 0.6436 0.7324
vt 0.6436 0.7324
vn -0.3844 0.9227 -0.0301
vn -0.3843 0.9227 -0.0301
vn -0.7066 0.7054 -0.0554
vn -0.7067 0.7054 -0.0554
vn -0.9216 0.3815 -0.0723
vn -0.9216 0.3814 -0.0723
vn -0.9969 0.0000 -0.0782
vn -0.9216 -0.3815 -0.0723
vn -0.9216 -0.3814 -0.0723
vn -0.7066 -0.7054 -0.0554
vn -0.7067 -0.7054 -0.0554
vn -0.3843 -0.9227 -0.0301
vn -0.3844 -0.9227 -0.0301
vn -0.0031 -1.0000 -0.0002
vn -0.0032 -1.0000 -0.0003
vn 0.3789 -0.9249 0.0297
vn 0.3789 -0.9250 0.0297
vn 0.7035 -0.7086 0.0552
vn 0.7034 -0.7086 0.0552
vn 0.9206 -0.3837 0.0722
vn 0.9969 0.0000 0.0782
vn 0.9206 0.3837 0.0722
vn 0.7035 0.7086 0.0552
vn 0.7034 0.7086 0.0552
vn 0.3789 0.9249 0.0297
vn 0.3789 0.9250 0.0297
vn -0.0031 1.0000 -0.0002
vn -0.0032 1.0000 -0.0003
usemtl None
s 1
f 514/1025/324 513/1026/325 516/1027/326 515/1028/327
f 515/1029/327 516/1030/326 518/1031/328 517/1032/329
f 517/1033/329 518/1034/328 520/1035/330 519/1036/330
f 519/1037/330 520/1038/330 522/1039/331 521/1040/332
f 521/1041/332 522/1042/331 524/1043/333 523/1044/334
f 523/1045/334 524/1046/333 526/1047/335 525/1048/336
f 525/1049/336 526/1050/335 528/1051/337 527/1052/338
f 527/1053/338 528/1054/337 530/1055/339 529/1056/340
f 529/1057/340 530/1058/339 532/1059/341 531/1060/342
f 531/1061/342 532/1062/341 534/1063/343 533/1064/343
f 533/1065/343 534/1066/343 536/1067/344 535/1068/344
f 535/1069/344 536/1070/344 538/1071/345 537/1072/345
f 537/1073/345 538/1074/345 540/1075/346 539/1076/347
f 539/1077/347 540/1078/346 542/1079/348 541/1080/349
f 541/1081/349 542/1082/348 544/1083/350 543/1084/351
f 543/1085/351 544/1086/350 513/1087/325 514/1088/324
o Circle.021
v 0.500000 0.830000 -1.000000
v 0.373715 0.804880 -1.000000
v 0.266654 0.733345 -1.000000
v 0.195119 0.626286 -1.000000
v 0.170000 0.500000 -1.000000
v 0.195119 0.373714 -1.000000
v 0.266654 0.266655 -1.000000
v 0.373715 0.195120 -1.000000
v 0.500000 0.170000 -1.000000
v 0.626285 0.195120 -1.000000
v 0.733346 0.266655 -1.000000
v 0.804881 0.373714 -1.000000
v 0.830000 0.500000 -1.000000
v 0.804881 0.626286 -1.000000
v 0.733346 0.733345 -1.000000
v 0.626285 0.804880 -1.000000
v 0.422703 0.804880 -2.858728
v 0.315794 0.733345 -2.864325
v 0.244357 0.626286 -2.868065
v 0.219271 0.500000 -2.869378
v 0.244355 0.373714 -2.868065
v 0.315792 0.266655 -2.864325
v 0.422708 0.195120 -2.858728
v 0.548818 0.170000 -2.852126
v 0.674932 0.195120 -2.845524
v 0.781846 0.266655 -2.839926
v 0.853286 0.373714 -2.836186
v 0.878367 0.500000 -2.834873
v 0.853283 0.626286 -2.836186
v 0.781846 0.733345 -2.839926
v 0.674932 0.804880 -2.845523
v 0.548820 0.830000 -2.852126
vt 0.6302 0.7285
vt 0.6296 0.7281
vt 0.6302 0.7285
vt 0.6302 0.7285
vt 0.6199 0.7214
vt 0.6195 0.7208
vt 0.6199 0.7214
vt 0.6199 0.7214
vt 0.6143 0.7120
vt 0.6143 0.7114
vt 0.6143 0.7120
vt 0.6143 0.7120
vt 0.6143 0.7019
vt 0.6146 0.7014
vt 0.6143 0.7019
vt 0.6143 0.7019
vt 0.6199 0.6926
vt 0.6205 0.6922
vt 0.6199 0.6926
vt 0.6199 0.6926
vt 0.6302 0.6854
vt 0.6310 0.6852
vt 0.6302 0.6854
vt 0.6302 0.6854
vt 0.6436 0.6816
vt 0.6445 0.6816
vt 0.6436 0.6816
vt 0.6436 0.6816
vt 0.6582 0.6816
vt 0.6590 0.6818
vt 0.6582 0.6816
vt 0.6582 0.6816
vt 0.6716 0.6854
vt 0.6722 0.6859
vt 0.6716 0.6854
vt 0.6716 0.6854
vt 0.6819 0.6926
vt 0.6823 0.6931
vt 0.6819 0.6926
vt 0.6819 0.6926
vt 0.6875 0.7019
vt 0.6875 0.7025
vt 0.6875 0.7019
vt 0.6875 0.7019
vt 0.6875 0.7120
vt 0.6872 0.7126
vt 0.6875 0.7120
vt 0.6875 0.7120
vt 0.6819 0.7214
vt 0.6813 0.7218
vt 0.6819 0.7214
vt 0.6819 0.7214
vt 0.6716 0.7285
vt 0.6708 0.7287
vt 0.6716 0.7285
vt 0.6716 0.7285
vt 0.6582 0.7324
vt 0.6582 0.7324
vt 0.6582 0.7324
vt 0.6582 0.7324
vt 0.6565 0.7321
vt 0.6436 0.7324
vt 0.6436 0.7324
vn -0.3855 0.9227 -0.0102
vn -0.3854 0.9227 -0.0102
vn -0.7086 0.7054 -0.0187
vn -0.9241 0.3814 -0.0244
vn -0.9997 0.0000 -0.0263
vn -0.9241 -0.3814 -0.0244
vn -0.7086 -0.7054 -0.0187
vn -0.3854 -0.9227 -0.0102
vn -0.0032 -1.0000 -0.0001
vn -0.0033 -1.0000 -0.0001
vn 0.3799 -0.9250 0.0100
vn 0.7054 -0.7086 0.0186
vn 0.7053 -0.7086 0.0186
vn 0.9231 -0.3837 0.0243
vn 0.9997 0.0000 0.0264
vn 0.9231 0.3837 0.0243
vn 0.7054 0.7086 0.0186
vn 0.7053 0.7086 0.0186
vn 0.3799 0.9250 0.0100
vn -0.0032 1.0000 -0.0001
vn -0.0033 1.0000 -0.0001
usemtl None
s 1
f 546/1089/352 561/1090/353 562/1091/354 547/1092/354
f 547/1093/354 562/1094/354 563/1095/355 548/1096/355
f 548/1097/355 563/1098/355 564/1099/356 549/1100/356
f 549/1101/356 564/1102/356 565/1103/357 550/1104/357
f 550/1105/357 565/1106/357 566/1107/358 551/1108/358
f 551/1109/358 566/1110/358 567/1111/359 552/1112/359
f 552/1113/359 567/1114/359 568/1115/360 553/1116/361
f 553/1117/361 568/1118/360 569/1119/362 554/1120/362
f 554/1121/362 569/1122/362 570/1123/363 555/1124/364
f 555/1125/364 570/1126/363 571/1127/365 556/1128/365
f 556/1129/365 571/1130/365 572/1131/366 557/1132/366
f 557/1133/366 572/1134/366 573/1135/367 558/1136/367
f 558/1137/367 573/1138/367 574/1139/368 559/1140/369
f 559/1141/369 574/1142/368 575/1143/370 560/1144/370
f 560/1145/370 575/1146/370 576/1147/371 545/1148/372
f 545/1148/372 576/1149/371 561/1150/353 546/1151/352
o Circle.020
v 0.500000 0.830000 -1.000000
v 0.373715 0.804880 -1.000000
v 0.266654 0.733345 -1.000000
v 0.195119 0.626286 -1.000000
v 0.170000 0.500000 -1.000000
v 0.195119 0.373714 -1.000000
v 0.266654 0.266655 -1.000000
v 0.373715 0.195120 -1.000000
v 0.500000 0.170000 -1.000000
v 0.626285 0.195120 -1.000000
v 0.733346 0.266655 -1.000000
v 0.804881 0.373714 -1.000000
v 0.830000 0.500000 -1.000000
v 0.804881 0.626286 -1.000000
v 0.733346 0.733345 -1.000000
v 0.626285 0.804880 -1.000000
v 0.500000 0.830000 0.000000
v 0.373715 0.804880 0.000000
v 0.266654 0.733345 0.000000
v 0.195119 0.626286 0.000000
v 0.170000 0.500000 0.000000
v 0.195119 0.373714 0.000000
v 0.266654 0.266655 0.000000
v 0.373715 0.195120 0.000000
v 0.500000 0.170000 0.000000
v 0.626285 0.195120 0.000000
v 0.733346 0.266655 0.000000
v 0.804881 0.373714 0.000000
v 0.830000 0.500000 0.000000
v 0.804881 0.626286 0.000000
v 0.733346 0.733345 0.000000
v 0.626285 0.804880 0.000000
vt 0.6302 0.6854
vt 0.6302 0.6854
vt 0.6302 0.6854
vt 0.6302 0.6854
vt 0.6436 0.6816
vt 0.6436 0.6816
vt 0.6436 0.6816
vt 0.6436 0.6816
vt 0.6582 0.6816
vt 0.6582 0.6816
vt 0.6582 0.6816
vt 0.6582 0.6816
vt 0.6716 0.6854
vt 0.6716 0.6854
vt 0.6716 0.6854
vt 0.6716 0.6854
vt 0.6819 0.6926
vt 0.6819 0.6926
vt 0.6819 0.6926
vt 0.6819 0.6926
vt 0.6875 0.7019
vt 0.6875 0.7019
vt 0.6875 0.7019
vt 0.6875 0.7019
vt 0.6875 0.7120
vt 0.6875 0.7120
vt 0.6875 0.7120
vt 0.6875 0.7120
vt 0.6819 0.7214
vt 0.6819 0.7214
vt 0.6819 0.7214
vt 0.6819 0.7214
vt 0.6436 0.7324
vt 0.6436 0.7324
vt 0.6436 0.7324
vt 0.6436 0.7324
vt 0.6716 0.7285
vt 0.6716 0.7285
vt 0.6716 0.7285
vt 0.6716 0.7285
vt 0.6302 0.7285
vt 0.6302 0.7285
vt 0.6302 0.7285
vt 0.6302 0.7285
vt 0.6582 0.7324
vt 0.6582 0.7324
vt 0.6582 0.7324
vt 0.6582 0.7324
vt 0.6199 0.7214
vt 0.6199 0.7214
vt 0.6199 0.7214
vt 0.6199 0.7214
vt 0.6143 0.7120
vt 0.6143 0.7120
vt 0.6143 0.7120
vt 0.6143 0.7120
vt 0.6143 0.7019
vt 0.6143 0.7019
vt 0.6143 0.7019
vt 0.6143 0.7019
vt 0.6199 0.6926
vt 0.6199 0.6926
vt 0.6199 0.6926
vt 0.6199 0.6926
vn -0.7071 -0.7071 -0.0000
vn -0.3827 -0.9239 -0.0000
vn -0.0000 -1.0000 -0.0000
vn 0.3827 -0.9239 -0.0000
vn 0.7071 -0.7071 0.0000
vn 0.9239 -0.3827 -0.0000
vn 1.0000 -0.0000 -0.0000
vn 0.9239 0.3827 0.0000
vn 0.7071 0.7071 0.0000
vn -0.0000 1.0000 0.0000
vn -0.3827 0.9239 0.0000
vn 0.3827 0.9239 0.0000
vn -0.7071 0.7071 0.0000
vn -0.9239 0.3827 0.0000
vn -1.0000 -0.0000 0.0000
vn -0.9239 -0.3827 0.0000
usemtl None
s 1
f 583/1152/373 584/1153/374 600/1154/374 599/1155/373
f 584/1156/374 585/1157/375 601/1158/375 600/1159/374
f 585/1160/375 586/1161/376 602/1162/376 601/1163/375
f 586/1164/376 587/1165/377 603/1166/377 602/1167/376
f 587/1168/377 588/1169/378 604/1170/378 603/1171/377
f 588/1172/378 589/1173/379 605/1174/379 604/1175/378
f 589/1176/379 590/1177/380 606/1178/380 605/1179/379
f 590/1180/380 591/1181/381 607/1182/381 606/1183/380
f 577/1184/382 578/1185/383 594/1186/383 593/1187/382
f 591/1188/381 592/1189/384 608/1190/384 607/1191/381
f 578/1192/383 579/1193/385 595/1194/385 594/1195/383
f 592/1196/384 577/1197/382 593/1198/382 608/1199/384
f 579/1200/385 580/1201/386 596/1202/386 595/1203/385
f 580/1204/386 581/1205/387 597/1206/387 596/1207/386
f 581/1208/387 582/1209/388 598/1210/388 597/1211/387
f 582/1212/388 583/1213/373 599/1214/373 598/1215/388
o Circle.019
v 18.328426 0.830000 -23.671574
v 18.239130 0.804880 -23.760870
v 18.163425 0.733345 -23.836575
v 18.112843 0.626286 -23.887157
v 18.095081 0.500000 -23.904919
v 18.112843 0.373714 -23.887157
v 18.163425 0.266655 -23.836575
v 18.239130 0.195120 -23.760870
v 18.328426 0.170000 -23.671574
v 18.417725 0.195120 -23.582275
v 18.493427 0.266655 -23.506573
v 18.544010 0.373714 -23.455990
v 18.561771 0.500000 -23.438229
v 18.544010 0.626286 -23.455990
v 18.493427 0.733345 -23.506573
v 18.417725 0.804880 -23.582275
v 19.328426 0.830000 -24.671574
v 19.239130 0.804880 -24.760870
v 19.163425 0.733345 -24.836575
v 19.112843 0.626286 -24.887157
v 19.095081 0.500000 -24.904919
v 19.112843 0.373714 -24.887157
v 19.163425 0.266655 -24.836575
v 19.239130 0.195120 -24.760870
v 19.328426 0.170000 -24.671574
v 19.417725 0.195120 -24.582275
v 19.493427 0.266655 -24.506573
v 19.544010 0.373714 -24.455990
v 19.561771 0.500000 -24.438229
v 19.544010 0.626286 -24.455990
v 19.493427 0.733345 -24.506573
v 19.417725 0.804880 -24.582275
vt 0.4726 0.6976
vt 0.4782 0.6883
vt 0.4782 0.6883
vt 0.4726 0.6976
vt 0.4782 0.6883
vt 0.4885 0.6811
vt 0.4885 0.6811
vt 0.4782 0.6883
vt 0.4885 0.6811
vt 0.5019 0.6773
vt 0.5019 0.6773
vt 0.4885 0.6811
vt 0.5019 0.6773
vt 0.5165 0.6773
vt 0.5165 0.6773
vt 0.5019 0.6773
vt 0.5165 0.6773
vt 0.5299 0.6811
vt 0.5299 0.6811
vt 0.5165 0.6773
vt 0.5299 0.6811
vt 0.5402 0.6883
vt 0.5402 0.6883
vt 0.5299 0.6811
vt 0.5402 0.6883
vt 0.5458 0.6976
vt 0.5458 0.6976
vt 0.5402 0.6883
vt 0.5402 0.7171
vt 0.5299 0.7242
vt 0.5299 0.7242
vt 0.5402 0.7171
vt 0.5458 0.6976
vt 0.5458 0.7077
vt 0.5458 0.7077
vt 0.5458 0.6976
vt 0.5299 0.7242
vt 0.5165 0.7281
vt 0.5165 0.7281
vt 0.5299 0.7242
vt 0.5458 0.7077
vt 0.5458 0.7077
vt 0.5458 0.7077
vt 0.5458 0.7077
vt 0.5165 0.7281
vt 0.5019 0.7281
vt 0.5019 0.7281
vt 0.5165 0.7281
vt 0.5019 0.7281
vt 0.4885 0.7242
vt 0.4885 0.7242
vt 0.5019 0.7281
vt 0.4885 0.7242
vt 0.4782 0.7171
vt 0.4782 0.7171
vt 0.4885 0.7242
vt 0.4782 0.7171
vt 0.4726 0.7077
vt 0.4726 0.7077
vt 0.4782 0.7171
vt 0.4726 0.7077
vt 0.4726 0.6976
vt 0.4726 0.6976
vt 0.4726 0.7077
vn -0.0000 -1.0000 -0.0000
vn -0.2706 -0.9239 -0.2706
vn 0.2706 -0.9239 0.2706
vn 0.5000 -0.7071 0.5000
vn 0.6533 -0.3827 0.6533
vn 0.7071 -0.0000 0.7071
vn 0.6533 0.3827 0.6533
vn 0.5000 0.7071 0.5000
vn -0.2706 0.9239 -0.2706
vn -0.0000 1.0000 -0.0000
vn 0.2706 0.9239 0.2706
vn -0.5000 0.7071 -0.5000
vn -0.6533 0.3827 -0.6533
vn -0.7071 -0.0000 -0.7071
vn -0.6533 -0.3827 -0.6533
vn -0.5000 -0.7071 -0.5000
usemtl None
s 1
f 617/1216/389 616/1217/390 632/1218/390 633/1219/389
f 618/1220/391 617/1221/389 633/1222/389 634/1223/391
f 619/1224/392 618/1225/391 634/1226/391 635/1227/392
f 620/1228/393 619/1229/392 635/1230/392 636/1231/393
f 621/1232/394 620/1233/393 636/1234/393 637/1235/394
f 622/1236/395 621/1237/394 637/1238/394 638/1239/395
f 623/1240/396 622/1241/395 638/1242/395 639/1243/396
f 610/1244/397 609/1245/398 625/1246/398 626/1247/397
f 624/1248/399 623/1249/396 639/1250/396 640/1251/399
f 611/1252/400 610/1253/397 626/1254/397 627/1255/400
f 609/1256/398 624/1257/399 640/1258/399 625/1259/398
f 612/1260/401 611/1261/400 627/1262/400 628/1263/401
f 613/1264/402 612/1265/401 628/1266/401 629/1267/402
f 614/1268/403 613/1269/402 629/1270/402 630/1271/403
f 615/1272/404 614/1273/403 630/1274/403 631/1275/404
f 616/1276/390 615/1277/404 631/1278/404 632/1279/390
o Circle.018
v 18.328426 0.830000 -23.671574
v 18.239130 0.804880 -23.760870
v 18.163425 0.733345 -23.836575
v 18.112843 0.626286 -23.887157
v 18.095081 0.500000 -23.904919
v 18.112843 0.373714 -23.887157
v 18.163425 0.266655 -23.836575
v 18.239130 0.195120 -23.760870
v 18.328426 0.170000 -23.671574
v 18.417725 0.195120 -23.582275
v 18.493427 0.266655 -23.506573
v 18.544010 0.373714 -23.455990
v 18.561771 0.500000 -23.438229
v 18.544010 0.626286 -23.455990
v 18.493427 0.733345 -23.506573
v 18.417725 0.804880 -23.582275
v 17.206697 0.804881 -22.682434
v 17.127779 0.733346 -22.754774
v 17.075047 0.626286 -22.803114
v 17.056530 0.500001 -22.820089
v 17.075045 0.373715 -22.803114
v 17.127781 0.266656 -22.754774
v 17.206697 0.195120 -22.682434
v 17.299791 0.170001 -22.597097
v 17.392883 0.195121 -22.511763
v 17.471800 0.266656 -22.439423
v 17.524532 0.373715 -22.391085
v 17.543049 0.500001 -22.374109
v 17.524532 0.626286 -22.391085
v 17.471802 0.733346 -22.439421
v 17.392881 0.804881 -22.511765
v 17.299789 0.830001 -22.597099
vt 0.5299 0.7242
vt 0.5173 0.7278
vt 0.5165 0.7281
vt 0.5299 0.7242
vt 0.5165 0.7281
vt 0.5028 0.7281
vt 0.5019 0.7281
vt 0.5165 0.7281
vt 0.5019 0.7281
vt 0.4892 0.7244
vt 0.4885 0.7242
vt 0.5019 0.7281
vt 0.4885 0.7242
vt 0.4788 0.7175
vt 0.4782 0.7171
vt 0.4885 0.7242
vt 0.4782 0.7171
vt 0.4729 0.7083
vt 0.4726 0.7077
vt 0.4782 0.7171
vt 0.4726 0.7077
vt 0.4726 0.6982
vt 0.4726 0.6976
vt 0.4726 0.7077
vt 0.4726 0.6976
vt 0.4778 0.6888
vt 0.4782 0.6883
vt 0.4726 0.6976
vt 0.4782 0.6883
vt 0.4878 0.6816
vt 0.4885 0.6811
vt 0.4782 0.6883
vt 0.4885 0.6811
vt 0.5011 0.6775
vt 0.5019 0.6773
vt 0.4885 0.6811
vt 0.5019 0.6773
vt 0.5156 0.6773
vt 0.5165 0.6773
vt 0.5019 0.6773
vt 0.5165 0.6773
vt 0.5291 0.6809
vt 0.5299 0.6811
vt 0.5165 0.6773
vt 0.5299 0.6811
vt 0.5396 0.6879
vt 0.5402 0.6883
vt 0.5299 0.6811
vt 0.5402 0.6883
vt 0.5455 0.6971
vt 0.5458 0.6976
vt 0.5402 0.6883
vt 0.5458 0.6976
vt 0.5458 0.7071
vt 0.5458 0.7077
vt 0.5458 0.6976
vt 0.5458 0.7077
vt 0.5458 0.7077
vt 0.5458 0.7077
vt 0.5458 0.7077
vt 0.5402 0.7171
vt 0.5308 0.7232
vt 0.5299 0.7242
vt 0.5402 0.7171
vn -0.5118 0.7057 -0.4900
vn -0.2781 0.9229 -0.2663
vn -0.2782 0.9229 -0.2663
vn -0.6677 0.3817 -0.6392
vn -0.7223 -0.0000 -0.6915
vn -0.6677 -0.3817 -0.6392
vn -0.5118 -0.7057 -0.4900
vn -0.2781 -0.9229 -0.2663
vn -0.2782 -0.9229 -0.2663
vn -0.0019 -1.0000 -0.0019
vn -0.0020 -1.0000 -0.0019
vn 0.2748 -0.9248 0.2631
vn 0.5099 -0.7084 0.4881
vn 0.6671 -0.3836 0.6386
vn 0.7223 0.0000 0.6915
vn 0.6671 0.3836 0.6386
vn 0.5099 0.7084 0.4881
vn 0.2748 0.9248 0.2631
vn -0.0019 1.0000 -0.0019
vn -0.0020 1.0000 -0.0019
usemtl None
s 1
f 658/1280/405 657/1281/406 642/1282/407 643/1283/405
f 659/1284/408 658/1285/405 643/1286/405 644/1287/408
f 660/1288/409 659/1289/408 644/1290/408 645/1291/409
f 661/1292/410 660/1293/409 645/1294/409 646/1295/410
f 662/1296/411 661/1297/410 646/1298/410 647/1299/411
f 663/1300/412 662/1301/411 647/1302/411 648/1303/413
f 664/1304/414 663/1305/412 648/1306/413 649/1307/415
f 665/1308/416 664/1309/414 649/1310/415 650/1311/416
f 666/1312/417 665/1313/416 650/1314/416 651/1315/417
f 667/1316/418 666/1317/417 651/1318/417 652/1319/418
f 668/1320/419 667/1321/418 652/1322/418 653/1323/419
f 669/1324/420 668/1325/419 653/1326/419 654/1327/420
f 670/1328/421 669/1329/420 654/1330/420 655/1331/421
f 671/1332/422 670/1333/421 655/1334/421 656/1335/422
f 672/1336/423 671/1337/422 656/1338/422 641/1339/424
f 657/1340/406 672/1341/423 641/1342/424 642/1343/407
o Circle.017
v 17.206697 0.804881 -22.682434
v 16.219801 0.804882 -21.557875
v 16.137835 0.733347 -21.626743
v 17.127779 0.733346 -22.754774
v 16.083061 0.626287 -21.672760
v 17.075047 0.626286 -22.803114
v 16.063831 0.500001 -21.688919
v 17.056530 0.500001 -22.820089
v 16.083061 0.373716 -21.672762
v 17.075045 0.373715 -22.803114
v 16.137833 0.266656 -21.626743
v 17.127781 0.266656 -22.754774
v 16.219801 0.195121 -21.557875
v 17.206697 0.195120 -22.682434
v 16.316490 0.170001 -21.476637
v 17.299791 0.170001 -22.597097
v 16.413179 0.195121 -21.395401
v 17.392883 0.195121 -22.511763
v 16.495146 0.266656 -21.326534
v 17.471800 0.266656 -22.439423
v 16.549917 0.373716 -21.280518
v 17.524532 0.373715 -22.391085
v 16.569151 0.500001 -21.264359
v 17.543049 0.500001 -22.374109
v 16.549915 0.626287 -21.280518
v 17.524532 0.626286 -22.391085
v 16.495148 0.733347 -21.326532
v 17.471802 0.733346 -22.439421
v 16.413177 0.804882 -21.395403
v 17.392881 0.804881 -22.511765
v 16.316490 0.830002 -21.476639
v 17.299789 0.830001 -22.597099
vt 0.5299 0.7242
vt 0.5180 0.7276
vt 0.5173 0.7278
vt 0.5299 0.7242
vt 0.5165 0.7281
vt 0.5036 0.7281
vt 0.5028 0.7281
vt 0.5165 0.7281
vt 0.5019 0.7281
vt 0.4900 0.7247
vt 0.4892 0.7244
vt 0.5019 0.7281
vt 0.4885 0.7242
vt 0.4794 0.7179
vt 0.4788 0.7175
vt 0.4885 0.7242
vt 0.4782 0.7171
vt 0.4732 0.7088
vt 0.4729 0.7083
vt 0.4782 0.7171
vt 0.4726 0.7077
vt 0.4726 0.6988
vt 0.4726 0.6982
vt 0.4726 0.7077
vt 0.4726 0.6976
vt 0.4775 0.6894
vt 0.4778 0.6888
vt 0.4726 0.6976
vt 0.4782 0.6883
vt 0.4872 0.6820
vt 0.4878 0.6816
vt 0.4782 0.6883
vt 0.4885 0.6811
vt 0.5003 0.6777
vt 0.5011 0.6775
vt 0.4885 0.6811
vt 0.5019 0.6773
vt 0.5147 0.6773
vt 0.5156 0.6773
vt 0.5019 0.6773
vt 0.5165 0.6773
vt 0.5283 0.6807
vt 0.5291 0.6809
vt 0.5165 0.6773
vt 0.5299 0.6811
vt 0.5390 0.6874
vt 0.5396 0.6879
vt 0.5299 0.6811
vt 0.5402 0.6883
vt 0.5451 0.6965
vt 0.5455 0.6971
vt 0.5402 0.6883
vt 0.5458 0.6976
vt 0.5458 0.7065
vt 0.5458 0.7071
vt 0.5458 0.6976
vt 0.5458 0.7077
vt 0.5458 0.7077
vt 0.5458 0.7077
vt 0.5458 0.7077
vt 0.5402 0.7171
vt 0.5318 0.7223
vt 0.5308 0.7232
vt 0.5402 0.7171
vn -0.5325 0.7057 -0.4673
vn -0.2894 0.9229 -0.2540
vn -0.6947 0.3817 -0.6097
vn -0.7516 0.0000 -0.6596
vn -0.6947 -0.3817 -0.6097
vn -0.5325 -0.7057 -0.4673
vn -0.2894 -0.9229 -0.2540
vn -0.0020 -1.0000 -0.0018
vn 0.2860 -0.9248 0.2510
vn 0.5305 -0.7084 0.4656
vn 0.6941 -0.3836 0.6092
vn 0.7516 0.0000 0.6596
vn 0.6941 0.3836 0.6092
vn 0.5305 0.7084 0.4656
vn 0.2860 0.9248 0.2510
vn -0.0020 1.0000 -0.0018
usemtl None
s 1
f 675/1344/425 674/1345/426 673/1346/426 676/1347/425
f 677/1348/427 675/1349/425 676/1350/425 678/1351/427
f 679/1352/428 677/1353/427 678/1354/427 680/1355/428
f 681/1356/429 679/1357/428 680/1358/428 682/1359/429
f 683/1360/430 681/1361/429 682/1362/429 684/1363/430
f 685/1364/431 683/1365/430 684/1366/430 686/1367/431
f 687/1368/432 685/1369/431 686/1370/431 688/1371/432
f 689/1372/433 687/1373/432 688/1374/432 690/1375/433
f 691/1376/434 689/1377/433 690/1378/433 692/1379/434
f 693/1380/435 691/1381/434 692/1382/434 694/1383/435
f 695/1384/436 693/1385/435 694/1386/435 696/1387/436
f 697/1388/437 695/1389/436 696/1390/436 698/1391/437
f 699/1392/438 697/1393/437 698/1394/437 700/1395/438
f 701/1396/439 699/1397/438 700/1398/438 702/1399/439
f 703/1400/440 701/1401/439 702/1402/439 704/1403/440
f 674/1404/426 703/1405/440 704/1406/440 673/1407/426
o Circle.016
v 16.219801 0.804882 -21.557875
v 15.280631 0.804882 -20.389917
v 15.195782 0.733347 -20.455198
v 16.137835 0.733347 -21.626743
v 15.139085 0.626287 -20.498819
v 16.083061 0.626287 -21.672760
v 15.119175 0.500002 -20.514137
v 16.063831 0.500001 -21.688919
v 15.139084 0.373716 -20.498821
v 16.083061 0.373716 -21.672762
v 15.195783 0.266657 -20.455198
v 16.137833 0.266656 -21.626743
v 15.280634 0.195122 -20.389917
v 16.219801 0.195121 -21.557875
v 15.380725 0.170002 -20.312910
v 16.316490 0.170001 -21.476637
v 15.480818 0.195122 -20.235903
v 16.413179 0.195121 -21.395401
v 15.565666 0.266657 -20.170622
v 16.495146 0.266656 -21.326534
v 15.622364 0.373716 -20.127003
v 16.549917 0.373716 -21.280518
v 15.642273 0.500002 -20.111683
v 16.569151 0.500001 -21.264359
v 15.622364 0.626287 -20.127003
v 16.549915 0.626287 -21.280518
v 15.565666 0.733347 -20.170622
v 16.495148 0.733347 -21.326532
v 15.480815 0.804882 -20.235905
v 16.413177 0.804882 -21.395403
v 15.380723 0.830002 -20.312912
v 16.316490 0.830002 -21.476639
vt 0.5299 0.7242
vt 0.5188 0.7274
vt 0.5180 0.7276
vt 0.5299 0.7242
vt 0.5165 0.7281
vt 0.5045 0.7281
vt 0.5036 0.7281
vt 0.5165 0.7281
vt 0.5019 0.7281
vt 0.4908 0.7249
vt 0.4900 0.7247
vt 0.5019 0.7281
vt 0.4885 0.7242
vt 0.4800 0.7183
vt 0.4794 0.7179
vt 0.4885 0.7242
vt 0.4782 0.7171
vt 0.4736 0.7094
vt 0.4732 0.7088
vt 0.4782 0.7171
vt 0.4726 0.7077
vt 0.4726 0.6994
vt 0.4726 0.6988
vt 0.4726 0.7077
vt 0.4726 0.6976
vt 0.4772 0.6899
vt 0.4775 0.6894
vt 0.4726 0.6976
vt 0.4782 0.6883
vt 0.4866 0.6824
vt 0.4872 0.6820
vt 0.4782 0.6883
vt 0.4885 0.6811
vt 0.4995 0.6780
vt 0.5003 0.6777
vt 0.4885 0.6811
vt 0.5019 0.6773
vt 0.5139 0.6773
vt 0.5147 0.6773
vt 0.5019 0.6773
vt 0.5165 0.6773
vt 0.5275 0.6805
vt 0.5283 0.6807
vt 0.5165 0.6773
vt 0.5299 0.6811
vt 0.5384 0.6870
vt 0.5390 0.6874
vt 0.5299 0.6811
vt 0.5402 0.6883
vt 0.5448 0.6960
vt 0.5451 0.6965
vt 0.5402 0.6883
vt 0.5458 0.6976
vt 0.5458 0.7059
vt 0.5458 0.7065
vt 0.5458 0.6976
vt 0.5458 0.7077
vt 0.5458 0.7077
vt 0.5458 0.7077
vt 0.5458 0.7077
vt 0.5402 0.7171
vt 0.5327 0.7213
vt 0.5318 0.7223
vt 0.5402 0.7171
vn -0.5521 0.7057 -0.4440
vn -0.3001 0.9229 -0.2413
vn -0.5522 0.7057 -0.4440
vn -0.7203 0.3817 -0.5792
vn -0.7793 0.0000 -0.6266
vn -0.7203 -0.3817 -0.5792
vn -0.5521 -0.7057 -0.4440
vn -0.3001 -0.9229 -0.2413
vn -0.0021 -1.0000 -0.0017
vn 0.2965 -0.9248 0.2384
vn 0.5501 -0.7084 0.4423
vn 0.7197 -0.3836 0.5787
vn 0.7793 -0.0000 0.6266
vn 0.7197 0.3836 0.5787
vn 0.5501 0.7084 0.4423
vn 0.2965 0.9248 0.2384
vn -0.0021 1.0000 -0.0017
usemtl None
s 1
f 707/1408/441 706/1409/442 705/1410/442 708/1411/443
f 709/1412/444 707/1413/441 708/1414/443 710/1415/444
f 711/1416/445 709/1417/444 710/1418/444 712/1419/445
f 713/1420/446 711/1421/445 712/1422/445 714/1423/446
f 715/1424/447 713/1425/446 714/1426/446 716/1427/447
f 717/1428/448 715/1429/447 716/1430/447 718/1431/448
f 719/1432/449 717/1433/448 718/1434/448 720/1435/449
f 721/1436/450 719/1437/449 720/1438/449 722/1439/450
f 723/1440/451 721/1441/450 722/1442/450 724/1443/451
f 725/1444/452 723/1445/451 724/1446/451 726/1447/452
f 727/1448/453 725/1449/452 726/1450/452 728/1451/453
f 729/1452/454 727/1453/453 728/1454/453 730/1455/454
f 731/1456/455 729/1457/454 730/1458/454 732/1459/455
f 733/1460/456 731/1461/455 732/1462/455 734/1463/456
f 735/1464/457 733/1465/456 734/1466/456 736/1467/457
f 706/1468/442 735/1469/457 736/1470/457 705/1471/442
o Circle.015
v 15.280631 0.804882 -20.389917
v 14.391381 0.804883 -19.181276
v 14.303807 0.733348 -19.242855
v 15.195782 0.733347 -20.455198
v 14.245288 0.626288 -19.284000
v 15.139085 0.626287 -20.498819
v 14.224741 0.500002 -19.298450
v 15.119175 0.500002 -20.514137
v 14.245288 0.373717 -19.284004
v 15.139084 0.373716 -20.498821
v 14.303808 0.266657 -19.242855
v 15.195783 0.266657 -20.455198
v 14.391382 0.195122 -19.181276
v 15.280634 0.195122 -20.389917
v 14.494686 0.170002 -19.108639
v 15.380725 0.170002 -20.312910
v 14.597993 0.195122 -19.035999
v 15.480818 0.195122 -20.235903
v 14.685566 0.266657 -18.974419
v 15.565666 0.266657 -20.170622
v 14.744082 0.373717 -18.933273
v 15.622364 0.373716 -20.127003
v 14.764630 0.500002 -18.918823
v 15.642273 0.500002 -20.111683
v 14.744081 0.626288 -18.933273
v 15.622364 0.626287 -20.127003
v 14.685569 0.733348 -18.974419
v 15.565666 0.733347 -20.170622
v 14.597992 0.804883 -19.035999
v 15.480815 0.804882 -20.235905
v 14.494686 0.830002 -19.108639
v 15.380723 0.830002 -20.312912
vt 0.5299 0.7242
vt 0.5196 0.7272
vt 0.5188 0.7274
vt 0.5299 0.7242
vt 0.5165 0.7281
vt 0.5053 0.7281
vt 0.5045 0.7281
vt 0.5165 0.7281
vt 0.5019 0.7281
vt 0.4916 0.7251
vt 0.4908 0.7249
vt 0.5019 0.7281
vt 0.4885 0.7242
vt 0.4806 0.7187
vt 0.4800 0.7183
vt 0.4885 0.7242
vt 0.4782 0.7171
vt 0.4739 0.7099
vt 0.4736 0.7094
vt 0.4782 0.7171
vt 0.4726 0.7077
vt 0.4726 0.7000
vt 0.4726 0.6994
vt 0.4726 0.7077
vt 0.4726 0.6976
vt 0.4768 0.6905
vt 0.4772 0.6899
vt 0.4726 0.6976
vt 0.4782 0.6883
vt 0.4860 0.6828
vt 0.4866 0.6824
vt 0.4782 0.6883
vt 0.4885 0.6811
vt 0.4987 0.6782
vt 0.4995 0.6780
vt 0.4885 0.6811
vt 0.5019 0.6773
vt 0.5130 0.6773
vt 0.5139 0.6773
vt 0.5019 0.6773
vt 0.5165 0.6773
vt 0.5267 0.6802
vt 0.5275 0.6805
vt 0.5165 0.6773
vt 0.5299 0.6811
vt 0.5378 0.6866
vt 0.5384 0.6870
vt 0.5299 0.6811
vt 0.5402 0.6883
vt 0.5445 0.6954
vt 0.5448 0.6960
vt 0.5402 0.6883
vt 0.5458 0.6976
vt 0.5458 0.7053
vt 0.5458 0.7059
vt 0.5458 0.6976
vt 0.5458 0.7077
vt 0.5458 0.7077
vt 0.5458 0.7077
vt 0.5458 0.7077
vt 0.5402 0.7171
vt 0.5336 0.7203
vt 0.5327 0.7213
vt 0.5402 0.7171
vn -0.5707 0.7057 -0.4199
vn -0.3101 0.9229 -0.2282
vn -0.7445 0.3817 -0.5478
vn -0.8055 0.0000 -0.5926
vn -0.7445 -0.3817 -0.5478
vn -0.5707 -0.7057 -0.4199
vn -0.3101 -0.9229 -0.2282
vn -0.0022 -1.0000 -0.0016
vn -0.0021 -1.0000 -0.0016
vn 0.3065 -0.9248 0.2255
vn 0.5685 -0.7084 0.4183
vn 0.7439 -0.3836 0.5473
vn 0.8055 0.0000 0.5926
vn 0.7439 0.3836 0.5473
vn 0.5686 0.7084 0.4183
vn 0.3065 0.9248 0.2255
vn -0.0022 1.0000 -0.0016
vn -0.0021 1.0000 -0.0016
usemtl None
s 1
f 739/1472/458 738/1473/459 737/1474/459 740/1475/458
f 741/1476/460 739/1477/458 740/1478/458 742/1479/460
f 743/1480/461 741/1481/460 742/1482/460 744/1483/461
f 745/1484/462 743/1485/461 744/1486/461 746/1487/462
f 747/1488/463 745/1489/462 746/1490/462 748/1491/463
f 749/1492/464 747/1493/463 748/1494/463 750/1495/464
f 751/1496/465 749/1497/464 750/1498/464 752/1499/466
f 753/1500/467 751/1501/465 752/1502/466 754/1503/467
f 755/1504/468 753/1505/467 754/1506/467 756/1507/468
f 757/1508/469 755/1509/468 756/1510/468 758/1511/469
f 759/1512/470 757/1513/469 758/1514/469 760/1515/470
f 761/1516/471 759/1517/470 760/1518/470 762/1519/471
f 763/1520/472 761/1521/471 762/1522/471 764/1523/472
f 765/1524/473 763/1525/472 764/1526/472 766/1527/473
f 767/1528/474 765/1529/473 766/1530/473 768/1531/475
f 738/1532/459 767/1533/474 768/1534/475 737/1535/459
o Circle.014
v 14.391381 0.804883 -19.181276
v 13.554236 0.804883 -17.934664
v 13.464092 0.733348 -17.992418
v 14.303807 0.733348 -19.242855
v 13.403859 0.626288 -18.031010
v 14.245288 0.626288 -19.284000
v 13.382710 0.500002 -18.044559
v 14.224741 0.500002 -19.298450
v 13.403859 0.373717 -18.031010
v 14.245288 0.373717 -19.284004
v 13.464095 0.266657 -17.992416
v 14.303808 0.266657 -19.242855
v 13.554236 0.195122 -17.934664
v 14.391382 0.195122 -19.181276
v 13.660571 0.170002 -17.866535
v 14.494686 0.170002 -19.108639
v 13.766904 0.195122 -17.798407
v 14.597993 0.195122 -19.035999
v 13.857048 0.266657 -17.740654
v 14.685566 0.266657 -18.974419
v 13.917278 0.373717 -17.702061
v 14.744082 0.373717 -18.933273
v 13.938431 0.500002 -17.688511
v 14.764630 0.500002 -18.918823
v 13.917281 0.626288 -17.702063
v 14.744081 0.626288 -18.933273
v 13.857048 0.733348 -17.740654
v 14.685569 0.733348 -18.974419
v 13.766904 0.804883 -17.798407
v 14.597992 0.804883 -19.035999
v 13.660570 0.830002 -17.866535
v 14.494686 0.830002 -19.108639
vt 0.5299 0.7242
vt 0.5204 0.7269
vt 0.5196 0.7272
vt 0.5299 0.7242
vt 0.5165 0.7281
vt 0.5062 0.7281
vt 0.5053 0.7281
vt 0.5165 0.7281
vt 0.5019 0.7281
vt 0.4924 0.7253
vt 0.4916 0.7251
vt 0.5019 0.7281
vt 0.4885 0.7242
vt 0.4812 0.7192
vt 0.4806 0.7187
vt 0.4885 0.7242
vt 0.4782 0.7171
vt 0.4742 0.7105
vt 0.4739 0.7099
vt 0.4782 0.7171
vt 0.4726 0.7077
vt 0.4726 0.7006
vt 0.4726 0.7000
vt 0.4726 0.7077
vt 0.4726 0.6976
vt 0.4765 0.6910
vt 0.4768 0.6905
vt 0.4726 0.6976
vt 0.4782 0.6883
vt 0.4854 0.6832
vt 0.4860 0.6828
vt 0.4782 0.6883
vt 0.4885 0.6811
vt 0.4979 0.6784
vt 0.4987 0.6782
vt 0.4885 0.6811
vt 0.5019 0.6773
vt 0.5122 0.6773
vt 0.5130 0.6773
vt 0.5019 0.6773
vt 0.5165 0.6773
vt 0.5260 0.6800
vt 0.5267 0.6802
vt 0.5165 0.6773
vt 0.5299 0.6811
vt 0.5372 0.6862
vt 0.5378 0.6866
vt 0.5299 0.6811
vt 0.5402 0.6883
vt 0.5441 0.6949
vt 0.5445 0.6954
vt 0.5402 0.6883
vt 0.5458 0.6976
vt 0.5458 0.7048
vt 0.5458 0.7053
vt 0.5458 0.6976
vt 0.5458 0.7077
vt 0.5458 0.7077
vt 0.5458 0.7077
vt 0.5458 0.7077
vt 0.5402 0.7171
vt 0.5346 0.7194
vt 0.5336 0.7203
vt 0.5402 0.7171
vn -0.5882 0.7057 -0.3950
vn -0.3197 0.9229 -0.2147
vn -0.3196 0.9229 -0.2147
vn -0.7673 0.3817 -0.5153
vn -0.8302 0.0000 -0.5575
vn -0.7673 -0.3817 -0.5153
vn -0.5882 -0.7057 -0.3950
vn -0.3197 -0.9229 -0.2147
vn -0.0022 -1.0000 -0.0015
vn 0.3159 -0.9248 0.2121
vn 0.5860 -0.7084 0.3935
vn 0.7667 -0.3836 0.5149
vn 0.8302 0.0000 0.5575
vn 0.7667 0.3835 0.5149
vn 0.5860 0.7084 0.3935
vn 0.3159 0.9248 0.2121
vn -0.0022 1.0000 -0.0015
usemtl None
s 1
f 771/1536/476 770/1537/477 769/1538/478 772/1539/476
f 773/1540/479 771/1541/476 772/1542/476 774/1543/479
f 775/1544/480 773/1545/479 774/1546/479 776/1547/480
f 777/1548/481 775/1549/480 776/1550/480 778/1551/481
f 779/1552/482 777/1553/481 778/1554/481 780/1555/482
f 781/1556/483 779/1557/482 780/1558/482 782/1559/483
f 783/1560/484 781/1561/483 782/1562/483 784/1563/484
f 785/1564/485 783/1565/484 784/1566/484 786/1567/485
f 787/1568/486 785/1569/485 786/1570/485 788/1571/486
f 789/1572/487 787/1573/486 788/1574/486 790/1575/487
f 791/1576/488 789/1577/487 790/1578/487 792/1579/488
f 793/1580/489 791/1581/488 792/1582/488 794/1583/489
f 795/1584/490 793/1585/489 794/1586/489 796/1587/490
f 797/1588/491 795/1589/490 796/1590/490 798/1591/491
f 799/1592/492 797/1593/491 798/1594/491 800/1595/492
f 770/1596/477 799/1597/492 800/1598/492 769/1599/478
o Circle.013
v 13.554236 0.804883 -17.934664
v 12.771390 0.804883 -16.652782
v 12.678832 0.733348 -16.706583
v 13.464092 0.733348 -17.992418
v 12.616987 0.626288 -16.742535
v 13.403859 0.626288 -18.031010
v 12.595270 0.500003 -16.755157
v 13.382710 0.500002 -18.044559
v 12.616984 0.373717 -16.742535
v 13.403859 0.373717 -18.031010
v 12.678834 0.266657 -16.706583
v 13.464095 0.266657 -17.992416
v 12.771390 0.195122 -16.652782
v 13.554236 0.195122 -17.934664
v 12.880572 0.170002 -16.589317
v 13.660571 0.170002 -17.866535
v 12.989752 0.195122 -16.525852
v 13.766904 0.195122 -17.798407
v 13.082310 0.266657 -16.472050
v 13.857048 0.266657 -17.740654
v 13.144156 0.373717 -16.436100
v 13.917278 0.373717 -17.702061
v 13.165871 0.500002 -16.423475
v 13.938431 0.500002 -17.688511
v 13.144157 0.626288 -16.436100
v 13.917281 0.626288 -17.702063
v 13.082310 0.733348 -16.472050
v 13.857048 0.733348 -17.740654
v 12.989753 0.804883 -16.525852
v 13.766904 0.804883 -17.798407
v 12.880572 0.830003 -16.589317
v 13.660570 0.830002 -17.866535
vt 0.5299 0.7242
vt 0.5212 0.7267
vt 0.5204 0.7269
vt 0.5299 0.7242
vt 0.5165 0.7281
vt 0.5070 0.7281
vt 0.5062 0.7281
vt 0.5165 0.7281
vt 0.5019 0.7281
vt 0.4932 0.7256
vt 0.4924 0.7253
vt 0.5019 0.7281
vt 0.4885 0.7242
vt 0.4818 0.7196
vt 0.4812 0.7192
vt 0.4885 0.7242
vt 0.4782 0.7171
vt 0.4746 0.7110
vt 0.4742 0.7105
vt 0.4782 0.7171
vt 0.4726 0.7077
vt 0.4726 0.7012
vt 0.4726 0.7006
vt 0.4726 0.7077
vt 0.4726 0.6976
vt 0.4762 0.6916
vt 0.4765 0.6910
vt 0.4726 0.6976
vt 0.4782 0.6883
vt 0.4848 0.6837
vt 0.4854 0.6832
vt 0.4782 0.6883
vt 0.4885 0.6811
vt 0.4972 0.6786
vt 0.4979 0.6784
vt 0.4885 0.6811
vt 0.5019 0.6773
vt 0.5113 0.6773
vt 0.5122 0.6773
vt 0.5019 0.6773
vt 0.5165 0.6773
vt 0.5252 0.6798
vt 0.5260 0.6800
vt 0.5165 0.6773
vt 0.5299 0.6811
vt 0.5366 0.6858
vt 0.5372 0.6862
vt 0.5299 0.6811
vt 0.5402 0.6883
vt 0.5438 0.6943
vt 0.5441 0.6949
vt 0.5402 0.6883
vt 0.5458 0.6976
vt 0.5458 0.7042
vt 0.5458 0.7048
vt 0.5458 0.6976
vt 0.5458 0.7077
vt 0.5458 0.7077
vt 0.5458 0.7077
vt 0.5458 0.7077
vt 0.5402 0.7171
vt 0.5355 0.7184
vt 0.5346 0.7194
vt 0.5402 0.7171
vn -0.6047 0.7057 -0.3693
vn -0.3286 0.9229 -0.2007
vn -0.7888 0.3817 -0.4817
vn -0.8534 0.0000 -0.5212
vn -0.7888 -0.3817 -0.4817
vn -0.6047 -0.7057 -0.3693
vn -0.3286 -0.9229 -0.2007
vn -0.0023 -1.0000 -0.0014
vn 0.3247 -0.9248 0.1983
vn 0.6024 -0.7084 0.3679
vn 0.7882 -0.3836 0.4813
vn 0.8534 -0.0000 0.5212
vn 0.7882 0.3836 0.4813
vn 0.6024 0.7084 0.3679
vn 0.3247 0.9248 0.1983
vn -0.0023 1.0000 -0.0014
usemtl None
s 1
f 803/1600/493 802/1601/494 801/1602/494 804/1603/493
f 805/1604/495 803/1605/493 804/1606/493 806/1607/495
f 807/1608/496 805/1609/495 806/1610/495 808/1611/496
f 809/1612/497 807/1613/496 808/1614/496 810/1615/497
f 811/1616/498 809/1617/497 810/1618/497 812/1619/498
f 813/1620/499 811/1621/498 812/1622/498 814/1623/499
f 815/1624/500 813/1625/499 814/1626/499 816/1627/500
f 817/1628/501 815/1629/500 816/1630/500 818/1631/501
f 819/1632/502 817/1633/501 818/1634/501 820/1635/502
f 821/1636/503 819/1637/502 820/1638/502 822/1639/503
f 823/1640/504 821/1641/503 822/1642/503 824/1643/504
f 825/1644/505 823/1645/504 824/1646/504 826/1647/505
f 827/1648/506 825/1649/505 826/1650/505 828/1651/506
f 829/1652/507 827/1653/506 828/1654/506 830/1655/507
f 831/1656/508 829/1657/507 830/1658/507 832/1659/508
f 802/1660/494 831/1661/508 832/1662/508 801/1663/494
o Circle.012
v 12.771390 0.804883 -16.652782
v 12.045040 0.804883 -15.338351
v 11.950224 0.733348 -15.388064
v 12.678832 0.733348 -16.706583
v 11.886869 0.626288 -15.421283
v 12.616987 0.626288 -16.742535
v 11.864622 0.500002 -15.432946
v 12.595270 0.500003 -16.755157
v 11.886868 0.373717 -15.421283
v 12.616984 0.373717 -16.742535
v 11.950224 0.266657 -15.388064
v 12.678834 0.266657 -16.706583
v 12.045040 0.195122 -15.338351
v 12.771390 0.195122 -16.652782
v 12.156884 0.170002 -15.279710
v 12.880572 0.170002 -16.589317
v 12.268730 0.195122 -15.221067
v 12.989752 0.195122 -16.525852
v 12.363547 0.266657 -15.171354
v 13.082310 0.266657 -16.472050
v 12.426903 0.373717 -15.138137
v 13.144156 0.373717 -16.436100
v 12.449149 0.500002 -15.126472
v 13.165871 0.500002 -16.423475
v 12.426903 0.626288 -15.138137
v 13.144157 0.626288 -16.436100
v 12.363549 0.733348 -15.171354
v 13.082310 0.733348 -16.472050
v 12.268730 0.804883 -15.221067
v 12.989753 0.804883 -16.525852
v 12.156887 0.830002 -15.279709
v 12.880572 0.830003 -16.589317
vt 0.5299 0.7242
vt 0.5220 0.7265
vt 0.5212 0.7267
vt 0.5299 0.7242
vt 0.5165 0.7281
vt 0.5079 0.7281
vt 0.5070 0.7281
vt 0.5165 0.7281
vt 0.5019 0.7281
vt 0.4940 0.7258
vt 0.4932 0.7256
vt 0.5019 0.7281
vt 0.4885 0.7242
vt 0.4824 0.7200
vt 0.4818 0.7196
vt 0.4885 0.7242
vt 0.4782 0.7171
vt 0.4749 0.7116
vt 0.4746 0.7110
vt 0.4782 0.7171
vt 0.4726 0.7077
vt 0.4726 0.7018
vt 0.4726 0.7012
vt 0.4726 0.7077
vt 0.4726 0.6976
vt 0.4759 0.6921
vt 0.4762 0.6916
vt 0.4726 0.6976
vt 0.4782 0.6883
vt 0.4842 0.6841
vt 0.4848 0.6837
vt 0.4782 0.6883
vt 0.4885 0.6811
vt 0.4964 0.6789
vt 0.4972 0.6786
vt 0.4885 0.6811
vt 0.5019 0.6773
vt 0.5105 0.6773
vt 0.5113 0.6773
vt 0.5019 0.6773
vt 0.5165 0.6773
vt 0.5244 0.6796
vt 0.5252 0.6798
vt 0.5165 0.6773
vt 0.5299 0.6811
vt 0.5360 0.6853
vt 0.5366 0.6858
vt 0.5299 0.6811
vt 0.5402 0.6883
vt 0.5435 0.6938
vt 0.5438 0.6943
vt 0.5402 0.6883
vt 0.5458 0.6976
vt 0.5458 0.7036
vt 0.5458 0.7042
vt 0.5458 0.6976
vt 0.5458 0.7077
vt 0.5458 0.7077
vt 0.5458 0.7077
vt 0.5458 0.7077
vt 0.5402 0.7171
vt 0.5364 0.7174
vt 0.5355 0.7184
vt 0.5402 0.7171
vn -0.6202 0.7057 -0.3427
vn -0.3370 0.9229 -0.1862
vn -0.6201 0.7057 -0.3427
vn -0.8090 0.3816 -0.4471
vn -0.8090 0.3817 -0.4471
vn -0.8753 0.0000 -0.4837
vn -0.8090 -0.3816 -0.4471
vn -0.8090 -0.3817 -0.4471
vn -0.6202 -0.7057 -0.3427
vn -0.6201 -0.7057 -0.3427
vn -0.3370 -0.9229 -0.1863
vn -0.3370 -0.9229 -0.1862
vn -0.0024 -1.0000 -0.0013
vn 0.3330 -0.9248 0.1840
vn 0.6178 -0.7084 0.3414
vn 0.8083 -0.3836 0.4467
vn 0.8753 -0.0000 0.4837
vn 0.8083 0.3836 0.4467
vn 0.6178 0.7084 0.3414
vn 0.3330 0.9248 0.1840
vn -0.0024 1.0000 -0.0013
usemtl None
s 1
f 835/1664/509 834/1665/510 833/1666/510 836/1667/511
f 837/1668/512 835/1669/509 836/1670/511 838/1671/513
f 839/1672/514 837/1673/512 838/1674/513 840/1675/514
f 841/1676/515 839/1677/514 840/1678/514 842/1679/516
f 843/1680/517 841/1681/515 842/1682/516 844/1683/518
f 845/1684/519 843/1685/517 844/1686/518 846/1687/520
f 847/1688/521 845/1689/519 846/1690/520 848/1691/521
f 849/1692/522 847/1693/521 848/1694/521 850/1695/522
f 851/1696/523 849/1697/522 850/1698/522 852/1699/523
f 853/1700/524 851/1701/523 852/1702/523 854/1703/524
f 855/1704/525 853/1705/524 854/1706/524 856/1707/525
f 857/1708/526 855/1709/525 856/1710/525 858/1711/526
f 859/1712/527 857/1713/526 858/1714/526 860/1715/527
f 861/1716/528 859/1717/527 860/1718/527 862/1719/528
f 863/1720/529 861/1721/528 862/1722/528 864/1723/529
f 834/1724/510 863/1725/529 864/1726/529 833/1727/510
o Circle.011
v 12.045040 0.804883 -15.338351
v 11.377379 0.804883 -13.994075
v 11.280463 0.733348 -14.039555
v 11.950224 0.733348 -15.388064
v 11.215704 0.626288 -14.069944
v 11.886869 0.626288 -15.421283
v 11.192963 0.500002 -14.080616
v 11.864622 0.500002 -15.432946
v 11.215701 0.373717 -14.069945
v 11.886868 0.373717 -15.421283
v 11.280464 0.266657 -14.039556
v 11.950224 0.266657 -15.388064
v 11.377382 0.195122 -13.994075
v 12.045040 0.195122 -15.338351
v 11.491703 0.170002 -13.940426
v 12.156884 0.170002 -15.279710
v 11.606027 0.195122 -13.886776
v 12.268730 0.195122 -15.221067
v 11.702946 0.266657 -13.841296
v 12.363547 0.266657 -15.171354
v 11.767705 0.373717 -13.810906
v 12.426903 0.373717 -15.138137
v 11.790445 0.500002 -13.800234
v 12.449149 0.500002 -15.126472
v 11.767706 0.626288 -13.810906
v 12.426903 0.626288 -15.138137
v 11.702946 0.733348 -13.841295
v 12.363549 0.733348 -15.171354
v 11.606030 0.804883 -13.886776
v 12.268730 0.804883 -15.221067
v 11.491704 0.830002 -13.940426
v 12.156887 0.830002 -15.279709
vt 0.5299 0.7242
vt 0.5228 0.7262
vt 0.5220 0.7265
vt 0.5299 0.7242
vt 0.5165 0.7281
vt 0.5088 0.7281
vt 0.5079 0.7281
vt 0.5165 0.7281
vt 0.5019 0.7281
vt 0.4948 0.7260
vt 0.4940 0.7258
vt 0.5019 0.7281
vt 0.4885 0.7242
vt 0.4830 0.7204
vt 0.4824 0.7200
vt 0.4885 0.7242
vt 0.4782 0.7171
vt 0.4752 0.7121
vt 0.4749 0.7116
vt 0.4782 0.7171
vt 0.4726 0.7077
vt 0.4726 0.7024
vt 0.4726 0.7018
vt 0.4726 0.7077
vt 0.4726 0.6976
vt 0.4755 0.6927
vt 0.4759 0.6921
vt 0.4726 0.6976
vt 0.4782 0.6883
vt 0.4836 0.6845
vt 0.4842 0.6841
vt 0.4782 0.6883
vt 0.4885 0.6811
vt 0.4956 0.6791
vt 0.4964 0.6789
vt 0.4885 0.6811
vt 0.5019 0.6773
vt 0.5096 0.6773
vt 0.5105 0.6773
vt 0.5019 0.6773
vt 0.5165 0.6773
vt 0.5236 0.6793
vt 0.5244 0.6796
vt 0.5165 0.6773
vt 0.5299 0.6811
vt 0.5354 0.6849
vt 0.5360 0.6853
vt 0.5299 0.6811
vt 0.5402 0.6883
vt 0.5432 0.6932
vt 0.5435 0.6938
vt 0.5402 0.6883
vt 0.5458 0.6976
vt 0.5458 0.7030
vt 0.5458 0.7036
vt 0.5458 0.6976
vt 0.5458 0.7077
vt 0.5458 0.7077
vt 0.5458 0.7077
vt 0.5458 0.7077
vt 0.5402 0.7171
vt 0.5374 0.7164
vt 0.5364 0.7174
vt 0.5402 0.7171
vn -0.6346 0.7056 -0.3152
vn -0.3449 0.9229 -0.1713
vn -0.6346 0.7057 -0.3152
vn -0.8278 0.3816 -0.4112
vn -0.8956 0.0000 -0.4448
vn -0.8278 -0.3816 -0.4112
vn -0.6346 -0.7056 -0.3152
vn -0.6346 -0.7057 -0.3152
vn -0.3449 -0.9229 -0.1713
vn -0.0025 -1.0000 -0.0012
vn -0.0024 -1.0000 -0.0012
vn 0.3407 -0.9248 0.1692
vn 0.6321 -0.7084 0.3140
vn 0.8271 -0.3836 0.4108
vn 0.8956 -0.0000 0.4448
vn 0.8271 0.3836 0.4108
vn 0.6321 0.7084 0.3140
vn 0.6322 0.7084 0.3140
vn 0.3407 0.9248 0.1692
vn -0.0025 1.0000 -0.0012
vn -0.0024 1.0000 -0.0012
usemtl None
s 1
f 867/1728/530 866/1729/531 865/1730/531 868/1731/532
f 869/1732/533 867/1733/530 868/1734/532 870/1735/533
f 871/1736/534 869/1737/533 870/1738/533 872/1739/534
f 873/1740/535 871/1741/534 872/1742/534 874/1743/535
f 875/1744/536 873/1745/535 874/1746/535 876/1747/537
f 877/1748/538 875/1749/536 876/1750/537 878/1751/538
f 879/1752/539 877/1753/538 878/1754/538 880/1755/540
f 881/1756/541 879/1757/539 880/1758/540 882/1759/541
f 883/1760/542 881/1761/541 882/1762/541 884/1763/542
f 885/1764/543 883/1765/542 884/1766/542 886/1767/543
f 887/1768/544 885/1769/543 886/1770/543 888/1771/544
f 889/1772/545 887/1773/544 888/1774/544 890/1775/545
f 891/1776/546 889/1777/545 890/1778/545 892/1779/547
f 893/1780/548 891/1781/546 892/1782/547 894/1783/548
f 895/1784/549 893/1785/548 894/1786/548 896/1787/550
f 866/1788/531 895/1789/549 896/1790/550 865/1791/531
o Circle.010
v 11.377379 0.804883 -13.994075
v 10.770614 0.804882 -12.622663
v 10.671757 0.733347 -12.663760
v 11.280463 0.733348 -14.039555
v 10.605704 0.626288 -12.691220
v 11.215704 0.626288 -14.069944
v 10.582507 0.500002 -12.700863
v 11.192963 0.500002 -14.080616
v 10.605701 0.373716 -12.691220
v 11.215701 0.373717 -14.069945
v 10.671759 0.266657 -12.663760
v 11.280464 0.266657 -14.039556
v 10.770614 0.195122 -12.622663
v 11.377382 0.195122 -13.994075
v 10.887223 0.170002 -12.574185
v 11.491703 0.170002 -13.940426
v 11.003835 0.195122 -12.525708
v 11.606027 0.195122 -13.886776
v 11.102694 0.266657 -12.484612
v 11.702946 0.266657 -13.841296
v 11.168748 0.373716 -12.457151
v 11.767705 0.373717 -13.810906
v 11.191942 0.500002 -12.447508
v 11.790445 0.500002 -13.800234
v 11.168749 0.626288 -12.457151
v 11.767706 0.626288 -13.810906
v 11.102694 0.733347 -12.484612
v 11.702946 0.733348 -13.841295
v 11.003836 0.804882 -12.525708
v 11.606030 0.804883 -13.886776
v 10.887226 0.830002 -12.574185
v 11.491704 0.830002 -13.940426
vt 0.5299 0.7242
vt 0.5236 0.7260
vt 0.5228 0.7262
vt 0.5299 0.7242
vt 0.5165 0.7281
vt 0.5096 0.7281
vt 0.5088 0.7281
vt 0.5165 0.7281
vt 0.5019 0.7281
vt 0.4956 0.7262
vt 0.4948 0.7260
vt 0.5019 0.7281
vt 0.4885 0.7242
vt 0.4836 0.7208
vt 0.4830 0.7204
vt 0.4885 0.7242
vt 0.4782 0.7171
vt 0.4755 0.7127
vt 0.4752 0.7121
vt 0.4782 0.7171
vt 0.4726 0.7077
vt 0.4726 0.7030
vt 0.4726 0.7024
vt 0.4726 0.7077
vt 0.4726 0.6976
vt 0.4752 0.6932
vt 0.4755 0.6927
vt 0.4726 0.6976
vt 0.4782 0.6883
vt 0.4830 0.6849
vt 0.4836 0.6845
vt 0.4782 0.6883
vt 0.4885 0.6811
vt 0.4948 0.6793
vt 0.4956 0.6791
vt 0.4885 0.6811
vt 0.5019 0.6773
vt 0.5088 0.6773
vt 0.5096 0.6773
vt 0.5019 0.6773
vt 0.5165 0.6773
vt 0.5228 0.6791
vt 0.5236 0.6793
vt 0.5165 0.6773
vt 0.5299 0.6811
vt 0.5348 0.6845
vt 0.5354 0.6849
vt 0.5299 0.6811
vt 0.5402 0.6883
vt 0.5428 0.6927
vt 0.5432 0.6932
vt 0.5402 0.6883
vt 0.5458 0.6976
vt 0.5458 0.7024
vt 0.5458 0.7030
vt 0.5458 0.6976
vt 0.5458 0.7077
vt 0.5458 0.7077
vt 0.5458 0.7077
vt 0.5458 0.7077
vt 0.5402 0.7171
vt 0.5383 0.7155
vt 0.5374 0.7164
vt 0.5402 0.7171
vn -0.6480 0.7056 -0.2867
vn -0.3522 0.9229 -0.1558
vn -0.8453 0.3816 -0.3740
vn -0.9145 0.0000 -0.4046
vn -0.8453 -0.3816 -0.3740
vn -0.6480 -0.7056 -0.2867
vn -0.3522 -0.9229 -0.1558
vn -0.0026 -1.0000 -0.0011
vn -0.0025 -1.0000 -0.0011
vn 0.3478 -0.9248 0.1539
vn 0.3479 -0.9248 0.1539
vn 0.6454 -0.7084 0.2856
vn 0.6455 -0.7084 0.2856
vn 0.8445 -0.3836 0.3737
vn 0.9145 -0.0000 0.4046
vn 0.8445 0.3836 0.3737
vn 0.6454 0.7084 0.2856
vn 0.6455 0.7084 0.2856
vn 0.3478 0.9248 0.1539
vn 0.3479 0.9248 0.1539
vn -0.0026 1.0000 -0.0011
vn -0.0025 1.0000 -0.0011
usemtl None
s 1
f 899/1792/551 898/1793/552 897/1794/552 900/1795/551
f 901/1796/553 899/1797/551 900/1798/551 902/1799/553
f 903/1800/554 901/1801/553 902/1802/553 904/1803/554
f 905/1804/555 903/1805/554 904/1806/554 906/1807/555
f 907/1808/556 905/1809/555 906/1810/555 908/1811/556
f 909/1812/557 907/1813/556 908/1814/556 910/1815/557
f 911/1816/558 909/1817/557 910/1818/557 912/1819/559
f 913/1820/560 911/1821/558 912/1822/559 914/1823/561
f 915/1824/562 913/1825/560 914/1826/561 916/1827/563
f 917/1828/564 915/1829/562 916/1830/563 918/1831/564
f 919/1832/565 917/1833/564 918/1834/564 920/1835/565
f 921/1836/566 919/1837/565 920/1838/565 922/1839/566
f 923/1840/567 921/1841/566 922/1842/566 924/1843/568
f 925/1844/569 923/1845/567 924/1846/568 926/1847/570
f 927/1848/571 925/1849/569 926/1850/570 928/1851/572
f 898/1852/552 927/1853/571 928/1854/572 897/1855/552
o Circle.009
v 10.770614 0.804882 -12.622663
v 10.226945 0.804882 -11.226824
v 10.126322 0.733347 -11.263376
v 10.671757 0.733347 -12.663760
v 10.059085 0.626287 -11.287800
v 10.605704 0.626288 -12.691220
v 10.035474 0.500002 -11.296377
v 10.582507 0.500002 -12.700863
v 10.059080 0.373716 -11.287801
v 10.605701 0.373716 -12.691220
v 10.126323 0.266656 -11.263376
v 10.671759 0.266657 -12.663760
v 10.226945 0.195121 -11.226823
v 10.770614 0.195122 -12.622663
v 10.345642 0.170002 -11.183706
v 10.887223 0.170002 -12.574185
v 10.464339 0.195121 -11.140587
v 11.003835 0.195122 -12.525708
v 10.564964 0.266656 -11.104034
v 11.102694 0.266657 -12.484612
v 10.632202 0.373716 -11.079610
v 11.168748 0.373716 -12.457151
v 10.655812 0.500002 -11.071033
v 11.191942 0.500002 -12.447508
v 10.632202 0.626287 -11.079609
v 11.168749 0.626288 -12.457151
v 10.564966 0.733347 -11.104034
v 11.102694 0.733347 -12.484612
v 10.464339 0.804882 -11.140587
v 11.003836 0.804882 -12.525708
v 10.345642 0.830002 -11.183706
v 10.887226 0.830002 -12.574185
vt 0.5299 0.7242
vt 0.5244 0.7258
vt 0.5236 0.7260
vt 0.5299 0.7242
vt 0.5165 0.7281
vt 0.5105 0.7281
vt 0.5096 0.7281
vt 0.5165 0.7281
vt 0.5019 0.7281
vt 0.4964 0.7265
vt 0.4956 0.7262
vt 0.5019 0.7281
vt 0.4885 0.7242
vt 0.4842 0.7213
vt 0.4836 0.7208
vt 0.4885 0.7242
vt 0.4782 0.7171
vt 0.4759 0.7132
vt 0.4755 0.7127
vt 0.4782 0.7171
vt 0.4726 0.7077
vt 0.4726 0.7036
vt 0.4726 0.7030
vt 0.4726 0.7077
vt 0.4726 0.6976
vt 0.4749 0.6938
vt 0.4752 0.6932
vt 0.4726 0.6976
vt 0.4782 0.6883
vt 0.4824 0.6853
vt 0.4830 0.6849
vt 0.4782 0.6883
vt 0.4885 0.6811
vt 0.4940 0.6796
vt 0.4948 0.6793
vt 0.4885 0.6811
vt 0.5019 0.6773
vt 0.5079 0.6773
vt 0.5088 0.6773
vt 0.5019 0.6773
vt 0.5165 0.6773
vt 0.5220 0.6789
vt 0.5228 0.6791
vt 0.5165 0.6773
vt 0.5299 0.6811
vt 0.5342 0.6841
vt 0.5348 0.6845
vt 0.5299 0.6811
vt 0.5402 0.6883
vt 0.5425 0.6921
vt 0.5428 0.6927
vt 0.5402 0.6883
vt 0.5458 0.6976
vt 0.5458 0.7018
vt 0.5458 0.7024
vt 0.5458 0.6976
vt 0.5458 0.7077
vt 0.5458 0.7077
vt 0.5458 0.7077
vt 0.5458 0.7077
vt 0.5402 0.7171
vt 0.5392 0.7145
vt 0.5383 0.7155
vt 0.5402 0.7171
vn -0.6603 0.7056 -0.2572
vn -0.3589 0.9228 -0.1398
vn -0.3589 0.9229 -0.1398
vn -0.8613 0.3816 -0.3355
vn -0.9318 0.0000 -0.3629
vn -0.8613 -0.3816 -0.3355
vn -0.6603 -0.7056 -0.2572
vn -0.3589 -0.9228 -0.1398
vn -0.0027 -1.0000 -0.0010
vn -0.0026 -1.0000 -0.0010
vn 0.3544 -0.9249 0.1380
vn 0.3544 -0.9248 0.1381
vn 0.6576 -0.7084 0.2561
vn 0.6577 -0.7084 0.2562
vn 0.8605 -0.3836 0.3352
vn 0.9318 -0.0000 0.3629
vn 0.8605 0.3836 0.3352
vn 0.6576 0.7084 0.2561
vn 0.6577 0.7084 0.2562
vn 0.3544 0.9249 0.1380
vn 0.3544 0.9248 0.1381
vn -0.0027 1.0000 -0.0010
vn -0.0026 1.0000 -0.0010
usemtl None
s 1
f 931/1856/573 930/1857/574 929/1858/575 932/1859/573
f 933/1860/576 931/1861/573 932/1862/573 934/1863/576
f 935/1864/577 933/1865/576 934/1866/576 936/1867/577
f 937/1868/578 935/1869/577 936/1870/577 938/1871/578
f 939/1872/579 937/1873/578 938/1874/578 940/1875/579
f 941/1876/580 939/1877/579 940/1878/579 942/1879/580
f 943/1880/581 941/1881/580 942/1882/580 944/1883/582
f 945/1884/583 943/1885/581 944/1886/582 946/1887/584
f 947/1888/585 945/1889/583 946/1890/584 948/1891/586
f 949/1892/587 947/1893/585 948/1894/586 950/1895/587
f 951/1896/588 949/1897/587 950/1898/587 952/1899/588
f 953/1900/589 951/1901/588 952/1902/588 954/1903/589
f 955/1904/590 953/1905/589 954/1906/589 956/1907/591
f 957/1908/592 955/1909/590 956/1910/591 958/1911/593
f 959/1912/594 957/1913/592 958/1914/593 960/1915/595
f 930/1916/574 959/1917/594 960/1918/595 929/1919/575
o Circle.008
v 10.226945 0.804882 -11.226824
v 9.748576 0.804882 -9.809268
v 9.646364 0.733347 -9.841112
v 10.126322 0.733347 -11.263376
v 9.578068 0.626287 -9.862390
v 10.059085 0.626287 -11.287800
v 9.554085 0.500001 -9.869862
v 10.035474 0.500002 -11.296377
v 9.578064 0.373716 -9.862391
v 10.059080 0.373716 -11.287801
v 9.646364 0.266656 -9.841112
v 10.126323 0.266656 -11.263376
v 9.748577 0.195121 -9.809268
v 10.226945 0.195121 -11.226823
v 9.869146 0.170001 -9.771707
v 10.345642 0.170002 -11.183706
v 9.989717 0.195121 -9.734143
v 10.464339 0.195121 -11.140587
v 10.091931 0.266656 -9.702299
v 10.564964 0.266656 -11.104034
v 10.160228 0.373716 -9.681022
v 10.632202 0.373716 -11.079610
v 10.184210 0.500001 -9.673551
v 10.655812 0.500002 -11.071033
v 10.160228 0.626287 -9.681022
v 10.632202 0.626287 -11.079609
v 10.091931 0.733347 -9.702299
v 10.564966 0.733347 -11.104034
v 9.989717 0.804882 -9.734143
v 10.464339 0.804882 -11.140587
v 9.869146 0.830002 -9.771706
v 10.345642 0.830002 -11.183706
vt 0.5299 0.7242
vt 0.5252 0.7256
vt 0.5244 0.7258
vt 0.5299 0.7242
vt 0.5165 0.7281
vt 0.5113 0.7281
vt 0.5105 0.7281
vt 0.5165 0.7281
vt 0.5019 0.7281
vt 0.4972 0.7267
vt 0.4964 0.7265
vt 0.5019 0.7281
vt 0.4885 0.7242
vt 0.4848 0.7217
vt 0.4842 0.7213
vt 0.4885 0.7242
vt 0.4782 0.7171
vt 0.4762 0.7138
vt 0.4759 0.7132
vt 0.4782 0.7171
vt 0.4726 0.7077
vt 0.4726 0.7042
vt 0.4726 0.7036
vt 0.4726 0.7077
vt 0.4726 0.6976
vt 0.4746 0.6943
vt 0.4749 0.6938
vt 0.4726 0.6976
vt 0.4782 0.6883
vt 0.4818 0.6858
vt 0.4824 0.6853
vt 0.4782 0.6883
vt 0.4885 0.6811
vt 0.4932 0.6798
vt 0.4940 0.6796
vt 0.4885 0.6811
vt 0.5019 0.6773
vt 0.5070 0.6773
vt 0.5079 0.6773
vt 0.5019 0.6773
vt 0.5165 0.6773
vt 0.5212 0.6786
vt 0.5220 0.6789
vt 0.5165 0.6773
vt 0.5299 0.6811
vt 0.5335 0.6837
vt 0.5342 0.6841
vt 0.5299 0.6811
vt 0.5402 0.6883
vt 0.5422 0.6916
vt 0.5425 0.6921
vt 0.5402 0.6883
vt 0.5458 0.6976
vt 0.5458 0.7012
vt 0.5458 0.7018
vt 0.5458 0.6976
vt 0.5458 0.7077
vt 0.5458 0.7077
vt 0.5458 0.7077
vt 0.5458 0.7077
vt 0.5402 0.7171
vt 0.5402 0.7135
vt 0.5392 0.7145
vt 0.5402 0.7171
vn -0.6715 0.7056 -0.2266
vn -0.3650 0.9228 -0.1232
vn -0.6714 0.7056 -0.2266
vn -0.8758 0.3816 -0.2956
vn -0.8758 0.3816 -0.2955
vn -0.9475 0.0000 -0.3197
vn -0.8758 -0.3816 -0.2956
vn -0.8758 -0.3816 -0.2955
vn -0.6714 -0.7056 -0.2266
vn -0.3650 -0.9228 -0.1232
vn -0.0028 -1.0000 -0.0009
vn -0.0027 -1.0000 -0.0009
vn 0.3603 -0.9249 0.1216
vn 0.3604 -0.9249 0.1216
vn 0.6687 -0.7085 0.2257
vn 0.6687 -0.7084 0.2257
vn 0.8750 -0.3836 0.2953
vn 0.9475 -0.0000 0.3197
vn 0.8750 0.3836 0.2953
vn 0.6687 0.7085 0.2257
vn 0.6687 0.7084 0.2257
vn 0.3603 0.9249 0.1216
vn 0.3604 0.9249 0.1216
vn -0.0028 1.0000 -0.0009
vn -0.0027 1.0000 -0.0009
usemtl None
s 1
f 963/1920/596 962/1921/597 961/1922/597 964/1923/598
f 965/1924/599 963/1925/596 964/1926/598 966/1927/600
f 967/1928/601 965/1929/599 966/1930/600 968/1931/601
f 969/1932/602 967/1933/601 968/1934/601 970/1935/603
f 971/1936/604 969/1937/602 970/1938/603 972/1939/604
f 973/1940/605 971/1941/604 972/1942/604 974/1943/605
f 975/1944/606 973/1945/605 974/1946/605 976/1947/607
f 977/1948/608 975/1949/606 976/1950/607 978/1951/609
f 979/1952/610 977/1953/608 978/1954/609 980/1955/611
f 981/1956/612 979/1957/610 980/1958/611 982/1959/612
f 983/1960/613 981/1961/612 982/1962/612 984/1963/613
f 985/1964/614 983/1965/613 984/1966/613 986/1967/614
f 987/1968/615 985/1969/614 986/1970/614 988/1971/616
f 989/1972/617 987/1973/615 988/1974/616 990/1975/618
f 991/1976/619 989/1977/617 990/1978/618 992/1979/620
f 962/1980/597 991/1981/619 992/1982/620 961/1983/597
o Circle.007
v 9.748576 0.804882 -9.809268
v 9.337725 0.804881 -8.372709
v 9.234118 0.733346 -8.399672
v 9.646364 0.733347 -9.841112
v 9.164888 0.626287 -8.417687
v 9.578068 0.626287 -9.862390
v 9.140579 0.500001 -8.424015
v 9.554085 0.500001 -9.869862
v 9.164887 0.373716 -8.417689
v 9.578064 0.373716 -9.862391
v 9.234118 0.266656 -8.399672
v 9.646364 0.266656 -9.841112
v 9.337725 0.195121 -8.372709
v 9.748577 0.195121 -9.809268
v 9.459940 0.170001 -8.340904
v 9.869146 0.170001 -9.771707
v 9.582156 0.195121 -8.309099
v 9.989717 0.195121 -9.734143
v 9.685765 0.266656 -8.282135
v 10.091931 0.266656 -9.702299
v 9.754994 0.373716 -8.264120
v 10.160228 0.373716 -9.681022
v 9.779302 0.500001 -8.257793
v 10.184210 0.500001 -9.673551
v 9.754993 0.626287 -8.264119
v 10.160228 0.626287 -9.681022
v 9.685765 0.733346 -8.282135
v 10.091931 0.733347 -9.702299
v 9.582156 0.804881 -8.309099
v 9.989717 0.804882 -9.734143
v 9.459942 0.830001 -8.340904
v 9.869146 0.830002 -9.771706
vt 0.5299 0.7242
vt 0.5260 0.7253
vt 0.5252 0.7256
vt 0.5299 0.7242
vt 0.5165 0.7281
vt 0.5122 0.7281
vt 0.5113 0.7281
vt 0.5165 0.7281
vt 0.5019 0.7281
vt 0.4979 0.7269
vt 0.4972 0.7267
vt 0.5019 0.7281
vt 0.4885 0.7242
vt 0.4854 0.7221
vt 0.4848 0.7217
vt 0.4885 0.7242
vt 0.4782 0.7171
vt 0.4765 0.7143
vt 0.4762 0.7138
vt 0.4782 0.7171
vt 0.4726 0.7077
vt 0.4726 0.7048
vt 0.4726 0.7042
vt 0.4726 0.7077
vt 0.4726 0.6976
vt 0.4742 0.6949
vt 0.4746 0.6943
vt 0.4726 0.6976
vt 0.4782 0.6883
vt 0.4812 0.6862
vt 0.4818 0.6858
vt 0.4782 0.6883
vt 0.4885 0.6811
vt 0.4924 0.6800
vt 0.4932 0.6798
vt 0.4885 0.6811
vt 0.5019 0.6773
vt 0.5062 0.6773
vt 0.5070 0.6773
vt 0.5019 0.6773
vt 0.5165 0.6773
vt 0.5204 0.6784
vt 0.5212 0.6786
vt 0.5165 0.6773
vt 0.5299 0.6811
vt 0.5329 0.6832
vt 0.5335 0.6837
vt 0.5299 0.6811
vt 0.5402 0.6883
vt 0.5418 0.6910
vt 0.5422 0.6916
vt 0.5402 0.6883
vt 0.5458 0.6976
vt 0.5458 0.7006
vt 0.5458 0.7012
vt 0.5458 0.6976
vt 0.5458 0.7077
vt 0.5458 0.7077
vt 0.5458 0.7077
vt 0.5458 0.7077
vt 0.5402 0.7171
vt 0.5411 0.7126
vt 0.5402 0.7135
vt 0.5402 0.7171
vn -0.6814 0.7055 -0.1949
vn -0.3705 0.9228 -0.1060
vn -0.3704 0.9228 -0.1059
vn -0.6813 0.7055 -0.1949
vn -0.8887 0.3815 -0.2542
vn -0.8887 0.3816 -0.2542
vn -0.9615 0.0000 -0.2750
vn -0.8887 -0.3815 -0.2542
vn -0.8887 -0.3816 -0.2542
vn -0.6814 -0.7055 -0.1949
vn -0.6813 -0.7056 -0.1949
vn -0.3705 -0.9228 -0.1060
vn -0.3704 -0.9228 -0.1059
vn -0.0029 -1.0000 -0.0008
vn -0.0028 -1.0000 -0.0008
vn 0.3656 -0.9249 0.1046
vn 0.6785 -0.7085 0.1941
vn 0.8879 -0.3836 0.2539
vn 0.9615 0.0000 0.2750
vn 0.8879 0.3836 0.2539
vn 0.6785 0.7085 0.1941
vn 0.3656 0.9249 0.1046
vn -0.0029 1.0000 -0.0008
vn -0.0028 1.0000 -0.0008
usemtl None
s 1
f 995/1984/621 994/1985/622 993/1986/623 996/1987/624
f 997/1988/625 995/1989/621 996/1990/624 998/1991/626
f 999/1992/627 997/1993/625 998/1994/626 1000/1995/627
f 1001/1996/628 999/1997/627 1000/1998/627 1002/1999/629
f 1003/2000/630 1001/2001/628 1002/2002/629 1004/2003/631
f 1005/2004/632 1003/2005/630 1004/2006/631 1006/2007/633
f 1007/2008/634 1005/2009/632 1006/2010/633 1008/2011/635
f 1009/2012/636 1007/2013/634 1008/2014/635 1010/2015/636
f 1011/2016/637 1009/2017/636 1010/2018/636 1012/2019/637
f 1013/2020/638 1011/2021/637 1012/2022/637 1014/2023/638
f 1015/2024/639 1013/2025/638 1014/2026/638 1016/2027/639
f 1017/2028/640 1015/2029/639 1016/2030/639 1018/2031/640
f 1019/2032/641 1017/2033/640 1018/2034/640 1020/2035/641
f 1021/2036/642 1019/2037/641 1020/2038/641 1022/2039/642
f 1023/2040/643 1021/2041/642 1022/2042/642 1024/2043/644
f 994/2044/622 1023/2045/643 1024/2046/644 993/2047/623
o Circle.006
v 9.337725 0.804881 -8.372709
v 8.996598 0.804881 -6.919860
v 8.891805 0.733346 -6.941768
v 9.234118 0.733346 -8.399672
v 8.821785 0.626286 -6.956406
v 9.164888 0.626287 -8.417687
v 8.797196 0.500001 -6.961546
v 9.140579 0.500001 -8.424015
v 8.821782 0.373715 -6.956406
v 9.164887 0.373716 -8.417689
v 8.891805 0.266656 -6.941768
v 9.234118 0.266656 -8.399672
v 8.996601 0.195121 -6.919860
v 9.337725 0.195121 -8.372709
v 9.120210 0.170001 -6.894019
v 9.459940 0.170001 -8.340904
v 9.243827 0.195120 -6.868177
v 9.582156 0.195121 -8.309099
v 9.348620 0.266656 -6.846270
v 9.685765 0.266656 -8.282135
v 9.418643 0.373715 -6.831631
v 9.754994 0.373716 -8.264120
v 9.443230 0.500001 -6.826491
v 9.779302 0.500001 -8.257793
v 9.418643 0.626287 -6.831631
v 9.754993 0.626287 -8.264119
v 9.348622 0.733346 -6.846270
v 9.685765 0.733346 -8.282135
v 9.243825 0.804881 -6.868177
v 9.582156 0.804881 -8.309099
v 9.120213 0.830001 -6.894019
v 9.459942 0.830001 -8.340904
vt 0.5299 0.7242
vt 0.5267 0.7251
vt 0.5260 0.7253
vt 0.5299 0.7242
vt 0.5165 0.7281
vt 0.5130 0.7281
vt 0.5122 0.7281
vt 0.5165 0.7281
vt 0.5019 0.7281
vt 0.4987 0.7272
vt 0.4979 0.7269
vt 0.5019 0.7281
vt 0.4885 0.7242
vt 0.4860 0.7225
vt 0.4854 0.7221
vt 0.4885 0.7242
vt 0.4782 0.7171
vt 0.4768 0.7149
vt 0.4765 0.7143
vt 0.4782 0.7171
vt 0.4726 0.7077
vt 0.4726 0.7053
vt 0.4726 0.7048
vt 0.4726 0.7077
vt 0.4726 0.6976
vt 0.4739 0.6954
vt 0.4742 0.6949
vt 0.4726 0.6976
vt 0.4782 0.6883
vt 0.4806 0.6866
vt 0.4812 0.6862
vt 0.4782 0.6883
vt 0.4885 0.6811
vt 0.4916 0.6802
vt 0.4924 0.6800
vt 0.4885 0.6811
vt 0.5019 0.6773
vt 0.5053 0.6773
vt 0.5062 0.6773
vt 0.5019 0.6773
vt 0.5165 0.6773
vt 0.5196 0.6782
vt 0.5204 0.6784
vt 0.5165 0.6773
vt 0.5299 0.6811
vt 0.5323 0.6828
vt 0.5329 0.6832
vt 0.5299 0.6811
vt 0.5402 0.6883
vt 0.5415 0.6905
vt 0.5418 0.6910
vt 0.5402 0.6883
vt 0.5458 0.6976
vt 0.5458 0.7000
vt 0.5458 0.7006
vt 0.5458 0.6976
vt 0.5458 0.7077
vt 0.5458 0.7077
vt 0.5458 0.7077
vt 0.5458 0.7077
vt 0.5402 0.7171
vt 0.5420 0.7116
vt 0.5411 0.7126
vt 0.5402 0.7171
vn -0.6900 0.7055 -0.1620
vn -0.3752 0.9228 -0.0881
vn -0.3751 0.9228 -0.0881
vn -0.6899 0.7055 -0.1620
vn -0.8999 0.3815 -0.2113
vn -0.9735 0.0000 -0.2286
vn -0.8999 -0.3815 -0.2113
vn -0.6900 -0.7055 -0.1620
vn -0.6899 -0.7055 -0.1620
vn -0.3752 -0.9228 -0.0881
vn -0.3751 -0.9228 -0.0881
vn -0.0030 -1.0000 -0.0007
vn -0.0029 -1.0000 -0.0007
vn 0.3701 -0.9249 0.0869
vn 0.3702 -0.9249 0.0869
vn 0.6870 -0.7085 0.1613
vn 0.8990 -0.3837 0.2111
vn 0.8990 -0.3836 0.2111
vn 0.9735 -0.0000 0.2286
vn 0.8990 0.3837 0.2111
vn 0.8990 0.3836 0.2111
vn 0.6870 0.7085 0.1613
vn 0.3701 0.9249 0.0869
vn 0.3702 0.9249 0.0869
vn -0.0030 1.0000 -0.0007
vn -0.0029 1.0000 -0.0007
usemtl None
s 1
f 1027/2048/645 1026/2049/646 1025/2050/647 1028/2051/648
f 1029/2052/649 1027/2053/645 1028/2054/648 1030/2055/649
f 1031/2056/650 1029/2057/649 1030/2058/649 1032/2059/650
f 1033/2060/651 1031/2061/650 1032/2062/650 1034/2063/651
f 1035/2064/652 1033/2065/651 1034/2066/651 1036/2067/653
f 1037/2068/654 1035/2069/652 1036/2070/653 1038/2071/655
f 1039/2072/656 1037/2073/654 1038/2074/655 1040/2075/657
f 1041/2076/658 1039/2077/656 1040/2078/657 1042/2079/659
f 1043/2080/660 1041/2081/658 1042/2082/659 1044/2083/660
f 1045/2084/661 1043/2085/660 1044/2086/660 1046/2087/662
f 1047/2088/663 1045/2089/661 1046/2090/662 1048/2091/663
f 1049/2092/664 1047/2093/663 1048/2094/663 1050/2095/665
f 1051/2096/666 1049/2097/664 1050/2098/665 1052/2099/666
f 1053/2100/667 1051/2101/666 1052/2102/666 1054/2103/668
f 1055/2104/669 1053/2105/667 1054/2106/668 1056/2107/670
f 1026/2108/646 1055/2109/669 1056/2110/670 1025/2111/647
o Circle.005
v 8.996598 0.804881 -6.919860
v 8.727416 0.804881 -5.453438
v 8.621662 0.733346 -5.470114
v 8.891805 0.733346 -6.941768
v 8.551003 0.626286 -5.481256
v 8.821785 0.626286 -6.956406
v 8.526189 0.500000 -5.485169
v 8.797196 0.500001 -6.961546
v 8.551001 0.373715 -5.481256
v 8.821782 0.373715 -6.956406
v 8.621662 0.266655 -5.470114
v 8.891805 0.266656 -6.941768
v 8.727413 0.195120 -5.453438
v 8.996601 0.195121 -6.919860
v 8.852158 0.170000 -5.433767
v 9.120210 0.170001 -6.894019
v 8.976902 0.195120 -5.414096
v 9.243827 0.195120 -6.868177
v 9.082655 0.266655 -5.397420
v 9.348620 0.266656 -6.846270
v 9.153317 0.373715 -5.386278
v 9.418643 0.373715 -6.831631
v 9.178132 0.500001 -5.382365
v 9.443230 0.500001 -6.826491
v 9.153317 0.626286 -5.386278
v 9.418643 0.626287 -6.831631
v 9.082655 0.733346 -5.397420
v 9.348622 0.733346 -6.846270
v 8.976904 0.804881 -5.414096
v 9.243825 0.804881 -6.868177
v 8.852158 0.830001 -5.433767
v 9.120213 0.830001 -6.894019
vt 0.5299 0.7242
vt 0.5275 0.7249
vt 0.5267 0.7251
vt 0.5299 0.7242
vt 0.5165 0.7281
vt 0.5139 0.7281
vt 0.5130 0.7281
vt 0.5165 0.7281
vt 0.5019 0.7281
vt 0.4995 0.7274
vt 0.4987 0.7272
vt 0.5019 0.7281
vt 0.4885 0.7242
vt 0.4866 0.7229
vt 0.4860 0.7225
vt 0.4885 0.7242
vt 0.4782 0.7171
vt 0.4772 0.7154
vt 0.4768 0.7149
vt 0.4782 0.7171
vt 0.4726 0.7077
vt 0.4726 0.7059
vt 0.4726 0.7053
vt 0.4726 0.7077
vt 0.4726 0.6976
vt 0.4736 0.6960
vt 0.4739 0.6954
vt 0.4726 0.6976
vt 0.4782 0.6883
vt 0.4800 0.6870
vt 0.4806 0.6866
vt 0.4782 0.6883
vt 0.4885 0.6811
vt 0.4908 0.6805
vt 0.4916 0.6802
vt 0.4885 0.6811
vt 0.5019 0.6773
vt 0.5045 0.6773
vt 0.5053 0.6773
vt 0.5019 0.6773
vt 0.5165 0.6773
vt 0.5188 0.6780
vt 0.5196 0.6782
vt 0.5165 0.6773
vt 0.5299 0.6811
vt 0.5317 0.6824
vt 0.5323 0.6828
vt 0.5299 0.6811
vt 0.5402 0.6883
vt 0.5412 0.6899
vt 0.5415 0.6905
vt 0.5402 0.6883
vt 0.5458 0.6976
vt 0.5458 0.6994
vt 0.5458 0.7000
vt 0.5458 0.6976
vt 0.5458 0.7077
vt 0.5458 0.7077
vt 0.5458 0.7077
vt 0.5458 0.7077
vt 0.5402 0.7171
vt 0.5430 0.7106
vt 0.5420 0.7116
vt 0.5402 0.7171
vn -0.6971 0.7054 -0.1280
vn -0.3791 0.9227 -0.0696
vn -0.3790 0.9228 -0.0696
vn -0.6971 0.7055 -0.1280
vn -0.9092 0.3815 -0.1669
vn -0.9836 0.0000 -0.1805
vn -0.9092 -0.3815 -0.1669
vn -0.6971 -0.7054 -0.1280
vn -0.6971 -0.7055 -0.1280
vn -0.3791 -0.9227 -0.0696
vn -0.3790 -0.9228 -0.0696
vn -0.0031 -1.0000 -0.0006
vn -0.0030 -1.0000 -0.0006
vn 0.3739 -0.9249 0.0686
vn 0.6941 -0.7086 0.1274
vn 0.6941 -0.7085 0.1274
vn 0.9083 -0.3837 0.1667
vn 0.9836 0.0000 0.1806
vn 0.9083 0.3837 0.1667
vn 0.6941 0.7086 0.1274
vn 0.6941 0.7085 0.1274
vn 0.3739 0.9249 0.0686
vn -0.0031 1.0000 -0.0006
vn -0.0030 1.0000 -0.0006
usemtl None
s 1
f 1059/2112/671 1058/2113/672 1057/2114/673 1060/2115/674
f 1061/2116/675 1059/2117/671 1060/2118/674 1062/2119/675
f 1063/2120/676 1061/2121/675 1062/2122/675 1064/2123/676
f 1065/2124/677 1063/2125/676 1064/2126/676 1066/2127/677
f 1067/2128/678 1065/2129/677 1066/2130/677 1068/2131/679
f 1069/2132/680 1067/2133/678 1068/2134/679 1070/2135/681
f 1071/2136/682 1069/2137/680 1070/2138/681 1072/2139/683
f 1073/2140/684 1071/2141/682 1072/2142/683 1074/2143/684
f 1075/2144/685 1073/2145/684 1074/2146/684 1076/2147/686
f 1077/2148/687 1075/2149/685 1076/2150/686 1078/2151/687
f 1079/2152/688 1077/2153/687 1078/2154/687 1080/2155/688
f 1081/2156/689 1079/2157/688 1080/2158/688 1082/2159/689
f 1083/2160/690 1081/2161/689 1082/2162/689 1084/2163/691
f 1085/2164/692 1083/2165/690 1084/2166/691 1086/2167/692
f 1087/2168/693 1085/2169/692 1086/2170/692 1088/2171/694
f 1058/2172/672 1087/2173/693 1088/2174/694 1057/2175/673
o Circle.004
v 8.727416 0.804881 -5.453438
v 8.532392 0.804881 -3.976164
v 8.425928 0.733346 -3.987435
v 8.621662 0.733346 -5.470114
v 8.354794 0.626286 -3.994967
v 8.551003 0.626286 -5.481256
v 8.329810 0.500000 -3.997612
v 8.526189 0.500000 -5.485169
v 8.354789 0.373715 -3.994967
v 8.551001 0.373715 -5.481256
v 8.425928 0.266655 -3.987435
v 8.621662 0.266655 -5.470114
v 8.532392 0.195120 -3.976164
v 8.727413 0.195120 -5.453438
v 8.657975 0.170000 -3.962868
v 8.852158 0.170000 -5.433767
v 8.783558 0.195120 -3.949572
v 8.976902 0.195120 -5.414096
v 8.890024 0.266655 -3.938300
v 9.082655 0.266655 -5.397420
v 8.961163 0.373715 -3.930768
v 9.153317 0.373715 -5.386278
v 8.986145 0.500000 -3.928124
v 9.178132 0.500001 -5.382365
v 8.961162 0.626286 -3.930768
v 9.153317 0.626286 -5.386278
v 8.890026 0.733346 -3.938300
v 9.082655 0.733346 -5.397420
v 8.783563 0.804881 -3.949572
v 8.976904 0.804881 -5.414096
v 8.657975 0.830000 -3.962868
v 8.852158 0.830001 -5.433767
vt 0.5299 0.7242
vt 0.5283 0.7247
vt 0.5275 0.7249
vt 0.5299 0.7242
vt 0.5165 0.7281
vt 0.5147 0.7281
vt 0.5139 0.7281
vt 0.5165 0.7281
vt 0.5019 0.7281
vt 0.5003 0.7276
vt 0.4995 0.7274
vt 0.5019 0.7281
vt 0.4885 0.7242
vt 0.4872 0.7234
vt 0.4866 0.7229
vt 0.4885 0.7242
vt 0.4782 0.7171
vt 0.4775 0.7160
vt 0.4772 0.7154
vt 0.4782 0.7171
vt 0.4726 0.7077
vt 0.4726 0.7065
vt 0.4726 0.7059
vt 0.4726 0.7077
vt 0.4726 0.6976
vt 0.4732 0.6965
vt 0.4736 0.6960
vt 0.4726 0.6976
vt 0.4782 0.6883
vt 0.4794 0.6875
vt 0.4800 0.6870
vt 0.4782 0.6883
vt 0.4885 0.6811
vt 0.4900 0.6807
vt 0.4908 0.6805
vt 0.4885 0.6811
vt 0.5019 0.6773
vt 0.5036 0.6773
vt 0.5045 0.6773
vt 0.5019 0.6773
vt 0.5165 0.6773
vt 0.5180 0.6777
vt 0.5188 0.6780
vt 0.5165 0.6773
vt 0.5299 0.6811
vt 0.5311 0.6820
vt 0.5317 0.6824
vt 0.5299 0.6811
vt 0.5402 0.6883
vt 0.5409 0.6894
vt 0.5412 0.6899
vt 0.5402 0.6883
vt 0.5458 0.6976
vt 0.5458 0.6988
vt 0.5458 0.6994
vt 0.5458 0.6976
vt 0.5458 0.7077
vt 0.5458 0.7077
vt 0.5458 0.7077
vt 0.5458 0.7077
vt 0.5402 0.7171
vt 0.5439 0.7097
vt 0.5430 0.7106
vt 0.5402 0.7171
vn -0.7027 0.7054 -0.0928
vn -0.3822 0.9227 -0.0505
vn -0.3821 0.9227 -0.0504
vn -0.9164 0.3815 -0.1210
vn -0.9914 0.0000 -0.1309
vn -0.9164 -0.3814 -0.1210
vn -0.9164 -0.3815 -0.1210
vn -0.7027 -0.7054 -0.0928
vn -0.3822 -0.9227 -0.0505
vn -0.3821 -0.9227 -0.0504
vn -0.0032 -1.0000 -0.0004
vn -0.0031 -1.0000 -0.0004
vn 0.3768 -0.9250 0.0497
vn 0.3768 -0.9249 0.0498
vn 0.6995 -0.7086 0.0924
vn 0.6996 -0.7086 0.0924
vn 0.9155 -0.3837 0.1209
vn 0.9914 0.0000 0.1309
vn 0.9155 0.3837 0.1209
vn 0.6995 0.7086 0.0924
vn 0.6996 0.7086 0.0924
vn 0.3768 0.9250 0.0497
vn 0.3768 0.9249 0.0498
vn -0.0032 1.0000 -0.0004
vn -0.0031 1.0000 -0.0004
usemtl None
s 1
f 1091/2176/695 1090/2177/696 1089/2178/697 1092/2179/695
f 1093/2180/698 1091/2181/695 1092/2182/695 1094/2183/698
f 1095/2184/699 1093/2185/698 1094/2186/698 1096/2187/699
f 1097/2188/700 1095/2189/699 1096/2190/699 1098/2191/701
f 1099/2192/702 1097/2193/700 1098/2194/701 1100/2195/702
f 1101/2196/703 1099/2197/702 1100/2198/702 1102/2199/704
f 1103/2200/705 1101/2201/703 1102/2202/704 1104/2203/706
f 1105/2204/707 1103/2205/705 1104/2206/706 1106/2207/708
f 1107/2208/709 1105/2209/707 1106/2210/708 1108/2211/710
f 1109/2212/711 1107/2213/709 1108/2214/710 1110/2215/711
f 1111/2216/712 1109/2217/711 1110/2218/711 1112/2219/712
f 1113/2220/713 1111/2221/712 1112/2222/712 1114/2223/713
f 1115/2224/714 1113/2225/713 1114/2226/713 1116/2227/715
f 1117/2228/716 1115/2229/714 1116/2230/715 1118/2231/717
f 1119/2232/718 1117/2233/716 1118/2234/717 1120/2235/719
f 1090/2236/696 1119/2237/718 1120/2238/719 1089/2239/697
o Circle.003
v 8.532392 0.804881 -3.976164
v 8.413751 0.804880 -2.490765
v 8.306847 0.733345 -2.496466
v 8.425928 0.733346 -3.987435
v 8.235412 0.626286 -2.500275
v 8.354794 0.626286 -3.994967
v 8.210328 0.500000 -2.501613
v 8.329810 0.500000 -3.997612
v 8.235412 0.373715 -2.500275
v 8.354789 0.373715 -3.994967
v 8.306844 0.266655 -2.496466
v 8.425928 0.266655 -3.987435
v 8.413755 0.195120 -2.490765
v 8.532392 0.195120 -3.976164
v 8.539857 0.170000 -2.484040
v 8.657975 0.170000 -3.962868
v 8.665964 0.195120 -2.477314
v 8.783558 0.195120 -3.949572
v 8.772876 0.266655 -2.471613
v 8.890024 0.266655 -3.938300
v 8.844308 0.373714 -2.467804
v 8.961163 0.373715 -3.930768
v 8.869392 0.500000 -2.466466
v 8.986145 0.500000 -3.928124
v 8.844308 0.626286 -2.467804
v 8.961162 0.626286 -3.930768
v 8.772876 0.733345 -2.471613
v 8.890026 0.733346 -3.938300
v 8.665966 0.804880 -2.477314
v 8.783563 0.804881 -3.949572
v 8.539857 0.830000 -2.484040
v 8.657975 0.830000 -3.962868
vt 0.5291 0.7244
vt 0.5283 0.7247
vt 0.5299 0.7242
vt 0.5299 0.7242
vt 0.5156 0.7281
vt 0.5147 0.7281
vt 0.5165 0.7281
vt 0.5165 0.7281
vt 0.5011 0.7278
vt 0.5003 0.7276
vt 0.5019 0.7281
vt 0.5019 0.7281
vt 0.4878 0.7238
vt 0.4872 0.7234
vt 0.4885 0.7242
vt 0.4885 0.7242
vt 0.4778 0.7165
vt 0.4775 0.7160
vt 0.4782 0.7171
vt 0.4782 0.7171
vt 0.4726 0.7071
vt 0.4726 0.7065
vt 0.4726 0.7077
vt 0.4726 0.7077
vt 0.4729 0.6971
vt 0.4732 0.6965
vt 0.4726 0.6976
vt 0.4726 0.6976
vt 0.4788 0.6879
vt 0.4794 0.6875
vt 0.4782 0.6883
vt 0.4782 0.6883
vt 0.4892 0.6809
vt 0.4900 0.6807
vt 0.4885 0.6811
vt 0.4885 0.6811
vt 0.5028 0.6773
vt 0.5036 0.6773
vt 0.5019 0.6773
vt 0.5019 0.6773
vt 0.5173 0.6775
vt 0.5180 0.6777
vt 0.5165 0.6773
vt 0.5165 0.6773
vt 0.5305 0.6816
vt 0.5311 0.6820
vt 0.5299 0.6811
vt 0.5299 0.6811
vt 0.5405 0.6888
vt 0.5409 0.6894
vt 0.5402 0.6883
vt 0.5402 0.6883
vt 0.5458 0.6982
vt 0.5458 0.6988
vt 0.5458 0.6976
vt 0.5458 0.6976
vt 0.5458 0.7077
vt 0.5458 0.7077
vt 0.5458 0.7077
vt 0.5458 0.7077
vt 0.5448 0.7087
vt 0.5439 0.7097
vt 0.5402 0.7171
vt 0.5402 0.7171
vn -0.3844 0.9227 -0.0307
vn -0.3843 0.9227 -0.0307
vn -0.7066 0.7054 -0.0564
vn -0.7066 0.7053 -0.0564
vn -0.9215 0.3814 -0.0736
vn -0.9968 0.0000 -0.0796
vn -0.9215 -0.3814 -0.0736
vn -0.7066 -0.7054 -0.0564
vn -0.3843 -0.9227 -0.0307
vn -0.3844 -0.9227 -0.0307
vn -0.0032 -1.0000 -0.0003
vn -0.0033 -1.0000 -0.0003
vn 0.3788 -0.9250 0.0303
vn 0.7034 -0.7086 0.0562
vn 0.7033 -0.7086 0.0562
vn 0.9205 -0.3837 0.0735
vn 0.9968 0.0000 0.0796
vn 0.9205 0.3837 0.0735
vn 0.7034 0.7086 0.0562
vn 0.7033 0.7086 0.0562
vn 0.3788 0.9250 0.0303
vn -0.0032 1.0000 -0.0003
vn -0.0033 1.0000 -0.0003
usemtl None
s 1
f 1122/2240/720 1121/2241/721 1124/2242/722 1123/2243/723
f 1123/2244/723 1124/2245/722 1126/2246/724 1125/2247/724
f 1125/2248/724 1126/2249/724 1128/2250/725 1127/2251/725
f 1127/2252/725 1128/2253/725 1130/2254/726 1129/2255/726
f 1129/2256/726 1130/2257/726 1132/2258/727 1131/2259/727
f 1131/2260/727 1132/2261/727 1134/2262/728 1133/2263/729
f 1133/2264/729 1134/2265/728 1136/2266/730 1135/2267/731
f 1135/2268/731 1136/2269/730 1138/2270/732 1137/2271/732
f 1137/2272/732 1138/2273/732 1140/2274/733 1139/2275/734
f 1139/2276/734 1140/2277/733 1142/2278/735 1141/2279/735
f 1141/2280/735 1142/2281/735 1144/2282/736 1143/2283/736
f 1143/2284/736 1144/2285/736 1146/2286/737 1145/2287/737
f 1145/2288/737 1146/2289/737 1148/2290/738 1147/2291/739
f 1147/2292/739 1148/2293/738 1150/2294/740 1149/2295/740
f 1149/2296/740 1150/2297/740 1152/2298/741 1151/2299/742
f 1151/2300/742 1152/2301/741 1121/2302/721 1122/2303/720
o Circle.002
v 8.500000 0.830000 -1.000000
v 8.373714 0.804880 -1.000000
v 8.266655 0.733345 -1.000000
v 8.195119 0.626286 -1.000000
v 8.170000 0.500000 -1.000000
v 8.195119 0.373714 -1.000000
v 8.266655 0.266655 -1.000000
v 8.373714 0.195120 -1.000000
v 8.500000 0.170000 -1.000000
v 8.626286 0.195120 -1.000000
v 8.733345 0.266655 -1.000000
v 8.804881 0.373714 -1.000000
v 8.830000 0.500000 -1.000000
v 8.804881 0.626286 -1.000000
v 8.733345 0.733345 -1.000000
v 8.626286 0.804880 -1.000000
v 8.413751 0.804880 -2.490765
v 8.306847 0.733345 -2.496466
v 8.235412 0.626286 -2.500275
v 8.210328 0.500000 -2.501613
v 8.235412 0.373715 -2.500275
v 8.306844 0.266655 -2.496466
v 8.413755 0.195120 -2.490765
v 8.539857 0.170000 -2.484040
v 8.665964 0.195120 -2.477314
v 8.772876 0.266655 -2.471613
v 8.844308 0.373714 -2.467804
v 8.869392 0.500000 -2.466466
v 8.844308 0.626286 -2.467804
v 8.772876 0.733345 -2.471613
v 8.665966 0.804880 -2.477314
v 8.539857 0.830000 -2.484040
vt 0.5299 0.7242
vt 0.5291 0.7244
vt 0.5299 0.7242
vt 0.5299 0.7242
vt 0.5165 0.7281
vt 0.5156 0.7281
vt 0.5165 0.7281
vt 0.5165 0.7281
vt 0.5019 0.7281
vt 0.5011 0.7278
vt 0.5019 0.7281
vt 0.5019 0.7281
vt 0.4885 0.7242
vt 0.4878 0.7238
vt 0.4885 0.7242
vt 0.4885 0.7242
vt 0.4782 0.7171
vt 0.4778 0.7165
vt 0.4782 0.7171
vt 0.4782 0.7171
vt 0.4726 0.7077
vt 0.4726 0.7071
vt 0.4726 0.7077
vt 0.4726 0.7077
vt 0.4726 0.6976
vt 0.4729 0.6971
vt 0.4726 0.6976
vt 0.4726 0.6976
vt 0.4782 0.6883
vt 0.4788 0.6879
vt 0.4782 0.6883
vt 0.4782 0.6883
vt 0.4885 0.6811
vt 0.4892 0.6809
vt 0.4885 0.6811
vt 0.4885 0.6811
vt 0.5019 0.6773
vt 0.5028 0.6773
vt 0.5019 0.6773
vt 0.5019 0.6773
vt 0.5165 0.6773
vt 0.5173 0.6775
vt 0.5165 0.6773
vt 0.5165 0.6773
vt 0.5299 0.6811
vt 0.5305 0.6816
vt 0.5299 0.6811
vt 0.5299 0.6811
vt 0.5402 0.6883
vt 0.5405 0.6888
vt 0.5402 0.6883
vt 0.5402 0.6883
vt 0.5458 0.6976
vt 0.5458 0.6982
vt 0.5458 0.6976
vt 0.5458 0.6976
vt 0.5458 0.7077
vt 0.5458 0.7077
vt 0.5458 0.7077
vt 0.5458 0.7077
vt 0.5448 0.7087
vt 0.5402 0.7171
vt 0.5402 0.7171
vn -0.3855 0.9226 -0.0104
vn -0.3855 0.9227 -0.0104
vn -0.7086 0.7053 -0.0190
vn -0.9241 0.3814 -0.0248
vn -0.9996 0.0000 -0.0268
vn -0.9241 -0.3814 -0.0248
vn -0.7086 -0.7053 -0.0190
vn -0.3855 -0.9227 -0.0104
vn -0.0033 -1.0000 -0.0001
vn 0.3798 -0.9250 0.0102
vn 0.7053 -0.7086 0.0189
vn 0.7053 -0.7087 0.0189
vn 0.9231 -0.3837 0.0248
vn 0.9996 -0.0000 0.0269
vn 0.9231 0.3837 0.0248
vn 0.7053 0.7086 0.0189
vn 0.7053 0.7087 0.0189
vn 0.3798 0.9250 0.0102
vn -0.0033 1.0000 -0.0001
usemtl None
s 1
f 1154/2304/743 1169/2305/744 1170/2306/745 1155/2307/745
f 1155/2308/745 1170/2309/745 1171/2310/746 1156/2311/746
f 1156/2312/746 1171/2313/746 1172/2314/747 1157/2315/747
f 1157/2316/747 1172/2317/747 1173/2318/748 1158/2319/748
f 1158/2320/748 1173/2321/748 1174/2322/749 1159/2323/749
f 1159/2324/749 1174/2325/749 1175/2326/750 1160/2327/750
f 1160/2328/750 1175/2329/750 1176/2330/751 1161/2331/751
f 1161/2332/751 1176/2333/751 1177/2334/752 1162/2335/752
f 1162/2336/752 1177/2337/752 1178/2338/753 1163/2339/754
f 1163/2340/754 1178/2341/753 1179/2342/755 1164/2343/755
f 1164/2344/755 1179/2345/755 1180/2346/756 1165/2347/756
f 1165/2348/756 1180/2349/756 1181/2350/757 1166/2351/757
f 1166/2352/757 1181/2353/757 1182/2354/758 1167/2355/759
f 1167/2356/759 1182/2357/758 1183/2358/760 1168/2359/760
f 1168/2360/760 1183/2361/760 1184/2362/761 1153/2363/761
f 1153/2363/761 1184/2364/761 1169/2365/744 1154/2366/743
o Circle.001
v 8.500000 0.830000 -1.000000
v 8.373714 0.804880 -1.000000
v 8.266655 0.733345 -1.000000
v 8.195119 0.626286 -1.000000
v 8.170000 0.500000 -1.000000
v 8.195119 0.373714 -1.000000
v 8.266655 0.266655 -1.000000
v 8.373714 0.195120 -1.000000
v 8.500000 0.170000 -1.000000
v 8.626286 0.195120 -1.000000
v 8.733345 0.266655 -1.000000
v 8.804881 0.373714 -1.000000
v 8.830000 0.500000 -1.000000
v 8.804881 0.626286 -1.000000
v 8.733345 0.733345 -1.000000
v 8.626286 0.804880 -1.000000
v 8.500000 0.830000 0.000000
v 8.373714 0.804880 0.000000
v 8.266655 0.733345 0.000000
v 8.195119 0.626286 0.000000
v 8.170000 0.500000 0.000000
v 8.195119 0.373714 0.000000
v 8.266655 0.266655 0.000000
v 8.373714 0.195120 0.000000
v 8.500000 0.170000 0.000000
v 8.626286 0.195120 0.000000
v 8.733345 0.266655 0.000000
v 8.804881 0.373714 0.000000
v 8.830000 0.500000 0.000000
v 8.804881 0.626286 0.000000
v 8.733345 0.733345 0.000000
v 8.626286 0.804880 0.000000
vt 0.4885 0.7242
vt 0.4885 0.7242
vt 0.4885 0.7242
vt 0.4885 0.7242
vt 0.4782 0.7171
vt 0.4782 0.7171
vt 0.4782 0.7171
vt 0.4782 0.7171
vt 0.4726 0.7077
vt 0.4726 0.7077
vt 0.4726 0.7077
vt 0.4726 0.7077
vt 0.4726 0.6976
vt 0.4726 0.6976
vt 0.4726 0.6976
vt 0.4726 0.6976
vt 0.4782 0.6883
vt 0.4782 0.6883
vt 0.4782 0.6883
vt 0.4782 0.6883
vt 0.4885 0.6811
vt 0.4885 0.6811
vt 0.4885 0.6811
vt 0.4885 0.6811
vt 0.5019 0.6773
vt 0.5019 0.6773
vt 0.5019 0.6773
vt 0.5019 0.6773
vt 0.5165 0.6773
vt 0.5165 0.6773
vt 0.5165 0.6773
vt 0.5165 0.6773
vt 0.5299 0.6811
vt 0.5299 0.6811
vt 0.5299 0.6811
vt 0.5299 0.6811
vt 0.5402 0.6883
vt 0.5402 0.6883
vt 0.5402 0.6883
vt 0.5402 0.6883
vt 0.5402 0.7171
vt 0.5402 0.7171
vt 0.5402 0.7171
vt 0.5402 0.7171
vt 0.5458 0.6976
vt 0.5458 0.6976
vt 0.5458 0.6976
vt 0.5458 0.6976
vt 0.5299 0.7242
vt 0.5299 0.7242
vt 0.5299 0.7242
vt 0.5299 0.7242
vt 0.5458 0.7077
vt 0.5458 0.7077
vt 0.5458 0.7077
vt 0.5458 0.7077
vt 0.5165 0.7281
vt 0.5165 0.7281
vt 0.5165 0.7281
vt 0.5165 0.7281
vt 0.5019 0.7281
vt 0.5019 0.7281
vt 0.5019 0.7281
vt 0.5019 0.7281
vn -1.0000 -0.0000 -0.0000
vn -0.9239 -0.3827 -0.0000
vn -0.7071 -0.7071 -0.0000
vn -0.3827 -0.9239 -0.0000
vn -0.0000 -1.0000 -0.0000
vn 0.3827 -0.9239 -0.0000
vn 0.7071 -0.7071 -0.0000
vn 0.9239 -0.3827 -0.0000
vn 1.0000 -0.0000 -0.0000
vn 0.9239 0.3827 0.0000
vn 0.7071 0.7071 0.0000
vn -0.0000 1.0000 0.0000
vn -0.3827 0.9239 0.0000
vn 0.3827 0.9239 0.0000
vn -0.7071 0.7071 0.0000
vn -0.9239 0.3827 0.0000
usemtl None
s 1
f 1189/2367/762 1190/2368/763 1206/2369/763 1205/2370/762
f 1190/2371/763 1191/2372/764 1207/2373/764 1206/2374/763
f 1191/2375/764 1192/2376/765 1208/2377/765 1207/2378/764
f 1192/2379/765 1193/2380/766 1209/2381/766 1208/2382/765
f 1193/2383/766 1194/2384/767 1210/2385/767 1209/2386/766
f 1194/2387/767 1195/2388/768 1211/2389/768 1210/2390/767
f 1195/2391/768 1196/2392/769 1212/2393/769 1211/2394/768
f 1196/2395/769 1197/2396/770 1213/2397/770 1212/2398/769
f 1197/2399/770 1198/2400/771 1214/2401/771 1213/2402/770
f 1198/2403/771 1199/2404/772 1215/2405/772 1214/2406/771
f 1185/2407/773 1186/2408/774 1202/2409/774 1201/2410/773
f 1199/2411/772 1200/2412/775 1216/2413/775 1215/2414/772
f 1186/2415/774 1187/2416/776 1203/2417/776 1202/2418/774
f 1200/2419/775 1185/2420/773 1201/2421/773 1216/2422/775
f 1187/2423/776 1188/2424/777 1204/2425/777 1203/2426/776
f 1188/2427/777 1189/2428/762 1205/2429/762 1204/2430/777
