# Blender v2.78 (sub 0) OBJ File: 'RollerCoasterRail45BigRamp_col.blend'
# www.blender.org
mtllib RollerCoasterRail45BigRamp_col.mtl
o Circle.038
v 8.733345 20.664999 -49.334999
v 8.626287 20.715578 -49.284416
v 8.500000 20.733343 -49.266651
v 8.804883 20.589298 -49.410698
v 8.830000 20.499998 -49.499996
v 8.804883 20.410700 -49.589294
v 8.733345 20.334997 -49.664997
v 8.626287 20.284418 -49.715580
v 8.500000 20.266653 -49.733341
v 8.373713 20.284418 -49.715580
v 8.266655 20.334997 -49.664997
v 8.195117 20.410700 -49.589294
v 8.170000 20.499998 -49.499996
v 8.195117 20.589298 -49.410698
v 8.266655 20.664999 -49.334999
v 8.373713 20.715578 -49.284416
v 8.733345 22.664999 -51.334999
v 8.626287 22.715578 -51.284416
v 8.500000 22.733343 -51.266651
v 8.804883 22.589298 -51.410698
v 8.830000 22.499998 -51.499996
v 8.804883 22.410700 -51.589294
v 8.733345 22.334997 -51.664997
v 8.626287 22.284418 -51.715580
v 8.500000 22.266653 -51.733341
v 8.373713 22.284418 -51.715580
v 8.266655 22.334997 -51.664997
v 8.195117 22.410700 -51.589294
v 8.170000 22.499998 -51.499996
v 8.195117 22.589298 -51.410698
v 8.266655 22.664999 -51.334999
v 8.373713 22.715578 -51.284416
vt 0.9912 0.0212
vt 0.9912 0.0212
vt 0.9912 0.0212
vt 0.9912 0.0212
vt 0.9838 0.0197
vt 0.9838 0.0197
vt 0.9838 0.0197
vt 0.9838 0.0197
vt 0.9757 0.0197
vt 0.9757 0.0197
vt 0.9757 0.0197
vt 0.9757 0.0197
vt 0.9683 0.0212
vt 0.9683 0.0212
vt 0.9683 0.0212
vt 0.9683 0.0212
vt 0.9626 0.0240
vt 0.9626 0.0240
vt 0.9626 0.0240
vt 0.9626 0.0240
vt 0.9595 0.0276
vt 0.9595 0.0276
vt 0.9595 0.0276
vt 0.9595 0.0276
vt 0.9595 0.0316
vt 0.9595 0.0316
vt 0.9595 0.0316
vt 0.9595 0.0316
vt 0.9626 0.0352
vt 0.9626 0.0352
vt 0.9626 0.0352
vt 0.9626 0.0352
vt 0.9683 0.0380
vt 0.9683 0.0380
vt 0.9683 0.0380
vt 0.9683 0.0380
vt 0.9757 0.0395
vt 0.9757 0.0395
vt 0.9757 0.0395
vt 0.9757 0.0395
vt 0.9838 0.0395
vt 0.9838 0.0395
vt 0.9838 0.0395
vt 0.9838 0.0395
vt 1.0000 0.0276
vt 1.0000 0.0276
vt 1.0000 0.0276
vt 1.0000 0.0276
vt 0.9912 0.0380
vt 0.9912 0.0380
vt 0.9912 0.0380
vt 0.9912 0.0380
vt 1.0000 0.0316
vt 1.0000 0.0316
vt 1.0000 0.0316
vt 1.0000 0.0316
vt 0.9969 0.0352
vt 0.9969 0.0352
vt 0.9969 0.0352
vt 0.9969 0.0352
vt 0.9969 0.0240
vt 0.9969 0.0240
vt 0.9969 0.0240
vt 0.9969 0.0240
vn 0.9239 0.2706 0.2706
vn 1.0000 -0.0000 -0.0000
vn 0.9239 -0.2706 -0.2706
vn 0.7071 -0.5000 -0.5000
vn 0.3827 -0.6533 -0.6533
vn 0.0000 -0.7071 -0.7071
vn -0.3827 -0.6533 -0.6533
vn -0.7071 -0.5000 -0.5000
vn -0.9239 -0.2706 -0.2706
vn -1.0000 -0.0000 -0.0000
vn -0.9239 0.2706 0.2706
vn -0.7071 0.5000 0.5000
vn 0.3827 0.6533 0.6533
vn 0.7071 0.5000 0.5000
vn -0.3827 0.6533 0.6533
vn 0.0000 0.7071 0.7071
usemtl None
s 1
f 4/1/1 5/2/2 21/3/2 20/4/1
f 5/5/2 6/6/3 22/7/3 21/8/2
f 6/9/3 7/10/4 23/11/4 22/12/3
f 7/13/4 8/14/5 24/15/5 23/16/4
f 8/17/5 9/18/6 25/19/6 24/20/5
f 9/21/6 10/22/7 26/23/7 25/24/6
f 10/25/7 11/26/8 27/27/8 26/28/7
f 11/29/8 12/30/9 28/31/9 27/32/8
f 12/33/9 13/34/10 29/35/10 28/36/9
f 13/37/10 14/38/11 30/39/11 29/40/10
f 14/41/11 15/42/12 31/43/12 30/44/11
f 2/45/13 1/46/14 17/47/14 18/48/13
f 15/49/12 16/50/15 32/51/15 31/52/12
f 3/53/16 2/54/13 18/55/13 19/56/16
f 16/57/15 3/58/16 19/59/16 32/60/15
f 1/61/14 4/62/1 20/63/1 17/64/14
o Circle.037
v 8.733345 20.664999 -49.334999
v 8.626287 20.715578 -49.284416
v 8.500000 20.733343 -49.266651
v 8.804883 20.589298 -49.410698
v 8.830000 20.499998 -49.499996
v 8.804883 20.410700 -49.589294
v 8.733345 20.334997 -49.664997
v 8.626287 20.284418 -49.715580
v 8.500000 20.266653 -49.733341
v 8.373713 20.284418 -49.715580
v 8.266655 20.334997 -49.664997
v 8.195117 20.410700 -49.589294
v 8.170000 20.499998 -49.499996
v 8.195117 20.589298 -49.410698
v 8.266655 20.664999 -49.334999
v 8.373713 20.715578 -49.284416
v 8.373710 18.619085 -47.092560
v 8.266652 18.566315 -47.140850
v 8.195114 18.487337 -47.213123
v 8.169998 18.394167 -47.298378
v 8.195114 18.301001 -47.383629
v 8.266652 18.222021 -47.455910
v 8.373710 18.169249 -47.504196
v 8.499998 18.150713 -47.521160
v 8.626286 18.169250 -47.504200
v 8.733343 18.222019 -47.455910
v 8.804881 18.301001 -47.383629
v 8.829998 18.394167 -47.298378
v 8.804881 18.487335 -47.213127
v 8.733343 18.566313 -47.140846
v 8.626286 18.619085 -47.092560
v 8.499998 18.637619 -47.075600
vt 0.9915 0.0378
vt 0.9915 0.0378
vt 0.9912 0.0380
vt 0.9912 0.0380
vt 0.9842 0.0394
vt 0.9842 0.0394
vt 0.9838 0.0395
vt 0.9838 0.0395
vt 0.9762 0.0395
vt 0.9762 0.0395
vt 0.9757 0.0395
vt 0.9757 0.0395
vt 0.9687 0.0380
vt 0.9687 0.0380
vt 0.9683 0.0380
vt 0.9683 0.0380
vt 0.9629 0.0353
vt 0.9629 0.0353
vt 0.9626 0.0352
vt 0.9626 0.0352
vt 0.9597 0.0318
vt 0.9597 0.0318
vt 0.9595 0.0316
vt 0.9595 0.0316
vt 0.9595 0.0279
vt 0.9595 0.0279
vt 0.9595 0.0276
vt 0.9595 0.0276
vt 0.9624 0.0242
vt 0.9624 0.0242
vt 0.9626 0.0240
vt 0.9626 0.0240
vt 0.9679 0.0214
vt 0.9679 0.0214
vt 0.9683 0.0212
vt 0.9683 0.0212
vt 0.9753 0.0198
vt 0.9753 0.0198
vt 0.9757 0.0197
vt 0.9757 0.0197
vt 0.9833 0.0197
vt 0.9833 0.0197
vt 0.9838 0.0197
vt 0.9838 0.0197
vt 0.9908 0.0211
vt 0.9908 0.0211
vt 0.9912 0.0212
vt 0.9912 0.0212
vt 0.9966 0.0238
vt 0.9966 0.0238
vt 0.9969 0.0240
vt 0.9969 0.0240
vt 0.9998 0.0274
vt 0.9998 0.0274
vt 1.0000 0.0276
vt 1.0000 0.0276
vt 1.0000 0.0313
vt 1.0000 0.0313
vt 1.0000 0.0316
vt 1.0000 0.0316
vt 0.9971 0.0350
vt 0.9971 0.0350
vt 0.9969 0.0352
vt 0.9969 0.0352
vn -0.7084 0.5101 0.4879
vn -0.3836 0.6674 0.6383
vn -0.9248 0.2749 0.2629
vn -1.0000 -0.0020 -0.0019
vn -0.9229 -0.2783 -0.2662
vn -0.7056 -0.5121 -0.4898
vn -0.3816 -0.6680 -0.6389
vn -0.0000 -0.7227 -0.6912
vn 0.3816 -0.6680 -0.6389
vn 0.7056 -0.5121 -0.4898
vn 0.9229 -0.2783 -0.2662
vn 1.0000 -0.0020 -0.0019
vn 0.9248 0.2749 0.2630
vn 0.9248 0.2749 0.2629
vn 0.7084 0.5101 0.4879
vn 0.3836 0.6674 0.6383
vn 0.0000 0.7227 0.6912
usemtl None
s 1
f 50/65/17 49/66/18 48/67/18 47/68/17
f 51/69/19 50/70/17 47/71/17 46/72/19
f 52/73/20 51/74/19 46/75/19 45/76/20
f 53/77/21 52/78/20 45/79/20 44/80/21
f 54/81/22 53/82/21 44/83/21 43/84/22
f 55/85/23 54/86/22 43/87/22 42/88/23
f 56/89/24 55/90/23 42/91/23 41/92/24
f 57/93/25 56/94/24 41/95/24 40/96/25
f 58/97/26 57/98/25 40/99/25 39/100/26
f 59/101/27 58/102/26 39/103/26 38/104/27
f 60/105/28 59/106/27 38/107/27 37/108/28
f 61/109/29 60/110/28 37/111/28 36/112/30
f 62/113/31 61/114/29 36/115/30 33/116/31
f 63/117/32 62/118/31 33/119/31 34/120/32
f 64/121/33 63/122/32 34/123/32 35/124/33
f 49/125/18 64/126/33 35/127/33 48/128/18
o Circle.036
v 8.373710 18.619085 -47.092560
v 8.373709 16.617409 -44.805771
v 8.266651 16.562565 -44.851692
v 8.266652 18.566315 -47.140850
v 8.195113 16.480486 -44.920429
v 8.195114 18.487337 -47.213123
v 8.169996 16.383659 -45.001503
v 8.169998 18.394167 -47.298378
v 8.195113 16.286839 -45.082581
v 8.195114 18.301001 -47.383629
v 8.266651 16.204756 -45.151318
v 8.266652 18.222021 -47.455910
v 8.373709 16.149914 -45.197235
v 8.373710 18.169249 -47.504196
v 8.499996 16.130651 -45.213367
v 8.499998 18.150713 -47.521160
v 8.626284 16.149914 -45.197235
v 8.626286 18.169250 -47.504200
v 8.733342 16.204756 -45.151318
v 8.733343 18.222019 -47.455910
v 8.804880 16.286839 -45.082577
v 8.804881 18.301001 -47.383629
v 8.829996 16.383659 -45.001503
v 8.829998 18.394167 -47.298378
v 8.804880 16.480488 -44.920425
v 8.804881 18.487335 -47.213127
v 8.733342 16.562565 -44.851692
v 8.733343 18.566313 -47.140846
v 8.626284 16.617407 -44.805771
v 8.626286 18.619085 -47.092560
v 8.499996 16.636669 -44.789639
v 8.499998 18.637619 -47.075600
vt 0.9919 0.0376
vt 0.9919 0.0376
vt 0.9915 0.0378
vt 0.9915 0.0378
vt 0.9846 0.0393
vt 0.9846 0.0393
vt 0.9842 0.0394
vt 0.9842 0.0394
vt 0.9767 0.0395
vt 0.9767 0.0395
vt 0.9762 0.0395
vt 0.9762 0.0395
vt 0.9691 0.0381
vt 0.9691 0.0381
vt 0.9687 0.0380
vt 0.9687 0.0380
vt 0.9632 0.0355
vt 0.9632 0.0355
vt 0.9629 0.0353
vt 0.9629 0.0353
vt 0.9598 0.0320
vt 0.9598 0.0320
vt 0.9597 0.0318
vt 0.9597 0.0318
vt 0.9595 0.0281
vt 0.9595 0.0281
vt 0.9595 0.0279
vt 0.9595 0.0279
vt 0.9622 0.0244
vt 0.9622 0.0244
vt 0.9624 0.0242
vt 0.9624 0.0242
vt 0.9676 0.0216
vt 0.9676 0.0216
vt 0.9679 0.0214
vt 0.9679 0.0214
vt 0.9748 0.0199
vt 0.9748 0.0199
vt 0.9753 0.0198
vt 0.9753 0.0198
vt 0.9828 0.0197
vt 0.9828 0.0197
vt 0.9833 0.0197
vt 0.9833 0.0197
vt 0.9903 0.0211
vt 0.9903 0.0211
vt 0.9908 0.0211
vt 0.9908 0.0211
vt 0.9962 0.0237
vt 0.9962 0.0237
vt 0.9966 0.0238
vt 0.9966 0.0238
vt 0.9996 0.0272
vt 0.9996 0.0272
vt 0.9998 0.0274
vt 0.9998 0.0274
vt 1.0000 0.0311
vt 1.0000 0.0311
vt 1.0000 0.0313
vt 1.0000 0.0313
vt 0.9973 0.0348
vt 0.9973 0.0348
vt 0.9971 0.0350
vt 0.9971 0.0350
vn -0.7084 0.5311 0.4649
vn -0.3836 0.6949 0.6083
vn -0.9248 0.2863 0.2506
vn -0.9248 0.2862 0.2506
vn -1.0000 -0.0021 -0.0018
vn -0.9229 -0.2897 -0.2536
vn -0.9229 -0.2898 -0.2536
vn -0.7056 -0.5332 -0.4667
vn -0.3817 -0.6955 -0.6088
vn -0.0000 -0.7525 -0.6586
vn 0.3817 -0.6955 -0.6088
vn 0.7057 -0.5332 -0.4667
vn 0.7056 -0.5332 -0.4667
vn 0.9229 -0.2897 -0.2536
vn 0.9229 -0.2898 -0.2536
vn 1.0000 -0.0021 -0.0018
vn 0.9248 0.2863 0.2506
vn 0.9248 0.2862 0.2506
vn 0.7084 0.5311 0.4649
vn 0.3836 0.6949 0.6083
vn 0.0000 0.7525 0.6586
usemtl None
s 1
f 67/129/34 66/130/35 65/131/35 68/132/34
f 69/133/36 67/134/34 68/135/34 70/136/37
f 71/137/38 69/138/36 70/139/37 72/140/38
f 73/141/39 71/142/38 72/143/38 74/144/40
f 75/145/41 73/146/39 74/147/40 76/148/41
f 77/149/42 75/150/41 76/151/41 78/152/42
f 79/153/43 77/154/42 78/155/42 80/156/43
f 81/157/44 79/158/43 80/159/43 82/160/44
f 83/161/45 81/162/44 82/163/44 84/164/46
f 85/165/47 83/166/45 84/167/46 86/168/48
f 87/169/49 85/170/47 86/171/48 88/172/49
f 89/173/50 87/174/49 88/175/49 90/176/51
f 91/177/52 89/178/50 90/179/51 92/180/52
f 93/181/53 91/182/52 92/183/52 94/184/53
f 95/185/54 93/186/53 94/187/53 96/188/54
f 66/189/35 95/190/54 96/191/54 65/192/35
o Circle.035
v 8.373709 16.617409 -44.805771
v 8.373708 14.714715 -42.429745
v 8.266649 14.657921 -42.473228
v 8.266651 16.562565 -44.851692
v 8.195112 14.572919 -42.538311
v 8.195113 16.480486 -44.920429
v 8.169995 14.472645 -42.615086
v 8.169996 16.383659 -45.001503
v 8.195112 14.372373 -42.691853
v 8.195113 16.286839 -45.082581
v 8.266649 14.287369 -42.756939
v 8.266651 16.204756 -45.151318
v 8.373707 14.230573 -42.800426
v 8.373709 16.149914 -45.197235
v 8.499995 14.210624 -42.815697
v 8.499996 16.130651 -45.213367
v 8.626283 14.230573 -42.800426
v 8.626284 16.149914 -45.197235
v 8.733341 14.287369 -42.756939
v 8.733342 16.204756 -45.151318
v 8.804878 14.372373 -42.691853
v 8.804880 16.286839 -45.082577
v 8.829995 14.472644 -42.615086
v 8.829996 16.383659 -45.001503
v 8.804878 14.572919 -42.538315
v 8.804880 16.480488 -44.920425
v 8.733340 14.657920 -42.473228
v 8.733342 16.562565 -44.851692
v 8.626283 14.714715 -42.429745
v 8.626284 16.617407 -44.805771
v 8.499995 14.734664 -42.414474
v 8.499996 16.636669 -44.789639
vt 0.9922 0.0375
vt 0.9922 0.0375
vt 0.9919 0.0376
vt 0.9919 0.0376
vt 0.9851 0.0392
vt 0.9851 0.0392
vt 0.9846 0.0393
vt 0.9846 0.0393
vt 0.9771 0.0395
vt 0.9771 0.0395
vt 0.9767 0.0395
vt 0.9767 0.0395
vt 0.9696 0.0382
vt 0.9696 0.0382
vt 0.9691 0.0381
vt 0.9691 0.0381
vt 0.9636 0.0357
vt 0.9636 0.0357
vt 0.9632 0.0355
vt 0.9632 0.0355
vt 0.9600 0.0322
vt 0.9600 0.0322
vt 0.9598 0.0320
vt 0.9598 0.0320
vt 0.9595 0.0283
vt 0.9595 0.0283
vt 0.9595 0.0281
vt 0.9595 0.0281
vt 0.9620 0.0246
vt 0.9620 0.0246
vt 0.9622 0.0244
vt 0.9622 0.0244
vt 0.9673 0.0217
vt 0.9673 0.0217
vt 0.9676 0.0216
vt 0.9676 0.0216
vt 0.9744 0.0200
vt 0.9744 0.0200
vt 0.9748 0.0199
vt 0.9748 0.0199
vt 0.9823 0.0197
vt 0.9823 0.0197
vt 0.9828 0.0197
vt 0.9828 0.0197
vt 0.9899 0.0210
vt 0.9899 0.0210
vt 0.9903 0.0211
vt 0.9903 0.0211
vt 0.9959 0.0235
vt 0.9959 0.0235
vt 0.9962 0.0237
vt 0.9962 0.0237
vt 0.9995 0.0270
vt 0.9995 0.0270
vt 0.9996 0.0272
vt 0.9996 0.0272
vt 1.0000 0.0309
vt 1.0000 0.0309
vt 1.0000 0.0311
vt 1.0000 0.0311
vt 0.9975 0.0345
vt 0.9975 0.0345
vt 0.9973 0.0348
vt 0.9973 0.0348
vn -0.7084 0.5510 0.4412
vn -0.3836 0.7209 0.5773
vn -0.9248 0.2970 0.2378
vn -1.0000 -0.0021 -0.0017
vn -0.9229 -0.3006 -0.2407
vn -0.7057 -0.5531 -0.4429
vn -0.3817 -0.7215 -0.5778
vn 0.0000 -0.7806 -0.6251
vn 0.3817 -0.7215 -0.5778
vn 0.7057 -0.5531 -0.4429
vn 0.9229 -0.3006 -0.2407
vn 1.0000 -0.0021 -0.0017
vn 0.9248 0.2970 0.2378
vn 0.7084 0.5510 0.4412
vn 0.3836 0.7209 0.5773
vn 0.0000 0.7806 0.6251
usemtl None
s 1
f 99/193/55 98/194/56 97/195/56 100/196/55
f 101/197/57 99/198/55 100/199/55 102/200/57
f 103/201/58 101/202/57 102/203/57 104/204/58
f 105/205/59 103/206/58 104/207/58 106/208/59
f 107/209/60 105/210/59 106/211/59 108/212/60
f 109/213/61 107/214/60 108/215/60 110/216/61
f 111/217/62 109/218/61 110/219/61 112/220/62
f 113/221/63 111/222/62 112/223/62 114/224/63
f 115/225/64 113/226/63 114/227/63 116/228/64
f 117/229/65 115/230/64 116/231/64 118/232/65
f 119/233/66 117/234/65 118/235/65 120/236/66
f 121/237/67 119/238/66 120/239/66 122/240/67
f 123/241/68 121/242/67 122/243/67 124/244/68
f 125/245/69 123/246/68 124/247/68 126/248/69
f 127/249/70 125/250/69 126/251/69 128/252/70
f 98/253/56 127/254/70 128/255/70 97/256/56
o Circle.034
v 8.373708 14.714715 -42.429745
v 8.373707 12.915195 -39.970203
v 8.266649 12.856562 -40.011177
v 8.266649 14.657921 -42.473228
v 8.195111 12.768807 -40.072498
v 8.195112 14.572919 -42.538311
v 8.169994 12.665287 -40.144836
v 8.169995 14.472645 -42.615086
v 8.195111 12.561771 -40.217167
v 8.195112 14.372373 -42.691853
v 8.266649 12.474014 -40.278492
v 8.266649 14.287369 -42.756939
v 8.373707 12.415380 -40.319462
v 8.373707 14.230573 -42.800426
v 8.499994 12.394785 -40.333855
v 8.499995 14.210624 -42.815697
v 8.626283 12.415380 -40.319462
v 8.626283 14.230573 -42.800426
v 8.733340 12.474014 -40.278496
v 8.733341 14.287369 -42.756939
v 8.804878 12.561770 -40.217175
v 8.804878 14.372373 -42.691853
v 8.829994 12.665287 -40.144836
v 8.829995 14.472644 -42.615086
v 8.804878 12.768807 -40.072498
v 8.804878 14.572919 -42.538315
v 8.733340 12.856562 -40.011177
v 8.733340 14.657920 -42.473228
v 8.626283 12.915195 -39.970203
v 8.626283 14.714715 -42.429745
v 8.499994 12.935788 -39.955811
v 8.499995 14.734664 -42.414474
vt 0.9926 0.0373
vt 0.9926 0.0373
vt 0.9922 0.0375
vt 0.9922 0.0375
vt 0.9855 0.0391
vt 0.9855 0.0391
vt 0.9851 0.0392
vt 0.9851 0.0392
vt 0.9776 0.0395
vt 0.9776 0.0395
vt 0.9771 0.0395
vt 0.9771 0.0395
vt 0.9700 0.0383
vt 0.9700 0.0383
vt 0.9696 0.0382
vt 0.9696 0.0382
vt 0.9639 0.0358
vt 0.9639 0.0358
vt 0.9636 0.0357
vt 0.9636 0.0357
vt 0.9602 0.0324
vt 0.9602 0.0324
vt 0.9600 0.0322
vt 0.9600 0.0322
vt 0.9595 0.0286
vt 0.9595 0.0286
vt 0.9595 0.0283
vt 0.9595 0.0283
vt 0.9618 0.0249
vt 0.9618 0.0249
vt 0.9620 0.0246
vt 0.9620 0.0246
vt 0.9669 0.0219
vt 0.9669 0.0219
vt 0.9673 0.0217
vt 0.9673 0.0217
vt 0.9740 0.0201
vt 0.9740 0.0201
vt 0.9744 0.0200
vt 0.9744 0.0200
vt 0.9819 0.0197
vt 0.9819 0.0197
vt 0.9823 0.0197
vt 0.9823 0.0197
vt 0.9895 0.0209
vt 0.9895 0.0209
vt 0.9899 0.0210
vt 0.9899 0.0210
vt 0.9956 0.0233
vt 0.9956 0.0233
vt 0.9959 0.0235
vt 0.9959 0.0235
vt 0.9993 0.0268
vt 0.9993 0.0268
vt 0.9995 0.0270
vt 0.9995 0.0270
vt 1.0000 0.0306
vt 1.0000 0.0306
vt 1.0000 0.0309
vt 1.0000 0.0309
vt 0.9976 0.0343
vt 0.9976 0.0343
vt 0.9975 0.0345
vt 0.9975 0.0345
vn -0.7084 0.5697 0.4168
vn -0.3836 0.7453 0.5453
vn -0.9248 0.3070 0.2246
vn -1.0000 -0.0022 -0.0016
vn -0.9229 -0.3108 -0.2274
vn -0.7057 -0.5718 -0.4184
vn -0.3817 -0.7460 -0.5458
vn -0.0000 -0.8071 -0.5905
vn 0.3816 -0.7460 -0.5458
vn 0.7057 -0.5718 -0.4184
vn 0.9229 -0.3108 -0.2274
vn 1.0000 -0.0022 -0.0016
vn 0.9248 0.3070 0.2246
vn 0.7084 0.5697 0.4168
vn 0.3836 0.7453 0.5453
vn -0.0000 0.8071 0.5905
usemtl None
s 1
f 131/257/71 130/258/72 129/259/72 132/260/71
f 133/261/73 131/262/71 132/263/71 134/264/73
f 135/265/74 133/266/73 134/267/73 136/268/74
f 137/269/75 135/270/74 136/271/74 138/272/75
f 139/273/76 137/274/75 138/275/75 140/276/76
f 141/277/77 139/278/76 140/279/76 142/280/77
f 143/281/78 141/282/77 142/283/77 144/284/78
f 145/285/79 143/286/78 144/287/78 146/288/79
f 147/289/80 145/290/79 146/291/79 148/292/80
f 149/293/81 147/294/80 148/295/80 150/296/81
f 151/297/82 149/298/81 150/299/81 152/300/82
f 153/301/83 151/302/82 152/303/82 154/304/83
f 155/305/84 153/306/83 154/307/83 156/308/84
f 157/309/85 155/310/84 156/311/84 158/312/85
f 159/313/86 157/314/85 158/315/85 160/316/86
f 130/317/72 159/318/86 160/319/86 129/320/72
o Circle.033
v 8.373707 12.915195 -39.970203
v 8.373706 11.223029 -37.432858
v 8.266648 11.162668 -37.471241
v 8.266649 12.856562 -40.011177
v 8.195110 11.072331 -37.528683
v 8.195111 12.768807 -40.072498
v 8.169994 10.965762 -37.596451
v 8.169994 12.665287 -40.144836
v 8.195110 10.859198 -37.664219
v 8.195111 12.561771 -40.217167
v 8.266648 10.768858 -37.721664
v 8.266649 12.474014 -40.278492
v 8.373706 10.708494 -37.760048
v 8.373707 12.415380 -40.319462
v 8.499994 10.687295 -37.773529
v 8.499994 12.394785 -40.333855
v 8.626282 10.708495 -37.760044
v 8.626283 12.415380 -40.319462
v 8.733339 10.768858 -37.721664
v 8.733340 12.474014 -40.278496
v 8.804877 10.859197 -37.664215
v 8.804878 12.561770 -40.217175
v 8.829994 10.965762 -37.596451
v 8.829994 12.665287 -40.144836
v 8.804877 11.072331 -37.528690
v 8.804878 12.768807 -40.072498
v 8.733339 11.162668 -37.471237
v 8.733340 12.856562 -40.011177
v 8.626282 11.223029 -37.432858
v 8.626283 12.915195 -39.970203
v 8.499994 11.244229 -37.419376
v 8.499994 12.935788 -39.955811
vt 0.9929 0.0371
vt 0.9929 0.0371
vt 0.9926 0.0373
vt 0.9926 0.0373
vt 0.9860 0.0390
vt 0.9860 0.0390
vt 0.9855 0.0391
vt 0.9855 0.0391
vt 0.9781 0.0395
vt 0.9781 0.0395
vt 0.9776 0.0395
vt 0.9776 0.0395
vt 0.9704 0.0384
vt 0.9704 0.0384
vt 0.9700 0.0383
vt 0.9700 0.0383
vt 0.9642 0.0360
vt 0.9642 0.0360
vt 0.9639 0.0358
vt 0.9639 0.0358
vt 0.9604 0.0326
vt 0.9604 0.0326
vt 0.9602 0.0324
vt 0.9602 0.0324
vt 0.9595 0.0288
vt 0.9595 0.0288
vt 0.9595 0.0286
vt 0.9595 0.0286
vt 0.9616 0.0251
vt 0.9616 0.0251
vt 0.9618 0.0249
vt 0.9618 0.0249
vt 0.9666 0.0220
vt 0.9666 0.0220
vt 0.9669 0.0219
vt 0.9669 0.0219
vt 0.9735 0.0202
vt 0.9735 0.0202
vt 0.9740 0.0201
vt 0.9740 0.0201
vt 0.9814 0.0197
vt 0.9814 0.0197
vt 0.9819 0.0197
vt 0.9819 0.0197
vt 0.9890 0.0208
vt 0.9890 0.0208
vt 0.9895 0.0209
vt 0.9895 0.0209
vt 0.9952 0.0232
vt 0.9952 0.0232
vt 0.9956 0.0233
vt 0.9956 0.0233
vt 0.9991 0.0266
vt 0.9991 0.0266
vt 0.9993 0.0268
vt 0.9993 0.0268
vt 1.0000 0.0304
vt 1.0000 0.0304
vt 1.0000 0.0306
vt 1.0000 0.0306
vt 0.9978 0.0341
vt 0.9978 0.0341
vt 0.9976 0.0343
vt 0.9976 0.0343
vn -0.7084 0.5872 0.3916
vn -0.3836 0.7683 0.5124
vn -0.9248 0.3165 0.2111
vn -1.0000 -0.0022 -0.0015
vn -0.9229 -0.3204 -0.2136
vn -0.7057 -0.5895 -0.3931
vn -0.3817 -0.7690 -0.5128
vn 0.0000 -0.8320 -0.5548
vn 0.3817 -0.7690 -0.5128
vn 0.7057 -0.5895 -0.3931
vn 0.9229 -0.3204 -0.2136
vn 1.0000 -0.0023 -0.0015
vn 1.0000 -0.0022 -0.0015
vn 0.9248 0.3165 0.2111
vn 0.7084 0.5872 0.3916
vn 0.3836 0.7683 0.5124
vn -0.0000 0.8320 0.5548
usemtl None
s 1
f 163/321/87 162/322/88 161/323/88 164/324/87
f 165/325/89 163/326/87 164/327/87 166/328/89
f 167/329/90 165/330/89 166/331/89 168/332/90
f 169/333/91 167/334/90 168/335/90 170/336/91
f 171/337/92 169/338/91 170/339/91 172/340/92
f 173/341/93 171/342/92 172/343/92 174/344/93
f 175/345/94 173/346/93 174/347/93 176/348/94
f 177/349/95 175/350/94 176/351/94 178/352/95
f 179/353/96 177/354/95 178/355/95 180/356/96
f 181/357/97 179/358/96 180/359/96 182/360/97
f 183/361/98 181/362/97 182/363/97 184/364/99
f 185/365/100 183/366/98 184/367/99 186/368/100
f 187/369/101 185/370/100 186/371/100 188/372/101
f 189/373/102 187/374/101 188/375/101 190/376/102
f 191/377/103 189/378/102 190/379/102 192/380/103
f 162/381/88 191/382/103 192/383/103 161/384/88
o Circle.032
v 8.373706 11.223029 -37.432858
v 8.373706 9.642394 -34.823433
v 8.266648 9.580417 -34.859146
v 8.266648 11.162668 -37.471241
v 8.195110 9.487659 -34.912598
v 8.195110 11.072331 -37.528683
v 8.169994 9.378236 -34.975655
v 8.169994 10.965762 -37.596451
v 8.195110 9.268817 -35.038704
v 8.195110 10.859198 -37.664219
v 8.266648 9.176057 -35.092159
v 8.266648 10.768858 -37.721664
v 8.373706 9.114079 -35.127872
v 8.373706 10.708494 -37.760048
v 8.499994 9.092310 -35.140415
v 8.499994 10.687295 -37.773529
v 8.626282 9.114079 -35.127872
v 8.626282 10.708495 -37.760044
v 8.733339 9.176057 -35.092159
v 8.733339 10.768858 -37.721664
v 8.804877 9.268816 -35.038704
v 8.804877 10.859197 -37.664215
v 8.829994 9.378236 -34.975655
v 8.829994 10.965762 -37.596451
v 8.804877 9.487659 -34.912601
v 8.804877 11.072331 -37.528690
v 8.733339 9.580417 -34.859150
v 8.733339 11.162668 -37.471237
v 8.626282 9.642394 -34.823433
v 8.626282 11.223029 -37.432858
v 8.499994 9.664162 -34.810890
v 8.499994 11.244229 -37.419376
vt 0.9932 0.0370
vt 0.9932 0.0370
vt 0.9929 0.0371
vt 0.9929 0.0371
vt 0.9864 0.0389
vt 0.9864 0.0389
vt 0.9860 0.0390
vt 0.9860 0.0390
vt 0.9785 0.0395
vt 0.9785 0.0395
vt 0.9781 0.0395
vt 0.9781 0.0395
vt 0.9709 0.0385
vt 0.9709 0.0385
vt 0.9704 0.0384
vt 0.9704 0.0384
vt 0.9646 0.0362
vt 0.9646 0.0362
vt 0.9642 0.0360
vt 0.9642 0.0360
vt 0.9606 0.0328
vt 0.9606 0.0328
vt 0.9604 0.0326
vt 0.9604 0.0326
vt 0.9595 0.0290
vt 0.9595 0.0290
vt 0.9595 0.0288
vt 0.9595 0.0288
vt 0.9615 0.0253
vt 0.9615 0.0253
vt 0.9616 0.0251
vt 0.9616 0.0251
vt 0.9662 0.0222
vt 0.9662 0.0222
vt 0.9666 0.0220
vt 0.9666 0.0220
vt 0.9731 0.0203
vt 0.9731 0.0203
vt 0.9735 0.0202
vt 0.9735 0.0202
vt 0.9809 0.0197
vt 0.9809 0.0197
vt 0.9814 0.0197
vt 0.9814 0.0197
vt 0.9886 0.0207
vt 0.9886 0.0207
vt 0.9890 0.0208
vt 0.9890 0.0208
vt 0.9949 0.0230
vt 0.9949 0.0230
vt 0.9952 0.0232
vt 0.9952 0.0232
vt 0.9989 0.0263
vt 0.9989 0.0263
vt 0.9991 0.0266
vt 0.9991 0.0266
vt 1.0000 0.0302
vt 1.0000 0.0302
vt 1.0000 0.0304
vt 1.0000 0.0304
vt 0.9980 0.0339
vt 0.9980 0.0339
vt 0.9978 0.0341
vt 0.9978 0.0341
vn -0.7084 0.6037 0.3657
vn -0.3836 0.7899 0.4785
vn -0.9248 0.3254 0.1971
vn -1.0000 -0.0023 -0.0014
vn -0.9229 -0.3294 -0.1995
vn -0.7057 -0.6060 -0.3671
vn -0.3816 -0.7906 -0.4789
vn -0.3817 -0.7906 -0.4789
vn 0.0000 -0.8553 -0.5181
vn 0.3816 -0.7906 -0.4789
vn 0.3817 -0.7906 -0.4789
vn 0.7057 -0.6060 -0.3671
vn 0.9229 -0.3294 -0.1995
vn 1.0000 -0.0023 -0.0014
vn 0.9248 0.3254 0.1971
vn 0.7084 0.6037 0.3657
vn 0.3836 0.7899 0.4785
vn 0.0000 0.8553 0.5181
usemtl None
s 1
f 195/385/104 194/386/105 193/387/105 196/388/104
f 197/389/106 195/390/104 196/391/104 198/392/106
f 199/393/107 197/394/106 198/395/106 200/396/107
f 201/397/108 199/398/107 200/399/107 202/400/108
f 203/401/109 201/402/108 202/403/108 204/404/109
f 205/405/110 203/406/109 204/407/109 206/408/111
f 207/409/112 205/410/110 206/411/111 208/412/112
f 209/413/113 207/414/112 208/415/112 210/416/114
f 211/417/115 209/418/113 210/419/114 212/420/115
f 213/421/116 211/422/115 212/423/115 214/424/116
f 215/425/117 213/426/116 214/427/116 216/428/117
f 217/429/118 215/430/117 216/431/117 218/432/118
f 219/433/119 217/434/118 218/435/118 220/436/119
f 221/437/120 219/438/119 220/439/119 222/440/120
f 223/441/121 221/442/120 222/443/120 224/444/121
f 194/445/105 223/446/121 224/447/121 193/448/105
o Circle.031
v 8.373706 9.642394 -34.823433
v 8.373707 8.177462 -32.147659
v 8.266649 8.113976 -32.180618
v 8.266648 9.580417 -34.859146
v 8.195111 8.018964 -32.229950
v 8.195110 9.487659 -34.912598
v 8.169994 7.906881 -32.288147
v 8.169994 9.378236 -34.975655
v 8.195111 7.794801 -32.346336
v 8.195110 9.268817 -35.038704
v 8.266649 7.699785 -32.395668
v 8.266648 9.176057 -35.092159
v 8.373707 7.636299 -32.428627
v 8.373706 9.114079 -35.127872
v 8.499994 7.614002 -32.440201
v 8.499994 9.092310 -35.140415
v 8.626282 7.636300 -32.428627
v 8.626282 9.114079 -35.127872
v 8.733339 7.699785 -32.395668
v 8.733339 9.176057 -35.092159
v 8.804877 7.794800 -32.346336
v 8.804877 9.268816 -35.038704
v 8.829994 7.906881 -32.288147
v 8.829994 9.378236 -34.975655
v 8.804877 8.018964 -32.229950
v 8.804877 9.487659 -34.912601
v 8.733339 8.113977 -32.180618
v 8.733339 9.580417 -34.859150
v 8.626282 8.177462 -32.147659
v 8.626282 9.642394 -34.823433
v 8.499994 8.199759 -32.136086
v 8.499994 9.664162 -34.810890
vt 0.9936 0.0368
vt 0.9936 0.0368
vt 0.9932 0.0370
vt 0.9932 0.0370
vt 0.9868 0.0388
vt 0.9868 0.0388
vt 0.9864 0.0389
vt 0.9864 0.0389
vt 0.9790 0.0395
vt 0.9790 0.0395
vt 0.9785 0.0395
vt 0.9785 0.0395
vt 0.9713 0.0386
vt 0.9713 0.0386
vt 0.9709 0.0385
vt 0.9709 0.0385
vt 0.9649 0.0363
vt 0.9649 0.0363
vt 0.9646 0.0362
vt 0.9646 0.0362
vt 0.9607 0.0330
vt 0.9607 0.0330
vt 0.9606 0.0328
vt 0.9606 0.0328
vt 0.9595 0.0292
vt 0.9595 0.0292
vt 0.9595 0.0290
vt 0.9595 0.0290
vt 0.9613 0.0255
vt 0.9613 0.0255
vt 0.9615 0.0253
vt 0.9615 0.0253
vt 0.9659 0.0224
vt 0.9659 0.0224
vt 0.9662 0.0222
vt 0.9662 0.0222
vt 0.9726 0.0203
vt 0.9726 0.0203
vt 0.9731 0.0203
vt 0.9731 0.0203
vt 0.9804 0.0197
vt 0.9804 0.0197
vt 0.9809 0.0197
vt 0.9809 0.0197
vt 0.9881 0.0206
vt 0.9881 0.0206
vt 0.9886 0.0207
vt 0.9886 0.0207
vt 0.9946 0.0229
vt 0.9946 0.0229
vt 0.9949 0.0230
vt 0.9949 0.0230
vt 0.9987 0.0261
vt 0.9987 0.0261
vt 0.9989 0.0263
vt 0.9989 0.0263
vt 1.0000 0.0299
vt 1.0000 0.0299
vt 1.0000 0.0302
vt 1.0000 0.0302
vt 0.9982 0.0337
vt 0.9982 0.0337
vt 0.9980 0.0339
vt 0.9980 0.0339
vn -0.7084 0.6191 0.3390
vn -0.3836 0.8101 0.4435
vn -0.9248 0.3337 0.1827
vn -1.0000 -0.0024 -0.0013
vn -0.9229 -0.3378 -0.1849
vn -0.7056 -0.6215 -0.3403
vn -0.7057 -0.6215 -0.3403
vn -0.3816 -0.8108 -0.4439
vn -0.3817 -0.8108 -0.4439
vn 0.0000 -0.8771 -0.4802
vn 0.3816 -0.8108 -0.4439
vn 0.3817 -0.8108 -0.4439
vn 0.7056 -0.6215 -0.3403
vn 0.7057 -0.6215 -0.3403
vn 0.9229 -0.3378 -0.1849
vn 1.0000 -0.0024 -0.0013
vn 0.9248 0.3337 0.1827
vn 0.7084 0.6191 0.3390
vn 0.3836 0.8101 0.4435
vn 0.0000 0.8771 0.4802
usemtl None
s 1
f 227/449/122 226/450/123 225/451/123 228/452/122
f 229/453/124 227/454/122 228/455/122 230/456/124
f 231/457/125 229/458/124 230/459/124 232/460/125
f 233/461/126 231/462/125 232/463/125 234/464/126
f 235/465/127 233/466/126 234/467/126 236/468/128
f 237/469/129 235/470/127 236/471/128 238/472/130
f 239/473/131 237/474/129 238/475/130 240/476/131
f 241/477/132 239/478/131 240/479/131 242/480/133
f 243/481/134 241/482/132 242/483/133 244/484/135
f 245/485/136 243/486/134 244/487/135 246/488/136
f 247/489/137 245/490/136 246/491/136 248/492/137
f 249/493/138 247/494/137 248/495/137 250/496/138
f 251/497/139 249/498/138 250/499/138 252/500/139
f 253/501/140 251/502/139 252/503/139 254/504/140
f 255/505/141 253/506/140 254/507/140 256/508/141
f 226/509/123 255/510/141 256/511/141 225/512/123
o Circle.030
v 8.373707 8.177462 -32.147659
v 8.373707 6.832399 -29.411264
v 8.266649 6.767517 -29.441381
v 8.266649 8.113976 -32.180618
v 8.195111 6.670413 -29.486460
v 8.195111 8.018964 -32.229950
v 8.169994 6.555865 -29.539635
v 8.169994 7.906881 -32.288147
v 8.195111 6.441319 -29.592810
v 8.195111 7.794801 -32.346336
v 8.266649 6.344213 -29.637886
v 8.266649 7.699785 -32.395668
v 8.373707 6.279331 -29.668005
v 8.373707 7.636299 -32.428627
v 8.499994 6.256543 -29.678583
v 8.499994 7.614002 -32.440201
v 8.626283 6.279331 -29.668007
v 8.626282 7.636300 -32.428627
v 8.733340 6.344213 -29.637888
v 8.733339 7.699785 -32.395668
v 8.804878 6.441318 -29.592810
v 8.804877 7.794800 -32.346336
v 8.829994 6.555865 -29.539635
v 8.829994 7.906881 -32.288147
v 8.804878 6.670413 -29.486460
v 8.804877 8.018964 -32.229950
v 8.733340 6.767517 -29.441381
v 8.733339 8.113977 -32.180618
v 8.626283 6.832399 -29.411264
v 8.626282 8.177462 -32.147659
v 8.499994 6.855186 -29.400686
v 8.499994 8.199759 -32.136086
vt 0.9939 0.0366
vt 0.9939 0.0366
vt 0.9936 0.0368
vt 0.9936 0.0368
vt 0.9873 0.0387
vt 0.9873 0.0387
vt 0.9868 0.0388
vt 0.9868 0.0388
vt 0.9795 0.0395
vt 0.9795 0.0395
vt 0.9790 0.0395
vt 0.9790 0.0395
vt 0.9718 0.0387
vt 0.9718 0.0387
vt 0.9713 0.0386
vt 0.9713 0.0386
vt 0.9652 0.0365
vt 0.9652 0.0365
vt 0.9649 0.0363
vt 0.9649 0.0363
vt 0.9609 0.0333
vt 0.9609 0.0333
vt 0.9607 0.0330
vt 0.9607 0.0330
vt 0.9595 0.0295
vt 0.9595 0.0295
vt 0.9595 0.0292
vt 0.9595 0.0292
vt 0.9611 0.0257
vt 0.9611 0.0257
vt 0.9613 0.0255
vt 0.9613 0.0255
vt 0.9656 0.0225
vt 0.9656 0.0225
vt 0.9659 0.0224
vt 0.9659 0.0224
vt 0.9722 0.0204
vt 0.9722 0.0204
vt 0.9726 0.0203
vt 0.9726 0.0203
vt 0.9800 0.0197
vt 0.9800 0.0197
vt 0.9804 0.0197
vt 0.9804 0.0197
vt 0.9877 0.0205
vt 0.9877 0.0205
vt 0.9881 0.0206
vt 0.9881 0.0206
vt 0.9942 0.0227
vt 0.9942 0.0227
vt 0.9946 0.0229
vt 0.9946 0.0229
vt 0.9985 0.0259
vt 0.9985 0.0259
vt 0.9987 0.0261
vt 0.9987 0.0261
vt 1.0000 0.0297
vt 1.0000 0.0297
vt 1.0000 0.0299
vt 1.0000 0.0299
vt 0.9984 0.0335
vt 0.9984 0.0335
vt 0.9982 0.0337
vt 0.9982 0.0337
vn -0.7084 0.6334 0.3114
vn -0.3836 0.8288 0.4074
vn -0.9248 0.3414 0.1678
vn -1.0000 -0.0025 -0.0012
vn -0.9229 -0.3456 -0.1699
vn -0.7056 -0.6359 -0.3126
vn -0.3816 -0.8295 -0.4077
vn -0.0000 -0.8974 -0.4411
vn 0.3816 -0.8295 -0.4077
vn 0.7056 -0.6359 -0.3126
vn 0.9229 -0.3456 -0.1699
vn 1.0000 -0.0025 -0.0012
vn 0.9248 0.3414 0.1678
vn 0.7084 0.6334 0.3114
vn 0.7084 0.6335 0.3114
vn 0.3836 0.8288 0.4074
vn -0.0000 0.8974 0.4411
usemtl None
s 1
f 259/513/142 258/514/143 257/515/143 260/516/142
f 261/517/144 259/518/142 260/519/142 262/520/144
f 263/521/145 261/522/144 262/523/144 264/524/145
f 265/525/146 263/526/145 264/527/145 266/528/146
f 267/529/147 265/530/146 266/531/146 268/532/147
f 269/533/148 267/534/147 268/535/147 270/536/148
f 271/537/149 269/538/148 270/539/148 272/540/149
f 273/541/150 271/542/149 272/543/149 274/544/150
f 275/545/151 273/546/150 274/547/150 276/548/151
f 277/549/152 275/550/151 276/551/151 278/552/152
f 279/553/153 277/554/152 278/555/152 280/556/153
f 281/557/154 279/558/153 280/559/153 282/560/154
f 283/561/155 281/562/154 282/563/154 284/564/156
f 285/565/157 283/566/155 284/567/156 286/568/157
f 287/569/158 285/570/157 286/571/157 288/572/158
f 258/573/143 287/574/158 288/575/158 257/576/143
o Circle.029
v 8.373707 6.832399 -29.411264
v 8.373708 5.611362 -26.619972
v 8.266650 5.545197 -26.647156
v 8.266649 6.767517 -29.441381
v 8.195112 5.446172 -26.687840
v 8.195111 6.670413 -29.486460
v 8.169995 5.329358 -26.735834
v 8.169994 6.555865 -29.539635
v 8.195112 5.212546 -26.783827
v 8.195111 6.441319 -29.592810
v 8.266650 5.113520 -26.824512
v 8.266649 6.344213 -29.637886
v 8.373708 5.047354 -26.851694
v 8.373707 6.279331 -29.668005
v 8.499995 5.024116 -26.861242
v 8.499994 6.256543 -29.678583
v 8.626284 5.047354 -26.851696
v 8.626283 6.279331 -29.668007
v 8.733341 5.113520 -26.824512
v 8.733340 6.344213 -29.637888
v 8.804878 5.212546 -26.783825
v 8.804878 6.441318 -29.592810
v 8.829995 5.329358 -26.735834
v 8.829994 6.555865 -29.539635
v 8.804878 5.446172 -26.687840
v 8.804878 6.670413 -29.486460
v 8.733341 5.545197 -26.647156
v 8.733340 6.767517 -29.441381
v 8.626284 5.611362 -26.619972
v 8.626283 6.832399 -29.411264
v 8.499995 5.634600 -26.610424
v 8.499994 6.855186 -29.400686
vt 0.9942 0.0365
vt 0.9942 0.0365
vt 0.9939 0.0366
vt 0.9939 0.0366
vt 0.9877 0.0387
vt 0.9877 0.0387
vt 0.9873 0.0387
vt 0.9873 0.0387
vt 0.9800 0.0395
vt 0.9800 0.0395
vt 0.9795 0.0395
vt 0.9795 0.0395
vt 0.9722 0.0387
vt 0.9722 0.0387
vt 0.9718 0.0387
vt 0.9718 0.0387
vt 0.9656 0.0366
vt 0.9656 0.0366
vt 0.9652 0.0365
vt 0.9652 0.0365
vt 0.9611 0.0335
vt 0.9611 0.0335
vt 0.9609 0.0333
vt 0.9609 0.0333
vt 0.9595 0.0297
vt 0.9595 0.0297
vt 0.9595 0.0295
vt 0.9595 0.0295
vt 0.9609 0.0259
vt 0.9609 0.0259
vt 0.9611 0.0257
vt 0.9611 0.0257
vt 0.9652 0.0227
vt 0.9652 0.0227
vt 0.9656 0.0225
vt 0.9656 0.0225
vt 0.9718 0.0205
vt 0.9718 0.0205
vt 0.9722 0.0204
vt 0.9722 0.0204
vt 0.9795 0.0197
vt 0.9795 0.0197
vt 0.9800 0.0197
vt 0.9800 0.0197
vt 0.9873 0.0204
vt 0.9873 0.0204
vt 0.9877 0.0205
vt 0.9877 0.0205
vt 0.9939 0.0225
vt 0.9939 0.0225
vt 0.9942 0.0227
vt 0.9942 0.0227
vt 0.9984 0.0257
vt 0.9984 0.0257
vt 0.9985 0.0259
vt 0.9985 0.0259
vt 1.0000 0.0295
vt 1.0000 0.0295
vt 1.0000 0.0297
vt 1.0000 0.0297
vt 0.9985 0.0333
vt 0.9985 0.0333
vt 0.9984 0.0335
vt 0.9984 0.0335
vn -0.7084 0.6466 0.2829
vn -0.3836 0.8461 0.3701
vn -0.7084 0.6467 0.2829
vn -0.9248 0.3485 0.1524
vn -0.9248 0.3485 0.1525
vn -1.0000 -0.0026 -0.0011
vn -1.0000 -0.0025 -0.0011
vn -0.9229 -0.3529 -0.1544
vn -0.9229 -0.3528 -0.1543
vn -0.7056 -0.6492 -0.2840
vn -0.3816 -0.8468 -0.3704
vn -0.0000 -0.9162 -0.4008
vn 0.3816 -0.8468 -0.3704
vn 0.7056 -0.6492 -0.2840
vn 0.9229 -0.3529 -0.1544
vn 0.9229 -0.3528 -0.1543
vn 1.0000 -0.0026 -0.0011
vn 1.0000 -0.0025 -0.0011
vn 0.9248 0.3485 0.1524
vn 0.9248 0.3485 0.1525
vn 0.7084 0.6466 0.2829
vn 0.7084 0.6467 0.2829
vn 0.3836 0.8461 0.3701
vn -0.0000 0.9162 0.4008
usemtl None
s 1
f 291/577/159 290/578/160 289/579/160 292/580/161
f 293/581/162 291/582/159 292/583/161 294/584/163
f 295/585/164 293/586/162 294/587/163 296/588/165
f 297/589/166 295/590/164 296/591/165 298/592/167
f 299/593/168 297/594/166 298/595/167 300/596/168
f 301/597/169 299/598/168 300/599/168 302/600/169
f 303/601/170 301/602/169 302/603/169 304/604/170
f 305/605/171 303/606/170 304/607/170 306/608/171
f 307/609/172 305/610/171 306/611/171 308/612/172
f 309/613/173 307/614/172 308/615/172 310/616/174
f 311/617/175 309/618/173 310/619/174 312/620/176
f 313/621/177 311/622/175 312/623/176 314/624/178
f 315/625/179 313/626/177 314/627/178 316/628/180
f 317/629/181 315/630/179 316/631/180 318/632/181
f 319/633/182 317/634/181 318/635/181 320/636/182
f 290/637/160 319/638/182 320/639/182 289/640/160
o Circle.028
v 8.373708 5.611362 -26.619972
v 8.373708 4.518504 -23.779514
v 8.266650 4.451173 -23.803667
v 8.266650 5.545197 -26.647156
v 8.195112 4.350403 -23.839811
v 8.195112 5.446172 -26.687840
v 8.169996 4.231529 -23.882450
v 8.169995 5.329358 -26.735834
v 8.195112 4.112659 -23.925091
v 8.195112 5.212546 -26.783827
v 8.266650 4.011887 -23.961233
v 8.266650 5.113520 -26.824512
v 8.373708 3.944555 -23.985386
v 8.373708 5.047354 -26.851694
v 8.499996 3.920907 -23.993868
v 8.499995 5.024116 -26.861242
v 8.626284 3.944555 -23.985388
v 8.626284 5.047354 -26.851696
v 8.733341 4.011887 -23.961235
v 8.733341 5.113520 -26.824512
v 8.804879 4.112659 -23.925087
v 8.804878 5.212546 -26.783825
v 8.829996 4.231529 -23.882450
v 8.829995 5.329358 -26.735834
v 8.804879 4.350403 -23.839813
v 8.804878 5.446172 -26.687840
v 8.733341 4.451173 -23.803667
v 8.733341 5.545197 -26.647156
v 8.626284 4.518504 -23.779514
v 8.626284 5.611362 -26.619972
v 8.499996 4.542151 -23.771032
v 8.499995 5.634600 -26.610424
vt 0.9946 0.0363
vt 0.9946 0.0363
vt 0.9942 0.0365
vt 0.9942 0.0365
vt 0.9881 0.0386
vt 0.9881 0.0386
vt 0.9877 0.0387
vt 0.9877 0.0387
vt 0.9804 0.0395
vt 0.9804 0.0395
vt 0.9800 0.0395
vt 0.9800 0.0395
vt 0.9726 0.0388
vt 0.9726 0.0388
vt 0.9722 0.0387
vt 0.9722 0.0387
vt 0.9659 0.0368
vt 0.9659 0.0368
vt 0.9656 0.0366
vt 0.9656 0.0366
vt 0.9613 0.0337
vt 0.9613 0.0337
vt 0.9611 0.0335
vt 0.9611 0.0335
vt 0.9595 0.0299
vt 0.9595 0.0299
vt 0.9595 0.0297
vt 0.9595 0.0297
vt 0.9607 0.0261
vt 0.9607 0.0261
vt 0.9609 0.0259
vt 0.9609 0.0259
vt 0.9649 0.0229
vt 0.9649 0.0229
vt 0.9652 0.0227
vt 0.9652 0.0227
vt 0.9713 0.0206
vt 0.9713 0.0206
vt 0.9718 0.0205
vt 0.9718 0.0205
vt 0.9790 0.0197
vt 0.9790 0.0197
vt 0.9795 0.0197
vt 0.9795 0.0197
vt 0.9868 0.0203
vt 0.9868 0.0203
vt 0.9873 0.0204
vt 0.9873 0.0204
vt 0.9936 0.0224
vt 0.9936 0.0224
vt 0.9939 0.0225
vt 0.9939 0.0225
vt 0.9982 0.0255
vt 0.9982 0.0255
vt 0.9984 0.0257
vt 0.9984 0.0257
vt 1.0000 0.0292
vt 1.0000 0.0292
vt 1.0000 0.0295
vt 1.0000 0.0295
vt 0.9987 0.0330
vt 0.9987 0.0330
vt 0.9985 0.0333
vt 0.9985 0.0333
vn -0.7084 0.6587 0.2534
vn -0.3836 0.8619 0.3316
vn -0.9248 0.3550 0.1366
vn -1.0000 -0.0027 -0.0010
vn -1.0000 -0.0026 -0.0010
vn -0.9228 -0.3595 -0.1383
vn -0.9229 -0.3595 -0.1383
vn -0.7056 -0.6614 -0.2545
vn -0.7056 -0.6613 -0.2544
vn -0.3816 -0.8627 -0.3319
vn -0.0000 -0.9333 -0.3591
vn 0.3816 -0.8627 -0.3319
vn 0.7056 -0.6614 -0.2545
vn 0.7056 -0.6613 -0.2544
vn 0.9228 -0.3595 -0.1383
vn 0.9229 -0.3595 -0.1383
vn 1.0000 -0.0027 -0.0010
vn 1.0000 -0.0026 -0.0010
vn 0.9248 0.3550 0.1366
vn 0.7084 0.6587 0.2534
vn 0.3836 0.8619 0.3316
vn 0.0000 0.9333 0.3591
usemtl None
s 1
f 323/641/183 322/642/184 321/643/184 324/644/183
f 325/645/185 323/646/183 324/647/183 326/648/185
f 327/649/186 325/650/185 326/651/185 328/652/187
f 329/653/188 327/654/186 328/655/187 330/656/189
f 331/657/190 329/658/188 330/659/189 332/660/191
f 333/661/192 331/662/190 332/663/191 334/664/192
f 335/665/193 333/666/192 334/667/192 336/668/193
f 337/669/194 335/670/193 336/671/193 338/672/194
f 339/673/195 337/674/194 338/675/194 340/676/196
f 341/677/197 339/678/195 340/679/196 342/680/198
f 343/681/199 341/682/197 342/683/198 344/684/200
f 345/685/201 343/686/199 344/687/200 346/688/201
f 347/689/202 345/690/201 346/691/201 348/692/202
f 349/693/203 347/694/202 348/695/202 350/696/203
f 351/697/204 349/698/203 350/699/203 352/700/204
f 322/701/184 351/702/204 352/703/204 321/704/184
o Circle.027
v 8.373708 4.518504 -23.779514
v 8.373709 3.557971 -20.895617
v 8.266651 3.489597 -20.916632
v 8.266650 4.451173 -23.803667
v 8.195113 3.387265 -20.948088
v 8.195112 4.350403 -23.839811
v 8.169997 3.266551 -20.985193
v 8.169996 4.231529 -23.882450
v 8.195113 3.145838 -21.022297
v 8.195112 4.112659 -23.925091
v 8.266651 3.043505 -21.053753
v 8.266650 4.011887 -23.961233
v 8.373709 2.975129 -21.074770
v 8.373708 3.944555 -23.985386
v 8.499997 2.951115 -21.082153
v 8.499996 3.920907 -23.993868
v 8.626285 2.975129 -21.074770
v 8.626284 3.944555 -23.985388
v 8.733342 3.043505 -21.053753
v 8.733341 4.011887 -23.961235
v 8.804880 3.145838 -21.022297
v 8.804879 4.112659 -23.925087
v 8.829997 3.266551 -20.985193
v 8.829996 4.231529 -23.882450
v 8.804880 3.387265 -20.948088
v 8.804879 4.350403 -23.839813
v 8.733342 3.489597 -20.916634
v 8.733341 4.451173 -23.803667
v 8.626285 3.557971 -20.895617
v 8.626284 4.518504 -23.779514
v 8.499997 3.581985 -20.888233
v 8.499996 4.542151 -23.771032
vt 0.9949 0.0362
vt 0.9949 0.0362
vt 0.9946 0.0363
vt 0.9946 0.0363
vt 0.9886 0.0385
vt 0.9886 0.0385
vt 0.9881 0.0386
vt 0.9881 0.0386
vt 0.9809 0.0395
vt 0.9809 0.0395
vt 0.9804 0.0395
vt 0.9804 0.0395
vt 0.9731 0.0389
vt 0.9731 0.0389
vt 0.9726 0.0388
vt 0.9726 0.0388
vt 0.9662 0.0370
vt 0.9662 0.0370
vt 0.9659 0.0368
vt 0.9659 0.0368
vt 0.9615 0.0339
vt 0.9615 0.0339
vt 0.9613 0.0337
vt 0.9613 0.0337
vt 0.9595 0.0302
vt 0.9595 0.0302
vt 0.9595 0.0299
vt 0.9595 0.0299
vt 0.9606 0.0263
vt 0.9606 0.0263
vt 0.9607 0.0261
vt 0.9607 0.0261
vt 0.9646 0.0230
vt 0.9646 0.0230
vt 0.9649 0.0229
vt 0.9649 0.0229
vt 0.9709 0.0207
vt 0.9709 0.0207
vt 0.9713 0.0206
vt 0.9713 0.0206
vt 0.9785 0.0197
vt 0.9785 0.0197
vt 0.9790 0.0197
vt 0.9790 0.0197
vt 0.9864 0.0203
vt 0.9864 0.0203
vt 0.9868 0.0203
vt 0.9868 0.0203
vt 0.9932 0.0222
vt 0.9932 0.0222
vt 0.9936 0.0224
vt 0.9936 0.0224
vt 0.9980 0.0253
vt 0.9980 0.0253
vt 0.9982 0.0255
vt 0.9982 0.0255
vt 1.0000 0.0290
vt 1.0000 0.0290
vt 1.0000 0.0292
vt 1.0000 0.0292
vt 0.9989 0.0328
vt 0.9989 0.0328
vt 0.9987 0.0330
vt 0.9987 0.0330
vn -0.7084 0.6696 0.2230
vn -0.3836 0.8762 0.2918
vn -0.9249 0.3608 0.1202
vn -0.9248 0.3609 0.1202
vn -1.0000 -0.0027 -0.0009
vn -0.9228 -0.3655 -0.1217
vn -0.7056 -0.6723 -0.2239
vn -0.3816 -0.8770 -0.2921
vn 0.0000 -0.9488 -0.3160
vn 0.3816 -0.8770 -0.2921
vn 0.7056 -0.6723 -0.2239
vn 0.9228 -0.3655 -0.1217
vn 1.0000 -0.0027 -0.0009
vn 0.9249 0.3608 0.1202
vn 0.9248 0.3609 0.1202
vn 0.7084 0.6696 0.2230
vn 0.3836 0.8762 0.2918
vn 0.0000 0.9488 0.3160
usemtl None
s 1
f 355/705/205 354/706/206 353/707/206 356/708/205
f 357/709/207 355/710/205 356/711/205 358/712/208
f 359/713/209 357/714/207 358/715/208 360/716/209
f 361/717/210 359/718/209 360/719/209 362/720/210
f 363/721/211 361/722/210 362/723/210 364/724/211
f 365/725/212 363/726/211 364/727/211 366/728/212
f 367/729/213 365/730/212 366/731/212 368/732/213
f 369/733/214 367/734/213 368/735/213 370/736/214
f 371/737/215 369/738/214 370/739/214 372/740/215
f 373/741/216 371/742/215 372/743/215 374/744/216
f 375/745/217 373/746/216 374/747/216 376/748/217
f 377/749/218 375/750/217 376/751/217 378/752/219
f 379/753/220 377/754/218 378/755/219 380/756/220
f 381/757/221 379/758/220 380/759/220 382/760/221
f 383/761/222 381/762/221 382/763/221 384/764/222
f 354/765/206 383/766/222 384/767/222 353/768/206
o Circle.026
v 8.373709 3.557971 -20.895617
v 8.373710 2.733902 -17.973999
v 8.266652 2.664614 -17.991777
v 8.266651 3.489597 -20.916632
v 8.195114 2.560915 -18.018383
v 8.195113 3.387265 -20.948088
v 8.169997 2.438589 -18.049770
v 8.169997 3.266551 -20.985193
v 8.195114 2.316264 -18.081154
v 8.195113 3.145838 -21.022297
v 8.266652 2.212565 -18.107761
v 8.266651 3.043505 -21.053753
v 8.373710 2.143277 -18.125538
v 8.373709 2.975129 -21.074770
v 8.499997 2.118942 -18.131783
v 8.499997 2.951115 -21.082153
v 8.626286 2.143277 -18.125538
v 8.626285 2.975129 -21.074770
v 8.733343 2.212566 -18.107761
v 8.733342 3.043505 -21.053753
v 8.804881 2.316264 -18.081156
v 8.804880 3.145838 -21.022297
v 8.829998 2.438589 -18.049770
v 8.829997 3.266551 -20.985193
v 8.804881 2.560916 -18.018383
v 8.804880 3.387265 -20.948088
v 8.733343 2.664614 -17.991777
v 8.733342 3.489597 -20.916634
v 8.626286 2.733902 -17.973999
v 8.626285 3.557971 -20.895617
v 8.499997 2.758235 -17.967754
v 8.499997 3.581985 -20.888233
vt 0.9952 0.0360
vt 0.9952 0.0360
vt 0.9949 0.0362
vt 0.9949 0.0362
vt 0.9890 0.0384
vt 0.9890 0.0384
vt 0.9886 0.0385
vt 0.9886 0.0385
vt 0.9814 0.0395
vt 0.9814 0.0395
vt 0.9809 0.0395
vt 0.9809 0.0395
vt 0.9735 0.0390
vt 0.9735 0.0390
vt 0.9731 0.0389
vt 0.9731 0.0389
vt 0.9666 0.0371
vt 0.9666 0.0371
vt 0.9662 0.0370
vt 0.9662 0.0370
vt 0.9616 0.0341
vt 0.9616 0.0341
vt 0.9615 0.0339
vt 0.9615 0.0339
vt 0.9595 0.0304
vt 0.9595 0.0304
vt 0.9595 0.0302
vt 0.9595 0.0302
vt 0.9604 0.0266
vt 0.9604 0.0266
vt 0.9606 0.0263
vt 0.9606 0.0263
vt 0.9642 0.0232
vt 0.9642 0.0232
vt 0.9646 0.0230
vt 0.9646 0.0230
vt 0.9704 0.0208
vt 0.9704 0.0208
vt 0.9709 0.0207
vt 0.9709 0.0207
vt 0.9781 0.0197
vt 0.9781 0.0197
vt 0.9785 0.0197
vt 0.9785 0.0197
vt 0.9860 0.0202
vt 0.9860 0.0202
vt 0.9864 0.0203
vt 0.9864 0.0203
vt 0.9929 0.0220
vt 0.9929 0.0220
vt 0.9932 0.0222
vt 0.9932 0.0222
vt 0.9978 0.0251
vt 0.9978 0.0251
vt 0.9980 0.0253
vt 0.9980 0.0253
vt 1.0000 0.0288
vt 1.0000 0.0288
vt 1.0000 0.0290
vt 1.0000 0.0290
vt 0.9991 0.0326
vt 0.9991 0.0326
vt 0.9989 0.0328
vt 0.9989 0.0328
vn -0.7085 0.6792 0.1916
vn -0.3836 0.8888 0.2507
vn -0.7084 0.6793 0.1916
vn -0.9249 0.3660 0.1032
vn -1.0000 -0.0028 -0.0008
vn -0.9228 -0.3708 -0.1046
vn -0.7055 -0.6821 -0.1924
vn -0.7056 -0.6820 -0.1924
vn -0.3816 -0.8896 -0.2509
vn 0.0000 -0.9624 -0.2715
vn 0.3816 -0.8896 -0.2509
vn 0.7055 -0.6821 -0.1924
vn 0.7056 -0.6820 -0.1924
vn 0.9228 -0.3708 -0.1046
vn 1.0000 -0.0028 -0.0008
vn 0.9249 0.3660 0.1032
vn 0.7085 0.6792 0.1916
vn 0.7084 0.6793 0.1916
vn 0.3836 0.8888 0.2507
vn 0.0000 0.9624 0.2715
usemtl None
s 1
f 387/769/223 386/770/224 385/771/224 388/772/225
f 389/773/226 387/774/223 388/775/225 390/776/226
f 391/777/227 389/778/226 390/779/226 392/780/227
f 393/781/228 391/782/227 392/783/227 394/784/228
f 395/785/229 393/786/228 394/787/228 396/788/230
f 397/789/231 395/790/229 396/791/230 398/792/231
f 399/793/232 397/794/231 398/795/231 400/796/232
f 401/797/233 399/798/232 400/799/232 402/800/233
f 403/801/234 401/802/233 402/803/233 404/804/235
f 405/805/236 403/806/234 404/807/235 406/808/236
f 407/809/237 405/810/236 406/811/236 408/812/237
f 409/813/238 407/814/237 408/815/237 410/816/238
f 411/817/239 409/818/238 410/819/238 412/820/240
f 413/821/241 411/822/239 412/823/240 414/824/241
f 415/825/242 413/826/241 414/827/241 416/828/242
f 386/829/224 415/830/242 416/831/242 385/832/224
o Circle.025
v 8.373710 2.733902 -17.973999
v 8.373711 2.050426 -15.020386
v 8.266653 1.980364 -15.034818
v 8.266652 2.664614 -17.991777
v 8.195115 1.875509 -15.056416
v 8.195114 2.560915 -18.018383
v 8.169998 1.751817 -15.081892
v 8.169997 2.438589 -18.049770
v 8.195115 1.628126 -15.107370
v 8.195114 2.316264 -18.081154
v 8.266653 1.523269 -15.128967
v 8.266652 2.212565 -18.107761
v 8.373711 1.453207 -15.143396
v 8.373710 2.143277 -18.125538
v 8.499998 1.428601 -15.148465
v 8.499997 2.118942 -18.131783
v 8.626287 1.453207 -15.143398
v 8.626286 2.143277 -18.125538
v 8.733344 1.523269 -15.128967
v 8.733343 2.212566 -18.107761
v 8.804882 1.628126 -15.107369
v 8.804881 2.316264 -18.081156
v 8.829998 1.751817 -15.081892
v 8.829998 2.438589 -18.049770
v 8.804882 1.875508 -15.056417
v 8.804881 2.560916 -18.018383
v 8.733344 1.980364 -15.034819
v 8.733343 2.664614 -17.991777
v 8.626287 2.050426 -15.020386
v 8.626286 2.733902 -17.973999
v 8.499998 2.075032 -15.015319
v 8.499997 2.758235 -17.967754
vt 0.9956 0.0358
vt 0.9956 0.0358
vt 0.9952 0.0360
vt 0.9952 0.0360
vt 0.9895 0.0383
vt 0.9895 0.0383
vt 0.9890 0.0384
vt 0.9890 0.0384
vt 0.9819 0.0395
vt 0.9819 0.0395
vt 0.9814 0.0395
vt 0.9814 0.0395
vt 0.9740 0.0391
vt 0.9740 0.0391
vt 0.9735 0.0390
vt 0.9735 0.0390
vt 0.9669 0.0373
vt 0.9669 0.0373
vt 0.9666 0.0371
vt 0.9666 0.0371
vt 0.9618 0.0343
vt 0.9618 0.0343
vt 0.9616 0.0341
vt 0.9616 0.0341
vt 0.9595 0.0306
vt 0.9595 0.0306
vt 0.9595 0.0304
vt 0.9595 0.0304
vt 0.9602 0.0268
vt 0.9602 0.0268
vt 0.9604 0.0266
vt 0.9604 0.0266
vt 0.9639 0.0233
vt 0.9639 0.0233
vt 0.9642 0.0232
vt 0.9642 0.0232
vt 0.9700 0.0209
vt 0.9700 0.0209
vt 0.9704 0.0208
vt 0.9704 0.0208
vt 0.9776 0.0197
vt 0.9776 0.0197
vt 0.9781 0.0197
vt 0.9781 0.0197
vt 0.9855 0.0201
vt 0.9855 0.0201
vt 0.9860 0.0202
vt 0.9860 0.0202
vt 0.9926 0.0219
vt 0.9926 0.0219
vt 0.9929 0.0220
vt 0.9929 0.0220
vt 0.9976 0.0249
vt 0.9976 0.0249
vt 0.9978 0.0251
vt 0.9978 0.0251
vt 1.0000 0.0286
vt 1.0000 0.0286
vt 1.0000 0.0288
vt 1.0000 0.0288
vt 0.9993 0.0324
vt 0.9993 0.0324
vt 0.9991 0.0326
vt 0.9991 0.0326
vn -0.7085 0.6875 0.1591
vn -0.3837 0.8997 0.2082
vn -0.3836 0.8997 0.2082
vn -0.7085 0.6876 0.1591
vn -0.9249 0.3704 0.0857
vn -0.9249 0.3705 0.0857
vn -1.0000 -0.0029 -0.0007
vn -0.9228 -0.3754 -0.0869
vn -0.7055 -0.6905 -0.1598
vn -0.7055 -0.6904 -0.1598
vn -0.3815 -0.9006 -0.2084
vn -0.3816 -0.9005 -0.2084
vn -0.0000 -0.9743 -0.2254
vn 0.3815 -0.9006 -0.2084
vn 0.3816 -0.9005 -0.2084
vn 0.7055 -0.6905 -0.1598
vn 0.7055 -0.6904 -0.1598
vn 0.9228 -0.3754 -0.0869
vn 1.0000 -0.0029 -0.0007
vn 0.9249 0.3704 0.0857
vn 0.9249 0.3705 0.0857
vn 0.7085 0.6875 0.1591
vn 0.7085 0.6876 0.1591
vn 0.3837 0.8997 0.2082
vn 0.3836 0.8997 0.2082
vn -0.0000 0.9743 0.2254
usemtl None
s 1
f 419/833/243 418/834/244 417/835/245 420/836/246
f 421/837/247 419/838/243 420/839/246 422/840/248
f 423/841/249 421/842/247 422/843/248 424/844/249
f 425/845/250 423/846/249 424/847/249 426/848/250
f 427/849/251 425/850/250 426/851/250 428/852/252
f 429/853/253 427/854/251 428/855/252 430/856/254
f 431/857/255 429/858/253 430/859/254 432/860/255
f 433/861/256 431/862/255 432/863/255 434/864/257
f 435/865/258 433/866/256 434/867/257 436/868/259
f 437/869/260 435/870/258 436/871/259 438/872/260
f 439/873/261 437/874/260 438/875/260 440/876/261
f 441/877/262 439/878/261 440/879/261 442/880/263
f 443/881/264 441/882/262 442/883/263 444/884/265
f 445/885/266 443/886/264 444/887/265 446/888/267
f 447/889/268 445/890/266 446/891/267 448/892/268
f 418/893/244 447/894/268 448/895/268 417/896/245
o Circle.024
v 8.373711 2.050426 -15.020386
v 8.373712 1.511669 -12.040487
v 8.266653 1.440984 -12.051464
v 8.266653 1.980364 -15.034818
v 8.195116 1.335194 -12.067890
v 8.195115 1.875509 -15.056416
v 8.169999 1.210401 -12.087267
v 8.169998 1.751817 -15.081892
v 8.195116 1.085609 -12.106646
v 8.195115 1.628126 -15.107370
v 8.266653 0.979819 -12.123072
v 8.266653 1.523269 -15.128967
v 8.373712 0.909134 -12.134047
v 8.373711 1.453207 -15.143396
v 8.499999 0.884309 -12.137902
v 8.499998 1.428601 -15.148465
v 8.626287 0.909134 -12.134047
v 8.626287 1.453207 -15.143398
v 8.733344 0.979819 -12.123072
v 8.733344 1.523269 -15.128967
v 8.804882 1.085609 -12.106645
v 8.804882 1.628126 -15.107369
v 8.829999 1.210401 -12.087267
v 8.829998 1.751817 -15.081892
v 8.804882 1.335194 -12.067891
v 8.804882 1.875508 -15.056417
v 8.733344 1.440984 -12.051464
v 8.733344 1.980364 -15.034819
v 8.626287 1.511669 -12.040487
v 8.626287 2.050426 -15.020386
v 8.499999 1.536494 -12.036633
v 8.499998 2.075032 -15.015319
vt 0.9959 0.0357
vt 0.9959 0.0357
vt 0.9956 0.0358
vt 0.9956 0.0358
vt 0.9899 0.0382
vt 0.9899 0.0382
vt 0.9895 0.0383
vt 0.9895 0.0383
vt 0.9823 0.0395
vt 0.9823 0.0395
vt 0.9819 0.0395
vt 0.9819 0.0395
vt 0.9744 0.0392
vt 0.9744 0.0392
vt 0.9740 0.0391
vt 0.9740 0.0391
vt 0.9673 0.0375
vt 0.9673 0.0375
vt 0.9669 0.0373
vt 0.9669 0.0373
vt 0.9620 0.0345
vt 0.9620 0.0345
vt 0.9618 0.0343
vt 0.9618 0.0343
vt 0.9595 0.0309
vt 0.9595 0.0309
vt 0.9595 0.0306
vt 0.9595 0.0306
vt 0.9600 0.0270
vt 0.9600 0.0270
vt 0.9602 0.0268
vt 0.9602 0.0268
vt 0.9636 0.0235
vt 0.9636 0.0235
vt 0.9639 0.0233
vt 0.9639 0.0233
vt 0.9696 0.0210
vt 0.9696 0.0210
vt 0.9700 0.0209
vt 0.9700 0.0209
vt 0.9771 0.0197
vt 0.9771 0.0197
vt 0.9776 0.0197
vt 0.9776 0.0197
vt 0.9851 0.0200
vt 0.9851 0.0200
vt 0.9855 0.0201
vt 0.9855 0.0201
vt 0.9922 0.0217
vt 0.9922 0.0217
vt 0.9926 0.0219
vt 0.9926 0.0219
vt 0.9975 0.0246
vt 0.9975 0.0246
vt 0.9976 0.0249
vt 0.9976 0.0249
vt 1.0000 0.0283
vt 1.0000 0.0283
vt 1.0000 0.0286
vt 1.0000 0.0286
vt 0.9995 0.0322
vt 0.9995 0.0322
vt 0.9993 0.0324
vt 0.9993 0.0324
vn -0.7085 0.6944 0.1255
vn -0.3837 0.9087 0.1643
vn -0.7085 0.6945 0.1256
vn -0.9249 0.3741 0.0676
vn -1.0000 -0.0030 -0.0005
vn -0.9227 -0.3793 -0.0686
vn -0.9228 -0.3792 -0.0686
vn -0.7055 -0.6975 -0.1261
vn -0.7055 -0.6974 -0.1261
vn -0.3815 -0.9096 -0.1645
vn -0.0000 -0.9840 -0.1779
vn 0.3815 -0.9096 -0.1645
vn 0.7055 -0.6975 -0.1261
vn 0.7055 -0.6974 -0.1261
vn 0.9227 -0.3793 -0.0686
vn 0.9228 -0.3792 -0.0686
vn 1.0000 -0.0030 -0.0005
vn 0.9249 0.3741 0.0676
vn 0.7085 0.6944 0.1255
vn 0.7085 0.6945 0.1256
vn 0.3837 0.9087 0.1643
vn -0.0000 0.9840 0.1779
usemtl None
s 1
f 451/897/269 450/898/270 449/899/270 452/900/271
f 453/901/272 451/902/269 452/903/271 454/904/272
f 455/905/273 453/906/272 454/907/272 456/908/273
f 457/909/274 455/910/273 456/911/273 458/912/275
f 459/913/276 457/914/274 458/915/275 460/916/277
f 461/917/278 459/918/276 460/919/277 462/920/278
f 463/921/279 461/922/278 462/923/278 464/924/279
f 465/925/280 463/926/279 464/927/279 466/928/280
f 467/929/281 465/930/280 466/931/280 468/932/282
f 469/933/283 467/934/281 468/935/282 470/936/284
f 471/937/285 469/938/283 470/939/284 472/940/285
f 473/941/286 471/942/285 472/943/285 474/944/286
f 475/945/287 473/946/286 474/947/286 476/948/288
f 477/949/289 475/950/287 476/951/288 478/952/289
f 479/953/290 477/954/289 478/955/289 480/956/290
f 450/957/270 479/958/290 480/959/290 449/960/270
o Circle.023
v 8.373712 1.511669 -12.040487
v 8.373712 1.121750 -9.040008
v 8.266654 1.050603 -9.047421
v 8.266653 1.440984 -12.051464
v 8.195116 0.944122 -9.058517
v 8.195116 1.335194 -12.067890
v 8.169999 0.818514 -9.071605
v 8.169999 1.210401 -12.087267
v 8.195116 0.692906 -9.084693
v 8.195116 1.085609 -12.106646
v 8.266654 0.586425 -9.095789
v 8.266653 0.979819 -12.123072
v 8.373712 0.515278 -9.103202
v 8.373712 0.909134 -12.134047
v 8.500000 0.490291 -9.105805
v 8.499999 0.884309 -12.137902
v 8.626287 0.515278 -9.103203
v 8.626287 0.909134 -12.134047
v 8.733345 0.586425 -9.095789
v 8.733344 0.979819 -12.123072
v 8.804883 0.692906 -9.084693
v 8.804882 1.085609 -12.106645
v 8.830000 0.818514 -9.071605
v 8.829999 1.210401 -12.087267
v 8.804883 0.944122 -9.058517
v 8.804882 1.335194 -12.067891
v 8.733345 1.050603 -9.047422
v 8.733344 1.440984 -12.051464
v 8.626287 1.121750 -9.040008
v 8.626287 1.511669 -12.040487
v 8.500000 1.146737 -9.037404
v 8.499999 1.536494 -12.036633
vt 0.9962 0.0355
vt 0.9962 0.0355
vt 0.9959 0.0357
vt 0.9959 0.0357
vt 0.9903 0.0381
vt 0.9903 0.0381
vt 0.9899 0.0382
vt 0.9899 0.0382
vt 0.9828 0.0395
vt 0.9828 0.0395
vt 0.9823 0.0395
vt 0.9823 0.0395
vt 0.9748 0.0393
vt 0.9748 0.0393
vt 0.9744 0.0392
vt 0.9744 0.0392
vt 0.9676 0.0376
vt 0.9676 0.0376
vt 0.9673 0.0375
vt 0.9673 0.0375
vt 0.9622 0.0348
vt 0.9622 0.0348
vt 0.9620 0.0345
vt 0.9620 0.0345
vt 0.9595 0.0311
vt 0.9595 0.0311
vt 0.9595 0.0309
vt 0.9595 0.0309
vt 0.9598 0.0272
vt 0.9598 0.0272
vt 0.9600 0.0270
vt 0.9600 0.0270
vt 0.9632 0.0237
vt 0.9632 0.0237
vt 0.9636 0.0235
vt 0.9636 0.0235
vt 0.9691 0.0211
vt 0.9691 0.0211
vt 0.9696 0.0210
vt 0.9696 0.0210
vt 0.9767 0.0197
vt 0.9767 0.0197
vt 0.9771 0.0197
vt 0.9771 0.0197
vt 0.9846 0.0199
vt 0.9846 0.0199
vt 0.9851 0.0200
vt 0.9851 0.0200
vt 0.9919 0.0216
vt 0.9919 0.0216
vt 0.9922 0.0217
vt 0.9922 0.0217
vt 0.9973 0.0244
vt 0.9973 0.0244
vt 0.9975 0.0246
vt 0.9975 0.0246
vt 1.0000 0.0281
vt 1.0000 0.0281
vt 1.0000 0.0283
vt 1.0000 0.0283
vt 0.9996 0.0320
vt 0.9996 0.0320
vt 0.9995 0.0322
vt 0.9995 0.0322
vn -0.7086 0.6998 0.0909
vn -0.3837 0.9158 0.1190
vn -0.7085 0.6998 0.0909
vn -0.9250 0.3769 0.0490
vn -0.9249 0.3770 0.0490
vn -1.0000 -0.0031 -0.0004
vn -0.9227 -0.3823 -0.0497
vn -0.9227 -0.3822 -0.0497
vn -0.7054 -0.7029 -0.0913
vn -0.3815 -0.9167 -0.1191
vn -0.0000 -0.9917 -0.1289
vn 0.3815 -0.9167 -0.1191
vn 0.7054 -0.7029 -0.0913
vn 0.9227 -0.3823 -0.0497
vn 0.9227 -0.3822 -0.0497
vn 1.0000 -0.0031 -0.0004
vn 0.9249 0.3769 0.0490
vn 0.9249 0.3770 0.0490
vn 0.7086 0.6998 0.0909
vn 0.7085 0.6998 0.0909
vn 0.3837 0.9158 0.1190
vn 0.0000 0.9917 0.1289
usemtl None
s 1
f 483/961/291 482/962/292 481/963/292 484/964/293
f 485/965/294 483/966/291 484/967/293 486/968/295
f 487/969/296 485/970/294 486/971/295 488/972/296
f 489/973/297 487/974/296 488/975/296 490/976/298
f 491/977/299 489/978/297 490/979/298 492/980/299
f 493/981/300 491/982/299 492/983/299 494/984/300
f 495/985/301 493/986/300 494/987/300 496/988/301
f 497/989/302 495/990/301 496/991/301 498/992/302
f 499/993/303 497/994/302 498/995/302 500/996/303
f 501/997/304 499/998/303 500/999/303 502/1000/305
f 503/1001/306 501/1002/304 502/1003/305 504/1004/306
f 505/1005/307 503/1006/306 504/1007/306 506/1008/308
f 507/1009/309 505/1010/307 506/1011/308 508/1012/310
f 509/1013/311 507/1014/309 508/1015/310 510/1016/311
f 511/1017/312 509/1018/311 510/1019/311 512/1020/312
f 482/1021/292 511/1022/312 512/1023/312 481/1024/292
o Circle.022
v 8.373712 1.121750 -9.040008
v 8.373712 0.884783 -6.024639
v 8.266654 0.813348 -6.028387
v 8.266654 1.050603 -9.047421
v 8.195116 0.706438 -6.033996
v 8.195116 0.944122 -9.058517
v 8.170000 0.580323 -6.040613
v 8.169999 0.818514 -9.071605
v 8.195116 0.454209 -6.047229
v 8.195116 0.692906 -9.084693
v 8.266654 0.347298 -6.052838
v 8.266654 0.586425 -9.095789
v 8.373713 0.275864 -6.056586
v 8.373712 0.515278 -9.103202
v 8.500000 0.250776 -6.057902
v 8.500000 0.490291 -9.105805
v 8.626287 0.275864 -6.056586
v 8.626287 0.515278 -9.103203
v 8.733345 0.347299 -6.052838
v 8.733345 0.586425 -9.095789
v 8.804883 0.454209 -6.047229
v 8.804883 0.692906 -9.084693
v 8.830000 0.580323 -6.040612
v 8.830000 0.818514 -9.071605
v 8.804883 0.706438 -6.033996
v 8.804883 0.944122 -9.058517
v 8.733345 0.813348 -6.028387
v 8.733345 1.050603 -9.047422
v 8.626287 0.884783 -6.024639
v 8.626287 1.121750 -9.040008
v 8.500000 0.909870 -6.023323
v 8.500000 1.146737 -9.037404
vt 0.9966 0.0353
vt 0.9962 0.0355
vt 0.9962 0.0355
vt 0.9966 0.0353
vt 0.9908 0.0380
vt 0.9903 0.0381
vt 0.9903 0.0381
vt 0.9908 0.0380
vt 0.9833 0.0395
vt 0.9828 0.0395
vt 0.9828 0.0395
vt 0.9833 0.0395
vt 0.9753 0.0394
vt 0.9748 0.0393
vt 0.9748 0.0393
vt 0.9753 0.0394
vt 0.9679 0.0378
vt 0.9676 0.0376
vt 0.9676 0.0376
vt 0.9679 0.0378
vt 0.9624 0.0350
vt 0.9622 0.0348
vt 0.9622 0.0348
vt 0.9624 0.0350
vt 0.9595 0.0313
vt 0.9595 0.0311
vt 0.9595 0.0311
vt 0.9595 0.0313
vt 0.9597 0.0274
vt 0.9598 0.0272
vt 0.9598 0.0272
vt 0.9597 0.0274
vt 0.9629 0.0238
vt 0.9632 0.0237
vt 0.9632 0.0237
vt 0.9629 0.0238
vt 0.9687 0.0211
vt 0.9691 0.0211
vt 0.9691 0.0211
vt 0.9687 0.0211
vt 0.9762 0.0197
vt 0.9767 0.0197
vt 0.9767 0.0197
vt 0.9762 0.0197
vt 0.9842 0.0198
vt 0.9846 0.0199
vt 0.9846 0.0199
vt 0.9842 0.0198
vt 0.9915 0.0214
vt 0.9919 0.0216
vt 0.9919 0.0216
vt 0.9915 0.0214
vt 0.9971 0.0242
vt 0.9973 0.0244
vt 0.9973 0.0244
vt 0.9971 0.0242
vt 1.0000 0.0279
vt 1.0000 0.0281
vt 1.0000 0.0281
vt 1.0000 0.0279
vt 0.9998 0.0318
vt 0.9996 0.0320
vt 0.9996 0.0320
vt 0.9998 0.0318
vn -0.3837 0.9206 0.0723
vn -0.7086 0.7035 0.0553
vn -0.7086 0.7034 0.0553
vn -0.9249 0.3789 0.0298
vn -0.9250 0.3789 0.0298
vn -1.0000 -0.0031 -0.0002
vn -1.0000 -0.0032 -0.0003
vn -0.9227 -0.3843 -0.0302
vn -0.9227 -0.3844 -0.0302
vn -0.7054 -0.7066 -0.0555
vn -0.7054 -0.7067 -0.0555
vn -0.3815 -0.9215 -0.0724
vn -0.3814 -0.9216 -0.0724
vn 0.0000 -0.9969 -0.0783
vn 0.3815 -0.9215 -0.0724
vn 0.3814 -0.9216 -0.0724
vn 0.7054 -0.7066 -0.0555
vn 0.7054 -0.7067 -0.0555
vn 0.9227 -0.3843 -0.0302
vn 0.9227 -0.3844 -0.0302
vn 1.0000 -0.0031 -0.0002
vn 1.0000 -0.0032 -0.0003
vn 0.9249 0.3789 0.0298
vn 0.9250 0.3789 0.0298
vn 0.7086 0.7035 0.0553
vn 0.7086 0.7034 0.0553
vn 0.3837 0.9206 0.0723
vn 0.0000 0.9969 0.0783
usemtl None
s 1
f 514/1025/313 513/1026/313 516/1027/314 515/1028/315
f 515/1029/315 516/1030/314 518/1031/316 517/1032/317
f 517/1033/317 518/1034/316 520/1035/318 519/1036/319
f 519/1037/319 520/1038/318 522/1039/320 521/1040/321
f 521/1041/321 522/1042/320 524/1043/322 523/1044/323
f 523/1045/323 524/1046/322 526/1047/324 525/1048/325
f 525/1049/325 526/1050/324 528/1051/326 527/1052/326
f 527/1053/326 528/1054/326 530/1055/327 529/1056/328
f 529/1057/328 530/1058/327 532/1059/329 531/1060/330
f 531/1061/330 532/1062/329 534/1063/331 533/1064/332
f 533/1065/332 534/1066/331 536/1067/333 535/1068/334
f 535/1069/334 536/1070/333 538/1071/335 537/1072/336
f 537/1073/336 538/1074/335 540/1075/337 539/1076/338
f 539/1077/338 540/1078/337 542/1079/339 541/1080/339
f 541/1081/339 542/1082/339 544/1083/340 543/1084/340
f 543/1085/340 544/1086/340 513/1087/313 514/1088/313
o Circle.021
v 8.500000 0.830000 -3.000000
v 8.373713 0.804878 -3.000000
v 8.266655 0.733346 -3.000000
v 8.195117 0.626288 -3.000000
v 8.170000 0.500000 -3.000000
v 8.195117 0.373712 -3.000000
v 8.266655 0.266654 -3.000000
v 8.373713 0.195122 -3.000000
v 8.500000 0.170000 -3.000000
v 8.626287 0.195122 -3.000000
v 8.733345 0.266654 -3.000000
v 8.804883 0.373712 -3.000000
v 8.830000 0.500000 -3.000000
v 8.804883 0.626288 -3.000000
v 8.733345 0.733346 -3.000000
v 8.626287 0.804878 -3.000000
v 8.373712 0.884783 -6.024639
v 8.266654 0.813348 -6.028387
v 8.195116 0.706438 -6.033996
v 8.170000 0.580323 -6.040613
v 8.195116 0.454209 -6.047229
v 8.266654 0.347298 -6.052838
v 8.373713 0.275864 -6.056586
v 8.500000 0.250776 -6.057902
v 8.626287 0.275864 -6.056586
v 8.733345 0.347299 -6.052838
v 8.804883 0.454209 -6.047229
v 8.830000 0.580323 -6.040612
v 8.804883 0.706438 -6.033996
v 8.733345 0.813348 -6.028387
v 8.626287 0.884783 -6.024639
v 8.500000 0.909870 -6.023323
vt 0.9969 0.0352
vt 0.9966 0.0353
vt 0.9966 0.0353
vt 0.9969 0.0352
vt 0.9912 0.0380
vt 0.9908 0.0380
vt 0.9908 0.0380
vt 0.9912 0.0380
vt 0.9838 0.0395
vt 0.9833 0.0395
vt 0.9833 0.0395
vt 0.9838 0.0395
vt 0.9757 0.0395
vt 0.9753 0.0394
vt 0.9753 0.0394
vt 0.9757 0.0395
vt 0.9683 0.0380
vt 0.9679 0.0378
vt 0.9679 0.0378
vt 0.9683 0.0380
vt 0.9626 0.0352
vt 0.9624 0.0350
vt 0.9624 0.0350
vt 0.9626 0.0352
vt 0.9595 0.0316
vt 0.9595 0.0313
vt 0.9595 0.0313
vt 0.9595 0.0316
vt 0.9595 0.0276
vt 0.9597 0.0274
vt 0.9597 0.0274
vt 0.9595 0.0276
vt 0.9626 0.0240
vt 0.9629 0.0238
vt 0.9629 0.0238
vt 0.9626 0.0240
vt 0.9683 0.0212
vt 0.9687 0.0211
vt 0.9687 0.0211
vt 0.9683 0.0212
vt 0.9757 0.0197
vt 0.9762 0.0197
vt 0.9762 0.0197
vt 0.9757 0.0197
vt 0.9838 0.0197
vt 0.9842 0.0198
vt 0.9842 0.0198
vt 0.9838 0.0197
vt 0.9912 0.0212
vt 0.9915 0.0214
vt 0.9915 0.0214
vt 0.9912 0.0212
vt 0.9969 0.0240
vt 0.9971 0.0242
vt 0.9971 0.0242
vt 0.9969 0.0240
vt 1.0000 0.0276
vt 1.0000 0.0279
vt 1.0000 0.0279
vt 1.0000 0.0276
vt 1.0000 0.0316
vt 0.9998 0.0318
vt 0.9998 0.0318
vt 1.0000 0.0316
vn -0.3837 0.9231 0.0244
vn -0.7086 0.7054 0.0186
vn -0.7086 0.7053 0.0186
vn -0.9250 0.3799 0.0100
vn -1.0000 -0.0032 -0.0001
vn -1.0000 -0.0033 -0.0001
vn -0.9227 -0.3854 -0.0102
vn -0.9227 -0.3855 -0.0102
vn -0.7054 -0.7086 -0.0187
vn -0.7053 -0.7086 -0.0187
vn -0.3814 -0.9241 -0.0244
vn 0.0000 -0.9997 -0.0264
vn 0.3814 -0.9241 -0.0244
vn 0.7054 -0.7086 -0.0187
vn 0.7053 -0.7086 -0.0187
vn 0.9227 -0.3854 -0.0102
vn 0.9227 -0.3855 -0.0102
vn 1.0000 -0.0032 -0.0001
vn 1.0000 -0.0033 -0.0001
vn 0.9250 0.3799 0.0100
vn 0.7086 0.7054 0.0186
vn 0.7086 0.7053 0.0186
vn 0.3837 0.9231 0.0244
vn -0.0000 0.9997 0.0264
usemtl None
s 1
f 546/1089/341 561/1090/341 562/1091/342 547/1092/343
f 547/1093/343 562/1094/342 563/1095/344 548/1096/344
f 548/1097/344 563/1098/344 564/1099/345 549/1100/346
f 549/1101/346 564/1102/345 565/1103/347 550/1104/348
f 550/1105/348 565/1106/347 566/1107/349 551/1108/350
f 551/1109/350 566/1110/349 567/1111/351 552/1112/351
f 552/1113/351 567/1114/351 568/1115/352 553/1116/352
f 553/1117/352 568/1118/352 569/1119/353 554/1120/353
f 554/1121/353 569/1122/353 570/1123/354 555/1124/355
f 555/1125/355 570/1126/354 571/1127/356 556/1128/357
f 556/1129/357 571/1130/356 572/1131/358 557/1132/359
f 557/1133/359 572/1134/358 573/1135/360 558/1136/360
f 558/1137/360 573/1138/360 574/1139/361 559/1140/362
f 559/1141/362 574/1142/361 575/1143/363 560/1144/363
f 560/1145/363 575/1146/363 576/1147/364 545/1148/364
f 545/1149/364 576/1150/364 561/1151/341 546/1152/341
o Circle.020
v 8.500000 0.830000 -3.000000
v 8.373713 0.804878 -3.000000
v 8.266655 0.733346 -3.000000
v 8.195117 0.626288 -3.000000
v 8.170000 0.500000 -3.000000
v 8.195117 0.373712 -3.000000
v 8.266655 0.266654 -3.000000
v 8.373713 0.195122 -3.000000
v 8.500000 0.170000 -3.000000
v 8.626287 0.195122 -3.000000
v 8.733345 0.266654 -3.000000
v 8.804883 0.373712 -3.000000
v 8.830000 0.500000 -3.000000
v 8.804883 0.626288 -3.000000
v 8.733345 0.733346 -3.000000
v 8.626287 0.804878 -3.000000
v 8.500000 0.830000 0.000000
v 8.373713 0.804878 0.000000
v 8.266655 0.733346 0.000000
v 8.195117 0.626288 0.000000
v 8.170000 0.500000 0.000000
v 8.195117 0.373712 0.000000
v 8.266655 0.266654 0.000000
v 8.373713 0.195122 0.000000
v 8.500000 0.170000 0.000000
v 8.626287 0.195122 0.000000
v 8.733345 0.266654 0.000000
v 8.804883 0.373712 0.000000
v 8.830000 0.500000 0.000000
v 8.804883 0.626288 0.000000
v 8.733345 0.733346 0.000000
v 8.626287 0.804878 0.000000
vt 0.9683 0.0380
vt 0.9683 0.0380
vt 0.9683 0.0380
vt 0.9683 0.0380
vt 0.9626 0.0352
vt 0.9626 0.0352
vt 0.9626 0.0352
vt 0.9626 0.0352
vt 0.9595 0.0316
vt 0.9595 0.0316
vt 0.9595 0.0316
vt 0.9595 0.0316
vt 0.9595 0.0276
vt 0.9595 0.0276
vt 0.9595 0.0276
vt 0.9595 0.0276
vt 0.9626 0.0240
vt 0.9626 0.0240
vt 0.9626 0.0240
vt 0.9626 0.0240
vt 0.9683 0.0212
vt 0.9683 0.0212
vt 0.9683 0.0212
vt 0.9683 0.0212
vt 0.9757 0.0197
vt 0.9757 0.0197
vt 0.9757 0.0197
vt 0.9757 0.0197
vt 0.9838 0.0197
vt 0.9838 0.0197
vt 0.9838 0.0197
vt 0.9838 0.0197
vt 0.9912 0.0212
vt 0.9912 0.0212
vt 0.9912 0.0212
vt 0.9912 0.0212
vt 1.0000 0.0316
vt 1.0000 0.0316
vt 1.0000 0.0316
vt 1.0000 0.0316
vt 0.9969 0.0240
vt 0.9969 0.0240
vt 0.9969 0.0240
vt 0.9969 0.0240
vt 0.9969 0.0352
vt 0.9969 0.0352
vt 0.9969 0.0352
vt 0.9969 0.0352
vt 1.0000 0.0276
vt 1.0000 0.0276
vt 1.0000 0.0276
vt 1.0000 0.0276
vt 0.9912 0.0380
vt 0.9912 0.0380
vt 0.9912 0.0380
vt 0.9912 0.0380
vt 0.9838 0.0395
vt 0.9838 0.0395
vt 0.9838 0.0395
vt 0.9838 0.0395
vt 0.9757 0.0395
vt 0.9757 0.0395
vt 0.9757 0.0395
vt 0.9757 0.0395
vn -0.9239 -0.3827 0.0000
vn -0.7071 -0.7071 0.0000
vn -0.3827 -0.9239 0.0000
vn 0.0000 -1.0000 0.0000
vn 0.3827 -0.9239 0.0000
vn 0.7071 -0.7071 0.0000
vn 0.9239 -0.3827 0.0000
vn 1.0000 0.0000 0.0000
vn 0.9239 0.3827 0.0000
vn 0.7071 0.7071 0.0000
vn 0.0000 1.0000 0.0000
vn -0.3827 0.9239 0.0000
vn 0.3827 0.9239 0.0000
vn -0.7071 0.7071 0.0000
vn -0.9239 0.3827 0.0000
vn -1.0000 0.0000 0.0000
usemtl None
s 1
f 582/1153/365 583/1154/366 599/1155/366 598/1156/365
f 583/1157/366 584/1158/367 600/1159/367 599/1160/366
f 584/1161/367 585/1162/368 601/1163/368 600/1164/367
f 585/1165/368 586/1166/369 602/1167/369 601/1168/368
f 586/1169/369 587/1170/370 603/1171/370 602/1172/369
f 587/1173/370 588/1174/371 604/1175/371 603/1176/370
f 588/1177/371 589/1178/372 605/1179/372 604/1180/371
f 589/1181/372 590/1182/373 606/1183/373 605/1184/372
f 590/1185/373 591/1186/374 607/1187/374 606/1188/373
f 577/1189/375 578/1190/376 594/1191/376 593/1192/375
f 591/1193/374 592/1194/377 608/1195/377 607/1196/374
f 578/1197/376 579/1198/378 595/1199/378 594/1200/376
f 592/1201/377 577/1202/375 593/1203/375 608/1204/377
f 579/1205/378 580/1206/379 596/1207/379 595/1208/378
f 580/1209/379 581/1210/380 597/1211/380 596/1212/379
f 581/1213/380 582/1214/365 598/1215/365 597/1216/380
o Circle.019
v 0.500000 0.830000 -3.000000
v 0.373712 0.804878 -3.000000
v 0.266654 0.733346 -3.000000
v 0.195117 0.626288 -3.000000
v 0.170000 0.500000 -3.000000
v 0.195117 0.373712 -3.000000
v 0.266654 0.266654 -3.000000
v 0.373712 0.195122 -3.000000
v 0.500000 0.170000 -3.000000
v 0.626288 0.195122 -3.000000
v 0.733346 0.266654 -3.000000
v 0.804883 0.373712 -3.000000
v 0.830000 0.500000 -3.000000
v 0.804883 0.626288 -3.000000
v 0.733346 0.733346 -3.000000
v 0.626288 0.804878 -3.000000
v 0.500000 0.830000 0.000000
v 0.373712 0.804878 0.000000
v 0.266654 0.733346 0.000000
v 0.195117 0.626288 0.000000
v 0.170000 0.500000 0.000000
v 0.195117 0.373712 0.000000
v 0.266654 0.266654 0.000000
v 0.373712 0.195122 0.000000
v 0.500000 0.170000 0.000000
v 0.626288 0.195122 0.000000
v 0.733346 0.266654 0.000000
v 0.804883 0.373712 0.000000
v 0.830000 0.500000 0.000000
v 0.804883 0.626288 0.000000
v 0.733346 0.733346 0.000000
v 0.626288 0.804878 0.000000
vt 0.9683 0.0380
vt 0.9683 0.0380
vt 0.9683 0.0380
vt 0.9683 0.0380
vt 0.9626 0.0352
vt 0.9626 0.0352
vt 0.9626 0.0352
vt 0.9626 0.0352
vt 0.9595 0.0316
vt 0.9595 0.0316
vt 0.9595 0.0316
vt 0.9595 0.0316
vt 0.9595 0.0276
vt 0.9595 0.0276
vt 0.9595 0.0276
vt 0.9595 0.0276
vt 0.9626 0.0240
vt 0.9626 0.0240
vt 0.9626 0.0240
vt 0.9626 0.0240
vt 0.9683 0.0212
vt 0.9683 0.0212
vt 0.9683 0.0212
vt 0.9683 0.0212
vt 0.9757 0.0197
vt 0.9757 0.0197
vt 0.9757 0.0197
vt 0.9757 0.0197
vt 0.9838 0.0197
vt 0.9838 0.0197
vt 0.9838 0.0197
vt 0.9838 0.0197
vt 0.9912 0.0212
vt 0.9912 0.0212
vt 0.9912 0.0212
vt 0.9912 0.0212
vt 1.0000 0.0316
vt 1.0000 0.0316
vt 1.0000 0.0316
vt 1.0000 0.0316
vt 0.9969 0.0240
vt 0.9969 0.0240
vt 0.9969 0.0240
vt 0.9969 0.0240
vt 0.9969 0.0352
vt 0.9969 0.0352
vt 0.9969 0.0352
vt 0.9969 0.0352
vt 1.0000 0.0276
vt 1.0000 0.0276
vt 1.0000 0.0276
vt 1.0000 0.0276
vt 0.9912 0.0380
vt 0.9912 0.0380
vt 0.9912 0.0380
vt 0.9912 0.0380
vt 0.9838 0.0395
vt 0.9838 0.0395
vt 0.9838 0.0395
vt 0.9838 0.0395
vt 0.9757 0.0395
vt 0.9757 0.0395
vt 0.9757 0.0395
vt 0.9757 0.0395
vn -0.9239 -0.3827 0.0000
vn -0.7071 -0.7071 0.0000
vn -0.3827 -0.9239 0.0000
vn 0.0000 -1.0000 0.0000
vn 0.3827 -0.9239 0.0000
vn 0.7071 -0.7071 0.0000
vn 0.9239 -0.3827 0.0000
vn 1.0000 0.0000 0.0000
vn 0.9239 0.3827 0.0000
vn 0.7071 0.7071 0.0000
vn 0.0000 1.0000 0.0000
vn -0.3827 0.9239 0.0000
vn 0.3827 0.9239 0.0000
vn -0.7071 0.7071 0.0000
vn -0.9239 0.3827 0.0000
vn -1.0000 0.0000 0.0000
usemtl None
s 1
f 614/1217/381 615/1218/382 631/1219/382 630/1220/381
f 615/1221/382 616/1222/383 632/1223/383 631/1224/382
f 616/1225/383 617/1226/384 633/1227/384 632/1228/383
f 617/1229/384 618/1230/385 634/1231/385 633/1232/384
f 618/1233/385 619/1234/386 635/1235/386 634/1236/385
f 619/1237/386 620/1238/387 636/1239/387 635/1240/386
f 620/1241/387 621/1242/388 637/1243/388 636/1244/387
f 621/1245/388 622/1246/389 638/1247/389 637/1248/388
f 622/1249/389 623/1250/390 639/1251/390 638/1252/389
f 609/1253/391 610/1254/392 626/1255/392 625/1256/391
f 623/1257/390 624/1258/393 640/1259/393 639/1260/390
f 610/1261/392 611/1262/394 627/1263/394 626/1264/392
f 624/1265/393 609/1266/391 625/1267/391 640/1268/393
f 611/1269/394 612/1270/395 628/1271/395 627/1272/394
f 612/1273/395 613/1274/396 629/1275/396 628/1276/395
f 613/1277/396 614/1278/381 630/1279/381 629/1280/396
o Circle.018
v 0.500000 0.830000 -3.000000
v 0.373712 0.804878 -3.000000
v 0.266654 0.733346 -3.000000
v 0.195117 0.626288 -3.000000
v 0.170000 0.500000 -3.000000
v 0.195117 0.373712 -3.000000
v 0.266654 0.266654 -3.000000
v 0.373712 0.195122 -3.000000
v 0.500000 0.170000 -3.000000
v 0.626288 0.195122 -3.000000
v 0.733346 0.266654 -3.000000
v 0.804883 0.373712 -3.000000
v 0.830000 0.500000 -3.000000
v 0.804883 0.626288 -3.000000
v 0.733346 0.733346 -3.000000
v 0.626288 0.804878 -3.000000
v 0.373712 0.884783 -6.024639
v 0.266654 0.813348 -6.028387
v 0.195116 0.706438 -6.033996
v 0.170000 0.580323 -6.040613
v 0.195116 0.454209 -6.047229
v 0.266654 0.347298 -6.052838
v 0.373712 0.275864 -6.056586
v 0.500000 0.250776 -6.057902
v 0.626288 0.275864 -6.056586
v 0.733345 0.347299 -6.052838
v 0.804883 0.454209 -6.047229
v 0.830000 0.580323 -6.040612
v 0.804883 0.706438 -6.033996
v 0.733345 0.813348 -6.028387
v 0.626288 0.884783 -6.024639
v 0.500000 0.909870 -6.023323
vt 0.9969 0.0352
vt 0.9966 0.0353
vt 0.9966 0.0353
vt 0.9969 0.0352
vt 0.9912 0.0380
vt 0.9908 0.0380
vt 0.9908 0.0380
vt 0.9912 0.0380
vt 0.9838 0.0395
vt 0.9833 0.0395
vt 0.9833 0.0395
vt 0.9838 0.0395
vt 0.9757 0.0395
vt 0.9753 0.0394
vt 0.9753 0.0394
vt 0.9757 0.0395
vt 0.9683 0.0380
vt 0.9679 0.0378
vt 0.9679 0.0378
vt 0.9683 0.0380
vt 0.9626 0.0352
vt 0.9624 0.0350
vt 0.9624 0.0350
vt 0.9626 0.0352
vt 0.9595 0.0316
vt 0.9595 0.0313
vt 0.9595 0.0313
vt 0.9595 0.0316
vt 0.9595 0.0276
vt 0.9597 0.0274
vt 0.9597 0.0274
vt 0.9595 0.0276
vt 0.9626 0.0240
vt 0.9629 0.0238
vt 0.9629 0.0238
vt 0.9626 0.0240
vt 0.9683 0.0212
vt 0.9687 0.0211
vt 0.9687 0.0211
vt 0.9683 0.0212
vt 0.9757 0.0197
vt 0.9762 0.0197
vt 0.9762 0.0197
vt 0.9757 0.0197
vt 0.9838 0.0197
vt 0.9842 0.0198
vt 0.9842 0.0198
vt 0.9838 0.0197
vt 0.9912 0.0212
vt 0.9915 0.0214
vt 0.9915 0.0214
vt 0.9912 0.0212
vt 0.9969 0.0240
vt 0.9971 0.0242
vt 0.9971 0.0242
vt 0.9969 0.0240
vt 1.0000 0.0276
vt 1.0000 0.0279
vt 1.0000 0.0279
vt 1.0000 0.0276
vt 1.0000 0.0316
vt 0.9998 0.0318
vt 0.9998 0.0318
vt 1.0000 0.0316
vn -0.3837 0.9231 0.0244
vn -0.7086 0.7054 0.0186
vn -0.7086 0.7053 0.0186
vn -0.9250 0.3799 0.0100
vn -1.0000 -0.0032 -0.0001
vn -1.0000 -0.0033 -0.0001
vn -0.9227 -0.3854 -0.0102
vn -0.9227 -0.3855 -0.0102
vn -0.7054 -0.7086 -0.0187
vn -0.7053 -0.7086 -0.0187
vn -0.3814 -0.9241 -0.0244
vn 0.0000 -0.9997 -0.0264
vn 0.3814 -0.9241 -0.0244
vn 0.7054 -0.7086 -0.0187
vn 0.7053 -0.7086 -0.0187
vn 0.9227 -0.3854 -0.0102
vn 0.9227 -0.3855 -0.0102
vn 1.0000 -0.0032 -0.0001
vn 1.0000 -0.0033 -0.0001
vn 0.9250 0.3799 0.0100
vn 0.7086 0.7054 0.0186
vn 0.7086 0.7053 0.0186
vn 0.3837 0.9231 0.0244
vn -0.0000 0.9997 0.0264
usemtl None
s 1
f 642/1281/397 657/1282/397 658/1283/398 643/1284/399
f 643/1285/399 658/1286/398 659/1287/400 644/1288/400
f 644/1289/400 659/1290/400 660/1291/401 645/1292/402
f 645/1293/402 660/1294/401 661/1295/403 646/1296/404
f 646/1297/404 661/1298/403 662/1299/405 647/1300/406
f 647/1301/406 662/1302/405 663/1303/407 648/1304/407
f 648/1305/407 663/1306/407 664/1307/408 649/1308/408
f 649/1309/408 664/1310/408 665/1311/409 650/1312/409
f 650/1313/409 665/1314/409 666/1315/410 651/1316/411
f 651/1317/411 666/1318/410 667/1319/412 652/1320/413
f 652/1321/413 667/1322/412 668/1323/414 653/1324/415
f 653/1325/415 668/1326/414 669/1327/416 654/1328/416
f 654/1329/416 669/1330/416 670/1331/417 655/1332/418
f 655/1333/418 670/1334/417 671/1335/419 656/1336/419
f 656/1337/419 671/1338/419 672/1339/420 641/1340/420
f 641/1341/420 672/1342/420 657/1343/397 642/1344/397
o Circle.017
v 0.373712 1.121750 -9.040008
v 0.373712 0.884783 -6.024639
v 0.266654 0.813348 -6.028387
v 0.266654 1.050603 -9.047421
v 0.195116 0.706438 -6.033996
v 0.195116 0.944122 -9.058517
v 0.170000 0.580323 -6.040613
v 0.170000 0.818514 -9.071605
v 0.195116 0.454209 -6.047229
v 0.195116 0.692906 -9.084693
v 0.266654 0.347298 -6.052838
v 0.266654 0.586425 -9.095789
v 0.373712 0.275864 -6.056586
v 0.373712 0.515278 -9.103202
v 0.500000 0.250776 -6.057902
v 0.500000 0.490291 -9.105805
v 0.626288 0.275864 -6.056586
v 0.626287 0.515278 -9.103203
v 0.733345 0.347299 -6.052838
v 0.733345 0.586425 -9.095789
v 0.804883 0.454209 -6.047229
v 0.804883 0.692906 -9.084693
v 0.830000 0.580323 -6.040612
v 0.830000 0.818514 -9.071605
v 0.804883 0.706438 -6.033996
v 0.804883 0.944122 -9.058517
v 0.733345 0.813348 -6.028387
v 0.733345 1.050603 -9.047422
v 0.626288 0.884783 -6.024639
v 0.626287 1.121750 -9.040008
v 0.500000 0.909870 -6.023323
v 0.500000 1.146737 -9.037404
vt 0.9966 0.0353
vt 0.9962 0.0355
vt 0.9962 0.0355
vt 0.9966 0.0353
vt 0.9908 0.0380
vt 0.9903 0.0381
vt 0.9903 0.0381
vt 0.9908 0.0380
vt 0.9833 0.0395
vt 0.9828 0.0395
vt 0.9828 0.0395
vt 0.9833 0.0395
vt 0.9753 0.0394
vt 0.9748 0.0393
vt 0.9748 0.0393
vt 0.9753 0.0394
vt 0.9679 0.0378
vt 0.9676 0.0376
vt 0.9676 0.0376
vt 0.9679 0.0378
vt 0.9624 0.0350
vt 0.9622 0.0348
vt 0.9622 0.0348
vt 0.9624 0.0350
vt 0.9595 0.0313
vt 0.9595 0.0311
vt 0.9595 0.0311
vt 0.9595 0.0313
vt 0.9597 0.0274
vt 0.9598 0.0272
vt 0.9598 0.0272
vt 0.9597 0.0274
vt 0.9629 0.0238
vt 0.9632 0.0237
vt 0.9632 0.0237
vt 0.9629 0.0238
vt 0.9687 0.0211
vt 0.9691 0.0211
vt 0.9691 0.0211
vt 0.9687 0.0211
vt 0.9762 0.0197
vt 0.9767 0.0197
vt 0.9767 0.0197
vt 0.9762 0.0197
vt 0.9842 0.0198
vt 0.9846 0.0199
vt 0.9846 0.0199
vt 0.9842 0.0198
vt 0.9915 0.0214
vt 0.9919 0.0216
vt 0.9919 0.0216
vt 0.9915 0.0214
vt 0.9971 0.0242
vt 0.9973 0.0244
vt 0.9973 0.0244
vt 0.9971 0.0242
vt 1.0000 0.0279
vt 1.0000 0.0281
vt 1.0000 0.0281
vt 1.0000 0.0279
vt 0.9998 0.0318
vt 0.9996 0.0320
vt 0.9996 0.0320
vt 0.9998 0.0318
vn -0.3837 0.9206 0.0723
vn -0.7086 0.7035 0.0553
vn -0.7086 0.7034 0.0553
vn -0.9249 0.3789 0.0298
vn -0.9250 0.3789 0.0298
vn -1.0000 -0.0031 -0.0002
vn -1.0000 -0.0032 -0.0003
vn -0.9227 -0.3843 -0.0302
vn -0.9227 -0.3844 -0.0302
vn -0.7054 -0.7066 -0.0555
vn -0.7054 -0.7067 -0.0555
vn -0.3815 -0.9215 -0.0724
vn -0.3814 -0.9216 -0.0724
vn 0.0000 -0.9969 -0.0783
vn 0.3815 -0.9215 -0.0724
vn 0.3814 -0.9216 -0.0724
vn 0.7054 -0.7066 -0.0555
vn 0.7054 -0.7067 -0.0555
vn 0.9227 -0.3843 -0.0302
vn 0.9227 -0.3844 -0.0302
vn 1.0000 -0.0031 -0.0002
vn 1.0000 -0.0032 -0.0003
vn 0.9249 0.3789 0.0298
vn 0.9250 0.3789 0.0298
vn 0.7086 0.7035 0.0553
vn 0.7086 0.7034 0.0553
vn 0.3837 0.9206 0.0723
vn 0.0000 0.9969 0.0783
usemtl None
s 1
f 674/1345/421 673/1346/421 676/1347/422 675/1348/423
f 675/1349/423 676/1350/422 678/1351/424 677/1352/425
f 677/1353/425 678/1354/424 680/1355/426 679/1356/427
f 679/1357/427 680/1358/426 682/1359/428 681/1360/429
f 681/1361/429 682/1362/428 684/1363/430 683/1364/431
f 683/1365/431 684/1366/430 686/1367/432 685/1368/433
f 685/1369/433 686/1370/432 688/1371/434 687/1372/434
f 687/1373/434 688/1374/434 690/1375/435 689/1376/436
f 689/1377/436 690/1378/435 692/1379/437 691/1380/438
f 691/1381/438 692/1382/437 694/1383/439 693/1384/440
f 693/1385/440 694/1386/439 696/1387/441 695/1388/442
f 695/1389/442 696/1390/441 698/1391/443 697/1392/444
f 697/1393/444 698/1394/443 700/1395/445 699/1396/446
f 699/1397/446 700/1398/445 702/1399/447 701/1400/447
f 701/1401/447 702/1402/447 704/1403/448 703/1404/448
f 703/1405/448 704/1406/448 673/1407/421 674/1408/421
o Circle.016
v 0.373711 1.511669 -12.040487
v 0.373712 1.121750 -9.040008
v 0.266654 1.050603 -9.047421
v 0.266654 1.440984 -12.051464
v 0.195116 0.944122 -9.058517
v 0.195116 1.335194 -12.067890
v 0.170000 0.818514 -9.071605
v 0.169999 1.210401 -12.087267
v 0.195116 0.692906 -9.084693
v 0.195116 1.085609 -12.106646
v 0.266654 0.586425 -9.095789
v 0.266654 0.979819 -12.123072
v 0.373712 0.515278 -9.103202
v 0.373711 0.909134 -12.134047
v 0.500000 0.490291 -9.105805
v 0.499999 0.884309 -12.137902
v 0.626287 0.515278 -9.103203
v 0.626287 0.909134 -12.134047
v 0.733345 0.586425 -9.095789
v 0.733344 0.979819 -12.123072
v 0.804883 0.692906 -9.084693
v 0.804882 1.085609 -12.106645
v 0.830000 0.818514 -9.071605
v 0.829999 1.210401 -12.087267
v 0.804883 0.944122 -9.058517
v 0.804882 1.335194 -12.067891
v 0.733345 1.050603 -9.047422
v 0.733344 1.440984 -12.051464
v 0.626287 1.121750 -9.040008
v 0.626287 1.511669 -12.040487
v 0.500000 1.146737 -9.037404
v 0.499999 1.536494 -12.036633
vt 0.9962 0.0355
vt 0.9962 0.0355
vt 0.9959 0.0357
vt 0.9959 0.0357
vt 0.9903 0.0381
vt 0.9903 0.0381
vt 0.9899 0.0382
vt 0.9899 0.0382
vt 0.9828 0.0395
vt 0.9828 0.0395
vt 0.9823 0.0395
vt 0.9823 0.0395
vt 0.9748 0.0393
vt 0.9748 0.0393
vt 0.9744 0.0392
vt 0.9744 0.0392
vt 0.9676 0.0376
vt 0.9676 0.0376
vt 0.9673 0.0375
vt 0.9673 0.0375
vt 0.9622 0.0348
vt 0.9622 0.0348
vt 0.9620 0.0345
vt 0.9620 0.0345
vt 0.9595 0.0311
vt 0.9595 0.0311
vt 0.9595 0.0309
vt 0.9595 0.0309
vt 0.9598 0.0272
vt 0.9598 0.0272
vt 0.9600 0.0270
vt 0.9600 0.0270
vt 0.9632 0.0237
vt 0.9632 0.0237
vt 0.9636 0.0235
vt 0.9636 0.0235
vt 0.9691 0.0211
vt 0.9691 0.0211
vt 0.9696 0.0210
vt 0.9696 0.0210
vt 0.9767 0.0197
vt 0.9767 0.0197
vt 0.9771 0.0197
vt 0.9771 0.0197
vt 0.9846 0.0199
vt 0.9846 0.0199
vt 0.9851 0.0200
vt 0.9851 0.0200
vt 0.9919 0.0216
vt 0.9919 0.0216
vt 0.9922 0.0217
vt 0.9922 0.0217
vt 0.9973 0.0244
vt 0.9973 0.0244
vt 0.9975 0.0246
vt 0.9975 0.0246
vt 1.0000 0.0281
vt 1.0000 0.0281
vt 1.0000 0.0283
vt 1.0000 0.0283
vt 0.9996 0.0320
vt 0.9996 0.0320
vt 0.9995 0.0322
vt 0.9995 0.0322
vn -0.7086 0.6998 0.0909
vn -0.3837 0.9158 0.1190
vn -0.7085 0.6998 0.0909
vn -0.9250 0.3769 0.0490
vn -0.9249 0.3770 0.0490
vn -1.0000 -0.0031 -0.0004
vn -0.9227 -0.3823 -0.0497
vn -0.9227 -0.3822 -0.0497
vn -0.7054 -0.7029 -0.0913
vn -0.3815 -0.9167 -0.1191
vn -0.0000 -0.9917 -0.1289
vn 0.3815 -0.9167 -0.1191
vn 0.7054 -0.7029 -0.0913
vn 0.9227 -0.3823 -0.0497
vn 0.9227 -0.3822 -0.0497
vn 1.0000 -0.0031 -0.0004
vn 0.9250 0.3769 0.0490
vn 0.9249 0.3770 0.0490
vn 0.7086 0.6998 0.0909
vn 0.7085 0.6998 0.0909
vn 0.3837 0.9158 0.1190
vn 0.0000 0.9917 0.1289
usemtl None
s 1
f 707/1409/449 706/1410/450 705/1411/450 708/1412/451
f 709/1413/452 707/1414/449 708/1415/451 710/1416/453
f 711/1417/454 709/1418/452 710/1419/453 712/1420/454
f 713/1421/455 711/1422/454 712/1423/454 714/1424/456
f 715/1425/457 713/1426/455 714/1427/456 716/1428/457
f 717/1429/458 715/1430/457 716/1431/457 718/1432/458
f 719/1433/459 717/1434/458 718/1435/458 720/1436/459
f 721/1437/460 719/1438/459 720/1439/459 722/1440/460
f 723/1441/461 721/1442/460 722/1443/460 724/1444/461
f 725/1445/462 723/1446/461 724/1447/461 726/1448/463
f 727/1449/464 725/1450/462 726/1451/463 728/1452/464
f 729/1453/465 727/1454/464 728/1455/464 730/1456/466
f 731/1457/467 729/1458/465 730/1459/466 732/1460/468
f 733/1461/469 731/1462/467 732/1463/468 734/1464/469
f 735/1465/470 733/1466/469 734/1467/469 736/1468/470
f 706/1469/450 735/1470/470 736/1471/470 705/1472/450
o Circle.015
v 0.373710 2.050426 -15.020386
v 0.373711 1.511669 -12.040487
v 0.266654 1.440984 -12.051464
v 0.266653 1.980364 -15.034818
v 0.195116 1.335194 -12.067890
v 0.195115 1.875509 -15.056416
v 0.169999 1.210401 -12.087267
v 0.169998 1.751817 -15.081892
v 0.195116 1.085609 -12.106646
v 0.195115 1.628126 -15.107370
v 0.266654 0.979819 -12.123072
v 0.266653 1.523269 -15.128967
v 0.373711 0.909134 -12.134047
v 0.373710 1.453207 -15.143396
v 0.499999 0.884309 -12.137902
v 0.499998 1.428601 -15.148465
v 0.626287 0.909134 -12.134047
v 0.626286 1.453207 -15.143398
v 0.733344 0.979819 -12.123072
v 0.733344 1.523269 -15.128967
v 0.804882 1.085609 -12.106645
v 0.804882 1.628126 -15.107369
v 0.829999 1.210401 -12.087267
v 0.829998 1.751817 -15.081892
v 0.804882 1.335194 -12.067891
v 0.804882 1.875508 -15.056417
v 0.733344 1.440984 -12.051464
v 0.733344 1.980364 -15.034819
v 0.626287 1.511669 -12.040487
v 0.626286 2.050426 -15.020386
v 0.499999 1.536494 -12.036633
v 0.499998 2.075032 -15.015319
vt 0.9959 0.0357
vt 0.9959 0.0357
vt 0.9956 0.0358
vt 0.9956 0.0358
vt 0.9899 0.0382
vt 0.9899 0.0382
vt 0.9895 0.0383
vt 0.9895 0.0383
vt 0.9823 0.0395
vt 0.9823 0.0395
vt 0.9819 0.0395
vt 0.9819 0.0395
vt 0.9744 0.0392
vt 0.9744 0.0392
vt 0.9740 0.0391
vt 0.9740 0.0391
vt 0.9673 0.0375
vt 0.9673 0.0375
vt 0.9669 0.0373
vt 0.9669 0.0373
vt 0.9620 0.0345
vt 0.9620 0.0345
vt 0.9618 0.0343
vt 0.9618 0.0343
vt 0.9595 0.0309
vt 0.9595 0.0309
vt 0.9595 0.0306
vt 0.9595 0.0306
vt 0.9600 0.0270
vt 0.9600 0.0270
vt 0.9602 0.0268
vt 0.9602 0.0268
vt 0.9636 0.0235
vt 0.9636 0.0235
vt 0.9639 0.0233
vt 0.9639 0.0233
vt 0.9696 0.0210
vt 0.9696 0.0210
vt 0.9700 0.0209
vt 0.9700 0.0209
vt 0.9771 0.0197
vt 0.9771 0.0197
vt 0.9776 0.0197
vt 0.9776 0.0197
vt 0.9851 0.0200
vt 0.9851 0.0200
vt 0.9855 0.0201
vt 0.9855 0.0201
vt 0.9922 0.0217
vt 0.9922 0.0217
vt 0.9926 0.0219
vt 0.9926 0.0219
vt 0.9975 0.0246
vt 0.9975 0.0246
vt 0.9976 0.0249
vt 0.9976 0.0249
vt 1.0000 0.0283
vt 1.0000 0.0283
vt 1.0000 0.0286
vt 1.0000 0.0286
vt 0.9995 0.0322
vt 0.9995 0.0322
vt 0.9993 0.0324
vt 0.9993 0.0324
vn -0.7085 0.6944 0.1255
vn -0.3837 0.9087 0.1643
vn -0.7085 0.6945 0.1256
vn -0.9249 0.3741 0.0676
vn -1.0000 -0.0030 -0.0005
vn -0.9227 -0.3793 -0.0686
vn -0.9228 -0.3792 -0.0686
vn -0.7054 -0.6975 -0.1261
vn -0.7055 -0.6974 -0.1261
vn -0.3815 -0.9096 -0.1645
vn -0.0000 -0.9840 -0.1779
vn 0.3815 -0.9096 -0.1645
vn 0.7055 -0.6975 -0.1261
vn 0.7055 -0.6974 -0.1261
vn 0.9227 -0.3793 -0.0686
vn 0.9228 -0.3792 -0.0686
vn 1.0000 -0.0030 -0.0005
vn 0.9249 0.3741 0.0676
vn 0.7085 0.6944 0.1255
vn 0.7085 0.6945 0.1256
vn 0.3837 0.9087 0.1643
vn 0.0000 0.9840 0.1779
usemtl None
s 1
f 739/1473/471 738/1474/472 737/1475/472 740/1476/473
f 741/1477/474 739/1478/471 740/1479/473 742/1480/474
f 743/1481/475 741/1482/474 742/1483/474 744/1484/475
f 745/1485/476 743/1486/475 744/1487/475 746/1488/477
f 747/1489/478 745/1490/476 746/1491/477 748/1492/479
f 749/1493/480 747/1494/478 748/1495/479 750/1496/480
f 751/1497/481 749/1498/480 750/1499/480 752/1500/481
f 753/1501/482 751/1502/481 752/1503/481 754/1504/482
f 755/1505/483 753/1506/482 754/1507/482 756/1508/484
f 757/1509/485 755/1510/483 756/1511/484 758/1512/486
f 759/1513/487 757/1514/485 758/1515/486 760/1516/487
f 761/1517/488 759/1518/487 760/1519/487 762/1520/488
f 763/1521/489 761/1522/488 762/1523/488 764/1524/490
f 765/1525/491 763/1526/489 764/1527/490 766/1528/491
f 767/1529/492 765/1530/491 766/1531/491 768/1532/492
f 738/1533/472 767/1534/492 768/1535/492 737/1536/472
o Circle.014
v 0.373710 2.733902 -17.973999
v 0.373710 2.050426 -15.020386
v 0.266653 1.980364 -15.034818
v 0.266652 2.664614 -17.991777
v 0.195115 1.875509 -15.056416
v 0.195114 2.560915 -18.018383
v 0.169998 1.751817 -15.081892
v 0.169998 2.438589 -18.049770
v 0.195115 1.628126 -15.107370
v 0.195114 2.316264 -18.081154
v 0.266653 1.523269 -15.128967
v 0.266652 2.212565 -18.107761
v 0.373710 1.453207 -15.143396
v 0.373710 2.143277 -18.125538
v 0.499998 1.428601 -15.148465
v 0.499998 2.118942 -18.131783
v 0.626286 1.453207 -15.143398
v 0.626285 2.143277 -18.125538
v 0.733344 1.523269 -15.128967
v 0.733343 2.212566 -18.107761
v 0.804882 1.628126 -15.107369
v 0.804881 2.316264 -18.081156
v 0.829998 1.751817 -15.081892
v 0.829998 2.438589 -18.049770
v 0.804882 1.875508 -15.056417
v 0.804881 2.560916 -18.018383
v 0.733344 1.980364 -15.034819
v 0.733343 2.664614 -17.991777
v 0.626286 2.050426 -15.020386
v 0.626285 2.733902 -17.973999
v 0.499998 2.075032 -15.015319
v 0.499998 2.758235 -17.967754
vt 0.9956 0.0358
vt 0.9956 0.0358
vt 0.9952 0.0360
vt 0.9952 0.0360
vt 0.9895 0.0383
vt 0.9895 0.0383
vt 0.9890 0.0384
vt 0.9890 0.0384
vt 0.9819 0.0395
vt 0.9819 0.0395
vt 0.9814 0.0395
vt 0.9814 0.0395
vt 0.9740 0.0391
vt 0.9740 0.0391
vt 0.9735 0.0390
vt 0.9735 0.0390
vt 0.9669 0.0373
vt 0.9669 0.0373
vt 0.9666 0.0371
vt 0.9666 0.0371
vt 0.9618 0.0343
vt 0.9618 0.0343
vt 0.9616 0.0341
vt 0.9616 0.0341
vt 0.9595 0.0306
vt 0.9595 0.0306
vt 0.9595 0.0304
vt 0.9595 0.0304
vt 0.9602 0.0268
vt 0.9602 0.0268
vt 0.9604 0.0266
vt 0.9604 0.0266
vt 0.9639 0.0233
vt 0.9639 0.0233
vt 0.9642 0.0232
vt 0.9642 0.0232
vt 0.9700 0.0209
vt 0.9700 0.0209
vt 0.9704 0.0208
vt 0.9704 0.0208
vt 0.9776 0.0197
vt 0.9776 0.0197
vt 0.9781 0.0197
vt 0.9781 0.0197
vt 0.9855 0.0201
vt 0.9855 0.0201
vt 0.9860 0.0202
vt 0.9860 0.0202
vt 0.9926 0.0219
vt 0.9926 0.0219
vt 0.9929 0.0220
vt 0.9929 0.0220
vt 0.9976 0.0249
vt 0.9976 0.0249
vt 0.9978 0.0251
vt 0.9978 0.0251
vt 1.0000 0.0286
vt 1.0000 0.0286
vt 1.0000 0.0288
vt 1.0000 0.0288
vt 0.9993 0.0324
vt 0.9993 0.0324
vt 0.9991 0.0326
vt 0.9991 0.0326
vn -0.7085 0.6875 0.1591
vn -0.3837 0.8997 0.2082
vn -0.3836 0.8997 0.2082
vn -0.7085 0.6876 0.1591
vn -0.9249 0.3704 0.0857
vn -0.9249 0.3705 0.0857
vn -1.0000 -0.0029 -0.0007
vn -0.9228 -0.3754 -0.0869
vn -0.7055 -0.6905 -0.1598
vn -0.7055 -0.6904 -0.1598
vn -0.3815 -0.9006 -0.2084
vn -0.3816 -0.9005 -0.2084
vn -0.0000 -0.9743 -0.2254
vn 0.3815 -0.9006 -0.2084
vn 0.3816 -0.9005 -0.2084
vn 0.7055 -0.6905 -0.1598
vn 0.7055 -0.6904 -0.1598
vn 0.9228 -0.3754 -0.0869
vn 1.0000 -0.0029 -0.0007
vn 0.9249 0.3704 0.0857
vn 0.9249 0.3705 0.0857
vn 0.7085 0.6875 0.1591
vn 0.7085 0.6876 0.1591
vn 0.3837 0.8997 0.2082
vn 0.3836 0.8997 0.2082
vn -0.0000 0.9743 0.2254
usemtl None
s 1
f 771/1537/493 770/1538/494 769/1539/495 772/1540/496
f 773/1541/497 771/1542/493 772/1543/496 774/1544/498
f 775/1545/499 773/1546/497 774/1547/498 776/1548/499
f 777/1549/500 775/1550/499 776/1551/499 778/1552/500
f 779/1553/501 777/1554/500 778/1555/500 780/1556/502
f 781/1557/503 779/1558/501 780/1559/502 782/1560/504
f 783/1561/505 781/1562/503 782/1563/504 784/1564/505
f 785/1565/506 783/1566/505 784/1567/505 786/1568/507
f 787/1569/508 785/1570/506 786/1571/507 788/1572/509
f 789/1573/510 787/1574/508 788/1575/509 790/1576/510
f 791/1577/511 789/1578/510 790/1579/510 792/1580/511
f 793/1581/512 791/1582/511 792/1583/511 794/1584/513
f 795/1585/514 793/1586/512 794/1587/513 796/1588/515
f 797/1589/516 795/1590/514 796/1591/515 798/1592/517
f 799/1593/518 797/1594/516 798/1595/517 800/1596/518
f 770/1597/494 799/1598/518 800/1599/518 769/1600/495
o Circle.013
v 0.373709 3.557971 -20.895617
v 0.373710 2.733902 -17.973999
v 0.266652 2.664614 -17.991777
v 0.266651 3.489597 -20.916632
v 0.195114 2.560915 -18.018383
v 0.195113 3.387265 -20.948088
v 0.169998 2.438589 -18.049770
v 0.169997 3.266551 -20.985193
v 0.195114 2.316264 -18.081154
v 0.195113 3.145838 -21.022297
v 0.266652 2.212565 -18.107761
v 0.266651 3.043505 -21.053753
v 0.373710 2.143277 -18.125538
v 0.373709 2.975129 -21.074770
v 0.499998 2.118942 -18.131783
v 0.499997 2.951115 -21.082153
v 0.626285 2.143277 -18.125538
v 0.626285 2.975129 -21.074770
v 0.733343 2.212566 -18.107761
v 0.733342 3.043505 -21.053753
v 0.804881 2.316264 -18.081156
v 0.804880 3.145838 -21.022297
v 0.829998 2.438589 -18.049770
v 0.829997 3.266551 -20.985193
v 0.804881 2.560916 -18.018383
v 0.804880 3.387265 -20.948088
v 0.733343 2.664614 -17.991777
v 0.733342 3.489597 -20.916634
v 0.626285 2.733902 -17.973999
v 0.626285 3.557971 -20.895617
v 0.499998 2.758235 -17.967754
v 0.499997 3.581985 -20.888233
vt 0.9952 0.0360
vt 0.9952 0.0360
vt 0.9949 0.0362
vt 0.9949 0.0362
vt 0.9890 0.0384
vt 0.9890 0.0384
vt 0.9886 0.0385
vt 0.9886 0.0385
vt 0.9814 0.0395
vt 0.9814 0.0395
vt 0.9809 0.0395
vt 0.9809 0.0395
vt 0.9735 0.0390
vt 0.9735 0.0390
vt 0.9731 0.0389
vt 0.9731 0.0389
vt 0.9666 0.0371
vt 0.9666 0.0371
vt 0.9662 0.0370
vt 0.9662 0.0370
vt 0.9616 0.0341
vt 0.9616 0.0341
vt 0.9615 0.0339
vt 0.9615 0.0339
vt 0.9595 0.0304
vt 0.9595 0.0304
vt 0.9595 0.0302
vt 0.9595 0.0302
vt 0.9604 0.0266
vt 0.9604 0.0266
vt 0.9606 0.0263
vt 0.9606 0.0263
vt 0.9642 0.0232
vt 0.9642 0.0232
vt 0.9646 0.0230
vt 0.9646 0.0230
vt 0.9704 0.0208
vt 0.9704 0.0208
vt 0.9709 0.0207
vt 0.9709 0.0207
vt 0.9781 0.0197
vt 0.9781 0.0197
vt 0.9785 0.0197
vt 0.9785 0.0197
vt 0.9860 0.0202
vt 0.9860 0.0202
vt 0.9864 0.0203
vt 0.9864 0.0203
vt 0.9929 0.0220
vt 0.9929 0.0220
vt 0.9932 0.0222
vt 0.9932 0.0222
vt 0.9978 0.0251
vt 0.9978 0.0251
vt 0.9980 0.0253
vt 0.9980 0.0253
vt 1.0000 0.0288
vt 1.0000 0.0288
vt 1.0000 0.0290
vt 1.0000 0.0290
vt 0.9991 0.0326
vt 0.9991 0.0326
vt 0.9989 0.0328
vt 0.9989 0.0328
vn -0.7085 0.6792 0.1916
vn -0.3836 0.8888 0.2507
vn -0.7084 0.6793 0.1916
vn -0.9249 0.3660 0.1032
vn -1.0000 -0.0028 -0.0008
vn -0.9228 -0.3708 -0.1046
vn -0.7055 -0.6821 -0.1924
vn -0.7056 -0.6820 -0.1924
vn -0.3816 -0.8896 -0.2509
vn -0.0000 -0.9624 -0.2715
vn 0.3816 -0.8896 -0.2509
vn 0.7055 -0.6821 -0.1924
vn 0.7056 -0.6820 -0.1924
vn 0.9228 -0.3708 -0.1046
vn 1.0000 -0.0028 -0.0008
vn 0.9249 0.3660 0.1032
vn 0.7085 0.6792 0.1916
vn 0.7084 0.6793 0.1916
vn 0.3836 0.8888 0.2507
vn 0.0000 0.9624 0.2715
usemtl None
s 1
f 803/1601/519 802/1602/520 801/1603/520 804/1604/521
f 805/1605/522 803/1606/519 804/1607/521 806/1608/522
f 807/1609/523 805/1610/522 806/1611/522 808/1612/523
f 809/1613/524 807/1614/523 808/1615/523 810/1616/524
f 811/1617/525 809/1618/524 810/1619/524 812/1620/526
f 813/1621/527 811/1622/525 812/1623/526 814/1624/527
f 815/1625/528 813/1626/527 814/1627/527 816/1628/528
f 817/1629/529 815/1630/528 816/1631/528 818/1632/529
f 819/1633/530 817/1634/529 818/1635/529 820/1636/531
f 821/1637/532 819/1638/530 820/1639/531 822/1640/532
f 823/1641/533 821/1642/532 822/1643/532 824/1644/533
f 825/1645/534 823/1646/533 824/1647/533 826/1648/534
f 827/1649/535 825/1650/534 826/1651/534 828/1652/536
f 829/1653/537 827/1654/535 828/1655/536 830/1656/537
f 831/1657/538 829/1658/537 830/1659/537 832/1660/538
f 802/1661/520 831/1662/538 832/1663/538 801/1664/520
o Circle.012
v 0.373708 4.518504 -23.779514
v 0.373709 3.557971 -20.895617
v 0.266651 3.489597 -20.916632
v 0.266651 4.451173 -23.803667
v 0.195113 3.387265 -20.948088
v 0.195113 4.350403 -23.839811
v 0.169997 3.266551 -20.985193
v 0.169996 4.231529 -23.882450
v 0.195113 3.145838 -21.022297
v 0.195113 4.112659 -23.925091
v 0.266651 3.043505 -21.053753
v 0.266651 4.011887 -23.961233
v 0.373709 2.975129 -21.074770
v 0.373708 3.944555 -23.985386
v 0.499997 2.951115 -21.082153
v 0.499996 3.920907 -23.993868
v 0.626285 2.975129 -21.074770
v 0.626284 3.944555 -23.985388
v 0.733342 3.043505 -21.053753
v 0.733341 4.011887 -23.961235
v 0.804880 3.145838 -21.022297
v 0.804879 4.112659 -23.925087
v 0.829997 3.266551 -20.985193
v 0.829996 4.231529 -23.882450
v 0.804880 3.387265 -20.948088
v 0.804879 4.350403 -23.839813
v 0.733342 3.489597 -20.916634
v 0.733341 4.451173 -23.803667
v 0.626285 3.557971 -20.895617
v 0.626284 4.518504 -23.779514
v 0.499997 3.581985 -20.888233
v 0.499996 4.542151 -23.771032
vt 0.9949 0.0362
vt 0.9949 0.0362
vt 0.9946 0.0363
vt 0.9946 0.0363
vt 0.9886 0.0385
vt 0.9886 0.0385
vt 0.9881 0.0386
vt 0.9881 0.0386
vt 0.9809 0.0395
vt 0.9809 0.0395
vt 0.9804 0.0395
vt 0.9804 0.0395
vt 0.9731 0.0389
vt 0.9731 0.0389
vt 0.9726 0.0388
vt 0.9726 0.0388
vt 0.9662 0.0370
vt 0.9662 0.0370
vt 0.9659 0.0368
vt 0.9659 0.0368
vt 0.9615 0.0339
vt 0.9615 0.0339
vt 0.9613 0.0337
vt 0.9613 0.0337
vt 0.9595 0.0302
vt 0.9595 0.0302
vt 0.9595 0.0299
vt 0.9595 0.0299
vt 0.9606 0.0263
vt 0.9606 0.0263
vt 0.9607 0.0261
vt 0.9607 0.0261
vt 0.9646 0.0230
vt 0.9646 0.0230
vt 0.9649 0.0229
vt 0.9649 0.0229
vt 0.9709 0.0207
vt 0.9709 0.0207
vt 0.9713 0.0206
vt 0.9713 0.0206
vt 0.9785 0.0197
vt 0.9785 0.0197
vt 0.9790 0.0197
vt 0.9790 0.0197
vt 0.9864 0.0203
vt 0.9864 0.0203
vt 0.9868 0.0203
vt 0.9868 0.0203
vt 0.9932 0.0222
vt 0.9932 0.0222
vt 0.9936 0.0224
vt 0.9936 0.0224
vt 0.9980 0.0253
vt 0.9980 0.0253
vt 0.9982 0.0255
vt 0.9982 0.0255
vt 1.0000 0.0290
vt 1.0000 0.0290
vt 1.0000 0.0292
vt 1.0000 0.0292
vt 0.9989 0.0328
vt 0.9989 0.0328
vt 0.9987 0.0330
vt 0.9987 0.0330
vn -0.7084 0.6696 0.2230
vn -0.3836 0.8762 0.2918
vn -0.9249 0.3608 0.1202
vn -0.9248 0.3609 0.1202
vn -1.0000 -0.0027 -0.0009
vn -0.9228 -0.3655 -0.1217
vn -0.7056 -0.6723 -0.2239
vn -0.3816 -0.8770 -0.2921
vn -0.0000 -0.9488 -0.3160
vn 0.3816 -0.8770 -0.2921
vn 0.7056 -0.6723 -0.2239
vn 0.9228 -0.3655 -0.1217
vn 1.0000 -0.0027 -0.0009
vn 0.9249 0.3608 0.1202
vn 0.9248 0.3609 0.1202
vn 0.7084 0.6696 0.2230
vn 0.3836 0.8762 0.2918
vn 0.0000 0.9488 0.3160
usemtl None
s 1
f 835/1665/539 834/1666/540 833/1667/540 836/1668/539
f 837/1669/541 835/1670/539 836/1671/539 838/1672/542
f 839/1673/543 837/1674/541 838/1675/542 840/1676/543
f 841/1677/544 839/1678/543 840/1679/543 842/1680/544
f 843/1681/545 841/1682/544 842/1683/544 844/1684/545
f 845/1685/546 843/1686/545 844/1687/545 846/1688/546
f 847/1689/547 845/1690/546 846/1691/546 848/1692/547
f 849/1693/548 847/1694/547 848/1695/547 850/1696/548
f 851/1697/549 849/1698/548 850/1699/548 852/1700/549
f 853/1701/550 851/1702/549 852/1703/549 854/1704/550
f 855/1705/551 853/1706/550 854/1707/550 856/1708/551
f 857/1709/552 855/1710/551 856/1711/551 858/1712/553
f 859/1713/554 857/1714/552 858/1715/553 860/1716/554
f 861/1717/555 859/1718/554 860/1719/554 862/1720/555
f 863/1721/556 861/1722/555 862/1723/555 864/1724/556
f 834/1725/540 863/1726/556 864/1727/556 833/1728/540
o Circle.011
v 0.373707 5.611362 -26.619972
v 0.373708 4.518504 -23.779514
v 0.266651 4.451173 -23.803667
v 0.266650 5.545197 -26.647156
v 0.195113 4.350403 -23.839811
v 0.195112 5.446172 -26.687840
v 0.169996 4.231529 -23.882450
v 0.169995 5.329358 -26.735834
v 0.195113 4.112659 -23.925091
v 0.195112 5.212546 -26.783827
v 0.266651 4.011887 -23.961233
v 0.266650 5.113520 -26.824512
v 0.373708 3.944555 -23.985386
v 0.373707 5.047354 -26.851694
v 0.499996 3.920907 -23.993868
v 0.499995 5.024116 -26.861242
v 0.626284 3.944555 -23.985388
v 0.626283 5.047354 -26.851696
v 0.733341 4.011887 -23.961235
v 0.733341 5.113520 -26.824512
v 0.804879 4.112659 -23.925087
v 0.804879 5.212546 -26.783825
v 0.829996 4.231529 -23.882450
v 0.829995 5.329358 -26.735834
v 0.804879 4.350403 -23.839813
v 0.804879 5.446172 -26.687840
v 0.733341 4.451173 -23.803667
v 0.733341 5.545197 -26.647156
v 0.626284 4.518504 -23.779514
v 0.626283 5.611362 -26.619972
v 0.499996 4.542151 -23.771032
v 0.499995 5.634600 -26.610424
vt 0.9946 0.0363
vt 0.9946 0.0363
vt 0.9942 0.0365
vt 0.9942 0.0365
vt 0.9881 0.0386
vt 0.9881 0.0386
vt 0.9877 0.0387
vt 0.9877 0.0387
vt 0.9804 0.0395
vt 0.9804 0.0395
vt 0.9800 0.0395
vt 0.9800 0.0395
vt 0.9726 0.0388
vt 0.9726 0.0388
vt 0.9722 0.0387
vt 0.9722 0.0387
vt 0.9659 0.0368
vt 0.9659 0.0368
vt 0.9656 0.0366
vt 0.9656 0.0366
vt 0.9613 0.0337
vt 0.9613 0.0337
vt 0.9611 0.0335
vt 0.9611 0.0335
vt 0.9595 0.0299
vt 0.9595 0.0299
vt 0.9595 0.0297
vt 0.9595 0.0297
vt 0.9607 0.0261
vt 0.9607 0.0261
vt 0.9609 0.0259
vt 0.9609 0.0259
vt 0.9649 0.0229
vt 0.9649 0.0229
vt 0.9652 0.0227
vt 0.9652 0.0227
vt 0.9713 0.0206
vt 0.9713 0.0206
vt 0.9718 0.0205
vt 0.9718 0.0205
vt 0.9790 0.0197
vt 0.9790 0.0197
vt 0.9795 0.0197
vt 0.9795 0.0197
vt 0.9868 0.0203
vt 0.9868 0.0203
vt 0.9873 0.0204
vt 0.9873 0.0204
vt 0.9936 0.0224
vt 0.9936 0.0224
vt 0.9939 0.0225
vt 0.9939 0.0225
vt 0.9982 0.0255
vt 0.9982 0.0255
vt 0.9984 0.0257
vt 0.9984 0.0257
vt 1.0000 0.0292
vt 1.0000 0.0292
vt 1.0000 0.0295
vt 1.0000 0.0295
vt 0.9987 0.0330
vt 0.9987 0.0330
vt 0.9985 0.0333
vt 0.9985 0.0333
vn -0.7084 0.6587 0.2534
vn -0.3836 0.8619 0.3316
vn -0.9248 0.3550 0.1366
vn -1.0000 -0.0027 -0.0010
vn -1.0000 -0.0026 -0.0010
vn -0.9228 -0.3595 -0.1383
vn -0.9229 -0.3595 -0.1383
vn -0.7056 -0.6614 -0.2545
vn -0.7056 -0.6613 -0.2544
vn -0.3816 -0.8627 -0.3319
vn -0.0000 -0.9333 -0.3591
vn 0.3816 -0.8627 -0.3319
vn 0.7056 -0.6614 -0.2545
vn 0.7056 -0.6613 -0.2544
vn 0.9228 -0.3595 -0.1383
vn 0.9229 -0.3595 -0.1383
vn 1.0000 -0.0027 -0.0010
vn 1.0000 -0.0026 -0.0010
vn 0.9248 0.3550 0.1366
vn 0.7084 0.6587 0.2534
vn 0.3836 0.8619 0.3316
vn -0.0000 0.9333 0.3591
usemtl None
s 1
f 867/1729/557 866/1730/558 865/1731/558 868/1732/557
f 869/1733/559 867/1734/557 868/1735/557 870/1736/559
f 871/1737/560 869/1738/559 870/1739/559 872/1740/561
f 873/1741/562 871/1742/560 872/1743/561 874/1744/563
f 875/1745/564 873/1746/562 874/1747/563 876/1748/565
f 877/1749/566 875/1750/564 876/1751/565 878/1752/566
f 879/1753/567 877/1754/566 878/1755/566 880/1756/567
f 881/1757/568 879/1758/567 880/1759/567 882/1760/568
f 883/1761/569 881/1762/568 882/1763/568 884/1764/570
f 885/1765/571 883/1766/569 884/1767/570 886/1768/572
f 887/1769/573 885/1770/571 886/1771/572 888/1772/574
f 889/1773/575 887/1774/573 888/1775/574 890/1776/575
f 891/1777/576 889/1778/575 890/1779/575 892/1780/576
f 893/1781/577 891/1782/576 892/1783/576 894/1784/577
f 895/1785/578 893/1786/577 894/1787/577 896/1788/578
f 866/1789/558 895/1790/578 896/1791/578 865/1792/558
o Circle.010
v 0.373707 6.832399 -29.411264
v 0.373707 5.611362 -26.619972
v 0.266650 5.545197 -26.647156
v 0.266649 6.767517 -29.441381
v 0.195112 5.446172 -26.687840
v 0.195111 6.670413 -29.486460
v 0.169995 5.329358 -26.735834
v 0.169995 6.555865 -29.539635
v 0.195112 5.212546 -26.783827
v 0.195111 6.441319 -29.592810
v 0.266650 5.113520 -26.824512
v 0.266649 6.344213 -29.637886
v 0.373707 5.047354 -26.851694
v 0.373707 6.279331 -29.668005
v 0.499995 5.024116 -26.861242
v 0.499995 6.256543 -29.678583
v 0.626283 5.047354 -26.851696
v 0.626283 6.279331 -29.668007
v 0.733341 5.113520 -26.824512
v 0.733340 6.344213 -29.637888
v 0.804879 5.212546 -26.783825
v 0.804878 6.441318 -29.592810
v 0.829995 5.329358 -26.735834
v 0.829995 6.555865 -29.539635
v 0.804879 5.446172 -26.687840
v 0.804878 6.670413 -29.486460
v 0.733341 5.545197 -26.647156
v 0.733340 6.767517 -29.441381
v 0.626283 5.611362 -26.619972
v 0.626283 6.832399 -29.411264
v 0.499995 5.634600 -26.610424
v 0.499995 6.855186 -29.400686
vt 0.9942 0.0365
vt 0.9942 0.0365
vt 0.9939 0.0366
vt 0.9939 0.0366
vt 0.9877 0.0387
vt 0.9877 0.0387
vt 0.9873 0.0387
vt 0.9873 0.0387
vt 0.9800 0.0395
vt 0.9800 0.0395
vt 0.9795 0.0395
vt 0.9795 0.0395
vt 0.9722 0.0387
vt 0.9722 0.0387
vt 0.9718 0.0387
vt 0.9718 0.0387
vt 0.9656 0.0366
vt 0.9656 0.0366
vt 0.9652 0.0365
vt 0.9652 0.0365
vt 0.9611 0.0335
vt 0.9611 0.0335
vt 0.9609 0.0333
vt 0.9609 0.0333
vt 0.9595 0.0297
vt 0.9595 0.0297
vt 0.9595 0.0295
vt 0.9595 0.0295
vt 0.9609 0.0259
vt 0.9609 0.0259
vt 0.9611 0.0257
vt 0.9611 0.0257
vt 0.9652 0.0227
vt 0.9652 0.0227
vt 0.9656 0.0225
vt 0.9656 0.0225
vt 0.9718 0.0205
vt 0.9718 0.0205
vt 0.9722 0.0204
vt 0.9722 0.0204
vt 0.9795 0.0197
vt 0.9795 0.0197
vt 0.9800 0.0197
vt 0.9800 0.0197
vt 0.9873 0.0204
vt 0.9873 0.0204
vt 0.9877 0.0205
vt 0.9877 0.0205
vt 0.9939 0.0225
vt 0.9939 0.0225
vt 0.9942 0.0227
vt 0.9942 0.0227
vt 0.9984 0.0257
vt 0.9984 0.0257
vt 0.9985 0.0259
vt 0.9985 0.0259
vt 1.0000 0.0295
vt 1.0000 0.0295
vt 1.0000 0.0297
vt 1.0000 0.0297
vt 0.9985 0.0333
vt 0.9985 0.0333
vt 0.9984 0.0335
vt 0.9984 0.0335
vn -0.7084 0.6466 0.2829
vn -0.3836 0.8461 0.3701
vn -0.7084 0.6467 0.2829
vn -0.9248 0.3485 0.1524
vn -0.9248 0.3485 0.1525
vn -1.0000 -0.0026 -0.0011
vn -1.0000 -0.0025 -0.0011
vn -0.9229 -0.3529 -0.1544
vn -0.9229 -0.3528 -0.1543
vn -0.7056 -0.6492 -0.2840
vn -0.3816 -0.8468 -0.3704
vn -0.0000 -0.9162 -0.4008
vn 0.3816 -0.8468 -0.3704
vn 0.7056 -0.6492 -0.2840
vn 0.9229 -0.3529 -0.1544
vn 0.9229 -0.3528 -0.1543
vn 1.0000 -0.0026 -0.0011
vn 1.0000 -0.0025 -0.0011
vn 0.9248 0.3485 0.1524
vn 0.9248 0.3485 0.1525
vn 0.7084 0.6466 0.2829
vn 0.7084 0.6467 0.2829
vn 0.3836 0.8461 0.3701
vn 0.0000 0.9162 0.4008
usemtl None
s 1
f 899/1793/579 898/1794/580 897/1795/580 900/1796/581
f 901/1797/582 899/1798/579 900/1799/581 902/1800/583
f 903/1801/584 901/1802/582 902/1803/583 904/1804/585
f 905/1805/586 903/1806/584 904/1807/585 906/1808/587
f 907/1809/588 905/1810/586 906/1811/587 908/1812/588
f 909/1813/589 907/1814/588 908/1815/588 910/1816/589
f 911/1817/590 909/1818/589 910/1819/589 912/1820/590
f 913/1821/591 911/1822/590 912/1823/590 914/1824/591
f 915/1825/592 913/1826/591 914/1827/591 916/1828/592
f 917/1829/593 915/1830/592 916/1831/592 918/1832/594
f 919/1833/595 917/1834/593 918/1835/594 920/1836/596
f 921/1837/597 919/1838/595 920/1839/596 922/1840/598
f 923/1841/599 921/1842/597 922/1843/598 924/1844/600
f 925/1845/601 923/1846/599 924/1847/600 926/1848/601
f 927/1849/602 925/1850/601 926/1851/601 928/1852/602
f 898/1853/580 927/1854/602 928/1855/602 897/1856/580
o Circle.009
v 0.373706 8.177462 -32.147659
v 0.373707 6.832399 -29.411264
v 0.266649 6.767517 -29.441381
v 0.266649 8.113976 -32.180618
v 0.195111 6.670413 -29.486460
v 0.195111 8.018964 -32.229950
v 0.169995 6.555865 -29.539635
v 0.169994 7.906881 -32.288147
v 0.195111 6.441319 -29.592810
v 0.195111 7.794801 -32.346336
v 0.266649 6.344213 -29.637886
v 0.266649 7.699785 -32.395668
v 0.373707 6.279331 -29.668005
v 0.373706 7.636299 -32.428627
v 0.499995 6.256543 -29.678583
v 0.499994 7.614002 -32.440201
v 0.626283 6.279331 -29.668007
v 0.626282 7.636300 -32.428627
v 0.733340 6.344213 -29.637888
v 0.733340 7.699785 -32.395668
v 0.804878 6.441318 -29.592810
v 0.804878 7.794800 -32.346336
v 0.829995 6.555865 -29.539635
v 0.829994 7.906881 -32.288147
v 0.804878 6.670413 -29.486460
v 0.804878 8.018964 -32.229950
v 0.733340 6.767517 -29.441381
v 0.733340 8.113977 -32.180618
v 0.626283 6.832399 -29.411264
v 0.626282 8.177462 -32.147659
v 0.499995 6.855186 -29.400686
v 0.499994 8.199759 -32.136086
vt 0.9939 0.0366
vt 0.9939 0.0366
vt 0.9936 0.0368
vt 0.9936 0.0368
vt 0.9873 0.0387
vt 0.9873 0.0387
vt 0.9868 0.0388
vt 0.9868 0.0388
vt 0.9795 0.0395
vt 0.9795 0.0395
vt 0.9790 0.0395
vt 0.9790 0.0395
vt 0.9718 0.0387
vt 0.9718 0.0387
vt 0.9713 0.0386
vt 0.9713 0.0386
vt 0.9652 0.0365
vt 0.9652 0.0365
vt 0.9649 0.0363
vt 0.9649 0.0363
vt 0.9609 0.0333
vt 0.9609 0.0333
vt 0.9607 0.0330
vt 0.9607 0.0330
vt 0.9595 0.0295
vt 0.9595 0.0295
vt 0.9595 0.0292
vt 0.9595 0.0292
vt 0.9611 0.0257
vt 0.9611 0.0257
vt 0.9613 0.0255
vt 0.9613 0.0255
vt 0.9656 0.0225
vt 0.9656 0.0225
vt 0.9659 0.0224
vt 0.9659 0.0224
vt 0.9722 0.0204
vt 0.9722 0.0204
vt 0.9726 0.0203
vt 0.9726 0.0203
vt 0.9800 0.0197
vt 0.9800 0.0197
vt 0.9804 0.0197
vt 0.9804 0.0197
vt 0.9877 0.0205
vt 0.9877 0.0205
vt 0.9881 0.0206
vt 0.9881 0.0206
vt 0.9942 0.0227
vt 0.9942 0.0227
vt 0.9946 0.0229
vt 0.9946 0.0229
vt 0.9985 0.0259
vt 0.9985 0.0259
vt 0.9987 0.0261
vt 0.9987 0.0261
vt 1.0000 0.0297
vt 1.0000 0.0297
vt 1.0000 0.0299
vt 1.0000 0.0299
vt 0.9984 0.0335
vt 0.9984 0.0335
vt 0.9982 0.0337
vt 0.9982 0.0337
vn -0.7084 0.6334 0.3114
vn -0.3836 0.8288 0.4074
vn -0.9248 0.3414 0.1678
vn -1.0000 -0.0025 -0.0012
vn -0.9229 -0.3456 -0.1699
vn -0.7056 -0.6359 -0.3126
vn -0.3816 -0.8295 -0.4077
vn -0.0000 -0.8974 -0.4411
vn 0.3816 -0.8295 -0.4077
vn 0.7056 -0.6359 -0.3126
vn 0.9229 -0.3456 -0.1699
vn 1.0000 -0.0025 -0.0012
vn 0.9248 0.3414 0.1678
vn 0.7084 0.6334 0.3114
vn 0.3836 0.8288 0.4074
vn 0.0000 0.8974 0.4411
usemtl None
s 1
f 931/1857/603 930/1858/604 929/1859/604 932/1860/603
f 933/1861/605 931/1862/603 932/1863/603 934/1864/605
f 935/1865/606 933/1866/605 934/1867/605 936/1868/606
f 937/1869/607 935/1870/606 936/1871/606 938/1872/607
f 939/1873/608 937/1874/607 938/1875/607 940/1876/608
f 941/1877/609 939/1878/608 940/1879/608 942/1880/609
f 943/1881/610 941/1882/609 942/1883/609 944/1884/610
f 945/1885/611 943/1886/610 944/1887/610 946/1888/611
f 947/1889/612 945/1890/611 946/1891/611 948/1892/612
f 949/1893/613 947/1894/612 948/1895/612 950/1896/613
f 951/1897/614 949/1898/613 950/1899/613 952/1900/614
f 953/1901/615 951/1902/614 952/1903/614 954/1904/615
f 955/1905/616 953/1906/615 954/1907/615 956/1908/616
f 957/1909/617 955/1910/616 956/1911/616 958/1912/617
f 959/1913/618 957/1914/617 958/1915/617 960/1916/618
f 930/1917/604 959/1918/618 960/1919/618 929/1920/604
o Circle.008
v 0.373706 9.642394 -34.823433
v 0.373706 8.177462 -32.147659
v 0.266649 8.113976 -32.180618
v 0.266649 9.580417 -34.859146
v 0.195111 8.018964 -32.229950
v 0.195111 9.487659 -34.912598
v 0.169994 7.906881 -32.288147
v 0.169994 9.378236 -34.975655
v 0.195111 7.794801 -32.346336
v 0.195111 9.268817 -35.038704
v 0.266649 7.699785 -32.395668
v 0.266649 9.176057 -35.092159
v 0.373706 7.636299 -32.428627
v 0.373706 9.114079 -35.127872
v 0.499994 7.614002 -32.440201
v 0.499994 9.092310 -35.140415
v 0.626282 7.636300 -32.428627
v 0.626282 9.114079 -35.127872
v 0.733340 7.699785 -32.395668
v 0.733339 9.176057 -35.092159
v 0.804878 7.794800 -32.346336
v 0.804878 9.268816 -35.038704
v 0.829994 7.906881 -32.288147
v 0.829994 9.378236 -34.975655
v 0.804878 8.018964 -32.229950
v 0.804878 9.487659 -34.912601
v 0.733340 8.113977 -32.180618
v 0.733340 9.580417 -34.859150
v 0.626282 8.177462 -32.147659
v 0.626282 9.642394 -34.823433
v 0.499994 8.199759 -32.136086
v 0.499994 9.664162 -34.810890
vt 0.9936 0.0368
vt 0.9936 0.0368
vt 0.9932 0.0370
vt 0.9932 0.0370
vt 0.9868 0.0388
vt 0.9868 0.0388
vt 0.9864 0.0389
vt 0.9864 0.0389
vt 0.9790 0.0395
vt 0.9790 0.0395
vt 0.9785 0.0395
vt 0.9785 0.0395
vt 0.9713 0.0386
vt 0.9713 0.0386
vt 0.9709 0.0385
vt 0.9709 0.0385
vt 0.9649 0.0363
vt 0.9649 0.0363
vt 0.9646 0.0362
vt 0.9646 0.0362
vt 0.9607 0.0330
vt 0.9607 0.0330
vt 0.9606 0.0328
vt 0.9606 0.0328
vt 0.9595 0.0292
vt 0.9595 0.0292
vt 0.9595 0.0290
vt 0.9595 0.0290
vt 0.9613 0.0255
vt 0.9613 0.0255
vt 0.9615 0.0253
vt 0.9615 0.0253
vt 0.9659 0.0224
vt 0.9659 0.0224
vt 0.9662 0.0222
vt 0.9662 0.0222
vt 0.9726 0.0203
vt 0.9726 0.0203
vt 0.9731 0.0203
vt 0.9731 0.0203
vt 0.9804 0.0197
vt 0.9804 0.0197
vt 0.9809 0.0197
vt 0.9809 0.0197
vt 0.9881 0.0206
vt 0.9881 0.0206
vt 0.9886 0.0207
vt 0.9886 0.0207
vt 0.9946 0.0229
vt 0.9946 0.0229
vt 0.9949 0.0230
vt 0.9949 0.0230
vt 0.9987 0.0261
vt 0.9987 0.0261
vt 0.9989 0.0263
vt 0.9989 0.0263
vt 1.0000 0.0299
vt 1.0000 0.0299
vt 1.0000 0.0302
vt 1.0000 0.0302
vt 0.9982 0.0337
vt 0.9982 0.0337
vt 0.9980 0.0339
vt 0.9980 0.0339
vn -0.7084 0.6191 0.3390
vn -0.3836 0.8101 0.4435
vn -0.9248 0.3337 0.1827
vn -1.0000 -0.0024 -0.0013
vn -0.9229 -0.3378 -0.1849
vn -0.7056 -0.6215 -0.3403
vn -0.7057 -0.6215 -0.3403
vn -0.3816 -0.8108 -0.4439
vn -0.3817 -0.8108 -0.4439
vn 0.0000 -0.8771 -0.4802
vn 0.3816 -0.8108 -0.4439
vn 0.3817 -0.8108 -0.4439
vn 0.7056 -0.6215 -0.3403
vn 0.7057 -0.6215 -0.3403
vn 0.9229 -0.3378 -0.1849
vn 1.0000 -0.0024 -0.0013
vn 0.9248 0.3337 0.1827
vn 0.7084 0.6191 0.3390
vn 0.3836 0.8101 0.4435
vn 0.0000 0.8771 0.4802
usemtl None
s 1
f 963/1921/619 962/1922/620 961/1923/620 964/1924/619
f 965/1925/621 963/1926/619 964/1927/619 966/1928/621
f 967/1929/622 965/1930/621 966/1931/621 968/1932/622
f 969/1933/623 967/1934/622 968/1935/622 970/1936/623
f 971/1937/624 969/1938/623 970/1939/623 972/1940/625
f 973/1941/626 971/1942/624 972/1943/625 974/1944/627
f 975/1945/628 973/1946/626 974/1947/627 976/1948/628
f 977/1949/629 975/1950/628 976/1951/628 978/1952/630
f 979/1953/631 977/1954/629 978/1955/630 980/1956/632
f 981/1957/633 979/1958/631 980/1959/632 982/1960/633
f 983/1961/634 981/1962/633 982/1963/633 984/1964/634
f 985/1965/635 983/1966/634 984/1967/634 986/1968/635
f 987/1969/636 985/1970/635 986/1971/635 988/1972/636
f 989/1973/637 987/1974/636 988/1975/636 990/1976/637
f 991/1977/638 989/1978/637 990/1979/637 992/1980/638
f 962/1981/620 991/1982/638 992/1983/638 961/1984/620
o Circle.007
v 0.373706 11.223029 -37.432858
v 0.373706 9.642394 -34.823433
v 0.266649 9.580417 -34.859146
v 0.266649 11.162668 -37.471241
v 0.195111 9.487659 -34.912598
v 0.195111 11.072331 -37.528683
v 0.169994 9.378236 -34.975655
v 0.169994 10.965762 -37.596451
v 0.195111 9.268817 -35.038704
v 0.195111 10.859198 -37.664219
v 0.266649 9.176057 -35.092159
v 0.266649 10.768858 -37.721664
v 0.373706 9.114079 -35.127872
v 0.373706 10.708494 -37.760048
v 0.499994 9.092310 -35.140415
v 0.499994 10.687295 -37.773529
v 0.626282 9.114079 -35.127872
v 0.626282 10.708495 -37.760044
v 0.733339 9.176057 -35.092159
v 0.733340 10.768858 -37.721664
v 0.804878 9.268816 -35.038704
v 0.804878 10.859197 -37.664215
v 0.829994 9.378236 -34.975655
v 0.829994 10.965762 -37.596451
v 0.804878 9.487659 -34.912601
v 0.804878 11.072331 -37.528690
v 0.733340 9.580417 -34.859150
v 0.733340 11.162668 -37.471237
v 0.626282 9.642394 -34.823433
v 0.626282 11.223029 -37.432858
v 0.499994 9.664162 -34.810890
v 0.499994 11.244229 -37.419376
vt 0.9932 0.0370
vt 0.9932 0.0370
vt 0.9929 0.0371
vt 0.9929 0.0371
vt 0.9864 0.0389
vt 0.9864 0.0389
vt 0.9860 0.0390
vt 0.9860 0.0390
vt 0.9785 0.0395
vt 0.9785 0.0395
vt 0.9781 0.0395
vt 0.9781 0.0395
vt 0.9709 0.0385
vt 0.9709 0.0385
vt 0.9704 0.0384
vt 0.9704 0.0384
vt 0.9646 0.0362
vt 0.9646 0.0362
vt 0.9642 0.0360
vt 0.9642 0.0360
vt 0.9606 0.0328
vt 0.9606 0.0328
vt 0.9604 0.0326
vt 0.9604 0.0326
vt 0.9595 0.0290
vt 0.9595 0.0290
vt 0.9595 0.0288
vt 0.9595 0.0288
vt 0.9615 0.0253
vt 0.9615 0.0253
vt 0.9616 0.0251
vt 0.9616 0.0251
vt 0.9662 0.0222
vt 0.9662 0.0222
vt 0.9666 0.0220
vt 0.9666 0.0220
vt 0.9731 0.0203
vt 0.9731 0.0203
vt 0.9735 0.0202
vt 0.9735 0.0202
vt 0.9809 0.0197
vt 0.9809 0.0197
vt 0.9814 0.0197
vt 0.9814 0.0197
vt 0.9886 0.0207
vt 0.9886 0.0207
vt 0.9890 0.0208
vt 0.9890 0.0208
vt 0.9949 0.0230
vt 0.9949 0.0230
vt 0.9952 0.0232
vt 0.9952 0.0232
vt 0.9989 0.0263
vt 0.9989 0.0263
vt 0.9991 0.0266
vt 0.9991 0.0266
vt 1.0000 0.0302
vt 1.0000 0.0302
vt 1.0000 0.0304
vt 1.0000 0.0304
vt 0.9980 0.0339
vt 0.9980 0.0339
vt 0.9978 0.0341
vt 0.9978 0.0341
vn -0.7084 0.6037 0.3657
vn -0.3836 0.7899 0.4785
vn -0.9248 0.3254 0.1971
vn -1.0000 -0.0023 -0.0014
vn -0.9229 -0.3294 -0.1995
vn -0.7057 -0.6060 -0.3671
vn -0.3816 -0.7906 -0.4789
vn -0.3817 -0.7906 -0.4789
vn 0.0000 -0.8553 -0.5181
vn 0.3816 -0.7906 -0.4789
vn 0.3817 -0.7906 -0.4789
vn 0.7057 -0.6060 -0.3671
vn 0.9229 -0.3294 -0.1995
vn 1.0000 -0.0023 -0.0014
vn 0.9248 0.3254 0.1971
vn 0.7084 0.6037 0.3657
vn 0.3836 0.7899 0.4785
vn 0.0000 0.8553 0.5181
usemtl None
s 1
f 995/1985/639 994/1986/640 993/1987/640 996/1988/639
f 997/1989/641 995/1990/639 996/1991/639 998/1992/641
f 999/1993/642 997/1994/641 998/1995/641 1000/1996/642
f 1001/1997/643 999/1998/642 1000/1999/642 1002/2000/643
f 1003/2001/644 1001/2002/643 1002/2003/643 1004/2004/644
f 1005/2005/645 1003/2006/644 1004/2007/644 1006/2008/646
f 1007/2009/647 1005/2010/645 1006/2011/646 1008/2012/647
f 1009/2013/648 1007/2014/647 1008/2015/647 1010/2016/649
f 1011/2017/650 1009/2018/648 1010/2019/649 1012/2020/650
f 1013/2021/651 1011/2022/650 1012/2023/650 1014/2024/651
f 1015/2025/652 1013/2026/651 1014/2027/651 1016/2028/652
f 1017/2029/653 1015/2030/652 1016/2031/652 1018/2032/653
f 1019/2033/654 1017/2034/653 1018/2035/653 1020/2036/654
f 1021/2037/655 1019/2038/654 1020/2039/654 1022/2040/655
f 1023/2041/656 1021/2042/655 1022/2043/655 1024/2044/656
f 994/2045/640 1023/2046/656 1024/2047/656 993/2048/640
o Circle.006
v 0.373707 12.915195 -39.970203
v 0.373706 11.223029 -37.432858
v 0.266649 11.162668 -37.471241
v 0.266649 12.856562 -40.011177
v 0.195111 11.072331 -37.528683
v 0.195111 12.768807 -40.072498
v 0.169994 10.965762 -37.596451
v 0.169994 12.665287 -40.144836
v 0.195111 10.859198 -37.664219
v 0.195111 12.561771 -40.217167
v 0.266649 10.768858 -37.721664
v 0.266649 12.474014 -40.278492
v 0.373706 10.708494 -37.760048
v 0.373707 12.415380 -40.319462
v 0.499994 10.687295 -37.773529
v 0.499994 12.394785 -40.333855
v 0.626282 10.708495 -37.760044
v 0.626282 12.415380 -40.319462
v 0.733340 10.768858 -37.721664
v 0.733340 12.474014 -40.278496
v 0.804878 10.859197 -37.664215
v 0.804878 12.561770 -40.217175
v 0.829994 10.965762 -37.596451
v 0.829994 12.665287 -40.144836
v 0.804878 11.072331 -37.528690
v 0.804878 12.768807 -40.072498
v 0.733340 11.162668 -37.471237
v 0.733340 12.856562 -40.011177
v 0.626282 11.223029 -37.432858
v 0.626282 12.915195 -39.970203
v 0.499994 11.244229 -37.419376
v 0.499994 12.935788 -39.955811
vt 0.9929 0.0371
vt 0.9929 0.0371
vt 0.9926 0.0373
vt 0.9926 0.0373
vt 0.9860 0.0390
vt 0.9860 0.0390
vt 0.9855 0.0391
vt 0.9855 0.0391
vt 0.9781 0.0395
vt 0.9781 0.0395
vt 0.9776 0.0395
vt 0.9776 0.0395
vt 0.9704 0.0384
vt 0.9704 0.0384
vt 0.9700 0.0383
vt 0.9700 0.0383
vt 0.9642 0.0360
vt 0.9642 0.0360
vt 0.9639 0.0358
vt 0.9639 0.0358
vt 0.9604 0.0326
vt 0.9604 0.0326
vt 0.9602 0.0324
vt 0.9602 0.0324
vt 0.9595 0.0288
vt 0.9595 0.0288
vt 0.9595 0.0286
vt 0.9595 0.0286
vt 0.9616 0.0251
vt 0.9616 0.0251
vt 0.9618 0.0249
vt 0.9618 0.0249
vt 0.9666 0.0220
vt 0.9666 0.0220
vt 0.9669 0.0219
vt 0.9669 0.0219
vt 0.9735 0.0202
vt 0.9735 0.0202
vt 0.9740 0.0201
vt 0.9740 0.0201
vt 0.9814 0.0197
vt 0.9814 0.0197
vt 0.9819 0.0197
vt 0.9819 0.0197
vt 0.9890 0.0208
vt 0.9890 0.0208
vt 0.9895 0.0209
vt 0.9895 0.0209
vt 0.9952 0.0232
vt 0.9952 0.0232
vt 0.9956 0.0233
vt 0.9956 0.0233
vt 0.9991 0.0266
vt 0.9991 0.0266
vt 0.9993 0.0268
vt 0.9993 0.0268
vt 1.0000 0.0304
vt 1.0000 0.0304
vt 1.0000 0.0306
vt 1.0000 0.0306
vt 0.9978 0.0341
vt 0.9978 0.0341
vt 0.9976 0.0343
vt 0.9976 0.0343
vn -0.7084 0.5872 0.3916
vn -0.3836 0.7683 0.5124
vn -0.9248 0.3165 0.2111
vn -1.0000 -0.0023 -0.0015
vn -1.0000 -0.0022 -0.0015
vn -0.9229 -0.3204 -0.2136
vn -0.7057 -0.5895 -0.3931
vn -0.3817 -0.7690 -0.5128
vn 0.0000 -0.8320 -0.5548
vn 0.3817 -0.7690 -0.5128
vn 0.7057 -0.5895 -0.3931
vn 0.9229 -0.3204 -0.2136
vn 1.0000 -0.0023 -0.0015
vn 1.0000 -0.0022 -0.0015
vn 0.9248 0.3165 0.2111
vn 0.7084 0.5872 0.3916
vn 0.3836 0.7683 0.5124
vn 0.0000 0.8320 0.5548
usemtl None
s 1
f 1027/2049/657 1026/2050/658 1025/2051/658 1028/2052/657
f 1029/2053/659 1027/2054/657 1028/2055/657 1030/2056/659
f 1031/2057/660 1029/2058/659 1030/2059/659 1032/2060/661
f 1033/2061/662 1031/2062/660 1032/2063/661 1034/2064/662
f 1035/2065/663 1033/2066/662 1034/2067/662 1036/2068/663
f 1037/2069/664 1035/2070/663 1036/2071/663 1038/2072/664
f 1039/2073/665 1037/2074/664 1038/2075/664 1040/2076/665
f 1041/2077/666 1039/2078/665 1040/2079/665 1042/2080/666
f 1043/2081/667 1041/2082/666 1042/2083/666 1044/2084/667
f 1045/2085/668 1043/2086/667 1044/2087/667 1046/2088/668
f 1047/2089/669 1045/2090/668 1046/2091/668 1048/2092/670
f 1049/2093/671 1047/2094/669 1048/2095/670 1050/2096/671
f 1051/2097/672 1049/2098/671 1050/2099/671 1052/2100/672
f 1053/2101/673 1051/2102/672 1052/2103/672 1054/2104/673
f 1055/2105/674 1053/2106/673 1054/2107/673 1056/2108/674
f 1026/2109/658 1055/2110/674 1056/2111/674 1025/2112/658
o Circle.005
v 0.373707 14.714715 -42.429745
v 0.373707 12.915195 -39.970203
v 0.266649 12.856562 -40.011177
v 0.266650 14.657921 -42.473228
v 0.195111 12.768807 -40.072498
v 0.195112 14.572919 -42.538311
v 0.169994 12.665287 -40.144836
v 0.169995 14.472645 -42.615086
v 0.195111 12.561771 -40.217167
v 0.195112 14.372373 -42.691853
v 0.266649 12.474014 -40.278492
v 0.266650 14.287369 -42.756939
v 0.373707 12.415380 -40.319462
v 0.373707 14.230573 -42.800426
v 0.499994 12.394785 -40.333855
v 0.499995 14.210624 -42.815697
v 0.626282 12.415380 -40.319462
v 0.626283 14.230573 -42.800426
v 0.733340 12.474014 -40.278496
v 0.733341 14.287369 -42.756939
v 0.804878 12.561770 -40.217175
v 0.804879 14.372373 -42.691853
v 0.829994 12.665287 -40.144836
v 0.829995 14.472644 -42.615086
v 0.804878 12.768807 -40.072498
v 0.804879 14.572919 -42.538315
v 0.733340 12.856562 -40.011177
v 0.733341 14.657920 -42.473228
v 0.626282 12.915195 -39.970203
v 0.626283 14.714715 -42.429745
v 0.499994 12.935788 -39.955811
v 0.499995 14.734664 -42.414474
vt 0.9926 0.0373
vt 0.9926 0.0373
vt 0.9922 0.0375
vt 0.9922 0.0375
vt 0.9855 0.0391
vt 0.9855 0.0391
vt 0.9851 0.0392
vt 0.9851 0.0392
vt 0.9776 0.0395
vt 0.9776 0.0395
vt 0.9771 0.0395
vt 0.9771 0.0395
vt 0.9700 0.0383
vt 0.9700 0.0383
vt 0.9696 0.0382
vt 0.9696 0.0382
vt 0.9639 0.0358
vt 0.9639 0.0358
vt 0.9636 0.0357
vt 0.9636 0.0357
vt 0.9602 0.0324
vt 0.9602 0.0324
vt 0.9600 0.0322
vt 0.9600 0.0322
vt 0.9595 0.0286
vt 0.9595 0.0286
vt 0.9595 0.0283
vt 0.9595 0.0283
vt 0.9618 0.0249
vt 0.9618 0.0249
vt 0.9620 0.0246
vt 0.9620 0.0246
vt 0.9669 0.0219
vt 0.9669 0.0219
vt 0.9673 0.0217
vt 0.9673 0.0217
vt 0.9740 0.0201
vt 0.9740 0.0201
vt 0.9744 0.0200
vt 0.9744 0.0200
vt 0.9819 0.0197
vt 0.9819 0.0197
vt 0.9823 0.0197
vt 0.9823 0.0197
vt 0.9895 0.0209
vt 0.9895 0.0209
vt 0.9899 0.0210
vt 0.9899 0.0210
vt 0.9956 0.0233
vt 0.9956 0.0233
vt 0.9959 0.0235
vt 0.9959 0.0235
vt 0.9993 0.0268
vt 0.9993 0.0268
vt 0.9995 0.0270
vt 0.9995 0.0270
vt 1.0000 0.0306
vt 1.0000 0.0306
vt 1.0000 0.0309
vt 1.0000 0.0309
vt 0.9976 0.0343
vt 0.9976 0.0343
vt 0.9975 0.0345
vt 0.9975 0.0345
vn -0.7084 0.5697 0.4168
vn -0.3836 0.7453 0.5453
vn -0.9248 0.3070 0.2246
vn -1.0000 -0.0022 -0.0016
vn -0.9229 -0.3108 -0.2274
vn -0.7057 -0.5718 -0.4184
vn -0.3817 -0.7460 -0.5458
vn -0.0000 -0.8071 -0.5905
vn 0.3816 -0.7460 -0.5458
vn 0.3817 -0.7460 -0.5458
vn 0.7057 -0.5718 -0.4184
vn 0.9229 -0.3108 -0.2274
vn 1.0000 -0.0022 -0.0016
vn 0.9248 0.3070 0.2246
vn 0.7084 0.5697 0.4168
vn 0.3836 0.7453 0.5453
vn -0.0000 0.8071 0.5905
usemtl None
s 1
f 1059/2113/675 1058/2114/676 1057/2115/676 1060/2116/675
f 1061/2117/677 1059/2118/675 1060/2119/675 1062/2120/677
f 1063/2121/678 1061/2122/677 1062/2123/677 1064/2124/678
f 1065/2125/679 1063/2126/678 1064/2127/678 1066/2128/679
f 1067/2129/680 1065/2130/679 1066/2131/679 1068/2132/680
f 1069/2133/681 1067/2134/680 1068/2135/680 1070/2136/681
f 1071/2137/682 1069/2138/681 1070/2139/681 1072/2140/682
f 1073/2141/683 1071/2142/682 1072/2143/682 1074/2144/684
f 1075/2145/685 1073/2146/683 1074/2147/684 1076/2148/685
f 1077/2149/686 1075/2150/685 1076/2151/685 1078/2152/686
f 1079/2153/687 1077/2154/686 1078/2155/686 1080/2156/687
f 1081/2157/688 1079/2158/687 1080/2159/687 1082/2160/688
f 1083/2161/689 1081/2162/688 1082/2163/688 1084/2164/689
f 1085/2165/690 1083/2166/689 1084/2167/689 1086/2168/690
f 1087/2169/691 1085/2170/690 1086/2171/690 1088/2172/691
f 1058/2173/676 1087/2174/691 1088/2175/691 1057/2176/676
o Circle.004
v 0.373708 16.617409 -44.805771
v 0.373707 14.714715 -42.429745
v 0.266650 14.657921 -42.473228
v 0.266651 16.562565 -44.851692
v 0.195112 14.572919 -42.538311
v 0.195113 16.480486 -44.920429
v 0.169995 14.472645 -42.615086
v 0.169996 16.383659 -45.001503
v 0.195112 14.372373 -42.691853
v 0.195113 16.286839 -45.082581
v 0.266650 14.287369 -42.756939
v 0.266651 16.204756 -45.151318
v 0.373707 14.230573 -42.800426
v 0.373708 16.149914 -45.197235
v 0.499995 14.210624 -42.815697
v 0.499996 16.130651 -45.213367
v 0.626283 14.230573 -42.800426
v 0.626284 16.149914 -45.197235
v 0.733341 14.287369 -42.756939
v 0.733342 16.204756 -45.151318
v 0.804879 14.372373 -42.691853
v 0.804880 16.286839 -45.082577
v 0.829995 14.472644 -42.615086
v 0.829996 16.383659 -45.001503
v 0.804879 14.572919 -42.538315
v 0.804880 16.480488 -44.920425
v 0.733341 14.657920 -42.473228
v 0.733342 16.562565 -44.851692
v 0.626283 14.714715 -42.429745
v 0.626284 16.617407 -44.805771
v 0.499995 14.734664 -42.414474
v 0.499996 16.636669 -44.789639
vt 0.9922 0.0375
vt 0.9922 0.0375
vt 0.9919 0.0376
vt 0.9919 0.0376
vt 0.9851 0.0392
vt 0.9851 0.0392
vt 0.9846 0.0393
vt 0.9846 0.0393
vt 0.9771 0.0395
vt 0.9771 0.0395
vt 0.9767 0.0395
vt 0.9767 0.0395
vt 0.9696 0.0382
vt 0.9696 0.0382
vt 0.9691 0.0381
vt 0.9691 0.0381
vt 0.9636 0.0357
vt 0.9636 0.0357
vt 0.9632 0.0355
vt 0.9632 0.0355
vt 0.9600 0.0322
vt 0.9600 0.0322
vt 0.9598 0.0320
vt 0.9598 0.0320
vt 0.9595 0.0283
vt 0.9595 0.0283
vt 0.9595 0.0281
vt 0.9595 0.0281
vt 0.9620 0.0246
vt 0.9620 0.0246
vt 0.9622 0.0244
vt 0.9622 0.0244
vt 0.9673 0.0217
vt 0.9673 0.0217
vt 0.9676 0.0216
vt 0.9676 0.0216
vt 0.9744 0.0200
vt 0.9744 0.0200
vt 0.9748 0.0199
vt 0.9748 0.0199
vt 0.9823 0.0197
vt 0.9823 0.0197
vt 0.9828 0.0197
vt 0.9828 0.0197
vt 0.9899 0.0210
vt 0.9899 0.0210
vt 0.9903 0.0211
vt 0.9903 0.0211
vt 0.9959 0.0235
vt 0.9959 0.0235
vt 0.9962 0.0237
vt 0.9962 0.0237
vt 0.9995 0.0270
vt 0.9995 0.0270
vt 0.9996 0.0272
vt 0.9996 0.0272
vt 1.0000 0.0309
vt 1.0000 0.0309
vt 1.0000 0.0311
vt 1.0000 0.0311
vt 0.9975 0.0345
vt 0.9975 0.0345
vt 0.9973 0.0348
vt 0.9973 0.0348
vn -0.7084 0.5510 0.4412
vn -0.3836 0.7209 0.5773
vn -0.9248 0.2970 0.2378
vn -1.0000 -0.0021 -0.0017
vn -0.9229 -0.3006 -0.2407
vn -0.7057 -0.5531 -0.4429
vn -0.3817 -0.7215 -0.5778
vn -0.0000 -0.7806 -0.6251
vn 0.3817 -0.7215 -0.5778
vn 0.7057 -0.5531 -0.4429
vn 0.9229 -0.3006 -0.2407
vn 1.0000 -0.0021 -0.0017
vn 0.9248 0.2970 0.2378
vn 0.7084 0.5510 0.4412
vn 0.3836 0.7209 0.5773
vn 0.0000 0.7806 0.6251
usemtl None
s 1
f 1091/2177/692 1090/2178/693 1089/2179/693 1092/2180/692
f 1093/2181/694 1091/2182/692 1092/2183/692 1094/2184/694
f 1095/2185/695 1093/2186/694 1094/2187/694 1096/2188/695
f 1097/2189/696 1095/2190/695 1096/2191/695 1098/2192/696
f 1099/2193/697 1097/2194/696 1098/2195/696 1100/2196/697
f 1101/2197/698 1099/2198/697 1100/2199/697 1102/2200/698
f 1103/2201/699 1101/2202/698 1102/2203/698 1104/2204/699
f 1105/2205/700 1103/2206/699 1104/2207/699 1106/2208/700
f 1107/2209/701 1105/2210/700 1106/2211/700 1108/2212/701
f 1109/2213/702 1107/2214/701 1108/2215/701 1110/2216/702
f 1111/2217/703 1109/2218/702 1110/2219/702 1112/2220/703
f 1113/2221/704 1111/2222/703 1112/2223/703 1114/2224/704
f 1115/2225/705 1113/2226/704 1114/2227/704 1116/2228/705
f 1117/2229/706 1115/2230/705 1116/2231/705 1118/2232/706
f 1119/2233/707 1117/2234/706 1118/2235/706 1120/2236/707
f 1090/2237/693 1119/2238/707 1120/2239/707 1089/2240/693
o Circle.003
v 0.373710 18.619085 -47.092560
v 0.373708 16.617409 -44.805771
v 0.266651 16.562565 -44.851692
v 0.266652 18.566315 -47.140850
v 0.195113 16.480486 -44.920429
v 0.195114 18.487337 -47.213123
v 0.169996 16.383659 -45.001503
v 0.169998 18.394167 -47.298378
v 0.195113 16.286839 -45.082581
v 0.195114 18.301001 -47.383629
v 0.266651 16.204756 -45.151318
v 0.266652 18.222021 -47.455910
v 0.373708 16.149914 -45.197235
v 0.373710 18.169249 -47.504196
v 0.499996 16.130651 -45.213367
v 0.499998 18.150713 -47.521160
v 0.626284 16.149914 -45.197235
v 0.626286 18.169250 -47.504200
v 0.733342 16.204756 -45.151318
v 0.733343 18.222019 -47.455910
v 0.804880 16.286839 -45.082577
v 0.804881 18.301001 -47.383629
v 0.829996 16.383659 -45.001503
v 0.829998 18.394167 -47.298378
v 0.804880 16.480488 -44.920425
v 0.804881 18.487335 -47.213127
v 0.733342 16.562565 -44.851692
v 0.733343 18.566313 -47.140846
v 0.626284 16.617407 -44.805771
v 0.626286 18.619085 -47.092560
v 0.499996 16.636669 -44.789639
v 0.499998 18.637619 -47.075600
vt 0.9919 0.0376
vt 0.9919 0.0376
vt 0.9915 0.0378
vt 0.9915 0.0378
vt 0.9846 0.0393
vt 0.9846 0.0393
vt 0.9842 0.0394
vt 0.9842 0.0394
vt 0.9767 0.0395
vt 0.9767 0.0395
vt 0.9762 0.0395
vt 0.9762 0.0395
vt 0.9691 0.0381
vt 0.9691 0.0381
vt 0.9687 0.0380
vt 0.9687 0.0380
vt 0.9632 0.0355
vt 0.9632 0.0355
vt 0.9629 0.0353
vt 0.9629 0.0353
vt 0.9598 0.0320
vt 0.9598 0.0320
vt 0.9597 0.0318
vt 0.9597 0.0318
vt 0.9595 0.0281
vt 0.9595 0.0281
vt 0.9595 0.0279
vt 0.9595 0.0279
vt 0.9622 0.0244
vt 0.9622 0.0244
vt 0.9624 0.0242
vt 0.9624 0.0242
vt 0.9676 0.0216
vt 0.9676 0.0216
vt 0.9679 0.0214
vt 0.9679 0.0214
vt 0.9748 0.0199
vt 0.9748 0.0199
vt 0.9753 0.0198
vt 0.9753 0.0198
vt 0.9828 0.0197
vt 0.9828 0.0197
vt 0.9833 0.0197
vt 0.9833 0.0197
vt 0.9903 0.0211
vt 0.9903 0.0211
vt 0.9908 0.0211
vt 0.9908 0.0211
vt 0.9962 0.0237
vt 0.9962 0.0237
vt 0.9966 0.0238
vt 0.9966 0.0238
vt 0.9996 0.0272
vt 0.9996 0.0272
vt 0.9998 0.0274
vt 0.9998 0.0274
vt 1.0000 0.0311
vt 1.0000 0.0311
vt 1.0000 0.0313
vt 1.0000 0.0313
vt 0.9973 0.0348
vt 0.9973 0.0348
vt 0.9971 0.0350
vt 0.9971 0.0350
vn -0.7084 0.5311 0.4649
vn -0.3836 0.6949 0.6083
vn -0.9248 0.2863 0.2506
vn -0.9248 0.2862 0.2506
vn -1.0000 -0.0020 -0.0018
vn -1.0000 -0.0021 -0.0018
vn -0.9229 -0.2898 -0.2536
vn -0.7056 -0.5332 -0.4667
vn -0.3817 -0.6955 -0.6088
vn -0.0000 -0.7525 -0.6586
vn 0.3817 -0.6955 -0.6088
vn 0.7057 -0.5332 -0.4667
vn 0.7056 -0.5332 -0.4667
vn 0.9229 -0.2897 -0.2536
vn 0.9229 -0.2898 -0.2536
vn 1.0000 -0.0021 -0.0018
vn 0.9248 0.2863 0.2506
vn 0.9248 0.2862 0.2506
vn 0.7084 0.5311 0.4649
vn 0.3836 0.6949 0.6083
vn 0.0000 0.7525 0.6586
usemtl None
s 1
f 1123/2241/708 1122/2242/709 1121/2243/709 1124/2244/708
f 1125/2245/710 1123/2246/708 1124/2247/708 1126/2248/711
f 1127/2249/712 1125/2250/710 1126/2251/711 1128/2252/713
f 1129/2253/714 1127/2254/712 1128/2255/713 1130/2256/714
f 1131/2257/715 1129/2258/714 1130/2259/714 1132/2260/715
f 1133/2261/716 1131/2262/715 1132/2263/715 1134/2264/716
f 1135/2265/717 1133/2266/716 1134/2267/716 1136/2268/717
f 1137/2269/718 1135/2270/717 1136/2271/717 1138/2272/718
f 1139/2273/719 1137/2274/718 1138/2275/718 1140/2276/720
f 1141/2277/721 1139/2278/719 1140/2279/720 1142/2280/722
f 1143/2281/723 1141/2282/721 1142/2283/722 1144/2284/723
f 1145/2285/724 1143/2286/723 1144/2287/723 1146/2288/725
f 1147/2289/726 1145/2290/724 1146/2291/725 1148/2292/726
f 1149/2293/727 1147/2294/726 1148/2295/726 1150/2296/727
f 1151/2297/728 1149/2298/727 1150/2299/727 1152/2300/728
f 1122/2301/709 1151/2302/728 1152/2303/728 1121/2304/709
o Circle.002
v 0.733346 20.664999 -49.334999
v 0.626288 20.715578 -49.284416
v 0.500000 20.733343 -49.266651
v 0.804883 20.589298 -49.410698
v 0.830000 20.499998 -49.499996
v 0.804883 20.410700 -49.589294
v 0.733346 20.334997 -49.664997
v 0.626288 20.284418 -49.715580
v 0.500000 20.266653 -49.733341
v 0.373712 20.284418 -49.715580
v 0.266654 20.334997 -49.664997
v 0.195117 20.410700 -49.589294
v 0.170000 20.499998 -49.499996
v 0.195117 20.589298 -49.410698
v 0.266654 20.664999 -49.334999
v 0.373712 20.715578 -49.284416
v 0.373710 18.619085 -47.092560
v 0.266652 18.566315 -47.140850
v 0.195114 18.487337 -47.213123
v 0.169998 18.394167 -47.298378
v 0.195114 18.301001 -47.383629
v 0.266652 18.222021 -47.455910
v 0.373710 18.169249 -47.504196
v 0.499998 18.150713 -47.521160
v 0.626286 18.169250 -47.504200
v 0.733343 18.222019 -47.455910
v 0.804881 18.301001 -47.383629
v 0.829998 18.394167 -47.298378
v 0.804881 18.487335 -47.213127
v 0.733343 18.566313 -47.140846
v 0.626286 18.619085 -47.092560
v 0.499998 18.637619 -47.075600
vt 0.9915 0.0378
vt 0.9915 0.0378
vt 0.9912 0.0380
vt 0.9912 0.0380
vt 0.9842 0.0394
vt 0.9842 0.0394
vt 0.9838 0.0395
vt 0.9838 0.0395
vt 0.9762 0.0395
vt 0.9762 0.0395
vt 0.9757 0.0395
vt 0.9757 0.0395
vt 0.9687 0.0380
vt 0.9687 0.0380
vt 0.9683 0.0380
vt 0.9683 0.0380
vt 0.9629 0.0353
vt 0.9629 0.0353
vt 0.9626 0.0352
vt 0.9626 0.0352
vt 0.9597 0.0318
vt 0.9597 0.0318
vt 0.9595 0.0316
vt 0.9595 0.0316
vt 0.9595 0.0279
vt 0.9595 0.0279
vt 0.9595 0.0276
vt 0.9595 0.0276
vt 0.9624 0.0242
vt 0.9624 0.0242
vt 0.9626 0.0240
vt 0.9626 0.0240
vt 0.9679 0.0214
vt 0.9679 0.0214
vt 0.9683 0.0212
vt 0.9683 0.0212
vt 0.9753 0.0198
vt 0.9753 0.0198
vt 0.9757 0.0197
vt 0.9757 0.0197
vt 0.9833 0.0197
vt 0.9833 0.0197
vt 0.9838 0.0197
vt 0.9838 0.0197
vt 0.9908 0.0211
vt 0.9908 0.0211
vt 0.9912 0.0212
vt 0.9912 0.0212
vt 0.9966 0.0238
vt 0.9966 0.0238
vt 0.9969 0.0240
vt 0.9969 0.0240
vt 0.9998 0.0274
vt 0.9998 0.0274
vt 1.0000 0.0276
vt 1.0000 0.0276
vt 1.0000 0.0313
vt 1.0000 0.0313
vt 1.0000 0.0316
vt 1.0000 0.0316
vt 0.9971 0.0350
vt 0.9971 0.0350
vt 0.9969 0.0352
vt 0.9969 0.0352
vn -0.7084 0.5101 0.4879
vn -0.3836 0.6674 0.6383
vn -0.9248 0.2749 0.2629
vn -1.0000 -0.0020 -0.0019
vn -0.9229 -0.2783 -0.2662
vn -0.7056 -0.5121 -0.4898
vn -0.3816 -0.6680 -0.6389
vn -0.0000 -0.7227 -0.6912
vn 0.3816 -0.6680 -0.6389
vn 0.7056 -0.5121 -0.4898
vn 0.9229 -0.2783 -0.2662
vn 1.0000 -0.0020 -0.0019
vn 0.9248 0.2749 0.2629
vn 0.7084 0.5101 0.4879
vn 0.3836 0.6674 0.6383
vn -0.0000 0.7227 0.6912
usemtl None
s 1
f 1170/2305/729 1169/2306/730 1168/2307/730 1167/2308/729
f 1171/2309/731 1170/2310/729 1167/2311/729 1166/2312/731
f 1172/2313/732 1171/2314/731 1166/2315/731 1165/2316/732
f 1173/2317/733 1172/2318/732 1165/2319/732 1164/2320/733
f 1174/2321/734 1173/2322/733 1164/2323/733 1163/2324/734
f 1175/2325/735 1174/2326/734 1163/2327/734 1162/2328/735
f 1176/2329/736 1175/2330/735 1162/2331/735 1161/2332/736
f 1177/2333/737 1176/2334/736 1161/2335/736 1160/2336/737
f 1178/2337/738 1177/2338/737 1160/2339/737 1159/2340/738
f 1179/2341/739 1178/2342/738 1159/2343/738 1158/2344/739
f 1180/2345/740 1179/2346/739 1158/2347/739 1157/2348/740
f 1181/2349/741 1180/2350/740 1157/2351/740 1156/2352/741
f 1182/2353/742 1181/2354/741 1156/2355/741 1153/2356/742
f 1183/2357/743 1182/2358/742 1153/2359/742 1154/2360/743
f 1184/2361/744 1183/2362/743 1154/2363/743 1155/2364/744
f 1169/2365/730 1184/2366/744 1155/2367/744 1168/2368/730
o Circle.001
v 0.733346 20.664999 -49.334999
v 0.626288 20.715578 -49.284416
v 0.500000 20.733343 -49.266651
v 0.804883 20.589298 -49.410698
v 0.830000 20.499998 -49.499996
v 0.804883 20.410700 -49.589294
v 0.733346 20.334997 -49.664997
v 0.626288 20.284418 -49.715580
v 0.500000 20.266653 -49.733341
v 0.373712 20.284418 -49.715580
v 0.266654 20.334997 -49.664997
v 0.195117 20.410700 -49.589294
v 0.170000 20.499998 -49.499996
v 0.195117 20.589298 -49.410698
v 0.266654 20.664999 -49.334999
v 0.373712 20.715578 -49.284416
v 0.733346 22.664999 -51.334999
v 0.626288 22.715578 -51.284416
v 0.500000 22.733343 -51.266651
v 0.804883 22.589298 -51.410698
v 0.830000 22.499998 -51.499996
v 0.804883 22.410700 -51.589294
v 0.733346 22.334997 -51.664997
v 0.626288 22.284418 -51.715580
v 0.500000 22.266653 -51.733341
v 0.373712 22.284418 -51.715580
v 0.266654 22.334997 -51.664997
v 0.195117 22.410700 -51.589294
v 0.170000 22.499998 -51.499996
v 0.195117 22.589298 -51.410698
v 0.266654 22.664999 -51.334999
v 0.373712 22.715578 -51.284416
vt 0.9912 0.0212
vt 0.9912 0.0212
vt 0.9912 0.0212
vt 0.9912 0.0212
vt 0.9838 0.0197
vt 0.9838 0.0197
vt 0.9838 0.0197
vt 0.9838 0.0197
vt 0.9757 0.0197
vt 0.9757 0.0197
vt 0.9757 0.0197
vt 0.9757 0.0197
vt 0.9683 0.0212
vt 0.9683 0.0212
vt 0.9683 0.0212
vt 0.9683 0.0212
vt 0.9626 0.0240
vt 0.9626 0.0240
vt 0.9626 0.0240
vt 0.9626 0.0240
vt 0.9595 0.0276
vt 0.9595 0.0276
vt 0.9595 0.0276
vt 0.9595 0.0276
vt 0.9595 0.0316
vt 0.9595 0.0316
vt 0.9595 0.0316
vt 0.9595 0.0316
vt 0.9626 0.0352
vt 0.9626 0.0352
vt 0.9626 0.0352
vt 0.9626 0.0352
vt 0.9683 0.0380
vt 0.9683 0.0380
vt 0.9683 0.0380
vt 0.9683 0.0380
vt 0.9757 0.0395
vt 0.9757 0.0395
vt 0.9757 0.0395
vt 0.9757 0.0395
vt 0.9838 0.0395
vt 0.9838 0.0395
vt 0.9838 0.0395
vt 0.9838 0.0395
vt 1.0000 0.0276
vt 1.0000 0.0276
vt 1.0000 0.0276
vt 1.0000 0.0276
vt 0.9912 0.0380
vt 0.9912 0.0380
vt 0.9912 0.0380
vt 0.9912 0.0380
vt 1.0000 0.0316
vt 1.0000 0.0316
vt 1.0000 0.0316
vt 1.0000 0.0316
vt 0.9969 0.0352
vt 0.9969 0.0352
vt 0.9969 0.0352
vt 0.9969 0.0352
vt 0.9969 0.0240
vt 0.9969 0.0240
vt 0.9969 0.0240
vt 0.9969 0.0240
vn 0.9239 0.2706 0.2706
vn 1.0000 -0.0000 -0.0000
vn 0.9239 -0.2706 -0.2706
vn 0.7071 -0.5000 -0.5000
vn 0.3827 -0.6533 -0.6533
vn 0.0000 -0.7071 -0.7071
vn -0.3827 -0.6533 -0.6533
vn -0.7071 -0.5000 -0.5000
vn -0.9239 -0.2706 -0.2706
vn -1.0000 -0.0000 -0.0000
vn -0.9239 0.2706 0.2706
vn -0.7071 0.5000 0.5000
vn 0.3827 0.6533 0.6533
vn 0.7071 0.5000 0.5000
vn -0.3827 0.6533 0.6533
vn 0.0000 0.7071 0.7071
usemtl None
s 1
f 1188/2369/745 1189/2370/746 1205/2371/746 1204/2372/745
f 1189/2373/746 1190/2374/747 1206/2375/747 1205/2376/746
f 1190/2377/747 1191/2378/748 1207/2379/748 1206/2380/747
f 1191/2381/748 1192/2382/749 1208/2383/749 1207/2384/748
f 1192/2385/749 1193/2386/750 1209/2387/750 1208/2388/749
f 1193/2389/750 1194/2390/751 1210/2391/751 1209/2392/750
f 1194/2393/751 1195/2394/752 1211/2395/752 1210/2396/751
f 1195/2397/752 1196/2398/753 1212/2399/753 1211/2400/752
f 1196/2401/753 1197/2402/754 1213/2403/754 1212/2404/753
f 1197/2405/754 1198/2406/755 1214/2407/755 1213/2408/754
f 1198/2409/755 1199/2410/756 1215/2411/756 1214/2412/755
f 1186/2413/757 1185/2414/758 1201/2415/758 1202/2416/757
f 1199/2417/756 1200/2418/759 1216/2419/759 1215/2420/756
f 1187/2421/760 1186/2422/757 1202/2423/757 1203/2424/760
f 1200/2425/759 1187/2426/760 1203/2427/760 1216/2428/759
f 1185/2429/758 1188/2430/745 1204/2431/745 1201/2432/758
