# Blender v2.78 (sub 0) OBJ File: 'RollerCoasterRail45BigCurve_col.blend'
# www.blender.org
mtllib RollerCoasterRail45BigCurve_col.mtl
o Circle.037
v 21.760864 0.804880 -54.239136
v 21.836567 0.733345 -54.163437
v 21.887152 0.626286 -54.112850
v 21.904911 0.500000 -54.095089
v 21.887152 0.373714 -54.112850
v 21.836567 0.266655 -54.163437
v 21.760864 0.195120 -54.239136
v 21.671566 0.170000 -54.328434
v 21.582266 0.195120 -54.417736
v 21.506565 0.266655 -54.493435
v 21.455980 0.373714 -54.544022
v 21.438221 0.500000 -54.561779
v 21.455980 0.626285 -54.544022
v 21.506565 0.733345 -54.493435
v 21.582266 0.804880 -54.417736
v 21.671566 0.830000 -54.328434
v 19.275772 0.804878 -51.995106
v 19.196465 0.733343 -52.067032
v 19.143473 0.626284 -52.115082
v 19.124872 0.499998 -52.131950
v 19.143473 0.373712 -52.115082
v 19.196465 0.266653 -52.067024
v 19.275768 0.195118 -51.995106
v 19.369328 0.169998 -51.910275
v 19.462872 0.195118 -51.825436
v 19.542175 0.266653 -51.753517
v 19.595171 0.373713 -51.705467
v 19.613777 0.499998 -51.688591
v 19.595169 0.626284 -51.705463
v 19.542175 0.733344 -51.753517
v 19.462875 0.804878 -51.825436
v 19.369324 0.829998 -51.910271
vt 0.0000 0.0000
vt 0.0000 0.0000
vt 0.0000 0.0000
vt 0.0000 0.0000
vt 0.0000 0.0000
vt 0.0000 0.0000
vt 0.0000 0.0000
vt 0.0000 0.0000
vt 0.0000 0.0000
vt 0.0000 0.0000
vt 0.0000 0.0000
vt 0.0000 0.0000
vt 0.0000 0.0000
vt 0.0000 0.0000
vt 0.0000 0.0000
vt 0.0000 0.0000
vt 0.0000 0.0000
vt 0.0000 0.0000
vt 0.0000 0.0000
vt 0.0000 0.0000
vt 0.0000 0.0000
vt 0.0000 0.0000
vt 0.0000 0.0000
vt 0.0000 0.0000
vt 0.0000 0.0000
vt 0.0000 0.0000
vt 0.0000 0.0000
vt 0.0000 0.0000
vt 0.0000 0.0000
vt 0.0000 0.0000
vt 0.0000 0.0000
vt 0.0000 0.0000
vn -0.5133 0.7055 -0.4887
vn -0.2791 0.9228 -0.2657
vn -0.6695 0.3815 -0.6374
vn -0.7243 -0.0000 -0.6895
vn -0.6695 -0.3815 -0.6374
vn -0.5133 -0.7055 -0.4887
vn -0.2791 -0.9228 -0.2657
vn -0.0022 -1.0000 -0.0021
vn 0.2754 -0.9249 0.2622
vn 0.2753 -0.9249 0.2621
vn 0.5111 -0.7085 0.4866
vn 0.6688 -0.3837 0.6368
vn 0.7243 -0.0000 0.6895
vn 0.6688 0.3837 0.6368
vn 0.5111 0.7085 0.4866
vn 0.2754 0.9249 0.2622
vn 0.2753 0.9249 0.2621
vn -0.0022 1.0000 -0.0021
usemtl None
s 1
f 18/1/1 17/2/2 15/3/2 14/4/1
f 19/5/3 18/1/1 14/4/1 13/6/3
f 20/7/4 19/5/3 13/6/3 12/8/4
f 21/9/5 20/7/4 12/8/4 11/10/5
f 22/11/6 21/9/5 11/10/5 10/12/6
f 23/13/7 22/11/6 10/12/6 9/14/7
f 24/15/8 23/13/7 9/14/7 8/16/8
f 25/17/9 24/15/8 8/16/8 7/18/10
f 26/19/11 25/17/9 7/18/10 6/20/11
f 27/21/12 26/19/11 6/20/11 5/22/12
f 28/23/13 27/21/12 5/22/12 4/24/13
f 29/25/14 28/23/13 4/24/13 3/26/14
f 30/27/15 29/25/14 3/26/14 2/28/15
f 31/29/16 30/27/15 2/28/15 1/30/17
f 32/31/18 31/29/16 1/30/17 16/32/18
f 17/2/2 32/31/18 16/32/18 15/3/2
o Circle.036
v 19.275772 0.804878 -51.995106
v 17.088163 0.804877 -49.461956
v 17.005487 0.733342 -49.529980
v 19.196465 0.733343 -52.067032
v 16.950249 0.626282 -49.575432
v 19.143473 0.626284 -52.115082
v 16.930853 0.499997 -49.591389
v 19.124872 0.499998 -52.131950
v 16.950243 0.373711 -49.575432
v 19.143473 0.373712 -52.115082
v 17.005487 0.266651 -49.529980
v 19.196465 0.266653 -52.067024
v 17.088160 0.195116 -49.461956
v 19.275768 0.195118 -51.995106
v 17.185678 0.169997 -49.381714
v 19.369328 0.169998 -51.910275
v 17.283199 0.195116 -49.301476
v 19.462872 0.195118 -51.825436
v 17.365870 0.266651 -49.233452
v 19.542175 0.266653 -51.753517
v 17.421120 0.373711 -49.188000
v 19.595171 0.373713 -51.705467
v 17.440510 0.499997 -49.172047
v 19.613777 0.499998 -51.688591
v 17.421116 0.626282 -49.188004
v 19.595169 0.626284 -51.705463
v 17.365873 0.733342 -49.233456
v 19.542175 0.733344 -51.753517
v 17.283205 0.804877 -49.301476
v 19.462875 0.804878 -51.825436
v 17.185684 0.829997 -49.381718
v 19.369324 0.829998 -51.910271
vt 0.0000 0.0000
vt 0.0000 0.0000
vt 0.0000 0.0000
vt 0.0000 0.0000
vt 0.0000 0.0000
vt 0.0000 0.0000
vt 0.0000 0.0000
vt 0.0000 0.0000
vt 0.0000 0.0000
vt 0.0000 0.0000
vt 0.0000 0.0000
vt 0.0000 0.0000
vt 0.0000 0.0000
vt 0.0000 0.0000
vt 0.0000 0.0000
vt 0.0000 0.0000
vt 0.0000 0.0000
vt 0.0000 0.0000
vt 0.0000 0.0000
vt 0.0000 0.0000
vt 0.0000 0.0000
vt 0.0000 0.0000
vt 0.0000 0.0000
vt 0.0000 0.0000
vt 0.0000 0.0000
vt 0.0000 0.0000
vt 0.0000 0.0000
vt 0.0000 0.0000
vt 0.0000 0.0000
vt 0.0000 0.0000
vt 0.0000 0.0000
vt 0.0000 0.0000
vn -0.5364 0.7055 -0.4632
vn -0.2916 0.9228 -0.2518
vn -0.2916 0.9228 -0.2519
vn -0.6996 0.3815 -0.6042
vn -0.7568 0.0000 -0.6536
vn -0.6996 -0.3815 -0.6042
vn -0.5364 -0.7055 -0.4632
vn -0.2916 -0.9228 -0.2518
vn -0.2916 -0.9228 -0.2519
vn -0.0022 -1.0000 -0.0019
vn -0.0023 -1.0000 -0.0020
vn 0.2878 -0.9249 0.2485
vn 0.5341 -0.7085 0.4613
vn 0.5341 -0.7085 0.4612
vn 0.6989 -0.3836 0.6036
vn 0.6989 -0.3837 0.6036
vn 0.7568 0.0000 0.6536
vn 0.6989 0.3836 0.6036
vn 0.5341 0.7085 0.4613
vn 0.5341 0.7085 0.4612
vn 0.2878 0.9249 0.2485
vn -0.0022 1.0000 -0.0019
vn -0.0023 1.0000 -0.0020
usemtl None
s 1
f 35/33/19 34/34/20 33/35/21 36/36/19
f 37/37/22 35/33/19 36/36/19 38/38/22
f 39/39/23 37/37/22 38/38/22 40/40/23
f 41/41/24 39/39/23 40/40/23 42/42/24
f 43/43/25 41/41/24 42/42/24 44/44/25
f 45/45/26 43/43/25 44/44/25 46/46/27
f 47/47/28 45/45/26 46/46/27 48/48/29
f 49/49/30 47/47/28 48/48/29 50/50/30
f 51/51/31 49/49/30 50/50/30 52/52/32
f 53/53/33 51/51/31 52/52/32 54/54/34
f 55/55/35 53/53/33 54/54/34 56/56/35
f 57/57/36 55/55/35 56/56/35 58/58/36
f 59/59/37 57/57/36 58/58/36 60/60/38
f 61/61/39 59/59/37 60/60/38 62/62/39
f 63/63/40 61/61/39 62/62/39 64/64/41
f 34/34/20 63/63/40 64/64/41 33/35/21
o Circle.035
v 17.088163 0.804877 -49.461956
v 15.022136 0.804876 -46.825348
v 14.936335 0.733341 -46.889393
v 17.005487 0.733342 -49.529980
v 14.879009 0.626281 -46.932178
v 16.950249 0.626282 -49.575432
v 14.858878 0.499996 -46.947205
v 16.930853 0.499997 -49.591389
v 14.879009 0.373710 -46.932178
v 16.950243 0.373711 -49.575432
v 14.936335 0.266650 -46.889389
v 17.005487 0.266651 -49.529980
v 15.022136 0.195115 -46.825352
v 17.088160 0.195116 -49.461956
v 15.123332 0.169996 -46.749809
v 17.185678 0.169997 -49.381714
v 15.224544 0.195115 -46.674274
v 17.283199 0.195116 -49.301476
v 15.310331 0.266650 -46.610237
v 17.365870 0.266651 -49.233452
v 15.367670 0.373710 -46.567444
v 17.421120 0.373711 -49.188000
v 15.387796 0.499996 -46.552422
v 17.440510 0.499997 -49.172047
v 15.367667 0.626281 -46.567448
v 17.421116 0.626282 -49.188004
v 15.310331 0.733341 -46.610237
v 17.365873 0.733342 -49.233456
v 15.224544 0.804876 -46.674274
v 17.283205 0.804877 -49.301476
v 15.123335 0.829996 -46.749809
v 17.185684 0.829997 -49.381718
vt 0.0000 0.0000
vt 0.0000 0.0000
vt 0.0000 0.0000
vt 0.0000 0.0000
vt 0.0000 0.0000
vt 0.0000 0.0000
vt 0.0000 0.0000
vt 0.0000 0.0000
vt 0.0000 0.0000
vt 0.0000 0.0000
vt 0.0000 0.0000
vt 0.0000 0.0000
vt 0.0000 0.0000
vt 0.0000 0.0000
vt 0.0000 0.0000
vt 0.0000 0.0000
vt 0.0000 0.0000
vt 0.0000 0.0000
vt 0.0000 0.0000
vt 0.0000 0.0000
vt 0.0000 0.0000
vt 0.0000 0.0000
vt 0.0000 0.0000
vt 0.0000 0.0000
vt 0.0000 0.0000
vt 0.0000 0.0000
vt 0.0000 0.0000
vt 0.0000 0.0000
vt 0.0000 0.0000
vt 0.0000 0.0000
vt 0.0000 0.0000
vt 0.0000 0.0000
vn -0.5578 0.7056 -0.4371
vn -0.3032 0.9228 -0.2376
vn -0.3033 0.9228 -0.2376
vn -0.5578 0.7055 -0.4371
vn -0.7276 0.3816 -0.5701
vn -0.7276 0.3815 -0.5701
vn -0.7871 0.0000 -0.6168
vn -0.7276 -0.3816 -0.5701
vn -0.7276 -0.3815 -0.5701
vn -0.5578 -0.7056 -0.4371
vn -0.5578 -0.7055 -0.4371
vn -0.3032 -0.9228 -0.2376
vn -0.3033 -0.9228 -0.2376
vn -0.0023 -1.0000 -0.0018
vn 0.2993 -0.9249 0.2346
vn 0.2993 -0.9249 0.2345
vn 0.5555 -0.7085 0.4353
vn 0.7269 -0.3836 0.5696
vn 0.7871 0.0000 0.6168
vn 0.7269 0.3836 0.5696
vn 0.5555 0.7085 0.4353
vn 0.2993 0.9249 0.2346
vn 0.2993 0.9249 0.2345
vn -0.0023 1.0000 -0.0018
usemtl None
s 1
f 67/65/42 66/66/43 65/67/44 68/68/45
f 69/69/46 67/65/42 68/68/45 70/70/47
f 71/71/48 69/69/46 70/70/47 72/72/48
f 73/73/49 71/71/48 72/72/48 74/74/50
f 75/75/51 73/73/49 74/74/50 76/76/52
f 77/77/53 75/75/51 76/76/52 78/78/54
f 79/79/55 77/77/53 78/78/54 80/80/55
f 81/81/56 79/79/55 80/80/55 82/82/57
f 83/83/58 81/81/56 82/82/57 84/84/58
f 85/85/59 83/83/58 84/84/58 86/86/59
f 87/87/60 85/85/59 86/86/59 88/88/60
f 89/89/61 87/87/60 88/88/60 90/90/61
f 91/91/62 89/89/61 90/90/61 92/92/62
f 93/93/63 91/91/62 92/92/62 94/94/64
f 95/95/65 93/93/63 94/94/64 96/96/65
f 66/66/43 95/95/65 96/96/65 65/67/44
o Circle.034
v 15.022136 0.804876 -46.825348
v 13.080378 0.804875 -44.092354
v 12.991692 0.733340 -44.152325
v 14.936335 0.733341 -46.889393
v 12.932435 0.626281 -44.192398
v 14.879009 0.626281 -46.932178
v 12.911624 0.499995 -44.206470
v 14.858878 0.499996 -46.947205
v 12.932433 0.373709 -44.192398
v 14.879009 0.373710 -46.932178
v 12.991692 0.266650 -44.152325
v 14.936335 0.266650 -46.889389
v 13.080376 0.195115 -44.092358
v 15.022136 0.195115 -46.825352
v 13.184991 0.169995 -44.021610
v 15.123332 0.169996 -46.749809
v 13.289609 0.195115 -43.950871
v 15.224544 0.195115 -46.674274
v 13.378290 0.266650 -43.890896
v 15.310331 0.266650 -46.610237
v 13.437556 0.373710 -43.850830
v 15.367670 0.373710 -46.567444
v 13.458358 0.499995 -43.836758
v 15.387796 0.499996 -46.552422
v 13.437556 0.626281 -43.850830
v 15.367667 0.626281 -46.567448
v 13.378295 0.733341 -43.890900
v 15.310331 0.733341 -46.610237
v 13.289606 0.804875 -43.950871
v 15.224544 0.804876 -46.674274
v 13.184994 0.829995 -44.021610
v 15.123335 0.829996 -46.749809
vt 0.0000 0.0000
vt 0.0000 0.0000
vt 0.0000 0.0000
vt 0.0000 0.0000
vt 0.0000 0.0000
vt 0.0000 0.0000
vt 0.0000 0.0000
vt 0.0000 0.0000
vt 0.0000 0.0000
vt 0.0000 0.0000
vt 0.0000 0.0000
vt 0.0000 0.0000
vt 0.0000 0.0000
vt 0.0000 0.0000
vt 0.0000 0.0000
vt 0.0000 0.0000
vt 0.0000 0.0000
vt 0.0000 0.0000
vt 0.0000 0.0000
vt 0.0000 0.0000
vt 0.0000 0.0000
vt 0.0000 0.0000
vt 0.0000 0.0000
vt 0.0000 0.0000
vt 0.0000 0.0000
vt 0.0000 0.0000
vt 0.0000 0.0000
vt 0.0000 0.0000
vt 0.0000 0.0000
vt 0.0000 0.0000
vt 0.0000 0.0000
vt 0.0000 0.0000
vn -0.5777 0.7056 -0.4104
vn -0.3140 0.9228 -0.2231
vn -0.3141 0.9228 -0.2231
vn -0.7535 0.3816 -0.5354
vn -0.8152 -0.0000 -0.5792
vn -0.7535 -0.3816 -0.5354
vn -0.5777 -0.7056 -0.4104
vn -0.3140 -0.9228 -0.2231
vn -0.3141 -0.9228 -0.2231
vn -0.0023 -1.0000 -0.0017
vn -0.0024 -1.0000 -0.0017
vn 0.3100 -0.9249 0.2203
vn 0.5753 -0.7085 0.4088
vn 0.5753 -0.7085 0.4087
vn 0.7528 -0.3836 0.5349
vn 0.8152 0.0000 0.5792
vn 0.7528 0.3836 0.5349
vn 0.5753 0.7085 0.4088
vn 0.5753 0.7085 0.4087
vn 0.3100 0.9249 0.2203
vn -0.0023 1.0000 -0.0017
vn -0.0024 1.0000 -0.0017
usemtl None
s 1
f 99/97/66 98/98/67 97/99/68 100/100/66
f 101/101/69 99/97/66 100/100/66 102/102/69
f 103/103/70 101/101/69 102/102/69 104/104/70
f 105/105/71 103/103/70 104/104/70 106/106/71
f 107/107/72 105/105/71 106/106/71 108/108/72
f 109/109/73 107/107/72 108/108/72 110/110/74
f 111/111/75 109/109/73 110/110/74 112/112/76
f 113/113/77 111/111/75 112/112/76 114/114/77
f 115/115/78 113/113/77 114/114/77 116/116/79
f 117/117/80 115/115/78 116/116/79 118/118/80
f 119/119/81 117/117/80 118/118/80 120/120/81
f 121/121/82 119/119/81 120/120/81 122/122/82
f 123/123/83 121/121/82 122/122/82 124/124/84
f 125/125/85 123/123/83 124/124/84 126/126/85
f 127/127/86 125/125/85 126/126/85 128/128/87
f 98/98/67 127/127/86 128/128/87 97/99/68
o Circle.033
v 27.417717 0.804880 -48.582279
v 27.493418 0.733345 -48.506580
v 27.544003 0.626286 -48.455994
v 27.561764 0.500000 -48.438236
v 27.544003 0.373714 -48.455994
v 27.493418 0.266655 -48.506580
v 27.417717 0.195120 -48.582279
v 27.328417 0.170000 -48.671581
v 27.239120 0.195120 -48.760880
v 27.163418 0.266655 -48.836578
v 27.112831 0.373714 -48.887165
v 27.095072 0.500000 -48.904926
v 27.112831 0.626285 -48.887165
v 27.163418 0.733345 -48.836578
v 27.239120 0.804880 -48.760880
v 27.328417 0.830000 -48.671581
v 29.417717 0.804880 -50.582279
v 29.328417 0.830000 -50.671581
v 29.493418 0.733345 -50.506580
v 29.544003 0.626286 -50.455994
v 29.561764 0.500000 -50.438236
v 29.544003 0.373714 -50.455994
v 29.493418 0.266655 -50.506580
v 29.417717 0.195120 -50.582279
v 29.328417 0.170000 -50.671581
v 29.239120 0.195120 -50.760880
v 29.163418 0.266655 -50.836578
v 29.112831 0.373714 -50.887165
v 29.095072 0.500000 -50.904926
v 29.112831 0.626285 -50.887165
v 29.163418 0.733345 -50.836578
v 29.239120 0.804880 -50.760880
vt 0.0000 0.0000
vt 0.0000 0.0000
vt 0.0000 0.0000
vt 0.0000 0.0000
vt 0.0000 0.0000
vt 0.0000 0.0000
vt 0.0000 0.0000
vt 0.0000 0.0000
vt 0.0000 0.0000
vt 0.0000 0.0000
vt 0.0000 0.0000
vt 0.0000 0.0000
vt 0.0000 0.0000
vt 0.0000 0.0000
vt 0.0000 0.0000
vt 0.0000 0.0000
vt 0.0000 0.0000
vt 0.0000 0.0000
vt 0.0000 0.0000
vt 0.0000 0.0000
vt 0.0000 0.0000
vt 0.0000 0.0000
vt 0.0000 0.0000
vt 0.0000 0.0000
vt 0.0000 0.0000
vt 0.0000 0.0000
vt 0.0000 0.0000
vt 0.0000 0.0000
vt 0.0000 0.0000
vt 0.0000 0.0000
vt 0.0000 0.0000
vt 0.0000 0.0000
vn -0.0000 -1.0000 -0.0000
vn -0.2706 -0.9239 -0.2706
vn -0.5000 -0.7071 -0.5000
vn -0.6533 -0.3827 -0.6533
vn -0.7071 0.0000 -0.7071
vn -0.6533 0.3827 -0.6533
vn -0.5000 0.7071 -0.5000
vn -0.0000 1.0000 -0.0000
vn 0.2706 0.9239 0.2706
vn -0.2706 0.9239 -0.2706
vn 0.5000 0.7071 0.5000
vn 0.6533 0.3827 0.6533
vn 0.7071 0.0000 0.7071
vn 0.6533 -0.3827 0.6533
vn 0.5000 -0.7071 0.5000
vn 0.2706 -0.9239 0.2706
usemtl None
s 1
f 136/129/88 137/130/89 154/131/89 153/132/88
f 137/130/89 138/133/90 155/134/90 154/131/89
f 138/133/90 139/135/91 156/136/91 155/134/90
f 139/135/91 140/137/92 157/138/92 156/136/91
f 140/137/92 141/139/93 158/140/93 157/138/92
f 141/139/93 142/141/94 159/142/94 158/140/93
f 144/143/95 129/144/96 145/145/96 146/146/95
f 142/141/94 143/147/97 160/148/97 159/142/94
f 129/144/96 130/149/98 147/150/98 145/145/96
f 143/147/97 144/143/95 146/146/95 160/148/97
f 130/149/98 131/151/99 148/152/99 147/150/98
f 131/151/99 132/153/100 149/154/100 148/152/99
f 132/153/100 133/155/101 150/156/101 149/154/100
f 133/155/101 134/157/102 151/158/102 150/156/101
f 134/157/102 135/159/103 152/160/103 151/158/102
f 135/159/103 136/129/88 153/132/88 152/160/103
o Circle.032
v 27.417717 0.804880 -48.582279
v 27.493418 0.733345 -48.506580
v 27.544003 0.626286 -48.455994
v 27.561764 0.500000 -48.438236
v 27.544003 0.373714 -48.455994
v 27.493418 0.266655 -48.506580
v 27.417717 0.195120 -48.582279
v 27.328417 0.170000 -48.671581
v 27.239120 0.195120 -48.760880
v 27.163418 0.266655 -48.836578
v 27.112831 0.373714 -48.887165
v 27.095072 0.500000 -48.904926
v 27.112831 0.626285 -48.887165
v 27.163418 0.733345 -48.836578
v 27.239120 0.804880 -48.760880
v 27.328417 0.830000 -48.671581
v 25.186617 0.804875 -46.604874
v 25.107307 0.733340 -46.676785
v 25.054308 0.626281 -46.724842
v 25.035707 0.499995 -46.741714
v 25.054308 0.373709 -46.724842
v 25.107309 0.266650 -46.676785
v 25.186617 0.195115 -46.604874
v 25.280169 0.169995 -46.520046
v 25.373728 0.195115 -46.435211
v 25.453035 0.266650 -46.363308
v 25.506037 0.373709 -46.315243
v 25.524639 0.499995 -46.298374
v 25.506033 0.626281 -46.315247
v 25.453033 0.733340 -46.363300
v 25.373726 0.804875 -46.435215
v 25.280170 0.829995 -46.520042
vt 0.0000 0.0000
vt 0.0000 0.0000
vt 0.0000 0.0000
vt 0.0000 0.0000
vt 0.0000 0.0000
vt 0.0000 0.0000
vt 0.0000 0.0000
vt 0.0000 0.0000
vt 0.0000 0.0000
vt 0.0000 0.0000
vt 0.0000 0.0000
vt 0.0000 0.0000
vt 0.0000 0.0000
vt 0.0000 0.0000
vt 0.0000 0.0000
vt 0.0000 0.0000
vt 0.0000 0.0000
vt 0.0000 0.0000
vt 0.0000 0.0000
vt 0.0000 0.0000
vt 0.0000 0.0000
vt 0.0000 0.0000
vt 0.0000 0.0000
vt 0.0000 0.0000
vt 0.0000 0.0000
vt 0.0000 0.0000
vt 0.0000 0.0000
vt 0.0000 0.0000
vt 0.0000 0.0000
vt 0.0000 0.0000
vt 0.0000 0.0000
vt 0.0000 0.0000
vn -0.5133 0.7055 -0.4887
vn -0.2791 0.9228 -0.2657
vn -0.6695 0.3815 -0.6374
vn -0.7243 -0.0000 -0.6895
vn -0.6695 -0.3815 -0.6374
vn -0.5133 -0.7055 -0.4887
vn -0.2791 -0.9228 -0.2657
vn -0.0022 -1.0000 -0.0021
vn 0.2754 -0.9249 0.2622
vn 0.2754 -0.9249 0.2621
vn 0.5111 -0.7085 0.4866
vn 0.6689 -0.3837 0.6367
vn 0.6688 -0.3837 0.6367
vn 0.7243 0.0000 0.6895
vn 0.6689 0.3837 0.6367
vn 0.6688 0.3837 0.6367
vn 0.5111 0.7085 0.4866
vn 0.2754 0.9249 0.2622
vn 0.2753 0.9249 0.2621
vn -0.0022 1.0000 -0.0021
usemtl None
s 1
f 178/161/104 177/162/105 175/163/105 174/164/104
f 179/165/106 178/161/104 174/164/104 173/166/106
f 180/167/107 179/165/106 173/166/106 172/168/107
f 181/169/108 180/167/107 172/168/107 171/170/108
f 182/171/109 181/169/108 171/170/108 170/172/109
f 183/173/110 182/171/109 170/172/109 169/174/110
f 184/175/111 183/173/110 169/174/110 168/176/111
f 185/177/112 184/175/111 168/176/111 167/178/113
f 186/179/114 185/177/112 167/178/113 166/180/114
f 187/181/115 186/179/114 166/180/114 165/182/116
f 188/183/117 187/181/115 165/182/116 164/184/117
f 189/185/118 188/183/117 164/184/117 163/186/119
f 190/187/120 189/185/118 163/186/119 162/188/120
f 191/189/121 190/187/120 162/188/120 161/190/122
f 192/191/123 191/189/121 161/190/122 176/192/123
f 177/162/105 192/191/123 176/192/123 175/163/105
o Circle.031
v 25.186617 0.804875 -46.604874
v 23.240061 0.804872 -44.350452
v 23.157383 0.733337 -44.418465
v 25.107307 0.733340 -46.676785
v 23.102133 0.626277 -44.463917
v 25.054308 0.626281 -46.724842
v 23.082741 0.499991 -44.479870
v 25.035707 0.499995 -46.741714
v 23.102133 0.373706 -44.463913
v 25.054308 0.373709 -46.724842
v 23.157383 0.266646 -44.418465
v 25.107309 0.266650 -46.676785
v 23.240057 0.195111 -44.350452
v 25.186617 0.195115 -46.604874
v 23.337587 0.169991 -44.270222
v 25.280169 0.169995 -46.520046
v 23.435125 0.195111 -44.189991
v 25.373728 0.195115 -46.435211
v 23.517794 0.266646 -44.121979
v 25.453035 0.266650 -46.363308
v 23.573046 0.373706 -44.076534
v 25.506037 0.373709 -46.315243
v 23.592442 0.499991 -44.060574
v 25.524639 0.499995 -46.298374
v 23.573046 0.626277 -44.076530
v 25.506033 0.626281 -46.315247
v 23.517794 0.733337 -44.121979
v 25.453033 0.733340 -46.363300
v 23.435118 0.804872 -44.189995
v 25.373726 0.804875 -46.435215
v 23.337589 0.829991 -44.270222
v 25.280170 0.829995 -46.520042
vt 0.0000 0.0000
vt 0.0000 0.0000
vt 0.0000 0.0000
vt 0.0000 0.0000
vt 0.0000 0.0000
vt 0.0000 0.0000
vt 0.0000 0.0000
vt 0.0000 0.0000
vt 0.0000 0.0000
vt 0.0000 0.0000
vt 0.0000 0.0000
vt 0.0000 0.0000
vt 0.0000 0.0000
vt 0.0000 0.0000
vt 0.0000 0.0000
vt 0.0000 0.0000
vt 0.0000 0.0000
vt 0.0000 0.0000
vt 0.0000 0.0000
vt 0.0000 0.0000
vt 0.0000 0.0000
vt 0.0000 0.0000
vt 0.0000 0.0000
vt 0.0000 0.0000
vt 0.0000 0.0000
vt 0.0000 0.0000
vt 0.0000 0.0000
vt 0.0000 0.0000
vt 0.0000 0.0000
vt 0.0000 0.0000
vt 0.0000 0.0000
vt 0.0000 0.0000
vn -0.5364 0.7055 -0.4631
vn -0.2916 0.9228 -0.2518
vn -0.2917 0.9228 -0.2518
vn -0.5364 0.7055 -0.4632
vn -0.6996 0.3815 -0.6041
vn -0.7569 -0.0000 -0.6535
vn -0.6996 -0.3815 -0.6041
vn -0.5364 -0.7055 -0.4631
vn -0.5364 -0.7055 -0.4632
vn -0.2916 -0.9228 -0.2518
vn -0.2917 -0.9228 -0.2518
vn -0.0023 -1.0000 -0.0019
vn -0.0023 -1.0000 -0.0020
vn 0.2878 -0.9249 0.2485
vn 0.5342 -0.7085 0.4612
vn 0.5341 -0.7085 0.4612
vn 0.6990 -0.3837 0.6035
vn 0.7569 0.0000 0.6535
vn 0.6990 0.3836 0.6035
vn 0.6990 0.3837 0.6035
vn 0.5342 0.7085 0.4612
vn 0.5341 0.7085 0.4612
vn 0.2878 0.9249 0.2485
vn -0.0022 1.0000 -0.0019
vn -0.0023 1.0000 -0.0020
usemtl None
s 1
f 195/193/124 194/194/125 193/195/126 196/196/127
f 197/197/128 195/193/124 196/196/127 198/198/128
f 199/199/129 197/197/128 198/198/128 200/200/129
f 201/201/130 199/199/129 200/200/129 202/202/130
f 203/203/131 201/201/130 202/202/130 204/204/132
f 205/205/133 203/203/131 204/204/132 206/206/134
f 207/207/135 205/205/133 206/206/134 208/208/136
f 209/209/137 207/207/135 208/208/136 210/210/137
f 211/211/138 209/209/137 210/210/137 212/212/139
f 213/213/140 211/211/138 212/212/139 214/214/140
f 215/215/141 213/213/140 214/214/140 216/216/141
f 217/217/142 215/215/141 216/216/141 218/218/143
f 219/219/144 217/217/142 218/218/143 220/220/145
f 221/221/146 219/219/144 220/220/145 222/222/146
f 223/223/147 221/221/146 222/222/146 224/224/148
f 194/194/125 223/223/147 224/224/148 193/195/126
o Circle.030
v 23.240061 0.804872 -44.350452
v 21.401846 0.804869 -42.003918
v 21.316034 0.733334 -42.067944
v 23.157383 0.733337 -44.418465
v 21.258701 0.626274 -42.110729
v 23.102133 0.626277 -44.463917
v 21.238571 0.499989 -42.125744
v 23.082741 0.499991 -44.479870
v 21.258699 0.373703 -42.110725
v 23.102133 0.373706 -44.463913
v 21.316040 0.266643 -42.067944
v 23.157383 0.266646 -44.418465
v 21.401838 0.195108 -42.003922
v 23.240057 0.195111 -44.350452
v 21.503057 0.169989 -41.928398
v 23.337587 0.169991 -44.270222
v 21.604282 0.195108 -41.852871
v 23.435125 0.195111 -44.189991
v 21.690077 0.266643 -41.788849
v 23.517794 0.266646 -44.121979
v 21.747417 0.373703 -41.746063
v 23.573046 0.373706 -44.076534
v 21.767550 0.499989 -41.731045
v 23.592442 0.499991 -44.060574
v 21.747417 0.626274 -41.746063
v 23.573046 0.626277 -44.076530
v 21.690081 0.733334 -41.788849
v 23.517794 0.733337 -44.121979
v 21.604277 0.804869 -41.852871
v 23.435118 0.804872 -44.189995
v 21.503059 0.829989 -41.928394
v 23.337589 0.829991 -44.270222
vt 0.0000 0.0000
vt 0.0000 0.0000
vt 0.0000 0.0000
vt 0.0000 0.0000
vt 0.0000 0.0000
vt 0.0000 0.0000
vt 0.0000 0.0000
vt 0.0000 0.0000
vt 0.0000 0.0000
vt 0.0000 0.0000
vt 0.0000 0.0000
vt 0.0000 0.0000
vt 0.0000 0.0000
vt 0.0000 0.0000
vt 0.0000 0.0000
vt 0.0000 0.0000
vt 0.0000 0.0000
vt 0.0000 0.0000
vt 0.0000 0.0000
vt 0.0000 0.0000
vt 0.0000 0.0000
vt 0.0000 0.0000
vt 0.0000 0.0000
vt 0.0000 0.0000
vt 0.0000 0.0000
vt 0.0000 0.0000
vt 0.0000 0.0000
vt 0.0000 0.0000
vt 0.0000 0.0000
vt 0.0000 0.0000
vt 0.0000 0.0000
vt 0.0000 0.0000
vn -0.5578 0.7056 -0.4370
vn -0.3033 0.9228 -0.2376
vn -0.5579 0.7055 -0.4370
vn -0.7277 0.3816 -0.5700
vn -0.7277 0.3815 -0.5700
vn -0.7872 -0.0000 -0.6167
vn -0.7277 -0.3816 -0.5700
vn -0.7277 -0.3815 -0.5700
vn -0.5579 -0.7056 -0.4370
vn -0.5579 -0.7055 -0.4370
vn -0.3033 -0.9228 -0.2376
vn -0.0023 -1.0000 -0.0018
vn 0.2994 -0.9249 0.2345
vn 0.2993 -0.9249 0.2345
vn 0.5556 -0.7085 0.4352
vn 0.5555 -0.7085 0.4352
vn 0.7270 -0.3836 0.5695
vn 0.7270 -0.3837 0.5695
vn 0.7872 -0.0000 0.6167
vn 0.7270 0.3836 0.5695
vn 0.7270 0.3837 0.5695
vn 0.5556 0.7085 0.4352
vn 0.5555 0.7085 0.4352
vn 0.2994 0.9249 0.2345
vn 0.2993 0.9249 0.2345
vn -0.0023 1.0000 -0.0018
usemtl None
s 1
f 227/225/149 226/226/150 225/227/150 228/228/151
f 229/229/152 227/225/149 228/228/151 230/230/153
f 231/231/154 229/229/152 230/230/153 232/232/154
f 233/233/155 231/231/154 232/232/154 234/234/156
f 235/235/157 233/233/155 234/234/156 236/236/158
f 237/237/159 235/235/157 236/236/158 238/238/159
f 239/239/160 237/237/159 238/238/159 240/240/160
f 241/241/161 239/239/160 240/240/160 242/242/162
f 243/243/163 241/241/161 242/242/162 244/244/164
f 245/245/165 243/243/163 244/244/164 246/246/166
f 247/247/167 245/245/165 246/246/166 248/248/167
f 249/249/168 247/247/167 248/248/167 250/250/169
f 251/251/170 249/249/168 250/250/169 252/252/171
f 253/253/172 251/251/170 252/252/171 254/254/173
f 255/255/174 253/253/172 254/254/173 256/256/174
f 226/226/150 255/255/174 256/256/174 225/227/150
o Circle.029
v 13.080378 0.804875 -44.092354
v 11.265601 0.804875 -41.270020
v 11.174244 0.733340 -41.325848
v 12.991692 0.733340 -44.152325
v 11.113210 0.626280 -41.363152
v 12.932435 0.626281 -44.192398
v 11.091779 0.499995 -41.376247
v 12.911624 0.499995 -44.206470
v 11.113204 0.373709 -41.363152
v 12.932433 0.373709 -44.192398
v 11.174244 0.266650 -41.325844
v 12.991692 0.266650 -44.152325
v 11.265594 0.195115 -41.270020
v 13.080376 0.195115 -44.092358
v 11.373359 0.169995 -41.204159
v 13.184991 0.169995 -44.021610
v 11.481116 0.195115 -41.138306
v 13.289609 0.195115 -43.950871
v 11.572463 0.266650 -41.082481
v 13.378290 0.266650 -43.890896
v 11.633505 0.373709 -41.045174
v 13.437556 0.373710 -43.850830
v 11.654938 0.499995 -41.032078
v 13.458358 0.499995 -43.836758
v 11.633508 0.626280 -41.045177
v 13.437556 0.626281 -43.850830
v 11.572463 0.733340 -41.082481
v 13.378295 0.733341 -43.890900
v 11.481116 0.804875 -41.138309
v 13.289606 0.804875 -43.950871
v 11.373356 0.829995 -41.204163
v 13.184994 0.829995 -44.021610
vt 0.0000 0.0000
vt 0.0000 0.0000
vt 0.0000 0.0000
vt 0.0000 0.0000
vt 0.0000 0.0000
vt 0.0000 0.0000
vt 0.0000 0.0000
vt 0.0000 0.0000
vt 0.0000 0.0000
vt 0.0000 0.0000
vt 0.0000 0.0000
vt 0.0000 0.0000
vt 0.0000 0.0000
vt 0.0000 0.0000
vt 0.0000 0.0000
vt 0.0000 0.0000
vt 0.0000 0.0000
vt 0.0000 0.0000
vt 0.0000 0.0000
vt 0.0000 0.0000
vt 0.0000 0.0000
vt 0.0000 0.0000
vt 0.0000 0.0000
vt 0.0000 0.0000
vt 0.0000 0.0000
vt 0.0000 0.0000
vt 0.0000 0.0000
vt 0.0000 0.0000
vt 0.0000 0.0000
vt 0.0000 0.0000
vt 0.0000 0.0000
vt 0.0000 0.0000
vn -0.5960 0.7056 -0.3833
vn -0.3240 0.9228 -0.2083
vn -0.7775 0.3816 -0.4999
vn -0.8411 0.0000 -0.5408
vn -0.7775 -0.3816 -0.4999
vn -0.5960 -0.7056 -0.3833
vn -0.3240 -0.9228 -0.2083
vn -0.0024 -1.0000 -0.0015
vn -0.0024 -1.0000 -0.0016
vn 0.3199 -0.9248 0.2057
vn 0.3199 -0.9249 0.2057
vn 0.5936 -0.7084 0.3817
vn 0.5936 -0.7085 0.3817
vn 0.7768 -0.3836 0.4995
vn 0.8411 -0.0000 0.5408
vn 0.7768 0.3836 0.4995
vn 0.5936 0.7084 0.3817
vn 0.5936 0.7085 0.3817
vn 0.3199 0.9248 0.2057
vn 0.3199 0.9249 0.2057
vn -0.0024 1.0000 -0.0015
vn -0.0024 1.0000 -0.0016
usemtl None
s 1
f 259/257/175 258/258/176 257/259/176 260/260/175
f 261/261/177 259/257/175 260/260/175 262/262/177
f 263/263/178 261/261/177 262/262/177 264/264/178
f 265/265/179 263/263/178 264/264/178 266/266/179
f 267/267/180 265/265/179 266/266/179 268/268/180
f 269/269/181 267/267/180 268/268/180 270/270/181
f 271/271/182 269/269/181 270/270/181 272/272/183
f 273/273/184 271/271/182 272/272/183 274/274/185
f 275/275/186 273/273/184 274/274/185 276/276/187
f 277/277/188 275/275/186 276/276/187 278/278/188
f 279/279/189 277/277/188 278/278/188 280/280/189
f 281/281/190 279/279/189 280/280/189 282/282/190
f 283/283/191 281/281/190 282/282/190 284/284/192
f 285/285/193 283/283/191 284/284/192 286/286/194
f 287/287/195 285/285/193 286/286/194 288/288/196
f 258/258/176 287/287/195 288/288/196 257/259/176
o Circle.028
v 11.265601 0.804875 -41.270020
v 9.580487 0.804875 -38.365398
v 9.486686 0.733340 -38.417015
v 11.174244 0.733340 -41.325848
v 9.424012 0.626280 -38.451500
v 11.113210 0.626280 -41.363152
v 9.402008 0.499995 -38.463608
v 11.091779 0.499995 -41.376247
v 9.424010 0.373709 -38.451504
v 11.113204 0.373709 -41.363152
v 9.486686 0.266649 -38.417015
v 11.174244 0.266650 -41.325844
v 9.580485 0.195114 -38.365402
v 11.265594 0.195115 -41.270020
v 9.691128 0.169995 -38.304520
v 11.373359 0.169995 -41.204159
v 9.801770 0.195114 -38.243637
v 11.481116 0.195115 -41.138306
v 9.895562 0.266649 -38.192028
v 11.572463 0.266650 -41.082481
v 9.958248 0.373709 -38.157539
v 11.633505 0.373709 -41.045174
v 9.980247 0.499995 -38.145432
v 11.654938 0.499995 -41.032078
v 9.958243 0.626280 -38.157543
v 11.633508 0.626280 -41.045177
v 9.895568 0.733340 -38.192028
v 11.572463 0.733340 -41.082481
v 9.801773 0.804875 -38.243645
v 11.481116 0.804875 -41.138309
v 9.691125 0.829995 -38.304520
v 11.373356 0.829995 -41.204163
vt 0.0000 0.0000
vt 0.0000 0.0000
vt 0.0000 0.0000
vt 0.0000 0.0000
vt 0.0000 0.0000
vt 0.0000 0.0000
vt 0.0000 0.0000
vt 0.0000 0.0000
vt 0.0000 0.0000
vt 0.0000 0.0000
vt 0.0000 0.0000
vt 0.0000 0.0000
vt 0.0000 0.0000
vt 0.0000 0.0000
vt 0.0000 0.0000
vt 0.0000 0.0000
vt 0.0000 0.0000
vt 0.0000 0.0000
vt 0.0000 0.0000
vt 0.0000 0.0000
vt 0.0000 0.0000
vt 0.0000 0.0000
vt 0.0000 0.0000
vt 0.0000 0.0000
vt 0.0000 0.0000
vt 0.0000 0.0000
vt 0.0000 0.0000
vt 0.0000 0.0000
vt 0.0000 0.0000
vt 0.0000 0.0000
vt 0.0000 0.0000
vt 0.0000 0.0000
vn -0.6129 0.7056 -0.3556
vn -0.3332 0.9229 -0.1933
vn -0.3332 0.9228 -0.1933
vn -0.7995 0.3816 -0.4638
vn -0.8650 0.0000 -0.5018
vn -0.7995 -0.3816 -0.4638
vn -0.6129 -0.7056 -0.3556
vn -0.3332 -0.9228 -0.1933
vn -0.0024 -1.0000 -0.0014
vn -0.0025 -1.0000 -0.0014
vn 0.3290 -0.9248 0.1909
vn 0.6105 -0.7084 0.3542
vn 0.7988 -0.3836 0.4634
vn 0.8650 0.0000 0.5018
vn 0.7988 0.3836 0.4634
vn 0.6105 0.7084 0.3542
vn 0.3290 0.9248 0.1909
vn -0.0024 1.0000 -0.0014
vn -0.0025 1.0000 -0.0014
usemtl None
s 1
f 291/289/197 290/290/198 289/291/199 292/292/197
f 293/293/200 291/289/197 292/292/197 294/294/200
f 295/295/201 293/293/200 294/294/200 296/296/201
f 297/297/202 295/295/201 296/296/201 298/298/202
f 299/299/203 297/297/202 298/298/202 300/300/203
f 301/301/204 299/299/203 300/300/203 302/302/204
f 303/303/205 301/301/204 302/302/204 304/304/206
f 305/305/207 303/303/205 304/304/206 306/306/207
f 307/307/208 305/305/207 306/306/207 308/308/208
f 309/309/209 307/307/208 308/308/208 310/310/209
f 311/311/210 309/309/209 310/310/209 312/312/210
f 313/313/211 311/311/210 312/312/210 314/314/211
f 315/315/212 313/313/211 314/314/211 316/316/212
f 317/317/213 315/315/212 316/316/212 318/318/213
f 319/319/214 317/317/213 318/318/213 320/320/215
f 290/290/198 319/319/214 320/320/215 289/291/199
o Circle.027
v 9.580487 0.804875 -38.365398
v 8.027724 0.804875 -35.385555
v 7.931689 0.733340 -35.432880
v 9.486686 0.733340 -38.417015
v 7.867523 0.626280 -35.464500
v 9.424012 0.626280 -38.451500
v 7.844995 0.499995 -35.475605
v 9.402008 0.499995 -38.463608
v 7.867523 0.373709 -35.464500
v 9.424010 0.373709 -38.451504
v 7.931689 0.266650 -35.432880
v 9.486686 0.266649 -38.417015
v 8.027724 0.195115 -35.385555
v 9.580485 0.195114 -38.365402
v 8.141006 0.169995 -35.329731
v 9.691128 0.169995 -38.304520
v 8.254287 0.195115 -35.273907
v 9.801770 0.195114 -38.243637
v 8.350317 0.266650 -35.226582
v 9.895562 0.266649 -38.192028
v 8.414483 0.373709 -35.194962
v 9.958248 0.373709 -38.157539
v 8.437012 0.499995 -35.183861
v 9.980247 0.499995 -38.145432
v 8.414483 0.626281 -35.194962
v 9.958243 0.626280 -38.157543
v 8.350317 0.733340 -35.226582
v 9.895568 0.733340 -38.192028
v 8.254282 0.804875 -35.273911
v 9.801773 0.804875 -38.243645
v 8.141006 0.829995 -35.329731
v 9.691125 0.829995 -38.304520
vt 0.0000 0.0000
vt 0.0000 0.0000
vt 0.0000 0.0000
vt 0.0000 0.0000
vt 0.0000 0.0000
vt 0.0000 0.0000
vt 0.0000 0.0000
vt 0.0000 0.0000
vt 0.0000 0.0000
vt 0.0000 0.0000
vt 0.0000 0.0000
vt 0.0000 0.0000
vt 0.0000 0.0000
vt 0.0000 0.0000
vt 0.0000 0.0000
vt 0.0000 0.0000
vt 0.0000 0.0000
vt 0.0000 0.0000
vt 0.0000 0.0000
vt 0.0000 0.0000
vt 0.0000 0.0000
vt 0.0000 0.0000
vt 0.0000 0.0000
vt 0.0000 0.0000
vt 0.0000 0.0000
vt 0.0000 0.0000
vt 0.0000 0.0000
vt 0.0000 0.0000
vt 0.0000 0.0000
vt 0.0000 0.0000
vt 0.0000 0.0000
vt 0.0000 0.0000
vn -0.6284 0.7056 -0.3274
vn -0.3415 0.9229 -0.1780
vn -0.3416 0.9229 -0.1780
vn -0.8197 0.3816 -0.4271
vn -0.8868 0.0000 -0.4621
vn -0.8197 -0.3816 -0.4271
vn -0.6284 -0.7056 -0.3274
vn -0.3416 -0.9229 -0.1780
vn -0.0025 -1.0000 -0.0013
vn 0.3373 -0.9248 0.1758
vn 0.6259 -0.7084 0.3262
vn 0.6259 -0.7084 0.3261
vn 0.8190 -0.3836 0.4268
vn 0.8868 0.0000 0.4621
vn 0.8190 0.3836 0.4268
vn 0.6259 0.7084 0.3262
vn 0.6259 0.7084 0.3261
vn 0.3373 0.9248 0.1758
vn -0.0025 1.0000 -0.0013
usemtl None
s 1
f 323/321/216 322/322/217 321/323/218 324/324/216
f 325/325/219 323/321/216 324/324/216 326/326/219
f 327/327/220 325/325/219 326/326/219 328/328/220
f 329/329/221 327/327/220 328/328/220 330/330/221
f 331/331/222 329/329/221 330/330/221 332/332/222
f 333/333/223 331/331/222 332/332/222 334/334/223
f 335/335/224 333/333/223 334/334/223 336/336/224
f 337/337/225 335/335/224 336/336/224 338/338/225
f 339/339/226 337/337/225 338/338/225 340/340/227
f 341/341/228 339/339/226 340/340/227 342/342/228
f 343/343/229 341/341/228 342/342/228 344/344/229
f 345/345/230 343/343/229 344/344/229 346/346/230
f 347/347/231 345/345/230 346/346/230 348/348/232
f 349/349/233 347/347/231 348/348/232 350/350/233
f 351/351/234 349/349/233 350/350/233 352/352/234
f 322/322/217 351/351/234 352/352/234 321/323/218
o Circle.026
v 8.027724 0.804875 -35.385555
v 6.610023 0.804876 -32.337528
v 6.511954 0.733341 -32.380493
v 7.931689 0.733340 -35.432880
v 6.446428 0.626281 -32.409203
v 7.867523 0.626280 -35.464500
v 6.423427 0.499995 -32.419281
v 7.844995 0.499995 -35.475605
v 6.446428 0.373710 -32.409203
v 7.867523 0.373709 -35.464500
v 6.511959 0.266650 -32.380493
v 7.931689 0.266650 -35.432880
v 6.610008 0.195115 -32.337528
v 8.027724 0.195115 -35.385555
v 6.725691 0.169995 -32.286850
v 8.141006 0.169995 -35.329731
v 6.841365 0.195115 -32.236168
v 8.254287 0.195115 -35.273907
v 6.939424 0.266650 -32.193207
v 8.350317 0.266650 -35.226582
v 7.004950 0.373710 -32.164497
v 8.414483 0.373709 -35.194962
v 7.027951 0.499995 -32.154419
v 8.437012 0.499995 -35.183861
v 7.004945 0.626281 -32.164497
v 8.414483 0.626281 -35.194962
v 6.939419 0.733341 -32.193207
v 8.350317 0.733340 -35.226582
v 6.841360 0.804876 -32.236172
v 8.254282 0.804875 -35.273911
v 6.725691 0.829995 -32.286850
v 8.141006 0.829995 -35.329731
vt 0.0000 0.0000
vt 0.0000 0.0000
vt 0.0000 0.0000
vt 0.0000 0.0000
vt 0.0000 0.0000
vt 0.0000 0.0000
vt 0.0000 0.0000
vt 0.0000 0.0000
vt 0.0000 0.0000
vt 0.0000 0.0000
vt 0.0000 0.0000
vt 0.0000 0.0000
vt 0.0000 0.0000
vt 0.0000 0.0000
vt 0.0000 0.0000
vt 0.0000 0.0000
vt 0.0000 0.0000
vt 0.0000 0.0000
vt 0.0000 0.0000
vt 0.0000 0.0000
vt 0.0000 0.0000
vt 0.0000 0.0000
vt 0.0000 0.0000
vt 0.0000 0.0000
vt 0.0000 0.0000
vt 0.0000 0.0000
vt 0.0000 0.0000
vt 0.0000 0.0000
vt 0.0000 0.0000
vt 0.0000 0.0000
vt 0.0000 0.0000
vt 0.0000 0.0000
vn -0.6425 0.7056 -0.2988
vn -0.3492 0.9229 -0.1624
vn -0.8381 0.3816 -0.3898
vn -0.9067 0.0000 -0.4217
vn -0.8381 -0.3816 -0.3898
vn -0.6425 -0.7056 -0.2988
vn -0.3492 -0.9229 -0.1624
vn -0.0025 -1.0000 -0.0012
vn 0.3449 -0.9248 0.1604
vn 0.6400 -0.7084 0.2977
vn 0.8374 -0.3836 0.3895
vn 0.9067 0.0000 0.4217
vn 0.8374 0.3836 0.3895
vn 0.6400 0.7084 0.2977
vn 0.6399 0.7084 0.2977
vn 0.3449 0.9248 0.1604
vn -0.0025 1.0000 -0.0012
usemtl None
s 1
f 355/353/235 354/354/236 353/355/236 356/356/235
f 357/357/237 355/353/235 356/356/235 358/358/237
f 359/359/238 357/357/237 358/358/237 360/360/238
f 361/361/239 359/359/238 360/360/238 362/362/239
f 363/363/240 361/361/239 362/362/239 364/364/240
f 365/365/241 363/363/240 364/364/240 366/366/241
f 367/367/242 365/365/241 366/366/241 368/368/242
f 369/369/243 367/367/242 368/368/242 370/370/243
f 371/371/244 369/369/243 370/370/243 372/372/244
f 373/373/245 371/371/244 372/372/244 374/374/245
f 375/375/246 373/373/245 374/374/245 376/376/246
f 377/377/247 375/375/246 376/376/246 378/378/247
f 379/379/248 377/377/247 378/378/247 380/380/249
f 381/381/250 379/379/248 380/380/249 382/382/250
f 383/383/251 381/381/250 382/382/250 384/384/251
f 354/354/236 383/383/251 384/384/251 353/355/236
o Circle.025
v 6.610023 0.804876 -32.337528
v 5.330053 0.804876 -29.228373
v 5.230160 0.733341 -29.266903
v 6.511954 0.733341 -32.380493
v 5.163421 0.626281 -29.292646
v 6.446428 0.626281 -32.409203
v 5.139987 0.499996 -29.301687
v 6.423427 0.499995 -32.419281
v 5.163416 0.373710 -29.292650
v 6.446428 0.373710 -32.409203
v 5.230160 0.266651 -29.266903
v 6.511959 0.266650 -32.380493
v 5.330048 0.195116 -29.228373
v 6.610008 0.195115 -32.337528
v 5.447881 0.169996 -29.182922
v 6.725691 0.169995 -32.286850
v 5.565704 0.195116 -29.137476
v 6.841365 0.195115 -32.236168
v 5.665586 0.266651 -29.098944
v 6.939424 0.266650 -32.193207
v 5.732336 0.373710 -29.073198
v 7.004950 0.373710 -32.164497
v 5.755761 0.499996 -29.064161
v 7.027951 0.499995 -32.154419
v 5.732336 0.626281 -29.073202
v 7.004945 0.626281 -32.164497
v 5.665586 0.733341 -29.098946
v 6.939419 0.733341 -32.193207
v 5.565704 0.804876 -29.137476
v 6.841360 0.804876 -32.236172
v 5.447876 0.829996 -29.182922
v 6.725691 0.829995 -32.286850
vt 0.0000 0.0000
vt 0.0000 0.0000
vt 0.0000 0.0000
vt 0.0000 0.0000
vt 0.0000 0.0000
vt 0.0000 0.0000
vt 0.0000 0.0000
vt 0.0000 0.0000
vt 0.0000 0.0000
vt 0.0000 0.0000
vt 0.0000 0.0000
vt 0.0000 0.0000
vt 0.0000 0.0000
vt 0.0000 0.0000
vt 0.0000 0.0000
vt 0.0000 0.0000
vt 0.0000 0.0000
vt 0.0000 0.0000
vt 0.0000 0.0000
vt 0.0000 0.0000
vt 0.0000 0.0000
vt 0.0000 0.0000
vt 0.0000 0.0000
vt 0.0000 0.0000
vt 0.0000 0.0000
vt 0.0000 0.0000
vt 0.0000 0.0000
vt 0.0000 0.0000
vt 0.0000 0.0000
vt 0.0000 0.0000
vt 0.0000 0.0000
vt 0.0000 0.0000
vn -0.6552 0.7056 -0.2697
vn -0.3561 0.9229 -0.1466
vn -0.8547 0.3816 -0.3519
vn -0.9247 0.0000 -0.3807
vn -0.8547 -0.3816 -0.3519
vn -0.6552 -0.7056 -0.2697
vn -0.3561 -0.9229 -0.1466
vn -0.0026 -1.0000 -0.0011
vn 0.3518 -0.9248 0.1448
vn 0.3517 -0.9248 0.1448
vn 0.6527 -0.7084 0.2687
vn 0.6526 -0.7084 0.2687
vn 0.8540 -0.3836 0.3516
vn 0.9247 0.0000 0.3807
vn 0.8540 0.3836 0.3516
vn 0.6527 0.7084 0.2687
vn 0.6526 0.7084 0.2687
vn 0.3518 0.9248 0.1448
vn 0.3517 0.9248 0.1448
vn -0.0026 1.0000 -0.0011
usemtl None
s 1
f 387/385/252 386/386/253 385/387/253 388/388/252
f 389/389/254 387/385/252 388/388/252 390/390/254
f 391/391/255 389/389/254 390/390/254 392/392/255
f 393/393/256 391/391/255 392/392/255 394/394/256
f 395/395/257 393/393/256 394/394/256 396/396/257
f 397/397/258 395/395/257 396/396/257 398/398/258
f 399/399/259 397/397/258 398/398/258 400/400/259
f 401/401/260 399/399/259 400/400/259 402/402/261
f 403/403/262 401/401/260 402/402/261 404/404/263
f 405/405/264 403/403/262 404/404/263 406/406/264
f 407/407/265 405/405/264 406/406/264 408/408/265
f 409/409/266 407/407/265 408/408/265 410/410/266
f 411/411/267 409/409/266 410/410/266 412/412/268
f 413/413/269 411/411/267 412/412/268 414/414/270
f 415/415/271 413/413/269 414/414/270 416/416/271
f 386/386/253 415/415/271 416/416/271 385/387/253
o Circle.024
v 5.330053 0.804876 -29.228373
v 4.190545 0.804877 -26.065128
v 4.089031 0.733342 -26.099148
v 5.230160 0.733341 -29.266903
v 4.021204 0.626282 -26.121878
v 5.163421 0.626281 -29.292646
v 3.997387 0.499996 -26.129860
v 5.139987 0.499996 -29.301687
v 4.021199 0.373711 -26.121881
v 5.163416 0.373710 -29.292650
v 4.089036 0.266651 -26.099148
v 5.230160 0.266651 -29.266903
v 4.190545 0.195116 -26.065132
v 5.330048 0.195116 -29.228373
v 4.310287 0.169996 -26.025002
v 5.447881 0.169996 -29.182922
v 4.430028 0.195116 -25.984875
v 5.565704 0.195116 -29.137476
v 4.531537 0.266651 -25.950857
v 5.665586 0.266651 -29.098944
v 4.599369 0.373711 -25.928125
v 5.732336 0.373710 -29.073198
v 4.623181 0.499997 -25.920147
v 5.755761 0.499996 -29.064161
v 4.599364 0.626282 -25.928129
v 5.732336 0.626281 -29.073202
v 4.531537 0.733342 -25.950859
v 5.665586 0.733341 -29.098946
v 4.430028 0.804877 -25.984879
v 5.565704 0.804876 -29.137476
v 4.310287 0.829996 -26.025002
v 5.447876 0.829996 -29.182922
vt 0.0000 0.0000
vt 0.0000 0.0000
vt 0.0000 0.0000
vt 0.0000 0.0000
vt 0.0000 0.0000
vt 0.0000 0.0000
vt 0.0000 0.0000
vt 0.0000 0.0000
vt 0.0000 0.0000
vt 0.0000 0.0000
vt 0.0000 0.0000
vt 0.0000 0.0000
vt 0.0000 0.0000
vt 0.0000 0.0000
vt 0.0000 0.0000
vt 0.0000 0.0000
vt 0.0000 0.0000
vt 0.0000 0.0000
vt 0.0000 0.0000
vt 0.0000 0.0000
vt 0.0000 0.0000
vt 0.0000 0.0000
vt 0.0000 0.0000
vt 0.0000 0.0000
vt 0.0000 0.0000
vt 0.0000 0.0000
vt 0.0000 0.0000
vt 0.0000 0.0000
vt 0.0000 0.0000
vt 0.0000 0.0000
vt 0.0000 0.0000
vt 0.0000 0.0000
vn -0.6666 0.7056 -0.2401
vn -0.3623 0.9229 -0.1305
vn -0.8696 0.3816 -0.3133
vn -0.9408 0.0000 -0.3389
vn -0.8696 -0.3816 -0.3133
vn -0.6666 -0.7056 -0.2401
vn -0.3623 -0.9229 -0.1305
vn -0.0026 -1.0000 -0.0009
vn 0.3579 -0.9248 0.1289
vn 0.6640 -0.7084 0.2392
vn 0.8689 -0.3836 0.3130
vn 0.9408 0.0000 0.3389
vn 0.8689 0.3836 0.3130
vn 0.6640 0.7084 0.2392
vn 0.3579 0.9248 0.1289
vn -0.0026 1.0000 -0.0009
usemtl None
s 1
f 419/417/272 418/418/273 417/419/273 420/420/272
f 421/421/274 419/417/272 420/420/272 422/422/274
f 423/423/275 421/421/274 422/422/274 424/424/275
f 425/425/276 423/423/275 424/424/275 426/426/276
f 427/427/277 425/425/276 426/426/276 428/428/277
f 429/429/278 427/427/277 428/428/277 430/430/278
f 431/431/279 429/429/278 430/430/278 432/432/279
f 433/433/280 431/431/279 432/432/279 434/434/280
f 435/435/281 433/433/280 434/434/280 436/436/281
f 437/437/282 435/435/281 436/436/281 438/438/282
f 439/439/283 437/437/282 438/438/282 440/440/283
f 441/441/284 439/439/283 440/440/283 442/442/284
f 443/443/285 441/441/284 442/442/284 444/444/285
f 445/445/286 443/443/285 444/444/285 446/446/286
f 447/447/287 445/445/286 446/446/286 448/448/287
f 418/418/273 447/447/287 448/448/287 417/419/273
o Circle.023
v 4.190545 0.804877 -26.065128
v 3.194180 0.804877 -22.854851
v 3.091236 0.733342 -22.884277
v 4.089031 0.733342 -26.099148
v 3.022457 0.626283 -22.903938
v 4.021204 0.626282 -26.121878
v 2.998308 0.499997 -22.910843
v 3.997387 0.499996 -26.129860
v 3.022457 0.373712 -22.903942
v 4.021199 0.373711 -26.121881
v 3.091241 0.266652 -22.884277
v 4.089036 0.266651 -26.099148
v 3.194175 0.195117 -22.854853
v 4.190545 0.195116 -26.065132
v 3.315603 0.169997 -22.820141
v 4.310287 0.169996 -26.025002
v 3.437027 0.195117 -22.785431
v 4.430028 0.195116 -25.984875
v 3.539961 0.266652 -22.756004
v 4.531537 0.266651 -25.950857
v 3.608744 0.373712 -22.736341
v 4.599369 0.373711 -25.928125
v 3.632889 0.499997 -22.729441
v 4.623181 0.499997 -25.920147
v 3.608739 0.626283 -22.736343
v 4.599364 0.626282 -25.928129
v 3.539961 0.733343 -22.756004
v 4.531537 0.733342 -25.950859
v 3.437022 0.804878 -22.785431
v 4.430028 0.804877 -25.984879
v 3.315598 0.829997 -22.820141
v 4.310287 0.829996 -26.025002
vt 0.0000 0.0000
vt 0.0000 0.0000
vt 0.0000 0.0000
vt 0.0000 0.0000
vt 0.0000 0.0000
vt 0.0000 0.0000
vt 0.0000 0.0000
vt 0.0000 0.0000
vt 0.0000 0.0000
vt 0.0000 0.0000
vt 0.0000 0.0000
vt 0.0000 0.0000
vt 0.0000 0.0000
vt 0.0000 0.0000
vt 0.0000 0.0000
vt 0.0000 0.0000
vt 0.0000 0.0000
vt 0.0000 0.0000
vt 0.0000 0.0000
vt 0.0000 0.0000
vt 0.0000 0.0000
vt 0.0000 0.0000
vt 0.0000 0.0000
vt 0.0000 0.0000
vt 0.0000 0.0000
vt 0.0000 0.0000
vt 0.0000 0.0000
vt 0.0000 0.0000
vt 0.0000 0.0000
vt 0.0000 0.0000
vt 0.0000 0.0000
vt 0.0000 0.0000
vn -0.6767 0.7056 -0.2100
vn -0.3678 0.9229 -0.1142
vn -0.8828 0.3816 -0.2740
vn -0.9551 0.0000 -0.2964
vn -0.8828 -0.3816 -0.2740
vn -0.6767 -0.7056 -0.2100
vn -0.3678 -0.9229 -0.1142
vn -0.0027 -1.0000 -0.0008
vn 0.3633 -0.9248 0.1128
vn 0.6741 -0.7084 0.2092
vn 0.8820 -0.3836 0.2737
vn 0.9551 0.0000 0.2964
vn 0.8820 0.3836 0.2737
vn 0.6741 0.7084 0.2092
vn 0.3633 0.9248 0.1127
vn 0.3633 0.9248 0.1128
vn -0.0027 1.0000 -0.0008
usemtl None
s 1
f 451/449/288 450/450/289 449/451/289 452/452/288
f 453/453/290 451/449/288 452/452/288 454/454/290
f 455/455/291 453/453/290 454/454/290 456/456/291
f 457/457/292 455/455/291 456/456/291 458/458/292
f 459/459/293 457/457/292 458/458/292 460/460/293
f 461/461/294 459/459/293 460/460/293 462/462/294
f 463/463/295 461/461/294 462/462/294 464/464/295
f 465/465/296 463/463/295 464/464/295 466/466/296
f 467/467/297 465/465/296 466/466/296 468/468/297
f 469/469/298 467/467/297 468/468/297 470/470/298
f 471/471/299 469/469/298 470/470/298 472/472/299
f 473/473/300 471/471/299 472/472/299 474/474/300
f 475/475/301 473/473/300 474/474/300 476/476/301
f 477/477/302 475/475/301 476/476/301 478/478/303
f 479/479/304 477/477/302 478/478/303 480/480/304
f 450/450/289 479/479/304 480/480/304 449/451/289
o Circle.022
v 3.194180 0.804877 -22.854851
v 2.343674 0.804878 -19.604578
v 2.239511 0.733343 -19.629330
v 3.091236 0.733342 -22.884277
v 2.169912 0.626283 -19.645866
v 3.022457 0.626283 -22.903938
v 2.145475 0.499998 -19.651672
v 2.998308 0.499997 -22.910843
v 2.169907 0.373712 -19.645866
v 3.022457 0.373712 -22.903942
v 2.239511 0.266653 -19.629328
v 3.091241 0.266652 -22.884277
v 2.343669 0.195118 -19.604580
v 3.194175 0.195117 -22.854853
v 2.466537 0.169998 -19.575384
v 3.315603 0.169997 -22.820141
v 2.589411 0.195118 -19.546190
v 3.437027 0.195117 -22.785431
v 2.693563 0.266652 -19.521442
v 3.539961 0.266652 -22.756004
v 2.763163 0.373712 -19.504904
v 3.608744 0.373712 -22.736341
v 2.787600 0.499998 -19.499100
v 3.632889 0.499997 -22.729441
v 2.763163 0.626283 -19.504906
v 3.608739 0.626283 -22.736343
v 2.693563 0.733343 -19.521442
v 3.539961 0.733343 -22.756004
v 2.589401 0.804878 -19.546192
v 3.437022 0.804878 -22.785431
v 2.466537 0.829998 -19.575384
v 3.315598 0.829997 -22.820141
vt 0.0000 0.0000
vt 0.0000 0.0000
vt 0.0000 0.0000
vt 0.0000 0.0000
vt 0.0000 0.0000
vt 0.0000 0.0000
vt 0.0000 0.0000
vt 0.0000 0.0000
vt 0.0000 0.0000
vt 0.0000 0.0000
vt 0.0000 0.0000
vt 0.0000 0.0000
vt 0.0000 0.0000
vt 0.0000 0.0000
vt 0.0000 0.0000
vt 0.0000 0.0000
vt 0.0000 0.0000
vt 0.0000 0.0000
vt 0.0000 0.0000
vt 0.0000 0.0000
vt 0.0000 0.0000
vt 0.0000 0.0000
vt 0.0000 0.0000
vt 0.0000 0.0000
vt 0.0000 0.0000
vt 0.0000 0.0000
vt 0.0000 0.0000
vt 0.0000 0.0000
vt 0.0000 0.0000
vt 0.0000 0.0000
vt 0.0000 0.0000
vt 0.0000 0.0000
vn -0.6855 0.7056 -0.1794
vn -0.3726 0.9229 -0.0975
vn -0.8942 0.3816 -0.2340
vn -0.9674 0.0000 -0.2531
vn -0.8942 -0.3816 -0.2340
vn -0.6855 -0.7056 -0.1794
vn -0.3726 -0.9228 -0.0975
vn -0.3726 -0.9229 -0.0975
vn -0.0027 -1.0000 -0.0007
vn 0.3680 -0.9248 0.0963
vn 0.6828 -0.7084 0.1787
vn 0.8934 -0.3836 0.2338
vn 0.9674 0.0000 0.2531
vn 0.8934 0.3836 0.2338
vn 0.6828 0.7084 0.1787
vn 0.3680 0.9248 0.0963
vn -0.0027 1.0000 -0.0007
usemtl None
s 1
f 483/481/305 482/482/306 481/483/306 484/484/305
f 485/485/307 483/481/305 484/484/305 486/486/307
f 487/487/308 485/485/307 486/486/307 488/488/308
f 489/489/309 487/487/308 488/488/308 490/490/309
f 491/491/310 489/489/309 490/490/309 492/492/310
f 493/493/311 491/491/310 492/492/310 494/494/312
f 495/495/313 493/493/311 494/494/312 496/496/313
f 497/497/314 495/495/313 496/496/313 498/498/314
f 499/499/315 497/497/314 498/498/314 500/500/315
f 501/501/316 499/499/315 500/500/315 502/502/316
f 503/503/317 501/501/316 502/502/316 504/504/317
f 505/505/318 503/503/317 504/504/317 506/506/318
f 507/507/319 505/505/318 506/506/318 508/508/319
f 509/509/320 507/507/319 508/508/319 510/510/320
f 511/511/321 509/509/320 510/510/320 512/512/321
f 482/482/306 511/511/321 512/512/321 481/483/306
o Circle.021
v 2.343674 0.804878 -19.604578
v 1.641723 0.804879 -16.321363
v 1.536538 0.733344 -16.341347
v 2.239511 0.733343 -19.629330
v 1.466259 0.626284 -16.354702
v 2.169912 0.626283 -19.645866
v 1.441586 0.499999 -16.359390
v 2.145475 0.499998 -19.651672
v 1.466254 0.373713 -16.354702
v 2.169907 0.373712 -19.645866
v 1.536538 0.266653 -16.341347
v 2.239511 0.266653 -19.629328
v 1.641712 0.195118 -16.321365
v 2.343669 0.195118 -19.604580
v 1.765790 0.169999 -16.297791
v 2.466537 0.169998 -19.575384
v 1.889852 0.195118 -16.274216
v 2.589411 0.195118 -19.546190
v 1.995031 0.266653 -16.254232
v 2.693563 0.266652 -19.521442
v 2.065310 0.373713 -16.240879
v 2.763163 0.373712 -19.504904
v 2.089979 0.499999 -16.236191
v 2.787600 0.499998 -19.499100
v 2.065310 0.626284 -16.240879
v 2.763163 0.626283 -19.504906
v 1.995031 0.733344 -16.254234
v 2.693563 0.733343 -19.521442
v 1.889847 0.804879 -16.274218
v 2.589401 0.804878 -19.546192
v 1.765780 0.829998 -16.297791
v 2.466537 0.829998 -19.575384
vt 0.0000 0.0000
vt 0.0000 0.0000
vt 0.0000 0.0000
vt 0.0000 0.0000
vt 0.0000 0.0000
vt 0.0000 0.0000
vt 0.0000 0.0000
vt 0.0000 0.0000
vt 0.0000 0.0000
vt 0.0000 0.0000
vt 0.0000 0.0000
vt 0.0000 0.0000
vt 0.0000 0.0000
vt 0.0000 0.0000
vt 0.0000 0.0000
vt 0.0000 0.0000
vt 0.0000 0.0000
vt 0.0000 0.0000
vt 0.0000 0.0000
vt 0.0000 0.0000
vt 0.0000 0.0000
vt 0.0000 0.0000
vt 0.0000 0.0000
vt 0.0000 0.0000
vt 0.0000 0.0000
vt 0.0000 0.0000
vt 0.0000 0.0000
vt 0.0000 0.0000
vt 0.0000 0.0000
vt 0.0000 0.0000
vt 0.0000 0.0000
vt 0.0000 0.0000
vn -0.6929 0.7056 -0.1482
vn -0.3767 0.9228 -0.0805
vn -0.3766 0.9229 -0.0805
vn -0.6929 0.7056 -0.1481
vn -0.9039 0.3816 -0.1933
vn -0.9779 0.0000 -0.2091
vn -0.9039 -0.3816 -0.1933
vn -0.6929 -0.7056 -0.1482
vn -0.6929 -0.7056 -0.1481
vn -0.3767 -0.9228 -0.0805
vn -0.0028 -1.0000 -0.0006
vn -0.0027 -1.0000 -0.0006
vn 0.3719 -0.9248 0.0795
vn 0.3720 -0.9248 0.0795
vn 0.6902 -0.7084 0.1476
vn 0.9031 -0.3836 0.1931
vn 0.9779 0.0000 0.2091
vn 0.9031 0.3836 0.1931
vn 0.6902 0.7084 0.1476
vn 0.3719 0.9249 0.0795
vn 0.3719 0.9248 0.0795
vn -0.0028 1.0000 -0.0006
usemtl None
s 1
f 515/513/322 514/514/323 513/515/324 516/516/325
f 517/517/326 515/513/322 516/516/325 518/518/326
f 519/519/327 517/517/326 518/518/326 520/520/327
f 521/521/328 519/519/327 520/520/327 522/522/328
f 523/523/329 521/521/328 522/522/328 524/524/330
f 525/525/331 523/523/329 524/524/330 526/526/331
f 527/527/332 525/525/331 526/526/331 528/528/333
f 529/529/334 527/527/332 528/528/333 530/530/335
f 531/531/336 529/529/334 530/530/335 532/532/336
f 533/533/337 531/531/336 532/532/336 534/534/337
f 535/535/338 533/533/337 534/534/337 536/536/338
f 537/537/339 535/535/338 536/536/338 538/538/339
f 539/539/340 537/537/339 538/538/339 540/540/340
f 541/541/341 539/539/340 540/540/340 542/542/342
f 543/543/343 541/541/341 542/542/342 544/544/343
f 514/514/323 543/543/343 544/544/343 513/515/324
o Circle.020
v 1.641723 0.804879 -16.321363
v 1.091037 0.804879 -13.012247
v 0.985047 0.733344 -13.027375
v 1.536538 0.733344 -16.341347
v 0.914229 0.626285 -13.037483
v 1.466259 0.626284 -16.354702
v 0.889364 0.499999 -13.041033
v 1.441586 0.499999 -16.359390
v 0.914224 0.373713 -13.037484
v 1.466254 0.373713 -16.354702
v 0.985047 0.266654 -13.027375
v 1.536538 0.266653 -16.341347
v 1.091032 0.195119 -13.012248
v 1.641712 0.195118 -16.321365
v 1.216056 0.169999 -12.994403
v 1.765790 0.169999 -16.297791
v 1.341080 0.195119 -12.976560
v 1.889852 0.195118 -16.274216
v 1.447065 0.266654 -12.961432
v 1.995031 0.266653 -16.254232
v 1.517888 0.373713 -12.951324
v 2.065310 0.373713 -16.240879
v 1.542738 0.499999 -12.947776
v 2.089979 0.499999 -16.236191
v 1.517878 0.626285 -12.951324
v 2.065310 0.626284 -16.240879
v 1.447065 0.733344 -12.961432
v 1.995031 0.733344 -16.254234
v 1.341070 0.804879 -12.976560
v 1.889847 0.804879 -16.274218
v 1.216056 0.829999 -12.994403
v 1.765780 0.829998 -16.297791
vt 0.0000 0.0000
vt 0.0000 0.0000
vt 0.0000 0.0000
vt 0.0000 0.0000
vt 0.0000 0.0000
vt 0.0000 0.0000
vt 0.0000 0.0000
vt 0.0000 0.0000
vt 0.0000 0.0000
vt 0.0000 0.0000
vt 0.0000 0.0000
vt 0.0000 0.0000
vt 0.0000 0.0000
vt 0.0000 0.0000
vt 0.0000 0.0000
vt 0.0000 0.0000
vt 0.0000 0.0000
vt 0.0000 0.0000
vt 0.0000 0.0000
vt 0.0000 0.0000
vt 0.0000 0.0000
vt 0.0000 0.0000
vt 0.0000 0.0000
vt 0.0000 0.0000
vt 0.0000 0.0000
vt 0.0000 0.0000
vt 0.0000 0.0000
vt 0.0000 0.0000
vt 0.0000 0.0000
vt 0.0000 0.0000
vt 0.0000 0.0000
vt 0.0000 0.0000
vn -0.6990 0.7056 -0.1163
vn -0.3800 0.9228 -0.0632
vn -0.9118 0.3816 -0.1517
vn -0.9864 0.0000 -0.1642
vn -0.9118 -0.3816 -0.1517
vn -0.6990 -0.7056 -0.1163
vn -0.3800 -0.9228 -0.0632
vn -0.0028 -1.0000 -0.0005
vn 0.3752 -0.9249 0.0624
vn 0.3752 -0.9248 0.0624
vn 0.6962 -0.7085 0.1159
vn 0.6962 -0.7084 0.1159
vn 0.9110 -0.3836 0.1516
vn 0.9864 0.0000 0.1642
vn 0.9110 0.3836 0.1516
vn 0.6962 0.7085 0.1159
vn 0.6962 0.7084 0.1159
vn 0.3751 0.9249 0.0624
vn 0.3752 0.9249 0.0624
vn -0.0028 1.0000 -0.0005
usemtl None
s 1
f 547/545/344 546/546/345 545/547/345 548/548/344
f 549/549/346 547/545/344 548/548/344 550/550/346
f 551/551/347 549/549/346 550/550/346 552/552/347
f 553/553/348 551/551/347 552/552/347 554/554/348
f 555/555/349 553/553/348 554/554/348 556/556/349
f 557/557/350 555/555/349 556/556/349 558/558/350
f 559/559/351 557/557/350 558/558/350 560/560/351
f 561/561/352 559/559/351 560/560/351 562/562/353
f 563/563/354 561/561/352 562/562/353 564/564/355
f 565/565/356 563/563/354 564/564/355 566/566/356
f 567/567/357 565/565/356 566/566/356 568/568/357
f 569/569/358 567/567/357 568/568/357 570/570/358
f 571/571/359 569/569/358 570/570/358 572/572/360
f 573/573/361 571/571/359 572/572/360 574/574/362
f 575/575/363 573/573/361 574/574/362 576/576/363
f 546/546/345 575/575/363 576/576/363 545/547/345
o Circle.019
v 1.091037 0.804879 -13.012247
v 0.694336 0.804880 -9.684278
v 0.587757 0.733345 -9.694454
v 0.985047 0.733344 -13.027375
v 0.516541 0.626285 -9.701254
v 0.914229 0.626285 -13.037483
v 0.491536 0.500000 -9.703642
v 0.889364 0.499999 -13.041033
v 0.516531 0.373714 -9.701254
v 0.914224 0.373713 -13.037484
v 0.587757 0.266654 -9.694454
v 0.985047 0.266654 -13.027375
v 0.694321 0.195119 -9.684278
v 1.091032 0.195119 -13.012248
v 0.820050 0.170000 -9.672275
v 1.216056 0.169999 -12.994403
v 0.945764 0.195119 -9.660272
v 1.341080 0.195119 -12.976560
v 1.052333 0.266654 -9.650095
v 1.447065 0.266654 -12.961432
v 1.123554 0.373714 -9.643295
v 1.517888 0.373713 -12.951324
v 1.148550 0.500000 -9.640909
v 1.542738 0.499999 -12.947776
v 1.123549 0.626285 -9.643296
v 1.517878 0.626285 -12.951324
v 1.052333 0.733345 -9.650096
v 1.447065 0.733344 -12.961432
v 0.945754 0.804880 -9.660273
v 1.341070 0.804879 -12.976560
v 0.820045 0.830000 -9.672276
v 1.216056 0.829999 -12.994403
vt 0.0000 0.0000
vt 0.0000 0.0000
vt 0.0000 0.0000
vt 0.0000 0.0000
vt 0.0000 0.0000
vt 0.0000 0.0000
vt 0.0000 0.0000
vt 0.0000 0.0000
vt 0.0000 0.0000
vt 0.0000 0.0000
vt 0.0000 0.0000
vt 0.0000 0.0000
vt 0.0000 0.0000
vt 0.0000 0.0000
vt 0.0000 0.0000
vt 0.0000 0.0000
vt 0.0000 0.0000
vt 0.0000 0.0000
vt 0.0000 0.0000
vt 0.0000 0.0000
vt 0.0000 0.0000
vt 0.0000 0.0000
vt 0.0000 0.0000
vt 0.0000 0.0000
vt 0.0000 0.0000
vt 0.0000 0.0000
vt 0.0000 0.0000
vt 0.0000 0.0000
vt 0.0000 0.0000
vt 0.0000 0.0000
vt 0.0000 0.0000
vt 0.0000 0.0000
vn -0.7037 0.7056 -0.0839
vn -0.3825 0.9228 -0.0456
vn -0.7036 0.7056 -0.0839
vn -0.9178 0.3816 -0.1094
vn -0.9930 0.0000 -0.1184
vn -0.9178 -0.3816 -0.1094
vn -0.7037 -0.7056 -0.0839
vn -0.7036 -0.7056 -0.0839
vn -0.3825 -0.9228 -0.0456
vn -0.0029 -1.0000 -0.0003
vn -0.0028 -1.0000 -0.0003
vn 0.3776 -0.9249 0.0450
vn 0.7008 -0.7085 0.0835
vn 0.9170 -0.3836 0.1093
vn 0.9930 0.0000 0.1184
vn 0.9170 0.3836 0.1093
vn 0.7008 0.7085 0.0835
vn 0.3776 0.9249 0.0450
vn -0.0029 1.0000 -0.0003
usemtl None
s 1
f 579/577/364 578/578/365 577/579/365 580/580/366
f 581/581/367 579/577/364 580/580/366 582/582/367
f 583/583/368 581/581/367 582/582/367 584/584/368
f 585/585/369 583/583/368 584/584/368 586/586/369
f 587/587/370 585/585/369 586/586/369 588/588/371
f 589/589/372 587/587/370 588/588/371 590/590/372
f 591/591/373 589/589/372 590/590/372 592/592/374
f 593/593/375 591/591/373 592/592/374 594/594/375
f 595/595/376 593/593/375 594/594/375 596/596/376
f 597/597/377 595/595/376 596/596/376 598/598/377
f 599/599/378 597/597/377 598/598/377 600/600/378
f 601/601/379 599/599/378 600/600/378 602/602/379
f 603/603/380 601/601/379 602/602/379 604/604/380
f 605/605/381 603/603/380 604/604/380 606/606/381
f 607/607/382 605/605/381 606/606/381 608/608/382
f 578/578/365 607/607/382 608/608/382 577/579/365
o Circle.018
v 0.694336 0.804880 -9.684278
v 0.454322 0.804880 -6.344506
v 0.347380 0.733345 -6.349635
v 0.587757 0.733345 -9.694454
v 0.275923 0.626285 -6.353062
v 0.516541 0.626285 -9.701254
v 0.250837 0.500000 -6.354265
v 0.491536 0.500000 -9.703642
v 0.275918 0.373714 -6.353062
v 0.516531 0.373714 -9.701254
v 0.347380 0.266655 -6.349635
v 0.587757 0.266654 -9.694454
v 0.454312 0.195120 -6.344507
v 0.694321 0.195119 -9.684278
v 0.580459 0.170000 -6.338457
v 0.820050 0.170000 -9.672275
v 0.706601 0.195120 -6.332408
v 0.945764 0.195119 -9.660272
v 0.813538 0.266655 -6.327280
v 1.052333 0.266654 -9.650095
v 0.884995 0.373714 -6.323853
v 1.123554 0.373714 -9.643295
v 0.910076 0.500000 -6.322650
v 1.148550 0.500000 -9.640909
v 0.884990 0.626285 -6.323853
v 1.123549 0.626285 -9.643296
v 0.813538 0.733345 -6.327280
v 1.052333 0.733345 -9.650096
v 0.706596 0.804880 -6.332409
v 0.945754 0.804880 -9.660273
v 0.580459 0.830000 -6.338457
v 0.820045 0.830000 -9.672276
vt 0.0000 0.0000
vt 0.0000 0.0000
vt 0.0000 0.0000
vt 0.0000 0.0000
vt 0.0000 0.0000
vt 0.0000 0.0000
vt 0.0000 0.0000
vt 0.0000 0.0000
vt 0.0000 0.0000
vt 0.0000 0.0000
vt 0.0000 0.0000
vt 0.0000 0.0000
vt 0.0000 0.0000
vt 0.0000 0.0000
vt 0.0000 0.0000
vt 0.0000 0.0000
vt 0.0000 0.0000
vt 0.0000 0.0000
vt 0.0000 0.0000
vt 0.0000 0.0000
vt 0.0000 0.0000
vt 0.0000 0.0000
vt 0.0000 0.0000
vt 0.0000 0.0000
vt 0.0000 0.0000
vt 0.0000 0.0000
vt 0.0000 0.0000
vt 0.0000 0.0000
vt 0.0000 0.0000
vt 0.0000 0.0000
vt 0.0000 0.0000
vt 0.0000 0.0000
vn -0.3843 0.9228 -0.0276
vn -0.7068 0.7056 -0.0508
vn -0.7068 0.7055 -0.0508
vn -0.9220 0.3816 -0.0663
vn -0.9974 0.0000 -0.0717
vn -0.9220 -0.3816 -0.0663
vn -0.7068 -0.7056 -0.0508
vn -0.7068 -0.7055 -0.0508
vn -0.3843 -0.9228 -0.0276
vn -0.0029 -1.0000 -0.0002
vn 0.3793 -0.9249 0.0273
vn 0.7039 -0.7085 0.0506
vn 0.9211 -0.3836 0.0662
vn 0.9974 0.0000 0.0717
vn 0.9211 0.3836 0.0662
vn 0.7039 0.7085 0.0506
vn 0.3793 0.9249 0.0273
vn -0.0029 1.0000 -0.0002
vn -0.0030 1.0000 -0.0002
usemtl None
s 1
f 610/609/383 609/610/383 612/611/384 611/612/385
f 611/612/385 612/611/384 614/613/386 613/614/386
f 613/614/386 614/613/386 616/615/387 615/616/387
f 615/616/387 616/615/387 618/617/388 617/618/388
f 617/618/388 618/617/388 620/619/389 619/620/390
f 619/620/390 620/619/389 622/621/391 621/622/391
f 621/622/391 622/621/391 624/623/392 623/624/392
f 623/624/392 624/623/392 626/625/393 625/626/393
f 625/626/393 626/625/393 628/627/394 627/628/394
f 627/628/394 628/627/394 630/629/395 629/630/395
f 629/630/395 630/629/395 632/631/396 631/632/396
f 631/632/396 632/631/396 634/633/397 633/634/397
f 633/634/397 634/633/397 636/635/398 635/636/398
f 635/636/398 636/635/398 638/637/399 637/638/399
f 637/638/399 638/637/399 640/639/400 639/640/401
f 639/640/401 640/639/400 609/610/383 610/609/383
o Circle.017
v 0.500000 0.830000 -3.000000
v 0.373712 0.804880 -3.000000
v 0.266654 0.733345 -3.000000
v 0.195117 0.626286 -3.000000
v 0.170000 0.500000 -3.000000
v 0.195117 0.373714 -3.000000
v 0.266654 0.266655 -3.000000
v 0.373712 0.195120 -3.000000
v 0.500000 0.170000 -3.000000
v 0.626288 0.195120 -3.000000
v 0.733346 0.266655 -3.000000
v 0.804883 0.373714 -3.000000
v 0.830000 0.500000 -3.000000
v 0.804883 0.626286 -3.000000
v 0.733346 0.733345 -3.000000
v 0.626288 0.804880 -3.000000
v 0.454322 0.804880 -6.344506
v 0.347380 0.733345 -6.349635
v 0.275923 0.626285 -6.353062
v 0.250837 0.500000 -6.354265
v 0.275918 0.373714 -6.353062
v 0.347380 0.266655 -6.349635
v 0.454312 0.195120 -6.344507
v 0.580459 0.170000 -6.338457
v 0.706601 0.195120 -6.332408
v 0.813538 0.266655 -6.327280
v 0.884995 0.373714 -6.323853
v 0.910076 0.500000 -6.322650
v 0.884990 0.626285 -6.323853
v 0.813538 0.733345 -6.327280
v 0.706596 0.804880 -6.332409
v 0.580459 0.830000 -6.338457
vt 0.0000 0.0000
vt 0.0000 0.0000
vt 0.0000 0.0000
vt 0.0000 0.0000
vt 0.0000 0.0000
vt 0.0000 0.0000
vt 0.0000 0.0000
vt 0.0000 0.0000
vt 0.0000 0.0000
vt 0.0000 0.0000
vt 0.0000 0.0000
vt 0.0000 0.0000
vt 0.0000 0.0000
vt 0.0000 0.0000
vt 0.0000 0.0000
vt 0.0000 0.0000
vt 0.0000 0.0000
vt 0.0000 0.0000
vt 0.0000 0.0000
vt 0.0000 0.0000
vt 0.0000 0.0000
vt 0.0000 0.0000
vt 0.0000 0.0000
vt 0.0000 0.0000
vt 0.0000 0.0000
vt 0.0000 0.0000
vt 0.0000 0.0000
vt 0.0000 0.0000
vt 0.0000 0.0000
vt 0.0000 0.0000
vt 0.0000 0.0000
vt 0.0000 0.0000
vn -0.3852 0.9228 -0.0093
vn -0.7085 0.7055 -0.0171
vn -0.9241 0.3815 -0.0223
vn -0.9997 0.0000 -0.0241
vn -0.9241 -0.3815 -0.0223
vn -0.7085 -0.7055 -0.0171
vn -0.3852 -0.9228 -0.0093
vn -0.0030 -1.0000 -0.0001
vn 0.3801 -0.9249 0.0092
vn 0.7055 -0.7085 0.0170
vn 0.9232 -0.3836 0.0223
vn 0.9997 0.0000 0.0241
vn 0.9232 0.3836 0.0223
vn 0.9232 0.3836 0.0222
vn 0.7055 0.7085 0.0170
vn 0.3801 0.9249 0.0092
vn -0.0030 1.0000 -0.0001
usemtl None
s 1
f 642/641/402 657/642/402 658/643/403 643/644/403
f 643/644/403 658/643/403 659/645/404 644/646/404
f 644/646/404 659/645/404 660/647/405 645/648/405
f 645/648/405 660/647/405 661/649/406 646/650/406
f 646/650/406 661/649/406 662/651/407 647/652/407
f 647/652/407 662/651/407 663/653/408 648/654/408
f 648/654/408 663/653/408 664/655/409 649/656/409
f 649/656/409 664/655/409 665/657/410 650/658/410
f 650/658/410 665/657/410 666/659/411 651/660/411
f 651/660/411 666/659/411 667/661/412 652/662/412
f 652/662/412 667/661/412 668/663/413 653/664/413
f 653/664/413 668/663/413 669/665/414 654/666/415
f 654/666/415 669/665/414 670/667/416 655/668/416
f 655/668/416 670/667/416 671/669/417 656/670/417
f 656/670/417 671/669/417 672/671/418 641/672/418
f 641/672/418 672/671/418 657/642/402 642/641/402
o Circle.016
v 0.500000 0.830000 -3.000000
v 0.373712 0.804880 -3.000000
v 0.266654 0.733345 -3.000000
v 0.195117 0.626286 -3.000000
v 0.170000 0.500000 -3.000000
v 0.195117 0.373714 -3.000000
v 0.266654 0.266655 -3.000000
v 0.373712 0.195120 -3.000000
v 0.500000 0.170000 -3.000000
v 0.626288 0.195120 -3.000000
v 0.733346 0.266655 -3.000000
v 0.804883 0.373714 -3.000000
v 0.830000 0.500000 -3.000000
v 0.804883 0.626286 -3.000000
v 0.733346 0.733345 -3.000000
v 0.626288 0.804880 -3.000000
v 0.500000 0.830000 0.000000
v 0.373712 0.804880 0.000000
v 0.266654 0.733345 0.000000
v 0.195117 0.626286 0.000000
v 0.170000 0.500000 0.000000
v 0.195117 0.373714 0.000000
v 0.266654 0.266655 0.000000
v 0.373712 0.195120 0.000000
v 0.500000 0.170000 0.000000
v 0.626288 0.195120 0.000000
v 0.733346 0.266655 0.000000
v 0.804883 0.373714 0.000000
v 0.830000 0.500000 0.000000
v 0.804883 0.626286 0.000000
v 0.733346 0.733345 0.000000
v 0.626288 0.804880 0.000000
vt 0.0000 0.0000
vt 0.0000 0.0000
vt 0.0000 0.0000
vt 0.0000 0.0000
vt 0.0000 0.0000
vt 0.0000 0.0000
vt 0.0000 0.0000
vt 0.0000 0.0000
vt 0.0000 0.0000
vt 0.0000 0.0000
vt 0.0000 0.0000
vt 0.0000 0.0000
vt 0.0000 0.0000
vt 0.0000 0.0000
vt 0.0000 0.0000
vt 0.0000 0.0000
vt 0.0000 0.0000
vt 0.0000 0.0000
vt 0.0000 0.0000
vt 0.0000 0.0000
vt 0.0000 0.0000
vt 0.0000 0.0000
vt 0.0000 0.0000
vt 0.0000 0.0000
vt 0.0000 0.0000
vt 0.0000 0.0000
vt 0.0000 0.0000
vt 0.0000 0.0000
vt 0.0000 0.0000
vt 0.0000 0.0000
vt 0.0000 0.0000
vt 0.0000 0.0000
vn 0.9239 0.3827 0.0000
vn 0.7071 0.7071 0.0000
vn -0.0000 1.0000 0.0000
vn -0.3827 0.9239 0.0000
vn 0.3827 0.9239 0.0000
vn -0.7071 0.7071 0.0000
vn -0.9239 0.3827 0.0000
vn -1.0000 -0.0000 0.0000
vn -0.9239 -0.3827 0.0000
vn -0.7071 -0.7071 0.0000
vn -0.3827 -0.9239 0.0000
vn -0.0000 -1.0000 0.0000
vn 0.3827 -0.9239 0.0000
vn 0.7071 -0.7071 0.0000
vn 0.9239 -0.3827 0.0000
vn 1.0000 -0.0000 0.0000
usemtl None
s 1
f 686/673/419 687/674/420 703/675/420 702/676/419
f 673/677/421 674/678/422 690/679/422 689/680/421
f 687/674/420 688/681/423 704/682/423 703/675/420
f 674/678/422 675/683/424 691/684/424 690/679/422
f 688/681/423 673/677/421 689/680/421 704/682/423
f 675/683/424 676/685/425 692/686/425 691/684/424
f 676/685/425 677/687/426 693/688/426 692/686/425
f 677/687/426 678/689/427 694/690/427 693/688/426
f 678/689/427 679/691/428 695/692/428 694/690/427
f 679/691/428 680/693/429 696/694/429 695/692/428
f 680/693/429 681/695/430 697/696/430 696/694/429
f 681/695/430 682/697/431 698/698/431 697/696/430
f 682/697/431 683/699/432 699/700/432 698/698/431
f 683/699/432 684/701/433 700/702/433 699/700/432
f 684/701/433 685/703/434 701/704/434 700/702/433
f 685/703/434 686/673/419 702/676/419 701/704/434
o Circle.015
v 21.401846 0.804869 -42.003918
v 19.674337 0.804867 -39.571568
v 19.585640 0.733332 -39.631523
v 21.316034 0.733334 -42.067944
v 19.526369 0.626272 -39.671589
v 21.258701 0.626274 -42.110729
v 19.505566 0.499987 -39.685650
v 21.238571 0.499989 -42.125744
v 19.526371 0.373701 -39.671589
v 21.258699 0.373703 -42.110725
v 19.585640 0.266642 -39.631519
v 21.316040 0.266643 -42.067944
v 19.674334 0.195107 -39.571568
v 21.401838 0.195108 -42.003922
v 19.778963 0.169987 -39.500847
v 21.503057 0.169989 -41.928398
v 19.883598 0.195107 -39.430119
v 21.604282 0.195108 -41.852871
v 19.972286 0.266642 -39.370174
v 21.690077 0.266643 -41.788849
v 20.031559 0.373701 -39.330105
v 21.747417 0.373703 -41.746063
v 20.052366 0.499987 -39.316044
v 21.767550 0.499989 -41.731045
v 20.031559 0.626273 -39.330105
v 21.747417 0.626274 -41.746063
v 19.972290 0.733332 -39.370171
v 21.690081 0.733334 -41.788849
v 19.883593 0.804867 -39.430126
v 21.604277 0.804869 -41.852871
v 19.778963 0.829987 -39.500843
v 21.503059 0.829989 -41.928394
vt 0.0000 0.0000
vt 0.0000 0.0000
vt 0.0000 0.0000
vt 0.0000 0.0000
vt 0.0000 0.0000
vt 0.0000 0.0000
vt 0.0000 0.0000
vt 0.0000 0.0000
vt 0.0000 0.0000
vt 0.0000 0.0000
vt 0.0000 0.0000
vt 0.0000 0.0000
vt 0.0000 0.0000
vt 0.0000 0.0000
vt 0.0000 0.0000
vt 0.0000 0.0000
vt 0.0000 0.0000
vt 0.0000 0.0000
vt 0.0000 0.0000
vt 0.0000 0.0000
vt 0.0000 0.0000
vt 0.0000 0.0000
vt 0.0000 0.0000
vt 0.0000 0.0000
vt 0.0000 0.0000
vt 0.0000 0.0000
vt 0.0000 0.0000
vt 0.0000 0.0000
vt 0.0000 0.0000
vt 0.0000 0.0000
vt 0.0000 0.0000
vt 0.0000 0.0000
vn -0.5777 0.7056 -0.4103
vn -0.3141 0.9228 -0.2231
vn -0.5778 0.7056 -0.4103
vn -0.7536 0.3816 -0.5352
vn -0.7536 0.3815 -0.5352
vn -0.8153 -0.0000 -0.5790
vn -0.7536 -0.3816 -0.5352
vn -0.5777 -0.7056 -0.4103
vn -0.5778 -0.7056 -0.4103
vn -0.3141 -0.9228 -0.2231
vn -0.0024 -1.0000 -0.0017
vn 0.3101 -0.9249 0.2202
vn 0.5754 -0.7085 0.4087
vn 0.5754 -0.7085 0.4086
vn 0.7529 -0.3836 0.5347
vn 0.8153 -0.0000 0.5790
vn 0.7529 0.3836 0.5347
vn 0.5754 0.7085 0.4087
vn 0.5754 0.7085 0.4086
vn 0.3101 0.9249 0.2202
vn 0.3100 0.9249 0.2202
vn -0.0023 1.0000 -0.0017
vn -0.0024 1.0000 -0.0017
usemtl None
s 1
f 707/705/435 706/706/436 705/707/436 708/708/437
f 709/709/438 707/705/435 708/708/437 710/710/439
f 711/711/440 709/709/438 710/710/439 712/712/440
f 713/713/441 711/711/440 712/712/440 714/714/441
f 715/715/442 713/713/441 714/714/441 716/716/443
f 717/717/444 715/715/442 716/716/443 718/718/444
f 719/719/445 717/717/444 718/718/444 720/720/445
f 721/721/446 719/719/445 720/720/445 722/722/446
f 723/723/447 721/721/446 722/722/446 724/724/448
f 725/725/449 723/723/447 724/724/448 726/726/449
f 727/727/450 725/725/449 726/726/449 728/728/450
f 729/729/451 727/727/450 728/728/450 730/730/451
f 731/731/452 729/729/451 730/730/451 732/732/453
f 733/733/454 731/731/452 732/732/453 734/734/455
f 735/735/456 733/733/454 734/734/455 736/736/457
f 706/706/436 735/735/456 736/736/457 705/707/436
o Circle.014
v 19.674337 0.804867 -39.571568
v 18.059923 0.804866 -37.059685
v 17.968557 0.733331 -37.115494
v 19.585640 0.733332 -39.631523
v 17.907503 0.626272 -37.152786
v 19.526369 0.626272 -39.671589
v 17.886072 0.499986 -37.165878
v 19.505566 0.499987 -39.685650
v 17.907503 0.373701 -37.152786
v 19.526371 0.373701 -39.671589
v 17.968554 0.266641 -37.115494
v 19.585640 0.266642 -39.631519
v 18.059916 0.195106 -37.059689
v 19.674334 0.195107 -39.571568
v 18.167688 0.169986 -36.993851
v 19.778963 0.169987 -39.500847
v 18.275465 0.195106 -36.928020
v 19.883598 0.195107 -39.430119
v 18.366823 0.266641 -36.872215
v 19.972286 0.266642 -39.370174
v 18.427877 0.373701 -36.834923
v 20.031559 0.373701 -39.330105
v 18.449308 0.499986 -36.821831
v 20.052366 0.499987 -39.316044
v 18.427877 0.626272 -36.834923
v 20.031559 0.626273 -39.330105
v 18.366823 0.733332 -36.872215
v 19.972290 0.733332 -39.370171
v 18.275461 0.804867 -36.928024
v 19.883593 0.804867 -39.430126
v 18.167688 0.829986 -36.993855
v 19.778963 0.829987 -39.500843
vt 0.0000 0.0000
vt 0.0000 0.0000
vt 0.0000 0.0000
vt 0.0000 0.0000
vt 0.0000 0.0000
vt 0.0000 0.0000
vt 0.0000 0.0000
vt 0.0000 0.0000
vt 0.0000 0.0000
vt 0.0000 0.0000
vt 0.0000 0.0000
vt 0.0000 0.0000
vt 0.0000 0.0000
vt 0.0000 0.0000
vt 0.0000 0.0000
vt 0.0000 0.0000
vt 0.0000 0.0000
vt 0.0000 0.0000
vt 0.0000 0.0000
vt 0.0000 0.0000
vt 0.0000 0.0000
vt 0.0000 0.0000
vt 0.0000 0.0000
vt 0.0000 0.0000
vt 0.0000 0.0000
vt 0.0000 0.0000
vt 0.0000 0.0000
vt 0.0000 0.0000
vt 0.0000 0.0000
vt 0.0000 0.0000
vt 0.0000 0.0000
vt 0.0000 0.0000
vn -0.5961 0.7056 -0.3831
vn -0.3240 0.9228 -0.2083
vn -0.3241 0.9228 -0.2083
vn -0.7776 0.3816 -0.4998
vn -0.8412 -0.0000 -0.5407
vn -0.7776 -0.3816 -0.4998
vn -0.5961 -0.7056 -0.3831
vn -0.3240 -0.9228 -0.2083
vn -0.3241 -0.9228 -0.2083
vn -0.0024 -1.0000 -0.0015
vn -0.0024 -1.0000 -0.0016
vn 0.3200 -0.9248 0.2056
vn 0.3199 -0.9249 0.2056
vn 0.5937 -0.7084 0.3816
vn 0.5937 -0.7085 0.3816
vn 0.7769 -0.3836 0.4993
vn 0.8412 0.0000 0.5407
vn 0.7769 0.3836 0.4993
vn 0.5937 0.7084 0.3816
vn 0.5937 0.7085 0.3816
vn 0.3200 0.9248 0.2056
vn 0.3199 0.9249 0.2056
vn -0.0024 1.0000 -0.0015
vn -0.0024 1.0000 -0.0016
usemtl None
s 1
f 739/737/458 738/738/459 737/739/460 740/740/458
f 741/741/461 739/737/458 740/740/458 742/742/461
f 743/743/462 741/741/461 742/742/461 744/744/462
f 745/745/463 743/743/462 744/744/462 746/746/463
f 747/747/464 745/745/463 746/746/463 748/748/464
f 749/749/465 747/747/464 748/748/464 750/750/466
f 751/751/467 749/749/465 750/750/466 752/752/468
f 753/753/469 751/751/467 752/752/468 754/754/470
f 755/755/471 753/753/469 754/754/470 756/756/472
f 757/757/473 755/755/471 756/756/472 758/758/473
f 759/759/474 757/757/473 758/758/473 760/760/474
f 761/761/475 759/759/474 760/760/474 762/762/475
f 763/763/476 761/761/475 762/762/475 764/764/477
f 765/765/478 763/763/476 764/764/477 766/766/479
f 767/767/480 765/765/478 766/766/479 768/768/481
f 738/738/459 767/767/480 768/768/481 737/739/460
o Circle.013
v 18.059923 0.804866 -37.059685
v 16.560957 0.804866 -34.474556
v 16.467154 0.733331 -34.526150
v 17.968557 0.733331 -37.115494
v 16.404467 0.626272 -34.560623
v 17.907503 0.626272 -37.152786
v 16.382458 0.499986 -34.572727
v 17.886072 0.499986 -37.165878
v 16.404463 0.373700 -34.560623
v 17.907503 0.373701 -37.152786
v 16.467148 0.266641 -34.526146
v 17.968554 0.266641 -37.115494
v 16.560955 0.195106 -34.474560
v 18.059916 0.195106 -37.059689
v 16.671616 0.169986 -34.413704
v 18.167688 0.169986 -36.993851
v 16.782278 0.195106 -34.352844
v 18.275465 0.195106 -36.928020
v 16.876078 0.266641 -34.301258
v 18.366823 0.266641 -36.872215
v 16.938768 0.373700 -34.266785
v 18.427877 0.373701 -36.834923
v 16.960773 0.499986 -34.254684
v 18.449308 0.499986 -36.821831
v 16.938768 0.626272 -34.266785
v 18.427877 0.626272 -36.834923
v 16.876083 0.733331 -34.301262
v 18.366823 0.733332 -36.872215
v 16.782274 0.804866 -34.352852
v 18.275461 0.804867 -36.928024
v 16.671616 0.829986 -34.413704
v 18.167688 0.829986 -36.993855
vt 0.0000 0.0000
vt 0.0000 0.0000
vt 0.0000 0.0000
vt 0.0000 0.0000
vt 0.0000 0.0000
vt 0.0000 0.0000
vt 0.0000 0.0000
vt 0.0000 0.0000
vt 0.0000 0.0000
vt 0.0000 0.0000
vt 0.0000 0.0000
vt 0.0000 0.0000
vt 0.0000 0.0000
vt 0.0000 0.0000
vt 0.0000 0.0000
vt 0.0000 0.0000
vt 0.0000 0.0000
vt 0.0000 0.0000
vt 0.0000 0.0000
vt 0.0000 0.0000
vt 0.0000 0.0000
vt 0.0000 0.0000
vt 0.0000 0.0000
vt 0.0000 0.0000
vt 0.0000 0.0000
vt 0.0000 0.0000
vt 0.0000 0.0000
vt 0.0000 0.0000
vt 0.0000 0.0000
vt 0.0000 0.0000
vt 0.0000 0.0000
vt 0.0000 0.0000
vn -0.6130 0.7056 -0.3554
vn -0.3332 0.9228 -0.1932
vn -0.7996 0.3816 -0.4637
vn -0.8651 0.0000 -0.5016
vn -0.7996 -0.3816 -0.4637
vn -0.6130 -0.7056 -0.3554
vn -0.3332 -0.9228 -0.1932
vn -0.0024 -1.0000 -0.0014
vn -0.0025 -1.0000 -0.0014
vn 0.3291 -0.9248 0.1908
vn 0.3290 -0.9248 0.1908
vn 0.6106 -0.7084 0.3540
vn 0.7989 -0.3836 0.4632
vn 0.8651 0.0000 0.5016
vn 0.7989 0.3836 0.4632
vn 0.6106 0.7084 0.3540
vn 0.6105 0.7085 0.3540
vn 0.3290 0.9248 0.1908
vn -0.0024 1.0000 -0.0014
vn -0.0025 1.0000 -0.0014
usemtl None
s 1
f 771/769/482 770/770/483 769/771/483 772/772/482
f 773/773/484 771/769/482 772/772/482 774/774/484
f 775/775/485 773/773/484 774/774/484 776/776/485
f 777/777/486 775/775/485 776/776/485 778/778/486
f 779/779/487 777/777/486 778/778/486 780/780/487
f 781/781/488 779/779/487 780/780/487 782/782/488
f 783/783/489 781/781/488 782/782/488 784/784/490
f 785/785/491 783/783/489 784/784/490 786/786/492
f 787/787/493 785/785/491 786/786/492 788/788/493
f 789/789/494 787/787/493 788/788/493 790/790/494
f 791/791/495 789/789/494 790/790/494 792/792/495
f 793/793/496 791/791/495 792/792/495 794/794/496
f 795/795/497 793/793/496 794/794/496 796/796/498
f 797/797/499 795/795/497 796/796/498 798/798/499
f 799/799/500 797/797/499 798/798/499 800/800/501
f 770/770/483 799/799/500 800/800/501 769/771/483
o Circle.012
v 16.560957 0.804866 -34.474556
v 15.179841 0.804867 -31.822466
v 15.083797 0.733332 -31.869766
v 16.467154 0.733331 -34.526150
v 15.019615 0.626272 -31.901373
v 16.404467 0.626272 -34.560623
v 14.997084 0.499986 -31.912470
v 16.382458 0.499986 -34.572727
v 15.019617 0.373701 -31.901373
v 16.404463 0.373700 -34.560623
v 15.083798 0.266641 -31.869766
v 16.467148 0.266641 -34.526146
v 15.179839 0.195106 -31.822470
v 16.560955 0.195106 -34.474560
v 15.293130 0.169987 -31.766670
v 16.671616 0.169986 -34.413704
v 15.406434 0.195106 -31.710875
v 16.782278 0.195106 -34.352844
v 15.502467 0.266641 -31.663578
v 16.876078 0.266641 -34.301258
v 15.566648 0.373701 -31.631968
v 16.938768 0.373700 -34.266785
v 15.589176 0.499987 -31.620874
v 16.960773 0.499986 -34.254684
v 15.566648 0.626272 -31.631971
v 16.938768 0.626272 -34.266785
v 15.502467 0.733332 -31.663578
v 16.876083 0.733331 -34.301262
v 15.406426 0.804867 -31.710878
v 16.782274 0.804866 -34.352852
v 15.293130 0.829987 -31.766672
v 16.671616 0.829986 -34.413704
vt 0.0000 0.0000
vt 0.0000 0.0000
vt 0.0000 0.0000
vt 0.0000 0.0000
vt 0.0000 0.0000
vt 0.0000 0.0000
vt 0.0000 0.0000
vt 0.0000 0.0000
vt 0.0000 0.0000
vt 0.0000 0.0000
vt 0.0000 0.0000
vt 0.0000 0.0000
vt 0.0000 0.0000
vt 0.0000 0.0000
vt 0.0000 0.0000
vt 0.0000 0.0000
vt 0.0000 0.0000
vt 0.0000 0.0000
vt 0.0000 0.0000
vt 0.0000 0.0000
vt 0.0000 0.0000
vt 0.0000 0.0000
vt 0.0000 0.0000
vt 0.0000 0.0000
vt 0.0000 0.0000
vt 0.0000 0.0000
vt 0.0000 0.0000
vt 0.0000 0.0000
vt 0.0000 0.0000
vt 0.0000 0.0000
vt 0.0000 0.0000
vt 0.0000 0.0000
vn -0.6285 0.7056 -0.3273
vn -0.3416 0.9229 -0.1779
vn -0.3416 0.9228 -0.1779
vn -0.8198 0.3816 -0.4269
vn -0.8869 0.0000 -0.4619
vn -0.8198 -0.3816 -0.4269
vn -0.6285 -0.7056 -0.3273
vn -0.3416 -0.9229 -0.1779
vn -0.3416 -0.9228 -0.1779
vn -0.0025 -1.0000 -0.0013
vn 0.3374 -0.9248 0.1757
vn 0.6260 -0.7084 0.3260
vn 0.8191 -0.3836 0.4266
vn 0.8869 0.0000 0.4619
vn 0.8191 0.3836 0.4266
vn 0.6260 0.7084 0.3260
vn 0.3374 0.9248 0.1757
vn -0.0025 1.0000 -0.0013
usemtl None
s 1
f 803/801/502 802/802/503 801/803/504 804/804/502
f 805/805/505 803/801/502 804/804/502 806/806/505
f 807/807/506 805/805/505 806/806/505 808/808/506
f 809/809/507 807/807/506 808/808/506 810/810/507
f 811/811/508 809/809/507 810/810/507 812/812/508
f 813/813/509 811/811/508 812/812/508 814/814/510
f 815/815/511 813/813/509 814/814/510 816/816/511
f 817/817/512 815/815/511 816/816/511 818/818/512
f 819/819/513 817/817/512 818/818/512 820/820/513
f 821/821/514 819/819/513 820/820/513 822/822/514
f 823/823/515 821/821/514 822/822/514 824/824/515
f 825/825/516 823/823/515 824/824/515 826/826/516
f 827/827/517 825/825/516 826/826/516 828/828/517
f 829/829/518 827/827/517 828/828/517 830/830/518
f 831/831/519 829/829/518 830/830/518 832/832/519
f 802/802/503 831/831/519 832/832/519 801/803/504
o Circle.011
v 15.179841 0.804867 -31.822466
v 13.918932 0.804868 -29.109695
v 13.820860 0.733333 -29.152634
v 15.083797 0.733332 -31.869766
v 13.755326 0.626273 -29.181324
v 15.019615 0.626272 -31.901373
v 13.732317 0.499988 -29.191401
v 14.997084 0.499986 -31.912470
v 13.755324 0.373702 -29.181326
v 15.019617 0.373701 -31.901373
v 13.820863 0.266642 -29.152632
v 15.083798 0.266641 -31.869766
v 13.918927 0.195107 -29.109697
v 15.179839 0.195106 -31.822470
v 14.034616 0.169988 -29.059044
v 15.293130 0.169987 -31.766670
v 14.150306 0.195107 -29.008394
v 15.406434 0.195106 -31.710875
v 14.248368 0.266642 -28.965456
v 15.502467 0.266641 -31.663578
v 14.313913 0.373702 -28.936766
v 15.566648 0.373701 -31.631968
v 14.336910 0.499988 -28.926695
v 15.589176 0.499987 -31.620874
v 14.313907 0.626273 -28.936768
v 15.566648 0.626272 -31.631971
v 14.248370 0.733333 -28.965458
v 15.502467 0.733332 -31.663578
v 14.150304 0.804868 -29.008396
v 15.406426 0.804867 -31.710878
v 14.034616 0.829988 -29.059044
v 15.293130 0.829987 -31.766672
vt 0.0000 0.0000
vt 0.0000 0.0000
vt 0.0000 0.0000
vt 0.0000 0.0000
vt 0.0000 0.0000
vt 0.0000 0.0000
vt 0.0000 0.0000
vt 0.0000 0.0000
vt 0.0000 0.0000
vt 0.0000 0.0000
vt 0.0000 0.0000
vt 0.0000 0.0000
vt 0.0000 0.0000
vt 0.0000 0.0000
vt 0.0000 0.0000
vt 0.0000 0.0000
vt 0.0000 0.0000
vt 0.0000 0.0000
vt 0.0000 0.0000
vt 0.0000 0.0000
vt 0.0000 0.0000
vt 0.0000 0.0000
vt 0.0000 0.0000
vt 0.0000 0.0000
vt 0.0000 0.0000
vt 0.0000 0.0000
vt 0.0000 0.0000
vt 0.0000 0.0000
vt 0.0000 0.0000
vt 0.0000 0.0000
vt 0.0000 0.0000
vt 0.0000 0.0000
vn -0.6426 0.7056 -0.2987
vn -0.3493 0.9229 -0.1623
vn -0.8382 0.3816 -0.3896
vn -0.9068 0.0000 -0.4215
vn -0.8382 -0.3816 -0.3896
vn -0.6426 -0.7056 -0.2987
vn -0.3493 -0.9229 -0.1623
vn -0.3493 -0.9228 -0.1623
vn -0.0025 -1.0000 -0.0012
vn 0.3450 -0.9248 0.1603
vn 0.3449 -0.9248 0.1603
vn 0.6400 -0.7084 0.2975
vn 0.8375 -0.3836 0.3893
vn 0.9068 0.0000 0.4215
vn 0.8375 0.3836 0.3893
vn 0.6400 0.7084 0.2975
vn 0.3449 0.9248 0.1603
vn -0.0025 1.0000 -0.0012
usemtl None
s 1
f 835/833/520 834/834/521 833/835/521 836/836/520
f 837/837/522 835/833/520 836/836/520 838/838/522
f 839/839/523 837/837/522 838/838/522 840/840/523
f 841/841/524 839/839/523 840/840/523 842/842/524
f 843/843/525 841/841/524 842/842/524 844/844/525
f 845/845/526 843/843/525 844/844/525 846/846/527
f 847/847/528 845/845/526 846/846/527 848/848/528
f 849/849/529 847/847/528 848/848/528 850/850/530
f 851/851/531 849/849/529 850/850/530 852/852/531
f 853/853/532 851/851/531 852/852/531 854/854/532
f 855/855/533 853/853/532 854/854/532 856/856/533
f 857/857/534 855/855/533 856/856/533 858/858/534
f 859/859/535 857/857/534 858/858/534 860/860/535
f 861/861/536 859/859/535 860/860/535 862/862/536
f 863/863/537 861/861/536 862/862/536 864/864/537
f 834/834/521 863/863/537 864/864/537 833/835/521
o Circle.010
v 13.918932 0.804868 -29.109695
v 12.780621 0.804869 -26.342522
v 12.680723 0.733334 -26.381025
v 13.820860 0.733333 -29.152634
v 12.613969 0.626274 -26.406754
v 13.755326 0.626273 -29.181324
v 12.590534 0.499989 -26.415787
v 13.732317 0.499988 -29.191401
v 12.613969 0.373703 -26.406754
v 13.755324 0.373702 -29.181326
v 12.680723 0.266644 -26.381025
v 13.820863 0.266642 -29.152632
v 12.780615 0.195109 -26.342522
v 13.918927 0.195107 -29.109697
v 12.898454 0.169989 -26.297102
v 14.034616 0.169988 -29.059044
v 13.016300 0.195109 -26.251684
v 14.150306 0.195107 -29.008394
v 13.116184 0.266644 -26.213182
v 14.248368 0.266642 -28.965456
v 13.182941 0.373703 -26.187452
v 14.313913 0.373702 -28.936766
v 13.206373 0.499989 -26.178421
v 14.336910 0.499988 -28.926695
v 13.182939 0.626275 -26.187454
v 14.313907 0.626273 -28.936768
v 13.116190 0.733334 -26.213182
v 14.248370 0.733333 -28.965458
v 13.016293 0.804869 -26.251686
v 14.150304 0.804868 -29.008396
v 12.898457 0.829989 -26.297104
v 14.034616 0.829988 -29.059044
vt 0.0000 0.0000
vt 0.0000 0.0000
vt 0.0000 0.0000
vt 0.0000 0.0000
vt 0.0000 0.0000
vt 0.0000 0.0000
vt 0.0000 0.0000
vt 0.0000 0.0000
vt 0.0000 0.0000
vt 0.0000 0.0000
vt 0.0000 0.0000
vt 0.0000 0.0000
vt 0.0000 0.0000
vt 0.0000 0.0000
vt 0.0000 0.0000
vt 0.0000 0.0000
vt 0.0000 0.0000
vt 0.0000 0.0000
vt 0.0000 0.0000
vt 0.0000 0.0000
vt 0.0000 0.0000
vt 0.0000 0.0000
vt 0.0000 0.0000
vt 0.0000 0.0000
vt 0.0000 0.0000
vt 0.0000 0.0000
vt 0.0000 0.0000
vt 0.0000 0.0000
vt 0.0000 0.0000
vt 0.0000 0.0000
vt 0.0000 0.0000
vt 0.0000 0.0000
vn -0.6553 0.7056 -0.2696
vn -0.3562 0.9229 -0.1465
vn -0.8548 0.3816 -0.3516
vn -0.9248 0.0000 -0.3804
vn -0.8548 -0.3816 -0.3516
vn -0.6553 -0.7056 -0.2696
vn -0.3562 -0.9229 -0.1465
vn -0.0026 -1.0000 -0.0011
vn 0.3518 -0.9248 0.1447
vn 0.6527 -0.7084 0.2685
vn 0.8541 -0.3836 0.3513
vn 0.9248 0.0000 0.3804
vn 0.8541 0.3836 0.3513
vn 0.6527 0.7084 0.2685
vn 0.3518 0.9248 0.1447
vn -0.0026 1.0000 -0.0011
usemtl None
s 1
f 867/865/538 866/866/539 865/867/539 868/868/538
f 869/869/540 867/865/538 868/868/538 870/870/540
f 871/871/541 869/869/540 870/870/540 872/872/541
f 873/873/542 871/871/541 872/872/541 874/874/542
f 875/875/543 873/873/542 874/874/542 876/876/543
f 877/877/544 875/875/543 876/876/543 878/878/544
f 879/879/545 877/877/544 878/878/544 880/880/545
f 881/881/546 879/879/545 880/880/545 882/882/546
f 883/883/547 881/881/546 882/882/546 884/884/547
f 885/885/548 883/883/547 884/884/547 886/886/548
f 887/887/549 885/885/548 886/886/548 888/888/549
f 889/889/550 887/887/549 888/888/549 890/890/550
f 891/891/551 889/889/550 890/890/550 892/892/551
f 893/893/552 891/891/551 892/892/551 894/894/552
f 895/895/553 893/893/552 894/894/552 896/896/553
f 866/866/539 895/895/553 896/896/553 865/867/539
o Circle.009
v 12.780621 0.804869 -26.342522
v 11.767287 0.804871 -23.527222
v 11.665766 0.733336 -23.561214
v 12.680723 0.733334 -26.381025
v 11.597929 0.626276 -23.583929
v 12.613969 0.626274 -26.406754
v 11.574112 0.499991 -23.591904
v 12.590534 0.499989 -26.415787
v 11.597927 0.373705 -23.583929
v 12.613969 0.373703 -26.406754
v 11.665769 0.266645 -23.561214
v 12.680723 0.266644 -26.381025
v 11.767282 0.195110 -23.527224
v 12.780615 0.195109 -26.342522
v 11.887039 0.169991 -23.487125
v 12.898454 0.169989 -26.297102
v 12.006796 0.195110 -23.447029
v 13.016300 0.195109 -26.251684
v 12.108313 0.266645 -23.413036
v 13.116184 0.266644 -26.213182
v 12.176151 0.373705 -23.390322
v 13.182941 0.373703 -26.187452
v 12.199965 0.499991 -23.382349
v 13.206373 0.499989 -26.178421
v 12.176147 0.626276 -23.390326
v 13.182939 0.626275 -26.187454
v 12.108310 0.733336 -23.413036
v 13.116190 0.733334 -26.213182
v 12.006791 0.804871 -23.447031
v 13.016293 0.804869 -26.251686
v 11.887039 0.829991 -23.487125
v 12.898457 0.829989 -26.297104
vt 0.0000 0.0000
vt 0.0000 0.0000
vt 0.0000 0.0000
vt 0.0000 0.0000
vt 0.0000 0.0000
vt 0.0000 0.0000
vt 0.0000 0.0000
vt 0.0000 0.0000
vt 0.0000 0.0000
vt 0.0000 0.0000
vt 0.0000 0.0000
vt 0.0000 0.0000
vt 0.0000 0.0000
vt 0.0000 0.0000
vt 0.0000 0.0000
vt 0.0000 0.0000
vt 0.0000 0.0000
vt 0.0000 0.0000
vt 0.0000 0.0000
vt 0.0000 0.0000
vt 0.0000 0.0000
vt 0.0000 0.0000
vt 0.0000 0.0000
vt 0.0000 0.0000
vt 0.0000 0.0000
vt 0.0000 0.0000
vt 0.0000 0.0000
vt 0.0000 0.0000
vt 0.0000 0.0000
vt 0.0000 0.0000
vt 0.0000 0.0000
vt 0.0000 0.0000
vn -0.6667 0.7056 -0.2400
vn -0.3624 0.9229 -0.1304
vn -0.8697 0.3816 -0.3130
vn -0.9409 0.0000 -0.3387
vn -0.8697 -0.3816 -0.3130
vn -0.6667 -0.7056 -0.2400
vn -0.3624 -0.9229 -0.1304
vn -0.0026 -1.0000 -0.0009
vn 0.3579 -0.9248 0.1288
vn 0.6641 -0.7084 0.2390
vn 0.8689 -0.3836 0.3128
vn 0.9409 0.0000 0.3387
vn 0.8689 0.3836 0.3128
vn 0.6641 0.7084 0.2390
vn 0.3579 0.9248 0.1288
vn -0.0026 1.0000 -0.0009
usemtl None
s 1
f 899/897/554 898/898/555 897/899/555 900/900/554
f 901/901/556 899/897/554 900/900/554 902/902/556
f 903/903/557 901/901/556 902/902/556 904/904/557
f 905/905/558 903/903/557 904/904/557 906/906/558
f 907/907/559 905/905/558 906/906/558 908/908/559
f 909/909/560 907/907/559 908/908/559 910/910/560
f 911/911/561 909/909/560 910/910/560 912/912/561
f 913/913/562 911/911/561 912/912/561 914/914/562
f 915/915/563 913/913/562 914/914/562 916/916/563
f 917/917/564 915/915/563 916/916/563 918/918/564
f 919/919/565 917/917/564 918/918/564 920/920/565
f 921/921/566 919/919/565 920/920/565 922/922/566
f 923/923/567 921/921/566 922/922/566 924/924/567
f 925/925/568 923/923/567 924/924/567 926/926/568
f 927/927/569 925/925/568 926/926/568 928/928/569
f 898/898/555 927/927/569 928/928/569 897/899/555
o Circle.008
v 11.767287 0.804871 -23.527222
v 10.881304 0.804873 -20.670080
v 10.778359 0.733338 -20.699482
v 11.665766 0.733336 -23.561214
v 10.709574 0.626278 -20.719128
v 11.597929 0.626276 -23.583929
v 10.685422 0.499992 -20.726027
v 11.574112 0.499991 -23.591904
v 10.709571 0.373707 -20.719128
v 11.597927 0.373705 -23.583929
v 10.778359 0.266647 -20.699480
v 11.665769 0.266645 -23.561214
v 10.881301 0.195112 -20.670082
v 11.767282 0.195110 -23.527224
v 11.002735 0.169992 -20.635399
v 11.887039 0.169991 -23.487125
v 11.124171 0.195112 -20.600718
v 12.006796 0.195110 -23.447029
v 11.227107 0.266647 -20.571316
v 12.108313 0.266645 -23.413036
v 11.295898 0.373707 -20.551670
v 12.176151 0.373705 -23.390322
v 11.320044 0.499992 -20.544775
v 12.199965 0.499991 -23.382349
v 11.295894 0.626278 -20.551670
v 12.176147 0.626276 -23.390326
v 11.227105 0.733338 -20.571316
v 12.108310 0.733336 -23.413036
v 11.124166 0.804873 -20.600719
v 12.006791 0.804871 -23.447031
v 11.002732 0.829992 -20.635399
v 11.887039 0.829991 -23.487125
vt 0.0000 0.0000
vt 0.0000 0.0000
vt 0.0000 0.0000
vt 0.0000 0.0000
vt 0.0000 0.0000
vt 0.0000 0.0000
vt 0.0000 0.0000
vt 0.0000 0.0000
vt 0.0000 0.0000
vt 0.0000 0.0000
vt 0.0000 0.0000
vt 0.0000 0.0000
vt 0.0000 0.0000
vt 0.0000 0.0000
vt 0.0000 0.0000
vt 0.0000 0.0000
vt 0.0000 0.0000
vt 0.0000 0.0000
vt 0.0000 0.0000
vt 0.0000 0.0000
vt 0.0000 0.0000
vt 0.0000 0.0000
vt 0.0000 0.0000
vt 0.0000 0.0000
vt 0.0000 0.0000
vt 0.0000 0.0000
vt 0.0000 0.0000
vt 0.0000 0.0000
vt 0.0000 0.0000
vt 0.0000 0.0000
vt 0.0000 0.0000
vt 0.0000 0.0000
vn -0.6768 0.7056 -0.2099
vn -0.3679 0.9229 -0.1141
vn -0.8828 0.3816 -0.2738
vn -0.9551 0.0000 -0.2962
vn -0.8828 -0.3816 -0.2738
vn -0.6768 -0.7056 -0.2099
vn -0.3679 -0.9229 -0.1141
vn -0.0027 -1.0000 -0.0008
vn 0.3633 -0.9248 0.1127
vn 0.6741 -0.7084 0.2090
vn 0.8821 -0.3836 0.2735
vn 0.9551 0.0000 0.2962
vn 0.8821 0.3836 0.2735
vn 0.6741 0.7084 0.2090
vn 0.3633 0.9248 0.1127
vn -0.0027 1.0000 -0.0008
usemtl None
s 1
f 931/929/570 930/930/571 929/931/571 932/932/570
f 933/933/572 931/929/570 932/932/570 934/934/572
f 935/935/573 933/933/572 934/934/572 936/936/573
f 937/937/574 935/935/573 936/936/573 938/938/574
f 939/939/575 937/937/574 938/938/574 940/940/575
f 941/941/576 939/939/575 940/940/575 942/942/576
f 943/943/577 941/941/576 942/942/576 944/944/577
f 945/945/578 943/943/577 944/944/577 946/946/578
f 947/947/579 945/945/578 946/946/578 948/948/579
f 949/949/580 947/947/579 948/948/579 950/950/580
f 951/951/581 949/949/580 950/950/580 952/952/581
f 953/953/582 951/951/581 952/952/581 954/954/582
f 955/955/583 953/953/582 954/954/582 956/956/583
f 957/957/584 955/955/583 956/956/583 958/958/584
f 959/959/585 957/957/584 958/958/584 960/960/585
f 930/930/571 959/959/585 960/960/585 929/931/571
o Circle.007
v 10.881304 0.804873 -20.670080
v 10.125078 0.804874 -17.777367
v 10.020911 0.733339 -17.802094
v 10.778359 0.733338 -20.699482
v 9.951306 0.626280 -17.818617
v 10.709574 0.626278 -20.719128
v 9.926865 0.499994 -17.824419
v 10.685422 0.499992 -20.726027
v 9.951304 0.373709 -17.818617
v 10.709571 0.373707 -20.719128
v 10.020911 0.266649 -17.802094
v 10.778359 0.266647 -20.699480
v 10.125068 0.195114 -17.777367
v 10.881301 0.195112 -20.670082
v 10.247947 0.169994 -17.748199
v 11.002735 0.169992 -20.635399
v 10.370821 0.195114 -17.719030
v 11.124171 0.195112 -20.600718
v 10.474980 0.266649 -17.694305
v 11.227107 0.266647 -20.571316
v 10.544587 0.373709 -17.677782
v 11.295898 0.373707 -20.551670
v 10.569024 0.499994 -17.671984
v 11.320044 0.499992 -20.544775
v 10.544582 0.626280 -17.677784
v 11.295894 0.626278 -20.551670
v 10.474983 0.733340 -17.694305
v 11.227105 0.733338 -20.571316
v 10.370816 0.804875 -17.719032
v 11.124166 0.804873 -20.600719
v 10.247947 0.829994 -17.748199
v 11.002732 0.829992 -20.635399
vt 0.0000 0.0000
vt 0.0000 0.0000
vt 0.0000 0.0000
vt 0.0000 0.0000
vt 0.0000 0.0000
vt 0.0000 0.0000
vt 0.0000 0.0000
vt 0.0000 0.0000
vt 0.0000 0.0000
vt 0.0000 0.0000
vt 0.0000 0.0000
vt 0.0000 0.0000
vt 0.0000 0.0000
vt 0.0000 0.0000
vt 0.0000 0.0000
vt 0.0000 0.0000
vt 0.0000 0.0000
vt 0.0000 0.0000
vt 0.0000 0.0000
vt 0.0000 0.0000
vt 0.0000 0.0000
vt 0.0000 0.0000
vt 0.0000 0.0000
vt 0.0000 0.0000
vt 0.0000 0.0000
vt 0.0000 0.0000
vt 0.0000 0.0000
vt 0.0000 0.0000
vt 0.0000 0.0000
vt 0.0000 0.0000
vt 0.0000 0.0000
vt 0.0000 0.0000
vn -0.6856 0.7056 -0.1792
vn -0.3726 0.9229 -0.0974
vn -0.6855 0.7056 -0.1792
vn -0.8943 0.3816 -0.2338
vn -0.9675 0.0000 -0.2529
vn -0.8943 -0.3816 -0.2338
vn -0.6856 -0.7056 -0.1792
vn -0.6855 -0.7056 -0.1792
vn -0.3726 -0.9228 -0.0974
vn -0.3726 -0.9229 -0.0974
vn -0.0027 -1.0000 -0.0007
vn 0.3680 -0.9248 0.0962
vn 0.6828 -0.7084 0.1785
vn 0.8935 -0.3836 0.2336
vn 0.9675 0.0000 0.2529
vn 0.8935 0.3836 0.2336
vn 0.6828 0.7084 0.1785
vn 0.3680 0.9248 0.0962
vn -0.0027 1.0000 -0.0007
usemtl None
s 1
f 963/961/586 962/962/587 961/963/587 964/964/588
f 965/965/589 963/961/586 964/964/588 966/966/589
f 967/967/590 965/965/589 966/966/589 968/968/590
f 969/969/591 967/967/590 968/968/590 970/970/591
f 971/971/592 969/969/591 970/970/591 972/972/593
f 973/973/594 971/971/592 972/972/593 974/974/595
f 975/975/596 973/973/594 974/974/595 976/976/596
f 977/977/597 975/975/596 976/976/596 978/978/597
f 979/979/598 977/977/597 978/978/597 980/980/598
f 981/981/599 979/979/598 980/980/598 982/982/599
f 983/983/600 981/981/599 982/982/599 984/984/600
f 985/985/601 983/983/600 984/984/600 986/986/601
f 987/987/602 985/985/601 986/986/601 988/988/602
f 989/989/603 987/987/602 988/988/602 990/990/603
f 991/991/604 989/989/603 990/990/603 992/992/604
f 962/962/587 991/991/604 992/992/604 961/963/587
o Circle.006
v 10.125078 0.804874 -17.777367
v 9.500972 0.804876 -14.855363
v 9.395787 0.733341 -14.875327
v 10.020911 0.733339 -17.802094
v 9.325503 0.626281 -14.888668
v 9.951306 0.626280 -17.818617
v 9.300830 0.499996 -14.893353
v 9.926865 0.499994 -17.824419
v 9.325503 0.373710 -14.888669
v 9.951304 0.373709 -17.818617
v 9.395787 0.266651 -14.875327
v 10.020911 0.266649 -17.802094
v 9.500964 0.195116 -14.855364
v 10.125068 0.195114 -17.777367
v 9.625039 0.169996 -14.831812
v 10.247947 0.169994 -17.748199
v 9.749117 0.195116 -14.808261
v 10.370821 0.195114 -17.719030
v 9.854299 0.266651 -14.788297
v 10.474980 0.266649 -17.694305
v 9.924575 0.373710 -14.774957
v 10.544587 0.373709 -17.677782
v 9.949248 0.499996 -14.770274
v 10.569024 0.499994 -17.671984
v 9.924575 0.626282 -14.774958
v 10.544582 0.626280 -17.677784
v 9.854296 0.733341 -14.788299
v 10.474983 0.733340 -17.694305
v 9.749111 0.804876 -14.808263
v 10.370816 0.804875 -17.719032
v 9.625042 0.829996 -14.831813
v 10.247947 0.829994 -17.748199
vt 0.0000 0.0000
vt 0.0000 0.0000
vt 0.0000 0.0000
vt 0.0000 0.0000
vt 0.0000 0.0000
vt 0.0000 0.0000
vt 0.0000 0.0000
vt 0.0000 0.0000
vt 0.0000 0.0000
vt 0.0000 0.0000
vt 0.0000 0.0000
vt 0.0000 0.0000
vt 0.0000 0.0000
vt 0.0000 0.0000
vt 0.0000 0.0000
vt 0.0000 0.0000
vt 0.0000 0.0000
vt 0.0000 0.0000
vt 0.0000 0.0000
vt 0.0000 0.0000
vt 0.0000 0.0000
vt 0.0000 0.0000
vt 0.0000 0.0000
vt 0.0000 0.0000
vt 0.0000 0.0000
vt 0.0000 0.0000
vt 0.0000 0.0000
vt 0.0000 0.0000
vt 0.0000 0.0000
vt 0.0000 0.0000
vt 0.0000 0.0000
vt 0.0000 0.0000
vn -0.6930 0.7056 -0.1480
vn -0.3767 0.9228 -0.0805
vn -0.3767 0.9229 -0.0805
vn -0.9039 0.3816 -0.1931
vn -0.9779 0.0000 -0.2089
vn -0.9039 -0.3816 -0.1931
vn -0.6930 -0.7056 -0.1480
vn -0.3767 -0.9228 -0.0805
vn -0.0028 -1.0000 -0.0006
vn 0.3720 -0.9248 0.0794
vn 0.6902 -0.7084 0.1474
vn 0.9031 -0.3836 0.1929
vn 0.9779 0.0000 0.2089
vn 0.9031 0.3836 0.1929
vn 0.6902 0.7084 0.1474
vn 0.3719 0.9248 0.0794
vn 0.3720 0.9248 0.0794
vn -0.0028 1.0000 -0.0006
vn -0.0027 1.0000 -0.0006
usemtl None
s 1
f 995/993/605 994/994/606 993/995/607 996/996/605
f 997/997/608 995/993/605 996/996/605 998/998/608
f 999/999/609 997/997/608 998/998/608 1000/1000/609
f 1001/1001/610 999/999/609 1000/1000/609 1002/1002/610
f 1003/1003/611 1001/1001/610 1002/1002/610 1004/1004/611
f 1005/1005/612 1003/1003/611 1004/1004/611 1006/1006/612
f 1007/1007/613 1005/1005/612 1006/1006/612 1008/1008/613
f 1009/1009/614 1007/1007/613 1008/1008/613 1010/1010/614
f 1011/1011/615 1009/1009/614 1010/1010/614 1012/1012/615
f 1013/1013/616 1011/1011/615 1012/1012/615 1014/1014/616
f 1015/1015/617 1013/1013/616 1014/1014/616 1016/1016/617
f 1017/1017/618 1015/1015/617 1016/1016/617 1018/1018/618
f 1019/1019/619 1017/1017/618 1018/1018/618 1020/1020/619
f 1021/1021/620 1019/1019/619 1020/1020/619 1022/1022/621
f 1023/1023/622 1021/1021/620 1022/1022/621 1024/1024/623
f 994/994/606 1023/1023/622 1024/1024/623 993/995/607
o Circle.005
v 9.500972 0.804876 -14.855363
v 9.011395 0.804878 -11.910342
v 8.905405 0.733343 -11.925453
v 9.395787 0.733341 -14.875327
v 8.834582 0.626283 -11.935552
v 9.325503 0.626281 -14.888668
v 8.809717 0.499998 -11.939097
v 9.300830 0.499996 -14.893353
v 8.834572 0.373712 -11.935552
v 9.325503 0.373710 -14.888669
v 8.905405 0.266652 -11.925452
v 9.395787 0.266651 -14.875327
v 9.011385 0.195117 -11.910342
v 9.500964 0.195116 -14.855364
v 9.136419 0.169997 -11.892516
v 9.625039 0.169996 -14.831812
v 9.261443 0.195117 -11.874689
v 9.749117 0.195116 -14.808261
v 9.367426 0.266652 -11.859578
v 9.854299 0.266651 -14.788297
v 9.438251 0.373712 -11.849480
v 9.924575 0.373710 -14.774957
v 9.463111 0.499998 -11.845936
v 9.949248 0.499996 -14.770274
v 9.438246 0.626283 -11.849480
v 9.924575 0.626282 -14.774958
v 9.367423 0.733343 -11.859579
v 9.854296 0.733341 -14.788299
v 9.261436 0.804878 -11.874690
v 9.749111 0.804876 -14.808263
v 9.136414 0.829998 -11.892516
v 9.625042 0.829996 -14.831813
vt 0.0000 0.0000
vt 0.0000 0.0000
vt 0.0000 0.0000
vt 0.0000 0.0000
vt 0.0000 0.0000
vt 0.0000 0.0000
vt 0.0000 0.0000
vt 0.0000 0.0000
vt 0.0000 0.0000
vt 0.0000 0.0000
vt 0.0000 0.0000
vt 0.0000 0.0000
vt 0.0000 0.0000
vt 0.0000 0.0000
vt 0.0000 0.0000
vt 0.0000 0.0000
vt 0.0000 0.0000
vt 0.0000 0.0000
vt 0.0000 0.0000
vt 0.0000 0.0000
vt 0.0000 0.0000
vt 0.0000 0.0000
vt 0.0000 0.0000
vt 0.0000 0.0000
vt 0.0000 0.0000
vt 0.0000 0.0000
vt 0.0000 0.0000
vt 0.0000 0.0000
vt 0.0000 0.0000
vt 0.0000 0.0000
vt 0.0000 0.0000
vt 0.0000 0.0000
vn -0.6990 0.7056 -0.1162
vn -0.3800 0.9228 -0.0632
vn -0.9118 0.3816 -0.1516
vn -0.9865 0.0000 -0.1640
vn -0.9118 -0.3816 -0.1516
vn -0.6990 -0.7056 -0.1162
vn -0.3800 -0.9228 -0.0632
vn -0.0028 -1.0000 -0.0005
vn 0.3752 -0.9249 0.0624
vn 0.3752 -0.9248 0.0624
vn 0.6962 -0.7084 0.1157
vn 0.9110 -0.3836 0.1514
vn 0.9865 0.0000 0.1640
vn 0.9110 0.3836 0.1514
vn 0.6962 0.7085 0.1157
vn 0.6962 0.7084 0.1157
vn 0.3752 0.9249 0.0624
vn 0.3752 0.9248 0.0624
vn -0.0028 1.0000 -0.0005
usemtl None
s 1
f 1027/1025/624 1026/1026/625 1025/1027/625 1028/1028/624
f 1029/1029/626 1027/1025/624 1028/1028/624 1030/1030/626
f 1031/1031/627 1029/1029/626 1030/1030/626 1032/1032/627
f 1033/1033/628 1031/1031/627 1032/1032/627 1034/1034/628
f 1035/1035/629 1033/1033/628 1034/1034/628 1036/1036/629
f 1037/1037/630 1035/1035/629 1036/1036/629 1038/1038/630
f 1039/1039/631 1037/1037/630 1038/1038/630 1040/1040/631
f 1041/1041/632 1039/1039/631 1040/1040/631 1042/1042/633
f 1043/1043/634 1041/1041/632 1042/1042/633 1044/1044/634
f 1045/1045/635 1043/1043/634 1044/1044/634 1046/1046/635
f 1047/1047/636 1045/1045/635 1046/1046/635 1048/1048/636
f 1049/1049/637 1047/1047/636 1048/1048/636 1050/1050/637
f 1051/1051/638 1049/1049/637 1050/1050/637 1052/1052/639
f 1053/1053/640 1051/1051/638 1052/1052/639 1054/1054/641
f 1055/1055/642 1053/1053/640 1054/1054/641 1056/1056/642
f 1026/1026/625 1055/1055/642 1056/1056/642 1025/1027/625
o Circle.004
v 9.011395 0.804878 -11.910342
v 8.658725 0.804879 -8.948586
v 8.552145 0.733344 -8.958750
v 8.905405 0.733343 -11.925453
v 8.480935 0.626284 -8.965542
v 8.834582 0.626283 -11.935552
v 8.455924 0.499999 -8.967928
v 8.809717 0.499998 -11.939097
v 8.480925 0.373713 -8.965542
v 8.834572 0.373712 -11.935552
v 8.552151 0.266654 -8.958750
v 8.905405 0.266652 -11.925452
v 8.658714 0.195119 -8.948586
v 9.011385 0.195117 -11.910342
v 8.784438 0.169999 -8.936594
v 9.136419 0.169997 -11.892516
v 8.910157 0.195119 -8.924604
v 9.261443 0.195117 -11.874689
v 9.016726 0.266653 -8.914439
v 9.367426 0.266652 -11.859578
v 9.087953 0.373713 -8.907646
v 9.438251 0.373712 -11.849480
v 9.112946 0.499999 -8.905262
v 9.463111 0.499998 -11.845936
v 9.087945 0.626284 -8.907647
v 9.438246 0.626283 -11.849480
v 9.016731 0.733344 -8.914440
v 9.367423 0.733343 -11.859579
v 8.910152 0.804879 -8.924604
v 9.261436 0.804878 -11.874690
v 8.784438 0.829999 -8.936594
v 9.136414 0.829998 -11.892516
vt 0.0000 0.0000
vt 0.0000 0.0000
vt 0.0000 0.0000
vt 0.0000 0.0000
vt 0.0000 0.0000
vt 0.0000 0.0000
vt 0.0000 0.0000
vt 0.0000 0.0000
vt 0.0000 0.0000
vt 0.0000 0.0000
vt 0.0000 0.0000
vt 0.0000 0.0000
vt 0.0000 0.0000
vt 0.0000 0.0000
vt 0.0000 0.0000
vt 0.0000 0.0000
vt 0.0000 0.0000
vt 0.0000 0.0000
vt 0.0000 0.0000
vt 0.0000 0.0000
vt 0.0000 0.0000
vt 0.0000 0.0000
vt 0.0000 0.0000
vt 0.0000 0.0000
vt 0.0000 0.0000
vt 0.0000 0.0000
vt 0.0000 0.0000
vt 0.0000 0.0000
vt 0.0000 0.0000
vt 0.0000 0.0000
vt 0.0000 0.0000
vt 0.0000 0.0000
vn -0.7037 0.7056 -0.0838
vn -0.3825 0.9228 -0.0456
vn -0.3825 0.9228 -0.0455
vn -0.9179 0.3816 -0.1093
vn -0.9178 0.3816 -0.1093
vn -0.9930 0.0000 -0.1182
vn -0.9179 -0.3816 -0.1093
vn -0.9178 -0.3816 -0.1093
vn -0.7037 -0.7056 -0.0838
vn -0.7036 -0.7056 -0.0838
vn -0.3826 -0.9228 -0.0456
vn -0.3825 -0.9228 -0.0455
vn -0.0029 -1.0000 -0.0003
vn -0.0028 -1.0000 -0.0003
vn 0.3776 -0.9249 0.0450
vn 0.3777 -0.9249 0.0450
vn 0.7008 -0.7085 0.0834
vn 0.9170 -0.3836 0.1092
vn 0.9930 0.0000 0.1182
vn 0.9170 0.3836 0.1092
vn 0.7008 0.7085 0.0834
vn 0.3776 0.9249 0.0450
vn -0.0029 1.0000 -0.0003
usemtl None
s 1
f 1059/1057/643 1058/1058/644 1057/1059/645 1060/1060/643
f 1061/1061/646 1059/1057/643 1060/1060/643 1062/1062/647
f 1063/1063/648 1061/1061/646 1062/1062/647 1064/1064/648
f 1065/1065/649 1063/1063/648 1064/1064/648 1066/1066/650
f 1067/1067/651 1065/1065/649 1066/1066/650 1068/1068/652
f 1069/1069/653 1067/1067/651 1068/1068/652 1070/1070/654
f 1071/1071/655 1069/1069/653 1070/1070/654 1072/1072/656
f 1073/1073/657 1071/1071/655 1072/1072/656 1074/1074/658
f 1075/1075/659 1073/1073/657 1074/1074/658 1076/1076/659
f 1077/1077/660 1075/1075/659 1076/1076/659 1078/1078/660
f 1079/1079/661 1077/1077/660 1078/1078/660 1080/1080/661
f 1081/1081/662 1079/1079/661 1080/1080/661 1082/1082/662
f 1083/1083/663 1081/1081/662 1082/1082/662 1084/1084/663
f 1085/1085/664 1083/1083/663 1084/1084/663 1086/1086/664
f 1087/1087/665 1085/1085/664 1086/1086/664 1088/1088/665
f 1058/1058/644 1087/1087/665 1088/1088/665 1057/1059/645
o Circle.003
v 8.658725 0.804879 -8.948586
v 8.445368 0.804880 -5.976371
v 8.338427 0.733345 -5.981494
v 8.552145 0.733344 -8.958750
v 8.266974 0.626285 -5.984917
v 8.480935 0.626284 -8.965542
v 8.241882 0.500000 -5.986118
v 8.455924 0.499999 -8.967928
v 8.266969 0.373714 -5.984917
v 8.480925 0.373713 -8.965542
v 8.338436 0.266654 -5.981493
v 8.552151 0.266654 -8.958750
v 8.445363 0.195120 -5.976371
v 8.658714 0.195119 -8.948586
v 8.571515 0.170000 -5.970328
v 8.784438 0.169999 -8.936594
v 8.697652 0.195119 -5.964286
v 8.910157 0.195119 -8.924604
v 8.804594 0.266654 -5.959164
v 9.016726 0.266653 -8.914439
v 8.876048 0.373714 -5.955740
v 9.087953 0.373713 -8.907646
v 8.901133 0.500000 -5.954539
v 9.112946 0.499999 -8.905262
v 8.876041 0.626285 -5.955741
v 9.087945 0.626284 -8.907647
v 8.804594 0.733345 -5.959164
v 9.016731 0.733344 -8.914440
v 8.697647 0.804880 -5.964287
v 8.910152 0.804879 -8.924604
v 8.571510 0.830000 -5.970328
v 8.784438 0.829999 -8.936594
vt 0.0000 0.0000
vt 0.0000 0.0000
vt 0.0000 0.0000
vt 0.0000 0.0000
vt 0.0000 0.0000
vt 0.0000 0.0000
vt 0.0000 0.0000
vt 0.0000 0.0000
vt 0.0000 0.0000
vt 0.0000 0.0000
vt 0.0000 0.0000
vt 0.0000 0.0000
vt 0.0000 0.0000
vt 0.0000 0.0000
vt 0.0000 0.0000
vt 0.0000 0.0000
vt 0.0000 0.0000
vt 0.0000 0.0000
vt 0.0000 0.0000
vt 0.0000 0.0000
vt 0.0000 0.0000
vt 0.0000 0.0000
vt 0.0000 0.0000
vt 0.0000 0.0000
vt 0.0000 0.0000
vt 0.0000 0.0000
vt 0.0000 0.0000
vt 0.0000 0.0000
vt 0.0000 0.0000
vt 0.0000 0.0000
vt 0.0000 0.0000
vt 0.0000 0.0000
vn -0.3843 0.9228 -0.0276
vn -0.7068 0.7056 -0.0507
vn -0.7069 0.7055 -0.0507
vn -0.9220 0.3816 -0.0662
vn -0.9974 0.0000 -0.0716
vn -0.9220 -0.3816 -0.0662
vn -0.7068 -0.7056 -0.0507
vn -0.7068 -0.7055 -0.0507
vn -0.3843 -0.9228 -0.0276
vn -0.0029 -1.0000 -0.0002
vn 0.3793 -0.9249 0.0272
vn 0.7039 -0.7085 0.0505
vn 0.9211 -0.3836 0.0661
vn 0.9974 0.0000 0.0716
vn 0.9211 0.3836 0.0661
vn 0.7039 0.7085 0.0505
vn 0.3793 0.9249 0.0272
vn -0.0029 1.0000 -0.0002
usemtl None
s 1
f 1090/1089/666 1089/1090/666 1092/1091/667 1091/1092/668
f 1091/1092/668 1092/1091/667 1094/1093/669 1093/1094/669
f 1093/1094/669 1094/1093/669 1096/1095/670 1095/1096/670
f 1095/1096/670 1096/1095/670 1098/1097/671 1097/1098/671
f 1097/1098/671 1098/1097/671 1100/1099/672 1099/1100/673
f 1099/1100/673 1100/1099/672 1102/1101/674 1101/1102/674
f 1101/1102/674 1102/1101/674 1104/1103/675 1103/1104/675
f 1103/1104/675 1104/1103/675 1106/1105/676 1105/1106/676
f 1105/1106/676 1106/1105/676 1108/1107/677 1107/1108/677
f 1107/1108/677 1108/1107/677 1110/1109/678 1109/1110/678
f 1109/1110/678 1110/1109/678 1112/1111/679 1111/1112/679
f 1111/1112/679 1112/1111/679 1114/1113/680 1113/1114/680
f 1113/1114/680 1114/1113/680 1116/1115/681 1115/1116/681
f 1115/1116/681 1116/1115/681 1118/1117/682 1117/1118/682
f 1117/1118/682 1118/1117/682 1120/1119/683 1119/1120/683
f 1119/1120/683 1120/1119/683 1089/1090/666 1090/1089/666
o Circle.002
v 8.500000 0.830000 -3.000000
v 8.373712 0.804880 -3.000000
v 8.266654 0.733345 -3.000000
v 8.195116 0.626286 -3.000000
v 8.170000 0.500000 -3.000000
v 8.195116 0.373714 -3.000000
v 8.266654 0.266655 -3.000000
v 8.373712 0.195120 -3.000000
v 8.500000 0.170000 -3.000000
v 8.626287 0.195120 -3.000000
v 8.733345 0.266655 -3.000000
v 8.804883 0.373714 -3.000000
v 8.830000 0.500000 -3.000000
v 8.804883 0.626286 -3.000000
v 8.733345 0.733345 -3.000000
v 8.626287 0.804880 -3.000000
v 8.445368 0.804880 -5.976371
v 8.338427 0.733345 -5.981494
v 8.266974 0.626285 -5.984917
v 8.241882 0.500000 -5.986118
v 8.266969 0.373714 -5.984917
v 8.338436 0.266654 -5.981493
v 8.445363 0.195120 -5.976371
v 8.571515 0.170000 -5.970328
v 8.697652 0.195119 -5.964286
v 8.804594 0.266654 -5.959164
v 8.876048 0.373714 -5.955740
v 8.901133 0.500000 -5.954539
v 8.876041 0.626285 -5.955741
v 8.804594 0.733345 -5.959164
v 8.697647 0.804880 -5.964287
v 8.571510 0.830000 -5.970328
vt 0.0000 0.0000
vt 0.0000 0.0000
vt 0.0000 0.0000
vt 0.0000 0.0000
vt 0.0000 0.0000
vt 0.0000 0.0000
vt 0.0000 0.0000
vt 0.0000 0.0000
vt 0.0000 0.0000
vt 0.0000 0.0000
vt 0.0000 0.0000
vt 0.0000 0.0000
vt 0.0000 0.0000
vt 0.0000 0.0000
vt 0.0000 0.0000
vt 0.0000 0.0000
vt 0.0000 0.0000
vt 0.0000 0.0000
vt 0.0000 0.0000
vt 0.0000 0.0000
vt 0.0000 0.0000
vt 0.0000 0.0000
vt 0.0000 0.0000
vt 0.0000 0.0000
vt 0.0000 0.0000
vt 0.0000 0.0000
vt 0.0000 0.0000
vt 0.0000 0.0000
vt 0.0000 0.0000
vt 0.0000 0.0000
vt 0.0000 0.0000
vt 0.0000 0.0000
vn -0.3852 0.9228 -0.0093
vn -0.7085 0.7055 -0.0171
vn -0.9241 0.3815 -0.0222
vn -0.9997 0.0000 -0.0241
vn -0.9241 -0.3816 -0.0222
vn -0.9241 -0.3815 -0.0222
vn -0.7085 -0.7055 -0.0171
vn -0.3852 -0.9228 -0.0093
vn -0.0030 -1.0000 -0.0001
vn 0.3801 -0.9249 0.0092
vn 0.7055 -0.7085 0.0170
vn 0.9232 -0.3836 0.0222
vn 0.9997 0.0000 0.0241
vn 0.9232 0.3836 0.0222
vn 0.7055 0.7085 0.0170
vn 0.3801 0.9249 0.0092
vn -0.0030 1.0000 -0.0001
usemtl None
s 1
f 1122/1121/684 1137/1122/684 1138/1123/685 1123/1124/685
f 1123/1124/685 1138/1123/685 1139/1125/686 1124/1126/686
f 1124/1126/686 1139/1125/686 1140/1127/687 1125/1128/687
f 1125/1128/687 1140/1127/687 1141/1129/688 1126/1130/689
f 1126/1130/689 1141/1129/688 1142/1131/690 1127/1132/690
f 1127/1132/690 1142/1131/690 1143/1133/691 1128/1134/691
f 1128/1134/691 1143/1133/691 1144/1135/692 1129/1136/692
f 1129/1136/692 1144/1135/692 1145/1137/693 1130/1138/693
f 1130/1138/693 1145/1137/693 1146/1139/694 1131/1140/694
f 1131/1140/694 1146/1139/694 1147/1141/695 1132/1142/695
f 1132/1142/695 1147/1141/695 1148/1143/696 1133/1144/696
f 1133/1144/696 1148/1143/696 1149/1145/697 1134/1146/697
f 1134/1146/697 1149/1145/697 1150/1147/698 1135/1148/698
f 1135/1148/698 1150/1147/698 1151/1149/699 1136/1150/699
f 1136/1150/699 1151/1149/699 1152/1151/700 1121/1152/700
f 1121/1152/700 1152/1151/700 1137/1122/684 1122/1121/684
o Circle.001
v 8.500000 0.830000 -3.000000
v 8.373712 0.804880 -3.000000
v 8.266654 0.733345 -3.000000
v 8.195116 0.626286 -3.000000
v 8.170000 0.500000 -3.000000
v 8.195116 0.373714 -3.000000
v 8.266654 0.266655 -3.000000
v 8.373712 0.195120 -3.000000
v 8.500000 0.170000 -3.000000
v 8.626287 0.195120 -3.000000
v 8.733345 0.266655 -3.000000
v 8.804883 0.373714 -3.000000
v 8.830000 0.500000 -3.000000
v 8.804883 0.626286 -3.000000
v 8.733345 0.733345 -3.000000
v 8.626287 0.804880 -3.000000
v 8.500000 0.830000 0.000000
v 8.373712 0.804880 0.000000
v 8.266654 0.733345 0.000000
v 8.195116 0.626286 0.000000
v 8.170000 0.500000 0.000000
v 8.195116 0.373714 0.000000
v 8.266654 0.266655 0.000000
v 8.373712 0.195120 0.000000
v 8.500000 0.170000 0.000000
v 8.626287 0.195120 0.000000
v 8.733345 0.266655 0.000000
v 8.804883 0.373714 0.000000
v 8.830000 0.500000 0.000000
v 8.804883 0.626286 0.000000
v 8.733345 0.733345 0.000000
v 8.626287 0.804880 0.000000
vt 0.0000 0.0000
vt 0.0000 0.0000
vt 0.0000 0.0000
vt 0.0000 0.0000
vt 0.0000 0.0000
vt 0.0000 0.0000
vt 0.0000 0.0000
vt 0.0000 0.0000
vt 0.0000 0.0000
vt 0.0000 0.0000
vt 0.0000 0.0000
vt 0.0000 0.0000
vt 0.0000 0.0000
vt 0.0000 0.0000
vt 0.0000 0.0000
vt 0.0000 0.0000
vt 0.0000 0.0000
vt 0.0000 0.0000
vt 0.0000 0.0000
vt 0.0000 0.0000
vt 0.0000 0.0000
vt 0.0000 0.0000
vt 0.0000 0.0000
vt 0.0000 0.0000
vt 0.0000 0.0000
vt 0.0000 0.0000
vt 0.0000 0.0000
vt 0.0000 0.0000
vt 0.0000 0.0000
vt 0.0000 0.0000
vt 0.0000 0.0000
vt 0.0000 0.0000
vn 0.7071 -0.7071 0.0000
vn 0.9239 -0.3827 0.0000
vn 1.0000 -0.0000 0.0000
vn 0.9239 0.3827 0.0000
vn 0.7071 0.7071 0.0000
vn 0.0000 1.0000 0.0000
vn -0.3827 0.9239 0.0000
vn 0.3827 0.9239 0.0000
vn -0.7071 0.7071 0.0000
vn -0.9239 0.3827 0.0000
vn -1.0000 -0.0000 0.0000
vn -0.9239 -0.3827 0.0000
vn -0.7071 -0.7071 0.0000
vn -0.3827 -0.9239 0.0000
vn 0.0000 -1.0000 0.0000
vn 0.3827 -0.9239 0.0000
usemtl None
s 1
f 1163/1153/701 1164/1154/702 1180/1155/702 1179/1156/701
f 1164/1154/702 1165/1157/703 1181/1158/703 1180/1155/702
f 1165/1157/703 1166/1159/704 1182/1160/704 1181/1158/703
f 1166/1159/704 1167/1161/705 1183/1162/705 1182/1160/704
f 1153/1163/706 1154/1164/707 1170/1165/707 1169/1166/706
f 1167/1161/705 1168/1167/708 1184/1168/708 1183/1162/705
f 1154/1164/707 1155/1169/709 1171/1170/709 1170/1165/707
f 1168/1167/708 1153/1163/706 1169/1166/706 1184/1168/708
f 1155/1169/709 1156/1171/710 1172/1172/710 1171/1170/709
f 1156/1171/710 1157/1173/711 1173/1174/711 1172/1172/710
f 1157/1173/711 1158/1175/712 1174/1176/712 1173/1174/711
f 1158/1175/712 1159/1177/713 1175/1178/713 1174/1176/712
f 1159/1177/713 1160/1179/714 1176/1180/714 1175/1178/713
f 1160/1179/714 1161/1181/715 1177/1182/715 1176/1180/714
f 1161/1181/715 1162/1183/716 1178/1184/716 1177/1182/715
f 1162/1183/716 1163/1153/701 1179/1156/701 1178/1184/716
o Circle
v 21.760864 0.804880 -54.239136
v 21.836567 0.733345 -54.163437
v 21.887152 0.626286 -54.112850
v 21.904911 0.500000 -54.095089
v 21.887152 0.373714 -54.112850
v 21.836567 0.266655 -54.163437
v 21.760864 0.195120 -54.239136
v 21.671566 0.170000 -54.328434
v 21.582266 0.195120 -54.417736
v 21.506565 0.266655 -54.493435
v 21.455980 0.373714 -54.544022
v 21.438221 0.500000 -54.561779
v 21.455980 0.626285 -54.544022
v 21.506565 0.733345 -54.493435
v 21.582266 0.804880 -54.417736
v 21.671566 0.830000 -54.328434
v 23.760864 0.804880 -56.239136
v 23.671566 0.830000 -56.328434
v 23.836567 0.733345 -56.163437
v 23.887152 0.626286 -56.112850
v 23.904911 0.500000 -56.095089
v 23.887152 0.373714 -56.112850
v 23.836567 0.266655 -56.163437
v 23.760864 0.195120 -56.239136
v 23.671566 0.170000 -56.328434
v 23.582266 0.195120 -56.417736
v 23.506565 0.266655 -56.493435
v 23.455980 0.373714 -56.544022
v 23.438221 0.500000 -56.561779
v 23.455980 0.626285 -56.544022
v 23.506565 0.733345 -56.493435
v 23.582266 0.804880 -56.417736
vt 0.0000 0.0000
vt 0.0000 0.0000
vt 0.0000 0.0000
vt 0.0000 0.0000
vt 0.0000 0.0000
vt 0.0000 0.0000
vt 0.0000 0.0000
vt 0.0000 0.0000
vt 0.0000 0.0000
vt 0.0000 0.0000
vt 0.0000 0.0000
vt 0.0000 0.0000
vt 0.0000 0.0000
vt 0.0000 0.0000
vt 0.0000 0.0000
vt 0.0000 0.0000
vt 0.0000 0.0000
vt 0.0000 0.0000
vt 0.0000 0.0000
vt 0.0000 0.0000
vt 0.0000 0.0000
vt 0.0000 0.0000
vt 0.0000 0.0000
vt 0.0000 0.0000
vt 0.0000 0.0000
vt 0.0000 0.0000
vt 0.0000 0.0000
vt 0.0000 0.0000
vt 0.0000 0.0000
vt 0.0000 0.0000
vt 0.0000 0.0000
vt 0.0000 0.0000
vn 0.6533 -0.3827 0.6533
vn 0.5000 -0.7071 0.5000
vn 0.2706 -0.9239 0.2706
vn 0.0000 -1.0000 0.0000
vn -0.2706 -0.9239 -0.2706
vn -0.5000 -0.7071 -0.5000
vn -0.6533 -0.3827 -0.6533
vn -0.7071 0.0000 -0.7071
vn -0.6533 0.3827 -0.6533
vn -0.5000 0.7071 -0.5000
vn 0.0000 1.0000 0.0000
vn 0.2706 0.9239 0.2706
vn -0.2706 0.9239 -0.2706
vn 0.5000 0.7071 0.5000
vn 0.6533 0.3827 0.6533
vn 0.7071 -0.0000 0.7071
usemtl None
s 1
f 1189/1185/717 1190/1186/718 1207/1187/718 1206/1188/717
f 1190/1186/718 1191/1189/719 1208/1190/719 1207/1187/718
f 1191/1189/719 1192/1191/720 1209/1192/720 1208/1190/719
f 1192/1191/720 1193/1193/721 1210/1194/721 1209/1192/720
f 1193/1193/721 1194/1195/722 1211/1196/722 1210/1194/721
f 1194/1195/722 1195/1197/723 1212/1198/723 1211/1196/722
f 1195/1197/723 1196/1199/724 1213/1200/724 1212/1198/723
f 1196/1199/724 1197/1201/725 1214/1202/725 1213/1200/724
f 1197/1201/725 1198/1203/726 1215/1204/726 1214/1202/725
f 1200/1205/727 1185/1206/728 1201/1207/728 1202/1208/727
f 1198/1203/726 1199/1209/729 1216/1210/729 1215/1204/726
f 1185/1206/728 1186/1211/730 1203/1212/730 1201/1207/728
f 1199/1209/729 1200/1205/727 1202/1208/727 1216/1210/729
f 1186/1211/730 1187/1213/731 1204/1214/731 1203/1212/730
f 1187/1213/731 1188/1215/732 1205/1216/732 1204/1214/731
f 1188/1215/732 1189/1185/717 1206/1188/717 1205/1216/732
