# Blender v2.78 (sub 0) OBJ File: 'RollerCoasterRailBigLoop_col.blend'
# www.blender.org
mtllib RollerCoasterRailBigLoop_col.mtl
o Circle.127
v 8.500000 0.830000 -0.000000
v 8.373714 0.804878 -0.000000
v 8.266655 0.733346 -0.000000
v 8.195119 0.626285 -0.000000
v 8.170000 0.500000 -0.000000
v 8.195119 0.373715 -0.000000
v 8.266655 0.266654 -0.000000
v 8.373714 0.195122 -0.000000
v 8.500000 0.170000 -0.000000
v 8.626286 0.195119 -0.000000
v 8.733345 0.266654 -0.000000
v 8.804881 0.373715 -0.000000
v 8.830000 0.500000 -0.000000
v 8.804881 0.626285 -0.000000
v 8.733345 0.733346 -0.000000
v 8.626286 0.804881 -0.000000
v 8.687500 0.984908 -3.153211
v 8.561214 0.959907 -3.155674
v 8.454155 0.888719 -3.162685
v 8.382619 0.782174 -3.173179
v 8.357500 0.656498 -3.185557
v 8.382619 0.530819 -3.197935
v 8.454155 0.424275 -3.208429
v 8.561214 0.353087 -3.215440
v 8.687500 0.328086 -3.217903
v 8.813786 0.353085 -3.215441
v 8.920845 0.424275 -3.208429
v 8.992381 0.530819 -3.197935
v 9.017500 0.656498 -3.185557
v 8.992381 0.782174 -3.173179
v 8.920845 0.888719 -3.162685
v 8.813786 0.959909 -3.155674
vt 0.9075 0.4074
vt 0.9231 0.4074
vt 0.9221 0.4098
vt 0.9065 0.4098
vt 0.9203 0.4117
vt 0.9046 0.4117
vt 0.9178 0.4127
vt 0.9022 0.4127
vt 0.9152 0.4127
vt 0.8995 0.4127
vt 0.9127 0.4117
vt 0.8971 0.4117
vt 0.9108 0.4098
vt 0.8952 0.4098
vt 0.9098 0.4074
vt 0.8942 0.4074
vt 0.9098 0.4047
vt 0.8942 0.4047
vt 0.9108 0.4023
vt 0.8952 0.4023
vt 0.9127 0.4004
vt 0.8971 0.4004
vt 0.9152 0.3994
vt 0.8995 0.3994
vt 0.9178 0.3994
vt 0.9022 0.3994
vt 0.9203 0.4004
vt 0.9046 0.4004
vt 0.9221 0.4023
vt 0.9065 0.4023
vt 0.9231 0.4047
vt 0.9075 0.4047
vn -0.0073 0.9988 0.0486
vn 0.0073 0.9987 0.0495
vn -0.3781 0.9255 0.0230
vn -0.3906 0.9203 0.0220
vn -0.7054 0.7088 -0.0070
vn -0.7127 0.7014 -0.0078
vn -0.9234 0.3822 -0.0358
vn -0.9255 0.3769 -0.0362
vn -0.9983 -0.0031 -0.0589
vn -0.9983 -0.0032 -0.0589
vn -0.9191 -0.3871 -0.0729
vn -0.9213 -0.3821 -0.0728
vn -0.6994 -0.7107 -0.0758
vn -0.7066 -0.7035 -0.0759
vn -0.3738 -0.9251 -0.0673
vn -0.3862 -0.9199 -0.0677
vn 0.0072 -0.9988 -0.0486
vn -0.0073 -0.9987 -0.0495
vn 0.3862 -0.9221 -0.0228
vn 0.3738 -0.9272 -0.0237
vn 0.7066 -0.7075 0.0066
vn 0.6994 -0.7147 0.0058
vn 0.9213 -0.3874 0.0350
vn 0.9191 -0.3924 0.0346
vn 0.9983 -0.0090 0.0583
vn 0.9983 -0.0089 0.0583
vn 0.9255 0.3716 0.0729
vn 0.9234 0.3768 0.0731
vn 0.7127 0.6973 0.0765
vn 0.7054 0.7047 0.0764
vn 0.3906 0.9180 0.0683
vn 0.3781 0.9233 0.0678
usemtl None
s 1
f 1/1/1 17/2/2 18/3/3 2/4/4
f 2/4/4 18/3/3 19/5/5 3/6/6
f 3/6/6 19/5/5 20/7/7 4/8/8
f 4/8/8 20/7/7 21/9/9 5/10/10
f 5/10/10 21/9/9 22/11/11 6/12/12
f 6/12/12 22/11/11 23/13/13 7/14/14
f 7/14/14 23/13/13 24/15/15 8/16/16
f 8/16/16 24/15/15 25/17/17 9/18/18
f 9/18/18 25/17/17 26/19/19 10/20/20
f 10/20/20 26/19/19 27/21/21 11/22/22
f 11/22/22 27/21/21 28/23/23 12/24/24
f 12/24/24 28/23/23 29/25/25 13/26/26
f 13/26/26 29/25/25 30/27/27 14/28/28
f 14/28/28 30/27/27 31/29/29 15/30/30
f 15/30/30 31/29/29 32/31/31 16/32/32
f 16/32/32 32/31/31 17/2/2 1/1/1
o Circle.126
v 8.687500 0.984908 -3.153211
v 8.561214 0.959907 -3.155674
v 8.454155 0.888719 -3.162685
v 8.382619 0.782174 -3.173179
v 8.357500 0.656498 -3.185557
v 8.382619 0.530819 -3.197935
v 8.454155 0.424275 -3.208429
v 8.561214 0.353087 -3.215440
v 8.687500 0.328086 -3.217903
v 8.813786 0.353085 -3.215441
v 8.920845 0.424275 -3.208429
v 8.992381 0.530819 -3.197935
v 9.017500 0.656498 -3.185557
v 8.992381 0.782174 -3.173179
v 8.920845 0.888719 -3.162685
v 8.813786 0.959909 -3.155674
v 8.875000 1.448138 -6.276056
v 8.748714 1.423499 -6.280957
v 8.641655 1.353341 -6.294912
v 8.570119 1.248337 -6.315799
v 8.545000 1.124479 -6.340436
v 8.570119 1.000620 -6.365072
v 8.641655 0.895616 -6.385959
v 8.748714 0.825458 -6.399914
v 8.875000 0.800820 -6.404815
v 9.001286 0.825456 -6.399915
v 9.108345 0.895616 -6.385959
v 9.179881 1.000620 -6.365072
v 9.205000 1.124479 -6.340436
v 9.179881 1.248337 -6.315799
v 9.108345 1.353341 -6.294912
v 9.001286 1.423501 -6.280956
vt 0.9231 0.4074
vt 0.9388 0.4074
vt 0.9378 0.4098
vt 0.9221 0.4098
vt 0.9359 0.4117
vt 0.9203 0.4117
vt 0.9334 0.4127
vt 0.9178 0.4127
vt 0.9308 0.4127
vt 0.9152 0.4127
vt 0.9283 0.4117
vt 0.9127 0.4117
vt 0.9265 0.4098
vt 0.9108 0.4098
vt 0.9254 0.4074
vt 0.9098 0.4074
vt 0.9254 0.4047
vt 0.9098 0.4047
vt 0.9265 0.4023
vt 0.9108 0.4023
vt 0.9283 0.4004
vt 0.9127 0.4004
vt 0.9308 0.3994
vt 0.9152 0.3994
vt 0.9334 0.3994
vt 0.9178 0.3994
vt 0.9359 0.4004
vt 0.9203 0.4004
vt 0.9378 0.4023
vt 0.9221 0.4023
vt 0.9388 0.4047
vt 0.9231 0.4047
vn -0.0073 0.9892 0.1463
vn 0.0073 0.9891 0.1472
vn -0.3781 0.9188 0.1136
vn -0.3906 0.9137 0.1121
vn -0.7054 0.7060 0.0625
vn -0.7127 0.6988 0.0610
vn -0.9234 0.3838 0.0019
vn -0.9255 0.3786 0.0010
vn -0.9983 0.0026 -0.0589
vn -0.9983 0.0025 -0.0589
vn -0.9191 -0.3781 -0.1105
vn -0.9213 -0.3731 -0.1099
vn -0.6994 -0.6999 -0.1451
vn -0.7066 -0.6927 -0.1445
vn -0.3738 -0.9140 -0.1576
vn -0.3862 -0.9088 -0.1576
vn 0.0072 -0.9892 -0.1463
vn -0.0073 -0.9891 -0.1471
vn 0.3862 -0.9155 -0.1130
vn 0.3738 -0.9204 -0.1145
vn 0.7066 -0.7048 -0.0628
vn 0.6994 -0.7118 -0.0643
vn 0.9213 -0.3889 -0.0031
vn 0.9191 -0.3939 -0.0040
vn 0.9983 -0.0147 0.0571
vn 0.9983 -0.0146 0.0572
vn 0.9255 0.3626 0.1090
vn 0.9234 0.3678 0.1096
vn 0.7127 0.6864 0.1445
vn 0.7054 0.6938 0.1451
vn 0.3906 0.9069 0.1579
vn 0.3781 0.9122 0.1580
usemtl None
s 1
f 33/33/33 49/34/34 50/35/35 34/36/36
f 34/36/36 50/35/35 51/37/37 35/38/38
f 35/38/38 51/37/37 52/39/39 36/40/40
f 36/40/40 52/39/39 53/41/41 37/42/42
f 37/42/42 53/41/41 54/43/43 38/44/44
f 38/44/44 54/43/43 55/45/45 39/46/46
f 39/46/46 55/45/45 56/47/47 40/48/48
f 40/48/48 56/47/47 57/49/49 41/50/50
f 41/50/50 57/49/49 58/51/51 42/52/52
f 42/52/52 58/51/51 59/53/53 43/54/54
f 43/54/54 59/53/53 60/55/55 44/56/56
f 44/56/56 60/55/55 61/57/57 45/58/58
f 45/58/58 61/57/57 62/59/59 46/60/60
f 46/60/60 62/59/59 63/61/61 47/62/62
f 47/62/62 63/61/61 64/63/63 48/64/64
f 48/64/64 64/63/63 49/34/34 33/33/33
o Circle.125
v 8.875000 1.448138 -6.276056
v 8.748714 1.423499 -6.280957
v 8.641655 1.353341 -6.294912
v 8.570119 1.248337 -6.315799
v 8.545000 1.124479 -6.340436
v 8.570119 1.000620 -6.365072
v 8.641655 0.895616 -6.385959
v 8.748714 0.825458 -6.399914
v 8.875000 0.800820 -6.404815
v 9.001286 0.825456 -6.399915
v 9.108345 0.895616 -6.385959
v 9.179881 1.000620 -6.365072
v 9.205000 1.124479 -6.340436
v 9.179881 1.248337 -6.315799
v 9.108345 1.353341 -6.294912
v 9.001286 1.423501 -6.280956
v 9.062500 2.215229 -9.338457
v 8.936214 2.191189 -9.345750
v 8.829155 2.122736 -9.366514
v 8.757619 2.020286 -9.397593
v 8.732500 1.899439 -9.434252
v 8.757619 1.778590 -9.470910
v 8.829155 1.676141 -9.501987
v 8.936214 1.607688 -9.522753
v 9.062500 1.583649 -9.530046
v 9.188786 1.607685 -9.522754
v 9.295845 1.676141 -9.501987
v 9.367381 1.778590 -9.470910
v 9.392500 1.899439 -9.434252
v 9.367381 2.020286 -9.397593
v 9.295845 2.122736 -9.366514
v 9.188786 2.191191 -9.345749
vt 0.9388 0.4074
vt 0.9544 0.4074
vt 0.9534 0.4098
vt 0.9378 0.4098
vt 0.9515 0.4117
vt 0.9359 0.4117
vt 0.9491 0.4127
vt 0.9334 0.4127
vt 0.9464 0.4127
vt 0.9308 0.4127
vt 0.9440 0.4117
vt 0.9283 0.4117
vt 0.9421 0.4098
vt 0.9265 0.4098
vt 0.9411 0.4074
vt 0.9254 0.4074
vt 0.9411 0.4047
vt 0.9254 0.4047
vt 0.9421 0.4023
vt 0.9265 0.4023
vt 0.9440 0.4004
vt 0.9283 0.4004
vt 0.9464 0.3994
vt 0.9308 0.3994
vt 0.9491 0.3994
vt 0.9334 0.3994
vt 0.9515 0.4004
vt 0.9359 0.4004
vt 0.9534 0.4023
vt 0.9378 0.4023
vt 0.9544 0.4047
vt 0.9388 0.4047
vn -0.0073 0.9701 0.2426
vn 0.0073 0.9699 0.2434
vn -0.3781 0.9032 0.2031
vn -0.3906 0.8983 0.2011
vn -0.7054 0.6965 0.1314
vn -0.7127 0.6894 0.1292
vn -0.9234 0.3818 0.0395
vn -0.9255 0.3767 0.0381
vn -0.9983 0.0084 -0.0584
vn -0.9983 0.0083 -0.0584
vn -0.9191 -0.3655 -0.1470
vn -0.9213 -0.3605 -0.1459
vn -0.6994 -0.6823 -0.2130
vn -0.7066 -0.6752 -0.2117
vn -0.3738 -0.8942 -0.2464
vn -0.3862 -0.8890 -0.2459
vn 0.0072 -0.9701 -0.2426
vn -0.0073 -0.9699 -0.2434
vn 0.3862 -0.9000 -0.2022
vn 0.3738 -0.9047 -0.2042
vn 0.7066 -0.6952 -0.1316
vn 0.6994 -0.7021 -0.1338
vn 0.9213 -0.3867 -0.0412
vn 0.9191 -0.3916 -0.0426
vn 0.9983 -0.0202 0.0554
vn 0.9983 -0.0201 0.0555
vn 0.9255 0.3502 0.1440
vn 0.9234 0.3553 0.1452
vn 0.7127 0.6689 0.2110
vn 0.7054 0.6762 0.2124
vn 0.3906 0.8871 0.2461
vn 0.3781 0.8923 0.2466
usemtl None
s 1
f 65/65/65 81/66/66 82/67/67 66/68/68
f 66/68/68 82/67/67 83/69/69 67/70/70
f 67/70/70 83/69/69 84/71/71 68/72/72
f 68/72/72 84/71/71 85/73/73 69/74/74
f 69/74/74 85/73/73 86/75/75 70/76/76
f 70/76/76 86/75/75 87/77/77 71/78/78
f 71/78/78 87/77/77 88/79/79 72/80/80
f 72/80/80 88/79/79 89/81/81 73/82/82
f 73/82/82 89/81/81 90/83/83 74/84/84
f 74/84/84 90/83/83 91/85/85 75/86/86
f 75/86/86 91/85/85 92/87/87 76/88/88
f 76/88/88 92/87/87 93/89/89 77/90/90
f 77/90/90 93/89/89 94/91/91 78/92/92
f 78/92/92 94/91/91 95/93/93 79/94/94
f 79/94/94 95/93/93 96/95/95 80/96/96
f 80/96/96 96/95/95 81/66/66 65/65/65
o Circle.124
v 9.062500 2.215229 -9.338457
v 8.936214 2.191189 -9.345750
v 8.829155 2.122736 -9.366514
v 8.757619 2.020286 -9.397593
v 8.732500 1.899439 -9.434252
v 8.757619 1.778590 -9.470910
v 8.829155 1.676141 -9.501987
v 8.936214 1.607688 -9.522753
v 9.062500 1.583649 -9.530046
v 9.188786 1.607685 -9.522754
v 9.295845 1.676141 -9.501987
v 9.367381 1.778590 -9.470910
v 9.392500 1.899439 -9.434252
v 9.367381 2.020286 -9.397593
v 9.295845 2.122736 -9.366514
v 9.188786 2.191191 -9.345749
v 9.250000 3.278796 -12.310926
v 9.123714 3.255587 -12.320540
v 9.016655 3.189500 -12.347915
v 8.945119 3.090588 -12.388885
v 8.920000 2.973917 -12.437212
v 8.945119 2.857244 -12.485539
v 9.016655 2.758334 -12.526510
v 9.123714 2.692245 -12.553885
v 9.250000 2.669036 -12.563498
v 9.376286 2.692243 -12.553885
v 9.483345 2.758334 -12.526510
v 9.554881 2.857244 -12.485539
v 9.580000 2.973917 -12.437212
v 9.554881 3.090588 -12.388885
v 9.483345 3.189500 -12.347915
v 9.376286 3.255589 -12.320539
vt 0.9544 0.4074
vt 0.9700 0.4074
vt 0.9690 0.4098
vt 0.9534 0.4098
vt 0.9671 0.4117
vt 0.9515 0.4117
vt 0.9647 0.4127
vt 0.9491 0.4127
vt 0.9620 0.4127
vt 0.9464 0.4127
vt 0.9596 0.4117
vt 0.9440 0.4117
vt 0.9577 0.4098
vt 0.9421 0.4098
vt 0.9567 0.4074
vt 0.9411 0.4074
vt 0.9567 0.4047
vt 0.9411 0.4047
vt 0.9577 0.4023
vt 0.9421 0.4023
vt 0.9596 0.4004
vt 0.9440 0.4004
vt 0.9620 0.3994
vt 0.9464 0.3994
vt 0.9647 0.3994
vt 0.9491 0.3994
vt 0.9671 0.4004
vt 0.9515 0.4004
vt 0.9690 0.4023
vt 0.9534 0.4023
vt 0.9700 0.4047
vt 0.9544 0.4047
vn -0.0073 0.9417 0.3365
vn 0.0073 0.9414 0.3373
vn -0.3781 0.8790 0.2907
vn -0.3906 0.8743 0.2882
vn -0.7054 0.6803 0.1991
vn -0.7127 0.6735 0.1962
vn -0.9234 0.3761 0.0767
vn -0.9255 0.3712 0.0748
vn -0.9983 0.0141 -0.0573
vn -0.9983 0.0140 -0.0573
vn -0.9191 -0.3493 -0.1822
vn -0.9213 -0.3445 -0.1806
vn -0.6994 -0.6581 -0.2789
vn -0.7066 -0.6512 -0.2768
vn -0.3738 -0.8657 -0.3329
vn -0.3862 -0.8606 -0.3319
vn 0.0072 -0.9417 -0.3365
vn -0.0073 -0.9414 -0.3373
vn 0.3862 -0.8758 -0.2895
vn 0.3738 -0.8804 -0.2919
vn 0.7066 -0.6790 -0.1991
vn 0.6994 -0.6856 -0.2019
vn 0.9213 -0.3808 -0.0790
vn 0.9191 -0.3856 -0.0808
vn 0.9983 -0.0255 0.0532
vn 0.9255 0.3344 0.1776
vn 0.9234 0.3394 0.1793
vn 0.7127 0.6450 0.2756
vn 0.7054 0.6521 0.2777
vn 0.3906 0.8587 0.3318
vn 0.3781 0.8638 0.3329
usemtl None
s 1
f 97/97/97 113/98/98 114/99/99 98/100/100
f 98/100/100 114/99/99 115/101/101 99/102/102
f 99/102/102 115/101/101 116/103/103 100/104/104
f 100/104/104 116/103/103 117/105/105 101/106/106
f 101/106/106 117/105/105 118/107/107 102/108/108
f 102/108/108 118/107/107 119/109/109 103/110/110
f 103/110/110 119/109/109 120/111/111 104/112/112
f 104/112/112 120/111/111 121/113/113 105/114/114
f 105/114/114 121/113/113 122/115/115 106/116/116
f 106/116/116 122/115/115 123/117/117 107/118/118
f 107/118/118 123/117/117 124/119/119 108/120/120
f 108/120/120 124/119/119 125/121/121 109/122/121
f 109/122/121 125/121/121 126/123/122 110/124/123
f 110/124/123 126/123/122 127/125/124 111/126/125
f 111/126/125 127/125/124 128/127/126 112/128/127
f 112/128/127 128/127/126 113/98/98 97/97/97
o Circle.123
v 9.250000 3.278796 -12.310926
v 9.123714 3.255587 -12.320540
v 9.016655 3.189500 -12.347915
v 8.945119 3.090588 -12.388885
v 8.920000 2.973917 -12.437212
v 8.945119 2.857244 -12.485539
v 9.016655 2.758334 -12.526510
v 9.123714 2.692245 -12.553885
v 9.250000 2.669036 -12.563498
v 9.376286 2.692243 -12.553885
v 9.483345 2.758334 -12.526510
v 9.554881 2.857244 -12.485539
v 9.580000 2.973917 -12.437212
v 9.554881 3.090588 -12.388885
v 9.483345 3.189500 -12.347915
v 9.376286 3.255589 -12.320539
v 9.437500 4.628594 -15.164833
v 9.311214 4.606438 -15.176676
v 9.204155 4.543352 -15.210396
v 9.132619 4.448933 -15.260863
v 9.107500 4.337560 -15.320395
v 9.132619 4.226186 -15.379925
v 9.204155 4.131767 -15.430393
v 9.311214 4.068681 -15.464113
v 9.437500 4.046525 -15.475955
v 9.563786 4.068679 -15.464114
v 9.670845 4.131767 -15.430393
v 9.742381 4.226186 -15.379925
v 9.767500 4.337560 -15.320395
v 9.742381 4.448933 -15.260863
v 9.670845 4.543352 -15.210396
v 9.563786 4.606441 -15.176675
vt 0.9700 0.4074
vt 0.9856 0.4074
vt 0.9846 0.4098
vt 0.9690 0.4098
vt 0.9828 0.4117
vt 0.9671 0.4117
vt 0.9803 0.4127
vt 0.9647 0.4127
vt 0.9777 0.4127
vt 0.9620 0.4127
vt 0.9752 0.4117
vt 0.9596 0.4117
vt 0.9733 0.4098
vt 0.9577 0.4098
vt 0.9723 0.4074
vt 0.9567 0.4074
vt 0.9723 0.4047
vt 0.9567 0.4047
vt 0.9733 0.4023
vt 0.9577 0.4023
vt 0.9752 0.4004
vt 0.9596 0.4004
vt 0.9777 0.3994
vt 0.9620 0.3994
vt 0.9803 0.3994
vt 0.9647 0.3994
vt 0.9828 0.4004
vt 0.9671 0.4004
vt 0.9846 0.4023
vt 0.9690 0.4023
vt 0.9856 0.4047
vt 0.9700 0.4047
vn -0.0073 0.9042 0.4272
vn 0.0073 0.9038 0.4279
vn -0.3781 0.8462 0.3754
vn -0.3906 0.8418 0.3725
vn -0.7054 0.6575 0.2648
vn -0.7127 0.6510 0.2612
vn -0.9234 0.3668 0.1132
vn -0.9255 0.3621 0.1108
vn -0.9983 0.0196 -0.0556
vn -0.9983 0.0195 -0.0557
vn -0.9191 -0.3298 -0.2155
vn -0.9213 -0.3251 -0.2135
vn -0.6994 -0.6276 -0.3420
vn -0.7066 -0.6209 -0.3393
vn -0.3738 -0.8289 -0.4161
vn -0.3862 -0.8240 -0.4146
vn 0.0072 -0.9041 -0.4272
vn -0.0073 -0.9038 -0.4279
vn 0.3862 -0.8432 -0.3739
vn 0.3738 -0.8475 -0.3768
vn 0.7066 -0.6562 -0.2647
vn 0.6994 -0.6625 -0.2682
vn 0.9213 -0.3713 -0.1159
vn 0.9191 -0.3758 -0.1182
vn 0.9983 -0.0306 0.0504
vn 0.9983 -0.0305 0.0505
vn 0.9255 0.3154 0.2096
vn 0.9234 0.3202 0.2117
vn 0.7127 0.6149 0.3375
vn 0.7054 0.6218 0.3403
vn 0.3906 0.8220 0.4144
vn 0.3781 0.8271 0.4160
usemtl None
s 1
f 129/129/128 145/130/129 146/131/130 130/132/131
f 130/132/131 146/131/130 147/133/132 131/134/133
f 131/134/133 147/133/132 148/135/134 132/136/135
f 132/136/135 148/135/134 149/137/136 133/138/137
f 133/138/137 149/137/136 150/139/138 134/140/139
f 134/140/139 150/139/138 151/141/140 135/142/141
f 135/142/141 151/141/140 152/143/142 136/144/143
f 136/144/143 152/143/142 153/145/144 137/146/145
f 137/146/145 153/145/144 154/147/146 138/148/147
f 138/148/147 154/147/146 155/149/148 139/150/149
f 139/150/149 155/149/148 156/151/150 140/152/151
f 140/152/151 156/151/150 157/153/152 141/154/153
f 141/154/153 157/153/152 158/155/154 142/156/155
f 142/156/155 158/155/154 159/157/156 143/158/157
f 143/158/157 159/157/156 160/159/158 144/160/159
f 144/160/159 160/159/158 145/130/129 129/129/128
o Circle.122
v 9.437500 4.628594 -15.164833
v 9.311214 4.606438 -15.176676
v 9.204155 4.543352 -15.210396
v 9.132619 4.448933 -15.260863
v 9.107500 4.337560 -15.320395
v 9.132619 4.226186 -15.379925
v 9.204155 4.131767 -15.430393
v 9.311214 4.068681 -15.464113
v 9.437500 4.046525 -15.475955
v 9.563786 4.068679 -15.464114
v 9.670845 4.131767 -15.430393
v 9.742381 4.226186 -15.379925
v 9.767500 4.337560 -15.320395
v 9.742381 4.448933 -15.260863
v 9.670845 4.543352 -15.210396
v 9.563786 4.606441 -15.176675
v 9.625000 6.251623 -17.872696
v 9.498714 6.230735 -17.886652
v 9.391655 6.171258 -17.926394
v 9.320119 6.082241 -17.985874
v 9.295000 5.977238 -18.056032
v 9.320119 5.872236 -18.126194
v 9.391655 5.783219 -18.185673
v 9.498714 5.723741 -18.225414
v 9.625000 5.702853 -18.239372
v 9.751286 5.723740 -18.225416
v 9.858345 5.783219 -18.185673
v 9.929881 5.872236 -18.126194
v 9.955000 5.977238 -18.056032
v 9.929881 6.082241 -17.985874
v 9.858345 6.171258 -17.926394
v 9.751286 6.230738 -17.886650
vt 0.9856 0.4074
vt 1.0013 0.4074
vt 1.0003 0.4098
vt 0.9846 0.4098
vt 0.9984 0.4117
vt 0.9828 0.4117
vt 0.9959 0.4127
vt 0.9803 0.4127
vt 0.9933 0.4127
vt 0.9777 0.4127
vt 0.9908 0.4117
vt 0.9752 0.4117
vt 0.9890 0.4098
vt 0.9733 0.4098
vt 0.9879 0.4074
vt 0.9723 0.4074
vt 0.9879 0.4047
vt 0.9723 0.4047
vt 0.9890 0.4023
vt 0.9733 0.4023
vt 0.9908 0.4004
vt 0.9752 0.4004
vt 0.9933 0.3994
vt 0.9777 0.3994
vt 0.9959 0.3994
vt 0.9803 0.3994
vt 0.9984 0.4004
vt 0.9828 0.4004
vt 1.0003 0.4023
vt 0.9846 0.4023
vt 1.0013 0.4047
vt 0.9856 0.4047
vn -0.0073 0.8579 0.5137
vn 0.0073 0.8575 0.5145
vn -0.3781 0.8054 0.4566
vn -0.3906 0.8013 0.4533
vn -0.7054 0.6284 0.3280
vn -0.7127 0.6222 0.3238
vn -0.9234 0.3539 0.1486
vn -0.9255 0.3495 0.1458
vn -0.9983 0.0250 -0.0534
vn -0.9983 0.0249 -0.0535
vn -0.9191 -0.3070 -0.2468
vn -0.9213 -0.3026 -0.2443
vn -0.6994 -0.5911 -0.4019
vn -0.7066 -0.5847 -0.3985
vn -0.3738 -0.7841 -0.4954
vn -0.3862 -0.7794 -0.4934
vn 0.0072 -0.8579 -0.5137
vn -0.0073 -0.8575 -0.5145
vn 0.3862 -0.8025 -0.4548
vn 0.3738 -0.8065 -0.4580
vn 0.7066 -0.6271 -0.3277
vn 0.6994 -0.6331 -0.3318
vn 0.9213 -0.3581 -0.1517
vn 0.9191 -0.3624 -0.1544
vn 0.9983 -0.0354 0.0472
vn 0.9255 0.2933 0.2395
vn 0.9234 0.2979 0.2421
vn 0.7127 0.5789 0.3961
vn 0.7054 0.5854 0.3996
vn 0.3906 0.7775 0.4930
vn 0.3781 0.7823 0.4950
usemtl None
s 1
f 161/161/160 177/162/161 178/163/162 162/164/163
f 162/164/163 178/163/162 179/165/164 163/166/165
f 163/166/165 179/165/164 180/167/166 164/168/167
f 164/168/167 180/167/166 181/169/168 165/170/169
f 165/170/169 181/169/168 182/171/170 166/172/171
f 166/172/171 182/171/170 183/173/172 167/174/173
f 167/174/173 183/173/172 184/175/174 168/176/175
f 168/176/175 184/175/174 185/177/176 169/178/177
f 169/178/177 185/177/176 186/179/178 170/180/179
f 170/180/179 186/179/178 187/181/180 171/182/181
f 171/182/181 187/181/180 188/183/182 172/184/183
f 172/184/183 188/183/182 189/185/184 173/186/184
f 173/186/184 189/185/184 190/187/185 174/188/186
f 174/188/186 190/187/185 191/189/187 175/190/188
f 175/190/188 191/189/187 192/191/189 176/192/190
f 176/192/190 192/191/189 177/162/161 161/161/160
o Circle.121
v 9.625000 6.251623 -17.872696
v 9.498714 6.230735 -17.886652
v 9.391655 6.171258 -17.926394
v 9.320119 6.082241 -17.985874
v 9.295000 5.977238 -18.056032
v 9.320119 5.872236 -18.126194
v 9.391655 5.783219 -18.185673
v 9.498714 5.723741 -18.225414
v 9.625000 5.702853 -18.239372
v 9.751286 5.723740 -18.225416
v 9.858345 5.783219 -18.185673
v 9.929881 5.872236 -18.126194
v 9.955000 5.977238 -18.056032
v 9.929881 6.082241 -17.985874
v 9.858345 6.171258 -17.926394
v 9.751286 6.230738 -17.886650
v 9.812500 8.132255 -20.408434
v 9.686214 8.112835 -20.424370
v 9.579155 8.057539 -20.469751
v 9.507619 7.974781 -20.537668
v 9.482500 7.877161 -20.617783
v 9.507619 7.779541 -20.697897
v 9.579155 7.696783 -20.765816
v 9.686214 7.641487 -20.811195
v 9.812500 7.622067 -20.827133
v 9.938786 7.641485 -20.811197
v 10.045845 7.696783 -20.765816
v 10.117381 7.779541 -20.697897
v 10.142500 7.877161 -20.617783
v 10.117381 7.974781 -20.537668
v 10.045845 8.057539 -20.469751
v 9.938786 8.112837 -20.424370
vt 1.0013 0.4074
vt 1.0169 0.4074
vt 1.0159 0.4098
vt 1.0003 0.4098
vt 1.0140 0.4117
vt 0.9984 0.4117
vt 1.0116 0.4127
vt 0.9959 0.4127
vt 1.0089 0.4127
vt 0.9933 0.4127
vt 1.0065 0.4117
vt 0.9908 0.4117
vt 1.0046 0.4098
vt 0.9890 0.4098
vt 1.0036 0.4074
vt 0.9879 0.4074
vt 1.0036 0.4047
vt 0.9879 0.4047
vt 1.0046 0.4023
vt 0.9890 0.4023
vt 1.0065 0.4004
vt 0.9908 0.4004
vt 1.0089 0.3994
vt 0.9933 0.3994
vt 1.0116 0.3994
vt 0.9959 0.3994
vt 1.0140 0.4004
vt 0.9984 0.4004
vt 1.0159 0.4023
vt 1.0003 0.4023
vt 1.0169 0.4047
vt 1.0013 0.4047
vn -0.0073 0.8034 0.5953
vn 0.0073 0.8029 0.5960
vn -0.3781 0.7567 0.5333
vn -0.3906 0.7530 0.5296
vn -0.7054 0.5932 0.3880
vn -0.7127 0.5875 0.3832
vn -0.9234 0.3376 0.1826
vn -0.9255 0.3335 0.1793
vn -0.9983 0.0301 -0.0507
vn -0.9983 0.0300 -0.0508
vn -0.9191 -0.2814 -0.2757
vn -0.9213 -0.2772 -0.2728
vn -0.6994 -0.5488 -0.4579
vn -0.7066 -0.5428 -0.4539
vn -0.3738 -0.7318 -0.5699
vn -0.3862 -0.7273 -0.5674
vn 0.0072 -0.8034 -0.5953
vn -0.0073 -0.8029 -0.5960
vn 0.3862 -0.7541 -0.5312
vn 0.3738 -0.7577 -0.5349
vn 0.7066 -0.5919 -0.3876
vn 0.6994 -0.5975 -0.3923
vn 0.9213 -0.3415 -0.1861
vn 0.9191 -0.3455 -0.1892
vn 0.9983 -0.0399 0.0435
vn 0.9983 -0.0398 0.0435
vn 0.9255 0.2684 0.2671
vn 0.9234 0.2727 0.2701
vn 0.7127 0.5373 0.4510
vn 0.7054 0.5434 0.4550
vn 0.3906 0.7254 0.5668
vn 0.3781 0.7300 0.5693
usemtl None
s 1
f 193/193/191 209/194/192 210/195/193 194/196/194
f 194/196/194 210/195/193 211/197/195 195/198/196
f 195/198/196 211/197/195 212/199/197 196/200/198
f 196/200/198 212/199/197 213/201/199 197/202/200
f 197/202/200 213/201/199 214/203/201 198/204/202
f 198/204/202 214/203/201 215/205/203 199/206/204
f 199/206/204 215/205/203 216/207/205 200/208/206
f 200/208/206 216/207/205 217/209/207 201/210/208
f 201/210/208 217/209/207 218/211/209 202/212/210
f 202/212/210 218/211/209 219/213/211 203/214/212
f 203/214/212 219/213/211 220/215/213 204/216/214
f 204/216/214 220/215/213 221/217/215 205/218/216
f 205/218/216 221/217/215 222/219/217 206/220/218
f 206/220/218 222/219/217 223/221/219 207/222/220
f 207/222/220 223/221/219 224/223/221 208/224/222
f 208/224/222 224/223/221 209/194/192 193/193/191
o Circle.120
v 9.812500 8.132255 -20.408434
v 9.686214 8.112835 -20.424370
v 9.579155 8.057539 -20.469751
v 9.507619 7.974781 -20.537668
v 9.482500 7.877161 -20.617783
v 9.507619 7.779541 -20.697897
v 9.579155 7.696783 -20.765816
v 9.686214 7.641487 -20.811195
v 9.812500 7.622067 -20.827133
v 9.938786 7.641485 -20.811197
v 10.045845 7.696783 -20.765816
v 10.117381 7.779541 -20.697897
v 10.142500 7.877161 -20.617783
v 10.117381 7.974781 -20.537668
v 10.045845 8.057539 -20.469751
v 9.938786 8.112837 -20.424370
v 10.000000 10.252376 -22.747625
v 9.873714 10.234612 -22.765388
v 9.766655 10.184031 -22.815969
v 9.695119 10.108328 -22.891672
v 9.670000 10.019031 -22.980970
v 9.695119 9.929733 -23.070267
v 9.766655 9.854031 -23.145971
v 9.873714 9.803449 -23.196552
v 10.000000 9.785685 -23.214315
v 10.126286 9.803447 -23.196554
v 10.233345 9.854031 -23.145971
v 10.304881 9.929733 -23.070267
v 10.330000 10.019031 -22.980970
v 10.304881 10.108328 -22.891672
v 10.233345 10.184031 -22.815969
v 10.126286 10.234613 -22.765387
vt 1.0169 0.4074
vt 1.0325 0.4074
vt 1.0315 0.4098
vt 1.0159 0.4098
vt 1.0296 0.4117
vt 1.0140 0.4117
vt 1.0272 0.4127
vt 1.0116 0.4127
vt 1.0245 0.4127
vt 1.0089 0.4127
vt 1.0221 0.4117
vt 1.0065 0.4117
vt 1.0202 0.4098
vt 1.0046 0.4098
vt 1.0192 0.4074
vt 1.0036 0.4074
vt 1.0192 0.4047
vt 1.0036 0.4047
vt 1.0202 0.4023
vt 1.0046 0.4023
vt 1.0221 0.4004
vt 1.0065 0.4004
vt 1.0245 0.3994
vt 1.0089 0.3994
vt 1.0272 0.3994
vt 1.0116 0.3994
vt 1.0296 0.4004
vt 1.0140 0.4004
vt 1.0315 0.4023
vt 1.0159 0.4023
vt 1.0325 0.4047
vt 1.0169 0.4047
vn -0.0073 0.7412 0.6712
vn 0.0073 0.7406 0.6719
vn -0.3781 0.7008 0.6049
vn -0.3906 0.6974 0.6009
vn -0.7054 0.5523 0.4442
vn -0.7127 0.5471 0.4390
vn -0.9234 0.3181 0.2148
vn -0.9255 0.3143 0.2112
vn -0.9983 0.0349 -0.0475
vn -0.9983 0.0349 -0.0476
vn -0.9191 -0.2530 -0.3020
vn -0.9213 -0.2492 -0.2987
vn -0.6994 -0.5013 -0.5095
vn -0.7066 -0.4957 -0.5049
vn -0.3738 -0.6724 -0.6388
vn -0.3862 -0.6681 -0.6359
vn 0.0072 -0.7412 -0.6712
vn -0.0073 -0.7406 -0.6719
vn 0.3862 -0.6984 -0.6026
vn 0.3738 -0.7017 -0.6066
vn 0.7066 -0.5511 -0.4438
vn 0.6994 -0.5562 -0.4489
vn 0.9213 -0.3216 -0.2187
vn 0.9191 -0.3253 -0.2222
vn 0.9983 -0.0440 0.0394
vn 0.9983 -0.0439 0.0394
vn 0.9255 0.2410 0.2921
vn 0.9234 0.2449 0.2955
vn 0.7127 0.4905 0.5015
vn 0.7054 0.4962 0.5061
vn 0.3906 0.6663 0.6352
vn 0.3781 0.6707 0.6381
usemtl None
s 1
f 225/225/223 241/226/224 242/227/225 226/228/226
f 226/228/226 242/227/225 243/229/227 227/230/228
f 227/230/228 243/229/227 244/231/229 228/232/230
f 228/232/230 244/231/229 245/233/231 229/234/232
f 229/234/232 245/233/231 246/235/233 230/236/234
f 230/236/234 246/235/233 247/237/235 231/238/236
f 231/238/236 247/237/235 248/239/237 232/240/238
f 232/240/238 248/239/237 249/241/239 233/242/240
f 233/242/240 249/241/239 250/243/241 234/244/242
f 234/244/242 250/243/241 251/245/243 235/246/244
f 235/246/244 251/245/243 252/247/245 236/248/246
f 236/248/246 252/247/245 253/249/247 237/250/248
f 237/250/248 253/249/247 254/251/249 238/252/250
f 238/252/250 254/251/249 255/253/251 239/254/252
f 239/254/252 255/253/251 256/255/253 240/256/254
f 240/256/254 256/255/253 241/226/224 225/225/223
o Circle.119
v 10.000000 10.252376 -22.747625
v 9.873714 10.234612 -22.765388
v 9.766655 10.184031 -22.815969
v 9.695119 10.108328 -22.891672
v 9.670000 10.019031 -22.980970
v 9.695119 9.929733 -23.070267
v 9.766655 9.854031 -23.145971
v 9.873714 9.803449 -23.196552
v 10.000000 9.785685 -23.214315
v 10.126286 9.803447 -23.196554
v 10.233345 9.854031 -23.145971
v 10.304881 9.929733 -23.070267
v 10.330000 10.019031 -22.980970
v 10.304881 10.108328 -22.891672
v 10.233345 10.184031 -22.815969
v 10.126286 10.234613 -22.765387
v 10.187500 12.591569 -24.867746
v 10.061214 12.575631 -24.887165
v 9.954155 12.530252 -24.942461
v 9.882619 12.462334 -25.025219
v 9.857500 12.382219 -25.122839
v 9.882619 12.302105 -25.220459
v 9.954155 12.234186 -25.303217
v 10.061214 12.188806 -25.358513
v 10.187500 12.172869 -25.377932
v 10.313786 12.188805 -25.358515
v 10.420845 12.234186 -25.303217
v 10.492381 12.302105 -25.220459
v 10.517500 12.382219 -25.122839
v 10.492381 12.462334 -25.025219
v 10.420845 12.530252 -24.942461
v 10.313786 12.575633 -24.887163
vt 1.0325 0.4074
vt 1.0481 0.4074
vt 1.0471 0.4098
vt 1.0315 0.4098
vt 1.0453 0.4117
vt 1.0296 0.4117
vt 1.0428 0.4127
vt 1.0272 0.4127
vt 1.0402 0.4127
vt 1.0245 0.4127
vt 1.0377 0.4117
vt 1.0221 0.4117
vt 1.0358 0.4098
vt 1.0202 0.4098
vt 1.0348 0.4074
vt 1.0192 0.4074
vt 1.0348 0.4047
vt 1.0192 0.4047
vt 1.0358 0.4023
vt 1.0202 0.4023
vt 1.0377 0.4004
vt 1.0221 0.4004
vt 1.0402 0.3994
vt 1.0245 0.3994
vt 1.0428 0.3994
vt 1.0272 0.3994
vt 1.0453 0.4004
vt 1.0296 0.4004
vt 1.0471 0.4023
vt 1.0315 0.4023
vt 1.0481 0.4047
vt 1.0325 0.4047
vn -0.0073 0.6719 0.7406
vn 0.0073 0.6712 0.7412
vn -0.3781 0.6381 0.6707
vn -0.3906 0.6352 0.6663
vn -0.7054 0.5061 0.4962
vn -0.7127 0.5015 0.4905
vn -0.9234 0.2955 0.2449
vn -0.9255 0.2921 0.2410
vn -0.9983 0.0394 -0.0439
vn -0.9983 0.0394 -0.0440
vn -0.9191 -0.2222 -0.3253
vn -0.9213 -0.2187 -0.3216
vn -0.6994 -0.4489 -0.5562
vn -0.7066 -0.4438 -0.5511
vn -0.3738 -0.6066 -0.7017
vn -0.3862 -0.6026 -0.6984
vn 0.0073 -0.6719 -0.7406
vn -0.0073 -0.6712 -0.7412
vn 0.3862 -0.6359 -0.6681
vn 0.3738 -0.6388 -0.6724
vn 0.7066 -0.5049 -0.4957
vn 0.6994 -0.5095 -0.5013
vn 0.9213 -0.2987 -0.2492
vn 0.9191 -0.3020 -0.2530
vn 0.9983 -0.0476 0.0349
vn 0.9983 -0.0475 0.0349
vn 0.9255 0.2112 0.3143
vn 0.9234 0.2148 0.3181
vn 0.7127 0.4390 0.5471
vn 0.7054 0.4442 0.5523
vn 0.3906 0.6009 0.6974
vn 0.3781 0.6049 0.7008
usemtl None
s 1
f 257/257/255 273/258/256 274/259/257 258/260/258
f 258/260/258 274/259/257 275/261/259 259/262/260
f 259/262/260 275/261/259 276/263/261 260/264/262
f 260/264/262 276/263/261 277/265/263 261/266/264
f 261/266/264 277/265/263 278/267/265 262/268/266
f 262/268/266 278/267/265 279/269/267 263/270/268
f 263/270/268 279/269/267 280/271/269 264/272/270
f 264/272/270 280/271/269 281/273/271 265/274/272
f 265/274/272 281/273/271 282/275/273 266/276/274
f 266/276/274 282/275/273 283/277/275 267/278/276
f 267/278/276 283/277/275 284/279/277 268/280/278
f 268/280/278 284/279/277 285/281/279 269/282/280
f 269/282/280 285/281/279 286/283/281 270/284/282
f 270/284/282 286/283/281 287/285/283 271/286/284
f 271/286/284 287/285/283 288/287/285 272/288/286
f 272/288/286 288/287/285 273/258/256 257/257/255
o Circle.118
v 10.187500 12.591569 -24.867746
v 10.061214 12.575631 -24.887165
v 9.954155 12.530252 -24.942461
v 9.882619 12.462334 -25.025219
v 9.857500 12.382219 -25.122839
v 9.882619 12.302105 -25.220459
v 9.954155 12.234186 -25.303217
v 10.061214 12.188806 -25.358513
v 10.187500 12.172869 -25.377932
v 10.313786 12.188805 -25.358515
v 10.420845 12.234186 -25.303217
v 10.492381 12.302105 -25.220459
v 10.517500 12.382219 -25.122839
v 10.492381 12.462334 -25.025219
v 10.420845 12.530252 -24.942461
v 10.313786 12.575633 -24.887163
v 10.375000 15.127307 -26.748379
v 10.248714 15.113350 -26.769266
v 10.141655 15.073608 -26.828743
v 10.070119 15.014129 -26.917761
v 10.045000 14.943970 -27.022764
v 10.070119 14.873809 -27.127766
v 10.141655 14.814329 -27.216784
v 10.248714 14.774588 -27.276262
v 10.375000 14.760631 -27.297150
v 10.501286 14.774586 -27.276262
v 10.608345 14.814329 -27.216784
v 10.679881 14.873809 -27.127766
v 10.705000 14.943970 -27.022764
v 10.679881 15.014129 -26.917761
v 10.608345 15.073608 -26.828743
v 10.501286 15.113352 -26.769264
vt 1.0481 0.4074
vt 1.0638 0.4074
vt 1.0628 0.4098
vt 1.0471 0.4098
vt 1.0609 0.4117
vt 1.0453 0.4117
vt 1.0584 0.4127
vt 1.0428 0.4127
vt 1.0558 0.4127
vt 1.0402 0.4127
vt 1.0533 0.4117
vt 1.0377 0.4117
vt 1.0515 0.4098
vt 1.0358 0.4098
vt 1.0504 0.4074
vt 1.0348 0.4074
vt 1.0504 0.4047
vt 1.0348 0.4047
vt 1.0515 0.4023
vt 1.0358 0.4023
vt 1.0533 0.4004
vt 1.0377 0.4004
vt 1.0558 0.3994
vt 1.0402 0.3994
vt 1.0584 0.3994
vt 1.0428 0.3994
vt 1.0609 0.4004
vt 1.0453 0.4004
vt 1.0628 0.4023
vt 1.0471 0.4023
vt 1.0638 0.4047
vt 1.0481 0.4047
vn -0.0073 0.5960 0.8029
vn 0.0073 0.5953 0.8034
vn -0.3781 0.5693 0.7300
vn -0.3906 0.5668 0.7254
vn -0.7054 0.4550 0.5434
vn -0.7127 0.4510 0.5373
vn -0.9234 0.2701 0.2727
vn -0.9255 0.2671 0.2684
vn -0.9983 0.0435 -0.0398
vn -0.9983 0.0435 -0.0399
vn -0.9191 -0.1892 -0.3455
vn -0.9213 -0.1861 -0.3415
vn -0.6994 -0.3923 -0.5975
vn -0.7066 -0.3876 -0.5919
vn -0.3738 -0.5349 -0.7577
vn -0.3862 -0.5312 -0.7541
vn 0.0072 -0.5960 -0.8029
vn -0.0073 -0.5953 -0.8034
vn 0.3862 -0.5674 -0.7273
vn 0.3738 -0.5699 -0.7318
vn 0.7066 -0.4539 -0.5428
vn 0.6994 -0.4579 -0.5488
vn 0.9213 -0.2728 -0.2772
vn 0.9191 -0.2757 -0.2814
vn 0.9983 -0.0508 0.0300
vn 0.9983 -0.0507 0.0301
vn 0.9255 0.1793 0.3335
vn 0.9234 0.1826 0.3376
vn 0.7127 0.3832 0.5875
vn 0.7054 0.3880 0.5932
vn 0.3905 0.5296 0.7530
vn 0.3781 0.5333 0.7567
usemtl None
s 1
f 289/289/287 305/290/288 306/291/289 290/292/290
f 290/292/290 306/291/289 307/293/291 291/294/292
f 291/294/292 307/293/291 308/295/293 292/296/294
f 292/296/294 308/295/293 309/297/295 293/298/296
f 293/298/296 309/297/295 310/299/297 294/300/298
f 294/300/298 310/299/297 311/301/299 295/302/300
f 295/302/300 311/301/299 312/303/301 296/304/302
f 296/304/302 312/303/301 313/305/303 297/306/304
f 297/306/304 313/305/303 314/307/305 298/308/306
f 298/308/306 314/307/305 315/309/307 299/310/308
f 299/310/308 315/309/307 316/311/309 300/312/310
f 300/312/310 316/311/309 317/313/311 301/314/312
f 301/314/312 317/313/311 318/315/313 302/316/314
f 302/316/314 318/315/313 319/317/315 303/318/316
f 303/318/316 319/317/315 320/319/317 304/320/318
f 304/320/318 320/319/317 305/290/288 289/289/287
o Circle.117
v 10.375000 15.127307 -26.748379
v 10.248714 15.113350 -26.769266
v 10.141655 15.073608 -26.828743
v 10.070119 15.014129 -26.917761
v 10.045000 14.943970 -27.022764
v 10.070119 14.873809 -27.127766
v 10.141655 14.814329 -27.216784
v 10.248714 14.774588 -27.276262
v 10.375000 14.760631 -27.297150
v 10.501286 14.774586 -27.276262
v 10.608345 14.814329 -27.216784
v 10.679881 14.873809 -27.127766
v 10.705000 14.943970 -27.022764
v 10.679881 15.014129 -26.917761
v 10.608345 15.073608 -26.828743
v 10.501286 15.113352 -26.769264
v 10.562500 17.835169 -28.371408
v 10.436214 17.823328 -28.393564
v 10.329155 17.789606 -28.456650
v 10.257619 17.739138 -28.551069
v 10.232500 17.679607 -28.662441
v 10.257619 17.620077 -28.773817
v 10.329155 17.569609 -28.868235
v 10.436214 17.535889 -28.931320
v 10.562500 17.524048 -28.953476
v 10.688786 17.535889 -28.931324
v 10.795845 17.569609 -28.868235
v 10.867381 17.620077 -28.773817
v 10.892500 17.679607 -28.662441
v 10.867381 17.739138 -28.551069
v 10.795845 17.789606 -28.456650
v 10.688786 17.823328 -28.393562
vt 1.0638 0.4074
vt 1.0794 0.4074
vt 1.0784 0.4098
vt 1.0628 0.4098
vt 1.0765 0.4117
vt 1.0609 0.4117
vt 1.0741 0.4127
vt 1.0584 0.4127
vt 1.0714 0.4127
vt 1.0558 0.4127
vt 1.0690 0.4117
vt 1.0533 0.4117
vt 1.0671 0.4098
vt 1.0515 0.4098
vt 1.0661 0.4074
vt 1.0504 0.4074
vt 1.0661 0.4047
vt 1.0504 0.4047
vt 1.0671 0.4023
vt 1.0515 0.4023
vt 1.0690 0.4004
vt 1.0533 0.4004
vt 1.0714 0.3994
vt 1.0558 0.3994
vt 1.0741 0.3994
vt 1.0584 0.3994
vt 1.0765 0.4004
vt 1.0609 0.4004
vt 1.0784 0.4023
vt 1.0628 0.4023
vt 1.0794 0.4047
vt 1.0638 0.4047
vn -0.0073 0.5145 0.8575
vn 0.0073 0.5137 0.8579
vn -0.3781 0.4950 0.7823
vn -0.3906 0.4930 0.7774
vn -0.7054 0.3996 0.5854
vn -0.7127 0.3961 0.5789
vn -0.9234 0.2421 0.2979
vn -0.9255 0.2395 0.2933
vn -0.9983 0.0472 -0.0353
vn -0.9983 0.0472 -0.0354
vn -0.9191 -0.1544 -0.3624
vn -0.9213 -0.1517 -0.3581
vn -0.6994 -0.3318 -0.6331
vn -0.7066 -0.3277 -0.6271
vn -0.3738 -0.4580 -0.8065
vn -0.3862 -0.4548 -0.8025
vn 0.0072 -0.5144 -0.8575
vn -0.0073 -0.5137 -0.8579
vn 0.3862 -0.4934 -0.7794
vn 0.3738 -0.4954 -0.7841
vn 0.7066 -0.3985 -0.5846
vn 0.6994 -0.4019 -0.5911
vn 0.9213 -0.2443 -0.3026
vn 0.9191 -0.2468 -0.3070
vn 0.9983 -0.0535 0.0249
vn 0.9983 -0.0534 0.0250
vn 0.9255 0.1458 0.3495
vn 0.9234 0.1486 0.3539
vn 0.7127 0.3238 0.6222
vn 0.7054 0.3279 0.6284
vn 0.3906 0.4533 0.8013
vn 0.3781 0.4566 0.8054
usemtl None
s 1
f 321/321/319 337/322/320 338/323/321 322/324/322
f 322/324/322 338/323/321 339/325/323 323/326/324
f 323/326/324 339/325/323 340/327/325 324/328/326
f 324/328/326 340/327/325 341/329/327 325/330/328
f 325/330/328 341/329/327 342/331/329 326/332/330
f 326/332/330 342/331/329 343/333/331 327/334/332
f 327/334/332 343/333/331 344/335/333 328/336/334
f 328/336/334 344/335/333 345/337/335 329/338/336
f 329/338/336 345/337/335 346/339/337 330/340/338
f 330/340/338 346/339/337 347/341/339 331/342/340
f 331/342/340 347/341/339 348/343/341 332/344/342
f 332/344/342 348/343/341 349/345/343 333/346/344
f 333/346/344 349/345/343 350/347/345 334/348/346
f 334/348/346 350/347/345 351/349/347 335/350/348
f 335/350/348 351/349/347 352/351/349 336/352/350
f 336/352/350 352/351/349 337/322/320 321/321/319
o Circle.116
v 10.562500 17.835169 -28.371408
v 10.436214 17.823328 -28.393564
v 10.329155 17.789606 -28.456650
v 10.257619 17.739138 -28.551069
v 10.232500 17.679607 -28.662441
v 10.257619 17.620077 -28.773817
v 10.329155 17.569609 -28.868235
v 10.436214 17.535889 -28.931320
v 10.562500 17.524048 -28.953476
v 10.688786 17.535889 -28.931324
v 10.795845 17.569609 -28.868235
v 10.867381 17.620077 -28.773817
v 10.892500 17.679607 -28.662441
v 10.867381 17.739138 -28.551069
v 10.795845 17.789606 -28.456650
v 10.688786 17.823328 -28.393562
v 10.750000 20.689075 -29.721205
v 10.623714 20.679461 -29.744413
v 10.516655 20.652086 -29.810501
v 10.445119 20.611118 -29.909412
v 10.420000 20.562790 -30.026083
v 10.445119 20.514463 -30.142756
v 10.516655 20.473494 -30.241667
v 10.623714 20.446117 -30.307755
v 10.750000 20.436504 -30.330965
v 10.876286 20.446117 -30.307758
v 10.983345 20.473494 -30.241667
v 11.054881 20.514463 -30.142756
v 11.080000 20.562790 -30.026083
v 11.054881 20.611118 -29.909412
v 10.983345 20.652086 -29.810501
v 10.876286 20.679462 -29.744411
vt 1.0794 0.4074
vt 1.0950 0.4074
vt 1.0940 0.4098
vt 1.0784 0.4098
vt 1.0921 0.4117
vt 1.0765 0.4117
vt 1.0897 0.4127
vt 1.0741 0.4127
vt 1.0870 0.4127
vt 1.0714 0.4127
vt 1.0846 0.4117
vt 1.0690 0.4117
vt 1.0827 0.4098
vt 1.0671 0.4098
vt 1.0817 0.4074
vt 1.0661 0.4074
vt 1.0817 0.4047
vt 1.0661 0.4047
vt 1.0827 0.4023
vt 1.0671 0.4023
vt 1.0846 0.4004
vt 1.0690 0.4004
vt 1.0870 0.3994
vt 1.0714 0.3994
vt 1.0897 0.3994
vt 1.0741 0.3994
vt 1.0921 0.4004
vt 1.0765 0.4004
vt 1.0940 0.4023
vt 1.0784 0.4023
vt 1.0950 0.4047
vt 1.0794 0.4047
vn -0.0073 0.4279 0.9038
vn 0.0073 0.4272 0.9042
vn -0.3781 0.4160 0.8271
vn -0.3906 0.4144 0.8220
vn -0.7054 0.3403 0.6218
vn -0.7127 0.3375 0.6149
vn -0.9234 0.2117 0.3202
vn -0.9255 0.2096 0.3154
vn -0.9983 0.0505 -0.0305
vn -0.9983 0.0504 -0.0306
vn -0.9191 -0.1182 -0.3758
vn -0.9213 -0.1159 -0.3713
vn -0.6994 -0.2682 -0.6625
vn -0.7066 -0.2647 -0.6562
vn -0.3738 -0.3768 -0.8475
vn -0.3862 -0.3739 -0.8432
vn 0.0072 -0.4279 -0.9038
vn -0.0073 -0.4272 -0.9041
vn 0.3862 -0.4146 -0.8240
vn 0.3738 -0.4161 -0.8289
vn 0.7066 -0.3393 -0.6209
vn 0.6994 -0.3420 -0.6276
vn 0.9213 -0.2135 -0.3251
vn 0.9191 -0.2155 -0.3298
vn 0.9983 -0.0557 0.0196
vn 0.9983 -0.0556 0.0196
vn 0.9255 0.1108 0.3621
vn 0.9234 0.1132 0.3668
vn 0.7127 0.2612 0.6510
vn 0.7054 0.2648 0.6575
vn 0.3906 0.3725 0.8418
vn 0.3781 0.3754 0.8462
usemtl None
s 1
f 353/353/351 369/354/352 370/355/353 354/356/354
f 354/356/354 370/355/353 371/357/355 355/358/356
f 355/358/356 371/357/355 372/359/357 356/360/358
f 356/360/358 372/359/357 373/361/359 357/362/360
f 357/362/360 373/361/359 374/363/361 358/364/362
f 358/364/362 374/363/361 375/365/363 359/366/364
f 359/366/364 375/365/363 376/367/365 360/368/366
f 360/368/366 376/367/365 377/369/367 361/370/368
f 361/370/368 377/369/367 378/371/369 362/372/370
f 362/372/370 378/371/369 379/373/371 363/374/372
f 363/374/372 379/373/371 380/375/373 364/376/374
f 364/376/374 380/375/373 381/377/375 365/378/376
f 365/378/376 381/377/375 382/379/377 366/380/378
f 366/380/378 382/379/377 383/381/379 367/382/380
f 367/382/380 383/381/379 384/383/381 368/384/382
f 368/384/382 384/383/381 369/354/352 353/353/351
o Circle.115
v 10.750000 20.689075 -29.721205
v 10.623714 20.679461 -29.744413
v 10.516655 20.652086 -29.810501
v 10.445119 20.611118 -29.909412
v 10.420000 20.562790 -30.026083
v 10.445119 20.514463 -30.142756
v 10.516655 20.473494 -30.241667
v 10.623714 20.446117 -30.307755
v 10.750000 20.436504 -30.330965
v 10.876286 20.446117 -30.307758
v 10.983345 20.473494 -30.241667
v 11.054881 20.514463 -30.142756
v 11.080000 20.562790 -30.026083
v 11.054881 20.611118 -29.909412
v 10.983345 20.652086 -29.810501
v 10.876286 20.679462 -29.744411
v 10.937500 23.661543 -30.784771
v 10.811214 23.654249 -30.808811
v 10.704155 23.633486 -30.877264
v 10.632619 23.602407 -30.979713
v 10.607500 23.565748 -31.100561
v 10.632619 23.529089 -31.221409
v 10.704155 23.498013 -31.323858
v 10.811214 23.477247 -31.392313
v 10.937500 23.469954 -31.416351
v 11.063786 23.477247 -31.392315
v 11.170845 23.498013 -31.323858
v 11.242381 23.529089 -31.221409
v 11.267500 23.565748 -31.100561
v 11.242381 23.602407 -30.979713
v 11.170845 23.633486 -30.877264
v 11.063786 23.654251 -30.808809
vt 1.0950 0.4074
vt 1.1106 0.4074
vt 1.1096 0.4098
vt 1.0940 0.4098
vt 1.1078 0.4117
vt 1.0921 0.4117
vt 1.1053 0.4127
vt 1.0897 0.4127
vt 1.1027 0.4127
vt 1.0870 0.4127
vt 1.1002 0.4117
vt 1.0846 0.4117
vt 1.0983 0.4098
vt 1.0827 0.4098
vt 1.0973 0.4074
vt 1.0817 0.4074
vt 1.0973 0.4047
vt 1.0817 0.4047
vt 1.0983 0.4023
vt 1.0827 0.4023
vt 1.1002 0.4004
vt 1.0846 0.4004
vt 1.1027 0.3994
vt 1.0870 0.3994
vt 1.1053 0.3994
vt 1.0897 0.3994
vt 1.1078 0.4004
vt 1.0921 0.4004
vt 1.1096 0.4023
vt 1.0940 0.4023
vt 1.1106 0.4047
vt 1.0950 0.4047
vn -0.0073 0.3373 0.9414
vn 0.0073 0.3365 0.9417
vn -0.3781 0.3329 0.8638
vn -0.3906 0.3318 0.8587
vn -0.7054 0.2777 0.6521
vn -0.7127 0.2756 0.6450
vn -0.9234 0.1793 0.3394
vn -0.9255 0.1776 0.3344
vn -0.9983 0.0532 -0.0255
vn -0.9191 -0.0808 -0.3856
vn -0.9213 -0.0790 -0.3808
vn -0.6994 -0.2019 -0.6856
vn -0.7066 -0.1991 -0.6790
vn -0.3738 -0.2919 -0.8804
vn -0.3862 -0.2895 -0.8758
vn 0.0072 -0.3373 -0.9414
vn -0.0073 -0.3365 -0.9417
vn 0.3862 -0.3319 -0.8606
vn 0.3738 -0.3329 -0.8657
vn 0.7066 -0.2768 -0.6512
vn 0.6994 -0.2789 -0.6581
vn 0.9213 -0.1806 -0.3445
vn 0.9191 -0.1822 -0.3493
vn 0.9983 -0.0573 0.0140
vn 0.9983 -0.0573 0.0141
vn 0.9255 0.0748 0.3712
vn 0.9234 0.0767 0.3761
vn 0.7127 0.1962 0.6735
vn 0.7054 0.1991 0.6803
vn 0.3906 0.2882 0.8743
vn 0.3781 0.2907 0.8789
usemtl None
s 1
f 385/385/383 401/386/384 402/387/385 386/388/386
f 386/388/386 402/387/385 403/389/387 387/390/388
f 387/390/388 403/389/387 404/391/389 388/392/390
f 388/392/390 404/391/389 405/393/391 389/394/391
f 389/394/391 405/393/391 406/395/392 390/396/393
f 390/396/393 406/395/392 407/397/394 391/398/395
f 391/398/395 407/397/394 408/399/396 392/400/397
f 392/400/397 408/399/396 409/401/398 393/402/399
f 393/402/399 409/401/398 410/403/400 394/404/401
f 394/404/401 410/403/400 411/405/402 395/406/403
f 395/406/403 411/405/402 412/407/404 396/408/405
f 396/408/405 412/407/404 413/409/406 397/410/407
f 397/410/407 413/409/406 414/411/408 398/412/409
f 398/412/409 414/411/408 415/413/410 399/414/411
f 399/414/411 415/413/410 416/415/412 400/416/413
f 400/416/413 416/415/412 401/386/384 385/385/383
o Circle.114
v 10.937500 23.661543 -30.784771
v 10.811214 23.654249 -30.808811
v 10.704155 23.633486 -30.877264
v 10.632619 23.602407 -30.979713
v 10.607500 23.565748 -31.100561
v 10.632619 23.529089 -31.221409
v 10.704155 23.498013 -31.323858
v 10.811214 23.477247 -31.392313
v 10.937500 23.469954 -31.416351
v 11.063786 23.477247 -31.392315
v 11.170845 23.498013 -31.323858
v 11.242381 23.529089 -31.221409
v 11.267500 23.565748 -31.100561
v 11.242381 23.602407 -30.979713
v 11.170845 23.633486 -30.877264
v 11.063786 23.654251 -30.808809
v 11.125000 26.723946 -31.551863
v 10.998714 26.719046 -31.576504
v 10.891655 26.705090 -31.646662
v 10.820119 26.684204 -31.751665
v 10.795000 26.659567 -31.875523
v 10.820119 26.634930 -31.999380
v 10.891655 26.614042 -32.104385
v 10.998714 26.600088 -32.174541
v 11.125000 26.595188 -32.199181
v 11.251286 26.600086 -32.174545
v 11.358345 26.614042 -32.104385
v 11.429881 26.634930 -31.999380
v 11.455000 26.659567 -31.875523
v 11.429881 26.684204 -31.751665
v 11.358345 26.705090 -31.646662
v 11.251286 26.719046 -31.576500
vt 1.1106 0.4074
vt 1.1263 0.4074
vt 1.1253 0.4098
vt 1.1096 0.4098
vt 1.1234 0.4117
vt 1.1078 0.4117
vt 1.1209 0.4127
vt 1.1053 0.4127
vt 1.1183 0.4127
vt 1.1027 0.4127
vt 1.1158 0.4117
vt 1.1002 0.4117
vt 1.1140 0.4098
vt 1.0983 0.4098
vt 1.1129 0.4074
vt 1.0973 0.4074
vt 1.1129 0.4047
vt 1.0973 0.4047
vt 1.1140 0.4023
vt 1.0983 0.4023
vt 1.1158 0.4004
vt 1.1002 0.4004
vt 1.1183 0.3994
vt 1.1027 0.3994
vt 1.1209 0.3994
vt 1.1053 0.3994
vt 1.1234 0.4004
vt 1.1078 0.4004
vt 1.1253 0.4023
vt 1.1096 0.4023
vt 1.1263 0.4047
vt 1.1106 0.4047
vn -0.0073 0.2434 0.9699
vn 0.0073 0.2426 0.9701
vn -0.3781 0.2466 0.8923
vn -0.3906 0.2461 0.8871
vn -0.7054 0.2124 0.6762
vn -0.7127 0.2110 0.6689
vn -0.9234 0.1452 0.3553
vn -0.9255 0.1440 0.3502
vn -0.9983 0.0555 -0.0201
vn -0.9983 0.0554 -0.0202
vn -0.9191 -0.0426 -0.3916
vn -0.9213 -0.0412 -0.3867
vn -0.6994 -0.1338 -0.7021
vn -0.7066 -0.1316 -0.6952
vn -0.3738 -0.2042 -0.9048
vn -0.3862 -0.2022 -0.9000
vn 0.0072 -0.2434 -0.9699
vn -0.0073 -0.2426 -0.9701
vn 0.3862 -0.2459 -0.8890
vn 0.3738 -0.2464 -0.8942
vn 0.7066 -0.2117 -0.6752
vn 0.6994 -0.2130 -0.6823
vn 0.9213 -0.1459 -0.3605
vn 0.9191 -0.1470 -0.3655
vn 0.9983 -0.0584 0.0083
vn 0.9983 -0.0584 0.0084
vn 0.9255 0.0381 0.3767
vn 0.9234 0.0395 0.3818
vn 0.7127 0.1292 0.6894
vn 0.7054 0.1314 0.6965
vn 0.3906 0.2011 0.8983
vn 0.3781 0.2031 0.9032
usemtl None
s 1
f 417/417/414 433/418/415 434/419/416 418/420/417
f 418/420/417 434/419/416 435/421/418 419/422/419
f 419/422/419 435/421/418 436/423/420 420/424/421
f 420/424/421 436/423/420 437/425/422 421/426/423
f 421/426/423 437/425/422 438/427/424 422/428/425
f 422/428/425 438/427/424 439/429/426 423/430/427
f 423/430/427 439/429/426 440/431/428 424/432/429
f 424/432/429 440/431/428 441/433/430 425/434/431
f 425/434/431 441/433/430 442/435/432 426/436/433
f 426/436/433 442/435/432 443/437/434 427/438/435
f 427/438/435 443/437/434 444/439/436 428/440/437
f 428/440/437 444/439/436 445/441/438 429/442/439
f 429/442/439 445/441/438 446/443/440 430/444/441
f 430/444/441 446/443/440 447/445/442 431/446/443
f 431/446/443 447/445/442 448/447/444 432/448/445
f 432/448/445 448/447/444 433/418/415 417/417/414
o Circle.113
v 11.125000 26.723946 -31.551863
v 10.998714 26.719046 -31.576504
v 10.891655 26.705090 -31.646662
v 10.820119 26.684204 -31.751665
v 10.795000 26.659567 -31.875523
v 10.820119 26.634930 -31.999380
v 10.891655 26.614042 -32.104385
v 10.998714 26.600088 -32.174541
v 11.125000 26.595188 -32.199181
v 11.251286 26.600086 -32.174545
v 11.358345 26.614042 -32.104385
v 11.429881 26.634930 -31.999380
v 11.455000 26.659567 -31.875523
v 11.429881 26.684204 -31.751665
v 11.358345 26.705090 -31.646662
v 11.251286 26.719046 -31.576500
v 11.312500 29.846788 -32.015095
v 11.186214 29.844326 -32.040092
v 11.079155 29.837315 -32.111282
v 11.007619 29.826820 -32.217827
v 10.982500 29.814444 -32.343502
v 11.007619 29.802065 -32.469181
v 11.079155 29.791571 -32.575726
v 11.186214 29.784559 -32.646915
v 11.312500 29.782097 -32.671913
v 11.438786 29.784559 -32.646915
v 11.545845 29.791571 -32.575726
v 11.617381 29.802065 -32.469181
v 11.642500 29.814444 -32.343502
v 11.617381 29.826820 -32.217827
v 11.545845 29.837315 -32.111282
v 11.438786 29.844326 -32.040092
vt 1.1263 0.4074
vt 1.1419 0.4074
vt 1.1409 0.4098
vt 1.1253 0.4098
vt 1.1390 0.4117
vt 1.1234 0.4117
vt 1.1366 0.4127
vt 1.1209 0.4127
vt 1.1339 0.4127
vt 1.1183 0.4127
vt 1.1315 0.4117
vt 1.1158 0.4117
vt 1.1296 0.4098
vt 1.1140 0.4098
vt 1.1286 0.4074
vt 1.1129 0.4074
vt 1.1286 0.4047
vt 1.1129 0.4047
vt 1.1296 0.4023
vt 1.1140 0.4023
vt 1.1315 0.4004
vt 1.1158 0.4004
vt 1.1339 0.3994
vt 1.1183 0.3994
vt 1.1366 0.3994
vt 1.1209 0.3994
vt 1.1390 0.4004
vt 1.1234 0.4004
vt 1.1409 0.4023
vt 1.1253 0.4023
vt 1.1419 0.4047
vt 1.1263 0.4047
vn -0.0073 0.1472 0.9891
vn 0.0073 0.1463 0.9892
vn -0.3781 0.1580 0.9122
vn -0.3906 0.1579 0.9069
vn -0.7054 0.1451 0.6938
vn -0.7127 0.1445 0.6864
vn -0.9234 0.1096 0.3678
vn -0.9255 0.1090 0.3626
vn -0.9983 0.0572 -0.0146
vn -0.9983 0.0571 -0.0147
vn -0.9191 -0.0040 -0.3939
vn -0.9213 -0.0031 -0.3889
vn -0.6994 -0.0643 -0.7118
vn -0.7066 -0.0628 -0.7048
vn -0.3738 -0.1145 -0.9204
vn -0.3862 -0.1130 -0.9155
vn 0.0073 -0.1471 -0.9891
vn -0.0073 -0.1463 -0.9892
vn 0.3862 -0.1576 -0.9089
vn 0.3738 -0.1576 -0.9140
vn 0.7066 -0.1445 -0.6927
vn 0.6994 -0.1451 -0.6999
vn 0.9213 -0.1099 -0.3731
vn 0.9191 -0.1105 -0.3781
vn 0.9983 -0.0589 0.0025
vn 0.9983 -0.0589 0.0026
vn 0.9255 0.0010 0.3786
vn 0.9234 0.0019 0.3838
vn 0.7127 0.0610 0.6988
vn 0.7054 0.0625 0.7060
vn 0.3906 0.1121 0.9137
vn 0.3781 0.1136 0.9188
usemtl None
s 1
f 449/449/446 465/450/447 466/451/448 450/452/449
f 450/452/449 466/451/448 467/453/450 451/454/451
f 451/454/451 467/453/450 468/455/452 452/456/453
f 452/456/453 468/455/452 469/457/454 453/458/455
f 453/458/455 469/457/454 470/459/456 454/460/457
f 454/460/457 470/459/456 471/461/458 455/462/459
f 455/462/459 471/461/458 472/463/460 456/464/461
f 456/464/461 472/463/460 473/465/462 457/466/463
f 457/466/463 473/465/462 474/467/464 458/468/465
f 458/468/465 474/467/464 475/469/466 459/470/467
f 459/470/467 475/469/466 476/471/468 460/472/469
f 460/472/469 476/471/468 477/473/470 461/474/471
f 461/474/471 477/473/470 478/475/472 462/476/473
f 462/476/473 478/475/472 479/477/474 463/478/475
f 463/478/475 479/477/474 480/479/476 464/480/477
f 464/480/477 480/479/476 465/450/447 449/449/446
o Circle.112
v 11.312500 29.846788 -32.015095
v 11.186214 29.844326 -32.040092
v 11.079155 29.837315 -32.111282
v 11.007619 29.826820 -32.217827
v 10.982500 29.814444 -32.343502
v 11.007619 29.802065 -32.469181
v 11.079155 29.791571 -32.575726
v 11.186214 29.784559 -32.646915
v 11.312500 29.782097 -32.671913
v 11.438786 29.784559 -32.646915
v 11.545845 29.791571 -32.575726
v 11.617381 29.802065 -32.469181
v 11.642500 29.814444 -32.343502
v 11.617381 29.826820 -32.217827
v 11.545845 29.837315 -32.111282
v 11.438786 29.844326 -32.040092
v 11.500000 33.000000 -32.169998
v 11.373714 33.000000 -32.195122
v 11.266655 33.000000 -32.266655
v 11.195119 33.000000 -32.373714
v 11.170000 33.000000 -32.500000
v 11.195119 33.000000 -32.626286
v 11.266655 33.000000 -32.733345
v 11.373714 33.000000 -32.804878
v 11.500000 33.000000 -32.829998
v 11.626286 33.000000 -32.804878
v 11.733345 33.000000 -32.733345
v 11.804881 33.000000 -32.626286
v 11.830000 33.000000 -32.500000
v 11.804881 33.000000 -32.373714
v 11.733345 33.000000 -32.266655
v 11.626286 33.000000 -32.195118
vt 1.1419 0.4074
vt 1.1575 0.4074
vt 1.1565 0.4098
vt 1.1409 0.4098
vt 1.1546 0.4117
vt 1.1390 0.4117
vt 1.1522 0.4127
vt 1.1366 0.4127
vt 1.1495 0.4127
vt 1.1339 0.4127
vt 1.1471 0.4117
vt 1.1315 0.4117
vt 1.1452 0.4098
vt 1.1296 0.4098
vt 1.1442 0.4074
vt 1.1286 0.4074
vt 1.1442 0.4047
vt 1.1286 0.4047
vt 1.1452 0.4023
vt 1.1296 0.4023
vt 1.1471 0.4004
vt 1.1315 0.4004
vt 1.1495 0.3994
vt 1.1339 0.3994
vt 1.1522 0.3994
vt 1.1366 0.3994
vt 1.1546 0.4004
vt 1.1390 0.4004
vt 1.1565 0.4023
vt 1.1409 0.4023
vt 1.1575 0.4047
vt 1.1419 0.4047
vn -0.0073 0.0495 0.9987
vn 0.0073 0.0486 0.9988
vn -0.3781 0.0678 0.9233
vn -0.3906 0.0683 0.9180
vn -0.7054 0.0764 0.7047
vn -0.7127 0.0765 0.6973
vn -0.9234 0.0731 0.3768
vn -0.9255 0.0729 0.3716
vn -0.9983 0.0583 -0.0089
vn -0.9983 0.0583 -0.0090
vn -0.9191 0.0346 -0.3924
vn -0.9213 0.0350 -0.3874
vn -0.6994 0.0058 -0.7147
vn -0.7066 0.0066 -0.7075
vn -0.3738 -0.0237 -0.9272
vn -0.3862 -0.0228 -0.9221
vn 0.0073 -0.0495 -0.9987
vn -0.0073 -0.0486 -0.9988
vn 0.3862 -0.0677 -0.9199
vn 0.3738 -0.0673 -0.9251
vn 0.7066 -0.0759 -0.7035
vn 0.6994 -0.0758 -0.7107
vn 0.9213 -0.0728 -0.3821
vn 0.9191 -0.0729 -0.3871
vn 0.9983 -0.0589 -0.0032
vn 0.9255 -0.0362 0.3769
vn 0.9234 -0.0358 0.3822
vn 0.7127 -0.0078 0.7014
vn 0.7054 -0.0070 0.7088
vn 0.3906 0.0220 0.9203
vn 0.3781 0.0230 0.9255
usemtl None
s 1
f 481/481/478 497/482/479 498/483/480 482/484/481
f 482/484/481 498/483/480 499/485/482 483/486/483
f 483/486/483 499/485/482 500/487/484 484/488/485
f 484/488/485 500/487/484 501/489/486 485/490/487
f 485/490/487 501/489/486 502/491/488 486/492/489
f 486/492/489 502/491/488 503/493/490 487/494/491
f 487/494/491 503/493/490 504/495/492 488/496/493
f 488/496/493 504/495/492 505/497/494 489/498/495
f 489/498/495 505/497/494 506/499/496 490/500/497
f 490/500/497 506/499/496 507/501/498 491/502/499
f 491/502/499 507/501/498 508/503/500 492/504/501
f 492/504/501 508/503/500 509/505/502 493/506/502
f 493/506/502 509/505/502 510/507/503 494/508/504
f 494/508/504 510/507/503 511/509/505 495/510/506
f 495/510/506 511/509/505 512/511/507 496/512/508
f 496/512/508 512/511/507 497/482/479 481/481/478
o Circle.111
v 11.500000 33.000000 -32.169998
v 11.373714 33.000000 -32.195122
v 11.266655 33.000000 -32.266655
v 11.195119 33.000000 -32.373714
v 11.170000 33.000000 -32.500000
v 11.195119 33.000000 -32.626286
v 11.266655 33.000000 -32.733345
v 11.373714 33.000000 -32.804878
v 11.500000 33.000000 -32.829998
v 11.626286 33.000000 -32.804878
v 11.733345 33.000000 -32.733345
v 11.804881 33.000000 -32.626286
v 11.830000 33.000000 -32.500000
v 11.804881 33.000000 -32.373714
v 11.733345 33.000000 -32.266655
v 11.626286 33.000000 -32.195118
v 11.687500 36.153214 -32.015095
v 11.561214 36.155674 -32.040092
v 11.454155 36.162689 -32.111282
v 11.382619 36.173180 -32.217827
v 11.357500 36.185558 -32.343502
v 11.382619 36.197937 -32.469181
v 11.454155 36.208431 -32.575726
v 11.561214 36.215443 -32.646915
v 11.687500 36.217907 -32.671913
v 11.813786 36.215443 -32.646915
v 11.920845 36.208431 -32.575726
v 11.992381 36.197937 -32.469181
v 12.017500 36.185558 -32.343502
v 11.992381 36.173180 -32.217827
v 11.920845 36.162689 -32.111282
v 11.813786 36.155674 -32.040092
vt 1.1575 0.4074
vt 1.1731 0.4074
vt 1.1721 0.4098
vt 1.1565 0.4098
vt 1.1703 0.4117
vt 1.1546 0.4117
vt 1.1678 0.4127
vt 1.1522 0.4127
vt 1.1652 0.4127
vt 1.1495 0.4127
vt 1.1627 0.4117
vt 1.1471 0.4117
vt 1.1608 0.4098
vt 1.1452 0.4098
vt 1.1598 0.4074
vt 1.1442 0.4074
vt 1.1598 0.4047
vt 1.1442 0.4047
vt 1.1608 0.4023
vt 1.1452 0.4023
vt 1.1627 0.4004
vt 1.1471 0.4004
vt 1.1652 0.3994
vt 1.1495 0.3994
vt 1.1678 0.3994
vt 1.1522 0.3994
vt 1.1703 0.4004
vt 1.1546 0.4004
vt 1.1721 0.4023
vt 1.1565 0.4023
vt 1.1731 0.4047
vt 1.1575 0.4047
vn -0.0073 -0.0486 0.9988
vn 0.0073 -0.0495 0.9987
vn -0.3781 -0.0230 0.9255
vn -0.3906 -0.0220 0.9203
vn -0.7054 0.0070 0.7088
vn -0.7127 0.0078 0.7014
vn -0.9234 0.0358 0.3822
vn -0.9255 0.0362 0.3769
vn -0.9983 0.0589 -0.0032
vn -0.9191 0.0729 -0.3871
vn -0.9213 0.0728 -0.3821
vn -0.6994 0.0758 -0.7107
vn -0.7066 0.0759 -0.7035
vn -0.3738 0.0673 -0.9251
vn -0.3862 0.0677 -0.9199
vn 0.0073 0.0486 -0.9988
vn -0.0073 0.0495 -0.9987
vn 0.3862 0.0228 -0.9221
vn 0.3738 0.0237 -0.9272
vn 0.7066 -0.0066 -0.7075
vn 0.6994 -0.0058 -0.7147
vn 0.9213 -0.0350 -0.3874
vn 0.9191 -0.0346 -0.3924
vn 0.9983 -0.0583 -0.0090
vn 0.9983 -0.0583 -0.0089
vn 0.9255 -0.0729 0.3716
vn 0.9234 -0.0731 0.3768
vn 0.7127 -0.0765 0.6973
vn 0.7054 -0.0764 0.7047
vn 0.3906 -0.0683 0.9180
vn 0.3781 -0.0678 0.9233
usemtl None
s 1
f 513/513/509 529/514/510 530/515/511 514/516/512
f 514/516/512 530/515/511 531/517/513 515/518/514
f 515/518/514 531/517/513 532/519/515 516/520/516
f 516/520/516 532/519/515 533/521/517 517/522/517
f 517/522/517 533/521/517 534/523/518 518/524/519
f 518/524/519 534/523/518 535/525/520 519/526/521
f 519/526/521 535/525/520 536/527/522 520/528/523
f 520/528/523 536/527/522 537/529/524 521/530/525
f 521/530/525 537/529/524 538/531/526 522/532/527
f 522/532/527 538/531/526 539/533/528 523/534/529
f 523/534/529 539/533/528 540/535/530 524/536/531
f 524/536/531 540/535/530 541/537/532 525/538/533
f 525/538/533 541/537/532 542/539/534 526/540/535
f 526/540/535 542/539/534 543/541/536 527/542/537
f 527/542/537 543/541/536 544/543/538 528/544/539
f 528/544/539 544/543/538 529/514/510 513/513/509
o Circle.110
v 11.687500 36.153214 -32.015095
v 11.561214 36.155674 -32.040092
v 11.454155 36.162689 -32.111282
v 11.382619 36.173180 -32.217827
v 11.357500 36.185558 -32.343502
v 11.382619 36.197937 -32.469181
v 11.454155 36.208431 -32.575726
v 11.561214 36.215443 -32.646915
v 11.687500 36.217907 -32.671913
v 11.813786 36.215443 -32.646915
v 11.920845 36.208431 -32.575726
v 11.992381 36.197937 -32.469181
v 12.017500 36.185558 -32.343502
v 11.992381 36.173180 -32.217827
v 11.920845 36.162689 -32.111282
v 11.813786 36.155674 -32.040092
v 11.875000 39.276054 -31.551861
v 11.748714 39.280956 -31.576500
v 11.641655 39.294910 -31.646658
v 11.570119 39.315800 -31.751661
v 11.545000 39.340435 -31.875521
v 11.570119 39.365070 -31.999380
v 11.641655 39.385956 -32.104382
v 11.748714 39.399914 -32.174541
v 11.875000 39.404816 -32.199181
v 12.001286 39.399914 -32.174545
v 12.108345 39.385956 -32.104382
v 12.179881 39.365070 -31.999380
v 12.205000 39.340435 -31.875521
v 12.179881 39.315800 -31.751661
v 12.108345 39.294910 -31.646658
v 12.001286 39.280956 -31.576498
vt 1.1731 0.4074
vt 1.1888 0.4074
vt 1.1878 0.4098
vt 1.1721 0.4098
vt 1.1859 0.4117
vt 1.1703 0.4117
vt 1.1834 0.4127
vt 1.1678 0.4127
vt 1.1808 0.4127
vt 1.1652 0.4127
vt 1.1783 0.4117
vt 1.1627 0.4117
vt 1.1765 0.4098
vt 1.1608 0.4098
vt 1.1754 0.4074
vt 1.1598 0.4074
vt 1.1754 0.4047
vt 1.1598 0.4047
vt 1.1765 0.4023
vt 1.1608 0.4023
vt 1.1783 0.4004
vt 1.1627 0.4004
vt 1.1808 0.3994
vt 1.1652 0.3994
vt 1.1834 0.3994
vt 1.1678 0.3994
vt 1.1859 0.4004
vt 1.1703 0.4004
vt 1.1878 0.4023
vt 1.1721 0.4023
vt 1.1888 0.4047
vt 1.1731 0.4047
vn -0.0073 -0.1463 0.9892
vn 0.0073 -0.1472 0.9891
vn -0.3781 -0.1136 0.9188
vn -0.3906 -0.1121 0.9137
vn -0.7054 -0.0625 0.7060
vn -0.7127 -0.0610 0.6988
vn -0.9234 -0.0019 0.3838
vn -0.9255 -0.0010 0.3786
vn -0.9983 0.0589 0.0026
vn -0.9983 0.0589 0.0025
vn -0.9191 0.1105 -0.3781
vn -0.9213 0.1099 -0.3731
vn -0.6994 0.1451 -0.6999
vn -0.7066 0.1445 -0.6927
vn -0.3738 0.1576 -0.9140
vn -0.3862 0.1576 -0.9088
vn 0.0073 0.1463 -0.9892
vn -0.0073 0.1471 -0.9891
vn 0.3862 0.1130 -0.9155
vn 0.3738 0.1145 -0.9204
vn 0.7066 0.0628 -0.7048
vn 0.6994 0.0643 -0.7118
vn 0.9213 0.0031 -0.3889
vn 0.9191 0.0040 -0.3939
vn 0.9983 -0.0571 -0.0147
vn 0.9983 -0.0572 -0.0146
vn 0.9255 -0.1090 0.3626
vn 0.9234 -0.1096 0.3678
vn 0.7127 -0.1445 0.6864
vn 0.7054 -0.1451 0.6938
vn 0.3906 -0.1579 0.9069
vn 0.3781 -0.1580 0.9122
usemtl None
s 1
f 545/545/540 561/546/541 562/547/542 546/548/543
f 546/548/543 562/547/542 563/549/544 547/550/545
f 547/550/545 563/549/544 564/551/546 548/552/547
f 548/552/547 564/551/546 565/553/548 549/554/549
f 549/554/549 565/553/548 566/555/550 550/556/551
f 550/556/551 566/555/550 567/557/552 551/558/553
f 551/558/553 567/557/552 568/559/554 552/560/555
f 552/560/555 568/559/554 569/561/556 553/562/557
f 553/562/557 569/561/556 570/563/558 554/564/559
f 554/564/559 570/563/558 571/565/560 555/566/561
f 555/566/561 571/565/560 572/567/562 556/568/563
f 556/568/563 572/567/562 573/569/564 557/570/565
f 557/570/565 573/569/564 574/571/566 558/572/567
f 558/572/567 574/571/566 575/573/568 559/574/569
f 559/574/569 575/573/568 576/575/570 560/576/571
f 560/576/571 576/575/570 561/546/541 545/545/540
o Circle.109
v 11.875000 39.276054 -31.551861
v 11.748714 39.280956 -31.576500
v 11.641655 39.294910 -31.646658
v 11.570119 39.315800 -31.751661
v 11.545000 39.340435 -31.875521
v 11.570119 39.365070 -31.999380
v 11.641655 39.385956 -32.104382
v 11.748714 39.399914 -32.174541
v 11.875000 39.404816 -32.199181
v 12.001286 39.399914 -32.174545
v 12.108345 39.385956 -32.104382
v 12.179881 39.365070 -31.999380
v 12.205000 39.340435 -31.875521
v 12.179881 39.315800 -31.751661
v 12.108345 39.294910 -31.646658
v 12.001286 39.280956 -31.576498
v 12.062500 42.338459 -30.784769
v 11.936214 42.345753 -30.808809
v 11.829155 42.366516 -30.877262
v 11.757619 42.397594 -30.979712
v 11.732500 42.434254 -31.100559
v 11.757619 42.470913 -31.221407
v 11.829155 42.501991 -31.323856
v 11.936214 42.522755 -31.392311
v 12.062500 42.530048 -31.416349
v 12.188786 42.522755 -31.392313
v 12.295845 42.501991 -31.323856
v 12.367381 42.470913 -31.221407
v 12.392500 42.434254 -31.100559
v 12.367381 42.397594 -30.979712
v 12.295845 42.366516 -30.877262
v 12.188786 42.345753 -30.808807
vt 1.1888 0.4074
vt 1.2044 0.4074
vt 1.2034 0.4098
vt 1.1878 0.4098
vt 1.2015 0.4117
vt 1.1859 0.4117
vt 1.1991 0.4127
vt 1.1834 0.4127
vt 1.1964 0.4127
vt 1.1808 0.4127
vt 1.1940 0.4117
vt 1.1783 0.4117
vt 1.1921 0.4098
vt 1.1765 0.4098
vt 1.1911 0.4074
vt 1.1754 0.4074
vt 1.1911 0.4047
vt 1.1754 0.4047
vt 1.1921 0.4023
vt 1.1765 0.4023
vt 1.1940 0.4004
vt 1.1783 0.4004
vt 1.1964 0.3994
vt 1.1808 0.3994
vt 1.1991 0.3994
vt 1.1834 0.3994
vt 1.2015 0.4004
vt 1.1859 0.4004
vt 1.2034 0.4023
vt 1.1878 0.4023
vt 1.2044 0.4047
vt 1.1888 0.4047
vn -0.0073 -0.2426 0.9701
vn 0.0073 -0.2434 0.9699
vn -0.3781 -0.2031 0.9032
vn -0.3906 -0.2011 0.8983
vn -0.7054 -0.1314 0.6965
vn -0.7127 -0.1292 0.6894
vn -0.9234 -0.0395 0.3818
vn -0.9255 -0.0381 0.3767
vn -0.9983 0.0584 0.0084
vn -0.9983 0.0584 0.0083
vn -0.9191 0.1470 -0.3655
vn -0.9213 0.1459 -0.3605
vn -0.6994 0.2130 -0.6823
vn -0.7066 0.2117 -0.6752
vn -0.3738 0.2464 -0.8942
vn -0.3862 0.2459 -0.8890
vn 0.0073 0.2426 -0.9701
vn -0.0073 0.2434 -0.9699
vn 0.3862 0.2022 -0.9000
vn 0.3738 0.2042 -0.9047
vn 0.7066 0.1316 -0.6952
vn 0.6994 0.1338 -0.7021
vn 0.9213 0.0412 -0.3868
vn 0.9191 0.0426 -0.3916
vn 0.9983 -0.0554 -0.0202
vn 0.9983 -0.0555 -0.0201
vn 0.9255 -0.1440 0.3502
vn 0.9234 -0.1452 0.3553
vn 0.7127 -0.2110 0.6689
vn 0.7054 -0.2124 0.6762
vn 0.3906 -0.2461 0.8871
vn 0.3781 -0.2466 0.8923
usemtl None
s 1
f 577/577/572 593/578/573 594/579/574 578/580/575
f 578/580/575 594/579/574 595/581/576 579/582/577
f 579/582/577 595/581/576 596/583/578 580/584/579
f 580/584/579 596/583/578 597/585/580 581/586/581
f 581/586/581 597/585/580 598/587/582 582/588/583
f 582/588/583 598/587/582 599/589/584 583/590/585
f 583/590/585 599/589/584 600/591/586 584/592/587
f 584/592/587 600/591/586 601/593/588 585/594/589
f 585/594/589 601/593/588 602/595/590 586/596/591
f 586/596/591 602/595/590 603/597/592 587/598/593
f 587/598/593 603/597/592 604/599/594 588/600/595
f 588/600/595 604/599/594 605/601/596 589/602/597
f 589/602/597 605/601/596 606/603/598 590/604/599
f 590/604/599 606/603/598 607/605/600 591/606/601
f 591/606/601 607/605/600 608/607/602 592/608/603
f 592/608/603 608/607/602 593/578/573 577/577/572
o Circle.108
v 12.062500 42.338459 -30.784769
v 11.936214 42.345753 -30.808809
v 11.829155 42.366516 -30.877262
v 11.757619 42.397594 -30.979712
v 11.732500 42.434254 -31.100559
v 11.757619 42.470913 -31.221407
v 11.829155 42.501991 -31.323856
v 11.936214 42.522755 -31.392311
v 12.062500 42.530048 -31.416349
v 12.188786 42.522755 -31.392313
v 12.295845 42.501991 -31.323856
v 12.367381 42.470913 -31.221407
v 12.392500 42.434254 -31.100559
v 12.367381 42.397594 -30.979712
v 12.295845 42.366516 -30.877262
v 12.188786 42.345753 -30.808807
v 12.250000 45.310928 -29.721205
v 12.123714 45.320541 -29.744413
v 12.016655 45.347916 -29.810501
v 11.945119 45.388889 -29.909412
v 11.920000 45.437214 -30.026083
v 11.945119 45.485542 -30.142756
v 12.016655 45.526512 -30.241667
v 12.123714 45.553886 -30.307755
v 12.250000 45.563499 -30.330965
v 12.376286 45.553886 -30.307758
v 12.483345 45.526512 -30.241667
v 12.554881 45.485542 -30.142756
v 12.580000 45.437214 -30.026083
v 12.554881 45.388889 -29.909412
v 12.483345 45.347916 -29.810501
v 12.376286 45.320541 -29.744411
vt 1.2044 0.4074
vt 1.2200 0.4074
vt 1.2190 0.4098
vt 1.2034 0.4098
vt 1.2171 0.4117
vt 1.2015 0.4117
vt 1.2147 0.4127
vt 1.1991 0.4127
vt 1.2120 0.4127
vt 1.1964 0.4127
vt 1.2096 0.4117
vt 1.1940 0.4117
vt 1.2077 0.4098
vt 1.1921 0.4098
vt 1.2067 0.4074
vt 1.1911 0.4074
vt 1.2067 0.4047
vt 1.1911 0.4047
vt 1.2077 0.4023
vt 1.1921 0.4023
vt 1.2096 0.4004
vt 1.1940 0.4004
vt 1.2120 0.3994
vt 1.1964 0.3994
vt 1.2147 0.3994
vt 1.1991 0.3994
vt 1.2171 0.4004
vt 1.2015 0.4004
vt 1.2190 0.4023
vt 1.2034 0.4023
vt 1.2200 0.4047
vt 1.2044 0.4047
vn -0.0073 -0.3365 0.9417
vn 0.0073 -0.3373 0.9414
vn -0.3781 -0.2907 0.8790
vn -0.3906 -0.2882 0.8743
vn -0.7054 -0.1991 0.6803
vn -0.7127 -0.1962 0.6735
vn -0.9234 -0.0767 0.3761
vn -0.9255 -0.0748 0.3712
vn -0.9983 0.0573 0.0141
vn -0.9983 0.0573 0.0140
vn -0.9191 0.1822 -0.3493
vn -0.9213 0.1806 -0.3445
vn -0.6994 0.2789 -0.6581
vn -0.7066 0.2768 -0.6512
vn -0.3738 0.3329 -0.8657
vn -0.3862 0.3318 -0.8606
vn 0.0072 0.3365 -0.9417
vn -0.0073 0.3373 -0.9414
vn 0.3862 0.2895 -0.8758
vn 0.3738 0.2919 -0.8804
vn 0.7067 0.1991 -0.6790
vn 0.6994 0.2019 -0.6856
vn 0.9213 0.0790 -0.3808
vn 0.9191 0.0808 -0.3856
vn 0.9983 -0.0532 -0.0255
vn 0.9255 -0.1776 0.3344
vn 0.9234 -0.1793 0.3394
vn 0.7127 -0.2756 0.6450
vn 0.7054 -0.2777 0.6521
vn 0.3906 -0.3318 0.8587
vn 0.3781 -0.3329 0.8638
usemtl None
s 1
f 609/609/604 625/610/605 626/611/606 610/612/607
f 610/612/607 626/611/606 627/613/608 611/614/609
f 611/614/609 627/613/608 628/615/610 612/616/611
f 612/616/611 628/615/610 629/617/612 613/618/613
f 613/618/613 629/617/612 630/619/614 614/620/615
f 614/620/615 630/619/614 631/621/616 615/622/617
f 615/622/617 631/621/616 632/623/618 616/624/619
f 616/624/619 632/623/618 633/625/620 617/626/621
f 617/626/621 633/625/620 634/627/622 618/628/623
f 618/628/623 634/627/622 635/629/624 619/630/625
f 619/630/625 635/629/624 636/631/626 620/632/627
f 620/632/627 636/631/626 637/633/628 621/634/628
f 621/634/628 637/633/628 638/635/629 622/636/630
f 622/636/630 638/635/629 639/637/631 623/638/632
f 623/638/632 639/637/631 640/639/633 624/640/634
f 624/640/634 640/639/633 625/610/605 609/609/604
o Circle.107
v 12.250000 45.310928 -29.721205
v 12.123714 45.320541 -29.744413
v 12.016655 45.347916 -29.810501
v 11.945119 45.388889 -29.909412
v 11.920000 45.437214 -30.026083
v 11.945119 45.485542 -30.142756
v 12.016655 45.526512 -30.241667
v 12.123714 45.553886 -30.307755
v 12.250000 45.563499 -30.330965
v 12.376286 45.553886 -30.307758
v 12.483345 45.526512 -30.241667
v 12.554881 45.485542 -30.142756
v 12.580000 45.437214 -30.026083
v 12.554881 45.388889 -29.909412
v 12.483345 45.347916 -29.810501
v 12.376286 45.320541 -29.744411
v 12.437500 48.164837 -28.371405
v 12.311214 48.176678 -28.393560
v 12.204155 48.210400 -28.456646
v 12.132619 48.260868 -28.551065
v 12.107500 48.320396 -28.662437
v 12.132619 48.379929 -28.773813
v 12.204155 48.430393 -28.868231
v 12.311214 48.464115 -28.931316
v 12.437500 48.475956 -28.953472
v 12.563786 48.464115 -28.931320
v 12.670845 48.430393 -28.868231
v 12.742381 48.379929 -28.773813
v 12.767500 48.320396 -28.662437
v 12.742381 48.260868 -28.551065
v 12.670845 48.210400 -28.456646
v 12.563786 48.176678 -28.393559
vt 1.2200 0.4074
vt 1.2356 0.4074
vt 1.2346 0.4098
vt 1.2190 0.4098
vt 1.2328 0.4117
vt 1.2171 0.4117
vt 1.2303 0.4127
vt 1.2147 0.4127
vt 1.2277 0.4127
vt 1.2120 0.4127
vt 1.2252 0.4117
vt 1.2096 0.4117
vt 1.2233 0.4098
vt 1.2077 0.4098
vt 1.2223 0.4074
vt 1.2067 0.4074
vt 1.2223 0.4047
vt 1.2067 0.4047
vt 1.2233 0.4023
vt 1.2077 0.4023
vt 1.2252 0.4004
vt 1.2096 0.4004
vt 1.2277 0.3994
vt 1.2120 0.3994
vt 1.2303 0.3994
vt 1.2147 0.3994
vt 1.2328 0.4004
vt 1.2171 0.4004
vt 1.2346 0.4023
vt 1.2190 0.4023
vt 1.2356 0.4047
vt 1.2200 0.4047
vn -0.0073 -0.4272 0.9042
vn 0.0073 -0.4279 0.9038
vn -0.3781 -0.3754 0.8462
vn -0.3906 -0.3725 0.8418
vn -0.7054 -0.2648 0.6575
vn -0.7127 -0.2612 0.6510
vn -0.9234 -0.1132 0.3667
vn -0.9255 -0.1108 0.3621
vn -0.9983 0.0556 0.0196
vn -0.9983 0.0557 0.0196
vn -0.9191 0.2155 -0.3298
vn -0.9213 0.2135 -0.3251
vn -0.6994 0.3420 -0.6276
vn -0.7066 0.3393 -0.6209
vn -0.3738 0.4161 -0.8289
vn -0.3862 0.4146 -0.8240
vn 0.0072 0.4272 -0.9041
vn -0.0073 0.4279 -0.9038
vn 0.3862 0.3739 -0.8432
vn 0.3738 0.3768 -0.8475
vn 0.7066 0.2647 -0.6562
vn 0.6994 0.2682 -0.6625
vn 0.9213 0.1159 -0.3713
vn 0.9191 0.1182 -0.3758
vn 0.9983 -0.0504 -0.0306
vn 0.9983 -0.0505 -0.0305
vn 0.9255 -0.2096 0.3154
vn 0.9234 -0.2117 0.3202
vn 0.7127 -0.3375 0.6149
vn 0.7054 -0.3403 0.6218
vn 0.3906 -0.4144 0.8220
vn 0.3781 -0.4160 0.8271
usemtl None
s 1
f 641/641/635 657/642/636 658/643/637 642/644/638
f 642/644/638 658/643/637 659/645/639 643/646/640
f 643/646/640 659/645/639 660/647/641 644/648/642
f 644/648/642 660/647/641 661/649/643 645/650/644
f 645/650/644 661/649/643 662/651/645 646/652/646
f 646/652/646 662/651/645 663/653/647 647/654/648
f 647/654/648 663/653/647 664/655/649 648/656/650
f 648/656/650 664/655/649 665/657/651 649/658/652
f 649/658/652 665/657/651 666/659/653 650/660/654
f 650/660/654 666/659/653 667/661/655 651/662/656
f 651/662/656 667/661/655 668/663/657 652/664/658
f 652/664/658 668/663/657 669/665/659 653/666/660
f 653/666/660 669/665/659 670/667/661 654/668/662
f 654/668/662 670/667/661 671/669/663 655/670/664
f 655/670/664 671/669/663 672/671/665 656/672/666
f 656/672/666 672/671/665 657/642/636 641/641/635
o Circle.106
v 12.437500 48.164837 -28.371405
v 12.311214 48.176678 -28.393560
v 12.204155 48.210400 -28.456646
v 12.132619 48.260868 -28.551065
v 12.107500 48.320396 -28.662437
v 12.132619 48.379929 -28.773813
v 12.204155 48.430393 -28.868231
v 12.311214 48.464115 -28.931316
v 12.437500 48.475956 -28.953472
v 12.563786 48.464115 -28.931320
v 12.670845 48.430393 -28.868231
v 12.742381 48.379929 -28.773813
v 12.767500 48.320396 -28.662437
v 12.742381 48.260868 -28.551065
v 12.670845 48.210400 -28.456646
v 12.563786 48.176678 -28.393559
v 12.625000 50.872696 -26.748375
v 12.498714 50.886658 -26.769262
v 12.391655 50.926395 -26.828739
v 12.320119 50.985874 -26.917757
v 12.295000 51.056038 -27.022760
v 12.320119 51.126194 -27.127762
v 12.391655 51.185677 -27.216780
v 12.498714 51.225418 -27.276257
v 12.625000 51.239376 -27.297146
v 12.751286 51.225418 -27.276258
v 12.858345 51.185677 -27.216780
v 12.929881 51.126194 -27.127762
v 12.955000 51.056038 -27.022760
v 12.929881 50.985874 -26.917757
v 12.858345 50.926395 -26.828739
v 12.751286 50.886654 -26.769260
vt 1.2356 0.4074
vt 1.2513 0.4074
vt 1.2503 0.4098
vt 1.2346 0.4098
vt 1.2484 0.4117
vt 1.2328 0.4117
vt 1.2459 0.4127
vt 1.2303 0.4127
vt 1.2433 0.4127
vt 1.2277 0.4127
vt 1.2408 0.4117
vt 1.2252 0.4117
vt 1.2390 0.4098
vt 1.2233 0.4098
vt 1.2379 0.4074
vt 1.2223 0.4074
vt 1.2379 0.4047
vt 1.2223 0.4047
vt 1.2390 0.4023
vt 1.2233 0.4023
vt 1.2408 0.4004
vt 1.2252 0.4004
vt 1.2433 0.3994
vt 1.2277 0.3994
vt 1.2459 0.3994
vt 1.2303 0.3994
vt 1.2484 0.4004
vt 1.2328 0.4004
vt 1.2503 0.4023
vt 1.2346 0.4023
vt 1.2513 0.4047
vt 1.2356 0.4047
vn -0.0073 -0.5137 0.8579
vn 0.0073 -0.5145 0.8575
vn -0.3781 -0.4566 0.8054
vn -0.3906 -0.4533 0.8013
vn -0.7054 -0.3280 0.6284
vn -0.7127 -0.3238 0.6222
vn -0.9234 -0.1486 0.3539
vn -0.9255 -0.1458 0.3495
vn -0.9983 0.0534 0.0250
vn -0.9983 0.0535 0.0249
vn -0.9191 0.2468 -0.3070
vn -0.9213 0.2443 -0.3026
vn -0.6994 0.4019 -0.5911
vn -0.7066 0.3985 -0.5847
vn -0.3738 0.4954 -0.7841
vn -0.3862 0.4934 -0.7794
vn 0.0072 0.5137 -0.8579
vn -0.0073 0.5144 -0.8575
vn 0.3862 0.4548 -0.8025
vn 0.3738 0.4580 -0.8065
vn 0.7067 0.3277 -0.6271
vn 0.6994 0.3318 -0.6330
vn 0.9213 0.1517 -0.3581
vn 0.9191 0.1545 -0.3624
vn 0.9983 -0.0472 -0.0354
vn 0.9983 -0.0472 -0.0353
vn 0.9255 -0.2395 0.2933
vn 0.9234 -0.2421 0.2979
vn 0.7127 -0.3961 0.5789
vn 0.7054 -0.3996 0.5854
vn 0.3906 -0.4930 0.7774
vn 0.3781 -0.4950 0.7823
usemtl None
s 1
f 673/673/667 689/674/668 690/675/669 674/676/670
f 674/676/670 690/675/669 691/677/671 675/678/672
f 675/678/672 691/677/671 692/679/673 676/680/674
f 676/680/674 692/679/673 693/681/675 677/682/676
f 677/682/676 693/681/675 694/683/677 678/684/678
f 678/684/678 694/683/677 695/685/679 679/686/680
f 679/686/680 695/685/679 696/687/681 680/688/682
f 680/688/682 696/687/681 697/689/683 681/690/684
f 681/690/684 697/689/683 698/691/685 682/692/686
f 682/692/686 698/691/685 699/693/687 683/694/688
f 683/694/688 699/693/687 700/695/689 684/696/690
f 684/696/690 700/695/689 701/697/691 685/698/692
f 685/698/692 701/697/691 702/699/693 686/700/694
f 686/700/694 702/699/693 703/701/695 687/702/696
f 687/702/696 703/701/695 704/703/697 688/704/698
f 688/704/698 704/703/697 689/674/668 673/673/667
o Circle.105
v 12.625000 50.872696 -26.748375
v 12.498714 50.886658 -26.769262
v 12.391655 50.926395 -26.828739
v 12.320119 50.985874 -26.917757
v 12.295000 51.056038 -27.022760
v 12.320119 51.126194 -27.127762
v 12.391655 51.185677 -27.216780
v 12.498714 51.225418 -27.276257
v 12.625000 51.239376 -27.297146
v 12.751286 51.225418 -27.276258
v 12.858345 51.185677 -27.216780
v 12.929881 51.126194 -27.127762
v 12.955000 51.056038 -27.022760
v 12.929881 50.985874 -26.917757
v 12.858345 50.926395 -26.828739
v 12.751286 50.886654 -26.769260
v 12.812500 53.408432 -24.867748
v 12.686214 53.424366 -24.887167
v 12.579155 53.469749 -24.942463
v 12.507619 53.537666 -25.025221
v 12.482500 53.617783 -25.122841
v 12.507619 53.697895 -25.220461
v 12.579155 53.765812 -25.303219
v 12.686214 53.811195 -25.358515
v 12.812500 53.827133 -25.377934
v 12.938786 53.811199 -25.358517
v 13.045845 53.765812 -25.303219
v 13.117381 53.697895 -25.220461
v 13.142500 53.617783 -25.122841
v 13.117381 53.537666 -25.025221
v 13.045845 53.469749 -24.942463
v 12.938786 53.424366 -24.887165
vt 1.2513 0.4074
vt 1.2669 0.4074
vt 1.2659 0.4098
vt 1.2503 0.4098
vt 1.2640 0.4117
vt 1.2484 0.4117
vt 1.2616 0.4127
vt 1.2459 0.4127
vt 1.2589 0.4127
vt 1.2433 0.4127
vt 1.2565 0.4117
vt 1.2408 0.4117
vt 1.2546 0.4098
vt 1.2390 0.4098
vt 1.2536 0.4074
vt 1.2379 0.4074
vt 1.2536 0.4047
vt 1.2379 0.4047
vt 1.2546 0.4023
vt 1.2390 0.4023
vt 1.2565 0.4004
vt 1.2408 0.4004
vt 1.2589 0.3994
vt 1.2433 0.3994
vt 1.2616 0.3994
vt 1.2459 0.3994
vt 1.2640 0.4004
vt 1.2484 0.4004
vt 1.2659 0.4023
vt 1.2503 0.4023
vt 1.2669 0.4047
vt 1.2513 0.4047
vn -0.0073 -0.5953 0.8034
vn 0.0073 -0.5960 0.8029
vn -0.3781 -0.5333 0.7567
vn -0.3906 -0.5296 0.7530
vn -0.7054 -0.3880 0.5932
vn -0.7127 -0.3832 0.5875
vn -0.9234 -0.1826 0.3376
vn -0.9255 -0.1793 0.3335
vn -0.9983 0.0507 0.0301
vn -0.9983 0.0508 0.0300
vn -0.9191 0.2757 -0.2814
vn -0.9213 0.2728 -0.2772
vn -0.6994 0.4579 -0.5488
vn -0.7066 0.4539 -0.5428
vn -0.3738 0.5699 -0.7318
vn -0.3862 0.5674 -0.7272
vn 0.0072 0.5953 -0.8034
vn -0.0073 0.5960 -0.8029
vn 0.3862 0.5312 -0.7541
vn 0.3738 0.5349 -0.7577
vn 0.7066 0.3876 -0.5919
vn 0.6994 0.3923 -0.5975
vn 0.9213 0.1861 -0.3415
vn 0.9191 0.1892 -0.3455
vn 0.9983 -0.0435 -0.0399
vn 0.9983 -0.0435 -0.0398
vn 0.9255 -0.2671 0.2684
vn 0.9234 -0.2701 0.2727
vn 0.7127 -0.4510 0.5373
vn 0.7054 -0.4550 0.5434
vn 0.3906 -0.5668 0.7254
vn 0.3781 -0.5693 0.7300
usemtl None
s 1
f 705/705/699 721/706/700 722/707/701 706/708/702
f 706/708/702 722/707/701 723/709/703 707/710/704
f 707/710/704 723/709/703 724/711/705 708/712/706
f 708/712/706 724/711/705 725/713/707 709/714/708
f 709/714/708 725/713/707 726/715/709 710/716/710
f 710/716/710 726/715/709 727/717/711 711/718/712
f 711/718/712 727/717/711 728/719/713 712/720/714
f 712/720/714 728/719/713 729/721/715 713/722/716
f 713/722/716 729/721/715 730/723/717 714/724/718
f 714/724/718 730/723/717 731/725/719 715/726/720
f 715/726/720 731/725/719 732/727/721 716/728/722
f 716/728/722 732/727/721 733/729/723 717/730/724
f 717/730/724 733/729/723 734/731/725 718/732/726
f 718/732/726 734/731/725 735/733/727 719/734/728
f 719/734/728 735/733/727 736/735/729 720/736/730
f 720/736/730 736/735/729 721/706/700 705/705/699
o Circle.104
v 12.812500 53.408432 -24.867748
v 12.686214 53.424366 -24.887167
v 12.579155 53.469749 -24.942463
v 12.507619 53.537666 -25.025221
v 12.482500 53.617783 -25.122841
v 12.507619 53.697895 -25.220461
v 12.579155 53.765812 -25.303219
v 12.686214 53.811195 -25.358515
v 12.812500 53.827133 -25.377934
v 12.938786 53.811199 -25.358517
v 13.045845 53.765812 -25.303219
v 13.117381 53.697895 -25.220461
v 13.142500 53.617783 -25.122841
v 13.117381 53.537666 -25.025221
v 13.045845 53.469749 -24.942463
v 12.938786 53.424366 -24.887165
v 13.000000 55.747627 -22.747625
v 12.873714 55.765392 -22.765388
v 12.766655 55.815975 -22.815969
v 12.695119 55.891674 -22.891672
v 12.670000 55.980972 -22.980970
v 12.695119 56.070271 -23.070267
v 12.766655 56.145973 -23.145971
v 12.873714 56.196556 -23.196552
v 13.000000 56.214317 -23.214315
v 13.126286 56.196556 -23.196554
v 13.233345 56.145973 -23.145971
v 13.304881 56.070271 -23.070267
v 13.330000 55.980972 -22.980970
v 13.304881 55.891674 -22.891672
v 13.233345 55.815975 -22.815969
v 13.126286 55.765388 -22.765387
vt 1.2669 0.4074
vt 1.2825 0.4074
vt 1.2815 0.4098
vt 1.2659 0.4098
vt 1.2796 0.4117
vt 1.2640 0.4117
vt 1.2772 0.4127
vt 1.2616 0.4127
vt 1.2745 0.4127
vt 1.2589 0.4127
vt 1.2721 0.4117
vt 1.2565 0.4117
vt 1.2702 0.4098
vt 1.2546 0.4098
vt 1.2692 0.4074
vt 1.2536 0.4074
vt 1.2692 0.4047
vt 1.2536 0.4047
vt 1.2702 0.4023
vt 1.2546 0.4023
vt 1.2721 0.4004
vt 1.2565 0.4004
vt 1.2745 0.3994
vt 1.2589 0.3994
vt 1.2772 0.3994
vt 1.2616 0.3994
vt 1.2796 0.4004
vt 1.2640 0.4004
vt 1.2815 0.4023
vt 1.2659 0.4023
vt 1.2825 0.4047
vt 1.2669 0.4047
vn -0.0073 -0.6712 0.7412
vn 0.0073 -0.6719 0.7406
vn -0.3781 -0.6049 0.7008
vn -0.3906 -0.6009 0.6974
vn -0.7054 -0.4442 0.5523
vn -0.7127 -0.4390 0.5471
vn -0.9234 -0.2148 0.3181
vn -0.9255 -0.2112 0.3143
vn -0.9983 0.0475 0.0349
vn -0.9983 0.0476 0.0349
vn -0.9191 0.3020 -0.2530
vn -0.9213 0.2987 -0.2492
vn -0.6994 0.5095 -0.5013
vn -0.7066 0.5049 -0.4957
vn -0.3738 0.6388 -0.6724
vn -0.3862 0.6359 -0.6681
vn 0.0072 0.6712 -0.7412
vn -0.0073 0.6719 -0.7406
vn 0.3862 0.6026 -0.6984
vn 0.3738 0.6066 -0.7017
vn 0.7067 0.4438 -0.5511
vn 0.6994 0.4489 -0.5561
vn 0.9213 0.2187 -0.3216
vn 0.9191 0.2222 -0.3253
vn 0.9983 -0.0394 -0.0440
vn 0.9983 -0.0394 -0.0439
vn 0.9255 -0.2921 0.2410
vn 0.9234 -0.2955 0.2449
vn 0.7127 -0.5015 0.4905
vn 0.7054 -0.5061 0.4962
vn 0.3906 -0.6352 0.6663
vn 0.3781 -0.6381 0.6707
usemtl None
s 1
f 737/737/731 753/738/732 754/739/733 738/740/734
f 738/740/734 754/739/733 755/741/735 739/742/736
f 739/742/736 755/741/735 756/743/737 740/744/738
f 740/744/738 756/743/737 757/745/739 741/746/740
f 741/746/740 757/745/739 758/747/741 742/748/742
f 742/748/742 758/747/741 759/749/743 743/750/744
f 743/750/744 759/749/743 760/751/745 744/752/746
f 744/752/746 760/751/745 761/753/747 745/754/748
f 745/754/748 761/753/747 762/755/749 746/756/750
f 746/756/750 762/755/749 763/757/751 747/758/752
f 747/758/752 763/757/751 764/759/753 748/760/754
f 748/760/754 764/759/753 765/761/755 749/762/756
f 749/762/756 765/761/755 766/763/757 750/764/758
f 750/764/758 766/763/757 767/765/759 751/766/760
f 751/766/760 767/765/759 768/767/761 752/768/762
f 752/768/762 768/767/761 753/738/732 737/737/731
o Circle.103
v 13.000000 55.747627 -22.747625
v 12.873714 55.765392 -22.765388
v 12.766655 55.815975 -22.815969
v 12.695119 55.891674 -22.891672
v 12.670000 55.980972 -22.980970
v 12.695119 56.070271 -23.070267
v 12.766655 56.145973 -23.145971
v 12.873714 56.196556 -23.196552
v 13.000000 56.214317 -23.214315
v 13.126286 56.196556 -23.196554
v 13.233345 56.145973 -23.145971
v 13.304881 56.070271 -23.070267
v 13.330000 55.980972 -22.980970
v 13.304881 55.891674 -22.891672
v 13.233345 55.815975 -22.815969
v 13.126286 55.765388 -22.765387
v 13.187500 57.867744 -20.408432
v 13.061214 57.887165 -20.424370
v 12.954155 57.942463 -20.469749
v 12.882619 58.025219 -20.537666
v 12.857500 58.122841 -20.617781
v 12.882619 58.220463 -20.697895
v 12.954155 58.303219 -20.765814
v 13.061214 58.358513 -20.811195
v 13.187500 58.377934 -20.827131
v 13.313786 58.358517 -20.811195
v 13.420845 58.303219 -20.765814
v 13.492381 58.220463 -20.697895
v 13.517500 58.122841 -20.617781
v 13.492381 58.025219 -20.537666
v 13.420845 57.942463 -20.469749
v 13.313786 57.887161 -20.424368
vt 1.2825 0.4074
vt 1.2981 0.4074
vt 1.2971 0.4098
vt 1.2815 0.4098
vt 1.2953 0.4117
vt 1.2796 0.4117
vt 1.2928 0.4127
vt 1.2772 0.4127
vt 1.2902 0.4127
vt 1.2745 0.4127
vt 1.2877 0.4117
vt 1.2721 0.4117
vt 1.2858 0.4098
vt 1.2702 0.4098
vt 1.2848 0.4074
vt 1.2692 0.4074
vt 1.2848 0.4047
vt 1.2692 0.4047
vt 1.2858 0.4023
vt 1.2702 0.4023
vt 1.2877 0.4004
vt 1.2721 0.4004
vt 1.2902 0.3994
vt 1.2745 0.3994
vt 1.2928 0.3994
vt 1.2772 0.3994
vt 1.2953 0.4004
vt 1.2796 0.4004
vt 1.2971 0.4023
vt 1.2815 0.4023
vt 1.2981 0.4047
vt 1.2825 0.4047
vn -0.0073 -0.7406 0.6719
vn 0.0073 -0.7412 0.6712
vn -0.3781 -0.6707 0.6381
vn -0.3906 -0.6663 0.6352
vn -0.7054 -0.4962 0.5061
vn -0.7127 -0.4905 0.5015
vn -0.9234 -0.2449 0.2955
vn -0.9255 -0.2410 0.2921
vn -0.9983 0.0439 0.0394
vn -0.9983 0.0440 0.0394
vn -0.9191 0.3253 -0.2222
vn -0.9213 0.3216 -0.2187
vn -0.6994 0.5562 -0.4489
vn -0.7066 0.5511 -0.4438
vn -0.3738 0.7017 -0.6066
vn -0.3862 0.6984 -0.6026
vn 0.0072 0.7406 -0.6719
vn -0.0073 0.7412 -0.6712
vn 0.3862 0.6681 -0.6359
vn 0.3738 0.6724 -0.6388
vn 0.7067 0.4957 -0.5049
vn 0.6994 0.5013 -0.5095
vn 0.9213 0.2492 -0.2987
vn 0.9191 0.2530 -0.3020
vn 0.9983 -0.0349 -0.0476
vn 0.9983 -0.0349 -0.0475
vn 0.9255 -0.3143 0.2112
vn 0.9234 -0.3181 0.2148
vn 0.7127 -0.5471 0.4390
vn 0.7054 -0.5523 0.4442
vn 0.3906 -0.6974 0.6009
vn 0.3781 -0.7008 0.6049
usemtl None
s 1
f 769/769/763 785/770/764 786/771/765 770/772/766
f 770/772/766 786/771/765 787/773/767 771/774/768
f 771/774/768 787/773/767 788/775/769 772/776/770
f 772/776/770 788/775/769 789/777/771 773/778/772
f 773/778/772 789/777/771 790/779/773 774/780/774
f 774/780/774 790/779/773 791/781/775 775/782/776
f 775/782/776 791/781/775 792/783/777 776/784/778
f 776/784/778 792/783/777 793/785/779 777/786/780
f 777/786/780 793/785/779 794/787/781 778/788/782
f 778/788/782 794/787/781 795/789/783 779/790/784
f 779/790/784 795/789/783 796/791/785 780/792/786
f 780/792/786 796/791/785 797/793/787 781/794/788
f 781/794/788 797/793/787 798/795/789 782/796/790
f 782/796/790 798/795/789 799/797/791 783/798/792
f 783/798/792 799/797/791 800/799/793 784/800/794
f 784/800/794 800/799/793 785/770/764 769/769/763
o Circle.102
v 13.187500 57.867744 -20.408432
v 13.061214 57.887165 -20.424370
v 12.954155 57.942463 -20.469749
v 12.882619 58.025219 -20.537666
v 12.857500 58.122841 -20.617781
v 12.882619 58.220463 -20.697895
v 12.954155 58.303219 -20.765814
v 13.061214 58.358513 -20.811195
v 13.187500 58.377934 -20.827131
v 13.313786 58.358517 -20.811195
v 13.420845 58.303219 -20.765814
v 13.492381 58.220463 -20.697895
v 13.517500 58.122841 -20.617781
v 13.492381 58.025219 -20.537666
v 13.420845 57.942463 -20.469749
v 13.313786 57.887161 -20.424368
v 13.375000 59.748383 -17.872692
v 13.248714 59.769272 -17.886650
v 13.141655 59.828747 -17.926392
v 13.070119 59.917763 -17.985870
v 13.045000 60.022766 -18.056030
v 13.070119 60.127769 -18.126190
v 13.141655 60.216785 -18.185671
v 13.248714 60.276264 -18.225412
v 13.375000 60.297150 -18.239368
v 13.501286 60.276264 -18.225414
v 13.608345 60.216785 -18.185671
v 13.679881 60.127769 -18.126190
v 13.705000 60.022766 -18.056030
v 13.679881 59.917763 -17.985870
v 13.608345 59.828747 -17.926392
v 13.501286 59.769264 -17.886648
vt 1.2981 0.4074
vt 1.3138 0.4074
vt 1.3128 0.4098
vt 1.2971 0.4098
vt 1.3109 0.4117
vt 1.2953 0.4117
vt 1.3084 0.4127
vt 1.2928 0.4127
vt 1.3058 0.4127
vt 1.2902 0.4127
vt 1.3033 0.4117
vt 1.2877 0.4117
vt 1.3015 0.4098
vt 1.2858 0.4098
vt 1.3004 0.4074
vt 1.2848 0.4074
vt 1.3004 0.4047
vt 1.2848 0.4047
vt 1.3015 0.4023
vt 1.2858 0.4023
vt 1.3033 0.4004
vt 1.2877 0.4004
vt 1.3058 0.3994
vt 1.2902 0.3994
vt 1.3084 0.3994
vt 1.2928 0.3994
vt 1.3109 0.4004
vt 1.2953 0.4004
vt 1.3128 0.4023
vt 1.2971 0.4023
vt 1.3138 0.4047
vt 1.2981 0.4047
vn -0.0073 -0.8029 0.5960
vn 0.0073 -0.8034 0.5953
vn -0.3781 -0.7300 0.5693
vn -0.3906 -0.7254 0.5668
vn -0.7054 -0.5435 0.4550
vn -0.7127 -0.5373 0.4510
vn -0.9234 -0.2727 0.2701
vn -0.9255 -0.2684 0.2671
vn -0.9983 0.0398 0.0435
vn -0.9983 0.0399 0.0435
vn -0.9191 0.3455 -0.1892
vn -0.9213 0.3415 -0.1861
vn -0.6994 0.5975 -0.3923
vn -0.7066 0.5920 -0.3876
vn -0.3738 0.7577 -0.5349
vn -0.3862 0.7541 -0.5312
vn 0.0072 0.8029 -0.5960
vn -0.0073 0.8034 -0.5953
vn 0.3862 0.7273 -0.5674
vn 0.3738 0.7318 -0.5699
vn 0.7066 0.5428 -0.4539
vn 0.6994 0.5488 -0.4579
vn 0.9213 0.2772 -0.2728
vn 0.9191 0.2814 -0.2757
vn 0.9983 -0.0300 -0.0508
vn 0.9983 -0.0301 -0.0507
vn 0.9255 -0.3335 0.1793
vn 0.9234 -0.3376 0.1826
vn 0.7127 -0.5875 0.3832
vn 0.7054 -0.5932 0.3880
vn 0.3906 -0.7530 0.5296
vn 0.3781 -0.7567 0.5333
usemtl None
s 1
f 801/801/795 817/802/796 818/803/797 802/804/798
f 802/804/798 818/803/797 819/805/799 803/806/800
f 803/806/800 819/805/799 820/807/801 804/808/802
f 804/808/802 820/807/801 821/809/803 805/810/804
f 805/810/804 821/809/803 822/811/805 806/812/806
f 806/812/806 822/811/805 823/813/807 807/814/808
f 807/814/808 823/813/807 824/815/809 808/816/810
f 808/816/810 824/815/809 825/817/811 809/818/812
f 809/818/812 825/817/811 826/819/813 810/820/814
f 810/820/814 826/819/813 827/821/815 811/822/816
f 811/822/816 827/821/815 828/823/817 812/824/818
f 812/824/818 828/823/817 829/825/819 813/826/820
f 813/826/820 829/825/819 830/827/821 814/828/822
f 814/828/822 830/827/821 831/829/823 815/830/824
f 815/830/824 831/829/823 832/831/825 816/832/826
f 816/832/826 832/831/825 817/802/796 801/801/795
o Circle.101
v 13.375000 59.748383 -17.872692
v 13.248714 59.769272 -17.886650
v 13.141655 59.828747 -17.926392
v 13.070119 59.917763 -17.985870
v 13.045000 60.022766 -18.056030
v 13.070119 60.127769 -18.126190
v 13.141655 60.216785 -18.185671
v 13.248714 60.276264 -18.225412
v 13.375000 60.297150 -18.239368
v 13.501286 60.276264 -18.225414
v 13.608345 60.216785 -18.185671
v 13.679881 60.127769 -18.126190
v 13.705000 60.022766 -18.056030
v 13.679881 59.917763 -17.985870
v 13.608345 59.828747 -17.926392
v 13.501286 59.769264 -17.886648
v 13.562500 61.371410 -15.164829
v 13.436214 61.393566 -15.176672
v 13.329155 61.456654 -15.210392
v 13.257619 61.551071 -15.260859
v 13.232500 61.662445 -15.320391
v 13.257619 61.773819 -15.379921
v 13.329155 61.868237 -15.430389
v 13.436214 61.931324 -15.464109
v 13.562500 61.953480 -15.475951
v 13.688786 61.931324 -15.464110
v 13.795845 61.868237 -15.430389
v 13.867381 61.773819 -15.379921
v 13.892500 61.662445 -15.320391
v 13.867381 61.551071 -15.260859
v 13.795845 61.456654 -15.210392
v 13.688786 61.393566 -15.176670
vt 1.3138 0.4074
vt 1.3294 0.4074
vt 1.3284 0.4098
vt 1.3128 0.4098
vt 1.3265 0.4117
vt 1.3109 0.4117
vt 1.3241 0.4127
vt 1.3084 0.4127
vt 1.3214 0.4127
vt 1.3058 0.4127
vt 1.3190 0.4117
vt 1.3033 0.4117
vt 1.3171 0.4098
vt 1.3015 0.4098
vt 1.3161 0.4074
vt 1.3004 0.4074
vt 1.3161 0.4047
vt 1.3004 0.4047
vt 1.3171 0.4023
vt 1.3015 0.4023
vt 1.3190 0.4004
vt 1.3033 0.4004
vt 1.3214 0.3994
vt 1.3058 0.3994
vt 1.3241 0.3994
vt 1.3084 0.3994
vt 1.3265 0.4004
vt 1.3109 0.4004
vt 1.3284 0.4023
vt 1.3128 0.4023
vt 1.3294 0.4047
vt 1.3138 0.4047
vn -0.0073 -0.8575 0.5145
vn 0.0073 -0.8579 0.5137
vn -0.3781 -0.7823 0.4950
vn -0.3906 -0.7774 0.4930
vn -0.7054 -0.5854 0.3996
vn -0.7127 -0.5789 0.3961
vn -0.9234 -0.2979 0.2421
vn -0.9255 -0.2933 0.2395
vn -0.9983 0.0353 0.0472
vn -0.9983 0.0354 0.0472
vn -0.9191 0.3624 -0.1544
vn -0.9213 0.3581 -0.1517
vn -0.6994 0.6331 -0.3318
vn -0.7066 0.6271 -0.3277
vn -0.3738 0.8065 -0.4580
vn -0.3862 0.8025 -0.4548
vn 0.0073 0.8575 -0.5145
vn -0.0073 0.8579 -0.5137
vn 0.3862 0.7794 -0.4934
vn 0.3738 0.7841 -0.4954
vn 0.7066 0.5847 -0.3985
vn 0.6994 0.5911 -0.4019
vn 0.9213 0.3026 -0.2443
vn 0.9191 0.3071 -0.2468
vn 0.9983 -0.0249 -0.0535
vn 0.9983 -0.0250 -0.0534
vn 0.9255 -0.3495 0.1458
vn 0.9234 -0.3539 0.1486
vn 0.7127 -0.6222 0.3238
vn 0.7054 -0.6283 0.3279
vn 0.3906 -0.8013 0.4533
vn 0.3781 -0.8054 0.4566
usemtl None
s 1
f 833/833/827 849/834/828 850/835/829 834/836/830
f 834/836/830 850/835/829 851/837/831 835/838/832
f 835/838/832 851/837/831 852/839/833 836/840/834
f 836/840/834 852/839/833 853/841/835 837/842/836
f 837/842/836 853/841/835 854/843/837 838/844/838
f 838/844/838 854/843/837 855/845/839 839/846/840
f 839/846/840 855/845/839 856/847/841 840/848/842
f 840/848/842 856/847/841 857/849/843 841/850/844
f 841/850/844 857/849/843 858/851/845 842/852/846
f 842/852/846 858/851/845 859/853/847 843/854/848
f 843/854/848 859/853/847 860/855/849 844/856/850
f 844/856/850 860/855/849 861/857/851 845/858/852
f 845/858/852 861/857/851 862/859/853 846/860/854
f 846/860/854 862/859/853 863/861/855 847/862/856
f 847/862/856 863/861/855 864/863/857 848/864/858
f 848/864/858 864/863/857 849/834/828 833/833/827
o Circle.100
v 13.562500 61.371410 -15.164829
v 13.436214 61.393566 -15.176672
v 13.329155 61.456654 -15.210392
v 13.257619 61.551071 -15.260859
v 13.232500 61.662445 -15.320391
v 13.257619 61.773819 -15.379921
v 13.329155 61.868237 -15.430389
v 13.436214 61.931324 -15.464109
v 13.562500 61.953480 -15.475951
v 13.688786 61.931324 -15.464110
v 13.795845 61.868237 -15.430389
v 13.867381 61.773819 -15.379921
v 13.892500 61.662445 -15.320391
v 13.867381 61.551071 -15.260859
v 13.795845 61.456654 -15.210392
v 13.688786 61.393566 -15.176670
v 13.750000 62.721207 -12.310921
v 13.623714 62.744415 -12.320535
v 13.516655 62.810505 -12.347909
v 13.445119 62.909416 -12.388879
v 13.420000 63.026089 -12.437206
v 13.445119 63.142761 -12.485534
v 13.516655 63.241669 -12.526505
v 13.623714 63.307758 -12.553879
v 13.750000 63.330967 -12.563492
v 13.876286 63.307758 -12.553879
v 13.983345 63.241669 -12.526505
v 14.054881 63.142761 -12.485534
v 14.080000 63.026089 -12.437206
v 14.054881 62.909416 -12.388879
v 13.983345 62.810505 -12.347909
v 13.876286 62.744415 -12.320534
vt 1.3294 0.4074
vt 1.3450 0.4074
vt 1.3440 0.4098
vt 1.3284 0.4098
vt 1.3421 0.4117
vt 1.3265 0.4117
vt 1.3397 0.4127
vt 1.3241 0.4127
vt 1.3370 0.4127
vt 1.3214 0.4127
vt 1.3346 0.4117
vt 1.3190 0.4117
vt 1.3327 0.4098
vt 1.3171 0.4098
vt 1.3317 0.4074
vt 1.3161 0.4074
vt 1.3317 0.4047
vt 1.3161 0.4047
vt 1.3327 0.4023
vt 1.3171 0.4023
vt 1.3346 0.4004
vt 1.3190 0.4004
vt 1.3370 0.3994
vt 1.3214 0.3994
vt 1.3397 0.3994
vt 1.3241 0.3994
vt 1.3421 0.4004
vt 1.3265 0.4004
vt 1.3440 0.4023
vt 1.3284 0.4023
vt 1.3450 0.4047
vt 1.3294 0.4047
vn -0.0073 -0.9038 0.4279
vn 0.0073 -0.9042 0.4272
vn -0.3781 -0.8271 0.4160
vn -0.3906 -0.8220 0.4144
vn -0.7054 -0.6218 0.3403
vn -0.7127 -0.6149 0.3375
vn -0.9234 -0.3202 0.2117
vn -0.9255 -0.3154 0.2096
vn -0.9983 0.0306 0.0505
vn -0.9983 0.0306 0.0504
vn -0.9191 0.3758 -0.1182
vn -0.9213 0.3713 -0.1159
vn -0.6994 0.6625 -0.2682
vn -0.7066 0.6562 -0.2647
vn -0.3738 0.8475 -0.3767
vn -0.3862 0.8432 -0.3739
vn 0.0073 0.9038 -0.4279
vn -0.0073 0.9041 -0.4272
vn 0.3862 0.8240 -0.4146
vn 0.3738 0.8289 -0.4161
vn 0.7066 0.6209 -0.3393
vn 0.6994 0.6276 -0.3420
vn 0.9213 0.3251 -0.2135
vn 0.9191 0.3298 -0.2155
vn 0.9983 -0.0196 -0.0557
vn 0.9983 -0.0196 -0.0556
vn 0.9255 -0.3621 0.1108
vn 0.9234 -0.3668 0.1132
vn 0.7127 -0.6510 0.2612
vn 0.7054 -0.6575 0.2648
vn 0.3906 -0.8418 0.3725
vn 0.3781 -0.8462 0.3754
usemtl None
s 1
f 865/865/859 881/866/860 882/867/861 866/868/862
f 866/868/862 882/867/861 883/869/863 867/870/864
f 867/870/864 883/869/863 884/871/865 868/872/866
f 868/872/866 884/871/865 885/873/867 869/874/868
f 869/874/868 885/873/867 886/875/869 870/876/870
f 870/876/870 886/875/869 887/877/871 871/878/872
f 871/878/872 887/877/871 888/879/873 872/880/874
f 872/880/874 888/879/873 889/881/875 873/882/876
f 873/882/876 889/881/875 890/883/877 874/884/878
f 874/884/878 890/883/877 891/885/879 875/886/880
f 875/886/880 891/885/879 892/887/881 876/888/882
f 876/888/882 892/887/881 893/889/883 877/890/884
f 877/890/884 893/889/883 894/891/885 878/892/886
f 878/892/886 894/891/885 895/893/887 879/894/888
f 879/894/888 895/893/887 896/895/889 880/896/890
f 880/896/890 896/895/889 881/866/860 865/865/859
o Circle.099
v 13.750000 62.721207 -12.310921
v 13.623714 62.744415 -12.320535
v 13.516655 62.810505 -12.347909
v 13.445119 62.909416 -12.388879
v 13.420000 63.026089 -12.437206
v 13.445119 63.142761 -12.485534
v 13.516655 63.241669 -12.526505
v 13.623714 63.307758 -12.553879
v 13.750000 63.330967 -12.563492
v 13.876286 63.307758 -12.553879
v 13.983345 63.241669 -12.526505
v 14.054881 63.142761 -12.485534
v 14.080000 63.026089 -12.437206
v 14.054881 62.909416 -12.388879
v 13.983345 62.810505 -12.347909
v 13.876286 62.744415 -12.320534
v 13.937500 63.784771 -9.338459
v 13.811214 63.808811 -9.345752
v 13.704155 63.877262 -9.366516
v 13.632619 63.979710 -9.397594
v 13.607500 64.100563 -9.434253
v 13.632619 64.221405 -9.470911
v 13.704155 64.323853 -9.501989
v 13.811214 64.392311 -9.522755
v 13.937500 64.416351 -9.530047
v 14.063786 64.392311 -9.522756
v 14.170845 64.323853 -9.501989
v 14.242381 64.221405 -9.470911
v 14.267500 64.100563 -9.434253
v 14.242381 63.979710 -9.397594
v 14.170845 63.877262 -9.366516
v 14.063786 63.808807 -9.345751
vt 1.3450 0.4074
vt 1.3606 0.4074
vt 1.3596 0.4098
vt 1.3440 0.4098
vt 1.3578 0.4117
vt 1.3421 0.4117
vt 1.3553 0.4127
vt 1.3397 0.4127
vt 1.3527 0.4127
vt 1.3370 0.4127
vt 1.3502 0.4117
vt 1.3346 0.4117
vt 1.3483 0.4098
vt 1.3327 0.4098
vt 1.3473 0.4074
vt 1.3317 0.4074
vt 1.3473 0.4047
vt 1.3317 0.4047
vt 1.3483 0.4023
vt 1.3327 0.4023
vt 1.3502 0.4004
vt 1.3346 0.4004
vt 1.3527 0.3994
vt 1.3370 0.3994
vt 1.3553 0.3994
vt 1.3397 0.3994
vt 1.3578 0.4004
vt 1.3421 0.4004
vt 1.3596 0.4023
vt 1.3440 0.4023
vt 1.3606 0.4047
vt 1.3450 0.4047
vn -0.0073 -0.9414 0.3373
vn 0.0073 -0.9417 0.3365
vn -0.3781 -0.8638 0.3329
vn -0.3906 -0.8587 0.3318
vn -0.7054 -0.6521 0.2777
vn -0.7127 -0.6450 0.2756
vn -0.9234 -0.3394 0.1793
vn -0.9255 -0.3344 0.1776
vn -0.9983 0.0255 0.0532
vn -0.9191 0.3856 -0.0808
vn -0.9213 0.3808 -0.0790
vn -0.6994 0.6856 -0.2019
vn -0.7066 0.6790 -0.1991
vn -0.3738 0.8804 -0.2919
vn -0.3862 0.8758 -0.2895
vn 0.0073 0.9414 -0.3373
vn -0.0073 0.9417 -0.3365
vn 0.3862 0.8606 -0.3319
vn 0.3738 0.8657 -0.3329
vn 0.7066 0.6512 -0.2768
vn 0.6994 0.6581 -0.2789
vn 0.9213 0.3445 -0.1806
vn 0.9191 0.3493 -0.1822
vn 0.9983 -0.0140 -0.0573
vn 0.9983 -0.0141 -0.0573
vn 0.9255 -0.3712 0.0748
vn 0.9234 -0.3761 0.0767
vn 0.7127 -0.6735 0.1962
vn 0.7054 -0.6803 0.1991
vn 0.3906 -0.8743 0.2882
vn 0.3781 -0.8790 0.2907
usemtl None
s 1
f 897/897/891 913/898/892 914/899/893 898/900/894
f 898/900/894 914/899/893 915/901/895 899/902/896
f 899/902/896 915/901/895 916/903/897 900/904/898
f 900/904/898 916/903/897 917/905/899 901/906/899
f 901/906/899 917/905/899 918/907/900 902/908/901
f 902/908/901 918/907/900 919/909/902 903/910/903
f 903/910/903 919/909/902 920/911/904 904/912/905
f 904/912/905 920/911/904 921/913/906 905/914/907
f 905/914/907 921/913/906 922/915/908 906/916/909
f 906/916/909 922/915/908 923/917/910 907/918/911
f 907/918/911 923/917/910 924/919/912 908/920/913
f 908/920/913 924/919/912 925/921/914 909/922/915
f 909/922/915 925/921/914 926/923/916 910/924/917
f 910/924/917 926/923/916 927/925/918 911/926/919
f 911/926/919 927/925/918 928/927/920 912/928/921
f 912/928/921 928/927/920 913/898/892 897/897/891
o Circle.098
v 13.937500 63.784771 -9.338459
v 13.811214 63.808811 -9.345752
v 13.704155 63.877262 -9.366516
v 13.632619 63.979710 -9.397594
v 13.607500 64.100563 -9.434253
v 13.632619 64.221405 -9.470911
v 13.704155 64.323853 -9.501989
v 13.811214 64.392311 -9.522755
v 13.937500 64.416351 -9.530047
v 14.063786 64.392311 -9.522756
v 14.170845 64.323853 -9.501989
v 14.242381 64.221405 -9.470911
v 14.267500 64.100563 -9.434253
v 14.242381 63.979710 -9.397594
v 14.170845 63.877262 -9.366516
v 14.063786 63.808807 -9.345751
v 14.125000 64.551865 -6.276055
v 13.998714 64.576500 -6.280956
v 13.891655 64.646660 -6.294912
v 13.820119 64.751663 -6.315798
v 13.795000 64.875519 -6.340435
v 13.820119 64.999382 -6.365072
v 13.891655 65.104385 -6.385959
v 13.998714 65.174538 -6.399914
v 14.125000 65.199181 -6.404815
v 14.251286 65.174538 -6.399915
v 14.358345 65.104385 -6.385959
v 14.429881 64.999382 -6.365072
v 14.455000 64.875519 -6.340435
v 14.429881 64.751663 -6.315798
v 14.358345 64.646660 -6.294912
v 14.251286 64.576500 -6.280956
vt 1.3606 0.4074
vt 1.3763 0.4074
vt 1.3753 0.4098
vt 1.3596 0.4098
vt 1.3734 0.4117
vt 1.3578 0.4117
vt 1.3709 0.4127
vt 1.3553 0.4127
vt 1.3683 0.4127
vt 1.3527 0.4127
vt 1.3658 0.4117
vt 1.3502 0.4117
vt 1.3640 0.4098
vt 1.3483 0.4098
vt 1.3629 0.4074
vt 1.3473 0.4074
vt 1.3629 0.4047
vt 1.3473 0.4047
vt 1.3640 0.4023
vt 1.3483 0.4023
vt 1.3658 0.4004
vt 1.3502 0.4004
vt 1.3683 0.3994
vt 1.3527 0.3994
vt 1.3709 0.3994
vt 1.3553 0.3994
vt 1.3734 0.4004
vt 1.3578 0.4004
vt 1.3753 0.4023
vt 1.3596 0.4023
vt 1.3763 0.4047
vt 1.3606 0.4047
vn -0.0073 -0.9699 0.2434
vn 0.0073 -0.9701 0.2426
vn -0.3781 -0.8923 0.2466
vn -0.3906 -0.8871 0.2461
vn -0.7054 -0.6762 0.2124
vn -0.7127 -0.6689 0.2110
vn -0.9234 -0.3553 0.1452
vn -0.9255 -0.3502 0.1440
vn -0.9983 0.0201 0.0555
vn -0.9983 0.0202 0.0554
vn -0.9191 0.3916 -0.0426
vn -0.9213 0.3867 -0.0412
vn -0.6994 0.7021 -0.1338
vn -0.7066 0.6952 -0.1316
vn -0.3738 0.9047 -0.2042
vn -0.3862 0.9000 -0.2022
vn 0.0073 0.9699 -0.2434
vn -0.0073 0.9701 -0.2426
vn 0.3862 0.8890 -0.2459
vn 0.3738 0.8942 -0.2464
vn 0.7066 0.6752 -0.2117
vn 0.6994 0.6823 -0.2130
vn 0.9213 0.3605 -0.1459
vn 0.9191 0.3655 -0.1470
vn 0.9983 -0.0083 -0.0584
vn 0.9983 -0.0084 -0.0584
vn 0.9255 -0.3767 0.0381
vn 0.9234 -0.3818 0.0395
vn 0.7127 -0.6894 0.1292
vn 0.7054 -0.6965 0.1314
vn 0.3906 -0.8983 0.2011
vn 0.3781 -0.9032 0.2031
usemtl None
s 1
f 929/929/922 945/930/923 946/931/924 930/932/925
f 930/932/925 946/931/924 947/933/926 931/934/927
f 931/934/927 947/933/926 948/935/928 932/936/929
f 932/936/929 948/935/928 949/937/930 933/938/931
f 933/938/931 949/937/930 950/939/932 934/940/933
f 934/940/933 950/939/932 951/941/934 935/942/935
f 935/942/935 951/941/934 952/943/936 936/944/937
f 936/944/937 952/943/936 953/945/938 937/946/939
f 937/946/939 953/945/938 954/947/940 938/948/941
f 938/948/941 954/947/940 955/949/942 939/950/943
f 939/950/943 955/949/942 956/951/944 940/952/945
f 940/952/945 956/951/944 957/953/946 941/954/947
f 941/954/947 957/953/946 958/955/948 942/956/949
f 942/956/949 958/955/948 959/957/950 943/958/951
f 943/958/951 959/957/950 960/959/952 944/960/953
f 944/960/953 960/959/952 945/930/923 929/929/922
o Circle.097
v 14.125000 64.551865 -6.276055
v 13.998714 64.576500 -6.280956
v 13.891655 64.646660 -6.294912
v 13.820119 64.751663 -6.315798
v 13.795000 64.875519 -6.340435
v 13.820119 64.999382 -6.365072
v 13.891655 65.104385 -6.385959
v 13.998714 65.174538 -6.399914
v 14.125000 65.199181 -6.404815
v 14.251286 65.174538 -6.399915
v 14.358345 65.104385 -6.385959
v 14.429881 64.999382 -6.365072
v 14.455000 64.875519 -6.340435
v 14.429881 64.751663 -6.315798
v 14.358345 64.646660 -6.294912
v 14.251286 64.576500 -6.280956
v 14.312500 65.015091 -3.153210
v 14.186214 65.040092 -3.155672
v 14.079155 65.111282 -3.162684
v 14.007619 65.217827 -3.173177
v 13.982500 65.343506 -3.185556
v 14.007619 65.469177 -3.197934
v 14.079155 65.575729 -3.208427
v 14.186214 65.646912 -3.215439
v 14.312500 65.671913 -3.217901
v 14.438786 65.646919 -3.215439
v 14.545845 65.575729 -3.208427
v 14.617381 65.469177 -3.197934
v 14.642500 65.343506 -3.185556
v 14.617381 65.217827 -3.173177
v 14.545845 65.111282 -3.162684
v 14.438786 65.040092 -3.155672
vt 1.3763 0.4074
vt 1.3919 0.4074
vt 1.3909 0.4098
vt 1.3753 0.4098
vt 1.3890 0.4117
vt 1.3734 0.4117
vt 1.3866 0.4127
vt 1.3709 0.4127
vt 1.3839 0.4127
vt 1.3683 0.4127
vt 1.3815 0.4117
vt 1.3658 0.4117
vt 1.3796 0.4098
vt 1.3640 0.4098
vt 1.3786 0.4074
vt 1.3629 0.4074
vt 1.3786 0.4047
vt 1.3629 0.4047
vt 1.3796 0.4023
vt 1.3640 0.4023
vt 1.3815 0.4004
vt 1.3658 0.4004
vt 1.3839 0.3994
vt 1.3683 0.3994
vt 1.3866 0.3994
vt 1.3709 0.3994
vt 1.3890 0.4004
vt 1.3734 0.4004
vt 1.3909 0.4023
vt 1.3753 0.4023
vt 1.3919 0.4047
vt 1.3763 0.4047
vn -0.0073 -0.9891 0.1472
vn 0.0073 -0.9892 0.1463
vn -0.3781 -0.9122 0.1580
vn -0.3906 -0.9069 0.1579
vn -0.7054 -0.6938 0.1451
vn -0.7127 -0.6864 0.1445
vn -0.9234 -0.3678 0.1096
vn -0.9255 -0.3626 0.1090
vn -0.9983 0.0146 0.0572
vn -0.9983 0.0147 0.0572
vn -0.9191 0.3939 -0.0040
vn -0.9213 0.3889 -0.0031
vn -0.6994 0.7119 -0.0643
vn -0.7066 0.7048 -0.0628
vn -0.3738 0.9204 -0.1145
vn -0.3862 0.9155 -0.1130
vn 0.0072 0.9891 -0.1471
vn -0.0073 0.9892 -0.1463
vn 0.3862 0.9089 -0.1576
vn 0.3738 0.9140 -0.1576
vn 0.7066 0.6927 -0.1445
vn 0.6994 0.6999 -0.1451
vn 0.9213 0.3731 -0.1099
vn 0.9191 0.3781 -0.1105
vn 0.9983 -0.0025 -0.0589
vn 0.9983 -0.0026 -0.0589
vn 0.9255 -0.3786 0.0010
vn 0.9234 -0.3838 0.0019
vn 0.7127 -0.6988 0.0610
vn 0.7054 -0.7060 0.0625
vn 0.3906 -0.9137 0.1121
vn 0.3781 -0.9188 0.1136
usemtl None
s 1
f 961/961/954 977/962/955 978/963/956 962/964/957
f 962/964/957 978/963/956 979/965/958 963/966/959
f 963/966/959 979/965/958 980/967/960 964/968/961
f 964/968/961 980/967/960 981/969/962 965/970/963
f 965/970/963 981/969/962 982/971/964 966/972/965
f 966/972/965 982/971/964 983/973/966 967/974/967
f 967/974/967 983/973/966 984/975/968 968/976/969
f 968/976/969 984/975/968 985/977/970 969/978/971
f 969/978/971 985/977/970 986/979/972 970/980/973
f 970/980/973 986/979/972 987/981/974 971/982/975
f 971/982/975 987/981/974 988/983/976 972/984/977
f 972/984/977 988/983/976 989/985/978 973/986/979
f 973/986/979 989/985/978 990/987/980 974/988/981
f 974/988/981 990/987/980 991/989/982 975/990/983
f 975/990/983 991/989/982 992/991/984 976/992/985
f 976/992/985 992/991/984 977/962/955 961/961/954
o Circle.096
v 14.312500 65.015091 -3.153210
v 14.186214 65.040092 -3.155672
v 14.079155 65.111282 -3.162684
v 14.007619 65.217827 -3.173177
v 13.982500 65.343506 -3.185556
v 14.007619 65.469177 -3.197934
v 14.079155 65.575729 -3.208427
v 14.186214 65.646912 -3.215439
v 14.312500 65.671913 -3.217901
v 14.438786 65.646919 -3.215439
v 14.545845 65.575729 -3.208427
v 14.617381 65.469177 -3.197934
v 14.642500 65.343506 -3.185556
v 14.617381 65.217827 -3.173177
v 14.545845 65.111282 -3.162684
v 14.438786 65.040092 -3.155672
v 14.500000 65.169998 0.000003
v 14.373714 65.195122 0.000003
v 14.266655 65.266655 0.000003
v 14.195119 65.373711 0.000003
v 14.170000 65.500000 0.000003
v 14.195119 65.626289 0.000003
v 14.266655 65.733345 0.000003
v 14.373714 65.804878 0.000003
v 14.500000 65.830002 0.000003
v 14.626286 65.804886 0.000003
v 14.733345 65.733345 0.000003
v 14.804881 65.626289 0.000003
v 14.830000 65.500000 0.000003
v 14.804881 65.373711 0.000003
v 14.733345 65.266655 0.000003
v 14.626286 65.195114 0.000003
vt 1.3919 0.4074
vt 1.4075 0.4074
vt 1.4065 0.4098
vt 1.3909 0.4098
vt 1.4046 0.4117
vt 1.3890 0.4117
vt 1.4022 0.4127
vt 1.3866 0.4127
vt 1.3995 0.4127
vt 1.3839 0.4127
vt 1.3971 0.4117
vt 1.3815 0.4117
vt 1.3952 0.4098
vt 1.3796 0.4098
vt 1.3942 0.4074
vt 1.3786 0.4074
vt 1.3942 0.4047
vt 1.3786 0.4047
vt 1.3952 0.4023
vt 1.3796 0.4023
vt 1.3971 0.4004
vt 1.3815 0.4004
vt 1.3995 0.3994
vt 1.3839 0.3994
vt 1.4022 0.3994
vt 1.3866 0.3994
vt 1.4046 0.4004
vt 1.3890 0.4004
vt 1.4065 0.4023
vt 1.3909 0.4023
vt 1.4075 0.4047
vt 1.3919 0.4047
vn -0.0073 -0.9987 0.0495
vn 0.0073 -0.9988 0.0486
vn -0.3781 -0.9233 0.0678
vn -0.3906 -0.9180 0.0683
vn -0.7054 -0.7047 0.0764
vn -0.7127 -0.6973 0.0765
vn -0.9234 -0.3768 0.0731
vn -0.9255 -0.3716 0.0729
vn -0.9983 0.0089 0.0583
vn -0.9983 0.0090 0.0583
vn -0.9191 0.3924 0.0346
vn -0.9213 0.3874 0.0350
vn -0.6994 0.7147 0.0058
vn -0.7066 0.7075 0.0066
vn -0.3738 0.9272 -0.0237
vn -0.3862 0.9221 -0.0228
vn 0.0072 0.9987 -0.0495
vn -0.0073 0.9988 -0.0486
vn 0.3862 0.9199 -0.0677
vn 0.3738 0.9251 -0.0673
vn 0.7067 0.7035 -0.0759
vn 0.6994 0.7107 -0.0758
vn 0.9213 0.3821 -0.0728
vn 0.9191 0.3871 -0.0729
vn 0.9983 0.0032 -0.0589
vn 0.9255 -0.3769 -0.0362
vn 0.9234 -0.3822 -0.0358
vn 0.7127 -0.7014 -0.0078
vn 0.7054 -0.7087 -0.0070
vn 0.3906 -0.9203 0.0220
vn 0.3781 -0.9255 0.0230
usemtl None
s 1
f 993/993/986 1009/994/987 1010/995/988 994/996/989
f 994/996/989 1010/995/988 1011/997/990 995/998/991
f 995/998/991 1011/997/990 1012/999/992 996/1000/993
f 996/1000/993 1012/999/992 1013/1001/994 997/1002/995
f 997/1002/995 1013/1001/994 1014/1003/996 998/1004/997
f 998/1004/997 1014/1003/996 1015/1005/998 999/1006/999
f 999/1006/999 1015/1005/998 1016/1007/1000 1000/1008/1001
f 1000/1008/1001 1016/1007/1000 1017/1009/1002 1001/1010/1003
f 1001/1010/1003 1017/1009/1002 1018/1011/1004 1002/1012/1005
f 1002/1012/1005 1018/1011/1004 1019/1013/1006 1003/1014/1007
f 1003/1014/1007 1019/1013/1006 1020/1015/1008 1004/1016/1009
f 1004/1016/1009 1020/1015/1008 1021/1017/1010 1005/1018/1010
f 1005/1018/1010 1021/1017/1010 1022/1019/1011 1006/1020/1012
f 1006/1020/1012 1022/1019/1011 1023/1021/1013 1007/1022/1014
f 1007/1022/1014 1023/1021/1013 1024/1023/1015 1008/1024/1016
f 1008/1024/1016 1024/1023/1015 1009/994/987 993/993/986
o Circle.095
v 14.500000 65.169998 0.000003
v 14.373714 65.195122 0.000003
v 14.266655 65.266655 0.000003
v 14.195119 65.373711 0.000003
v 14.170000 65.500000 0.000003
v 14.195119 65.626289 0.000003
v 14.266655 65.733345 0.000003
v 14.373714 65.804878 0.000003
v 14.500000 65.830002 0.000003
v 14.626286 65.804886 0.000003
v 14.733345 65.733345 0.000003
v 14.804881 65.626289 0.000003
v 14.830000 65.500000 0.000003
v 14.804881 65.373711 0.000003
v 14.733345 65.266655 0.000003
v 14.626286 65.195114 0.000003
v 14.687500 65.015091 3.153215
v 14.561214 65.040092 3.155678
v 14.454155 65.111282 3.162689
v 14.382619 65.217827 3.173183
v 14.357500 65.343506 3.185561
v 14.382619 65.469177 3.197939
v 14.454155 65.575729 3.208433
v 14.561214 65.646912 3.215445
v 14.687500 65.671913 3.217907
v 14.813786 65.646919 3.215445
v 14.920845 65.575729 3.208433
v 14.992381 65.469177 3.197939
v 15.017500 65.343506 3.185561
v 14.992381 65.217827 3.173183
v 14.920845 65.111282 3.162689
v 14.813786 65.040092 3.155678
vt 1.4075 0.4074
vt 1.4231 0.4074
vt 1.4221 0.4098
vt 1.4065 0.4098
vt 1.4203 0.4117
vt 1.4046 0.4117
vt 1.4178 0.4127
vt 1.4022 0.4127
vt 1.4152 0.4127
vt 1.3995 0.4127
vt 1.4127 0.4117
vt 1.3971 0.4117
vt 1.4108 0.4098
vt 1.3952 0.4098
vt 1.4098 0.4074
vt 1.3942 0.4074
vt 1.4098 0.4047
vt 1.3942 0.4047
vt 1.4108 0.4023
vt 1.3952 0.4023
vt 1.4127 0.4004
vt 1.3971 0.4004
vt 1.4152 0.3994
vt 1.3995 0.3994
vt 1.4178 0.3994
vt 1.4022 0.3994
vt 1.4203 0.4004
vt 1.4046 0.4004
vt 1.4221 0.4023
vt 1.4065 0.4023
vt 1.4231 0.4047
vt 1.4075 0.4047
vn -0.0073 -0.9988 -0.0486
vn 0.0073 -0.9987 -0.0495
vn -0.3781 -0.9255 -0.0230
vn -0.3906 -0.9203 -0.0220
vn -0.7054 -0.7088 0.0070
vn -0.7127 -0.7014 0.0078
vn -0.9234 -0.3822 0.0358
vn -0.9255 -0.3769 0.0362
vn -0.9983 0.0032 0.0589
vn -0.9191 0.3871 0.0729
vn -0.9213 0.3821 0.0728
vn -0.6994 0.7107 0.0758
vn -0.7066 0.7035 0.0759
vn -0.3738 0.9251 0.0673
vn -0.3862 0.9199 0.0677
vn 0.0072 0.9988 0.0486
vn -0.0073 0.9987 0.0495
vn 0.3862 0.9221 0.0228
vn 0.3738 0.9272 0.0237
vn 0.7067 0.7075 -0.0066
vn 0.6994 0.7147 -0.0058
vn 0.9213 0.3874 -0.0350
vn 0.9191 0.3924 -0.0346
vn 0.9983 0.0090 -0.0583
vn 0.9983 0.0089 -0.0583
vn 0.9255 -0.3716 -0.0729
vn 0.9234 -0.3768 -0.0731
vn 0.7127 -0.6973 -0.0765
vn 0.7054 -0.7046 -0.0764
vn 0.3906 -0.9180 -0.0683
vn 0.3781 -0.9233 -0.0678
usemtl None
s 1
f 1025/1025/1017 1041/1026/1018 1042/1027/1019 1026/1028/1020
f 1026/1028/1020 1042/1027/1019 1043/1029/1021 1027/1030/1022
f 1027/1030/1022 1043/1029/1021 1044/1031/1023 1028/1032/1024
f 1028/1032/1024 1044/1031/1023 1045/1033/1025 1029/1034/1025
f 1029/1034/1025 1045/1033/1025 1046/1035/1026 1030/1036/1027
f 1030/1036/1027 1046/1035/1026 1047/1037/1028 1031/1038/1029
f 1031/1038/1029 1047/1037/1028 1048/1039/1030 1032/1040/1031
f 1032/1040/1031 1048/1039/1030 1049/1041/1032 1033/1042/1033
f 1033/1042/1033 1049/1041/1032 1050/1043/1034 1034/1044/1035
f 1034/1044/1035 1050/1043/1034 1051/1045/1036 1035/1046/1037
f 1035/1046/1037 1051/1045/1036 1052/1047/1038 1036/1048/1039
f 1036/1048/1039 1052/1047/1038 1053/1049/1040 1037/1050/1041
f 1037/1050/1041 1053/1049/1040 1054/1051/1042 1038/1052/1043
f 1038/1052/1043 1054/1051/1042 1055/1053/1044 1039/1054/1045
f 1039/1054/1045 1055/1053/1044 1056/1055/1046 1040/1056/1047
f 1040/1056/1047 1056/1055/1046 1041/1026/1018 1025/1025/1017
o Circle.094
v 14.687500 65.015091 3.153215
v 14.561214 65.040092 3.155678
v 14.454155 65.111282 3.162689
v 14.382619 65.217827 3.173183
v 14.357500 65.343506 3.185561
v 14.382619 65.469177 3.197939
v 14.454155 65.575729 3.208433
v 14.561214 65.646912 3.215445
v 14.687500 65.671913 3.217907
v 14.813786 65.646919 3.215445
v 14.920845 65.575729 3.208433
v 14.992381 65.469177 3.197939
v 15.017500 65.343506 3.185561
v 14.992381 65.217827 3.173183
v 14.920845 65.111282 3.162689
v 14.813786 65.040092 3.155678
v 14.875000 64.551865 6.276061
v 14.748714 64.576500 6.280962
v 14.641655 64.646660 6.294918
v 14.570119 64.751663 6.315804
v 14.545000 64.875519 6.340441
v 14.570119 64.999382 6.365078
v 14.641655 65.104385 6.385964
v 14.748714 65.174538 6.399920
v 14.875000 65.199181 6.404821
v 15.001286 65.174538 6.399920
v 15.108345 65.104385 6.385964
v 15.179881 64.999382 6.365078
v 15.205000 64.875519 6.340441
v 15.179881 64.751663 6.315804
v 15.108345 64.646660 6.294918
v 15.001286 64.576500 6.280962
vt 1.4231 0.4074
vt 1.4388 0.4074
vt 1.4378 0.4098
vt 1.4221 0.4098
vt 1.4359 0.4117
vt 1.4203 0.4117
vt 1.4334 0.4127
vt 1.4178 0.4127
vt 1.4308 0.4127
vt 1.4152 0.4127
vt 1.4283 0.4117
vt 1.4127 0.4117
vt 1.4265 0.4098
vt 1.4108 0.4098
vt 1.4254 0.4074
vt 1.4098 0.4074
vt 1.4254 0.4047
vt 1.4098 0.4047
vt 1.4265 0.4023
vt 1.4108 0.4023
vt 1.4283 0.4004
vt 1.4127 0.4004
vt 1.4308 0.3994
vt 1.4152 0.3994
vt 1.4334 0.3994
vt 1.4178 0.3994
vt 1.4359 0.4004
vt 1.4203 0.4004
vt 1.4378 0.4023
vt 1.4221 0.4023
vt 1.4388 0.4047
vt 1.4231 0.4047
vn -0.0073 -0.9892 -0.1463
vn 0.0073 -0.9891 -0.1472
vn -0.3781 -0.9188 -0.1136
vn -0.3906 -0.9137 -0.1121
vn -0.7054 -0.7060 -0.0625
vn -0.7127 -0.6988 -0.0610
vn -0.9234 -0.3838 -0.0019
vn -0.9255 -0.3786 -0.0010
vn -0.9983 -0.0026 0.0589
vn -0.9983 -0.0025 0.0589
vn -0.9191 0.3781 0.1105
vn -0.9213 0.3731 0.1099
vn -0.6994 0.6999 0.1451
vn -0.7066 0.6927 0.1445
vn -0.3738 0.9140 0.1576
vn -0.3862 0.9089 0.1576
vn 0.0072 0.9892 0.1463
vn -0.0073 0.9891 0.1471
vn 0.3862 0.9155 0.1130
vn 0.3738 0.9204 0.1145
vn 0.7066 0.7048 0.0628
vn 0.6994 0.7119 0.0643
vn 0.9213 0.3889 0.0031
vn 0.9191 0.3939 0.0040
vn 0.9983 0.0147 -0.0572
vn 0.9983 0.0146 -0.0572
vn 0.9255 -0.3626 -0.1090
vn 0.9234 -0.3678 -0.1096
vn 0.7127 -0.6864 -0.1445
vn 0.7054 -0.6938 -0.1451
vn 0.3906 -0.9069 -0.1579
vn 0.3781 -0.9122 -0.1580
usemtl None
s 1
f 1057/1057/1048 1073/1058/1049 1074/1059/1050 1058/1060/1051
f 1058/1060/1051 1074/1059/1050 1075/1061/1052 1059/1062/1053
f 1059/1062/1053 1075/1061/1052 1076/1063/1054 1060/1064/1055
f 1060/1064/1055 1076/1063/1054 1077/1065/1056 1061/1066/1057
f 1061/1066/1057 1077/1065/1056 1078/1067/1058 1062/1068/1059
f 1062/1068/1059 1078/1067/1058 1079/1069/1060 1063/1070/1061
f 1063/1070/1061 1079/1069/1060 1080/1071/1062 1064/1072/1063
f 1064/1072/1063 1080/1071/1062 1081/1073/1064 1065/1074/1065
f 1065/1074/1065 1081/1073/1064 1082/1075/1066 1066/1076/1067
f 1066/1076/1067 1082/1075/1066 1083/1077/1068 1067/1078/1069
f 1067/1078/1069 1083/1077/1068 1084/1079/1070 1068/1080/1071
f 1068/1080/1071 1084/1079/1070 1085/1081/1072 1069/1082/1073
f 1069/1082/1073 1085/1081/1072 1086/1083/1074 1070/1084/1075
f 1070/1084/1075 1086/1083/1074 1087/1085/1076 1071/1086/1077
f 1071/1086/1077 1087/1085/1076 1088/1087/1078 1072/1088/1079
f 1072/1088/1079 1088/1087/1078 1073/1058/1049 1057/1057/1048
o Circle.093
v 14.875000 64.551865 6.276061
v 14.748714 64.576500 6.280962
v 14.641655 64.646660 6.294918
v 14.570119 64.751663 6.315804
v 14.545000 64.875519 6.340441
v 14.570119 64.999382 6.365078
v 14.641655 65.104385 6.385964
v 14.748714 65.174538 6.399920
v 14.875000 65.199181 6.404821
v 15.001286 65.174538 6.399920
v 15.108345 65.104385 6.385964
v 15.179881 64.999382 6.365078
v 15.205000 64.875519 6.340441
v 15.179881 64.751663 6.315804
v 15.108345 64.646660 6.294918
v 15.001286 64.576500 6.280962
v 15.062500 63.784767 9.338464
v 14.936214 63.808811 9.345757
v 14.829155 63.877262 9.366521
v 14.757619 63.979710 9.397599
v 14.732500 64.100555 9.434258
v 14.757619 64.221405 9.470917
v 14.829155 64.323853 9.501995
v 14.936214 64.392303 9.522759
v 15.062500 64.416344 9.530052
v 15.188786 64.392311 9.522760
v 15.295845 64.323853 9.501995
v 15.367381 64.221405 9.470917
v 15.392500 64.100555 9.434258
v 15.367381 63.979710 9.397599
v 15.295845 63.877262 9.366521
v 15.188786 63.808804 9.345756
vt 1.4388 0.4074
vt 1.4544 0.4074
vt 1.4534 0.4098
vt 1.4378 0.4098
vt 1.4515 0.4117
vt 1.4359 0.4117
vt 1.4491 0.4127
vt 1.4334 0.4127
vt 1.4464 0.4127
vt 1.4308 0.4127
vt 1.4440 0.4117
vt 1.4283 0.4117
vt 1.4421 0.4098
vt 1.4265 0.4098
vt 1.4411 0.4074
vt 1.4254 0.4074
vt 1.4411 0.4047
vt 1.4254 0.4047
vt 1.4421 0.4023
vt 1.4265 0.4023
vt 1.4440 0.4004
vt 1.4283 0.4004
vt 1.4464 0.3994
vt 1.4308 0.3994
vt 1.4491 0.3994
vt 1.4334 0.3994
vt 1.4515 0.4004
vt 1.4359 0.4004
vt 1.4534 0.4023
vt 1.4378 0.4023
vt 1.4544 0.4047
vt 1.4388 0.4047
vn -0.0073 -0.9701 -0.2426
vn 0.0073 -0.9699 -0.2434
vn -0.3781 -0.9032 -0.2031
vn -0.3906 -0.8983 -0.2011
vn -0.7054 -0.6965 -0.1314
vn -0.7127 -0.6894 -0.1292
vn -0.9234 -0.3818 -0.0395
vn -0.9255 -0.3767 -0.0381
vn -0.9983 -0.0084 0.0584
vn -0.9983 -0.0083 0.0584
vn -0.9191 0.3655 0.1470
vn -0.9213 0.3605 0.1459
vn -0.6994 0.6823 0.2130
vn -0.7066 0.6752 0.2117
vn -0.3738 0.8942 0.2464
vn -0.3862 0.8890 0.2459
vn 0.0072 0.9701 0.2426
vn -0.0073 0.9699 0.2434
vn 0.3862 0.9000 0.2022
vn 0.3738 0.9047 0.2042
vn 0.7066 0.6952 0.1316
vn 0.6994 0.7021 0.1338
vn 0.9213 0.3867 0.0412
vn 0.9191 0.3916 0.0426
vn 0.9983 0.0202 -0.0554
vn 0.9983 0.0201 -0.0555
vn 0.9255 -0.3502 -0.1440
vn 0.9234 -0.3553 -0.1452
vn 0.7127 -0.6689 -0.2110
vn 0.7054 -0.6762 -0.2124
vn 0.3906 -0.8871 -0.2461
vn 0.3781 -0.8923 -0.2466
usemtl None
s 1
f 1089/1089/1080 1105/1090/1081 1106/1091/1082 1090/1092/1083
f 1090/1092/1083 1106/1091/1082 1107/1093/1084 1091/1094/1085
f 1091/1094/1085 1107/1093/1084 1108/1095/1086 1092/1096/1087
f 1092/1096/1087 1108/1095/1086 1109/1097/1088 1093/1098/1089
f 1093/1098/1089 1109/1097/1088 1110/1099/1090 1094/1100/1091
f 1094/1100/1091 1110/1099/1090 1111/1101/1092 1095/1102/1093
f 1095/1102/1093 1111/1101/1092 1112/1103/1094 1096/1104/1095
f 1096/1104/1095 1112/1103/1094 1113/1105/1096 1097/1106/1097
f 1097/1106/1097 1113/1105/1096 1114/1107/1098 1098/1108/1099
f 1098/1108/1099 1114/1107/1098 1115/1109/1100 1099/1110/1101
f 1099/1110/1101 1115/1109/1100 1116/1111/1102 1100/1112/1103
f 1100/1112/1103 1116/1111/1102 1117/1113/1104 1101/1114/1105
f 1101/1114/1105 1117/1113/1104 1118/1115/1106 1102/1116/1107
f 1102/1116/1107 1118/1115/1106 1119/1117/1108 1103/1118/1109
f 1103/1118/1109 1119/1117/1108 1120/1119/1110 1104/1120/1111
f 1104/1120/1111 1120/1119/1110 1105/1090/1081 1089/1089/1080
o Circle.092
v 15.062500 63.784767 9.338464
v 14.936214 63.808811 9.345757
v 14.829155 63.877262 9.366521
v 14.757619 63.979710 9.397599
v 14.732500 64.100555 9.434258
v 14.757619 64.221405 9.470917
v 14.829155 64.323853 9.501995
v 14.936214 64.392303 9.522759
v 15.062500 64.416344 9.530052
v 15.188786 64.392311 9.522760
v 15.295845 64.323853 9.501995
v 15.367381 64.221405 9.470917
v 15.392500 64.100555 9.434258
v 15.367381 63.979710 9.397599
v 15.295845 63.877262 9.366521
v 15.188786 63.808804 9.345756
v 15.250000 62.721203 12.310925
v 15.123714 62.744411 12.320539
v 15.016655 62.810497 12.347914
v 14.945119 62.909409 12.388884
v 14.920000 63.026081 12.437211
v 14.945119 63.142754 12.485538
v 15.016655 63.241661 12.526509
v 15.123714 63.307751 12.553884
v 15.250000 63.330959 12.563497
v 15.376286 63.307755 12.553885
v 15.483345 63.241661 12.526509
v 15.554881 63.142754 12.485538
v 15.580000 63.026081 12.437211
v 15.554881 62.909409 12.388884
v 15.483345 62.810497 12.347914
v 15.376286 62.744408 12.320539
vt 1.4544 0.4074
vt 1.4700 0.4074
vt 1.4690 0.4098
vt 1.4534 0.4098
vt 1.4671 0.4117
vt 1.4515 0.4117
vt 1.4647 0.4127
vt 1.4491 0.4127
vt 1.4620 0.4127
vt 1.4464 0.4127
vt 1.4596 0.4117
vt 1.4440 0.4117
vt 1.4577 0.4098
vt 1.4421 0.4098
vt 1.4567 0.4074
vt 1.4411 0.4074
vt 1.4567 0.4047
vt 1.4411 0.4047
vt 1.4577 0.4023
vt 1.4421 0.4023
vt 1.4596 0.4004
vt 1.4440 0.4004
vt 1.4620 0.3994
vt 1.4464 0.3994
vt 1.4647 0.3994
vt 1.4491 0.3994
vt 1.4671 0.4004
vt 1.4515 0.4004
vt 1.4690 0.4023
vt 1.4534 0.4023
vt 1.4700 0.4047
vt 1.4544 0.4047
vn -0.0073 -0.9417 -0.3365
vn 0.0073 -0.9414 -0.3373
vn -0.3781 -0.8790 -0.2907
vn -0.3906 -0.8743 -0.2882
vn -0.7054 -0.6803 -0.1991
vn -0.7127 -0.6735 -0.1962
vn -0.9234 -0.3761 -0.0767
vn -0.9255 -0.3712 -0.0748
vn -0.9983 -0.0141 0.0573
vn -0.9983 -0.0140 0.0573
vn -0.9191 0.3493 0.1822
vn -0.9213 0.3445 0.1806
vn -0.6994 0.6581 0.2789
vn -0.7066 0.6512 0.2768
vn -0.3738 0.8657 0.3329
vn -0.3862 0.8606 0.3319
vn 0.0072 0.9417 0.3365
vn -0.0073 0.9414 0.3373
vn 0.3862 0.8758 0.2895
vn 0.3738 0.8804 0.2919
vn 0.7067 0.6790 0.1991
vn 0.6994 0.6856 0.2019
vn 0.9213 0.3808 0.0790
vn 0.9191 0.3856 0.0808
vn 0.9983 0.0255 -0.0532
vn 0.9255 -0.3344 -0.1776
vn 0.9234 -0.3394 -0.1793
vn 0.7127 -0.6450 -0.2756
vn 0.7054 -0.6521 -0.2777
vn 0.3906 -0.8587 -0.3318
vn 0.3781 -0.8638 -0.3329
usemtl None
s 1
f 1121/1121/1112 1137/1122/1113 1138/1123/1114 1122/1124/1115
f 1122/1124/1115 1138/1123/1114 1139/1125/1116 1123/1126/1117
f 1123/1126/1117 1139/1125/1116 1140/1127/1118 1124/1128/1119
f 1124/1128/1119 1140/1127/1118 1141/1129/1120 1125/1130/1121
f 1125/1130/1121 1141/1129/1120 1142/1131/1122 1126/1132/1123
f 1126/1132/1123 1142/1131/1122 1143/1133/1124 1127/1134/1125
f 1127/1134/1125 1143/1133/1124 1144/1135/1126 1128/1136/1127
f 1128/1136/1127 1144/1135/1126 1145/1137/1128 1129/1138/1129
f 1129/1138/1129 1145/1137/1128 1146/1139/1130 1130/1140/1131
f 1130/1140/1131 1146/1139/1130 1147/1141/1132 1131/1142/1133
f 1131/1142/1133 1147/1141/1132 1148/1143/1134 1132/1144/1135
f 1132/1144/1135 1148/1143/1134 1149/1145/1136 1133/1146/1136
f 1133/1146/1136 1149/1145/1136 1150/1147/1137 1134/1148/1138
f 1134/1148/1138 1150/1147/1137 1151/1149/1139 1135/1150/1140
f 1135/1150/1140 1151/1149/1139 1152/1151/1141 1136/1152/1142
f 1136/1152/1142 1152/1151/1141 1137/1122/1113 1121/1121/1112
o Circle.091
v 15.250000 62.721203 12.310925
v 15.123714 62.744411 12.320539
v 15.016655 62.810497 12.347914
v 14.945119 62.909409 12.388884
v 14.920000 63.026081 12.437211
v 14.945119 63.142754 12.485538
v 15.016655 63.241661 12.526509
v 15.123714 63.307751 12.553884
v 15.250000 63.330959 12.563497
v 15.376286 63.307755 12.553885
v 15.483345 63.241661 12.526509
v 15.554881 63.142754 12.485538
v 15.580000 63.026081 12.437211
v 15.554881 62.909409 12.388884
v 15.483345 62.810497 12.347914
v 15.376286 62.744408 12.320539
v 15.437500 61.371407 15.164834
v 15.311214 61.393562 15.176677
v 15.204155 61.456646 15.210397
v 15.132619 61.551067 15.260865
v 15.107500 61.662437 15.320395
v 15.132619 61.773815 15.379926
v 15.204155 61.868233 15.430394
v 15.311214 61.931320 15.464114
v 15.437500 61.953476 15.475956
v 15.563786 61.931320 15.464115
v 15.670845 61.868233 15.430394
v 15.742381 61.773815 15.379926
v 15.767500 61.662437 15.320395
v 15.742381 61.551067 15.260865
v 15.670845 61.456646 15.210397
v 15.563786 61.393559 15.176676
vt 1.4700 0.4074
vt 1.4856 0.4074
vt 1.4846 0.4098
vt 1.4690 0.4098
vt 1.4828 0.4117
vt 1.4671 0.4117
vt 1.4803 0.4127
vt 1.4647 0.4127
vt 1.4777 0.4127
vt 1.4620 0.4127
vt 1.4752 0.4117
vt 1.4596 0.4117
vt 1.4733 0.4098
vt 1.4577 0.4098
vt 1.4723 0.4074
vt 1.4567 0.4074
vt 1.4723 0.4047
vt 1.4567 0.4047
vt 1.4733 0.4023
vt 1.4577 0.4023
vt 1.4752 0.4004
vt 1.4596 0.4004
vt 1.4777 0.3994
vt 1.4620 0.3994
vt 1.4803 0.3994
vt 1.4647 0.3994
vt 1.4828 0.4004
vt 1.4671 0.4004
vt 1.4846 0.4023
vt 1.4690 0.4023
vt 1.4856 0.4047
vt 1.4700 0.4047
vn -0.0073 -0.9042 -0.4272
vn 0.0073 -0.9038 -0.4279
vn -0.3781 -0.8462 -0.3754
vn -0.3906 -0.8418 -0.3725
vn -0.7054 -0.6575 -0.2648
vn -0.7127 -0.6510 -0.2612
vn -0.9234 -0.3667 -0.1132
vn -0.9255 -0.3621 -0.1108
vn -0.9983 -0.0196 0.0556
vn -0.9983 -0.0196 0.0557
vn -0.9191 0.3298 0.2155
vn -0.9213 0.3251 0.2135
vn -0.6994 0.6276 0.3420
vn -0.7066 0.6209 0.3393
vn -0.3738 0.8289 0.4161
vn -0.3862 0.8240 0.4146
vn 0.0072 0.9041 0.4272
vn -0.0073 0.9038 0.4279
vn 0.3862 0.8432 0.3739
vn 0.3738 0.8475 0.3767
vn 0.7066 0.6562 0.2647
vn 0.6994 0.6625 0.2682
vn 0.9213 0.3713 0.1159
vn 0.9191 0.3758 0.1182
vn 0.9983 0.0306 -0.0504
vn 0.9983 0.0306 -0.0505
vn 0.9255 -0.3154 -0.2096
vn 0.9234 -0.3202 -0.2117
vn 0.7127 -0.6149 -0.3375
vn 0.7054 -0.6218 -0.3403
vn 0.3906 -0.8220 -0.4144
vn 0.3781 -0.8271 -0.4160
usemtl None
s 1
f 1153/1153/1143 1169/1154/1144 1170/1155/1145 1154/1156/1146
f 1154/1156/1146 1170/1155/1145 1171/1157/1147 1155/1158/1148
f 1155/1158/1148 1171/1157/1147 1172/1159/1149 1156/1160/1150
f 1156/1160/1150 1172/1159/1149 1173/1161/1151 1157/1162/1152
f 1157/1162/1152 1173/1161/1151 1174/1163/1153 1158/1164/1154
f 1158/1164/1154 1174/1163/1153 1175/1165/1155 1159/1166/1156
f 1159/1166/1156 1175/1165/1155 1176/1167/1157 1160/1168/1158
f 1160/1168/1158 1176/1167/1157 1177/1169/1159 1161/1170/1160
f 1161/1170/1160 1177/1169/1159 1178/1171/1161 1162/1172/1162
f 1162/1172/1162 1178/1171/1161 1179/1173/1163 1163/1174/1164
f 1163/1174/1164 1179/1173/1163 1180/1175/1165 1164/1176/1166
f 1164/1176/1166 1180/1175/1165 1181/1177/1167 1165/1178/1168
f 1165/1178/1168 1181/1177/1167 1182/1179/1169 1166/1180/1170
f 1166/1180/1170 1182/1179/1169 1183/1181/1171 1167/1182/1172
f 1167/1182/1172 1183/1181/1171 1184/1183/1173 1168/1184/1174
f 1168/1184/1174 1184/1183/1173 1169/1154/1144 1153/1153/1143
o Circle.090
v 15.437500 61.371407 15.164834
v 15.311214 61.393562 15.176677
v 15.204155 61.456646 15.210397
v 15.132619 61.551067 15.260865
v 15.107500 61.662437 15.320395
v 15.132619 61.773815 15.379926
v 15.204155 61.868233 15.430394
v 15.311214 61.931320 15.464114
v 15.437500 61.953476 15.475956
v 15.563786 61.931320 15.464115
v 15.670845 61.868233 15.430394
v 15.742381 61.773815 15.379926
v 15.767500 61.662437 15.320395
v 15.742381 61.551067 15.260865
v 15.670845 61.456646 15.210397
v 15.563786 61.393559 15.176676
v 15.625000 59.748375 17.872696
v 15.498714 59.769260 17.886654
v 15.391655 59.828739 17.926395
v 15.320119 59.917755 17.985874
v 15.295000 60.022758 18.056034
v 15.320119 60.127762 18.126194
v 15.391655 60.216778 18.185675
v 15.498714 60.276257 18.225416
v 15.625000 60.297146 18.239372
v 15.751286 60.276257 18.225418
v 15.858345 60.216778 18.185675
v 15.929881 60.127762 18.126194
v 15.955000 60.022758 18.056034
v 15.929881 59.917755 17.985874
v 15.858345 59.828739 17.926395
v 15.751286 59.769260 17.886652
vt 1.4856 0.4074
vt 1.5013 0.4074
vt 1.5003 0.4098
vt 1.4846 0.4098
vt 1.4984 0.4117
vt 1.4828 0.4117
vt 1.4959 0.4127
vt 1.4803 0.4127
vt 1.4933 0.4127
vt 1.4777 0.4127
vt 1.4908 0.4117
vt 1.4752 0.4117
vt 1.4890 0.4098
vt 1.4733 0.4098
vt 1.4879 0.4074
vt 1.4723 0.4074
vt 1.4879 0.4047
vt 1.4723 0.4047
vt 1.4890 0.4023
vt 1.4733 0.4023
vt 1.4908 0.4004
vt 1.4752 0.4004
vt 1.4933 0.3994
vt 1.4777 0.3994
vt 1.4959 0.3994
vt 1.4803 0.3994
vt 1.4984 0.4004
vt 1.4828 0.4004
vt 1.5003 0.4023
vt 1.4846 0.4023
vt 1.5013 0.4047
vt 1.4856 0.4047
vn -0.0073 -0.8579 -0.5137
vn 0.0073 -0.8575 -0.5145
vn -0.3781 -0.8054 -0.4566
vn -0.3906 -0.8013 -0.4533
vn -0.7054 -0.6284 -0.3279
vn -0.7127 -0.6222 -0.3238
vn -0.9234 -0.3539 -0.1486
vn -0.9255 -0.3495 -0.1458
vn -0.9983 -0.0250 0.0534
vn -0.9983 -0.0249 0.0535
vn -0.9191 0.3070 0.2468
vn -0.9213 0.3026 0.2443
vn -0.6994 0.5911 0.4019
vn -0.7066 0.5847 0.3985
vn -0.3738 0.7841 0.4954
vn -0.3862 0.7794 0.4934
vn 0.0073 0.8579 0.5137
vn -0.0073 0.8575 0.5145
vn 0.3862 0.8025 0.4548
vn 0.3738 0.8065 0.4580
vn 0.7066 0.6271 0.3277
vn 0.6994 0.6331 0.3318
vn 0.9213 0.3581 0.1517
vn 0.9191 0.3624 0.1545
vn 0.9983 0.0354 -0.0472
vn 0.9983 0.0353 -0.0472
vn 0.9255 -0.2933 -0.2395
vn 0.9234 -0.2979 -0.2421
vn 0.7127 -0.5789 -0.3961
vn 0.7054 -0.5854 -0.3996
vn 0.3906 -0.7775 -0.4930
vn 0.3781 -0.7823 -0.4950
usemtl None
s 1
f 1185/1185/1175 1201/1186/1176 1202/1187/1177 1186/1188/1178
f 1186/1188/1178 1202/1187/1177 1203/1189/1179 1187/1190/1180
f 1187/1190/1180 1203/1189/1179 1204/1191/1181 1188/1192/1182
f 1188/1192/1182 1204/1191/1181 1205/1193/1183 1189/1194/1184
f 1189/1194/1184 1205/1193/1183 1206/1195/1185 1190/1196/1186
f 1190/1196/1186 1206/1195/1185 1207/1197/1187 1191/1198/1188
f 1191/1198/1188 1207/1197/1187 1208/1199/1189 1192/1200/1190
f 1192/1200/1190 1208/1199/1189 1209/1201/1191 1193/1202/1192
f 1193/1202/1192 1209/1201/1191 1210/1203/1193 1194/1204/1194
f 1194/1204/1194 1210/1203/1193 1211/1205/1195 1195/1206/1196
f 1195/1206/1196 1211/1205/1195 1212/1207/1197 1196/1208/1198
f 1196/1208/1198 1212/1207/1197 1213/1209/1199 1197/1210/1200
f 1197/1210/1200 1213/1209/1199 1214/1211/1201 1198/1212/1202
f 1198/1212/1202 1214/1211/1201 1215/1213/1203 1199/1214/1204
f 1199/1214/1204 1215/1213/1203 1216/1215/1205 1200/1216/1206
f 1200/1216/1206 1216/1215/1205 1201/1186/1176 1185/1185/1175
o Circle.089
v 15.625000 59.748375 17.872696
v 15.498714 59.769260 17.886654
v 15.391655 59.828739 17.926395
v 15.320119 59.917755 17.985874
v 15.295000 60.022758 18.056034
v 15.320119 60.127762 18.126194
v 15.391655 60.216778 18.185675
v 15.498714 60.276257 18.225416
v 15.625000 60.297146 18.239372
v 15.751286 60.276257 18.225418
v 15.858345 60.216778 18.185675
v 15.929881 60.127762 18.126194
v 15.955000 60.022758 18.056034
v 15.929881 59.917755 17.985874
v 15.858345 59.828739 17.926395
v 15.751286 59.769260 17.886652
v 15.812500 57.867744 20.408436
v 15.686214 57.887161 20.424372
v 15.579155 57.942459 20.469753
v 15.507619 58.025219 20.537670
v 15.482500 58.122837 20.617785
v 15.507619 58.220455 20.697899
v 15.579155 58.303215 20.765818
v 15.686214 58.358513 20.811197
v 15.812500 58.377930 20.827135
v 15.938786 58.358513 20.811199
v 16.045845 58.303215 20.765818
v 16.117382 58.220455 20.697899
v 16.142500 58.122837 20.617785
v 16.117382 58.025219 20.537670
v 16.045845 57.942459 20.469753
v 15.938786 57.887161 20.424372
vt 1.5013 0.4074
vt 1.5169 0.4074
vt 1.5159 0.4098
vt 1.5003 0.4098
vt 1.5140 0.4117
vt 1.4984 0.4117
vt 1.5116 0.4127
vt 1.4959 0.4127
vt 1.5089 0.4127
vt 1.4933 0.4127
vt 1.5065 0.4117
vt 1.4908 0.4117
vt 1.5046 0.4098
vt 1.4890 0.4098
vt 1.5036 0.4074
vt 1.4879 0.4074
vt 1.5036 0.4047
vt 1.4879 0.4047
vt 1.5046 0.4023
vt 1.4890 0.4023
vt 1.5065 0.4004
vt 1.4908 0.4004
vt 1.5089 0.3994
vt 1.4933 0.3994
vt 1.5116 0.3994
vt 1.4959 0.3994
vt 1.5140 0.4004
vt 1.4984 0.4004
vt 1.5159 0.4023
vt 1.5003 0.4023
vt 1.5169 0.4047
vt 1.5013 0.4047
vn -0.0073 -0.8034 -0.5953
vn 0.0073 -0.8029 -0.5960
vn -0.3781 -0.7567 -0.5333
vn -0.3906 -0.7530 -0.5296
vn -0.7054 -0.5932 -0.3880
vn -0.7127 -0.5875 -0.3832
vn -0.9234 -0.3376 -0.1826
vn -0.9255 -0.3335 -0.1793
vn -0.9983 -0.0301 0.0507
vn -0.9983 -0.0300 0.0508
vn -0.9191 0.2814 0.2757
vn -0.9213 0.2772 0.2728
vn -0.6994 0.5488 0.4579
vn -0.7066 0.5428 0.4539
vn -0.3738 0.7318 0.5699
vn -0.3862 0.7273 0.5674
vn 0.0073 0.8034 0.5953
vn -0.0073 0.8029 0.5960
vn 0.3862 0.7541 0.5312
vn 0.3738 0.7577 0.5349
vn 0.7066 0.5919 0.3876
vn 0.6994 0.5975 0.3923
vn 0.9213 0.3415 0.1861
vn 0.9191 0.3455 0.1892
vn 0.9983 0.0399 -0.0435
vn 0.9983 0.0398 -0.0435
vn 0.9255 -0.2684 -0.2671
vn 0.9234 -0.2727 -0.2701
vn 0.7127 -0.5373 -0.4510
vn 0.7054 -0.5434 -0.4550
vn 0.3906 -0.7254 -0.5668
vn 0.3781 -0.7300 -0.5693
usemtl None
s 1
f 1217/1217/1207 1233/1218/1208 1234/1219/1209 1218/1220/1210
f 1218/1220/1210 1234/1219/1209 1235/1221/1211 1219/1222/1212
f 1219/1222/1212 1235/1221/1211 1236/1223/1213 1220/1224/1214
f 1220/1224/1214 1236/1223/1213 1237/1225/1215 1221/1226/1216
f 1221/1226/1216 1237/1225/1215 1238/1227/1217 1222/1228/1218
f 1222/1228/1218 1238/1227/1217 1239/1229/1219 1223/1230/1220
f 1223/1230/1220 1239/1229/1219 1240/1231/1221 1224/1232/1222
f 1224/1232/1222 1240/1231/1221 1241/1233/1223 1225/1234/1224
f 1225/1234/1224 1241/1233/1223 1242/1235/1225 1226/1236/1226
f 1226/1236/1226 1242/1235/1225 1243/1237/1227 1227/1238/1228
f 1227/1238/1228 1243/1237/1227 1244/1239/1229 1228/1240/1230
f 1228/1240/1230 1244/1239/1229 1245/1241/1231 1229/1242/1232
f 1229/1242/1232 1245/1241/1231 1246/1243/1233 1230/1244/1234
f 1230/1244/1234 1246/1243/1233 1247/1245/1235 1231/1246/1236
f 1231/1246/1236 1247/1245/1235 1248/1247/1237 1232/1248/1238
f 1232/1248/1238 1248/1247/1237 1233/1218/1208 1217/1217/1207
o Circle.088
v 15.812500 57.867744 20.408436
v 15.686214 57.887161 20.424372
v 15.579155 57.942459 20.469753
v 15.507619 58.025219 20.537670
v 15.482500 58.122837 20.617785
v 15.507619 58.220455 20.697899
v 15.579155 58.303215 20.765818
v 15.686214 58.358513 20.811197
v 15.812500 58.377930 20.827135
v 15.938786 58.358513 20.811199
v 16.045845 58.303215 20.765818
v 16.117382 58.220455 20.697899
v 16.142500 58.122837 20.617785
v 16.117382 58.025219 20.537670
v 16.045845 57.942459 20.469753
v 15.938786 57.887161 20.424372
v 16.000000 55.747620 22.747627
v 15.873714 55.765385 22.765392
v 15.766655 55.815964 22.815973
v 15.695119 55.891666 22.891676
v 15.670000 55.980965 22.980974
v 15.695119 56.070263 23.070271
v 15.766655 56.145966 23.145973
v 15.873714 56.196548 23.196556
v 16.000000 56.214310 23.214319
v 16.126286 56.196548 23.196556
v 16.233345 56.145966 23.145973
v 16.304882 56.070263 23.070271
v 16.330000 55.980965 22.980974
v 16.304882 55.891666 22.891676
v 16.233345 55.815964 22.815973
v 16.126286 55.765385 22.765390
vt 1.5169 0.4074
vt 1.5325 0.4074
vt 1.5315 0.4098
vt 1.5159 0.4098
vt 1.5296 0.4117
vt 1.5140 0.4117
vt 1.5272 0.4127
vt 1.5116 0.4127
vt 1.5245 0.4127
vt 1.5089 0.4127
vt 1.5221 0.4117
vt 1.5065 0.4117
vt 1.5202 0.4098
vt 1.5046 0.4098
vt 1.5192 0.4074
vt 1.5036 0.4074
vt 1.5192 0.4047
vt 1.5036 0.4047
vt 1.5202 0.4023
vt 1.5046 0.4023
vt 1.5221 0.4004
vt 1.5065 0.4004
vt 1.5245 0.3994
vt 1.5089 0.3994
vt 1.5272 0.3994
vt 1.5116 0.3994
vt 1.5296 0.4004
vt 1.5140 0.4004
vt 1.5315 0.4023
vt 1.5159 0.4023
vt 1.5325 0.4047
vt 1.5169 0.4047
vn -0.0073 -0.7412 -0.6712
vn 0.0073 -0.7406 -0.6719
vn -0.3781 -0.7008 -0.6049
vn -0.3906 -0.6974 -0.6009
vn -0.7054 -0.5523 -0.4442
vn -0.7127 -0.5471 -0.4390
vn -0.9234 -0.3181 -0.2148
vn -0.9255 -0.3143 -0.2112
vn -0.9983 -0.0349 0.0475
vn -0.9983 -0.0349 0.0476
vn -0.9191 0.2530 0.3020
vn -0.9213 0.2492 0.2987
vn -0.6994 0.5013 0.5095
vn -0.7066 0.4957 0.5049
vn -0.3738 0.6724 0.6388
vn -0.3862 0.6681 0.6359
vn 0.0073 0.7412 0.6712
vn -0.0073 0.7406 0.6719
vn 0.3862 0.6984 0.6026
vn 0.3738 0.7017 0.6066
vn 0.7066 0.5511 0.4438
vn 0.6994 0.5562 0.4489
vn 0.9213 0.3216 0.2187
vn 0.9191 0.3253 0.2222
vn 0.9983 0.0439 -0.0394
vn 0.9255 -0.2410 -0.2921
vn 0.9234 -0.2449 -0.2955
vn 0.7127 -0.4905 -0.5015
vn 0.7054 -0.4962 -0.5061
vn 0.3906 -0.6663 -0.6352
vn 0.3781 -0.6707 -0.6381
usemtl None
s 1
f 1249/1249/1239 1265/1250/1240 1266/1251/1241 1250/1252/1242
f 1250/1252/1242 1266/1251/1241 1267/1253/1243 1251/1254/1244
f 1251/1254/1244 1267/1253/1243 1268/1255/1245 1252/1256/1246
f 1252/1256/1246 1268/1255/1245 1269/1257/1247 1253/1258/1248
f 1253/1258/1248 1269/1257/1247 1270/1259/1249 1254/1260/1250
f 1254/1260/1250 1270/1259/1249 1271/1261/1251 1255/1262/1252
f 1255/1262/1252 1271/1261/1251 1272/1263/1253 1256/1264/1254
f 1256/1264/1254 1272/1263/1253 1273/1265/1255 1257/1266/1256
f 1257/1266/1256 1273/1265/1255 1274/1267/1257 1258/1268/1258
f 1258/1268/1258 1274/1267/1257 1275/1269/1259 1259/1270/1260
f 1259/1270/1260 1275/1269/1259 1276/1271/1261 1260/1272/1262
f 1260/1272/1262 1276/1271/1261 1277/1273/1263 1261/1274/1263
f 1261/1274/1263 1277/1273/1263 1278/1275/1264 1262/1276/1265
f 1262/1276/1265 1278/1275/1264 1279/1277/1266 1263/1278/1267
f 1263/1278/1267 1279/1277/1266 1280/1279/1268 1264/1280/1269
f 1264/1280/1269 1280/1279/1268 1265/1250/1240 1249/1249/1239
o Circle.087
v 16.000000 55.747620 22.747627
v 15.873714 55.765385 22.765392
v 15.766655 55.815964 22.815973
v 15.695119 55.891666 22.891676
v 15.670000 55.980965 22.980974
v 15.695119 56.070263 23.070271
v 15.766655 56.145966 23.145973
v 15.873714 56.196548 23.196556
v 16.000000 56.214310 23.214319
v 16.126286 56.196548 23.196556
v 16.233345 56.145966 23.145973
v 16.304882 56.070263 23.070271
v 16.330000 55.980965 22.980974
v 16.304882 55.891666 22.891676
v 16.233345 55.815964 22.815973
v 16.126286 55.765385 22.765390
v 16.187500 53.408432 24.867746
v 16.061214 53.424370 24.887165
v 15.954155 53.469753 24.942461
v 15.882619 53.537670 25.025219
v 15.857500 53.617783 25.122839
v 15.882619 53.697895 25.220459
v 15.954155 53.765816 25.303217
v 16.061214 53.811199 25.358513
v 16.187500 53.827133 25.377932
v 16.313786 53.811199 25.358515
v 16.420845 53.765816 25.303217
v 16.492382 53.697895 25.220459
v 16.517500 53.617783 25.122839
v 16.492382 53.537670 25.025219
v 16.420845 53.469753 24.942461
v 16.313786 53.424366 24.887163
vt 1.5325 0.4074
vt 1.5481 0.4074
vt 1.5471 0.4098
vt 1.5315 0.4098
vt 1.5453 0.4117
vt 1.5296 0.4117
vt 1.5428 0.4127
vt 1.5272 0.4127
vt 1.5402 0.4127
vt 1.5245 0.4127
vt 1.5377 0.4117
vt 1.5221 0.4117
vt 1.5358 0.4098
vt 1.5202 0.4098
vt 1.5348 0.4074
vt 1.5192 0.4074
vt 1.5348 0.4047
vt 1.5192 0.4047
vt 1.5358 0.4023
vt 1.5202 0.4023
vt 1.5377 0.4004
vt 1.5221 0.4004
vt 1.5402 0.3994
vt 1.5245 0.3994
vt 1.5428 0.3994
vt 1.5272 0.3994
vt 1.5453 0.4004
vt 1.5296 0.4004
vt 1.5471 0.4023
vt 1.5315 0.4023
vt 1.5481 0.4047
vt 1.5325 0.4047
vn -0.0073 -0.6719 -0.7406
vn 0.0073 -0.6712 -0.7412
vn -0.3781 -0.6381 -0.6707
vn -0.3906 -0.6352 -0.6663
vn -0.7054 -0.5061 -0.4962
vn -0.7127 -0.5015 -0.4905
vn -0.9234 -0.2955 -0.2449
vn -0.9255 -0.2921 -0.2410
vn -0.9983 -0.0394 0.0439
vn -0.9983 -0.0394 0.0440
vn -0.9191 0.2222 0.3253
vn -0.9213 0.2187 0.3216
vn -0.6994 0.4489 0.5562
vn -0.7066 0.4438 0.5511
vn -0.3738 0.6066 0.7017
vn -0.3862 0.6026 0.6984
vn 0.0073 0.6719 0.7406
vn -0.0073 0.6712 0.7412
vn 0.3862 0.6359 0.6681
vn 0.3738 0.6388 0.6724
vn 0.7066 0.5049 0.4957
vn 0.6994 0.5095 0.5013
vn 0.9213 0.2987 0.2492
vn 0.9191 0.3020 0.2530
vn 0.9983 0.0476 -0.0349
vn 0.9983 0.0475 -0.0349
vn 0.9255 -0.2112 -0.3143
vn 0.9234 -0.2148 -0.3181
vn 0.7127 -0.4390 -0.5471
vn 0.7054 -0.4442 -0.5523
vn 0.3906 -0.6009 -0.6974
vn 0.3781 -0.6049 -0.7008
usemtl None
s 1
f 1281/1281/1270 1297/1282/1271 1298/1283/1272 1282/1284/1273
f 1282/1284/1273 1298/1283/1272 1299/1285/1274 1283/1286/1275
f 1283/1286/1275 1299/1285/1274 1300/1287/1276 1284/1288/1277
f 1284/1288/1277 1300/1287/1276 1301/1289/1278 1285/1290/1279
f 1285/1290/1279 1301/1289/1278 1302/1291/1280 1286/1292/1281
f 1286/1292/1281 1302/1291/1280 1303/1293/1282 1287/1294/1283
f 1287/1294/1283 1303/1293/1282 1304/1295/1284 1288/1296/1285
f 1288/1296/1285 1304/1295/1284 1305/1297/1286 1289/1298/1287
f 1289/1298/1287 1305/1297/1286 1306/1299/1288 1290/1300/1289
f 1290/1300/1289 1306/1299/1288 1307/1301/1290 1291/1302/1291
f 1291/1302/1291 1307/1301/1290 1308/1303/1292 1292/1304/1293
f 1292/1304/1293 1308/1303/1292 1309/1305/1294 1293/1306/1295
f 1293/1306/1295 1309/1305/1294 1310/1307/1296 1294/1308/1297
f 1294/1308/1297 1310/1307/1296 1311/1309/1298 1295/1310/1299
f 1295/1310/1299 1311/1309/1298 1312/1311/1300 1296/1312/1301
f 1296/1312/1301 1312/1311/1300 1297/1282/1271 1281/1281/1270
o Circle.086
v 16.187500 53.408432 24.867746
v 16.061214 53.424370 24.887165
v 15.954155 53.469753 24.942461
v 15.882619 53.537670 25.025219
v 15.857500 53.617783 25.122839
v 15.882619 53.697895 25.220459
v 15.954155 53.765816 25.303217
v 16.061214 53.811199 25.358513
v 16.187500 53.827133 25.377932
v 16.313786 53.811199 25.358515
v 16.420845 53.765816 25.303217
v 16.492382 53.697895 25.220459
v 16.517500 53.617783 25.122839
v 16.492382 53.537670 25.025219
v 16.420845 53.469753 24.942461
v 16.313786 53.424366 24.887163
v 16.375000 50.872688 26.748383
v 16.248714 50.886642 26.769270
v 16.141655 50.926388 26.828747
v 16.070118 50.985867 26.917765
v 16.045000 51.056023 27.022768
v 16.070118 51.126186 27.127769
v 16.141655 51.185665 27.216787
v 16.248714 51.225407 27.276266
v 16.375000 51.239365 27.297153
v 16.501286 51.225410 27.276266
v 16.608345 51.185665 27.216787
v 16.679882 51.126186 27.127769
v 16.705000 51.056023 27.022768
v 16.679882 50.985867 26.917765
v 16.608345 50.926388 26.828747
v 16.501286 50.886642 26.769268
vt 1.5481 0.4074
vt 1.5638 0.4074
vt 1.5628 0.4098
vt 1.5471 0.4098
vt 1.5609 0.4117
vt 1.5453 0.4117
vt 1.5584 0.4127
vt 1.5428 0.4127
vt 1.5558 0.4127
vt 1.5402 0.4127
vt 1.5533 0.4117
vt 1.5377 0.4117
vt 1.5515 0.4098
vt 1.5358 0.4098
vt 1.5504 0.4074
vt 1.5348 0.4074
vt 1.5504 0.4047
vt 1.5348 0.4047
vt 1.5515 0.4023
vt 1.5358 0.4023
vt 1.5533 0.4004
vt 1.5377 0.4004
vt 1.5558 0.3994
vt 1.5402 0.3994
vt 1.5584 0.3994
vt 1.5428 0.3994
vt 1.5609 0.4004
vt 1.5453 0.4004
vt 1.5628 0.4023
vt 1.5471 0.4023
vt 1.5638 0.4047
vt 1.5481 0.4047
vn -0.0073 -0.5960 -0.8029
vn 0.0073 -0.5953 -0.8034
vn -0.3781 -0.5693 -0.7300
vn -0.3906 -0.5668 -0.7254
vn -0.7054 -0.4550 -0.5434
vn -0.7127 -0.4510 -0.5373
vn -0.9234 -0.2701 -0.2727
vn -0.9255 -0.2671 -0.2684
vn -0.9983 -0.0435 0.0398
vn -0.9983 -0.0435 0.0399
vn -0.9191 0.1892 0.3455
vn -0.9213 0.1861 0.3415
vn -0.6994 0.3923 0.5975
vn -0.7066 0.3876 0.5919
vn -0.3738 0.5349 0.7577
vn -0.3862 0.5312 0.7541
vn 0.0073 0.5960 0.8029
vn -0.0073 0.5953 0.8034
vn 0.3862 0.5674 0.7273
vn 0.3738 0.5699 0.7318
vn 0.7066 0.4539 0.5428
vn 0.6994 0.4579 0.5488
vn 0.9213 0.2728 0.2772
vn 0.9191 0.2757 0.2814
vn 0.9983 0.0508 -0.0300
vn 0.9983 0.0507 -0.0301
vn 0.9255 -0.1793 -0.3335
vn 0.9234 -0.1826 -0.3376
vn 0.7127 -0.3832 -0.5875
vn 0.7054 -0.3880 -0.5932
vn 0.3906 -0.5296 -0.7530
vn 0.3781 -0.5333 -0.7567
usemtl None
s 1
f 1313/1313/1302 1329/1314/1303 1330/1315/1304 1314/1316/1305
f 1314/1316/1305 1330/1315/1304 1331/1317/1306 1315/1318/1307
f 1315/1318/1307 1331/1317/1306 1332/1319/1308 1316/1320/1309
f 1316/1320/1309 1332/1319/1308 1333/1321/1310 1317/1322/1311
f 1317/1322/1311 1333/1321/1310 1334/1323/1312 1318/1324/1313
f 1318/1324/1313 1334/1323/1312 1335/1325/1314 1319/1326/1315
f 1319/1326/1315 1335/1325/1314 1336/1327/1316 1320/1328/1317
f 1320/1328/1317 1336/1327/1316 1337/1329/1318 1321/1330/1319
f 1321/1330/1319 1337/1329/1318 1338/1331/1320 1322/1332/1321
f 1322/1332/1321 1338/1331/1320 1339/1333/1322 1323/1334/1323
f 1323/1334/1323 1339/1333/1322 1340/1335/1324 1324/1336/1325
f 1324/1336/1325 1340/1335/1324 1341/1337/1326 1325/1338/1327
f 1325/1338/1327 1341/1337/1326 1342/1339/1328 1326/1340/1329
f 1326/1340/1329 1342/1339/1328 1343/1341/1330 1327/1342/1331
f 1327/1342/1331 1343/1341/1330 1344/1343/1332 1328/1344/1333
f 1328/1344/1333 1344/1343/1332 1329/1314/1303 1313/1313/1302
o Circle.085
v 16.375000 50.872688 26.748383
v 16.248714 50.886642 26.769270
v 16.141655 50.926388 26.828747
v 16.070118 50.985867 26.917765
v 16.045000 51.056023 27.022768
v 16.070118 51.126186 27.127769
v 16.141655 51.185665 27.216787
v 16.248714 51.225407 27.276266
v 16.375000 51.239365 27.297153
v 16.501286 51.225410 27.276266
v 16.608345 51.185665 27.216787
v 16.679882 51.126186 27.127769
v 16.705000 51.056023 27.022768
v 16.679882 50.985867 26.917765
v 16.608345 50.926388 26.828747
v 16.501286 50.886642 26.769268
v 16.562500 48.164829 28.371408
v 16.436214 48.176674 28.393564
v 16.329155 48.210392 28.456650
v 16.257618 48.260860 28.551069
v 16.232500 48.320393 28.662441
v 16.257618 48.379921 28.773817
v 16.329155 48.430389 28.868235
v 16.436214 48.464108 28.931320
v 16.562500 48.475952 28.953476
v 16.688786 48.464111 28.931324
v 16.795845 48.430389 28.868235
v 16.867382 48.379921 28.773817
v 16.892500 48.320393 28.662441
v 16.867382 48.260860 28.551069
v 16.795845 48.210392 28.456650
v 16.688786 48.176670 28.393562
vt 1.5638 0.4074
vt 1.5794 0.4074
vt 1.5784 0.4098
vt 1.5628 0.4098
vt 1.5765 0.4117
vt 1.5609 0.4117
vt 1.5741 0.4127
vt 1.5584 0.4127
vt 1.5714 0.4127
vt 1.5558 0.4127
vt 1.5690 0.4117
vt 1.5533 0.4117
vt 1.5671 0.4098
vt 1.5515 0.4098
vt 1.5661 0.4074
vt 1.5504 0.4074
vt 1.5661 0.4047
vt 1.5504 0.4047
vt 1.5671 0.4023
vt 1.5515 0.4023
vt 1.5690 0.4004
vt 1.5533 0.4004
vt 1.5714 0.3994
vt 1.5558 0.3994
vt 1.5741 0.3994
vt 1.5584 0.3994
vt 1.5765 0.4004
vt 1.5609 0.4004
vt 1.5784 0.4023
vt 1.5628 0.4023
vt 1.5794 0.4047
vt 1.5638 0.4047
vn -0.0073 -0.5145 -0.8575
vn 0.0073 -0.5137 -0.8579
vn -0.3781 -0.4950 -0.7823
vn -0.3906 -0.4930 -0.7774
vn -0.7054 -0.3996 -0.5854
vn -0.7127 -0.3961 -0.5789
vn -0.9234 -0.2421 -0.2979
vn -0.9255 -0.2395 -0.2933
vn -0.9983 -0.0472 0.0353
vn -0.9983 -0.0472 0.0354
vn -0.9191 0.1545 0.3624
vn -0.9213 0.1517 0.3581
vn -0.6994 0.3318 0.6331
vn -0.7066 0.3277 0.6271
vn -0.3738 0.4580 0.8065
vn -0.3862 0.4548 0.8025
vn 0.0073 0.5144 0.8575
vn -0.0073 0.5137 0.8579
vn 0.3862 0.4934 0.7794
vn 0.3738 0.4954 0.7841
vn 0.7066 0.3985 0.5847
vn 0.6994 0.4019 0.5911
vn 0.9213 0.2443 0.3026
vn 0.9191 0.2468 0.3071
vn 0.9983 0.0535 -0.0249
vn 0.9983 0.0534 -0.0250
vn 0.9255 -0.1458 -0.3495
vn 0.9234 -0.1486 -0.3539
vn 0.7127 -0.3238 -0.6222
vn 0.7054 -0.3279 -0.6284
vn 0.3906 -0.4533 -0.8013
vn 0.3781 -0.4566 -0.8054
usemtl None
s 1
f 1345/1345/1334 1361/1346/1335 1362/1347/1336 1346/1348/1337
f 1346/1348/1337 1362/1347/1336 1363/1349/1338 1347/1350/1339
f 1347/1350/1339 1363/1349/1338 1364/1351/1340 1348/1352/1341
f 1348/1352/1341 1364/1351/1340 1365/1353/1342 1349/1354/1343
f 1349/1354/1343 1365/1353/1342 1366/1355/1344 1350/1356/1345
f 1350/1356/1345 1366/1355/1344 1367/1357/1346 1351/1358/1347
f 1351/1358/1347 1367/1357/1346 1368/1359/1348 1352/1360/1349
f 1352/1360/1349 1368/1359/1348 1369/1361/1350 1353/1362/1351
f 1353/1362/1351 1369/1361/1350 1370/1363/1352 1354/1364/1353
f 1354/1364/1353 1370/1363/1352 1371/1365/1354 1355/1366/1355
f 1355/1366/1355 1371/1365/1354 1372/1367/1356 1356/1368/1357
f 1356/1368/1357 1372/1367/1356 1373/1369/1358 1357/1370/1359
f 1357/1370/1359 1373/1369/1358 1374/1371/1360 1358/1372/1361
f 1358/1372/1361 1374/1371/1360 1375/1373/1362 1359/1374/1363
f 1359/1374/1363 1375/1373/1362 1376/1375/1364 1360/1376/1365
f 1360/1376/1365 1376/1375/1364 1361/1346/1335 1345/1345/1334
o Circle.084
v 16.562500 48.164829 28.371408
v 16.436214 48.176674 28.393564
v 16.329155 48.210392 28.456650
v 16.257618 48.260860 28.551069
v 16.232500 48.320393 28.662441
v 16.257618 48.379921 28.773817
v 16.329155 48.430389 28.868235
v 16.436214 48.464108 28.931320
v 16.562500 48.475952 28.953476
v 16.688786 48.464111 28.931324
v 16.795845 48.430389 28.868235
v 16.867382 48.379921 28.773817
v 16.892500 48.320393 28.662441
v 16.867382 48.260860 28.551069
v 16.795845 48.210392 28.456650
v 16.688786 48.176670 28.393562
v 16.750000 45.310917 29.721210
v 16.623714 45.320530 29.744419
v 16.516655 45.347904 29.810507
v 16.445118 45.388874 29.909418
v 16.420000 45.437202 30.026091
v 16.445118 45.485531 30.142761
v 16.516655 45.526501 30.241674
v 16.623714 45.553871 30.307760
v 16.750000 45.563488 30.330971
v 16.876286 45.553875 30.307764
v 16.983345 45.526501 30.241674
v 17.054882 45.485531 30.142761
v 17.080000 45.437202 30.026091
v 17.054882 45.388874 29.909418
v 16.983345 45.347904 29.810507
v 16.876286 45.320530 29.744417
vt 1.5794 0.4074
vt 1.5950 0.4074
vt 1.5940 0.4098
vt 1.5784 0.4098
vt 1.5921 0.4117
vt 1.5765 0.4117
vt 1.5897 0.4127
vt 1.5741 0.4127
vt 1.5870 0.4127
vt 1.5714 0.4127
vt 1.5846 0.4117
vt 1.5690 0.4117
vt 1.5827 0.4098
vt 1.5671 0.4098
vt 1.5817 0.4074
vt 1.5661 0.4074
vt 1.5817 0.4047
vt 1.5661 0.4047
vt 1.5827 0.4023
vt 1.5671 0.4023
vt 1.5846 0.4004
vt 1.5690 0.4004
vt 1.5870 0.3994
vt 1.5714 0.3994
vt 1.5897 0.3994
vt 1.5741 0.3994
vt 1.5921 0.4004
vt 1.5765 0.4004
vt 1.5940 0.4023
vt 1.5784 0.4023
vt 1.5950 0.4047
vt 1.5794 0.4047
vn -0.0073 -0.4279 -0.9038
vn 0.0073 -0.4272 -0.9042
vn -0.3781 -0.4160 -0.8271
vn -0.3906 -0.4144 -0.8220
vn -0.7054 -0.3403 -0.6218
vn -0.7127 -0.3375 -0.6149
vn -0.9234 -0.2117 -0.3202
vn -0.9255 -0.2096 -0.3154
vn -0.9983 -0.0505 0.0305
vn -0.9983 -0.0504 0.0306
vn -0.9191 0.1182 0.3758
vn -0.9213 0.1159 0.3713
vn -0.6994 0.2682 0.6625
vn -0.7066 0.2647 0.6562
vn -0.3738 0.3767 0.8475
vn -0.3862 0.3739 0.8432
vn 0.0072 0.4279 0.9038
vn -0.0073 0.4272 0.9041
vn 0.3862 0.4146 0.8240
vn 0.3738 0.4161 0.8289
vn 0.7066 0.3393 0.6209
vn 0.6994 0.3420 0.6276
vn 0.9213 0.2135 0.3251
vn 0.9191 0.2155 0.3298
vn 0.9983 0.0557 -0.0196
vn 0.9983 0.0556 -0.0196
vn 0.9255 -0.1108 -0.3621
vn 0.9234 -0.1132 -0.3668
vn 0.7127 -0.2612 -0.6510
vn 0.7054 -0.2648 -0.6575
vn 0.3906 -0.3725 -0.8418
vn 0.3781 -0.3754 -0.8462
usemtl None
s 1
f 1377/1377/1366 1393/1378/1367 1394/1379/1368 1378/1380/1369
f 1378/1380/1369 1394/1379/1368 1395/1381/1370 1379/1382/1371
f 1379/1382/1371 1395/1381/1370 1396/1383/1372 1380/1384/1373
f 1380/1384/1373 1396/1383/1372 1397/1385/1374 1381/1386/1375
f 1381/1386/1375 1397/1385/1374 1398/1387/1376 1382/1388/1377
f 1382/1388/1377 1398/1387/1376 1399/1389/1378 1383/1390/1379
f 1383/1390/1379 1399/1389/1378 1400/1391/1380 1384/1392/1381
f 1384/1392/1381 1400/1391/1380 1401/1393/1382 1385/1394/1383
f 1385/1394/1383 1401/1393/1382 1402/1395/1384 1386/1396/1385
f 1386/1396/1385 1402/1395/1384 1403/1397/1386 1387/1398/1387
f 1387/1398/1387 1403/1397/1386 1404/1399/1388 1388/1400/1389
f 1388/1400/1389 1404/1399/1388 1405/1401/1390 1389/1402/1391
f 1389/1402/1391 1405/1401/1390 1406/1403/1392 1390/1404/1393
f 1390/1404/1393 1406/1403/1392 1407/1405/1394 1391/1406/1395
f 1391/1406/1395 1407/1405/1394 1408/1407/1396 1392/1408/1397
f 1392/1408/1397 1408/1407/1396 1393/1378/1367 1377/1377/1366
o Circle.083
v 16.750000 45.310917 29.721210
v 16.623714 45.320530 29.744419
v 16.516655 45.347904 29.810507
v 16.445118 45.388874 29.909418
v 16.420000 45.437202 30.026091
v 16.445118 45.485531 30.142761
v 16.516655 45.526501 30.241674
v 16.623714 45.553871 30.307760
v 16.750000 45.563488 30.330971
v 16.876286 45.553875 30.307764
v 16.983345 45.526501 30.241674
v 17.054882 45.485531 30.142761
v 17.080000 45.437202 30.026091
v 17.054882 45.388874 29.909418
v 16.983345 45.347904 29.810507
v 16.876286 45.320530 29.744417
v 16.937500 42.338451 30.784771
v 16.811214 42.345745 30.808811
v 16.704155 42.366508 30.877264
v 16.632618 42.397587 30.979713
v 16.607500 42.434250 31.100561
v 16.632618 42.470905 31.221409
v 16.704155 42.501984 31.323858
v 16.811214 42.522747 31.392313
v 16.937500 42.530041 31.416351
v 17.063786 42.522751 31.392315
v 17.170845 42.501984 31.323858
v 17.242382 42.470905 31.221409
v 17.267500 42.434250 31.100561
v 17.242382 42.397587 30.979713
v 17.170845 42.366508 30.877264
v 17.063786 42.345745 30.808809
vt 1.5950 0.4074
vt 1.6106 0.4074
vt 1.6096 0.4098
vt 1.5940 0.4098
vt 1.6078 0.4117
vt 1.5921 0.4117
vt 1.6053 0.4127
vt 1.5897 0.4127
vt 1.6027 0.4127
vt 1.5870 0.4127
vt 1.6002 0.4117
vt 1.5846 0.4117
vt 1.5983 0.4098
vt 1.5827 0.4098
vt 1.5973 0.4074
vt 1.5817 0.4074
vt 1.5973 0.4047
vt 1.5817 0.4047
vt 1.5983 0.4023
vt 1.5827 0.4023
vt 1.6002 0.4004
vt 1.5846 0.4004
vt 1.6027 0.3994
vt 1.5870 0.3994
vt 1.6053 0.3994
vt 1.5897 0.3994
vt 1.6078 0.4004
vt 1.5921 0.4004
vt 1.6096 0.4023
vt 1.5940 0.4023
vt 1.6106 0.4047
vt 1.5950 0.4047
vn -0.0073 -0.3373 -0.9414
vn 0.0073 -0.3365 -0.9417
vn -0.3781 -0.3329 -0.8638
vn -0.3906 -0.3318 -0.8587
vn -0.7054 -0.2777 -0.6521
vn -0.7127 -0.2756 -0.6450
vn -0.9234 -0.1793 -0.3394
vn -0.9255 -0.1776 -0.3344
vn -0.9983 -0.0532 0.0255
vn -0.9191 0.0808 0.3856
vn -0.9213 0.0789 0.3808
vn -0.6994 0.2019 0.6856
vn -0.7066 0.1991 0.6790
vn -0.3738 0.2919 0.8804
vn -0.3862 0.2895 0.8758
vn 0.0072 0.3373 0.9414
vn -0.0073 0.3365 0.9417
vn 0.3862 0.3318 0.8606
vn 0.3738 0.3329 0.8657
vn 0.7066 0.2768 0.6512
vn 0.6994 0.2789 0.6581
vn 0.9213 0.1806 0.3445
vn 0.9191 0.1822 0.3493
vn 0.9983 0.0573 -0.0140
vn 0.9983 0.0573 -0.0141
vn 0.9255 -0.0748 -0.3712
vn 0.9234 -0.0767 -0.3761
vn 0.7127 -0.1962 -0.6735
vn 0.7054 -0.1991 -0.6803
vn 0.3906 -0.2882 -0.8743
vn 0.3781 -0.2907 -0.8790
usemtl None
s 1
f 1409/1409/1398 1425/1410/1399 1426/1411/1400 1410/1412/1401
f 1410/1412/1401 1426/1411/1400 1427/1413/1402 1411/1414/1403
f 1411/1414/1403 1427/1413/1402 1428/1415/1404 1412/1416/1405
f 1412/1416/1405 1428/1415/1404 1429/1417/1406 1413/1418/1406
f 1413/1418/1406 1429/1417/1406 1430/1419/1407 1414/1420/1408
f 1414/1420/1408 1430/1419/1407 1431/1421/1409 1415/1422/1410
f 1415/1422/1410 1431/1421/1409 1432/1423/1411 1416/1424/1412
f 1416/1424/1412 1432/1423/1411 1433/1425/1413 1417/1426/1414
f 1417/1426/1414 1433/1425/1413 1434/1427/1415 1418/1428/1416
f 1418/1428/1416 1434/1427/1415 1435/1429/1417 1419/1430/1418
f 1419/1430/1418 1435/1429/1417 1436/1431/1419 1420/1432/1420
f 1420/1432/1420 1436/1431/1419 1437/1433/1421 1421/1434/1422
f 1421/1434/1422 1437/1433/1421 1438/1435/1423 1422/1436/1424
f 1422/1436/1424 1438/1435/1423 1439/1437/1425 1423/1438/1426
f 1423/1438/1426 1439/1437/1425 1440/1439/1427 1424/1440/1428
f 1424/1440/1428 1440/1439/1427 1425/1410/1399 1409/1409/1398
o Circle.082
v 16.937500 42.338451 30.784771
v 16.811214 42.345745 30.808811
v 16.704155 42.366508 30.877264
v 16.632618 42.397587 30.979713
v 16.607500 42.434250 31.100561
v 16.632618 42.470905 31.221409
v 16.704155 42.501984 31.323858
v 16.811214 42.522747 31.392313
v 16.937500 42.530041 31.416351
v 17.063786 42.522751 31.392315
v 17.170845 42.501984 31.323858
v 17.242382 42.470905 31.221409
v 17.267500 42.434250 31.100561
v 17.242382 42.397587 30.979713
v 17.170845 42.366508 30.877264
v 17.063786 42.345745 30.808809
v 17.125000 39.276054 31.551861
v 16.998714 39.280956 31.576500
v 16.891655 39.294910 31.646658
v 16.820118 39.315800 31.751661
v 16.795000 39.340435 31.875521
v 16.820118 39.365070 31.999380
v 16.891655 39.385960 32.104382
v 16.998714 39.399914 32.174541
v 17.125000 39.404816 32.199181
v 17.251286 39.399914 32.174545
v 17.358345 39.385960 32.104382
v 17.429882 39.365070 31.999380
v 17.455000 39.340435 31.875521
v 17.429882 39.315800 31.751661
v 17.358345 39.294910 31.646658
v 17.251286 39.280956 31.576498
vt 1.6106 0.4074
vt 1.6263 0.4074
vt 1.6253 0.4098
vt 1.6096 0.4098
vt 1.6234 0.4117
vt 1.6078 0.4117
vt 1.6209 0.4127
vt 1.6053 0.4127
vt 1.6183 0.4127
vt 1.6027 0.4127
vt 1.6158 0.4117
vt 1.6002 0.4117
vt 1.6140 0.4098
vt 1.5983 0.4098
vt 1.6129 0.4074
vt 1.5973 0.4074
vt 1.6129 0.4047
vt 1.5973 0.4047
vt 1.6140 0.4023
vt 1.5983 0.4023
vt 1.6158 0.4004
vt 1.6002 0.4004
vt 1.6183 0.3994
vt 1.6027 0.3994
vt 1.6209 0.3994
vt 1.6053 0.3994
vt 1.6234 0.4004
vt 1.6078 0.4004
vt 1.6253 0.4023
vt 1.6096 0.4023
vt 1.6263 0.4047
vt 1.6106 0.4047
vn -0.0073 -0.2434 -0.9699
vn 0.0073 -0.2426 -0.9701
vn -0.3781 -0.2466 -0.8923
vn -0.3906 -0.2461 -0.8871
vn -0.7054 -0.2124 -0.6762
vn -0.7127 -0.2110 -0.6689
vn -0.9234 -0.1452 -0.3553
vn -0.9255 -0.1440 -0.3502
vn -0.9983 -0.0555 0.0201
vn -0.9983 -0.0554 0.0202
vn -0.9191 0.0426 0.3916
vn -0.9213 0.0412 0.3867
vn -0.6994 0.1338 0.7021
vn -0.7066 0.1316 0.6952
vn -0.3738 0.2042 0.9047
vn -0.3862 0.2022 0.9000
vn 0.0073 0.2434 0.9699
vn -0.0073 0.2426 0.9701
vn 0.3862 0.2459 0.8890
vn 0.3738 0.2464 0.8942
vn 0.7066 0.2117 0.6752
vn 0.6994 0.2130 0.6823
vn 0.9213 0.1459 0.3605
vn 0.9191 0.1470 0.3655
vn 0.9983 0.0584 -0.0083
vn 0.9983 0.0584 -0.0084
vn 0.9255 -0.0381 -0.3767
vn 0.9234 -0.0395 -0.3818
vn 0.7127 -0.1292 -0.6894
vn 0.7054 -0.1314 -0.6965
vn 0.3906 -0.2011 -0.8983
vn 0.3781 -0.2031 -0.9032
usemtl None
s 1
f 1441/1441/1429 1457/1442/1430 1458/1443/1431 1442/1444/1432
f 1442/1444/1432 1458/1443/1431 1459/1445/1433 1443/1446/1434
f 1443/1446/1434 1459/1445/1433 1460/1447/1435 1444/1448/1436
f 1444/1448/1436 1460/1447/1435 1461/1449/1437 1445/1450/1438
f 1445/1450/1438 1461/1449/1437 1462/1451/1439 1446/1452/1440
f 1446/1452/1440 1462/1451/1439 1463/1453/1441 1447/1454/1442
f 1447/1454/1442 1463/1453/1441 1464/1455/1443 1448/1456/1444
f 1448/1456/1444 1464/1455/1443 1465/1457/1445 1449/1458/1446
f 1449/1458/1446 1465/1457/1445 1466/1459/1447 1450/1460/1448
f 1450/1460/1448 1466/1459/1447 1467/1461/1449 1451/1462/1450
f 1451/1462/1450 1467/1461/1449 1468/1463/1451 1452/1464/1452
f 1452/1464/1452 1468/1463/1451 1469/1465/1453 1453/1466/1454
f 1453/1466/1454 1469/1465/1453 1470/1467/1455 1454/1468/1456
f 1454/1468/1456 1470/1467/1455 1471/1469/1457 1455/1470/1458
f 1455/1470/1458 1471/1469/1457 1472/1471/1459 1456/1472/1460
f 1456/1472/1460 1472/1471/1459 1457/1442/1430 1441/1441/1429
o Circle.081
v 17.125000 39.276054 31.551861
v 16.998714 39.280956 31.576500
v 16.891655 39.294910 31.646658
v 16.820118 39.315800 31.751661
v 16.795000 39.340435 31.875521
v 16.820118 39.365070 31.999380
v 16.891655 39.385960 32.104382
v 16.998714 39.399914 32.174541
v 17.125000 39.404816 32.199181
v 17.251286 39.399914 32.174545
v 17.358345 39.385960 32.104382
v 17.429882 39.365070 31.999380
v 17.455000 39.340435 31.875521
v 17.429882 39.315800 31.751661
v 17.358345 39.294910 31.646658
v 17.251286 39.280956 31.576498
v 17.312500 36.153206 32.015095
v 17.186214 36.155666 32.040092
v 17.079155 36.162678 32.111282
v 17.007618 36.173172 32.217827
v 16.982500 36.185551 32.343502
v 17.007618 36.197929 32.469181
v 17.079155 36.208420 32.575726
v 17.186214 36.215435 32.646915
v 17.312500 36.217896 32.671913
v 17.438786 36.215435 32.646915
v 17.545845 36.208420 32.575726
v 17.617382 36.197929 32.469181
v 17.642500 36.185551 32.343502
v 17.617382 36.173172 32.217827
v 17.545845 36.162678 32.111282
v 17.438786 36.155666 32.040092
vt 1.6263 0.4074
vt 1.6419 0.4074
vt 1.6409 0.4098
vt 1.6253 0.4098
vt 1.6390 0.4117
vt 1.6234 0.4117
vt 1.6366 0.4127
vt 1.6209 0.4127
vt 1.6339 0.4127
vt 1.6183 0.4127
vt 1.6315 0.4117
vt 1.6158 0.4117
vt 1.6296 0.4098
vt 1.6140 0.4098
vt 1.6286 0.4074
vt 1.6129 0.4074
vt 1.6286 0.4047
vt 1.6129 0.4047
vt 1.6296 0.4023
vt 1.6140 0.4023
vt 1.6315 0.4004
vt 1.6158 0.4004
vt 1.6339 0.3994
vt 1.6183 0.3994
vt 1.6366 0.3994
vt 1.6209 0.3994
vt 1.6390 0.4004
vt 1.6234 0.4004
vt 1.6409 0.4023
vt 1.6253 0.4023
vt 1.6419 0.4047
vt 1.6263 0.4047
vn -0.0073 -0.1472 -0.9891
vn 0.0073 -0.1463 -0.9892
vn -0.3781 -0.1580 -0.9122
vn -0.3906 -0.1579 -0.9069
vn -0.7054 -0.1451 -0.6938
vn -0.7127 -0.1445 -0.6864
vn -0.9234 -0.1096 -0.3678
vn -0.9255 -0.1090 -0.3626
vn -0.9983 -0.0572 0.0146
vn -0.9983 -0.0571 0.0147
vn -0.9191 0.0040 0.3939
vn -0.9213 0.0031 0.3889
vn -0.6994 0.0643 0.7119
vn -0.7066 0.0628 0.7048
vn -0.3738 0.1145 0.9204
vn -0.3862 0.1130 0.9155
vn 0.0073 0.1471 0.9891
vn -0.0073 0.1463 0.9892
vn 0.3862 0.1576 0.9088
vn 0.3738 0.1576 0.9140
vn 0.7066 0.1445 0.6927
vn 0.6994 0.1451 0.6999
vn 0.9213 0.1099 0.3731
vn 0.9191 0.1105 0.3781
vn 0.9983 0.0589 -0.0025
vn 0.9983 0.0589 -0.0026
vn 0.9255 -0.0010 -0.3786
vn 0.9234 -0.0019 -0.3838
vn 0.7127 -0.0610 -0.6988
vn 0.7054 -0.0625 -0.7060
vn 0.3906 -0.1121 -0.9137
vn 0.3781 -0.1136 -0.9188
usemtl None
s 1
f 1473/1473/1461 1489/1474/1462 1490/1475/1463 1474/1476/1464
f 1474/1476/1464 1490/1475/1463 1491/1477/1465 1475/1478/1466
f 1475/1478/1466 1491/1477/1465 1492/1479/1467 1476/1480/1468
f 1476/1480/1468 1492/1479/1467 1493/1481/1469 1477/1482/1470
f 1477/1482/1470 1493/1481/1469 1494/1483/1471 1478/1484/1472
f 1478/1484/1472 1494/1483/1471 1495/1485/1473 1479/1486/1474
f 1479/1486/1474 1495/1485/1473 1496/1487/1475 1480/1488/1476
f 1480/1488/1476 1496/1487/1475 1497/1489/1477 1481/1490/1478
f 1481/1490/1478 1497/1489/1477 1498/1491/1479 1482/1492/1480
f 1482/1492/1480 1498/1491/1479 1499/1493/1481 1483/1494/1482
f 1483/1494/1482 1499/1493/1481 1500/1495/1483 1484/1496/1484
f 1484/1496/1484 1500/1495/1483 1501/1497/1485 1485/1498/1486
f 1485/1498/1486 1501/1497/1485 1502/1499/1487 1486/1500/1488
f 1486/1500/1488 1502/1499/1487 1503/1501/1489 1487/1502/1490
f 1487/1502/1490 1503/1501/1489 1504/1503/1491 1488/1504/1492
f 1488/1504/1492 1504/1503/1491 1489/1474/1462 1473/1473/1461
o Circle.080
v 17.312500 36.153206 32.015095
v 17.186214 36.155666 32.040092
v 17.079155 36.162678 32.111282
v 17.007618 36.173172 32.217827
v 16.982500 36.185551 32.343502
v 17.007618 36.197929 32.469181
v 17.079155 36.208420 32.575726
v 17.186214 36.215435 32.646915
v 17.312500 36.217896 32.671913
v 17.438786 36.215435 32.646915
v 17.545845 36.208420 32.575726
v 17.617382 36.197929 32.469181
v 17.642500 36.185551 32.343502
v 17.617382 36.173172 32.217827
v 17.545845 36.162678 32.111282
v 17.438786 36.155666 32.040092
v 17.500000 33.000000 32.169998
v 17.373714 33.000000 32.195122
v 17.266655 33.000000 32.266655
v 17.195118 33.000000 32.373714
v 17.170000 33.000000 32.500000
v 17.195118 33.000000 32.626286
v 17.266655 33.000000 32.733345
v 17.373714 33.000000 32.804878
v 17.500000 33.000000 32.829998
v 17.626286 33.000000 32.804878
v 17.733345 33.000000 32.733345
v 17.804882 33.000000 32.626286
v 17.830000 33.000000 32.500000
v 17.804882 33.000000 32.373714
v 17.733345 33.000000 32.266655
v 17.626286 33.000000 32.195118
vt 1.6419 0.4074
vt 1.6575 0.4074
vt 1.6565 0.4098
vt 1.6409 0.4098
vt 1.6546 0.4117
vt 1.6390 0.4117
vt 1.6522 0.4127
vt 1.6366 0.4127
vt 1.6495 0.4127
vt 1.6339 0.4127
vt 1.6471 0.4117
vt 1.6315 0.4117
vt 1.6452 0.4098
vt 1.6296 0.4098
vt 1.6442 0.4074
vt 1.6286 0.4074
vt 1.6442 0.4047
vt 1.6286 0.4047
vt 1.6452 0.4023
vt 1.6296 0.4023
vt 1.6471 0.4004
vt 1.6315 0.4004
vt 1.6495 0.3994
vt 1.6339 0.3994
vt 1.6522 0.3994
vt 1.6366 0.3994
vt 1.6546 0.4004
vt 1.6390 0.4004
vt 1.6565 0.4023
vt 1.6409 0.4023
vt 1.6575 0.4047
vt 1.6419 0.4047
vn -0.0073 -0.0495 -0.9987
vn 0.0073 -0.0486 -0.9988
vn -0.3781 -0.0678 -0.9233
vn -0.3906 -0.0683 -0.9180
vn -0.7054 -0.0764 -0.7047
vn -0.7127 -0.0765 -0.6973
vn -0.9234 -0.0731 -0.3768
vn -0.9255 -0.0729 -0.3716
vn -0.9983 -0.0583 0.0089
vn -0.9983 -0.0583 0.0090
vn -0.9191 -0.0346 0.3924
vn -0.9213 -0.0350 0.3874
vn -0.6994 -0.0058 0.7147
vn -0.7066 -0.0066 0.7075
vn -0.3738 0.0237 0.9272
vn -0.3862 0.0228 0.9221
vn 0.0073 0.0495 0.9987
vn -0.0073 0.0486 0.9988
vn 0.3862 0.0677 0.9199
vn 0.3738 0.0673 0.9251
vn 0.7067 0.0759 0.7035
vn 0.6994 0.0758 0.7107
vn 0.9213 0.0728 0.3821
vn 0.9191 0.0729 0.3871
vn 0.9983 0.0589 0.0032
vn 0.9255 0.0362 -0.3769
vn 0.9234 0.0358 -0.3822
vn 0.7127 0.0078 -0.7014
vn 0.7054 0.0070 -0.7088
vn 0.3906 -0.0220 -0.9203
vn 0.3781 -0.0230 -0.9255
usemtl None
s 1
f 1505/1505/1493 1521/1506/1494 1522/1507/1495 1506/1508/1496
f 1506/1508/1496 1522/1507/1495 1523/1509/1497 1507/1510/1498
f 1507/1510/1498 1523/1509/1497 1524/1511/1499 1508/1512/1500
f 1508/1512/1500 1524/1511/1499 1525/1513/1501 1509/1514/1502
f 1509/1514/1502 1525/1513/1501 1526/1515/1503 1510/1516/1504
f 1510/1516/1504 1526/1515/1503 1527/1517/1505 1511/1518/1506
f 1511/1518/1506 1527/1517/1505 1528/1519/1507 1512/1520/1508
f 1512/1520/1508 1528/1519/1507 1529/1521/1509 1513/1522/1510
f 1513/1522/1510 1529/1521/1509 1530/1523/1511 1514/1524/1512
f 1514/1524/1512 1530/1523/1511 1531/1525/1513 1515/1526/1514
f 1515/1526/1514 1531/1525/1513 1532/1527/1515 1516/1528/1516
f 1516/1528/1516 1532/1527/1515 1533/1529/1517 1517/1530/1517
f 1517/1530/1517 1533/1529/1517 1534/1531/1518 1518/1532/1519
f 1518/1532/1519 1534/1531/1518 1535/1533/1520 1519/1534/1521
f 1519/1534/1521 1535/1533/1520 1536/1535/1522 1520/1536/1523
f 1520/1536/1523 1536/1535/1522 1521/1506/1494 1505/1505/1493
o Circle.079
v 17.500000 33.000000 32.169998
v 17.373714 33.000000 32.195122
v 17.266655 33.000000 32.266655
v 17.195118 33.000000 32.373714
v 17.170000 33.000000 32.500000
v 17.195118 33.000000 32.626286
v 17.266655 33.000000 32.733345
v 17.373714 33.000000 32.804878
v 17.500000 33.000000 32.829998
v 17.626286 33.000000 32.804878
v 17.733345 33.000000 32.733345
v 17.804882 33.000000 32.626286
v 17.830000 33.000000 32.500000
v 17.804882 33.000000 32.373714
v 17.733345 33.000000 32.266655
v 17.626286 33.000000 32.195118
v 17.687500 29.846779 32.015095
v 17.561214 29.844316 32.040092
v 17.454155 29.837305 32.111282
v 17.382618 29.826811 32.217827
v 17.357500 29.814434 32.343502
v 17.382618 29.802055 32.469181
v 17.454155 29.791561 32.575726
v 17.561214 29.784550 32.646915
v 17.687500 29.782087 32.671913
v 17.813786 29.784550 32.646915
v 17.920845 29.791561 32.575726
v 17.992382 29.802055 32.469181
v 18.017500 29.814434 32.343502
v 17.992382 29.826811 32.217827
v 17.920845 29.837305 32.111282
v 17.813786 29.844316 32.040092
vt 1.6575 0.4074
vt 1.6731 0.4074
vt 1.6721 0.4098
vt 1.6565 0.4098
vt 1.6703 0.4117
vt 1.6546 0.4117
vt 1.6678 0.4127
vt 1.6522 0.4127
vt 1.6652 0.4127
vt 1.6495 0.4127
vt 1.6627 0.4117
vt 1.6471 0.4117
vt 1.6608 0.4098
vt 1.6452 0.4098
vt 1.6598 0.4074
vt 1.6442 0.4074
vt 1.6598 0.4047
vt 1.6442 0.4047
vt 1.6608 0.4023
vt 1.6452 0.4023
vt 1.6627 0.4004
vt 1.6471 0.4004
vt 1.6652 0.3994
vt 1.6495 0.3994
vt 1.6678 0.3994
vt 1.6522 0.3994
vt 1.6703 0.4004
vt 1.6546 0.4004
vt 1.6721 0.4023
vt 1.6565 0.4023
vt 1.6731 0.4047
vt 1.6575 0.4047
vn -0.0073 0.0486 -0.9988
vn 0.0073 0.0495 -0.9987
vn -0.3781 0.0230 -0.9255
vn -0.3906 0.0220 -0.9203
vn -0.7054 -0.0070 -0.7088
vn -0.7127 -0.0078 -0.7014
vn -0.9234 -0.0358 -0.3822
vn -0.9255 -0.0362 -0.3769
vn -0.9983 -0.0589 0.0032
vn -0.9191 -0.0729 0.3871
vn -0.9213 -0.0728 0.3821
vn -0.6994 -0.0758 0.7107
vn -0.7066 -0.0759 0.7035
vn -0.3738 -0.0673 0.9251
vn -0.3862 -0.0677 0.9199
vn 0.0073 -0.0486 0.9988
vn -0.0073 -0.0495 0.9987
vn 0.3862 -0.0228 0.9221
vn 0.3738 -0.0237 0.9272
vn 0.7066 0.0066 0.7075
vn 0.6994 0.0058 0.7147
vn 0.9213 0.0350 0.3874
vn 0.9191 0.0346 0.3924
vn 0.9983 0.0583 0.0090
vn 0.9983 0.0583 0.0089
vn 0.9255 0.0729 -0.3716
vn 0.9234 0.0731 -0.3768
vn 0.7127 0.0765 -0.6973
vn 0.7054 0.0764 -0.7047
vn 0.3906 0.0683 -0.9180
vn 0.3781 0.0678 -0.9233
usemtl None
s 1
f 1537/1537/1524 1553/1538/1525 1554/1539/1526 1538/1540/1527
f 1538/1540/1527 1554/1539/1526 1555/1541/1528 1539/1542/1529
f 1539/1542/1529 1555/1541/1528 1556/1543/1530 1540/1544/1531
f 1540/1544/1531 1556/1543/1530 1557/1545/1532 1541/1546/1532
f 1541/1546/1532 1557/1545/1532 1558/1547/1533 1542/1548/1534
f 1542/1548/1534 1558/1547/1533 1559/1549/1535 1543/1550/1536
f 1543/1550/1536 1559/1549/1535 1560/1551/1537 1544/1552/1538
f 1544/1552/1538 1560/1551/1537 1561/1553/1539 1545/1554/1540
f 1545/1554/1540 1561/1553/1539 1562/1555/1541 1546/1556/1542
f 1546/1556/1542 1562/1555/1541 1563/1557/1543 1547/1558/1544
f 1547/1558/1544 1563/1557/1543 1564/1559/1545 1548/1560/1546
f 1548/1560/1546 1564/1559/1545 1565/1561/1547 1549/1562/1548
f 1549/1562/1548 1565/1561/1547 1566/1563/1549 1550/1564/1550
f 1550/1564/1550 1566/1563/1549 1567/1565/1551 1551/1566/1552
f 1551/1566/1552 1567/1565/1551 1568/1567/1553 1552/1568/1554
f 1552/1568/1554 1568/1567/1553 1553/1538/1525 1537/1537/1524
o Circle.078
v 17.687500 29.846779 32.015095
v 17.561214 29.844316 32.040092
v 17.454155 29.837305 32.111282
v 17.382618 29.826811 32.217827
v 17.357500 29.814434 32.343502
v 17.382618 29.802055 32.469181
v 17.454155 29.791561 32.575726
v 17.561214 29.784550 32.646915
v 17.687500 29.782087 32.671913
v 17.813786 29.784550 32.646915
v 17.920845 29.791561 32.575726
v 17.992382 29.802055 32.469181
v 18.017500 29.814434 32.343502
v 17.992382 29.826811 32.217827
v 17.920845 29.837305 32.111282
v 17.813786 29.844316 32.040092
v 17.875000 26.723942 31.551861
v 17.748714 26.719040 31.576500
v 17.641655 26.705086 31.646658
v 17.570118 26.684198 31.751661
v 17.545000 26.659561 31.875521
v 17.570118 26.634924 31.999380
v 17.641655 26.614038 32.104382
v 17.748714 26.600082 32.174541
v 17.875000 26.595181 32.199181
v 18.001286 26.600082 32.174545
v 18.108345 26.614038 32.104382
v 18.179882 26.634924 31.999380
v 18.205000 26.659561 31.875521
v 18.179882 26.684198 31.751661
v 18.108345 26.705086 31.646658
v 18.001286 26.719040 31.576498
vt 1.6731 0.4074
vt 1.6888 0.4074
vt 1.6878 0.4098
vt 1.6721 0.4098
vt 1.6859 0.4117
vt 1.6703 0.4117
vt 1.6834 0.4127
vt 1.6678 0.4127
vt 1.6808 0.4127
vt 1.6652 0.4127
vt 1.6783 0.4117
vt 1.6627 0.4117
vt 1.6765 0.4098
vt 1.6608 0.4098
vt 1.6754 0.4074
vt 1.6598 0.4074
vt 1.6754 0.4047
vt 1.6598 0.4047
vt 1.6765 0.4023
vt 1.6608 0.4023
vt 1.6783 0.4004
vt 1.6627 0.4004
vt 1.6808 0.3994
vt 1.6652 0.3994
vt 1.6834 0.3994
vt 1.6678 0.3994
vt 1.6859 0.4004
vt 1.6703 0.4004
vt 1.6878 0.4023
vt 1.6721 0.4023
vt 1.6888 0.4047
vt 1.6731 0.4047
vn -0.0073 0.1463 -0.9892
vn 0.0073 0.1472 -0.9891
vn -0.3781 0.1136 -0.9188
vn -0.3906 0.1121 -0.9137
vn -0.7054 0.0625 -0.7060
vn -0.7127 0.0610 -0.6988
vn -0.9234 0.0019 -0.3838
vn -0.9255 0.0010 -0.3786
vn -0.9983 -0.0589 -0.0026
vn -0.9983 -0.0589 -0.0025
vn -0.9191 -0.1105 0.3781
vn -0.9213 -0.1099 0.3731
vn -0.6994 -0.1451 0.6999
vn -0.7066 -0.1445 0.6927
vn -0.3738 -0.1576 0.9140
vn -0.3862 -0.1576 0.9088
vn 0.0073 -0.1463 0.9892
vn -0.0073 -0.1471 0.9891
vn 0.3862 -0.1130 0.9155
vn 0.3738 -0.1145 0.9204
vn 0.7066 -0.0628 0.7048
vn 0.6994 -0.0643 0.7118
vn 0.9213 -0.0031 0.3889
vn 0.9191 -0.0040 0.3939
vn 0.9983 0.0571 0.0147
vn 0.9983 0.0572 0.0146
vn 0.9255 0.1090 -0.3626
vn 0.9234 0.1096 -0.3678
vn 0.7127 0.1445 -0.6864
vn 0.7054 0.1451 -0.6938
vn 0.3906 0.1579 -0.9069
vn 0.3781 0.1580 -0.9122
usemtl None
s 1
f 1569/1569/1555 1585/1570/1556 1586/1571/1557 1570/1572/1558
f 1570/1572/1558 1586/1571/1557 1587/1573/1559 1571/1574/1560
f 1571/1574/1560 1587/1573/1559 1588/1575/1561 1572/1576/1562
f 1572/1576/1562 1588/1575/1561 1589/1577/1563 1573/1578/1564
f 1573/1578/1564 1589/1577/1563 1590/1579/1565 1574/1580/1566
f 1574/1580/1566 1590/1579/1565 1591/1581/1567 1575/1582/1568
f 1575/1582/1568 1591/1581/1567 1592/1583/1569 1576/1584/1570
f 1576/1584/1570 1592/1583/1569 1593/1585/1571 1577/1586/1572
f 1577/1586/1572 1593/1585/1571 1594/1587/1573 1578/1588/1574
f 1578/1588/1574 1594/1587/1573 1595/1589/1575 1579/1590/1576
f 1579/1590/1576 1595/1589/1575 1596/1591/1577 1580/1592/1578
f 1580/1592/1578 1596/1591/1577 1597/1593/1579 1581/1594/1580
f 1581/1594/1580 1597/1593/1579 1598/1595/1581 1582/1596/1582
f 1582/1596/1582 1598/1595/1581 1599/1597/1583 1583/1598/1584
f 1583/1598/1584 1599/1597/1583 1600/1599/1585 1584/1600/1586
f 1584/1600/1586 1600/1599/1585 1585/1570/1556 1569/1569/1555
o Circle.077
v 17.875000 26.723942 31.551861
v 17.748714 26.719040 31.576500
v 17.641655 26.705086 31.646658
v 17.570118 26.684198 31.751661
v 17.545000 26.659561 31.875521
v 17.570118 26.634924 31.999380
v 17.641655 26.614038 32.104382
v 17.748714 26.600082 32.174541
v 17.875000 26.595181 32.199181
v 18.001286 26.600082 32.174545
v 18.108345 26.614038 32.104382
v 18.179882 26.634924 31.999380
v 18.205000 26.659561 31.875521
v 18.179882 26.684198 31.751661
v 18.108345 26.705086 31.646658
v 18.001286 26.719040 31.576498
v 18.062500 23.661531 30.784767
v 17.936214 23.654238 30.808807
v 17.829155 23.633474 30.877260
v 17.757618 23.602396 30.979710
v 17.732500 23.565737 31.100557
v 17.757618 23.529078 31.221405
v 17.829155 23.497999 31.323854
v 17.936214 23.477236 31.392309
v 18.062500 23.469942 31.416348
v 18.188786 23.477236 31.392309
v 18.295845 23.497999 31.323854
v 18.367382 23.529078 31.221405
v 18.392500 23.565737 31.100557
v 18.367382 23.602396 30.979710
v 18.295845 23.633474 30.877260
v 18.188786 23.654240 30.808805
vt 1.6888 0.4074
vt 1.7044 0.4074
vt 1.7034 0.4098
vt 1.6878 0.4098
vt 1.7015 0.4117
vt 1.6859 0.4117
vt 1.6991 0.4127
vt 1.6834 0.4127
vt 1.6964 0.4127
vt 1.6808 0.4127
vt 1.6940 0.4117
vt 1.6783 0.4117
vt 1.6921 0.4098
vt 1.6765 0.4098
vt 1.6911 0.4074
vt 1.6754 0.4074
vt 1.6911 0.4047
vt 1.6754 0.4047
vt 1.6921 0.4023
vt 1.6765 0.4023
vt 1.6940 0.4004
vt 1.6783 0.4004
vt 1.6964 0.3994
vt 1.6808 0.3994
vt 1.6991 0.3994
vt 1.6834 0.3994
vt 1.7015 0.4004
vt 1.6859 0.4004
vt 1.7034 0.4023
vt 1.6878 0.4023
vt 1.7044 0.4047
vt 1.6888 0.4047
vn -0.0073 0.2426 -0.9701
vn 0.0073 0.2434 -0.9699
vn -0.3781 0.2031 -0.9032
vn -0.3906 0.2011 -0.8983
vn -0.7054 0.1314 -0.6965
vn -0.7127 0.1292 -0.6894
vn -0.9234 0.0395 -0.3818
vn -0.9255 0.0381 -0.3767
vn -0.9983 -0.0584 -0.0084
vn -0.9983 -0.0584 -0.0083
vn -0.9191 -0.1470 0.3655
vn -0.9213 -0.1459 0.3605
vn -0.6994 -0.2130 0.6823
vn -0.7066 -0.2117 0.6752
vn -0.3738 -0.2464 0.8942
vn -0.3862 -0.2459 0.8890
vn 0.0072 -0.2426 0.9701
vn -0.0073 -0.2434 0.9699
vn 0.3862 -0.2022 0.9000
vn 0.3738 -0.2042 0.9047
vn 0.7066 -0.1316 0.6952
vn 0.6994 -0.1338 0.7021
vn 0.9213 -0.0412 0.3867
vn 0.9191 -0.0426 0.3916
vn 0.9983 0.0554 0.0202
vn 0.9983 0.0555 0.0201
vn 0.9255 0.1440 -0.3502
vn 0.9234 0.1452 -0.3553
vn 0.7127 0.2110 -0.6689
vn 0.7054 0.2124 -0.6762
vn 0.3906 0.2461 -0.8871
vn 0.3781 0.2466 -0.8923
usemtl None
s 1
f 1601/1601/1587 1617/1602/1588 1618/1603/1589 1602/1604/1590
f 1602/1604/1590 1618/1603/1589 1619/1605/1591 1603/1606/1592
f 1603/1606/1592 1619/1605/1591 1620/1607/1593 1604/1608/1594
f 1604/1608/1594 1620/1607/1593 1621/1609/1595 1605/1610/1596
f 1605/1610/1596 1621/1609/1595 1622/1611/1597 1606/1612/1598
f 1606/1612/1598 1622/1611/1597 1623/1613/1599 1607/1614/1600
f 1607/1614/1600 1623/1613/1599 1624/1615/1601 1608/1616/1602
f 1608/1616/1602 1624/1615/1601 1625/1617/1603 1609/1618/1604
f 1609/1618/1604 1625/1617/1603 1626/1619/1605 1610/1620/1606
f 1610/1620/1606 1626/1619/1605 1627/1621/1607 1611/1622/1608
f 1611/1622/1608 1627/1621/1607 1628/1623/1609 1612/1624/1610
f 1612/1624/1610 1628/1623/1609 1629/1625/1611 1613/1626/1612
f 1613/1626/1612 1629/1625/1611 1630/1627/1613 1614/1628/1614
f 1614/1628/1614 1630/1627/1613 1631/1629/1615 1615/1630/1616
f 1615/1630/1616 1631/1629/1615 1632/1631/1617 1616/1632/1618
f 1616/1632/1618 1632/1631/1617 1617/1602/1588 1601/1601/1587
o Circle.076
v 18.062500 23.661531 30.784767
v 17.936214 23.654238 30.808807
v 17.829155 23.633474 30.877260
v 17.757618 23.602396 30.979710
v 17.732500 23.565737 31.100557
v 17.757618 23.529078 31.221405
v 17.829155 23.497999 31.323854
v 17.936214 23.477236 31.392309
v 18.062500 23.469942 31.416348
v 18.188786 23.477236 31.392309
v 18.295845 23.497999 31.323854
v 18.367382 23.529078 31.221405
v 18.392500 23.565737 31.100557
v 18.367382 23.602396 30.979710
v 18.295845 23.633474 30.877260
v 18.188786 23.654240 30.808805
v 18.250000 20.689068 29.721203
v 18.123714 20.679455 29.744411
v 18.016655 20.652081 29.810499
v 17.945118 20.611109 29.909410
v 17.920000 20.562782 30.026083
v 17.945118 20.514456 30.142756
v 18.016655 20.473484 30.241665
v 18.123714 20.446112 30.307755
v 18.250000 20.436497 30.330963
v 18.376286 20.446110 30.307756
v 18.483345 20.473484 30.241665
v 18.554882 20.514456 30.142756
v 18.580000 20.562782 30.026083
v 18.554882 20.611109 29.909410
v 18.483345 20.652081 29.810499
v 18.376286 20.679455 29.744410
vt 1.7044 0.4074
vt 1.7200 0.4074
vt 1.7190 0.4098
vt 1.7034 0.4098
vt 1.7171 0.4117
vt 1.7015 0.4117
vt 1.7147 0.4127
vt 1.6991 0.4127
vt 1.7120 0.4127
vt 1.6964 0.4127
vt 1.7096 0.4117
vt 1.6940 0.4117
vt 1.7077 0.4098
vt 1.6921 0.4098
vt 1.7067 0.4074
vt 1.6911 0.4074
vt 1.7067 0.4047
vt 1.6911 0.4047
vt 1.7077 0.4023
vt 1.6921 0.4023
vt 1.7096 0.4004
vt 1.6940 0.4004
vt 1.7120 0.3994
vt 1.6964 0.3994
vt 1.7147 0.3994
vt 1.6991 0.3994
vt 1.7171 0.4004
vt 1.7015 0.4004
vt 1.7190 0.4023
vt 1.7034 0.4023
vt 1.7200 0.4047
vt 1.7044 0.4047
vn -0.0073 0.3365 -0.9417
vn 0.0073 0.3373 -0.9414
vn -0.3781 0.2907 -0.8790
vn -0.3906 0.2882 -0.8743
vn -0.7054 0.1991 -0.6803
vn -0.7127 0.1962 -0.6735
vn -0.9234 0.0767 -0.3761
vn -0.9255 0.0748 -0.3712
vn -0.9983 -0.0573 -0.0141
vn -0.9983 -0.0573 -0.0140
vn -0.9191 -0.1822 0.3493
vn -0.9213 -0.1806 0.3445
vn -0.6994 -0.2789 0.6581
vn -0.7066 -0.2768 0.6512
vn -0.3738 -0.3329 0.8657
vn -0.3862 -0.3319 0.8606
vn 0.0073 -0.3365 0.9417
vn -0.0073 -0.3373 0.9414
vn 0.3862 -0.2895 0.8758
vn 0.3738 -0.2919 0.8804
vn 0.7066 -0.1991 0.6790
vn 0.6994 -0.2019 0.6856
vn 0.9213 -0.0790 0.3808
vn 0.9191 -0.0808 0.3856
vn 0.9983 0.0532 0.0255
vn 0.9255 0.1776 -0.3344
vn 0.9234 0.1793 -0.3394
vn 0.7127 0.2756 -0.6450
vn 0.7054 0.2777 -0.6521
vn 0.3906 0.3318 -0.8587
vn 0.3781 0.3329 -0.8638
usemtl None
s 1
f 1633/1633/1619 1649/1634/1620 1650/1635/1621 1634/1636/1622
f 1634/1636/1622 1650/1635/1621 1651/1637/1623 1635/1638/1624
f 1635/1638/1624 1651/1637/1623 1652/1639/1625 1636/1640/1626
f 1636/1640/1626 1652/1639/1625 1653/1641/1627 1637/1642/1628
f 1637/1642/1628 1653/1641/1627 1654/1643/1629 1638/1644/1630
f 1638/1644/1630 1654/1643/1629 1655/1645/1631 1639/1646/1632
f 1639/1646/1632 1655/1645/1631 1656/1647/1633 1640/1648/1634
f 1640/1648/1634 1656/1647/1633 1657/1649/1635 1641/1650/1636
f 1641/1650/1636 1657/1649/1635 1658/1651/1637 1642/1652/1638
f 1642/1652/1638 1658/1651/1637 1659/1653/1639 1643/1654/1640
f 1643/1654/1640 1659/1653/1639 1660/1655/1641 1644/1656/1642
f 1644/1656/1642 1660/1655/1641 1661/1657/1643 1645/1658/1643
f 1645/1658/1643 1661/1657/1643 1662/1659/1644 1646/1660/1645
f 1646/1660/1645 1662/1659/1644 1663/1661/1646 1647/1662/1647
f 1647/1662/1647 1663/1661/1646 1664/1663/1648 1648/1664/1649
f 1648/1664/1649 1664/1663/1648 1649/1634/1620 1633/1633/1619
o Circle.075
v 18.250000 20.689068 29.721203
v 18.123714 20.679455 29.744411
v 18.016655 20.652081 29.810499
v 17.945118 20.611109 29.909410
v 17.920000 20.562782 30.026083
v 17.945118 20.514456 30.142756
v 18.016655 20.473484 30.241665
v 18.123714 20.446112 30.307755
v 18.250000 20.436497 30.330963
v 18.376286 20.446110 30.307756
v 18.483345 20.473484 30.241665
v 18.554882 20.514456 30.142756
v 18.580000 20.562782 30.026083
v 18.554882 20.611109 29.909410
v 18.483345 20.652081 29.810499
v 18.376286 20.679455 29.744410
v 18.437500 17.835169 28.371408
v 18.311214 17.823326 28.393564
v 18.204155 17.789606 28.456650
v 18.132618 17.739138 28.551069
v 18.107500 17.679607 28.662441
v 18.132618 17.620077 28.773817
v 18.204155 17.569609 28.868235
v 18.311214 17.535889 28.931320
v 18.437500 17.524046 28.953476
v 18.563786 17.535887 28.931324
v 18.670845 17.569609 28.868235
v 18.742382 17.620077 28.773817
v 18.767500 17.679607 28.662441
v 18.742382 17.739138 28.551069
v 18.670845 17.789606 28.456650
v 18.563786 17.823326 28.393562
vt 1.7200 0.4074
vt 1.7356 0.4074
vt 1.7346 0.4098
vt 1.7190 0.4098
vt 1.7328 0.4117
vt 1.7171 0.4117
vt 1.7303 0.4127
vt 1.7147 0.4127
vt 1.7277 0.4127
vt 1.7120 0.4127
vt 1.7252 0.4117
vt 1.7096 0.4117
vt 1.7233 0.4098
vt 1.7077 0.4098
vt 1.7223 0.4074
vt 1.7067 0.4074
vt 1.7223 0.4047
vt 1.7067 0.4047
vt 1.7233 0.4023
vt 1.7077 0.4023
vt 1.7252 0.4004
vt 1.7096 0.4004
vt 1.7277 0.3994
vt 1.7120 0.3994
vt 1.7303 0.3994
vt 1.7147 0.3994
vt 1.7328 0.4004
vt 1.7171 0.4004
vt 1.7346 0.4023
vt 1.7190 0.4023
vt 1.7356 0.4047
vt 1.7200 0.4047
vn -0.0073 0.4272 -0.9042
vn 0.0073 0.4279 -0.9038
vn -0.3781 0.3754 -0.8462
vn -0.3906 0.3725 -0.8418
vn -0.7054 0.2648 -0.6575
vn -0.7127 0.2612 -0.6510
vn -0.9234 0.1132 -0.3668
vn -0.9255 0.1108 -0.3621
vn -0.9983 -0.0556 -0.0196
vn -0.9983 -0.0557 -0.0196
vn -0.9191 -0.2155 0.3298
vn -0.9213 -0.2135 0.3251
vn -0.6994 -0.3420 0.6276
vn -0.7066 -0.3393 0.6209
vn -0.3738 -0.4161 0.8289
vn -0.3862 -0.4146 0.8240
vn 0.0072 -0.4272 0.9041
vn -0.0073 -0.4279 0.9038
vn 0.3862 -0.3739 0.8432
vn 0.3738 -0.3768 0.8475
vn 0.7066 -0.2647 0.6562
vn 0.6994 -0.2682 0.6625
vn 0.9213 -0.1159 0.3713
vn 0.9191 -0.1182 0.3758
vn 0.9983 0.0504 0.0306
vn 0.9983 0.0505 0.0305
vn 0.9255 0.2096 -0.3154
vn 0.9234 0.2117 -0.3202
vn 0.7127 0.3375 -0.6149
vn 0.7054 0.3403 -0.6218
vn 0.3906 0.4144 -0.8220
vn 0.3781 0.4160 -0.8271
usemtl None
s 1
f 1665/1665/1650 1681/1666/1651 1682/1667/1652 1666/1668/1653
f 1666/1668/1653 1682/1667/1652 1683/1669/1654 1667/1670/1655
f 1667/1670/1655 1683/1669/1654 1684/1671/1656 1668/1672/1657
f 1668/1672/1657 1684/1671/1656 1685/1673/1658 1669/1674/1659
f 1669/1674/1659 1685/1673/1658 1686/1675/1660 1670/1676/1661
f 1670/1676/1661 1686/1675/1660 1687/1677/1662 1671/1678/1663
f 1671/1678/1663 1687/1677/1662 1688/1679/1664 1672/1680/1665
f 1672/1680/1665 1688/1679/1664 1689/1681/1666 1673/1682/1667
f 1673/1682/1667 1689/1681/1666 1690/1683/1668 1674/1684/1669
f 1674/1684/1669 1690/1683/1668 1691/1685/1670 1675/1686/1671
f 1675/1686/1671 1691/1685/1670 1692/1687/1672 1676/1688/1673
f 1676/1688/1673 1692/1687/1672 1693/1689/1674 1677/1690/1675
f 1677/1690/1675 1693/1689/1674 1694/1691/1676 1678/1692/1677
f 1678/1692/1677 1694/1691/1676 1695/1693/1678 1679/1694/1679
f 1679/1694/1679 1695/1693/1678 1696/1695/1680 1680/1696/1681
f 1680/1696/1681 1696/1695/1680 1681/1666/1651 1665/1665/1650
o Circle.074
v 18.437500 17.835169 28.371408
v 18.311214 17.823326 28.393564
v 18.204155 17.789606 28.456650
v 18.132618 17.739138 28.551069
v 18.107500 17.679607 28.662441
v 18.132618 17.620077 28.773817
v 18.204155 17.569609 28.868235
v 18.311214 17.535889 28.931320
v 18.437500 17.524046 28.953476
v 18.563786 17.535887 28.931324
v 18.670845 17.569609 28.868235
v 18.742382 17.620077 28.773817
v 18.767500 17.679607 28.662441
v 18.742382 17.739138 28.551069
v 18.670845 17.789606 28.456650
v 18.563786 17.823326 28.393562
v 18.625000 15.127299 26.748373
v 18.498714 15.113342 26.769260
v 18.391655 15.073601 26.828737
v 18.320118 15.014121 26.917755
v 18.295000 14.943961 27.022758
v 18.320118 14.873800 27.127760
v 18.391655 14.814322 27.216778
v 18.498714 14.774579 27.276255
v 18.625000 14.760623 27.297142
v 18.751286 14.774578 27.276257
v 18.858345 14.814322 27.216778
v 18.929882 14.873800 27.127760
v 18.955000 14.943961 27.022758
v 18.929882 15.014121 26.917755
v 18.858345 15.073601 26.828737
v 18.751286 15.113343 26.769258
vt 1.7356 0.4074
vt 1.7513 0.4074
vt 1.7503 0.4098
vt 1.7346 0.4098
vt 1.7484 0.4117
vt 1.7328 0.4117
vt 1.7459 0.4127
vt 1.7303 0.4127
vt 1.7433 0.4127
vt 1.7277 0.4127
vt 1.7408 0.4117
vt 1.7252 0.4117
vt 1.7390 0.4098
vt 1.7233 0.4098
vt 1.7379 0.4074
vt 1.7223 0.4074
vt 1.7379 0.4047
vt 1.7223 0.4047
vt 1.7390 0.4023
vt 1.7233 0.4023
vt 1.7408 0.4004
vt 1.7252 0.4004
vt 1.7433 0.3994
vt 1.7277 0.3994
vt 1.7459 0.3994
vt 1.7303 0.3994
vt 1.7484 0.4004
vt 1.7328 0.4004
vt 1.7503 0.4023
vt 1.7346 0.4023
vt 1.7513 0.4047
vt 1.7356 0.4047
vn -0.0073 0.5137 -0.8579
vn 0.0073 0.5145 -0.8575
vn -0.3781 0.4566 -0.8054
vn -0.3906 0.4533 -0.8013
vn -0.7054 0.3280 -0.6284
vn -0.7127 0.3238 -0.6222
vn -0.9234 0.1486 -0.3539
vn -0.9255 0.1458 -0.3494
vn -0.9983 -0.0534 -0.0250
vn -0.9983 -0.0535 -0.0249
vn -0.9191 -0.2468 0.3070
vn -0.9213 -0.2443 0.3026
vn -0.6994 -0.4019 0.5911
vn -0.7066 -0.3985 0.5847
vn -0.3738 -0.4954 0.7841
vn -0.3862 -0.4934 0.7794
vn 0.0072 -0.5137 0.8579
vn -0.0073 -0.5145 0.8575
vn 0.3862 -0.4548 0.8025
vn 0.3738 -0.4580 0.8065
vn 0.7066 -0.3277 0.6271
vn 0.6994 -0.3318 0.6331
vn 0.9213 -0.1517 0.3581
vn 0.9191 -0.1544 0.3624
vn 0.9983 0.0472 0.0354
vn 0.9983 0.0472 0.0353
vn 0.9255 0.2395 -0.2933
vn 0.9234 0.2420 -0.2979
vn 0.7127 0.3961 -0.5789
vn 0.7054 0.3996 -0.5854
vn 0.3906 0.4930 -0.7774
vn 0.3781 0.4950 -0.7823
usemtl None
s 1
f 1697/1697/1682 1713/1698/1683 1714/1699/1684 1698/1700/1685
f 1698/1700/1685 1714/1699/1684 1715/1701/1686 1699/1702/1687
f 1699/1702/1687 1715/1701/1686 1716/1703/1688 1700/1704/1689
f 1700/1704/1689 1716/1703/1688 1717/1705/1690 1701/1706/1691
f 1701/1706/1691 1717/1705/1690 1718/1707/1692 1702/1708/1693
f 1702/1708/1693 1718/1707/1692 1719/1709/1694 1703/1710/1695
f 1703/1710/1695 1719/1709/1694 1720/1711/1696 1704/1712/1697
f 1704/1712/1697 1720/1711/1696 1721/1713/1698 1705/1714/1699
f 1705/1714/1699 1721/1713/1698 1722/1715/1700 1706/1716/1701
f 1706/1716/1701 1722/1715/1700 1723/1717/1702 1707/1718/1703
f 1707/1718/1703 1723/1717/1702 1724/1719/1704 1708/1720/1705
f 1708/1720/1705 1724/1719/1704 1725/1721/1706 1709/1722/1707
f 1709/1722/1707 1725/1721/1706 1726/1723/1708 1710/1724/1709
f 1710/1724/1709 1726/1723/1708 1727/1725/1710 1711/1726/1711
f 1711/1726/1711 1727/1725/1710 1728/1727/1712 1712/1728/1713
f 1712/1728/1713 1728/1727/1712 1713/1698/1683 1697/1697/1682
o Circle.073
v 18.625000 15.127299 26.748373
v 18.498714 15.113342 26.769260
v 18.391655 15.073601 26.828737
v 18.320118 15.014121 26.917755
v 18.295000 14.943961 27.022758
v 18.320118 14.873800 27.127760
v 18.391655 14.814322 27.216778
v 18.498714 14.774579 27.276255
v 18.625000 14.760623 27.297142
v 18.751286 14.774578 27.276257
v 18.858345 14.814322 27.216778
v 18.929882 14.873800 27.127760
v 18.955000 14.943961 27.022758
v 18.929882 15.014121 26.917755
v 18.858345 15.073601 26.828737
v 18.751286 15.113343 26.769258
v 18.812500 12.591567 24.867746
v 18.686214 12.575629 24.887165
v 18.579155 12.530250 24.942461
v 18.507618 12.462332 25.025219
v 18.482500 12.382217 25.122839
v 18.507618 12.302103 25.220459
v 18.579155 12.234184 25.303217
v 18.686214 12.188804 25.358513
v 18.812500 12.172867 25.377932
v 18.938786 12.188803 25.358515
v 19.045845 12.234184 25.303217
v 19.117382 12.302103 25.220459
v 19.142500 12.382217 25.122839
v 19.117382 12.462332 25.025219
v 19.045845 12.530250 24.942461
v 18.938786 12.575631 24.887163
vt 1.7513 0.4074
vt 1.7669 0.4074
vt 1.7659 0.4098
vt 1.7503 0.4098
vt 1.7640 0.4117
vt 1.7484 0.4117
vt 1.7616 0.4127
vt 1.7459 0.4127
vt 1.7589 0.4127
vt 1.7433 0.4127
vt 1.7565 0.4117
vt 1.7408 0.4117
vt 1.7546 0.4098
vt 1.7390 0.4098
vt 1.7536 0.4074
vt 1.7379 0.4074
vt 1.7536 0.4047
vt 1.7379 0.4047
vt 1.7546 0.4023
vt 1.7390 0.4023
vt 1.7565 0.4004
vt 1.7408 0.4004
vt 1.7589 0.3994
vt 1.7433 0.3994
vt 1.7616 0.3994
vt 1.7459 0.3994
vt 1.7640 0.4004
vt 1.7484 0.4004
vt 1.7659 0.4023
vt 1.7503 0.4023
vt 1.7669 0.4047
vt 1.7513 0.4047
vn -0.0073 0.5953 -0.8034
vn 0.0073 0.5960 -0.8029
vn -0.3781 0.5333 -0.7567
vn -0.3906 0.5296 -0.7530
vn -0.7054 0.3880 -0.5932
vn -0.7127 0.3832 -0.5875
vn -0.9234 0.1826 -0.3376
vn -0.9255 0.1793 -0.3335
vn -0.9983 -0.0507 -0.0301
vn -0.9983 -0.0508 -0.0300
vn -0.9191 -0.2757 0.2814
vn -0.9213 -0.2728 0.2772
vn -0.6994 -0.4579 0.5488
vn -0.7066 -0.4539 0.5428
vn -0.3738 -0.5699 0.7318
vn -0.3862 -0.5674 0.7273
vn 0.0072 -0.5953 0.8034
vn -0.0073 -0.5960 0.8029
vn 0.3862 -0.5312 0.7541
vn 0.3738 -0.5349 0.7577
vn 0.7066 -0.3876 0.5919
vn 0.6994 -0.3923 0.5975
vn 0.9213 -0.1861 0.3415
vn 0.9191 -0.1892 0.3455
vn 0.9983 0.0435 0.0399
vn 0.9983 0.0435 0.0398
vn 0.9255 0.2671 -0.2684
vn 0.9234 0.2701 -0.2727
vn 0.7127 0.4510 -0.5373
vn 0.7054 0.4550 -0.5434
vn 0.3906 0.5668 -0.7254
vn 0.3781 0.5693 -0.7300
usemtl None
s 1
f 1729/1729/1714 1745/1730/1715 1746/1731/1716 1730/1732/1717
f 1730/1732/1717 1746/1731/1716 1747/1733/1718 1731/1734/1719
f 1731/1734/1719 1747/1733/1718 1748/1735/1720 1732/1736/1721
f 1732/1736/1721 1748/1735/1720 1749/1737/1722 1733/1738/1723
f 1733/1738/1723 1749/1737/1722 1750/1739/1724 1734/1740/1725
f 1734/1740/1725 1750/1739/1724 1751/1741/1726 1735/1742/1727
f 1735/1742/1727 1751/1741/1726 1752/1743/1728 1736/1744/1729
f 1736/1744/1729 1752/1743/1728 1753/1745/1730 1737/1746/1731
f 1737/1746/1731 1753/1745/1730 1754/1747/1732 1738/1748/1733
f 1738/1748/1733 1754/1747/1732 1755/1749/1734 1739/1750/1735
f 1739/1750/1735 1755/1749/1734 1756/1751/1736 1740/1752/1737
f 1740/1752/1737 1756/1751/1736 1757/1753/1738 1741/1754/1739
f 1741/1754/1739 1757/1753/1738 1758/1755/1740 1742/1756/1741
f 1742/1756/1741 1758/1755/1740 1759/1757/1742 1743/1758/1743
f 1743/1758/1743 1759/1757/1742 1760/1759/1744 1744/1760/1745
f 1744/1760/1745 1760/1759/1744 1745/1730/1715 1729/1729/1714
o Circle.072
v 18.812500 12.591567 24.867746
v 18.686214 12.575629 24.887165
v 18.579155 12.530250 24.942461
v 18.507618 12.462332 25.025219
v 18.482500 12.382217 25.122839
v 18.507618 12.302103 25.220459
v 18.579155 12.234184 25.303217
v 18.686214 12.188804 25.358513
v 18.812500 12.172867 25.377932
v 18.938786 12.188803 25.358515
v 19.045845 12.234184 25.303217
v 19.117382 12.302103 25.220459
v 19.142500 12.382217 25.122839
v 19.117382 12.462332 25.025219
v 19.045845 12.530250 24.942461
v 18.938786 12.575631 24.887163
v 19.000000 10.252367 22.747616
v 18.873714 10.234604 22.765381
v 18.766655 10.184022 22.815962
v 18.695118 10.108320 22.891665
v 18.670000 10.019022 22.980963
v 18.695118 9.929726 23.070259
v 18.766655 9.854022 23.145962
v 18.873714 9.803440 23.196543
v 19.000000 9.785677 23.214306
v 19.126286 9.803439 23.196545
v 19.233345 9.854022 23.145962
v 19.304882 9.929726 23.070259
v 19.330000 10.019022 22.980963
v 19.304882 10.108320 22.891665
v 19.233345 10.184022 22.815962
v 19.126286 10.234605 22.765379
vt 1.7669 0.4074
vt 1.7825 0.4074
vt 1.7815 0.4098
vt 1.7659 0.4098
vt 1.7796 0.4117
vt 1.7640 0.4117
vt 1.7772 0.4127
vt 1.7616 0.4127
vt 1.7745 0.4127
vt 1.7589 0.4127
vt 1.7721 0.4117
vt 1.7565 0.4117
vt 1.7702 0.4098
vt 1.7546 0.4098
vt 1.7692 0.4074
vt 1.7536 0.4074
vt 1.7692 0.4047
vt 1.7536 0.4047
vt 1.7702 0.4023
vt 1.7546 0.4023
vt 1.7721 0.4004
vt 1.7565 0.4004
vt 1.7745 0.3994
vt 1.7589 0.3994
vt 1.7772 0.3994
vt 1.7616 0.3994
vt 1.7796 0.4004
vt 1.7640 0.4004
vt 1.7815 0.4023
vt 1.7659 0.4023
vt 1.7825 0.4047
vt 1.7669 0.4047
vn -0.0073 0.6712 -0.7412
vn 0.0073 0.6719 -0.7406
vn -0.3781 0.6049 -0.7008
vn -0.3906 0.6009 -0.6974
vn -0.7054 0.4442 -0.5523
vn -0.7127 0.4390 -0.5471
vn -0.9234 0.2148 -0.3181
vn -0.9255 0.2112 -0.3143
vn -0.9983 -0.0475 -0.0349
vn -0.9983 -0.0476 -0.0349
vn -0.9191 -0.3020 0.2530
vn -0.9213 -0.2986 0.2492
vn -0.6994 -0.5095 0.5013
vn -0.7066 -0.5049 0.4957
vn -0.3738 -0.6388 0.6724
vn -0.3862 -0.6359 0.6681
vn 0.0072 -0.6712 0.7412
vn -0.0073 -0.6719 0.7406
vn 0.3862 -0.6026 0.6984
vn 0.3738 -0.6066 0.7017
vn 0.7066 -0.4438 0.5511
vn 0.6994 -0.4489 0.5562
vn 0.9213 -0.2187 0.3216
vn 0.9191 -0.2222 0.3253
vn 0.9983 0.0394 0.0440
vn 0.9983 0.0394 0.0439
vn 0.9255 0.2921 -0.2410
vn 0.9234 0.2955 -0.2449
vn 0.7127 0.5015 -0.4905
vn 0.7054 0.5061 -0.4962
vn 0.3906 0.6352 -0.6663
vn 0.3781 0.6381 -0.6707
usemtl None
s 1
f 1761/1761/1746 1777/1762/1747 1778/1763/1748 1762/1764/1749
f 1762/1764/1749 1778/1763/1748 1779/1765/1750 1763/1766/1751
f 1763/1766/1751 1779/1765/1750 1780/1767/1752 1764/1768/1753
f 1764/1768/1753 1780/1767/1752 1781/1769/1754 1765/1770/1755
f 1765/1770/1755 1781/1769/1754 1782/1771/1756 1766/1772/1757
f 1766/1772/1757 1782/1771/1756 1783/1773/1758 1767/1774/1759
f 1767/1774/1759 1783/1773/1758 1784/1775/1760 1768/1776/1761
f 1768/1776/1761 1784/1775/1760 1785/1777/1762 1769/1778/1763
f 1769/1778/1763 1785/1777/1762 1786/1779/1764 1770/1780/1765
f 1770/1780/1765 1786/1779/1764 1787/1781/1766 1771/1782/1767
f 1771/1782/1767 1787/1781/1766 1788/1783/1768 1772/1784/1769
f 1772/1784/1769 1788/1783/1768 1789/1785/1770 1773/1786/1771
f 1773/1786/1771 1789/1785/1770 1790/1787/1772 1774/1788/1773
f 1774/1788/1773 1790/1787/1772 1791/1789/1774 1775/1790/1775
f 1775/1790/1775 1791/1789/1774 1792/1791/1776 1776/1792/1777
f 1776/1792/1777 1792/1791/1776 1777/1762/1747 1761/1761/1746
o Circle.071
v 19.000000 10.252367 22.747616
v 18.873714 10.234604 22.765381
v 18.766655 10.184022 22.815962
v 18.695118 10.108320 22.891665
v 18.670000 10.019022 22.980963
v 18.695118 9.929726 23.070259
v 18.766655 9.854022 23.145962
v 18.873714 9.803440 23.196543
v 19.000000 9.785677 23.214306
v 19.126286 9.803439 23.196545
v 19.233345 9.854022 23.145962
v 19.304882 9.929726 23.070259
v 19.330000 10.019022 22.980963
v 19.304882 10.108320 22.891665
v 19.233345 10.184022 22.815962
v 19.126286 10.234605 22.765379
v 19.187500 8.132251 20.408428
v 19.061214 8.112831 20.424364
v 18.954155 8.057535 20.469746
v 18.882618 7.974777 20.537663
v 18.857500 7.877157 20.617777
v 18.882618 7.779537 20.697891
v 18.954155 7.696779 20.765810
v 19.061214 7.641483 20.811190
v 19.187500 7.622064 20.827127
v 19.313786 7.641480 20.811192
v 19.420845 7.696779 20.765810
v 19.492382 7.779537 20.697891
v 19.517500 7.877157 20.617777
v 19.492382 7.974777 20.537663
v 19.420845 8.057535 20.469746
v 19.313786 8.112833 20.424364
vt 1.7825 0.4074
vt 1.7981 0.4074
vt 1.7971 0.4098
vt 1.7815 0.4098
vt 1.7953 0.4117
vt 1.7796 0.4117
vt 1.7928 0.4127
vt 1.7772 0.4127
vt 1.7902 0.4127
vt 1.7745 0.4127
vt 1.7877 0.4117
vt 1.7721 0.4117
vt 1.7858 0.4098
vt 1.7702 0.4098
vt 1.7848 0.4074
vt 1.7692 0.4074
vt 1.7848 0.4047
vt 1.7692 0.4047
vt 1.7858 0.4023
vt 1.7702 0.4023
vt 1.7877 0.4004
vt 1.7721 0.4004
vt 1.7902 0.3994
vt 1.7745 0.3994
vt 1.7928 0.3994
vt 1.7772 0.3994
vt 1.7953 0.4004
vt 1.7796 0.4004
vt 1.7971 0.4023
vt 1.7815 0.4023
vt 1.7981 0.4047
vt 1.7825 0.4047
vn -0.0073 0.7406 -0.6719
vn 0.0073 0.7412 -0.6712
vn -0.3781 0.6707 -0.6381
vn -0.3906 0.6663 -0.6352
vn -0.7054 0.4962 -0.5061
vn -0.7127 0.4905 -0.5015
vn -0.9234 0.2449 -0.2955
vn -0.9255 0.2410 -0.2921
vn -0.9983 -0.0439 -0.0394
vn -0.9983 -0.0440 -0.0394
vn -0.9191 -0.3253 0.2222
vn -0.9213 -0.3216 0.2187
vn -0.6994 -0.5562 0.4490
vn -0.7066 -0.5511 0.4438
vn -0.3738 -0.7017 0.6065
vn -0.3862 -0.6984 0.6026
vn 0.0072 -0.7407 0.6719
vn -0.0073 -0.7412 0.6712
vn 0.3862 -0.6681 0.6359
vn 0.3738 -0.6724 0.6388
vn 0.7066 -0.4957 0.5049
vn 0.6994 -0.5013 0.5095
vn 0.9213 -0.2492 0.2987
vn 0.9191 -0.2530 0.3020
vn 0.9983 0.0349 0.0476
vn 0.9983 0.0349 0.0475
vn 0.9255 0.3143 -0.2112
vn 0.9234 0.3181 -0.2148
vn 0.7127 0.5471 -0.4390
vn 0.7054 0.5523 -0.4442
vn 0.3906 0.6974 -0.6009
vn 0.3781 0.7008 -0.6049
usemtl None
s 1
f 1793/1793/1778 1809/1794/1779 1810/1795/1780 1794/1796/1781
f 1794/1796/1781 1810/1795/1780 1811/1797/1782 1795/1798/1783
f 1795/1798/1783 1811/1797/1782 1812/1799/1784 1796/1800/1785
f 1796/1800/1785 1812/1799/1784 1813/1801/1786 1797/1802/1787
f 1797/1802/1787 1813/1801/1786 1814/1803/1788 1798/1804/1789
f 1798/1804/1789 1814/1803/1788 1815/1805/1790 1799/1806/1791
f 1799/1806/1791 1815/1805/1790 1816/1807/1792 1800/1808/1793
f 1800/1808/1793 1816/1807/1792 1817/1809/1794 1801/1810/1795
f 1801/1810/1795 1817/1809/1794 1818/1811/1796 1802/1812/1797
f 1802/1812/1797 1818/1811/1796 1819/1813/1798 1803/1814/1799
f 1803/1814/1799 1819/1813/1798 1820/1815/1800 1804/1816/1801
f 1804/1816/1801 1820/1815/1800 1821/1817/1802 1805/1818/1803
f 1805/1818/1803 1821/1817/1802 1822/1819/1804 1806/1820/1805
f 1806/1820/1805 1822/1819/1804 1823/1821/1806 1807/1822/1807
f 1807/1822/1807 1823/1821/1806 1824/1823/1808 1808/1824/1809
f 1808/1824/1809 1824/1823/1808 1809/1794/1779 1793/1793/1778
o Circle.070
v 19.187500 8.132251 20.408428
v 19.061214 8.112831 20.424364
v 18.954155 8.057535 20.469746
v 18.882618 7.974777 20.537663
v 18.857500 7.877157 20.617777
v 18.882618 7.779537 20.697891
v 18.954155 7.696779 20.765810
v 19.061214 7.641483 20.811190
v 19.187500 7.622064 20.827127
v 19.313786 7.641480 20.811192
v 19.420845 7.696779 20.765810
v 19.492382 7.779537 20.697891
v 19.517500 7.877157 20.617777
v 19.492382 7.974777 20.537663
v 19.420845 8.057535 20.469746
v 19.313786 8.112833 20.424364
v 19.375000 6.251623 17.872696
v 19.248714 6.230735 17.886654
v 19.141655 6.171258 17.926395
v 19.070118 6.082241 17.985874
v 19.045000 5.977238 18.056034
v 19.070118 5.872236 18.126194
v 19.141655 5.783219 18.185675
v 19.248714 5.723741 18.225416
v 19.375000 5.702853 18.239372
v 19.501286 5.723740 18.225418
v 19.608345 5.783219 18.185675
v 19.679882 5.872236 18.126194
v 19.705000 5.977238 18.056034
v 19.679882 6.082241 17.985874
v 19.608345 6.171258 17.926395
v 19.501286 6.230738 17.886652
vt 1.7981 0.4074
vt 1.8138 0.4074
vt 1.8128 0.4098
vt 1.7971 0.4098
vt 1.8109 0.4117
vt 1.7953 0.4117
vt 1.8084 0.4127
vt 1.7928 0.4127
vt 1.8058 0.4127
vt 1.7902 0.4127
vt 1.8033 0.4117
vt 1.7877 0.4117
vt 1.8015 0.4098
vt 1.7858 0.4098
vt 1.8004 0.4074
vt 1.7848 0.4074
vt 1.8004 0.4047
vt 1.7848 0.4047
vt 1.8015 0.4023
vt 1.7858 0.4023
vt 1.8033 0.4004
vt 1.7877 0.4004
vt 1.8058 0.3994
vt 1.7902 0.3994
vt 1.8084 0.3994
vt 1.7928 0.3994
vt 1.8109 0.4004
vt 1.7953 0.4004
vt 1.8128 0.4023
vt 1.7971 0.4023
vt 1.8138 0.4047
vt 1.7981 0.4047
vn -0.0073 0.8029 -0.5960
vn 0.0073 0.8034 -0.5953
vn -0.3781 0.7300 -0.5693
vn -0.3906 0.7254 -0.5668
vn -0.7054 0.5435 -0.4550
vn -0.7127 0.5373 -0.4510
vn -0.9234 0.2727 -0.2701
vn -0.9255 0.2684 -0.2671
vn -0.9983 -0.0398 -0.0435
vn -0.9983 -0.0399 -0.0435
vn -0.9191 -0.3455 0.1892
vn -0.9213 -0.3415 0.1861
vn -0.6994 -0.5975 0.3923
vn -0.7066 -0.5920 0.3876
vn -0.3738 -0.7577 0.5349
vn -0.3862 -0.7541 0.5312
vn 0.0072 -0.8029 0.5960
vn -0.0073 -0.8034 0.5953
vn 0.3862 -0.7273 0.5674
vn 0.3738 -0.7318 0.5699
vn 0.7066 -0.5428 0.4539
vn 0.6994 -0.5488 0.4579
vn 0.9213 -0.2772 0.2728
vn 0.9191 -0.2814 0.2757
vn 0.9983 0.0300 0.0508
vn 0.9983 0.0301 0.0507
vn 0.9255 0.3335 -0.1793
vn 0.9234 0.3376 -0.1826
vn 0.7127 0.5875 -0.3832
vn 0.7054 0.5932 -0.3880
vn 0.3906 0.7530 -0.5296
vn 0.3781 0.7567 -0.5333
usemtl None
s 1
f 1825/1825/1810 1841/1826/1811 1842/1827/1812 1826/1828/1813
f 1826/1828/1813 1842/1827/1812 1843/1829/1814 1827/1830/1815
f 1827/1830/1815 1843/1829/1814 1844/1831/1816 1828/1832/1817
f 1828/1832/1817 1844/1831/1816 1845/1833/1818 1829/1834/1819
f 1829/1834/1819 1845/1833/1818 1846/1835/1820 1830/1836/1821
f 1830/1836/1821 1846/1835/1820 1847/1837/1822 1831/1838/1823
f 1831/1838/1823 1847/1837/1822 1848/1839/1824 1832/1840/1825
f 1832/1840/1825 1848/1839/1824 1849/1841/1826 1833/1842/1827
f 1833/1842/1827 1849/1841/1826 1850/1843/1828 1834/1844/1829
f 1834/1844/1829 1850/1843/1828 1851/1845/1830 1835/1846/1831
f 1835/1846/1831 1851/1845/1830 1852/1847/1832 1836/1848/1833
f 1836/1848/1833 1852/1847/1832 1853/1849/1834 1837/1850/1835
f 1837/1850/1835 1853/1849/1834 1854/1851/1836 1838/1852/1837
f 1838/1852/1837 1854/1851/1836 1855/1853/1838 1839/1854/1839
f 1839/1854/1839 1855/1853/1838 1856/1855/1840 1840/1856/1841
f 1840/1856/1841 1856/1855/1840 1841/1826/1811 1825/1825/1810
o Circle.069
v 19.375000 6.251623 17.872696
v 19.248714 6.230735 17.886654
v 19.141655 6.171258 17.926395
v 19.070118 6.082241 17.985874
v 19.045000 5.977238 18.056034
v 19.070118 5.872236 18.126194
v 19.141655 5.783219 18.185675
v 19.248714 5.723741 18.225416
v 19.375000 5.702853 18.239372
v 19.501286 5.723740 18.225418
v 19.608345 5.783219 18.185675
v 19.679882 5.872236 18.126194
v 19.705000 5.977238 18.056034
v 19.679882 6.082241 17.985874
v 19.608345 6.171258 17.926395
v 19.501286 6.230738 17.886652
v 19.562500 4.628590 15.164826
v 19.436214 4.606434 15.176669
v 19.329155 4.543348 15.210389
v 19.257618 4.448929 15.260857
v 19.232500 4.337556 15.320388
v 19.257618 4.226182 15.379918
v 19.329155 4.131763 15.430386
v 19.436214 4.068677 15.464107
v 19.562500 4.046522 15.475948
v 19.688786 4.068675 15.464108
v 19.795845 4.131763 15.430386
v 19.867382 4.226182 15.379918
v 19.892500 4.337556 15.320388
v 19.867382 4.448929 15.260857
v 19.795845 4.543348 15.210389
v 19.688786 4.606437 15.176667
vt 1.8138 0.4074
vt 1.8294 0.4074
vt 1.8284 0.4098
vt 1.8128 0.4098
vt 1.8265 0.4117
vt 1.8109 0.4117
vt 1.8241 0.4127
vt 1.8084 0.4127
vt 1.8214 0.4127
vt 1.8058 0.4127
vt 1.8190 0.4117
vt 1.8033 0.4117
vt 1.8171 0.4098
vt 1.8015 0.4098
vt 1.8161 0.4074
vt 1.8004 0.4074
vt 1.8161 0.4047
vt 1.8004 0.4047
vt 1.8171 0.4023
vt 1.8015 0.4023
vt 1.8190 0.4004
vt 1.8033 0.4004
vt 1.8214 0.3994
vt 1.8058 0.3994
vt 1.8241 0.3994
vt 1.8084 0.3994
vt 1.8265 0.4004
vt 1.8109 0.4004
vt 1.8284 0.4023
vt 1.8128 0.4023
vt 1.8294 0.4047
vt 1.8138 0.4047
vn -0.0073 0.8575 -0.5145
vn 0.0073 0.8579 -0.5137
vn -0.3781 0.7823 -0.4950
vn -0.3906 0.7774 -0.4930
vn -0.7054 0.5854 -0.3996
vn -0.7127 0.5789 -0.3961
vn -0.9234 0.2979 -0.2421
vn -0.9255 0.2933 -0.2395
vn -0.9983 -0.0353 -0.0472
vn -0.9983 -0.0354 -0.0472
vn -0.9191 -0.3624 0.1544
vn -0.9213 -0.3581 0.1517
vn -0.6994 -0.6331 0.3318
vn -0.7066 -0.6271 0.3277
vn -0.3738 -0.8065 0.4580
vn -0.3862 -0.8025 0.4548
vn 0.0072 -0.8575 0.5144
vn -0.0073 -0.8579 0.5137
vn 0.3862 -0.7794 0.4934
vn 0.3738 -0.7841 0.4954
vn 0.7066 -0.5847 0.3985
vn 0.6994 -0.5911 0.4019
vn 0.9213 -0.3026 0.2443
vn 0.9191 -0.3071 0.2468
vn 0.9983 0.0249 0.0535
vn 0.9983 0.0250 0.0534
vn 0.9255 0.3495 -0.1458
vn 0.9234 0.3539 -0.1486
vn 0.7127 0.6222 -0.3238
vn 0.7054 0.6284 -0.3279
vn 0.3906 0.8013 -0.4533
vn 0.3781 0.8054 -0.4566
usemtl None
s 1
f 1857/1857/1842 1873/1858/1843 1874/1859/1844 1858/1860/1845
f 1858/1860/1845 1874/1859/1844 1875/1861/1846 1859/1862/1847
f 1859/1862/1847 1875/1861/1846 1876/1863/1848 1860/1864/1849
f 1860/1864/1849 1876/1863/1848 1877/1865/1850 1861/1866/1851
f 1861/1866/1851 1877/1865/1850 1878/1867/1852 1862/1868/1853
f 1862/1868/1853 1878/1867/1852 1879/1869/1854 1863/1870/1855
f 1863/1870/1855 1879/1869/1854 1880/1871/1856 1864/1872/1857
f 1864/1872/1857 1880/1871/1856 1881/1873/1858 1865/1874/1859
f 1865/1874/1859 1881/1873/1858 1882/1875/1860 1866/1876/1861
f 1866/1876/1861 1882/1875/1860 1883/1877/1862 1867/1878/1863
f 1867/1878/1863 1883/1877/1862 1884/1879/1864 1868/1880/1865
f 1868/1880/1865 1884/1879/1864 1885/1881/1866 1869/1882/1867
f 1869/1882/1867 1885/1881/1866 1886/1883/1868 1870/1884/1869
f 1870/1884/1869 1886/1883/1868 1887/1885/1870 1871/1886/1871
f 1871/1886/1871 1887/1885/1870 1888/1887/1872 1872/1888/1873
f 1872/1888/1873 1888/1887/1872 1873/1858/1843 1857/1857/1842
o Circle.068
v 19.562500 4.628590 15.164826
v 19.436214 4.606434 15.176669
v 19.329155 4.543348 15.210389
v 19.257618 4.448929 15.260857
v 19.232500 4.337556 15.320388
v 19.257618 4.226182 15.379918
v 19.329155 4.131763 15.430386
v 19.436214 4.068677 15.464107
v 19.562500 4.046522 15.475948
v 19.688786 4.068675 15.464108
v 19.795845 4.131763 15.430386
v 19.867382 4.226182 15.379918
v 19.892500 4.337556 15.320388
v 19.867382 4.448929 15.260857
v 19.795845 4.543348 15.210389
v 19.688786 4.606437 15.176667
v 19.750000 3.278795 12.310925
v 19.623714 3.255585 12.320539
v 19.516655 3.189498 12.347914
v 19.445118 3.090586 12.388884
v 19.420000 2.973915 12.437211
v 19.445118 2.857242 12.485538
v 19.516655 2.758332 12.526509
v 19.623714 2.692243 12.553884
v 19.750000 2.669034 12.563497
v 19.876286 2.692241 12.553885
v 19.983345 2.758332 12.526509
v 20.054882 2.857242 12.485538
v 20.080000 2.973915 12.437211
v 20.054882 3.090586 12.388884
v 19.983345 3.189498 12.347914
v 19.876286 3.255588 12.320539
vt 1.8294 0.4074
vt 1.8450 0.4074
vt 1.8440 0.4098
vt 1.8284 0.4098
vt 1.8421 0.4117
vt 1.8265 0.4117
vt 1.8397 0.4127
vt 1.8241 0.4127
vt 1.8370 0.4127
vt 1.8214 0.4127
vt 1.8346 0.4117
vt 1.8190 0.4117
vt 1.8327 0.4098
vt 1.8171 0.4098
vt 1.8317 0.4074
vt 1.8161 0.4074
vt 1.8317 0.4047
vt 1.8161 0.4047
vt 1.8327 0.4023
vt 1.8171 0.4023
vt 1.8346 0.4004
vt 1.8190 0.4004
vt 1.8370 0.3994
vt 1.8214 0.3994
vt 1.8397 0.3994
vt 1.8241 0.3994
vt 1.8421 0.4004
vt 1.8265 0.4004
vt 1.8440 0.4023
vt 1.8284 0.4023
vt 1.8450 0.4047
vt 1.8294 0.4047
vn -0.0073 0.9038 -0.4279
vn 0.0073 0.9042 -0.4272
vn -0.3781 0.8271 -0.4160
vn -0.3906 0.8220 -0.4144
vn -0.7054 0.6218 -0.3403
vn -0.7127 0.6149 -0.3375
vn -0.9234 0.3202 -0.2117
vn -0.9255 0.3154 -0.2096
vn -0.9983 -0.0305 -0.0505
vn -0.9983 -0.0306 -0.0504
vn -0.9191 -0.3758 0.1182
vn -0.9213 -0.3713 0.1159
vn -0.6994 -0.6625 0.2682
vn -0.7066 -0.6562 0.2647
vn -0.3738 -0.8475 0.3767
vn -0.3862 -0.8432 0.3739
vn 0.0072 -0.9038 0.4279
vn -0.0073 -0.9041 0.4272
vn 0.3862 -0.8240 0.4146
vn 0.3738 -0.8289 0.4161
vn 0.7066 -0.6209 0.3393
vn 0.6994 -0.6276 0.3420
vn 0.9213 -0.3251 0.2135
vn 0.9191 -0.3298 0.2155
vn 0.9983 0.0196 0.0557
vn 0.9983 0.0196 0.0556
vn 0.9255 0.3621 -0.1108
vn 0.9234 0.3668 -0.1132
vn 0.7127 0.6510 -0.2612
vn 0.7054 0.6575 -0.2648
vn 0.3906 0.8418 -0.3725
vn 0.3781 0.8462 -0.3754
usemtl None
s 1
f 1889/1889/1874 1905/1890/1875 1906/1891/1876 1890/1892/1877
f 1890/1892/1877 1906/1891/1876 1907/1893/1878 1891/1894/1879
f 1891/1894/1879 1907/1893/1878 1908/1895/1880 1892/1896/1881
f 1892/1896/1881 1908/1895/1880 1909/1897/1882 1893/1898/1883
f 1893/1898/1883 1909/1897/1882 1910/1899/1884 1894/1900/1885
f 1894/1900/1885 1910/1899/1884 1911/1901/1886 1895/1902/1887
f 1895/1902/1887 1911/1901/1886 1912/1903/1888 1896/1904/1889
f 1896/1904/1889 1912/1903/1888 1913/1905/1890 1897/1906/1891
f 1897/1906/1891 1913/1905/1890 1914/1907/1892 1898/1908/1893
f 1898/1908/1893 1914/1907/1892 1915/1909/1894 1899/1910/1895
f 1899/1910/1895 1915/1909/1894 1916/1911/1896 1900/1912/1897
f 1900/1912/1897 1916/1911/1896 1917/1913/1898 1901/1914/1899
f 1901/1914/1899 1917/1913/1898 1918/1915/1900 1902/1916/1901
f 1902/1916/1901 1918/1915/1900 1919/1917/1902 1903/1918/1903
f 1903/1918/1903 1919/1917/1902 1920/1919/1904 1904/1920/1905
f 1904/1920/1905 1920/1919/1904 1905/1890/1875 1889/1889/1874
o Circle.067
v 19.750000 3.278795 12.310925
v 19.623714 3.255585 12.320539
v 19.516655 3.189498 12.347914
v 19.445118 3.090586 12.388884
v 19.420000 2.973915 12.437211
v 19.445118 2.857242 12.485538
v 19.516655 2.758332 12.526509
v 19.623714 2.692243 12.553884
v 19.750000 2.669034 12.563497
v 19.876286 2.692241 12.553885
v 19.983345 2.758332 12.526509
v 20.054882 2.857242 12.485538
v 20.080000 2.973915 12.437211
v 20.054882 3.090586 12.388884
v 19.983345 3.189498 12.347914
v 19.876286 3.255588 12.320539
v 19.937500 2.215227 9.338449
v 19.811214 2.191186 9.345741
v 19.704155 2.122734 9.366506
v 19.632618 2.020284 9.397584
v 19.607500 1.899437 9.434243
v 19.632618 1.778588 9.470901
v 19.704155 1.676139 9.501979
v 19.811214 1.607686 9.522744
v 19.937500 1.583647 9.530036
v 20.063786 1.607683 9.522745
v 20.170845 1.676139 9.501979
v 20.242382 1.778588 9.470901
v 20.267500 1.899437 9.434243
v 20.242382 2.020284 9.397584
v 20.170845 2.122734 9.366506
v 20.063786 2.191189 9.345740
vt 1.8450 0.4074
vt 1.8606 0.4074
vt 1.8596 0.4098
vt 1.8440 0.4098
vt 1.8578 0.4117
vt 1.8421 0.4117
vt 1.8553 0.4127
vt 1.8397 0.4127
vt 1.8527 0.4127
vt 1.8370 0.4127
vt 1.8502 0.4117
vt 1.8346 0.4117
vt 1.8483 0.4098
vt 1.8327 0.4098
vt 1.8473 0.4074
vt 1.8317 0.4074
vt 1.8473 0.4047
vt 1.8317 0.4047
vt 1.8483 0.4023
vt 1.8327 0.4023
vt 1.8502 0.4004
vt 1.8346 0.4004
vt 1.8527 0.3994
vt 1.8370 0.3994
vt 1.8553 0.3994
vt 1.8397 0.3994
vt 1.8578 0.4004
vt 1.8421 0.4004
vt 1.8596 0.4023
vt 1.8440 0.4023
vt 1.8606 0.4047
vt 1.8450 0.4047
vn -0.0073 0.9414 -0.3373
vn 0.0073 0.9417 -0.3365
vn -0.3781 0.8638 -0.3329
vn -0.3906 0.8587 -0.3318
vn -0.7054 0.6521 -0.2777
vn -0.7127 0.6450 -0.2756
vn -0.9234 0.3394 -0.1793
vn -0.9255 0.3344 -0.1776
vn -0.9983 -0.0255 -0.0532
vn -0.9191 -0.3856 0.0808
vn -0.9213 -0.3808 0.0790
vn -0.6994 -0.6856 0.2019
vn -0.7066 -0.6790 0.1991
vn -0.3738 -0.8804 0.2919
vn -0.3862 -0.8758 0.2895
vn 0.0072 -0.9414 0.3373
vn -0.0073 -0.9417 0.3365
vn 0.3862 -0.8606 0.3319
vn 0.3738 -0.8657 0.3329
vn 0.7066 -0.6512 0.2768
vn 0.6994 -0.6581 0.2789
vn 0.9213 -0.3445 0.1806
vn 0.9191 -0.3493 0.1822
vn 0.9983 0.0140 0.0573
vn 0.9983 0.0141 0.0573
vn 0.9255 0.3712 -0.0748
vn 0.9234 0.3761 -0.0767
vn 0.7127 0.6735 -0.1962
vn 0.7054 0.6803 -0.1991
vn 0.3906 0.8743 -0.2882
vn 0.3781 0.8790 -0.2907
usemtl None
s 1
f 1921/1921/1906 1937/1922/1907 1938/1923/1908 1922/1924/1909
f 1922/1924/1909 1938/1923/1908 1939/1925/1910 1923/1926/1911
f 1923/1926/1911 1939/1925/1910 1940/1927/1912 1924/1928/1913
f 1924/1928/1913 1940/1927/1912 1941/1929/1914 1925/1930/1914
f 1925/1930/1914 1941/1929/1914 1942/1931/1915 1926/1932/1916
f 1926/1932/1916 1942/1931/1915 1943/1933/1917 1927/1934/1918
f 1927/1934/1918 1943/1933/1917 1944/1935/1919 1928/1936/1920
f 1928/1936/1920 1944/1935/1919 1945/1937/1921 1929/1938/1922
f 1929/1938/1922 1945/1937/1921 1946/1939/1923 1930/1940/1924
f 1930/1940/1924 1946/1939/1923 1947/1941/1925 1931/1942/1926
f 1931/1942/1926 1947/1941/1925 1948/1943/1927 1932/1944/1928
f 1932/1944/1928 1948/1943/1927 1949/1945/1929 1933/1946/1930
f 1933/1946/1930 1949/1945/1929 1950/1947/1931 1934/1948/1932
f 1934/1948/1932 1950/1947/1931 1951/1949/1933 1935/1950/1934
f 1935/1950/1934 1951/1949/1933 1952/1951/1935 1936/1952/1936
f 1936/1952/1936 1952/1951/1935 1937/1922/1907 1921/1921/1906
o Circle.066
v 19.937500 2.215227 9.338449
v 19.811214 2.191186 9.345741
v 19.704155 2.122734 9.366506
v 19.632618 2.020284 9.397584
v 19.607500 1.899437 9.434243
v 19.632618 1.778588 9.470901
v 19.704155 1.676139 9.501979
v 19.811214 1.607686 9.522744
v 19.937500 1.583647 9.530036
v 20.063786 1.607683 9.522745
v 20.170845 1.676139 9.501979
v 20.242382 1.778588 9.470901
v 20.267500 1.899437 9.434243
v 20.242382 2.020284 9.397584
v 20.170845 2.122734 9.366506
v 20.063786 2.191189 9.345740
v 20.125000 1.448137 6.276053
v 19.998714 1.423497 6.280954
v 19.891655 1.353339 6.294909
v 19.820118 1.248336 6.315796
v 19.795000 1.124478 6.340433
v 19.820118 1.000619 6.365069
v 19.891655 0.895616 6.385956
v 19.998714 0.825458 6.399911
v 20.125000 0.800820 6.404812
v 20.251286 0.825455 6.399912
v 20.358345 0.895616 6.385956
v 20.429882 1.000619 6.365069
v 20.455000 1.124478 6.340433
v 20.429882 1.248336 6.315796
v 20.358345 1.353339 6.294909
v 20.251286 1.423500 6.280953
vt 1.8606 0.4074
vt 1.8763 0.4074
vt 1.8753 0.4098
vt 1.8596 0.4098
vt 1.8734 0.4117
vt 1.8578 0.4117
vt 1.8709 0.4127
vt 1.8553 0.4127
vt 1.8683 0.4127
vt 1.8527 0.4127
vt 1.8658 0.4117
vt 1.8502 0.4117
vt 1.8640 0.4098
vt 1.8483 0.4098
vt 1.8629 0.4074
vt 1.8473 0.4074
vt 1.8629 0.4047
vt 1.8473 0.4047
vt 1.8640 0.4023
vt 1.8483 0.4023
vt 1.8658 0.4004
vt 1.8502 0.4004
vt 1.8683 0.3994
vt 1.8527 0.3994
vt 1.8709 0.3994
vt 1.8553 0.3994
vt 1.8734 0.4004
vt 1.8578 0.4004
vt 1.8753 0.4023
vt 1.8596 0.4023
vt 1.8763 0.4047
vt 1.8606 0.4047
vn -0.0073 0.9699 -0.2434
vn 0.0073 0.9701 -0.2426
vn -0.3781 0.8923 -0.2466
vn -0.3906 0.8871 -0.2461
vn -0.7054 0.6762 -0.2124
vn -0.7127 0.6689 -0.2110
vn -0.9234 0.3553 -0.1452
vn -0.9255 0.3502 -0.1440
vn -0.9983 -0.0201 -0.0555
vn -0.9983 -0.0202 -0.0554
vn -0.9191 -0.3916 0.0426
vn -0.9213 -0.3868 0.0412
vn -0.6994 -0.7021 0.1338
vn -0.7066 -0.6952 0.1316
vn -0.3738 -0.9047 0.2042
vn -0.3862 -0.9000 0.2022
vn 0.0072 -0.9699 0.2434
vn -0.0073 -0.9701 0.2426
vn 0.3862 -0.8890 0.2459
vn 0.3738 -0.8942 0.2464
vn 0.7066 -0.6752 0.2117
vn 0.6994 -0.6823 0.2130
vn 0.9213 -0.3605 0.1459
vn 0.9191 -0.3655 0.1470
vn 0.9983 0.0083 0.0584
vn 0.9983 0.0084 0.0584
vn 0.9255 0.3767 -0.0381
vn 0.9234 0.3818 -0.0395
vn 0.7127 0.6894 -0.1292
vn 0.7054 0.6965 -0.1314
vn 0.3906 0.8983 -0.2011
vn 0.3781 0.9032 -0.2031
usemtl None
s 1
f 1953/1953/1937 1969/1954/1938 1970/1955/1939 1954/1956/1940
f 1954/1956/1940 1970/1955/1939 1971/1957/1941 1955/1958/1942
f 1955/1958/1942 1971/1957/1941 1972/1959/1943 1956/1960/1944
f 1956/1960/1944 1972/1959/1943 1973/1961/1945 1957/1962/1946
f 1957/1962/1946 1973/1961/1945 1974/1963/1947 1958/1964/1948
f 1958/1964/1948 1974/1963/1947 1975/1965/1949 1959/1966/1950
f 1959/1966/1950 1975/1965/1949 1976/1967/1951 1960/1968/1952
f 1960/1968/1952 1976/1967/1951 1977/1969/1953 1961/1970/1954
f 1961/1970/1954 1977/1969/1953 1978/1971/1955 1962/1972/1956
f 1962/1972/1956 1978/1971/1955 1979/1973/1957 1963/1974/1958
f 1963/1974/1958 1979/1973/1957 1980/1975/1959 1964/1976/1960
f 1964/1976/1960 1980/1975/1959 1981/1977/1961 1965/1978/1962
f 1965/1978/1962 1981/1977/1961 1982/1979/1963 1966/1980/1964
f 1966/1980/1964 1982/1979/1963 1983/1981/1965 1967/1982/1966
f 1967/1982/1966 1983/1981/1965 1984/1983/1967 1968/1984/1968
f 1968/1984/1968 1984/1983/1967 1969/1954/1938 1953/1953/1937
o Circle.065
v 20.125000 1.448137 6.276053
v 19.998714 1.423497 6.280954
v 19.891655 1.353339 6.294909
v 19.820118 1.248336 6.315796
v 19.795000 1.124478 6.340433
v 19.820118 1.000619 6.365069
v 19.891655 0.895616 6.385956
v 19.998714 0.825458 6.399911
v 20.125000 0.800820 6.404812
v 20.251286 0.825455 6.399912
v 20.358345 0.895616 6.385956
v 20.429882 1.000619 6.365069
v 20.455000 1.124478 6.340433
v 20.429882 1.248336 6.315796
v 20.358345 1.353339 6.294909
v 20.251286 1.423500 6.280953
v 20.312500 0.984906 3.153199
v 20.186214 0.959905 3.155662
v 20.079155 0.888717 3.162673
v 20.007618 0.782173 3.173167
v 19.982500 0.656494 3.185545
v 20.007618 0.530818 3.197923
v 20.079155 0.424272 3.208417
v 20.186214 0.353084 3.215428
v 20.312500 0.328083 3.217891
v 20.438786 0.353081 3.215429
v 20.545845 0.424272 3.208417
v 20.617382 0.530818 3.197923
v 20.642500 0.656494 3.185545
v 20.617382 0.782173 3.173167
v 20.545845 0.888717 3.162673
v 20.438786 0.959907 3.155662
vt 1.8763 0.4074
vt 1.8919 0.4074
vt 1.8909 0.4098
vt 1.8753 0.4098
vt 1.8890 0.4117
vt 1.8734 0.4117
vt 1.8866 0.4127
vt 1.8709 0.4127
vt 1.8839 0.4127
vt 1.8683 0.4127
vt 1.8815 0.4117
vt 1.8658 0.4117
vt 1.8796 0.4098
vt 1.8640 0.4098
vt 1.8786 0.4074
vt 1.8629 0.4074
vt 1.8786 0.4047
vt 1.8629 0.4047
vt 1.8796 0.4023
vt 1.8640 0.4023
vt 1.8815 0.4004
vt 1.8658 0.4004
vt 1.8839 0.3994
vt 1.8683 0.3994
vt 1.8866 0.3994
vt 1.8709 0.3994
vt 1.8890 0.4004
vt 1.8734 0.4004
vt 1.8909 0.4023
vt 1.8753 0.4023
vt 1.8919 0.4047
vt 1.8763 0.4047
vn -0.0073 0.9891 -0.1472
vn 0.0073 0.9892 -0.1463
vn -0.3781 0.9122 -0.1580
vn -0.3906 0.9069 -0.1579
vn -0.7054 0.6938 -0.1451
vn -0.7127 0.6864 -0.1445
vn -0.9234 0.3678 -0.1096
vn -0.9255 0.3626 -0.1090
vn -0.9983 -0.0146 -0.0572
vn -0.9983 -0.0147 -0.0571
vn -0.9191 -0.3939 0.0040
vn -0.9213 -0.3889 0.0031
vn -0.6994 -0.7119 0.0643
vn -0.7066 -0.7048 0.0628
vn -0.3738 -0.9204 0.1145
vn -0.3862 -0.9155 0.1130
vn 0.0072 -0.9891 0.1471
vn -0.0073 -0.9892 0.1463
vn 0.3862 -0.9088 0.1576
vn 0.3738 -0.9140 0.1576
vn 0.7066 -0.6927 0.1445
vn 0.6994 -0.6999 0.1451
vn 0.9213 -0.3731 0.1099
vn 0.9191 -0.3781 0.1105
vn 0.9983 0.0026 0.0589
vn 0.9983 0.0027 0.0589
vn 0.9255 0.3786 -0.0010
vn 0.9234 0.3838 -0.0019
vn 0.7127 0.6988 -0.0610
vn 0.7054 0.7060 -0.0625
vn 0.3906 0.9137 -0.1121
vn 0.3781 0.9188 -0.1136
usemtl None
s 1
f 1985/1985/1969 2001/1986/1970 2002/1987/1971 1986/1988/1972
f 1986/1988/1972 2002/1987/1971 2003/1989/1973 1987/1990/1974
f 1987/1990/1974 2003/1989/1973 2004/1991/1975 1988/1992/1976
f 1988/1992/1976 2004/1991/1975 2005/1993/1977 1989/1994/1978
f 1989/1994/1978 2005/1993/1977 2006/1995/1979 1990/1996/1980
f 1990/1996/1980 2006/1995/1979 2007/1997/1981 1991/1998/1982
f 1991/1998/1982 2007/1997/1981 2008/1999/1983 1992/2000/1984
f 1992/2000/1984 2008/1999/1983 2009/2001/1985 1993/2002/1986
f 1993/2002/1986 2009/2001/1985 2010/2003/1987 1994/2004/1988
f 1994/2004/1988 2010/2003/1987 2011/2005/1989 1995/2006/1990
f 1995/2006/1990 2011/2005/1989 2012/2007/1991 1996/2008/1992
f 1996/2008/1992 2012/2007/1991 2013/2009/1993 1997/2010/1994
f 1997/2010/1994 2013/2009/1993 2014/2011/1995 1998/2012/1996
f 1998/2012/1996 2014/2011/1995 2015/2013/1997 1999/2014/1998
f 1999/2014/1998 2015/2013/1997 2016/2015/1999 2000/2016/2000
f 2000/2016/2000 2016/2015/1999 2001/1986/1970 1985/1985/1969
o Circle.064
v 20.312500 0.984906 3.153199
v 20.186214 0.959905 3.155662
v 20.079155 0.888717 3.162673
v 20.007618 0.782173 3.173167
v 19.982500 0.656494 3.185545
v 20.007618 0.530818 3.197923
v 20.079155 0.424272 3.208417
v 20.186214 0.353084 3.215428
v 20.312500 0.328083 3.217891
v 20.438786 0.353081 3.215429
v 20.545845 0.424272 3.208417
v 20.617382 0.530818 3.197923
v 20.642500 0.656494 3.185545
v 20.617382 0.782173 3.173167
v 20.545845 0.888717 3.162673
v 20.438786 0.959907 3.155662
v 20.500000 0.830000 -0.000006
v 20.373714 0.804878 -0.000006
v 20.266655 0.733346 -0.000006
v 20.195118 0.626285 -0.000006
v 20.170000 0.500000 -0.000006
v 20.195118 0.373715 -0.000006
v 20.266655 0.266654 -0.000006
v 20.373714 0.195122 -0.000006
v 20.500000 0.170000 -0.000006
v 20.626286 0.195119 -0.000006
v 20.733345 0.266654 -0.000006
v 20.804882 0.373715 -0.000006
v 20.830000 0.500000 -0.000006
v 20.804882 0.626285 -0.000006
v 20.733345 0.733346 -0.000006
v 20.626286 0.804881 -0.000006
vt 1.8919 0.4074
vt 1.9075 0.4074
vt 1.9065 0.4098
vt 1.8909 0.4098
vt 1.9046 0.4117
vt 1.8890 0.4117
vt 1.9022 0.4127
vt 1.8866 0.4127
vt 1.8995 0.4127
vt 1.8839 0.4127
vt 1.8971 0.4117
vt 1.8815 0.4117
vt 1.8952 0.4098
vt 1.8796 0.4098
vt 1.8942 0.4074
vt 1.8786 0.4074
vt 1.8942 0.4047
vt 1.8786 0.4047
vt 1.8952 0.4023
vt 1.8796 0.4023
vt 1.8971 0.4004
vt 1.8815 0.4004
vt 1.8995 0.3994
vt 1.8839 0.3994
vt 1.9022 0.3994
vt 1.8866 0.3994
vt 1.9046 0.4004
vt 1.8890 0.4004
vt 1.9065 0.4023
vt 1.8909 0.4023
vt 1.9075 0.4047
vt 1.8919 0.4047
vn -0.0073 0.9987 -0.0495
vn 0.0073 0.9988 -0.0486
vn -0.3781 0.9233 -0.0678
vn -0.3906 0.9180 -0.0683
vn -0.7054 0.7047 -0.0764
vn -0.7127 0.6973 -0.0765
vn -0.9234 0.3768 -0.0731
vn -0.9255 0.3716 -0.0729
vn -0.9983 -0.0089 -0.0583
vn -0.9983 -0.0090 -0.0583
vn -0.9191 -0.3924 -0.0346
vn -0.9213 -0.3874 -0.0350
vn -0.6994 -0.7147 -0.0058
vn -0.7066 -0.7075 -0.0066
vn -0.3738 -0.9272 0.0237
vn -0.3862 -0.9221 0.0228
vn 0.0072 -0.9987 0.0495
vn -0.0073 -0.9988 0.0486
vn 0.3862 -0.9199 0.0677
vn 0.3738 -0.9251 0.0673
vn 0.7066 -0.7035 0.0759
vn 0.6994 -0.7107 0.0758
vn 0.9213 -0.3821 0.0728
vn 0.9191 -0.3871 0.0729
vn 0.9983 -0.0032 0.0589
vn 0.9255 0.3769 0.0362
vn 0.9234 0.3821 0.0358
vn 0.7127 0.7014 0.0078
vn 0.7054 0.7088 0.0070
vn 0.3906 0.9203 -0.0220
vn 0.3781 0.9255 -0.0230
usemtl None
s 1
f 2017/2017/2001 2033/2018/2002 2034/2019/2003 2018/2020/2004
f 2018/2020/2004 2034/2019/2003 2035/2021/2005 2019/2022/2006
f 2019/2022/2006 2035/2021/2005 2036/2023/2007 2020/2024/2008
f 2020/2024/2008 2036/2023/2007 2037/2025/2009 2021/2026/2010
f 2021/2026/2010 2037/2025/2009 2038/2027/2011 2022/2028/2012
f 2022/2028/2012 2038/2027/2011 2039/2029/2013 2023/2030/2014
f 2023/2030/2014 2039/2029/2013 2040/2031/2015 2024/2032/2016
f 2024/2032/2016 2040/2031/2015 2041/2033/2017 2025/2034/2018
f 2025/2034/2018 2041/2033/2017 2042/2035/2019 2026/2036/2020
f 2026/2036/2020 2042/2035/2019 2043/2037/2021 2027/2038/2022
f 2027/2038/2022 2043/2037/2021 2044/2039/2023 2028/2040/2024
f 2028/2040/2024 2044/2039/2023 2045/2041/2025 2029/2042/2025
f 2029/2042/2025 2045/2041/2025 2046/2043/2026 2030/2044/2027
f 2030/2044/2027 2046/2043/2026 2047/2045/2028 2031/2046/2029
f 2031/2046/2029 2047/2045/2028 2048/2047/2030 2032/2048/2031
f 2032/2048/2031 2048/2047/2030 2033/2018/2002 2017/2017/2001
o Circle.063
v 12.312500 0.984906 3.153199
v 12.186214 0.959905 3.155662
v 12.079155 0.888717 3.162673
v 12.007619 0.782173 3.173167
v 11.982500 0.656494 3.185545
v 12.007619 0.530818 3.197923
v 12.079155 0.424272 3.208417
v 12.186214 0.353084 3.215428
v 12.312500 0.328083 3.217891
v 12.438786 0.353081 3.215429
v 12.545845 0.424272 3.208417
v 12.617381 0.530818 3.197923
v 12.642500 0.656494 3.185545
v 12.617381 0.782173 3.173167
v 12.545845 0.888717 3.162673
v 12.438786 0.959907 3.155662
v 12.500000 0.830000 -0.000006
v 12.373714 0.804878 -0.000006
v 12.266655 0.733346 -0.000006
v 12.195119 0.626285 -0.000006
v 12.170000 0.500000 -0.000006
v 12.195119 0.373715 -0.000006
v 12.266655 0.266654 -0.000006
v 12.373714 0.195122 -0.000006
v 12.500000 0.170000 -0.000006
v 12.626286 0.195119 -0.000006
v 12.733345 0.266654 -0.000006
v 12.804881 0.373715 -0.000006
v 12.830000 0.500000 -0.000006
v 12.804881 0.626285 -0.000006
v 12.733345 0.733346 -0.000006
v 12.626286 0.804881 -0.000006
vt 1.8919 0.4074
vt 1.9075 0.4074
vt 1.9065 0.4098
vt 1.8909 0.4098
vt 1.9046 0.4117
vt 1.8890 0.4117
vt 1.9022 0.4127
vt 1.8866 0.4127
vt 1.8995 0.4127
vt 1.8839 0.4127
vt 1.8971 0.4117
vt 1.8815 0.4117
vt 1.8952 0.4098
vt 1.8796 0.4098
vt 1.8942 0.4074
vt 1.8786 0.4074
vt 1.8942 0.4047
vt 1.8786 0.4047
vt 1.8952 0.4023
vt 1.8796 0.4023
vt 1.8971 0.4004
vt 1.8815 0.4004
vt 1.8995 0.3994
vt 1.8839 0.3994
vt 1.9022 0.3994
vt 1.8866 0.3994
vt 1.9046 0.4004
vt 1.8890 0.4004
vt 1.9065 0.4023
vt 1.8909 0.4023
vt 1.9075 0.4047
vt 1.8919 0.4047
vn -0.0073 0.9987 -0.0495
vn 0.0073 0.9988 -0.0486
vn -0.3781 0.9233 -0.0678
vn -0.3906 0.9180 -0.0683
vn -0.7054 0.7047 -0.0764
vn -0.7127 0.6973 -0.0765
vn -0.9234 0.3768 -0.0731
vn -0.9255 0.3716 -0.0729
vn -0.9983 -0.0089 -0.0583
vn -0.9983 -0.0090 -0.0583
vn -0.9191 -0.3924 -0.0346
vn -0.9213 -0.3874 -0.0350
vn -0.6994 -0.7147 -0.0058
vn -0.7066 -0.7075 -0.0066
vn -0.3738 -0.9272 0.0237
vn -0.3862 -0.9221 0.0228
vn 0.0072 -0.9987 0.0495
vn -0.0073 -0.9988 0.0486
vn 0.3862 -0.9199 0.0677
vn 0.3738 -0.9251 0.0673
vn 0.7066 -0.7035 0.0759
vn 0.6994 -0.7107 0.0758
vn 0.9213 -0.3821 0.0728
vn 0.9191 -0.3871 0.0729
vn 0.9983 -0.0032 0.0589
vn 0.9255 0.3769 0.0362
vn 0.9234 0.3822 0.0358
vn 0.7127 0.7014 0.0078
vn 0.7054 0.7087 0.0070
vn 0.3906 0.9203 -0.0220
vn 0.3781 0.9255 -0.0230
usemtl None
s 1
f 2049/2049/2032 2065/2050/2033 2066/2051/2034 2050/2052/2035
f 2050/2052/2035 2066/2051/2034 2067/2053/2036 2051/2054/2037
f 2051/2054/2037 2067/2053/2036 2068/2055/2038 2052/2056/2039
f 2052/2056/2039 2068/2055/2038 2069/2057/2040 2053/2058/2041
f 2053/2058/2041 2069/2057/2040 2070/2059/2042 2054/2060/2043
f 2054/2060/2043 2070/2059/2042 2071/2061/2044 2055/2062/2045
f 2055/2062/2045 2071/2061/2044 2072/2063/2046 2056/2064/2047
f 2056/2064/2047 2072/2063/2046 2073/2065/2048 2057/2066/2049
f 2057/2066/2049 2073/2065/2048 2074/2067/2050 2058/2068/2051
f 2058/2068/2051 2074/2067/2050 2075/2069/2052 2059/2070/2053
f 2059/2070/2053 2075/2069/2052 2076/2071/2054 2060/2072/2055
f 2060/2072/2055 2076/2071/2054 2077/2073/2056 2061/2074/2056
f 2061/2074/2056 2077/2073/2056 2078/2075/2057 2062/2076/2058
f 2062/2076/2058 2078/2075/2057 2079/2077/2059 2063/2078/2060
f 2063/2078/2060 2079/2077/2059 2080/2079/2061 2064/2080/2062
f 2064/2080/2062 2080/2079/2061 2065/2050/2033 2049/2049/2032
o Circle.062
v 12.125000 1.448137 6.276053
v 11.998714 1.423497 6.280954
v 11.891655 1.353339 6.294909
v 11.820119 1.248336 6.315796
v 11.795000 1.124478 6.340433
v 11.820119 1.000619 6.365069
v 11.891655 0.895616 6.385956
v 11.998714 0.825458 6.399911
v 12.125000 0.800820 6.404812
v 12.251286 0.825455 6.399912
v 12.358345 0.895616 6.385956
v 12.429881 1.000619 6.365069
v 12.455000 1.124478 6.340433
v 12.429881 1.248336 6.315796
v 12.358345 1.353339 6.294909
v 12.251286 1.423500 6.280953
v 12.312500 0.984906 3.153199
v 12.186214 0.959905 3.155662
v 12.079155 0.888717 3.162673
v 12.007619 0.782173 3.173167
v 11.982500 0.656494 3.185545
v 12.007619 0.530818 3.197923
v 12.079155 0.424272 3.208417
v 12.186214 0.353084 3.215428
v 12.312500 0.328083 3.217891
v 12.438786 0.353081 3.215429
v 12.545845 0.424272 3.208417
v 12.617381 0.530818 3.197923
v 12.642500 0.656494 3.185545
v 12.617381 0.782173 3.173167
v 12.545845 0.888717 3.162673
v 12.438786 0.959907 3.155662
vt 1.8763 0.4074
vt 1.8919 0.4074
vt 1.8909 0.4098
vt 1.8753 0.4098
vt 1.8890 0.4117
vt 1.8734 0.4117
vt 1.8866 0.4127
vt 1.8709 0.4127
vt 1.8839 0.4127
vt 1.8683 0.4127
vt 1.8815 0.4117
vt 1.8658 0.4117
vt 1.8796 0.4098
vt 1.8640 0.4098
vt 1.8786 0.4074
vt 1.8629 0.4074
vt 1.8786 0.4047
vt 1.8629 0.4047
vt 1.8796 0.4023
vt 1.8640 0.4023
vt 1.8815 0.4004
vt 1.8658 0.4004
vt 1.8839 0.3994
vt 1.8683 0.3994
vt 1.8866 0.3994
vt 1.8709 0.3994
vt 1.8890 0.4004
vt 1.8734 0.4004
vt 1.8909 0.4023
vt 1.8753 0.4023
vt 1.8919 0.4047
vt 1.8763 0.4047
vn -0.0073 0.9891 -0.1472
vn 0.0073 0.9892 -0.1463
vn -0.3781 0.9122 -0.1580
vn -0.3906 0.9069 -0.1579
vn -0.7054 0.6938 -0.1451
vn -0.7127 0.6864 -0.1445
vn -0.9234 0.3678 -0.1096
vn -0.9255 0.3626 -0.1090
vn -0.9983 -0.0146 -0.0572
vn -0.9983 -0.0147 -0.0571
vn -0.9191 -0.3939 0.0040
vn -0.9213 -0.3889 0.0031
vn -0.6994 -0.7119 0.0643
vn -0.7066 -0.7048 0.0628
vn -0.3738 -0.9204 0.1145
vn -0.3862 -0.9155 0.1130
vn 0.0072 -0.9891 0.1471
vn -0.0073 -0.9892 0.1463
vn 0.3862 -0.9088 0.1576
vn 0.3738 -0.9140 0.1576
vn 0.7066 -0.6927 0.1445
vn 0.6994 -0.6999 0.1451
vn 0.9213 -0.3731 0.1099
vn 0.9191 -0.3781 0.1105
vn 0.9983 0.0025 0.0589
vn 0.9983 0.0026 0.0589
vn 0.9255 0.3786 -0.0010
vn 0.9234 0.3838 -0.0019
vn 0.7127 0.6988 -0.0610
vn 0.7054 0.7060 -0.0625
vn 0.3906 0.9137 -0.1121
vn 0.3781 0.9188 -0.1136
usemtl None
s 1
f 2081/2081/2063 2097/2082/2064 2098/2083/2065 2082/2084/2066
f 2082/2084/2066 2098/2083/2065 2099/2085/2067 2083/2086/2068
f 2083/2086/2068 2099/2085/2067 2100/2087/2069 2084/2088/2070
f 2084/2088/2070 2100/2087/2069 2101/2089/2071 2085/2090/2072
f 2085/2090/2072 2101/2089/2071 2102/2091/2073 2086/2092/2074
f 2086/2092/2074 2102/2091/2073 2103/2093/2075 2087/2094/2076
f 2087/2094/2076 2103/2093/2075 2104/2095/2077 2088/2096/2078
f 2088/2096/2078 2104/2095/2077 2105/2097/2079 2089/2098/2080
f 2089/2098/2080 2105/2097/2079 2106/2099/2081 2090/2100/2082
f 2090/2100/2082 2106/2099/2081 2107/2101/2083 2091/2102/2084
f 2091/2102/2084 2107/2101/2083 2108/2103/2085 2092/2104/2086
f 2092/2104/2086 2108/2103/2085 2109/2105/2087 2093/2106/2088
f 2093/2106/2088 2109/2105/2087 2110/2107/2089 2094/2108/2090
f 2094/2108/2090 2110/2107/2089 2111/2109/2091 2095/2110/2092
f 2095/2110/2092 2111/2109/2091 2112/2111/2093 2096/2112/2094
f 2096/2112/2094 2112/2111/2093 2097/2082/2064 2081/2081/2063
o Circle.061
v 11.937500 2.215227 9.338449
v 11.811214 2.191186 9.345741
v 11.704155 2.122734 9.366506
v 11.632619 2.020284 9.397584
v 11.607500 1.899437 9.434243
v 11.632619 1.778588 9.470901
v 11.704155 1.676139 9.501979
v 11.811214 1.607686 9.522744
v 11.937500 1.583647 9.530036
v 12.063786 1.607683 9.522745
v 12.170845 1.676139 9.501979
v 12.242381 1.778588 9.470901
v 12.267500 1.899437 9.434243
v 12.242381 2.020284 9.397584
v 12.170845 2.122734 9.366506
v 12.063786 2.191189 9.345740
v 12.125000 1.448137 6.276053
v 11.998714 1.423497 6.280954
v 11.891655 1.353339 6.294909
v 11.820119 1.248336 6.315796
v 11.795000 1.124478 6.340433
v 11.820119 1.000619 6.365069
v 11.891655 0.895616 6.385956
v 11.998714 0.825458 6.399911
v 12.125000 0.800820 6.404812
v 12.251286 0.825455 6.399912
v 12.358345 0.895616 6.385956
v 12.429881 1.000619 6.365069
v 12.455000 1.124478 6.340433
v 12.429881 1.248336 6.315796
v 12.358345 1.353339 6.294909
v 12.251286 1.423500 6.280953
vt 1.8606 0.4074
vt 1.8763 0.4074
vt 1.8753 0.4098
vt 1.8596 0.4098
vt 1.8734 0.4117
vt 1.8578 0.4117
vt 1.8709 0.4127
vt 1.8553 0.4127
vt 1.8683 0.4127
vt 1.8527 0.4127
vt 1.8658 0.4117
vt 1.8502 0.4117
vt 1.8640 0.4098
vt 1.8483 0.4098
vt 1.8629 0.4074
vt 1.8473 0.4074
vt 1.8629 0.4047
vt 1.8473 0.4047
vt 1.8640 0.4023
vt 1.8483 0.4023
vt 1.8658 0.4004
vt 1.8502 0.4004
vt 1.8683 0.3994
vt 1.8527 0.3994
vt 1.8709 0.3994
vt 1.8553 0.3994
vt 1.8734 0.4004
vt 1.8578 0.4004
vt 1.8753 0.4023
vt 1.8596 0.4023
vt 1.8763 0.4047
vt 1.8606 0.4047
vn -0.0073 0.9699 -0.2434
vn 0.0073 0.9701 -0.2426
vn -0.3781 0.8923 -0.2466
vn -0.3906 0.8871 -0.2461
vn -0.7054 0.6762 -0.2124
vn -0.7127 0.6689 -0.2110
vn -0.9234 0.3553 -0.1452
vn -0.9255 0.3502 -0.1440
vn -0.9983 -0.0201 -0.0555
vn -0.9983 -0.0202 -0.0554
vn -0.9191 -0.3916 0.0426
vn -0.9213 -0.3868 0.0412
vn -0.6994 -0.7021 0.1338
vn -0.7066 -0.6952 0.1316
vn -0.3738 -0.9047 0.2042
vn -0.3862 -0.9000 0.2022
vn 0.0072 -0.9699 0.2434
vn -0.0073 -0.9701 0.2426
vn 0.3862 -0.8890 0.2459
vn 0.3738 -0.8942 0.2464
vn 0.7066 -0.6752 0.2117
vn 0.6994 -0.6823 0.2130
vn 0.9213 -0.3605 0.1459
vn 0.9191 -0.3655 0.1470
vn 0.9983 0.0083 0.0584
vn 0.9983 0.0084 0.0584
vn 0.9255 0.3767 -0.0381
vn 0.9234 0.3818 -0.0395
vn 0.7127 0.6894 -0.1292
vn 0.7054 0.6965 -0.1314
vn 0.3906 0.8983 -0.2011
vn 0.3781 0.9032 -0.2031
usemtl None
s 1
f 2113/2113/2095 2129/2114/2096 2130/2115/2097 2114/2116/2098
f 2114/2116/2098 2130/2115/2097 2131/2117/2099 2115/2118/2100
f 2115/2118/2100 2131/2117/2099 2132/2119/2101 2116/2120/2102
f 2116/2120/2102 2132/2119/2101 2133/2121/2103 2117/2122/2104
f 2117/2122/2104 2133/2121/2103 2134/2123/2105 2118/2124/2106
f 2118/2124/2106 2134/2123/2105 2135/2125/2107 2119/2126/2108
f 2119/2126/2108 2135/2125/2107 2136/2127/2109 2120/2128/2110
f 2120/2128/2110 2136/2127/2109 2137/2129/2111 2121/2130/2112
f 2121/2130/2112 2137/2129/2111 2138/2131/2113 2122/2132/2114
f 2122/2132/2114 2138/2131/2113 2139/2133/2115 2123/2134/2116
f 2123/2134/2116 2139/2133/2115 2140/2135/2117 2124/2136/2118
f 2124/2136/2118 2140/2135/2117 2141/2137/2119 2125/2138/2120
f 2125/2138/2120 2141/2137/2119 2142/2139/2121 2126/2140/2122
f 2126/2140/2122 2142/2139/2121 2143/2141/2123 2127/2142/2124
f 2127/2142/2124 2143/2141/2123 2144/2143/2125 2128/2144/2126
f 2128/2144/2126 2144/2143/2125 2129/2114/2096 2113/2113/2095
o Circle.060
v 11.750000 3.278795 12.310925
v 11.623714 3.255585 12.320539
v 11.516655 3.189498 12.347914
v 11.445119 3.090586 12.388884
v 11.420000 2.973915 12.437211
v 11.445119 2.857242 12.485538
v 11.516655 2.758332 12.526509
v 11.623714 2.692243 12.553884
v 11.750000 2.669034 12.563497
v 11.876286 2.692241 12.553885
v 11.983345 2.758332 12.526509
v 12.054881 2.857242 12.485538
v 12.080000 2.973915 12.437211
v 12.054881 3.090586 12.388884
v 11.983345 3.189498 12.347914
v 11.876286 3.255588 12.320539
v 11.937500 2.215227 9.338449
v 11.811214 2.191186 9.345741
v 11.704155 2.122734 9.366506
v 11.632619 2.020284 9.397584
v 11.607500 1.899437 9.434243
v 11.632619 1.778588 9.470901
v 11.704155 1.676139 9.501979
v 11.811214 1.607686 9.522744
v 11.937500 1.583647 9.530036
v 12.063786 1.607683 9.522745
v 12.170845 1.676139 9.501979
v 12.242381 1.778588 9.470901
v 12.267500 1.899437 9.434243
v 12.242381 2.020284 9.397584
v 12.170845 2.122734 9.366506
v 12.063786 2.191189 9.345740
vt 1.8450 0.4074
vt 1.8606 0.4074
vt 1.8596 0.4098
vt 1.8440 0.4098
vt 1.8578 0.4117
vt 1.8421 0.4117
vt 1.8553 0.4127
vt 1.8397 0.4127
vt 1.8527 0.4127
vt 1.8370 0.4127
vt 1.8502 0.4117
vt 1.8346 0.4117
vt 1.8483 0.4098
vt 1.8327 0.4098
vt 1.8473 0.4074
vt 1.8317 0.4074
vt 1.8473 0.4047
vt 1.8317 0.4047
vt 1.8483 0.4023
vt 1.8327 0.4023
vt 1.8502 0.4004
vt 1.8346 0.4004
vt 1.8527 0.3994
vt 1.8370 0.3994
vt 1.8553 0.3994
vt 1.8397 0.3994
vt 1.8578 0.4004
vt 1.8421 0.4004
vt 1.8596 0.4023
vt 1.8440 0.4023
vt 1.8606 0.4047
vt 1.8450 0.4047
vn -0.0073 0.9414 -0.3373
vn 0.0073 0.9417 -0.3365
vn -0.3781 0.8638 -0.3329
vn -0.3906 0.8587 -0.3318
vn -0.7054 0.6521 -0.2777
vn -0.7127 0.6450 -0.2756
vn -0.9234 0.3394 -0.1793
vn -0.9255 0.3344 -0.1776
vn -0.9983 -0.0255 -0.0532
vn -0.9191 -0.3856 0.0808
vn -0.9213 -0.3808 0.0790
vn -0.6994 -0.6856 0.2019
vn -0.7066 -0.6790 0.1991
vn -0.3738 -0.8804 0.2919
vn -0.3862 -0.8758 0.2895
vn 0.0072 -0.9414 0.3373
vn -0.0073 -0.9417 0.3365
vn 0.3862 -0.8606 0.3319
vn 0.3738 -0.8657 0.3329
vn 0.7066 -0.6512 0.2768
vn 0.6994 -0.6581 0.2789
vn 0.9213 -0.3445 0.1806
vn 0.9191 -0.3493 0.1822
vn 0.9983 0.0140 0.0573
vn 0.9983 0.0141 0.0573
vn 0.9255 0.3712 -0.0748
vn 0.9234 0.3761 -0.0767
vn 0.7127 0.6735 -0.1962
vn 0.7054 0.6803 -0.1991
vn 0.3906 0.8743 -0.2882
vn 0.3781 0.8790 -0.2907
usemtl None
s 1
f 2145/2145/2127 2161/2146/2128 2162/2147/2129 2146/2148/2130
f 2146/2148/2130 2162/2147/2129 2163/2149/2131 2147/2150/2132
f 2147/2150/2132 2163/2149/2131 2164/2151/2133 2148/2152/2134
f 2148/2152/2134 2164/2151/2133 2165/2153/2135 2149/2154/2135
f 2149/2154/2135 2165/2153/2135 2166/2155/2136 2150/2156/2137
f 2150/2156/2137 2166/2155/2136 2167/2157/2138 2151/2158/2139
f 2151/2158/2139 2167/2157/2138 2168/2159/2140 2152/2160/2141
f 2152/2160/2141 2168/2159/2140 2169/2161/2142 2153/2162/2143
f 2153/2162/2143 2169/2161/2142 2170/2163/2144 2154/2164/2145
f 2154/2164/2145 2170/2163/2144 2171/2165/2146 2155/2166/2147
f 2155/2166/2147 2171/2165/2146 2172/2167/2148 2156/2168/2149
f 2156/2168/2149 2172/2167/2148 2173/2169/2150 2157/2170/2151
f 2157/2170/2151 2173/2169/2150 2174/2171/2152 2158/2172/2153
f 2158/2172/2153 2174/2171/2152 2175/2173/2154 2159/2174/2155
f 2159/2174/2155 2175/2173/2154 2176/2175/2156 2160/2176/2157
f 2160/2176/2157 2176/2175/2156 2161/2146/2128 2145/2145/2127
o Circle.059
v 11.562500 4.628590 15.164826
v 11.436214 4.606434 15.176669
v 11.329155 4.543348 15.210389
v 11.257619 4.448929 15.260857
v 11.232500 4.337556 15.320388
v 11.257619 4.226182 15.379918
v 11.329155 4.131763 15.430386
v 11.436214 4.068677 15.464107
v 11.562500 4.046522 15.475948
v 11.688786 4.068675 15.464108
v 11.795845 4.131763 15.430386
v 11.867381 4.226182 15.379918
v 11.892500 4.337556 15.320388
v 11.867381 4.448929 15.260857
v 11.795845 4.543348 15.210389
v 11.688786 4.606437 15.176667
v 11.750000 3.278795 12.310925
v 11.623714 3.255585 12.320539
v 11.516655 3.189498 12.347914
v 11.445119 3.090586 12.388884
v 11.420000 2.973915 12.437211
v 11.445119 2.857242 12.485538
v 11.516655 2.758332 12.526509
v 11.623714 2.692243 12.553884
v 11.750000 2.669034 12.563497
v 11.876286 2.692241 12.553885
v 11.983345 2.758332 12.526509
v 12.054881 2.857242 12.485538
v 12.080000 2.973915 12.437211
v 12.054881 3.090586 12.388884
v 11.983345 3.189498 12.347914
v 11.876286 3.255588 12.320539
vt 1.8294 0.4074
vt 1.8450 0.4074
vt 1.8440 0.4098
vt 1.8284 0.4098
vt 1.8421 0.4117
vt 1.8265 0.4117
vt 1.8397 0.4127
vt 1.8241 0.4127
vt 1.8370 0.4127
vt 1.8214 0.4127
vt 1.8346 0.4117
vt 1.8190 0.4117
vt 1.8327 0.4098
vt 1.8171 0.4098
vt 1.8317 0.4074
vt 1.8161 0.4074
vt 1.8317 0.4047
vt 1.8161 0.4047
vt 1.8327 0.4023
vt 1.8171 0.4023
vt 1.8346 0.4004
vt 1.8190 0.4004
vt 1.8370 0.3994
vt 1.8214 0.3994
vt 1.8397 0.3994
vt 1.8241 0.3994
vt 1.8421 0.4004
vt 1.8265 0.4004
vt 1.8440 0.4023
vt 1.8284 0.4023
vt 1.8450 0.4047
vt 1.8294 0.4047
vn -0.0073 0.9038 -0.4279
vn 0.0073 0.9042 -0.4272
vn -0.3781 0.8271 -0.4160
vn -0.3906 0.8220 -0.4144
vn -0.7054 0.6218 -0.3403
vn -0.7127 0.6149 -0.3375
vn -0.9234 0.3202 -0.2117
vn -0.9255 0.3154 -0.2096
vn -0.9983 -0.0305 -0.0505
vn -0.9983 -0.0306 -0.0504
vn -0.9191 -0.3758 0.1182
vn -0.9213 -0.3713 0.1159
vn -0.6994 -0.6625 0.2682
vn -0.7066 -0.6562 0.2647
vn -0.3738 -0.8475 0.3767
vn -0.3862 -0.8432 0.3739
vn 0.0072 -0.9038 0.4279
vn -0.0073 -0.9041 0.4272
vn 0.3862 -0.8240 0.4146
vn 0.3738 -0.8289 0.4161
vn 0.7066 -0.6209 0.3393
vn 0.6994 -0.6276 0.3420
vn 0.9213 -0.3251 0.2135
vn 0.9191 -0.3298 0.2155
vn 0.9983 0.0195 0.0557
vn 0.9983 0.0196 0.0556
vn 0.9255 0.3621 -0.1108
vn 0.9234 0.3668 -0.1132
vn 0.7127 0.6510 -0.2612
vn 0.7054 0.6575 -0.2648
vn 0.3906 0.8418 -0.3725
vn 0.3781 0.8462 -0.3754
usemtl None
s 1
f 2177/2177/2158 2193/2178/2159 2194/2179/2160 2178/2180/2161
f 2178/2180/2161 2194/2179/2160 2195/2181/2162 2179/2182/2163
f 2179/2182/2163 2195/2181/2162 2196/2183/2164 2180/2184/2165
f 2180/2184/2165 2196/2183/2164 2197/2185/2166 2181/2186/2167
f 2181/2186/2167 2197/2185/2166 2198/2187/2168 2182/2188/2169
f 2182/2188/2169 2198/2187/2168 2199/2189/2170 2183/2190/2171
f 2183/2190/2171 2199/2189/2170 2200/2191/2172 2184/2192/2173
f 2184/2192/2173 2200/2191/2172 2201/2193/2174 2185/2194/2175
f 2185/2194/2175 2201/2193/2174 2202/2195/2176 2186/2196/2177
f 2186/2196/2177 2202/2195/2176 2203/2197/2178 2187/2198/2179
f 2187/2198/2179 2203/2197/2178 2204/2199/2180 2188/2200/2181
f 2188/2200/2181 2204/2199/2180 2205/2201/2182 2189/2202/2183
f 2189/2202/2183 2205/2201/2182 2206/2203/2184 2190/2204/2185
f 2190/2204/2185 2206/2203/2184 2207/2205/2186 2191/2206/2187
f 2191/2206/2187 2207/2205/2186 2208/2207/2188 2192/2208/2189
f 2192/2208/2189 2208/2207/2188 2193/2178/2159 2177/2177/2158
o Circle.058
v 11.375000 6.251623 17.872696
v 11.248714 6.230735 17.886654
v 11.141655 6.171258 17.926395
v 11.070119 6.082241 17.985874
v 11.045000 5.977238 18.056034
v 11.070119 5.872236 18.126194
v 11.141655 5.783219 18.185675
v 11.248714 5.723741 18.225416
v 11.375000 5.702853 18.239372
v 11.501286 5.723740 18.225418
v 11.608345 5.783219 18.185675
v 11.679881 5.872236 18.126194
v 11.705000 5.977238 18.056034
v 11.679881 6.082241 17.985874
v 11.608345 6.171258 17.926395
v 11.501286 6.230738 17.886652
v 11.562500 4.628590 15.164826
v 11.436214 4.606434 15.176669
v 11.329155 4.543348 15.210389
v 11.257619 4.448929 15.260857
v 11.232500 4.337556 15.320388
v 11.257619 4.226182 15.379918
v 11.329155 4.131763 15.430386
v 11.436214 4.068677 15.464107
v 11.562500 4.046522 15.475948
v 11.688786 4.068675 15.464108
v 11.795845 4.131763 15.430386
v 11.867381 4.226182 15.379918
v 11.892500 4.337556 15.320388
v 11.867381 4.448929 15.260857
v 11.795845 4.543348 15.210389
v 11.688786 4.606437 15.176667
vt 1.8138 0.4074
vt 1.8294 0.4074
vt 1.8284 0.4098
vt 1.8128 0.4098
vt 1.8265 0.4117
vt 1.8109 0.4117
vt 1.8241 0.4127
vt 1.8084 0.4127
vt 1.8214 0.4127
vt 1.8058 0.4127
vt 1.8190 0.4117
vt 1.8033 0.4117
vt 1.8171 0.4098
vt 1.8015 0.4098
vt 1.8161 0.4074
vt 1.8004 0.4074
vt 1.8161 0.4047
vt 1.8004 0.4047
vt 1.8171 0.4023
vt 1.8015 0.4023
vt 1.8190 0.4004
vt 1.8033 0.4004
vt 1.8214 0.3994
vt 1.8058 0.3994
vt 1.8241 0.3994
vt 1.8084 0.3994
vt 1.8265 0.4004
vt 1.8109 0.4004
vt 1.8284 0.4023
vt 1.8128 0.4023
vt 1.8294 0.4047
vt 1.8138 0.4047
vn -0.0073 0.8575 -0.5145
vn 0.0073 0.8579 -0.5137
vn -0.3781 0.7823 -0.4950
vn -0.3906 0.7774 -0.4930
vn -0.7054 0.5854 -0.3996
vn -0.7127 0.5789 -0.3961
vn -0.9234 0.2979 -0.2421
vn -0.9255 0.2933 -0.2395
vn -0.9983 -0.0354 -0.0472
vn -0.9191 -0.3624 0.1544
vn -0.9213 -0.3581 0.1517
vn -0.6994 -0.6331 0.3318
vn -0.7066 -0.6271 0.3277
vn -0.3738 -0.8065 0.4580
vn -0.3862 -0.8025 0.4548
vn 0.0072 -0.8575 0.5145
vn -0.0073 -0.8579 0.5137
vn 0.3862 -0.7794 0.4934
vn 0.3738 -0.7841 0.4954
vn 0.7066 -0.5847 0.3985
vn 0.6994 -0.5911 0.4019
vn 0.9213 -0.3026 0.2443
vn 0.9191 -0.3071 0.2468
vn 0.9983 0.0249 0.0535
vn 0.9983 0.0250 0.0534
vn 0.9255 0.3495 -0.1458
vn 0.9234 0.3539 -0.1486
vn 0.7127 0.6222 -0.3238
vn 0.7054 0.6284 -0.3279
vn 0.3906 0.8013 -0.4533
vn 0.3781 0.8054 -0.4566
usemtl None
s 1
f 2209/2209/2190 2225/2210/2191 2226/2211/2192 2210/2212/2193
f 2210/2212/2193 2226/2211/2192 2227/2213/2194 2211/2214/2195
f 2211/2214/2195 2227/2213/2194 2228/2215/2196 2212/2216/2197
f 2212/2216/2197 2228/2215/2196 2229/2217/2198 2213/2218/2198
f 2213/2218/2198 2229/2217/2198 2230/2219/2199 2214/2220/2200
f 2214/2220/2200 2230/2219/2199 2231/2221/2201 2215/2222/2202
f 2215/2222/2202 2231/2221/2201 2232/2223/2203 2216/2224/2204
f 2216/2224/2204 2232/2223/2203 2233/2225/2205 2217/2226/2206
f 2217/2226/2206 2233/2225/2205 2234/2227/2207 2218/2228/2208
f 2218/2228/2208 2234/2227/2207 2235/2229/2209 2219/2230/2210
f 2219/2230/2210 2235/2229/2209 2236/2231/2211 2220/2232/2212
f 2220/2232/2212 2236/2231/2211 2237/2233/2213 2221/2234/2214
f 2221/2234/2214 2237/2233/2213 2238/2235/2215 2222/2236/2216
f 2222/2236/2216 2238/2235/2215 2239/2237/2217 2223/2238/2218
f 2223/2238/2218 2239/2237/2217 2240/2239/2219 2224/2240/2220
f 2224/2240/2220 2240/2239/2219 2225/2210/2191 2209/2209/2190
o Circle.057
v 11.187500 8.132251 20.408428
v 11.061214 8.112831 20.424364
v 10.954155 8.057535 20.469746
v 10.882619 7.974777 20.537663
v 10.857500 7.877157 20.617777
v 10.882619 7.779537 20.697891
v 10.954155 7.696779 20.765810
v 11.061214 7.641483 20.811190
v 11.187500 7.622064 20.827127
v 11.313786 7.641480 20.811192
v 11.420845 7.696779 20.765810
v 11.492381 7.779537 20.697891
v 11.517500 7.877157 20.617777
v 11.492381 7.974777 20.537663
v 11.420845 8.057535 20.469746
v 11.313786 8.112833 20.424364
v 11.375000 6.251623 17.872696
v 11.248714 6.230735 17.886654
v 11.141655 6.171258 17.926395
v 11.070119 6.082241 17.985874
v 11.045000 5.977238 18.056034
v 11.070119 5.872236 18.126194
v 11.141655 5.783219 18.185675
v 11.248714 5.723741 18.225416
v 11.375000 5.702853 18.239372
v 11.501286 5.723740 18.225418
v 11.608345 5.783219 18.185675
v 11.679881 5.872236 18.126194
v 11.705000 5.977238 18.056034
v 11.679881 6.082241 17.985874
v 11.608345 6.171258 17.926395
v 11.501286 6.230738 17.886652
vt 1.7981 0.4074
vt 1.8138 0.4074
vt 1.8128 0.4098
vt 1.7971 0.4098
vt 1.8109 0.4117
vt 1.7953 0.4117
vt 1.8084 0.4127
vt 1.7928 0.4127
vt 1.8058 0.4127
vt 1.7902 0.4127
vt 1.8033 0.4117
vt 1.7877 0.4117
vt 1.8015 0.4098
vt 1.7858 0.4098
vt 1.8004 0.4074
vt 1.7848 0.4074
vt 1.8004 0.4047
vt 1.7848 0.4047
vt 1.8015 0.4023
vt 1.7858 0.4023
vt 1.8033 0.4004
vt 1.7877 0.4004
vt 1.8058 0.3994
vt 1.7902 0.3994
vt 1.8084 0.3994
vt 1.7928 0.3994
vt 1.8109 0.4004
vt 1.7953 0.4004
vt 1.8128 0.4023
vt 1.7971 0.4023
vt 1.8138 0.4047
vt 1.7981 0.4047
vn -0.0073 0.8029 -0.5960
vn 0.0073 0.8034 -0.5953
vn -0.3781 0.7300 -0.5693
vn -0.3906 0.7254 -0.5668
vn -0.7054 0.5434 -0.4550
vn -0.7127 0.5373 -0.4510
vn -0.9234 0.2727 -0.2701
vn -0.9255 0.2684 -0.2671
vn -0.9983 -0.0398 -0.0435
vn -0.9983 -0.0399 -0.0435
vn -0.9191 -0.3455 0.1892
vn -0.9213 -0.3415 0.1861
vn -0.6994 -0.5975 0.3923
vn -0.7066 -0.5919 0.3876
vn -0.3738 -0.7577 0.5349
vn -0.3862 -0.7541 0.5312
vn 0.0072 -0.8029 0.5960
vn -0.0073 -0.8034 0.5953
vn 0.3862 -0.7273 0.5674
vn 0.3738 -0.7318 0.5699
vn 0.7066 -0.5428 0.4539
vn 0.6994 -0.5488 0.4579
vn 0.9213 -0.2772 0.2728
vn 0.9191 -0.2814 0.2757
vn 0.9983 0.0300 0.0508
vn 0.9983 0.0301 0.0507
vn 0.9255 0.3335 -0.1793
vn 0.9234 0.3376 -0.1826
vn 0.7127 0.5875 -0.3832
vn 0.7054 0.5932 -0.3880
vn 0.3906 0.7530 -0.5296
vn 0.3781 0.7567 -0.5333
usemtl None
s 1
f 2241/2241/2221 2257/2242/2222 2258/2243/2223 2242/2244/2224
f 2242/2244/2224 2258/2243/2223 2259/2245/2225 2243/2246/2226
f 2243/2246/2226 2259/2245/2225 2260/2247/2227 2244/2248/2228
f 2244/2248/2228 2260/2247/2227 2261/2249/2229 2245/2250/2230
f 2245/2250/2230 2261/2249/2229 2262/2251/2231 2246/2252/2232
f 2246/2252/2232 2262/2251/2231 2263/2253/2233 2247/2254/2234
f 2247/2254/2234 2263/2253/2233 2264/2255/2235 2248/2256/2236
f 2248/2256/2236 2264/2255/2235 2265/2257/2237 2249/2258/2238
f 2249/2258/2238 2265/2257/2237 2266/2259/2239 2250/2260/2240
f 2250/2260/2240 2266/2259/2239 2267/2261/2241 2251/2262/2242
f 2251/2262/2242 2267/2261/2241 2268/2263/2243 2252/2264/2244
f 2252/2264/2244 2268/2263/2243 2269/2265/2245 2253/2266/2246
f 2253/2266/2246 2269/2265/2245 2270/2267/2247 2254/2268/2248
f 2254/2268/2248 2270/2267/2247 2271/2269/2249 2255/2270/2250
f 2255/2270/2250 2271/2269/2249 2272/2271/2251 2256/2272/2252
f 2256/2272/2252 2272/2271/2251 2257/2242/2222 2241/2241/2221
o Circle.056
v 11.000000 10.252367 22.747616
v 10.873714 10.234604 22.765381
v 10.766655 10.184022 22.815962
v 10.695119 10.108320 22.891665
v 10.670000 10.019022 22.980963
v 10.695119 9.929726 23.070259
v 10.766655 9.854022 23.145962
v 10.873714 9.803440 23.196543
v 11.000000 9.785677 23.214306
v 11.126286 9.803439 23.196545
v 11.233345 9.854022 23.145962
v 11.304881 9.929726 23.070259
v 11.330000 10.019022 22.980963
v 11.304881 10.108320 22.891665
v 11.233345 10.184022 22.815962
v 11.126286 10.234605 22.765379
v 11.187500 8.132251 20.408428
v 11.061214 8.112831 20.424364
v 10.954155 8.057535 20.469746
v 10.882619 7.974777 20.537663
v 10.857500 7.877157 20.617777
v 10.882619 7.779537 20.697891
v 10.954155 7.696779 20.765810
v 11.061214 7.641483 20.811190
v 11.187500 7.622064 20.827127
v 11.313786 7.641480 20.811192
v 11.420845 7.696779 20.765810
v 11.492381 7.779537 20.697891
v 11.517500 7.877157 20.617777
v 11.492381 7.974777 20.537663
v 11.420845 8.057535 20.469746
v 11.313786 8.112833 20.424364
vt 1.7825 0.4074
vt 1.7981 0.4074
vt 1.7971 0.4098
vt 1.7815 0.4098
vt 1.7953 0.4117
vt 1.7796 0.4117
vt 1.7928 0.4127
vt 1.7772 0.4127
vt 1.7902 0.4127
vt 1.7745 0.4127
vt 1.7877 0.4117
vt 1.7721 0.4117
vt 1.7858 0.4098
vt 1.7702 0.4098
vt 1.7848 0.4074
vt 1.7692 0.4074
vt 1.7848 0.4047
vt 1.7692 0.4047
vt 1.7858 0.4023
vt 1.7702 0.4023
vt 1.7877 0.4004
vt 1.7721 0.4004
vt 1.7902 0.3994
vt 1.7745 0.3994
vt 1.7928 0.3994
vt 1.7772 0.3994
vt 1.7953 0.4004
vt 1.7796 0.4004
vt 1.7971 0.4023
vt 1.7815 0.4023
vt 1.7981 0.4047
vt 1.7825 0.4047
vn -0.0073 0.7406 -0.6719
vn 0.0073 0.7412 -0.6712
vn -0.3781 0.6707 -0.6381
vn -0.3906 0.6663 -0.6352
vn -0.7054 0.4962 -0.5061
vn -0.7127 0.4905 -0.5015
vn -0.9234 0.2449 -0.2955
vn -0.9255 0.2410 -0.2921
vn -0.9983 -0.0439 -0.0394
vn -0.9983 -0.0440 -0.0394
vn -0.9191 -0.3253 0.2222
vn -0.9213 -0.3216 0.2187
vn -0.6994 -0.5562 0.4489
vn -0.7066 -0.5511 0.4438
vn -0.3738 -0.7017 0.6066
vn -0.3862 -0.6984 0.6026
vn 0.0072 -0.7406 0.6719
vn -0.0073 -0.7412 0.6712
vn 0.3862 -0.6681 0.6359
vn 0.3738 -0.6724 0.6388
vn 0.7066 -0.4957 0.5049
vn 0.6994 -0.5013 0.5095
vn 0.9213 -0.2492 0.2987
vn 0.9191 -0.2530 0.3020
vn 0.9983 0.0349 0.0476
vn 0.9983 0.0349 0.0475
vn 0.9255 0.3143 -0.2112
vn 0.9234 0.3181 -0.2148
vn 0.7127 0.5471 -0.4390
vn 0.7054 0.5523 -0.4442
vn 0.3906 0.6974 -0.6009
vn 0.3781 0.7008 -0.6049
usemtl None
s 1
f 2273/2273/2253 2289/2274/2254 2290/2275/2255 2274/2276/2256
f 2274/2276/2256 2290/2275/2255 2291/2277/2257 2275/2278/2258
f 2275/2278/2258 2291/2277/2257 2292/2279/2259 2276/2280/2260
f 2276/2280/2260 2292/2279/2259 2293/2281/2261 2277/2282/2262
f 2277/2282/2262 2293/2281/2261 2294/2283/2263 2278/2284/2264
f 2278/2284/2264 2294/2283/2263 2295/2285/2265 2279/2286/2266
f 2279/2286/2266 2295/2285/2265 2296/2287/2267 2280/2288/2268
f 2280/2288/2268 2296/2287/2267 2297/2289/2269 2281/2290/2270
f 2281/2290/2270 2297/2289/2269 2298/2291/2271 2282/2292/2272
f 2282/2292/2272 2298/2291/2271 2299/2293/2273 2283/2294/2274
f 2283/2294/2274 2299/2293/2273 2300/2295/2275 2284/2296/2276
f 2284/2296/2276 2300/2295/2275 2301/2297/2277 2285/2298/2278
f 2285/2298/2278 2301/2297/2277 2302/2299/2279 2286/2300/2280
f 2286/2300/2280 2302/2299/2279 2303/2301/2281 2287/2302/2282
f 2287/2302/2282 2303/2301/2281 2304/2303/2283 2288/2304/2284
f 2288/2304/2284 2304/2303/2283 2289/2274/2254 2273/2273/2253
o Circle.055
v 10.812500 12.591567 24.867746
v 10.686214 12.575629 24.887165
v 10.579155 12.530250 24.942461
v 10.507619 12.462332 25.025219
v 10.482500 12.382217 25.122839
v 10.507619 12.302103 25.220459
v 10.579155 12.234184 25.303217
v 10.686214 12.188804 25.358513
v 10.812500 12.172867 25.377932
v 10.938786 12.188803 25.358515
v 11.045845 12.234184 25.303217
v 11.117381 12.302103 25.220459
v 11.142500 12.382217 25.122839
v 11.117381 12.462332 25.025219
v 11.045845 12.530250 24.942461
v 10.938786 12.575631 24.887163
v 11.000000 10.252367 22.747616
v 10.873714 10.234604 22.765381
v 10.766655 10.184022 22.815962
v 10.695119 10.108320 22.891665
v 10.670000 10.019022 22.980963
v 10.695119 9.929726 23.070259
v 10.766655 9.854022 23.145962
v 10.873714 9.803440 23.196543
v 11.000000 9.785677 23.214306
v 11.126286 9.803439 23.196545
v 11.233345 9.854022 23.145962
v 11.304881 9.929726 23.070259
v 11.330000 10.019022 22.980963
v 11.304881 10.108320 22.891665
v 11.233345 10.184022 22.815962
v 11.126286 10.234605 22.765379
vt 1.7669 0.4074
vt 1.7825 0.4074
vt 1.7815 0.4098
vt 1.7659 0.4098
vt 1.7796 0.4117
vt 1.7640 0.4117
vt 1.7772 0.4127
vt 1.7616 0.4127
vt 1.7745 0.4127
vt 1.7589 0.4127
vt 1.7721 0.4117
vt 1.7565 0.4117
vt 1.7702 0.4098
vt 1.7546 0.4098
vt 1.7692 0.4074
vt 1.7536 0.4074
vt 1.7692 0.4047
vt 1.7536 0.4047
vt 1.7702 0.4023
vt 1.7546 0.4023
vt 1.7721 0.4004
vt 1.7565 0.4004
vt 1.7745 0.3994
vt 1.7589 0.3994
vt 1.7772 0.3994
vt 1.7616 0.3994
vt 1.7796 0.4004
vt 1.7640 0.4004
vt 1.7815 0.4023
vt 1.7659 0.4023
vt 1.7825 0.4047
vt 1.7669 0.4047
vn -0.0073 0.6712 -0.7412
vn 0.0073 0.6719 -0.7406
vn -0.3781 0.6049 -0.7008
vn -0.3906 0.6009 -0.6974
vn -0.7054 0.4442 -0.5523
vn -0.7127 0.4390 -0.5471
vn -0.9234 0.2148 -0.3181
vn -0.9255 0.2112 -0.3143
vn -0.9983 -0.0475 -0.0349
vn -0.9983 -0.0476 -0.0349
vn -0.9191 -0.3020 0.2530
vn -0.9213 -0.2987 0.2492
vn -0.6994 -0.5095 0.5013
vn -0.7066 -0.5049 0.4957
vn -0.3738 -0.6388 0.6724
vn -0.3862 -0.6359 0.6681
vn 0.0072 -0.6712 0.7412
vn -0.0073 -0.6719 0.7406
vn 0.3862 -0.6026 0.6984
vn 0.3738 -0.6066 0.7017
vn 0.7066 -0.4438 0.5511
vn 0.6994 -0.4489 0.5562
vn 0.9213 -0.2187 0.3216
vn 0.9191 -0.2222 0.3253
vn 0.9983 0.0394 0.0440
vn 0.9983 0.0394 0.0439
vn 0.9255 0.2921 -0.2410
vn 0.9234 0.2955 -0.2449
vn 0.7127 0.5015 -0.4905
vn 0.7054 0.5061 -0.4962
vn 0.3906 0.6352 -0.6663
vn 0.3781 0.6381 -0.6707
usemtl None
s 1
f 2305/2305/2285 2321/2306/2286 2322/2307/2287 2306/2308/2288
f 2306/2308/2288 2322/2307/2287 2323/2309/2289 2307/2310/2290
f 2307/2310/2290 2323/2309/2289 2324/2311/2291 2308/2312/2292
f 2308/2312/2292 2324/2311/2291 2325/2313/2293 2309/2314/2294
f 2309/2314/2294 2325/2313/2293 2326/2315/2295 2310/2316/2296
f 2310/2316/2296 2326/2315/2295 2327/2317/2297 2311/2318/2298
f 2311/2318/2298 2327/2317/2297 2328/2319/2299 2312/2320/2300
f 2312/2320/2300 2328/2319/2299 2329/2321/2301 2313/2322/2302
f 2313/2322/2302 2329/2321/2301 2330/2323/2303 2314/2324/2304
f 2314/2324/2304 2330/2323/2303 2331/2325/2305 2315/2326/2306
f 2315/2326/2306 2331/2325/2305 2332/2327/2307 2316/2328/2308
f 2316/2328/2308 2332/2327/2307 2333/2329/2309 2317/2330/2310
f 2317/2330/2310 2333/2329/2309 2334/2331/2311 2318/2332/2312
f 2318/2332/2312 2334/2331/2311 2335/2333/2313 2319/2334/2314
f 2319/2334/2314 2335/2333/2313 2336/2335/2315 2320/2336/2316
f 2320/2336/2316 2336/2335/2315 2321/2306/2286 2305/2305/2285
o Circle.054
v 10.625000 15.127299 26.748373
v 10.498714 15.113342 26.769260
v 10.391655 15.073601 26.828737
v 10.320119 15.014121 26.917755
v 10.295000 14.943961 27.022758
v 10.320119 14.873800 27.127760
v 10.391655 14.814322 27.216778
v 10.498714 14.774579 27.276255
v 10.625000 14.760623 27.297142
v 10.751286 14.774578 27.276257
v 10.858345 14.814322 27.216778
v 10.929881 14.873800 27.127760
v 10.955000 14.943961 27.022758
v 10.929881 15.014121 26.917755
v 10.858345 15.073601 26.828737
v 10.751286 15.113343 26.769258
v 10.812500 12.591567 24.867746
v 10.686214 12.575629 24.887165
v 10.579155 12.530250 24.942461
v 10.507619 12.462332 25.025219
v 10.482500 12.382217 25.122839
v 10.507619 12.302103 25.220459
v 10.579155 12.234184 25.303217
v 10.686214 12.188804 25.358513
v 10.812500 12.172867 25.377932
v 10.938786 12.188803 25.358515
v 11.045845 12.234184 25.303217
v 11.117381 12.302103 25.220459
v 11.142500 12.382217 25.122839
v 11.117381 12.462332 25.025219
v 11.045845 12.530250 24.942461
v 10.938786 12.575631 24.887163
vt 1.7513 0.4074
vt 1.7669 0.4074
vt 1.7659 0.4098
vt 1.7503 0.4098
vt 1.7640 0.4117
vt 1.7484 0.4117
vt 1.7616 0.4127
vt 1.7459 0.4127
vt 1.7589 0.4127
vt 1.7433 0.4127
vt 1.7565 0.4117
vt 1.7408 0.4117
vt 1.7546 0.4098
vt 1.7390 0.4098
vt 1.7536 0.4074
vt 1.7379 0.4074
vt 1.7536 0.4047
vt 1.7379 0.4047
vt 1.7546 0.4023
vt 1.7390 0.4023
vt 1.7565 0.4004
vt 1.7408 0.4004
vt 1.7589 0.3994
vt 1.7433 0.3994
vt 1.7616 0.3994
vt 1.7459 0.3994
vt 1.7640 0.4004
vt 1.7484 0.4004
vt 1.7659 0.4023
vt 1.7503 0.4023
vt 1.7669 0.4047
vt 1.7513 0.4047
vn -0.0073 0.5953 -0.8034
vn 0.0073 0.5960 -0.8029
vn -0.3781 0.5333 -0.7567
vn -0.3906 0.5296 -0.7530
vn -0.7054 0.3880 -0.5932
vn -0.7127 0.3832 -0.5875
vn -0.9234 0.1826 -0.3376
vn -0.9255 0.1793 -0.3335
vn -0.9983 -0.0507 -0.0301
vn -0.9983 -0.0508 -0.0300
vn -0.9191 -0.2757 0.2814
vn -0.9213 -0.2728 0.2772
vn -0.6994 -0.4579 0.5488
vn -0.7066 -0.4539 0.5428
vn -0.3738 -0.5699 0.7318
vn -0.3862 -0.5674 0.7273
vn 0.0072 -0.5953 0.8034
vn -0.0073 -0.5960 0.8029
vn 0.3862 -0.5312 0.7541
vn 0.3738 -0.5349 0.7577
vn 0.7066 -0.3876 0.5919
vn 0.6994 -0.3923 0.5975
vn 0.9213 -0.1861 0.3415
vn 0.9191 -0.1892 0.3455
vn 0.9983 0.0435 0.0399
vn 0.9983 0.0435 0.0398
vn 0.9255 0.2671 -0.2684
vn 0.9234 0.2701 -0.2727
vn 0.7127 0.4510 -0.5373
vn 0.7054 0.4550 -0.5434
vn 0.3906 0.5668 -0.7254
vn 0.3781 0.5693 -0.7300
usemtl None
s 1
f 2337/2337/2317 2353/2338/2318 2354/2339/2319 2338/2340/2320
f 2338/2340/2320 2354/2339/2319 2355/2341/2321 2339/2342/2322
f 2339/2342/2322 2355/2341/2321 2356/2343/2323 2340/2344/2324
f 2340/2344/2324 2356/2343/2323 2357/2345/2325 2341/2346/2326
f 2341/2346/2326 2357/2345/2325 2358/2347/2327 2342/2348/2328
f 2342/2348/2328 2358/2347/2327 2359/2349/2329 2343/2350/2330
f 2343/2350/2330 2359/2349/2329 2360/2351/2331 2344/2352/2332
f 2344/2352/2332 2360/2351/2331 2361/2353/2333 2345/2354/2334
f 2345/2354/2334 2361/2353/2333 2362/2355/2335 2346/2356/2336
f 2346/2356/2336 2362/2355/2335 2363/2357/2337 2347/2358/2338
f 2347/2358/2338 2363/2357/2337 2364/2359/2339 2348/2360/2340
f 2348/2360/2340 2364/2359/2339 2365/2361/2341 2349/2362/2342
f 2349/2362/2342 2365/2361/2341 2366/2363/2343 2350/2364/2344
f 2350/2364/2344 2366/2363/2343 2367/2365/2345 2351/2366/2346
f 2351/2366/2346 2367/2365/2345 2368/2367/2347 2352/2368/2348
f 2352/2368/2348 2368/2367/2347 2353/2338/2318 2337/2337/2317
o Circle.053
v 10.437500 17.835169 28.371408
v 10.311214 17.823326 28.393564
v 10.204155 17.789606 28.456650
v 10.132619 17.739138 28.551069
v 10.107500 17.679607 28.662441
v 10.132619 17.620077 28.773817
v 10.204155 17.569609 28.868235
v 10.311214 17.535889 28.931320
v 10.437500 17.524046 28.953476
v 10.563786 17.535887 28.931324
v 10.670845 17.569609 28.868235
v 10.742381 17.620077 28.773817
v 10.767500 17.679607 28.662441
v 10.742381 17.739138 28.551069
v 10.670845 17.789606 28.456650
v 10.563786 17.823326 28.393562
v 10.625000 15.127299 26.748373
v 10.498714 15.113342 26.769260
v 10.391655 15.073601 26.828737
v 10.320119 15.014121 26.917755
v 10.295000 14.943961 27.022758
v 10.320119 14.873800 27.127760
v 10.391655 14.814322 27.216778
v 10.498714 14.774579 27.276255
v 10.625000 14.760623 27.297142
v 10.751286 14.774578 27.276257
v 10.858345 14.814322 27.216778
v 10.929881 14.873800 27.127760
v 10.955000 14.943961 27.022758
v 10.929881 15.014121 26.917755
v 10.858345 15.073601 26.828737
v 10.751286 15.113343 26.769258
vt 1.7356 0.4074
vt 1.7513 0.4074
vt 1.7503 0.4098
vt 1.7346 0.4098
vt 1.7484 0.4117
vt 1.7328 0.4117
vt 1.7459 0.4127
vt 1.7303 0.4127
vt 1.7433 0.4127
vt 1.7277 0.4127
vt 1.7408 0.4117
vt 1.7252 0.4117
vt 1.7390 0.4098
vt 1.7233 0.4098
vt 1.7379 0.4074
vt 1.7223 0.4074
vt 1.7379 0.4047
vt 1.7223 0.4047
vt 1.7390 0.4023
vt 1.7233 0.4023
vt 1.7408 0.4004
vt 1.7252 0.4004
vt 1.7433 0.3994
vt 1.7277 0.3994
vt 1.7459 0.3994
vt 1.7303 0.3994
vt 1.7484 0.4004
vt 1.7328 0.4004
vt 1.7503 0.4023
vt 1.7346 0.4023
vt 1.7513 0.4047
vt 1.7356 0.4047
vn -0.0073 0.5137 -0.8579
vn 0.0073 0.5145 -0.8575
vn -0.3781 0.4566 -0.8054
vn -0.3906 0.4533 -0.8013
vn -0.7054 0.3280 -0.6284
vn -0.7127 0.3238 -0.6222
vn -0.9234 0.1486 -0.3539
vn -0.9255 0.1458 -0.3494
vn -0.9983 -0.0534 -0.0250
vn -0.9983 -0.0535 -0.0249
vn -0.9191 -0.2468 0.3070
vn -0.9213 -0.2443 0.3026
vn -0.6994 -0.4019 0.5911
vn -0.7066 -0.3985 0.5847
vn -0.3738 -0.4954 0.7841
vn -0.3862 -0.4934 0.7794
vn 0.0072 -0.5137 0.8579
vn -0.0073 -0.5145 0.8575
vn 0.3862 -0.4548 0.8025
vn 0.3738 -0.4580 0.8065
vn 0.7066 -0.3277 0.6271
vn 0.6994 -0.3318 0.6331
vn 0.9213 -0.1517 0.3581
vn 0.9191 -0.1545 0.3624
vn 0.9983 0.0472 0.0354
vn 0.9983 0.0472 0.0353
vn 0.9255 0.2395 -0.2933
vn 0.9234 0.2420 -0.2979
vn 0.7127 0.3961 -0.5789
vn 0.7054 0.3996 -0.5854
vn 0.3906 0.4930 -0.7774
vn 0.3781 0.4950 -0.7823
usemtl None
s 1
f 2369/2369/2349 2385/2370/2350 2386/2371/2351 2370/2372/2352
f 2370/2372/2352 2386/2371/2351 2387/2373/2353 2371/2374/2354
f 2371/2374/2354 2387/2373/2353 2388/2375/2355 2372/2376/2356
f 2372/2376/2356 2388/2375/2355 2389/2377/2357 2373/2378/2358
f 2373/2378/2358 2389/2377/2357 2390/2379/2359 2374/2380/2360
f 2374/2380/2360 2390/2379/2359 2391/2381/2361 2375/2382/2362
f 2375/2382/2362 2391/2381/2361 2392/2383/2363 2376/2384/2364
f 2376/2384/2364 2392/2383/2363 2393/2385/2365 2377/2386/2366
f 2377/2386/2366 2393/2385/2365 2394/2387/2367 2378/2388/2368
f 2378/2388/2368 2394/2387/2367 2395/2389/2369 2379/2390/2370
f 2379/2390/2370 2395/2389/2369 2396/2391/2371 2380/2392/2372
f 2380/2392/2372 2396/2391/2371 2397/2393/2373 2381/2394/2374
f 2381/2394/2374 2397/2393/2373 2398/2395/2375 2382/2396/2376
f 2382/2396/2376 2398/2395/2375 2399/2397/2377 2383/2398/2378
f 2383/2398/2378 2399/2397/2377 2400/2399/2379 2384/2400/2380
f 2384/2400/2380 2400/2399/2379 2385/2370/2350 2369/2369/2349
o Circle.052
v 10.250000 20.689068 29.721203
v 10.123714 20.679455 29.744411
v 10.016655 20.652081 29.810499
v 9.945119 20.611109 29.909410
v 9.920000 20.562782 30.026083
v 9.945119 20.514456 30.142756
v 10.016655 20.473484 30.241665
v 10.123714 20.446112 30.307755
v 10.250000 20.436497 30.330963
v 10.376286 20.446110 30.307756
v 10.483345 20.473484 30.241665
v 10.554881 20.514456 30.142756
v 10.580000 20.562782 30.026083
v 10.554881 20.611109 29.909410
v 10.483345 20.652081 29.810499
v 10.376286 20.679455 29.744410
v 10.437500 17.835169 28.371408
v 10.311214 17.823326 28.393564
v 10.204155 17.789606 28.456650
v 10.132619 17.739138 28.551069
v 10.107500 17.679607 28.662441
v 10.132619 17.620077 28.773817
v 10.204155 17.569609 28.868235
v 10.311214 17.535889 28.931320
v 10.437500 17.524046 28.953476
v 10.563786 17.535887 28.931324
v 10.670845 17.569609 28.868235
v 10.742381 17.620077 28.773817
v 10.767500 17.679607 28.662441
v 10.742381 17.739138 28.551069
v 10.670845 17.789606 28.456650
v 10.563786 17.823326 28.393562
vt 1.7200 0.4074
vt 1.7356 0.4074
vt 1.7346 0.4098
vt 1.7190 0.4098
vt 1.7328 0.4117
vt 1.7171 0.4117
vt 1.7303 0.4127
vt 1.7147 0.4127
vt 1.7277 0.4127
vt 1.7120 0.4127
vt 1.7252 0.4117
vt 1.7096 0.4117
vt 1.7233 0.4098
vt 1.7077 0.4098
vt 1.7223 0.4074
vt 1.7067 0.4074
vt 1.7223 0.4047
vt 1.7067 0.4047
vt 1.7233 0.4023
vt 1.7077 0.4023
vt 1.7252 0.4004
vt 1.7096 0.4004
vt 1.7277 0.3994
vt 1.7120 0.3994
vt 1.7303 0.3994
vt 1.7147 0.3994
vt 1.7328 0.4004
vt 1.7171 0.4004
vt 1.7346 0.4023
vt 1.7190 0.4023
vt 1.7356 0.4047
vt 1.7200 0.4047
vn -0.0073 0.4271 -0.9042
vn 0.0073 0.4279 -0.9038
vn -0.3781 0.3754 -0.8462
vn -0.3906 0.3725 -0.8418
vn -0.7054 0.2648 -0.6575
vn -0.7127 0.2612 -0.6510
vn -0.9234 0.1132 -0.3668
vn -0.9255 0.1108 -0.3621
vn -0.9983 -0.0556 -0.0196
vn -0.9983 -0.0557 -0.0196
vn -0.9191 -0.2155 0.3298
vn -0.9213 -0.2135 0.3251
vn -0.6994 -0.3420 0.6276
vn -0.7066 -0.3393 0.6209
vn -0.3738 -0.4161 0.8289
vn -0.3862 -0.4146 0.8240
vn 0.0072 -0.4272 0.9041
vn -0.0073 -0.4279 0.9038
vn 0.3862 -0.3739 0.8432
vn 0.3738 -0.3768 0.8475
vn 0.7067 -0.2647 0.6562
vn 0.6994 -0.2682 0.6625
vn 0.9213 -0.1159 0.3713
vn 0.9191 -0.1182 0.3758
vn 0.9983 0.0504 0.0306
vn 0.9983 0.0505 0.0305
vn 0.9255 0.2096 -0.3154
vn 0.9234 0.2117 -0.3202
vn 0.7127 0.3375 -0.6149
vn 0.7054 0.3403 -0.6218
vn 0.3906 0.4144 -0.8220
vn 0.3781 0.4160 -0.8271
usemtl None
s 1
f 2401/2401/2381 2417/2402/2382 2418/2403/2383 2402/2404/2384
f 2402/2404/2384 2418/2403/2383 2419/2405/2385 2403/2406/2386
f 2403/2406/2386 2419/2405/2385 2420/2407/2387 2404/2408/2388
f 2404/2408/2388 2420/2407/2387 2421/2409/2389 2405/2410/2390
f 2405/2410/2390 2421/2409/2389 2422/2411/2391 2406/2412/2392
f 2406/2412/2392 2422/2411/2391 2423/2413/2393 2407/2414/2394
f 2407/2414/2394 2423/2413/2393 2424/2415/2395 2408/2416/2396
f 2408/2416/2396 2424/2415/2395 2425/2417/2397 2409/2418/2398
f 2409/2418/2398 2425/2417/2397 2426/2419/2399 2410/2420/2400
f 2410/2420/2400 2426/2419/2399 2427/2421/2401 2411/2422/2402
f 2411/2422/2402 2427/2421/2401 2428/2423/2403 2412/2424/2404
f 2412/2424/2404 2428/2423/2403 2429/2425/2405 2413/2426/2406
f 2413/2426/2406 2429/2425/2405 2430/2427/2407 2414/2428/2408
f 2414/2428/2408 2430/2427/2407 2431/2429/2409 2415/2430/2410
f 2415/2430/2410 2431/2429/2409 2432/2431/2411 2416/2432/2412
f 2416/2432/2412 2432/2431/2411 2417/2402/2382 2401/2401/2381
o Circle.051
v 10.062500 23.661531 30.784767
v 9.936214 23.654238 30.808807
v 9.829155 23.633474 30.877260
v 9.757619 23.602396 30.979710
v 9.732500 23.565737 31.100557
v 9.757619 23.529078 31.221405
v 9.829155 23.497999 31.323854
v 9.936214 23.477236 31.392309
v 10.062500 23.469942 31.416348
v 10.188786 23.477236 31.392309
v 10.295845 23.497999 31.323854
v 10.367381 23.529078 31.221405
v 10.392500 23.565737 31.100557
v 10.367381 23.602396 30.979710
v 10.295845 23.633474 30.877260
v 10.188786 23.654240 30.808805
v 10.250000 20.689068 29.721203
v 10.123714 20.679455 29.744411
v 10.016655 20.652081 29.810499
v 9.945119 20.611109 29.909410
v 9.920000 20.562782 30.026083
v 9.945119 20.514456 30.142756
v 10.016655 20.473484 30.241665
v 10.123714 20.446112 30.307755
v 10.250000 20.436497 30.330963
v 10.376286 20.446110 30.307756
v 10.483345 20.473484 30.241665
v 10.554881 20.514456 30.142756
v 10.580000 20.562782 30.026083
v 10.554881 20.611109 29.909410
v 10.483345 20.652081 29.810499
v 10.376286 20.679455 29.744410
vt 1.7044 0.4074
vt 1.7200 0.4074
vt 1.7190 0.4098
vt 1.7034 0.4098
vt 1.7171 0.4117
vt 1.7015 0.4117
vt 1.7147 0.4127
vt 1.6991 0.4127
vt 1.7120 0.4127
vt 1.6964 0.4127
vt 1.7096 0.4117
vt 1.6940 0.4117
vt 1.7077 0.4098
vt 1.6921 0.4098
vt 1.7067 0.4074
vt 1.6911 0.4074
vt 1.7067 0.4047
vt 1.6911 0.4047
vt 1.7077 0.4023
vt 1.6921 0.4023
vt 1.7096 0.4004
vt 1.6940 0.4004
vt 1.7120 0.3994
vt 1.6964 0.3994
vt 1.7147 0.3994
vt 1.6991 0.3994
vt 1.7171 0.4004
vt 1.7015 0.4004
vt 1.7190 0.4023
vt 1.7034 0.4023
vt 1.7200 0.4047
vt 1.7044 0.4047
vn -0.0073 0.3365 -0.9417
vn 0.0073 0.3373 -0.9414
vn -0.3781 0.2907 -0.8790
vn -0.3906 0.2882 -0.8743
vn -0.7054 0.1991 -0.6803
vn -0.7127 0.1962 -0.6735
vn -0.9234 0.0767 -0.3761
vn -0.9255 0.0748 -0.3712
vn -0.9983 -0.0573 -0.0141
vn -0.9983 -0.0573 -0.0140
vn -0.9191 -0.1822 0.3493
vn -0.9213 -0.1806 0.3445
vn -0.6994 -0.2789 0.6581
vn -0.7066 -0.2768 0.6512
vn -0.3738 -0.3329 0.8657
vn -0.3862 -0.3319 0.8606
vn 0.0073 -0.3365 0.9417
vn -0.0073 -0.3373 0.9414
vn 0.3862 -0.2895 0.8758
vn 0.3738 -0.2919 0.8804
vn 0.7066 -0.1991 0.6790
vn 0.6994 -0.2019 0.6856
vn 0.9213 -0.0790 0.3808
vn 0.9191 -0.0808 0.3856
vn 0.9983 0.0532 0.0255
vn 0.9255 0.1776 -0.3344
vn 0.9234 0.1793 -0.3394
vn 0.7127 0.2756 -0.6450
vn 0.7054 0.2777 -0.6521
vn 0.3906 0.3318 -0.8587
vn 0.3781 0.3329 -0.8638
usemtl None
s 1
f 2433/2433/2413 2449/2434/2414 2450/2435/2415 2434/2436/2416
f 2434/2436/2416 2450/2435/2415 2451/2437/2417 2435/2438/2418
f 2435/2438/2418 2451/2437/2417 2452/2439/2419 2436/2440/2420
f 2436/2440/2420 2452/2439/2419 2453/2441/2421 2437/2442/2422
f 2437/2442/2422 2453/2441/2421 2454/2443/2423 2438/2444/2424
f 2438/2444/2424 2454/2443/2423 2455/2445/2425 2439/2446/2426
f 2439/2446/2426 2455/2445/2425 2456/2447/2427 2440/2448/2428
f 2440/2448/2428 2456/2447/2427 2457/2449/2429 2441/2450/2430
f 2441/2450/2430 2457/2449/2429 2458/2451/2431 2442/2452/2432
f 2442/2452/2432 2458/2451/2431 2459/2453/2433 2443/2454/2434
f 2443/2454/2434 2459/2453/2433 2460/2455/2435 2444/2456/2436
f 2444/2456/2436 2460/2455/2435 2461/2457/2437 2445/2458/2437
f 2445/2458/2437 2461/2457/2437 2462/2459/2438 2446/2460/2439
f 2446/2460/2439 2462/2459/2438 2463/2461/2440 2447/2462/2441
f 2447/2462/2441 2463/2461/2440 2464/2463/2442 2448/2464/2443
f 2448/2464/2443 2464/2463/2442 2449/2434/2414 2433/2433/2413
o Circle.050
v 9.875000 26.723942 31.551861
v 9.748714 26.719040 31.576500
v 9.641655 26.705086 31.646658
v 9.570119 26.684198 31.751661
v 9.545000 26.659561 31.875521
v 9.570119 26.634924 31.999380
v 9.641655 26.614038 32.104382
v 9.748714 26.600082 32.174541
v 9.875000 26.595181 32.199181
v 10.001286 26.600082 32.174545
v 10.108345 26.614038 32.104382
v 10.179881 26.634924 31.999380
v 10.205000 26.659561 31.875521
v 10.179881 26.684198 31.751661
v 10.108345 26.705086 31.646658
v 10.001286 26.719040 31.576498
v 10.062500 23.661531 30.784767
v 9.936214 23.654238 30.808807
v 9.829155 23.633474 30.877260
v 9.757619 23.602396 30.979710
v 9.732500 23.565737 31.100557
v 9.757619 23.529078 31.221405
v 9.829155 23.497999 31.323854
v 9.936214 23.477236 31.392309
v 10.062500 23.469942 31.416348
v 10.188786 23.477236 31.392309
v 10.295845 23.497999 31.323854
v 10.367381 23.529078 31.221405
v 10.392500 23.565737 31.100557
v 10.367381 23.602396 30.979710
v 10.295845 23.633474 30.877260
v 10.188786 23.654240 30.808805
vt 1.6888 0.4074
vt 1.7044 0.4074
vt 1.7034 0.4098
vt 1.6878 0.4098
vt 1.7015 0.4117
vt 1.6859 0.4117
vt 1.6991 0.4127
vt 1.6834 0.4127
vt 1.6964 0.4127
vt 1.6808 0.4127
vt 1.6940 0.4117
vt 1.6783 0.4117
vt 1.6921 0.4098
vt 1.6765 0.4098
vt 1.6911 0.4074
vt 1.6754 0.4074
vt 1.6911 0.4047
vt 1.6754 0.4047
vt 1.6921 0.4023
vt 1.6765 0.4023
vt 1.6940 0.4004
vt 1.6783 0.4004
vt 1.6964 0.3994
vt 1.6808 0.3994
vt 1.6991 0.3994
vt 1.6834 0.3994
vt 1.7015 0.4004
vt 1.6859 0.4004
vt 1.7034 0.4023
vt 1.6878 0.4023
vt 1.7044 0.4047
vt 1.6888 0.4047
vn -0.0073 0.2426 -0.9701
vn 0.0073 0.2434 -0.9699
vn -0.3781 0.2031 -0.9032
vn -0.3906 0.2011 -0.8983
vn -0.7054 0.1314 -0.6965
vn -0.7127 0.1292 -0.6894
vn -0.9234 0.0395 -0.3818
vn -0.9255 0.0381 -0.3767
vn -0.9983 -0.0584 -0.0084
vn -0.9983 -0.0584 -0.0083
vn -0.9191 -0.1470 0.3655
vn -0.9213 -0.1459 0.3605
vn -0.6994 -0.2130 0.6823
vn -0.7066 -0.2117 0.6752
vn -0.3738 -0.2464 0.8942
vn -0.3862 -0.2459 0.8890
vn 0.0072 -0.2426 0.9701
vn -0.0073 -0.2434 0.9699
vn 0.3862 -0.2022 0.9000
vn 0.3738 -0.2042 0.9047
vn 0.7066 -0.1316 0.6952
vn 0.6994 -0.1338 0.7021
vn 0.9213 -0.0412 0.3867
vn 0.9191 -0.0426 0.3916
vn 0.9983 0.0554 0.0202
vn 0.9983 0.0555 0.0201
vn 0.9255 0.1440 -0.3502
vn 0.9234 0.1452 -0.3553
vn 0.7127 0.2110 -0.6689
vn 0.7054 0.2124 -0.6762
vn 0.3906 0.2461 -0.8871
vn 0.3781 0.2466 -0.8923
usemtl None
s 1
f 2465/2465/2444 2481/2466/2445 2482/2467/2446 2466/2468/2447
f 2466/2468/2447 2482/2467/2446 2483/2469/2448 2467/2470/2449
f 2467/2470/2449 2483/2469/2448 2484/2471/2450 2468/2472/2451
f 2468/2472/2451 2484/2471/2450 2485/2473/2452 2469/2474/2453
f 2469/2474/2453 2485/2473/2452 2486/2475/2454 2470/2476/2455
f 2470/2476/2455 2486/2475/2454 2487/2477/2456 2471/2478/2457
f 2471/2478/2457 2487/2477/2456 2488/2479/2458 2472/2480/2459
f 2472/2480/2459 2488/2479/2458 2489/2481/2460 2473/2482/2461
f 2473/2482/2461 2489/2481/2460 2490/2483/2462 2474/2484/2463
f 2474/2484/2463 2490/2483/2462 2491/2485/2464 2475/2486/2465
f 2475/2486/2465 2491/2485/2464 2492/2487/2466 2476/2488/2467
f 2476/2488/2467 2492/2487/2466 2493/2489/2468 2477/2490/2469
f 2477/2490/2469 2493/2489/2468 2494/2491/2470 2478/2492/2471
f 2478/2492/2471 2494/2491/2470 2495/2493/2472 2479/2494/2473
f 2479/2494/2473 2495/2493/2472 2496/2495/2474 2480/2496/2475
f 2480/2496/2475 2496/2495/2474 2481/2466/2445 2465/2465/2444
o Circle.049
v 9.687500 29.846779 32.015095
v 9.561214 29.844316 32.040092
v 9.454155 29.837305 32.111282
v 9.382619 29.826811 32.217827
v 9.357500 29.814434 32.343502
v 9.382619 29.802055 32.469181
v 9.454155 29.791561 32.575726
v 9.561214 29.784550 32.646915
v 9.687500 29.782087 32.671913
v 9.813786 29.784550 32.646915
v 9.920845 29.791561 32.575726
v 9.992381 29.802055 32.469181
v 10.017500 29.814434 32.343502
v 9.992381 29.826811 32.217827
v 9.920845 29.837305 32.111282
v 9.813786 29.844316 32.040092
v 9.875000 26.723942 31.551861
v 9.748714 26.719040 31.576500
v 9.641655 26.705086 31.646658
v 9.570119 26.684198 31.751661
v 9.545000 26.659561 31.875521
v 9.570119 26.634924 31.999380
v 9.641655 26.614038 32.104382
v 9.748714 26.600082 32.174541
v 9.875000 26.595181 32.199181
v 10.001286 26.600082 32.174545
v 10.108345 26.614038 32.104382
v 10.179881 26.634924 31.999380
v 10.205000 26.659561 31.875521
v 10.179881 26.684198 31.751661
v 10.108345 26.705086 31.646658
v 10.001286 26.719040 31.576498
vt 1.6731 0.4074
vt 1.6888 0.4074
vt 1.6878 0.4098
vt 1.6721 0.4098
vt 1.6859 0.4117
vt 1.6703 0.4117
vt 1.6834 0.4127
vt 1.6678 0.4127
vt 1.6808 0.4127
vt 1.6652 0.4127
vt 1.6783 0.4117
vt 1.6627 0.4117
vt 1.6765 0.4098
vt 1.6608 0.4098
vt 1.6754 0.4074
vt 1.6598 0.4074
vt 1.6754 0.4047
vt 1.6598 0.4047
vt 1.6765 0.4023
vt 1.6608 0.4023
vt 1.6783 0.4004
vt 1.6627 0.4004
vt 1.6808 0.3994
vt 1.6652 0.3994
vt 1.6834 0.3994
vt 1.6678 0.3994
vt 1.6859 0.4004
vt 1.6703 0.4004
vt 1.6878 0.4023
vt 1.6721 0.4023
vt 1.6888 0.4047
vt 1.6731 0.4047
vn -0.0073 0.1463 -0.9892
vn 0.0073 0.1472 -0.9891
vn -0.3781 0.1136 -0.9188
vn -0.3906 0.1121 -0.9137
vn -0.7054 0.0625 -0.7060
vn -0.7127 0.0610 -0.6988
vn -0.9234 0.0019 -0.3838
vn -0.9255 0.0010 -0.3786
vn -0.9983 -0.0589 -0.0026
vn -0.9983 -0.0589 -0.0025
vn -0.9191 -0.1105 0.3781
vn -0.9213 -0.1099 0.3731
vn -0.6994 -0.1451 0.6999
vn -0.7066 -0.1445 0.6927
vn -0.3738 -0.1576 0.9140
vn -0.3862 -0.1576 0.9088
vn 0.0073 -0.1463 0.9892
vn -0.0073 -0.1471 0.9891
vn 0.3862 -0.1130 0.9155
vn 0.3738 -0.1145 0.9204
vn 0.7066 -0.0628 0.7048
vn 0.6994 -0.0643 0.7118
vn 0.9213 -0.0031 0.3889
vn 0.9191 -0.0040 0.3939
vn 0.9983 0.0571 0.0147
vn 0.9983 0.0572 0.0146
vn 0.9255 0.1090 -0.3626
vn 0.9234 0.1096 -0.3678
vn 0.7127 0.1445 -0.6864
vn 0.7054 0.1451 -0.6938
vn 0.3906 0.1579 -0.9069
vn 0.3781 0.1580 -0.9122
usemtl None
s 1
f 2497/2497/2476 2513/2498/2477 2514/2499/2478 2498/2500/2479
f 2498/2500/2479 2514/2499/2478 2515/2501/2480 2499/2502/2481
f 2499/2502/2481 2515/2501/2480 2516/2503/2482 2500/2504/2483
f 2500/2504/2483 2516/2503/2482 2517/2505/2484 2501/2506/2485
f 2501/2506/2485 2517/2505/2484 2518/2507/2486 2502/2508/2487
f 2502/2508/2487 2518/2507/2486 2519/2509/2488 2503/2510/2489
f 2503/2510/2489 2519/2509/2488 2520/2511/2490 2504/2512/2491
f 2504/2512/2491 2520/2511/2490 2521/2513/2492 2505/2514/2493
f 2505/2514/2493 2521/2513/2492 2522/2515/2494 2506/2516/2495
f 2506/2516/2495 2522/2515/2494 2523/2517/2496 2507/2518/2497
f 2507/2518/2497 2523/2517/2496 2524/2519/2498 2508/2520/2499
f 2508/2520/2499 2524/2519/2498 2525/2521/2500 2509/2522/2501
f 2509/2522/2501 2525/2521/2500 2526/2523/2502 2510/2524/2503
f 2510/2524/2503 2526/2523/2502 2527/2525/2504 2511/2526/2505
f 2511/2526/2505 2527/2525/2504 2528/2527/2506 2512/2528/2507
f 2512/2528/2507 2528/2527/2506 2513/2498/2477 2497/2497/2476
o Circle.048
v 9.500000 33.000000 32.169998
v 9.373714 33.000000 32.195122
v 9.266655 33.000000 32.266655
v 9.195119 33.000000 32.373714
v 9.170000 33.000000 32.500000
v 9.195119 33.000000 32.626286
v 9.266655 33.000000 32.733345
v 9.373714 33.000000 32.804878
v 9.500000 33.000000 32.829998
v 9.626286 33.000000 32.804878
v 9.733345 33.000000 32.733345
v 9.804881 33.000000 32.626286
v 9.830000 33.000000 32.500000
v 9.804881 33.000000 32.373714
v 9.733345 33.000000 32.266655
v 9.626286 33.000000 32.195118
v 9.687500 29.846779 32.015095
v 9.561214 29.844316 32.040092
v 9.454155 29.837305 32.111282
v 9.382619 29.826811 32.217827
v 9.357500 29.814434 32.343502
v 9.382619 29.802055 32.469181
v 9.454155 29.791561 32.575726
v 9.561214 29.784550 32.646915
v 9.687500 29.782087 32.671913
v 9.813786 29.784550 32.646915
v 9.920845 29.791561 32.575726
v 9.992381 29.802055 32.469181
v 10.017500 29.814434 32.343502
v 9.992381 29.826811 32.217827
v 9.920845 29.837305 32.111282
v 9.813786 29.844316 32.040092
vt 1.6575 0.4074
vt 1.6731 0.4074
vt 1.6721 0.4098
vt 1.6565 0.4098
vt 1.6703 0.4117
vt 1.6546 0.4117
vt 1.6678 0.4127
vt 1.6522 0.4127
vt 1.6652 0.4127
vt 1.6495 0.4127
vt 1.6627 0.4117
vt 1.6471 0.4117
vt 1.6608 0.4098
vt 1.6452 0.4098
vt 1.6598 0.4074
vt 1.6442 0.4074
vt 1.6598 0.4047
vt 1.6442 0.4047
vt 1.6608 0.4023
vt 1.6452 0.4023
vt 1.6627 0.4004
vt 1.6471 0.4004
vt 1.6652 0.3994
vt 1.6495 0.3994
vt 1.6678 0.3994
vt 1.6522 0.3994
vt 1.6703 0.4004
vt 1.6546 0.4004
vt 1.6721 0.4023
vt 1.6565 0.4023
vt 1.6731 0.4047
vt 1.6575 0.4047
vn -0.0073 0.0486 -0.9988
vn 0.0073 0.0495 -0.9987
vn -0.3781 0.0230 -0.9255
vn -0.3906 0.0220 -0.9203
vn -0.7054 -0.0070 -0.7088
vn -0.7127 -0.0078 -0.7014
vn -0.9234 -0.0358 -0.3822
vn -0.9255 -0.0362 -0.3769
vn -0.9983 -0.0589 0.0032
vn -0.9191 -0.0729 0.3871
vn -0.9213 -0.0728 0.3821
vn -0.6994 -0.0758 0.7107
vn -0.7066 -0.0759 0.7035
vn -0.3738 -0.0673 0.9251
vn -0.3862 -0.0677 0.9199
vn 0.0073 -0.0486 0.9988
vn -0.0073 -0.0495 0.9987
vn 0.3862 -0.0228 0.9221
vn 0.3738 -0.0237 0.9272
vn 0.7066 0.0066 0.7075
vn 0.6994 0.0058 0.7147
vn 0.9213 0.0350 0.3874
vn 0.9191 0.0346 0.3924
vn 0.9983 0.0583 0.0090
vn 0.9983 0.0583 0.0089
vn 0.9255 0.0729 -0.3716
vn 0.9234 0.0731 -0.3768
vn 0.7127 0.0765 -0.6973
vn 0.7054 0.0764 -0.7047
vn 0.3906 0.0683 -0.9180
vn 0.3781 0.0678 -0.9233
usemtl None
s 1
f 2529/2529/2508 2545/2530/2509 2546/2531/2510 2530/2532/2511
f 2530/2532/2511 2546/2531/2510 2547/2533/2512 2531/2534/2513
f 2531/2534/2513 2547/2533/2512 2548/2535/2514 2532/2536/2515
f 2532/2536/2515 2548/2535/2514 2549/2537/2516 2533/2538/2516
f 2533/2538/2516 2549/2537/2516 2550/2539/2517 2534/2540/2518
f 2534/2540/2518 2550/2539/2517 2551/2541/2519 2535/2542/2520
f 2535/2542/2520 2551/2541/2519 2552/2543/2521 2536/2544/2522
f 2536/2544/2522 2552/2543/2521 2553/2545/2523 2537/2546/2524
f 2537/2546/2524 2553/2545/2523 2554/2547/2525 2538/2548/2526
f 2538/2548/2526 2554/2547/2525 2555/2549/2527 2539/2550/2528
f 2539/2550/2528 2555/2549/2527 2556/2551/2529 2540/2552/2530
f 2540/2552/2530 2556/2551/2529 2557/2553/2531 2541/2554/2532
f 2541/2554/2532 2557/2553/2531 2558/2555/2533 2542/2556/2534
f 2542/2556/2534 2558/2555/2533 2559/2557/2535 2543/2558/2536
f 2543/2558/2536 2559/2557/2535 2560/2559/2537 2544/2560/2538
f 2544/2560/2538 2560/2559/2537 2545/2530/2509 2529/2529/2508
o Circle.047
v 9.312500 36.153206 32.015095
v 9.186214 36.155666 32.040092
v 9.079155 36.162678 32.111282
v 9.007619 36.173172 32.217827
v 8.982500 36.185551 32.343502
v 9.007619 36.197929 32.469181
v 9.079155 36.208420 32.575726
v 9.186214 36.215435 32.646915
v 9.312500 36.217896 32.671913
v 9.438786 36.215435 32.646915
v 9.545845 36.208420 32.575726
v 9.617381 36.197929 32.469181
v 9.642500 36.185551 32.343502
v 9.617381 36.173172 32.217827
v 9.545845 36.162678 32.111282
v 9.438786 36.155666 32.040092
v 9.500000 33.000000 32.169998
v 9.373714 33.000000 32.195122
v 9.266655 33.000000 32.266655
v 9.195119 33.000000 32.373714
v 9.170000 33.000000 32.500000
v 9.195119 33.000000 32.626286
v 9.266655 33.000000 32.733345
v 9.373714 33.000000 32.804878
v 9.500000 33.000000 32.829998
v 9.626286 33.000000 32.804878
v 9.733345 33.000000 32.733345
v 9.804881 33.000000 32.626286
v 9.830000 33.000000 32.500000
v 9.804881 33.000000 32.373714
v 9.733345 33.000000 32.266655
v 9.626286 33.000000 32.195118
vt 1.6419 0.4074
vt 1.6575 0.4074
vt 1.6565 0.4098
vt 1.6409 0.4098
vt 1.6546 0.4117
vt 1.6390 0.4117
vt 1.6522 0.4127
vt 1.6366 0.4127
vt 1.6495 0.4127
vt 1.6339 0.4127
vt 1.6471 0.4117
vt 1.6315 0.4117
vt 1.6452 0.4098
vt 1.6296 0.4098
vt 1.6442 0.4074
vt 1.6286 0.4074
vt 1.6442 0.4047
vt 1.6286 0.4047
vt 1.6452 0.4023
vt 1.6296 0.4023
vt 1.6471 0.4004
vt 1.6315 0.4004
vt 1.6495 0.3994
vt 1.6339 0.3994
vt 1.6522 0.3994
vt 1.6366 0.3994
vt 1.6546 0.4004
vt 1.6390 0.4004
vt 1.6565 0.4023
vt 1.6409 0.4023
vt 1.6575 0.4047
vt 1.6419 0.4047
vn -0.0073 -0.0495 -0.9987
vn 0.0073 -0.0486 -0.9988
vn -0.3781 -0.0678 -0.9233
vn -0.3906 -0.0683 -0.9180
vn -0.7054 -0.0764 -0.7047
vn -0.7127 -0.0765 -0.6973
vn -0.9234 -0.0731 -0.3768
vn -0.9255 -0.0729 -0.3716
vn -0.9983 -0.0583 0.0089
vn -0.9983 -0.0583 0.0090
vn -0.9191 -0.0346 0.3924
vn -0.9213 -0.0350 0.3874
vn -0.6994 -0.0058 0.7147
vn -0.7067 -0.0066 0.7075
vn -0.3738 0.0237 0.9272
vn -0.3862 0.0228 0.9221
vn 0.0073 0.0495 0.9987
vn -0.0073 0.0486 0.9988
vn 0.3862 0.0677 0.9199
vn 0.3738 0.0673 0.9251
vn 0.7067 0.0759 0.7035
vn 0.6994 0.0758 0.7107
vn 0.9213 0.0728 0.3821
vn 0.9191 0.0729 0.3871
vn 0.9983 0.0589 0.0032
vn 0.9255 0.0362 -0.3769
vn 0.9234 0.0358 -0.3822
vn 0.7127 0.0078 -0.7014
vn 0.7054 0.0070 -0.7088
vn 0.3906 -0.0220 -0.9203
vn 0.3781 -0.0230 -0.9255
usemtl None
s 1
f 2561/2561/2539 2577/2562/2540 2578/2563/2541 2562/2564/2542
f 2562/2564/2542 2578/2563/2541 2579/2565/2543 2563/2566/2544
f 2563/2566/2544 2579/2565/2543 2580/2567/2545 2564/2568/2546
f 2564/2568/2546 2580/2567/2545 2581/2569/2547 2565/2570/2548
f 2565/2570/2548 2581/2569/2547 2582/2571/2549 2566/2572/2550
f 2566/2572/2550 2582/2571/2549 2583/2573/2551 2567/2574/2552
f 2567/2574/2552 2583/2573/2551 2584/2575/2553 2568/2576/2554
f 2568/2576/2554 2584/2575/2553 2585/2577/2555 2569/2578/2556
f 2569/2578/2556 2585/2577/2555 2586/2579/2557 2570/2580/2558
f 2570/2580/2558 2586/2579/2557 2587/2581/2559 2571/2582/2560
f 2571/2582/2560 2587/2581/2559 2588/2583/2561 2572/2584/2562
f 2572/2584/2562 2588/2583/2561 2589/2585/2563 2573/2586/2563
f 2573/2586/2563 2589/2585/2563 2590/2587/2564 2574/2588/2565
f 2574/2588/2565 2590/2587/2564 2591/2589/2566 2575/2590/2567
f 2575/2590/2567 2591/2589/2566 2592/2591/2568 2576/2592/2569
f 2576/2592/2569 2592/2591/2568 2577/2562/2540 2561/2561/2539
o Circle.046
v 9.125000 39.276054 31.551861
v 8.998714 39.280956 31.576500
v 8.891655 39.294910 31.646658
v 8.820119 39.315800 31.751661
v 8.795000 39.340435 31.875521
v 8.820119 39.365070 31.999380
v 8.891655 39.385960 32.104382
v 8.998714 39.399914 32.174541
v 9.125000 39.404816 32.199181
v 9.251286 39.399914 32.174545
v 9.358345 39.385960 32.104382
v 9.429881 39.365070 31.999380
v 9.455000 39.340435 31.875521
v 9.429881 39.315800 31.751661
v 9.358345 39.294910 31.646658
v 9.251286 39.280956 31.576498
v 9.312500 36.153206 32.015095
v 9.186214 36.155666 32.040092
v 9.079155 36.162678 32.111282
v 9.007619 36.173172 32.217827
v 8.982500 36.185551 32.343502
v 9.007619 36.197929 32.469181
v 9.079155 36.208420 32.575726
v 9.186214 36.215435 32.646915
v 9.312500 36.217896 32.671913
v 9.438786 36.215435 32.646915
v 9.545845 36.208420 32.575726
v 9.617381 36.197929 32.469181
v 9.642500 36.185551 32.343502
v 9.617381 36.173172 32.217827
v 9.545845 36.162678 32.111282
v 9.438786 36.155666 32.040092
vt 1.6263 0.4074
vt 1.6419 0.4074
vt 1.6409 0.4098
vt 1.6253 0.4098
vt 1.6390 0.4117
vt 1.6234 0.4117
vt 1.6366 0.4127
vt 1.6209 0.4127
vt 1.6339 0.4127
vt 1.6183 0.4127
vt 1.6315 0.4117
vt 1.6158 0.4117
vt 1.6296 0.4098
vt 1.6140 0.4098
vt 1.6286 0.4074
vt 1.6129 0.4074
vt 1.6286 0.4047
vt 1.6129 0.4047
vt 1.6296 0.4023
vt 1.6140 0.4023
vt 1.6315 0.4004
vt 1.6158 0.4004
vt 1.6339 0.3994
vt 1.6183 0.3994
vt 1.6366 0.3994
vt 1.6209 0.3994
vt 1.6390 0.4004
vt 1.6234 0.4004
vt 1.6409 0.4023
vt 1.6253 0.4023
vt 1.6419 0.4047
vt 1.6263 0.4047
vn -0.0073 -0.1472 -0.9891
vn 0.0073 -0.1463 -0.9892
vn -0.3781 -0.1580 -0.9122
vn -0.3906 -0.1579 -0.9069
vn -0.7054 -0.1451 -0.6938
vn -0.7127 -0.1445 -0.6864
vn -0.9234 -0.1096 -0.3678
vn -0.9255 -0.1090 -0.3626
vn -0.9983 -0.0572 0.0146
vn -0.9983 -0.0571 0.0147
vn -0.9191 0.0040 0.3939
vn -0.9213 0.0031 0.3889
vn -0.6994 0.0643 0.7119
vn -0.7066 0.0628 0.7048
vn -0.3738 0.1145 0.9204
vn -0.3862 0.1130 0.9155
vn 0.0073 0.1471 0.9891
vn -0.0073 0.1463 0.9892
vn 0.3862 0.1576 0.9088
vn 0.3738 0.1576 0.9140
vn 0.7066 0.1445 0.6927
vn 0.6994 0.1451 0.6999
vn 0.9213 0.1099 0.3731
vn 0.9191 0.1105 0.3781
vn 0.9983 0.0589 -0.0026
vn 0.9255 -0.0010 -0.3787
vn 0.9234 -0.0019 -0.3838
vn 0.7127 -0.0610 -0.6988
vn 0.7054 -0.0625 -0.7060
vn 0.3906 -0.1121 -0.9137
vn 0.3781 -0.1136 -0.9188
usemtl None
s 1
f 2593/2593/2570 2609/2594/2571 2610/2595/2572 2594/2596/2573
f 2594/2596/2573 2610/2595/2572 2611/2597/2574 2595/2598/2575
f 2595/2598/2575 2611/2597/2574 2612/2599/2576 2596/2600/2577
f 2596/2600/2577 2612/2599/2576 2613/2601/2578 2597/2602/2579
f 2597/2602/2579 2613/2601/2578 2614/2603/2580 2598/2604/2581
f 2598/2604/2581 2614/2603/2580 2615/2605/2582 2599/2606/2583
f 2599/2606/2583 2615/2605/2582 2616/2607/2584 2600/2608/2585
f 2600/2608/2585 2616/2607/2584 2617/2609/2586 2601/2610/2587
f 2601/2610/2587 2617/2609/2586 2618/2611/2588 2602/2612/2589
f 2602/2612/2589 2618/2611/2588 2619/2613/2590 2603/2614/2591
f 2603/2614/2591 2619/2613/2590 2620/2615/2592 2604/2616/2593
f 2604/2616/2593 2620/2615/2592 2621/2617/2594 2605/2618/2594
f 2605/2618/2594 2621/2617/2594 2622/2619/2595 2606/2620/2596
f 2606/2620/2596 2622/2619/2595 2623/2621/2597 2607/2622/2598
f 2607/2622/2598 2623/2621/2597 2624/2623/2599 2608/2624/2600
f 2608/2624/2600 2624/2623/2599 2609/2594/2571 2593/2593/2570
o Circle.045
v 8.937500 42.338451 30.784771
v 8.811214 42.345745 30.808811
v 8.704155 42.366508 30.877264
v 8.632619 42.397587 30.979713
v 8.607500 42.434250 31.100561
v 8.632619 42.470905 31.221409
v 8.704155 42.501984 31.323858
v 8.811214 42.522747 31.392313
v 8.937500 42.530041 31.416351
v 9.063786 42.522751 31.392315
v 9.170845 42.501984 31.323858
v 9.242381 42.470905 31.221409
v 9.267500 42.434250 31.100561
v 9.242381 42.397587 30.979713
v 9.170845 42.366508 30.877264
v 9.063786 42.345745 30.808809
v 9.125000 39.276054 31.551861
v 8.998714 39.280956 31.576500
v 8.891655 39.294910 31.646658
v 8.820119 39.315800 31.751661
v 8.795000 39.340435 31.875521
v 8.820119 39.365070 31.999380
v 8.891655 39.385960 32.104382
v 8.998714 39.399914 32.174541
v 9.125000 39.404816 32.199181
v 9.251286 39.399914 32.174545
v 9.358345 39.385960 32.104382
v 9.429881 39.365070 31.999380
v 9.455000 39.340435 31.875521
v 9.429881 39.315800 31.751661
v 9.358345 39.294910 31.646658
v 9.251286 39.280956 31.576498
vt 1.6106 0.4074
vt 1.6263 0.4074
vt 1.6253 0.4098
vt 1.6096 0.4098
vt 1.6234 0.4117
vt 1.6078 0.4117
vt 1.6209 0.4127
vt 1.6053 0.4127
vt 1.6183 0.4127
vt 1.6027 0.4127
vt 1.6158 0.4117
vt 1.6002 0.4117
vt 1.6140 0.4098
vt 1.5983 0.4098
vt 1.6129 0.4074
vt 1.5973 0.4074
vt 1.6129 0.4047
vt 1.5973 0.4047
vt 1.6140 0.4023
vt 1.5983 0.4023
vt 1.6158 0.4004
vt 1.6002 0.4004
vt 1.6183 0.3994
vt 1.6027 0.3994
vt 1.6209 0.3994
vt 1.6053 0.3994
vt 1.6234 0.4004
vt 1.6078 0.4004
vt 1.6253 0.4023
vt 1.6096 0.4023
vt 1.6263 0.4047
vt 1.6106 0.4047
vn -0.0073 -0.2434 -0.9699
vn 0.0073 -0.2426 -0.9701
vn -0.3781 -0.2466 -0.8923
vn -0.3906 -0.2461 -0.8871
vn -0.7054 -0.2124 -0.6762
vn -0.7127 -0.2110 -0.6689
vn -0.9234 -0.1452 -0.3553
vn -0.9255 -0.1440 -0.3502
vn -0.9983 -0.0555 0.0201
vn -0.9983 -0.0554 0.0202
vn -0.9191 0.0426 0.3916
vn -0.9213 0.0412 0.3868
vn -0.6994 0.1338 0.7021
vn -0.7066 0.1316 0.6952
vn -0.3738 0.2042 0.9047
vn -0.3862 0.2022 0.9000
vn 0.0073 0.2434 0.9699
vn -0.0073 0.2426 0.9701
vn 0.3862 0.2459 0.8890
vn 0.3738 0.2464 0.8942
vn 0.7066 0.2117 0.6752
vn 0.6994 0.2130 0.6823
vn 0.9213 0.1459 0.3605
vn 0.9191 0.1470 0.3655
vn 0.9983 0.0584 -0.0083
vn 0.9983 0.0584 -0.0084
vn 0.9255 -0.0381 -0.3767
vn 0.9234 -0.0395 -0.3818
vn 0.7127 -0.1292 -0.6894
vn 0.7054 -0.1314 -0.6965
vn 0.3906 -0.2011 -0.8983
vn 0.3781 -0.2031 -0.9032
usemtl None
s 1
f 2625/2625/2601 2641/2626/2602 2642/2627/2603 2626/2628/2604
f 2626/2628/2604 2642/2627/2603 2643/2629/2605 2627/2630/2606
f 2627/2630/2606 2643/2629/2605 2644/2631/2607 2628/2632/2608
f 2628/2632/2608 2644/2631/2607 2645/2633/2609 2629/2634/2610
f 2629/2634/2610 2645/2633/2609 2646/2635/2611 2630/2636/2612
f 2630/2636/2612 2646/2635/2611 2647/2637/2613 2631/2638/2614
f 2631/2638/2614 2647/2637/2613 2648/2639/2615 2632/2640/2616
f 2632/2640/2616 2648/2639/2615 2649/2641/2617 2633/2642/2618
f 2633/2642/2618 2649/2641/2617 2650/2643/2619 2634/2644/2620
f 2634/2644/2620 2650/2643/2619 2651/2645/2621 2635/2646/2622
f 2635/2646/2622 2651/2645/2621 2652/2647/2623 2636/2648/2624
f 2636/2648/2624 2652/2647/2623 2653/2649/2625 2637/2650/2626
f 2637/2650/2626 2653/2649/2625 2654/2651/2627 2638/2652/2628
f 2638/2652/2628 2654/2651/2627 2655/2653/2629 2639/2654/2630
f 2639/2654/2630 2655/2653/2629 2656/2655/2631 2640/2656/2632
f 2640/2656/2632 2656/2655/2631 2641/2626/2602 2625/2625/2601
o Circle.044
v 8.750000 45.310917 29.721210
v 8.623714 45.320530 29.744419
v 8.516655 45.347904 29.810507
v 8.445119 45.388874 29.909418
v 8.420000 45.437202 30.026091
v 8.445119 45.485531 30.142761
v 8.516655 45.526501 30.241674
v 8.623714 45.553871 30.307760
v 8.750000 45.563488 30.330971
v 8.876286 45.553875 30.307764
v 8.983345 45.526501 30.241674
v 9.054881 45.485531 30.142761
v 9.080000 45.437202 30.026091
v 9.054881 45.388874 29.909418
v 8.983345 45.347904 29.810507
v 8.876286 45.320530 29.744417
v 8.937500 42.338451 30.784771
v 8.811214 42.345745 30.808811
v 8.704155 42.366508 30.877264
v 8.632619 42.397587 30.979713
v 8.607500 42.434250 31.100561
v 8.632619 42.470905 31.221409
v 8.704155 42.501984 31.323858
v 8.811214 42.522747 31.392313
v 8.937500 42.530041 31.416351
v 9.063786 42.522751 31.392315
v 9.170845 42.501984 31.323858
v 9.242381 42.470905 31.221409
v 9.267500 42.434250 31.100561
v 9.242381 42.397587 30.979713
v 9.170845 42.366508 30.877264
v 9.063786 42.345745 30.808809
vt 1.5950 0.4074
vt 1.6106 0.4074
vt 1.6096 0.4098
vt 1.5940 0.4098
vt 1.6078 0.4117
vt 1.5921 0.4117
vt 1.6053 0.4127
vt 1.5897 0.4127
vt 1.6027 0.4127
vt 1.5870 0.4127
vt 1.6002 0.4117
vt 1.5846 0.4117
vt 1.5983 0.4098
vt 1.5827 0.4098
vt 1.5973 0.4074
vt 1.5817 0.4074
vt 1.5973 0.4047
vt 1.5817 0.4047
vt 1.5983 0.4023
vt 1.5827 0.4023
vt 1.6002 0.4004
vt 1.5846 0.4004
vt 1.6027 0.3994
vt 1.5870 0.3994
vt 1.6053 0.3994
vt 1.5897 0.3994
vt 1.6078 0.4004
vt 1.5921 0.4004
vt 1.6096 0.4023
vt 1.5940 0.4023
vt 1.6106 0.4047
vt 1.5950 0.4047
vn -0.0073 -0.3373 -0.9414
vn 0.0073 -0.3365 -0.9417
vn -0.3781 -0.3329 -0.8638
vn -0.3906 -0.3318 -0.8587
vn -0.7054 -0.2777 -0.6521
vn -0.7127 -0.2756 -0.6450
vn -0.9234 -0.1793 -0.3394
vn -0.9255 -0.1776 -0.3344
vn -0.9983 -0.0532 0.0255
vn -0.9191 0.0808 0.3856
vn -0.9213 0.0789 0.3808
vn -0.6994 0.2019 0.6856
vn -0.7066 0.1991 0.6790
vn -0.3738 0.2919 0.8804
vn -0.3862 0.2895 0.8758
vn 0.0072 0.3373 0.9414
vn -0.0073 0.3365 0.9417
vn 0.3862 0.3319 0.8606
vn 0.3738 0.3329 0.8657
vn 0.7067 0.2768 0.6512
vn 0.6994 0.2789 0.6581
vn 0.9213 0.1806 0.3445
vn 0.9191 0.1822 0.3493
vn 0.9983 0.0573 -0.0140
vn 0.9983 0.0573 -0.0141
vn 0.9255 -0.0748 -0.3712
vn 0.9234 -0.0767 -0.3761
vn 0.7127 -0.1962 -0.6735
vn 0.7054 -0.1991 -0.6803
vn 0.3906 -0.2882 -0.8743
vn 0.3781 -0.2907 -0.8790
usemtl None
s 1
f 2657/2657/2633 2673/2658/2634 2674/2659/2635 2658/2660/2636
f 2658/2660/2636 2674/2659/2635 2675/2661/2637 2659/2662/2638
f 2659/2662/2638 2675/2661/2637 2676/2663/2639 2660/2664/2640
f 2660/2664/2640 2676/2663/2639 2677/2665/2641 2661/2666/2641
f 2661/2666/2641 2677/2665/2641 2678/2667/2642 2662/2668/2643
f 2662/2668/2643 2678/2667/2642 2679/2669/2644 2663/2670/2645
f 2663/2670/2645 2679/2669/2644 2680/2671/2646 2664/2672/2647
f 2664/2672/2647 2680/2671/2646 2681/2673/2648 2665/2674/2649
f 2665/2674/2649 2681/2673/2648 2682/2675/2650 2666/2676/2651
f 2666/2676/2651 2682/2675/2650 2683/2677/2652 2667/2678/2653
f 2667/2678/2653 2683/2677/2652 2684/2679/2654 2668/2680/2655
f 2668/2680/2655 2684/2679/2654 2685/2681/2656 2669/2682/2657
f 2669/2682/2657 2685/2681/2656 2686/2683/2658 2670/2684/2659
f 2670/2684/2659 2686/2683/2658 2687/2685/2660 2671/2686/2661
f 2671/2686/2661 2687/2685/2660 2688/2687/2662 2672/2688/2663
f 2672/2688/2663 2688/2687/2662 2673/2658/2634 2657/2657/2633
o Circle.043
v 8.562500 48.164829 28.371408
v 8.436214 48.176674 28.393564
v 8.329155 48.210392 28.456650
v 8.257619 48.260860 28.551069
v 8.232500 48.320393 28.662441
v 8.257619 48.379921 28.773817
v 8.329155 48.430389 28.868235
v 8.436214 48.464108 28.931320
v 8.562500 48.475952 28.953476
v 8.688786 48.464111 28.931324
v 8.795845 48.430389 28.868235
v 8.867381 48.379921 28.773817
v 8.892500 48.320393 28.662441
v 8.867381 48.260860 28.551069
v 8.795845 48.210392 28.456650
v 8.688786 48.176670 28.393562
v 8.750000 45.310917 29.721210
v 8.623714 45.320530 29.744419
v 8.516655 45.347904 29.810507
v 8.445119 45.388874 29.909418
v 8.420000 45.437202 30.026091
v 8.445119 45.485531 30.142761
v 8.516655 45.526501 30.241674
v 8.623714 45.553871 30.307760
v 8.750000 45.563488 30.330971
v 8.876286 45.553875 30.307764
v 8.983345 45.526501 30.241674
v 9.054881 45.485531 30.142761
v 9.080000 45.437202 30.026091
v 9.054881 45.388874 29.909418
v 8.983345 45.347904 29.810507
v 8.876286 45.320530 29.744417
vt 1.5794 0.4074
vt 1.5950 0.4074
vt 1.5940 0.4098
vt 1.5784 0.4098
vt 1.5921 0.4117
vt 1.5765 0.4117
vt 1.5897 0.4127
vt 1.5741 0.4127
vt 1.5870 0.4127
vt 1.5714 0.4127
vt 1.5846 0.4117
vt 1.5690 0.4117
vt 1.5827 0.4098
vt 1.5671 0.4098
vt 1.5817 0.4074
vt 1.5661 0.4074
vt 1.5817 0.4047
vt 1.5661 0.4047
vt 1.5827 0.4023
vt 1.5671 0.4023
vt 1.5846 0.4004
vt 1.5690 0.4004
vt 1.5870 0.3994
vt 1.5714 0.3994
vt 1.5897 0.3994
vt 1.5741 0.3994
vt 1.5921 0.4004
vt 1.5765 0.4004
vt 1.5940 0.4023
vt 1.5784 0.4023
vt 1.5950 0.4047
vt 1.5794 0.4047
vn -0.0073 -0.4279 -0.9038
vn 0.0073 -0.4272 -0.9042
vn -0.3781 -0.4160 -0.8271
vn -0.3906 -0.4144 -0.8220
vn -0.7054 -0.3403 -0.6218
vn -0.7127 -0.3375 -0.6149
vn -0.9234 -0.2117 -0.3202
vn -0.9255 -0.2096 -0.3154
vn -0.9983 -0.0505 0.0305
vn -0.9983 -0.0504 0.0306
vn -0.9191 0.1182 0.3758
vn -0.9213 0.1159 0.3713
vn -0.6994 0.2682 0.6625
vn -0.7066 0.2647 0.6562
vn -0.3738 0.3767 0.8475
vn -0.3862 0.3739 0.8432
vn 0.0072 0.4279 0.9038
vn -0.0073 0.4272 0.9041
vn 0.3862 0.4146 0.8240
vn 0.3738 0.4161 0.8289
vn 0.7066 0.3393 0.6209
vn 0.6994 0.3420 0.6276
vn 0.9213 0.2135 0.3251
vn 0.9191 0.2155 0.3298
vn 0.9983 0.0557 -0.0196
vn 0.9983 0.0556 -0.0196
vn 0.9255 -0.1108 -0.3621
vn 0.9234 -0.1132 -0.3668
vn 0.7127 -0.2612 -0.6510
vn 0.7054 -0.2648 -0.6575
vn 0.3906 -0.3725 -0.8418
vn 0.3781 -0.3754 -0.8462
usemtl None
s 1
f 2689/2689/2664 2705/2690/2665 2706/2691/2666 2690/2692/2667
f 2690/2692/2667 2706/2691/2666 2707/2693/2668 2691/2694/2669
f 2691/2694/2669 2707/2693/2668 2708/2695/2670 2692/2696/2671
f 2692/2696/2671 2708/2695/2670 2709/2697/2672 2693/2698/2673
f 2693/2698/2673 2709/2697/2672 2710/2699/2674 2694/2700/2675
f 2694/2700/2675 2710/2699/2674 2711/2701/2676 2695/2702/2677
f 2695/2702/2677 2711/2701/2676 2712/2703/2678 2696/2704/2679
f 2696/2704/2679 2712/2703/2678 2713/2705/2680 2697/2706/2681
f 2697/2706/2681 2713/2705/2680 2714/2707/2682 2698/2708/2683
f 2698/2708/2683 2714/2707/2682 2715/2709/2684 2699/2710/2685
f 2699/2710/2685 2715/2709/2684 2716/2711/2686 2700/2712/2687
f 2700/2712/2687 2716/2711/2686 2717/2713/2688 2701/2714/2689
f 2701/2714/2689 2717/2713/2688 2718/2715/2690 2702/2716/2691
f 2702/2716/2691 2718/2715/2690 2719/2717/2692 2703/2718/2693
f 2703/2718/2693 2719/2717/2692 2720/2719/2694 2704/2720/2695
f 2704/2720/2695 2720/2719/2694 2705/2690/2665 2689/2689/2664
o Circle.042
v 8.375000 50.872688 26.748383
v 8.248714 50.886642 26.769270
v 8.141655 50.926388 26.828747
v 8.070119 50.985867 26.917765
v 8.045000 51.056023 27.022768
v 8.070119 51.126186 27.127769
v 8.141655 51.185665 27.216787
v 8.248714 51.225407 27.276266
v 8.375000 51.239365 27.297153
v 8.501286 51.225410 27.276266
v 8.608345 51.185665 27.216787
v 8.679881 51.126186 27.127769
v 8.705000 51.056023 27.022768
v 8.679881 50.985867 26.917765
v 8.608345 50.926388 26.828747
v 8.501286 50.886642 26.769268
v 8.562500 48.164829 28.371408
v 8.436214 48.176674 28.393564
v 8.329155 48.210392 28.456650
v 8.257619 48.260860 28.551069
v 8.232500 48.320393 28.662441
v 8.257619 48.379921 28.773817
v 8.329155 48.430389 28.868235
v 8.436214 48.464108 28.931320
v 8.562500 48.475952 28.953476
v 8.688786 48.464111 28.931324
v 8.795845 48.430389 28.868235
v 8.867381 48.379921 28.773817
v 8.892500 48.320393 28.662441
v 8.867381 48.260860 28.551069
v 8.795845 48.210392 28.456650
v 8.688786 48.176670 28.393562
vt 1.5638 0.4074
vt 1.5794 0.4074
vt 1.5784 0.4098
vt 1.5628 0.4098
vt 1.5765 0.4117
vt 1.5609 0.4117
vt 1.5741 0.4127
vt 1.5584 0.4127
vt 1.5714 0.4127
vt 1.5558 0.4127
vt 1.5690 0.4117
vt 1.5533 0.4117
vt 1.5671 0.4098
vt 1.5515 0.4098
vt 1.5661 0.4074
vt 1.5504 0.4074
vt 1.5661 0.4047
vt 1.5504 0.4047
vt 1.5671 0.4023
vt 1.5515 0.4023
vt 1.5690 0.4004
vt 1.5533 0.4004
vt 1.5714 0.3994
vt 1.5558 0.3994
vt 1.5741 0.3994
vt 1.5584 0.3994
vt 1.5765 0.4004
vt 1.5609 0.4004
vt 1.5784 0.4023
vt 1.5628 0.4023
vt 1.5794 0.4047
vt 1.5638 0.4047
vn -0.0073 -0.5145 -0.8575
vn 0.0073 -0.5137 -0.8579
vn -0.3781 -0.4950 -0.7823
vn -0.3906 -0.4930 -0.7774
vn -0.7054 -0.3996 -0.5854
vn -0.7127 -0.3961 -0.5789
vn -0.9234 -0.2421 -0.2979
vn -0.9255 -0.2395 -0.2933
vn -0.9983 -0.0472 0.0353
vn -0.9983 -0.0472 0.0354
vn -0.9191 0.1545 0.3624
vn -0.9213 0.1517 0.3581
vn -0.6994 0.3318 0.6331
vn -0.7066 0.3277 0.6271
vn -0.3738 0.4580 0.8065
vn -0.3862 0.4548 0.8025
vn 0.0073 0.5144 0.8575
vn -0.0073 0.5137 0.8579
vn 0.3862 0.4934 0.7794
vn 0.3738 0.4954 0.7841
vn 0.7066 0.3985 0.5847
vn 0.6994 0.4019 0.5911
vn 0.9213 0.2443 0.3026
vn 0.9191 0.2468 0.3071
vn 0.9983 0.0535 -0.0249
vn 0.9983 0.0534 -0.0250
vn 0.9255 -0.1458 -0.3495
vn 0.9234 -0.1486 -0.3539
vn 0.7127 -0.3238 -0.6222
vn 0.7054 -0.3279 -0.6283
vn 0.3906 -0.4533 -0.8013
vn 0.3781 -0.4566 -0.8054
usemtl None
s 1
f 2721/2721/2696 2737/2722/2697 2738/2723/2698 2722/2724/2699
f 2722/2724/2699 2738/2723/2698 2739/2725/2700 2723/2726/2701
f 2723/2726/2701 2739/2725/2700 2740/2727/2702 2724/2728/2703
f 2724/2728/2703 2740/2727/2702 2741/2729/2704 2725/2730/2705
f 2725/2730/2705 2741/2729/2704 2742/2731/2706 2726/2732/2707
f 2726/2732/2707 2742/2731/2706 2743/2733/2708 2727/2734/2709
f 2727/2734/2709 2743/2733/2708 2744/2735/2710 2728/2736/2711
f 2728/2736/2711 2744/2735/2710 2745/2737/2712 2729/2738/2713
f 2729/2738/2713 2745/2737/2712 2746/2739/2714 2730/2740/2715
f 2730/2740/2715 2746/2739/2714 2747/2741/2716 2731/2742/2717
f 2731/2742/2717 2747/2741/2716 2748/2743/2718 2732/2744/2719
f 2732/2744/2719 2748/2743/2718 2749/2745/2720 2733/2746/2721
f 2733/2746/2721 2749/2745/2720 2750/2747/2722 2734/2748/2723
f 2734/2748/2723 2750/2747/2722 2751/2749/2724 2735/2750/2725
f 2735/2750/2725 2751/2749/2724 2752/2751/2726 2736/2752/2727
f 2736/2752/2727 2752/2751/2726 2737/2722/2697 2721/2721/2696
o Circle.041
v 8.187500 53.408432 24.867746
v 8.061214 53.424370 24.887165
v 7.954154 53.469753 24.942461
v 7.882619 53.537670 25.025219
v 7.857500 53.617783 25.122839
v 7.882619 53.697895 25.220459
v 7.954154 53.765816 25.303217
v 8.061214 53.811199 25.358513
v 8.187500 53.827133 25.377932
v 8.313786 53.811199 25.358515
v 8.420845 53.765816 25.303217
v 8.492381 53.697895 25.220459
v 8.517500 53.617783 25.122839
v 8.492381 53.537670 25.025219
v 8.420845 53.469753 24.942461
v 8.313786 53.424366 24.887163
v 8.375000 50.872688 26.748383
v 8.248714 50.886642 26.769270
v 8.141655 50.926388 26.828747
v 8.070119 50.985867 26.917765
v 8.045000 51.056023 27.022768
v 8.070119 51.126186 27.127769
v 8.141655 51.185665 27.216787
v 8.248714 51.225407 27.276266
v 8.375000 51.239365 27.297153
v 8.501286 51.225410 27.276266
v 8.608345 51.185665 27.216787
v 8.679881 51.126186 27.127769
v 8.705000 51.056023 27.022768
v 8.679881 50.985867 26.917765
v 8.608345 50.926388 26.828747
v 8.501286 50.886642 26.769268
vt 1.5481 0.4074
vt 1.5638 0.4074
vt 1.5628 0.4098
vt 1.5471 0.4098
vt 1.5609 0.4117
vt 1.5453 0.4117
vt 1.5584 0.4127
vt 1.5428 0.4127
vt 1.5558 0.4127
vt 1.5402 0.4127
vt 1.5533 0.4117
vt 1.5377 0.4117
vt 1.5515 0.4098
vt 1.5358 0.4098
vt 1.5504 0.4074
vt 1.5348 0.4074
vt 1.5504 0.4047
vt 1.5348 0.4047
vt 1.5515 0.4023
vt 1.5358 0.4023
vt 1.5533 0.4004
vt 1.5377 0.4004
vt 1.5558 0.3994
vt 1.5402 0.3994
vt 1.5584 0.3994
vt 1.5428 0.3994
vt 1.5609 0.4004
vt 1.5453 0.4004
vt 1.5628 0.4023
vt 1.5471 0.4023
vt 1.5638 0.4047
vt 1.5481 0.4047
vn -0.0073 -0.5960 -0.8029
vn 0.0073 -0.5953 -0.8034
vn -0.3781 -0.5693 -0.7300
vn -0.3906 -0.5668 -0.7254
vn -0.7054 -0.4550 -0.5434
vn -0.7127 -0.4510 -0.5373
vn -0.9234 -0.2701 -0.2727
vn -0.9255 -0.2671 -0.2684
vn -0.9983 -0.0435 0.0398
vn -0.9983 -0.0435 0.0399
vn -0.9191 0.1892 0.3455
vn -0.9213 0.1861 0.3415
vn -0.6994 0.3923 0.5975
vn -0.7066 0.3876 0.5919
vn -0.3738 0.5349 0.7577
vn -0.3862 0.5312 0.7541
vn 0.0073 0.5960 0.8029
vn -0.0073 0.5953 0.8034
vn 0.3862 0.5674 0.7273
vn 0.3738 0.5699 0.7318
vn 0.7066 0.4539 0.5428
vn 0.6994 0.4579 0.5488
vn 0.9213 0.2728 0.2772
vn 0.9191 0.2757 0.2814
vn 0.9983 0.0508 -0.0300
vn 0.9983 0.0507 -0.0301
vn 0.9255 -0.1793 -0.3335
vn 0.9234 -0.1826 -0.3376
vn 0.7127 -0.3832 -0.5875
vn 0.7054 -0.3880 -0.5932
vn 0.3906 -0.5296 -0.7530
vn 0.3781 -0.5333 -0.7567
usemtl None
s 1
f 2753/2753/2728 2769/2754/2729 2770/2755/2730 2754/2756/2731
f 2754/2756/2731 2770/2755/2730 2771/2757/2732 2755/2758/2733
f 2755/2758/2733 2771/2757/2732 2772/2759/2734 2756/2760/2735
f 2756/2760/2735 2772/2759/2734 2773/2761/2736 2757/2762/2737
f 2757/2762/2737 2773/2761/2736 2774/2763/2738 2758/2764/2739
f 2758/2764/2739 2774/2763/2738 2775/2765/2740 2759/2766/2741
f 2759/2766/2741 2775/2765/2740 2776/2767/2742 2760/2768/2743
f 2760/2768/2743 2776/2767/2742 2777/2769/2744 2761/2770/2745
f 2761/2770/2745 2777/2769/2744 2778/2771/2746 2762/2772/2747
f 2762/2772/2747 2778/2771/2746 2779/2773/2748 2763/2774/2749
f 2763/2774/2749 2779/2773/2748 2780/2775/2750 2764/2776/2751
f 2764/2776/2751 2780/2775/2750 2781/2777/2752 2765/2778/2753
f 2765/2778/2753 2781/2777/2752 2782/2779/2754 2766/2780/2755
f 2766/2780/2755 2782/2779/2754 2783/2781/2756 2767/2782/2757
f 2767/2782/2757 2783/2781/2756 2784/2783/2758 2768/2784/2759
f 2768/2784/2759 2784/2783/2758 2769/2754/2729 2753/2753/2728
o Circle.040
v 8.000000 55.747620 22.747627
v 7.873714 55.765385 22.765392
v 7.766654 55.815964 22.815973
v 7.695119 55.891666 22.891676
v 7.670000 55.980965 22.980974
v 7.695119 56.070263 23.070271
v 7.766654 56.145966 23.145973
v 7.873714 56.196548 23.196556
v 8.000000 56.214310 23.214319
v 8.126286 56.196548 23.196556
v 8.233345 56.145966 23.145973
v 8.304881 56.070263 23.070271
v 8.330000 55.980965 22.980974
v 8.304881 55.891666 22.891676
v 8.233345 55.815964 22.815973
v 8.126286 55.765385 22.765390
v 8.187500 53.408432 24.867746
v 8.061214 53.424370 24.887165
v 7.954154 53.469753 24.942461
v 7.882619 53.537670 25.025219
v 7.857500 53.617783 25.122839
v 7.882619 53.697895 25.220459
v 7.954154 53.765816 25.303217
v 8.061214 53.811199 25.358513
v 8.187500 53.827133 25.377932
v 8.313786 53.811199 25.358515
v 8.420845 53.765816 25.303217
v 8.492381 53.697895 25.220459
v 8.517500 53.617783 25.122839
v 8.492381 53.537670 25.025219
v 8.420845 53.469753 24.942461
v 8.313786 53.424366 24.887163
vt 1.5325 0.4074
vt 1.5481 0.4074
vt 1.5471 0.4098
vt 1.5315 0.4098
vt 1.5453 0.4117
vt 1.5296 0.4117
vt 1.5428 0.4127
vt 1.5272 0.4127
vt 1.5402 0.4127
vt 1.5245 0.4127
vt 1.5377 0.4117
vt 1.5221 0.4117
vt 1.5358 0.4098
vt 1.5202 0.4098
vt 1.5348 0.4074
vt 1.5192 0.4074
vt 1.5348 0.4047
vt 1.5192 0.4047
vt 1.5358 0.4023
vt 1.5202 0.4023
vt 1.5377 0.4004
vt 1.5221 0.4004
vt 1.5402 0.3994
vt 1.5245 0.3994
vt 1.5428 0.3994
vt 1.5272 0.3994
vt 1.5453 0.4004
vt 1.5296 0.4004
vt 1.5471 0.4023
vt 1.5315 0.4023
vt 1.5481 0.4047
vt 1.5325 0.4047
vn -0.0073 -0.6719 -0.7406
vn 0.0073 -0.6712 -0.7412
vn -0.3781 -0.6381 -0.6707
vn -0.3906 -0.6352 -0.6663
vn -0.7054 -0.5061 -0.4962
vn -0.7127 -0.5015 -0.4905
vn -0.9234 -0.2955 -0.2449
vn -0.9255 -0.2921 -0.2410
vn -0.9983 -0.0394 0.0439
vn -0.9983 -0.0394 0.0440
vn -0.9191 0.2222 0.3253
vn -0.9213 0.2187 0.3216
vn -0.6994 0.4489 0.5562
vn -0.7066 0.4438 0.5511
vn -0.3738 0.6066 0.7017
vn -0.3862 0.6026 0.6984
vn 0.0073 0.6719 0.7406
vn -0.0073 0.6712 0.7412
vn 0.3862 0.6359 0.6681
vn 0.3738 0.6388 0.6724
vn 0.7066 0.5049 0.4957
vn 0.6994 0.5095 0.5013
vn 0.9213 0.2987 0.2492
vn 0.9191 0.3020 0.2530
vn 0.9983 0.0476 -0.0349
vn 0.9983 0.0475 -0.0349
vn 0.9255 -0.2112 -0.3143
vn 0.9234 -0.2148 -0.3181
vn 0.7127 -0.4390 -0.5471
vn 0.7054 -0.4442 -0.5523
vn 0.3906 -0.6009 -0.6974
vn 0.3781 -0.6049 -0.7008
usemtl None
s 1
f 2785/2785/2760 2801/2786/2761 2802/2787/2762 2786/2788/2763
f 2786/2788/2763 2802/2787/2762 2803/2789/2764 2787/2790/2765
f 2787/2790/2765 2803/2789/2764 2804/2791/2766 2788/2792/2767
f 2788/2792/2767 2804/2791/2766 2805/2793/2768 2789/2794/2769
f 2789/2794/2769 2805/2793/2768 2806/2795/2770 2790/2796/2771
f 2790/2796/2771 2806/2795/2770 2807/2797/2772 2791/2798/2773
f 2791/2798/2773 2807/2797/2772 2808/2799/2774 2792/2800/2775
f 2792/2800/2775 2808/2799/2774 2809/2801/2776 2793/2802/2777
f 2793/2802/2777 2809/2801/2776 2810/2803/2778 2794/2804/2779
f 2794/2804/2779 2810/2803/2778 2811/2805/2780 2795/2806/2781
f 2795/2806/2781 2811/2805/2780 2812/2807/2782 2796/2808/2783
f 2796/2808/2783 2812/2807/2782 2813/2809/2784 2797/2810/2785
f 2797/2810/2785 2813/2809/2784 2814/2811/2786 2798/2812/2787
f 2798/2812/2787 2814/2811/2786 2815/2813/2788 2799/2814/2789
f 2799/2814/2789 2815/2813/2788 2816/2815/2790 2800/2816/2791
f 2800/2816/2791 2816/2815/2790 2801/2786/2761 2785/2785/2760
o Circle.039
v 7.812500 57.867744 20.408436
v 7.686214 57.887161 20.424372
v 7.579154 57.942459 20.469753
v 7.507619 58.025219 20.537670
v 7.482500 58.122837 20.617785
v 7.507619 58.220455 20.697899
v 7.579154 58.303215 20.765818
v 7.686214 58.358513 20.811197
v 7.812500 58.377930 20.827135
v 7.938786 58.358513 20.811199
v 8.045845 58.303215 20.765818
v 8.117381 58.220455 20.697899
v 8.142500 58.122837 20.617785
v 8.117381 58.025219 20.537670
v 8.045845 57.942459 20.469753
v 7.938786 57.887161 20.424372
v 8.000000 55.747620 22.747627
v 7.873714 55.765385 22.765392
v 7.766654 55.815964 22.815973
v 7.695119 55.891666 22.891676
v 7.670000 55.980965 22.980974
v 7.695119 56.070263 23.070271
v 7.766654 56.145966 23.145973
v 7.873714 56.196548 23.196556
v 8.000000 56.214310 23.214319
v 8.126286 56.196548 23.196556
v 8.233345 56.145966 23.145973
v 8.304881 56.070263 23.070271
v 8.330000 55.980965 22.980974
v 8.304881 55.891666 22.891676
v 8.233345 55.815964 22.815973
v 8.126286 55.765385 22.765390
vt 1.5169 0.4074
vt 1.5325 0.4074
vt 1.5315 0.4098
vt 1.5159 0.4098
vt 1.5296 0.4117
vt 1.5140 0.4117
vt 1.5272 0.4127
vt 1.5116 0.4127
vt 1.5245 0.4127
vt 1.5089 0.4127
vt 1.5221 0.4117
vt 1.5065 0.4117
vt 1.5202 0.4098
vt 1.5046 0.4098
vt 1.5192 0.4074
vt 1.5036 0.4074
vt 1.5192 0.4047
vt 1.5036 0.4047
vt 1.5202 0.4023
vt 1.5046 0.4023
vt 1.5221 0.4004
vt 1.5065 0.4004
vt 1.5245 0.3994
vt 1.5089 0.3994
vt 1.5272 0.3994
vt 1.5116 0.3994
vt 1.5296 0.4004
vt 1.5140 0.4004
vt 1.5315 0.4023
vt 1.5159 0.4023
vt 1.5325 0.4047
vt 1.5169 0.4047
vn -0.0073 -0.7412 -0.6712
vn 0.0073 -0.7406 -0.6719
vn -0.3781 -0.7008 -0.6049
vn -0.3906 -0.6974 -0.6009
vn -0.7054 -0.5523 -0.4442
vn -0.7127 -0.5471 -0.4390
vn -0.9234 -0.3181 -0.2148
vn -0.9255 -0.3143 -0.2112
vn -0.9983 -0.0349 0.0475
vn -0.9983 -0.0349 0.0476
vn -0.9191 0.2530 0.3020
vn -0.9213 0.2492 0.2987
vn -0.6994 0.5013 0.5095
vn -0.7066 0.4957 0.5049
vn -0.3738 0.6724 0.6388
vn -0.3862 0.6681 0.6359
vn 0.0073 0.7412 0.6712
vn -0.0073 0.7406 0.6719
vn 0.3862 0.6984 0.6026
vn 0.3738 0.7017 0.6066
vn 0.7066 0.5511 0.4438
vn 0.6994 0.5562 0.4489
vn 0.9213 0.3216 0.2187
vn 0.9191 0.3253 0.2222
vn 0.9983 0.0440 -0.0394
vn 0.9983 0.0439 -0.0394
vn 0.9255 -0.2410 -0.2921
vn 0.9234 -0.2449 -0.2955
vn 0.7127 -0.4905 -0.5015
vn 0.7054 -0.4962 -0.5061
vn 0.3906 -0.6663 -0.6352
vn 0.3781 -0.6707 -0.6381
usemtl None
s 1
f 2817/2817/2792 2833/2818/2793 2834/2819/2794 2818/2820/2795
f 2818/2820/2795 2834/2819/2794 2835/2821/2796 2819/2822/2797
f 2819/2822/2797 2835/2821/2796 2836/2823/2798 2820/2824/2799
f 2820/2824/2799 2836/2823/2798 2837/2825/2800 2821/2826/2801
f 2821/2826/2801 2837/2825/2800 2838/2827/2802 2822/2828/2803
f 2822/2828/2803 2838/2827/2802 2839/2829/2804 2823/2830/2805
f 2823/2830/2805 2839/2829/2804 2840/2831/2806 2824/2832/2807
f 2824/2832/2807 2840/2831/2806 2841/2833/2808 2825/2834/2809
f 2825/2834/2809 2841/2833/2808 2842/2835/2810 2826/2836/2811
f 2826/2836/2811 2842/2835/2810 2843/2837/2812 2827/2838/2813
f 2827/2838/2813 2843/2837/2812 2844/2839/2814 2828/2840/2815
f 2828/2840/2815 2844/2839/2814 2845/2841/2816 2829/2842/2817
f 2829/2842/2817 2845/2841/2816 2846/2843/2818 2830/2844/2819
f 2830/2844/2819 2846/2843/2818 2847/2845/2820 2831/2846/2821
f 2831/2846/2821 2847/2845/2820 2848/2847/2822 2832/2848/2823
f 2832/2848/2823 2848/2847/2822 2833/2818/2793 2817/2817/2792
o Circle.038
v 7.625000 59.748375 17.872696
v 7.498714 59.769260 17.886654
v 7.391654 59.828739 17.926395
v 7.320119 59.917755 17.985874
v 7.295000 60.022758 18.056034
v 7.320119 60.127762 18.126194
v 7.391654 60.216778 18.185675
v 7.498714 60.276257 18.225416
v 7.625000 60.297146 18.239372
v 7.751286 60.276257 18.225418
v 7.858346 60.216778 18.185675
v 7.929881 60.127762 18.126194
v 7.955000 60.022758 18.056034
v 7.929881 59.917755 17.985874
v 7.858346 59.828739 17.926395
v 7.751286 59.769260 17.886652
v 7.812500 57.867744 20.408436
v 7.686214 57.887161 20.424372
v 7.579154 57.942459 20.469753
v 7.507619 58.025219 20.537670
v 7.482500 58.122837 20.617785
v 7.507619 58.220455 20.697899
v 7.579154 58.303215 20.765818
v 7.686214 58.358513 20.811197
v 7.812500 58.377930 20.827135
v 7.938786 58.358513 20.811199
v 8.045845 58.303215 20.765818
v 8.117381 58.220455 20.697899
v 8.142500 58.122837 20.617785
v 8.117381 58.025219 20.537670
v 8.045845 57.942459 20.469753
v 7.938786 57.887161 20.424372
vt 1.5013 0.4074
vt 1.5169 0.4074
vt 1.5159 0.4098
vt 1.5003 0.4098
vt 1.5140 0.4117
vt 1.4984 0.4117
vt 1.5116 0.4127
vt 1.4959 0.4127
vt 1.5089 0.4127
vt 1.4933 0.4127
vt 1.5065 0.4117
vt 1.4908 0.4117
vt 1.5046 0.4098
vt 1.4890 0.4098
vt 1.5036 0.4074
vt 1.4879 0.4074
vt 1.5036 0.4047
vt 1.4879 0.4047
vt 1.5046 0.4023
vt 1.4890 0.4023
vt 1.5065 0.4004
vt 1.4908 0.4004
vt 1.5089 0.3994
vt 1.4933 0.3994
vt 1.5116 0.3994
vt 1.4959 0.3994
vt 1.5140 0.4004
vt 1.4984 0.4004
vt 1.5159 0.4023
vt 1.5003 0.4023
vt 1.5169 0.4047
vt 1.5013 0.4047
vn -0.0073 -0.8034 -0.5953
vn 0.0073 -0.8029 -0.5960
vn -0.3781 -0.7567 -0.5333
vn -0.3906 -0.7530 -0.5296
vn -0.7054 -0.5932 -0.3880
vn -0.7127 -0.5875 -0.3832
vn -0.9234 -0.3376 -0.1826
vn -0.9255 -0.3335 -0.1793
vn -0.9983 -0.0301 0.0507
vn -0.9983 -0.0300 0.0508
vn -0.9191 0.2814 0.2757
vn -0.9213 0.2772 0.2728
vn -0.6994 0.5488 0.4579
vn -0.7066 0.5428 0.4539
vn -0.3738 0.7318 0.5699
vn -0.3862 0.7273 0.5674
vn 0.0073 0.8034 0.5953
vn -0.0073 0.8029 0.5960
vn 0.3862 0.7541 0.5312
vn 0.3738 0.7577 0.5349
vn 0.7066 0.5919 0.3876
vn 0.6994 0.5975 0.3923
vn 0.9213 0.3415 0.1861
vn 0.9191 0.3455 0.1892
vn 0.9983 0.0399 -0.0435
vn 0.9983 0.0398 -0.0435
vn 0.9255 -0.2684 -0.2671
vn 0.9234 -0.2727 -0.2701
vn 0.7127 -0.5373 -0.4510
vn 0.7054 -0.5434 -0.4550
vn 0.3906 -0.7254 -0.5668
vn 0.3781 -0.7300 -0.5693
usemtl None
s 1
f 2849/2849/2824 2865/2850/2825 2866/2851/2826 2850/2852/2827
f 2850/2852/2827 2866/2851/2826 2867/2853/2828 2851/2854/2829
f 2851/2854/2829 2867/2853/2828 2868/2855/2830 2852/2856/2831
f 2852/2856/2831 2868/2855/2830 2869/2857/2832 2853/2858/2833
f 2853/2858/2833 2869/2857/2832 2870/2859/2834 2854/2860/2835
f 2854/2860/2835 2870/2859/2834 2871/2861/2836 2855/2862/2837
f 2855/2862/2837 2871/2861/2836 2872/2863/2838 2856/2864/2839
f 2856/2864/2839 2872/2863/2838 2873/2865/2840 2857/2866/2841
f 2857/2866/2841 2873/2865/2840 2874/2867/2842 2858/2868/2843
f 2858/2868/2843 2874/2867/2842 2875/2869/2844 2859/2870/2845
f 2859/2870/2845 2875/2869/2844 2876/2871/2846 2860/2872/2847
f 2860/2872/2847 2876/2871/2846 2877/2873/2848 2861/2874/2849
f 2861/2874/2849 2877/2873/2848 2878/2875/2850 2862/2876/2851
f 2862/2876/2851 2878/2875/2850 2879/2877/2852 2863/2878/2853
f 2863/2878/2853 2879/2877/2852 2880/2879/2854 2864/2880/2855
f 2864/2880/2855 2880/2879/2854 2865/2850/2825 2849/2849/2824
o Circle.037
v 7.437500 61.371407 15.164834
v 7.311214 61.393562 15.176677
v 7.204154 61.456646 15.210397
v 7.132619 61.551067 15.260865
v 7.107500 61.662437 15.320395
v 7.132619 61.773815 15.379926
v 7.204154 61.868233 15.430394
v 7.311214 61.931320 15.464114
v 7.437500 61.953476 15.475956
v 7.563786 61.931320 15.464115
v 7.670846 61.868233 15.430394
v 7.742381 61.773815 15.379926
v 7.767500 61.662437 15.320395
v 7.742381 61.551067 15.260865
v 7.670846 61.456646 15.210397
v 7.563786 61.393559 15.176676
v 7.625000 59.748375 17.872696
v 7.498714 59.769260 17.886654
v 7.391654 59.828739 17.926395
v 7.320119 59.917755 17.985874
v 7.295000 60.022758 18.056034
v 7.320119 60.127762 18.126194
v 7.391654 60.216778 18.185675
v 7.498714 60.276257 18.225416
v 7.625000 60.297146 18.239372
v 7.751286 60.276257 18.225418
v 7.858346 60.216778 18.185675
v 7.929881 60.127762 18.126194
v 7.955000 60.022758 18.056034
v 7.929881 59.917755 17.985874
v 7.858346 59.828739 17.926395
v 7.751286 59.769260 17.886652
vt 1.4856 0.4074
vt 1.5013 0.4074
vt 1.5003 0.4098
vt 1.4846 0.4098
vt 1.4984 0.4117
vt 1.4828 0.4117
vt 1.4959 0.4127
vt 1.4803 0.4127
vt 1.4933 0.4127
vt 1.4777 0.4127
vt 1.4908 0.4117
vt 1.4752 0.4117
vt 1.4890 0.4098
vt 1.4733 0.4098
vt 1.4879 0.4074
vt 1.4723 0.4074
vt 1.4879 0.4047
vt 1.4723 0.4047
vt 1.4890 0.4023
vt 1.4733 0.4023
vt 1.4908 0.4004
vt 1.4752 0.4004
vt 1.4933 0.3994
vt 1.4777 0.3994
vt 1.4959 0.3994
vt 1.4803 0.3994
vt 1.4984 0.4004
vt 1.4828 0.4004
vt 1.5003 0.4023
vt 1.4846 0.4023
vt 1.5013 0.4047
vt 1.4856 0.4047
vn -0.0073 -0.8579 -0.5137
vn 0.0073 -0.8575 -0.5145
vn -0.3781 -0.8054 -0.4566
vn -0.3906 -0.8013 -0.4533
vn -0.7054 -0.6284 -0.3279
vn -0.7127 -0.6222 -0.3238
vn -0.9234 -0.3539 -0.1486
vn -0.9255 -0.3495 -0.1458
vn -0.9983 -0.0250 0.0534
vn -0.9983 -0.0249 0.0535
vn -0.9191 0.3070 0.2468
vn -0.9213 0.3026 0.2443
vn -0.6994 0.5911 0.4019
vn -0.7066 0.5847 0.3985
vn -0.3738 0.7841 0.4954
vn -0.3862 0.7794 0.4934
vn 0.0073 0.8579 0.5137
vn -0.0073 0.8575 0.5145
vn 0.3862 0.8025 0.4548
vn 0.3738 0.8065 0.4580
vn 0.7066 0.6271 0.3277
vn 0.6994 0.6331 0.3318
vn 0.9213 0.3581 0.1517
vn 0.9191 0.3624 0.1545
vn 0.9983 0.0354 -0.0472
vn 0.9255 -0.2933 -0.2395
vn 0.9234 -0.2979 -0.2421
vn 0.7127 -0.5789 -0.3961
vn 0.7054 -0.5854 -0.3996
vn 0.3906 -0.7774 -0.4930
vn 0.3781 -0.7823 -0.4950
usemtl None
s 1
f 2881/2881/2856 2897/2882/2857 2898/2883/2858 2882/2884/2859
f 2882/2884/2859 2898/2883/2858 2899/2885/2860 2883/2886/2861
f 2883/2886/2861 2899/2885/2860 2900/2887/2862 2884/2888/2863
f 2884/2888/2863 2900/2887/2862 2901/2889/2864 2885/2890/2865
f 2885/2890/2865 2901/2889/2864 2902/2891/2866 2886/2892/2867
f 2886/2892/2867 2902/2891/2866 2903/2893/2868 2887/2894/2869
f 2887/2894/2869 2903/2893/2868 2904/2895/2870 2888/2896/2871
f 2888/2896/2871 2904/2895/2870 2905/2897/2872 2889/2898/2873
f 2889/2898/2873 2905/2897/2872 2906/2899/2874 2890/2900/2875
f 2890/2900/2875 2906/2899/2874 2907/2901/2876 2891/2902/2877
f 2891/2902/2877 2907/2901/2876 2908/2903/2878 2892/2904/2879
f 2892/2904/2879 2908/2903/2878 2909/2905/2880 2893/2906/2880
f 2893/2906/2880 2909/2905/2880 2910/2907/2881 2894/2908/2882
f 2894/2908/2882 2910/2907/2881 2911/2909/2883 2895/2910/2884
f 2895/2910/2884 2911/2909/2883 2912/2911/2885 2896/2912/2886
f 2896/2912/2886 2912/2911/2885 2897/2882/2857 2881/2881/2856
o Circle.036
v 7.250000 62.721203 12.310925
v 7.123714 62.744411 12.320539
v 7.016654 62.810497 12.347914
v 6.945119 62.909409 12.388884
v 6.920000 63.026081 12.437211
v 6.945119 63.142754 12.485538
v 7.016654 63.241661 12.526509
v 7.123714 63.307751 12.553884
v 7.250000 63.330959 12.563497
v 7.376286 63.307755 12.553885
v 7.483346 63.241661 12.526509
v 7.554881 63.142754 12.485538
v 7.580000 63.026081 12.437211
v 7.554881 62.909409 12.388884
v 7.483346 62.810497 12.347914
v 7.376286 62.744408 12.320539
v 7.437500 61.371407 15.164834
v 7.311214 61.393562 15.176677
v 7.204154 61.456646 15.210397
v 7.132619 61.551067 15.260865
v 7.107500 61.662437 15.320395
v 7.132619 61.773815 15.379926
v 7.204154 61.868233 15.430394
v 7.311214 61.931320 15.464114
v 7.437500 61.953476 15.475956
v 7.563786 61.931320 15.464115
v 7.670846 61.868233 15.430394
v 7.742381 61.773815 15.379926
v 7.767500 61.662437 15.320395
v 7.742381 61.551067 15.260865
v 7.670846 61.456646 15.210397
v 7.563786 61.393559 15.176676
vt 1.4700 0.4074
vt 1.4856 0.4074
vt 1.4846 0.4098
vt 1.4690 0.4098
vt 1.4828 0.4117
vt 1.4671 0.4117
vt 1.4803 0.4127
vt 1.4647 0.4127
vt 1.4777 0.4127
vt 1.4620 0.4127
vt 1.4752 0.4117
vt 1.4596 0.4117
vt 1.4733 0.4098
vt 1.4577 0.4098
vt 1.4723 0.4074
vt 1.4567 0.4074
vt 1.4723 0.4047
vt 1.4567 0.4047
vt 1.4733 0.4023
vt 1.4577 0.4023
vt 1.4752 0.4004
vt 1.4596 0.4004
vt 1.4777 0.3994
vt 1.4620 0.3994
vt 1.4803 0.3994
vt 1.4647 0.3994
vt 1.4828 0.4004
vt 1.4671 0.4004
vt 1.4846 0.4023
vt 1.4690 0.4023
vt 1.4856 0.4047
vt 1.4700 0.4047
vn -0.0073 -0.9042 -0.4272
vn 0.0073 -0.9038 -0.4279
vn -0.3781 -0.8462 -0.3754
vn -0.3906 -0.8418 -0.3725
vn -0.7054 -0.6575 -0.2648
vn -0.7127 -0.6510 -0.2612
vn -0.9234 -0.3667 -0.1132
vn -0.9255 -0.3621 -0.1108
vn -0.9983 -0.0196 0.0556
vn -0.9983 -0.0195 0.0557
vn -0.9191 0.3298 0.2155
vn -0.9213 0.3251 0.2135
vn -0.6994 0.6276 0.3420
vn -0.7066 0.6209 0.3393
vn -0.3738 0.8289 0.4161
vn -0.3862 0.8240 0.4146
vn 0.0072 0.9041 0.4272
vn -0.0073 0.9038 0.4279
vn 0.3862 0.8432 0.3739
vn 0.3738 0.8475 0.3767
vn 0.7066 0.6562 0.2647
vn 0.6994 0.6625 0.2682
vn 0.9213 0.3713 0.1159
vn 0.9191 0.3758 0.1182
vn 0.9983 0.0306 -0.0504
vn 0.9983 0.0305 -0.0505
vn 0.9255 -0.3154 -0.2096
vn 0.9234 -0.3202 -0.2117
vn 0.7127 -0.6149 -0.3375
vn 0.7054 -0.6218 -0.3403
vn 0.3906 -0.8220 -0.4144
vn 0.3781 -0.8271 -0.4160
usemtl None
s 1
f 2913/2913/2887 2929/2914/2888 2930/2915/2889 2914/2916/2890
f 2914/2916/2890 2930/2915/2889 2931/2917/2891 2915/2918/2892
f 2915/2918/2892 2931/2917/2891 2932/2919/2893 2916/2920/2894
f 2916/2920/2894 2932/2919/2893 2933/2921/2895 2917/2922/2896
f 2917/2922/2896 2933/2921/2895 2934/2923/2897 2918/2924/2898
f 2918/2924/2898 2934/2923/2897 2935/2925/2899 2919/2926/2900
f 2919/2926/2900 2935/2925/2899 2936/2927/2901 2920/2928/2902
f 2920/2928/2902 2936/2927/2901 2937/2929/2903 2921/2930/2904
f 2921/2930/2904 2937/2929/2903 2938/2931/2905 2922/2932/2906
f 2922/2932/2906 2938/2931/2905 2939/2933/2907 2923/2934/2908
f 2923/2934/2908 2939/2933/2907 2940/2935/2909 2924/2936/2910
f 2924/2936/2910 2940/2935/2909 2941/2937/2911 2925/2938/2912
f 2925/2938/2912 2941/2937/2911 2942/2939/2913 2926/2940/2914
f 2926/2940/2914 2942/2939/2913 2943/2941/2915 2927/2942/2916
f 2927/2942/2916 2943/2941/2915 2944/2943/2917 2928/2944/2918
f 2928/2944/2918 2944/2943/2917 2929/2914/2888 2913/2913/2887
o Circle.035
v 7.062500 63.784767 9.338464
v 6.936214 63.808811 9.345757
v 6.829154 63.877262 9.366521
v 6.757619 63.979710 9.397599
v 6.732500 64.100555 9.434258
v 6.757619 64.221405 9.470917
v 6.829154 64.323853 9.501995
v 6.936214 64.392303 9.522759
v 7.062500 64.416344 9.530052
v 7.188786 64.392311 9.522760
v 7.295846 64.323853 9.501995
v 7.367381 64.221405 9.470917
v 7.392500 64.100555 9.434258
v 7.367381 63.979710 9.397599
v 7.295846 63.877262 9.366521
v 7.188786 63.808804 9.345756
v 7.250000 62.721203 12.310925
v 7.123714 62.744411 12.320539
v 7.016654 62.810497 12.347914
v 6.945119 62.909409 12.388884
v 6.920000 63.026081 12.437211
v 6.945119 63.142754 12.485538
v 7.016654 63.241661 12.526509
v 7.123714 63.307751 12.553884
v 7.250000 63.330959 12.563497
v 7.376286 63.307755 12.553885
v 7.483346 63.241661 12.526509
v 7.554881 63.142754 12.485538
v 7.580000 63.026081 12.437211
v 7.554881 62.909409 12.388884
v 7.483346 62.810497 12.347914
v 7.376286 62.744408 12.320539
vt 1.4544 0.4074
vt 1.4700 0.4074
vt 1.4690 0.4098
vt 1.4534 0.4098
vt 1.4671 0.4117
vt 1.4515 0.4117
vt 1.4647 0.4127
vt 1.4491 0.4127
vt 1.4620 0.4127
vt 1.4464 0.4127
vt 1.4596 0.4117
vt 1.4440 0.4117
vt 1.4577 0.4098
vt 1.4421 0.4098
vt 1.4567 0.4074
vt 1.4411 0.4074
vt 1.4567 0.4047
vt 1.4411 0.4047
vt 1.4577 0.4023
vt 1.4421 0.4023
vt 1.4596 0.4004
vt 1.4440 0.4004
vt 1.4620 0.3994
vt 1.4464 0.3994
vt 1.4647 0.3994
vt 1.4491 0.3994
vt 1.4671 0.4004
vt 1.4515 0.4004
vt 1.4690 0.4023
vt 1.4534 0.4023
vt 1.4700 0.4047
vt 1.4544 0.4047
vn -0.0073 -0.9417 -0.3365
vn 0.0073 -0.9414 -0.3373
vn -0.3781 -0.8790 -0.2907
vn -0.3906 -0.8743 -0.2882
vn -0.7054 -0.6803 -0.1991
vn -0.7127 -0.6735 -0.1962
vn -0.9234 -0.3761 -0.0767
vn -0.9255 -0.3712 -0.0748
vn -0.9983 -0.0141 0.0573
vn -0.9983 -0.0140 0.0573
vn -0.9191 0.3493 0.1822
vn -0.9213 0.3445 0.1806
vn -0.6994 0.6581 0.2789
vn -0.7066 0.6512 0.2768
vn -0.3738 0.8657 0.3329
vn -0.3862 0.8606 0.3319
vn 0.0072 0.9417 0.3365
vn -0.0073 0.9414 0.3373
vn 0.3862 0.8758 0.2895
vn 0.3738 0.8804 0.2919
vn 0.7067 0.6790 0.1991
vn 0.6994 0.6856 0.2019
vn 0.9213 0.3808 0.0790
vn 0.9191 0.3856 0.0808
vn 0.9983 0.0255 -0.0532
vn 0.9255 -0.3344 -0.1776
vn 0.9234 -0.3394 -0.1793
vn 0.7127 -0.6450 -0.2756
vn 0.7054 -0.6521 -0.2777
vn 0.3906 -0.8587 -0.3318
vn 0.3781 -0.8638 -0.3329
usemtl None
s 1
f 2945/2945/2919 2961/2946/2920 2962/2947/2921 2946/2948/2922
f 2946/2948/2922 2962/2947/2921 2963/2949/2923 2947/2950/2924
f 2947/2950/2924 2963/2949/2923 2964/2951/2925 2948/2952/2926
f 2948/2952/2926 2964/2951/2925 2965/2953/2927 2949/2954/2928
f 2949/2954/2928 2965/2953/2927 2966/2955/2929 2950/2956/2930
f 2950/2956/2930 2966/2955/2929 2967/2957/2931 2951/2958/2932
f 2951/2958/2932 2967/2957/2931 2968/2959/2933 2952/2960/2934
f 2952/2960/2934 2968/2959/2933 2969/2961/2935 2953/2962/2936
f 2953/2962/2936 2969/2961/2935 2970/2963/2937 2954/2964/2938
f 2954/2964/2938 2970/2963/2937 2971/2965/2939 2955/2966/2940
f 2955/2966/2940 2971/2965/2939 2972/2967/2941 2956/2968/2942
f 2956/2968/2942 2972/2967/2941 2973/2969/2943 2957/2970/2943
f 2957/2970/2943 2973/2969/2943 2974/2971/2944 2958/2972/2945
f 2958/2972/2945 2974/2971/2944 2975/2973/2946 2959/2974/2947
f 2959/2974/2947 2975/2973/2946 2976/2975/2948 2960/2976/2949
f 2960/2976/2949 2976/2975/2948 2961/2946/2920 2945/2945/2919
o Circle.034
v 6.875000 64.551865 6.276061
v 6.748714 64.576500 6.280962
v 6.641654 64.646660 6.294918
v 6.570119 64.751663 6.315804
v 6.545000 64.875519 6.340441
v 6.570119 64.999382 6.365078
v 6.641654 65.104385 6.385964
v 6.748714 65.174538 6.399920
v 6.875000 65.199181 6.404821
v 7.001286 65.174538 6.399920
v 7.108346 65.104385 6.385964
v 7.179881 64.999382 6.365078
v 7.205000 64.875519 6.340441
v 7.179881 64.751663 6.315804
v 7.108346 64.646660 6.294918
v 7.001286 64.576500 6.280962
v 7.062500 63.784767 9.338464
v 6.936214 63.808811 9.345757
v 6.829154 63.877262 9.366521
v 6.757619 63.979710 9.397599
v 6.732500 64.100555 9.434258
v 6.757619 64.221405 9.470917
v 6.829154 64.323853 9.501995
v 6.936214 64.392303 9.522759
v 7.062500 64.416344 9.530052
v 7.188786 64.392311 9.522760
v 7.295846 64.323853 9.501995
v 7.367381 64.221405 9.470917
v 7.392500 64.100555 9.434258
v 7.367381 63.979710 9.397599
v 7.295846 63.877262 9.366521
v 7.188786 63.808804 9.345756
vt 1.4388 0.4074
vt 1.4544 0.4074
vt 1.4534 0.4098
vt 1.4378 0.4098
vt 1.4515 0.4117
vt 1.4359 0.4117
vt 1.4491 0.4127
vt 1.4334 0.4127
vt 1.4464 0.4127
vt 1.4308 0.4127
vt 1.4440 0.4117
vt 1.4283 0.4117
vt 1.4421 0.4098
vt 1.4265 0.4098
vt 1.4411 0.4074
vt 1.4254 0.4074
vt 1.4411 0.4047
vt 1.4254 0.4047
vt 1.4421 0.4023
vt 1.4265 0.4023
vt 1.4440 0.4004
vt 1.4283 0.4004
vt 1.4464 0.3994
vt 1.4308 0.3994
vt 1.4491 0.3994
vt 1.4334 0.3994
vt 1.4515 0.4004
vt 1.4359 0.4004
vt 1.4534 0.4023
vt 1.4378 0.4023
vt 1.4544 0.4047
vt 1.4388 0.4047
vn -0.0073 -0.9701 -0.2425
vn 0.0073 -0.9699 -0.2434
vn -0.3781 -0.9032 -0.2031
vn -0.3906 -0.8983 -0.2011
vn -0.7054 -0.6965 -0.1314
vn -0.7127 -0.6894 -0.1292
vn -0.9234 -0.3818 -0.0395
vn -0.9255 -0.3767 -0.0381
vn -0.9983 -0.0084 0.0584
vn -0.9983 -0.0083 0.0584
vn -0.9191 0.3655 0.1470
vn -0.9213 0.3605 0.1459
vn -0.6994 0.6823 0.2130
vn -0.7066 0.6752 0.2117
vn -0.3738 0.8942 0.2464
vn -0.3862 0.8890 0.2459
vn 0.0072 0.9701 0.2426
vn -0.0073 0.9699 0.2434
vn 0.3862 0.9000 0.2022
vn 0.3738 0.9047 0.2042
vn 0.7066 0.6952 0.1316
vn 0.6994 0.7021 0.1338
vn 0.9213 0.3867 0.0412
vn 0.9191 0.3916 0.0426
vn 0.9983 0.0202 -0.0554
vn 0.9983 0.0201 -0.0555
vn 0.9255 -0.3502 -0.1440
vn 0.9234 -0.3553 -0.1452
vn 0.7127 -0.6689 -0.2110
vn 0.7054 -0.6762 -0.2124
vn 0.3906 -0.8871 -0.2461
vn 0.3781 -0.8923 -0.2466
usemtl None
s 1
f 2977/2977/2950 2993/2978/2951 2994/2979/2952 2978/2980/2953
f 2978/2980/2953 2994/2979/2952 2995/2981/2954 2979/2982/2955
f 2979/2982/2955 2995/2981/2954 2996/2983/2956 2980/2984/2957
f 2980/2984/2957 2996/2983/2956 2997/2985/2958 2981/2986/2959
f 2981/2986/2959 2997/2985/2958 2998/2987/2960 2982/2988/2961
f 2982/2988/2961 2998/2987/2960 2999/2989/2962 2983/2990/2963
f 2983/2990/2963 2999/2989/2962 3000/2991/2964 2984/2992/2965
f 2984/2992/2965 3000/2991/2964 3001/2993/2966 2985/2994/2967
f 2985/2994/2967 3001/2993/2966 3002/2995/2968 2986/2996/2969
f 2986/2996/2969 3002/2995/2968 3003/2997/2970 2987/2998/2971
f 2987/2998/2971 3003/2997/2970 3004/2999/2972 2988/3000/2973
f 2988/3000/2973 3004/2999/2972 3005/3001/2974 2989/3002/2975
f 2989/3002/2975 3005/3001/2974 3006/3003/2976 2990/3004/2977
f 2990/3004/2977 3006/3003/2976 3007/3005/2978 2991/3006/2979
f 2991/3006/2979 3007/3005/2978 3008/3007/2980 2992/3008/2981
f 2992/3008/2981 3008/3007/2980 2993/2978/2951 2977/2977/2950
o Circle.033
v 6.687500 65.015091 3.153215
v 6.561214 65.040092 3.155678
v 6.454154 65.111282 3.162689
v 6.382619 65.217827 3.173183
v 6.357500 65.343506 3.185561
v 6.382619 65.469177 3.197939
v 6.454154 65.575729 3.208433
v 6.561214 65.646912 3.215445
v 6.687500 65.671913 3.217907
v 6.813786 65.646919 3.215445
v 6.920846 65.575729 3.208433
v 6.992381 65.469177 3.197939
v 7.017500 65.343506 3.185561
v 6.992381 65.217827 3.173183
v 6.920846 65.111282 3.162689
v 6.813786 65.040092 3.155678
v 6.875000 64.551865 6.276061
v 6.748714 64.576500 6.280962
v 6.641654 64.646660 6.294918
v 6.570119 64.751663 6.315804
v 6.545000 64.875519 6.340441
v 6.570119 64.999382 6.365078
v 6.641654 65.104385 6.385964
v 6.748714 65.174538 6.399920
v 6.875000 65.199181 6.404821
v 7.001286 65.174538 6.399920
v 7.108346 65.104385 6.385964
v 7.179881 64.999382 6.365078
v 7.205000 64.875519 6.340441
v 7.179881 64.751663 6.315804
v 7.108346 64.646660 6.294918
v 7.001286 64.576500 6.280962
vt 1.4231 0.4074
vt 1.4388 0.4074
vt 1.4378 0.4098
vt 1.4221 0.4098
vt 1.4359 0.4117
vt 1.4203 0.4117
vt 1.4334 0.4127
vt 1.4178 0.4127
vt 1.4308 0.4127
vt 1.4152 0.4127
vt 1.4283 0.4117
vt 1.4127 0.4117
vt 1.4265 0.4098
vt 1.4108 0.4098
vt 1.4254 0.4074
vt 1.4098 0.4074
vt 1.4254 0.4047
vt 1.4098 0.4047
vt 1.4265 0.4023
vt 1.4108 0.4023
vt 1.4283 0.4004
vt 1.4127 0.4004
vt 1.4308 0.3994
vt 1.4152 0.3994
vt 1.4334 0.3994
vt 1.4178 0.3994
vt 1.4359 0.4004
vt 1.4203 0.4004
vt 1.4378 0.4023
vt 1.4221 0.4023
vt 1.4388 0.4047
vt 1.4231 0.4047
vn -0.0073 -0.9892 -0.1463
vn 0.0073 -0.9891 -0.1472
vn -0.3781 -0.9188 -0.1136
vn -0.3906 -0.9137 -0.1121
vn -0.7054 -0.7060 -0.0625
vn -0.7127 -0.6988 -0.0610
vn -0.9234 -0.3838 -0.0019
vn -0.9255 -0.3786 -0.0010
vn -0.9983 -0.0026 0.0589
vn -0.9983 -0.0025 0.0589
vn -0.9191 0.3781 0.1105
vn -0.9213 0.3731 0.1099
vn -0.6994 0.6999 0.1451
vn -0.7066 0.6927 0.1445
vn -0.3738 0.9140 0.1576
vn -0.3862 0.9089 0.1576
vn 0.0072 0.9892 0.1463
vn -0.0073 0.9891 0.1471
vn 0.3862 0.9155 0.1130
vn 0.3738 0.9204 0.1145
vn 0.7066 0.7048 0.0628
vn 0.6994 0.7118 0.0643
vn 0.9213 0.3889 0.0031
vn 0.9191 0.3939 0.0040
vn 0.9983 0.0147 -0.0572
vn 0.9983 0.0146 -0.0572
vn 0.9255 -0.3626 -0.1090
vn 0.9234 -0.3678 -0.1096
vn 0.7127 -0.6864 -0.1445
vn 0.7054 -0.6938 -0.1451
vn 0.3906 -0.9069 -0.1579
vn 0.3781 -0.9122 -0.1580
usemtl None
s 1
f 3009/3009/2982 3025/3010/2983 3026/3011/2984 3010/3012/2985
f 3010/3012/2985 3026/3011/2984 3027/3013/2986 3011/3014/2987
f 3011/3014/2987 3027/3013/2986 3028/3015/2988 3012/3016/2989
f 3012/3016/2989 3028/3015/2988 3029/3017/2990 3013/3018/2991
f 3013/3018/2991 3029/3017/2990 3030/3019/2992 3014/3020/2993
f 3014/3020/2993 3030/3019/2992 3031/3021/2994 3015/3022/2995
f 3015/3022/2995 3031/3021/2994 3032/3023/2996 3016/3024/2997
f 3016/3024/2997 3032/3023/2996 3033/3025/2998 3017/3026/2999
f 3017/3026/2999 3033/3025/2998 3034/3027/3000 3018/3028/3001
f 3018/3028/3001 3034/3027/3000 3035/3029/3002 3019/3030/3003
f 3019/3030/3003 3035/3029/3002 3036/3031/3004 3020/3032/3005
f 3020/3032/3005 3036/3031/3004 3037/3033/3006 3021/3034/3007
f 3021/3034/3007 3037/3033/3006 3038/3035/3008 3022/3036/3009
f 3022/3036/3009 3038/3035/3008 3039/3037/3010 3023/3038/3011
f 3023/3038/3011 3039/3037/3010 3040/3039/3012 3024/3040/3013
f 3024/3040/3013 3040/3039/3012 3025/3010/2983 3009/3009/2982
o Circle.032
v 6.500000 65.169998 0.000003
v 6.373714 65.195122 0.000003
v 6.266654 65.266655 0.000003
v 6.195119 65.373711 0.000003
v 6.170000 65.500000 0.000003
v 6.195119 65.626289 0.000003
v 6.266654 65.733345 0.000003
v 6.373714 65.804878 0.000003
v 6.500000 65.830002 0.000003
v 6.626286 65.804886 0.000003
v 6.733346 65.733345 0.000003
v 6.804881 65.626289 0.000003
v 6.830000 65.500000 0.000003
v 6.804881 65.373711 0.000003
v 6.733346 65.266655 0.000003
v 6.626286 65.195114 0.000003
v 6.687500 65.015091 3.153215
v 6.561214 65.040092 3.155678
v 6.454154 65.111282 3.162689
v 6.382619 65.217827 3.173183
v 6.357500 65.343506 3.185561
v 6.382619 65.469177 3.197939
v 6.454154 65.575729 3.208433
v 6.561214 65.646912 3.215445
v 6.687500 65.671913 3.217907
v 6.813786 65.646919 3.215445
v 6.920846 65.575729 3.208433
v 6.992381 65.469177 3.197939
v 7.017500 65.343506 3.185561
v 6.992381 65.217827 3.173183
v 6.920846 65.111282 3.162689
v 6.813786 65.040092 3.155678
vt 1.4075 0.4074
vt 1.4231 0.4074
vt 1.4221 0.4098
vt 1.4065 0.4098
vt 1.4203 0.4117
vt 1.4046 0.4117
vt 1.4178 0.4127
vt 1.4022 0.4127
vt 1.4152 0.4127
vt 1.3995 0.4127
vt 1.4127 0.4117
vt 1.3971 0.4117
vt 1.4108 0.4098
vt 1.3952 0.4098
vt 1.4098 0.4074
vt 1.3942 0.4074
vt 1.4098 0.4047
vt 1.3942 0.4047
vt 1.4108 0.4023
vt 1.3952 0.4023
vt 1.4127 0.4004
vt 1.3971 0.4004
vt 1.4152 0.3994
vt 1.3995 0.3994
vt 1.4178 0.3994
vt 1.4022 0.3994
vt 1.4203 0.4004
vt 1.4046 0.4004
vt 1.4221 0.4023
vt 1.4065 0.4023
vt 1.4231 0.4047
vt 1.4075 0.4047
vn -0.0073 -0.9988 -0.0486
vn 0.0073 -0.9987 -0.0495
vn -0.3781 -0.9255 -0.0230
vn -0.3906 -0.9203 -0.0220
vn -0.7054 -0.7088 0.0070
vn -0.7127 -0.7014 0.0078
vn -0.9234 -0.3822 0.0358
vn -0.9255 -0.3769 0.0362
vn -0.9983 0.0032 0.0589
vn -0.9191 0.3871 0.0729
vn -0.9213 0.3821 0.0728
vn -0.6994 0.7107 0.0758
vn -0.7066 0.7035 0.0759
vn -0.3738 0.9251 0.0673
vn -0.3862 0.9199 0.0677
vn 0.0072 0.9988 0.0486
vn -0.0073 0.9987 0.0495
vn 0.3862 0.9221 0.0228
vn 0.3738 0.9272 0.0237
vn 0.7067 0.7075 -0.0066
vn 0.6994 0.7147 -0.0058
vn 0.9213 0.3874 -0.0350
vn 0.9191 0.3924 -0.0346
vn 0.9983 0.0090 -0.0583
vn 0.9983 0.0089 -0.0583
vn 0.9255 -0.3716 -0.0729
vn 0.9234 -0.3768 -0.0731
vn 0.7127 -0.6973 -0.0765
vn 0.7054 -0.7046 -0.0764
vn 0.3906 -0.9180 -0.0683
vn 0.3781 -0.9233 -0.0678
usemtl None
s 1
f 3041/3041/3014 3057/3042/3015 3058/3043/3016 3042/3044/3017
f 3042/3044/3017 3058/3043/3016 3059/3045/3018 3043/3046/3019
f 3043/3046/3019 3059/3045/3018 3060/3047/3020 3044/3048/3021
f 3044/3048/3021 3060/3047/3020 3061/3049/3022 3045/3050/3022
f 3045/3050/3022 3061/3049/3022 3062/3051/3023 3046/3052/3024
f 3046/3052/3024 3062/3051/3023 3063/3053/3025 3047/3054/3026
f 3047/3054/3026 3063/3053/3025 3064/3055/3027 3048/3056/3028
f 3048/3056/3028 3064/3055/3027 3065/3057/3029 3049/3058/3030
f 3049/3058/3030 3065/3057/3029 3066/3059/3031 3050/3060/3032
f 3050/3060/3032 3066/3059/3031 3067/3061/3033 3051/3062/3034
f 3051/3062/3034 3067/3061/3033 3068/3063/3035 3052/3064/3036
f 3052/3064/3036 3068/3063/3035 3069/3065/3037 3053/3066/3038
f 3053/3066/3038 3069/3065/3037 3070/3067/3039 3054/3068/3040
f 3054/3068/3040 3070/3067/3039 3071/3069/3041 3055/3070/3042
f 3055/3070/3042 3071/3069/3041 3072/3071/3043 3056/3072/3044
f 3056/3072/3044 3072/3071/3043 3057/3042/3015 3041/3041/3014
o Circle.031
v 6.312500 65.015091 -3.153210
v 6.186214 65.040092 -3.155672
v 6.079154 65.111282 -3.162684
v 6.007619 65.217827 -3.173177
v 5.982500 65.343506 -3.185556
v 6.007619 65.469177 -3.197934
v 6.079154 65.575729 -3.208427
v 6.186214 65.646912 -3.215439
v 6.312500 65.671913 -3.217901
v 6.438786 65.646919 -3.215439
v 6.545846 65.575729 -3.208427
v 6.617381 65.469177 -3.197934
v 6.642500 65.343506 -3.185556
v 6.617381 65.217827 -3.173177
v 6.545846 65.111282 -3.162684
v 6.438786 65.040092 -3.155672
v 6.500000 65.169998 0.000003
v 6.373714 65.195122 0.000003
v 6.266654 65.266655 0.000003
v 6.195119 65.373711 0.000003
v 6.170000 65.500000 0.000003
v 6.195119 65.626289 0.000003
v 6.266654 65.733345 0.000003
v 6.373714 65.804878 0.000003
v 6.500000 65.830002 0.000003
v 6.626286 65.804886 0.000003
v 6.733346 65.733345 0.000003
v 6.804881 65.626289 0.000003
v 6.830000 65.500000 0.000003
v 6.804881 65.373711 0.000003
v 6.733346 65.266655 0.000003
v 6.626286 65.195114 0.000003
vt 1.3919 0.4074
vt 1.4075 0.4074
vt 1.4065 0.4098
vt 1.3909 0.4098
vt 1.4046 0.4117
vt 1.3890 0.4117
vt 1.4022 0.4127
vt 1.3866 0.4127
vt 1.3995 0.4127
vt 1.3839 0.4127
vt 1.3971 0.4117
vt 1.3815 0.4117
vt 1.3952 0.4098
vt 1.3796 0.4098
vt 1.3942 0.4074
vt 1.3786 0.4074
vt 1.3942 0.4047
vt 1.3786 0.4047
vt 1.3952 0.4023
vt 1.3796 0.4023
vt 1.3971 0.4004
vt 1.3815 0.4004
vt 1.3995 0.3994
vt 1.3839 0.3994
vt 1.4022 0.3994
vt 1.3866 0.3994
vt 1.4046 0.4004
vt 1.3890 0.4004
vt 1.4065 0.4023
vt 1.3909 0.4023
vt 1.4075 0.4047
vt 1.3919 0.4047
vn -0.0073 -0.9987 0.0495
vn 0.0073 -0.9988 0.0486
vn -0.3781 -0.9233 0.0678
vn -0.3906 -0.9180 0.0683
vn -0.7054 -0.7047 0.0764
vn -0.7127 -0.6973 0.0765
vn -0.9234 -0.3768 0.0731
vn -0.9255 -0.3716 0.0729
vn -0.9983 0.0089 0.0583
vn -0.9983 0.0090 0.0583
vn -0.9191 0.3924 0.0346
vn -0.9213 0.3874 0.0350
vn -0.6994 0.7147 0.0058
vn -0.7066 0.7075 0.0066
vn -0.3738 0.9272 -0.0237
vn -0.3862 0.9221 -0.0228
vn 0.0072 0.9987 -0.0495
vn -0.0073 0.9988 -0.0486
vn 0.3862 0.9199 -0.0677
vn 0.3738 0.9251 -0.0673
vn 0.7067 0.7035 -0.0759
vn 0.6994 0.7107 -0.0758
vn 0.9213 0.3821 -0.0728
vn 0.9191 0.3871 -0.0729
vn 0.9983 0.0032 -0.0589
vn 0.9255 -0.3769 -0.0362
vn 0.9234 -0.3822 -0.0358
vn 0.7127 -0.7014 -0.0078
vn 0.7054 -0.7087 -0.0070
vn 0.3906 -0.9203 0.0220
vn 0.3781 -0.9255 0.0230
usemtl None
s 1
f 3073/3073/3045 3089/3074/3046 3090/3075/3047 3074/3076/3048
f 3074/3076/3048 3090/3075/3047 3091/3077/3049 3075/3078/3050
f 3075/3078/3050 3091/3077/3049 3092/3079/3051 3076/3080/3052
f 3076/3080/3052 3092/3079/3051 3093/3081/3053 3077/3082/3054
f 3077/3082/3054 3093/3081/3053 3094/3083/3055 3078/3084/3056
f 3078/3084/3056 3094/3083/3055 3095/3085/3057 3079/3086/3058
f 3079/3086/3058 3095/3085/3057 3096/3087/3059 3080/3088/3060
f 3080/3088/3060 3096/3087/3059 3097/3089/3061 3081/3090/3062
f 3081/3090/3062 3097/3089/3061 3098/3091/3063 3082/3092/3064
f 3082/3092/3064 3098/3091/3063 3099/3093/3065 3083/3094/3066
f 3083/3094/3066 3099/3093/3065 3100/3095/3067 3084/3096/3068
f 3084/3096/3068 3100/3095/3067 3101/3097/3069 3085/3098/3069
f 3085/3098/3069 3101/3097/3069 3102/3099/3070 3086/3100/3071
f 3086/3100/3071 3102/3099/3070 3103/3101/3072 3087/3102/3073
f 3087/3102/3073 3103/3101/3072 3104/3103/3074 3088/3104/3075
f 3088/3104/3075 3104/3103/3074 3089/3074/3046 3073/3073/3045
o Circle.030
v 6.125000 64.551865 -6.276055
v 5.998714 64.576500 -6.280956
v 5.891654 64.646660 -6.294912
v 5.820119 64.751663 -6.315798
v 5.795000 64.875519 -6.340435
v 5.820119 64.999382 -6.365072
v 5.891654 65.104385 -6.385959
v 5.998714 65.174538 -6.399914
v 6.125000 65.199181 -6.404815
v 6.251286 65.174538 -6.399915
v 6.358346 65.104385 -6.385959
v 6.429881 64.999382 -6.365072
v 6.455000 64.875519 -6.340435
v 6.429881 64.751663 -6.315798
v 6.358346 64.646660 -6.294912
v 6.251286 64.576500 -6.280956
v 6.312500 65.015091 -3.153210
v 6.186214 65.040092 -3.155672
v 6.079154 65.111282 -3.162684
v 6.007619 65.217827 -3.173177
v 5.982500 65.343506 -3.185556
v 6.007619 65.469177 -3.197934
v 6.079154 65.575729 -3.208427
v 6.186214 65.646912 -3.215439
v 6.312500 65.671913 -3.217901
v 6.438786 65.646919 -3.215439
v 6.545846 65.575729 -3.208427
v 6.617381 65.469177 -3.197934
v 6.642500 65.343506 -3.185556
v 6.617381 65.217827 -3.173177
v 6.545846 65.111282 -3.162684
v 6.438786 65.040092 -3.155672
vt 1.3763 0.4074
vt 1.3919 0.4074
vt 1.3909 0.4098
vt 1.3753 0.4098
vt 1.3890 0.4117
vt 1.3734 0.4117
vt 1.3866 0.4127
vt 1.3709 0.4127
vt 1.3839 0.4127
vt 1.3683 0.4127
vt 1.3815 0.4117
vt 1.3658 0.4117
vt 1.3796 0.4098
vt 1.3640 0.4098
vt 1.3786 0.4074
vt 1.3629 0.4074
vt 1.3786 0.4047
vt 1.3629 0.4047
vt 1.3796 0.4023
vt 1.3640 0.4023
vt 1.3815 0.4004
vt 1.3658 0.4004
vt 1.3839 0.3994
vt 1.3683 0.3994
vt 1.3866 0.3994
vt 1.3709 0.3994
vt 1.3890 0.4004
vt 1.3734 0.4004
vt 1.3909 0.4023
vt 1.3753 0.4023
vt 1.3919 0.4047
vt 1.3763 0.4047
vn -0.0073 -0.9891 0.1472
vn 0.0073 -0.9892 0.1463
vn -0.3781 -0.9122 0.1580
vn -0.3906 -0.9069 0.1579
vn -0.7054 -0.6938 0.1451
vn -0.7127 -0.6864 0.1445
vn -0.9234 -0.3678 0.1096
vn -0.9255 -0.3626 0.1090
vn -0.9983 0.0146 0.0572
vn -0.9983 0.0147 0.0572
vn -0.9191 0.3939 -0.0040
vn -0.9213 0.3889 -0.0031
vn -0.6994 0.7119 -0.0643
vn -0.7066 0.7048 -0.0628
vn -0.3738 0.9204 -0.1145
vn -0.3862 0.9155 -0.1130
vn 0.0072 0.9891 -0.1471
vn -0.0073 0.9892 -0.1463
vn 0.3862 0.9089 -0.1576
vn 0.3738 0.9140 -0.1576
vn 0.7066 0.6927 -0.1445
vn 0.6994 0.6999 -0.1451
vn 0.9213 0.3731 -0.1099
vn 0.9191 0.3781 -0.1105
vn 0.9983 -0.0025 -0.0589
vn 0.9983 -0.0026 -0.0589
vn 0.9255 -0.3786 0.0010
vn 0.9234 -0.3838 0.0019
vn 0.7127 -0.6988 0.0610
vn 0.7054 -0.7060 0.0625
vn 0.3906 -0.9137 0.1121
vn 0.3781 -0.9188 0.1136
usemtl None
s 1
f 3105/3105/3076 3121/3106/3077 3122/3107/3078 3106/3108/3079
f 3106/3108/3079 3122/3107/3078 3123/3109/3080 3107/3110/3081
f 3107/3110/3081 3123/3109/3080 3124/3111/3082 3108/3112/3083
f 3108/3112/3083 3124/3111/3082 3125/3113/3084 3109/3114/3085
f 3109/3114/3085 3125/3113/3084 3126/3115/3086 3110/3116/3087
f 3110/3116/3087 3126/3115/3086 3127/3117/3088 3111/3118/3089
f 3111/3118/3089 3127/3117/3088 3128/3119/3090 3112/3120/3091
f 3112/3120/3091 3128/3119/3090 3129/3121/3092 3113/3122/3093
f 3113/3122/3093 3129/3121/3092 3130/3123/3094 3114/3124/3095
f 3114/3124/3095 3130/3123/3094 3131/3125/3096 3115/3126/3097
f 3115/3126/3097 3131/3125/3096 3132/3127/3098 3116/3128/3099
f 3116/3128/3099 3132/3127/3098 3133/3129/3100 3117/3130/3101
f 3117/3130/3101 3133/3129/3100 3134/3131/3102 3118/3132/3103
f 3118/3132/3103 3134/3131/3102 3135/3133/3104 3119/3134/3105
f 3119/3134/3105 3135/3133/3104 3136/3135/3106 3120/3136/3107
f 3120/3136/3107 3136/3135/3106 3121/3106/3077 3105/3105/3076
o Circle.029
v 5.937500 63.784771 -9.338459
v 5.811214 63.808811 -9.345752
v 5.704154 63.877262 -9.366516
v 5.632619 63.979710 -9.397594
v 5.607500 64.100563 -9.434253
v 5.632619 64.221405 -9.470911
v 5.704154 64.323853 -9.501989
v 5.811214 64.392311 -9.522755
v 5.937500 64.416351 -9.530047
v 6.063786 64.392311 -9.522756
v 6.170846 64.323853 -9.501989
v 6.242381 64.221405 -9.470911
v 6.267500 64.100563 -9.434253
v 6.242381 63.979710 -9.397594
v 6.170846 63.877262 -9.366516
v 6.063786 63.808807 -9.345751
v 6.125000 64.551865 -6.276055
v 5.998714 64.576500 -6.280956
v 5.891654 64.646660 -6.294912
v 5.820119 64.751663 -6.315798
v 5.795000 64.875519 -6.340435
v 5.820119 64.999382 -6.365072
v 5.891654 65.104385 -6.385959
v 5.998714 65.174538 -6.399914
v 6.125000 65.199181 -6.404815
v 6.251286 65.174538 -6.399915
v 6.358346 65.104385 -6.385959
v 6.429881 64.999382 -6.365072
v 6.455000 64.875519 -6.340435
v 6.429881 64.751663 -6.315798
v 6.358346 64.646660 -6.294912
v 6.251286 64.576500 -6.280956
vt 1.3606 0.4074
vt 1.3763 0.4074
vt 1.3753 0.4098
vt 1.3596 0.4098
vt 1.3734 0.4117
vt 1.3578 0.4117
vt 1.3709 0.4127
vt 1.3553 0.4127
vt 1.3683 0.4127
vt 1.3527 0.4127
vt 1.3658 0.4117
vt 1.3502 0.4117
vt 1.3640 0.4098
vt 1.3483 0.4098
vt 1.3629 0.4074
vt 1.3473 0.4074
vt 1.3629 0.4047
vt 1.3473 0.4047
vt 1.3640 0.4023
vt 1.3483 0.4023
vt 1.3658 0.4004
vt 1.3502 0.4004
vt 1.3683 0.3994
vt 1.3527 0.3994
vt 1.3709 0.3994
vt 1.3553 0.3994
vt 1.3734 0.4004
vt 1.3578 0.4004
vt 1.3753 0.4023
vt 1.3596 0.4023
vt 1.3763 0.4047
vt 1.3606 0.4047
vn -0.0073 -0.9699 0.2434
vn 0.0073 -0.9701 0.2426
vn -0.3781 -0.8923 0.2466
vn -0.3906 -0.8871 0.2461
vn -0.7054 -0.6762 0.2124
vn -0.7127 -0.6689 0.2110
vn -0.9234 -0.3553 0.1452
vn -0.9255 -0.3502 0.1440
vn -0.9983 0.0201 0.0555
vn -0.9983 0.0202 0.0554
vn -0.9191 0.3916 -0.0426
vn -0.9213 0.3867 -0.0412
vn -0.6994 0.7021 -0.1338
vn -0.7066 0.6952 -0.1316
vn -0.3738 0.9047 -0.2042
vn -0.3862 0.9000 -0.2022
vn 0.0073 0.9699 -0.2434
vn -0.0073 0.9701 -0.2426
vn 0.3862 0.8890 -0.2459
vn 0.3738 0.8942 -0.2464
vn 0.7066 0.6752 -0.2117
vn 0.6994 0.6823 -0.2130
vn 0.9213 0.3605 -0.1459
vn 0.9191 0.3655 -0.1470
vn 0.9983 -0.0083 -0.0584
vn 0.9983 -0.0084 -0.0584
vn 0.9255 -0.3767 0.0381
vn 0.9234 -0.3818 0.0395
vn 0.7127 -0.6894 0.1292
vn 0.7054 -0.6965 0.1314
vn 0.3906 -0.8983 0.2011
vn 0.3781 -0.9032 0.2031
usemtl None
s 1
f 3137/3137/3108 3153/3138/3109 3154/3139/3110 3138/3140/3111
f 3138/3140/3111 3154/3139/3110 3155/3141/3112 3139/3142/3113
f 3139/3142/3113 3155/3141/3112 3156/3143/3114 3140/3144/3115
f 3140/3144/3115 3156/3143/3114 3157/3145/3116 3141/3146/3117
f 3141/3146/3117 3157/3145/3116 3158/3147/3118 3142/3148/3119
f 3142/3148/3119 3158/3147/3118 3159/3149/3120 3143/3150/3121
f 3143/3150/3121 3159/3149/3120 3160/3151/3122 3144/3152/3123
f 3144/3152/3123 3160/3151/3122 3161/3153/3124 3145/3154/3125
f 3145/3154/3125 3161/3153/3124 3162/3155/3126 3146/3156/3127
f 3146/3156/3127 3162/3155/3126 3163/3157/3128 3147/3158/3129
f 3147/3158/3129 3163/3157/3128 3164/3159/3130 3148/3160/3131
f 3148/3160/3131 3164/3159/3130 3165/3161/3132 3149/3162/3133
f 3149/3162/3133 3165/3161/3132 3166/3163/3134 3150/3164/3135
f 3150/3164/3135 3166/3163/3134 3167/3165/3136 3151/3166/3137
f 3151/3166/3137 3167/3165/3136 3168/3167/3138 3152/3168/3139
f 3152/3168/3139 3168/3167/3138 3153/3138/3109 3137/3137/3108
o Circle.028
v 5.750000 62.721207 -12.310921
v 5.623714 62.744415 -12.320535
v 5.516654 62.810505 -12.347909
v 5.445119 62.909416 -12.388879
v 5.420000 63.026089 -12.437206
v 5.445119 63.142761 -12.485534
v 5.516654 63.241669 -12.526505
v 5.623714 63.307758 -12.553879
v 5.750000 63.330967 -12.563492
v 5.876286 63.307758 -12.553879
v 5.983346 63.241669 -12.526505
v 6.054881 63.142761 -12.485534
v 6.080000 63.026089 -12.437206
v 6.054881 62.909416 -12.388879
v 5.983346 62.810505 -12.347909
v 5.876286 62.744415 -12.320534
v 5.937500 63.784771 -9.338459
v 5.811214 63.808811 -9.345752
v 5.704154 63.877262 -9.366516
v 5.632619 63.979710 -9.397594
v 5.607500 64.100563 -9.434253
v 5.632619 64.221405 -9.470911
v 5.704154 64.323853 -9.501989
v 5.811214 64.392311 -9.522755
v 5.937500 64.416351 -9.530047
v 6.063786 64.392311 -9.522756
v 6.170846 64.323853 -9.501989
v 6.242381 64.221405 -9.470911
v 6.267500 64.100563 -9.434253
v 6.242381 63.979710 -9.397594
v 6.170846 63.877262 -9.366516
v 6.063786 63.808807 -9.345751
vt 1.3450 0.4074
vt 1.3606 0.4074
vt 1.3596 0.4098
vt 1.3440 0.4098
vt 1.3578 0.4117
vt 1.3421 0.4117
vt 1.3553 0.4127
vt 1.3397 0.4127
vt 1.3527 0.4127
vt 1.3370 0.4127
vt 1.3502 0.4117
vt 1.3346 0.4117
vt 1.3483 0.4098
vt 1.3327 0.4098
vt 1.3473 0.4074
vt 1.3317 0.4074
vt 1.3473 0.4047
vt 1.3317 0.4047
vt 1.3483 0.4023
vt 1.3327 0.4023
vt 1.3502 0.4004
vt 1.3346 0.4004
vt 1.3527 0.3994
vt 1.3370 0.3994
vt 1.3553 0.3994
vt 1.3397 0.3994
vt 1.3578 0.4004
vt 1.3421 0.4004
vt 1.3596 0.4023
vt 1.3440 0.4023
vt 1.3606 0.4047
vt 1.3450 0.4047
vn -0.0073 -0.9414 0.3373
vn 0.0073 -0.9417 0.3365
vn -0.3781 -0.8638 0.3329
vn -0.3906 -0.8587 0.3318
vn -0.7054 -0.6521 0.2777
vn -0.7127 -0.6450 0.2756
vn -0.9234 -0.3394 0.1793
vn -0.9255 -0.3344 0.1776
vn -0.9983 0.0255 0.0532
vn -0.9191 0.3856 -0.0808
vn -0.9213 0.3809 -0.0790
vn -0.6994 0.6856 -0.2019
vn -0.7066 0.6790 -0.1991
vn -0.3738 0.8804 -0.2919
vn -0.3862 0.8758 -0.2895
vn 0.0073 0.9414 -0.3373
vn -0.0073 0.9417 -0.3365
vn 0.3862 0.8606 -0.3318
vn 0.3738 0.8657 -0.3329
vn 0.7066 0.6512 -0.2768
vn 0.6994 0.6581 -0.2789
vn 0.9213 0.3445 -0.1806
vn 0.9191 0.3493 -0.1822
vn 0.9983 -0.0140 -0.0573
vn 0.9983 -0.0141 -0.0573
vn 0.9255 -0.3712 0.0748
vn 0.9234 -0.3761 0.0767
vn 0.7127 -0.6735 0.1962
vn 0.7054 -0.6803 0.1991
vn 0.3906 -0.8743 0.2882
vn 0.3781 -0.8790 0.2907
usemtl None
s 1
f 3169/3169/3140 3185/3170/3141 3186/3171/3142 3170/3172/3143
f 3170/3172/3143 3186/3171/3142 3187/3173/3144 3171/3174/3145
f 3171/3174/3145 3187/3173/3144 3188/3175/3146 3172/3176/3147
f 3172/3176/3147 3188/3175/3146 3189/3177/3148 3173/3178/3148
f 3173/3178/3148 3189/3177/3148 3190/3179/3149 3174/3180/3150
f 3174/3180/3150 3190/3179/3149 3191/3181/3151 3175/3182/3152
f 3175/3182/3152 3191/3181/3151 3192/3183/3153 3176/3184/3154
f 3176/3184/3154 3192/3183/3153 3193/3185/3155 3177/3186/3156
f 3177/3186/3156 3193/3185/3155 3194/3187/3157 3178/3188/3158
f 3178/3188/3158 3194/3187/3157 3195/3189/3159 3179/3190/3160
f 3179/3190/3160 3195/3189/3159 3196/3191/3161 3180/3192/3162
f 3180/3192/3162 3196/3191/3161 3197/3193/3163 3181/3194/3164
f 3181/3194/3164 3197/3193/3163 3198/3195/3165 3182/3196/3166
f 3182/3196/3166 3198/3195/3165 3199/3197/3167 3183/3198/3168
f 3183/3198/3168 3199/3197/3167 3200/3199/3169 3184/3200/3170
f 3184/3200/3170 3200/3199/3169 3185/3170/3141 3169/3169/3140
o Circle.027
v 5.562500 61.371410 -15.164829
v 5.436214 61.393566 -15.176672
v 5.329154 61.456654 -15.210392
v 5.257619 61.551071 -15.260859
v 5.232500 61.662445 -15.320391
v 5.257619 61.773819 -15.379921
v 5.329154 61.868237 -15.430389
v 5.436214 61.931324 -15.464109
v 5.562500 61.953480 -15.475951
v 5.688786 61.931324 -15.464110
v 5.795846 61.868237 -15.430389
v 5.867381 61.773819 -15.379921
v 5.892500 61.662445 -15.320391
v 5.867381 61.551071 -15.260859
v 5.795846 61.456654 -15.210392
v 5.688786 61.393566 -15.176670
v 5.750000 62.721207 -12.310921
v 5.623714 62.744415 -12.320535
v 5.516654 62.810505 -12.347909
v 5.445119 62.909416 -12.388879
v 5.420000 63.026089 -12.437206
v 5.445119 63.142761 -12.485534
v 5.516654 63.241669 -12.526505
v 5.623714 63.307758 -12.553879
v 5.750000 63.330967 -12.563492
v 5.876286 63.307758 -12.553879
v 5.983346 63.241669 -12.526505
v 6.054881 63.142761 -12.485534
v 6.080000 63.026089 -12.437206
v 6.054881 62.909416 -12.388879
v 5.983346 62.810505 -12.347909
v 5.876286 62.744415 -12.320534
vt 1.3294 0.4074
vt 1.3450 0.4074
vt 1.3440 0.4098
vt 1.3284 0.4098
vt 1.3421 0.4117
vt 1.3265 0.4117
vt 1.3397 0.4127
vt 1.3241 0.4127
vt 1.3370 0.4127
vt 1.3214 0.4127
vt 1.3346 0.4117
vt 1.3190 0.4117
vt 1.3327 0.4098
vt 1.3171 0.4098
vt 1.3317 0.4074
vt 1.3161 0.4074
vt 1.3317 0.4047
vt 1.3161 0.4047
vt 1.3327 0.4023
vt 1.3171 0.4023
vt 1.3346 0.4004
vt 1.3190 0.4004
vt 1.3370 0.3994
vt 1.3214 0.3994
vt 1.3397 0.3994
vt 1.3241 0.3994
vt 1.3421 0.4004
vt 1.3265 0.4004
vt 1.3440 0.4023
vt 1.3284 0.4023
vt 1.3450 0.4047
vt 1.3294 0.4047
vn -0.0073 -0.9038 0.4279
vn 0.0073 -0.9042 0.4272
vn -0.3781 -0.8271 0.4160
vn -0.3906 -0.8220 0.4144
vn -0.7054 -0.6218 0.3403
vn -0.7127 -0.6149 0.3375
vn -0.9234 -0.3202 0.2117
vn -0.9255 -0.3154 0.2096
vn -0.9983 0.0306 0.0505
vn -0.9983 0.0306 0.0504
vn -0.9191 0.3758 -0.1182
vn -0.9213 0.3713 -0.1159
vn -0.6994 0.6625 -0.2682
vn -0.7066 0.6562 -0.2647
vn -0.3738 0.8475 -0.3767
vn -0.3862 0.8432 -0.3739
vn 0.0073 0.9038 -0.4279
vn -0.0073 0.9041 -0.4272
vn 0.3862 0.8240 -0.4146
vn 0.3738 0.8289 -0.4161
vn 0.7066 0.6209 -0.3393
vn 0.6994 0.6276 -0.3420
vn 0.9213 0.3251 -0.2135
vn 0.9191 0.3298 -0.2155
vn 0.9983 -0.0196 -0.0557
vn 0.9983 -0.0196 -0.0556
vn 0.9255 -0.3621 0.1108
vn 0.9234 -0.3668 0.1132
vn 0.7127 -0.6510 0.2612
vn 0.7054 -0.6575 0.2648
vn 0.3906 -0.8418 0.3725
vn 0.3781 -0.8462 0.3754
usemtl None
s 1
f 3201/3201/3171 3217/3202/3172 3218/3203/3173 3202/3204/3174
f 3202/3204/3174 3218/3203/3173 3219/3205/3175 3203/3206/3176
f 3203/3206/3176 3219/3205/3175 3220/3207/3177 3204/3208/3178
f 3204/3208/3178 3220/3207/3177 3221/3209/3179 3205/3210/3180
f 3205/3210/3180 3221/3209/3179 3222/3211/3181 3206/3212/3182
f 3206/3212/3182 3222/3211/3181 3223/3213/3183 3207/3214/3184
f 3207/3214/3184 3223/3213/3183 3224/3215/3185 3208/3216/3186
f 3208/3216/3186 3224/3215/3185 3225/3217/3187 3209/3218/3188
f 3209/3218/3188 3225/3217/3187 3226/3219/3189 3210/3220/3190
f 3210/3220/3190 3226/3219/3189 3227/3221/3191 3211/3222/3192
f 3211/3222/3192 3227/3221/3191 3228/3223/3193 3212/3224/3194
f 3212/3224/3194 3228/3223/3193 3229/3225/3195 3213/3226/3196
f 3213/3226/3196 3229/3225/3195 3230/3227/3197 3214/3228/3198
f 3214/3228/3198 3230/3227/3197 3231/3229/3199 3215/3230/3200
f 3215/3230/3200 3231/3229/3199 3232/3231/3201 3216/3232/3202
f 3216/3232/3202 3232/3231/3201 3217/3202/3172 3201/3201/3171
o Circle.026
v 5.375000 59.748383 -17.872692
v 5.248714 59.769272 -17.886650
v 5.141654 59.828747 -17.926392
v 5.070119 59.917763 -17.985870
v 5.045000 60.022766 -18.056030
v 5.070119 60.127769 -18.126190
v 5.141654 60.216785 -18.185671
v 5.248714 60.276264 -18.225412
v 5.375000 60.297150 -18.239368
v 5.501286 60.276264 -18.225414
v 5.608346 60.216785 -18.185671
v 5.679881 60.127769 -18.126190
v 5.705000 60.022766 -18.056030
v 5.679881 59.917763 -17.985870
v 5.608346 59.828747 -17.926392
v 5.501286 59.769264 -17.886648
v 5.562500 61.371410 -15.164829
v 5.436214 61.393566 -15.176672
v 5.329154 61.456654 -15.210392
v 5.257619 61.551071 -15.260859
v 5.232500 61.662445 -15.320391
v 5.257619 61.773819 -15.379921
v 5.329154 61.868237 -15.430389
v 5.436214 61.931324 -15.464109
v 5.562500 61.953480 -15.475951
v 5.688786 61.931324 -15.464110
v 5.795846 61.868237 -15.430389
v 5.867381 61.773819 -15.379921
v 5.892500 61.662445 -15.320391
v 5.867381 61.551071 -15.260859
v 5.795846 61.456654 -15.210392
v 5.688786 61.393566 -15.176670
vt 1.3138 0.4074
vt 1.3294 0.4074
vt 1.3284 0.4098
vt 1.3128 0.4098
vt 1.3265 0.4117
vt 1.3109 0.4117
vt 1.3241 0.4127
vt 1.3084 0.4127
vt 1.3214 0.4127
vt 1.3058 0.4127
vt 1.3190 0.4117
vt 1.3033 0.4117
vt 1.3171 0.4098
vt 1.3015 0.4098
vt 1.3161 0.4074
vt 1.3004 0.4074
vt 1.3161 0.4047
vt 1.3004 0.4047
vt 1.3171 0.4023
vt 1.3015 0.4023
vt 1.3190 0.4004
vt 1.3033 0.4004
vt 1.3214 0.3994
vt 1.3058 0.3994
vt 1.3241 0.3994
vt 1.3084 0.3994
vt 1.3265 0.4004
vt 1.3109 0.4004
vt 1.3284 0.4023
vt 1.3128 0.4023
vt 1.3294 0.4047
vt 1.3138 0.4047
vn -0.0073 -0.8575 0.5145
vn 0.0073 -0.8579 0.5137
vn -0.3781 -0.7823 0.4950
vn -0.3906 -0.7774 0.4930
vn -0.7054 -0.5854 0.3996
vn -0.7127 -0.5789 0.3961
vn -0.9234 -0.2979 0.2421
vn -0.9255 -0.2933 0.2395
vn -0.9983 0.0353 0.0472
vn -0.9983 0.0354 0.0472
vn -0.9191 0.3624 -0.1544
vn -0.9213 0.3581 -0.1517
vn -0.6994 0.6331 -0.3318
vn -0.7066 0.6271 -0.3277
vn -0.3738 0.8065 -0.4580
vn -0.3862 0.8025 -0.4548
vn 0.0073 0.8575 -0.5145
vn -0.0073 0.8579 -0.5137
vn 0.3862 0.7794 -0.4934
vn 0.3738 0.7841 -0.4954
vn 0.7066 0.5847 -0.3985
vn 0.6994 0.5911 -0.4019
vn 0.9213 0.3026 -0.2443
vn 0.9191 0.3070 -0.2468
vn 0.9983 -0.0249 -0.0535
vn 0.9983 -0.0250 -0.0534
vn 0.9255 -0.3495 0.1458
vn 0.9234 -0.3539 0.1486
vn 0.7127 -0.6222 0.3238
vn 0.7054 -0.6283 0.3279
vn 0.3906 -0.8013 0.4533
vn 0.3781 -0.8054 0.4566
usemtl None
s 1
f 3233/3233/3203 3249/3234/3204 3250/3235/3205 3234/3236/3206
f 3234/3236/3206 3250/3235/3205 3251/3237/3207 3235/3238/3208
f 3235/3238/3208 3251/3237/3207 3252/3239/3209 3236/3240/3210
f 3236/3240/3210 3252/3239/3209 3253/3241/3211 3237/3242/3212
f 3237/3242/3212 3253/3241/3211 3254/3243/3213 3238/3244/3214
f 3238/3244/3214 3254/3243/3213 3255/3245/3215 3239/3246/3216
f 3239/3246/3216 3255/3245/3215 3256/3247/3217 3240/3248/3218
f 3240/3248/3218 3256/3247/3217 3257/3249/3219 3241/3250/3220
f 3241/3250/3220 3257/3249/3219 3258/3251/3221 3242/3252/3222
f 3242/3252/3222 3258/3251/3221 3259/3253/3223 3243/3254/3224
f 3243/3254/3224 3259/3253/3223 3260/3255/3225 3244/3256/3226
f 3244/3256/3226 3260/3255/3225 3261/3257/3227 3245/3258/3228
f 3245/3258/3228 3261/3257/3227 3262/3259/3229 3246/3260/3230
f 3246/3260/3230 3262/3259/3229 3263/3261/3231 3247/3262/3232
f 3247/3262/3232 3263/3261/3231 3264/3263/3233 3248/3264/3234
f 3248/3264/3234 3264/3263/3233 3249/3234/3204 3233/3233/3203
o Circle.025
v 5.187500 57.867744 -20.408432
v 5.061214 57.887165 -20.424370
v 4.954154 57.942463 -20.469749
v 4.882619 58.025219 -20.537666
v 4.857500 58.122841 -20.617781
v 4.882619 58.220463 -20.697895
v 4.954154 58.303219 -20.765814
v 5.061214 58.358513 -20.811195
v 5.187500 58.377934 -20.827131
v 5.313786 58.358517 -20.811195
v 5.420846 58.303219 -20.765814
v 5.492381 58.220463 -20.697895
v 5.517500 58.122841 -20.617781
v 5.492381 58.025219 -20.537666
v 5.420846 57.942463 -20.469749
v 5.313786 57.887161 -20.424368
v 5.375000 59.748383 -17.872692
v 5.248714 59.769272 -17.886650
v 5.141654 59.828747 -17.926392
v 5.070119 59.917763 -17.985870
v 5.045000 60.022766 -18.056030
v 5.070119 60.127769 -18.126190
v 5.141654 60.216785 -18.185671
v 5.248714 60.276264 -18.225412
v 5.375000 60.297150 -18.239368
v 5.501286 60.276264 -18.225414
v 5.608346 60.216785 -18.185671
v 5.679881 60.127769 -18.126190
v 5.705000 60.022766 -18.056030
v 5.679881 59.917763 -17.985870
v 5.608346 59.828747 -17.926392
v 5.501286 59.769264 -17.886648
vt 1.2981 0.4074
vt 1.3138 0.4074
vt 1.3128 0.4098
vt 1.2971 0.4098
vt 1.3109 0.4117
vt 1.2953 0.4117
vt 1.3084 0.4127
vt 1.2928 0.4127
vt 1.3058 0.4127
vt 1.2902 0.4127
vt 1.3033 0.4117
vt 1.2877 0.4117
vt 1.3015 0.4098
vt 1.2858 0.4098
vt 1.3004 0.4074
vt 1.2848 0.4074
vt 1.3004 0.4047
vt 1.2848 0.4047
vt 1.3015 0.4023
vt 1.2858 0.4023
vt 1.3033 0.4004
vt 1.2877 0.4004
vt 1.3058 0.3994
vt 1.2902 0.3994
vt 1.3084 0.3994
vt 1.2928 0.3994
vt 1.3109 0.4004
vt 1.2953 0.4004
vt 1.3128 0.4023
vt 1.2971 0.4023
vt 1.3138 0.4047
vt 1.2981 0.4047
vn -0.0073 -0.8029 0.5960
vn 0.0073 -0.8034 0.5953
vn -0.3781 -0.7300 0.5693
vn -0.3906 -0.7254 0.5668
vn -0.7054 -0.5435 0.4550
vn -0.7127 -0.5373 0.4510
vn -0.9234 -0.2727 0.2701
vn -0.9255 -0.2684 0.2671
vn -0.9983 0.0398 0.0435
vn -0.9983 0.0399 0.0435
vn -0.9191 0.3455 -0.1892
vn -0.9213 0.3415 -0.1861
vn -0.6994 0.5975 -0.3923
vn -0.7066 0.5919 -0.3876
vn -0.3738 0.7577 -0.5349
vn -0.3862 0.7541 -0.5312
vn 0.0073 0.8029 -0.5960
vn -0.0073 0.8034 -0.5953
vn 0.3862 0.7273 -0.5674
vn 0.3738 0.7318 -0.5699
vn 0.7066 0.5428 -0.4539
vn 0.6994 0.5488 -0.4579
vn 0.9213 0.2772 -0.2728
vn 0.9191 0.2814 -0.2757
vn 0.9983 -0.0300 -0.0508
vn 0.9983 -0.0301 -0.0507
vn 0.9255 -0.3335 0.1793
vn 0.9234 -0.3376 0.1826
vn 0.7127 -0.5875 0.3832
vn 0.7054 -0.5932 0.3880
vn 0.3906 -0.7530 0.5296
vn 0.3781 -0.7567 0.5333
usemtl None
s 1
f 3265/3265/3235 3281/3266/3236 3282/3267/3237 3266/3268/3238
f 3266/3268/3238 3282/3267/3237 3283/3269/3239 3267/3270/3240
f 3267/3270/3240 3283/3269/3239 3284/3271/3241 3268/3272/3242
f 3268/3272/3242 3284/3271/3241 3285/3273/3243 3269/3274/3244
f 3269/3274/3244 3285/3273/3243 3286/3275/3245 3270/3276/3246
f 3270/3276/3246 3286/3275/3245 3287/3277/3247 3271/3278/3248
f 3271/3278/3248 3287/3277/3247 3288/3279/3249 3272/3280/3250
f 3272/3280/3250 3288/3279/3249 3289/3281/3251 3273/3282/3252
f 3273/3282/3252 3289/3281/3251 3290/3283/3253 3274/3284/3254
f 3274/3284/3254 3290/3283/3253 3291/3285/3255 3275/3286/3256
f 3275/3286/3256 3291/3285/3255 3292/3287/3257 3276/3288/3258
f 3276/3288/3258 3292/3287/3257 3293/3289/3259 3277/3290/3260
f 3277/3290/3260 3293/3289/3259 3294/3291/3261 3278/3292/3262
f 3278/3292/3262 3294/3291/3261 3295/3293/3263 3279/3294/3264
f 3279/3294/3264 3295/3293/3263 3296/3295/3265 3280/3296/3266
f 3280/3296/3266 3296/3295/3265 3281/3266/3236 3265/3265/3235
o Circle.024
v 5.000000 55.747627 -22.747625
v 4.873714 55.765392 -22.765388
v 4.766654 55.815975 -22.815969
v 4.695119 55.891674 -22.891672
v 4.670000 55.980972 -22.980970
v 4.695119 56.070271 -23.070267
v 4.766654 56.145973 -23.145971
v 4.873714 56.196556 -23.196552
v 5.000000 56.214317 -23.214315
v 5.126286 56.196556 -23.196554
v 5.233346 56.145973 -23.145971
v 5.304881 56.070271 -23.070267
v 5.330000 55.980972 -22.980970
v 5.304881 55.891674 -22.891672
v 5.233346 55.815975 -22.815969
v 5.126286 55.765388 -22.765387
v 5.187500 57.867744 -20.408432
v 5.061214 57.887165 -20.424370
v 4.954154 57.942463 -20.469749
v 4.882619 58.025219 -20.537666
v 4.857500 58.122841 -20.617781
v 4.882619 58.220463 -20.697895
v 4.954154 58.303219 -20.765814
v 5.061214 58.358513 -20.811195
v 5.187500 58.377934 -20.827131
v 5.313786 58.358517 -20.811195
v 5.420846 58.303219 -20.765814
v 5.492381 58.220463 -20.697895
v 5.517500 58.122841 -20.617781
v 5.492381 58.025219 -20.537666
v 5.420846 57.942463 -20.469749
v 5.313786 57.887161 -20.424368
vt 1.2825 0.4074
vt 1.2981 0.4074
vt 1.2971 0.4098
vt 1.2815 0.4098
vt 1.2953 0.4117
vt 1.2796 0.4117
vt 1.2928 0.4127
vt 1.2772 0.4127
vt 1.2902 0.4127
vt 1.2745 0.4127
vt 1.2877 0.4117
vt 1.2721 0.4117
vt 1.2858 0.4098
vt 1.2702 0.4098
vt 1.2848 0.4074
vt 1.2692 0.4074
vt 1.2848 0.4047
vt 1.2692 0.4047
vt 1.2858 0.4023
vt 1.2702 0.4023
vt 1.2877 0.4004
vt 1.2721 0.4004
vt 1.2902 0.3994
vt 1.2745 0.3994
vt 1.2928 0.3994
vt 1.2772 0.3994
vt 1.2953 0.4004
vt 1.2796 0.4004
vt 1.2971 0.4023
vt 1.2815 0.4023
vt 1.2981 0.4047
vt 1.2825 0.4047
vn -0.0073 -0.7406 0.6719
vn 0.0073 -0.7412 0.6712
vn -0.3781 -0.6707 0.6381
vn -0.3906 -0.6663 0.6352
vn -0.7054 -0.4962 0.5061
vn -0.7127 -0.4905 0.5015
vn -0.9234 -0.2449 0.2955
vn -0.9255 -0.2410 0.2921
vn -0.9983 0.0439 0.0394
vn -0.9191 0.3253 -0.2222
vn -0.9213 0.3216 -0.2187
vn -0.6994 0.5562 -0.4489
vn -0.7066 0.5511 -0.4438
vn -0.3738 0.7017 -0.6066
vn -0.3862 0.6984 -0.6026
vn 0.0072 0.7406 -0.6719
vn -0.0073 0.7412 -0.6712
vn 0.3862 0.6681 -0.6359
vn 0.3738 0.6724 -0.6388
vn 0.7067 0.4957 -0.5049
vn 0.6994 0.5013 -0.5095
vn 0.9213 0.2492 -0.2987
vn 0.9191 0.2530 -0.3020
vn 0.9983 -0.0349 -0.0476
vn 0.9983 -0.0349 -0.0475
vn 0.9255 -0.3143 0.2112
vn 0.9234 -0.3181 0.2148
vn 0.7127 -0.5471 0.4390
vn 0.7054 -0.5523 0.4442
vn 0.3906 -0.6974 0.6009
vn 0.3781 -0.7008 0.6049
usemtl None
s 1
f 3297/3297/3267 3313/3298/3268 3314/3299/3269 3298/3300/3270
f 3298/3300/3270 3314/3299/3269 3315/3301/3271 3299/3302/3272
f 3299/3302/3272 3315/3301/3271 3316/3303/3273 3300/3304/3274
f 3300/3304/3274 3316/3303/3273 3317/3305/3275 3301/3306/3275
f 3301/3306/3275 3317/3305/3275 3318/3307/3276 3302/3308/3277
f 3302/3308/3277 3318/3307/3276 3319/3309/3278 3303/3310/3279
f 3303/3310/3279 3319/3309/3278 3320/3311/3280 3304/3312/3281
f 3304/3312/3281 3320/3311/3280 3321/3313/3282 3305/3314/3283
f 3305/3314/3283 3321/3313/3282 3322/3315/3284 3306/3316/3285
f 3306/3316/3285 3322/3315/3284 3323/3317/3286 3307/3318/3287
f 3307/3318/3287 3323/3317/3286 3324/3319/3288 3308/3320/3289
f 3308/3320/3289 3324/3319/3288 3325/3321/3290 3309/3322/3291
f 3309/3322/3291 3325/3321/3290 3326/3323/3292 3310/3324/3293
f 3310/3324/3293 3326/3323/3292 3327/3325/3294 3311/3326/3295
f 3311/3326/3295 3327/3325/3294 3328/3327/3296 3312/3328/3297
f 3312/3328/3297 3328/3327/3296 3313/3298/3268 3297/3297/3267
o Circle.023
v 4.812500 53.408432 -24.867748
v 4.686214 53.424366 -24.887167
v 4.579154 53.469749 -24.942463
v 4.507619 53.537666 -25.025221
v 4.482500 53.617783 -25.122841
v 4.507619 53.697895 -25.220461
v 4.579154 53.765812 -25.303219
v 4.686214 53.811195 -25.358515
v 4.812500 53.827133 -25.377934
v 4.938786 53.811199 -25.358517
v 5.045846 53.765812 -25.303219
v 5.117381 53.697895 -25.220461
v 5.142500 53.617783 -25.122841
v 5.117381 53.537666 -25.025221
v 5.045846 53.469749 -24.942463
v 4.938786 53.424366 -24.887165
v 5.000000 55.747627 -22.747625
v 4.873714 55.765392 -22.765388
v 4.766654 55.815975 -22.815969
v 4.695119 55.891674 -22.891672
v 4.670000 55.980972 -22.980970
v 4.695119 56.070271 -23.070267
v 4.766654 56.145973 -23.145971
v 4.873714 56.196556 -23.196552
v 5.000000 56.214317 -23.214315
v 5.126286 56.196556 -23.196554
v 5.233346 56.145973 -23.145971
v 5.304881 56.070271 -23.070267
v 5.330000 55.980972 -22.980970
v 5.304881 55.891674 -22.891672
v 5.233346 55.815975 -22.815969
v 5.126286 55.765388 -22.765387
vt 1.2669 0.4074
vt 1.2825 0.4074
vt 1.2815 0.4098
vt 1.2659 0.4098
vt 1.2796 0.4117
vt 1.2640 0.4117
vt 1.2772 0.4127
vt 1.2616 0.4127
vt 1.2745 0.4127
vt 1.2589 0.4127
vt 1.2721 0.4117
vt 1.2565 0.4117
vt 1.2702 0.4098
vt 1.2546 0.4098
vt 1.2692 0.4074
vt 1.2536 0.4074
vt 1.2692 0.4047
vt 1.2536 0.4047
vt 1.2702 0.4023
vt 1.2546 0.4023
vt 1.2721 0.4004
vt 1.2565 0.4004
vt 1.2745 0.3994
vt 1.2589 0.3994
vt 1.2772 0.3994
vt 1.2616 0.3994
vt 1.2796 0.4004
vt 1.2640 0.4004
vt 1.2815 0.4023
vt 1.2659 0.4023
vt 1.2825 0.4047
vt 1.2669 0.4047
vn -0.0073 -0.6712 0.7412
vn 0.0073 -0.6719 0.7406
vn -0.3781 -0.6049 0.7008
vn -0.3906 -0.6009 0.6974
vn -0.7054 -0.4442 0.5523
vn -0.7127 -0.4390 0.5471
vn -0.9234 -0.2148 0.3181
vn -0.9255 -0.2112 0.3143
vn -0.9983 0.0475 0.0349
vn -0.9983 0.0476 0.0349
vn -0.9191 0.3020 -0.2530
vn -0.9213 0.2987 -0.2492
vn -0.6994 0.5095 -0.5013
vn -0.7066 0.5049 -0.4957
vn -0.3738 0.6388 -0.6724
vn -0.3862 0.6359 -0.6681
vn 0.0072 0.6712 -0.7412
vn -0.0073 0.6719 -0.7406
vn 0.3862 0.6026 -0.6984
vn 0.3738 0.6066 -0.7017
vn 0.7067 0.4438 -0.5511
vn 0.6994 0.4489 -0.5562
vn 0.9213 0.2187 -0.3216
vn 0.9191 0.2222 -0.3253
vn 0.9983 -0.0394 -0.0440
vn 0.9983 -0.0394 -0.0439
vn 0.9255 -0.2921 0.2410
vn 0.9234 -0.2955 0.2449
vn 0.7127 -0.5015 0.4905
vn 0.7054 -0.5061 0.4962
vn 0.3906 -0.6352 0.6663
vn 0.3781 -0.6381 0.6707
usemtl None
s 1
f 3329/3329/3298 3345/3330/3299 3346/3331/3300 3330/3332/3301
f 3330/3332/3301 3346/3331/3300 3347/3333/3302 3331/3334/3303
f 3331/3334/3303 3347/3333/3302 3348/3335/3304 3332/3336/3305
f 3332/3336/3305 3348/3335/3304 3349/3337/3306 3333/3338/3307
f 3333/3338/3307 3349/3337/3306 3350/3339/3308 3334/3340/3309
f 3334/3340/3309 3350/3339/3308 3351/3341/3310 3335/3342/3311
f 3335/3342/3311 3351/3341/3310 3352/3343/3312 3336/3344/3313
f 3336/3344/3313 3352/3343/3312 3353/3345/3314 3337/3346/3315
f 3337/3346/3315 3353/3345/3314 3354/3347/3316 3338/3348/3317
f 3338/3348/3317 3354/3347/3316 3355/3349/3318 3339/3350/3319
f 3339/3350/3319 3355/3349/3318 3356/3351/3320 3340/3352/3321
f 3340/3352/3321 3356/3351/3320 3357/3353/3322 3341/3354/3323
f 3341/3354/3323 3357/3353/3322 3358/3355/3324 3342/3356/3325
f 3342/3356/3325 3358/3355/3324 3359/3357/3326 3343/3358/3327
f 3343/3358/3327 3359/3357/3326 3360/3359/3328 3344/3360/3329
f 3344/3360/3329 3360/3359/3328 3345/3330/3299 3329/3329/3298
o Circle.022
v 4.625000 50.872696 -26.748375
v 4.498714 50.886658 -26.769262
v 4.391654 50.926395 -26.828739
v 4.320119 50.985874 -26.917757
v 4.295000 51.056038 -27.022760
v 4.320119 51.126194 -27.127762
v 4.391654 51.185677 -27.216780
v 4.498714 51.225418 -27.276257
v 4.625000 51.239376 -27.297146
v 4.751286 51.225418 -27.276258
v 4.858346 51.185677 -27.216780
v 4.929881 51.126194 -27.127762
v 4.955000 51.056038 -27.022760
v 4.929881 50.985874 -26.917757
v 4.858346 50.926395 -26.828739
v 4.751286 50.886654 -26.769260
v 4.812500 53.408432 -24.867748
v 4.686214 53.424366 -24.887167
v 4.579154 53.469749 -24.942463
v 4.507619 53.537666 -25.025221
v 4.482500 53.617783 -25.122841
v 4.507619 53.697895 -25.220461
v 4.579154 53.765812 -25.303219
v 4.686214 53.811195 -25.358515
v 4.812500 53.827133 -25.377934
v 4.938786 53.811199 -25.358517
v 5.045846 53.765812 -25.303219
v 5.117381 53.697895 -25.220461
v 5.142500 53.617783 -25.122841
v 5.117381 53.537666 -25.025221
v 5.045846 53.469749 -24.942463
v 4.938786 53.424366 -24.887165
vt 1.2513 0.4074
vt 1.2669 0.4074
vt 1.2659 0.4098
vt 1.2503 0.4098
vt 1.2640 0.4117
vt 1.2484 0.4117
vt 1.2616 0.4127
vt 1.2459 0.4127
vt 1.2589 0.4127
vt 1.2433 0.4127
vt 1.2565 0.4117
vt 1.2408 0.4117
vt 1.2546 0.4098
vt 1.2390 0.4098
vt 1.2536 0.4074
vt 1.2379 0.4074
vt 1.2536 0.4047
vt 1.2379 0.4047
vt 1.2546 0.4023
vt 1.2390 0.4023
vt 1.2565 0.4004
vt 1.2408 0.4004
vt 1.2589 0.3994
vt 1.2433 0.3994
vt 1.2616 0.3994
vt 1.2459 0.3994
vt 1.2640 0.4004
vt 1.2484 0.4004
vt 1.2659 0.4023
vt 1.2503 0.4023
vt 1.2669 0.4047
vt 1.2513 0.4047
vn -0.0073 -0.5953 0.8034
vn 0.0073 -0.5960 0.8029
vn -0.3781 -0.5333 0.7567
vn -0.3906 -0.5296 0.7530
vn -0.7054 -0.3880 0.5932
vn -0.7127 -0.3832 0.5875
vn -0.9234 -0.1826 0.3376
vn -0.9255 -0.1793 0.3335
vn -0.9983 0.0507 0.0301
vn -0.9983 0.0508 0.0300
vn -0.9191 0.2757 -0.2814
vn -0.9213 0.2728 -0.2772
vn -0.6994 0.4579 -0.5488
vn -0.7066 0.4539 -0.5428
vn -0.3738 0.5699 -0.7318
vn -0.3862 0.5674 -0.7273
vn 0.0072 0.5953 -0.8034
vn -0.0073 0.5960 -0.8029
vn 0.3862 0.5312 -0.7541
vn 0.3738 0.5349 -0.7577
vn 0.7067 0.3876 -0.5919
vn 0.6994 0.3923 -0.5975
vn 0.9213 0.1861 -0.3415
vn 0.9191 0.1892 -0.3455
vn 0.9983 -0.0435 -0.0399
vn 0.9983 -0.0435 -0.0398
vn 0.9255 -0.2671 0.2684
vn 0.9234 -0.2701 0.2727
vn 0.7127 -0.4510 0.5373
vn 0.7054 -0.4550 0.5434
vn 0.3906 -0.5668 0.7254
vn 0.3781 -0.5693 0.7300
usemtl None
s 1
f 3361/3361/3330 3377/3362/3331 3378/3363/3332 3362/3364/3333
f 3362/3364/3333 3378/3363/3332 3379/3365/3334 3363/3366/3335
f 3363/3366/3335 3379/3365/3334 3380/3367/3336 3364/3368/3337
f 3364/3368/3337 3380/3367/3336 3381/3369/3338 3365/3370/3339
f 3365/3370/3339 3381/3369/3338 3382/3371/3340 3366/3372/3341
f 3366/3372/3341 3382/3371/3340 3383/3373/3342 3367/3374/3343
f 3367/3374/3343 3383/3373/3342 3384/3375/3344 3368/3376/3345
f 3368/3376/3345 3384/3375/3344 3385/3377/3346 3369/3378/3347
f 3369/3378/3347 3385/3377/3346 3386/3379/3348 3370/3380/3349
f 3370/3380/3349 3386/3379/3348 3387/3381/3350 3371/3382/3351
f 3371/3382/3351 3387/3381/3350 3388/3383/3352 3372/3384/3353
f 3372/3384/3353 3388/3383/3352 3389/3385/3354 3373/3386/3355
f 3373/3386/3355 3389/3385/3354 3390/3387/3356 3374/3388/3357
f 3374/3388/3357 3390/3387/3356 3391/3389/3358 3375/3390/3359
f 3375/3390/3359 3391/3389/3358 3392/3391/3360 3376/3392/3361
f 3376/3392/3361 3392/3391/3360 3377/3362/3331 3361/3361/3330
o Circle.021
v 4.437500 48.164837 -28.371405
v 4.311214 48.176678 -28.393560
v 4.204154 48.210400 -28.456646
v 4.132619 48.260868 -28.551065
v 4.107500 48.320396 -28.662437
v 4.132619 48.379929 -28.773813
v 4.204154 48.430393 -28.868231
v 4.311214 48.464115 -28.931316
v 4.437500 48.475956 -28.953472
v 4.563786 48.464115 -28.931320
v 4.670846 48.430393 -28.868231
v 4.742381 48.379929 -28.773813
v 4.767500 48.320396 -28.662437
v 4.742381 48.260868 -28.551065
v 4.670846 48.210400 -28.456646
v 4.563786 48.176678 -28.393559
v 4.625000 50.872696 -26.748375
v 4.498714 50.886658 -26.769262
v 4.391654 50.926395 -26.828739
v 4.320119 50.985874 -26.917757
v 4.295000 51.056038 -27.022760
v 4.320119 51.126194 -27.127762
v 4.391654 51.185677 -27.216780
v 4.498714 51.225418 -27.276257
v 4.625000 51.239376 -27.297146
v 4.751286 51.225418 -27.276258
v 4.858346 51.185677 -27.216780
v 4.929881 51.126194 -27.127762
v 4.955000 51.056038 -27.022760
v 4.929881 50.985874 -26.917757
v 4.858346 50.926395 -26.828739
v 4.751286 50.886654 -26.769260
vt 1.2356 0.4074
vt 1.2513 0.4074
vt 1.2503 0.4098
vt 1.2346 0.4098
vt 1.2484 0.4117
vt 1.2328 0.4117
vt 1.2459 0.4127
vt 1.2303 0.4127
vt 1.2433 0.4127
vt 1.2277 0.4127
vt 1.2408 0.4117
vt 1.2252 0.4117
vt 1.2390 0.4098
vt 1.2233 0.4098
vt 1.2379 0.4074
vt 1.2223 0.4074
vt 1.2379 0.4047
vt 1.2223 0.4047
vt 1.2390 0.4023
vt 1.2233 0.4023
vt 1.2408 0.4004
vt 1.2252 0.4004
vt 1.2433 0.3994
vt 1.2277 0.3994
vt 1.2459 0.3994
vt 1.2303 0.3994
vt 1.2484 0.4004
vt 1.2328 0.4004
vt 1.2503 0.4023
vt 1.2346 0.4023
vt 1.2513 0.4047
vt 1.2356 0.4047
vn -0.0073 -0.5137 0.8579
vn 0.0073 -0.5145 0.8575
vn -0.3781 -0.4566 0.8054
vn -0.3906 -0.4533 0.8013
vn -0.7054 -0.3280 0.6284
vn -0.7127 -0.3238 0.6222
vn -0.9234 -0.1486 0.3539
vn -0.9255 -0.1458 0.3495
vn -0.9983 0.0534 0.0250
vn -0.9983 0.0535 0.0249
vn -0.9191 0.2468 -0.3070
vn -0.9213 0.2443 -0.3026
vn -0.6994 0.4019 -0.5911
vn -0.7066 0.3985 -0.5847
vn -0.3738 0.4954 -0.7841
vn -0.3862 0.4934 -0.7794
vn 0.0072 0.5137 -0.8579
vn -0.0073 0.5145 -0.8575
vn 0.3862 0.4548 -0.8025
vn 0.3738 0.4580 -0.8065
vn 0.7067 0.3277 -0.6271
vn 0.6994 0.3318 -0.6330
vn 0.9213 0.1517 -0.3581
vn 0.9191 0.1544 -0.3624
vn 0.9983 -0.0472 -0.0354
vn 0.9983 -0.0472 -0.0353
vn 0.9255 -0.2395 0.2933
vn 0.9234 -0.2421 0.2979
vn 0.7127 -0.3961 0.5789
vn 0.7054 -0.3996 0.5854
vn 0.3906 -0.4930 0.7774
vn 0.3781 -0.4950 0.7823
usemtl None
s 1
f 3393/3393/3362 3409/3394/3363 3410/3395/3364 3394/3396/3365
f 3394/3396/3365 3410/3395/3364 3411/3397/3366 3395/3398/3367
f 3395/3398/3367 3411/3397/3366 3412/3399/3368 3396/3400/3369
f 3396/3400/3369 3412/3399/3368 3413/3401/3370 3397/3402/3371
f 3397/3402/3371 3413/3401/3370 3414/3403/3372 3398/3404/3373
f 3398/3404/3373 3414/3403/3372 3415/3405/3374 3399/3406/3375
f 3399/3406/3375 3415/3405/3374 3416/3407/3376 3400/3408/3377
f 3400/3408/3377 3416/3407/3376 3417/3409/3378 3401/3410/3379
f 3401/3410/3379 3417/3409/3378 3418/3411/3380 3402/3412/3381
f 3402/3412/3381 3418/3411/3380 3419/3413/3382 3403/3414/3383
f 3403/3414/3383 3419/3413/3382 3420/3415/3384 3404/3416/3385
f 3404/3416/3385 3420/3415/3384 3421/3417/3386 3405/3418/3387
f 3405/3418/3387 3421/3417/3386 3422/3419/3388 3406/3420/3389
f 3406/3420/3389 3422/3419/3388 3423/3421/3390 3407/3422/3391
f 3407/3422/3391 3423/3421/3390 3424/3423/3392 3408/3424/3393
f 3408/3424/3393 3424/3423/3392 3409/3394/3363 3393/3393/3362
o Circle.020
v 4.250000 45.310928 -29.721205
v 4.123714 45.320541 -29.744413
v 4.016654 45.347916 -29.810501
v 3.945119 45.388889 -29.909412
v 3.920000 45.437214 -30.026083
v 3.945119 45.485542 -30.142756
v 4.016654 45.526512 -30.241667
v 4.123714 45.553886 -30.307755
v 4.250000 45.563499 -30.330965
v 4.376286 45.553886 -30.307758
v 4.483346 45.526512 -30.241667
v 4.554881 45.485542 -30.142756
v 4.580000 45.437214 -30.026083
v 4.554881 45.388889 -29.909412
v 4.483346 45.347916 -29.810501
v 4.376286 45.320541 -29.744411
v 4.437500 48.164837 -28.371405
v 4.311214 48.176678 -28.393560
v 4.204154 48.210400 -28.456646
v 4.132619 48.260868 -28.551065
v 4.107500 48.320396 -28.662437
v 4.132619 48.379929 -28.773813
v 4.204154 48.430393 -28.868231
v 4.311214 48.464115 -28.931316
v 4.437500 48.475956 -28.953472
v 4.563786 48.464115 -28.931320
v 4.670846 48.430393 -28.868231
v 4.742381 48.379929 -28.773813
v 4.767500 48.320396 -28.662437
v 4.742381 48.260868 -28.551065
v 4.670846 48.210400 -28.456646
v 4.563786 48.176678 -28.393559
vt 1.2200 0.4074
vt 1.2356 0.4074
vt 1.2346 0.4098
vt 1.2190 0.4098
vt 1.2328 0.4117
vt 1.2171 0.4117
vt 1.2303 0.4127
vt 1.2147 0.4127
vt 1.2277 0.4127
vt 1.2120 0.4127
vt 1.2252 0.4117
vt 1.2096 0.4117
vt 1.2233 0.4098
vt 1.2077 0.4098
vt 1.2223 0.4074
vt 1.2067 0.4074
vt 1.2223 0.4047
vt 1.2067 0.4047
vt 1.2233 0.4023
vt 1.2077 0.4023
vt 1.2252 0.4004
vt 1.2096 0.4004
vt 1.2277 0.3994
vt 1.2120 0.3994
vt 1.2303 0.3994
vt 1.2147 0.3994
vt 1.2328 0.4004
vt 1.2171 0.4004
vt 1.2346 0.4023
vt 1.2190 0.4023
vt 1.2356 0.4047
vt 1.2200 0.4047
vn -0.0073 -0.4272 0.9042
vn 0.0073 -0.4279 0.9038
vn -0.3781 -0.3754 0.8462
vn -0.3906 -0.3725 0.8418
vn -0.7054 -0.2648 0.6575
vn -0.7127 -0.2612 0.6510
vn -0.9234 -0.1132 0.3667
vn -0.9255 -0.1108 0.3621
vn -0.9983 0.0556 0.0196
vn -0.9983 0.0557 0.0196
vn -0.9191 0.2155 -0.3298
vn -0.9213 0.2135 -0.3251
vn -0.6994 0.3420 -0.6276
vn -0.7066 0.3393 -0.6209
vn -0.3738 0.4161 -0.8289
vn -0.3862 0.4146 -0.8240
vn 0.0072 0.4272 -0.9041
vn -0.0073 0.4279 -0.9038
vn 0.3862 0.3739 -0.8432
vn 0.3738 0.3768 -0.8475
vn 0.7066 0.2647 -0.6562
vn 0.6994 0.2682 -0.6625
vn 0.9213 0.1159 -0.3713
vn 0.9191 0.1182 -0.3758
vn 0.9983 -0.0504 -0.0306
vn 0.9983 -0.0505 -0.0305
vn 0.9255 -0.2096 0.3154
vn 0.9234 -0.2117 0.3202
vn 0.7127 -0.3375 0.6149
vn 0.7054 -0.3403 0.6218
vn 0.3906 -0.4144 0.8220
vn 0.3781 -0.4160 0.8271
usemtl None
s 1
f 3425/3425/3394 3441/3426/3395 3442/3427/3396 3426/3428/3397
f 3426/3428/3397 3442/3427/3396 3443/3429/3398 3427/3430/3399
f 3427/3430/3399 3443/3429/3398 3444/3431/3400 3428/3432/3401
f 3428/3432/3401 3444/3431/3400 3445/3433/3402 3429/3434/3403
f 3429/3434/3403 3445/3433/3402 3446/3435/3404 3430/3436/3405
f 3430/3436/3405 3446/3435/3404 3447/3437/3406 3431/3438/3407
f 3431/3438/3407 3447/3437/3406 3448/3439/3408 3432/3440/3409
f 3432/3440/3409 3448/3439/3408 3449/3441/3410 3433/3442/3411
f 3433/3442/3411 3449/3441/3410 3450/3443/3412 3434/3444/3413
f 3434/3444/3413 3450/3443/3412 3451/3445/3414 3435/3446/3415
f 3435/3446/3415 3451/3445/3414 3452/3447/3416 3436/3448/3417
f 3436/3448/3417 3452/3447/3416 3453/3449/3418 3437/3450/3419
f 3437/3450/3419 3453/3449/3418 3454/3451/3420 3438/3452/3421
f 3438/3452/3421 3454/3451/3420 3455/3453/3422 3439/3454/3423
f 3439/3454/3423 3455/3453/3422 3456/3455/3424 3440/3456/3425
f 3440/3456/3425 3456/3455/3424 3441/3426/3395 3425/3425/3394
o Circle.019
v 4.062500 42.338459 -30.784769
v 3.936215 42.345753 -30.808809
v 3.829154 42.366516 -30.877262
v 3.757619 42.397594 -30.979712
v 3.732500 42.434254 -31.100559
v 3.757619 42.470913 -31.221407
v 3.829154 42.501991 -31.323856
v 3.936215 42.522755 -31.392311
v 4.062500 42.530048 -31.416349
v 4.188786 42.522755 -31.392313
v 4.295846 42.501991 -31.323856
v 4.367381 42.470913 -31.221407
v 4.392500 42.434254 -31.100559
v 4.367381 42.397594 -30.979712
v 4.295846 42.366516 -30.877262
v 4.188786 42.345753 -30.808807
v 4.250000 45.310928 -29.721205
v 4.123714 45.320541 -29.744413
v 4.016654 45.347916 -29.810501
v 3.945119 45.388889 -29.909412
v 3.920000 45.437214 -30.026083
v 3.945119 45.485542 -30.142756
v 4.016654 45.526512 -30.241667
v 4.123714 45.553886 -30.307755
v 4.250000 45.563499 -30.330965
v 4.376286 45.553886 -30.307758
v 4.483346 45.526512 -30.241667
v 4.554881 45.485542 -30.142756
v 4.580000 45.437214 -30.026083
v 4.554881 45.388889 -29.909412
v 4.483346 45.347916 -29.810501
v 4.376286 45.320541 -29.744411
vt 1.2044 0.4074
vt 1.2200 0.4074
vt 1.2190 0.4098
vt 1.2034 0.4098
vt 1.2171 0.4117
vt 1.2015 0.4117
vt 1.2147 0.4127
vt 1.1991 0.4127
vt 1.2120 0.4127
vt 1.1964 0.4127
vt 1.2096 0.4117
vt 1.1940 0.4117
vt 1.2077 0.4098
vt 1.1921 0.4098
vt 1.2067 0.4074
vt 1.1911 0.4074
vt 1.2067 0.4047
vt 1.1911 0.4047
vt 1.2077 0.4023
vt 1.1921 0.4023
vt 1.2096 0.4004
vt 1.1940 0.4004
vt 1.2120 0.3994
vt 1.1964 0.3994
vt 1.2147 0.3994
vt 1.1991 0.3994
vt 1.2171 0.4004
vt 1.2015 0.4004
vt 1.2190 0.4023
vt 1.2034 0.4023
vt 1.2200 0.4047
vt 1.2044 0.4047
vn -0.0073 -0.3365 0.9417
vn 0.0073 -0.3373 0.9414
vn -0.3781 -0.2907 0.8790
vn -0.3906 -0.2882 0.8743
vn -0.7054 -0.1991 0.6803
vn -0.7127 -0.1962 0.6735
vn -0.9234 -0.0767 0.3761
vn -0.9255 -0.0748 0.3712
vn -0.9983 0.0573 0.0141
vn -0.9983 0.0573 0.0140
vn -0.9191 0.1822 -0.3493
vn -0.9213 0.1806 -0.3445
vn -0.6994 0.2789 -0.6581
vn -0.7066 0.2768 -0.6512
vn -0.3738 0.3329 -0.8657
vn -0.3862 0.3318 -0.8606
vn 0.0072 0.3365 -0.9417
vn -0.0073 0.3373 -0.9414
vn 0.3862 0.2895 -0.8758
vn 0.3738 0.2919 -0.8804
vn 0.7067 0.1991 -0.6790
vn 0.6994 0.2019 -0.6856
vn 0.9213 0.0790 -0.3808
vn 0.9191 0.0808 -0.3856
vn 0.9983 -0.0532 -0.0255
vn 0.9255 -0.1776 0.3344
vn 0.9234 -0.1793 0.3394
vn 0.7127 -0.2756 0.6450
vn 0.7054 -0.2777 0.6521
vn 0.3906 -0.3318 0.8587
vn 0.3781 -0.3329 0.8638
usemtl None
s 1
f 3457/3457/3426 3473/3458/3427 3474/3459/3428 3458/3460/3429
f 3458/3460/3429 3474/3459/3428 3475/3461/3430 3459/3462/3431
f 3459/3462/3431 3475/3461/3430 3476/3463/3432 3460/3464/3433
f 3460/3464/3433 3476/3463/3432 3477/3465/3434 3461/3466/3435
f 3461/3466/3435 3477/3465/3434 3478/3467/3436 3462/3468/3437
f 3462/3468/3437 3478/3467/3436 3479/3469/3438 3463/3470/3439
f 3463/3470/3439 3479/3469/3438 3480/3471/3440 3464/3472/3441
f 3464/3472/3441 3480/3471/3440 3481/3473/3442 3465/3474/3443
f 3465/3474/3443 3481/3473/3442 3482/3475/3444 3466/3476/3445
f 3466/3476/3445 3482/3475/3444 3483/3477/3446 3467/3478/3447
f 3467/3478/3447 3483/3477/3446 3484/3479/3448 3468/3480/3449
f 3468/3480/3449 3484/3479/3448 3485/3481/3450 3469/3482/3450
f 3469/3482/3450 3485/3481/3450 3486/3483/3451 3470/3484/3452
f 3470/3484/3452 3486/3483/3451 3487/3485/3453 3471/3486/3454
f 3471/3486/3454 3487/3485/3453 3488/3487/3455 3472/3488/3456
f 3472/3488/3456 3488/3487/3455 3473/3458/3427 3457/3457/3426
o Circle.018
v 3.875000 39.276054 -31.551861
v 3.748715 39.280956 -31.576500
v 3.641654 39.294910 -31.646658
v 3.570119 39.315800 -31.751661
v 3.545000 39.340435 -31.875521
v 3.570119 39.365070 -31.999380
v 3.641654 39.385956 -32.104382
v 3.748715 39.399914 -32.174541
v 3.875000 39.404816 -32.199181
v 4.001286 39.399914 -32.174545
v 4.108346 39.385956 -32.104382
v 4.179881 39.365070 -31.999380
v 4.205000 39.340435 -31.875521
v 4.179881 39.315800 -31.751661
v 4.108346 39.294910 -31.646658
v 4.001286 39.280956 -31.576498
v 4.062500 42.338459 -30.784769
v 3.936215 42.345753 -30.808809
v 3.829154 42.366516 -30.877262
v 3.757619 42.397594 -30.979712
v 3.732500 42.434254 -31.100559
v 3.757619 42.470913 -31.221407
v 3.829154 42.501991 -31.323856
v 3.936215 42.522755 -31.392311
v 4.062500 42.530048 -31.416349
v 4.188786 42.522755 -31.392313
v 4.295846 42.501991 -31.323856
v 4.367381 42.470913 -31.221407
v 4.392500 42.434254 -31.100559
v 4.367381 42.397594 -30.979712
v 4.295846 42.366516 -30.877262
v 4.188786 42.345753 -30.808807
vt 1.1888 0.4074
vt 1.2044 0.4074
vt 1.2034 0.4098
vt 1.1878 0.4098
vt 1.2015 0.4117
vt 1.1859 0.4117
vt 1.1991 0.4127
vt 1.1834 0.4127
vt 1.1964 0.4127
vt 1.1808 0.4127
vt 1.1940 0.4117
vt 1.1783 0.4117
vt 1.1921 0.4098
vt 1.1765 0.4098
vt 1.1911 0.4074
vt 1.1754 0.4074
vt 1.1911 0.4047
vt 1.1754 0.4047
vt 1.1921 0.4023
vt 1.1765 0.4023
vt 1.1940 0.4004
vt 1.1783 0.4004
vt 1.1964 0.3994
vt 1.1808 0.3994
vt 1.1991 0.3994
vt 1.1834 0.3994
vt 1.2015 0.4004
vt 1.1859 0.4004
vt 1.2034 0.4023
vt 1.1878 0.4023
vt 1.2044 0.4047
vt 1.1888 0.4047
vn -0.0073 -0.2426 0.9701
vn 0.0073 -0.2434 0.9699
vn -0.3781 -0.2031 0.9032
vn -0.3906 -0.2011 0.8983
vn -0.7054 -0.1314 0.6965
vn -0.7127 -0.1292 0.6894
vn -0.9234 -0.0395 0.3818
vn -0.9255 -0.0381 0.3767
vn -0.9983 0.0584 0.0084
vn -0.9983 0.0584 0.0083
vn -0.9191 0.1470 -0.3655
vn -0.9213 0.1459 -0.3605
vn -0.6994 0.2130 -0.6823
vn -0.7066 0.2117 -0.6752
vn -0.3738 0.2464 -0.8942
vn -0.3862 0.2459 -0.8890
vn 0.0073 0.2426 -0.9701
vn -0.0073 0.2434 -0.9699
vn 0.3862 0.2022 -0.9000
vn 0.3738 0.2042 -0.9047
vn 0.7066 0.1316 -0.6952
vn 0.6994 0.1338 -0.7021
vn 0.9213 0.0412 -0.3867
vn 0.9191 0.0426 -0.3916
vn 0.9983 -0.0554 -0.0202
vn 0.9983 -0.0555 -0.0201
vn 0.9255 -0.1440 0.3502
vn 0.9234 -0.1452 0.3553
vn 0.7127 -0.2110 0.6689
vn 0.7054 -0.2124 0.6762
vn 0.3906 -0.2461 0.8871
vn 0.3781 -0.2466 0.8923
usemtl None
s 1
f 3489/3489/3457 3505/3490/3458 3506/3491/3459 3490/3492/3460
f 3490/3492/3460 3506/3491/3459 3507/3493/3461 3491/3494/3462
f 3491/3494/3462 3507/3493/3461 3508/3495/3463 3492/3496/3464
f 3492/3496/3464 3508/3495/3463 3509/3497/3465 3493/3498/3466
f 3493/3498/3466 3509/3497/3465 3510/3499/3467 3494/3500/3468
f 3494/3500/3468 3510/3499/3467 3511/3501/3469 3495/3502/3470
f 3495/3502/3470 3511/3501/3469 3512/3503/3471 3496/3504/3472
f 3496/3504/3472 3512/3503/3471 3513/3505/3473 3497/3506/3474
f 3497/3506/3474 3513/3505/3473 3514/3507/3475 3498/3508/3476
f 3498/3508/3476 3514/3507/3475 3515/3509/3477 3499/3510/3478
f 3499/3510/3478 3515/3509/3477 3516/3511/3479 3500/3512/3480
f 3500/3512/3480 3516/3511/3479 3517/3513/3481 3501/3514/3482
f 3501/3514/3482 3517/3513/3481 3518/3515/3483 3502/3516/3484
f 3502/3516/3484 3518/3515/3483 3519/3517/3485 3503/3518/3486
f 3503/3518/3486 3519/3517/3485 3520/3519/3487 3504/3520/3488
f 3504/3520/3488 3520/3519/3487 3505/3490/3458 3489/3489/3457
o Circle.017
v 3.687500 36.153214 -32.015095
v 3.561215 36.155674 -32.040092
v 3.454154 36.162689 -32.111282
v 3.382619 36.173180 -32.217827
v 3.357500 36.185558 -32.343502
v 3.382619 36.197937 -32.469181
v 3.454154 36.208431 -32.575726
v 3.561215 36.215443 -32.646915
v 3.687500 36.217907 -32.671913
v 3.813785 36.215443 -32.646915
v 3.920846 36.208431 -32.575726
v 3.992381 36.197937 -32.469181
v 4.017500 36.185558 -32.343502
v 3.992381 36.173180 -32.217827
v 3.920846 36.162689 -32.111282
v 3.813785 36.155674 -32.040092
v 3.875000 39.276054 -31.551861
v 3.748715 39.280956 -31.576500
v 3.641654 39.294910 -31.646658
v 3.570119 39.315800 -31.751661
v 3.545000 39.340435 -31.875521
v 3.570119 39.365070 -31.999380
v 3.641654 39.385956 -32.104382
v 3.748715 39.399914 -32.174541
v 3.875000 39.404816 -32.199181
v 4.001286 39.399914 -32.174545
v 4.108346 39.385956 -32.104382
v 4.179881 39.365070 -31.999380
v 4.205000 39.340435 -31.875521
v 4.179881 39.315800 -31.751661
v 4.108346 39.294910 -31.646658
v 4.001286 39.280956 -31.576498
vt 1.1731 0.4074
vt 1.1888 0.4074
vt 1.1878 0.4098
vt 1.1721 0.4098
vt 1.1859 0.4117
vt 1.1703 0.4117
vt 1.1834 0.4127
vt 1.1678 0.4127
vt 1.1808 0.4127
vt 1.1652 0.4127
vt 1.1783 0.4117
vt 1.1627 0.4117
vt 1.1765 0.4098
vt 1.1608 0.4098
vt 1.1754 0.4074
vt 1.1598 0.4074
vt 1.1754 0.4047
vt 1.1598 0.4047
vt 1.1765 0.4023
vt 1.1608 0.4023
vt 1.1783 0.4004
vt 1.1627 0.4004
vt 1.1808 0.3994
vt 1.1652 0.3994
vt 1.1834 0.3994
vt 1.1678 0.3994
vt 1.1859 0.4004
vt 1.1703 0.4004
vt 1.1878 0.4023
vt 1.1721 0.4023
vt 1.1888 0.4047
vt 1.1731 0.4047
vn -0.0073 -0.1463 0.9892
vn 0.0073 -0.1472 0.9891
vn -0.3781 -0.1136 0.9188
vn -0.3906 -0.1121 0.9137
vn -0.7054 -0.0625 0.7060
vn -0.7127 -0.0610 0.6988
vn -0.9234 -0.0019 0.3838
vn -0.9255 -0.0010 0.3786
vn -0.9983 0.0589 0.0026
vn -0.9983 0.0589 0.0025
vn -0.9191 0.1105 -0.3781
vn -0.9213 0.1099 -0.3731
vn -0.6994 0.1451 -0.6999
vn -0.7066 0.1445 -0.6927
vn -0.3738 0.1576 -0.9140
vn -0.3862 0.1576 -0.9088
vn 0.0073 0.1463 -0.9892
vn -0.0073 0.1471 -0.9891
vn 0.3862 0.1130 -0.9155
vn 0.3738 0.1145 -0.9204
vn 0.7066 0.0628 -0.7048
vn 0.6994 0.0643 -0.7118
vn 0.9213 0.0031 -0.3889
vn 0.9191 0.0040 -0.3939
vn 0.9983 -0.0571 -0.0147
vn 0.9983 -0.0572 -0.0146
vn 0.9255 -0.1090 0.3626
vn 0.9234 -0.1096 0.3678
vn 0.7127 -0.1445 0.6864
vn 0.7054 -0.1451 0.6938
vn 0.3906 -0.1579 0.9069
vn 0.3781 -0.1580 0.9122
usemtl None
s 1
f 3521/3521/3489 3537/3522/3490 3538/3523/3491 3522/3524/3492
f 3522/3524/3492 3538/3523/3491 3539/3525/3493 3523/3526/3494
f 3523/3526/3494 3539/3525/3493 3540/3527/3495 3524/3528/3496
f 3524/3528/3496 3540/3527/3495 3541/3529/3497 3525/3530/3498
f 3525/3530/3498 3541/3529/3497 3542/3531/3499 3526/3532/3500
f 3526/3532/3500 3542/3531/3499 3543/3533/3501 3527/3534/3502
f 3527/3534/3502 3543/3533/3501 3544/3535/3503 3528/3536/3504
f 3528/3536/3504 3544/3535/3503 3545/3537/3505 3529/3538/3506
f 3529/3538/3506 3545/3537/3505 3546/3539/3507 3530/3540/3508
f 3530/3540/3508 3546/3539/3507 3547/3541/3509 3531/3542/3510
f 3531/3542/3510 3547/3541/3509 3548/3543/3511 3532/3544/3512
f 3532/3544/3512 3548/3543/3511 3549/3545/3513 3533/3546/3514
f 3533/3546/3514 3549/3545/3513 3550/3547/3515 3534/3548/3516
f 3534/3548/3516 3550/3547/3515 3551/3549/3517 3535/3550/3518
f 3535/3550/3518 3551/3549/3517 3552/3551/3519 3536/3552/3520
f 3536/3552/3520 3552/3551/3519 3537/3522/3490 3521/3521/3489
o Circle.016
v 3.500000 33.000000 -32.169998
v 3.373715 33.000000 -32.195122
v 3.266654 33.000000 -32.266655
v 3.195119 33.000000 -32.373714
v 3.170000 33.000000 -32.500000
v 3.195119 33.000000 -32.626286
v 3.266654 33.000000 -32.733345
v 3.373715 33.000000 -32.804878
v 3.500000 33.000000 -32.829998
v 3.626285 33.000000 -32.804878
v 3.733346 33.000000 -32.733345
v 3.804881 33.000000 -32.626286
v 3.830000 33.000000 -32.500000
v 3.804881 33.000000 -32.373714
v 3.733346 33.000000 -32.266655
v 3.626285 33.000000 -32.195118
v 3.687500 36.153214 -32.015095
v 3.561215 36.155674 -32.040092
v 3.454154 36.162689 -32.111282
v 3.382619 36.173180 -32.217827
v 3.357500 36.185558 -32.343502
v 3.382619 36.197937 -32.469181
v 3.454154 36.208431 -32.575726
v 3.561215 36.215443 -32.646915
v 3.687500 36.217907 -32.671913
v 3.813785 36.215443 -32.646915
v 3.920846 36.208431 -32.575726
v 3.992381 36.197937 -32.469181
v 4.017500 36.185558 -32.343502
v 3.992381 36.173180 -32.217827
v 3.920846 36.162689 -32.111282
v 3.813785 36.155674 -32.040092
vt 1.1575 0.4074
vt 1.1731 0.4074
vt 1.1721 0.4098
vt 1.1565 0.4098
vt 1.1703 0.4117
vt 1.1546 0.4117
vt 1.1678 0.4127
vt 1.1522 0.4127
vt 1.1652 0.4127
vt 1.1495 0.4127
vt 1.1627 0.4117
vt 1.1471 0.4117
vt 1.1608 0.4098
vt 1.1452 0.4098
vt 1.1598 0.4074
vt 1.1442 0.4074
vt 1.1598 0.4047
vt 1.1442 0.4047
vt 1.1608 0.4023
vt 1.1452 0.4023
vt 1.1627 0.4004
vt 1.1471 0.4004
vt 1.1652 0.3994
vt 1.1495 0.3994
vt 1.1678 0.3994
vt 1.1522 0.3994
vt 1.1703 0.4004
vt 1.1546 0.4004
vt 1.1721 0.4023
vt 1.1565 0.4023
vt 1.1731 0.4047
vt 1.1575 0.4047
vn -0.0073 -0.0486 0.9988
vn 0.0073 -0.0495 0.9987
vn -0.3781 -0.0230 0.9255
vn -0.3906 -0.0220 0.9203
vn -0.7054 0.0070 0.7088
vn -0.7127 0.0078 0.7014
vn -0.9234 0.0358 0.3822
vn -0.9255 0.0362 0.3769
vn -0.9983 0.0589 -0.0032
vn -0.9191 0.0729 -0.3871
vn -0.9213 0.0728 -0.3821
vn -0.6994 0.0758 -0.7107
vn -0.7066 0.0759 -0.7035
vn -0.3738 0.0673 -0.9251
vn -0.3862 0.0677 -0.9199
vn 0.0073 0.0486 -0.9988
vn -0.0073 0.0495 -0.9987
vn 0.3862 0.0228 -0.9221
vn 0.3738 0.0237 -0.9272
vn 0.7066 -0.0066 -0.7075
vn 0.6994 -0.0058 -0.7147
vn 0.9213 -0.0350 -0.3874
vn 0.9191 -0.0346 -0.3924
vn 0.9983 -0.0583 -0.0090
vn 0.9983 -0.0583 -0.0089
vn 0.9255 -0.0729 0.3716
vn 0.9234 -0.0731 0.3768
vn 0.7127 -0.0765 0.6973
vn 0.7054 -0.0764 0.7047
vn 0.3906 -0.0683 0.9180
vn 0.3781 -0.0678 0.9233
usemtl None
s 1
f 3553/3553/3521 3569/3554/3522 3570/3555/3523 3554/3556/3524
f 3554/3556/3524 3570/3555/3523 3571/3557/3525 3555/3558/3526
f 3555/3558/3526 3571/3557/3525 3572/3559/3527 3556/3560/3528
f 3556/3560/3528 3572/3559/3527 3573/3561/3529 3557/3562/3529
f 3557/3562/3529 3573/3561/3529 3574/3563/3530 3558/3564/3531
f 3558/3564/3531 3574/3563/3530 3575/3565/3532 3559/3566/3533
f 3559/3566/3533 3575/3565/3532 3576/3567/3534 3560/3568/3535
f 3560/3568/3535 3576/3567/3534 3577/3569/3536 3561/3570/3537
f 3561/3570/3537 3577/3569/3536 3578/3571/3538 3562/3572/3539
f 3562/3572/3539 3578/3571/3538 3579/3573/3540 3563/3574/3541
f 3563/3574/3541 3579/3573/3540 3580/3575/3542 3564/3576/3543
f 3564/3576/3543 3580/3575/3542 3581/3577/3544 3565/3578/3545
f 3565/3578/3545 3581/3577/3544 3582/3579/3546 3566/3580/3547
f 3566/3580/3547 3582/3579/3546 3583/3581/3548 3567/3582/3549
f 3567/3582/3549 3583/3581/3548 3584/3583/3550 3568/3584/3551
f 3568/3584/3551 3584/3583/3550 3569/3554/3522 3553/3553/3521
o Circle.015
v 3.312500 29.846788 -32.015095
v 3.186215 29.844326 -32.040092
v 3.079154 29.837315 -32.111282
v 3.007619 29.826820 -32.217827
v 2.982500 29.814444 -32.343502
v 3.007619 29.802065 -32.469181
v 3.079154 29.791571 -32.575726
v 3.186215 29.784559 -32.646915
v 3.312500 29.782097 -32.671913
v 3.438785 29.784559 -32.646915
v 3.545846 29.791571 -32.575726
v 3.617381 29.802065 -32.469181
v 3.642500 29.814444 -32.343502
v 3.617381 29.826820 -32.217827
v 3.545846 29.837315 -32.111282
v 3.438785 29.844326 -32.040092
v 3.500000 33.000000 -32.169998
v 3.373715 33.000000 -32.195122
v 3.266654 33.000000 -32.266655
v 3.195119 33.000000 -32.373714
v 3.170000 33.000000 -32.500000
v 3.195119 33.000000 -32.626286
v 3.266654 33.000000 -32.733345
v 3.373715 33.000000 -32.804878
v 3.500000 33.000000 -32.829998
v 3.626285 33.000000 -32.804878
v 3.733346 33.000000 -32.733345
v 3.804881 33.000000 -32.626286
v 3.830000 33.000000 -32.500000
v 3.804881 33.000000 -32.373714
v 3.733346 33.000000 -32.266655
v 3.626285 33.000000 -32.195118
vt 1.1419 0.4074
vt 1.1575 0.4074
vt 1.1565 0.4098
vt 1.1409 0.4098
vt 1.1546 0.4117
vt 1.1390 0.4117
vt 1.1522 0.4127
vt 1.1366 0.4127
vt 1.1495 0.4127
vt 1.1339 0.4127
vt 1.1471 0.4117
vt 1.1315 0.4117
vt 1.1452 0.4098
vt 1.1296 0.4098
vt 1.1442 0.4074
vt 1.1286 0.4074
vt 1.1442 0.4047
vt 1.1286 0.4047
vt 1.1452 0.4023
vt 1.1296 0.4023
vt 1.1471 0.4004
vt 1.1315 0.4004
vt 1.1495 0.3994
vt 1.1339 0.3994
vt 1.1522 0.3994
vt 1.1366 0.3994
vt 1.1546 0.4004
vt 1.1390 0.4004
vt 1.1565 0.4023
vt 1.1409 0.4023
vt 1.1575 0.4047
vt 1.1419 0.4047
vn -0.0073 0.0495 0.9987
vn 0.0073 0.0486 0.9988
vn -0.3781 0.0678 0.9233
vn -0.3906 0.0683 0.9180
vn -0.7054 0.0764 0.7047
vn -0.7127 0.0765 0.6973
vn -0.9234 0.0731 0.3768
vn -0.9255 0.0729 0.3716
vn -0.9983 0.0583 -0.0089
vn -0.9983 0.0583 -0.0090
vn -0.9191 0.0346 -0.3924
vn -0.9213 0.0350 -0.3874
vn -0.6994 0.0058 -0.7147
vn -0.7066 0.0066 -0.7075
vn -0.3738 -0.0237 -0.9272
vn -0.3862 -0.0228 -0.9221
vn 0.0073 -0.0495 -0.9987
vn -0.0073 -0.0486 -0.9988
vn 0.3862 -0.0677 -0.9199
vn 0.3738 -0.0673 -0.9251
vn 0.7066 -0.0759 -0.7035
vn 0.6994 -0.0758 -0.7107
vn 0.9213 -0.0728 -0.3821
vn 0.9191 -0.0729 -0.3871
vn 0.9983 -0.0589 -0.0032
vn 0.9255 -0.0362 0.3769
vn 0.9234 -0.0358 0.3822
vn 0.7127 -0.0078 0.7014
vn 0.7054 -0.0070 0.7088
vn 0.3906 0.0220 0.9203
vn 0.3781 0.0230 0.9255
usemtl None
s 1
f 3585/3585/3552 3601/3586/3553 3602/3587/3554 3586/3588/3555
f 3586/3588/3555 3602/3587/3554 3603/3589/3556 3587/3590/3557
f 3587/3590/3557 3603/3589/3556 3604/3591/3558 3588/3592/3559
f 3588/3592/3559 3604/3591/3558 3605/3593/3560 3589/3594/3561
f 3589/3594/3561 3605/3593/3560 3606/3595/3562 3590/3596/3563
f 3590/3596/3563 3606/3595/3562 3607/3597/3564 3591/3598/3565
f 3591/3598/3565 3607/3597/3564 3608/3599/3566 3592/3600/3567
f 3592/3600/3567 3608/3599/3566 3609/3601/3568 3593/3602/3569
f 3593/3602/3569 3609/3601/3568 3610/3603/3570 3594/3604/3571
f 3594/3604/3571 3610/3603/3570 3611/3605/3572 3595/3606/3573
f 3595/3606/3573 3611/3605/3572 3612/3607/3574 3596/3608/3575
f 3596/3608/3575 3612/3607/3574 3613/3609/3576 3597/3610/3576
f 3597/3610/3576 3613/3609/3576 3614/3611/3577 3598/3612/3578
f 3598/3612/3578 3614/3611/3577 3615/3613/3579 3599/3614/3580
f 3599/3614/3580 3615/3613/3579 3616/3615/3581 3600/3616/3582
f 3600/3616/3582 3616/3615/3581 3601/3586/3553 3585/3585/3552
o Circle.014
v 3.125000 26.723946 -31.551863
v 2.998715 26.719046 -31.576504
v 2.891654 26.705090 -31.646662
v 2.820119 26.684204 -31.751665
v 2.795000 26.659567 -31.875523
v 2.820119 26.634930 -31.999380
v 2.891654 26.614042 -32.104385
v 2.998715 26.600088 -32.174541
v 3.125000 26.595188 -32.199181
v 3.251285 26.600086 -32.174545
v 3.358346 26.614042 -32.104385
v 3.429881 26.634930 -31.999380
v 3.455000 26.659567 -31.875523
v 3.429881 26.684204 -31.751665
v 3.358346 26.705090 -31.646662
v 3.251285 26.719046 -31.576500
v 3.312500 29.846788 -32.015095
v 3.186215 29.844326 -32.040092
v 3.079154 29.837315 -32.111282
v 3.007619 29.826820 -32.217827
v 2.982500 29.814444 -32.343502
v 3.007619 29.802065 -32.469181
v 3.079154 29.791571 -32.575726
v 3.186215 29.784559 -32.646915
v 3.312500 29.782097 -32.671913
v 3.438785 29.784559 -32.646915
v 3.545846 29.791571 -32.575726
v 3.617381 29.802065 -32.469181
v 3.642500 29.814444 -32.343502
v 3.617381 29.826820 -32.217827
v 3.545846 29.837315 -32.111282
v 3.438785 29.844326 -32.040092
vt 1.1263 0.4074
vt 1.1419 0.4074
vt 1.1409 0.4098
vt 1.1253 0.4098
vt 1.1390 0.4117
vt 1.1234 0.4117
vt 1.1366 0.4127
vt 1.1209 0.4127
vt 1.1339 0.4127
vt 1.1183 0.4127
vt 1.1315 0.4117
vt 1.1158 0.4117
vt 1.1296 0.4098
vt 1.1140 0.4098
vt 1.1286 0.4074
vt 1.1129 0.4074
vt 1.1286 0.4047
vt 1.1129 0.4047
vt 1.1296 0.4023
vt 1.1140 0.4023
vt 1.1315 0.4004
vt 1.1158 0.4004
vt 1.1339 0.3994
vt 1.1183 0.3994
vt 1.1366 0.3994
vt 1.1209 0.3994
vt 1.1390 0.4004
vt 1.1234 0.4004
vt 1.1409 0.4023
vt 1.1253 0.4023
vt 1.1419 0.4047
vt 1.1263 0.4047
vn -0.0073 0.1472 0.9891
vn 0.0073 0.1463 0.9892
vn -0.3781 0.1580 0.9122
vn -0.3906 0.1579 0.9069
vn -0.7054 0.1451 0.6938
vn -0.7127 0.1445 0.6864
vn -0.9234 0.1096 0.3678
vn -0.9255 0.1090 0.3626
vn -0.9983 0.0572 -0.0146
vn -0.9983 0.0571 -0.0147
vn -0.9191 -0.0040 -0.3939
vn -0.9213 -0.0031 -0.3889
vn -0.6994 -0.0643 -0.7118
vn -0.7066 -0.0628 -0.7048
vn -0.3738 -0.1145 -0.9204
vn -0.3862 -0.1130 -0.9155
vn 0.0073 -0.1471 -0.9891
vn -0.0073 -0.1463 -0.9892
vn 0.3862 -0.1576 -0.9089
vn 0.3738 -0.1576 -0.9140
vn 0.7066 -0.1445 -0.6927
vn 0.6994 -0.1451 -0.6999
vn 0.9213 -0.1099 -0.3731
vn 0.9191 -0.1105 -0.3781
vn 0.9983 -0.0589 0.0025
vn 0.9983 -0.0589 0.0026
vn 0.9255 0.0010 0.3786
vn 0.9234 0.0019 0.3838
vn 0.7127 0.0610 0.6988
vn 0.7054 0.0625 0.7060
vn 0.3906 0.1121 0.9137
vn 0.3781 0.1136 0.9188
usemtl None
s 1
f 3617/3617/3583 3633/3618/3584 3634/3619/3585 3618/3620/3586
f 3618/3620/3586 3634/3619/3585 3635/3621/3587 3619/3622/3588
f 3619/3622/3588 3635/3621/3587 3636/3623/3589 3620/3624/3590
f 3620/3624/3590 3636/3623/3589 3637/3625/3591 3621/3626/3592
f 3621/3626/3592 3637/3625/3591 3638/3627/3593 3622/3628/3594
f 3622/3628/3594 3638/3627/3593 3639/3629/3595 3623/3630/3596
f 3623/3630/3596 3639/3629/3595 3640/3631/3597 3624/3632/3598
f 3624/3632/3598 3640/3631/3597 3641/3633/3599 3625/3634/3600
f 3625/3634/3600 3641/3633/3599 3642/3635/3601 3626/3636/3602
f 3626/3636/3602 3642/3635/3601 3643/3637/3603 3627/3638/3604
f 3627/3638/3604 3643/3637/3603 3644/3639/3605 3628/3640/3606
f 3628/3640/3606 3644/3639/3605 3645/3641/3607 3629/3642/3608
f 3629/3642/3608 3645/3641/3607 3646/3643/3609 3630/3644/3610
f 3630/3644/3610 3646/3643/3609 3647/3645/3611 3631/3646/3612
f 3631/3646/3612 3647/3645/3611 3648/3647/3613 3632/3648/3614
f 3632/3648/3614 3648/3647/3613 3633/3618/3584 3617/3617/3583
o Circle.013
v 2.937500 23.661543 -30.784771
v 2.811215 23.654249 -30.808811
v 2.704154 23.633486 -30.877264
v 2.632619 23.602407 -30.979713
v 2.607500 23.565748 -31.100561
v 2.632619 23.529089 -31.221409
v 2.704154 23.498013 -31.323858
v 2.811215 23.477247 -31.392313
v 2.937500 23.469954 -31.416351
v 3.063785 23.477247 -31.392315
v 3.170846 23.498013 -31.323858
v 3.242381 23.529089 -31.221409
v 3.267500 23.565748 -31.100561
v 3.242381 23.602407 -30.979713
v 3.170846 23.633486 -30.877264
v 3.063785 23.654251 -30.808809
v 3.125000 26.723946 -31.551863
v 2.998715 26.719046 -31.576504
v 2.891654 26.705090 -31.646662
v 2.820119 26.684204 -31.751665
v 2.795000 26.659567 -31.875523
v 2.820119 26.634930 -31.999380
v 2.891654 26.614042 -32.104385
v 2.998715 26.600088 -32.174541
v 3.125000 26.595188 -32.199181
v 3.251285 26.600086 -32.174545
v 3.358346 26.614042 -32.104385
v 3.429881 26.634930 -31.999380
v 3.455000 26.659567 -31.875523
v 3.429881 26.684204 -31.751665
v 3.358346 26.705090 -31.646662
v 3.251285 26.719046 -31.576500
vt 1.1106 0.4074
vt 1.1263 0.4074
vt 1.1253 0.4098
vt 1.1096 0.4098
vt 1.1234 0.4117
vt 1.1078 0.4117
vt 1.1209 0.4127
vt 1.1053 0.4127
vt 1.1183 0.4127
vt 1.1027 0.4127
vt 1.1158 0.4117
vt 1.1002 0.4117
vt 1.1140 0.4098
vt 1.0983 0.4098
vt 1.1129 0.4074
vt 1.0973 0.4074
vt 1.1129 0.4047
vt 1.0973 0.4047
vt 1.1140 0.4023
vt 1.0983 0.4023
vt 1.1158 0.4004
vt 1.1002 0.4004
vt 1.1183 0.3994
vt 1.1027 0.3994
vt 1.1209 0.3994
vt 1.1053 0.3994
vt 1.1234 0.4004
vt 1.1078 0.4004
vt 1.1253 0.4023
vt 1.1096 0.4023
vt 1.1263 0.4047
vt 1.1106 0.4047
vn -0.0073 0.2434 0.9699
vn 0.0073 0.2426 0.9701
vn -0.3781 0.2466 0.8923
vn -0.3906 0.2461 0.8871
vn -0.7054 0.2124 0.6762
vn -0.7127 0.2110 0.6689
vn -0.9234 0.1452 0.3553
vn -0.9255 0.1440 0.3502
vn -0.9983 0.0555 -0.0201
vn -0.9983 0.0554 -0.0202
vn -0.9191 -0.0426 -0.3916
vn -0.9213 -0.0412 -0.3867
vn -0.6994 -0.1338 -0.7021
vn -0.7066 -0.1316 -0.6952
vn -0.3738 -0.2042 -0.9048
vn -0.3862 -0.2022 -0.9000
vn 0.0072 -0.2434 -0.9699
vn -0.0073 -0.2426 -0.9701
vn 0.3862 -0.2459 -0.8890
vn 0.3738 -0.2464 -0.8942
vn 0.7066 -0.2117 -0.6752
vn 0.6994 -0.2130 -0.6823
vn 0.9213 -0.1459 -0.3605
vn 0.9191 -0.1470 -0.3655
vn 0.9983 -0.0584 0.0083
vn 0.9983 -0.0584 0.0084
vn 0.9255 0.0381 0.3767
vn 0.9234 0.0395 0.3818
vn 0.7127 0.1292 0.6894
vn 0.7054 0.1314 0.6965
vn 0.3906 0.2011 0.8983
vn 0.3781 0.2031 0.9032
usemtl None
s 1
f 3649/3649/3615 3665/3650/3616 3666/3651/3617 3650/3652/3618
f 3650/3652/3618 3666/3651/3617 3667/3653/3619 3651/3654/3620
f 3651/3654/3620 3667/3653/3619 3668/3655/3621 3652/3656/3622
f 3652/3656/3622 3668/3655/3621 3669/3657/3623 3653/3658/3624
f 3653/3658/3624 3669/3657/3623 3670/3659/3625 3654/3660/3626
f 3654/3660/3626 3670/3659/3625 3671/3661/3627 3655/3662/3628
f 3655/3662/3628 3671/3661/3627 3672/3663/3629 3656/3664/3630
f 3656/3664/3630 3672/3663/3629 3673/3665/3631 3657/3666/3632
f 3657/3666/3632 3673/3665/3631 3674/3667/3633 3658/3668/3634
f 3658/3668/3634 3674/3667/3633 3675/3669/3635 3659/3670/3636
f 3659/3670/3636 3675/3669/3635 3676/3671/3637 3660/3672/3638
f 3660/3672/3638 3676/3671/3637 3677/3673/3639 3661/3674/3640
f 3661/3674/3640 3677/3673/3639 3678/3675/3641 3662/3676/3642
f 3662/3676/3642 3678/3675/3641 3679/3677/3643 3663/3678/3644
f 3663/3678/3644 3679/3677/3643 3680/3679/3645 3664/3680/3646
f 3664/3680/3646 3680/3679/3645 3665/3650/3616 3649/3649/3615
o Circle.012
v 2.750000 20.689075 -29.721205
v 2.623715 20.679461 -29.744413
v 2.516654 20.652086 -29.810501
v 2.445119 20.611118 -29.909412
v 2.420000 20.562790 -30.026083
v 2.445119 20.514463 -30.142756
v 2.516654 20.473494 -30.241667
v 2.623715 20.446117 -30.307755
v 2.750000 20.436504 -30.330965
v 2.876285 20.446117 -30.307758
v 2.983346 20.473494 -30.241667
v 3.054881 20.514463 -30.142756
v 3.080000 20.562790 -30.026083
v 3.054881 20.611118 -29.909412
v 2.983346 20.652086 -29.810501
v 2.876285 20.679462 -29.744411
v 2.937500 23.661543 -30.784771
v 2.811215 23.654249 -30.808811
v 2.704154 23.633486 -30.877264
v 2.632619 23.602407 -30.979713
v 2.607500 23.565748 -31.100561
v 2.632619 23.529089 -31.221409
v 2.704154 23.498013 -31.323858
v 2.811215 23.477247 -31.392313
v 2.937500 23.469954 -31.416351
v 3.063785 23.477247 -31.392315
v 3.170846 23.498013 -31.323858
v 3.242381 23.529089 -31.221409
v 3.267500 23.565748 -31.100561
v 3.242381 23.602407 -30.979713
v 3.170846 23.633486 -30.877264
v 3.063785 23.654251 -30.808809
vt 1.0950 0.4074
vt 1.1106 0.4074
vt 1.1096 0.4098
vt 1.0940 0.4098
vt 1.1078 0.4117
vt 1.0921 0.4117
vt 1.1053 0.4127
vt 1.0897 0.4127
vt 1.1027 0.4127
vt 1.0870 0.4127
vt 1.1002 0.4117
vt 1.0846 0.4117
vt 1.0983 0.4098
vt 1.0827 0.4098
vt 1.0973 0.4074
vt 1.0817 0.4074
vt 1.0973 0.4047
vt 1.0817 0.4047
vt 1.0983 0.4023
vt 1.0827 0.4023
vt 1.1002 0.4004
vt 1.0846 0.4004
vt 1.1027 0.3994
vt 1.0870 0.3994
vt 1.1053 0.3994
vt 1.0897 0.3994
vt 1.1078 0.4004
vt 1.0921 0.4004
vt 1.1096 0.4023
vt 1.0940 0.4023
vt 1.1106 0.4047
vt 1.0950 0.4047
vn -0.0073 0.3373 0.9414
vn 0.0073 0.3365 0.9417
vn -0.3781 0.3329 0.8638
vn -0.3906 0.3318 0.8587
vn -0.7054 0.2777 0.6521
vn -0.7127 0.2756 0.6450
vn -0.9234 0.1793 0.3394
vn -0.9255 0.1776 0.3344
vn -0.9983 0.0532 -0.0255
vn -0.9191 -0.0808 -0.3856
vn -0.9213 -0.0790 -0.3808
vn -0.6994 -0.2019 -0.6856
vn -0.7066 -0.1991 -0.6790
vn -0.3738 -0.2919 -0.8804
vn -0.3862 -0.2895 -0.8758
vn 0.0072 -0.3373 -0.9414
vn -0.0073 -0.3365 -0.9417
vn 0.3862 -0.3319 -0.8606
vn 0.3738 -0.3329 -0.8657
vn 0.7066 -0.2768 -0.6512
vn 0.6994 -0.2789 -0.6581
vn 0.9213 -0.1806 -0.3445
vn 0.9191 -0.1822 -0.3493
vn 0.9983 -0.0573 0.0140
vn 0.9983 -0.0573 0.0141
vn 0.9255 0.0748 0.3712
vn 0.9234 0.0767 0.3761
vn 0.7127 0.1962 0.6735
vn 0.7054 0.1991 0.6803
vn 0.3906 0.2882 0.8743
vn 0.3781 0.2907 0.8789
usemtl None
s 1
f 3681/3681/3647 3697/3682/3648 3698/3683/3649 3682/3684/3650
f 3682/3684/3650 3698/3683/3649 3699/3685/3651 3683/3686/3652
f 3683/3686/3652 3699/3685/3651 3700/3687/3653 3684/3688/3654
f 3684/3688/3654 3700/3687/3653 3701/3689/3655 3685/3690/3655
f 3685/3690/3655 3701/3689/3655 3702/3691/3656 3686/3692/3657
f 3686/3692/3657 3702/3691/3656 3703/3693/3658 3687/3694/3659
f 3687/3694/3659 3703/3693/3658 3704/3695/3660 3688/3696/3661
f 3688/3696/3661 3704/3695/3660 3705/3697/3662 3689/3698/3663
f 3689/3698/3663 3705/3697/3662 3706/3699/3664 3690/3700/3665
f 3690/3700/3665 3706/3699/3664 3707/3701/3666 3691/3702/3667
f 3691/3702/3667 3707/3701/3666 3708/3703/3668 3692/3704/3669
f 3692/3704/3669 3708/3703/3668 3709/3705/3670 3693/3706/3671
f 3693/3706/3671 3709/3705/3670 3710/3707/3672 3694/3708/3673
f 3694/3708/3673 3710/3707/3672 3711/3709/3674 3695/3710/3675
f 3695/3710/3675 3711/3709/3674 3712/3711/3676 3696/3712/3677
f 3696/3712/3677 3712/3711/3676 3697/3682/3648 3681/3681/3647
o Circle.011
v 2.562500 17.835169 -28.371408
v 2.436215 17.823328 -28.393564
v 2.329154 17.789606 -28.456650
v 2.257619 17.739138 -28.551069
v 2.232500 17.679607 -28.662441
v 2.257619 17.620077 -28.773817
v 2.329154 17.569609 -28.868235
v 2.436215 17.535889 -28.931320
v 2.562500 17.524048 -28.953476
v 2.688785 17.535889 -28.931324
v 2.795846 17.569609 -28.868235
v 2.867381 17.620077 -28.773817
v 2.892500 17.679607 -28.662441
v 2.867381 17.739138 -28.551069
v 2.795846 17.789606 -28.456650
v 2.688785 17.823328 -28.393562
v 2.750000 20.689075 -29.721205
v 2.623715 20.679461 -29.744413
v 2.516654 20.652086 -29.810501
v 2.445119 20.611118 -29.909412
v 2.420000 20.562790 -30.026083
v 2.445119 20.514463 -30.142756
v 2.516654 20.473494 -30.241667
v 2.623715 20.446117 -30.307755
v 2.750000 20.436504 -30.330965
v 2.876285 20.446117 -30.307758
v 2.983346 20.473494 -30.241667
v 3.054881 20.514463 -30.142756
v 3.080000 20.562790 -30.026083
v 3.054881 20.611118 -29.909412
v 2.983346 20.652086 -29.810501
v 2.876285 20.679462 -29.744411
vt 1.0794 0.4074
vt 1.0950 0.4074
vt 1.0940 0.4098
vt 1.0784 0.4098
vt 1.0921 0.4117
vt 1.0765 0.4117
vt 1.0897 0.4127
vt 1.0741 0.4127
vt 1.0870 0.4127
vt 1.0714 0.4127
vt 1.0846 0.4117
vt 1.0690 0.4117
vt 1.0827 0.4098
vt 1.0671 0.4098
vt 1.0817 0.4074
vt 1.0661 0.4074
vt 1.0817 0.4047
vt 1.0661 0.4047
vt 1.0827 0.4023
vt 1.0671 0.4023
vt 1.0846 0.4004
vt 1.0690 0.4004
vt 1.0870 0.3994
vt 1.0714 0.3994
vt 1.0897 0.3994
vt 1.0741 0.3994
vt 1.0921 0.4004
vt 1.0765 0.4004
vt 1.0940 0.4023
vt 1.0784 0.4023
vt 1.0950 0.4047
vt 1.0794 0.4047
vn -0.0073 0.4279 0.9038
vn 0.0073 0.4272 0.9042
vn -0.3781 0.4160 0.8271
vn -0.3906 0.4144 0.8220
vn -0.7054 0.3403 0.6218
vn -0.7127 0.3375 0.6149
vn -0.9234 0.2117 0.3202
vn -0.9255 0.2096 0.3154
vn -0.9983 0.0505 -0.0305
vn -0.9983 0.0504 -0.0306
vn -0.9191 -0.1182 -0.3758
vn -0.9213 -0.1159 -0.3713
vn -0.6994 -0.2682 -0.6625
vn -0.7066 -0.2647 -0.6562
vn -0.3738 -0.3768 -0.8475
vn -0.3862 -0.3739 -0.8432
vn 0.0072 -0.4279 -0.9038
vn -0.0073 -0.4272 -0.9041
vn 0.3862 -0.4146 -0.8240
vn 0.3738 -0.4161 -0.8289
vn 0.7066 -0.3393 -0.6209
vn 0.6994 -0.3420 -0.6276
vn 0.9213 -0.2135 -0.3251
vn 0.9191 -0.2155 -0.3298
vn 0.9983 -0.0557 0.0196
vn 0.9983 -0.0556 0.0196
vn 0.9255 0.1108 0.3621
vn 0.9234 0.1132 0.3667
vn 0.7127 0.2612 0.6510
vn 0.7054 0.2648 0.6575
vn 0.3906 0.3725 0.8418
vn 0.3781 0.3754 0.8462
usemtl None
s 1
f 3713/3713/3678 3729/3714/3679 3730/3715/3680 3714/3716/3681
f 3714/3716/3681 3730/3715/3680 3731/3717/3682 3715/3718/3683
f 3715/3718/3683 3731/3717/3682 3732/3719/3684 3716/3720/3685
f 3716/3720/3685 3732/3719/3684 3733/3721/3686 3717/3722/3687
f 3717/3722/3687 3733/3721/3686 3734/3723/3688 3718/3724/3689
f 3718/3724/3689 3734/3723/3688 3735/3725/3690 3719/3726/3691
f 3719/3726/3691 3735/3725/3690 3736/3727/3692 3720/3728/3693
f 3720/3728/3693 3736/3727/3692 3737/3729/3694 3721/3730/3695
f 3721/3730/3695 3737/3729/3694 3738/3731/3696 3722/3732/3697
f 3722/3732/3697 3738/3731/3696 3739/3733/3698 3723/3734/3699
f 3723/3734/3699 3739/3733/3698 3740/3735/3700 3724/3736/3701
f 3724/3736/3701 3740/3735/3700 3741/3737/3702 3725/3738/3703
f 3725/3738/3703 3741/3737/3702 3742/3739/3704 3726/3740/3705
f 3726/3740/3705 3742/3739/3704 3743/3741/3706 3727/3742/3707
f 3727/3742/3707 3743/3741/3706 3744/3743/3708 3728/3744/3709
f 3728/3744/3709 3744/3743/3708 3729/3714/3679 3713/3713/3678
o Circle.010
v 2.375000 15.127307 -26.748379
v 2.248715 15.113350 -26.769266
v 2.141654 15.073608 -26.828743
v 2.070119 15.014129 -26.917761
v 2.045000 14.943970 -27.022764
v 2.070119 14.873809 -27.127766
v 2.141654 14.814329 -27.216784
v 2.248715 14.774588 -27.276262
v 2.375000 14.760631 -27.297150
v 2.501285 14.774586 -27.276262
v 2.608346 14.814329 -27.216784
v 2.679881 14.873809 -27.127766
v 2.705000 14.943970 -27.022764
v 2.679881 15.014129 -26.917761
v 2.608346 15.073608 -26.828743
v 2.501285 15.113352 -26.769264
v 2.562500 17.835169 -28.371408
v 2.436215 17.823328 -28.393564
v 2.329154 17.789606 -28.456650
v 2.257619 17.739138 -28.551069
v 2.232500 17.679607 -28.662441
v 2.257619 17.620077 -28.773817
v 2.329154 17.569609 -28.868235
v 2.436215 17.535889 -28.931320
v 2.562500 17.524048 -28.953476
v 2.688785 17.535889 -28.931324
v 2.795846 17.569609 -28.868235
v 2.867381 17.620077 -28.773817
v 2.892500 17.679607 -28.662441
v 2.867381 17.739138 -28.551069
v 2.795846 17.789606 -28.456650
v 2.688785 17.823328 -28.393562
vt 1.0638 0.4074
vt 1.0794 0.4074
vt 1.0784 0.4098
vt 1.0628 0.4098
vt 1.0765 0.4117
vt 1.0609 0.4117
vt 1.0741 0.4127
vt 1.0584 0.4127
vt 1.0714 0.4127
vt 1.0558 0.4127
vt 1.0690 0.4117
vt 1.0533 0.4117
vt 1.0671 0.4098
vt 1.0515 0.4098
vt 1.0661 0.4074
vt 1.0504 0.4074
vt 1.0661 0.4047
vt 1.0504 0.4047
vt 1.0671 0.4023
vt 1.0515 0.4023
vt 1.0690 0.4004
vt 1.0533 0.4004
vt 1.0714 0.3994
vt 1.0558 0.3994
vt 1.0741 0.3994
vt 1.0584 0.3994
vt 1.0765 0.4004
vt 1.0609 0.4004
vt 1.0784 0.4023
vt 1.0628 0.4023
vt 1.0794 0.4047
vt 1.0638 0.4047
vn -0.0073 0.5145 0.8575
vn 0.0073 0.5137 0.8579
vn -0.3781 0.4950 0.7823
vn -0.3906 0.4930 0.7774
vn -0.7054 0.3996 0.5854
vn -0.7127 0.3961 0.5789
vn -0.9234 0.2421 0.2979
vn -0.9255 0.2395 0.2933
vn -0.9983 0.0472 -0.0353
vn -0.9983 0.0472 -0.0354
vn -0.9191 -0.1544 -0.3624
vn -0.9213 -0.1517 -0.3581
vn -0.6994 -0.3318 -0.6331
vn -0.7066 -0.3277 -0.6271
vn -0.3738 -0.4580 -0.8065
vn -0.3862 -0.4548 -0.8025
vn 0.0072 -0.5145 -0.8575
vn -0.0073 -0.5137 -0.8579
vn 0.3862 -0.4934 -0.7794
vn 0.3738 -0.4954 -0.7841
vn 0.7067 -0.3985 -0.5846
vn 0.6994 -0.4019 -0.5911
vn 0.9213 -0.2443 -0.3026
vn 0.9191 -0.2468 -0.3070
vn 0.9983 -0.0535 0.0249
vn 0.9983 -0.0534 0.0250
vn 0.9255 0.1458 0.3495
vn 0.9234 0.1486 0.3539
vn 0.7127 0.3238 0.6222
vn 0.7054 0.3279 0.6283
vn 0.3906 0.4533 0.8013
vn 0.3781 0.4566 0.8054
usemtl None
s 1
f 3745/3745/3710 3761/3746/3711 3762/3747/3712 3746/3748/3713
f 3746/3748/3713 3762/3747/3712 3763/3749/3714 3747/3750/3715
f 3747/3750/3715 3763/3749/3714 3764/3751/3716 3748/3752/3717
f 3748/3752/3717 3764/3751/3716 3765/3753/3718 3749/3754/3719
f 3749/3754/3719 3765/3753/3718 3766/3755/3720 3750/3756/3721
f 3750/3756/3721 3766/3755/3720 3767/3757/3722 3751/3758/3723
f 3751/3758/3723 3767/3757/3722 3768/3759/3724 3752/3760/3725
f 3752/3760/3725 3768/3759/3724 3769/3761/3726 3753/3762/3727
f 3753/3762/3727 3769/3761/3726 3770/3763/3728 3754/3764/3729
f 3754/3764/3729 3770/3763/3728 3771/3765/3730 3755/3766/3731
f 3755/3766/3731 3771/3765/3730 3772/3767/3732 3756/3768/3733
f 3756/3768/3733 3772/3767/3732 3773/3769/3734 3757/3770/3735
f 3757/3770/3735 3773/3769/3734 3774/3771/3736 3758/3772/3737
f 3758/3772/3737 3774/3771/3736 3775/3773/3738 3759/3774/3739
f 3759/3774/3739 3775/3773/3738 3776/3775/3740 3760/3776/3741
f 3760/3776/3741 3776/3775/3740 3761/3746/3711 3745/3745/3710
o Circle.009
v 2.187500 12.591569 -24.867746
v 2.061215 12.575631 -24.887165
v 1.954154 12.530252 -24.942461
v 1.882619 12.462334 -25.025219
v 1.857500 12.382219 -25.122839
v 1.882619 12.302105 -25.220459
v 1.954154 12.234186 -25.303217
v 2.061215 12.188806 -25.358513
v 2.187500 12.172869 -25.377932
v 2.313785 12.188805 -25.358515
v 2.420846 12.234186 -25.303217
v 2.492381 12.302105 -25.220459
v 2.517500 12.382219 -25.122839
v 2.492381 12.462334 -25.025219
v 2.420846 12.530252 -24.942461
v 2.313785 12.575633 -24.887163
v 2.375000 15.127307 -26.748379
v 2.248715 15.113350 -26.769266
v 2.141654 15.073608 -26.828743
v 2.070119 15.014129 -26.917761
v 2.045000 14.943970 -27.022764
v 2.070119 14.873809 -27.127766
v 2.141654 14.814329 -27.216784
v 2.248715 14.774588 -27.276262
v 2.375000 14.760631 -27.297150
v 2.501285 14.774586 -27.276262
v 2.608346 14.814329 -27.216784
v 2.679881 14.873809 -27.127766
v 2.705000 14.943970 -27.022764
v 2.679881 15.014129 -26.917761
v 2.608346 15.073608 -26.828743
v 2.501285 15.113352 -26.769264
vt 1.0481 0.4074
vt 1.0638 0.4074
vt 1.0628 0.4098
vt 1.0471 0.4098
vt 1.0609 0.4117
vt 1.0453 0.4117
vt 1.0584 0.4127
vt 1.0428 0.4127
vt 1.0558 0.4127
vt 1.0402 0.4127
vt 1.0533 0.4117
vt 1.0377 0.4117
vt 1.0515 0.4098
vt 1.0358 0.4098
vt 1.0504 0.4074
vt 1.0348 0.4074
vt 1.0504 0.4047
vt 1.0348 0.4047
vt 1.0515 0.4023
vt 1.0358 0.4023
vt 1.0533 0.4004
vt 1.0377 0.4004
vt 1.0558 0.3994
vt 1.0402 0.3994
vt 1.0584 0.3994
vt 1.0428 0.3994
vt 1.0609 0.4004
vt 1.0453 0.4004
vt 1.0628 0.4023
vt 1.0471 0.4023
vt 1.0638 0.4047
vt 1.0481 0.4047
vn -0.0073 0.5960 0.8029
vn 0.0073 0.5953 0.8034
vn -0.3781 0.5693 0.7300
vn -0.3906 0.5668 0.7254
vn -0.7054 0.4550 0.5434
vn -0.7127 0.4510 0.5373
vn -0.9234 0.2701 0.2727
vn -0.9255 0.2671 0.2684
vn -0.9983 0.0435 -0.0398
vn -0.9983 0.0435 -0.0399
vn -0.9191 -0.1892 -0.3455
vn -0.9213 -0.1861 -0.3415
vn -0.6994 -0.3923 -0.5975
vn -0.7066 -0.3876 -0.5919
vn -0.3738 -0.5349 -0.7577
vn -0.3862 -0.5312 -0.7541
vn 0.0072 -0.5960 -0.8029
vn -0.0073 -0.5953 -0.8034
vn 0.3862 -0.5674 -0.7273
vn 0.3738 -0.5699 -0.7318
vn 0.7066 -0.4539 -0.5428
vn 0.6994 -0.4579 -0.5488
vn 0.9213 -0.2728 -0.2772
vn 0.9191 -0.2757 -0.2814
vn 0.9983 -0.0508 0.0300
vn 0.9983 -0.0507 0.0301
vn 0.9255 0.1793 0.3335
vn 0.9234 0.1826 0.3376
vn 0.7127 0.3832 0.5875
vn 0.7054 0.3880 0.5932
vn 0.3905 0.5296 0.7530
vn 0.3781 0.5333 0.7567
usemtl None
s 1
f 3777/3777/3742 3793/3778/3743 3794/3779/3744 3778/3780/3745
f 3778/3780/3745 3794/3779/3744 3795/3781/3746 3779/3782/3747
f 3779/3782/3747 3795/3781/3746 3796/3783/3748 3780/3784/3749
f 3780/3784/3749 3796/3783/3748 3797/3785/3750 3781/3786/3751
f 3781/3786/3751 3797/3785/3750 3798/3787/3752 3782/3788/3753
f 3782/3788/3753 3798/3787/3752 3799/3789/3754 3783/3790/3755
f 3783/3790/3755 3799/3789/3754 3800/3791/3756 3784/3792/3757
f 3784/3792/3757 3800/3791/3756 3801/3793/3758 3785/3794/3759
f 3785/3794/3759 3801/3793/3758 3802/3795/3760 3786/3796/3761
f 3786/3796/3761 3802/3795/3760 3803/3797/3762 3787/3798/3763
f 3787/3798/3763 3803/3797/3762 3804/3799/3764 3788/3800/3765
f 3788/3800/3765 3804/3799/3764 3805/3801/3766 3789/3802/3767
f 3789/3802/3767 3805/3801/3766 3806/3803/3768 3790/3804/3769
f 3790/3804/3769 3806/3803/3768 3807/3805/3770 3791/3806/3771
f 3791/3806/3771 3807/3805/3770 3808/3807/3772 3792/3808/3773
f 3792/3808/3773 3808/3807/3772 3793/3778/3743 3777/3777/3742
o Circle.008
v 2.000000 10.252376 -22.747625
v 1.873715 10.234612 -22.765388
v 1.766654 10.184031 -22.815969
v 1.695119 10.108328 -22.891672
v 1.670000 10.019031 -22.980970
v 1.695119 9.929733 -23.070267
v 1.766654 9.854031 -23.145971
v 1.873715 9.803449 -23.196552
v 2.000000 9.785685 -23.214315
v 2.126285 9.803447 -23.196554
v 2.233346 9.854031 -23.145971
v 2.304881 9.929733 -23.070267
v 2.330000 10.019031 -22.980970
v 2.304881 10.108328 -22.891672
v 2.233346 10.184031 -22.815969
v 2.126285 10.234613 -22.765387
v 2.187500 12.591569 -24.867746
v 2.061215 12.575631 -24.887165
v 1.954154 12.530252 -24.942461
v 1.882619 12.462334 -25.025219
v 1.857500 12.382219 -25.122839
v 1.882619 12.302105 -25.220459
v 1.954154 12.234186 -25.303217
v 2.061215 12.188806 -25.358513
v 2.187500 12.172869 -25.377932
v 2.313785 12.188805 -25.358515
v 2.420846 12.234186 -25.303217
v 2.492381 12.302105 -25.220459
v 2.517500 12.382219 -25.122839
v 2.492381 12.462334 -25.025219
v 2.420846 12.530252 -24.942461
v 2.313785 12.575633 -24.887163
vt 1.0325 0.4074
vt 1.0481 0.4074
vt 1.0471 0.4098
vt 1.0315 0.4098
vt 1.0453 0.4117
vt 1.0296 0.4117
vt 1.0428 0.4127
vt 1.0272 0.4127
vt 1.0402 0.4127
vt 1.0245 0.4127
vt 1.0377 0.4117
vt 1.0221 0.4117
vt 1.0358 0.4098
vt 1.0202 0.4098
vt 1.0348 0.4074
vt 1.0192 0.4074
vt 1.0348 0.4047
vt 1.0192 0.4047
vt 1.0358 0.4023
vt 1.0202 0.4023
vt 1.0377 0.4004
vt 1.0221 0.4004
vt 1.0402 0.3994
vt 1.0245 0.3994
vt 1.0428 0.3994
vt 1.0272 0.3994
vt 1.0453 0.4004
vt 1.0296 0.4004
vt 1.0471 0.4023
vt 1.0315 0.4023
vt 1.0481 0.4047
vt 1.0325 0.4047
vn -0.0073 0.6719 0.7406
vn 0.0073 0.6712 0.7412
vn -0.3781 0.6381 0.6707
vn -0.3906 0.6352 0.6663
vn -0.7054 0.5061 0.4962
vn -0.7127 0.5015 0.4905
vn -0.9234 0.2955 0.2449
vn -0.9255 0.2921 0.2410
vn -0.9983 0.0394 -0.0439
vn -0.9983 0.0394 -0.0440
vn -0.9191 -0.2222 -0.3253
vn -0.9213 -0.2187 -0.3216
vn -0.6994 -0.4490 -0.5562
vn -0.7066 -0.4438 -0.5511
vn -0.3738 -0.6066 -0.7017
vn -0.3862 -0.6026 -0.6984
vn 0.0073 -0.6719 -0.7406
vn -0.0073 -0.6712 -0.7412
vn 0.3862 -0.6359 -0.6681
vn 0.3738 -0.6388 -0.6724
vn 0.7066 -0.5049 -0.4957
vn 0.6994 -0.5095 -0.5013
vn 0.9213 -0.2987 -0.2492
vn 0.9191 -0.3020 -0.2530
vn 0.9983 -0.0476 0.0349
vn 0.9983 -0.0475 0.0349
vn 0.9255 0.2112 0.3143
vn 0.9234 0.2148 0.3181
vn 0.7127 0.4390 0.5471
vn 0.7054 0.4442 0.5523
vn 0.3906 0.6009 0.6974
vn 0.3781 0.6049 0.7008
usemtl None
s 1
f 3809/3809/3774 3825/3810/3775 3826/3811/3776 3810/3812/3777
f 3810/3812/3777 3826/3811/3776 3827/3813/3778 3811/3814/3779
f 3811/3814/3779 3827/3813/3778 3828/3815/3780 3812/3816/3781
f 3812/3816/3781 3828/3815/3780 3829/3817/3782 3813/3818/3783
f 3813/3818/3783 3829/3817/3782 3830/3819/3784 3814/3820/3785
f 3814/3820/3785 3830/3819/3784 3831/3821/3786 3815/3822/3787
f 3815/3822/3787 3831/3821/3786 3832/3823/3788 3816/3824/3789
f 3816/3824/3789 3832/3823/3788 3833/3825/3790 3817/3826/3791
f 3817/3826/3791 3833/3825/3790 3834/3827/3792 3818/3828/3793
f 3818/3828/3793 3834/3827/3792 3835/3829/3794 3819/3830/3795
f 3819/3830/3795 3835/3829/3794 3836/3831/3796 3820/3832/3797
f 3820/3832/3797 3836/3831/3796 3837/3833/3798 3821/3834/3799
f 3821/3834/3799 3837/3833/3798 3838/3835/3800 3822/3836/3801
f 3822/3836/3801 3838/3835/3800 3839/3837/3802 3823/3838/3803
f 3823/3838/3803 3839/3837/3802 3840/3839/3804 3824/3840/3805
f 3824/3840/3805 3840/3839/3804 3825/3810/3775 3809/3809/3774
o Circle.007
v 1.812500 8.132255 -20.408434
v 1.686215 8.112835 -20.424370
v 1.579154 8.057539 -20.469751
v 1.507619 7.974781 -20.537668
v 1.482500 7.877161 -20.617783
v 1.507619 7.779541 -20.697897
v 1.579154 7.696783 -20.765816
v 1.686215 7.641487 -20.811195
v 1.812500 7.622067 -20.827133
v 1.938785 7.641485 -20.811197
v 2.045846 7.696783 -20.765816
v 2.117381 7.779541 -20.697897
v 2.142500 7.877161 -20.617783
v 2.117381 7.974781 -20.537668
v 2.045846 8.057539 -20.469751
v 1.938785 8.112837 -20.424370
v 2.000000 10.252376 -22.747625
v 1.873715 10.234612 -22.765388
v 1.766654 10.184031 -22.815969
v 1.695119 10.108328 -22.891672
v 1.670000 10.019031 -22.980970
v 1.695119 9.929733 -23.070267
v 1.766654 9.854031 -23.145971
v 1.873715 9.803449 -23.196552
v 2.000000 9.785685 -23.214315
v 2.126285 9.803447 -23.196554
v 2.233346 9.854031 -23.145971
v 2.304881 9.929733 -23.070267
v 2.330000 10.019031 -22.980970
v 2.304881 10.108328 -22.891672
v 2.233346 10.184031 -22.815969
v 2.126285 10.234613 -22.765387
vt 1.0169 0.4074
vt 1.0325 0.4074
vt 1.0315 0.4098
vt 1.0159 0.4098
vt 1.0296 0.4117
vt 1.0140 0.4117
vt 1.0272 0.4127
vt 1.0116 0.4127
vt 1.0245 0.4127
vt 1.0089 0.4127
vt 1.0221 0.4117
vt 1.0065 0.4117
vt 1.0202 0.4098
vt 1.0046 0.4098
vt 1.0192 0.4074
vt 1.0036 0.4074
vt 1.0192 0.4047
vt 1.0036 0.4047
vt 1.0202 0.4023
vt 1.0046 0.4023
vt 1.0221 0.4004
vt 1.0065 0.4004
vt 1.0245 0.3994
vt 1.0089 0.3994
vt 1.0272 0.3994
vt 1.0116 0.3994
vt 1.0296 0.4004
vt 1.0140 0.4004
vt 1.0315 0.4023
vt 1.0159 0.4023
vt 1.0325 0.4047
vt 1.0169 0.4047
vn -0.0073 0.7412 0.6712
vn 0.0073 0.7406 0.6719
vn -0.3781 0.7008 0.6049
vn -0.3906 0.6974 0.6009
vn -0.7054 0.5523 0.4442
vn -0.7127 0.5471 0.4390
vn -0.9234 0.3181 0.2148
vn -0.9255 0.3143 0.2112
vn -0.9983 0.0349 -0.0475
vn -0.9983 0.0349 -0.0476
vn -0.9191 -0.2530 -0.3020
vn -0.9213 -0.2492 -0.2987
vn -0.6994 -0.5013 -0.5095
vn -0.7066 -0.4957 -0.5049
vn -0.3738 -0.6724 -0.6388
vn -0.3862 -0.6681 -0.6359
vn 0.0072 -0.7412 -0.6712
vn -0.0073 -0.7406 -0.6719
vn 0.3862 -0.6984 -0.6026
vn 0.3738 -0.7017 -0.6066
vn 0.7066 -0.5511 -0.4438
vn 0.6994 -0.5562 -0.4489
vn 0.9213 -0.3216 -0.2187
vn 0.9191 -0.3253 -0.2222
vn 0.9983 -0.0440 0.0394
vn 0.9983 -0.0439 0.0394
vn 0.9255 0.2410 0.2921
vn 0.9234 0.2449 0.2955
vn 0.7127 0.4905 0.5015
vn 0.7054 0.4962 0.5061
vn 0.3906 0.6663 0.6352
vn 0.3781 0.6707 0.6381
usemtl None
s 1
f 3841/3841/3806 3857/3842/3807 3858/3843/3808 3842/3844/3809
f 3842/3844/3809 3858/3843/3808 3859/3845/3810 3843/3846/3811
f 3843/3846/3811 3859/3845/3810 3860/3847/3812 3844/3848/3813
f 3844/3848/3813 3860/3847/3812 3861/3849/3814 3845/3850/3815
f 3845/3850/3815 3861/3849/3814 3862/3851/3816 3846/3852/3817
f 3846/3852/3817 3862/3851/3816 3863/3853/3818 3847/3854/3819
f 3847/3854/3819 3863/3853/3818 3864/3855/3820 3848/3856/3821
f 3848/3856/3821 3864/3855/3820 3865/3857/3822 3849/3858/3823
f 3849/3858/3823 3865/3857/3822 3866/3859/3824 3850/3860/3825
f 3850/3860/3825 3866/3859/3824 3867/3861/3826 3851/3862/3827
f 3851/3862/3827 3867/3861/3826 3868/3863/3828 3852/3864/3829
f 3852/3864/3829 3868/3863/3828 3869/3865/3830 3853/3866/3831
f 3853/3866/3831 3869/3865/3830 3870/3867/3832 3854/3868/3833
f 3854/3868/3833 3870/3867/3832 3871/3869/3834 3855/3870/3835
f 3855/3870/3835 3871/3869/3834 3872/3871/3836 3856/3872/3837
f 3856/3872/3837 3872/3871/3836 3857/3842/3807 3841/3841/3806
o Circle.006
v 1.625000 6.251623 -17.872696
v 1.498715 6.230735 -17.886652
v 1.391654 6.171258 -17.926394
v 1.320119 6.082241 -17.985874
v 1.295000 5.977238 -18.056032
v 1.320119 5.872236 -18.126194
v 1.391654 5.783219 -18.185673
v 1.498715 5.723741 -18.225414
v 1.625000 5.702853 -18.239372
v 1.751285 5.723740 -18.225416
v 1.858346 5.783219 -18.185673
v 1.929881 5.872236 -18.126194
v 1.955000 5.977238 -18.056032
v 1.929881 6.082241 -17.985874
v 1.858346 6.171258 -17.926394
v 1.751285 6.230738 -17.886650
v 1.812500 8.132255 -20.408434
v 1.686215 8.112835 -20.424370
v 1.579154 8.057539 -20.469751
v 1.507619 7.974781 -20.537668
v 1.482500 7.877161 -20.617783
v 1.507619 7.779541 -20.697897
v 1.579154 7.696783 -20.765816
v 1.686215 7.641487 -20.811195
v 1.812500 7.622067 -20.827133
v 1.938785 7.641485 -20.811197
v 2.045846 7.696783 -20.765816
v 2.117381 7.779541 -20.697897
v 2.142500 7.877161 -20.617783
v 2.117381 7.974781 -20.537668
v 2.045846 8.057539 -20.469751
v 1.938785 8.112837 -20.424370
vt 1.0013 0.4074
vt 1.0169 0.4074
vt 1.0159 0.4098
vt 1.0003 0.4098
vt 1.0140 0.4117
vt 0.9984 0.4117
vt 1.0116 0.4127
vt 0.9959 0.4127
vt 1.0089 0.4127
vt 0.9933 0.4127
vt 1.0065 0.4117
vt 0.9908 0.4117
vt 1.0046 0.4098
vt 0.9890 0.4098
vt 1.0036 0.4074
vt 0.9879 0.4074
vt 1.0036 0.4047
vt 0.9879 0.4047
vt 1.0046 0.4023
vt 0.9890 0.4023
vt 1.0065 0.4004
vt 0.9908 0.4004
vt 1.0089 0.3994
vt 0.9933 0.3994
vt 1.0116 0.3994
vt 0.9959 0.3994
vt 1.0140 0.4004
vt 0.9984 0.4004
vt 1.0159 0.4023
vt 1.0003 0.4023
vt 1.0169 0.4047
vt 1.0013 0.4047
vn -0.0073 0.8034 0.5953
vn 0.0073 0.8029 0.5960
vn -0.3781 0.7567 0.5333
vn -0.3906 0.7530 0.5296
vn -0.7054 0.5932 0.3880
vn -0.7127 0.5875 0.3832
vn -0.9234 0.3376 0.1826
vn -0.9255 0.3335 0.1793
vn -0.9983 0.0301 -0.0507
vn -0.9983 0.0300 -0.0508
vn -0.9191 -0.2814 -0.2757
vn -0.9213 -0.2772 -0.2728
vn -0.6994 -0.5488 -0.4579
vn -0.7066 -0.5428 -0.4539
vn -0.3738 -0.7318 -0.5699
vn -0.3862 -0.7273 -0.5674
vn 0.0072 -0.8034 -0.5953
vn -0.0073 -0.8029 -0.5960
vn 0.3862 -0.7541 -0.5312
vn 0.3738 -0.7577 -0.5349
vn 0.7066 -0.5919 -0.3876
vn 0.6994 -0.5975 -0.3923
vn 0.9213 -0.3415 -0.1861
vn 0.9191 -0.3455 -0.1892
vn 0.9983 -0.0399 0.0435
vn 0.9983 -0.0398 0.0435
vn 0.9255 0.2684 0.2671
vn 0.9234 0.2727 0.2701
vn 0.7127 0.5373 0.4510
vn 0.7054 0.5434 0.4550
vn 0.3906 0.7254 0.5668
vn 0.3781 0.7300 0.5693
usemtl None
s 1
f 3873/3873/3838 3889/3874/3839 3890/3875/3840 3874/3876/3841
f 3874/3876/3841 3890/3875/3840 3891/3877/3842 3875/3878/3843
f 3875/3878/3843 3891/3877/3842 3892/3879/3844 3876/3880/3845
f 3876/3880/3845 3892/3879/3844 3893/3881/3846 3877/3882/3847
f 3877/3882/3847 3893/3881/3846 3894/3883/3848 3878/3884/3849
f 3878/3884/3849 3894/3883/3848 3895/3885/3850 3879/3886/3851
f 3879/3886/3851 3895/3885/3850 3896/3887/3852 3880/3888/3853
f 3880/3888/3853 3896/3887/3852 3897/3889/3854 3881/3890/3855
f 3881/3890/3855 3897/3889/3854 3898/3891/3856 3882/3892/3857
f 3882/3892/3857 3898/3891/3856 3899/3893/3858 3883/3894/3859
f 3883/3894/3859 3899/3893/3858 3900/3895/3860 3884/3896/3861
f 3884/3896/3861 3900/3895/3860 3901/3897/3862 3885/3898/3863
f 3885/3898/3863 3901/3897/3862 3902/3899/3864 3886/3900/3865
f 3886/3900/3865 3902/3899/3864 3903/3901/3866 3887/3902/3867
f 3887/3902/3867 3903/3901/3866 3904/3903/3868 3888/3904/3869
f 3888/3904/3869 3904/3903/3868 3889/3874/3839 3873/3873/3838
o Circle.005
v 1.437500 4.628594 -15.164833
v 1.311215 4.606438 -15.176676
v 1.204154 4.543352 -15.210396
v 1.132619 4.448933 -15.260863
v 1.107500 4.337560 -15.320395
v 1.132619 4.226186 -15.379925
v 1.204154 4.131767 -15.430393
v 1.311215 4.068681 -15.464113
v 1.437500 4.046525 -15.475955
v 1.563785 4.068679 -15.464114
v 1.670846 4.131767 -15.430393
v 1.742381 4.226186 -15.379925
v 1.767500 4.337560 -15.320395
v 1.742381 4.448933 -15.260863
v 1.670846 4.543352 -15.210396
v 1.563785 4.606441 -15.176675
v 1.625000 6.251623 -17.872696
v 1.498715 6.230735 -17.886652
v 1.391654 6.171258 -17.926394
v 1.320119 6.082241 -17.985874
v 1.295000 5.977238 -18.056032
v 1.320119 5.872236 -18.126194
v 1.391654 5.783219 -18.185673
v 1.498715 5.723741 -18.225414
v 1.625000 5.702853 -18.239372
v 1.751285 5.723740 -18.225416
v 1.858346 5.783219 -18.185673
v 1.929881 5.872236 -18.126194
v 1.955000 5.977238 -18.056032
v 1.929881 6.082241 -17.985874
v 1.858346 6.171258 -17.926394
v 1.751285 6.230738 -17.886650
vt 0.9856 0.4074
vt 1.0013 0.4074
vt 1.0003 0.4098
vt 0.9846 0.4098
vt 0.9984 0.4117
vt 0.9828 0.4117
vt 0.9959 0.4127
vt 0.9803 0.4127
vt 0.9933 0.4127
vt 0.9777 0.4127
vt 0.9908 0.4117
vt 0.9752 0.4117
vt 0.9890 0.4098
vt 0.9733 0.4098
vt 0.9879 0.4074
vt 0.9723 0.4074
vt 0.9879 0.4047
vt 0.9723 0.4047
vt 0.9890 0.4023
vt 0.9733 0.4023
vt 0.9908 0.4004
vt 0.9752 0.4004
vt 0.9933 0.3994
vt 0.9777 0.3994
vt 0.9959 0.3994
vt 0.9803 0.3994
vt 0.9984 0.4004
vt 0.9828 0.4004
vt 1.0003 0.4023
vt 0.9846 0.4023
vt 1.0013 0.4047
vt 0.9856 0.4047
vn -0.0073 0.8579 0.5137
vn 0.0073 0.8575 0.5145
vn -0.3781 0.8054 0.4566
vn -0.3906 0.8013 0.4533
vn -0.7054 0.6284 0.3279
vn -0.7127 0.6222 0.3238
vn -0.9234 0.3539 0.1486
vn -0.9255 0.3495 0.1458
vn -0.9983 0.0250 -0.0534
vn -0.9983 0.0249 -0.0535
vn -0.9191 -0.3070 -0.2468
vn -0.9213 -0.3026 -0.2443
vn -0.6994 -0.5911 -0.4019
vn -0.7066 -0.5847 -0.3985
vn -0.3738 -0.7841 -0.4954
vn -0.3862 -0.7794 -0.4934
vn 0.0072 -0.8579 -0.5137
vn -0.0073 -0.8575 -0.5145
vn 0.3862 -0.8025 -0.4548
vn 0.3738 -0.8065 -0.4580
vn 0.7066 -0.6271 -0.3277
vn 0.6994 -0.6331 -0.3318
vn 0.9213 -0.3581 -0.1517
vn 0.9191 -0.3624 -0.1544
vn 0.9983 -0.0354 0.0472
vn 0.9983 -0.0353 0.0472
vn 0.9255 0.2933 0.2395
vn 0.9234 0.2979 0.2421
vn 0.7127 0.5789 0.3961
vn 0.7054 0.5854 0.3996
vn 0.3906 0.7775 0.4930
vn 0.3781 0.7823 0.4950
usemtl None
s 1
f 3905/3905/3870 3921/3906/3871 3922/3907/3872 3906/3908/3873
f 3906/3908/3873 3922/3907/3872 3923/3909/3874 3907/3910/3875
f 3907/3910/3875 3923/3909/3874 3924/3911/3876 3908/3912/3877
f 3908/3912/3877 3924/3911/3876 3925/3913/3878 3909/3914/3879
f 3909/3914/3879 3925/3913/3878 3926/3915/3880 3910/3916/3881
f 3910/3916/3881 3926/3915/3880 3927/3917/3882 3911/3918/3883
f 3911/3918/3883 3927/3917/3882 3928/3919/3884 3912/3920/3885
f 3912/3920/3885 3928/3919/3884 3929/3921/3886 3913/3922/3887
f 3913/3922/3887 3929/3921/3886 3930/3923/3888 3914/3924/3889
f 3914/3924/3889 3930/3923/3888 3931/3925/3890 3915/3926/3891
f 3915/3926/3891 3931/3925/3890 3932/3927/3892 3916/3928/3893
f 3916/3928/3893 3932/3927/3892 3933/3929/3894 3917/3930/3895
f 3917/3930/3895 3933/3929/3894 3934/3931/3896 3918/3932/3897
f 3918/3932/3897 3934/3931/3896 3935/3933/3898 3919/3934/3899
f 3919/3934/3899 3935/3933/3898 3936/3935/3900 3920/3936/3901
f 3920/3936/3901 3936/3935/3900 3921/3906/3871 3905/3905/3870
o Circle.004
v 1.250000 3.278796 -12.310926
v 1.123715 3.255587 -12.320540
v 1.016654 3.189500 -12.347915
v 0.945119 3.090588 -12.388885
v 0.920000 2.973917 -12.437212
v 0.945119 2.857244 -12.485539
v 1.016654 2.758334 -12.526510
v 1.123715 2.692245 -12.553885
v 1.250000 2.669036 -12.563498
v 1.376285 2.692243 -12.553885
v 1.483346 2.758334 -12.526510
v 1.554881 2.857244 -12.485539
v 1.580000 2.973917 -12.437212
v 1.554881 3.090588 -12.388885
v 1.483346 3.189500 -12.347915
v 1.376285 3.255589 -12.320539
v 1.437500 4.628594 -15.164833
v 1.311215 4.606438 -15.176676
v 1.204154 4.543352 -15.210396
v 1.132619 4.448933 -15.260863
v 1.107500 4.337560 -15.320395
v 1.132619 4.226186 -15.379925
v 1.204154 4.131767 -15.430393
v 1.311215 4.068681 -15.464113
v 1.437500 4.046525 -15.475955
v 1.563785 4.068679 -15.464114
v 1.670846 4.131767 -15.430393
v 1.742381 4.226186 -15.379925
v 1.767500 4.337560 -15.320395
v 1.742381 4.448933 -15.260863
v 1.670846 4.543352 -15.210396
v 1.563785 4.606441 -15.176675
vt 0.9700 0.4074
vt 0.9856 0.4074
vt 0.9846 0.4098
vt 0.9690 0.4098
vt 0.9828 0.4117
vt 0.9671 0.4117
vt 0.9803 0.4127
vt 0.9647 0.4127
vt 0.9777 0.4127
vt 0.9620 0.4127
vt 0.9752 0.4117
vt 0.9596 0.4117
vt 0.9733 0.4098
vt 0.9577 0.4098
vt 0.9723 0.4074
vt 0.9567 0.4074
vt 0.9723 0.4047
vt 0.9567 0.4047
vt 0.9733 0.4023
vt 0.9577 0.4023
vt 0.9752 0.4004
vt 0.9596 0.4004
vt 0.9777 0.3994
vt 0.9620 0.3994
vt 0.9803 0.3994
vt 0.9647 0.3994
vt 0.9828 0.4004
vt 0.9671 0.4004
vt 0.9846 0.4023
vt 0.9690 0.4023
vt 0.9856 0.4047
vt 0.9700 0.4047
vn -0.0073 0.9042 0.4272
vn 0.0073 0.9038 0.4279
vn -0.3781 0.8462 0.3754
vn -0.3906 0.8418 0.3725
vn -0.7054 0.6575 0.2648
vn -0.7127 0.6510 0.2612
vn -0.9234 0.3668 0.1132
vn -0.9255 0.3621 0.1108
vn -0.9983 0.0196 -0.0556
vn -0.9983 0.0195 -0.0557
vn -0.9191 -0.3298 -0.2155
vn -0.9213 -0.3251 -0.2135
vn -0.6994 -0.6276 -0.3420
vn -0.7066 -0.6209 -0.3393
vn -0.3738 -0.8289 -0.4161
vn -0.3862 -0.8240 -0.4146
vn 0.0072 -0.9041 -0.4272
vn -0.0073 -0.9038 -0.4279
vn 0.3862 -0.8432 -0.3739
vn 0.3738 -0.8475 -0.3768
vn 0.7066 -0.6562 -0.2647
vn 0.6994 -0.6625 -0.2682
vn 0.9213 -0.3713 -0.1159
vn 0.9191 -0.3758 -0.1182
vn 0.9983 -0.0306 0.0504
vn 0.9983 -0.0306 0.0505
vn 0.9255 0.3154 0.2096
vn 0.9234 0.3202 0.2117
vn 0.7127 0.6149 0.3375
vn 0.7054 0.6218 0.3403
vn 0.3906 0.8220 0.4144
vn 0.3781 0.8271 0.4160
usemtl None
s 1
f 3937/3937/3902 3953/3938/3903 3954/3939/3904 3938/3940/3905
f 3938/3940/3905 3954/3939/3904 3955/3941/3906 3939/3942/3907
f 3939/3942/3907 3955/3941/3906 3956/3943/3908 3940/3944/3909
f 3940/3944/3909 3956/3943/3908 3957/3945/3910 3941/3946/3911
f 3941/3946/3911 3957/3945/3910 3958/3947/3912 3942/3948/3913
f 3942/3948/3913 3958/3947/3912 3959/3949/3914 3943/3950/3915
f 3943/3950/3915 3959/3949/3914 3960/3951/3916 3944/3952/3917
f 3944/3952/3917 3960/3951/3916 3961/3953/3918 3945/3954/3919
f 3945/3954/3919 3961/3953/3918 3962/3955/3920 3946/3956/3921
f 3946/3956/3921 3962/3955/3920 3963/3957/3922 3947/3958/3923
f 3947/3958/3923 3963/3957/3922 3964/3959/3924 3948/3960/3925
f 3948/3960/3925 3964/3959/3924 3965/3961/3926 3949/3962/3927
f 3949/3962/3927 3965/3961/3926 3966/3963/3928 3950/3964/3929
f 3950/3964/3929 3966/3963/3928 3967/3965/3930 3951/3966/3931
f 3951/3966/3931 3967/3965/3930 3968/3967/3932 3952/3968/3933
f 3952/3968/3933 3968/3967/3932 3953/3938/3903 3937/3937/3902
o Circle.003
v 1.062500 2.215229 -9.338457
v 0.936215 2.191189 -9.345750
v 0.829154 2.122736 -9.366514
v 0.757619 2.020286 -9.397593
v 0.732500 1.899439 -9.434252
v 0.757619 1.778590 -9.470910
v 0.829154 1.676141 -9.501987
v 0.936215 1.607688 -9.522753
v 1.062500 1.583649 -9.530046
v 1.188785 1.607685 -9.522754
v 1.295846 1.676141 -9.501987
v 1.367381 1.778590 -9.470910
v 1.392500 1.899439 -9.434252
v 1.367381 2.020286 -9.397593
v 1.295846 2.122736 -9.366514
v 1.188785 2.191191 -9.345749
v 1.250000 3.278796 -12.310926
v 1.123715 3.255587 -12.320540
v 1.016654 3.189500 -12.347915
v 0.945119 3.090588 -12.388885
v 0.920000 2.973917 -12.437212
v 0.945119 2.857244 -12.485539
v 1.016654 2.758334 -12.526510
v 1.123715 2.692245 -12.553885
v 1.250000 2.669036 -12.563498
v 1.376285 2.692243 -12.553885
v 1.483346 2.758334 -12.526510
v 1.554881 2.857244 -12.485539
v 1.580000 2.973917 -12.437212
v 1.554881 3.090588 -12.388885
v 1.483346 3.189500 -12.347915
v 1.376285 3.255589 -12.320539
vt 0.9544 0.4074
vt 0.9700 0.4074
vt 0.9690 0.4098
vt 0.9534 0.4098
vt 0.9671 0.4117
vt 0.9515 0.4117
vt 0.9647 0.4127
vt 0.9491 0.4127
vt 0.9620 0.4127
vt 0.9464 0.4127
vt 0.9596 0.4117
vt 0.9440 0.4117
vt 0.9577 0.4098
vt 0.9421 0.4098
vt 0.9567 0.4074
vt 0.9411 0.4074
vt 0.9567 0.4047
vt 0.9411 0.4047
vt 0.9577 0.4023
vt 0.9421 0.4023
vt 0.9596 0.4004
vt 0.9440 0.4004
vt 0.9620 0.3994
vt 0.9464 0.3994
vt 0.9647 0.3994
vt 0.9491 0.3994
vt 0.9671 0.4004
vt 0.9515 0.4004
vt 0.9690 0.4023
vt 0.9534 0.4023
vt 0.9700 0.4047
vt 0.9544 0.4047
vn -0.0073 0.9417 0.3365
vn 0.0073 0.9414 0.3373
vn -0.3781 0.8790 0.2907
vn -0.3906 0.8743 0.2882
vn -0.7054 0.6803 0.1991
vn -0.7127 0.6735 0.1962
vn -0.9234 0.3761 0.0767
vn -0.9255 0.3712 0.0748
vn -0.9983 0.0141 -0.0573
vn -0.9983 0.0140 -0.0573
vn -0.9191 -0.3493 -0.1822
vn -0.9213 -0.3445 -0.1806
vn -0.6994 -0.6581 -0.2789
vn -0.7066 -0.6512 -0.2768
vn -0.3738 -0.8657 -0.3329
vn -0.3862 -0.8606 -0.3319
vn 0.0072 -0.9417 -0.3365
vn -0.0073 -0.9414 -0.3373
vn 0.3862 -0.8758 -0.2895
vn 0.3738 -0.8804 -0.2919
vn 0.7066 -0.6790 -0.1991
vn 0.6994 -0.6856 -0.2019
vn 0.9213 -0.3808 -0.0790
vn 0.9191 -0.3856 -0.0808
vn 0.9983 -0.0255 0.0532
vn 0.9255 0.3344 0.1776
vn 0.9234 0.3394 0.1793
vn 0.7127 0.6450 0.2756
vn 0.7054 0.6521 0.2777
vn 0.3906 0.8587 0.3318
vn 0.3781 0.8638 0.3329
usemtl None
s 1
f 3969/3969/3934 3985/3970/3935 3986/3971/3936 3970/3972/3937
f 3970/3972/3937 3986/3971/3936 3987/3973/3938 3971/3974/3939
f 3971/3974/3939 3987/3973/3938 3988/3975/3940 3972/3976/3941
f 3972/3976/3941 3988/3975/3940 3989/3977/3942 3973/3978/3943
f 3973/3978/3943 3989/3977/3942 3990/3979/3944 3974/3980/3945
f 3974/3980/3945 3990/3979/3944 3991/3981/3946 3975/3982/3947
f 3975/3982/3947 3991/3981/3946 3992/3983/3948 3976/3984/3949
f 3976/3984/3949 3992/3983/3948 3993/3985/3950 3977/3986/3951
f 3977/3986/3951 3993/3985/3950 3994/3987/3952 3978/3988/3953
f 3978/3988/3953 3994/3987/3952 3995/3989/3954 3979/3990/3955
f 3979/3990/3955 3995/3989/3954 3996/3991/3956 3980/3992/3957
f 3980/3992/3957 3996/3991/3956 3997/3993/3958 3981/3994/3958
f 3981/3994/3958 3997/3993/3958 3998/3995/3959 3982/3996/3960
f 3982/3996/3960 3998/3995/3959 3999/3997/3961 3983/3998/3962
f 3983/3998/3962 3999/3997/3961 4000/3999/3963 3984/4000/3964
f 3984/4000/3964 4000/3999/3963 3985/3970/3935 3969/3969/3934
o Circle.002
v 0.875000 1.448138 -6.276056
v 0.748715 1.423499 -6.280957
v 0.641654 1.353341 -6.294912
v 0.570119 1.248337 -6.315799
v 0.545000 1.124479 -6.340436
v 0.570119 1.000620 -6.365072
v 0.641654 0.895616 -6.385959
v 0.748715 0.825458 -6.399914
v 0.875000 0.800820 -6.404815
v 1.001285 0.825456 -6.399915
v 1.108346 0.895616 -6.385959
v 1.179881 1.000620 -6.365072
v 1.205000 1.124479 -6.340436
v 1.179881 1.248337 -6.315799
v 1.108346 1.353341 -6.294912
v 1.001285 1.423501 -6.280956
v 1.062500 2.215229 -9.338457
v 0.936215 2.191189 -9.345750
v 0.829154 2.122736 -9.366514
v 0.757619 2.020286 -9.397593
v 0.732500 1.899439 -9.434252
v 0.757619 1.778590 -9.470910
v 0.829154 1.676141 -9.501987
v 0.936215 1.607688 -9.522753
v 1.062500 1.583649 -9.530046
v 1.188785 1.607685 -9.522754
v 1.295846 1.676141 -9.501987
v 1.367381 1.778590 -9.470910
v 1.392500 1.899439 -9.434252
v 1.367381 2.020286 -9.397593
v 1.295846 2.122736 -9.366514
v 1.188785 2.191191 -9.345749
vt 0.9388 0.4074
vt 0.9544 0.4074
vt 0.9534 0.4098
vt 0.9378 0.4098
vt 0.9515 0.4117
vt 0.9359 0.4117
vt 0.9491 0.4127
vt 0.9334 0.4127
vt 0.9464 0.4127
vt 0.9308 0.4127
vt 0.9440 0.4117
vt 0.9283 0.4117
vt 0.9421 0.4098
vt 0.9265 0.4098
vt 0.9411 0.4074
vt 0.9254 0.4074
vt 0.9411 0.4047
vt 0.9254 0.4047
vt 0.9421 0.4023
vt 0.9265 0.4023
vt 0.9440 0.4004
vt 0.9283 0.4004
vt 0.9464 0.3994
vt 0.9308 0.3994
vt 0.9491 0.3994
vt 0.9334 0.3994
vt 0.9515 0.4004
vt 0.9359 0.4004
vt 0.9534 0.4023
vt 0.9378 0.4023
vt 0.9544 0.4047
vt 0.9388 0.4047
vn -0.0073 0.9701 0.2426
vn 0.0073 0.9699 0.2434
vn -0.3781 0.9032 0.2031
vn -0.3906 0.8983 0.2011
vn -0.7054 0.6965 0.1314
vn -0.7127 0.6894 0.1292
vn -0.9234 0.3818 0.0395
vn -0.9255 0.3767 0.0381
vn -0.9983 0.0084 -0.0584
vn -0.9983 0.0083 -0.0584
vn -0.9191 -0.3655 -0.1470
vn -0.9213 -0.3605 -0.1459
vn -0.6994 -0.6823 -0.2130
vn -0.7066 -0.6752 -0.2117
vn -0.3738 -0.8942 -0.2464
vn -0.3862 -0.8890 -0.2459
vn 0.0072 -0.9701 -0.2426
vn -0.0073 -0.9699 -0.2434
vn 0.3862 -0.9000 -0.2022
vn 0.3738 -0.9047 -0.2042
vn 0.7066 -0.6952 -0.1316
vn 0.6994 -0.7021 -0.1338
vn 0.9213 -0.3867 -0.0412
vn 0.9191 -0.3916 -0.0426
vn 0.9983 -0.0202 0.0554
vn 0.9983 -0.0201 0.0555
vn 0.9255 0.3502 0.1440
vn 0.9234 0.3553 0.1452
vn 0.7127 0.6689 0.2110
vn 0.7054 0.6762 0.2124
vn 0.3906 0.8871 0.2461
vn 0.3781 0.8923 0.2466
usemtl None
s 1
f 4001/4001/3965 4017/4002/3966 4018/4003/3967 4002/4004/3968
f 4002/4004/3968 4018/4003/3967 4019/4005/3969 4003/4006/3970
f 4003/4006/3970 4019/4005/3969 4020/4007/3971 4004/4008/3972
f 4004/4008/3972 4020/4007/3971 4021/4009/3973 4005/4010/3974
f 4005/4010/3974 4021/4009/3973 4022/4011/3975 4006/4012/3976
f 4006/4012/3976 4022/4011/3975 4023/4013/3977 4007/4014/3978
f 4007/4014/3978 4023/4013/3977 4024/4015/3979 4008/4016/3980
f 4008/4016/3980 4024/4015/3979 4025/4017/3981 4009/4018/3982
f 4009/4018/3982 4025/4017/3981 4026/4019/3983 4010/4020/3984
f 4010/4020/3984 4026/4019/3983 4027/4021/3985 4011/4022/3986
f 4011/4022/3986 4027/4021/3985 4028/4023/3987 4012/4024/3988
f 4012/4024/3988 4028/4023/3987 4029/4025/3989 4013/4026/3990
f 4013/4026/3990 4029/4025/3989 4030/4027/3991 4014/4028/3992
f 4014/4028/3992 4030/4027/3991 4031/4029/3993 4015/4030/3994
f 4015/4030/3994 4031/4029/3993 4032/4031/3995 4016/4032/3996
f 4016/4032/3996 4032/4031/3995 4017/4002/3966 4001/4001/3965
o Circle.001
v 0.687500 0.984908 -3.153211
v 0.561215 0.959907 -3.155674
v 0.454154 0.888719 -3.162685
v 0.382619 0.782174 -3.173179
v 0.357500 0.656498 -3.185557
v 0.382619 0.530819 -3.197935
v 0.454154 0.424275 -3.208429
v 0.561215 0.353087 -3.215440
v 0.687500 0.328086 -3.217903
v 0.813785 0.353085 -3.215441
v 0.920846 0.424275 -3.208429
v 0.992381 0.530819 -3.197935
v 1.017500 0.656498 -3.185557
v 0.992381 0.782174 -3.173179
v 0.920846 0.888719 -3.162685
v 0.813785 0.959909 -3.155674
v 0.875000 1.448138 -6.276056
v 0.748715 1.423499 -6.280957
v 0.641654 1.353341 -6.294912
v 0.570119 1.248337 -6.315799
v 0.545000 1.124479 -6.340436
v 0.570119 1.000620 -6.365072
v 0.641654 0.895616 -6.385959
v 0.748715 0.825458 -6.399914
v 0.875000 0.800820 -6.404815
v 1.001285 0.825456 -6.399915
v 1.108346 0.895616 -6.385959
v 1.179881 1.000620 -6.365072
v 1.205000 1.124479 -6.340436
v 1.179881 1.248337 -6.315799
v 1.108346 1.353341 -6.294912
v 1.001285 1.423501 -6.280956
vt 0.9231 0.4074
vt 0.9388 0.4074
vt 0.9378 0.4098
vt 0.9221 0.4098
vt 0.9359 0.4117
vt 0.9203 0.4117
vt 0.9334 0.4127
vt 0.9178 0.4127
vt 0.9308 0.4127
vt 0.9152 0.4127
vt 0.9283 0.4117
vt 0.9127 0.4117
vt 0.9265 0.4098
vt 0.9108 0.4098
vt 0.9254 0.4074
vt 0.9098 0.4074
vt 0.9254 0.4047
vt 0.9098 0.4047
vt 0.9265 0.4023
vt 0.9108 0.4023
vt 0.9283 0.4004
vt 0.9127 0.4004
vt 0.9308 0.3994
vt 0.9152 0.3994
vt 0.9334 0.3994
vt 0.9178 0.3994
vt 0.9359 0.4004
vt 0.9203 0.4004
vt 0.9378 0.4023
vt 0.9221 0.4023
vt 0.9388 0.4047
vt 0.9231 0.4047
vn -0.0073 0.9892 0.1463
vn 0.0073 0.9891 0.1472
vn -0.3781 0.9188 0.1136
vn -0.3906 0.9137 0.1121
vn -0.7054 0.7060 0.0625
vn -0.7127 0.6988 0.0610
vn -0.9234 0.3838 0.0019
vn -0.9255 0.3786 0.0010
vn -0.9983 0.0026 -0.0589
vn -0.9983 0.0025 -0.0589
vn -0.9191 -0.3781 -0.1105
vn -0.9213 -0.3731 -0.1099
vn -0.6994 -0.6999 -0.1451
vn -0.7066 -0.6927 -0.1445
vn -0.3738 -0.9140 -0.1576
vn -0.3862 -0.9088 -0.1576
vn 0.0072 -0.9892 -0.1463
vn -0.0073 -0.9891 -0.1471
vn 0.3862 -0.9155 -0.1130
vn 0.3738 -0.9204 -0.1145
vn 0.7066 -0.7048 -0.0628
vn 0.6994 -0.7118 -0.0643
vn 0.9213 -0.3889 -0.0031
vn 0.9191 -0.3939 -0.0040
vn 0.9983 -0.0147 0.0571
vn 0.9983 -0.0146 0.0572
vn 0.9255 0.3626 0.1090
vn 0.9234 0.3678 0.1096
vn 0.7127 0.6864 0.1445
vn 0.7054 0.6938 0.1451
vn 0.3906 0.9069 0.1579
vn 0.3781 0.9122 0.1580
usemtl None
s 1
f 4033/4033/3997 4049/4034/3998 4050/4035/3999 4034/4036/4000
f 4034/4036/4000 4050/4035/3999 4051/4037/4001 4035/4038/4002
f 4035/4038/4002 4051/4037/4001 4052/4039/4003 4036/4040/4004
f 4036/4040/4004 4052/4039/4003 4053/4041/4005 4037/4042/4006
f 4037/4042/4006 4053/4041/4005 4054/4043/4007 4038/4044/4008
f 4038/4044/4008 4054/4043/4007 4055/4045/4009 4039/4046/4010
f 4039/4046/4010 4055/4045/4009 4056/4047/4011 4040/4048/4012
f 4040/4048/4012 4056/4047/4011 4057/4049/4013 4041/4050/4014
f 4041/4050/4014 4057/4049/4013 4058/4051/4015 4042/4052/4016
f 4042/4052/4016 4058/4051/4015 4059/4053/4017 4043/4054/4018
f 4043/4054/4018 4059/4053/4017 4060/4055/4019 4044/4056/4020
f 4044/4056/4020 4060/4055/4019 4061/4057/4021 4045/4058/4022
f 4045/4058/4022 4061/4057/4021 4062/4059/4023 4046/4060/4024
f 4046/4060/4024 4062/4059/4023 4063/4061/4025 4047/4062/4026
f 4047/4062/4026 4063/4061/4025 4064/4063/4027 4048/4064/4028
f 4048/4064/4028 4064/4063/4027 4049/4034/3998 4033/4033/3997
o Circle
v 0.500000 0.830000 -0.000000
v 0.373715 0.804878 -0.000000
v 0.266654 0.733346 -0.000000
v 0.195119 0.626285 -0.000000
v 0.170000 0.500000 -0.000000
v 0.195119 0.373715 -0.000000
v 0.266654 0.266654 -0.000000
v 0.373715 0.195122 -0.000000
v 0.500000 0.170000 -0.000000
v 0.626285 0.195119 -0.000000
v 0.733346 0.266654 -0.000000
v 0.804881 0.373715 -0.000000
v 0.830000 0.500000 -0.000000
v 0.804881 0.626285 -0.000000
v 0.733346 0.733346 -0.000000
v 0.626285 0.804881 -0.000000
v 0.687500 0.984908 -3.153211
v 0.561215 0.959907 -3.155674
v 0.454154 0.888719 -3.162685
v 0.382619 0.782174 -3.173179
v 0.357500 0.656498 -3.185557
v 0.382619 0.530819 -3.197935
v 0.454154 0.424275 -3.208429
v 0.561215 0.353087 -3.215440
v 0.687500 0.328086 -3.217903
v 0.813785 0.353085 -3.215441
v 0.920846 0.424275 -3.208429
v 0.992381 0.530819 -3.197935
v 1.017500 0.656498 -3.185557
v 0.992381 0.782174 -3.173179
v 0.920846 0.888719 -3.162685
v 0.813785 0.959909 -3.155674
vt 0.9075 0.4074
vt 0.9231 0.4074
vt 0.9221 0.4098
vt 0.9065 0.4098
vt 0.9203 0.4117
vt 0.9046 0.4117
vt 0.9178 0.4127
vt 0.9022 0.4127
vt 0.9152 0.4127
vt 0.8995 0.4127
vt 0.9127 0.4117
vt 0.8971 0.4117
vt 0.9108 0.4098
vt 0.8952 0.4098
vt 0.9098 0.4074
vt 0.8942 0.4074
vt 0.9098 0.4047
vt 0.8942 0.4047
vt 0.9108 0.4023
vt 0.8952 0.4023
vt 0.9127 0.4004
vt 0.8971 0.4004
vt 0.9152 0.3994
vt 0.8995 0.3994
vt 0.9178 0.3994
vt 0.9022 0.3994
vt 0.9203 0.4004
vt 0.9046 0.4004
vt 0.9221 0.4023
vt 0.9065 0.4023
vt 0.9231 0.4047
vt 0.9075 0.4047
vn -0.0073 0.9988 0.0486
vn 0.0073 0.9987 0.0495
vn -0.3781 0.9255 0.0230
vn -0.3906 0.9203 0.0220
vn -0.7054 0.7088 -0.0070
vn -0.7127 0.7014 -0.0078
vn -0.9234 0.3822 -0.0358
vn -0.9255 0.3769 -0.0362
vn -0.9983 -0.0032 -0.0589
vn -0.9191 -0.3871 -0.0729
vn -0.9213 -0.3821 -0.0728
vn -0.6994 -0.7107 -0.0758
vn -0.7066 -0.7035 -0.0759
vn -0.3738 -0.9251 -0.0673
vn -0.3862 -0.9199 -0.0677
vn 0.0072 -0.9988 -0.0486
vn -0.0073 -0.9987 -0.0495
vn 0.3862 -0.9221 -0.0228
vn 0.3738 -0.9272 -0.0237
vn 0.7066 -0.7075 0.0066
vn 0.6994 -0.7147 0.0058
vn 0.9213 -0.3874 0.0350
vn 0.9191 -0.3924 0.0346
vn 0.9983 -0.0090 0.0583
vn 0.9983 -0.0089 0.0583
vn 0.9255 0.3716 0.0729
vn 0.9234 0.3768 0.0731
vn 0.7127 0.6973 0.0765
vn 0.7054 0.7047 0.0764
vn 0.3906 0.9180 0.0683
vn 0.3781 0.9233 0.0678
usemtl None
s 1
f 4065/4065/4029 4081/4066/4030 4082/4067/4031 4066/4068/4032
f 4066/4068/4032 4082/4067/4031 4083/4069/4033 4067/4070/4034
f 4067/4070/4034 4083/4069/4033 4084/4071/4035 4068/4072/4036
f 4068/4072/4036 4084/4071/4035 4085/4073/4037 4069/4074/4037
f 4069/4074/4037 4085/4073/4037 4086/4075/4038 4070/4076/4039
f 4070/4076/4039 4086/4075/4038 4087/4077/4040 4071/4078/4041
f 4071/4078/4041 4087/4077/4040 4088/4079/4042 4072/4080/4043
f 4072/4080/4043 4088/4079/4042 4089/4081/4044 4073/4082/4045
f 4073/4082/4045 4089/4081/4044 4090/4083/4046 4074/4084/4047
f 4074/4084/4047 4090/4083/4046 4091/4085/4048 4075/4086/4049
f 4075/4086/4049 4091/4085/4048 4092/4087/4050 4076/4088/4051
f 4076/4088/4051 4092/4087/4050 4093/4089/4052 4077/4090/4053
f 4077/4090/4053 4093/4089/4052 4094/4091/4054 4078/4092/4055
f 4078/4092/4055 4094/4091/4054 4095/4093/4056 4079/4094/4057
f 4079/4094/4057 4095/4093/4056 4096/4095/4058 4080/4096/4059
f 4080/4096/4059 4096/4095/4058 4081/4066/4030 4065/4065/4029
