# Blender v2.78 (sub 0) OBJ File: 'RollerCoasterRailBigScrewRight_col.blend'
# www.blender.org
mtllib RollerCoasterRailBigScrewRight_col.mtl
o Circle.066_Circle.068
v 6.858312 3.201960 -28.741405
v 5.823364 2.871898 -26.820539
v 5.734351 2.799175 -26.877499
v 6.772687 3.129618 -28.803751
v 5.679862 2.692182 -26.922665
v 6.720951 3.022959 -28.852722
v 5.668188 2.567209 -26.949158
v 6.710973 2.898223 -28.880875
v 5.701109 2.443281 -26.952940
v 6.744280 2.774397 -28.883917
v 5.773617 2.339266 -26.933447
v 6.815798 2.670335 -28.861385
v 5.874665 2.270998 -26.893637
v 6.914638 2.601877 -28.816713
v 5.988877 2.248871 -26.839573
v 7.025751 2.579447 -28.756699
v 6.098861 2.276254 -26.779486
v 7.132227 2.606459 -28.690479
v 6.187869 2.348977 -26.722527
v 7.217849 2.678801 -28.628136
v 6.242362 2.455970 -26.677362
v 7.269586 2.785460 -28.579161
v 6.254034 2.580943 -26.650871
v 7.279563 2.910196 -28.551010
v 6.221110 2.704871 -26.647085
v 7.246256 3.034022 -28.547968
v 6.148605 2.808887 -26.666582
v 7.174741 3.138085 -28.570501
v 6.047557 2.877154 -26.706390
v 7.075902 3.206542 -28.615173
v 5.933347 2.899281 -26.760454
v 6.964785 3.228972 -28.675186
vt 0.0256 0.3142
vt 0.0279 0.3148
vt 0.0198 0.3436
vt 0.0175 0.3431
vt 0.9857 0.8586
vt 0.9876 0.8581
vt 0.9880 0.8871
vt 0.9861 0.8877
vt 0.9833 0.8589
vt 0.9837 0.8880
vt 0.9807 0.8589
vt 0.9811 0.8880
vt 0.9783 0.8586
vt 0.9787 0.8877
vt 0.2582 0.6313
vt 0.2565 0.6321
vt 0.2484 0.6030
vt 0.2502 0.6024
vt 0.2605 0.6305
vt 0.2525 0.6018
vt 0.2630 0.6297
vt 0.2550 0.6011
vt 0.2653 0.6291
vt 0.2573 0.6006
vt 0.9587 0.2058
vt 0.9565 0.2053
vt 0.9581 0.1766
vt 0.9603 0.1771
vt 0.9613 0.2059
vt 0.9629 0.1774
vt 0.9638 0.2059
vt 0.9654 0.1773
vt 0.9659 0.2056
vt 0.9674 0.1770
vt 0.0326 0.3164
vt 0.0344 0.3171
vt 0.0264 0.3456
vt 0.0246 0.3450
vt 0.0303 0.3156
vt 0.0223 0.3443
vn -0.6854 0.6831 -0.2523
vn -0.4206 0.9044 -0.0712
vn -0.4208 0.9043 -0.0713
vn -0.6855 0.6829 -0.2524
vn -0.8459 0.3585 -0.3949
vn -0.8460 0.3583 -0.3949
vn -0.8784 -0.0201 -0.4776
vn -0.8783 -0.0202 -0.4776
vn -0.7780 -0.3955 -0.4881
vn -0.7780 -0.3956 -0.4881
vn -0.5600 -0.7113 -0.4248
vn -0.5599 -0.7114 -0.4248
vn -0.2569 -0.9196 -0.2971
vn -0.2568 -0.9197 -0.2971
vn 0.0856 -0.9886 -0.1241
vn 0.0857 -0.9886 -0.1241
vn 0.4156 -0.9070 0.0680
vn 0.4157 -0.9070 0.0681
vn 0.6824 -0.6869 0.2499
vn 0.6825 -0.6868 0.2500
vn 0.8451 -0.3617 0.3938
vn 0.8451 -0.3614 0.3939
vn 0.8785 0.0191 0.4774
vn 0.8784 0.0194 0.4775
vn 0.7773 0.3970 0.4880
vn 0.7772 0.3973 0.4879
vn 0.5572 0.7141 0.4238
vn 0.5570 0.7143 0.4237
vn 0.2520 0.9217 0.2948
vn 0.2517 0.9218 0.2947
vn -0.0915 0.9884 0.1209
vn -0.0918 0.9884 0.1208
usemtl None
s 1
f 3/1/1 2/2/2 1/3/3 4/4/4
f 5/5/5 3/6/1 4/7/4 6/8/6
f 7/9/7 5/5/5 6/8/6 8/10/8
f 9/11/9 7/9/7 8/10/8 10/12/10
f 11/13/11 9/11/9 10/12/10 12/14/12
f 13/15/13 11/16/11 12/17/12 14/18/14
f 15/19/15 13/15/13 14/18/14 16/20/16
f 17/21/17 15/19/15 16/20/16 18/22/18
f 19/23/19 17/21/17 18/22/18 20/24/20
f 21/25/21 19/26/19 20/27/20 22/28/22
f 23/29/23 21/25/21 22/28/22 24/30/24
f 25/31/25 23/29/23 24/30/24 26/32/26
f 27/33/27 25/31/25 26/32/26 28/34/28
f 29/35/29 27/36/27 28/37/28 30/38/30
f 31/39/31 29/35/29 30/38/30 32/40/32
f 2/2/2 31/39/31 32/40/32 1/3/3
o Circle.065_Circle.067
v 7.982737 3.544184 -30.575266
v 6.858312 3.201960 -28.741405
v 6.772687 3.129618 -28.803751
v 7.900823 3.472278 -30.642845
v 6.720951 3.022959 -28.852722
v 7.852023 3.365978 -30.695438
v 6.710973 2.898223 -28.880875
v 7.843767 3.241469 -30.725046
v 6.744280 2.774397 -28.883917
v 7.877308 3.117705 -30.727150
v 6.815798 2.670335 -28.861385
v 7.947544 3.013528 -30.701439
v 6.914638 2.601877 -28.816713
v 8.043783 2.944798 -30.651827
v 7.025751 2.579447 -28.756699
v 8.151375 2.921979 -30.585861
v 7.132227 2.606459 -28.690479
v 8.253933 2.948545 -30.513586
v 7.217849 2.678801 -28.628136
v 8.335841 3.020451 -30.446007
v 7.269586 2.785460 -28.579161
v 8.384645 3.126750 -30.393412
v 7.279563 2.910196 -28.551010
v 8.392902 3.251259 -30.363810
v 7.246256 3.034022 -28.547968
v 8.359357 3.375024 -30.361702
v 7.174741 3.138085 -28.570501
v 8.289118 3.479201 -30.387413
v 7.075902 3.206542 -28.615173
v 8.192882 3.547930 -30.437027
v 6.964785 3.228972 -28.675186
v 8.085295 3.570750 -30.502993
vt 0.0175 0.3431
vt 0.0198 0.3436
vt 0.0134 0.3725
vt 0.0110 0.3721
vt 0.9861 0.8877
vt 0.9880 0.8871
vt 0.9884 0.9153
vt 0.9864 0.9159
vt 0.9837 0.8880
vt 0.9840 0.9163
vt 0.9811 0.8880
vt 0.9814 0.9162
vt 0.9787 0.8877
vt 0.9791 0.9159
vt 0.2502 0.6024
vt 0.2484 0.6030
vt 0.2420 0.5740
vt 0.2438 0.5735
vt 0.2525 0.6018
vt 0.2462 0.5729
vt 0.2550 0.6011
vt 0.2487 0.5724
vt 0.2573 0.6006
vt 0.2511 0.5721
vt 0.9603 0.1771
vt 0.9581 0.1766
vt 0.9599 0.1488
vt 0.9621 0.1494
vt 0.9629 0.1774
vt 0.9647 0.1496
vt 0.9654 0.1773
vt 0.9672 0.1496
vt 0.9674 0.1770
vt 0.9693 0.1492
vt 0.0246 0.3450
vt 0.0264 0.3456
vt 0.0201 0.3740
vt 0.0183 0.3735
vt 0.0223 0.3443
vt 0.0159 0.3730
vn -0.6714 0.6844 -0.2843
vn -0.4174 0.9045 -0.0871
vn -0.4176 0.9044 -0.0873
vn -0.6715 0.6843 -0.2844
vn -0.8233 0.3609 -0.4382
vn -0.8233 0.3607 -0.4382
vn -0.8506 -0.0170 -0.5256
vn -0.8505 -0.0171 -0.5256
vn -0.7493 -0.3922 -0.5336
vn -0.7492 -0.3923 -0.5336
vn -0.5347 -0.7083 -0.4609
vn -0.5346 -0.7084 -0.4609
vn -0.2388 -0.9174 -0.3184
vn -0.2387 -0.9174 -0.3183
vn 0.0937 -0.9874 -0.1272
vn 0.0938 -0.9874 -0.1272
vn 0.4124 -0.9072 0.0835
vn 0.4125 -0.9071 0.0836
vn 0.6685 -0.6883 0.2818
vn 0.6686 -0.6881 0.2819
vn 0.8225 -0.3640 0.4370
vn 0.8226 -0.3637 0.4371
vn 0.8507 0.0162 0.5255
vn 0.8506 0.0165 0.5255
vn 0.7485 0.3939 0.5334
vn 0.7484 0.3942 0.5334
vn 0.5318 0.7112 0.4597
vn 0.5316 0.7115 0.4596
vn 0.2339 0.9196 0.3157
vn 0.2336 0.9197 0.3155
vn -0.0996 0.9873 0.1236
vn -0.0998 0.9873 0.1234
usemtl None
s 1
f 35/41/33 34/42/34 33/43/35 36/44/36
f 37/45/37 35/46/33 36/47/36 38/48/38
f 39/49/39 37/45/37 38/48/38 40/50/40
f 41/51/41 39/49/39 40/50/40 42/52/42
f 43/53/43 41/51/41 42/52/42 44/54/44
f 45/55/45 43/56/43 44/57/44 46/58/46
f 47/59/47 45/55/45 46/58/46 48/60/48
f 49/61/49 47/59/47 48/60/48 50/62/50
f 51/63/51 49/61/49 50/62/50 52/64/52
f 53/65/53 51/66/51 52/67/52 54/68/54
f 55/69/55 53/65/53 54/68/54 56/70/56
f 57/71/57 55/69/55 56/70/56 58/72/58
f 59/73/59 57/71/57 58/72/58 60/74/60
f 61/75/61 59/76/59 60/77/60 62/78/62
f 63/79/63 61/75/61 62/78/62 64/80/64
f 34/42/34 63/79/63 64/80/64 33/43/35
o Circle.064_Circle.066
v 9.196533 3.895899 -32.321899
v 7.982737 3.544184 -30.575266
v 7.900823 3.472278 -30.642845
v 9.118628 3.824468 -32.394512
v 7.852023 3.365978 -30.695438
v 9.072928 3.718539 -32.450500
v 7.843767 3.241469 -30.725046
v 9.066385 3.594240 -32.481342
v 7.877308 3.117705 -30.727150
v 9.099999 3.470493 -32.482330
v 7.947544 3.013528 -30.701439
v 9.168650 3.366137 -32.453327
v 8.043783 2.944798 -30.651827
v 9.261888 3.297061 -32.398746
v 8.151375 2.921979 -30.585861
v 9.365516 3.273780 -32.326889
v 8.253933 2.948545 -30.513586
v 9.463761 3.299839 -32.248699
v 8.335841 3.020451 -30.446007
v 9.541664 3.371269 -32.176086
v 8.384645 3.126750 -30.393412
v 9.587365 3.477198 -32.120098
v 8.392902 3.251259 -30.363810
v 9.593906 3.601497 -32.089260
v 8.359357 3.375024 -30.361702
v 9.560295 3.725245 -32.088268
v 8.289118 3.479201 -30.387413
v 9.491642 3.829600 -32.117271
v 8.192882 3.547930 -30.437027
v 9.398407 3.898676 -32.171856
v 8.085295 3.570750 -30.502993
v 9.294779 3.921957 -32.243710
vt 0.0110 0.3721
vt 0.0134 0.3725
vt 0.0087 0.4014
vt 0.0063 0.4011
vt 0.9864 0.9159
vt 0.9884 0.9153
vt 0.9887 0.9426
vt 0.9867 0.9433
vt 0.9840 0.9163
vt 0.9843 0.9437
vt 0.9814 0.9162
vt 0.9817 0.9436
vt 0.9791 0.9159
vt 0.9794 0.9432
vt 0.2438 0.5735
vt 0.2420 0.5740
vt 0.2373 0.5449
vt 0.2391 0.5445
vt 0.2462 0.5729
vt 0.2415 0.5441
vt 0.2487 0.5724
vt 0.2441 0.5438
vt 0.2511 0.5721
vt 0.2465 0.5435
vt 0.9621 0.1494
vt 0.9599 0.1488
vt 0.9620 0.1218
vt 0.9642 0.1224
vt 0.9647 0.1496
vt 0.9668 0.1228
vt 0.9672 0.1496
vt 0.9693 0.1227
vt 0.9693 0.1492
vt 0.9713 0.1222
vt 0.0183 0.3735
vt 0.0201 0.3740
vt 0.0154 0.4025
vt 0.0136 0.4021
vt 0.0159 0.3730
vt 0.0112 0.4017
vn -0.6545 0.6863 -0.3171
vn -0.4123 0.9051 -0.1043
vn -0.4125 0.9050 -0.1044
vn -0.6546 0.6862 -0.3172
vn -0.7973 0.3639 -0.4815
vn -0.7973 0.3638 -0.4816
vn -0.8194 -0.0133 -0.5731
vn -0.8194 -0.0134 -0.5731
vn -0.7177 -0.3884 -0.5780
vn -0.7176 -0.3885 -0.5780
vn -0.5074 -0.7050 -0.4955
vn -0.5073 -0.7051 -0.4955
vn -0.2200 -0.9151 -0.3379
vn -0.2199 -0.9152 -0.3378
vn 0.1013 -0.9865 -0.1287
vn 0.1014 -0.9865 -0.1286
vn 0.4075 -0.9077 0.1004
vn 0.4076 -0.9076 0.1005
vn 0.6518 -0.6902 0.3144
vn 0.6519 -0.6900 0.3145
vn 0.7966 -0.3669 0.4804
vn 0.7967 -0.3667 0.4805
vn 0.8195 0.0127 0.5730
vn 0.8194 0.0130 0.5730
vn 0.7168 0.3903 0.5778
vn 0.7167 0.3906 0.5777
vn 0.5044 0.7081 0.4941
vn 0.5042 0.7083 0.4940
vn 0.2150 0.9174 0.3349
vn 0.2148 0.9175 0.3347
vn -0.1070 0.9864 0.1247
vn -0.1072 0.9864 0.1245
usemtl None
s 1
f 67/81/65 66/82/66 65/83/67 68/84/68
f 69/85/69 67/86/65 68/87/68 70/88/70
f 71/89/71 69/85/69 70/88/70 72/90/72
f 73/91/73 71/89/71 72/90/72 74/92/74
f 75/93/75 73/91/73 74/92/74 76/94/76
f 77/95/77 75/96/75 76/97/76 78/98/78
f 79/99/79 77/95/77 78/98/78 80/100/80
f 81/101/81 79/99/79 80/100/80 82/102/82
f 83/103/83 81/101/81 82/102/82 84/104/84
f 85/105/85 83/106/83 84/107/84 86/108/86
f 87/109/87 85/105/85 86/108/86 88/110/88
f 89/111/89 87/109/87 88/110/88 90/112/90
f 91/113/91 89/111/89 90/112/90 92/114/92
f 93/115/93 91/116/91 92/117/92 94/118/94
f 95/119/95 93/115/93 94/118/94 96/120/96
f 66/82/66 95/119/95 96/120/96 65/83/67
o Circle.063_Circle.065
v 10.499576 4.254427 -33.981068
v 9.196533 3.895899 -32.321899
v 9.118628 3.824468 -32.394512
v 10.425958 4.183494 -34.058468
v 9.072928 3.718539 -32.450500
v 10.383489 4.077934 -34.117592
v 9.066385 3.594240 -32.481342
v 10.378628 3.953820 -34.149441
v 9.099999 3.470493 -32.482330
v 10.412120 3.830045 -34.149155
v 9.168650 3.366137 -32.453327
v 10.478865 3.725453 -34.116791
v 9.261888 3.297061 -32.398746
v 10.568707 3.655967 -34.057262
v 9.365516 3.273780 -32.326889
v 10.667956 3.632168 -33.979641
v 9.463761 3.299839 -32.248699
v 10.761514 3.657676 -33.895744
v 9.541664 3.371269 -32.176086
v 10.835129 3.728609 -33.818348
v 9.587365 3.477198 -32.120098
v 10.877603 3.834168 -33.759216
v 9.593906 3.601497 -32.089260
v 10.882462 3.958282 -33.727375
v 9.560295 3.725245 -32.088268
v 10.848967 4.082057 -33.727657
v 9.491642 3.829600 -32.117271
v 10.782222 4.186650 -33.760029
v 9.398407 3.898676 -32.171856
v 10.692386 4.256135 -33.819553
v 9.294779 3.921957 -32.243710
v 10.593133 4.279935 -33.897175
vt 0.0063 0.4011
vt 0.0087 0.4014
vt 0.0056 0.4303
vt 0.0032 0.4302
vt 0.0045 0.4010
vt 0.0014 0.4302
vt 0.9843 0.9437
vt 0.9867 0.9433
vt 0.9869 0.9698
vt 0.9844 0.9702
vt 0.9817 0.9436
vt 0.9818 0.9701
vt 0.8925 0.5913
vt 0.8901 0.5922
vt 0.8852 0.5672
vt 0.8876 0.5664
vt 0.2391 0.5445
vt 0.2373 0.5449
vt 0.2343 0.5158
vt 0.2361 0.5156
vt 0.2415 0.5441
vt 0.2385 0.5153
vt 0.2441 0.5438
vt 0.2411 0.5151
vt 0.2465 0.5435
vt 0.2435 0.5150
vt 0.9642 0.1224
vt 0.9620 0.1218
vt 0.9643 0.0957
vt 0.9665 0.0964
vt 0.9668 0.1228
vt 0.9691 0.0968
vt 0.9693 0.1227
vt 0.9716 0.0966
vt 0.9515 0.0000
vt 0.9537 0.0010
vt 0.9510 0.0235
vt 0.9487 0.0226
vt 0.0136 0.4021
vt 0.0154 0.4025
vt 0.0124 0.4310
vt 0.0106 0.4308
vt 0.0112 0.4017
vt 0.0082 0.4305
vn -0.6348 0.6887 -0.3502
vn -0.4052 0.9060 -0.1225
vn -0.4054 0.9059 -0.1226
vn -0.6349 0.6886 -0.3503
vn -0.7680 0.3675 -0.5245
vn -0.7680 0.3673 -0.5246
vn -0.7850 -0.0091 -0.6195
vn -0.7850 -0.0092 -0.6195
vn -0.6833 -0.3843 -0.6208
vn -0.6833 -0.3844 -0.6208
vn -0.4783 -0.7015 -0.5283
vn -0.4782 -0.7016 -0.5282
vn -0.2006 -0.9129 -0.3556
vn -0.2005 -0.9129 -0.3555
vn 0.1080 -0.9858 -0.1286
vn 0.1082 -0.9858 -0.1285
vn 0.4006 -0.9086 0.1182
vn 0.4007 -0.9085 0.1184
vn 0.6323 -0.6925 0.3473
vn 0.6324 -0.6924 0.3474
vn 0.7674 -0.3704 0.5234
vn 0.7674 -0.3701 0.5235
vn 0.7850 0.0087 0.6194
vn 0.7850 0.0090 0.6194
vn 0.6824 0.3864 0.6205
vn 0.6823 0.3866 0.6205
vn 0.4753 0.7048 0.5266
vn 0.4751 0.7050 0.5265
vn 0.1956 0.9152 0.3522
vn 0.1954 0.9154 0.3520
vn -0.1136 0.9857 0.1242
vn -0.1138 0.9857 0.1240
usemtl None
s 1
f 99/121/97 98/122/98 97/123/99 100/124/100
f 101/125/101 99/121/97 100/124/100 102/126/102
f 103/127/103 101/128/101 102/129/102 104/130/104
f 105/131/105 103/127/103 104/130/104 106/132/106
f 107/133/107 105/134/105 106/135/106 108/136/108
f 109/137/109 107/138/107 108/139/108 110/140/110
f 111/141/111 109/137/109 110/140/110 112/142/112
f 113/143/113 111/141/111 112/142/112 114/144/114
f 115/145/115 113/143/113 114/144/114 116/146/116
f 117/147/117 115/148/115 116/149/116 118/150/118
f 119/151/119 117/147/117 118/150/118 120/152/120
f 121/153/121 119/151/119 120/152/120 122/154/122
f 123/155/123 121/156/121 122/157/122 124/158/124
f 125/159/125 123/160/123 124/161/124 126/162/126
f 127/163/127 125/159/125 126/162/126 128/164/128
f 98/122/98 127/163/127 128/164/128 97/123/99
o Circle.062_Circle.064
v 11.891731 4.617085 -35.552528
v 10.499576 4.254427 -33.981068
v 10.425958 4.183494 -34.058468
v 11.822635 4.546655 -35.634426
v 10.383489 4.077934 -34.117592
v 11.783492 4.441450 -35.696396
v 10.378628 3.953820 -34.149441
v 11.780254 4.317488 -35.729015
v 10.412120 3.830045 -34.149155
v 11.813420 4.193640 -35.727314
v 10.478865 3.725453 -34.116791
v 11.877939 4.088762 -35.691555
v 10.568707 3.655967 -34.057262
v 11.963986 4.018820 -35.627174
v 10.667956 3.632168 -33.979641
v 12.058468 3.994462 -35.543976
v 10.761514 3.657676 -33.895744
v 12.146996 4.019396 -35.454632
v 10.835129 3.728609 -33.818348
v 12.216086 4.089827 -35.372738
v 10.877603 3.834168 -33.759216
v 12.255234 4.195032 -35.310760
v 10.882462 3.958282 -33.727375
v 12.258469 4.318994 -35.278145
v 10.848967 4.082057 -33.727657
v 12.225304 4.442842 -35.279846
v 10.782222 4.186650 -33.760029
v 12.160785 4.547720 -35.315609
v 10.692386 4.256135 -33.819553
v 12.074738 4.617662 -35.379986
v 10.593133 4.279935 -33.897175
v 11.980256 4.642020 -35.463181
vt 0.0032 0.4302
vt 0.0056 0.4303
vt 0.0042 0.4593
vt 0.0018 0.4593
vt 0.0014 0.4302
vt 0.0000 0.4593
vt 0.9844 0.9702
vt 0.9869 0.9698
vt 0.9869 0.9953
vt 0.9844 0.9957
vt 0.8852 0.5672
vt 0.8827 0.5675
vt 0.8782 0.5418
vt 0.8807 0.5415
vt 0.8876 0.5664
vt 0.8831 0.5407
vt 0.2361 0.5156
vt 0.2343 0.5158
vt 0.2329 0.4867
vt 0.2348 0.4866
vt 0.2385 0.5153
vt 0.2372 0.4865
vt 0.2411 0.5151
vt 0.2398 0.4864
vt 0.2435 0.5150
vt 0.2422 0.4864
vt 0.9665 0.0964
vt 0.9643 0.0957
vt 0.9667 0.0704
vt 0.9690 0.0712
vt 0.9691 0.0968
vt 0.9715 0.0716
vt 0.9716 0.0966
vt 0.9740 0.0715
vt 0.9487 0.0226
vt 0.9510 0.0235
vt 0.9483 0.0470
vt 0.9460 0.0461
vt 0.0106 0.4308
vt 0.0124 0.4310
vt 0.0110 0.4595
vt 0.0092 0.4594
vt 0.0082 0.4305
vt 0.0068 0.4593
vn -0.6123 0.6916 -0.3832
vn -0.3960 0.9073 -0.1415
vn -0.3962 0.9072 -0.1416
vn -0.6123 0.6915 -0.3833
vn -0.7355 0.3714 -0.5667
vn -0.7355 0.3713 -0.5667
vn -0.7474 -0.0046 -0.6643
vn -0.7474 -0.0047 -0.6643
vn -0.6465 -0.3799 -0.6616
vn -0.6465 -0.3800 -0.6616
vn -0.4477 -0.6980 -0.5588
vn -0.4477 -0.6981 -0.5588
vn -0.1809 -0.9108 -0.3712
vn -0.1807 -0.9108 -0.3711
vn 0.1139 -0.9853 -0.1270
vn 0.1140 -0.9853 -0.1269
vn 0.3916 -0.9099 0.1370
vn 0.3918 -0.9098 0.1371
vn 0.6099 -0.6953 0.3803
vn 0.6100 -0.6951 0.3804
vn 0.7349 -0.3742 0.5655
vn 0.7350 -0.3739 0.5656
vn 0.7475 0.0043 0.6643
vn 0.7475 0.0046 0.6643
vn 0.6455 0.3822 0.6612
vn 0.6454 0.3825 0.6612
vn 0.4447 0.7015 0.5569
vn 0.4445 0.7017 0.5568
vn 0.1760 0.9132 0.3675
vn 0.1758 0.9133 0.3674
vn -0.1193 0.9853 0.1222
vn -0.1195 0.9853 0.1220
usemtl None
s 1
f 131/165/129 130/166/130 129/167/131 132/168/132
f 133/169/133 131/165/129 132/168/132 134/170/134
f 135/171/135 133/172/133 134/173/134 136/174/136
f 137/175/137 135/176/135 136/177/136 138/178/138
f 139/179/139 137/175/137 138/178/138 140/180/140
f 141/181/141 139/182/139 140/183/140 142/184/142
f 143/185/143 141/181/141 142/184/142 144/186/144
f 145/187/145 143/185/143 144/186/144 146/188/146
f 147/189/147 145/187/145 146/188/146 148/190/148
f 149/191/149 147/192/147 148/193/148 150/194/150
f 151/195/151 149/191/149 150/194/150 152/196/152
f 153/197/153 151/195/151 152/196/152 154/198/154
f 155/199/155 153/200/153 154/201/154 156/202/156
f 157/203/157 155/204/155 156/205/156 158/206/158
f 159/207/159 157/203/157 158/206/158 160/208/160
f 130/166/130 159/207/159 160/208/160 129/167/131
o Circle.061_Circle.063
v 13.372849 4.981187 -37.036026
v 11.891731 4.617085 -35.552528
v 11.822635 4.546655 -35.634426
v 13.308466 4.911245 -37.122078
v 11.783492 4.441450 -35.696396
v 13.272704 4.806366 -37.186596
v 11.780254 4.317488 -35.729015
v 13.271003 4.682519 -37.219765
v 11.813420 4.193640 -35.727314
v 13.303622 4.558557 -37.216530
v 11.877939 4.088762 -35.691555
v 13.365593 4.453352 -37.177387
v 11.963986 4.018820 -35.627174
v 13.447491 4.382921 -37.108284
v 12.058468 3.994462 -35.543976
v 13.536837 4.357986 -37.019764
v 12.146996 4.019396 -35.454632
v 13.620031 4.382344 -36.925282
v 12.216086 4.089827 -35.372738
v 13.684409 4.452287 -36.839233
v 12.255234 4.195032 -35.310760
v 13.720178 4.557165 -36.774715
v 12.258469 4.318994 -35.278145
v 13.721875 4.681013 -36.741550
v 12.225304 4.442842 -35.279846
v 13.689258 4.804975 -36.744785
v 12.160785 4.547720 -35.315609
v 13.627282 4.910180 -36.783932
v 12.074738 4.617662 -35.379986
v 13.545389 4.980610 -36.853024
v 11.980256 4.642020 -35.463181
v 13.456043 5.005545 -36.941551
vt 0.0018 0.4593
vt 0.0042 0.4593
vt 0.0044 0.4882
vt 0.0020 0.4884
vt 0.0000 0.4593
vt 0.0003 0.4885
vt 0.8782 0.5418
vt 0.8758 0.5416
vt 0.8717 0.5152
vt 0.8740 0.5153
vt 0.8807 0.5415
vt 0.8766 0.5150
vt 0.8831 0.5407
vt 0.8790 0.5143
vt 0.2348 0.4866
vt 0.2329 0.4867
vt 0.2332 0.4576
vt 0.2351 0.4576
vt 0.2372 0.4865
vt 0.2375 0.4577
vt 0.2398 0.4864
vt 0.2401 0.4578
vt 0.2422 0.4864
vt 0.2425 0.4579
vt 0.9690 0.0712
vt 0.9667 0.0704
vt 0.9693 0.0461
vt 0.9715 0.0470
vt 0.9715 0.0716
vt 0.9741 0.0473
vt 0.9483 0.0470
vt 0.9508 0.0473
vt 0.9482 0.0716
vt 0.9457 0.0712
vt 0.9460 0.0461
vt 0.9434 0.0704
vt 0.0092 0.4594
vt 0.0110 0.4595
vt 0.0113 0.4881
vt 0.0094 0.4881
vt 0.0068 0.4593
vt 0.0070 0.4881
vn -0.5868 0.6947 -0.4159
vn -0.3847 0.9089 -0.1610
vn -0.3848 0.9088 -0.1611
vn -0.5869 0.6946 -0.4159
vn -0.6999 0.3757 -0.6075
vn -0.6999 0.3755 -0.6075
vn -0.7071 0.0001 -0.7071
vn -0.7071 -0.0001 -0.7071
vn -0.6075 -0.3755 -0.6999
vn -0.6075 -0.3757 -0.6999
vn -0.4160 -0.6946 -0.5869
vn -0.4159 -0.6947 -0.5868
vn -0.1611 -0.9088 -0.3848
vn -0.1610 -0.9089 -0.3847
vn 0.1186 -0.9852 -0.1239
vn 0.1187 -0.9852 -0.1237
vn 0.3806 -0.9115 0.1563
vn 0.3807 -0.9114 0.1564
vn 0.5847 -0.6984 0.4128
vn 0.5848 -0.6982 0.4130
vn 0.6995 -0.3783 0.6064
vn 0.6995 -0.3780 0.6065
vn 0.7071 -0.0002 0.7071
vn 0.7071 0.0002 0.7071
vn 0.6065 0.3780 0.6995
vn 0.6063 0.3783 0.6995
vn 0.4130 0.6982 0.5848
vn 0.4128 0.6984 0.5847
vn 0.1564 0.9114 0.3807
vn 0.1562 0.9115 0.3806
vn -0.1237 0.9852 0.1187
vn -0.1239 0.9852 0.1186
usemtl None
s 1
f 163/209/161 162/210/162 161/211/163 164/212/164
f 165/213/165 163/209/161 164/212/164 166/214/166
f 167/215/167 165/216/165 166/217/166 168/218/168
f 169/219/169 167/215/167 168/218/168 170/220/170
f 171/221/171 169/219/169 170/220/170 172/222/172
f 173/223/173 171/224/171 172/225/172 174/226/174
f 175/227/175 173/223/173 174/226/174 176/228/176
f 177/229/177 175/227/175 176/228/176 178/230/178
f 179/231/179 177/229/177 178/230/178 180/232/180
f 181/233/181 179/234/179 180/235/180 182/236/182
f 183/237/183 181/233/181 182/236/182 184/238/184
f 185/239/185 183/240/183 184/241/184 186/242/186
f 187/243/187 185/239/185 186/242/186 188/244/188
f 189/245/189 187/246/187 188/247/188 190/248/190
f 191/249/191 189/245/189 190/248/190 192/250/192
f 162/210/162 191/249/191 192/250/192 161/211/163
o Circle.060_Circle.062
v 14.942752 5.344039 -38.431309
v 13.372849 4.981187 -37.036026
v 13.308466 4.911245 -37.122078
v 14.883228 5.274554 -38.521152
v 13.272704 4.806366 -37.186596
v 14.850861 5.169962 -38.587894
v 13.271003 4.682519 -37.219765
v 14.850576 5.046187 -38.621387
v 13.303622 4.558557 -37.216530
v 14.882423 4.922072 -38.616528
v 13.365593 4.453352 -37.177387
v 14.941544 4.816513 -38.574062
v 13.447491 4.382921 -37.108284
v 15.018948 4.745580 -38.500443
v 13.536837 4.357986 -37.019764
v 15.102845 4.720072 -38.406887
v 13.620031 4.382344 -36.925282
v 15.180466 4.743872 -38.307636
v 13.684409 4.452287 -36.839233
v 15.239986 4.813357 -38.217796
v 13.720178 4.557165 -36.774715
v 15.272359 4.917949 -38.151051
v 13.721875 4.681013 -36.741550
v 15.272641 5.041724 -38.117558
v 13.689258 4.804975 -36.744785
v 15.240797 5.165838 -38.122417
v 13.627282 4.910180 -36.783932
v 15.181672 5.271398 -38.164886
v 13.545389 4.980610 -36.853024
v 15.104270 5.342331 -38.238503
v 13.456043 5.005545 -36.941551
v 15.020372 5.367839 -38.332062
vt 0.0020 0.4884
vt 0.0044 0.4882
vt 0.0063 0.5172
vt 0.0039 0.5175
vt 0.0003 0.4885
vt 0.0022 0.5177
vt 0.8740 0.5153
vt 0.8717 0.5152
vt 0.8680 0.4880
vt 0.8703 0.4881
vt 0.8766 0.5150
vt 0.8729 0.4878
vt 0.8790 0.5143
vt 0.8753 0.4872
vt 0.2351 0.4576
vt 0.2332 0.4576
vt 0.2351 0.4285
vt 0.2370 0.4287
vt 0.2375 0.4577
vt 0.2394 0.4289
vt 0.2401 0.4578
vt 0.2420 0.4291
vt 0.2425 0.4579
vt 0.2444 0.4294
vt 0.9715 0.0470
vt 0.9693 0.0461
vt 0.9720 0.0226
vt 0.9742 0.0235
vt 0.9482 0.0716
vt 0.9507 0.0715
vt 0.9483 0.0966
vt 0.9458 0.0968
vt 0.9457 0.0712
vt 0.9432 0.0964
vt 0.9434 0.0704
vt 0.9410 0.0957
vt 0.0094 0.4881
vt 0.0113 0.4881
vt 0.0132 0.5166
vt 0.0113 0.5167
vt 0.0070 0.4881
vt 0.0089 0.5169
vn -0.5588 0.6981 -0.4476
vn -0.3712 0.9108 -0.1807
vn -0.3712 0.9108 -0.1809
vn -0.5588 0.6980 -0.4477
vn -0.6616 0.3800 -0.6465
vn -0.6616 0.3799 -0.6465
vn -0.6643 0.0047 -0.7474
vn -0.6643 0.0046 -0.7474
vn -0.5667 -0.3713 -0.7355
vn -0.5667 -0.3714 -0.7355
vn -0.3833 -0.6915 -0.6123
vn -0.3832 -0.6916 -0.6123
vn -0.1416 -0.9072 -0.3962
vn -0.1415 -0.9073 -0.3960
vn 0.1220 -0.9853 -0.1195
vn 0.1222 -0.9853 -0.1193
vn 0.3674 -0.9133 0.1758
vn 0.3675 -0.9132 0.1760
vn 0.5568 -0.7017 0.4445
vn 0.5569 -0.7015 0.4447
vn 0.6612 -0.3825 0.6454
vn 0.6612 -0.3822 0.6455
vn 0.6643 -0.0046 0.7475
vn 0.6643 -0.0043 0.7475
vn 0.5656 0.3739 0.7350
vn 0.5655 0.3742 0.7349
vn 0.3804 0.6951 0.6100
vn 0.3803 0.6953 0.6099
vn 0.1371 0.9098 0.3918
vn 0.1370 0.9099 0.3916
vn -0.1269 0.9853 0.1140
vn -0.1270 0.9853 0.1139
usemtl None
s 1
f 195/251/193 194/252/194 193/253/195 196/254/196
f 197/255/197 195/251/193 196/254/196 198/256/198
f 199/257/199 197/258/197 198/259/198 200/260/200
f 201/261/201 199/257/199 200/260/200 202/262/202
f 203/263/203 201/261/201 202/262/202 204/264/204
f 205/265/205 203/266/203 204/267/204 206/268/206
f 207/269/207 205/265/205 206/268/206 208/270/208
f 209/271/209 207/269/207 208/270/208 210/272/210
f 211/273/211 209/271/209 210/272/210 212/274/212
f 213/275/213 211/276/211 212/277/212 214/278/214
f 215/279/215 213/280/213 214/281/214 216/282/216
f 217/283/217 215/279/215 216/282/216 218/284/218
f 219/285/219 217/283/217 218/284/218 220/286/220
f 221/287/221 219/288/219 220/289/220 222/290/222
f 223/291/223 221/287/221 222/290/222 224/292/224
f 194/252/194 223/291/223 224/292/224 193/253/195
o Circle.059_Circle.061
v 16.601269 5.702946 -39.738129
v 14.942752 5.344039 -38.431309
v 14.883228 5.274554 -38.521152
v 16.546682 5.633869 -39.831367
v 14.850861 5.169962 -38.587894
v 16.517683 5.529514 -39.900017
v 14.850576 5.046187 -38.621387
v 16.518673 5.405767 -39.933632
v 14.882423 4.922072 -38.616528
v 16.549513 5.281467 -39.927086
v 14.941544 4.816513 -38.574062
v 16.605499 5.175539 -39.881390
v 15.018948 4.745580 -38.500443
v 16.678116 5.104108 -39.803482
v 15.102845 4.720072 -38.406887
v 16.756304 5.078050 -39.705238
v 15.180466 4.743872 -38.307636
v 16.828159 5.101330 -39.601608
v 15.239986 4.813357 -38.217796
v 16.882742 5.170407 -39.508373
v 15.272359 4.917949 -38.151051
v 16.911749 5.274762 -39.439720
v 15.272641 5.041724 -38.117558
v 16.910755 5.398509 -39.406109
v 15.240797 5.165838 -38.122417
v 16.879915 5.522808 -39.412651
v 15.181672 5.271398 -38.164886
v 16.823927 5.628737 -39.458351
v 15.104270 5.342331 -38.238503
v 16.751312 5.700168 -39.536255
v 15.020372 5.367839 -38.332062
v 16.673124 5.726227 -39.634499
vt 0.0039 0.5175
vt 0.0063 0.5172
vt 0.0098 0.5462
vt 0.0075 0.5466
vt 0.0022 0.5177
vt 0.0057 0.5469
vt 0.8703 0.4881
vt 0.8680 0.4880
vt 0.8647 0.4601
vt 0.8670 0.4601
vt 0.8729 0.4878
vt 0.8696 0.4599
vt 0.8753 0.4872
vt 0.8720 0.4594
vt 0.8772 0.4864
vt 0.8739 0.4587
vt 0.2394 0.4289
vt 0.2370 0.4287
vt 0.2406 0.3997
vt 0.2430 0.4001
vt 0.2420 0.4291
vt 0.2456 0.4005
vt 0.2444 0.4294
vt 0.2479 0.4009
vt 0.9742 0.0235
vt 0.9720 0.0226
vt 0.9747 0.0000
vt 0.9770 0.0010
vt 0.9458 0.0968
vt 0.9483 0.0966
vt 0.9460 0.1227
vt 0.9435 0.1228
vt 0.9432 0.0964
vt 0.9409 0.1224
vt 0.9410 0.0957
vt 0.9387 0.1218
vt 0.0113 0.5167
vt 0.0132 0.5166
vt 0.0166 0.5452
vt 0.0148 0.5454
vt 0.0089 0.5169
vt 0.0124 0.5458
vn -0.5282 0.7016 -0.4782
vn -0.3555 0.9129 -0.2005
vn -0.3556 0.9129 -0.2006
vn -0.5283 0.7015 -0.4783
vn -0.6208 0.3844 -0.6833
vn -0.6208 0.3843 -0.6833
vn -0.6195 0.0092 -0.7850
vn -0.6195 0.0091 -0.7850
vn -0.5246 -0.3673 -0.7680
vn -0.5245 -0.3674 -0.7680
vn -0.3503 -0.6886 -0.6349
vn -0.3502 -0.6887 -0.6348
vn -0.1226 -0.9059 -0.4054
vn -0.1225 -0.9060 -0.4052
vn 0.1240 -0.9857 -0.1139
vn 0.1242 -0.9857 -0.1137
vn 0.3520 -0.9154 0.1954
vn 0.3522 -0.9152 0.1956
vn 0.5265 -0.7050 0.4751
vn 0.5266 -0.7048 0.4753
vn 0.6205 -0.3867 0.6823
vn 0.6205 -0.3864 0.6824
vn 0.6194 -0.0089 0.7850
vn 0.6194 -0.0086 0.7850
vn 0.5235 0.3701 0.7674
vn 0.5234 0.3703 0.7674
vn 0.3474 0.6923 0.6324
vn 0.3473 0.6925 0.6323
vn 0.1184 0.9085 0.4007
vn 0.1182 0.9086 0.4006
vn -0.1285 0.9858 0.1082
vn -0.1286 0.9858 0.1080
usemtl None
s 1
f 227/293/225 226/294/226 225/295/227 228/296/228
f 229/297/229 227/293/225 228/296/228 230/298/230
f 231/299/231 229/300/229 230/301/230 232/302/232
f 233/303/233 231/299/231 232/302/232 234/304/234
f 235/305/235 233/303/233 234/304/234 236/306/236
f 237/307/237 235/305/235 236/306/236 238/308/238
f 239/309/239 237/310/237 238/311/238 240/312/240
f 241/313/241 239/309/239 240/312/240 242/314/242
f 243/315/243 241/313/241 242/314/242 244/316/244
f 245/317/245 243/318/243 244/319/244 246/320/246
f 247/321/247 245/322/245 246/323/246 248/324/248
f 249/325/249 247/321/247 248/324/248 250/326/250
f 251/327/251 249/325/249 250/326/250 252/328/252
f 253/329/253 251/330/251 252/331/252 254/332/254
f 255/333/255 253/329/253 254/332/254 256/334/256
f 226/294/226 255/333/255 256/334/256 225/295/227
o Circle.058_Circle.060
v 18.348190 6.055208 -40.956230
v 16.601269 5.702946 -39.738129
v 16.546682 5.633869 -39.831367
v 18.298576 5.986479 -41.052467
v 16.517683 5.529514 -39.900017
v 18.272865 5.882301 -41.122704
v 16.518673 5.405767 -39.933632
v 18.274973 5.758537 -41.156250
v 16.549513 5.281467 -39.927086
v 18.304577 5.634028 -41.147995
v 16.605499 5.175539 -39.881390
v 18.357172 5.527729 -41.099194
v 16.678116 5.104108 -39.803482
v 18.424747 5.455822 -41.017281
v 16.756304 5.078050 -39.705238
v 18.497025 5.429257 -40.914722
v 16.828159 5.101330 -39.601608
v 18.562990 5.452076 -40.807133
v 16.882742 5.170407 -39.508373
v 18.612602 5.520806 -40.710899
v 16.911749 5.274762 -39.439720
v 18.638313 5.624982 -40.640659
v 16.910755 5.398509 -39.406109
v 18.636209 5.748746 -40.607113
v 16.879915 5.522808 -39.412651
v 18.606604 5.873256 -40.615372
v 16.823927 5.628737 -39.458351
v 18.554008 5.979556 -40.664173
v 16.751312 5.700168 -39.536255
v 18.486429 6.051462 -40.746086
v 16.673124 5.726227 -39.634499
v 18.414156 6.078028 -40.848640
vt 0.0075 0.5466
vt 0.0098 0.5462
vt 0.0150 0.5751
vt 0.0126 0.5756
vt 0.0057 0.5469
vt 0.0109 0.5760
vt 0.8670 0.4601
vt 0.8647 0.4601
vt 0.8619 0.4315
vt 0.8642 0.4315
vt 0.8696 0.4599
vt 0.8668 0.4313
vt 0.8720 0.4594
vt 0.8693 0.4309
vt 0.8739 0.4587
vt 0.8712 0.4304
vt 0.2430 0.4001
vt 0.2406 0.3997
vt 0.2458 0.3709
vt 0.2482 0.3714
vt 0.2456 0.4005
vt 0.2507 0.3719
vt 0.2479 0.4009
vt 0.2530 0.3724
vt 0.9460 0.1227
vt 0.9480 0.1222
vt 0.9460 0.1492
vt 0.9439 0.1496
vt 0.9435 0.1228
vt 0.9414 0.1496
vt 0.9409 0.1224
vt 0.9389 0.1494
vt 0.9387 0.1218
vt 0.9366 0.1488
vt 0.0148 0.5454
vt 0.0166 0.5452
vt 0.0217 0.5737
vt 0.0199 0.5741
vt 0.0124 0.5458
vt 0.0175 0.5746
vn -0.4955 0.7051 -0.5073
vn -0.3378 0.9152 -0.2199
vn -0.3379 0.9151 -0.2200
vn -0.4955 0.7050 -0.5074
vn -0.5780 0.3885 -0.7176
vn -0.5780 0.3884 -0.7177
vn -0.5731 0.0134 -0.8194
vn -0.5731 0.0133 -0.8194
vn -0.4816 -0.3637 -0.7973
vn -0.4815 -0.3639 -0.7973
vn -0.3172 -0.6862 -0.6546
vn -0.3171 -0.6863 -0.6545
vn -0.1044 -0.9050 -0.4125
vn -0.1043 -0.9051 -0.4123
vn 0.1245 -0.9864 -0.1072
vn 0.1247 -0.9864 -0.1070
vn 0.3347 -0.9175 0.2148
vn 0.3349 -0.9174 0.2150
vn 0.4940 -0.7083 0.5042
vn 0.4941 -0.7081 0.5044
vn 0.5777 -0.3906 0.7167
vn 0.5778 -0.3903 0.7168
vn 0.5730 -0.0129 0.8194
vn 0.5730 -0.0126 0.8195
vn 0.4805 0.3667 0.7967
vn 0.4804 0.3669 0.7966
vn 0.3145 0.6900 0.6519
vn 0.3144 0.6902 0.6518
vn 0.1005 0.9076 0.4076
vn 0.1004 0.9077 0.4075
vn -0.1286 0.9865 0.1014
vn -0.1287 0.9865 0.1013
usemtl None
s 1
f 259/335/257 258/336/258 257/337/259 260/338/260
f 261/339/261 259/335/257 260/338/260 262/340/262
f 263/341/263 261/342/261 262/343/262 264/344/264
f 265/345/265 263/341/263 264/344/264 266/346/266
f 267/347/267 265/345/265 266/346/266 268/348/268
f 269/349/269 267/347/267 268/348/268 270/350/270
f 271/351/271 269/352/269 270/353/270 272/354/272
f 273/355/273 271/351/271 272/354/272 274/356/274
f 275/357/275 273/355/273 274/356/274 276/358/276
f 277/359/277 275/360/275 276/361/276 278/362/278
f 279/363/279 277/359/277 278/362/278 280/364/280
f 281/365/281 279/363/279 280/364/280 282/366/282
f 283/367/283 281/365/281 282/366/282 284/368/284
f 285/369/285 283/370/283 284/371/284 286/372/286
f 287/373/287 285/369/285 286/372/286 288/374/288
f 258/336/258 287/373/287 288/374/288 257/337/259
o Circle.057_Circle.059
v 20.183302 6.398129 -42.085377
v 18.348190 6.055208 -40.956230
v 18.298576 5.986479 -41.052467
v 20.138630 6.329671 -42.184216
v 18.272865 5.882301 -41.122704
v 20.116098 6.225608 -42.255730
v 18.274973 5.758537 -41.156250
v 20.119141 6.101783 -42.289040
v 18.304577 5.634028 -41.147995
v 20.147291 5.977046 -42.279064
v 18.357172 5.527729 -41.099194
v 20.196266 5.870388 -42.227325
v 18.424747 5.455822 -41.017281
v 20.258610 5.798046 -42.141701
v 18.497025 5.429257 -40.914722
v 20.324829 5.771034 -42.035229
v 18.562990 5.452076 -40.807133
v 20.384844 5.793463 -41.924110
v 18.612602 5.520806 -40.710899
v 20.429516 5.861921 -41.825275
v 18.638313 5.624982 -40.640659
v 20.452045 5.965984 -41.753757
v 18.636209 5.748746 -40.607113
v 20.449005 6.089809 -41.720451
v 18.606604 5.873256 -40.615372
v 20.420855 6.214546 -41.730423
v 18.554008 5.979556 -40.664173
v 20.371878 6.321204 -41.782166
v 18.486429 6.051462 -40.746086
v 20.309536 6.393546 -41.867786
v 18.414156 6.078028 -40.848640
v 20.243317 6.420558 -41.974258
vt 0.0126 0.5756
vt 0.0150 0.5751
vt 0.0217 0.6041
vt 0.0195 0.6047
vt 0.0109 0.5760
vt 0.0178 0.6051
vt 0.8642 0.4315
vt 0.8619 0.4315
vt 0.8596 0.4022
vt 0.8620 0.4022
vt 0.8668 0.4313
vt 0.8646 0.4021
vt 0.8693 0.4309
vt 0.8670 0.4017
vt 0.8712 0.4304
vt 0.8689 0.4013
vt 0.2482 0.3714
vt 0.2458 0.3709
vt 0.2527 0.3420
vt 0.2550 0.3427
vt 0.2507 0.3719
vt 0.2575 0.3433
vt 0.2530 0.3724
vt 0.2598 0.3440
vt 0.9439 0.1496
vt 0.9460 0.1492
vt 0.9441 0.1770
vt 0.9421 0.1773
vt 0.9414 0.1496
vt 0.9396 0.1774
vt 0.9389 0.1494
vt 0.9370 0.1771
vt 0.9366 0.1488
vt 0.9348 0.1766
vt 0.0199 0.5741
vt 0.0217 0.5737
vt 0.0284 0.6022
vt 0.0266 0.6027
vt 0.0175 0.5746
vt 0.0242 0.6034
vn -0.4609 0.7084 -0.5346
vn -0.3183 0.9174 -0.2387
vn -0.3184 0.9174 -0.2388
vn -0.4609 0.7083 -0.5347
vn -0.5336 0.3923 -0.7492
vn -0.5336 0.3922 -0.7493
vn -0.5256 0.0171 -0.8505
vn -0.5256 0.0170 -0.8505
vn -0.4382 -0.3607 -0.8233
vn -0.4382 -0.3609 -0.8233
vn -0.2844 -0.6843 -0.6715
vn -0.2843 -0.6844 -0.6714
vn -0.0873 -0.9044 -0.4176
vn -0.0871 -0.9045 -0.4174
vn 0.1234 -0.9873 -0.0998
vn 0.1236 -0.9873 -0.0996
vn 0.3156 -0.9197 0.2336
vn 0.3157 -0.9196 0.2339
vn 0.4596 -0.7115 0.5316
vn 0.4597 -0.7112 0.5318
vn 0.5334 -0.3942 0.7484
vn 0.5334 -0.3939 0.7485
vn 0.5255 -0.0165 0.8506
vn 0.5255 -0.0162 0.8507
vn 0.4371 0.3637 0.8226
vn 0.4370 0.3640 0.8225
vn 0.2819 0.6881 0.6686
vn 0.2818 0.6883 0.6685
vn 0.0836 0.9071 0.4125
vn 0.0835 0.9072 0.4124
vn -0.1272 0.9874 0.0938
vn -0.1272 0.9874 0.0937
usemtl None
s 1
f 291/375/289 290/376/290 289/377/291 292/378/292
f 293/379/293 291/375/289 292/378/292 294/380/294
f 295/381/295 293/382/293 294/383/294 296/384/296
f 297/385/297 295/381/295 296/384/296 298/386/298
f 299/387/299 297/385/297 298/386/298 300/388/300
f 301/389/301 299/387/299 300/388/300 302/390/302
f 303/391/303 301/392/301 302/393/302 304/394/304
f 305/395/305 303/391/303 304/394/304 306/396/306
f 307/397/307 305/395/305 306/396/306 308/398/308
f 309/399/309 307/400/307 308/401/308 310/402/310
f 311/403/311 309/399/309 310/402/310 312/404/312
f 313/405/313 311/403/311 312/404/312 314/406/314
f 315/407/315 313/405/313 314/406/314 316/408/316
f 317/409/317 315/410/315 316/411/316 318/412/318
f 319/413/319 317/409/317 318/412/318 320/414/320
f 290/376/290 319/413/319 320/414/320 289/377/291
o Circle.056_Circle.058
v 22.106380 6.729008 -43.125343
v 20.183302 6.398129 -42.085377
v 20.138630 6.329671 -42.184216
v 22.066572 6.660741 -43.226395
v 20.116098 6.225608 -42.255730
v 22.047075 6.556724 -43.298901
v 20.119141 6.101783 -42.289040
v 22.050861 6.432797 -43.331821
v 20.147291 5.977046 -42.279064
v 22.077353 6.307824 -43.320152
v 20.196266 5.870388 -42.227325
v 22.122515 6.200830 -43.265663
v 20.258610 5.798046 -42.141701
v 22.179478 6.128108 -43.176651
v 20.324829 5.771034 -42.035229
v 22.239561 6.100725 -43.066666
v 20.384844 5.793463 -41.924110
v 22.293629 6.122851 -42.952454
v 20.429516 5.861921 -41.825275
v 22.333433 6.191119 -42.851410
v 20.452045 5.965984 -41.753757
v 22.352934 6.295135 -42.778896
v 20.449005 6.089809 -41.720451
v 22.349144 6.419062 -42.745979
v 20.420855 6.214546 -41.730423
v 22.322655 6.544035 -42.757648
v 20.371878 6.321204 -41.782166
v 22.277491 6.651029 -42.812138
v 20.309536 6.393546 -41.867786
v 22.220530 6.723752 -42.901150
v 20.243317 6.420558 -41.974258
v 22.160444 6.751134 -43.011135
vt 0.0195 0.6047
vt 0.0217 0.6041
vt 0.0302 0.6330
vt 0.0279 0.6337
vt 0.0178 0.6051
vt 0.0262 0.6342
vt 0.8620 0.4022
vt 0.8596 0.4022
vt 0.8579 0.3722
vt 0.8603 0.3722
vt 0.8646 0.4021
vt 0.8628 0.3721
vt 0.8670 0.4017
vt 0.8653 0.3719
vt 0.2527 0.3420
vt 0.2508 0.3415
vt 0.2593 0.3126
vt 0.2611 0.3132
vt 0.2550 0.3427
vt 0.2634 0.3140
vt 0.2575 0.3433
vt 0.2659 0.3148
vt 0.2598 0.3440
vt 0.2681 0.3155
vt 0.9421 0.1773
vt 0.9441 0.1770
vt 0.9426 0.2056
vt 0.9405 0.2059
vt 0.9396 0.1774
vt 0.9380 0.2059
vt 0.9370 0.1771
vt 0.9355 0.2058
vt 0.9348 0.1766
vt 0.9332 0.2053
vt 0.0266 0.6027
vt 0.0284 0.6022
vt 0.0368 0.6307
vt 0.0349 0.6313
vt 0.0242 0.6034
vt 0.0326 0.6321
vn -0.4248 0.7114 -0.5599
vn -0.2971 0.9197 -0.2568
vn -0.2971 0.9196 -0.2569
vn -0.4248 0.7113 -0.5600
vn -0.4881 0.3956 -0.7780
vn -0.4881 0.3955 -0.7780
vn -0.4776 0.0202 -0.8783
vn -0.4776 0.0201 -0.8784
vn -0.3949 -0.3583 -0.8460
vn -0.3949 -0.3585 -0.8459
vn -0.2524 -0.6829 -0.6855
vn -0.2523 -0.6831 -0.6854
vn -0.0713 -0.9043 -0.4208
vn -0.0712 -0.9044 -0.4206
vn 0.1208 -0.9884 -0.0918
vn 0.1209 -0.9884 -0.0915
vn 0.2947 -0.9218 0.2517
vn 0.2948 -0.9217 0.2520
vn 0.4237 -0.7143 0.5570
vn 0.4238 -0.7141 0.5572
vn 0.4879 -0.3973 0.7772
vn 0.4880 -0.3970 0.7773
vn 0.4775 -0.0194 0.8784
vn 0.4774 -0.0191 0.8785
vn 0.3939 0.3614 0.8451
vn 0.3938 0.3616 0.8451
vn 0.2500 0.6868 0.6825
vn 0.2499 0.6869 0.6824
vn 0.0681 0.9070 0.4157
vn 0.0680 0.9070 0.4156
vn -0.1241 0.9886 0.0857
vn -0.1241 0.9886 0.0856
usemtl None
s 1
f 323/415/321 322/416/322 321/417/323 324/418/324
f 325/419/325 323/415/321 324/418/324 326/420/326
f 327/421/327 325/422/325 326/423/326 328/424/328
f 329/425/329 327/421/327 328/424/328 330/426/330
f 331/427/331 329/425/329 330/426/330 332/428/332
f 333/429/333 331/430/331 332/431/332 334/432/334
f 335/433/335 333/429/333 334/432/334 336/434/336
f 337/435/337 335/433/335 336/434/336 338/436/338
f 339/437/339 337/435/337 338/436/338 340/438/340
f 341/439/341 339/440/339 340/441/340 342/442/342
f 343/443/343 341/439/341 342/442/342 344/444/344
f 345/445/345 343/443/343 344/444/344 346/446/346
f 347/447/347 345/445/345 346/446/346 348/448/348
f 349/449/349 347/450/347 348/451/348 350/452/350
f 351/453/351 349/449/349 350/452/350 352/454/352
f 322/416/322 351/453/351 352/454/352 321/417/323
o Circle.055_Circle.057
v 24.117188 7.045149 -44.075920
v 22.106380 6.729008 -43.125343
v 22.066572 6.660741 -43.226395
v 24.082115 6.976983 -44.178810
v 22.047075 6.556724 -43.298901
v 24.065479 6.872946 -44.252033
v 22.050861 6.432797 -43.331821
v 24.069809 6.748879 -44.284451
v 22.077353 6.307824 -43.320152
v 24.094450 6.623669 -44.271130
v 22.122515 6.200830 -43.265663
v 24.135649 6.516377 -44.214088
v 22.179478 6.128108 -43.176651
v 24.187132 6.443338 -44.122017
v 22.239561 6.100725 -43.066666
v 24.241064 6.415673 -44.008934
v 22.293629 6.122851 -42.952454
v 24.289236 6.437591 -43.892044
v 22.333433 6.191119 -42.851410
v 24.324306 6.505757 -43.789162
v 22.352934 6.295135 -42.778896
v 24.340942 6.609794 -43.715931
v 22.349144 6.419062 -42.745979
v 24.336611 6.733860 -43.683514
v 22.322655 6.544035 -42.757648
v 24.311972 6.859071 -43.696835
v 22.277491 6.651029 -42.812138
v 24.270773 6.966363 -43.753883
v 22.220530 6.723752 -42.901150
v 24.219290 7.039402 -43.845947
v 22.160444 6.751134 -43.011135
v 24.165356 7.067068 -43.959038
vt 0.0279 0.6337
vt 0.0302 0.6330
vt 0.0402 0.6618
vt 0.0380 0.6626
vt 0.8579 0.3722
vt 0.8561 0.3721
vt 0.8550 0.3415
vt 0.8568 0.3416
vt 0.8603 0.3722
vt 0.8591 0.3416
vt 0.8628 0.3721
vt 0.8617 0.3415
vt 0.8653 0.3719
vt 0.8641 0.3414
vt 0.2611 0.3132
vt 0.2593 0.3126
vt 0.2694 0.2837
vt 0.2712 0.2845
vt 0.2634 0.3140
vt 0.2734 0.2854
vt 0.2659 0.3148
vt 0.2759 0.2863
vt 0.2681 0.3155
vt 0.2781 0.2872
vt 0.9405 0.2059
vt 0.9426 0.2056
vt 0.9413 0.2351
vt 0.9393 0.2354
vt 0.9380 0.2059
vt 0.9368 0.2354
vt 0.9355 0.2058
vt 0.9342 0.2352
vt 0.9332 0.2053
vt 0.9320 0.2349
vt 0.0349 0.6313
vt 0.0368 0.6307
vt 0.0467 0.6592
vt 0.0449 0.6600
vt 0.0326 0.6321
vt 0.0426 0.6609
vn -0.3876 0.7140 -0.5831
vn -0.2744 0.9218 -0.2739
vn -0.2744 0.9218 -0.2740
vn -0.3876 0.7139 -0.5832
vn -0.4420 0.3983 -0.8037
vn -0.4420 0.3983 -0.8038
vn -0.4295 0.0226 -0.9028
vn -0.4295 0.0225 -0.9028
vn -0.3521 -0.3566 -0.8653
vn -0.3521 -0.3568 -0.8653
vn -0.2214 -0.6822 -0.6969
vn -0.2213 -0.6824 -0.6967
vn -0.0569 -0.9046 -0.4224
vn -0.0567 -0.9047 -0.4222
vn 0.1165 -0.9897 -0.0833
vn 0.1167 -0.9897 -0.0830
vn 0.2723 -0.9239 0.2689
vn 0.2724 -0.9237 0.2692
vn 0.3866 -0.7168 0.5803
vn 0.3867 -0.7165 0.5806
vn 0.4418 -0.3999 0.8031
vn 0.4418 -0.3996 0.8032
vn 0.4293 -0.0217 0.9029
vn 0.4293 -0.0214 0.9029
vn 0.3511 0.3598 0.8644
vn 0.3511 0.3600 0.8644
vn 0.2192 0.6861 0.6937
vn 0.2192 0.6862 0.6936
vn 0.0539 0.9072 0.4172
vn 0.0539 0.9073 0.4171
vn -0.1194 0.9898 0.0773
vn -0.1195 0.9898 0.0772
usemtl None
s 1
f 355/455/353 354/456/354 353/457/355 356/458/356
f 357/459/357 355/460/353 356/461/356 358/462/358
f 359/463/359 357/459/357 358/462/358 360/464/360
f 361/465/361 359/463/359 360/464/360 362/466/362
f 363/467/363 361/465/361 362/466/362 364/468/364
f 365/469/365 363/470/363 364/471/364 366/472/366
f 367/473/367 365/469/365 366/472/366 368/474/368
f 369/475/369 367/473/367 368/474/368 370/476/370
f 371/477/371 369/475/369 370/476/370 372/478/372
f 373/479/373 371/480/371 372/481/372 374/482/374
f 375/483/375 373/479/373 374/482/374 376/484/376
f 377/485/377 375/483/375 376/484/376 378/486/378
f 379/487/379 377/485/377 378/486/378 380/488/380
f 381/489/381 379/490/379 380/491/380 382/492/382
f 383/493/383 381/489/381 382/492/382 384/494/384
f 354/456/354 383/493/383 384/494/384 353/457/355
o Circle.054_Circle.056
v 26.215492 7.343860 -44.936901
v 24.117188 7.045149 -44.075920
v 24.082115 6.976983 -44.178810
v 26.184990 7.275704 -45.041283
v 24.065479 6.872946 -44.252033
v 26.171015 7.171580 -45.114983
v 24.069809 6.748879 -44.284451
v 26.175692 7.047341 -45.146797
v 24.094450 6.623669 -44.271130
v 26.198311 6.921901 -45.131882
v 24.135649 6.516377 -44.214088
v 26.235426 6.814355 -45.072506
v 24.187132 6.443338 -44.122017
v 26.281389 6.741078 -44.977703
v 24.241064 6.415673 -44.008934
v 26.329203 6.713225 -44.861912
v 24.289236 6.437591 -43.892044
v 26.371590 6.735036 -44.742752
v 24.324306 6.505757 -43.789162
v 26.402088 6.803193 -44.638382
v 24.340942 6.609794 -43.715931
v 26.416065 6.907315 -44.564674
v 24.336611 6.733860 -43.683514
v 26.411386 7.031555 -44.532860
v 24.311972 6.859071 -43.696835
v 26.388769 7.156995 -44.547775
v 24.270773 6.966363 -43.753883
v 26.351652 7.264541 -44.607155
v 24.219290 7.039402 -43.845947
v 26.305689 7.337818 -44.701954
v 24.165356 7.067068 -43.959038
v 26.257875 7.365671 -44.817749
vt 0.0380 0.6626
vt 0.0402 0.6618
vt 0.0518 0.6906
vt 0.0497 0.6915
vt 0.8568 0.3416
vt 0.8550 0.3415
vt 0.8545 0.3102
vt 0.8562 0.3103
vt 0.8591 0.3416
vt 0.8586 0.3103
vt 0.8617 0.3415
vt 0.8612 0.3102
vt 0.8641 0.3414
vt 0.8636 0.3102
vt 0.2712 0.2845
vt 0.2694 0.2837
vt 0.2811 0.2549
vt 0.2828 0.2558
vt 0.2734 0.2854
vt 0.2850 0.2569
vt 0.2759 0.2863
vt 0.2874 0.2579
vt 0.2781 0.2872
vt 0.2896 0.2588
vt 0.9393 0.2354
vt 0.9413 0.2351
vt 0.9405 0.2655
vt 0.9384 0.2657
vt 0.9368 0.2354
vt 0.9359 0.2657
vt 0.9342 0.2352
vt 0.9333 0.2656
vt 0.9320 0.2349
vt 0.9311 0.2654
vt 0.0449 0.6600
vt 0.0467 0.6592
vt 0.0582 0.6876
vt 0.0564 0.6885
vt 0.0426 0.6609
vt 0.0542 0.6896
vn -0.3495 0.7162 -0.6041
vn -0.2505 0.9237 -0.2900
vn -0.3495 0.7161 -0.6042
vn -0.3956 0.4004 -0.8266
vn -0.3956 0.4003 -0.8266
vn -0.3818 0.0243 -0.9239
vn -0.3818 0.0241 -0.9239
vn -0.3103 -0.3557 -0.8816
vn -0.3102 -0.3558 -0.8816
vn -0.1917 -0.6821 -0.7057
vn -0.1916 -0.6822 -0.7056
vn -0.0439 -0.9053 -0.4225
vn -0.0438 -0.9054 -0.4222
vn 0.1108 -0.9910 -0.0746
vn 0.1109 -0.9911 -0.0743
vn 0.2487 -0.9257 0.2851
vn 0.2488 -0.9255 0.2854
vn 0.3487 -0.7187 0.6015
vn 0.3488 -0.7185 0.6017
vn 0.3954 -0.4017 0.8260
vn 0.3954 -0.4014 0.8261
vn 0.3816 -0.0232 0.9240
vn 0.3816 -0.0229 0.9241
vn 0.3093 0.3589 0.8806
vn 0.3093 0.3591 0.8806
vn 0.1898 0.6859 0.7025
vn 0.1897 0.6860 0.7024
vn 0.0413 0.9079 0.4172
vn 0.0413 0.9079 0.4171
vn -0.1133 0.9912 0.0686
vn -0.1133 0.9912 0.0685
usemtl None
s 1
f 387/495/385 386/496/386 385/497/386 388/498/387
f 389/499/388 387/500/385 388/501/387 390/502/389
f 391/503/390 389/499/388 390/502/389 392/504/391
f 393/505/392 391/503/390 392/504/391 394/506/393
f 395/507/394 393/505/392 394/506/393 396/508/395
f 397/509/396 395/510/394 396/511/395 398/512/397
f 399/513/398 397/509/396 398/512/397 400/514/399
f 401/515/400 399/513/398 400/514/399 402/516/401
f 403/517/402 401/515/400 402/516/401 404/518/403
f 405/519/404 403/520/402 404/521/403 406/522/405
f 407/523/406 405/519/404 406/522/405 408/524/407
f 409/525/408 407/523/406 408/524/407 410/526/409
f 411/527/410 409/525/408 410/526/409 412/528/411
f 413/529/412 411/530/410 412/531/411 414/532/413
f 415/533/414 413/529/412 414/532/413 416/534/415
f 386/496/386 415/533/414 416/534/415 385/497/386
o Circle.053_Circle.055
v 28.401056 7.622445 -45.708103
v 26.215492 7.343860 -44.936901
v 26.184990 7.275704 -45.041283
v 28.374926 7.554210 -45.813648
v 26.171015 7.171580 -45.114983
v 28.363400 7.449936 -45.887615
v 26.175692 7.047341 -45.146797
v 28.368223 7.325499 -45.918755
v 26.198311 6.921901 -45.131882
v 28.388668 7.199842 -45.902325
v 26.235426 6.814355 -45.072506
v 28.421621 7.092096 -45.840824
v 26.281389 6.741078 -44.977703
v 28.462067 7.018664 -45.743614
v 26.329203 6.713225 -44.861912
v 28.503843 6.990726 -45.625492
v 26.371590 6.735036 -44.742752
v 28.540596 7.012534 -45.504448
v 26.402088 6.803193 -44.638382
v 28.566721 7.080769 -45.398914
v 26.416065 6.907315 -44.564674
v 28.578255 7.185042 -45.324940
v 26.411386 7.031555 -44.532860
v 28.573427 7.309480 -45.293800
v 26.388769 7.156995 -44.547775
v 28.552984 7.435136 -45.310234
v 26.351652 7.264541 -44.607155
v 28.520029 7.542882 -45.371738
v 26.305689 7.337818 -44.701954
v 28.479584 7.616314 -45.468945
v 26.257875 7.365671 -44.817749
v 28.437809 7.644253 -45.587063
vt 0.0497 0.6915
vt 0.0518 0.6906
vt 0.0651 0.7194
vt 0.0630 0.7204
vt 0.8562 0.3103
vt 0.8545 0.3102
vt 0.8546 0.2783
vt 0.8564 0.2783
vt 0.8586 0.3103
vt 0.8588 0.2783
vt 0.8612 0.3102
vt 0.8613 0.2783
vt 0.8636 0.3102
vt 0.8638 0.2784
vt 0.2828 0.2558
vt 0.2811 0.2549
vt 0.2944 0.2262
vt 0.2961 0.2272
vt 0.2850 0.2569
vt 0.2982 0.2284
vt 0.2874 0.2579
vt 0.3006 0.2295
vt 0.2896 0.2588
vt 0.3027 0.2305
vt 0.9384 0.2657
vt 0.9405 0.2655
vt 0.9399 0.2967
vt 0.9379 0.2968
vt 0.9359 0.2657
vt 0.9353 0.2968
vt 0.9333 0.2656
vt 0.9328 0.2968
vt 0.9311 0.2654
vt 0.9305 0.2966
vt 0.0564 0.6885
vt 0.0582 0.6876
vt 0.0713 0.7160
vt 0.0696 0.7170
vt 0.0542 0.6896
vt 0.0674 0.7182
vn -0.3110 0.7178 -0.6230
vn -0.2255 0.9253 -0.3048
vn -0.2255 0.9253 -0.3049
vn -0.3110 0.7177 -0.6230
vn -0.3493 0.4017 -0.8465
vn -0.3348 0.0251 -0.9419
vn -0.3348 0.0250 -0.9420
vn -0.2697 -0.3555 -0.8949
vn -0.2696 -0.3557 -0.8949
vn -0.1636 -0.6826 -0.7123
vn -0.1635 -0.6827 -0.7121
vn -0.0326 -0.9064 -0.4212
vn -0.0325 -0.9065 -0.4210
vn 0.1036 -0.9924 -0.0657
vn 0.1037 -0.9925 -0.0654
vn 0.2240 -0.9272 0.3002
vn 0.2241 -0.9271 0.3005
vn 0.3104 -0.7202 0.6205
vn 0.3104 -0.7200 0.6207
vn 0.3492 -0.4029 0.8460
vn 0.3492 -0.4026 0.8461
vn 0.3346 -0.0238 0.9420
vn 0.3346 -0.0236 0.9421
vn 0.2688 0.3588 0.8939
vn 0.2688 0.3590 0.8938
vn 0.1619 0.6864 0.7090
vn 0.1619 0.6865 0.7089
vn 0.0303 0.9089 0.4160
vn 0.0303 0.9089 0.4159
vn -0.1057 0.9926 0.0599
vn -0.1057 0.9926 0.0598
usemtl None
s 1
f 419/535/416 418/536/417 417/537/418 420/538/419
f 421/539/420 419/540/416 420/541/419 422/542/420
f 423/543/421 421/539/420 422/542/420 424/544/422
f 425/545/423 423/543/421 424/544/422 426/546/424
f 427/547/425 425/545/423 426/546/424 428/548/426
f 429/549/427 427/550/425 428/551/426 430/552/428
f 431/553/429 429/549/427 430/552/428 432/554/430
f 433/555/431 431/553/429 432/554/430 434/556/432
f 435/557/433 433/555/431 434/556/432 436/558/434
f 437/559/435 435/560/433 436/561/434 438/562/436
f 439/563/437 437/559/435 438/562/436 440/564/438
f 441/565/439 439/563/437 440/564/438 442/566/440
f 443/567/441 441/565/439 442/566/440 444/568/442
f 445/569/443 443/570/441 444/571/442 446/572/444
f 447/573/445 445/569/443 446/572/444 448/574/446
f 418/536/417 447/573/445 448/574/446 417/537/418
o Circle.052_Circle.054
v 30.673647 7.878220 -46.389351
v 28.401056 7.622445 -45.708103
v 28.374926 7.554210 -45.813648
v 30.651665 7.809818 -46.495770
v 28.363400 7.449936 -45.887615
v 30.642359 7.705334 -46.569817
v 28.368223 7.325499 -45.918755
v 30.647139 7.580679 -46.600231
v 28.388668 7.199842 -45.902325
v 30.665281 7.454827 -46.582371
v 28.421621 7.092096 -45.840824
v 30.694023 7.346940 -46.518959
v 28.462067 7.018664 -45.743614
v 30.728989 7.273441 -46.419651
v 28.503843 6.990726 -45.625492
v 30.764856 7.245521 -46.299568
v 28.540596 7.012534 -45.504448
v 30.796165 7.267429 -46.176979
v 28.566721 7.080769 -45.398914
v 30.818144 7.335831 -46.070564
v 28.578255 7.185042 -45.324940
v 30.827454 7.440314 -45.996517
v 28.573427 7.309480 -45.293800
v 30.822672 7.564970 -45.966103
v 28.552984 7.435136 -45.310234
v 30.804529 7.690821 -45.983963
v 28.520029 7.542882 -45.371738
v 30.775785 7.798709 -46.047375
v 28.479584 7.616314 -45.468945
v 30.740820 7.872208 -46.146683
v 28.437809 7.644253 -45.587063
v 30.704954 7.900129 -46.266766
vt 0.0630 0.7204
vt 0.0651 0.7194
vt 0.0799 0.7481
vt 0.0778 0.7491
vt 0.8564 0.2783
vt 0.8546 0.2783
vt 0.8554 0.2457
vt 0.8572 0.2457
vt 0.8588 0.2783
vt 0.8596 0.2457
vt 0.8613 0.2783
vt 0.8622 0.2458
vt 0.8638 0.2784
vt 0.8646 0.2459
vt 0.2961 0.2272
vt 0.2944 0.2262
vt 0.3092 0.1976
vt 0.3109 0.1987
vt 0.2982 0.2284
vt 0.3130 0.2000
vt 0.3006 0.2295
vt 0.3153 0.2012
vt 0.3027 0.2305
vt 0.3174 0.2023
vt 0.9379 0.2968
vt 0.9399 0.2967
vt 0.9398 0.3287
vt 0.9377 0.3288
vt 0.9353 0.2968
vt 0.9352 0.3288
vt 0.9328 0.2968
vt 0.9327 0.3288
vt 0.9305 0.2966
vt 0.9304 0.3288
vt 0.0696 0.7170
vt 0.0713 0.7160
vt 0.0860 0.7444
vt 0.0843 0.7455
vt 0.0674 0.7182
vt 0.0822 0.7468
vn -0.2723 0.7188 -0.6396
vn -0.1998 0.9266 -0.3185
vn -0.1998 0.9266 -0.3186
vn -0.2723 0.7188 -0.6397
vn -0.3036 0.4023 -0.8637
vn -0.3036 0.4022 -0.8637
vn -0.2890 0.0251 -0.9570
vn -0.2890 0.0250 -0.9570
vn -0.2306 -0.3561 -0.9055
vn -0.2306 -0.3563 -0.9055
vn -0.1372 -0.6836 -0.7168
vn -0.1372 -0.6838 -0.7166
vn -0.0229 -0.9077 -0.4190
vn -0.0228 -0.9078 -0.4187
vn 0.0950 -0.9938 -0.0570
vn 0.0951 -0.9939 -0.0567
vn 0.1986 -0.9284 0.3141
vn 0.1986 -0.9283 0.3144
vn 0.2718 -0.7210 0.6374
vn 0.2719 -0.7208 0.6376
vn 0.3035 -0.4033 0.8633
vn 0.3035 -0.4030 0.8634
vn 0.2888 -0.0237 0.9571
vn 0.2887 -0.0235 0.9571
vn 0.2298 0.3594 0.9044
vn 0.2298 0.3596 0.9044
vn 0.1358 0.6874 0.7135
vn 0.1357 0.6875 0.7134
vn 0.0210 0.9101 0.4138
vn 0.0210 0.9102 0.4137
vn -0.0968 0.9940 0.0513
usemtl None
s 1
f 451/575/447 450/576/448 449/577/449 452/578/450
f 453/579/451 451/580/447 452/581/450 454/582/452
f 455/583/453 453/579/451 454/582/452 456/584/454
f 457/585/455 455/583/453 456/584/454 458/586/456
f 459/587/457 457/585/455 458/586/456 460/588/458
f 461/589/459 459/590/457 460/591/458 462/592/460
f 463/593/461 461/589/459 462/592/460 464/594/462
f 465/595/463 463/593/461 464/594/462 466/596/464
f 467/597/465 465/595/463 466/596/464 468/598/466
f 469/599/467 467/600/465 468/601/466 470/602/468
f 471/603/469 469/599/467 470/602/468 472/604/470
f 473/605/471 471/603/469 472/604/470 474/606/472
f 475/607/473 473/605/471 474/606/472 476/608/474
f 477/609/475 475/610/473 476/611/474 478/612/476
f 479/613/477 477/609/475 478/612/476 480/614/477
f 450/576/448 479/613/477 480/614/477 449/577/449
o Circle.051_Circle.053
v 33.033031 8.108500 -46.980473
v 30.673647 7.878220 -46.389351
v 30.651665 7.809818 -46.495770
v 33.014954 8.039847 -47.087513
v 30.642359 7.705334 -46.569817
v 33.007637 7.935103 -47.161480
v 30.647139 7.580679 -46.600231
v 33.012192 7.810215 -47.191132
v 30.665281 7.454827 -46.582371
v 33.027924 7.684195 -47.171940
v 30.694023 7.346940 -46.518959
v 33.052437 7.576228 -47.106831
v 30.728989 7.273441 -46.419651
v 33.082001 7.502753 -47.005714
v 30.764856 7.245521 -46.299568
v 33.112118 7.474954 -46.883987
v 30.796165 7.267429 -46.176979
v 33.138199 7.497064 -46.760185
v 30.818144 7.335831 -46.070564
v 33.156273 7.565717 -46.653149
v 30.827454 7.440314 -45.996517
v 33.163593 7.670461 -46.579174
v 30.822672 7.564970 -45.966103
v 33.159039 7.795350 -46.549522
v 30.804529 7.690821 -45.983963
v 33.143307 7.921369 -46.568714
v 30.775785 7.798709 -46.047375
v 33.118790 8.029337 -46.633827
v 30.740820 7.872208 -46.146683
v 33.089226 8.102812 -46.734940
v 30.704954 7.900129 -46.266766
v 33.059113 8.130610 -46.856667
vt 0.0778 0.7491
vt 0.0799 0.7481
vt 0.0963 0.7767
vt 0.0943 0.7778
vt 0.8572 0.2457
vt 0.8554 0.2457
vt 0.8570 0.2125
vt 0.8588 0.2124
vt 0.8596 0.2457
vt 0.8611 0.2124
vt 0.8622 0.2458
vt 0.8637 0.2126
vt 0.8646 0.2459
vt 0.8661 0.2128
vt 0.3109 0.1987
vt 0.3092 0.1976
vt 0.3257 0.1690
vt 0.3273 0.1702
vt 0.3130 0.2000
vt 0.3294 0.1716
vt 0.3153 0.2012
vt 0.3316 0.1730
vt 0.3174 0.2023
vt 0.3336 0.1741
vt 0.9377 0.3288
vt 0.9398 0.3287
vt 0.9402 0.3615
vt 0.9381 0.3616
vt 0.9352 0.3288
vt 0.9356 0.3616
vt 0.9327 0.3288
vt 0.9330 0.3617
vt 0.9304 0.3288
vt 0.9308 0.3617
vt 0.0843 0.7455
vt 0.0860 0.7444
vt 0.1022 0.7727
vt 0.1006 0.7739
vt 0.0822 0.7468
vt 0.0986 0.7753
vn -0.2338 0.7192 -0.6543
vn -0.1734 0.9276 -0.3309
vn -0.1735 0.9276 -0.3310
vn -0.2588 0.4021 -0.8783
vn -0.2588 0.4020 -0.8783
vn -0.2445 0.0243 -0.9693
vn -0.2445 0.0241 -0.9693
vn -0.1933 -0.3575 -0.9137
vn -0.1933 -0.3576 -0.9136
vn -0.1127 -0.6853 -0.7195
vn -0.1127 -0.6854 -0.7193
vn -0.0149 -0.9093 -0.4158
vn -0.0149 -0.9095 -0.4155
vn 0.0852 -0.9952 -0.0484
vn 0.0853 -0.9952 -0.0481
vn 0.1725 -0.9293 0.3267
vn 0.1725 -0.9291 0.3270
vn 0.2334 -0.7213 0.6521
vn 0.2334 -0.7211 0.6524
vn 0.2587 -0.4029 0.8779
vn 0.2587 -0.4026 0.8781
vn 0.2443 -0.0228 0.9694
vn 0.2443 -0.0226 0.9694
vn 0.1926 0.3607 0.9126
vn 0.1926 0.3609 0.9125
vn 0.1115 0.6889 0.7162
vn 0.1114 0.6890 0.7161
vn 0.0134 0.9117 0.4107
vn 0.0133 0.9117 0.4106
vn -0.0867 0.9953 0.0429
usemtl None
s 1
f 483/615/478 482/616/479 481/617/480 484/618/478
f 485/619/481 483/620/478 484/621/478 486/622/482
f 487/623/483 485/619/481 486/622/482 488/624/484
f 489/625/485 487/623/483 488/624/484 490/626/486
f 491/627/487 489/625/485 490/626/486 492/628/488
f 493/629/489 491/630/487 492/631/488 494/632/490
f 495/633/491 493/629/489 494/632/490 496/634/492
f 497/635/493 495/633/491 496/634/492 498/636/494
f 499/637/495 497/635/493 498/636/494 500/638/496
f 501/639/497 499/640/495 500/641/496 502/642/498
f 503/643/499 501/639/497 502/642/498 504/644/500
f 505/645/501 503/643/499 504/644/500 506/646/502
f 507/647/503 505/645/501 506/646/502 508/648/504
f 509/649/505 507/650/503 508/651/504 510/652/506
f 511/653/507 509/649/505 510/652/506 512/654/507
f 482/616/479 511/653/507 512/654/507 481/617/480
o Circle.050_Circle.052
v 35.478989 8.310606 -47.481319
v 33.033031 8.108500 -46.980473
v 33.014954 8.039847 -47.087513
v 35.464565 8.241626 -47.588749
v 33.007637 7.935103 -47.161480
v 35.459007 8.136572 -47.662510
v 33.012192 7.810215 -47.191132
v 35.463158 8.011442 -47.691383
v 33.027924 7.684195 -47.171940
v 35.476391 7.885285 -47.670959
v 33.052437 7.576228 -47.106831
v 35.496685 7.777305 -47.604351
v 33.082001 7.502753 -47.005714
v 35.520954 7.703944 -47.501698
v 33.112118 7.474954 -46.883987
v 35.545506 7.676368 -47.378632
v 33.138199 7.497064 -46.760185
v 35.566597 7.698775 -47.253887
v 33.156273 7.565717 -46.653149
v 35.581020 7.767757 -47.146458
v 33.163593 7.670461 -46.579174
v 35.586578 7.872809 -47.072693
v 33.159039 7.795350 -46.549522
v 35.582428 7.997939 -47.043827
v 33.143307 7.921369 -46.568714
v 35.569195 8.124096 -47.064247
v 33.118790 8.029337 -46.633827
v 35.548901 8.232078 -47.130863
v 33.089226 8.102812 -46.734940
v 35.524632 8.305439 -47.233513
v 33.059113 8.130610 -46.856667
v 35.500080 8.333014 -47.356575
vt 0.0943 0.7778
vt 0.0963 0.7767
vt 0.1144 0.8052
vt 0.1124 0.8064
vt 0.8588 0.2124
vt 0.8570 0.2125
vt 0.8593 0.1787
vt 0.8611 0.1785
vt 0.8611 0.2124
vt 0.8635 0.1786
vt 0.8637 0.2126
vt 0.8661 0.1788
vt 0.8661 0.2128
vt 0.8685 0.1791
vt 0.3273 0.1702
vt 0.3257 0.1690
vt 0.3438 0.1406
vt 0.3453 0.1419
vt 0.3294 0.1716
vt 0.3473 0.1434
vt 0.3316 0.1730
vt 0.3495 0.1448
vt 0.3336 0.1741
vt 0.3515 0.1460
vt 0.9381 0.3616
vt 0.9402 0.3615
vt 0.9410 0.3952
vt 0.9389 0.3952
vt 0.9356 0.3616
vt 0.9364 0.3952
vt 0.9330 0.3617
vt 0.9338 0.3953
vt 0.9308 0.3617
vt 0.9316 0.3955
vt 0.1006 0.7739
vt 0.1022 0.7727
vt 0.1201 0.8009
vt 0.1185 0.8023
vt 0.0986 0.7753
vt 0.1165 0.8038
vn -0.1957 0.7190 -0.6669
vn -0.1467 0.9281 -0.3422
vn -0.1468 0.9281 -0.3422
vn -0.1957 0.7189 -0.6670
vn -0.2150 0.4011 -0.8904
vn -0.2150 0.4010 -0.8905
vn -0.2017 0.0226 -0.9792
vn -0.2017 0.0225 -0.9792
vn -0.1579 -0.3595 -0.9197
vn -0.1579 -0.3597 -0.9196
vn -0.0901 -0.6874 -0.7207
vn -0.0901 -0.6876 -0.7205
vn -0.0086 -0.9112 -0.4119
vn -0.0085 -0.9113 -0.4117
vn 0.0743 -0.9964 -0.0401
vn 0.0744 -0.9964 -0.0398
vn 0.1460 -0.9297 0.3381
vn 0.1460 -0.9296 0.3384
vn 0.1954 -0.7209 0.6650
vn 0.1954 -0.7207 0.6652
vn 0.2149 -0.4017 0.8902
vn 0.2149 -0.4015 0.8903
vn 0.2015 -0.0211 0.9793
vn 0.2015 -0.0208 0.9793
vn 0.1573 0.3628 0.9185
vn 0.1573 0.3629 0.9184
vn 0.0891 0.6910 0.7174
vn 0.0891 0.6910 0.7173
vn 0.0073 0.9134 0.4070
vn 0.0073 0.9134 0.4069
vn -0.0755 0.9965 0.0348
usemtl None
s 1
f 515/655/508 514/656/509 513/657/510 516/658/511
f 517/659/512 515/660/508 516/661/511 518/662/513
f 519/663/514 517/659/512 518/662/513 520/664/515
f 521/665/516 519/663/514 520/664/515 522/666/517
f 523/667/518 521/665/516 522/666/517 524/668/519
f 525/669/520 523/670/518 524/671/519 526/672/521
f 527/673/522 525/669/520 526/672/521 528/674/523
f 529/675/524 527/673/522 528/674/523 530/676/525
f 531/677/526 529/675/524 530/676/525 532/678/527
f 533/679/528 531/680/526 532/681/527 534/682/529
f 535/683/530 533/679/528 534/682/529 536/684/531
f 537/685/532 535/683/530 536/684/531 538/686/533
f 539/687/534 537/685/532 538/686/533 540/688/535
f 541/689/536 539/690/534 540/691/535 542/692/537
f 543/693/538 541/689/536 542/692/537 544/694/538
f 514/656/509 543/693/538 544/694/538 513/657/510
o Circle.049_Circle.051
v 38.011299 8.481859 -47.891739
v 35.478989 8.310606 -47.481319
v 35.464565 8.241626 -47.588749
v 38.000267 8.412480 -47.999374
v 35.459007 8.136572 -47.662510
v 37.996239 8.307078 -48.072823
v 35.463158 8.011442 -47.691383
v 37.999828 8.181705 -48.100910
v 35.476391 7.885285 -47.670959
v 38.010490 8.055445 -48.079346
v 35.496685 7.777305 -47.604351
v 38.026596 7.947518 -48.011433
v 35.520954 7.703944 -47.501698
v 38.045704 7.874358 -47.907490
v 35.545506 7.676368 -47.378632
v 38.064896 7.847103 -47.783352
v 35.566597 7.698775 -47.253887
v 38.081249 7.869900 -47.657925
v 35.581020 7.767757 -47.146458
v 38.092281 7.939280 -47.550297
v 35.586578 7.872809 -47.072693
v 38.096310 8.044681 -47.476849
v 35.582428 7.997939 -47.043827
v 38.092724 8.170055 -47.448765
v 35.569195 8.124096 -47.064247
v 38.082062 8.296315 -47.470322
v 35.548901 8.232078 -47.130863
v 38.065952 8.404243 -47.538239
v 35.524632 8.305439 -47.233513
v 38.046848 8.477402 -47.642178
v 35.500080 8.333014 -47.356575
v 38.027657 8.504658 -47.766312
vt 0.1124 0.8064
vt 0.1144 0.8052
vt 0.1340 0.8336
vt 0.1320 0.8349
vt 0.8611 0.1785
vt 0.8593 0.1787
vt 0.8623 0.1442
vt 0.8642 0.1440
vt 0.8635 0.1786
vt 0.8666 0.1441
vt 0.8661 0.1788
vt 0.8692 0.1444
vt 0.8685 0.1791
vt 0.8715 0.1448
vt 0.3453 0.1419
vt 0.3438 0.1406
vt 0.3634 0.1122
vt 0.3649 0.1136
vt 0.3473 0.1434
vt 0.3668 0.1152
vt 0.3495 0.1448
vt 0.3689 0.1167
vt 0.3515 0.1460
vt 0.3709 0.1180
vt 0.9389 0.3952
vt 0.9410 0.3952
vt 0.9424 0.4297
vt 0.9402 0.4296
vt 0.9364 0.3952
vt 0.9377 0.4297
vt 0.9338 0.3953
vt 0.9352 0.4299
vt 0.9316 0.3955
vt 0.9330 0.4301
vt 0.1185 0.8023
vt 0.1201 0.8009
vt 0.1395 0.8291
vt 0.1380 0.8305
vt 0.1165 0.8038
vt 0.1361 0.8321
vn -0.1581 0.7181 -0.6777
vn -0.1199 0.9282 -0.3522
vn -0.1581 0.7181 -0.6778
vn -0.1725 0.3994 -0.9004
vn -0.1725 0.3993 -0.9005
vn -0.1607 0.0202 -0.9868
vn -0.1607 0.0200 -0.9868
vn -0.1245 -0.3622 -0.9237
vn -0.1245 -0.3624 -0.9237
vn -0.0695 -0.6900 -0.7205
vn -0.0695 -0.6901 -0.7203
vn -0.0039 -0.9132 -0.4075
vn -0.0038 -0.9133 -0.4073
vn 0.0624 -0.9975 -0.0322
vn 0.0625 -0.9975 -0.0319
vn 0.1192 -0.9297 0.3484
vn 0.1193 -0.9296 0.3487
vn 0.1579 -0.7198 0.6760
vn 0.1579 -0.7196 0.6762
vn 0.1724 -0.3998 0.9003
vn 0.1724 -0.3995 0.9004
vn 0.1605 -0.0185 0.9869
vn 0.1605 -0.0183 0.9869
vn 0.1240 0.3655 0.9225
vn 0.1240 0.3656 0.9225
vn 0.0687 0.6934 0.7173
vn 0.0686 0.6935 0.7172
vn 0.0028 0.9153 0.4027
vn 0.0028 0.9154 0.4026
vn -0.0633 0.9976 0.0271
vn -0.0634 0.9976 0.0271
usemtl None
s 1
f 547/695/539 546/696/540 545/697/540 548/698/541
f 549/699/542 547/700/539 548/701/541 550/702/543
f 551/703/544 549/699/542 550/702/543 552/704/545
f 553/705/546 551/703/544 552/704/545 554/706/547
f 555/707/548 553/705/546 554/706/547 556/708/549
f 557/709/550 555/710/548 556/711/549 558/712/551
f 559/713/552 557/709/550 558/712/551 560/714/553
f 561/715/554 559/713/552 560/714/553 562/716/555
f 563/717/556 561/715/554 562/716/555 564/718/557
f 565/719/558 563/720/556 564/721/557 566/722/559
f 567/723/560 565/719/558 566/722/559 568/724/561
f 569/725/562 567/723/560 568/724/561 570/726/563
f 571/727/564 569/725/562 570/726/563 572/728/565
f 573/729/566 571/730/564 572/731/565 574/732/567
f 575/733/568 573/729/566 574/732/567 576/734/569
f 546/696/540 575/733/568 576/734/569 545/697/540
o Circle.048_Circle.050
v 40.629757 8.619584 -48.211590
v 38.011299 8.481859 -47.891739
v 38.000267 8.412480 -47.999374
v 40.621857 8.549742 -48.319263
v 37.996239 8.307078 -48.072823
v 40.619137 8.443959 -48.392307
v 37.999828 8.181705 -48.100910
v 40.622017 8.318344 -48.419617
v 38.010490 8.055445 -48.079346
v 40.630054 8.192018 -48.397030
v 38.026596 7.947518 -48.011433
v 40.642029 8.084211 -48.327976
v 38.045704 7.874358 -47.907490
v 40.656113 8.011340 -48.222977
v 38.064896 7.847103 -47.783352
v 40.670166 7.984497 -48.098019
v 38.081249 7.869900 -47.657925
v 40.682045 8.007767 -47.972111
v 38.092281 7.939280 -47.550297
v 40.689949 8.077609 -47.864449
v 38.096310 8.044681 -47.476849
v 40.692665 8.183392 -47.791393
v 38.092724 8.170055 -47.448765
v 40.689785 8.309008 -47.764091
v 38.082062 8.296315 -47.470322
v 40.681751 8.435333 -47.786678
v 38.065952 8.404243 -47.538239
v 40.669777 8.543139 -47.855728
v 38.046848 8.477402 -47.642178
v 40.655693 8.616012 -47.960728
v 38.027657 8.504658 -47.766312
v 40.641636 8.642855 -48.085690
vt 0.1320 0.8349
vt 0.1340 0.8336
vt 0.1551 0.8620
vt 0.1532 0.8632
vt 0.8642 0.1440
vt 0.8623 0.1442
vt 0.8663 0.1091
vt 0.8681 0.1089
vt 0.8666 0.1441
vt 0.8705 0.1090
vt 0.8692 0.1444
vt 0.8731 0.1093
vt 0.8715 0.1448
vt 0.8755 0.1098
vt 0.3649 0.1136
vt 0.3634 0.1122
vt 0.3845 0.0840
vt 0.3860 0.0855
vt 0.3668 0.1152
vt 0.3879 0.0872
vt 0.3689 0.1167
vt 0.3899 0.0888
vt 0.3709 0.1180
vt 0.3918 0.0900
vt 0.9402 0.4296
vt 0.9424 0.4297
vt 0.9443 0.4650
vt 0.9421 0.4649
vt 0.9377 0.4297
vt 0.9396 0.4650
vt 0.9352 0.4299
vt 0.9371 0.4652
vt 0.9330 0.4301
vt 0.9349 0.4655
vt 0.1380 0.8305
vt 0.1395 0.8291
vt 0.1605 0.8572
vt 0.1591 0.8587
vt 0.1361 0.8321
vt 0.1572 0.8604
vn -0.1213 0.7166 -0.6869
vn -0.0929 0.9279 -0.3610
vn -0.0929 0.9279 -0.3611
vn -0.1314 0.3968 -0.9084
vn -0.1314 0.3968 -0.9085
vn -0.1215 0.0170 -0.9924
vn -0.1215 0.0169 -0.9924
vn -0.0933 -0.3655 -0.9261
vn -0.0932 -0.3657 -0.9260
vn -0.0508 -0.6929 -0.7192
vn -0.0508 -0.6931 -0.7190
vn -0.0006 -0.9153 -0.4028
vn -0.0006 -0.9154 -0.4025
vn 0.0497 -0.9985 -0.0247
vn 0.0497 -0.9985 -0.0244
vn 0.0924 -0.9293 0.3575
vn 0.0925 -0.9292 0.3578
vn 0.1211 -0.7182 0.6853
vn 0.1211 -0.7180 0.6855
vn 0.1313 -0.3971 0.9083
vn 0.1313 -0.3969 0.9084
vn 0.1213 -0.0153 0.9925
vn 0.1213 -0.0151 0.9925
vn 0.0928 0.3687 0.9249
vn 0.0928 0.3689 0.9248
vn 0.0502 0.6963 0.7160
vn -0.0001 0.9173 0.3981
vn -0.0001 0.9174 0.3980
vn -0.0504 0.9985 0.0198
usemtl None
s 1
f 579/735/570 578/736/571 577/737/572 580/738/570
f 581/739/573 579/740/570 580/741/570 582/742/574
f 583/743/575 581/739/573 582/742/574 584/744/576
f 585/745/577 583/743/575 584/744/576 586/746/578
f 587/747/579 585/745/577 586/746/578 588/748/580
f 589/749/581 587/750/579 588/751/580 590/752/582
f 591/753/583 589/749/581 590/752/582 592/754/584
f 593/755/585 591/753/583 592/754/584 594/756/586
f 595/757/587 593/755/585 594/756/586 596/758/588
f 597/759/589 595/760/587 596/761/588 598/762/590
f 599/763/591 597/759/589 598/762/590 600/764/592
f 601/765/593 599/763/591 600/764/592 602/766/594
f 603/767/595 601/765/593 602/766/594 604/768/595
f 605/769/596 603/770/595 604/771/595 606/772/597
f 607/773/598 605/769/596 606/772/597 608/774/598
f 578/736/571 607/773/598 608/774/598 577/737/572
o Circle.047_Circle.049
v 43.334148 8.721109 -48.440720
v 40.629757 8.619584 -48.211590
v 40.621857 8.549742 -48.319263
v 43.329124 8.650749 -48.548294
v 40.619137 8.443959 -48.392307
v 43.327503 8.544559 -48.620876
v 40.622017 8.318344 -48.419617
v 43.329536 8.418709 -48.647427
v 40.630054 8.192018 -48.397030
v 43.334915 8.292356 -48.623901
v 40.642029 8.084211 -48.327976
v 43.342819 8.184735 -48.553883
v 40.656113 8.011340 -48.222977
v 43.352047 8.112233 -48.448021
v 40.670166 7.984497 -48.098019
v 43.361187 8.085888 -48.322441
v 40.682045 8.007767 -47.972111
v 43.368858 8.109708 -48.196259
v 40.689949 8.077609 -47.864449
v 43.373882 8.180070 -48.088692
v 40.692665 8.183392 -47.791393
v 43.375504 8.286258 -48.016102
v 40.689785 8.309008 -47.764091
v 43.373470 8.412109 -47.989555
v 40.681751 8.435333 -47.786678
v 43.368095 8.538463 -48.013077
v 40.669777 8.543139 -47.855728
v 43.360191 8.646083 -48.083103
v 40.655693 8.616012 -47.960728
v 43.350964 8.718584 -48.188957
v 40.641636 8.642855 -48.085690
v 43.341820 8.744930 -48.314537
vt 0.1532 0.8632
vt 0.1551 0.8620
vt 0.1779 0.8902
vt 0.1760 0.8915
vt 0.8681 0.1089
vt 0.8663 0.1091
vt 0.8710 0.0734
vt 0.8729 0.0732
vt 0.8705 0.1090
vt 0.8753 0.0733
vt 0.8731 0.1093
vt 0.8779 0.0737
vt 0.8755 0.1098
vt 0.8802 0.0743
vt 0.3860 0.0855
vt 0.3845 0.0840
vt 0.4072 0.0559
vt 0.4086 0.0574
vt 0.3879 0.0872
vt 0.4105 0.0592
vt 0.3899 0.0888
vt 0.4125 0.0609
vt 0.3918 0.0900
vt 0.4144 0.0622
vt 0.9421 0.4649
vt 0.9443 0.4650
vt 0.9468 0.5010
vt 0.9446 0.5010
vt 0.9396 0.4650
vt 0.9421 0.5011
vt 0.9371 0.4652
vt 0.9396 0.5013
vt 0.9349 0.4655
vt 0.9374 0.5018
vt 0.1591 0.8587
vt 0.1605 0.8572
vt 0.1831 0.8852
vt 0.1817 0.8868
vt 0.1572 0.8604
vt 0.1799 0.8885
vn -0.0854 0.7145 -0.6944
vn -0.0661 0.9271 -0.3688
vn -0.0661 0.9271 -0.3689
vn -0.0854 0.7144 -0.6945
vn -0.0918 0.3936 -0.9147
vn -0.0918 0.3935 -0.9147
vn -0.0843 0.0132 -0.9964
vn -0.0843 0.0131 -0.9964
vn -0.0641 -0.3694 -0.9271
vn -0.0640 -0.3696 -0.9270
vn -0.0341 -0.6962 -0.7170
vn -0.0340 -0.6964 -0.7168
vn 0.0011 -0.9175 -0.3977
vn 0.0012 -0.9176 -0.3975
vn 0.0362 -0.9992 -0.0176
vn 0.0362 -0.9992 -0.0173
vn 0.0657 -0.9285 0.3655
vn 0.0657 -0.9284 0.3658
vn 0.0852 -0.7159 0.6930
vn 0.0852 -0.7157 0.6932
vn 0.0917 -0.3938 0.9146
vn 0.0917 -0.3935 0.9147
vn 0.0842 -0.0114 0.9964
vn 0.0841 -0.0112 0.9964
vn 0.0637 0.3725 0.9258
vn 0.0637 0.3727 0.9258
vn 0.0336 0.6995 0.7139
vn 0.0336 0.6995 0.7138
vn -0.0017 0.9194 0.3932
vn -0.0017 0.9195 0.3932
vn -0.0367 0.9992 0.0130
usemtl None
s 1
f 611/775/599 610/776/600 609/777/601 612/778/602
f 613/779/603 611/780/599 612/781/602 614/782/604
f 615/783/605 613/779/603 614/782/604 616/784/606
f 617/785/607 615/783/605 616/784/606 618/786/608
f 619/787/609 617/785/607 618/786/608 620/788/610
f 621/789/611 619/790/609 620/791/610 622/792/612
f 623/793/613 621/789/611 622/792/612 624/794/614
f 625/795/615 623/793/613 624/794/614 626/796/616
f 627/797/617 625/795/615 626/796/616 628/798/618
f 629/799/619 627/800/617 628/801/618 630/802/620
f 631/803/621 629/799/619 630/802/620 632/804/622
f 633/805/623 631/803/621 632/804/622 634/806/624
f 635/807/625 633/805/623 634/806/624 636/808/626
f 637/809/627 635/810/625 636/811/626 638/812/628
f 639/813/629 637/809/627 638/812/628 640/814/629
f 610/776/600 639/813/629 640/814/629 609/777/601
o Circle.046_Circle.048
v 46.124294 8.783763 -48.579002
v 43.334148 8.721109 -48.440720
v 43.329124 8.650749 -48.548294
v 46.121887 8.712836 -48.686363
v 43.327503 8.544559 -48.620876
v 46.121162 8.606217 -48.758438
v 43.329536 8.418709 -48.647427
v 46.122231 8.480143 -48.784260
v 43.334915 8.292356 -48.623901
v 46.124924 8.353804 -48.759892
v 43.342819 8.184735 -48.553883
v 46.128838 8.246433 -48.689045
v 43.352047 8.112233 -48.448021
v 46.133373 8.174379 -48.582504
v 43.361187 8.085888 -48.322441
v 46.137840 8.148611 -48.456497
v 43.368858 8.109708 -48.196259
v 46.141563 8.173049 -48.330193
v 43.373882 8.180070 -48.088692
v 46.143967 8.243978 -48.222836
v 43.375504 8.286258 -48.016102
v 46.144691 8.350594 -48.150757
v 43.373470 8.412109 -47.989555
v 46.143627 8.476670 -48.124939
v 43.368095 8.538463 -48.013077
v 46.140930 8.603009 -48.149303
v 43.360191 8.646083 -48.083103
v 46.137016 8.710380 -48.220154
v 43.350964 8.718584 -48.188957
v 46.132481 8.782434 -48.326691
v 43.341820 8.744930 -48.314537
v 46.128014 8.808203 -48.452702
vt 0.1760 0.8915
vt 0.1779 0.8902
vt 0.2021 0.9183
vt 0.2003 0.9196
vt 0.8729 0.0732
vt 0.8710 0.0734
vt 0.8767 0.0371
vt 0.8786 0.0369
vt 0.8753 0.0733
vt 0.8810 0.0370
vt 0.8779 0.0737
vt 0.8836 0.0375
vt 0.8802 0.0743
vt 0.8859 0.0381
vt 0.4086 0.0574
vt 0.4072 0.0559
vt 0.4315 0.0279
vt 0.4329 0.0295
vt 0.4105 0.0592
vt 0.4347 0.0314
vt 0.4125 0.0609
vt 0.4366 0.0331
vt 0.4144 0.0622
vt 0.4384 0.0344
vt 0.9446 0.5010
vt 0.9468 0.5010
vt 0.9499 0.5379
vt 0.9478 0.5378
vt 0.9421 0.5011
vt 0.9452 0.5380
vt 0.9396 0.5013
vt 0.9427 0.5383
vt 0.9374 0.5018
vt 0.9405 0.5388
vt 0.1817 0.8868
vt 0.1831 0.8852
vt 0.2072 0.9131
vt 0.2059 0.9147
vt 0.1799 0.8885
vt 0.2041 0.9166
vn -0.0505 0.7117 -0.7006
vn -0.0394 0.9259 -0.3756
vn -0.0505 0.7117 -0.7007
vn -0.0539 0.3898 -0.9193
vn -0.0539 0.3897 -0.9194
vn -0.0491 0.0088 -0.9988
vn -0.0491 0.0086 -0.9988
vn -0.0369 -0.3737 -0.9268
vn -0.0369 -0.3739 -0.9267
vn -0.0191 -0.6998 -0.7141
vn -0.0191 -0.7000 -0.7139
vn 0.0016 -0.9197 -0.3926
vn 0.0016 -0.9198 -0.3923
vn 0.0220 -0.9997 -0.0110
vn 0.0221 -0.9997 -0.0107
vn 0.0392 -0.9272 0.3725
vn 0.0392 -0.9271 0.3728
vn 0.0503 -0.7130 0.6994
vn 0.0503 -0.7128 0.6995
vn 0.0538 -0.3898 0.9193
vn 0.0538 -0.3896 0.9194
vn 0.0490 -0.0070 0.9988
vn 0.0490 -0.0068 0.9988
vn 0.0367 0.3768 0.9256
vn 0.0367 0.3770 0.9255
vn 0.0188 0.7029 0.7110
vn 0.0188 0.7030 0.7110
vn -0.0019 0.9215 0.3883
vn -0.0019 0.9216 0.3882
vn -0.0224 0.9997 0.0067
vn -0.0224 0.9997 0.0066
usemtl None
s 1
f 643/815/630 642/816/631 641/817/631 644/818/632
f 645/819/633 643/820/630 644/821/632 646/822/634
f 647/823/635 645/819/633 646/822/634 648/824/636
f 649/825/637 647/823/635 648/824/636 650/826/638
f 651/827/639 649/825/637 650/826/638 652/828/640
f 653/829/641 651/830/639 652/831/640 654/832/642
f 655/833/643 653/829/641 654/832/642 656/834/644
f 657/835/645 655/833/643 656/834/644 658/836/646
f 659/837/647 657/835/645 658/836/646 660/838/648
f 661/839/649 659/840/647 660/841/648 662/842/650
f 663/843/651 661/839/649 662/842/650 664/844/652
f 665/845/653 663/843/651 664/844/652 666/846/654
f 667/847/655 665/845/653 666/846/654 668/848/656
f 669/849/657 667/850/655 668/851/656 670/852/658
f 671/853/659 669/849/657 670/852/658 672/854/660
f 642/816/631 671/853/659 672/854/660 641/817/631
o Circle.045_Circle.047
v 49.000004 8.804880 -48.373714
v 49.000004 8.733345 -48.266655
v 49.000004 8.626286 -48.195118
v 49.000004 8.500000 -48.169998
v 49.000004 8.373714 -48.195118
v 49.000004 8.266655 -48.266655
v 49.000004 8.195120 -48.373714
v 49.000004 8.170000 -48.500000
v 49.000004 8.195120 -48.626286
v 49.000004 8.266655 -48.733345
v 49.000004 8.373714 -48.804882
v 49.000004 8.500000 -48.830002
v 49.000004 8.626286 -48.804882
v 49.000004 8.733345 -48.733345
v 49.000004 8.804880 -48.626286
v 49.000004 8.830000 -48.500000
v 46.124294 8.783763 -48.579002
v 46.121887 8.712836 -48.686363
v 46.121162 8.606217 -48.758438
v 46.122231 8.480143 -48.784260
v 46.124924 8.353804 -48.759892
v 46.128838 8.246433 -48.689045
v 46.133373 8.174379 -48.582504
v 46.137840 8.148611 -48.456497
v 46.141563 8.173049 -48.330193
v 46.143967 8.243978 -48.222836
v 46.144691 8.350594 -48.150757
v 46.143627 8.476670 -48.124939
v 46.140930 8.603009 -48.149303
v 46.137016 8.710380 -48.220154
v 46.132481 8.782434 -48.326691
v 46.128014 8.808203 -48.452702
vt 0.2003 0.9196
vt 0.2021 0.9183
vt 0.2280 0.9463
vt 0.2262 0.9476
vt 0.8786 0.0369
vt 0.8767 0.0371
vt 0.8833 0.0002
vt 0.8852 0.0000
vt 0.8810 0.0370
vt 0.8876 0.0001
vt 0.8836 0.0375
vt 0.8902 0.0006
vt 0.8859 0.0381
vt 0.8925 0.0014
vt 0.4329 0.0295
vt 0.4315 0.0279
vt 0.4573 0.0000
vt 0.4586 0.0017
vt 0.4347 0.0314
vt 0.4604 0.0036
vt 0.4366 0.0331
vt 0.4623 0.0054
vt 0.4384 0.0344
vt 0.4640 0.0068
vt 0.9478 0.5378
vt 0.9499 0.5379
vt 0.9537 0.5756
vt 0.9515 0.5755
vt 0.9452 0.5380
vt 0.9490 0.5756
vt 0.9427 0.5383
vt 0.9465 0.5760
vt 0.9405 0.5388
vt 0.9443 0.5766
vt 0.2059 0.9147
vt 0.2072 0.9131
vt 0.2329 0.9409
vt 0.2316 0.9426
vt 0.2041 0.9166
vt 0.2299 0.9445
vn -0.0166 0.7084 -0.7056
vn -0.0131 0.9243 -0.3815
vn -0.0176 0.3853 -0.9226
vn -0.0176 0.3852 -0.9227
vn -0.0159 0.0038 -0.9999
vn -0.0159 0.0036 -0.9999
vn -0.0119 -0.3785 -0.9255
vn -0.0119 -0.3787 -0.9254
vn -0.0060 -0.7036 -0.7106
vn -0.0060 -0.7037 -0.7104
vn 0.0008 -0.9219 -0.3874
vn 0.0008 -0.9220 -0.3872
vn 0.0074 -1.0000 -0.0049
vn 0.0074 -1.0000 -0.0047
vn 0.0129 -0.9255 0.3786
vn 0.0129 -0.9254 0.3788
vn 0.0164 -0.7096 0.7044
vn 0.0164 -0.7094 0.7046
vn 0.0175 -0.3852 0.9227
vn 0.0175 -0.3850 0.9228
vn 0.0158 -0.0019 0.9999
vn 0.0158 -0.0017 0.9999
vn 0.0117 0.3816 0.9243
vn 0.0117 0.3817 0.9242
vn 0.0058 0.7066 0.7076
vn 0.0058 0.7067 0.7075
vn -0.0009 0.9237 0.3832
vn -0.0009 0.9237 0.3831
vn -0.0076 1.0000 0.0008
vn -0.0076 1.0000 0.0007
usemtl None
s 1
f 690/855/661 689/856/662 687/857/662 686/858/661
f 691/859/663 690/860/661 686/861/661 685/862/664
f 692/863/665 691/859/663 685/862/664 684/864/666
f 693/865/667 692/863/665 684/864/666 683/866/668
f 694/867/669 693/865/667 683/866/668 682/868/670
f 695/869/671 694/870/669 682/871/670 681/872/672
f 696/873/673 695/869/671 681/872/672 680/874/674
f 697/875/675 696/873/673 680/874/674 679/876/676
f 698/877/677 697/875/675 679/876/676 678/878/678
f 699/879/679 698/880/677 678/881/678 677/882/680
f 700/883/681 699/879/679 677/882/680 676/884/682
f 701/885/683 700/883/681 676/884/682 675/886/684
f 702/887/685 701/885/683 675/886/684 674/888/686
f 703/889/687 702/890/685 674/891/686 673/892/688
f 704/893/689 703/889/687 673/892/688 688/894/690
f 689/856/662 704/893/689 688/894/690 687/857/662
o Circle.044_Circle.046
v 49.000000 8.804880 -40.373714
v 49.000000 8.733345 -40.266655
v 49.000000 8.626286 -40.195118
v 49.000000 8.500000 -40.169998
v 49.000000 8.373714 -40.195118
v 49.000000 8.266655 -40.266655
v 49.000000 8.195120 -40.373714
v 49.000000 8.170000 -40.500000
v 49.000000 8.195120 -40.626286
v 49.000000 8.266655 -40.733345
v 49.000000 8.373714 -40.804882
v 49.000000 8.500000 -40.830002
v 49.000000 8.626286 -40.804882
v 49.000000 8.733345 -40.733345
v 49.000000 8.804880 -40.626286
v 49.000000 8.830000 -40.500000
v 46.596310 8.783809 -40.586128
v 46.594112 8.713008 -40.693546
v 46.593697 8.606489 -40.765720
v 46.595135 8.480472 -40.791676
v 46.598202 8.354140 -40.767445
v 46.602432 8.246728 -40.696735
v 46.607182 8.174584 -40.590302
v 46.611725 8.148696 -40.464344
v 46.615376 8.173003 -40.338036
v 46.617573 8.243805 -40.230629
v 46.617989 8.350324 -40.158443
v 46.616550 8.476342 -40.132496
v 46.613483 8.602674 -40.156719
v 46.609253 8.710087 -40.227432
v 46.604504 8.782229 -40.333870
v 46.599960 8.808117 -40.459824
vt 0.6319 0.7713
vt 0.6337 0.7700
vt 0.6552 0.7935
vt 0.6534 0.7948
vt 0.9168 0.0307
vt 0.9149 0.0309
vt 0.9213 0.0002
vt 0.9232 0.0000
vt 0.9192 0.0309
vt 0.9256 0.0002
vt 0.9217 0.0314
vt 0.9281 0.0008
vt 0.9240 0.0321
vt 0.9304 0.0016
vt 0.8276 0.0250
vt 0.8263 0.0234
vt 0.8477 0.0000
vt 0.8490 0.0017
vt 0.8294 0.0268
vt 0.8508 0.0036
vt 0.8314 0.0285
vt 0.8527 0.0054
vt 0.8332 0.0299
vt 0.8545 0.0067
vt 0.9096 0.9674
vt 0.9118 0.9674
vt 0.9155 0.9988
vt 0.9133 0.9987
vt 0.9071 0.9676
vt 0.9108 0.9989
vt 0.9045 0.9679
vt 0.9083 0.9994
vt 0.9024 0.9685
vt 0.9061 1.0000
vt 0.6374 0.7664
vt 0.6388 0.7648
vt 0.6601 0.7881
vt 0.6588 0.7898
vt 0.6356 0.7683
vt 0.6571 0.7917
vn -0.0177 0.7089 -0.7051
vn -0.0145 0.9245 -0.3809
vn -0.0145 0.9245 -0.3810
vn -0.0177 0.7088 -0.7052
vn -0.0182 0.3860 -0.9223
vn -0.0182 0.3858 -0.9224
vn -0.0160 0.0045 -0.9999
vn -0.0160 0.0043 -0.9999
vn -0.0114 -0.3779 -0.9258
vn -0.0113 -0.3781 -0.9257
vn -0.0050 -0.7031 -0.7111
vn -0.0050 -0.7033 -0.7109
vn 0.0021 -0.9217 -0.3880
vn 0.0021 -0.9218 -0.3877
vn 0.0088 -0.9999 -0.0055
vn 0.0088 -0.9999 -0.0051
vn 0.0142 -0.9256 0.3782
vn 0.0142 -0.9255 0.3784
vn 0.0175 -0.7099 0.7041
vn 0.0175 -0.7097 0.7043
vn 0.0180 -0.3855 0.9225
vn 0.0180 -0.3853 0.9226
vn 0.0158 -0.0023 0.9999
vn 0.0158 -0.0020 0.9999
vn 0.0111 0.3812 0.9244
vn 0.0111 0.3814 0.9243
vn 0.0047 0.7063 0.7079
vn 0.0047 0.7064 0.7078
vn -0.0023 0.9235 0.3837
vn -0.0024 0.9235 0.3835
vn -0.0091 1.0000 0.0013
vn -0.0091 1.0000 0.0012
usemtl None
s 1
f 722/895/691 721/896/692 719/897/693 718/898/694
f 723/899/695 722/900/691 718/901/694 717/902/696
f 724/903/697 723/899/695 717/902/696 716/904/698
f 725/905/699 724/903/697 716/904/698 715/906/700
f 726/907/701 725/905/699 715/906/700 714/908/702
f 727/909/703 726/910/701 714/911/702 713/912/704
f 728/913/705 727/909/703 713/912/704 712/914/706
f 729/915/707 728/913/705 712/914/706 711/916/708
f 730/917/709 729/915/707 711/916/708 710/918/710
f 731/919/711 730/920/709 710/921/710 709/922/712
f 732/923/713 731/919/711 709/922/712 708/924/714
f 733/925/715 732/923/713 708/924/714 707/926/716
f 734/927/717 733/925/715 707/926/716 706/928/718
f 735/929/719 734/930/717 706/931/718 705/932/720
f 736/933/721 735/929/719 705/932/720 720/934/722
f 721/896/692 736/933/721 720/934/722 719/897/693
o Circle.043_Circle.045
v 46.596310 8.783809 -40.586128
v 44.264084 8.721158 -40.469910
v 44.259457 8.651043 -40.577602
v 46.594112 8.713008 -40.693546
v 44.258450 8.545053 -40.650402
v 46.593697 8.606489 -40.765720
v 44.261211 8.419328 -40.677227
v 46.595135 8.480472 -40.791676
v 44.267319 8.293005 -40.653996
v 46.598202 8.354140 -40.767445
v 44.275848 8.185317 -40.584255
v 46.602432 8.246728 -40.696735
v 44.285500 8.112658 -40.478603
v 46.607182 8.174584 -40.590302
v 44.294800 8.086089 -40.353130
v 46.611725 8.148696 -40.464344
v 44.302338 8.109656 -40.226948
v 46.615376 8.173003 -40.338036
v 44.306961 8.179771 -40.119263
v 46.617573 8.243805 -40.230629
v 44.307972 8.285759 -40.046459
v 46.617989 8.350324 -40.158443
v 44.305210 8.411486 -40.019630
v 46.616550 8.476342 -40.132496
v 44.299099 8.537808 -40.042862
v 46.613483 8.602674 -40.156719
v 44.290573 8.645497 -40.112614
v 46.609253 8.710087 -40.227432
v 44.280922 8.718156 -40.218262
v 46.604504 8.782229 -40.333870
v 44.271622 8.744724 -40.343727
v 46.599960 8.808117 -40.459824
vt 0.6116 0.7477
vt 0.6134 0.7464
vt 0.6337 0.7700
vt 0.6319 0.7713
vt 0.9112 0.0609
vt 0.9094 0.0611
vt 0.9149 0.0309
vt 0.9168 0.0307
vt 0.9136 0.0611
vt 0.9192 0.0309
vt 0.9162 0.0615
vt 0.9217 0.0314
vt 0.9185 0.0622
vt 0.9240 0.0321
vt 0.8075 0.0484
vt 0.8061 0.0468
vt 0.8263 0.0234
vt 0.8276 0.0250
vt 0.8093 0.0501
vt 0.8294 0.0268
vt 0.8113 0.0518
vt 0.8314 0.0285
vt 0.8132 0.0531
vt 0.8332 0.0299
vt 0.9065 0.9367
vt 0.9087 0.9367
vt 0.9118 0.9674
vt 0.9096 0.9674
vt 0.9040 0.9368
vt 0.9071 0.9676
vt 0.9015 0.9372
vt 0.9045 0.9679
vt 0.8993 0.9376
vt 0.9024 0.9685
vt 0.6173 0.7430
vt 0.6187 0.7414
vt 0.6388 0.7648
vt 0.6374 0.7664
vt 0.6154 0.7447
vt 0.6356 0.7683
vn -0.0536 0.7128 -0.6993
vn -0.0435 0.9264 -0.3740
vn -0.0435 0.9264 -0.3741
vn -0.0536 0.7127 -0.6994
vn -0.0557 0.3913 -0.9186
vn -0.0557 0.3911 -0.9187
vn -0.0492 0.0104 -0.9987
vn -0.0492 0.0102 -0.9987
vn -0.0354 -0.3722 -0.9275
vn -0.0354 -0.3724 -0.9274
vn -0.0162 -0.6985 -0.7154
vn -0.0161 -0.6988 -0.7152
vn 0.0055 -0.9190 -0.3942
vn 0.0056 -0.9191 -0.3939
vn 0.0264 -0.9996 -0.0127
vn 0.0264 -0.9996 -0.0124
vn 0.0432 -0.9276 0.3710
vn 0.0432 -0.9275 0.3714
vn 0.0534 -0.7139 0.6982
vn 0.0534 -0.7137 0.6985
vn 0.0555 -0.3910 0.9187
vn 0.0555 -0.3907 0.9188
vn 0.0490 -0.0083 0.9988
vn 0.0490 -0.0080 0.9988
vn 0.0350 0.3756 0.9261
vn 0.0350 0.3758 0.9261
vn 0.0157 0.7019 0.7121
vn 0.0157 0.7020 0.7120
vn -0.0060 0.9209 0.3898
vn -0.0060 0.9209 0.3896
vn -0.0268 0.9996 0.0084
vn -0.0268 0.9996 0.0082
usemtl None
s 1
f 739/935/723 738/936/724 737/937/725 740/938/726
f 741/939/727 739/940/723 740/941/726 742/942/728
f 743/943/729 741/939/727 742/942/728 744/944/730
f 745/945/731 743/943/729 744/944/730 746/946/732
f 747/947/733 745/945/731 746/946/732 748/948/734
f 749/949/735 747/950/733 748/951/734 750/952/736
f 751/953/737 749/949/735 750/952/736 752/954/738
f 753/955/739 751/953/737 752/954/738 754/956/740
f 755/957/741 753/955/739 754/956/740 756/958/742
f 757/959/743 755/960/741 756/961/742 758/962/744
f 759/963/745 757/959/743 758/962/744 760/964/746
f 761/965/747 759/963/745 760/964/746 762/966/748
f 763/967/749 761/965/747 762/966/748 764/968/750
f 765/969/751 763/970/749 764/971/750 766/972/752
f 767/973/753 765/969/751 766/972/752 768/974/754
f 738/936/724 767/973/753 768/974/754 737/937/725
o Circle.042_Circle.044
v 44.264084 8.721158 -40.469910
v 42.003479 8.619595 -40.277748
v 41.996162 8.550112 -40.385601
v 44.259457 8.651043 -40.577602
v 41.994339 8.444634 -40.458988
v 44.258450 8.545053 -40.650402
v 41.998287 8.319219 -40.486729
v 44.261211 8.419328 -40.677227
v 42.007401 8.192959 -40.464600
v 44.267319 8.293005 -40.653996
v 42.020298 8.085076 -40.395977
v 44.275848 8.185317 -40.584255
v 42.035011 8.011996 -40.291298
v 44.285500 8.112658 -40.478603
v 42.049301 7.984843 -40.166508
v 44.294800 8.086089 -40.353130
v 42.060997 8.007751 -40.040604
v 44.302338 8.109656 -40.226948
v 42.068310 8.077234 -39.932747
v 44.306961 8.179771 -40.119263
v 42.070133 8.182713 -39.859360
v 44.307972 8.285759 -40.046459
v 42.066189 8.308129 -39.831619
v 44.305210 8.411486 -40.019630
v 42.057072 8.434388 -39.853745
v 44.299099 8.537808 -40.042862
v 42.044178 8.542271 -39.922367
v 44.290573 8.645497 -40.112614
v 42.029465 8.615352 -40.027050
v 44.280922 8.718156 -40.218262
v 42.015171 8.642504 -40.151836
v 44.271622 8.744724 -40.343727
vt 0.5926 0.7239
vt 0.5945 0.7226
vt 0.6134 0.7464
vt 0.6116 0.7477
vt 0.9065 0.0907
vt 0.9047 0.0908
vt 0.9094 0.0611
vt 0.9112 0.0609
vt 0.9089 0.0908
vt 0.9136 0.0611
vt 0.9115 0.0912
vt 0.9162 0.0615
vt 0.9139 0.0918
vt 0.9185 0.0622
vt 0.7886 0.0719
vt 0.7871 0.0704
vt 0.8061 0.0468
vt 0.8075 0.0484
vt 0.7905 0.0736
vt 0.8093 0.0501
vt 0.7925 0.0751
vt 0.8113 0.0518
vt 0.7944 0.0764
vt 0.8132 0.0531
vt 0.9041 0.9066
vt 0.9062 0.9067
vt 0.9087 0.9367
vt 0.9065 0.9367
vt 0.9016 0.9068
vt 0.9040 0.9368
vt 0.8990 0.9070
vt 0.9015 0.9372
vt 0.8968 0.9074
vt 0.8993 0.9376
vt 0.5985 0.7194
vt 0.5999 0.7179
vt 0.6187 0.7414
vt 0.6173 0.7430
vt 0.5966 0.7211
vt 0.6154 0.7447
vn -0.0907 0.7160 -0.6922
vn -0.0728 0.9278 -0.3660
vn -0.0728 0.9277 -0.3661
vn -0.0907 0.7159 -0.6923
vn -0.0948 0.3958 -0.9134
vn -0.0948 0.3957 -0.9135
vn -0.0846 0.0157 -0.9963
vn -0.0846 0.0155 -0.9963
vn -0.0615 -0.3670 -0.9282
vn -0.0615 -0.3672 -0.9281
vn -0.0292 -0.6942 -0.7192
vn -0.0292 -0.6945 -0.7189
vn 0.0076 -0.9163 -0.4005
vn 0.0077 -0.9164 -0.4002
vn 0.0433 -0.9988 -0.0205
vn 0.0434 -0.9989 -0.0202
vn 0.0724 -0.9290 0.3628
vn 0.0724 -0.9289 0.3632
vn 0.0904 -0.7172 0.6910
vn 0.0904 -0.7170 0.6912
vn 0.0946 -0.3957 0.9135
vn 0.0946 -0.3954 0.9136
vn 0.0843 -0.0136 0.9963
vn 0.0843 -0.0133 0.9964
vn 0.0611 0.3704 0.9269
vn 0.0611 0.3706 0.9268
vn 0.0286 0.6977 0.7159
vn 0.0286 0.6978 0.7157
vn -0.0083 0.9183 0.3959
vn -0.0083 0.9183 0.3958
vn -0.0439 0.9989 0.0160
vn -0.0439 0.9989 0.0158
usemtl None
s 1
f 771/975/755 770/976/756 769/977/757 772/978/758
f 773/979/759 771/980/755 772/981/758 774/982/760
f 775/983/761 773/979/759 774/982/760 776/984/762
f 777/985/763 775/983/761 776/984/762 778/986/764
f 779/987/765 777/985/763 778/986/764 780/988/766
f 781/989/767 779/990/765 780/991/766 782/992/768
f 783/993/769 781/989/767 782/992/768 784/994/770
f 785/995/771 783/993/769 784/994/770 786/996/772
f 787/997/773 785/995/771 786/996/772 788/998/774
f 789/999/775 787/1000/773 788/1001/774 790/1002/776
f 791/1003/777 789/999/775 790/1002/776 792/1004/778
f 793/1005/779 791/1003/777 792/1004/778 794/1006/780
f 795/1007/781 793/1005/779 794/1006/780 796/1008/782
f 797/1009/783 795/1010/781 796/1011/782 798/1012/784
f 799/1013/785 797/1009/783 798/1012/784 800/1014/786
f 770/976/756 799/1013/785 800/1014/786 769/977/757
o Circle.041_Circle.043
v 42.003479 8.619595 -40.277748
v 39.814678 8.481792 -40.009739
v 39.804401 8.412879 -40.117634
v 41.996162 8.550112 -40.385601
v 39.801533 8.307883 -40.191551
v 41.994339 8.444634 -40.458988
v 39.806511 8.182791 -40.220230
v 41.998287 8.319219 -40.486729
v 39.818577 8.056646 -40.199314
v 42.007401 8.192959 -40.464600
v 39.835892 7.948653 -40.131989
v 42.020298 8.085076 -40.395977
v 39.855820 7.875253 -40.028492
v 42.035011 8.011996 -40.291298
v 39.875332 7.847619 -39.904591
v 42.049301 7.984843 -40.166508
v 39.891449 7.869960 -39.779144
v 42.060997 8.007751 -40.040604
v 39.901726 7.938874 -39.671257
v 42.068310 8.077234 -39.932747
v 39.904594 8.043870 -39.597336
v 42.070133 8.182713 -39.859360
v 39.899616 8.168962 -39.568657
v 42.066189 8.308129 -39.831619
v 39.887554 8.295108 -39.589573
v 42.057072 8.434388 -39.853745
v 39.870235 8.403101 -39.656902
v 42.044178 8.542271 -39.922367
v 39.850307 8.476501 -39.760395
v 42.029465 8.615352 -40.027050
v 39.830795 8.504133 -39.884296
v 42.015171 8.642504 -40.151836
vt 0.5749 0.7001
vt 0.5768 0.6988
vt 0.5945 0.7226
vt 0.5926 0.7239
vt 0.9027 0.1200
vt 0.9008 0.1201
vt 0.9047 0.0908
vt 0.9065 0.0907
vt 0.9050 0.1201
vt 0.9089 0.0908
vt 0.9076 0.1204
vt 0.9115 0.0912
vt 0.9100 0.1209
vt 0.9139 0.0918
vt 0.7710 0.0955
vt 0.7695 0.0941
vt 0.7871 0.0704
vt 0.7886 0.0719
vt 0.7730 0.0971
vt 0.7905 0.0736
vt 0.7751 0.0986
vt 0.7925 0.0751
vt 0.7770 0.0998
vt 0.7944 0.0764
vt 0.9022 0.8773
vt 0.9043 0.8773
vt 0.9062 0.9067
vt 0.9041 0.9066
vt 0.8997 0.8773
vt 0.9016 0.9068
vt 0.8971 0.8775
vt 0.8990 0.9070
vt 0.8949 0.8778
vt 0.8968 0.9074
vt 0.5809 0.6957
vt 0.5824 0.6944
vt 0.5999 0.7179
vt 0.5985 0.7194
vt 0.5790 0.6973
vt 0.5966 0.7211
vn -0.1286 0.7184 -0.6837
vn -0.1022 0.9285 -0.3570
vn -0.1022 0.9285 -0.3571
vn -0.1286 0.7183 -0.6837
vn -0.1355 0.3996 -0.9066
vn -0.1355 0.3994 -0.9067
vn -0.1219 0.0202 -0.9923
vn -0.1219 0.0200 -0.9923
vn -0.0899 -0.3623 -0.9277
vn -0.0899 -0.3626 -0.9276
vn -0.0442 -0.6902 -0.7222
vn -0.0441 -0.6905 -0.7220
vn 0.0083 -0.9135 -0.4067
vn 0.0083 -0.9136 -0.4064
vn 0.0595 -0.9978 -0.0290
vn 0.0595 -0.9978 -0.0286
vn 0.1017 -0.9299 0.3536
vn 0.1017 -0.9297 0.3539
vn 0.1283 -0.7198 0.6822
vn 0.1283 -0.7195 0.6825
vn 0.1353 -0.3996 0.9067
vn 0.1353 -0.3993 0.9068
vn 0.1216 -0.0182 0.9924
vn 0.1216 -0.0179 0.9924
vn 0.0893 0.3658 0.9264
vn 0.0893 0.3660 0.9263
vn 0.0434 0.6938 0.7189
vn 0.0434 0.6939 0.7188
vn -0.0092 0.9156 0.4019
vn -0.0092 0.9157 0.4018
vn -0.0603 0.9979 0.0241
vn -0.0603 0.9979 0.0240
usemtl None
s 1
f 803/1015/787 802/1016/788 801/1017/789 804/1018/790
f 805/1019/791 803/1020/787 804/1021/790 806/1022/792
f 807/1023/793 805/1019/791 806/1022/792 808/1024/794
f 809/1025/795 807/1023/793 808/1024/794 810/1026/796
f 811/1027/797 809/1025/795 810/1026/796 812/1028/798
f 813/1029/799 811/1030/797 812/1031/798 814/1032/800
f 815/1033/801 813/1029/799 814/1032/800 816/1034/802
f 817/1035/803 815/1033/801 816/1034/802 818/1036/804
f 819/1037/805 817/1035/803 818/1036/804 820/1038/806
f 821/1039/807 819/1040/805 820/1041/806 822/1042/808
f 823/1043/809 821/1039/807 822/1042/808 824/1044/810
f 825/1045/811 823/1043/809 824/1044/810 826/1046/812
f 827/1047/813 825/1045/811 826/1046/812 828/1048/814
f 829/1049/815 827/1050/813 828/1051/814 830/1052/816
f 831/1053/817 829/1049/815 830/1052/816 832/1054/818
f 802/1016/788 831/1053/817 832/1054/818 801/1017/789
o Circle.040_Circle.042
v 39.814678 8.481792 -40.009739
v 37.697861 8.310424 -39.666019
v 37.684353 8.242005 -39.773796
v 39.804401 8.412879 -40.117634
v 37.680202 8.137456 -39.848167
v 39.801533 8.307883 -40.191551
v 37.686039 8.012695 -39.877808
v 39.806511 8.182791 -40.220230
v 37.700977 7.886714 -39.858212
v 39.818577 8.056646 -40.199314
v 37.722744 7.778695 -39.792366
v 39.835892 7.948653 -40.131989
v 37.748024 7.705080 -39.690285
v 39.855820 7.875253 -40.028492
v 37.772968 7.677077 -39.567513
v 39.875332 7.847619 -39.904591
v 37.793781 7.698951 -39.442749
v 39.891449 7.869960 -39.779144
v 37.807289 7.767370 -39.334976
v 39.901726 7.938874 -39.671257
v 37.811440 7.871919 -39.260605
v 39.904594 8.043870 -39.597336
v 37.805603 7.996680 -39.230968
v 39.899616 8.168962 -39.568657
v 37.790665 8.122661 -39.250565
v 39.887554 8.295108 -39.589573
v 37.768898 8.230681 -39.316410
v 39.870235 8.403101 -39.656902
v 37.743618 8.304296 -39.418488
v 39.850307 8.476501 -39.760395
v 37.718674 8.332297 -39.541260
v 39.830795 8.504133 -39.884296
vt 0.5585 0.6761
vt 0.5605 0.6749
vt 0.5768 0.6988
vt 0.5749 0.7001
vt 0.8996 0.1488
vt 0.8977 0.1489
vt 0.9008 0.1201
vt 0.9027 0.1200
vt 0.9019 0.1489
vt 0.9050 0.1201
vt 0.9045 0.1491
vt 0.9076 0.1204
vt 0.9069 0.1495
vt 0.9100 0.1209
vt 0.7547 0.1192
vt 0.7531 0.1179
vt 0.7695 0.0941
vt 0.7710 0.0955
vt 0.7567 0.1207
vt 0.7730 0.0971
vt 0.7589 0.1221
vt 0.7751 0.0986
vt 0.7608 0.1233
vt 0.7770 0.0998
vt 0.9009 0.8485
vt 0.9030 0.8485
vt 0.9043 0.8773
vt 0.9022 0.8773
vt 0.8984 0.8486
vt 0.8997 0.8773
vt 0.8958 0.8487
vt 0.8971 0.8775
vt 0.8936 0.8489
vt 0.8949 0.8778
vt 0.5647 0.6720
vt 0.5662 0.6707
vt 0.5824 0.6944
vt 0.5809 0.6957
vt 0.5627 0.6735
vt 0.5790 0.6973
vn -0.1673 0.7200 -0.6735
vn -0.1315 0.9287 -0.3468
vn -0.1315 0.9286 -0.3469
vn -0.1673 0.7200 -0.6736
vn -0.1777 0.4025 -0.8980
vn -0.1777 0.4023 -0.8981
vn -0.1612 0.0240 -0.9866
vn -0.1612 0.0238 -0.9866
vn -0.1204 -0.3583 -0.9258
vn -0.1203 -0.3586 -0.9257
vn -0.0612 -0.6866 -0.7245
vn -0.0612 -0.6868 -0.7243
vn 0.0073 -0.9108 -0.4128
vn 0.0074 -0.9109 -0.4125
vn 0.0748 -0.9965 -0.0379
vn 0.0748 -0.9965 -0.0375
vn 0.1309 -0.9301 0.3431
vn 0.1309 -0.9300 0.3435
vn 0.1670 -0.7216 0.6719
vn 0.1670 -0.7213 0.6721
vn 0.1775 -0.4026 0.8980
vn 0.1775 -0.4023 0.8981
vn 0.1609 -0.0220 0.9867
vn 0.1609 -0.0217 0.9867
vn 0.1197 0.3618 0.9245
vn 0.1197 0.3620 0.9244
vn 0.0602 0.6902 0.7211
vn 0.0602 0.6903 0.7210
vn -0.0084 0.9130 0.4079
vn -0.0085 0.9131 0.4077
vn -0.0757 0.9966 0.0328
vn -0.0758 0.9966 0.0327
usemtl None
s 1
f 835/1055/819 834/1056/820 833/1057/821 836/1058/822
f 837/1059/823 835/1060/819 836/1061/822 838/1062/824
f 839/1063/825 837/1059/823 838/1062/824 840/1064/826
f 841/1065/827 839/1063/825 840/1064/826 842/1066/828
f 843/1067/829 841/1065/827 842/1066/828 844/1068/830
f 845/1069/831 843/1070/829 844/1071/830 846/1072/832
f 847/1073/833 845/1069/831 846/1072/832 848/1074/834
f 849/1075/835 847/1073/833 848/1074/834 850/1076/836
f 851/1077/837 849/1075/835 850/1076/836 852/1078/838
f 853/1079/839 851/1080/837 852/1081/838 854/1082/840
f 855/1083/841 853/1079/839 854/1082/840 856/1084/842
f 857/1085/843 855/1083/841 856/1084/842 858/1086/844
f 859/1087/845 857/1085/843 858/1086/844 860/1088/846
f 861/1089/847 859/1090/845 860/1091/846 862/1092/848
f 863/1093/849 861/1089/847 862/1092/848 864/1094/850
f 834/1056/820 863/1093/849 864/1094/850 833/1057/821
o Circle.039_Circle.041
v 37.697861 8.310424 -39.666019
v 35.653236 8.108171 -39.246708
v 35.636219 8.040164 -39.354176
v 37.684353 8.242005 -39.773796
v 35.630531 7.936017 -39.428898
v 37.680202 8.137456 -39.848167
v 35.637047 7.811586 -39.459507
v 37.686039 8.012695 -39.877808
v 35.654766 7.685814 -39.441341
v 37.700977 7.886714 -39.858212
v 35.680992 7.577850 -39.377171
v 37.722744 7.778695 -39.792366
v 35.711735 7.504128 -39.276760
v 37.748024 7.705080 -39.690285
v 35.742310 7.475873 -39.155392
v 37.772968 7.677077 -39.567513
v 35.768070 7.497387 -39.031555
v 37.793781 7.698951 -39.442749
v 35.785084 7.565394 -38.924091
v 37.807289 7.767370 -39.334976
v 35.790771 7.669540 -38.849369
v 37.811440 7.871919 -39.260605
v 35.784256 7.793972 -38.818764
v 37.805603 7.996680 -39.230968
v 35.766541 7.919744 -38.836929
v 37.790665 8.122661 -39.250565
v 35.740311 8.027709 -38.901096
v 37.768898 8.230681 -39.316410
v 35.709572 8.101429 -39.001507
v 37.743618 8.304296 -39.418488
v 35.678993 8.129684 -39.122871
v 37.718674 8.332297 -39.541260
vt 0.5434 0.6521
vt 0.5454 0.6510
vt 0.5605 0.6749
vt 0.5585 0.6761
vt 0.8972 0.1772
vt 0.8954 0.1772
vt 0.8977 0.1489
vt 0.8996 0.1488
vt 0.8996 0.1772
vt 0.9019 0.1489
vt 0.9022 0.1774
vt 0.9045 0.1491
vt 0.9046 0.1777
vt 0.9069 0.1495
vt 0.7397 0.1429
vt 0.7381 0.1418
vt 0.7531 0.1179
vt 0.7547 0.1192
vt 0.7418 0.1443
vt 0.7567 0.1207
vt 0.7440 0.1457
vt 0.7589 0.1221
vt 0.7460 0.1468
vt 0.7608 0.1233
vt 0.9001 0.8205
vt 0.9022 0.8204
vt 0.9030 0.8485
vt 0.9009 0.8485
vt 0.8976 0.8205
vt 0.8984 0.8486
vt 0.8950 0.8206
vt 0.8958 0.8487
vt 0.8928 0.8206
vt 0.8936 0.8489
vt 0.5497 0.6482
vt 0.5514 0.6470
vt 0.5662 0.6707
vt 0.5647 0.6720
vt 0.5477 0.6496
vt 0.5627 0.6735
vn -0.2066 0.7209 -0.6615
vn -0.1606 0.9283 -0.3354
vn -0.1606 0.9283 -0.3355
vn -0.2066 0.7208 -0.6616
vn -0.2213 0.4044 -0.8874
vn -0.2213 0.4043 -0.8875
vn -0.2025 0.0268 -0.9789
vn -0.2025 0.0266 -0.9789
vn -0.1530 -0.3550 -0.9222
vn -0.1530 -0.3553 -0.9222
vn -0.0803 -0.6834 -0.7256
vn -0.0803 -0.6836 -0.7254
vn 0.0046 -0.9082 -0.4185
vn 0.0047 -0.9083 -0.4182
vn 0.0890 -0.9949 -0.0473
vn 0.0891 -0.9949 -0.0469
vn 0.1598 -0.9298 0.3314
vn 0.1599 -0.9297 0.3318
vn 0.2062 -0.7226 0.6598
vn 0.2063 -0.7224 0.6600
vn 0.2211 -0.4048 0.8873
vn 0.2211 -0.4044 0.8874
vn 0.2022 -0.0250 0.9790
vn 0.2021 -0.0247 0.9790
vn 0.1523 0.3585 0.9210
vn 0.1522 0.3588 0.9209
vn 0.0791 0.6871 0.7223
vn 0.0791 0.6872 0.7221
vn -0.0060 0.9105 0.4135
vn -0.0061 0.9106 0.4133
vn -0.0902 0.9950 0.0420
vn -0.0902 0.9950 0.0419
usemtl None
s 1
f 867/1095/851 866/1096/852 865/1097/853 868/1098/854
f 869/1099/855 867/1100/851 868/1101/854 870/1102/856
f 871/1103/857 869/1099/855 870/1102/856 872/1104/858
f 873/1105/859 871/1103/857 872/1104/858 874/1106/860
f 875/1107/861 873/1105/859 874/1106/860 876/1108/862
f 877/1109/863 875/1110/861 876/1111/862 878/1112/864
f 879/1113/865 877/1109/863 878/1112/864 880/1114/866
f 881/1115/867 879/1113/865 880/1114/866 882/1116/868
f 883/1117/869 881/1115/867 882/1116/868 884/1118/870
f 885/1119/871 883/1120/869 884/1121/870 886/1122/872
f 887/1123/873 885/1119/871 886/1122/872 888/1124/874
f 889/1125/875 887/1123/873 888/1124/874 890/1126/876
f 891/1127/877 889/1125/875 890/1126/876 892/1128/878
f 893/1129/879 891/1130/877 892/1131/878 894/1132/880
f 895/1133/881 893/1129/879 894/1132/880 896/1134/882
f 866/1096/852 895/1133/881 896/1134/882 865/1097/853
o Circle.038_Circle.040
v 35.653236 8.108171 -39.246708
v 33.680988 7.877711 -38.751930
v 33.660194 7.810027 -38.858864
v 35.636219 8.040164 -39.354176
v 33.652725 7.706228 -38.933823
v 35.630531 7.936017 -39.428898
v 33.659714 7.582120 -38.965385
v 35.637047 7.811586 -39.459507
v 33.680092 7.456596 -38.948757
v 35.654766 7.685814 -39.441341
v 33.710762 7.348767 -38.886471
v 35.680992 7.577850 -39.377171
v 33.747055 7.275047 -38.787994
v 35.711735 7.504128 -39.276760
v 33.783443 7.246661 -38.668335
v 35.742310 7.475873 -39.155392
v 33.814388 7.267931 -38.545704
v 35.768070 7.497387 -39.031555
v 33.835178 7.335616 -38.438774
v 35.785084 7.565394 -38.924091
v 33.842648 7.439414 -38.363819
v 35.790771 7.669540 -38.849369
v 33.835663 7.563522 -38.332256
v 35.784256 7.793972 -38.818764
v 33.815281 7.689046 -38.348885
v 35.766541 7.919744 -38.836929
v 33.784611 7.796875 -38.411171
v 35.740311 8.027709 -38.901096
v 33.748322 7.870594 -38.509640
v 35.709572 8.101429 -39.001507
v 33.711933 7.898980 -38.629303
v 35.678993 8.129684 -39.122871
vt 0.5297 0.6280
vt 0.5317 0.6269
vt 0.5454 0.6510
vt 0.5434 0.6521
vt 0.8955 0.2050
vt 0.8938 0.2051
vt 0.8954 0.1772
vt 0.8972 0.1772
vt 0.8979 0.2050
vt 0.8996 0.1772
vt 0.9005 0.2052
vt 0.9022 0.1774
vt 0.9029 0.2053
vt 0.9046 0.1777
vt 0.7260 0.1668
vt 0.7243 0.1657
vt 0.7381 0.1418
vt 0.7397 0.1429
vt 0.7281 0.1681
vt 0.7418 0.1443
vt 0.7304 0.1693
vt 0.7440 0.1457
vt 0.7324 0.1704
vt 0.7460 0.1468
vt 0.8998 0.7931
vt 0.9019 0.7930
vt 0.9022 0.8204
vt 0.9001 0.8205
vt 0.8973 0.7931
vt 0.8976 0.8205
vt 0.8947 0.7931
vt 0.8950 0.8206
vt 0.8925 0.7931
vt 0.8928 0.8206
vt 0.5361 0.6244
vt 0.5378 0.6233
vt 0.5514 0.6470
vt 0.5497 0.6482
vt 0.5340 0.6256
vt 0.5477 0.6496
vn -0.2463 0.7210 -0.6477
vn -0.1893 0.9274 -0.3227
vn -0.1893 0.9273 -0.3228
vn -0.2463 0.7209 -0.6478
vn -0.2660 0.4055 -0.8745
vn -0.2660 0.4054 -0.8746
vn -0.2455 0.0288 -0.9690
vn -0.2455 0.0285 -0.9690
vn -0.1878 -0.3525 -0.9168
vn -0.1877 -0.3527 -0.9167
vn -0.1016 -0.6807 -0.7255
vn -0.1015 -0.6809 -0.7253
vn 0.0002 -0.9058 -0.4238
vn 0.0003 -0.9059 -0.4235
vn 0.1020 -0.9931 -0.0572
vn 0.1021 -0.9932 -0.0568
vn 0.1883 -0.9290 0.3185
vn 0.1884 -0.9289 0.3189
vn 0.2459 -0.7229 0.6458
vn 0.2459 -0.7226 0.6460
vn 0.2659 -0.4060 0.8743
vn 0.2659 -0.4057 0.8745
vn 0.2452 -0.0270 0.9691
vn 0.2451 -0.0267 0.9691
vn 0.1869 0.3560 0.9156
vn 0.1869 0.3563 0.9155
vn 0.1001 0.6844 0.7222
vn 0.1001 0.6846 0.7220
vn -0.0019 0.9081 0.4186
vn -0.0019 0.9082 0.4185
vn -0.1035 0.9933 0.0517
vn -0.1036 0.9933 0.0516
usemtl None
s 1
f 899/1135/883 898/1136/884 897/1137/885 900/1138/886
f 901/1139/887 899/1140/883 900/1141/886 902/1142/888
f 903/1143/889 901/1139/887 902/1142/888 904/1144/890
f 905/1145/891 903/1143/889 904/1144/890 906/1146/892
f 907/1147/893 905/1145/891 906/1146/892 908/1148/894
f 909/1149/895 907/1150/893 908/1151/894 910/1152/896
f 911/1153/897 909/1149/895 910/1152/896 912/1154/898
f 913/1155/899 911/1153/897 912/1154/898 914/1156/900
f 915/1157/901 913/1155/899 914/1156/900 916/1158/902
f 917/1159/903 915/1160/901 916/1161/902 918/1162/904
f 919/1163/905 917/1159/903 918/1162/904 920/1164/906
f 921/1165/907 919/1163/905 920/1164/906 922/1166/908
f 923/1167/909 921/1165/907 922/1166/908 924/1168/910
f 925/1169/911 923/1170/909 924/1171/910 926/1172/912
f 927/1173/913 925/1169/911 926/1172/912 928/1174/914
f 898/1136/884 927/1173/913 928/1174/914 897/1137/885
o Circle.037_Circle.039
v 33.680988 7.877711 -38.751930
v 31.781326 7.621733 -38.181824
v 31.756508 7.554271 -38.287975
v 33.660194 7.810027 -38.858864
v 31.746998 7.450759 -38.363010
v 33.652725 7.706228 -38.933823
v 31.754246 7.326958 -38.395504
v 33.659714 7.582120 -38.965385
v 31.777147 7.201715 -38.380508
v 33.680092 7.456596 -38.948757
v 31.812214 7.094097 -38.320312
v 33.710762 7.348767 -38.886471
v 31.854109 7.020488 -38.224075
v 33.747055 7.275047 -38.787994
v 31.896456 6.992094 -38.106453
v 33.783443 7.246661 -38.668335
v 31.932804 7.013237 -37.985344
v 33.814388 7.267931 -38.545704
v 31.957621 7.080700 -37.879196
v 33.835178 7.335616 -38.438774
v 31.967131 7.184211 -37.804161
v 33.842648 7.439414 -38.363819
v 31.959883 7.308012 -37.771667
v 33.835663 7.563522 -38.332256
v 31.936981 7.433256 -37.786659
v 33.815281 7.689046 -38.348885
v 31.901915 7.540874 -37.846855
v 33.784611 7.796875 -38.411171
v 31.860020 7.614483 -37.943092
v 33.748322 7.870594 -38.509640
v 31.817677 7.642877 -38.060719
v 33.711933 7.898980 -38.629303
vt 0.5172 0.6038
vt 0.5193 0.6028
vt 0.5317 0.6269
vt 0.5297 0.6280
vt 0.8946 0.2323
vt 0.8928 0.2324
vt 0.8938 0.2051
vt 0.8955 0.2050
vt 0.8969 0.2324
vt 0.8979 0.2050
vt 0.8995 0.2324
vt 0.9005 0.2052
vt 0.9020 0.2325
vt 0.9029 0.2053
vt 0.7136 0.1907
vt 0.7119 0.1898
vt 0.7243 0.1657
vt 0.7260 0.1668
vt 0.7158 0.1919
vt 0.7281 0.1681
vt 0.7181 0.1930
vt 0.7304 0.1693
vt 0.7202 0.1941
vt 0.7324 0.1704
vt 0.8999 0.7664
vt 0.9020 0.7663
vt 0.9019 0.7930
vt 0.8998 0.7931
vt 0.8974 0.7664
vt 0.8973 0.7931
vt 0.8948 0.7663
vt 0.8947 0.7931
vt 0.8926 0.7662
vt 0.8925 0.7931
vt 0.5238 0.6005
vt 0.5255 0.5995
vt 0.5378 0.6233
vt 0.5361 0.6244
vt 0.5216 0.6016
vt 0.5340 0.6256
vn -0.2863 0.7202 -0.6319
vn -0.2174 0.9260 -0.3087
vn -0.2174 0.9259 -0.3088
vn -0.2863 0.7202 -0.6320
vn -0.3117 0.4056 -0.8592
vn -0.3117 0.4055 -0.8593
vn -0.2901 0.0297 -0.9565
vn -0.2900 0.0295 -0.9566
vn -0.2245 -0.3508 -0.9091
vn -0.2244 -0.3511 -0.9091
vn -0.1248 -0.6786 -0.7239
vn -0.1248 -0.6788 -0.7237
vn -0.0061 -0.9036 -0.4284
vn -0.0060 -0.9037 -0.4281
vn 0.1137 -0.9912 -0.0674
vn 0.1138 -0.9912 -0.0670
vn 0.2162 -0.9277 0.3043
vn 0.2163 -0.9276 0.3047
vn 0.2858 -0.7223 0.6298
vn 0.2858 -0.7220 0.6300
vn 0.3116 -0.4063 0.8589
vn 0.3116 -0.4060 0.8591
vn 0.2897 -0.0281 0.9567
vn 0.2897 -0.0278 0.9567
vn 0.2235 0.3543 0.9080
vn 0.2235 0.3546 0.9079
vn 0.1232 0.6824 0.7205
vn 0.1231 0.6826 0.7204
vn 0.0041 0.9060 0.4232
vn 0.0040 0.9061 0.4230
vn -0.1155 0.9914 0.0617
vn -0.1156 0.9914 0.0616
usemtl None
s 1
f 931/1175/915 930/1176/916 929/1177/917 932/1178/918
f 933/1179/919 931/1180/915 932/1181/918 934/1182/920
f 935/1183/921 933/1179/919 934/1182/920 936/1184/922
f 937/1185/923 935/1183/921 936/1184/922 938/1186/924
f 939/1187/925 937/1185/923 938/1186/924 940/1188/926
f 941/1189/927 939/1190/925 940/1191/926 942/1192/928
f 943/1193/929 941/1189/927 942/1192/928 944/1194/930
f 945/1195/931 943/1193/929 944/1194/930 946/1196/932
f 947/1197/933 945/1195/931 946/1196/932 948/1198/934
f 949/1199/935 947/1200/933 948/1201/934 950/1202/936
f 951/1203/937 949/1199/935 950/1202/936 952/1204/938
f 953/1205/939 951/1203/937 952/1204/938 954/1206/940
f 955/1207/941 953/1205/939 954/1206/940 956/1208/942
f 957/1209/943 955/1210/941 956/1211/942 958/1212/944
f 959/1213/945 957/1209/943 958/1212/944 960/1214/946
f 930/1176/916 959/1213/945 960/1214/946 929/1177/917
o Circle.036_Circle.038
v 31.781326 7.621733 -38.181824
v 29.954462 7.342926 -37.536526
v 29.925379 7.275583 -37.641609
v 31.756508 7.554271 -38.287975
v 29.913580 7.172288 -37.716545
v 31.746998 7.450759 -38.363010
v 29.920864 7.048770 -37.749916
v 31.754246 7.326958 -38.395504
v 29.946119 6.923831 -37.736645
v 31.777147 7.201715 -38.380508
v 29.985504 6.816494 -37.678757
v 31.812214 7.094097 -38.320312
v 30.033020 6.743099 -37.585060
v 31.854109 7.020488 -38.224075
v 30.081436 6.714819 -37.469818
v 31.896456 6.992094 -38.106453
v 30.123377 6.735960 -37.350586
v 31.932804 7.013237 -37.985344
v 30.152458 6.803305 -37.245502
v 31.957621 7.080700 -37.879196
v 30.164257 6.906599 -37.170570
v 31.967131 7.184211 -37.804161
v 30.156973 7.030117 -37.137199
v 31.959883 7.308012 -37.771667
v 30.131716 7.155056 -37.150471
v 31.936981 7.433256 -37.786659
v 30.092333 7.262393 -37.208355
v 31.901915 7.540874 -37.846855
v 30.044817 7.335788 -37.302052
v 31.860020 7.614483 -37.943092
v 29.996403 7.364068 -37.417290
v 31.817677 7.642877 -38.060719
vt 0.5061 0.5795
vt 0.5082 0.5786
vt 0.5193 0.6028
vt 0.5172 0.6038
vt 0.8942 0.2592
vt 0.8925 0.2592
vt 0.8928 0.2324
vt 0.8946 0.2323
vt 0.8966 0.2592
vt 0.8969 0.2324
vt 0.8992 0.2592
vt 0.8995 0.2324
vt 0.9016 0.2592
vt 0.9020 0.2325
vt 0.7025 0.2147
vt 0.7007 0.2139
vt 0.7119 0.1898
vt 0.7136 0.1907
vt 0.7047 0.2158
vt 0.7158 0.1919
vt 0.7071 0.2168
vt 0.7181 0.1930
vt 0.7092 0.2177
vt 0.7202 0.1941
vt 0.9004 0.7403
vt 0.9025 0.7402
vt 0.9020 0.7663
vt 0.8999 0.7664
vt 0.8979 0.7404
vt 0.8974 0.7664
vt 0.8954 0.7403
vt 0.8948 0.7663
vt 0.8931 0.7400
vt 0.8926 0.7662
vt 0.5128 0.5765
vt 0.5146 0.5757
vt 0.5255 0.5995
vt 0.5238 0.6005
vt 0.5106 0.5775
vt 0.5216 0.6016
vn -0.3261 0.7188 -0.6140
vn -0.2447 0.9241 -0.2935
vn -0.2447 0.9241 -0.2936
vn -0.3261 0.7187 -0.6141
vn -0.3581 0.4048 -0.8413
vn -0.3581 0.4047 -0.8414
vn -0.3360 0.0297 -0.9414
vn -0.3360 0.0295 -0.9414
vn -0.2630 -0.3500 -0.8991
vn -0.2630 -0.3503 -0.8990
vn -0.1501 -0.6771 -0.7204
vn -0.1500 -0.6773 -0.7202
vn -0.0143 -0.9017 -0.4322
vn -0.0142 -0.9018 -0.4319
vn 0.1238 -0.9892 -0.0778
vn 0.1240 -0.9893 -0.0774
vn 0.2432 -0.9259 0.2889
vn 0.2433 -0.9258 0.2893
vn 0.3255 -0.7210 0.6117
vn 0.3256 -0.7208 0.6120
vn 0.3580 -0.4057 0.8410
vn 0.3580 -0.4054 0.8411
vn 0.3357 -0.0282 0.9415
vn 0.3357 -0.0279 0.9416
vn 0.2620 0.3535 0.8980
vn 0.2619 0.3538 0.8979
vn 0.1482 0.6810 0.7172
vn 0.1482 0.6811 0.7170
vn 0.0119 0.9042 0.4269
vn 0.0119 0.9043 0.4268
vn -0.1260 0.9894 0.0720
vn -0.1261 0.9894 0.0718
usemtl None
s 1
f 963/1215/947 962/1216/948 961/1217/949 964/1218/950
f 965/1219/951 963/1220/947 964/1221/950 966/1222/952
f 967/1223/953 965/1219/951 966/1222/952 968/1224/954
f 969/1225/955 967/1223/953 968/1224/954 970/1226/956
f 971/1227/957 969/1225/955 970/1226/956 972/1228/958
f 973/1229/959 971/1230/957 972/1231/958 974/1232/960
f 975/1233/961 973/1229/959 974/1232/960 976/1234/962
f 977/1235/963 975/1233/961 976/1234/962 978/1236/964
f 979/1237/965 977/1235/963 978/1236/964 980/1238/966
f 981/1239/967 979/1240/965 980/1241/966 982/1242/968
f 983/1243/969 981/1239/967 982/1242/968 984/1244/970
f 985/1245/971 983/1243/969 984/1244/970 986/1246/972
f 987/1247/973 985/1245/971 986/1246/972 988/1248/974
f 989/1249/975 987/1250/973 988/1251/974 990/1252/976
f 991/1253/977 989/1249/975 990/1252/976 992/1254/978
f 962/1216/948 991/1253/977 992/1254/978 961/1217/949
o Circle.035_Circle.037
v 29.954462 7.342926 -37.536526
v 28.200607 7.043984 -36.816208
v 28.167048 6.976652 -36.919907
v 29.925379 7.275583 -37.641609
v 28.152721 6.873498 -36.994526
v 29.913580 7.172288 -37.716545
v 28.159811 6.750230 -37.028698
v 29.920864 7.048770 -37.749916
v 28.187237 6.625611 -37.017227
v 29.946119 6.923831 -37.736645
v 28.230822 6.518615 -36.961864
v 29.985504 6.816494 -37.678757
v 28.283932 6.445531 -36.871025
v 30.033020 6.743099 -37.585060
v 28.338486 6.417485 -36.758545
v 30.081436 6.714819 -37.469818
v 28.386169 6.438747 -36.641552
v 30.123377 6.735960 -37.350586
v 28.419729 6.506080 -36.537853
v 30.152458 6.803305 -37.245502
v 28.434055 6.609233 -36.463238
v 30.164257 6.906599 -37.170570
v 28.426964 6.732502 -36.429066
v 30.156973 7.030117 -37.137199
v 28.399540 6.857121 -36.440536
v 30.131716 7.155056 -37.150471
v 28.355953 6.964117 -36.495899
v 30.092333 7.262393 -37.208355
v 28.302843 7.037200 -36.586739
v 30.044817 7.335788 -37.302052
v 28.248291 7.065247 -36.699215
v 29.996403 7.364068 -37.417290
vt 0.4963 0.5552
vt 0.4985 0.5544
vt 0.5082 0.5786
vt 0.5061 0.5795
vt 0.8945 0.2855
vt 0.8928 0.2854
vt 0.8925 0.2592
vt 0.8942 0.2592
vt 0.8969 0.2855
vt 0.8966 0.2592
vt 0.8995 0.2854
vt 0.8992 0.2592
vt 0.9019 0.2853
vt 0.9016 0.2592
vt 0.6927 0.2388
vt 0.6909 0.2381
vt 0.7007 0.2139
vt 0.7025 0.2147
vt 0.6950 0.2397
vt 0.7047 0.2158
vt 0.6974 0.2406
vt 0.7071 0.2168
vt 0.6996 0.2415
vt 0.7092 0.2177
vt 0.9013 0.7150
vt 0.9034 0.7148
vt 0.9025 0.7402
vt 0.9004 0.7403
vt 0.8989 0.7150
vt 0.8979 0.7404
vt 0.8963 0.7149
vt 0.8954 0.7403
vt 0.8940 0.7145
vt 0.8931 0.7400
vt 0.5032 0.5525
vt 0.5050 0.5518
vt 0.5146 0.5757
vt 0.5128 0.5765
vt 0.5009 0.5534
vt 0.5106 0.5775
vn -0.3656 0.7166 -0.5939
vn -0.2709 0.9219 -0.2770
vn -0.2710 0.9218 -0.2772
vn -0.3656 0.7165 -0.5940
vn -0.4049 0.4031 -0.8207
vn -0.4049 0.4029 -0.8208
vn -0.3830 0.0287 -0.9233
vn -0.3830 0.0285 -0.9233
vn -0.3031 -0.3501 -0.8863
vn -0.3031 -0.3504 -0.8862
vn -0.1773 -0.6763 -0.7150
vn -0.1772 -0.6765 -0.7148
vn -0.0244 -0.9002 -0.4349
vn -0.0242 -0.9003 -0.4346
vn 0.1324 -0.9873 -0.0882
vn 0.1326 -0.9873 -0.0879
vn 0.2692 -0.9238 0.2723
vn 0.2693 -0.9237 0.2726
vn 0.3649 -0.7191 0.5914
vn 0.3650 -0.7188 0.5917
vn 0.4048 -0.4042 0.8202
vn 0.4048 -0.4038 0.8204
vn 0.3827 -0.0274 0.9235
vn 0.3827 -0.0270 0.9235
vn 0.3020 0.3535 0.8853
vn 0.3020 0.3538 0.8852
vn 0.1752 0.6802 0.7118
vn 0.1751 0.6804 0.7116
vn 0.0217 0.9027 0.4296
vn 0.0216 0.9028 0.4295
vn -0.1350 0.9874 0.0823
vn -0.1350 0.9874 0.0822
usemtl None
s 1
f 995/1255/979 994/1256/980 993/1257/981 996/1258/982
f 997/1259/983 995/1260/979 996/1261/982 998/1262/984
f 999/1263/985 997/1259/983 998/1262/984 1000/1264/986
f 1001/1265/987 999/1263/985 1000/1264/986 1002/1266/988
f 1003/1267/989 1001/1265/987 1002/1266/988 1004/1268/990
f 1005/1269/991 1003/1270/989 1004/1271/990 1006/1272/992
f 1007/1273/993 1005/1269/991 1006/1272/992 1008/1274/994
f 1009/1275/995 1007/1273/993 1008/1274/994 1010/1276/996
f 1011/1277/997 1009/1275/995 1010/1276/996 1012/1278/998
f 1013/1279/999 1011/1280/997 1012/1281/998 1014/1282/1000
f 1015/1283/1001 1013/1279/999 1014/1282/1000 1016/1284/1002
f 1017/1285/1003 1015/1283/1001 1016/1284/1002 1018/1286/1004
f 1019/1287/1005 1017/1285/1003 1018/1286/1004 1020/1288/1006
f 1021/1289/1007 1019/1290/1005 1020/1291/1006 1022/1292/1008
f 1023/1293/1009 1021/1289/1007 1022/1292/1008 1024/1294/1010
f 994/1256/980 1023/1293/1009 1024/1294/1010 993/1257/981
o Circle.034_Circle.036
v 28.200607 7.043984 -36.816208
v 26.519972 6.727607 -36.021030
v 26.481754 6.660178 -36.123001
v 28.167048 6.976652 -36.919907
v 26.464676 6.557085 -36.197060
v 28.152721 6.873498 -36.994526
v 26.471334 6.434024 -36.231937
v 28.159811 6.750230 -37.028698
v 26.500721 6.309730 -36.222324
v 28.187237 6.625611 -37.017227
v 26.548357 6.203126 -36.169682
v 28.230822 6.518615 -36.961864
v 26.606989 6.130442 -36.082024
v 28.283932 6.445531 -36.871025
v 26.667698 6.102741 -35.972698
v 28.338486 6.417485 -36.758545
v 26.721233 6.124243 -35.858349
v 28.386169 6.438747 -36.641552
v 26.759451 6.191673 -35.756378
v 28.419729 6.506080 -36.537853
v 26.776531 6.294765 -35.682316
v 28.434055 6.609233 -36.463238
v 26.769867 6.417827 -35.647438
v 28.426964 6.732502 -36.429066
v 26.740482 6.542121 -35.657055
v 28.399540 6.857121 -36.440536
v 26.692848 6.648725 -35.709694
v 28.355953 6.964117 -36.495899
v 26.634214 6.721409 -35.797348
v 28.302843 7.037200 -36.586739
v 26.573507 6.749109 -35.906681
v 28.248291 7.065247 -36.699215
vt 0.4879 0.5309
vt 0.4901 0.5301
vt 0.4985 0.5544
vt 0.4963 0.5552
vt 0.4862 0.5314
vt 0.4947 0.5558
vt 0.8977 0.3113
vt 0.8954 0.3113
vt 0.8945 0.2855
vt 0.8969 0.2855
vt 0.9003 0.3112
vt 0.8995 0.2854
vt 0.9027 0.3110
vt 0.9019 0.2853
vt 0.6843 0.2629
vt 0.6825 0.2623
vt 0.6909 0.2381
vt 0.6927 0.2388
vt 0.6866 0.2637
vt 0.6950 0.2397
vt 0.6891 0.2645
vt 0.6974 0.2406
vt 0.6913 0.2652
vt 0.6996 0.2415
vt 0.9026 0.6904
vt 0.9046 0.6901
vt 0.9034 0.7148
vt 0.9013 0.7150
vt 0.9001 0.6904
vt 0.8989 0.7150
vt 0.8975 0.6902
vt 0.8963 0.7149
vt 0.8953 0.6898
vt 0.8940 0.7145
vt 0.4949 0.5285
vt 0.4967 0.5279
vt 0.5050 0.5518
vt 0.5032 0.5525
vt 0.4925 0.5293
vt 0.5009 0.5534
vn -0.4044 0.7138 -0.5717
vn -0.2958 0.9193 -0.2595
vn -0.2959 0.9193 -0.2596
vn -0.4044 0.7137 -0.5719
vn -0.4517 0.4005 -0.7972
vn -0.4517 0.4004 -0.7973
vn -0.4307 0.0267 -0.9021
vn -0.4307 0.0265 -0.9021
vn -0.3446 -0.3512 -0.8706
vn -0.3445 -0.3514 -0.8705
vn -0.2062 -0.6762 -0.7072
vn -0.2061 -0.6765 -0.7071
vn -0.0364 -0.8991 -0.4363
vn -0.0362 -0.8992 -0.4360
vn 0.1392 -0.9853 -0.0986
vn 0.1394 -0.9853 -0.0982
vn 0.2938 -0.9214 0.2545
vn 0.2939 -0.9212 0.2549
vn 0.4035 -0.7165 0.5690
vn 0.4036 -0.7162 0.5693
vn 0.4516 -0.4018 0.7966
vn 0.4516 -0.4015 0.7968
vn 0.4304 -0.0256 0.9023
vn 0.4304 -0.0252 0.9023
vn 0.3434 0.3545 0.8697
vn 0.3433 0.3548 0.8696
vn 0.2039 0.6802 0.7041
vn 0.2038 0.6804 0.7040
vn 0.0333 0.9017 0.4311
vn 0.0332 0.9018 0.4309
vn -0.1422 0.9855 0.0926
vn -0.1423 0.9855 0.0925
usemtl None
s 1
f 1027/1295/1011 1026/1296/1012 1025/1297/1013 1028/1298/1014
f 1029/1299/1015 1027/1295/1011 1028/1298/1014 1030/1300/1016
f 1031/1301/1017 1029/1302/1015 1030/1303/1016 1032/1304/1018
f 1033/1305/1019 1031/1301/1017 1032/1304/1018 1034/1306/1020
f 1035/1307/1021 1033/1305/1019 1034/1306/1020 1036/1308/1022
f 1037/1309/1023 1035/1310/1021 1036/1311/1022 1038/1312/1024
f 1039/1313/1025 1037/1309/1023 1038/1312/1024 1040/1314/1026
f 1041/1315/1027 1039/1313/1025 1040/1314/1026 1042/1316/1028
f 1043/1317/1029 1041/1315/1027 1042/1316/1028 1044/1318/1030
f 1045/1319/1031 1043/1320/1029 1044/1321/1030 1046/1322/1032
f 1047/1323/1033 1045/1319/1031 1046/1322/1032 1048/1324/1034
f 1049/1325/1035 1047/1323/1033 1048/1324/1034 1050/1326/1036
f 1051/1327/1037 1049/1325/1035 1050/1326/1036 1052/1328/1038
f 1053/1329/1039 1051/1330/1037 1052/1331/1038 1054/1332/1040
f 1055/1333/1041 1053/1329/1039 1054/1332/1040 1056/1334/1042
f 1026/1296/1012 1055/1333/1041 1056/1334/1042 1025/1297/1013
o Circle.033_Circle.035
v 26.519972 6.727607 -36.021030
v 24.912771 6.396497 -35.151180
v 24.869757 6.328865 -35.251049
v 26.481754 6.660178 -36.123001
v 24.849724 6.225748 -35.324284
v 26.464676 6.557085 -36.197060
v 24.855722 6.102847 -35.359734
v 26.471334 6.434024 -36.231937
v 24.886837 5.978872 -35.352013
v 26.500721 6.309730 -36.222324
v 24.938334 5.872697 -35.302288
v 26.548357 6.203126 -36.169682
v 25.002367 5.800486 -35.218128
v 26.606989 6.130442 -36.082024
v 25.069197 5.773233 -35.112347
v 26.667698 6.102741 -35.972698
v 25.128639 5.795086 -35.001049
v 26.721233 6.124243 -35.858349
v 25.171652 5.862720 -34.901188
v 26.759451 6.191673 -35.756378
v 25.191685 5.965837 -34.827953
v 26.776531 6.294765 -35.682316
v 25.185688 6.088738 -34.792500
v 26.769867 6.417827 -35.647438
v 25.154570 6.212713 -34.800224
v 26.740482 6.542121 -35.657055
v 25.103077 6.318888 -34.849949
v 26.692848 6.648725 -35.709694
v 25.039042 6.391098 -34.934109
v 26.634214 6.721409 -35.797348
v 24.972214 6.418351 -35.039890
v 26.573507 6.749109 -35.906681
vt 0.4808 0.5065
vt 0.4830 0.5058
vt 0.4901 0.5301
vt 0.4879 0.5309
vt 0.4791 0.5070
vt 0.4862 0.5314
vt 0.8991 0.3365
vt 0.8968 0.3365
vt 0.8954 0.3113
vt 0.8977 0.3113
vt 0.9017 0.3364
vt 0.9003 0.3112
vt 0.9041 0.3361
vt 0.9027 0.3110
vt 0.9060 0.3357
vt 0.9047 0.3107
vt 0.6795 0.2877
vt 0.6772 0.2871
vt 0.6843 0.2629
vt 0.6866 0.2637
vt 0.6820 0.2884
vt 0.6891 0.2645
vt 0.6843 0.2890
vt 0.6913 0.2652
vt 0.9041 0.6664
vt 0.9062 0.6661
vt 0.9046 0.6901
vt 0.9026 0.6904
vt 0.9016 0.6665
vt 0.9001 0.6904
vt 0.8991 0.6662
vt 0.8975 0.6902
vt 0.8968 0.6657
vt 0.8953 0.6898
vt 0.4879 0.5045
vt 0.4897 0.5040
vt 0.4967 0.5279
vt 0.4949 0.5285
vt 0.4855 0.5051
vt 0.4925 0.5293
vn -0.4421 0.7105 -0.5474
vn -0.3192 0.9166 -0.2409
vn -0.3192 0.9165 -0.2410
vn -0.4422 0.7104 -0.5475
vn -0.4981 0.3971 -0.7708
vn -0.4981 0.3970 -0.7709
vn -0.4787 0.0239 -0.8777
vn -0.4787 0.0237 -0.8777
vn -0.3870 -0.3531 -0.8518
vn -0.3869 -0.3533 -0.8518
vn -0.2366 -0.6769 -0.6970
vn -0.2365 -0.6771 -0.6968
vn -0.0501 -0.8985 -0.4362
vn -0.0499 -0.8986 -0.4359
vn 0.1443 -0.9836 -0.1087
vn 0.1444 -0.9836 -0.1083
vn 0.3168 -0.9187 0.2358
vn 0.3170 -0.9186 0.2362
vn 0.4411 -0.7134 0.5446
vn 0.4412 -0.7131 0.5449
vn 0.4979 -0.3987 0.7701
vn 0.4979 -0.3983 0.7703
vn 0.4785 -0.0229 0.8778
vn 0.4784 -0.0226 0.8778
vn 0.3858 0.3563 0.8510
vn 0.3857 0.3566 0.8509
vn 0.2341 0.6808 0.6940
vn 0.2339 0.6811 0.6939
vn 0.0467 0.9011 0.4311
vn 0.0466 0.9012 0.4309
vn -0.1476 0.9837 0.1027
vn -0.1477 0.9837 0.1025
usemtl None
s 1
f 1059/1335/1043 1058/1336/1044 1057/1337/1045 1060/1338/1046
f 1061/1339/1047 1059/1335/1043 1060/1338/1046 1062/1340/1048
f 1063/1341/1049 1061/1342/1047 1062/1343/1048 1064/1344/1050
f 1065/1345/1051 1063/1341/1049 1064/1344/1050 1066/1346/1052
f 1067/1347/1053 1065/1345/1051 1066/1346/1052 1068/1348/1054
f 1069/1349/1055 1067/1347/1053 1068/1348/1054 1070/1350/1056
f 1071/1351/1057 1069/1352/1055 1070/1353/1056 1072/1354/1058
f 1073/1355/1059 1071/1351/1057 1072/1354/1058 1074/1356/1060
f 1075/1357/1061 1073/1355/1059 1074/1356/1060 1076/1358/1062
f 1077/1359/1063 1075/1360/1061 1076/1361/1062 1078/1362/1064
f 1079/1363/1065 1077/1359/1063 1078/1362/1064 1080/1364/1066
f 1081/1365/1067 1079/1363/1065 1080/1364/1066 1082/1366/1068
f 1083/1367/1069 1081/1365/1067 1082/1366/1068 1084/1368/1070
f 1085/1369/1071 1083/1370/1069 1084/1371/1070 1086/1372/1072
f 1087/1373/1073 1085/1369/1071 1086/1372/1072 1088/1374/1074
f 1058/1336/1044 1087/1373/1073 1088/1374/1074 1057/1337/1045
o Circle.032_Circle.034
v 24.912771 6.396497 -35.151180
v 23.379204 6.053359 -34.206848
v 23.331301 5.985422 -34.304230
v 24.869757 6.328865 -35.251049
v 23.308140 5.882198 -34.376343
v 24.849724 6.225748 -35.324284
v 23.313248 5.759403 -34.412220
v 24.855722 6.102847 -35.359734
v 23.345850 5.635729 -34.406391
v 24.886837 5.978872 -35.352013
v 23.400978 5.530006 -34.359749
v 24.938334 5.872697 -35.302288
v 23.470243 5.458330 -34.279396
v 25.002367 5.800486 -35.218128
v 23.543098 5.431610 -34.177559
v 25.069197 5.773233 -35.112347
v 23.608452 5.453918 -34.069748
v 25.128639 5.795086 -35.001049
v 23.656355 5.521854 -33.972370
v 25.171652 5.862720 -34.901188
v 23.679516 5.625078 -33.900257
v 25.191685 5.965837 -34.827953
v 23.674406 5.747874 -33.864384
v 25.185688 6.088738 -34.792500
v 23.641806 5.871548 -33.870213
v 25.154570 6.212713 -34.800224
v 23.586676 5.977270 -33.916851
v 25.103077 6.318888 -34.849949
v 23.517412 6.048947 -33.997208
v 25.039042 6.391098 -34.934109
v 23.444557 6.075665 -34.099041
v 24.972214 6.418351 -35.039890
vt 0.4750 0.4821
vt 0.4773 0.4815
vt 0.4830 0.5058
vt 0.4808 0.5065
vt 0.4733 0.4825
vt 0.4791 0.5070
vt 0.9010 0.3612
vt 0.8987 0.3612
vt 0.8968 0.3365
vt 0.8991 0.3365
vt 0.9036 0.3610
vt 0.9017 0.3364
vt 0.9060 0.3606
vt 0.9041 0.3361
vt 0.9079 0.3601
vt 0.9060 0.3357
vt 0.6738 0.3118
vt 0.6714 0.3113
vt 0.6772 0.2871
vt 0.6795 0.2877
vt 0.6763 0.3123
vt 0.6820 0.2884
vt 0.6786 0.3128
vt 0.6843 0.2890
vt 0.9059 0.6432
vt 0.9080 0.6428
vt 0.9062 0.6661
vt 0.9041 0.6664
vt 0.9035 0.6432
vt 0.9016 0.6665
vt 0.9009 0.6430
vt 0.8991 0.6662
vt 0.8986 0.6424
vt 0.8968 0.6657
vt 0.4822 0.4805
vt 0.4841 0.4801
vt 0.4897 0.5040
vt 0.4879 0.5045
vt 0.4799 0.4810
vt 0.4855 0.5051
vn -0.4785 0.7068 -0.5211
vn -0.3408 0.9137 -0.2214
vn -0.3408 0.9136 -0.2216
vn -0.4785 0.7067 -0.5212
vn -0.5436 0.3931 -0.7416
vn -0.5436 0.3930 -0.7417
vn -0.5266 0.0202 -0.8499
vn -0.5265 0.0200 -0.8499
vn -0.4299 -0.3558 -0.8298
vn -0.4299 -0.3561 -0.8297
vn -0.2682 -0.6783 -0.6841
vn -0.2680 -0.6785 -0.6839
vn -0.0655 -0.8984 -0.4344
vn -0.0653 -0.8985 -0.4341
vn 0.1474 -0.9820 -0.1182
vn 0.1476 -0.9820 -0.1179
vn 0.3381 -0.9159 0.2163
vn 0.3383 -0.9158 0.2167
vn 0.4772 -0.7098 0.5181
vn 0.4774 -0.7095 0.5184
vn 0.5434 -0.3949 0.7408
vn 0.5435 -0.3945 0.7409
vn 0.5264 -0.0195 0.8500
vn 0.5263 -0.0191 0.8501
vn 0.4287 0.3589 0.8291
vn 0.4286 0.3593 0.8290
vn 0.2655 0.6822 0.6812
vn 0.2653 0.6825 0.6811
vn 0.0618 0.9010 0.4294
vn 0.0616 0.9011 0.4292
vn -0.1511 0.9821 0.1123
vn -0.1512 0.9821 0.1121
usemtl None
s 1
f 1091/1375/1075 1090/1376/1076 1089/1377/1077 1092/1378/1078
f 1093/1379/1079 1091/1375/1075 1092/1378/1078 1094/1380/1080
f 1095/1381/1081 1093/1382/1079 1094/1383/1080 1096/1384/1082
f 1097/1385/1083 1095/1381/1081 1096/1384/1082 1098/1386/1084
f 1099/1387/1085 1097/1385/1083 1098/1386/1084 1100/1388/1086
f 1101/1389/1087 1099/1387/1085 1100/1388/1086 1102/1390/1088
f 1103/1391/1089 1101/1392/1087 1102/1393/1088 1104/1394/1090
f 1105/1395/1091 1103/1391/1089 1104/1394/1090 1106/1396/1092
f 1107/1397/1093 1105/1395/1091 1106/1396/1092 1108/1398/1094
f 1109/1399/1095 1107/1400/1093 1108/1401/1094 1110/1402/1096
f 1111/1403/1097 1109/1399/1095 1110/1402/1096 1112/1404/1098
f 1113/1405/1099 1111/1403/1097 1112/1404/1098 1114/1406/1100
f 1115/1407/1101 1113/1405/1099 1114/1406/1100 1116/1408/1102
f 1117/1409/1103 1115/1410/1101 1116/1411/1102 1118/1412/1104
f 1119/1413/1105 1117/1409/1103 1118/1412/1104 1120/1414/1106
f 1090/1376/1076 1119/1413/1105 1120/1414/1106 1089/1377/1077
o Circle.031_Circle.033
v 23.379204 6.053359 -34.206848
v 21.919468 5.700897 -33.188255
v 21.866629 5.632567 -33.282738
v 23.331301 5.985422 -34.304230
v 21.840202 5.529155 -33.353413
v 23.308140 5.882198 -34.376343
v 21.844208 5.406405 -33.389526
v 23.313248 5.759403 -34.412220
v 21.878036 5.283006 -33.385574
v 23.345850 5.635729 -34.406391
v 21.936537 5.177742 -33.342163
v 23.400978 5.530006 -34.359749
v 22.010809 5.106640 -33.265900
v 23.470243 5.458330 -34.279396
v 22.089540 5.080524 -33.168392
v 23.543098 5.431610 -34.177559
v 22.160742 5.103371 -33.064487
v 23.608452 5.453918 -34.069748
v 22.213577 5.171702 -32.970009
v 23.656355 5.521854 -33.972370
v 22.240007 5.275114 -32.899330
v 23.679516 5.625078 -33.900257
v 22.236004 5.397863 -32.863220
v 23.674406 5.747874 -33.864384
v 22.202173 5.521264 -32.867172
v 23.641806 5.871548 -33.870213
v 22.143669 5.626527 -32.910583
v 23.586676 5.977270 -33.916851
v 22.069403 5.697628 -32.986847
v 23.517412 6.048947 -33.997208
v 21.990671 5.723744 -33.084351
v 23.444557 6.075665 -34.099041
vt 0.4707 0.4576
vt 0.4730 0.4572
vt 0.4773 0.4815
vt 0.4750 0.4821
vt 0.4689 0.4580
vt 0.4733 0.4825
vt 0.9034 0.3854
vt 0.9010 0.3853
vt 0.8987 0.3612
vt 0.9010 0.3612
vt 0.9059 0.3851
vt 0.9036 0.3610
vt 0.9084 0.3847
vt 0.9060 0.3606
vt 0.9103 0.3840
vt 0.9079 0.3601
vt 0.6694 0.3359
vt 0.6670 0.3355
vt 0.6714 0.3113
vt 0.6738 0.3118
vt 0.6720 0.3363
vt 0.6763 0.3123
vt 0.6743 0.3367
vt 0.6786 0.3128
vt 0.9080 0.6207
vt 0.9100 0.6202
vt 0.9080 0.6428
vt 0.9059 0.6432
vt 0.9055 0.6207
vt 0.9035 0.6432
vt 0.9030 0.6204
vt 0.9009 0.6430
vt 0.9007 0.6197
vt 0.8986 0.6424
vt 0.4780 0.4564
vt 0.4798 0.4562
vt 0.4841 0.4801
vt 0.4822 0.4805
vt 0.4756 0.4568
vt 0.4799 0.4810
vn -0.5130 0.7028 -0.4929
vn -0.3604 0.9108 -0.2013
vn -0.3605 0.9108 -0.2015
vn -0.5131 0.7026 -0.4930
vn -0.5879 0.3886 -0.7095
vn -0.5879 0.3884 -0.7096
vn -0.5738 0.0158 -0.8188
vn -0.5738 0.0157 -0.8188
vn -0.4731 -0.3594 -0.8044
vn -0.4730 -0.3596 -0.8044
vn -0.3007 -0.6805 -0.6683
vn -0.3005 -0.6807 -0.6681
vn -0.0824 -0.8988 -0.4306
vn -0.0822 -0.8989 -0.4304
vn 0.1487 -0.9807 -0.1271
vn 0.1489 -0.9807 -0.1268
vn 0.3573 -0.9131 0.1962
vn 0.3575 -0.9130 0.1965
vn 0.5116 -0.7059 0.4898
vn 0.5117 -0.7057 0.4901
vn 0.5877 -0.3906 0.7086
vn 0.5877 -0.3902 0.7088
vn 0.5737 -0.0153 0.8189
vn 0.5737 -0.0149 0.8190
vn 0.4719 0.3623 0.8038
vn 0.4717 0.3626 0.8037
vn 0.2978 0.6843 0.6656
vn 0.2977 0.6845 0.6655
vn 0.0784 0.9014 0.4258
vn 0.0782 0.9015 0.4256
vn -0.1528 0.9808 0.1213
vn -0.1529 0.9808 0.1211
usemtl None
s 1
f 1123/1415/1107 1122/1416/1108 1121/1417/1109 1124/1418/1110
f 1125/1419/1111 1123/1415/1107 1124/1418/1110 1126/1420/1112
f 1127/1421/1113 1125/1422/1111 1126/1423/1112 1128/1424/1114
f 1129/1425/1115 1127/1421/1113 1128/1424/1114 1130/1426/1116
f 1131/1427/1117 1129/1425/1115 1130/1426/1116 1132/1428/1118
f 1133/1429/1119 1131/1427/1117 1132/1428/1118 1134/1430/1120
f 1135/1431/1121 1133/1432/1119 1134/1433/1120 1136/1434/1122
f 1137/1435/1123 1135/1431/1121 1136/1434/1122 1138/1436/1124
f 1139/1437/1125 1137/1435/1123 1138/1436/1124 1140/1438/1126
f 1141/1439/1127 1139/1440/1125 1140/1441/1126 1142/1442/1128
f 1143/1443/1129 1141/1439/1127 1142/1442/1128 1144/1444/1130
f 1145/1445/1131 1143/1443/1129 1144/1444/1130 1146/1446/1132
f 1147/1447/1133 1145/1445/1131 1146/1446/1132 1148/1448/1134
f 1149/1449/1135 1147/1450/1133 1148/1451/1134 1150/1452/1136
f 1151/1453/1137 1149/1449/1135 1150/1452/1136 1152/1454/1138
f 1122/1416/1108 1151/1453/1137 1152/1454/1138 1121/1417/1109
o Circle.030_Circle.032
v 21.919468 5.700897 -33.188255
v 20.533749 5.341818 -32.095612
v 20.475988 5.273016 -32.186798
v 21.866629 5.632567 -33.282738
v 20.446192 5.169342 -32.255707
v 21.840202 5.529155 -33.353413
v 20.448898 5.046577 -32.291847
v 21.844208 5.406405 -33.389526
v 20.483694 4.923412 -32.289719
v 21.878036 5.283006 -33.385574
v 20.545280 4.818599 -32.249645
v 21.936537 5.177742 -33.342163
v 20.624285 4.748094 -32.177731
v 22.010809 5.106640 -33.265900
v 20.708677 4.722630 -32.084915
v 22.089540 5.080524 -33.168392
v 20.785610 4.746084 -31.985334
v 22.160742 5.103371 -33.064487
v 20.843370 4.814887 -31.894154
v 22.213577 5.171702 -32.970009
v 20.873165 4.918561 -31.825245
v 22.240007 5.275114 -32.899330
v 20.870461 5.041327 -31.789104
v 22.236004 5.397863 -32.863220
v 20.835665 5.164491 -31.791231
v 22.202173 5.521264 -32.867172
v 20.774078 5.269304 -31.831303
v 22.143669 5.626527 -32.910583
v 20.695074 5.339809 -31.903221
v 22.069403 5.697628 -32.986847
v 20.610682 5.365273 -31.996035
v 21.990671 5.723744 -33.084351
vt 0.4677 0.4332
vt 0.4700 0.4329
vt 0.4730 0.4572
vt 0.4707 0.4576
vt 0.4659 0.4335
vt 0.4689 0.4580
vt 0.9062 0.4089
vt 0.9039 0.4089
vt 0.9010 0.3853
vt 0.9034 0.3854
vt 0.9087 0.4087
vt 0.9059 0.3851
vt 0.9112 0.4081
vt 0.9084 0.3847
vt 0.9131 0.4073
vt 0.9103 0.3840
vt 0.6664 0.3600
vt 0.6640 0.3598
vt 0.6670 0.3355
vt 0.6694 0.3359
vt 0.6690 0.3602
vt 0.6720 0.3363
vt 0.6713 0.3605
vt 0.6743 0.3367
vt 0.9973 0.0199
vt 0.9950 0.0190
vt 0.9977 0.0000
vt 1.0000 0.0010
vt 0.9078 0.5989
vt 0.9102 0.5988
vt 0.9080 0.6207
vt 0.9055 0.6207
vt 0.9052 0.5986
vt 0.9030 0.6204
vt 0.9029 0.5978
vt 0.9007 0.6197
vt 0.4750 0.4324
vt 0.4769 0.4323
vt 0.4798 0.4562
vt 0.4780 0.4564
vt 0.4726 0.4326
vt 0.4756 0.4568
vn -0.5455 0.6986 -0.4630
vn -0.3779 0.9080 -0.1808
vn -0.3780 0.9080 -0.1810
vn -0.5456 0.6985 -0.4631
vn -0.6304 0.3836 -0.6748
vn -0.6304 0.3835 -0.6749
vn -0.6200 0.0109 -0.7845
vn -0.6200 0.0107 -0.7846
vn -0.5159 -0.3635 -0.7757
vn -0.5158 -0.3637 -0.7757
vn -0.3337 -0.6832 -0.6495
vn -0.3336 -0.6834 -0.6494
vn -0.1006 -0.8997 -0.4247
vn -0.1004 -0.8998 -0.4245
vn 0.1480 -0.9797 -0.1349
vn 0.1483 -0.9797 -0.1347
vn 0.3745 -0.9104 0.1758
vn 0.3747 -0.9103 0.1761
vn 0.5439 -0.7019 0.4599
vn 0.5440 -0.7016 0.4602
vn 0.6301 -0.3858 0.6738
vn 0.6302 -0.3855 0.6740
vn 0.6199 -0.0106 0.7846
vn 0.6199 -0.0102 0.7847
vn 0.5147 0.3663 0.7752
vn 0.5146 0.3666 0.7751
vn 0.3307 0.6869 0.6471
vn 0.3306 0.6872 0.6469
vn 0.0963 0.9023 0.4201
vn 0.0961 0.9025 0.4199
vn -0.1525 0.9798 0.1293
vn -0.1527 0.9798 0.1291
usemtl None
s 1
f 1155/1455/1139 1154/1456/1140 1153/1457/1141 1156/1458/1142
f 1157/1459/1143 1155/1455/1139 1156/1458/1142 1158/1460/1144
f 1159/1461/1145 1157/1462/1143 1158/1463/1144 1160/1464/1146
f 1161/1465/1147 1159/1461/1145 1160/1464/1146 1162/1466/1148
f 1163/1467/1149 1161/1465/1147 1162/1466/1148 1164/1468/1150
f 1165/1469/1151 1163/1467/1149 1164/1468/1150 1166/1470/1152
f 1167/1471/1153 1165/1472/1151 1166/1473/1152 1168/1474/1154
f 1169/1475/1155 1167/1471/1153 1168/1474/1154 1170/1476/1156
f 1171/1477/1157 1169/1475/1155 1170/1476/1156 1172/1478/1158
f 1173/1479/1159 1171/1480/1157 1172/1481/1158 1174/1482/1160
f 1175/1483/1161 1173/1484/1159 1174/1485/1160 1176/1486/1162
f 1177/1487/1163 1175/1483/1161 1176/1486/1162 1178/1488/1164
f 1179/1489/1165 1177/1487/1163 1178/1488/1164 1180/1490/1166
f 1181/1491/1167 1179/1492/1165 1180/1493/1166 1182/1494/1168
f 1183/1495/1169 1181/1491/1167 1182/1494/1168 1184/1496/1170
f 1154/1456/1140 1183/1495/1169 1184/1496/1170 1153/1457/1141
o Circle.029_Circle.031
v 20.533749 5.341818 -32.095612
v 19.222212 4.978827 -30.929152
v 19.159594 4.909493 -31.016645
v 20.475988 5.273016 -32.186798
v 19.126371 4.805489 -31.083448
v 20.446192 5.169342 -32.255707
v 19.127604 4.682648 -31.119390
v 20.448898 5.046577 -32.291847
v 19.163101 4.559672 -31.119001
v 20.483694 4.923412 -32.289719
v 19.227459 4.455284 -31.082338
v 20.545280 4.818599 -32.249645
v 19.310883 4.385374 -31.014984
v 20.624285 4.748094 -32.177731
v 19.400671 4.360588 -30.927191
v 20.708677 4.722630 -32.084915
v 19.483150 4.384696 -30.832331
v 20.785610 4.746084 -31.985334
v 19.545769 4.454031 -30.744837
v 20.843370 4.814887 -31.894154
v 19.578989 4.558036 -30.678034
v 20.873165 4.918561 -31.825245
v 19.577759 4.680876 -30.642092
v 20.870461 5.041327 -31.789104
v 19.542259 4.803852 -30.642483
v 20.835665 5.164491 -31.791231
v 19.477903 4.908241 -30.679144
v 20.774078 5.269304 -31.831303
v 19.394480 4.978150 -30.746496
v 20.695074 5.339809 -31.903221
v 19.304693 5.002936 -30.834286
v 20.610682 5.365273 -31.996035
vt 0.4661 0.4087
vt 0.4684 0.4085
vt 0.4700 0.4329
vt 0.4677 0.4332
vt 0.4643 0.4089
vt 0.4659 0.4335
vt 0.9094 0.4319
vt 0.9071 0.4318
vt 0.9039 0.4089
vt 0.9062 0.4089
vt 0.9119 0.4316
vt 0.9087 0.4087
vt 0.9143 0.4310
vt 0.9112 0.4081
vt 0.9163 0.4301
vt 0.9131 0.4073
vt 0.6647 0.3841
vt 0.6623 0.3841
vt 0.6640 0.3598
vt 0.6664 0.3600
vt 0.6673 0.3842
vt 0.6690 0.3602
vt 0.6697 0.3844
vt 0.6713 0.3605
vt 0.9947 0.0396
vt 0.9924 0.0387
vt 0.9950 0.0190
vt 0.9973 0.0199
vt 0.9102 0.5779
vt 0.9126 0.5777
vt 0.9102 0.5988
vt 0.9078 0.5989
vt 0.9076 0.5775
vt 0.9052 0.5986
vt 0.9054 0.5766
vt 0.9029 0.5978
vt 0.4734 0.4084
vt 0.4753 0.4085
vt 0.4769 0.4323
vt 0.4750 0.4324
vt 0.4710 0.4084
vt 0.4726 0.4326
vn -0.5756 0.6944 -0.4318
vn -0.3930 0.9055 -0.1602
vn -0.3932 0.9054 -0.1603
vn -0.5757 0.6943 -0.4320
vn -0.6708 0.3785 -0.6378
vn -0.6708 0.3783 -0.6379
vn -0.6646 0.0056 -0.7472
vn -0.6645 0.0054 -0.7472
vn -0.5579 -0.3682 -0.7437
vn -0.5579 -0.3683 -0.7437
vn -0.3668 -0.6865 -0.6278
vn -0.3667 -0.6867 -0.6277
vn -0.1199 -0.9012 -0.4165
vn -0.1197 -0.9013 -0.4164
vn 0.1457 -0.9791 -0.1416
vn 0.1459 -0.9791 -0.1414
vn 0.3893 -0.9079 0.1552
vn 0.3895 -0.9078 0.1555
vn 0.5738 -0.6979 0.4287
vn 0.5739 -0.6976 0.4289
vn 0.6705 -0.3809 0.6367
vn 0.6705 -0.3805 0.6368
vn 0.6645 -0.0055 0.7472
vn 0.6645 -0.0051 0.7473
vn 0.5568 0.3708 0.7433
vn 0.5566 0.3711 0.7432
vn 0.3638 0.6901 0.6256
vn 0.3636 0.6904 0.6254
vn 0.1153 0.9037 0.4122
vn 0.1151 0.9039 0.4120
vn -0.1505 0.9792 0.1362
vn -0.1507 0.9792 0.1360
usemtl None
s 1
f 1187/1497/1171 1186/1498/1172 1185/1499/1173 1188/1500/1174
f 1189/1501/1175 1187/1497/1171 1188/1500/1174 1190/1502/1176
f 1191/1503/1177 1189/1504/1175 1190/1505/1176 1192/1506/1178
f 1193/1507/1179 1191/1503/1177 1192/1506/1178 1194/1508/1180
f 1195/1509/1181 1193/1507/1179 1194/1508/1180 1196/1510/1182
f 1197/1511/1183 1195/1509/1181 1196/1510/1182 1198/1512/1184
f 1199/1513/1185 1197/1514/1183 1198/1515/1184 1200/1516/1186
f 1201/1517/1187 1199/1513/1185 1200/1516/1186 1202/1518/1188
f 1203/1519/1189 1201/1517/1187 1202/1518/1188 1204/1520/1190
f 1205/1521/1191 1203/1522/1189 1204/1523/1190 1206/1524/1192
f 1207/1525/1193 1205/1526/1191 1206/1527/1192 1208/1528/1194
f 1209/1529/1195 1207/1525/1193 1208/1528/1194 1210/1530/1196
f 1211/1531/1197 1209/1529/1195 1210/1530/1196 1212/1532/1198
f 1213/1533/1199 1211/1534/1197 1212/1535/1198 1214/1536/1200
f 1215/1537/1201 1213/1533/1199 1214/1536/1200 1216/1538/1202
f 1186/1498/1172 1215/1537/1201 1216/1538/1202 1185/1499/1173
o Circle.028_Circle.030
v 19.222212 4.978827 -30.929152
v 17.985004 4.614625 -29.689104
v 17.917650 4.544716 -29.772528
v 19.159594 4.909493 -31.016645
v 17.880987 4.440328 -29.836887
v 19.126371 4.805489 -31.083448
v 17.880598 4.317352 -29.872385
v 19.127604 4.682648 -31.119390
v 17.916542 4.194511 -29.873617
v 19.163101 4.559672 -31.119001
v 17.983341 4.090507 -29.840397
v 19.227459 4.455284 -31.082338
v 18.070837 4.021173 -29.777777
v 19.310883 4.385374 -31.014984
v 18.165701 3.997063 -29.695295
v 19.400671 4.360588 -30.927191
v 18.253490 4.021850 -29.605509
v 19.483150 4.384696 -30.832331
v 18.320845 4.091759 -29.522087
v 19.545769 4.454031 -30.744837
v 18.357508 4.196147 -29.457726
v 19.578989 4.558036 -30.678034
v 18.357895 4.319123 -29.422228
v 19.577759 4.680876 -30.642092
v 18.321953 4.441964 -29.421000
v 19.542259 4.803852 -30.642483
v 18.255150 4.545969 -29.454218
v 19.477903 4.908241 -30.679144
v 18.167658 4.615303 -29.516836
v 19.394480 4.978150 -30.746496
v 18.072794 4.639411 -29.599318
v 19.304693 5.002936 -30.834286
vt 0.4658 0.3843
vt 0.4682 0.3842
vt 0.4684 0.4085
vt 0.4661 0.4087
vt 0.4640 0.3844
vt 0.4643 0.4089
vt 0.9245 0.9478
vt 0.9269 0.9474
vt 0.9272 0.9681
vt 0.9247 0.9685
vt 0.9155 0.4540
vt 0.9129 0.4543
vt 0.9094 0.4319
vt 0.9119 0.4316
vt 0.9179 0.4533
vt 0.9143 0.4310
vt 0.9198 0.4523
vt 0.9163 0.4301
vt 0.6644 0.4083
vt 0.6620 0.4084
vt 0.6623 0.3841
vt 0.6647 0.3841
vt 0.6670 0.4082
vt 0.6673 0.3842
vt 0.6694 0.4083
vt 0.6697 0.3844
vt 0.9921 0.0599
vt 0.9899 0.0591
vt 0.9924 0.0387
vt 0.9947 0.0396
vt 0.9947 0.0603
vt 0.9972 0.0400
vt 0.9102 0.5571
vt 0.9127 0.5575
vt 0.9102 0.5779
vt 0.9076 0.5775
vt 0.9079 0.5562
vt 0.9054 0.5766
vt 0.4732 0.3844
vt 0.4751 0.3846
vt 0.4753 0.4085
vt 0.4734 0.4084
vt 0.4708 0.3843
vt 0.4710 0.4084
vn -0.6031 0.6904 -0.3996
vn -0.4059 0.9032 -0.1397
vn -0.4060 0.9031 -0.1399
vn -0.6032 0.6902 -0.3997
vn -0.7087 0.3733 -0.5987
vn -0.7087 0.3732 -0.5987
vn -0.7071 0.0001 -0.7071
vn -0.7071 -0.0001 -0.7071
vn -0.5987 -0.3732 -0.7087
vn -0.5987 -0.3733 -0.7087
vn -0.3997 -0.6902 -0.6031
vn -0.3996 -0.6904 -0.6031
vn -0.1399 -0.9031 -0.4060
vn -0.1397 -0.9032 -0.4059
vn 0.1416 -0.9790 -0.1469
vn 0.1418 -0.9790 -0.1467
vn 0.4019 -0.9057 0.1349
vn 0.4021 -0.9056 0.1352
vn 0.6010 -0.6940 0.3964
vn 0.6011 -0.6937 0.3967
vn 0.7083 -0.3759 0.5975
vn 0.7083 -0.3756 0.5977
vn 0.7071 -0.0002 0.7071
vn 0.7071 0.0002 0.7071
vn 0.5977 0.3756 0.7083
vn 0.5975 0.3759 0.7083
vn 0.3967 0.6937 0.6011
vn 0.3965 0.6940 0.6010
vn 0.1352 0.9056 0.4021
vn 0.1349 0.9057 0.4019
vn -0.1467 0.9790 0.1418
vn -0.1469 0.9790 0.1416
usemtl None
s 1
f 1219/1539/1203 1218/1540/1204 1217/1541/1205 1220/1542/1206
f 1221/1543/1207 1219/1539/1203 1220/1542/1206 1222/1544/1208
f 1223/1545/1209 1221/1546/1207 1222/1547/1208 1224/1548/1210
f 1225/1549/1211 1223/1550/1209 1224/1551/1210 1226/1552/1212
f 1227/1553/1213 1225/1549/1211 1226/1552/1212 1228/1554/1214
f 1229/1555/1215 1227/1553/1213 1228/1554/1214 1230/1556/1216
f 1231/1557/1217 1229/1558/1215 1230/1559/1216 1232/1560/1218
f 1233/1561/1219 1231/1557/1217 1232/1560/1218 1234/1562/1220
f 1235/1563/1221 1233/1561/1219 1234/1562/1220 1236/1564/1222
f 1237/1565/1223 1235/1566/1221 1236/1567/1222 1238/1568/1224
f 1239/1569/1225 1237/1565/1223 1238/1568/1224 1240/1570/1226
f 1241/1571/1227 1239/1572/1225 1240/1573/1226 1242/1574/1228
f 1243/1575/1229 1241/1571/1227 1242/1574/1228 1244/1576/1230
f 1245/1577/1231 1243/1578/1229 1244/1579/1230 1246/1580/1232
f 1247/1581/1233 1245/1577/1231 1246/1580/1232 1248/1582/1234
f 1218/1540/1204 1247/1581/1233 1248/1582/1234 1217/1541/1205
o Circle.027_Circle.029
v 17.985004 4.614625 -29.689104
v 16.822262 4.251906 -28.375704
v 16.750341 4.181400 -28.454706
v 17.917650 4.544716 -29.772528
v 16.710270 4.076587 -28.516294
v 17.880987 4.440328 -29.836887
v 16.708139 3.953423 -28.551090
v 17.880598 4.317352 -29.872385
v 16.744284 3.830658 -28.553795
v 17.916542 4.194511 -29.873617
v 16.813189 3.726983 -28.524000
v 17.983341 4.090507 -29.840397
v 16.904375 3.658181 -28.466236
v 18.070837 4.021173 -29.777777
v 17.003954 3.634727 -28.389303
v 18.165701 3.997063 -29.695295
v 17.096771 3.660190 -28.304913
v 18.253490 4.021850 -29.605509
v 17.168686 3.730695 -28.225912
v 18.320845 4.091759 -29.522087
v 17.208757 3.835509 -28.164324
v 18.357508 4.196147 -29.457726
v 17.210886 3.958673 -28.129528
v 18.357895 4.319123 -29.422228
v 17.174744 4.081438 -28.126822
v 18.321953 4.441964 -29.421000
v 17.105837 4.185113 -28.156618
v 18.255150 4.545969 -29.454218
v 17.014652 4.253915 -28.214376
v 18.167658 4.615303 -29.516836
v 16.915075 4.277369 -28.291309
v 18.072794 4.639411 -29.599318
vt 0.4670 0.3598
vt 0.4694 0.3599
vt 0.4682 0.3842
vt 0.4658 0.3843
vt 0.4652 0.3599
vt 0.4640 0.3844
vt 0.9241 0.9263
vt 0.9265 0.9259
vt 0.9269 0.9474
vt 0.9245 0.9478
vt 0.9194 0.4758
vt 0.9168 0.4761
vt 0.9129 0.4543
vt 0.9155 0.4540
vt 0.9218 0.4750
vt 0.9179 0.4533
vt 0.6631 0.4327
vt 0.6612 0.4331
vt 0.6601 0.4086
vt 0.6620 0.4084
vt 0.6655 0.4325
vt 0.6644 0.4083
vt 0.6681 0.4323
vt 0.6670 0.4082
vt 0.6704 0.4322
vt 0.6694 0.4083
vt 0.9897 0.0810
vt 0.9874 0.0803
vt 0.9899 0.0591
vt 0.9921 0.0599
vt 0.9923 0.0814
vt 0.9947 0.0603
vt 0.9947 0.0813
vt 0.9971 0.0602
vt 0.9105 0.5365
vt 0.9128 0.5375
vt 0.9102 0.5571
vt 0.9079 0.5562
vt 0.4743 0.3604
vt 0.4762 0.3607
vt 0.4751 0.3846
vt 0.4732 0.3844
vt 0.4719 0.3601
vt 0.4708 0.3843
vn -0.6277 0.6867 -0.3667
vn -0.4164 0.9013 -0.1197
vn -0.4165 0.9012 -0.1199
vn -0.6278 0.6865 -0.3668
vn -0.7437 0.3683 -0.5579
vn -0.7437 0.3682 -0.5579
vn -0.7472 -0.0054 -0.6645
vn -0.7472 -0.0056 -0.6646
vn -0.6379 -0.3783 -0.6708
vn -0.6378 -0.3785 -0.6708
vn -0.4320 -0.6943 -0.5757
vn -0.4318 -0.6944 -0.5756
vn -0.1603 -0.9054 -0.3932
vn -0.1602 -0.9055 -0.3930
vn 0.1360 -0.9792 -0.1507
vn 0.1362 -0.9792 -0.1505
vn 0.4120 -0.9039 0.1151
vn 0.4122 -0.9037 0.1153
vn 0.6254 -0.6904 0.3636
vn 0.6256 -0.6901 0.3638
vn 0.7432 -0.3711 0.5566
vn 0.7433 -0.3708 0.5568
vn 0.7473 0.0051 0.6645
vn 0.7472 0.0055 0.6645
vn 0.6369 0.3805 0.6705
vn 0.6367 0.3809 0.6705
vn 0.4289 0.6976 0.5739
vn 0.4287 0.6979 0.5738
vn 0.1555 0.9078 0.3895
vn 0.1552 0.9079 0.3893
vn -0.1414 0.9791 0.1459
vn -0.1416 0.9791 0.1457
usemtl None
s 1
f 1251/1583/1235 1250/1584/1236 1249/1585/1237 1252/1586/1238
f 1253/1587/1239 1251/1583/1235 1252/1586/1238 1254/1588/1240
f 1255/1589/1241 1253/1590/1239 1254/1591/1240 1256/1592/1242
f 1257/1593/1243 1255/1594/1241 1256/1595/1242 1258/1596/1244
f 1259/1597/1245 1257/1593/1243 1258/1596/1244 1260/1598/1246
f 1261/1599/1247 1259/1600/1245 1260/1601/1246 1262/1602/1248
f 1263/1603/1249 1261/1599/1247 1262/1602/1248 1264/1604/1250
f 1265/1605/1251 1263/1603/1249 1264/1604/1250 1266/1606/1252
f 1267/1607/1253 1265/1605/1251 1266/1606/1252 1268/1608/1254
f 1269/1609/1255 1267/1610/1253 1268/1611/1254 1270/1612/1256
f 1271/1613/1257 1269/1609/1255 1270/1612/1256 1272/1614/1258
f 1273/1615/1259 1271/1613/1257 1272/1614/1258 1274/1616/1260
f 1275/1617/1261 1273/1618/1259 1274/1619/1260 1276/1620/1262
f 1277/1621/1263 1275/1622/1261 1276/1623/1262 1278/1624/1264
f 1279/1625/1265 1277/1621/1263 1278/1624/1264 1280/1626/1266
f 1250/1584/1236 1279/1625/1265 1280/1626/1266 1249/1585/1237
o Circle.026_Circle.028
v 15.734091 3.893360 -26.989174
v 14.720598 3.541671 -25.529745
v 14.640243 3.469994 -25.599012
v 15.657825 3.822258 -27.063444
v 14.593602 3.364271 -25.654139
v 15.614412 3.716995 -27.121946
v 14.587774 3.240598 -25.686741
v 15.610462 3.593595 -27.155777
v 14.623649 3.117802 -25.691849
v 15.646573 3.470845 -27.159782
v 14.695761 3.014578 -25.668690
v 15.717248 3.367434 -27.133356
v 14.793136 2.946641 -25.620787
v 15.811729 3.299103 -27.080517
v 14.900949 2.924334 -25.555429
v 15.915632 3.276256 -27.009312
v 15.002782 2.951052 -25.482578
v 16.013138 3.302371 -26.930584
v 15.083135 3.022729 -25.413313
v 16.089405 3.373473 -26.856316
v 15.129777 3.128453 -25.358183
v 16.132814 3.478736 -26.797810
v 15.135603 3.252126 -25.325584
v 16.136765 3.602136 -26.763983
v 15.099729 3.374922 -25.320477
v 16.100653 3.724886 -26.759977
v 15.027617 3.478146 -25.343634
v 16.029980 3.828298 -26.786402
v 14.930242 3.546082 -25.391539
v 15.935497 3.896628 -26.839239
v 14.822432 3.568389 -25.456892
v 15.831594 3.919475 -26.910444
vt 0.4735 0.3111
vt 0.4758 0.3114
vt 0.4719 0.3357
vt 0.4695 0.3355
vt 0.9255 0.8807
vt 0.9275 0.8800
vt 0.9280 0.9029
vt 0.9261 0.9036
vt 0.9231 0.8810
vt 0.9236 0.9040
vt 0.9205 0.8810
vt 0.9210 0.9040
vt 0.9304 0.5166
vt 0.9280 0.5175
vt 0.9236 0.4970
vt 0.9260 0.4961
vt 0.6694 0.4813
vt 0.6676 0.4819
vt 0.6637 0.4575
vt 0.6655 0.4570
vt 0.6718 0.4808
vt 0.6679 0.4566
vt 0.6743 0.4803
vt 0.6705 0.4563
vt 0.6767 0.4799
vt 0.6729 0.4561
vt 0.9854 0.1254
vt 0.9831 0.1248
vt 0.9852 0.1022
vt 0.9875 0.1029
vt 0.9880 0.1257
vt 0.9900 0.1032
vt 0.9904 0.1257
vt 0.9925 0.1031
vt 0.9925 0.1253
vt 0.9945 0.1027
vt 0.4807 0.3125
vt 0.4825 0.3131
vt 0.4787 0.3369
vt 0.4768 0.3364
vt 0.4784 0.3119
vt 0.4745 0.3360
vn -0.6681 0.6807 -0.3005
vn -0.4303 0.8989 -0.0822
vn -0.4306 0.8988 -0.0824
vn -0.6683 0.6805 -0.3007
vn -0.8044 0.3596 -0.4730
vn -0.8044 0.3593 -0.4731
vn -0.8188 -0.0156 -0.5738
vn -0.8188 -0.0158 -0.5738
vn -0.7096 -0.3884 -0.5879
vn -0.7095 -0.3886 -0.5879
vn -0.4930 -0.7026 -0.5131
vn -0.4929 -0.7028 -0.5130
vn -0.2015 -0.9107 -0.3605
vn -0.2013 -0.9108 -0.3604
vn 0.1211 -0.9808 -0.1529
vn 0.1213 -0.9808 -0.1528
vn 0.4256 -0.9015 0.0782
vn 0.4258 -0.9014 0.0784
vn 0.6655 -0.6845 0.2977
vn 0.6656 -0.6843 0.2978
vn 0.8037 -0.3626 0.4717
vn 0.8038 -0.3623 0.4719
vn 0.8190 0.0149 0.5736
vn 0.8189 0.0153 0.5737
vn 0.7088 0.3902 0.5877
vn 0.7086 0.3906 0.5877
vn 0.4901 0.7056 0.5117
vn 0.4898 0.7059 0.5116
vn 0.1965 0.9130 0.3575
vn 0.1962 0.9131 0.3573
vn -0.1268 0.9807 0.1489
vn -0.1271 0.9807 0.1487
usemtl None
s 1
f 1283/1627/1267 1282/1628/1268 1281/1629/1269 1284/1630/1270
f 1285/1631/1271 1283/1632/1267 1284/1633/1270 1286/1634/1272
f 1287/1635/1273 1285/1631/1271 1286/1634/1272 1288/1636/1274
f 1289/1637/1275 1287/1635/1273 1288/1636/1274 1290/1638/1276
f 1291/1639/1277 1289/1640/1275 1290/1641/1276 1292/1642/1278
f 1293/1643/1279 1291/1644/1277 1292/1645/1278 1294/1646/1280
f 1295/1647/1281 1293/1643/1279 1294/1646/1280 1296/1648/1282
f 1297/1649/1283 1295/1647/1281 1296/1648/1282 1298/1650/1284
f 1299/1651/1285 1297/1649/1283 1298/1650/1284 1300/1652/1286
f 1301/1653/1287 1299/1654/1285 1300/1655/1286 1302/1656/1288
f 1303/1657/1289 1301/1653/1287 1302/1656/1288 1304/1658/1290
f 1305/1659/1291 1303/1657/1289 1304/1658/1290 1306/1660/1292
f 1307/1661/1293 1305/1659/1291 1306/1660/1292 1308/1662/1294
f 1309/1663/1295 1307/1664/1293 1308/1665/1294 1310/1666/1296
f 1311/1667/1297 1309/1663/1295 1310/1666/1296 1312/1668/1298
f 1282/1628/1268 1311/1667/1297 1312/1668/1298 1281/1629/1269
o Circle.025_Circle.027
v 16.822262 4.251906 -28.375704
v 15.734091 3.893360 -26.989174
v 15.657825 3.822258 -27.063444
v 16.750341 4.181400 -28.454706
v 15.614412 3.716995 -27.121946
v 16.710270 4.076587 -28.516294
v 15.610462 3.593595 -27.155777
v 16.708139 3.953423 -28.551090
v 15.646573 3.470845 -27.159782
v 16.744284 3.830658 -28.553795
v 15.717248 3.367434 -27.133356
v 16.813189 3.726983 -28.524000
v 15.811729 3.299103 -27.080517
v 16.904375 3.658181 -28.466236
v 15.915632 3.276256 -27.009312
v 17.003954 3.634727 -28.389303
v 16.013138 3.302371 -26.930584
v 17.096771 3.660190 -28.304913
v 16.089405 3.373473 -26.856316
v 17.168686 3.730695 -28.225912
v 16.132814 3.478736 -26.797810
v 17.208757 3.835509 -28.164324
v 16.136765 3.602136 -26.763983
v 17.210886 3.958673 -28.129528
v 16.100653 3.724886 -26.759977
v 17.174744 4.081438 -28.126822
v 16.029980 3.828298 -26.786402
v 17.105837 4.185113 -28.156618
v 15.935497 3.896628 -26.839239
v 17.014652 4.253915 -28.214376
v 15.831594 3.919475 -26.910444
v 16.915075 4.277369 -28.291309
vt 0.4695 0.3355
vt 0.4719 0.3357
vt 0.4694 0.3599
vt 0.4670 0.3598
vt 0.9261 0.9036
vt 0.9280 0.9029
vt 0.9285 0.9250
vt 0.9265 0.9259
vt 0.9236 0.9040
vt 0.9241 0.9263
vt 0.9210 0.9040
vt 0.9215 0.9262
vt 0.9260 0.4961
vt 0.9236 0.4970
vt 0.9194 0.4758
vt 0.9218 0.4750
vt 0.6655 0.4570
vt 0.6637 0.4575
vt 0.6612 0.4331
vt 0.6631 0.4327
vt 0.6679 0.4566
vt 0.6655 0.4325
vt 0.6705 0.4563
vt 0.6681 0.4323
vt 0.6729 0.4561
vt 0.6704 0.4322
vt 0.9875 0.1029
vt 0.9852 0.1022
vt 0.9874 0.0803
vt 0.9897 0.0810
vt 0.9900 0.1032
vt 0.9923 0.0814
vt 0.9925 0.1031
vt 0.9947 0.0813
vt 0.9132 0.5175
vt 0.9155 0.5185
vt 0.9128 0.5375
vt 0.9105 0.5365
vt 0.4768 0.3364
vt 0.4787 0.3369
vt 0.4762 0.3607
vt 0.4743 0.3604
vt 0.4745 0.3360
vt 0.4719 0.3601
vn -0.6494 0.6834 -0.3335
vn -0.4245 0.8999 -0.1004
vn -0.4247 0.8997 -0.1006
vn -0.6495 0.6832 -0.3337
vn -0.7757 0.3637 -0.5158
vn -0.7757 0.3635 -0.5159
vn -0.7846 -0.0107 -0.6200
vn -0.7845 -0.0109 -0.6200
vn -0.6749 -0.3835 -0.6304
vn -0.6748 -0.3836 -0.6304
vn -0.4632 -0.6984 -0.5456
vn -0.4630 -0.6986 -0.5455
vn -0.1810 -0.9080 -0.3780
vn -0.1808 -0.9080 -0.3779
vn 0.1291 -0.9798 -0.1527
vn 0.1293 -0.9798 -0.1525
vn 0.4199 -0.9025 0.0961
vn 0.4201 -0.9023 0.0963
vn 0.6469 -0.6872 0.3306
vn 0.6471 -0.6870 0.3307
vn 0.7751 -0.3666 0.5146
vn 0.7752 -0.3663 0.5147
vn 0.7847 0.0102 0.6199
vn 0.7846 0.0106 0.6199
vn 0.6740 0.3855 0.6302
vn 0.6738 0.3858 0.6302
vn 0.4602 0.7016 0.5440
vn 0.4599 0.7019 0.5439
vn 0.1761 0.9103 0.3747
vn 0.1758 0.9104 0.3745
vn -0.1347 0.9797 0.1483
vn -0.1349 0.9797 0.1480
usemtl None
s 1
f 1315/1669/1299 1314/1670/1300 1313/1671/1301 1316/1672/1302
f 1317/1673/1303 1315/1674/1299 1316/1675/1302 1318/1676/1304
f 1319/1677/1305 1317/1673/1303 1318/1676/1304 1320/1678/1306
f 1321/1679/1307 1319/1677/1305 1320/1678/1306 1322/1680/1308
f 1323/1681/1309 1321/1682/1307 1322/1683/1308 1324/1684/1310
f 1325/1685/1311 1323/1686/1309 1324/1687/1310 1326/1688/1312
f 1327/1689/1313 1325/1685/1311 1326/1688/1312 1328/1690/1314
f 1329/1691/1315 1327/1689/1313 1328/1690/1314 1330/1692/1316
f 1331/1693/1317 1329/1691/1315 1330/1692/1316 1332/1694/1318
f 1333/1695/1319 1331/1696/1317 1332/1697/1318 1334/1698/1320
f 1335/1699/1321 1333/1695/1319 1334/1698/1320 1336/1700/1322
f 1337/1701/1323 1335/1699/1321 1336/1700/1322 1338/1702/1324
f 1339/1703/1325 1337/1704/1323 1338/1705/1324 1340/1706/1326
f 1341/1707/1327 1339/1708/1325 1340/1709/1326 1342/1710/1328
f 1343/1711/1329 1341/1707/1327 1342/1710/1328 1344/1712/1330
f 1314/1670/1300 1343/1711/1329 1344/1712/1330 1313/1671/1301
o Circle.024_Circle.026
v 14.720598 3.541671 -25.529745
v 13.781868 3.199514 -23.997618
v 13.697709 3.127303 -24.061653
v 14.640243 3.469994 -25.599012
v 13.647980 3.021128 -24.113150
v 14.593602 3.364271 -25.654139
v 13.640255 2.897153 -24.144266
v 14.587774 3.240598 -25.686741
v 13.675712 2.774252 -24.150261
v 14.623649 3.117802 -25.691849
v 13.748944 2.671135 -24.130230
v 14.695761 3.014578 -25.668690
v 13.848809 2.603502 -24.087217
v 14.793136 2.946641 -25.620787
v 13.960107 2.581648 -24.027771
v 14.900949 2.924334 -25.555429
v 14.065883 2.608901 -23.960947
v 15.002782 2.951052 -25.482578
v 14.150044 2.681112 -23.896910
v 15.083135 3.022729 -25.413313
v 14.199769 2.787287 -23.845415
v 15.129777 3.128453 -25.358183
v 14.207493 2.911262 -23.814299
v 15.135603 3.252126 -25.325584
v 14.172039 3.034163 -23.808302
v 15.099729 3.374922 -25.320477
v 14.098804 3.137280 -23.828333
v 15.027617 3.478146 -25.343634
v 13.998940 3.204913 -23.871346
v 14.930242 3.546082 -25.391539
v 13.887645 3.226767 -23.930790
v 14.822432 3.568389 -25.456892
vt 0.4788 0.2868
vt 0.4812 0.2873
vt 0.4758 0.3114
vt 0.4735 0.3111
vt 0.9250 0.8570
vt 0.9269 0.8564
vt 0.9275 0.8800
vt 0.9255 0.8807
vt 0.9225 0.8573
vt 0.9231 0.8810
vt 0.9199 0.8573
vt 0.9205 0.8810
vt 0.9176 0.8570
vt 0.9182 0.8807
vt 0.6747 0.5056
vt 0.6729 0.5063
vt 0.6676 0.4819
vt 0.6694 0.4813
vt 0.6770 0.5049
vt 0.6718 0.4808
vt 0.6795 0.5043
vt 0.6743 0.4803
vt 0.6818 0.5038
vt 0.6767 0.4799
vt 0.9836 0.1487
vt 0.9813 0.1482
vt 0.9831 0.1248
vt 0.9854 0.1254
vt 0.9861 0.1489
vt 0.9880 0.1257
vt 0.9886 0.1489
vt 0.9904 0.1257
vt 0.9907 0.1486
vt 0.9925 0.1253
vt 0.4860 0.2886
vt 0.4877 0.2893
vt 0.4825 0.3131
vt 0.4807 0.3125
vt 0.4837 0.2879
vt 0.4784 0.3119
vn -0.6839 0.6786 -0.2680
vn -0.4341 0.8985 -0.0653
vn -0.4344 0.8984 -0.0655
vn -0.6840 0.6784 -0.2682
vn -0.8297 0.3561 -0.4299
vn -0.8298 0.3558 -0.4299
vn -0.8499 -0.0200 -0.5265
vn -0.8499 -0.0202 -0.5266
vn -0.7416 -0.3930 -0.5436
vn -0.7416 -0.3931 -0.5436
vn -0.5212 -0.7067 -0.4785
vn -0.5211 -0.7068 -0.4785
vn -0.2216 -0.9136 -0.3409
vn -0.2214 -0.9137 -0.3408
vn 0.1121 -0.9821 -0.1512
vn 0.1123 -0.9821 -0.1511
vn 0.4292 -0.9011 0.0616
vn 0.4294 -0.9010 0.0618
vn 0.6811 -0.6825 0.2653
vn 0.6812 -0.6822 0.2655
vn 0.8290 -0.3593 0.4286
vn 0.8291 -0.3589 0.4287
vn 0.8501 0.0191 0.5263
vn 0.8500 0.0195 0.5264
vn 0.7409 0.3945 0.5435
vn 0.7408 0.3949 0.5434
vn 0.5184 0.7095 0.4774
vn 0.5181 0.7098 0.4772
vn 0.2167 0.9158 0.3382
vn 0.2163 0.9159 0.3381
vn -0.1179 0.9820 0.1476
vn -0.1182 0.9820 0.1474
usemtl None
s 1
f 1347/1713/1331 1346/1714/1332 1345/1715/1333 1348/1716/1334
f 1349/1717/1335 1347/1718/1331 1348/1719/1334 1350/1720/1336
f 1351/1721/1337 1349/1717/1335 1350/1720/1336 1352/1722/1338
f 1353/1723/1339 1351/1721/1337 1352/1722/1338 1354/1724/1340
f 1355/1725/1341 1353/1723/1339 1354/1724/1340 1356/1726/1342
f 1357/1727/1343 1355/1728/1341 1356/1729/1342 1358/1730/1344
f 1359/1731/1345 1357/1727/1343 1358/1730/1344 1360/1732/1346
f 1361/1733/1347 1359/1731/1345 1360/1732/1346 1362/1734/1348
f 1363/1735/1349 1361/1733/1347 1362/1734/1348 1364/1736/1350
f 1365/1737/1351 1363/1738/1349 1364/1739/1350 1366/1740/1352
f 1367/1741/1353 1365/1737/1351 1366/1740/1352 1368/1742/1354
f 1369/1743/1355 1367/1741/1353 1368/1742/1354 1370/1744/1356
f 1371/1745/1357 1369/1743/1355 1370/1744/1356 1372/1746/1358
f 1373/1747/1359 1371/1748/1357 1372/1749/1358 1374/1750/1360
f 1375/1751/1361 1373/1747/1359 1374/1750/1360 1376/1752/1362
f 1346/1714/1332 1375/1751/1361 1376/1752/1362 1345/1715/1333
o Circle.023_Circle.025
v 5.823364 2.871898 -26.820539
v 4.877998 2.556666 -24.812880
v 4.785923 2.483628 -24.864365
v 5.734351 2.799175 -26.877499
v 4.728882 2.376337 -24.905561
v 5.679862 2.692182 -26.922665
v 4.715556 2.251126 -24.930204
v 5.668188 2.567209 -26.949158
v 4.747974 2.127058 -24.934536
v 5.701109 2.443281 -26.952940
v 4.821201 2.023022 -24.917898
v 5.773617 2.339266 -26.933447
v 4.924089 1.954856 -24.882826
v 5.874665 2.270998 -26.893637
v 5.040974 1.932938 -24.834656
v 5.988877 2.248871 -26.839573
v 5.154061 1.960603 -24.780724
v 6.098861 2.276254 -26.779486
v 5.246129 2.033642 -24.729239
v 6.187869 2.348977 -26.722527
v 5.303172 2.140934 -24.688040
v 6.242362 2.455970 -26.677362
v 5.316496 2.266144 -24.663401
v 6.254034 2.580943 -26.650871
v 5.284078 2.390211 -24.659069
v 6.221110 2.704871 -26.647085
v 5.210848 2.494248 -24.675709
v 6.148605 2.808887 -26.666582
v 5.107965 2.562414 -24.710779
v 6.047557 2.877154 -26.706390
v 4.991083 2.584332 -24.758947
v 5.933347 2.899281 -26.760454
vt 0.0353 0.2853
vt 0.0376 0.2861
vt 0.0279 0.3148
vt 0.0256 0.3142
vt 0.9853 0.8286
vt 0.9872 0.8283
vt 0.9876 0.8581
vt 0.9857 0.8586
vt 0.9829 0.8288
vt 0.9833 0.8589
vt 0.9803 0.8289
vt 0.9807 0.8589
vt 0.9779 0.8287
vt 0.9783 0.8586
vt 0.2679 0.6602
vt 0.2662 0.6610
vt 0.2565 0.6321
vt 0.2582 0.6313
vt 0.2701 0.6593
vt 0.2605 0.6305
vt 0.2726 0.6584
vt 0.2630 0.6297
vt 0.2748 0.6576
vt 0.2653 0.6291
vt 0.9575 0.2352
vt 0.9552 0.2349
vt 0.9565 0.2053
vt 0.9587 0.2058
vt 0.9601 0.2354
vt 0.9613 0.2059
vt 0.9626 0.2354
vt 0.9638 0.2059
vt 0.9646 0.2351
vt 0.9659 0.2056
vt 0.0423 0.2879
vt 0.0440 0.2887
vt 0.0344 0.3171
vt 0.0326 0.3164
vt 0.0400 0.2870
vt 0.0303 0.3156
vn -0.6967 0.6824 -0.2213
vn -0.4222 0.9047 -0.0567
vn -0.4224 0.9046 -0.0569
vn -0.6968 0.6822 -0.2214
vn -0.8653 0.3568 -0.3521
vn -0.8653 0.3566 -0.3521
vn -0.9028 -0.0225 -0.4295
vn -0.9028 -0.0226 -0.4295
vn -0.8038 -0.3983 -0.4420
vn -0.8037 -0.3984 -0.4420
vn -0.5832 -0.7139 -0.3876
vn -0.5831 -0.7140 -0.3876
vn -0.2740 -0.9217 -0.2744
vn -0.2739 -0.9218 -0.2744
vn 0.0772 -0.9898 -0.1195
vn 0.0773 -0.9898 -0.1194
vn 0.4171 -0.9073 0.0539
vn 0.4172 -0.9072 0.0539
vn 0.6936 -0.6862 0.2192
vn 0.6937 -0.6861 0.2192
vn 0.8644 -0.3600 0.3511
vn 0.8644 -0.3598 0.3511
vn 0.9029 0.0214 0.4293
vn 0.9029 0.0217 0.4293
vn 0.8032 0.3996 0.4418
vn 0.8031 0.3999 0.4418
vn 0.5806 0.7165 0.3867
vn 0.5803 0.7168 0.3866
vn 0.2692 0.9237 0.2724
vn 0.2689 0.9239 0.2723
vn -0.0830 0.9897 0.1167
vn -0.0833 0.9897 0.1165
usemtl None
s 1
f 1379/1753/1363 1378/1754/1364 1377/1755/1365 1380/1756/1366
f 1381/1757/1367 1379/1758/1363 1380/1759/1366 1382/1760/1368
f 1383/1761/1369 1381/1757/1367 1382/1760/1368 1384/1762/1370
f 1385/1763/1371 1383/1761/1369 1384/1762/1370 1386/1764/1372
f 1387/1765/1373 1385/1763/1371 1386/1764/1372 1388/1766/1374
f 1389/1767/1375 1387/1768/1373 1388/1769/1374 1390/1770/1376
f 1391/1771/1377 1389/1767/1375 1390/1770/1376 1392/1772/1378
f 1393/1773/1379 1391/1771/1377 1392/1772/1378 1394/1774/1380
f 1395/1775/1381 1393/1773/1379 1394/1774/1380 1396/1776/1382
f 1397/1777/1383 1395/1778/1381 1396/1779/1382 1398/1780/1384
f 1399/1781/1385 1397/1777/1383 1398/1780/1384 1400/1782/1386
f 1401/1783/1387 1399/1781/1385 1400/1782/1386 1402/1784/1388
f 1403/1785/1389 1401/1783/1387 1402/1784/1388 1404/1786/1390
f 1405/1787/1391 1403/1788/1389 1404/1789/1390 1406/1790/1392
f 1407/1791/1393 1405/1787/1391 1406/1790/1392 1408/1792/1394
f 1378/1754/1364 1407/1791/1393 1408/1792/1394 1377/1755/1365
o Circle.022_Circle.024
v 4.877998 2.556666 -24.812880
v 4.022307 2.258927 -22.718622
v 3.927505 2.185650 -22.764587
v 4.785923 2.483628 -24.864365
v 3.868125 2.078105 -22.801702
v 4.728882 2.376337 -24.905561
v 3.853205 1.952664 -22.824324
v 4.715556 2.251126 -24.930204
v 3.885024 1.828425 -22.829000
v 4.747974 2.127058 -24.934536
v 3.958727 1.724302 -22.815025
v 4.821201 2.023022 -24.917898
v 4.063106 1.656147 -22.784523
v 4.924089 1.954856 -24.882826
v 4.182259 1.634335 -22.742140
v 5.040974 1.932938 -24.834656
v 4.298053 1.662188 -22.694324
v 5.154061 1.960603 -24.780724
v 4.392852 1.735465 -22.648365
v 5.246129 2.033642 -24.729239
v 4.452229 1.843010 -22.611248
v 5.303172 2.140934 -24.688040
v 4.467147 1.968451 -22.588627
v 5.316496 2.266144 -24.663401
v 4.435328 2.092690 -22.583950
v 5.284078 2.390211 -24.659069
v 4.361625 2.196813 -22.597927
v 5.210848 2.494248 -24.675709
v 4.257251 2.264968 -22.628426
v 5.107965 2.562414 -24.710779
v 4.138098 2.286780 -22.670813
v 4.991083 2.584332 -24.758947
vt 0.0468 0.2565
vt 0.0490 0.2574
vt 0.0376 0.2861
vt 0.0353 0.2853
vt 0.9850 0.7978
vt 0.9869 0.7975
vt 0.9872 0.8283
vt 0.9853 0.8286
vt 0.9825 0.7980
vt 0.9829 0.8288
vt 0.9799 0.7980
vt 0.9803 0.8289
vt 0.9776 0.7978
vt 0.9779 0.8287
vt 0.2793 0.6891
vt 0.2777 0.6900
vt 0.2662 0.6610
vt 0.2679 0.6602
vt 0.2815 0.6880
vt 0.2701 0.6593
vt 0.2839 0.6869
vt 0.2726 0.6584
vt 0.2861 0.6861
vt 0.2748 0.6576
vt 0.9566 0.2656
vt 0.9543 0.2654
vt 0.9552 0.2349
vt 0.9575 0.2352
vt 0.9591 0.2657
vt 0.9601 0.2354
vt 0.9617 0.2657
vt 0.9626 0.2354
vt 0.9637 0.2655
vt 0.9646 0.2351
vt 0.0536 0.2595
vt 0.0552 0.2604
vt 0.0440 0.2887
vt 0.0423 0.2879
vt 0.0514 0.2584
vt 0.0400 0.2870
vn -0.7056 0.6823 -0.1916
vn -0.4222 0.9054 -0.0438
vn -0.4225 0.9053 -0.0439
vn -0.7057 0.6821 -0.1917
vn -0.8815 0.3559 -0.3102
vn -0.8816 0.3557 -0.3103
vn -0.9239 -0.0241 -0.3818
vn -0.9239 -0.0243 -0.3818
vn -0.8266 -0.4003 -0.3956
vn -0.8266 -0.4004 -0.3956
vn -0.6042 -0.7161 -0.3495
vn -0.6041 -0.7162 -0.3495
vn -0.2900 -0.9237 -0.2505
vn 0.0685 -0.9912 -0.1133
vn 0.0686 -0.9912 -0.1133
vn 0.4171 -0.9079 0.0413
vn 0.4172 -0.9079 0.0413
vn 0.7024 -0.6860 0.1897
vn 0.7025 -0.6859 0.1898
vn 0.8806 -0.3591 0.3093
vn 0.8806 -0.3589 0.3093
vn 0.9241 0.0229 0.3816
vn 0.9240 0.0232 0.3816
vn 0.8261 0.4015 0.3954
vn 0.8260 0.4017 0.3954
vn 0.6017 0.7185 0.3488
vn 0.6015 0.7187 0.3487
vn 0.2854 0.9255 0.2488
vn 0.2851 0.9257 0.2487
vn -0.0743 0.9911 0.1109
vn -0.0746 0.9910 0.1108
usemtl None
s 1
f 1411/1793/1395 1410/1794/1396 1409/1795/1397 1412/1796/1398
f 1413/1797/1399 1411/1798/1395 1412/1799/1398 1414/1800/1400
f 1415/1801/1401 1413/1797/1399 1414/1800/1400 1416/1802/1402
f 1417/1803/1403 1415/1801/1401 1416/1802/1402 1418/1804/1404
f 1419/1805/1405 1417/1803/1403 1418/1804/1404 1420/1806/1406
f 1421/1807/1407 1419/1808/1405 1420/1809/1406 1422/1810/1407
f 1423/1811/1408 1421/1807/1407 1422/1810/1407 1424/1812/1409
f 1425/1813/1410 1423/1811/1408 1424/1812/1409 1426/1814/1411
f 1427/1815/1412 1425/1813/1410 1426/1814/1411 1428/1816/1413
f 1429/1817/1414 1427/1818/1412 1428/1819/1413 1430/1820/1415
f 1431/1821/1416 1429/1817/1414 1430/1820/1415 1432/1822/1417
f 1433/1823/1418 1431/1821/1416 1432/1822/1417 1434/1824/1419
f 1435/1825/1420 1433/1823/1418 1434/1824/1419 1436/1826/1421
f 1437/1827/1422 1435/1828/1420 1436/1829/1421 1438/1830/1423
f 1439/1831/1424 1437/1827/1422 1438/1830/1423 1440/1832/1425
f 1410/1794/1396 1439/1831/1424 1440/1832/1425 1409/1795/1397
o Circle.021_Circle.023
v 4.022307 2.258927 -22.718622
v 3.256397 1.981340 -20.537945
v 3.159184 1.907908 -20.578390
v 3.927505 2.185650 -22.764587
v 3.097684 1.800162 -20.611343
v 3.868125 2.078105 -22.801702
v 3.081251 1.674506 -20.631790
v 3.853205 1.952664 -22.824324
v 3.112393 1.550068 -20.636614
v 3.885024 1.828425 -22.829000
v 3.186360 1.445795 -20.625086
v 3.958727 1.724302 -22.815025
v 3.291907 1.377560 -20.598957
v 4.063106 1.656147 -22.784523
v 3.412951 1.355752 -20.562204
v 4.182259 1.634335 -22.742140
v 3.531066 1.383690 -20.520426
v 4.298053 1.662188 -22.694324
v 3.628274 1.457122 -20.479984
v 4.392852 1.735465 -22.648365
v 3.689777 1.564868 -20.447029
v 4.452229 1.843010 -22.611248
v 3.706212 1.690525 -20.426584
v 4.467147 1.968451 -22.588627
v 3.675068 1.814962 -20.421761
v 4.435328 2.092690 -22.583950
v 3.601098 1.919236 -20.433290
v 4.361625 2.196813 -22.597927
v 3.495556 1.987470 -20.459417
v 4.257251 2.264968 -22.628426
v 3.374515 2.009279 -20.496170
v 4.138098 2.286780 -22.670813
vt 0.0600 0.2278
vt 0.0621 0.2288
vt 0.0490 0.2574
vt 0.0468 0.2565
vt 0.9847 0.7661
vt 0.9866 0.7659
vt 0.9869 0.7975
vt 0.9850 0.7978
vt 0.9822 0.7662
vt 0.9825 0.7980
vt 0.9796 0.7663
vt 0.9799 0.7980
vt 0.9773 0.7662
vt 0.9776 0.7978
vt 0.2924 0.7178
vt 0.2908 0.7188
vt 0.2777 0.6900
vt 0.2793 0.6891
vt 0.2945 0.7167
vt 0.2815 0.6880
vt 0.2969 0.7155
vt 0.2839 0.6869
vt 0.2990 0.7145
vt 0.2861 0.6861
vt 0.9560 0.2968
vt 0.9538 0.2966
vt 0.9543 0.2654
vt 0.9566 0.2656
vt 0.9586 0.2968
vt 0.9591 0.2657
vt 0.9611 0.2968
vt 0.9617 0.2657
vt 0.9632 0.2967
vt 0.9637 0.2655
vt 0.0666 0.2311
vt 0.0682 0.2321
vt 0.0552 0.2604
vt 0.0536 0.2595
vt 0.0645 0.2299
vt 0.0514 0.2584
vn -0.7121 0.6827 -0.1635
vn -0.4210 0.9065 -0.0325
vn -0.4212 0.9064 -0.0326
vn -0.7123 0.6826 -0.1636
vn -0.8949 0.3557 -0.2696
vn -0.8949 0.3555 -0.2697
vn -0.9420 -0.0249 -0.3348
vn -0.9419 -0.0251 -0.3348
vn -0.8465 -0.4017 -0.3493
vn -0.8465 -0.4018 -0.3493
vn -0.6230 -0.7177 -0.3110
vn -0.6230 -0.7178 -0.3110
vn -0.3049 -0.9253 -0.2255
vn -0.3048 -0.9253 -0.2255
vn 0.0598 -0.9926 -0.1057
vn 0.0599 -0.9926 -0.1057
vn 0.4159 -0.9089 0.0303
vn 0.4160 -0.9089 0.0303
vn 0.7089 -0.6865 0.1619
vn 0.7090 -0.6864 0.1619
vn 0.8938 -0.3590 0.2688
vn 0.8939 -0.3588 0.2688
vn 0.9421 0.0236 0.3346
vn 0.9421 0.0238 0.3346
vn 0.8461 0.4026 0.3492
vn 0.8460 0.4029 0.3492
vn 0.6207 0.7200 0.3104
vn 0.6205 0.7202 0.3104
vn 0.3005 0.9271 0.2241
vn 0.3002 0.9272 0.2240
vn -0.0654 0.9925 0.1037
vn -0.0657 0.9924 0.1036
usemtl None
s 1
f 1443/1833/1426 1442/1834/1427 1441/1835/1428 1444/1836/1429
f 1445/1837/1430 1443/1838/1426 1444/1839/1429 1446/1840/1431
f 1447/1841/1432 1445/1837/1430 1446/1840/1431 1448/1842/1433
f 1449/1843/1434 1447/1841/1432 1448/1842/1433 1450/1844/1435
f 1451/1845/1436 1449/1843/1434 1450/1844/1435 1452/1846/1437
f 1453/1847/1438 1451/1848/1436 1452/1849/1437 1454/1850/1439
f 1455/1851/1440 1453/1847/1438 1454/1850/1439 1456/1852/1441
f 1457/1853/1442 1455/1851/1440 1456/1852/1441 1458/1854/1443
f 1459/1855/1444 1457/1853/1442 1458/1854/1443 1460/1856/1445
f 1461/1857/1446 1459/1858/1444 1460/1859/1445 1462/1860/1447
f 1463/1861/1448 1461/1857/1446 1462/1860/1447 1464/1862/1449
f 1465/1863/1450 1463/1861/1448 1464/1862/1449 1466/1864/1451
f 1467/1865/1452 1465/1863/1450 1466/1864/1451 1468/1866/1453
f 1469/1867/1454 1467/1868/1452 1468/1869/1453 1470/1870/1455
f 1471/1871/1456 1469/1867/1454 1470/1870/1455 1472/1872/1457
f 1442/1834/1427 1471/1871/1456 1472/1872/1457 1441/1835/1428
o Circle.020_Circle.022
v 3.256397 1.981340 -20.537945
v 2.580364 1.726563 -18.271025
v 2.481051 1.653064 -18.305992
v 3.159184 1.907908 -20.578390
v 2.417643 1.545176 -18.334732
v 3.097684 1.800162 -20.611343
v 2.399777 1.419325 -18.352877
v 3.081251 1.674506 -20.631790
v 2.430196 1.294669 -18.357656
v 3.112393 1.550068 -20.636614
v 2.504244 1.190186 -18.348349
v 3.186360 1.445795 -20.625086
v 2.610659 1.121784 -18.326368
v 3.291907 1.377560 -20.598957
v 2.733246 1.099875 -18.295061
v 3.412951 1.355752 -20.562204
v 2.853333 1.127796 -18.259193
v 3.531066 1.383690 -20.520426
v 2.952636 1.201295 -18.224226
v 3.628274 1.457122 -20.479984
v 3.016047 1.309182 -18.195484
v 3.689777 1.564868 -20.447029
v 3.033907 1.435034 -18.177341
v 3.706212 1.690525 -20.426584
v 3.003496 1.559690 -18.172562
v 3.675068 1.814962 -20.421761
v 2.929446 1.664172 -18.181870
v 3.601098 1.919236 -20.433290
v 2.823030 1.732574 -18.203850
v 3.495556 1.987470 -20.459417
v 2.700446 1.754483 -18.235157
v 3.374515 2.009279 -20.496170
vt 0.0748 0.1991
vt 0.0769 0.2002
vt 0.0621 0.2288
vt 0.0600 0.2278
vt 0.9845 0.7336
vt 0.9863 0.7335
vt 0.9866 0.7659
vt 0.9847 0.7661
vt 0.9820 0.7337
vt 0.9822 0.7662
vt 0.9794 0.7337
vt 0.9796 0.7663
vt 0.9771 0.7336
vt 0.9773 0.7662
vt 0.3072 0.7465
vt 0.3057 0.7476
vt 0.2908 0.7188
vt 0.2924 0.7178
vt 0.3093 0.7453
vt 0.2945 0.7167
vt 0.3115 0.7440
vt 0.2969 0.7155
vt 0.3137 0.7429
vt 0.2990 0.7145
vt 0.9559 0.3288
vt 0.9537 0.3288
vt 0.9538 0.2966
vt 0.9560 0.2968
vt 0.9585 0.3288
vt 0.9586 0.2968
vt 0.9610 0.3288
vt 0.9611 0.2968
vt 0.9631 0.3287
vt 0.9632 0.2967
vt 0.0813 0.2028
vt 0.0828 0.2038
vt 0.0682 0.2321
vt 0.0666 0.2311
vt 0.0792 0.2015
vt 0.0645 0.2299
vn -0.7166 0.6838 -0.1372
vn -0.4187 0.9078 -0.0228
vn -0.4190 0.9077 -0.0229
vn -0.7168 0.6836 -0.1372
vn -0.9055 0.3563 -0.2306
vn -0.9055 0.3561 -0.2306
vn -0.9570 -0.0249 -0.2890
vn -0.9570 -0.0251 -0.2890
vn -0.8637 -0.4023 -0.3036
vn -0.6397 -0.7188 -0.2723
vn -0.6396 -0.7188 -0.2723
vn -0.3186 -0.9266 -0.1998
vn -0.3185 -0.9266 -0.1998
vn 0.0513 -0.9940 -0.0968
vn 0.4137 -0.9102 0.0210
vn 0.4138 -0.9101 0.0210
vn 0.7134 -0.6875 0.1357
vn 0.7135 -0.6874 0.1358
vn 0.9044 -0.3596 0.2298
vn 0.9044 -0.3594 0.2298
vn 0.9571 0.0235 0.2888
vn 0.9571 0.0237 0.2888
vn 0.8634 0.4030 0.3035
vn 0.8633 0.4033 0.3035
vn 0.6376 0.7208 0.2719
vn 0.6374 0.7210 0.2718
vn 0.3143 0.9283 0.1986
vn 0.3140 0.9284 0.1986
vn -0.0567 0.9939 0.0951
vn -0.0570 0.9938 0.0950
usemtl None
s 1
f 1475/1873/1458 1474/1874/1459 1473/1875/1460 1476/1876/1461
f 1477/1877/1462 1475/1878/1458 1476/1879/1461 1478/1880/1463
f 1479/1881/1464 1477/1877/1462 1478/1880/1463 1480/1882/1465
f 1481/1883/1466 1479/1881/1464 1480/1882/1465 1482/1884/1466
f 1483/1885/1467 1481/1883/1466 1482/1884/1466 1484/1886/1468
f 1485/1887/1469 1483/1888/1467 1484/1889/1468 1486/1890/1470
f 1487/1891/1471 1485/1887/1469 1486/1890/1470 1488/1892/1471
f 1489/1893/1472 1487/1891/1471 1488/1892/1471 1490/1894/1473
f 1491/1895/1474 1489/1893/1472 1490/1894/1473 1492/1896/1475
f 1493/1897/1476 1491/1898/1474 1492/1899/1475 1494/1900/1477
f 1495/1901/1478 1493/1897/1476 1494/1900/1477 1496/1902/1479
f 1497/1903/1480 1495/1901/1478 1496/1902/1479 1498/1904/1481
f 1499/1905/1482 1497/1903/1480 1498/1904/1481 1500/1906/1483
f 1501/1907/1484 1499/1908/1482 1500/1909/1483 1502/1910/1485
f 1503/1911/1486 1501/1907/1484 1502/1910/1485 1504/1912/1487
f 1474/1874/1459 1503/1911/1486 1504/1912/1487 1473/1875/1460
o Circle.019_Circle.021
v 2.580364 1.726563 -18.271025
v 1.994290 1.497251 -15.918009
v 1.893176 1.423775 -15.947577
v 2.481051 1.653064 -18.305992
v 1.828066 1.315809 -15.972090
v 2.417643 1.545176 -18.334732
v 1.808871 1.189789 -15.987822
v 2.399777 1.419325 -18.352877
v 1.838520 1.064900 -15.992374
v 2.430196 1.294669 -18.357656
v 1.912495 0.960156 -15.985057
v 2.504244 1.190186 -18.348349
v 2.019532 0.891503 -15.966982
v 2.610659 1.121784 -18.326368
v 2.143338 0.869393 -15.940900
v 2.733246 1.099875 -18.295061
v 2.265064 0.897191 -15.910784
v 2.853333 1.127796 -18.259193
v 2.366179 0.970667 -15.881219
v 2.952636 1.201295 -18.224226
v 2.431287 1.078633 -15.856705
v 3.016047 1.309182 -18.195484
v 2.450477 1.204654 -15.840973
v 3.033907 1.435034 -18.177341
v 2.420831 1.329542 -15.836421
v 3.003496 1.559690 -18.172562
v 2.346859 1.434286 -15.843739
v 2.929446 1.664172 -18.181870
v 2.239821 1.502939 -15.861814
v 2.823030 1.732574 -18.203850
v 2.116016 1.525049 -15.887895
v 2.700446 1.754483 -18.235157
vt 0.0913 0.1705
vt 0.0934 0.1717
vt 0.0769 0.2002
vt 0.0748 0.1991
vt 0.9844 0.7003
vt 0.9863 0.7003
vt 0.9863 0.7335
vt 0.9845 0.7336
vt 0.9820 0.7003
vt 0.9820 0.7337
vt 0.9794 0.7003
vt 0.9794 0.7337
vt 0.9770 0.7003
vt 0.9771 0.7336
vt 0.3237 0.7752
vt 0.3222 0.7763
vt 0.3057 0.7476
vt 0.3072 0.7465
vt 0.3257 0.7738
vt 0.3093 0.7453
vt 0.3279 0.7724
vt 0.3115 0.7440
vt 0.3300 0.7712
vt 0.3137 0.7429
vt 0.9563 0.3617
vt 0.9541 0.3617
vt 0.9537 0.3288
vt 0.9559 0.3288
vt 0.9588 0.3616
vt 0.9585 0.3288
vt 0.9614 0.3616
vt 0.9610 0.3288
vt 0.9635 0.3615
vt 0.9631 0.3287
vt 0.0976 0.1745
vt 0.0991 0.1756
vt 0.0828 0.2038
vt 0.0813 0.2028
vt 0.0956 0.1731
vt 0.0792 0.2015
vn -0.7193 0.6854 -0.1127
vn -0.4155 0.9095 -0.0149
vn -0.4158 0.9093 -0.0149
vn -0.7195 0.6853 -0.1127
vn -0.9136 0.3576 -0.1933
vn -0.9137 0.3575 -0.1933
vn -0.9693 -0.0241 -0.2445
vn -0.9693 -0.0242 -0.2445
vn -0.8783 -0.4020 -0.2588
vn -0.8783 -0.4021 -0.2588
vn -0.6543 -0.7192 -0.2338
vn -0.3310 -0.9276 -0.1735
vn -0.3310 -0.9276 -0.1734
vn 0.0429 -0.9953 -0.0867
vn 0.4106 -0.9117 0.0133
vn 0.4107 -0.9117 0.0134
vn 0.7161 -0.6890 0.1114
vn 0.7162 -0.6889 0.1115
vn 0.9125 -0.3609 0.1926
vn 0.9126 -0.3607 0.1926
vn 0.9694 0.0225 0.2443
vn 0.9694 0.0228 0.2443
vn 0.8781 0.4026 0.2587
vn 0.8779 0.4029 0.2587
vn 0.6524 0.7211 0.2334
vn 0.6521 0.7213 0.2334
vn 0.3270 0.9291 0.1725
vn 0.3267 0.9293 0.1725
vn -0.0481 0.9952 0.0853
vn -0.0484 0.9952 0.0852
usemtl None
s 1
f 1507/1913/1488 1506/1914/1489 1505/1915/1490 1508/1916/1491
f 1509/1917/1492 1507/1918/1488 1508/1919/1491 1510/1920/1493
f 1511/1921/1494 1509/1917/1492 1510/1920/1493 1512/1922/1495
f 1513/1923/1496 1511/1921/1494 1512/1922/1495 1514/1924/1497
f 1515/1925/1498 1513/1923/1496 1514/1924/1497 1516/1926/1498
f 1517/1927/1499 1515/1928/1498 1516/1929/1498 1518/1930/1500
f 1519/1931/1501 1517/1927/1499 1518/1930/1500 1520/1932/1501
f 1521/1933/1502 1519/1931/1501 1520/1932/1501 1522/1934/1503
f 1523/1935/1504 1521/1933/1502 1522/1934/1503 1524/1936/1505
f 1525/1937/1506 1523/1938/1504 1524/1939/1505 1526/1940/1507
f 1527/1941/1508 1525/1937/1506 1526/1940/1507 1528/1942/1509
f 1529/1943/1510 1527/1941/1508 1528/1942/1509 1530/1944/1511
f 1531/1945/1512 1529/1943/1510 1530/1944/1511 1532/1946/1513
f 1533/1947/1514 1531/1948/1512 1532/1949/1513 1534/1950/1515
f 1535/1951/1516 1533/1947/1514 1534/1950/1515 1536/1952/1517
f 1506/1914/1489 1535/1951/1516 1536/1952/1517 1505/1915/1490
o Circle.018_Circle.020
v 1.994290 1.497251 -15.918009
v 1.498301 1.296060 -13.479058
v 1.395649 1.222698 -13.503327
v 1.893176 1.423775 -15.947577
v 1.329044 1.114718 -13.523623
v 1.828066 1.315809 -15.972090
v 1.308615 0.988560 -13.536855
v 1.808871 1.189789 -15.987822
v 1.337488 0.863430 -13.541006
v 1.838520 1.064900 -15.992374
v 1.411247 0.758378 -13.535447
v 1.912495 0.960156 -15.985057
v 1.518684 0.689397 -13.521024
v 2.019532 0.891503 -15.966982
v 1.643429 0.666989 -13.499931
v 2.143338 0.869393 -15.940900
v 1.766492 0.694564 -13.475379
v 2.265064 0.897191 -15.910784
v 1.869138 0.767926 -13.451109
v 2.366179 0.970667 -15.881219
v 1.935749 0.875906 -13.430815
v 2.431287 1.078633 -15.856705
v 1.956173 1.002064 -13.417583
v 2.450477 1.204654 -15.840973
v 1.927305 1.127194 -13.413431
v 2.420831 1.329542 -15.836421
v 1.853539 1.232246 -13.418991
v 2.346859 1.434286 -15.843739
v 1.746113 1.301227 -13.433414
v 2.239821 1.502939 -15.861814
v 1.621366 1.323635 -13.454507
v 2.116016 1.525049 -15.887895
vt 0.1096 0.1421
vt 0.1116 0.1434
vt 0.0934 0.1717
vt 0.0913 0.1705
vt 0.9845 0.6661
vt 0.9864 0.6662
vt 0.9863 0.7003
vt 0.9844 0.7003
vt 0.9821 0.6660
vt 0.9820 0.7003
vt 0.9795 0.6660
vt 0.9794 0.7003
vt 0.9771 0.6660
vt 0.9770 0.7003
vt 0.3419 0.8037
vt 0.3405 0.8049
vt 0.3222 0.7763
vt 0.3237 0.7752
vt 0.3439 0.8023
vt 0.3257 0.7738
vt 0.3460 0.8008
vt 0.3279 0.7724
vt 0.3480 0.7995
vt 0.3300 0.7712
vt 0.9571 0.3953
vt 0.9549 0.3955
vt 0.9541 0.3617
vt 0.9563 0.3617
vt 0.9597 0.3952
vt 0.9588 0.3616
vt 0.9622 0.3952
vt 0.9614 0.3616
vt 0.9643 0.3952
vt 0.9635 0.3615
vt 0.1157 0.1463
vt 0.1171 0.1475
vt 0.0991 0.1756
vt 0.0976 0.1745
vt 0.1137 0.1449
vt 0.0956 0.1731
vn -0.7205 0.6876 -0.0901
vn -0.4117 0.9113 -0.0085
vn -0.4119 0.9112 -0.0086
vn -0.7207 0.6874 -0.0901
vn -0.9196 0.3597 -0.1579
vn -0.9197 0.3595 -0.1579
vn -0.9792 -0.0225 -0.2017
vn -0.9792 -0.0226 -0.2017
vn -0.8905 -0.4010 -0.2150
vn -0.8904 -0.4011 -0.2150
vn -0.6669 -0.7189 -0.1957
vn -0.6669 -0.7190 -0.1957
vn -0.3422 -0.9281 -0.1468
vn -0.3422 -0.9281 -0.1467
vn 0.0348 -0.9965 -0.0755
vn 0.4069 -0.9134 0.0073
vn 0.4070 -0.9134 0.0073
vn 0.7173 -0.6910 0.0891
vn 0.7174 -0.6909 0.0891
vn 0.9184 -0.3629 0.1573
vn 0.9185 -0.3628 0.1573
vn 0.9793 0.0208 0.2015
vn 0.9793 0.0210 0.2015
vn 0.8903 0.4015 0.2149
vn 0.8902 0.4017 0.2149
vn 0.6652 0.7207 0.1954
vn 0.6650 0.7209 0.1954
vn 0.3384 0.9296 0.1460
vn 0.3381 0.9297 0.1460
vn -0.0398 0.9964 0.0744
vn -0.0401 0.9964 0.0743
usemtl None
s 1
f 1539/1953/1518 1538/1954/1519 1537/1955/1520 1540/1956/1521
f 1541/1957/1522 1539/1958/1518 1540/1959/1521 1542/1960/1523
f 1543/1961/1524 1541/1957/1522 1542/1960/1523 1544/1962/1525
f 1545/1963/1526 1543/1961/1524 1544/1962/1525 1546/1964/1527
f 1547/1965/1528 1545/1963/1526 1546/1964/1527 1548/1966/1529
f 1549/1967/1530 1547/1968/1528 1548/1969/1529 1550/1970/1531
f 1551/1971/1532 1549/1967/1530 1550/1970/1531 1552/1972/1532
f 1553/1973/1533 1551/1971/1532 1552/1972/1532 1554/1974/1534
f 1555/1975/1535 1553/1973/1533 1554/1974/1534 1556/1976/1536
f 1557/1977/1537 1555/1978/1535 1556/1979/1536 1558/1980/1538
f 1559/1981/1539 1557/1977/1537 1558/1980/1538 1560/1982/1540
f 1561/1983/1541 1559/1981/1539 1560/1982/1540 1562/1984/1542
f 1563/1985/1543 1561/1983/1541 1562/1984/1542 1564/1986/1544
f 1565/1987/1545 1563/1988/1543 1564/1989/1544 1566/1990/1546
f 1567/1991/1547 1565/1987/1545 1566/1990/1546 1568/1992/1548
f 1538/1954/1519 1567/1991/1547 1568/1992/1548 1537/1955/1520
o Circle.017_Circle.019
v 1.498301 1.296060 -13.479058
v 1.092509 1.125645 -10.954307
v 0.988568 1.052485 -10.973412
v 1.395649 1.222698 -13.503327
v 0.920656 0.944559 -10.989520
v 1.329044 1.114718 -13.523623
v 0.899091 0.818298 -11.000181
v 1.308615 0.988560 -13.536855
v 0.927179 0.692924 -11.003771
v 1.337488 0.863430 -13.541006
v 1.000628 0.587524 -10.999743
v 1.411247 0.758378 -13.535447
v 1.108265 0.518144 -10.988710
v 1.518684 0.689397 -13.521024
v 1.233696 0.495346 -10.972354
v 1.643429 0.666989 -13.499931
v 1.357827 0.522602 -10.953162
v 1.766492 0.694564 -13.475379
v 1.461765 0.595761 -10.934058
v 1.869138 0.767926 -13.451109
v 1.529677 0.703687 -10.917950
v 1.935749 0.875906 -13.430815
v 1.551239 0.829948 -10.907289
v 1.956173 1.002064 -13.417583
v 1.523151 0.955322 -10.903699
v 1.927305 1.127194 -13.413431
v 1.449703 1.060723 -10.907727
v 1.853539 1.232246 -13.418991
v 1.342071 1.130103 -10.918759
v 1.746113 1.301227 -13.433414
v 1.216641 1.152900 -10.935116
v 1.621366 1.323635 -13.454507
vt 0.1295 0.1137
vt 0.1315 0.1151
vt 0.1116 0.1434
vt 0.1096 0.1421
vt 0.9848 0.6311
vt 0.9866 0.6312
vt 0.9864 0.6662
vt 0.9845 0.6661
vt 0.9824 0.6310
vt 0.9821 0.6660
vt 0.9798 0.6309
vt 0.9795 0.6660
vt 0.9774 0.6310
vt 0.9771 0.6660
vt 0.3619 0.8322
vt 0.3605 0.8334
vt 0.3405 0.8049
vt 0.3419 0.8037
vt 0.3637 0.8307
vt 0.3439 0.8023
vt 0.3658 0.8291
vt 0.3460 0.8008
vt 0.3678 0.8277
vt 0.3480 0.7995
vt 0.9584 0.4299
vt 0.9562 0.4301
vt 0.9549 0.3955
vt 0.9571 0.3953
vt 0.9610 0.4297
vt 0.9597 0.3952
vt 0.9635 0.4296
vt 0.9622 0.3952
vt 0.9656 0.4297
vt 0.9643 0.3952
vt 0.1354 0.1182
vt 0.1369 0.1194
vt 0.1171 0.1475
vt 0.1157 0.1463
vt 0.1336 0.1167
vt 0.1137 0.1449
vn -0.7203 0.6901 -0.0695
vn -0.4073 0.9133 -0.0038
vn -0.4075 0.9132 -0.0039
vn -0.7205 0.6900 -0.0695
vn -0.9237 0.3624 -0.1245
vn -0.9237 0.3622 -0.1245
vn -0.9868 -0.0200 -0.1607
vn -0.9868 -0.0202 -0.1607
vn -0.9005 -0.3993 -0.1725
vn -0.9004 -0.3994 -0.1724
vn -0.6778 -0.7181 -0.1581
vn -0.6777 -0.7181 -0.1581
vn -0.3522 -0.9282 -0.1199
vn -0.3522 -0.9282 -0.1198
vn 0.0271 -0.9976 -0.0634
vn 0.0271 -0.9976 -0.0633
vn 0.4027 -0.9153 0.0028
vn 0.7172 -0.6935 0.0686
vn 0.7173 -0.6934 0.0687
vn 0.9225 -0.3656 0.1240
vn 0.9225 -0.3655 0.1240
vn 0.9869 0.0183 0.1605
vn 0.9869 0.0185 0.1605
vn 0.9004 0.3995 0.1724
vn 0.9003 0.3998 0.1724
vn 0.6762 0.7196 0.1579
vn 0.6760 0.7198 0.1579
vn 0.3487 0.9296 0.1193
vn 0.3484 0.9297 0.1192
vn -0.0319 0.9975 0.0625
vn -0.0322 0.9975 0.0624
usemtl None
s 1
f 1571/1993/1549 1570/1994/1550 1569/1995/1551 1572/1996/1552
f 1573/1997/1553 1571/1998/1549 1572/1999/1552 1574/2000/1554
f 1575/2001/1555 1573/1997/1553 1574/2000/1554 1576/2002/1556
f 1577/2003/1557 1575/2001/1555 1576/2002/1556 1578/2004/1558
f 1579/2005/1559 1577/2003/1557 1578/2004/1558 1580/2006/1560
f 1581/2007/1561 1579/2008/1559 1580/2009/1560 1582/2010/1562
f 1583/2011/1563 1581/2007/1561 1582/2010/1562 1584/2012/1564
f 1585/2013/1565 1583/2011/1563 1584/2012/1564 1586/2014/1565
f 1587/2015/1566 1585/2013/1565 1586/2014/1565 1588/2016/1567
f 1589/2017/1568 1587/2018/1566 1588/2019/1567 1590/2020/1569
f 1591/2021/1570 1589/2017/1568 1590/2020/1569 1592/2022/1571
f 1593/2023/1572 1591/2021/1570 1592/2022/1571 1594/2024/1573
f 1595/2025/1574 1593/2023/1572 1594/2024/1573 1596/2026/1575
f 1597/2027/1576 1595/2028/1574 1596/2029/1575 1598/2030/1577
f 1599/2031/1578 1597/2027/1576 1598/2030/1577 1600/2032/1579
f 1570/1994/1550 1599/2031/1578 1600/2032/1579 1569/1995/1551
o Circle.016_Circle.018
v 1.092509 1.125645 -10.954307
v 0.777029 0.988662 -8.343897
v 0.672026 0.915790 -8.357983
v 0.988568 1.052485 -10.973412
v 0.602978 0.807985 -8.369956
v 0.920656 0.944559 -10.989520
v 0.580386 0.681658 -8.377995
v 0.899091 0.818298 -11.000181
v 0.607693 0.556042 -8.380873
v 0.927179 0.692924 -11.003771
v 0.680742 0.450261 -8.378156
v 1.000628 0.587524 -10.999743
v 0.788416 0.380418 -8.370254
v 1.108265 0.518144 -10.988710
v 0.914314 0.357147 -8.358372
v 1.233696 0.495346 -10.972354
v 1.039277 0.383991 -8.344318
v 1.357827 0.522602 -10.953162
v 1.144276 0.456863 -8.330235
v 1.461765 0.595761 -10.934058
v 1.213326 0.564668 -8.318261
v 1.529677 0.703687 -10.917950
v 1.235920 0.690995 -8.310223
v 1.551239 0.829948 -10.907289
v 1.208610 0.816611 -8.307343
v 1.523151 0.955322 -10.903699
v 1.135559 0.922392 -8.310061
v 1.449703 1.060723 -10.907727
v 1.027890 0.992235 -8.317963
v 1.342071 1.130103 -10.918759
v 0.901992 1.015505 -8.329844
v 1.216641 1.152900 -10.935116
vt 0.1512 0.0854
vt 0.1531 0.0869
vt 0.1315 0.1151
vt 0.1295 0.1137
vt 0.9853 0.5952
vt 0.9872 0.5955
vt 0.9866 0.6312
vt 0.9848 0.6311
vt 0.9829 0.5951
vt 0.9824 0.6310
vt 0.9803 0.5950
vt 0.9798 0.6309
vt 0.9779 0.5951
vt 0.9774 0.6310
vt 0.3835 0.8605
vt 0.3821 0.8618
vt 0.3605 0.8334
vt 0.3619 0.8322
vt 0.3853 0.8590
vt 0.3637 0.8307
vt 0.3874 0.8573
vt 0.3658 0.8291
vt 0.3893 0.8558
vt 0.3678 0.8277
vt 0.9603 0.4652
vt 0.9582 0.4655
vt 0.9562 0.4301
vt 0.9584 0.4299
vt 0.9629 0.4650
vt 0.9610 0.4297
vt 0.9654 0.4649
vt 0.9635 0.4296
vt 0.9676 0.4650
vt 0.9656 0.4297
vt 0.1569 0.0902
vt 0.1583 0.0914
vt 0.1369 0.1194
vt 0.1354 0.1182
vt 0.1551 0.0886
vt 0.1336 0.1167
vn -0.7190 0.6931 -0.0508
vn -0.4025 0.9154 -0.0006
vn -0.4028 0.9153 -0.0006
vn -0.7192 0.6929 -0.0508
vn -0.9260 0.3657 -0.0932
vn -0.9261 0.3655 -0.0933
vn -0.9924 -0.0169 -0.1215
vn -0.9924 -0.0170 -0.1215
vn -0.9085 -0.3968 -0.1314
vn -0.9084 -0.3969 -0.1314
vn -0.6869 -0.7166 -0.1213
vn -0.6868 -0.7166 -0.1213
vn -0.3611 -0.9279 -0.0929
vn -0.3610 -0.9279 -0.0929
vn 0.0198 -0.9985 -0.0504
vn 0.3980 -0.9174 -0.0001
vn 0.3981 -0.9173 -0.0001
vn 0.7160 -0.6963 0.0502
vn 0.9248 -0.3689 0.0928
vn 0.9249 -0.3687 0.0928
vn 0.9925 0.0151 0.1213
vn 0.9925 0.0153 0.1213
vn 0.9084 0.3969 0.1313
vn 0.9083 0.3971 0.1313
vn 0.6855 0.7180 0.1211
vn 0.6853 0.7182 0.1211
vn 0.3578 0.9292 0.0925
vn 0.3575 0.9293 0.0924
vn -0.0244 0.9985 0.0497
vn -0.0247 0.9985 0.0497
usemtl None
s 1
f 1603/2033/1580 1602/2034/1581 1601/2035/1582 1604/2036/1583
f 1605/2037/1584 1603/2038/1580 1604/2039/1583 1606/2040/1585
f 1607/2041/1586 1605/2037/1584 1606/2040/1585 1608/2042/1587
f 1609/2043/1588 1607/2041/1586 1608/2042/1587 1610/2044/1589
f 1611/2045/1590 1609/2043/1588 1610/2044/1589 1612/2046/1591
f 1613/2047/1592 1611/2048/1590 1612/2049/1591 1614/2050/1593
f 1615/2051/1594 1613/2047/1592 1614/2050/1593 1616/2052/1594
f 1617/2053/1595 1615/2051/1594 1616/2052/1594 1618/2054/1596
f 1619/2055/1597 1617/2053/1595 1618/2054/1596 1620/2056/1597
f 1621/2057/1598 1619/2058/1597 1620/2059/1597 1622/2060/1599
f 1623/2061/1600 1621/2057/1598 1622/2060/1599 1624/2062/1601
f 1625/2063/1602 1623/2061/1600 1624/2062/1601 1626/2064/1603
f 1627/2065/1604 1625/2063/1602 1626/2064/1603 1628/2066/1605
f 1629/2067/1606 1627/2068/1604 1628/2069/1605 1630/2070/1607
f 1631/2071/1608 1629/2067/1606 1630/2070/1607 1632/2072/1609
f 1602/2034/1581 1631/2071/1608 1632/2072/1609 1601/2035/1582
o Circle.015_Circle.017
v 0.777029 0.988662 -8.343897
v 0.551977 0.887768 -5.647962
v 0.446120 0.815266 -5.657187
v 0.672026 0.915790 -8.357983
v 0.376096 0.707647 -5.665092
v 0.602978 0.807985 -8.369956
v 0.352568 0.581293 -5.670470
v 0.580386 0.681658 -8.377995
v 0.379122 0.455442 -5.672503
v 0.607693 0.556042 -8.380873
v 0.451707 0.349253 -5.670883
v 0.680742 0.450261 -8.378156
v 0.559281 0.278892 -5.665855
v 0.788416 0.380418 -8.370254
v 0.685463 0.255072 -5.658185
v 0.914314 0.357147 -8.358372
v 0.811041 0.281417 -5.649041
v 1.039277 0.383991 -8.344318
v 0.916900 0.353919 -5.639816
v 1.144276 0.456863 -8.330235
v 0.986922 0.461539 -5.631912
v 1.213326 0.564668 -8.318261
v 1.010448 0.587892 -5.626534
v 1.235920 0.690995 -8.310223
v 0.983896 0.713743 -5.624501
v 1.208610 0.816611 -8.307343
v 0.911308 0.819932 -5.626121
v 1.135559 0.922392 -8.310061
v 0.803737 0.890293 -5.631148
v 1.027890 0.992235 -8.317963
v 0.677557 0.914114 -5.638818
v 0.901992 1.015505 -8.329844
vt 0.1745 0.0573
vt 0.1764 0.0588
vt 0.1531 0.0869
vt 0.1512 0.0854
vt 0.1731 0.0561
vt 0.1497 0.0843
vt 0.9837 0.5584
vt 0.9861 0.5586
vt 0.9853 0.5952
vt 0.9829 0.5951
vt 0.9811 0.5583
vt 0.9803 0.5950
vt 0.9787 0.5584
vt 0.9779 0.5951
vt 0.4069 0.8888
vt 0.4056 0.8901
vt 0.3821 0.8618
vt 0.3835 0.8605
vt 0.4087 0.8871
vt 0.3853 0.8590
vt 0.4106 0.8854
vt 0.3874 0.8573
vt 0.4125 0.8838
vt 0.3893 0.8558
vt 0.9628 0.5013
vt 0.9607 0.5018
vt 0.9582 0.4655
vt 0.9603 0.4652
vt 0.9654 0.5011
vt 0.9629 0.4650
vt 0.9679 0.5010
vt 0.9654 0.4649
vt 0.9701 0.5010
vt 0.9676 0.4650
vt 0.1801 0.0622
vt 0.1814 0.0635
vt 0.1583 0.0914
vt 0.1569 0.0902
vt 0.1783 0.0606
vt 0.1551 0.0886
vn -0.7168 0.6964 -0.0340
vn -0.3975 0.9176 0.0012
vn -0.3977 0.9175 0.0011
vn -0.7170 0.6962 -0.0341
vn -0.9270 0.3696 -0.0640
vn -0.9271 0.3694 -0.0641
vn -0.9964 -0.0131 -0.0843
vn -0.9964 -0.0132 -0.0843
vn -0.9147 -0.3936 -0.0918
vn -0.6945 -0.7144 -0.0854
vn -0.6944 -0.7145 -0.0854
vn -0.3689 -0.9271 -0.0661
vn -0.3688 -0.9271 -0.0661
vn 0.0130 -0.9992 -0.0367
vn 0.3932 -0.9195 -0.0017
vn 0.3932 -0.9194 -0.0017
vn 0.7138 -0.6995 0.0336
vn 0.7139 -0.6995 0.0336
vn 0.9258 -0.3727 0.0637
vn 0.9258 -0.3726 0.0637
vn 0.9964 0.0112 0.0841
vn 0.9964 0.0114 0.0842
vn 0.9147 0.3936 0.0917
vn 0.9146 0.3938 0.0917
vn 0.6932 0.7157 0.0852
vn 0.6930 0.7159 0.0852
vn 0.3658 0.9284 0.0657
vn 0.3655 0.9285 0.0657
vn -0.0173 0.9992 0.0362
vn -0.0176 0.9992 0.0362
usemtl None
s 1
f 1635/2073/1610 1634/2074/1611 1633/2075/1612 1636/2076/1613
f 1637/2077/1614 1635/2073/1610 1636/2076/1613 1638/2078/1615
f 1639/2079/1616 1637/2080/1614 1638/2081/1615 1640/2082/1617
f 1641/2083/1618 1639/2079/1616 1640/2082/1617 1642/2084/1618
f 1643/2085/1619 1641/2083/1618 1642/2084/1618 1644/2086/1620
f 1645/2087/1621 1643/2088/1619 1644/2089/1620 1646/2090/1622
f 1647/2091/1623 1645/2087/1621 1646/2090/1622 1648/2092/1623
f 1649/2093/1624 1647/2091/1623 1648/2092/1623 1650/2094/1625
f 1651/2095/1626 1649/2093/1624 1650/2094/1625 1652/2096/1627
f 1653/2097/1628 1651/2098/1626 1652/2099/1627 1654/2100/1629
f 1655/2101/1630 1653/2097/1628 1654/2100/1629 1656/2102/1631
f 1657/2103/1632 1655/2101/1630 1656/2102/1631 1658/2104/1633
f 1659/2105/1634 1657/2103/1632 1658/2104/1633 1660/2106/1635
f 1661/2107/1636 1659/2108/1634 1660/2109/1635 1662/2110/1637
f 1663/2111/1638 1661/2107/1636 1662/2110/1637 1664/2112/1639
f 1634/2074/1611 1663/2111/1638 1664/2112/1639 1633/2075/1612
o Circle.014_Circle.016
v 0.551977 0.887768 -5.647962
v 0.417493 0.825621 -2.866632
v 0.310954 0.753567 -2.871169
v 0.446120 0.815266 -5.657187
v 0.240111 0.646197 -2.875082
v 0.376096 0.707647 -5.665092
v 0.215740 0.519857 -2.877777
v 0.352568 0.581293 -5.670470
v 0.241561 0.393781 -2.878843
v 0.379122 0.455442 -5.672503
v 0.313638 0.287164 -2.878118
v 0.451707 0.349253 -5.670883
v 0.421000 0.216237 -2.875712
v 0.559281 0.278892 -5.665855
v 0.547298 0.191797 -2.871992
v 0.685463 0.255072 -5.658185
v 0.673309 0.217566 -2.867524
v 0.811041 0.281417 -5.649041
v 0.779843 0.289620 -2.862988
v 0.916900 0.353919 -5.639816
v 0.850693 0.396990 -2.859074
v 0.986922 0.461539 -5.631912
v 0.875065 0.523330 -2.856379
v 1.010448 0.587892 -5.626534
v 0.849241 0.649406 -2.855314
v 0.983896 0.713743 -5.624501
v 0.777167 0.756023 -2.856038
v 0.911308 0.819932 -5.626121
v 0.669807 0.826950 -2.858444
v 0.803737 0.890293 -5.631148
v 0.543506 0.851390 -2.862164
v 0.677557 0.914114 -5.638818
vt 0.2014 0.0309
vt 0.1764 0.0588
vt 0.1745 0.0573
vt 0.1996 0.0292
vt 0.1731 0.0561
vt 0.1982 0.0280
vt 0.9872 0.5212
vt 0.9861 0.5586
vt 0.9837 0.5584
vt 0.9848 0.5209
vt 0.9811 0.5583
vt 0.9822 0.5208
vt 0.9787 0.5584
vt 0.9798 0.5209
vt 0.4307 0.9183
vt 0.4056 0.8901
vt 0.4069 0.8888
vt 0.4320 0.9169
vt 0.4087 0.8871
vt 0.4337 0.9152
vt 0.4106 0.8854
vt 0.4356 0.9134
vt 0.4125 0.8838
vt 0.4374 0.9118
vt 0.9638 0.5388
vt 0.9607 0.5018
vt 0.9628 0.5013
vt 0.9660 0.5383
vt 0.9654 0.5011
vt 0.9685 0.5380
vt 0.9679 0.5010
vt 0.9710 0.5378
vt 0.9701 0.5010
vt 0.9732 0.5379
vt 0.2063 0.0357
vt 0.1814 0.0635
vt 0.1801 0.0622
vt 0.2050 0.0344
vt 0.1783 0.0606
vt 0.2033 0.0327
vn -0.3923 0.9198 0.0016
vn -0.3926 0.9197 0.0016
vn -0.7141 0.6998 -0.0191
vn -0.7139 0.7000 -0.0191
vn -0.9268 0.3738 -0.0369
vn -0.9267 0.3739 -0.0369
vn -0.9988 -0.0088 -0.0491
vn -0.9988 -0.0086 -0.0491
vn -0.9193 -0.3898 -0.0539
vn -0.9194 -0.3897 -0.0539
vn -0.7006 -0.7117 -0.0505
vn -0.7007 -0.7117 -0.0505
vn -0.3756 -0.9259 -0.0394
vn 0.0067 -0.9997 -0.0224
vn 0.0066 -0.9997 -0.0224
vn 0.3883 -0.9215 -0.0019
vn 0.3882 -0.9216 -0.0019
vn 0.7110 -0.7029 0.0188
vn 0.7110 -0.7030 0.0188
vn 0.9255 -0.3769 0.0367
vn 0.9255 -0.3770 0.0367
vn 0.9988 0.0070 0.0490
vn 0.9988 0.0068 0.0490
vn 0.9193 0.3898 0.0538
vn 0.9194 0.3896 0.0538
vn 0.6994 0.7130 0.0503
vn 0.6995 0.7128 0.0503
vn 0.3725 0.9272 0.0392
vn 0.3728 0.9271 0.0392
vn -0.0110 0.9997 0.0221
vn -0.0107 0.9997 0.0221
usemtl None
s 1
f 1666/2113/1640 1665/2114/1641 1668/2115/1642 1667/2116/1643
f 1667/2116/1643 1668/2115/1642 1670/2117/1644 1669/2118/1645
f 1669/2119/1645 1670/2120/1644 1672/2121/1646 1671/2122/1647
f 1671/2122/1647 1672/2121/1646 1674/2123/1648 1673/2124/1649
f 1673/2124/1649 1674/2123/1648 1676/2125/1650 1675/2126/1651
f 1675/2127/1651 1676/2128/1650 1678/2129/1652 1677/2130/1652
f 1677/2130/1652 1678/2129/1652 1680/2131/1653 1679/2132/1654
f 1679/2132/1654 1680/2131/1653 1682/2133/1655 1681/2134/1656
f 1681/2134/1656 1682/2133/1655 1684/2135/1657 1683/2136/1658
f 1683/2137/1658 1684/2138/1657 1686/2139/1659 1685/2140/1660
f 1685/2140/1660 1686/2139/1659 1688/2141/1661 1687/2142/1662
f 1687/2142/1662 1688/2141/1661 1690/2143/1663 1689/2144/1664
f 1689/2144/1664 1690/2143/1663 1692/2145/1665 1691/2146/1666
f 1691/2147/1666 1692/2148/1665 1694/2149/1667 1693/2150/1668
f 1693/2150/1668 1694/2149/1667 1696/2151/1669 1695/2152/1670
f 1695/2152/1670 1696/2151/1669 1665/2114/1641 1666/2113/1640
o Circle.013_Circle.015
v 0.500000 0.830000 0.000000
v 0.373715 0.804880 0.000000
v 0.266654 0.733345 0.000000
v 0.195119 0.626286 0.000000
v 0.170000 0.500000 0.000000
v 0.195119 0.373714 0.000000
v 0.266654 0.266655 0.000000
v 0.373715 0.195120 0.000000
v 0.500000 0.170000 0.000000
v 0.626285 0.195120 0.000000
v 0.733346 0.266655 0.000000
v 0.804881 0.373714 0.000000
v 0.830000 0.500000 0.000000
v 0.804881 0.626286 0.000000
v 0.733346 0.733345 0.000000
v 0.626285 0.804880 0.000000
v 0.417493 0.825621 -2.866632
v 0.310954 0.753567 -2.871169
v 0.240111 0.646197 -2.875082
v 0.215740 0.519857 -2.877777
v 0.241561 0.393781 -2.878843
v 0.313638 0.287164 -2.878118
v 0.421000 0.216237 -2.875712
v 0.547298 0.191797 -2.871992
v 0.673309 0.217566 -2.867524
v 0.779843 0.289620 -2.862988
v 0.850693 0.396990 -2.859074
v 0.875065 0.523330 -2.856379
v 0.849241 0.649406 -2.855314
v 0.777167 0.756023 -2.856038
v 0.669807 0.826950 -2.858444
v 0.543506 0.851390 -2.862164
vt 0.2282 0.0030
vt 0.2014 0.0309
vt 0.1996 0.0292
vt 0.2265 0.0013
vt 0.1982 0.0280
vt 0.2251 0.0000
vt 0.9887 0.4829
vt 0.9872 0.5212
vt 0.9848 0.5209
vt 0.9863 0.4826
vt 0.9822 0.5208
vt 0.9837 0.4825
vt 0.9798 0.5209
vt 0.9813 0.4826
vt 0.4576 0.9463
vt 0.4307 0.9183
vt 0.4320 0.9169
vt 0.4588 0.9450
vt 0.4337 0.9152
vt 0.4605 0.9432
vt 0.4356 0.9134
vt 0.4623 0.9413
vt 0.4374 0.9118
vt 0.4640 0.9396
vt 0.9676 0.5766
vt 0.9638 0.5388
vt 0.9660 0.5383
vt 0.9697 0.5760
vt 0.9685 0.5380
vt 0.9723 0.5756
vt 0.9710 0.5378
vt 0.9748 0.5755
vt 0.9732 0.5379
vt 0.9770 0.5756
vt 0.2329 0.0080
vt 0.2063 0.0357
vt 0.2050 0.0344
vt 0.2317 0.0067
vt 0.2033 0.0327
vt 0.2300 0.0049
vn -0.3872 0.9220 0.0008
vn -0.3874 0.9219 0.0008
vn -0.7106 0.7036 -0.0060
vn -0.7104 0.7037 -0.0060
vn -0.9255 0.3785 -0.0119
vn -0.9254 0.3787 -0.0119
vn -0.9999 -0.0038 -0.0159
vn -0.9999 -0.0036 -0.0159
vn -0.9226 -0.3853 -0.0176
vn -0.9227 -0.3852 -0.0176
vn -0.7056 -0.7084 -0.0166
vn -0.3815 -0.9243 -0.0131
vn 0.0008 -1.0000 -0.0076
vn 0.0007 -1.0000 -0.0076
vn 0.3832 -0.9237 -0.0009
vn 0.7076 -0.7066 0.0058
vn 0.7075 -0.7067 0.0058
vn 0.9243 -0.3816 0.0117
vn 0.9242 -0.3817 0.0117
vn 0.9999 0.0019 0.0158
vn 0.9999 0.0017 0.0158
vn 0.9227 0.3852 0.0175
vn 0.9228 0.3850 0.0175
vn 0.7044 0.7096 0.0164
vn 0.7046 0.7094 0.0164
vn 0.3786 0.9255 0.0129
vn 0.3788 0.9254 0.0129
vn -0.0049 1.0000 0.0074
vn -0.0046 1.0000 0.0074
usemtl None
s 1
f 1698/2153/1671 1713/2154/1672 1714/2155/1673 1699/2156/1674
f 1699/2156/1674 1714/2155/1673 1715/2157/1675 1700/2158/1676
f 1700/2159/1676 1715/2160/1675 1716/2161/1677 1701/2162/1678
f 1701/2162/1678 1716/2161/1677 1717/2163/1679 1702/2164/1680
f 1702/2164/1680 1717/2163/1679 1718/2165/1681 1703/2166/1681
f 1703/2167/1681 1718/2168/1681 1719/2169/1682 1704/2170/1682
f 1704/2170/1682 1719/2169/1682 1720/2171/1683 1705/2172/1684
f 1705/2172/1684 1720/2171/1683 1721/2173/1685 1706/2174/1685
f 1706/2174/1685 1721/2173/1685 1722/2175/1686 1707/2176/1687
f 1707/2177/1687 1722/2178/1686 1723/2179/1688 1708/2180/1689
f 1708/2180/1689 1723/2179/1688 1724/2181/1690 1709/2182/1691
f 1709/2182/1691 1724/2181/1690 1725/2183/1692 1710/2184/1693
f 1710/2184/1693 1725/2183/1692 1726/2185/1694 1711/2186/1695
f 1711/2187/1695 1726/2188/1694 1727/2189/1696 1712/2190/1697
f 1712/2190/1697 1727/2189/1696 1728/2191/1698 1697/2192/1699
f 1697/2192/1699 1728/2191/1698 1713/2154/1672 1698/2153/1671
o Circle.012_Circle.014
v 13.781868 3.199514 -23.997618
v 12.917971 2.869559 -22.392992
v 12.830312 2.796874 -22.451628
v 13.697709 3.127303 -24.061653
v 12.777669 2.690269 -22.499264
v 13.647980 3.021128 -24.113150
v 12.768054 2.565976 -22.528648
v 13.640255 2.897153 -24.144266
v 12.802934 2.442915 -22.535307
v 13.675712 2.774252 -24.150261
v 12.876995 2.339822 -22.518232
v 13.748944 2.671135 -24.130230
v 12.978962 2.272392 -22.480011
v 13.848809 2.603502 -24.087217
v 13.093315 2.250890 -22.426476
v 13.960107 2.581648 -24.027771
v 13.202641 2.278590 -22.365768
v 14.065883 2.608901 -23.960947
v 13.290298 2.351275 -22.307137
v 14.150044 2.681112 -23.896910
v 13.342943 2.457879 -22.259501
v 14.199769 2.787287 -23.845415
v 13.352553 2.582173 -22.230114
v 14.207493 2.911262 -23.814299
v 13.317673 2.705234 -22.223455
v 14.172039 3.034163 -23.808302
v 13.243614 2.808327 -22.240534
v 14.098804 3.137280 -23.828333
v 13.141647 2.875757 -22.278749
v 13.998940 3.204913 -23.871346
v 13.027296 2.897259 -22.332285
v 13.887645 3.226767 -23.930790
vt 0.4856 0.2625
vt 0.4879 0.2631
vt 0.4812 0.2873
vt 0.4788 0.2868
vt 0.9244 0.8325
vt 0.9263 0.8320
vt 0.9269 0.8564
vt 0.9250 0.8570
vt 0.9219 0.8328
vt 0.9225 0.8573
vt 0.9194 0.8328
vt 0.9199 0.8573
vt 0.9170 0.8326
vt 0.9176 0.8570
vt 0.6813 0.5299
vt 0.6796 0.5306
vt 0.6729 0.5063
vt 0.6747 0.5056
vt 0.6836 0.5290
vt 0.6770 0.5049
vt 0.6861 0.5283
vt 0.6795 0.5043
vt 0.6884 0.5277
vt 0.6818 0.5038
vt 0.9820 0.1727
vt 0.9798 0.1722
vt 0.9813 0.1482
vt 0.9836 0.1487
vt 0.9846 0.1729
vt 0.9861 0.1489
vt 0.9871 0.1728
vt 0.9886 0.1489
vt 0.9891 0.1726
vt 0.9907 0.1486
vt 0.4926 0.2648
vt 0.4943 0.2655
vt 0.4877 0.2893
vt 0.4860 0.2886
vt 0.4903 0.2639
vt 0.4837 0.2879
vn -0.6968 0.6771 -0.2364
vn -0.4359 0.8986 -0.0499
vn -0.4362 0.8985 -0.0501
vn -0.6970 0.6769 -0.2366
vn -0.8518 0.3533 -0.3869
vn -0.8518 0.3531 -0.3870
vn -0.8777 -0.0237 -0.4787
vn -0.8777 -0.0239 -0.4787
vn -0.7709 -0.3970 -0.4981
vn -0.7708 -0.3972 -0.4981
vn -0.5475 -0.7104 -0.4422
vn -0.5474 -0.7105 -0.4421
vn -0.2410 -0.9165 -0.3192
vn -0.2409 -0.9166 -0.3192
vn 0.1025 -0.9837 -0.1477
vn 0.1027 -0.9837 -0.1476
vn 0.4309 -0.9012 0.0466
vn 0.4311 -0.9011 0.0467
vn 0.6939 -0.6811 0.2339
vn 0.6940 -0.6809 0.2341
vn 0.8509 -0.3566 0.3857
vn 0.8510 -0.3563 0.3858
vn 0.8778 0.0226 0.4784
vn 0.8778 0.0230 0.4785
vn 0.7703 0.3983 0.4979
vn 0.7701 0.3987 0.4979
vn 0.5449 0.7131 0.4412
vn 0.5446 0.7133 0.4411
vn 0.2362 0.9186 0.3170
vn 0.2358 0.9187 0.3168
vn -0.1083 0.9836 0.1444
vn -0.1087 0.9836 0.1443
usemtl None
s 1
f 1731/2193/1700 1730/2194/1701 1729/2195/1702 1732/2196/1703
f 1733/2197/1704 1731/2198/1700 1732/2199/1703 1734/2200/1705
f 1735/2201/1706 1733/2197/1704 1734/2200/1705 1736/2202/1707
f 1737/2203/1708 1735/2201/1706 1736/2202/1707 1738/2204/1709
f 1739/2205/1710 1737/2203/1708 1738/2204/1709 1740/2206/1711
f 1741/2207/1712 1739/2208/1710 1740/2209/1711 1742/2210/1713
f 1743/2211/1714 1741/2207/1712 1742/2210/1713 1744/2212/1715
f 1745/2213/1716 1743/2211/1714 1744/2212/1715 1746/2214/1717
f 1747/2215/1718 1745/2213/1716 1746/2214/1717 1748/2216/1719
f 1749/2217/1720 1747/2218/1718 1748/2219/1719 1750/2220/1721
f 1751/2221/1722 1749/2217/1720 1750/2220/1721 1752/2222/1723
f 1753/2223/1724 1751/2221/1722 1752/2222/1723 1754/2224/1725
f 1755/2225/1726 1753/2223/1724 1754/2224/1725 1756/2226/1727
f 1757/2227/1728 1755/2228/1726 1756/2229/1727 1758/2230/1729
f 1759/2231/1730 1757/2227/1728 1758/2230/1729 1760/2232/1731
f 1730/2194/1701 1759/2231/1730 1760/2232/1731 1729/2195/1702
o Circle.011_Circle.013
v 12.917971 2.869559 -22.392992
v 12.128967 2.554468 -20.716055
v 12.038131 2.481384 -20.769167
v 12.830312 2.796874 -22.451628
v 11.982764 2.374388 -20.812752
v 12.777669 2.690269 -22.499264
v 11.971291 2.249770 -20.840179
v 12.768054 2.565976 -22.528648
v 12.005468 2.126501 -20.847267
v 12.802934 2.442915 -22.535307
v 12.080083 2.023348 -20.832943
v 12.876995 2.339822 -22.518232
v 12.183783 1.956015 -20.799383
v 12.978962 2.272392 -22.480011
v 12.300779 1.934753 -20.751696
v 13.093315 2.250890 -22.426476
v 12.413258 1.962798 -20.697145
v 13.202641 2.278590 -22.365768
v 12.504094 2.035882 -20.644035
v 13.290298 2.351275 -22.307137
v 12.559464 2.142879 -20.600449
v 13.342943 2.457879 -22.259501
v 12.570929 2.267497 -20.573023
v 13.352553 2.582173 -22.230114
v 12.536754 2.390766 -20.565937
v 13.317673 2.705234 -22.223455
v 12.462139 2.493919 -20.580259
v 13.243614 2.808327 -22.240534
v 12.358440 2.561252 -20.613819
v 13.141647 2.875757 -22.278749
v 12.241447 2.582514 -20.661503
v 13.027296 2.897259 -22.332285
vt 0.4937 0.2383
vt 0.4960 0.2391
vt 0.4879 0.2631
vt 0.4856 0.2625
vt 0.9239 0.8074
vt 0.9258 0.8070
vt 0.9263 0.8320
vt 0.9244 0.8325
vt 0.9214 0.8076
vt 0.9219 0.8328
vt 0.9188 0.8076
vt 0.9194 0.8328
vt 0.9165 0.8074
vt 0.9170 0.8326
vt 0.6894 0.5541
vt 0.6878 0.5549
vt 0.6796 0.5306
vt 0.6813 0.5299
vt 0.6917 0.5531
vt 0.6836 0.5290
vt 0.6941 0.5522
vt 0.6861 0.5283
vt 0.6964 0.5515
vt 0.6884 0.5277
vt 0.9808 0.1973
vt 0.9785 0.1970
vt 0.9798 0.1722
vt 0.9820 0.1727
vt 0.9834 0.1975
vt 0.9846 0.1729
vt 0.9859 0.1975
vt 0.9871 0.1728
vt 0.9879 0.1973
vt 0.9891 0.1726
vt 0.5007 0.2410
vt 0.5023 0.2418
vt 0.4943 0.2655
vt 0.4926 0.2648
vt 0.4984 0.2400
vt 0.4903 0.2639
vn -0.7071 0.6765 -0.2061
vn -0.4360 0.8992 -0.0362
vn -0.4363 0.8991 -0.0364
vn -0.7072 0.6762 -0.2062
vn -0.8705 0.3514 -0.3445
vn -0.8706 0.3512 -0.3446
vn -0.9021 -0.0266 -0.4307
vn -0.9021 -0.0268 -0.4307
vn -0.7973 -0.4004 -0.4517
vn -0.7972 -0.4005 -0.4517
vn -0.5719 -0.7137 -0.4044
vn -0.5718 -0.7138 -0.4044
vn -0.2596 -0.9193 -0.2959
vn -0.2595 -0.9193 -0.2958
vn 0.0925 -0.9855 -0.1423
vn 0.0926 -0.9855 -0.1422
vn 0.4309 -0.9018 0.0332
vn 0.4311 -0.9017 0.0333
vn 0.7040 -0.6804 0.2038
vn 0.7041 -0.6802 0.2039
vn 0.8696 -0.3548 0.3433
vn 0.8697 -0.3545 0.3434
vn 0.9023 0.0253 0.4304
vn 0.9023 0.0256 0.4304
vn 0.7968 0.4015 0.4516
vn 0.7966 0.4018 0.4516
vn 0.5694 0.7162 0.4036
vn 0.5691 0.7165 0.4035
vn 0.2549 0.9212 0.2939
vn 0.2545 0.9214 0.2938
vn -0.0982 0.9853 0.1394
vn -0.0986 0.9853 0.1392
usemtl None
s 1
f 1763/2233/1732 1762/2234/1733 1761/2235/1734 1764/2236/1735
f 1765/2237/1736 1763/2238/1732 1764/2239/1735 1766/2240/1737
f 1767/2241/1738 1765/2237/1736 1766/2240/1737 1768/2242/1739
f 1769/2243/1740 1767/2241/1738 1768/2242/1739 1770/2244/1741
f 1771/2245/1742 1769/2243/1740 1770/2244/1741 1772/2246/1743
f 1773/2247/1744 1771/2248/1742 1772/2249/1743 1774/2250/1745
f 1775/2251/1746 1773/2247/1744 1774/2250/1745 1776/2252/1747
f 1777/2253/1748 1775/2251/1746 1776/2252/1747 1778/2254/1749
f 1779/2255/1750 1777/2253/1748 1778/2254/1749 1780/2256/1751
f 1781/2257/1752 1779/2258/1750 1780/2259/1751 1782/2260/1753
f 1783/2261/1754 1781/2257/1752 1782/2260/1753 1784/2262/1755
f 1785/2263/1756 1783/2261/1754 1784/2262/1755 1786/2264/1757
f 1787/2265/1758 1785/2263/1756 1786/2264/1757 1788/2266/1759
f 1789/2267/1760 1787/2268/1758 1788/2269/1759 1790/2270/1761
f 1791/2271/1762 1789/2267/1760 1790/2270/1761 1792/2272/1763
f 1762/2234/1733 1791/2271/1762 1792/2272/1763 1761/2235/1734
o Circle.010_Circle.012
v 12.128967 2.554468 -20.716055
v 11.414930 2.256901 -18.966967
v 11.321234 2.183506 -19.014482
v 12.038131 2.481384 -20.769167
v 11.263347 2.076168 -19.053867
v 11.982764 2.374388 -20.812752
v 11.250076 1.951230 -19.079124
v 11.971291 2.249770 -20.840179
v 11.283451 1.827712 -19.086409
v 12.005468 2.126501 -20.847267
v 11.358377 1.724418 -19.074612
v 12.080083 2.023348 -20.832943
v 11.463464 1.657073 -19.045527
v 12.183783 1.956015 -20.799383
v 11.582705 1.635932 -19.003586
v 12.300779 1.934753 -20.751696
v 11.697943 1.664211 -18.955172
v 12.413258 1.962798 -20.697145
v 11.791636 1.737607 -18.907656
v 12.504094 2.035882 -20.644035
v 11.849525 1.844944 -18.868271
v 12.559464 2.142879 -20.600449
v 11.862794 1.969882 -18.843016
v 12.570929 2.267497 -20.573023
v 11.829419 2.093401 -18.835732
v 12.536754 2.390766 -20.565937
v 11.754490 2.196695 -18.847528
v 12.462139 2.493919 -20.580259
v 11.649408 2.264039 -18.876612
v 12.358440 2.561252 -20.613819
v 11.530170 2.285181 -18.918552
v 12.241447 2.582514 -20.661503
vt 0.5033 0.2142
vt 0.5055 0.2151
vt 0.4960 0.2391
vt 0.4937 0.2383
vt 0.9234 0.7815
vt 0.9253 0.7812
vt 0.9258 0.8070
vt 0.9239 0.8074
vt 0.9210 0.7817
vt 0.9214 0.8076
vt 0.9184 0.7817
vt 0.9188 0.8076
vt 0.9160 0.7816
vt 0.9165 0.8074
vt 0.6989 0.5782
vt 0.6973 0.5792
vt 0.6878 0.5549
vt 0.6894 0.5541
vt 0.7011 0.5772
vt 0.6917 0.5531
vt 0.7035 0.5761
vt 0.6941 0.5522
vt 0.7057 0.5753
vt 0.6964 0.5515
vt 0.9799 0.2227
vt 0.9776 0.2225
vt 0.9785 0.1970
vt 0.9808 0.1973
vt 0.9824 0.2228
vt 0.9834 0.1975
vt 0.9849 0.2228
vt 0.9859 0.1975
vt 0.9870 0.2227
vt 0.9879 0.1973
vt 0.5101 0.2172
vt 0.5117 0.2181
vt 0.5023 0.2418
vt 0.5007 0.2410
vt 0.5079 0.2161
vt 0.4984 0.2400
vn -0.7148 0.6765 -0.1772
vn -0.4346 0.9003 -0.0243
vn -0.4349 0.9002 -0.0244
vn -0.7150 0.6763 -0.1773
vn -0.8862 0.3504 -0.3031
vn -0.8863 0.3502 -0.3031
vn -0.9233 -0.0285 -0.3830
vn -0.9233 -0.0287 -0.3830
vn -0.8208 -0.4029 -0.4049
vn -0.8207 -0.4031 -0.4049
vn -0.5941 -0.7165 -0.3656
vn -0.5940 -0.7166 -0.3656
vn -0.2772 -0.9218 -0.2710
vn -0.2770 -0.9219 -0.2709
vn 0.0822 -0.9874 -0.1350
vn 0.0823 -0.9874 -0.1350
vn 0.4295 -0.9028 0.0216
vn 0.4296 -0.9027 0.0217
vn 0.7116 -0.6804 0.1751
vn 0.7118 -0.6802 0.1752
vn 0.8852 -0.3538 0.3020
vn 0.8853 -0.3535 0.3020
vn 0.9235 0.0271 0.3827
vn 0.9235 0.0274 0.3827
vn 0.8204 0.4038 0.4048
vn 0.8202 0.4042 0.4048
vn 0.5917 0.7188 0.3650
vn 0.5914 0.7191 0.3649
vn 0.2726 0.9237 0.2693
vn 0.2723 0.9238 0.2692
vn -0.0879 0.9873 0.1326
vn -0.0882 0.9873 0.1324
usemtl None
s 1
f 1795/2273/1764 1794/2274/1765 1793/2275/1766 1796/2276/1767
f 1797/2277/1768 1795/2278/1764 1796/2279/1767 1798/2280/1769
f 1799/2281/1770 1797/2277/1768 1798/2280/1769 1800/2282/1771
f 1801/2283/1772 1799/2281/1770 1800/2282/1771 1802/2284/1773
f 1803/2285/1774 1801/2283/1772 1802/2284/1773 1804/2286/1775
f 1805/2287/1776 1803/2288/1774 1804/2289/1775 1806/2290/1777
f 1807/2291/1778 1805/2287/1776 1806/2290/1777 1808/2292/1779
f 1809/2293/1780 1807/2291/1778 1808/2292/1779 1810/2294/1781
f 1811/2295/1782 1809/2293/1780 1810/2294/1781 1812/2296/1783
f 1813/2297/1784 1811/2298/1782 1812/2299/1783 1814/2300/1785
f 1815/2301/1786 1813/2297/1784 1814/2300/1785 1816/2302/1787
f 1817/2303/1788 1815/2301/1786 1816/2302/1787 1818/2304/1789
f 1819/2305/1790 1817/2303/1788 1818/2304/1789 1820/2306/1791
f 1821/2307/1792 1819/2308/1790 1820/2309/1791 1822/2310/1793
f 1823/2311/1794 1821/2307/1792 1822/2310/1793 1824/2312/1795
f 1794/2274/1765 1823/2311/1794 1824/2312/1795 1793/2275/1766
o Circle.009_Circle.011
v 11.414930 2.256901 -18.966967
v 10.775922 1.979512 -17.145878
v 10.679683 1.905903 -17.187773
v 11.321234 2.183506 -19.014482
v 10.619485 1.798284 -17.222841
v 11.263347 2.076168 -19.053867
v 10.604489 1.673041 -17.245743
v 11.250076 1.951230 -19.079124
v 10.636988 1.549240 -17.252989
v 11.283451 1.827712 -19.086409
v 10.712018 1.445729 -17.243481
v 11.358377 1.724418 -19.074612
v 10.818172 1.378266 -17.218664
v 11.463464 1.657073 -19.045527
v 10.939281 1.357122 -17.182312
v 11.582705 1.635932 -19.003586
v 11.056905 1.385516 -17.139969
v 11.697943 1.664211 -18.955172
v 11.153139 1.459126 -17.098072
v 11.791636 1.737607 -18.907656
v 11.213340 1.566744 -17.063007
v 11.849525 1.844944 -18.868271
v 11.228333 1.691987 -17.040104
v 11.862794 1.969882 -18.843016
v 11.195834 1.815788 -17.032860
v 11.829419 2.093401 -18.835732
v 11.120802 1.919299 -17.042368
v 11.754490 2.196695 -18.847528
v 11.014652 1.986762 -17.067184
v 11.649408 2.264039 -18.876612
v 10.893546 2.007906 -17.103535
v 11.530170 2.285181 -18.918552
vt 0.5143 0.1902
vt 0.5165 0.1912
vt 0.5055 0.2151
vt 0.5033 0.2142
vt 0.9231 0.7550
vt 0.9250 0.7548
vt 0.9253 0.7812
vt 0.9234 0.7815
vt 0.9207 0.7551
vt 0.9210 0.7817
vt 0.9181 0.7551
vt 0.9184 0.7817
vt 0.9157 0.7550
vt 0.9160 0.7816
vt 0.7099 0.6024
vt 0.7083 0.6034
vt 0.6973 0.5792
vt 0.6989 0.5782
vt 0.7120 0.6012
vt 0.7011 0.5772
vt 0.7143 0.6000
vt 0.7035 0.5761
vt 0.7165 0.5990
vt 0.7057 0.5753
vt 0.9793 0.2488
vt 0.9771 0.2487
vt 0.9776 0.2225
vt 0.9799 0.2227
vt 0.9819 0.2489
vt 0.9824 0.2228
vt 0.9844 0.2488
vt 0.9849 0.2228
vt 0.9865 0.2487
vt 0.9870 0.2227
vt 0.5209 0.1935
vt 0.5225 0.1945
vt 0.5117 0.2181
vt 0.5101 0.2172
vt 0.5188 0.1923
vt 0.5079 0.2161
vn -0.7202 0.6773 -0.1500
vn -0.4319 0.9018 -0.0142
vn -0.4322 0.9017 -0.0143
vn -0.7204 0.6771 -0.1501
vn -0.8990 0.3503 -0.2630
vn -0.8991 0.3500 -0.2630
vn -0.9414 -0.0295 -0.3360
vn -0.9414 -0.0297 -0.3360
vn -0.8414 -0.4047 -0.3581
vn -0.8413 -0.4048 -0.3581
vn -0.6141 -0.7187 -0.3261
vn -0.6140 -0.7188 -0.3261
vn -0.2936 -0.9241 -0.2447
vn -0.2935 -0.9241 -0.2447
vn 0.0718 -0.9894 -0.1261
vn 0.0720 -0.9894 -0.1260
vn 0.4268 -0.9043 0.0119
vn 0.4269 -0.9042 0.0119
vn 0.7170 -0.6812 0.1482
vn 0.7171 -0.6810 0.1482
vn 0.8979 -0.3538 0.2619
vn 0.8980 -0.3535 0.2620
vn 0.9416 0.0279 0.3357
vn 0.9415 0.0283 0.3357
vn 0.8411 0.4054 0.3580
vn 0.8410 0.4057 0.3580
vn 0.6120 0.7208 0.3256
vn 0.6117 0.7210 0.3255
vn 0.2893 0.9258 0.2433
vn 0.2889 0.9259 0.2432
vn -0.0774 0.9893 0.1240
vn -0.0778 0.9892 0.1238
usemtl None
s 1
f 1827/2313/1796 1826/2314/1797 1825/2315/1798 1828/2316/1799
f 1829/2317/1800 1827/2318/1796 1828/2319/1799 1830/2320/1801
f 1831/2321/1802 1829/2317/1800 1830/2320/1801 1832/2322/1803
f 1833/2323/1804 1831/2321/1802 1832/2322/1803 1834/2324/1805
f 1835/2325/1806 1833/2323/1804 1834/2324/1805 1836/2326/1807
f 1837/2327/1808 1835/2328/1806 1836/2329/1807 1838/2330/1809
f 1839/2331/1810 1837/2327/1808 1838/2330/1809 1840/2332/1811
f 1841/2333/1812 1839/2331/1810 1840/2332/1811 1842/2334/1813
f 1843/2335/1814 1841/2333/1812 1842/2334/1813 1844/2336/1815
f 1845/2337/1816 1843/2338/1814 1844/2339/1815 1846/2340/1817
f 1847/2341/1818 1845/2337/1816 1846/2340/1817 1848/2342/1819
f 1849/2343/1820 1847/2341/1818 1848/2342/1819 1850/2344/1821
f 1851/2345/1822 1849/2343/1820 1850/2344/1821 1852/2346/1823
f 1853/2347/1824 1851/2348/1822 1852/2349/1823 1854/2350/1825
f 1855/2351/1826 1853/2347/1824 1854/2350/1825 1856/2352/1827
f 1826/2314/1797 1855/2351/1826 1856/2352/1827 1825/2315/1798
o Circle.008_Circle.010
v 10.775922 1.979512 -17.145878
v 10.212005 1.724952 -15.252934
v 10.113532 1.651233 -15.289226
v 10.679683 1.905903 -17.187773
v 10.051242 1.543403 -15.319895
v 10.619485 1.798284 -17.222841
v 10.034610 1.417880 -15.340276
v 10.604489 1.673041 -17.245743
v 10.066182 1.293772 -15.347261
v 10.636988 1.549240 -17.252989
v 10.141131 1.189974 -15.339792
v 10.712018 1.445729 -17.243481
v 10.248065 1.122288 -15.319003
v 10.818172 1.378266 -17.218664
v 10.370700 1.101019 -15.288057
v 10.939281 1.357122 -17.182312
v 10.490356 1.129405 -15.251670
v 11.056905 1.385516 -17.139969
v 10.588823 1.203124 -15.215379
v 11.153139 1.459126 -17.098072
v 10.651119 1.310954 -15.184708
v 11.213340 1.566744 -17.063007
v 10.667741 1.436477 -15.164328
v 11.228333 1.691987 -17.040104
v 10.636179 1.560585 -15.157341
v 11.195834 1.815788 -17.032860
v 10.561225 1.664383 -15.164812
v 11.120802 1.919299 -17.042368
v 10.454290 1.732069 -15.185601
v 11.014652 1.986762 -17.067184
v 10.331663 1.753338 -15.216545
v 10.893546 2.007906 -17.103535
vt 0.5267 0.1662
vt 0.5288 0.1673
vt 0.5165 0.1912
vt 0.5143 0.1902
vt 0.9229 0.7277
vt 0.9248 0.7276
vt 0.9250 0.7548
vt 0.9231 0.7550
vt 0.9205 0.7278
vt 0.9207 0.7551
vt 0.9179 0.7278
vt 0.9181 0.7551
vt 0.9155 0.7277
vt 0.9157 0.7550
vt 0.7222 0.6264
vt 0.7207 0.6275
vt 0.7083 0.6034
vt 0.7099 0.6024
vt 0.7243 0.6251
vt 0.7120 0.6012
vt 0.7266 0.6238
vt 0.7143 0.6000
vt 0.7287 0.6227
vt 0.7165 0.5990
vt 0.9792 0.2756
vt 0.9770 0.2755
vt 0.9771 0.2487
vt 0.9793 0.2488
vt 0.9818 0.2756
vt 0.9819 0.2489
vt 0.9843 0.2755
vt 0.9844 0.2488
vt 0.9864 0.2755
vt 0.9865 0.2487
vt 0.5332 0.1699
vt 0.5347 0.1710
vt 0.5225 0.1945
vt 0.5209 0.1935
vt 0.5311 0.1686
vt 0.5188 0.1923
vn -0.7237 0.6788 -0.1248
vn -0.4281 0.9037 -0.0060
vn -0.4284 0.9036 -0.0061
vn -0.7239 0.6786 -0.1248
vn -0.9091 0.3511 -0.2244
vn -0.9091 0.3508 -0.2245
vn -0.9566 -0.0295 -0.2900
vn -0.9565 -0.0297 -0.2901
vn -0.8593 -0.4055 -0.3117
vn -0.8592 -0.4056 -0.3117
vn -0.6320 -0.7201 -0.2863
vn -0.6319 -0.7202 -0.2863
vn -0.3088 -0.9259 -0.2174
vn -0.3087 -0.9260 -0.2174
vn 0.0616 -0.9914 -0.1155
vn 0.0617 -0.9914 -0.1155
vn 0.4230 -0.9061 0.0040
vn 0.4232 -0.9060 0.0041
vn 0.7204 -0.6826 0.1231
vn 0.7205 -0.6824 0.1232
vn 0.9079 -0.3546 0.2235
vn 0.9080 -0.3543 0.2235
vn 0.9567 0.0278 0.2897
vn 0.9567 0.0281 0.2897
vn 0.8591 0.4060 0.3116
vn 0.8589 0.4063 0.3116
vn 0.6300 0.7220 0.2858
vn 0.6298 0.7223 0.2858
vn 0.3047 0.9276 0.2163
vn 0.3043 0.9277 0.2162
vn -0.0670 0.9912 0.1138
vn -0.0674 0.9912 0.1137
usemtl None
s 1
f 1859/2353/1828 1858/2354/1829 1857/2355/1830 1860/2356/1831
f 1861/2357/1832 1859/2358/1828 1860/2359/1831 1862/2360/1833
f 1863/2361/1834 1861/2357/1832 1862/2360/1833 1864/2362/1835
f 1865/2363/1836 1863/2361/1834 1864/2362/1835 1866/2364/1837
f 1867/2365/1838 1865/2363/1836 1866/2364/1837 1868/2366/1839
f 1869/2367/1840 1867/2368/1838 1868/2369/1839 1870/2370/1841
f 1871/2371/1842 1869/2367/1840 1870/2370/1841 1872/2372/1843
f 1873/2373/1844 1871/2371/1842 1872/2372/1843 1874/2374/1845
f 1875/2375/1846 1873/2373/1844 1874/2374/1845 1876/2376/1847
f 1877/2377/1848 1875/2378/1846 1876/2379/1847 1878/2380/1849
f 1879/2381/1850 1877/2377/1848 1878/2380/1849 1880/2382/1851
f 1881/2383/1852 1879/2381/1850 1880/2382/1851 1882/2384/1853
f 1883/2385/1854 1881/2383/1852 1882/2384/1853 1884/2386/1855
f 1885/2387/1856 1883/2388/1854 1884/2389/1855 1886/2390/1857
f 1887/2391/1858 1885/2387/1856 1886/2390/1857 1888/2392/1859
f 1858/2354/1829 1887/2391/1858 1888/2392/1859 1857/2355/1830
o Circle.007_Circle.009
v 10.212005 1.724952 -15.252934
v 9.723240 1.495872 -13.288257
v 9.622829 1.422150 -13.318999
v 10.113532 1.651233 -15.289226
v 9.558653 1.314185 -13.345227
v 10.051242 1.543403 -15.319895
v 9.540485 1.188414 -13.362946
v 10.034610 1.417880 -15.340276
v 9.571100 1.063982 -13.369457
v 10.066182 1.293772 -15.347261
v 9.645823 0.959836 -13.363773
v 10.141131 1.189974 -15.339792
v 9.753282 0.891829 -13.346757
v 10.248065 1.122288 -15.319003
v 9.877125 0.870315 -13.320998
v 10.370700 1.101019 -15.288057
v 9.998487 0.898570 -13.290421
v 10.490356 1.129405 -15.251670
v 10.098899 0.972291 -13.259678
v 10.588823 1.203124 -15.215379
v 10.163073 1.080256 -13.233451
v 10.651119 1.310954 -15.184708
v 10.181235 1.206028 -13.215733
v 10.667741 1.436477 -15.164328
v 10.150625 1.330459 -13.209221
v 10.636179 1.560585 -15.157341
v 10.075902 1.434605 -13.214905
v 10.561225 1.664383 -15.164812
v 9.968442 1.502612 -13.231920
v 10.454290 1.732069 -15.185601
v 9.844604 1.524126 -13.257679
v 10.331663 1.753338 -15.216545
vt 0.5405 0.1423
vt 0.5426 0.1435
vt 0.5288 0.1673
vt 0.5267 0.1662
vt 0.9229 0.6998
vt 0.9248 0.6998
vt 0.9248 0.7276
vt 0.9229 0.7277
vt 0.9205 0.6998
vt 0.9205 0.7278
vt 0.9179 0.6998
vt 0.9179 0.7278
vt 0.9155 0.6998
vt 0.9155 0.7277
vt 0.7360 0.6504
vt 0.7346 0.6515
vt 0.7207 0.6275
vt 0.7222 0.6264
vt 0.7380 0.6490
vt 0.7243 0.6251
vt 0.7403 0.6476
vt 0.7266 0.6238
vt 0.7423 0.6464
vt 0.7287 0.6227
vt 0.9795 0.3030
vt 0.9773 0.3031
vt 0.9770 0.2755
vt 0.9792 0.2756
vt 0.9821 0.3030
vt 0.9818 0.2756
vt 0.9846 0.3029
vt 0.9843 0.2755
vt 0.9867 0.3029
vt 0.9864 0.2755
vt 0.5468 0.1463
vt 0.5483 0.1475
vt 0.5347 0.1710
vt 0.5332 0.1699
vt 0.5448 0.1449
vt 0.5311 0.1686
vn -0.7253 0.6809 -0.1015
vn -0.4235 0.9059 0.0003
vn -0.4238 0.9058 0.0002
vn -0.7255 0.6807 -0.1016
vn -0.9167 0.3528 -0.1877
vn -0.9168 0.3525 -0.1878
vn -0.9690 -0.0286 -0.2455
vn -0.9690 -0.0288 -0.2455
vn -0.8746 -0.4054 -0.2660
vn -0.8745 -0.4055 -0.2660
vn -0.6478 -0.7209 -0.2463
vn -0.6477 -0.7209 -0.2463
vn -0.3228 -0.9273 -0.1893
vn -0.3227 -0.9274 -0.1893
vn 0.0516 -0.9933 -0.1036
vn 0.0517 -0.9933 -0.1035
vn 0.4185 -0.9082 -0.0019
vn 0.4186 -0.9081 -0.0019
vn 0.7220 -0.6846 0.1001
vn 0.7221 -0.6845 0.1001
vn 0.9155 -0.3563 0.1869
vn 0.9156 -0.3560 0.1869
vn 0.9691 0.0267 0.2451
vn 0.9691 0.0270 0.2452
vn 0.8745 0.4057 0.2659
vn 0.8743 0.4060 0.2659
vn 0.6460 0.7226 0.2459
vn 0.6458 0.7229 0.2459
vn 0.3189 0.9289 0.1884
vn 0.3185 0.9290 0.1883
vn -0.0568 0.9932 0.1021
vn -0.0572 0.9931 0.1020
usemtl None
s 1
f 1891/2393/1860 1890/2394/1861 1889/2395/1862 1892/2396/1863
f 1893/2397/1864 1891/2398/1860 1892/2399/1863 1894/2400/1865
f 1895/2401/1866 1893/2397/1864 1894/2400/1865 1896/2402/1867
f 1897/2403/1868 1895/2401/1866 1896/2402/1867 1898/2404/1869
f 1899/2405/1870 1897/2403/1868 1898/2404/1869 1900/2406/1871
f 1901/2407/1872 1899/2408/1870 1900/2409/1871 1902/2410/1873
f 1903/2411/1874 1901/2407/1872 1902/2410/1873 1904/2412/1875
f 1905/2413/1876 1903/2411/1874 1904/2412/1875 1906/2414/1877
f 1907/2415/1878 1905/2413/1876 1906/2414/1877 1908/2416/1879
f 1909/2417/1880 1907/2418/1878 1908/2419/1879 1910/2420/1881
f 1911/2421/1882 1909/2417/1880 1910/2420/1881 1912/2422/1883
f 1913/2423/1884 1911/2421/1882 1912/2422/1883 1914/2424/1885
f 1915/2425/1886 1913/2423/1884 1914/2424/1885 1916/2426/1887
f 1917/2427/1888 1915/2428/1886 1916/2429/1887 1918/2430/1889
f 1919/2431/1890 1917/2427/1888 1918/2430/1889 1920/2432/1891
f 1890/2394/1861 1919/2431/1890 1920/2432/1891 1889/2395/1862
o Circle.006_Circle.008
v 9.723240 1.495872 -13.288257
v 9.309714 1.294920 -11.251966
v 9.207634 1.221305 -11.277246
v 9.622829 1.422150 -13.318999
v 9.141784 1.113285 -11.299012
v 9.558653 1.314185 -13.345227
v 9.122189 0.987304 -11.313952
v 9.540485 1.188414 -13.362946
v 9.151832 0.862543 -11.319791
v 9.571100 1.063982 -13.369457
v 9.226200 0.757994 -11.315639
v 9.645823 0.959836 -13.363773
v 9.333975 0.689575 -11.302129
v 9.753282 0.891829 -13.346757
v 9.458739 0.667701 -11.281317
v 9.877125 0.870315 -13.320998
v 9.581505 0.695703 -11.256374
v 9.998487 0.898570 -13.290421
v 9.683588 0.769318 -11.231093
v 10.098899 0.972291 -13.259678
v 9.749434 0.877339 -11.209328
v 10.163073 1.080256 -13.233451
v 9.769029 1.003319 -11.194388
v 10.181235 1.206028 -13.215733
v 9.739383 1.128081 -11.188549
v 10.150625 1.330459 -13.209221
v 9.665017 1.232630 -11.192701
v 10.075902 1.434605 -13.214905
v 9.557247 1.301049 -11.206211
v 9.968442 1.502612 -13.231920
v 9.432483 1.322922 -11.227022
v 9.844604 1.524126 -13.257679
vt 0.5558 0.1186
vt 0.5578 0.1199
vt 0.5426 0.1435
vt 0.5405 0.1423
vt 0.9231 0.6712
vt 0.9250 0.6712
vt 0.9248 0.6998
vt 0.9229 0.6998
vt 0.9207 0.6711
vt 0.9205 0.6998
vt 0.9181 0.6711
vt 0.9179 0.6998
vt 0.9157 0.6711
vt 0.9155 0.6998
vt 0.7513 0.6742
vt 0.7498 0.6754
vt 0.7346 0.6515
vt 0.7360 0.6504
vt 0.7532 0.6728
vt 0.7380 0.6490
vt 0.7554 0.6713
vt 0.7403 0.6476
vt 0.7574 0.6700
vt 0.7423 0.6464
vt 0.9803 0.3312
vt 0.9781 0.3313
vt 0.9773 0.3031
vt 0.9795 0.3030
vt 0.9829 0.3311
vt 0.9821 0.3030
vt 0.9854 0.3310
vt 0.9846 0.3029
vt 0.9875 0.3310
vt 0.9867 0.3029
vt 0.5619 0.1228
vt 0.5633 0.1240
vt 0.5483 0.1475
vt 0.5468 0.1463
vt 0.5600 0.1214
vt 0.5448 0.1449
vn -0.7254 0.6836 -0.0803
vn -0.4182 0.9083 0.0047
vn -0.4185 0.9082 0.0046
vn -0.7256 0.6834 -0.0803
vn -0.9222 0.3553 -0.1530
vn -0.9222 0.3550 -0.1530
vn -0.9789 -0.0266 -0.2025
vn -0.9789 -0.0268 -0.2025
vn -0.8875 -0.4043 -0.2213
vn -0.8874 -0.4045 -0.2213
vn -0.6616 -0.7208 -0.2066
vn -0.6616 -0.7209 -0.2066
vn -0.3355 -0.9283 -0.1606
vn -0.3354 -0.9283 -0.1606
vn 0.0419 -0.9950 -0.0902
vn 0.0420 -0.9950 -0.0902
vn 0.4133 -0.9106 -0.0061
vn 0.4135 -0.9105 -0.0060
vn 0.7221 -0.6872 0.0791
vn 0.7223 -0.6871 0.0791
vn 0.9209 -0.3588 0.1522
vn 0.9210 -0.3585 0.1523
vn 0.9790 0.0247 0.2021
vn 0.9790 0.0250 0.2022
vn 0.8874 0.4045 0.2211
vn 0.8873 0.4048 0.2211
vn 0.6601 0.7223 0.2063
vn 0.6598 0.7226 0.2062
vn 0.3318 0.9297 0.1599
vn 0.3314 0.9298 0.1598
vn -0.0469 0.9949 0.0891
vn -0.0473 0.9949 0.0890
usemtl None
s 1
f 1923/2433/1892 1922/2434/1893 1921/2435/1894 1924/2436/1895
f 1925/2437/1896 1923/2438/1892 1924/2439/1895 1926/2440/1897
f 1927/2441/1898 1925/2437/1896 1926/2440/1897 1928/2442/1899
f 1929/2443/1900 1927/2441/1898 1928/2442/1899 1930/2444/1901
f 1931/2445/1902 1929/2443/1900 1930/2444/1901 1932/2446/1903
f 1933/2447/1904 1931/2448/1902 1932/2449/1903 1934/2450/1905
f 1935/2451/1906 1933/2447/1904 1934/2450/1905 1936/2452/1907
f 1937/2453/1908 1935/2451/1906 1936/2452/1907 1938/2454/1909
f 1939/2455/1910 1937/2453/1908 1938/2454/1909 1940/2456/1911
f 1941/2457/1912 1939/2458/1910 1940/2459/1911 1942/2460/1913
f 1943/2461/1914 1941/2457/1912 1942/2460/1913 1944/2462/1915
f 1945/2463/1916 1943/2461/1914 1944/2462/1915 1946/2464/1917
f 1947/2465/1918 1945/2463/1916 1946/2464/1917 1948/2466/1919
f 1949/2467/1920 1947/2468/1918 1948/2469/1919 1950/2470/1921
f 1951/2471/1922 1949/2467/1920 1950/2470/1921 1952/2472/1923
f 1922/2434/1893 1951/2471/1922 1952/2472/1923 1921/2435/1894
o Circle.005_Circle.007
v 9.309714 1.294920 -11.251966
v 8.971505 1.124747 -9.144174
v 8.868011 1.051347 -9.164103
v 9.207634 1.221305 -11.277246
v 8.800682 0.943354 -9.181418
v 9.141784 1.113285 -11.299012
v 8.779762 0.817209 -9.193483
v 9.122189 0.987304 -11.313952
v 8.808447 0.692117 -9.198462
v 9.151832 0.862543 -11.319791
v 8.882361 0.587121 -9.195594
v 9.226200 0.757994 -11.315639
v 8.990257 0.518207 -9.185318
v 9.333975 0.689575 -11.302129
v 9.115704 0.495866 -9.169198
v 9.458739 0.667701 -11.281317
v 9.239603 0.523499 -9.149688
v 9.581505 0.695703 -11.256374
v 9.343093 0.596899 -9.129759
v 9.683588 0.769318 -11.231093
v 9.410429 0.704892 -9.112443
v 9.749434 0.877339 -11.209328
v 9.431340 0.831037 -9.100378
v 9.769029 1.003319 -11.194388
v 9.402657 0.956129 -9.095401
v 9.739383 1.128081 -11.188549
v 9.328739 1.061125 -9.098268
v 9.665017 1.232630 -11.192701
v 9.220851 1.130039 -9.108543
v 9.557247 1.301049 -11.206211
v 9.095407 1.152380 -9.124663
v 9.432483 1.322922 -11.227022
vt 0.5725 0.0949
vt 0.5744 0.0963
vt 0.5578 0.1199
vt 0.5558 0.1186
vt 0.9235 0.6419
vt 0.9254 0.6421
vt 0.9250 0.6712
vt 0.9231 0.6712
vt 0.9211 0.6417
vt 0.9207 0.6711
vt 0.9185 0.6417
vt 0.9181 0.6711
vt 0.9161 0.6417
vt 0.9157 0.6711
vt 0.7680 0.6980
vt 0.7666 0.6993
vt 0.7498 0.6754
vt 0.7513 0.6742
vt 0.7699 0.6965
vt 0.7532 0.6728
vt 0.7719 0.6949
vt 0.7554 0.6713
vt 0.7739 0.6935
vt 0.7574 0.6700
vt 0.9816 0.3600
vt 0.9794 0.3603
vt 0.9781 0.3313
vt 0.9803 0.3312
vt 0.9842 0.3598
vt 0.9829 0.3311
vt 0.9867 0.3597
vt 0.9854 0.3310
vt 0.9888 0.3597
vt 0.9875 0.3310
vt 0.5784 0.0994
vt 0.5798 0.1007
vt 0.5633 0.1240
vt 0.5619 0.1228
vt 0.5765 0.0979
vt 0.5600 0.1214
vn -0.7243 0.6868 -0.0612
vn -0.4125 0.9109 0.0074
vn -0.4128 0.9108 0.0073
vn -0.7245 0.6866 -0.0612
vn -0.9257 0.3586 -0.1203
vn -0.9258 0.3583 -0.1204
vn -0.9866 -0.0238 -0.1612
vn -0.9866 -0.0240 -0.1612
vn -0.8981 -0.4023 -0.1777
vn -0.8980 -0.4025 -0.1777
vn -0.6736 -0.7200 -0.1673
vn -0.6735 -0.7200 -0.1673
vn -0.3469 -0.9286 -0.1315
vn -0.3468 -0.9287 -0.1315
vn 0.0327 -0.9966 -0.0758
vn 0.0328 -0.9966 -0.0757
vn 0.4077 -0.9131 -0.0085
vn 0.4079 -0.9130 -0.0084
vn 0.7210 -0.6903 0.0602
vn 0.7211 -0.6902 0.0602
vn 0.9244 -0.3621 0.1197
vn 0.9245 -0.3618 0.1197
vn 0.9867 0.0218 0.1609
vn 0.9867 0.0220 0.1609
vn 0.8981 0.4023 0.1775
vn 0.8980 0.4026 0.1775
vn 0.6722 0.7213 0.1670
vn 0.6719 0.7216 0.1670
vn 0.3435 0.9300 0.1309
vn 0.3431 0.9301 0.1308
vn -0.0375 0.9965 0.0748
vn -0.0379 0.9965 0.0748
usemtl None
s 1
f 1955/2473/1924 1954/2474/1925 1953/2475/1926 1956/2476/1927
f 1957/2477/1928 1955/2478/1924 1956/2479/1927 1958/2480/1929
f 1959/2481/1930 1957/2477/1928 1958/2480/1929 1960/2482/1931
f 1961/2483/1932 1959/2481/1930 1960/2482/1931 1962/2484/1933
f 1963/2485/1934 1961/2483/1932 1962/2484/1933 1964/2486/1935
f 1965/2487/1936 1963/2488/1934 1964/2489/1935 1966/2490/1937
f 1967/2491/1938 1965/2487/1936 1966/2490/1937 1968/2492/1939
f 1969/2493/1940 1967/2491/1938 1968/2492/1939 1970/2494/1941
f 1971/2495/1942 1969/2493/1940 1970/2494/1941 1972/2496/1943
f 1973/2497/1944 1971/2498/1942 1972/2499/1943 1974/2500/1945
f 1975/2501/1946 1973/2497/1944 1974/2500/1945 1976/2502/1947
f 1977/2503/1948 1975/2501/1946 1976/2502/1947 1978/2504/1949
f 1979/2505/1950 1977/2503/1948 1978/2504/1949 1980/2506/1951
f 1981/2507/1952 1979/2508/1950 1980/2509/1951 1982/2510/1953
f 1983/2511/1954 1981/2507/1952 1982/2510/1953 1984/2512/1955
f 1954/2474/1925 1983/2511/1954 1984/2512/1955 1953/2475/1926
o Circle.004_Circle.006
v 8.971505 1.124747 -9.144174
v 8.708702 0.988004 -6.964983
v 8.604029 0.914924 -6.979698
v 8.868011 1.051347 -9.164103
v 8.535404 0.807041 -6.992595
v 8.800682 0.943354 -9.181418
v 8.513270 0.680781 -7.001710
v 8.779762 0.817209 -9.193483
v 8.541016 0.555366 -7.005657
v 8.808447 0.692117 -9.198462
v 8.614402 0.449887 -7.003834
v 8.882361 0.587121 -9.195594
v 8.722258 0.380405 -6.996519
v 8.990257 0.518207 -9.185318
v 8.848166 0.357496 -6.984826
v 9.115704 0.495866 -9.169198
v 8.972955 0.384649 -6.970533
v 9.239603 0.523499 -9.149688
v 9.077631 0.457729 -6.955820
v 9.343093 0.596899 -9.129759
v 9.146258 0.565611 -6.942923
v 9.410429 0.704892 -9.112443
v 9.168384 0.691871 -6.933807
v 9.431340 0.831037 -9.100378
v 9.140641 0.817287 -6.929861
v 9.402657 0.956129 -9.095401
v 9.067261 0.922765 -6.931684
v 9.328739 1.061125 -9.098268
v 8.959402 0.992248 -6.938999
v 9.220851 1.130039 -9.108543
v 8.833494 1.015157 -6.950692
v 9.095407 1.152380 -9.124663
vt 0.5906 0.0713
vt 0.5925 0.0728
vt 0.5744 0.0963
vt 0.5725 0.0949
vt 0.9243 0.6119
vt 0.9261 0.6122
vt 0.9254 0.6421
vt 0.9235 0.6419
vt 0.9219 0.6117
vt 0.9211 0.6417
vt 0.9193 0.6116
vt 0.9185 0.6417
vt 0.9169 0.6117
vt 0.9161 0.6417
vt 0.7861 0.7217
vt 0.7848 0.7230
vt 0.7666 0.6993
vt 0.7680 0.6980
vt 0.7879 0.7201
vt 0.7699 0.6965
vt 0.7899 0.7185
vt 0.7719 0.6949
vt 0.7918 0.7170
vt 0.7739 0.6935
vt 0.9835 0.3895
vt 0.9813 0.3898
vt 0.9794 0.3603
vt 0.9816 0.3600
vt 0.9861 0.3892
vt 0.9842 0.3598
vt 0.9886 0.3891
vt 0.9867 0.3597
vt 0.9907 0.3892
vt 0.9888 0.3597
vt 0.5964 0.0761
vt 0.5977 0.0774
vt 0.5798 0.1007
vt 0.5784 0.0994
vt 0.5945 0.0745
vt 0.5765 0.0979
vn -0.7220 0.6905 -0.0441
vn -0.4064 0.9136 0.0083
vn -0.4067 0.9135 0.0083
vn -0.7222 0.6902 -0.0442
vn -0.9276 0.3626 -0.0898
vn -0.9277 0.3623 -0.0899
vn -0.9923 -0.0200 -0.1219
vn -0.9923 -0.0202 -0.1219
vn -0.9067 -0.3994 -0.1355
vn -0.9066 -0.3996 -0.1355
vn -0.6837 -0.7183 -0.1286
vn -0.6837 -0.7184 -0.1286
vn -0.3571 -0.9285 -0.1022
vn -0.3570 -0.9285 -0.1022
vn 0.0240 -0.9979 -0.0603
vn 0.0241 -0.9979 -0.0603
vn 0.4018 -0.9157 -0.0092
vn 0.4020 -0.9156 -0.0092
vn 0.7188 -0.6939 0.0434
vn 0.7189 -0.6938 0.0434
vn 0.9263 -0.3660 0.0893
vn 0.9264 -0.3658 0.0893
vn 0.9924 0.0180 0.1216
vn 0.9924 0.0182 0.1216
vn 0.9068 0.3993 0.1353
vn 0.9067 0.3996 0.1353
vn 0.6825 0.7195 0.1283
vn 0.6822 0.7198 0.1283
vn 0.3539 0.9297 0.1017
vn 0.3536 0.9299 0.1017
vn -0.0286 0.9978 0.0595
vn -0.0289 0.9978 0.0595
usemtl None
s 1
f 1987/2513/1956 1986/2514/1957 1985/2515/1958 1988/2516/1959
f 1989/2517/1960 1987/2518/1956 1988/2519/1959 1990/2520/1961
f 1991/2521/1962 1989/2517/1960 1990/2520/1961 1992/2522/1963
f 1993/2523/1964 1991/2521/1962 1992/2522/1963 1994/2524/1965
f 1995/2525/1966 1993/2523/1964 1994/2524/1965 1996/2526/1967
f 1997/2527/1968 1995/2528/1966 1996/2529/1967 1998/2530/1969
f 1999/2531/1970 1997/2527/1968 1998/2530/1969 2000/2532/1971
f 2001/2533/1972 1999/2531/1970 2000/2532/1971 2002/2534/1973
f 2003/2535/1974 2001/2533/1972 2002/2534/1973 2004/2536/1975
f 2005/2537/1976 2003/2538/1974 2004/2539/1975 2006/2540/1977
f 2007/2541/1978 2005/2537/1976 2006/2540/1977 2008/2542/1979
f 2009/2543/1980 2007/2541/1978 2008/2542/1979 2010/2544/1981
f 2011/2545/1982 2009/2543/1980 2010/2544/1981 2012/2546/1983
f 2013/2547/1984 2011/2548/1982 2012/2549/1983 2014/2550/1985
f 2015/2551/1986 2013/2547/1984 2014/2550/1985 2016/2552/1987
f 1986/2514/1957 2015/2551/1986 2016/2552/1987 1985/2515/1958
o Circle.003_Circle.005
v 8.708702 0.988004 -6.964983
v 8.521402 0.887342 -4.714499
v 8.415752 0.814683 -4.724149
v 8.604029 0.914924 -6.979698
v 8.346004 0.706994 -4.732679
v 8.535404 0.807041 -6.992595
v 8.322773 0.580671 -4.738790
v 8.513270 0.680781 -7.001710
v 8.349605 0.454945 -4.741550
v 8.541016 0.555366 -7.005657
v 8.422399 0.348957 -4.740542
v 8.614402 0.449887 -7.003834
v 8.530091 0.278842 -4.735917
v 8.722258 0.380405 -6.996519
v 8.656273 0.255275 -4.728380
v 8.848166 0.357496 -6.984826
v 8.781740 0.281843 -4.719079
v 8.972955 0.384649 -6.970533
v 8.887390 0.354502 -4.709429
v 9.077631 0.457729 -6.955820
v 8.957144 0.462191 -4.700899
v 9.146258 0.565611 -6.942923
v 8.980370 0.588514 -4.694788
v 9.168384 0.691871 -6.933807
v 8.953538 0.714240 -4.692028
v 9.140641 0.817287 -6.929861
v 8.880738 0.820229 -4.693036
v 9.067261 0.922765 -6.931684
v 8.773051 0.890343 -4.697661
v 8.959402 0.992248 -6.938999
v 8.646870 0.913911 -4.705198
v 8.833494 1.015157 -6.950692
vt 0.6102 0.0479
vt 0.6120 0.0494
vt 0.5925 0.0728
vt 0.5906 0.0713
vt 0.9253 0.5813
vt 0.9272 0.5817
vt 0.9261 0.6122
vt 0.9243 0.6119
vt 0.9229 0.5810
vt 0.9219 0.6117
vt 0.9203 0.5809
vt 0.9193 0.6116
vt 0.9179 0.5810
vt 0.9169 0.6117
vt 0.8057 0.7453
vt 0.8044 0.7466
vt 0.7848 0.7230
vt 0.7861 0.7217
vt 0.8075 0.7437
vt 0.7879 0.7201
vt 0.8094 0.7419
vt 0.7899 0.7185
vt 0.8113 0.7403
vt 0.7918 0.7170
vt 0.9860 0.4196
vt 0.9838 0.4201
vt 0.9813 0.3898
vt 0.9835 0.3895
vt 0.9885 0.4193
vt 0.9861 0.3892
vt 0.9910 0.4192
vt 0.9886 0.3891
vt 0.9932 0.4192
vt 0.9907 0.3892
vt 0.6158 0.0529
vt 0.6171 0.0542
vt 0.5977 0.0774
vt 0.5964 0.0761
vt 0.6140 0.0512
vt 0.5945 0.0745
vn -0.7189 0.6945 -0.0291
vn -0.4002 0.9164 0.0077
vn -0.4005 0.9163 0.0076
vn -0.7191 0.6942 -0.0292
vn -0.9281 0.3672 -0.0615
vn -0.9282 0.3670 -0.0615
vn -0.9963 -0.0155 -0.0846
vn -0.9963 -0.0157 -0.0846
vn -0.9135 -0.3957 -0.0948
vn -0.9134 -0.3958 -0.0948
vn -0.6923 -0.7159 -0.0907
vn -0.6922 -0.7160 -0.0907
vn -0.3661 -0.9277 -0.0728
vn -0.3660 -0.9278 -0.0728
vn 0.0158 -0.9989 -0.0439
vn 0.0159 -0.9989 -0.0439
vn 0.3958 -0.9183 -0.0083
vn 0.3959 -0.9183 -0.0083
vn 0.7157 -0.6978 0.0286
vn 0.7159 -0.6977 0.0286
vn 0.9268 -0.3706 0.0611
vn 0.9269 -0.3704 0.0611
vn 0.9964 0.0134 0.0843
vn 0.9963 0.0136 0.0843
vn 0.9136 0.3954 0.0946
vn 0.9135 0.3957 0.0946
vn 0.6912 0.7170 0.0904
vn 0.6910 0.7172 0.0904
vn 0.3632 0.9289 0.0724
vn 0.3628 0.9290 0.0724
vn -0.0202 0.9989 0.0434
vn -0.0205 0.9988 0.0433
usemtl None
s 1
f 2019/2553/1988 2018/2554/1989 2017/2555/1990 2020/2556/1991
f 2021/2557/1992 2019/2558/1988 2020/2559/1991 2022/2560/1993
f 2023/2561/1994 2021/2557/1992 2022/2560/1993 2024/2562/1995
f 2025/2563/1996 2023/2561/1994 2024/2562/1995 2026/2564/1997
f 2027/2565/1998 2025/2563/1996 2026/2564/1997 2028/2566/1999
f 2029/2567/2000 2027/2568/1998 2028/2569/1999 2030/2570/2001
f 2031/2571/2002 2029/2567/2000 2030/2570/2001 2032/2572/2003
f 2033/2573/2004 2031/2571/2002 2032/2572/2003 2034/2574/2005
f 2035/2575/2006 2033/2573/2004 2034/2574/2005 2036/2576/2007
f 2037/2577/2008 2035/2578/2006 2036/2579/2007 2038/2580/2009
f 2039/2581/2010 2037/2577/2008 2038/2580/2009 2040/2582/2011
f 2041/2583/2012 2039/2581/2010 2040/2582/2011 2042/2584/2013
f 2043/2585/2014 2041/2583/2012 2042/2584/2013 2044/2586/2015
f 2045/2587/2016 2043/2588/2014 2044/2589/2015 2046/2590/2017
f 2047/2591/2018 2045/2587/2016 2046/2590/2017 2048/2592/2019
f 2018/2554/1989 2047/2591/2018 2048/2592/2019 2017/2555/1990
o Circle.002_Circle.004
v 8.521402 0.887342 -4.714499
v 8.409703 0.825416 -2.392819
v 8.303263 0.753274 -2.397568
v 8.415752 0.814683 -4.724149
v 8.232551 0.645860 -2.401798
v 8.346004 0.706994 -4.732679
v 8.208323 0.519529 -2.404865
v 8.322773 0.580671 -4.738790
v 8.234278 0.393511 -2.406301
v 8.349605 0.454945 -4.741550
v 8.306453 0.286993 -2.405889
v 8.422399 0.348957 -4.740542
v 8.413873 0.216191 -2.403690
v 8.530091 0.278842 -4.735917
v 8.540174 0.191883 -2.400040
v 8.656273 0.255275 -4.728380
v 8.666129 0.217771 -2.395495
v 8.781740 0.281843 -4.719079
v 8.772570 0.289913 -2.390746
v 8.887390 0.354502 -4.709429
v 8.843285 0.397327 -2.386517
v 8.957144 0.462191 -4.700899
v 8.867510 0.523658 -2.383450
v 8.980370 0.588514 -4.694788
v 8.841555 0.649676 -2.382014
v 8.953538 0.714240 -4.692028
v 8.769375 0.756194 -2.382426
v 8.880738 0.820229 -4.693036
v 8.661960 0.826996 -2.384624
v 8.773051 0.890343 -4.697661
v 8.535662 0.851304 -2.388274
v 8.646870 0.913911 -4.705198
vt 0.6330 0.0262
vt 0.6120 0.0494
vt 0.6102 0.0479
vt 0.6312 0.0245
vt 0.6088 0.0467
vt 0.6298 0.0233
vt 0.9267 0.5500
vt 0.9253 0.5813
vt 0.9229 0.5810
vt 0.9243 0.5497
vt 0.9203 0.5809
vt 0.9217 0.5496
vt 0.9179 0.5810
vt 0.9193 0.5496
vt 0.8255 0.7701
vt 0.8044 0.7466
vt 0.8057 0.7453
vt 0.8268 0.7688
vt 0.8075 0.7437
vt 0.8285 0.7671
vt 0.8094 0.7419
vt 0.8304 0.7653
vt 0.8113 0.7403
vt 0.8321 0.7636
vt 0.9869 0.4509
vt 0.9838 0.4201
vt 0.9860 0.4196
vt 0.9890 0.4504
vt 0.9885 0.4193
vt 0.9916 0.4500
vt 0.9910 0.4192
vt 0.9941 0.4499
vt 0.9932 0.4192
vt 0.9963 0.4499
vt 0.6379 0.0311
vt 0.6171 0.0542
vt 0.6158 0.0529
vt 0.6366 0.0297
vt 0.6140 0.0512
vt 0.6349 0.0280
vn -0.3939 0.9191 0.0056
vn -0.3942 0.9190 0.0055
vn -0.7154 0.6986 -0.0162
vn -0.7152 0.6988 -0.0161
vn -0.9275 0.3722 -0.0354
vn -0.9274 0.3724 -0.0354
vn -0.9987 -0.0104 -0.0493
vn -0.9987 -0.0102 -0.0492
vn -0.9186 -0.3913 -0.0557
vn -0.9187 -0.3911 -0.0557
vn -0.6993 -0.7128 -0.0536
vn -0.6994 -0.7127 -0.0537
vn -0.3740 -0.9264 -0.0435
vn -0.3741 -0.9264 -0.0435
vn 0.0084 -0.9996 -0.0268
vn 0.0082 -0.9996 -0.0268
vn 0.3897 -0.9209 -0.0060
vn 0.3896 -0.9209 -0.0060
vn 0.7121 -0.7019 0.0157
vn 0.7120 -0.7020 0.0157
vn 0.9261 -0.3756 0.0350
vn 0.9261 -0.3758 0.0350
vn 0.9988 0.0083 0.0490
vn 0.9988 0.0080 0.0490
vn 0.9187 0.3910 0.0555
vn 0.9188 0.3907 0.0555
vn 0.6982 0.7139 0.0534
vn 0.6985 0.7137 0.0534
vn 0.3710 0.9276 0.0432
vn 0.3713 0.9275 0.0432
vn -0.0127 0.9996 0.0264
vn -0.0123 0.9996 0.0264
usemtl None
s 1
f 2050/2593/2020 2049/2594/2021 2052/2595/2022 2051/2596/2023
f 2051/2596/2023 2052/2595/2022 2054/2597/2024 2053/2598/2025
f 2053/2599/2025 2054/2600/2024 2056/2601/2026 2055/2602/2027
f 2055/2602/2027 2056/2601/2026 2058/2603/2028 2057/2604/2029
f 2057/2604/2029 2058/2603/2028 2060/2605/2030 2059/2606/2031
f 2059/2607/2031 2060/2608/2030 2062/2609/2032 2061/2610/2033
f 2061/2610/2033 2062/2609/2032 2064/2611/2034 2063/2612/2035
f 2063/2612/2035 2064/2611/2034 2066/2613/2036 2065/2614/2037
f 2065/2614/2037 2066/2613/2036 2068/2615/2038 2067/2616/2039
f 2067/2617/2039 2068/2618/2038 2070/2619/2040 2069/2620/2041
f 2069/2620/2041 2070/2619/2040 2072/2621/2042 2071/2622/2043
f 2071/2622/2043 2072/2621/2042 2074/2623/2044 2073/2624/2045
f 2073/2624/2045 2074/2623/2044 2076/2625/2046 2075/2626/2047
f 2075/2627/2047 2076/2628/2046 2078/2629/2048 2077/2630/2049
f 2077/2630/2049 2078/2629/2048 2080/2631/2050 2079/2632/2051
f 2079/2632/2051 2080/2631/2050 2049/2594/2021 2050/2593/2020
o Circle.001_Circle.003
v 8.500000 0.830000 0.000000
v 8.373714 0.804880 0.000000
v 8.266655 0.733345 0.000000
v 8.195119 0.626286 0.000000
v 8.170000 0.500000 0.000000
v 8.195119 0.373714 0.000000
v 8.266655 0.266655 0.000000
v 8.373714 0.195120 0.000000
v 8.500000 0.170000 0.000000
v 8.626286 0.195120 0.000000
v 8.733345 0.266655 0.000000
v 8.804881 0.373714 0.000000
v 8.830000 0.500000 0.000000
v 8.804881 0.626286 0.000000
v 8.733345 0.733345 0.000000
v 8.626286 0.804880 0.000000
v 8.409703 0.825416 -2.392819
v 8.303263 0.753274 -2.397568
v 8.232551 0.645860 -2.401798
v 8.208323 0.519529 -2.404865
v 8.234278 0.393511 -2.406301
v 8.306453 0.286993 -2.405889
v 8.413873 0.216191 -2.403690
v 8.540174 0.191883 -2.400040
v 8.666129 0.217771 -2.395495
v 8.772570 0.289913 -2.390746
v 8.843285 0.397327 -2.386517
v 8.867510 0.523658 -2.383450
v 8.841555 0.649676 -2.382014
v 8.769375 0.756194 -2.382426
v 8.661960 0.826996 -2.384624
v 8.535662 0.851304 -2.388274
vt 0.6554 0.0030
vt 0.6330 0.0262
vt 0.6312 0.0245
vt 0.6537 0.0013
vt 0.6298 0.0233
vt 0.6524 0.0000
vt 0.9285 0.5181
vt 0.9267 0.5500
vt 0.9243 0.5497
vt 0.9261 0.5177
vt 0.9217 0.5496
vt 0.9235 0.5175
vt 0.9193 0.5496
vt 0.9211 0.5176
vt 0.8481 0.7935
vt 0.8255 0.7701
vt 0.8268 0.7688
vt 0.8493 0.7922
vt 0.8285 0.7671
vt 0.8509 0.7904
vt 0.8304 0.7653
vt 0.8528 0.7885
vt 0.8321 0.7636
vt 0.8545 0.7868
vt 0.9906 0.4825
vt 0.9869 0.4509
vt 0.9890 0.4504
vt 0.9928 0.4818
vt 0.9916 0.4500
vt 0.9953 0.4814
vt 0.9941 0.4499
vt 0.9978 0.4812
vt 0.9963 0.4499
vt 1.0000 0.4813
vt 0.6601 0.0081
vt 0.6379 0.0311
vt 0.6366 0.0297
vt 0.6589 0.0067
vt 0.6349 0.0280
vt 0.6573 0.0049
vn -0.3877 0.9218 0.0021
vn -0.3880 0.9217 0.0021
vn -0.7111 0.7031 -0.0050
vn -0.7109 0.7033 -0.0050
vn -0.9258 0.3779 -0.0113
vn -0.9257 0.3781 -0.0113
vn -0.9999 -0.0045 -0.0160
vn -0.9999 -0.0043 -0.0160
vn -0.9223 -0.3860 -0.0182
vn -0.9224 -0.3858 -0.0182
vn -0.7051 -0.7089 -0.0177
vn -0.7052 -0.7088 -0.0177
vn -0.3809 -0.9245 -0.0145
vn -0.3810 -0.9245 -0.0145
vn 0.0013 -1.0000 -0.0091
vn 0.0012 -1.0000 -0.0091
vn 0.3837 -0.9235 -0.0023
vn 0.3835 -0.9235 -0.0024
vn 0.7079 -0.7063 0.0047
vn 0.7078 -0.7064 0.0047
vn 0.9244 -0.3812 0.0111
vn 0.9243 -0.3814 0.0111
vn 0.9999 0.0023 0.0158
vn 0.9999 0.0021 0.0158
vn 0.9225 0.3855 0.0180
vn 0.9226 0.3853 0.0180
vn 0.7041 0.7099 0.0175
vn 0.7043 0.7097 0.0175
vn 0.3781 0.9256 0.0142
vn 0.3784 0.9255 0.0142
vn -0.0054 0.9999 0.0088
vn -0.0051 0.9999 0.0088
usemtl None
s 1
f 2082/2633/2052 2097/2634/2053 2098/2635/2054 2083/2636/2055
f 2083/2636/2055 2098/2635/2054 2099/2637/2056 2084/2638/2057
f 2084/2639/2057 2099/2640/2056 2100/2641/2058 2085/2642/2059
f 2085/2642/2059 2100/2641/2058 2101/2643/2060 2086/2644/2061
f 2086/2644/2061 2101/2643/2060 2102/2645/2062 2087/2646/2063
f 2087/2647/2063 2102/2648/2062 2103/2649/2064 2088/2650/2065
f 2088/2650/2065 2103/2649/2064 2104/2651/2066 2089/2652/2067
f 2089/2652/2067 2104/2651/2066 2105/2653/2068 2090/2654/2069
f 2090/2654/2069 2105/2653/2068 2106/2655/2070 2091/2656/2071
f 2091/2657/2071 2106/2658/2070 2107/2659/2072 2092/2660/2073
f 2092/2660/2073 2107/2659/2072 2108/2661/2074 2093/2662/2075
f 2093/2662/2075 2108/2661/2074 2109/2663/2076 2094/2664/2077
f 2094/2664/2077 2109/2663/2076 2110/2665/2078 2095/2666/2079
f 2095/2667/2079 2110/2668/2078 2111/2669/2080 2096/2670/2081
f 2096/2670/2081 2111/2669/2080 2112/2671/2082 2081/2672/2083
f 2081/2672/2083 2112/2671/2082 2097/2634/2053 2082/2633/2052
